edge_id,allocation_id,target_type,target_id,item,lexeme_id,sense_id,source_record_id,edge_type,from_story_id,to_story_id,from_island_id,to_island_id,route_class,required_evidence_class,productive_demand_rule,regional_policy,mastery_claim,curriculum_version,status,notes
REC-A1-000001,SEQ-A1-000009,GRAMMAR_UNIT,GRAM-A1-004,Formas de tratamiento nominales con Sr./Sra. y don/doña,,,,LOCAL_REUSE,A1-M01-I01-S1,A1-M01-I01-S3,A1-M01-I01,A1-M01-I01,CORE_OR_STRUCTURAL_ROUTE,REEXPOSURE_OR_RETRIEVAL,AS_OBJECT_POLICY_REQUIRES,,NONE,1.44,REQUIRED_SCHEDULE_EDGE_AUDITED,
REC-A1-000002,SEQ-A1-000009,GRAMMAR_UNIT,GRAM-A1-004,Formas de tratamiento nominales con Sr./Sra. y don/doña,,,,NEAR_TRANSFER,A1-M01-I01-S3,A1-M01-I02-S3,A1-M01-I01,A1-M01-I02,CORE_OR_STRUCTURAL_ROUTE,TRANSFER_IN_CHANGED_CONTEXT,AS_OBJECT_POLICY_REQUIRES,,NONE,1.44,REQUIRED_SCHEDULE_EDGE_AUDITED,
REC-A1-000003,SEQ-A1-000009,GRAMMAR_UNIT,GRAM-A1-004,Formas de tratamiento nominales con Sr./Sra. y don/doña,,,,DISTANT_RETURN,A1-M01-I02-S3,A1-M02-I01-S4,A1-M01-I02,A1-M02-I01,CORE_OR_STRUCTURAL_ROUTE,DELAYED_RETRIEVAL_OR_TERMINAL_INTEGRATION,AS_OBJECT_POLICY_REQUIRES,,NONE,1.44,REQUIRED_SCHEDULE_EDGE_AUDITED,"Scheduled four islands after first introduction; destination story is load-balanced. This is a curriculum spacing rule, not a universal optimal interval claim."
REC-A1-000004,SEQ-A1-000011,MWU_SOURCE_UNIT,12B1-MWU-0208,buenos días,,,12B1-MWU-0208,LOCAL_REUSE,A1-M01-I01-S1,A1-M01-I01-S3,A1-M01-I01,A1-M01-I01,CORE_OR_STRUCTURAL_ROUTE,REEXPOSURE_OR_RETRIEVAL,AS_OBJECT_POLICY_REQUIRES,,NONE,1.44,REQUIRED_SCHEDULE_EDGE_AUDITED,
REC-A1-000005,SEQ-A1-000011,MWU_SOURCE_UNIT,12B1-MWU-0208,buenos días,,,12B1-MWU-0208,NEAR_TRANSFER,A1-M01-I01-S3,A1-M01-I02-S3,A1-M01-I01,A1-M01-I02,CORE_OR_STRUCTURAL_ROUTE,TRANSFER_IN_CHANGED_CONTEXT,AS_OBJECT_POLICY_REQUIRES,,NONE,1.44,REQUIRED_SCHEDULE_EDGE_AUDITED,
REC-A1-000006,SEQ-A1-000011,MWU_SOURCE_UNIT,12B1-MWU-0208,buenos días,,,12B1-MWU-0208,DISTANT_RETURN,A1-M01-I02-S3,A1-M02-I01-S4,A1-M01-I02,A1-M02-I01,CORE_OR_STRUCTURAL_ROUTE,DELAYED_RETRIEVAL_OR_TERMINAL_INTEGRATION,AS_OBJECT_POLICY_REQUIRES,,NONE,1.44,REQUIRED_SCHEDULE_EDGE_AUDITED,"Scheduled four islands after first introduction; destination story is load-balanced. This is a curriculum spacing rule, not a universal optimal interval claim."
REC-A1-000007,SEQ-A1-000013,MWU_SOURCE_UNIT,12B1-MWU-0210,buenas noches,,,12B1-MWU-0210,LOCAL_REUSE,A1-M01-I01-S1,A1-M01-I01-S3,A1-M01-I01,A1-M01-I01,CORE_OR_STRUCTURAL_ROUTE,REEXPOSURE_OR_RETRIEVAL,AS_OBJECT_POLICY_REQUIRES,,NONE,1.44,REQUIRED_SCHEDULE_EDGE_AUDITED,
REC-A1-000008,SEQ-A1-000013,MWU_SOURCE_UNIT,12B1-MWU-0210,buenas noches,,,12B1-MWU-0210,NEAR_TRANSFER,A1-M01-I01-S3,A1-M01-I02-S3,A1-M01-I01,A1-M01-I02,CORE_OR_STRUCTURAL_ROUTE,TRANSFER_IN_CHANGED_CONTEXT,AS_OBJECT_POLICY_REQUIRES,,NONE,1.44,REQUIRED_SCHEDULE_EDGE_AUDITED,
REC-A1-000009,SEQ-A1-000013,MWU_SOURCE_UNIT,12B1-MWU-0210,buenas noches,,,12B1-MWU-0210,DISTANT_RETURN,A1-M01-I02-S3,A1-M02-I01-S4,A1-M01-I02,A1-M02-I01,CORE_OR_STRUCTURAL_ROUTE,DELAYED_RETRIEVAL_OR_TERMINAL_INTEGRATION,AS_OBJECT_POLICY_REQUIRES,,NONE,1.44,REQUIRED_SCHEDULE_EDGE_AUDITED,"Scheduled four islands after first introduction; destination story is load-balanced. This is a curriculum spacing rule, not a universal optimal interval claim."
REC-A1-000010,SEQ-A1-000014,MWU_SOURCE_UNIT,12B1-MWU-0211,"hola, ¿qué tal?",,,12B1-MWU-0211,LOCAL_REUSE,A1-M01-I01-S1,A1-M01-I01-S3,A1-M01-I01,A1-M01-I01,CORE_OR_STRUCTURAL_ROUTE,REEXPOSURE_OR_RETRIEVAL,AS_OBJECT_POLICY_REQUIRES,,NONE,1.44,REQUIRED_SCHEDULE_EDGE_AUDITED,
REC-A1-000011,SEQ-A1-000014,MWU_SOURCE_UNIT,12B1-MWU-0211,"hola, ¿qué tal?",,,12B1-MWU-0211,NEAR_TRANSFER,A1-M01-I01-S3,A1-M01-I02-S3,A1-M01-I01,A1-M01-I02,CORE_OR_STRUCTURAL_ROUTE,TRANSFER_IN_CHANGED_CONTEXT,AS_OBJECT_POLICY_REQUIRES,,NONE,1.44,REQUIRED_SCHEDULE_EDGE_AUDITED,
REC-A1-000012,SEQ-A1-000014,MWU_SOURCE_UNIT,12B1-MWU-0211,"hola, ¿qué tal?",,,12B1-MWU-0211,DISTANT_RETURN,A1-M01-I02-S3,A1-M02-I01-S4,A1-M01-I02,A1-M02-I01,CORE_OR_STRUCTURAL_ROUTE,DELAYED_RETRIEVAL_OR_TERMINAL_INTEGRATION,AS_OBJECT_POLICY_REQUIRES,,NONE,1.44,REQUIRED_SCHEDULE_EDGE_AUDITED,"Scheduled four islands after first introduction; destination story is load-balanced. This is a curriculum spacing rule, not a universal optimal interval claim."
REC-A1-000013,SEQ-A1-000002,SENSE,SENSE-A1-000133,chao,LEX-A1-000131,SENSE-A1-000133,,LOCAL_REUSE,A1-M01-I01-S1,A1-M01-I01-S3,A1-M01-I01,A1-M01-I01,CORE_OR_STRUCTURAL_ROUTE,REEXPOSURE_OR_RETRIEVAL,CONTEXTUAL_OR_FUNCTION_BOUND,,NONE,1.44,REQUIRED_SCHEDULE_EDGE_AUDITED,
REC-A1-000014,SEQ-A1-000002,SENSE,SENSE-A1-000133,chao,LEX-A1-000131,SENSE-A1-000133,,NEAR_TRANSFER,A1-M01-I01-S3,A1-M01-I02-S3,A1-M01-I01,A1-M01-I02,CORE_OR_STRUCTURAL_ROUTE,TRANSFER_IN_CHANGED_CONTEXT,CONTEXTUAL_OR_FUNCTION_BOUND,,NONE,1.44,REQUIRED_SCHEDULE_EDGE_AUDITED,
REC-A1-000015,SEQ-A1-000002,SENSE,SENSE-A1-000133,chao,LEX-A1-000131,SENSE-A1-000133,,DISTANT_RETURN,A1-M01-I02-S3,A1-M02-I01-S4,A1-M01-I02,A1-M02-I01,CORE_OR_STRUCTURAL_ROUTE,DELAYED_RETRIEVAL_OR_TERMINAL_INTEGRATION,CONTEXTUAL_OR_FUNCTION_BOUND,,NONE,1.44,REQUIRED_SCHEDULE_EDGE_AUDITED,"Scheduled four islands after first introduction; destination story is load-balanced. This is a curriculum spacing rule, not a universal optimal interval claim."
REC-A1-000016,SEQ-A1-000004,SENSE,SENSE-A1-000217,encantado,LEX-A1-000213,SENSE-A1-000217,,LOCAL_REUSE,A1-M01-I01-S1,A1-M01-I01-S3,A1-M01-I01,A1-M01-I01,CORE_OR_STRUCTURAL_ROUTE,REEXPOSURE_OR_RETRIEVAL,CONTEXTUAL_OR_FUNCTION_BOUND,,NONE,1.44,REQUIRED_SCHEDULE_EDGE_AUDITED,
REC-A1-000017,SEQ-A1-000004,SENSE,SENSE-A1-000217,encantado,LEX-A1-000213,SENSE-A1-000217,,NEAR_TRANSFER,A1-M01-I01-S3,A1-M01-I02-S3,A1-M01-I01,A1-M01-I02,CORE_OR_STRUCTURAL_ROUTE,TRANSFER_IN_CHANGED_CONTEXT,CONTEXTUAL_OR_FUNCTION_BOUND,,NONE,1.44,REQUIRED_SCHEDULE_EDGE_AUDITED,
REC-A1-000018,SEQ-A1-000004,SENSE,SENSE-A1-000217,encantado,LEX-A1-000213,SENSE-A1-000217,,DISTANT_RETURN,A1-M01-I02-S3,A1-M02-I01-S4,A1-M01-I02,A1-M02-I01,CORE_OR_STRUCTURAL_ROUTE,DELAYED_RETRIEVAL_OR_TERMINAL_INTEGRATION,CONTEXTUAL_OR_FUNCTION_BOUND,,NONE,1.44,REQUIRED_SCHEDULE_EDGE_AUDITED,"Scheduled four islands after first introduction; destination story is load-balanced. This is a curriculum spacing rule, not a universal optimal interval claim."
REC-A1-000019,SEQ-A1-000006,SENSE,SENSE-A1-000292,hola,LEX-A1-000287,SENSE-A1-000292,,LOCAL_REUSE,A1-M01-I01-S1,A1-M01-I01-S3,A1-M01-I01,A1-M01-I01,CORE_OR_STRUCTURAL_ROUTE,REEXPOSURE_OR_RETRIEVAL,CONTEXTUAL_OR_FUNCTION_BOUND,,NONE,1.44,REQUIRED_SCHEDULE_EDGE_AUDITED,
REC-A1-000020,SEQ-A1-000006,SENSE,SENSE-A1-000292,hola,LEX-A1-000287,SENSE-A1-000292,,NEAR_TRANSFER,A1-M01-I01-S3,A1-M01-I02-S3,A1-M01-I01,A1-M01-I02,CORE_OR_STRUCTURAL_ROUTE,TRANSFER_IN_CHANGED_CONTEXT,CONTEXTUAL_OR_FUNCTION_BOUND,,NONE,1.44,REQUIRED_SCHEDULE_EDGE_AUDITED,
REC-A1-000021,SEQ-A1-000006,SENSE,SENSE-A1-000292,hola,LEX-A1-000287,SENSE-A1-000292,,DISTANT_RETURN,A1-M01-I02-S3,A1-M02-I01-S4,A1-M01-I02,A1-M02-I01,CORE_OR_STRUCTURAL_ROUTE,DELAYED_RETRIEVAL_OR_TERMINAL_INTEGRATION,CONTEXTUAL_OR_FUNCTION_BOUND,,NONE,1.44,REQUIRED_SCHEDULE_EDGE_AUDITED,"Scheduled four islands after first introduction; destination story is load-balanced. This is a curriculum spacing rule, not a universal optimal interval claim."
REC-A1-000022,SEQ-A1-000008,SENSE,SENSE-A1-000510,salud,LEX-A1-000501,SENSE-A1-000510,,LOCAL_REUSE,A1-M01-I01-S1,A1-M01-I01-S2,A1-M01-I01,A1-M01-I01,CORE_OR_STRUCTURAL_ROUTE,REEXPOSURE_OR_RETRIEVAL,CONTEXTUAL_OR_FUNCTION_BOUND,,NONE,1.44,REQUIRED_SCHEDULE_EDGE_AUDITED,
REC-A1-000023,SEQ-A1-000008,SENSE,SENSE-A1-000510,salud,LEX-A1-000501,SENSE-A1-000510,,NEAR_TRANSFER,A1-M01-I01-S2,A1-M01-I02-S3,A1-M01-I01,A1-M01-I02,CORE_OR_STRUCTURAL_ROUTE,TRANSFER_IN_CHANGED_CONTEXT,CONTEXTUAL_OR_FUNCTION_BOUND,,NONE,1.44,REQUIRED_SCHEDULE_EDGE_AUDITED,
REC-A1-000024,SEQ-A1-000008,SENSE,SENSE-A1-000510,salud,LEX-A1-000501,SENSE-A1-000510,,DISTANT_RETURN,A1-M01-I02-S3,A1-M02-I01-S4,A1-M01-I02,A1-M02-I01,CORE_OR_STRUCTURAL_ROUTE,DELAYED_RETRIEVAL_OR_TERMINAL_INTEGRATION,CONTEXTUAL_OR_FUNCTION_BOUND,,NONE,1.44,REQUIRED_SCHEDULE_EDGE_AUDITED,"Scheduled four islands after first introduction; destination story is load-balanced. This is a curriculum spacing rule, not a universal optimal interval claim."
REC-A1-000025,SEQ-A1-000010,GRAMMAR_UNIT,GRAM-A1-124,Vocativo en posición inicial o final,,,,LOCAL_REUSE,A1-M01-I01-S2,A1-M01-I01-S3,A1-M01-I01,A1-M01-I01,CORE_OR_STRUCTURAL_ROUTE,REEXPOSURE_OR_RETRIEVAL,AS_OBJECT_POLICY_REQUIRES,,NONE,1.44,REQUIRED_SCHEDULE_EDGE_AUDITED,
REC-A1-000026,SEQ-A1-000010,GRAMMAR_UNIT,GRAM-A1-124,Vocativo en posición inicial o final,,,,NEAR_TRANSFER,A1-M01-I01-S3,A1-M01-I02-S3,A1-M01-I01,A1-M01-I02,CORE_OR_STRUCTURAL_ROUTE,TRANSFER_IN_CHANGED_CONTEXT,AS_OBJECT_POLICY_REQUIRES,,NONE,1.44,REQUIRED_SCHEDULE_EDGE_AUDITED,
REC-A1-000027,SEQ-A1-000010,GRAMMAR_UNIT,GRAM-A1-124,Vocativo en posición inicial o final,,,,DISTANT_RETURN,A1-M01-I02-S3,A1-M02-I01-S4,A1-M01-I02,A1-M02-I01,CORE_OR_STRUCTURAL_ROUTE,DELAYED_RETRIEVAL_OR_TERMINAL_INTEGRATION,AS_OBJECT_POLICY_REQUIRES,,NONE,1.44,REQUIRED_SCHEDULE_EDGE_AUDITED,"Scheduled four islands after first introduction; destination story is load-balanced. This is a curriculum spacing rule, not a universal optimal interval claim."
REC-A1-000028,SEQ-A1-000012,MWU_SOURCE_UNIT,12B1-MWU-0209,buenas tardes,,,12B1-MWU-0209,LOCAL_REUSE,A1-M01-I01-S2,A1-M01-I01-S3,A1-M01-I01,A1-M01-I01,CORE_OR_STRUCTURAL_ROUTE,REEXPOSURE_OR_RETRIEVAL,AS_OBJECT_POLICY_REQUIRES,,NONE,1.44,REQUIRED_SCHEDULE_EDGE_AUDITED,
REC-A1-000029,SEQ-A1-000012,MWU_SOURCE_UNIT,12B1-MWU-0209,buenas tardes,,,12B1-MWU-0209,NEAR_TRANSFER,A1-M01-I01-S3,A1-M01-I02-S3,A1-M01-I01,A1-M01-I02,CORE_OR_STRUCTURAL_ROUTE,TRANSFER_IN_CHANGED_CONTEXT,AS_OBJECT_POLICY_REQUIRES,,NONE,1.44,REQUIRED_SCHEDULE_EDGE_AUDITED,
REC-A1-000030,SEQ-A1-000012,MWU_SOURCE_UNIT,12B1-MWU-0209,buenas tardes,,,12B1-MWU-0209,DISTANT_RETURN,A1-M01-I02-S3,A1-M02-I01-S4,A1-M01-I02,A1-M02-I01,CORE_OR_STRUCTURAL_ROUTE,DELAYED_RETRIEVAL_OR_TERMINAL_INTEGRATION,AS_OBJECT_POLICY_REQUIRES,,NONE,1.44,REQUIRED_SCHEDULE_EDGE_AUDITED,"Scheduled four islands after first introduction; destination story is load-balanced. This is a curriculum spacing rule, not a universal optimal interval claim."
REC-A1-000031,SEQ-A1-000015,MWU_SOURCE_UNIT,12B1-MWU-0213,hasta mañana,,,12B1-MWU-0213,LOCAL_REUSE,A1-M01-I01-S2,A1-M01-I01-S3,A1-M01-I01,A1-M01-I01,CORE_OR_STRUCTURAL_ROUTE,REEXPOSURE_OR_RETRIEVAL,AS_OBJECT_POLICY_REQUIRES,,NONE,1.44,REQUIRED_SCHEDULE_EDGE_AUDITED,
REC-A1-000032,SEQ-A1-000015,MWU_SOURCE_UNIT,12B1-MWU-0213,hasta mañana,,,12B1-MWU-0213,NEAR_TRANSFER,A1-M01-I01-S3,A1-M01-I02-S3,A1-M01-I01,A1-M01-I02,CORE_OR_STRUCTURAL_ROUTE,TRANSFER_IN_CHANGED_CONTEXT,AS_OBJECT_POLICY_REQUIRES,,NONE,1.44,REQUIRED_SCHEDULE_EDGE_AUDITED,
REC-A1-000033,SEQ-A1-000015,MWU_SOURCE_UNIT,12B1-MWU-0213,hasta mañana,,,12B1-MWU-0213,DISTANT_RETURN,A1-M01-I02-S3,A1-M02-I01-S4,A1-M01-I02,A1-M02-I01,CORE_OR_STRUCTURAL_ROUTE,DELAYED_RETRIEVAL_OR_TERMINAL_INTEGRATION,AS_OBJECT_POLICY_REQUIRES,,NONE,1.44,REQUIRED_SCHEDULE_EDGE_AUDITED,"Scheduled four islands after first introduction; destination story is load-balanced. This is a curriculum spacing rule, not a universal optimal interval claim."
REC-A1-000034,SEQ-A1-000001,SENSE,SENSE-A1-000015,adiós,LEX-A1-000015,SENSE-A1-000015,,LOCAL_REUSE,A1-M01-I01-S2,A1-M01-I01-S3,A1-M01-I01,A1-M01-I01,CORE_OR_STRUCTURAL_ROUTE,REEXPOSURE_OR_RETRIEVAL,CONTEXTUAL_OR_FUNCTION_BOUND,,NONE,1.44,REQUIRED_SCHEDULE_EDGE_AUDITED,
REC-A1-000035,SEQ-A1-000001,SENSE,SENSE-A1-000015,adiós,LEX-A1-000015,SENSE-A1-000015,,NEAR_TRANSFER,A1-M01-I01-S3,A1-M01-I02-S3,A1-M01-I01,A1-M01-I02,CORE_OR_STRUCTURAL_ROUTE,TRANSFER_IN_CHANGED_CONTEXT,CONTEXTUAL_OR_FUNCTION_BOUND,,NONE,1.44,REQUIRED_SCHEDULE_EDGE_AUDITED,
REC-A1-000036,SEQ-A1-000001,SENSE,SENSE-A1-000015,adiós,LEX-A1-000015,SENSE-A1-000015,,DISTANT_RETURN,A1-M01-I02-S3,A1-M02-I01-S4,A1-M01-I02,A1-M02-I01,CORE_OR_STRUCTURAL_ROUTE,DELAYED_RETRIEVAL_OR_TERMINAL_INTEGRATION,CONTEXTUAL_OR_FUNCTION_BOUND,,NONE,1.44,REQUIRED_SCHEDULE_EDGE_AUDITED,"Scheduled four islands after first introduction; destination story is load-balanced. This is a curriculum spacing rule, not a universal optimal interval claim."
REC-A1-000037,SEQ-A1-000003,SENSE,SENSE-A1-000208,eh,LEX-A1-000204,SENSE-A1-000208,,LOCAL_REUSE,A1-M01-I01-S2,A1-M01-I01-S3,A1-M01-I01,A1-M01-I01,CORE_OR_STRUCTURAL_ROUTE,REEXPOSURE_OR_RETRIEVAL,CONTEXTUAL_OR_FUNCTION_BOUND,,NONE,1.44,REQUIRED_SCHEDULE_EDGE_AUDITED,
REC-A1-000038,SEQ-A1-000003,SENSE,SENSE-A1-000208,eh,LEX-A1-000204,SENSE-A1-000208,,NEAR_TRANSFER,A1-M01-I01-S3,A1-M01-I02-S3,A1-M01-I01,A1-M01-I02,CORE_OR_STRUCTURAL_ROUTE,TRANSFER_IN_CHANGED_CONTEXT,CONTEXTUAL_OR_FUNCTION_BOUND,,NONE,1.44,REQUIRED_SCHEDULE_EDGE_AUDITED,
REC-A1-000039,SEQ-A1-000003,SENSE,SENSE-A1-000208,eh,LEX-A1-000204,SENSE-A1-000208,,DISTANT_RETURN,A1-M01-I02-S3,A1-M02-I01-S4,A1-M01-I02,A1-M02-I01,CORE_OR_STRUCTURAL_ROUTE,DELAYED_RETRIEVAL_OR_TERMINAL_INTEGRATION,CONTEXTUAL_OR_FUNCTION_BOUND,,NONE,1.44,REQUIRED_SCHEDULE_EDGE_AUDITED,"Scheduled four islands after first introduction; destination story is load-balanced. This is a curriculum spacing rule, not a universal optimal interval claim."
REC-A1-000040,SEQ-A1-000005,SENSE,SENSE-A1-000275,gracias,LEX-A1-000270,SENSE-A1-000275,,LOCAL_REUSE,A1-M01-I01-S2,A1-M01-I01-S3,A1-M01-I01,A1-M01-I01,CORE_OR_STRUCTURAL_ROUTE,REEXPOSURE_OR_RETRIEVAL,CONTEXTUAL_OR_FUNCTION_BOUND,,NONE,1.44,REQUIRED_SCHEDULE_EDGE_AUDITED,
REC-A1-000041,SEQ-A1-000005,SENSE,SENSE-A1-000275,gracias,LEX-A1-000270,SENSE-A1-000275,,NEAR_TRANSFER,A1-M01-I01-S3,A1-M01-I02-S3,A1-M01-I01,A1-M01-I02,CORE_OR_STRUCTURAL_ROUTE,TRANSFER_IN_CHANGED_CONTEXT,CONTEXTUAL_OR_FUNCTION_BOUND,,NONE,1.44,REQUIRED_SCHEDULE_EDGE_AUDITED,
REC-A1-000042,SEQ-A1-000005,SENSE,SENSE-A1-000275,gracias,LEX-A1-000270,SENSE-A1-000275,,DISTANT_RETURN,A1-M01-I02-S3,A1-M02-I01-S4,A1-M01-I02,A1-M02-I01,CORE_OR_STRUCTURAL_ROUTE,DELAYED_RETRIEVAL_OR_TERMINAL_INTEGRATION,CONTEXTUAL_OR_FUNCTION_BOUND,,NONE,1.44,REQUIRED_SCHEDULE_EDGE_AUDITED,"Scheduled four islands after first introduction; destination story is load-balanced. This is a curriculum spacing rule, not a universal optimal interval claim."
REC-A1-000043,SEQ-A1-000007,SENSE,SENSE-A1-000442,perdón,LEX-A1-000434,SENSE-A1-000442,,LOCAL_REUSE,A1-M01-I01-S2,A1-M01-I01-S3,A1-M01-I01,A1-M01-I01,CORE_OR_STRUCTURAL_ROUTE,REEXPOSURE_OR_RETRIEVAL,CONTEXTUAL_OR_FUNCTION_BOUND,,NONE,1.44,REQUIRED_SCHEDULE_EDGE_AUDITED,
REC-A1-000044,SEQ-A1-000007,SENSE,SENSE-A1-000442,perdón,LEX-A1-000434,SENSE-A1-000442,,NEAR_TRANSFER,A1-M01-I01-S3,A1-M01-I02-S3,A1-M01-I01,A1-M01-I02,CORE_OR_STRUCTURAL_ROUTE,TRANSFER_IN_CHANGED_CONTEXT,CONTEXTUAL_OR_FUNCTION_BOUND,,NONE,1.44,REQUIRED_SCHEDULE_EDGE_AUDITED,
REC-A1-000045,SEQ-A1-000007,SENSE,SENSE-A1-000442,perdón,LEX-A1-000434,SENSE-A1-000442,,DISTANT_RETURN,A1-M01-I02-S3,A1-M02-I01-S4,A1-M01-I02,A1-M02-I01,CORE_OR_STRUCTURAL_ROUTE,DELAYED_RETRIEVAL_OR_TERMINAL_INTEGRATION,CONTEXTUAL_OR_FUNCTION_BOUND,,NONE,1.44,REQUIRED_SCHEDULE_EDGE_AUDITED,"Scheduled four islands after first introduction; destination story is load-balanced. This is a curriculum spacing rule, not a universal optimal interval claim."
REC-A1-000046,SEQ-A1-000034,GRAMMAR_UNIT,GRAM-A1-001,Nombres de pila: uso general sin artículo,,,,LOCAL_REUSE,A1-M01-I02-S1,A1-M01-I02-S3,A1-M01-I02,A1-M01-I02,CORE_OR_STRUCTURAL_ROUTE,REEXPOSURE_OR_RETRIEVAL,AS_OBJECT_POLICY_REQUIRES,,NONE,1.44,REQUIRED_SCHEDULE_EDGE_AUDITED,
REC-A1-000047,SEQ-A1-000034,GRAMMAR_UNIT,GRAM-A1-001,Nombres de pila: uso general sin artículo,,,,NEAR_TRANSFER,A1-M01-I02-S3,A1-M01-I03-S4,A1-M01-I02,A1-M01-I03,CORE_OR_STRUCTURAL_ROUTE,TRANSFER_IN_CHANGED_CONTEXT,AS_OBJECT_POLICY_REQUIRES,,NONE,1.44,REQUIRED_SCHEDULE_EDGE_AUDITED,
REC-A1-000048,SEQ-A1-000034,GRAMMAR_UNIT,GRAM-A1-001,Nombres de pila: uso general sin artículo,,,,DISTANT_RETURN,A1-M01-I03-S4,A1-M02-I02-S4,A1-M01-I03,A1-M02-I02,CORE_OR_STRUCTURAL_ROUTE,DELAYED_RETRIEVAL_OR_TERMINAL_INTEGRATION,AS_OBJECT_POLICY_REQUIRES,,NONE,1.44,REQUIRED_SCHEDULE_EDGE_AUDITED,"Scheduled four islands after first introduction; destination story is load-balanced. This is a curriculum spacing rule, not a universal optimal interval claim."
REC-A1-000049,SEQ-A1-000035,GRAMMAR_UNIT,GRAM-A1-002,Hipocorísticos y diminutivos de nombres propios: reconocimiento de formas frecuentes,,,,LOCAL_REUSE,A1-M01-I02-S1,A1-M01-I02-S3,A1-M01-I02,A1-M01-I02,CORE_OR_STRUCTURAL_ROUTE,REEXPOSURE_OR_RETRIEVAL,AS_OBJECT_POLICY_REQUIRES,,NONE,1.44,REQUIRED_SCHEDULE_EDGE_AUDITED,
REC-A1-000050,SEQ-A1-000035,GRAMMAR_UNIT,GRAM-A1-002,Hipocorísticos y diminutivos de nombres propios: reconocimiento de formas frecuentes,,,,NEAR_TRANSFER,A1-M01-I02-S3,A1-M01-I03-S4,A1-M01-I02,A1-M01-I03,CORE_OR_STRUCTURAL_ROUTE,TRANSFER_IN_CHANGED_CONTEXT,AS_OBJECT_POLICY_REQUIRES,,NONE,1.44,REQUIRED_SCHEDULE_EDGE_AUDITED,
REC-A1-000051,SEQ-A1-000035,GRAMMAR_UNIT,GRAM-A1-002,Hipocorísticos y diminutivos de nombres propios: reconocimiento de formas frecuentes,,,,DISTANT_RETURN,A1-M01-I03-S4,A1-M02-I02-S4,A1-M01-I03,A1-M02-I02,CORE_OR_STRUCTURAL_ROUTE,DELAYED_RETRIEVAL_OR_TERMINAL_INTEGRATION,AS_OBJECT_POLICY_REQUIRES,,NONE,1.44,REQUIRED_SCHEDULE_EDGE_AUDITED,"Scheduled four islands after first introduction; destination story is load-balanced. This is a curriculum spacing rule, not a universal optimal interval claim."
REC-A1-000052,SEQ-A1-000036,GRAMMAR_UNIT,GRAM-A1-003,Apellidos: uso general sin artículo,,,,LOCAL_REUSE,A1-M01-I02-S1,A1-M01-I02-S3,A1-M01-I02,A1-M01-I02,CORE_OR_STRUCTURAL_ROUTE,REEXPOSURE_OR_RETRIEVAL,AS_OBJECT_POLICY_REQUIRES,,NONE,1.44,REQUIRED_SCHEDULE_EDGE_AUDITED,
REC-A1-000053,SEQ-A1-000036,GRAMMAR_UNIT,GRAM-A1-003,Apellidos: uso general sin artículo,,,,NEAR_TRANSFER,A1-M01-I02-S3,A1-M01-I03-S4,A1-M01-I02,A1-M01-I03,CORE_OR_STRUCTURAL_ROUTE,TRANSFER_IN_CHANGED_CONTEXT,AS_OBJECT_POLICY_REQUIRES,,NONE,1.44,REQUIRED_SCHEDULE_EDGE_AUDITED,
REC-A1-000054,SEQ-A1-000036,GRAMMAR_UNIT,GRAM-A1-003,Apellidos: uso general sin artículo,,,,DISTANT_RETURN,A1-M01-I03-S4,A1-M02-I02-S4,A1-M01-I03,A1-M02-I02,CORE_OR_STRUCTURAL_ROUTE,DELAYED_RETRIEVAL_OR_TERMINAL_INTEGRATION,AS_OBJECT_POLICY_REQUIRES,,NONE,1.44,REQUIRED_SCHEDULE_EDGE_AUDITED,"Scheduled four islands after first introduction; destination story is load-balanced. This is a curriculum spacing rule, not a universal optimal interval claim."
REC-A1-000055,SEQ-A1-000040,GRAMMAR_UNIT,GRAM-A1-067,"Personas gramaticales: yo, tú, él/ella, nosotros/as, vosotros/as, ellos/ellas",,,,LOCAL_REUSE,A1-M01-I02-S1,A1-M01-I02-S2,A1-M01-I02,A1-M01-I02,CORE_OR_STRUCTURAL_ROUTE,REEXPOSURE_OR_RETRIEVAL,AS_OBJECT_POLICY_REQUIRES,,NONE,1.44,REQUIRED_SCHEDULE_EDGE_AUDITED,
REC-A1-000056,SEQ-A1-000040,GRAMMAR_UNIT,GRAM-A1-067,"Personas gramaticales: yo, tú, él/ella, nosotros/as, vosotros/as, ellos/ellas",,,,NEAR_TRANSFER,A1-M01-I02-S2,A1-M01-I03-S4,A1-M01-I02,A1-M01-I03,CORE_OR_STRUCTURAL_ROUTE,TRANSFER_IN_CHANGED_CONTEXT,AS_OBJECT_POLICY_REQUIRES,,NONE,1.44,REQUIRED_SCHEDULE_EDGE_AUDITED,
REC-A1-000057,SEQ-A1-000040,GRAMMAR_UNIT,GRAM-A1-067,"Personas gramaticales: yo, tú, él/ella, nosotros/as, vosotros/as, ellos/ellas",,,,DISTANT_RETURN,A1-M01-I03-S4,A1-M02-I02-S4,A1-M01-I03,A1-M02-I02,CORE_OR_STRUCTURAL_ROUTE,DELAYED_RETRIEVAL_OR_TERMINAL_INTEGRATION,AS_OBJECT_POLICY_REQUIRES,,NONE,1.44,REQUIRED_SCHEDULE_EDGE_AUDITED,"Scheduled four islands after first introduction; destination story is load-balanced. This is a curriculum spacing rule, not a universal optimal interval claim."
REC-A1-000058,SEQ-A1-000042,GRAMMAR_UNIT,GRAM-A1-089,"Quién en singular, tónico y normalmente inicial",,,,LOCAL_REUSE,A1-M01-I02-S1,A1-M01-I02-S3,A1-M01-I02,A1-M01-I02,CORE_OR_STRUCTURAL_ROUTE,REEXPOSURE_OR_RETRIEVAL,AS_OBJECT_POLICY_REQUIRES,,NONE,1.44,REQUIRED_SCHEDULE_EDGE_AUDITED,
REC-A1-000059,SEQ-A1-000042,GRAMMAR_UNIT,GRAM-A1-089,"Quién en singular, tónico y normalmente inicial",,,,NEAR_TRANSFER,A1-M01-I02-S3,A1-M01-I03-S4,A1-M01-I02,A1-M01-I03,CORE_OR_STRUCTURAL_ROUTE,TRANSFER_IN_CHANGED_CONTEXT,AS_OBJECT_POLICY_REQUIRES,,NONE,1.44,REQUIRED_SCHEDULE_EDGE_AUDITED,
REC-A1-000060,SEQ-A1-000042,GRAMMAR_UNIT,GRAM-A1-089,"Quién en singular, tónico y normalmente inicial",,,,DISTANT_RETURN,A1-M01-I03-S4,A1-M02-I02-S4,A1-M01-I03,A1-M02-I02,CORE_OR_STRUCTURAL_ROUTE,DELAYED_RETRIEVAL_OR_TERMINAL_INTEGRATION,AS_OBJECT_POLICY_REQUIRES,,NONE,1.44,REQUIRED_SCHEDULE_EDGE_AUDITED,"Scheduled four islands after first introduction; destination story is load-balanced. This is a curriculum spacing rule, not a universal optimal interval claim."
REC-A1-000061,SEQ-A1-000044,GRAMMAR_UNIT,GRAM-A1-127,Ser identificativo,,,,LOCAL_REUSE,A1-M01-I02-S1,A1-M01-I02-S2,A1-M01-I02,A1-M01-I02,CORE_OR_STRUCTURAL_ROUTE,REEXPOSURE_OR_RETRIEVAL,AS_OBJECT_POLICY_REQUIRES,,NONE,1.44,REQUIRED_SCHEDULE_EDGE_AUDITED,
REC-A1-000062,SEQ-A1-000044,GRAMMAR_UNIT,GRAM-A1-127,Ser identificativo,,,,NEAR_TRANSFER,A1-M01-I02-S2,A1-M01-I03-S4,A1-M01-I02,A1-M01-I03,CORE_OR_STRUCTURAL_ROUTE,TRANSFER_IN_CHANGED_CONTEXT,AS_OBJECT_POLICY_REQUIRES,,NONE,1.44,REQUIRED_SCHEDULE_EDGE_AUDITED,
REC-A1-000063,SEQ-A1-000044,GRAMMAR_UNIT,GRAM-A1-127,Ser identificativo,,,,DISTANT_RETURN,A1-M01-I03-S4,A1-M02-I02-S4,A1-M01-I03,A1-M02-I02,CORE_OR_STRUCTURAL_ROUTE,DELAYED_RETRIEVAL_OR_TERMINAL_INTEGRATION,AS_OBJECT_POLICY_REQUIRES,,NONE,1.44,REQUIRED_SCHEDULE_EDGE_AUDITED,"Scheduled four islands after first introduction; destination story is load-balanced. This is a curriculum spacing rule, not a universal optimal interval claim."
REC-A1-000064,SEQ-A1-000047,MWU_SOURCE_UNIT,12B1-MWU-0006,fecha de nacimiento,LEX-A1-000251,SENSE-A1-000255,12B1-MWU-0006,LOCAL_REUSE,A1-M01-I02-S1,A1-M01-I02-S3,A1-M01-I02,A1-M01-I02,CORE_OR_STRUCTURAL_ROUTE,REEXPOSURE_OR_RETRIEVAL,AS_OBJECT_POLICY_REQUIRES,,NONE,1.44,REQUIRED_SCHEDULE_EDGE_AUDITED,
REC-A1-000065,SEQ-A1-000047,MWU_SOURCE_UNIT,12B1-MWU-0006,fecha de nacimiento,LEX-A1-000251,SENSE-A1-000255,12B1-MWU-0006,NEAR_TRANSFER,A1-M01-I02-S3,A1-M01-I03-S4,A1-M01-I02,A1-M01-I03,CORE_OR_STRUCTURAL_ROUTE,TRANSFER_IN_CHANGED_CONTEXT,AS_OBJECT_POLICY_REQUIRES,,NONE,1.44,REQUIRED_SCHEDULE_EDGE_AUDITED,
REC-A1-000066,SEQ-A1-000047,MWU_SOURCE_UNIT,12B1-MWU-0006,fecha de nacimiento,LEX-A1-000251,SENSE-A1-000255,12B1-MWU-0006,DISTANT_RETURN,A1-M01-I03-S4,A1-M02-I02-S4,A1-M01-I03,A1-M02-I02,CORE_OR_STRUCTURAL_ROUTE,DELAYED_RETRIEVAL_OR_TERMINAL_INTEGRATION,AS_OBJECT_POLICY_REQUIRES,,NONE,1.44,REQUIRED_SCHEDULE_EDGE_AUDITED,"Scheduled four islands after first introduction; destination story is load-balanced. This is a curriculum spacing rule, not a universal optimal interval claim."
REC-A1-000067,SEQ-A1-000049,MWU_SOURCE_UNIT,12B1-MWU-0179,ser de,,,12B1-MWU-0179,LOCAL_REUSE,A1-M01-I02-S1,A1-M01-I02-S2,A1-M01-I02,A1-M01-I02,CORE_OR_STRUCTURAL_ROUTE,REEXPOSURE_OR_RETRIEVAL,AS_OBJECT_POLICY_REQUIRES,,NONE,1.44,REQUIRED_SCHEDULE_EDGE_AUDITED,
REC-A1-000068,SEQ-A1-000049,MWU_SOURCE_UNIT,12B1-MWU-0179,ser de,,,12B1-MWU-0179,NEAR_TRANSFER,A1-M01-I02-S2,A1-M01-I03-S4,A1-M01-I02,A1-M01-I03,CORE_OR_STRUCTURAL_ROUTE,TRANSFER_IN_CHANGED_CONTEXT,AS_OBJECT_POLICY_REQUIRES,,NONE,1.44,REQUIRED_SCHEDULE_EDGE_AUDITED,
REC-A1-000069,SEQ-A1-000049,MWU_SOURCE_UNIT,12B1-MWU-0179,ser de,,,12B1-MWU-0179,DISTANT_RETURN,A1-M01-I03-S4,A1-M02-I02-S4,A1-M01-I03,A1-M02-I02,CORE_OR_STRUCTURAL_ROUTE,DELAYED_RETRIEVAL_OR_TERMINAL_INTEGRATION,AS_OBJECT_POLICY_REQUIRES,,NONE,1.44,REQUIRED_SCHEDULE_EDGE_AUDITED,"Scheduled four islands after first introduction; destination story is load-balanced. This is a curriculum spacing rule, not a universal optimal interval claim."
REC-A1-000070,SEQ-A1-000050,MWU_SOURCE_UNIT,12B1-MWU-0189,de dónde,,,12B1-MWU-0189,LOCAL_REUSE,A1-M01-I02-S1,A1-M01-I02-S3,A1-M01-I02,A1-M01-I02,CORE_OR_STRUCTURAL_ROUTE,REEXPOSURE_OR_RETRIEVAL,AS_OBJECT_POLICY_REQUIRES,,NONE,1.44,REQUIRED_SCHEDULE_EDGE_AUDITED,
REC-A1-000071,SEQ-A1-000050,MWU_SOURCE_UNIT,12B1-MWU-0189,de dónde,,,12B1-MWU-0189,NEAR_TRANSFER,A1-M01-I02-S3,A1-M01-I03-S4,A1-M01-I02,A1-M01-I03,CORE_OR_STRUCTURAL_ROUTE,TRANSFER_IN_CHANGED_CONTEXT,AS_OBJECT_POLICY_REQUIRES,,NONE,1.44,REQUIRED_SCHEDULE_EDGE_AUDITED,
REC-A1-000072,SEQ-A1-000050,MWU_SOURCE_UNIT,12B1-MWU-0189,de dónde,,,12B1-MWU-0189,DISTANT_RETURN,A1-M01-I03-S4,A1-M02-I02-S4,A1-M01-I03,A1-M02-I02,CORE_OR_STRUCTURAL_ROUTE,DELAYED_RETRIEVAL_OR_TERMINAL_INTEGRATION,AS_OBJECT_POLICY_REQUIRES,,NONE,1.44,REQUIRED_SCHEDULE_EDGE_AUDITED,"Scheduled four islands after first introduction; destination story is load-balanced. This is a curriculum spacing rule, not a universal optimal interval claim."
REC-A1-000073,SEQ-A1-000016,SENSE,SENSE-A1-000046,apellido,LEX-A1-000046,SENSE-A1-000046,,LOCAL_REUSE,A1-M01-I02-S1,A1-M01-I02-S2,A1-M01-I02,A1-M01-I02,CORE_OR_STRUCTURAL_ROUTE,REEXPOSURE_OR_RETRIEVAL,CONTEXTUAL_OR_FUNCTION_BOUND,,NONE,1.44,REQUIRED_SCHEDULE_EDGE_AUDITED,
REC-A1-000074,SEQ-A1-000016,SENSE,SENSE-A1-000046,apellido,LEX-A1-000046,SENSE-A1-000046,,NEAR_TRANSFER,A1-M01-I02-S2,A1-M01-I03-S4,A1-M01-I02,A1-M01-I03,CORE_OR_STRUCTURAL_ROUTE,TRANSFER_IN_CHANGED_CONTEXT,CONTEXTUAL_OR_FUNCTION_BOUND,,NONE,1.44,REQUIRED_SCHEDULE_EDGE_AUDITED,
REC-A1-000075,SEQ-A1-000016,SENSE,SENSE-A1-000046,apellido,LEX-A1-000046,SENSE-A1-000046,,DISTANT_RETURN,A1-M01-I03-S4,A1-M02-I02-S4,A1-M01-I03,A1-M02-I02,CORE_OR_STRUCTURAL_ROUTE,DELAYED_RETRIEVAL_OR_TERMINAL_INTEGRATION,CONTEXTUAL_OR_FUNCTION_BOUND,,NONE,1.44,REQUIRED_SCHEDULE_EDGE_AUDITED,"Scheduled four islands after first introduction; destination story is load-balanced. This is a curriculum spacing rule, not a universal optimal interval claim."
REC-A1-000076,SEQ-A1-000018,SENSE,SENSE-A1-000210,el,LEX-A1-000206,SENSE-A1-000210,,LOCAL_REUSE,A1-M01-I02-S1,A1-M01-I02-S3,A1-M01-I02,A1-M01-I02,CORE_OR_STRUCTURAL_ROUTE,REEXPOSURE_OR_RETRIEVAL,CONTEXTUAL_OR_FUNCTION_BOUND,,NONE,1.44,REQUIRED_SCHEDULE_EDGE_AUDITED,
REC-A1-000077,SEQ-A1-000018,SENSE,SENSE-A1-000210,el,LEX-A1-000206,SENSE-A1-000210,,NEAR_TRANSFER,A1-M01-I02-S3,A1-M01-I03-S4,A1-M01-I02,A1-M01-I03,CORE_OR_STRUCTURAL_ROUTE,TRANSFER_IN_CHANGED_CONTEXT,CONTEXTUAL_OR_FUNCTION_BOUND,,NONE,1.44,REQUIRED_SCHEDULE_EDGE_AUDITED,
REC-A1-000078,SEQ-A1-000018,SENSE,SENSE-A1-000210,el,LEX-A1-000206,SENSE-A1-000210,,DISTANT_RETURN,A1-M01-I03-S4,A1-M02-I02-S4,A1-M01-I03,A1-M02-I02,CORE_OR_STRUCTURAL_ROUTE,DELAYED_RETRIEVAL_OR_TERMINAL_INTEGRATION,CONTEXTUAL_OR_FUNCTION_BOUND,,NONE,1.44,REQUIRED_SCHEDULE_EDGE_AUDITED,"Scheduled four islands after first introduction; destination story is load-balanced. This is a curriculum spacing rule, not a universal optimal interval claim."
REC-A1-000079,SEQ-A1-000021,SENSE,SENSE-A1-000255,fecha de nacimiento,LEX-A1-000251,SENSE-A1-000255,,LOCAL_REUSE,A1-M01-I02-S1,A1-M01-I02-S2,A1-M01-I02,A1-M01-I02,CORE_OR_STRUCTURAL_ROUTE,REEXPOSURE_OR_RETRIEVAL,CONTEXTUAL_OR_FUNCTION_BOUND,,NONE,1.44,REQUIRED_SCHEDULE_EDGE_AUDITED,
REC-A1-000080,SEQ-A1-000021,SENSE,SENSE-A1-000255,fecha de nacimiento,LEX-A1-000251,SENSE-A1-000255,,NEAR_TRANSFER,A1-M01-I02-S2,A1-M01-I03-S4,A1-M01-I02,A1-M01-I03,CORE_OR_STRUCTURAL_ROUTE,TRANSFER_IN_CHANGED_CONTEXT,CONTEXTUAL_OR_FUNCTION_BOUND,,NONE,1.44,REQUIRED_SCHEDULE_EDGE_AUDITED,
REC-A1-000081,SEQ-A1-000021,SENSE,SENSE-A1-000255,fecha de nacimiento,LEX-A1-000251,SENSE-A1-000255,,DISTANT_RETURN,A1-M01-I03-S4,A1-M02-I02-S4,A1-M01-I03,A1-M02-I02,CORE_OR_STRUCTURAL_ROUTE,DELAYED_RETRIEVAL_OR_TERMINAL_INTEGRATION,CONTEXTUAL_OR_FUNCTION_BOUND,,NONE,1.44,REQUIRED_SCHEDULE_EDGE_AUDITED,"Scheduled four islands after first introduction; destination story is load-balanced. This is a curriculum spacing rule, not a universal optimal interval claim."
REC-A1-000082,SEQ-A1-000023,SENSE,SENSE-A1-000345,lugar de nacimiento,LEX-A1-000339,SENSE-A1-000345,,LOCAL_REUSE,A1-M01-I02-S1,A1-M01-I02-S3,A1-M01-I02,A1-M01-I02,CORE_OR_STRUCTURAL_ROUTE,REEXPOSURE_OR_RETRIEVAL,CONTEXTUAL_OR_FUNCTION_BOUND,,NONE,1.44,REQUIRED_SCHEDULE_EDGE_AUDITED,
REC-A1-000083,SEQ-A1-000023,SENSE,SENSE-A1-000345,lugar de nacimiento,LEX-A1-000339,SENSE-A1-000345,,NEAR_TRANSFER,A1-M01-I02-S3,A1-M01-I03-S4,A1-M01-I02,A1-M01-I03,CORE_OR_STRUCTURAL_ROUTE,TRANSFER_IN_CHANGED_CONTEXT,CONTEXTUAL_OR_FUNCTION_BOUND,,NONE,1.44,REQUIRED_SCHEDULE_EDGE_AUDITED,
REC-A1-000084,SEQ-A1-000023,SENSE,SENSE-A1-000345,lugar de nacimiento,LEX-A1-000339,SENSE-A1-000345,,DISTANT_RETURN,A1-M01-I03-S4,A1-M02-I02-S4,A1-M01-I03,A1-M02-I02,CORE_OR_STRUCTURAL_ROUTE,DELAYED_RETRIEVAL_OR_TERMINAL_INTEGRATION,CONTEXTUAL_OR_FUNCTION_BOUND,,NONE,1.44,REQUIRED_SCHEDULE_EDGE_AUDITED,"Scheduled four islands after first introduction; destination story is load-balanced. This is a curriculum spacing rule, not a universal optimal interval claim."
REC-A1-000085,SEQ-A1-000025,SENSE,SENSE-A1-000406,nosotros,LEX-A1-000399,SENSE-A1-000406,,LOCAL_REUSE,A1-M01-I02-S1,A1-M01-I02-S2,A1-M01-I02,A1-M01-I02,CORE_OR_STRUCTURAL_ROUTE,REEXPOSURE_OR_RETRIEVAL,CONTEXTUAL_OR_FUNCTION_BOUND,,NONE,1.44,REQUIRED_SCHEDULE_EDGE_AUDITED,
REC-A1-000086,SEQ-A1-000025,SENSE,SENSE-A1-000406,nosotros,LEX-A1-000399,SENSE-A1-000406,,NEAR_TRANSFER,A1-M01-I02-S2,A1-M01-I03-S4,A1-M01-I02,A1-M01-I03,CORE_OR_STRUCTURAL_ROUTE,TRANSFER_IN_CHANGED_CONTEXT,CONTEXTUAL_OR_FUNCTION_BOUND,,NONE,1.44,REQUIRED_SCHEDULE_EDGE_AUDITED,
REC-A1-000087,SEQ-A1-000025,SENSE,SENSE-A1-000406,nosotros,LEX-A1-000399,SENSE-A1-000406,,DISTANT_RETURN,A1-M01-I03-S4,A1-M02-I02-S4,A1-M01-I03,A1-M02-I02,CORE_OR_STRUCTURAL_ROUTE,DELAYED_RETRIEVAL_OR_TERMINAL_INTEGRATION,CONTEXTUAL_OR_FUNCTION_BOUND,,NONE,1.44,REQUIRED_SCHEDULE_EDGE_AUDITED,"Scheduled four islands after first introduction; destination story is load-balanced. This is a curriculum spacing rule, not a universal optimal interval claim."
REC-A1-000088,SEQ-A1-000026,SENSE,SENSE-A1-000517,señor,LEX-A1-000508,SENSE-A1-000517,,LOCAL_REUSE,A1-M01-I02-S1,A1-M01-I02-S3,A1-M01-I02,A1-M01-I02,CORE_OR_STRUCTURAL_ROUTE,REEXPOSURE_OR_RETRIEVAL,CONTEXTUAL_OR_FUNCTION_BOUND,,NONE,1.44,REQUIRED_SCHEDULE_EDGE_AUDITED,
REC-A1-000089,SEQ-A1-000026,SENSE,SENSE-A1-000517,señor,LEX-A1-000508,SENSE-A1-000517,,NEAR_TRANSFER,A1-M01-I02-S3,A1-M01-I03-S4,A1-M01-I02,A1-M01-I03,CORE_OR_STRUCTURAL_ROUTE,TRANSFER_IN_CHANGED_CONTEXT,CONTEXTUAL_OR_FUNCTION_BOUND,,NONE,1.44,REQUIRED_SCHEDULE_EDGE_AUDITED,
REC-A1-000090,SEQ-A1-000026,SENSE,SENSE-A1-000517,señor,LEX-A1-000508,SENSE-A1-000517,,DISTANT_RETURN,A1-M01-I03-S4,A1-M02-I02-S4,A1-M01-I03,A1-M02-I02,CORE_OR_STRUCTURAL_ROUTE,DELAYED_RETRIEVAL_OR_TERMINAL_INTEGRATION,CONTEXTUAL_OR_FUNCTION_BOUND,,NONE,1.44,REQUIRED_SCHEDULE_EDGE_AUDITED,"Scheduled four islands after first introduction; destination story is load-balanced. This is a curriculum spacing rule, not a universal optimal interval claim."
REC-A1-000091,SEQ-A1-000029,SENSE,SENSE-A1-000575,un,LEX-A1-000566,SENSE-A1-000575,,LOCAL_REUSE,A1-M01-I02-S1,A1-M01-I02-S2,A1-M01-I02,A1-M01-I02,CORE_OR_STRUCTURAL_ROUTE,REEXPOSURE_OR_RETRIEVAL,CONTEXTUAL_OR_FUNCTION_BOUND,,NONE,1.44,REQUIRED_SCHEDULE_EDGE_AUDITED,
REC-A1-000092,SEQ-A1-000029,SENSE,SENSE-A1-000575,un,LEX-A1-000566,SENSE-A1-000575,,NEAR_TRANSFER,A1-M01-I02-S2,A1-M01-I03-S4,A1-M01-I02,A1-M01-I03,CORE_OR_STRUCTURAL_ROUTE,TRANSFER_IN_CHANGED_CONTEXT,CONTEXTUAL_OR_FUNCTION_BOUND,,NONE,1.44,REQUIRED_SCHEDULE_EDGE_AUDITED,
REC-A1-000093,SEQ-A1-000029,SENSE,SENSE-A1-000575,un,LEX-A1-000566,SENSE-A1-000575,,DISTANT_RETURN,A1-M01-I03-S4,A1-M02-I02-S4,A1-M01-I03,A1-M02-I02,CORE_OR_STRUCTURAL_ROUTE,DELAYED_RETRIEVAL_OR_TERMINAL_INTEGRATION,CONTEXTUAL_OR_FUNCTION_BOUND,,NONE,1.44,REQUIRED_SCHEDULE_EDGE_AUDITED,"Scheduled four islands after first introduction; destination story is load-balanced. This is a curriculum spacing rule, not a universal optimal interval claim."
REC-A1-000094,SEQ-A1-000031,SENSE,SENSE-A1-000601,vos,LEX-A1-000592,SENSE-A1-000601,,LOCAL_REUSE,A1-M01-I02-S1,A1-M01-I02-S3,A1-M01-I02,A1-M01-I02,CORE_OR_STRUCTURAL_ROUTE,REEXPOSURE_OR_RETRIEVAL,TARGET_PROFILE_ONLY,,NONE,1.44,REQUIRED_SCHEDULE_EDGE_AUDITED,
REC-A1-000095,SEQ-A1-000031,SENSE,SENSE-A1-000601,vos,LEX-A1-000592,SENSE-A1-000601,,NEAR_TRANSFER,A1-M01-I02-S3,A1-M01-I03-S4,A1-M01-I02,A1-M01-I03,CORE_OR_STRUCTURAL_ROUTE,TRANSFER_IN_CHANGED_CONTEXT,TARGET_PROFILE_ONLY,,NONE,1.44,REQUIRED_SCHEDULE_EDGE_AUDITED,
REC-A1-000096,SEQ-A1-000031,SENSE,SENSE-A1-000601,vos,LEX-A1-000592,SENSE-A1-000601,,DISTANT_RETURN,A1-M01-I03-S4,A1-M02-I02-S2,A1-M01-I03,A1-M02-I02,CORE_OR_STRUCTURAL_ROUTE,DELAYED_RETRIEVAL_OR_TERMINAL_INTEGRATION,TARGET_PROFILE_ONLY,,NONE,1.44,REQUIRED_SCHEDULE_EDGE_AUDITED,"Scheduled four islands after first introduction; destination story is load-balanced. This is a curriculum spacing rule, not a universal optimal interval claim."
REC-A1-000097,SEQ-A1-000033,SENSE,SENSE-A1-000607,yo,LEX-A1-000598,SENSE-A1-000607,,LOCAL_REUSE,A1-M01-I02-S1,A1-M01-I02-S2,A1-M01-I02,A1-M01-I02,CORE_OR_STRUCTURAL_ROUTE,REEXPOSURE_OR_RETRIEVAL,CONTEXTUAL_OR_FUNCTION_BOUND,,NONE,1.44,REQUIRED_SCHEDULE_EDGE_AUDITED,
REC-A1-000098,SEQ-A1-000033,SENSE,SENSE-A1-000607,yo,LEX-A1-000598,SENSE-A1-000607,,NEAR_TRANSFER,A1-M01-I02-S2,A1-M01-I03-S4,A1-M01-I02,A1-M01-I03,CORE_OR_STRUCTURAL_ROUTE,TRANSFER_IN_CHANGED_CONTEXT,CONTEXTUAL_OR_FUNCTION_BOUND,,NONE,1.44,REQUIRED_SCHEDULE_EDGE_AUDITED,
REC-A1-000099,SEQ-A1-000033,SENSE,SENSE-A1-000607,yo,LEX-A1-000598,SENSE-A1-000607,,DISTANT_RETURN,A1-M01-I03-S4,A1-M02-I02-S3,A1-M01-I03,A1-M02-I02,CORE_OR_STRUCTURAL_ROUTE,DELAYED_RETRIEVAL_OR_TERMINAL_INTEGRATION,CONTEXTUAL_OR_FUNCTION_BOUND,,NONE,1.44,REQUIRED_SCHEDULE_EDGE_AUDITED,"Scheduled four islands after first introduction; destination story is load-balanced. This is a curriculum spacing rule, not a universal optimal interval claim."
REC-A1-000100,SEQ-A1-000037,GRAMMAR_UNIT,GRAM-A1-031,Paradigma el/la/los/las,,,,LOCAL_REUSE,A1-M01-I02-S2,A1-M01-I02-S3,A1-M01-I02,A1-M01-I02,CORE_OR_STRUCTURAL_ROUTE,REEXPOSURE_OR_RETRIEVAL,AS_OBJECT_POLICY_REQUIRES,,NONE,1.44,REQUIRED_SCHEDULE_EDGE_AUDITED,
REC-A1-000101,SEQ-A1-000037,GRAMMAR_UNIT,GRAM-A1-031,Paradigma el/la/los/las,,,,NEAR_TRANSFER,A1-M01-I02-S3,A1-M01-I03-S1,A1-M01-I02,A1-M01-I03,CORE_OR_STRUCTURAL_ROUTE,TRANSFER_IN_CHANGED_CONTEXT,AS_OBJECT_POLICY_REQUIRES,,NONE,1.44,REQUIRED_SCHEDULE_EDGE_AUDITED,
REC-A1-000102,SEQ-A1-000037,GRAMMAR_UNIT,GRAM-A1-031,Paradigma el/la/los/las,,,,DISTANT_RETURN,A1-M01-I03-S1,A1-M02-I02-S4,A1-M01-I03,A1-M02-I02,CORE_OR_STRUCTURAL_ROUTE,DELAYED_RETRIEVAL_OR_TERMINAL_INTEGRATION,AS_OBJECT_POLICY_REQUIRES,,NONE,1.44,REQUIRED_SCHEDULE_EDGE_AUDITED,"Scheduled four islands after first introduction; destination story is load-balanced. This is a curriculum spacing rule, not a universal optimal interval claim."
REC-A1-000103,SEQ-A1-000038,GRAMMAR_UNIT,GRAM-A1-033,Ausencia general con nombres propios de persona,,,,LOCAL_REUSE,A1-M01-I02-S2,A1-M01-I02-S3,A1-M01-I02,A1-M01-I02,CORE_OR_STRUCTURAL_ROUTE,REEXPOSURE_OR_RETRIEVAL,AS_OBJECT_POLICY_REQUIRES,,NONE,1.44,REQUIRED_SCHEDULE_EDGE_AUDITED,
REC-A1-000104,SEQ-A1-000038,GRAMMAR_UNIT,GRAM-A1-033,Ausencia general con nombres propios de persona,,,,NEAR_TRANSFER,A1-M01-I02-S3,A1-M01-I03-S2,A1-M01-I02,A1-M01-I03,CORE_OR_STRUCTURAL_ROUTE,TRANSFER_IN_CHANGED_CONTEXT,AS_OBJECT_POLICY_REQUIRES,,NONE,1.44,REQUIRED_SCHEDULE_EDGE_AUDITED,
REC-A1-000105,SEQ-A1-000038,GRAMMAR_UNIT,GRAM-A1-033,Ausencia general con nombres propios de persona,,,,DISTANT_RETURN,A1-M01-I03-S2,A1-M02-I02-S1,A1-M01-I03,A1-M02-I02,CORE_OR_STRUCTURAL_ROUTE,DELAYED_RETRIEVAL_OR_TERMINAL_INTEGRATION,AS_OBJECT_POLICY_REQUIRES,,NONE,1.44,REQUIRED_SCHEDULE_EDGE_AUDITED,"Scheduled four islands after first introduction; destination story is load-balanced. This is a curriculum spacing rule, not a universal optimal interval claim."
REC-A1-000106,SEQ-A1-000039,GRAMMAR_UNIT,GRAM-A1-042,Incompatibilidad general con nombres propios,,,,LOCAL_REUSE,A1-M01-I02-S2,A1-M01-I02-S3,A1-M01-I02,A1-M01-I02,CORE_OR_STRUCTURAL_ROUTE,REEXPOSURE_OR_RETRIEVAL,AS_OBJECT_POLICY_REQUIRES,,NONE,1.44,REQUIRED_SCHEDULE_EDGE_AUDITED,
REC-A1-000107,SEQ-A1-000039,GRAMMAR_UNIT,GRAM-A1-042,Incompatibilidad general con nombres propios,,,,NEAR_TRANSFER,A1-M01-I02-S3,A1-M01-I03-S3,A1-M01-I02,A1-M01-I03,CORE_OR_STRUCTURAL_ROUTE,TRANSFER_IN_CHANGED_CONTEXT,AS_OBJECT_POLICY_REQUIRES,,NONE,1.44,REQUIRED_SCHEDULE_EDGE_AUDITED,
REC-A1-000108,SEQ-A1-000039,GRAMMAR_UNIT,GRAM-A1-042,Incompatibilidad general con nombres propios,,,,DISTANT_RETURN,A1-M01-I03-S3,A1-M02-I02-S2,A1-M01-I03,A1-M02-I02,CORE_OR_STRUCTURAL_ROUTE,DELAYED_RETRIEVAL_OR_TERMINAL_INTEGRATION,AS_OBJECT_POLICY_REQUIRES,,NONE,1.44,REQUIRED_SCHEDULE_EDGE_AUDITED,"Scheduled four islands after first introduction; destination story is load-balanced. This is a curriculum spacing rule, not a universal optimal interval claim."
REC-A1-000109,SEQ-A1-000041,GRAMMAR_UNIT,GRAM-A1-074,Pronombres personales sujeto con referente humano; demostrativo para cosas en el patrón básico,,,,LOCAL_REUSE,A1-M01-I02-S2,A1-M01-I02-S3,A1-M01-I02,A1-M01-I02,CORE_OR_STRUCTURAL_ROUTE,REEXPOSURE_OR_RETRIEVAL,AS_OBJECT_POLICY_REQUIRES,,NONE,1.44,REQUIRED_SCHEDULE_EDGE_AUDITED,
REC-A1-000110,SEQ-A1-000041,GRAMMAR_UNIT,GRAM-A1-074,Pronombres personales sujeto con referente humano; demostrativo para cosas en el patrón básico,,,,NEAR_TRANSFER,A1-M01-I02-S3,A1-M01-I03-S4,A1-M01-I02,A1-M01-I03,CORE_OR_STRUCTURAL_ROUTE,TRANSFER_IN_CHANGED_CONTEXT,AS_OBJECT_POLICY_REQUIRES,,NONE,1.44,REQUIRED_SCHEDULE_EDGE_AUDITED,
REC-A1-000111,SEQ-A1-000041,GRAMMAR_UNIT,GRAM-A1-074,Pronombres personales sujeto con referente humano; demostrativo para cosas en el patrón básico,,,,DISTANT_RETURN,A1-M01-I03-S4,A1-M02-I02-S3,A1-M01-I03,A1-M02-I02,CORE_OR_STRUCTURAL_ROUTE,DELAYED_RETRIEVAL_OR_TERMINAL_INTEGRATION,AS_OBJECT_POLICY_REQUIRES,,NONE,1.44,REQUIRED_SCHEDULE_EDGE_AUDITED,"Scheduled four islands after first introduction; destination story is load-balanced. This is a curriculum spacing rule, not a universal optimal interval claim."
REC-A1-000112,SEQ-A1-000043,GRAMMAR_UNIT,GRAM-A1-090,Quién para preguntar por personas,,,,LOCAL_REUSE,A1-M01-I02-S2,A1-M01-I02-S3,A1-M01-I02,A1-M01-I02,CORE_OR_STRUCTURAL_ROUTE,REEXPOSURE_OR_RETRIEVAL,AS_OBJECT_POLICY_REQUIRES,,NONE,1.44,REQUIRED_SCHEDULE_EDGE_AUDITED,
REC-A1-000113,SEQ-A1-000043,GRAMMAR_UNIT,GRAM-A1-090,Quién para preguntar por personas,,,,NEAR_TRANSFER,A1-M01-I02-S3,A1-M01-I03-S1,A1-M01-I02,A1-M01-I03,CORE_OR_STRUCTURAL_ROUTE,TRANSFER_IN_CHANGED_CONTEXT,AS_OBJECT_POLICY_REQUIRES,,NONE,1.44,REQUIRED_SCHEDULE_EDGE_AUDITED,
REC-A1-000114,SEQ-A1-000043,GRAMMAR_UNIT,GRAM-A1-090,Quién para preguntar por personas,,,,DISTANT_RETURN,A1-M01-I03-S1,A1-M02-I02-S4,A1-M01-I03,A1-M02-I02,CORE_OR_STRUCTURAL_ROUTE,DELAYED_RETRIEVAL_OR_TERMINAL_INTEGRATION,AS_OBJECT_POLICY_REQUIRES,,NONE,1.44,REQUIRED_SCHEDULE_EDGE_AUDITED,"Scheduled four islands after first introduction; destination story is load-balanced. This is a curriculum spacing rule, not a universal optimal interval claim."
REC-A1-000115,SEQ-A1-000045,GRAMMAR_UNIT,GRAM-A1-130,Ser para identificación con sustantivo o pronombre,,,,LOCAL_REUSE,A1-M01-I02-S2,A1-M01-I02-S3,A1-M01-I02,A1-M01-I02,CORE_OR_STRUCTURAL_ROUTE,REEXPOSURE_OR_RETRIEVAL,AS_OBJECT_POLICY_REQUIRES,,NONE,1.44,REQUIRED_SCHEDULE_EDGE_AUDITED,
REC-A1-000116,SEQ-A1-000045,GRAMMAR_UNIT,GRAM-A1-130,Ser para identificación con sustantivo o pronombre,,,,NEAR_TRANSFER,A1-M01-I02-S3,A1-M01-I03-S2,A1-M01-I02,A1-M01-I03,CORE_OR_STRUCTURAL_ROUTE,TRANSFER_IN_CHANGED_CONTEXT,AS_OBJECT_POLICY_REQUIRES,,NONE,1.44,REQUIRED_SCHEDULE_EDGE_AUDITED,
REC-A1-000117,SEQ-A1-000045,GRAMMAR_UNIT,GRAM-A1-130,Ser para identificación con sustantivo o pronombre,,,,DISTANT_RETURN,A1-M01-I03-S2,A1-M02-I02-S1,A1-M01-I03,A1-M02-I02,CORE_OR_STRUCTURAL_ROUTE,DELAYED_RETRIEVAL_OR_TERMINAL_INTEGRATION,AS_OBJECT_POLICY_REQUIRES,,NONE,1.44,REQUIRED_SCHEDULE_EDGE_AUDITED,"Scheduled four islands after first introduction; destination story is load-balanced. This is a curriculum spacing rule, not a universal optimal interval claim."
REC-A1-000118,SEQ-A1-000046,MWU_SOURCE_UNIT,12B1-MWU-0005,estado civil,LEX-A1-000231,SENSE-A1-000235,12B1-MWU-0005,LOCAL_REUSE,A1-M01-I02-S2,A1-M01-I02-S3,A1-M01-I02,A1-M01-I02,CORE_OR_STRUCTURAL_ROUTE,REEXPOSURE_OR_RETRIEVAL,AS_OBJECT_POLICY_REQUIRES,,NONE,1.44,REQUIRED_SCHEDULE_EDGE_AUDITED,
REC-A1-000119,SEQ-A1-000046,MWU_SOURCE_UNIT,12B1-MWU-0005,estado civil,LEX-A1-000231,SENSE-A1-000235,12B1-MWU-0005,NEAR_TRANSFER,A1-M01-I02-S3,A1-M01-I03-S3,A1-M01-I02,A1-M01-I03,CORE_OR_STRUCTURAL_ROUTE,TRANSFER_IN_CHANGED_CONTEXT,AS_OBJECT_POLICY_REQUIRES,,NONE,1.44,REQUIRED_SCHEDULE_EDGE_AUDITED,
REC-A1-000120,SEQ-A1-000046,MWU_SOURCE_UNIT,12B1-MWU-0005,estado civil,LEX-A1-000231,SENSE-A1-000235,12B1-MWU-0005,DISTANT_RETURN,A1-M01-I03-S3,A1-M02-I02-S2,A1-M01-I03,A1-M02-I02,CORE_OR_STRUCTURAL_ROUTE,DELAYED_RETRIEVAL_OR_TERMINAL_INTEGRATION,AS_OBJECT_POLICY_REQUIRES,,NONE,1.44,REQUIRED_SCHEDULE_EDGE_AUDITED,"Scheduled four islands after first introduction; destination story is load-balanced. This is a curriculum spacing rule, not a universal optimal interval claim."
REC-A1-000121,SEQ-A1-000048,MWU_SOURCE_UNIT,12B1-MWU-0007,lugar de nacimiento,LEX-A1-000339,SENSE-A1-000345,12B1-MWU-0007,LOCAL_REUSE,A1-M01-I02-S2,A1-M01-I02-S3,A1-M01-I02,A1-M01-I02,CORE_OR_STRUCTURAL_ROUTE,REEXPOSURE_OR_RETRIEVAL,AS_OBJECT_POLICY_REQUIRES,,NONE,1.44,REQUIRED_SCHEDULE_EDGE_AUDITED,
REC-A1-000122,SEQ-A1-000048,MWU_SOURCE_UNIT,12B1-MWU-0007,lugar de nacimiento,LEX-A1-000339,SENSE-A1-000345,12B1-MWU-0007,NEAR_TRANSFER,A1-M01-I02-S3,A1-M01-I03-S4,A1-M01-I02,A1-M01-I03,CORE_OR_STRUCTURAL_ROUTE,TRANSFER_IN_CHANGED_CONTEXT,AS_OBJECT_POLICY_REQUIRES,,NONE,1.44,REQUIRED_SCHEDULE_EDGE_AUDITED,
REC-A1-000123,SEQ-A1-000048,MWU_SOURCE_UNIT,12B1-MWU-0007,lugar de nacimiento,LEX-A1-000339,SENSE-A1-000345,12B1-MWU-0007,DISTANT_RETURN,A1-M01-I03-S4,A1-M02-I02-S3,A1-M01-I03,A1-M02-I02,CORE_OR_STRUCTURAL_ROUTE,DELAYED_RETRIEVAL_OR_TERMINAL_INTEGRATION,AS_OBJECT_POLICY_REQUIRES,,NONE,1.44,REQUIRED_SCHEDULE_EDGE_AUDITED,"Scheduled four islands after first introduction; destination story is load-balanced. This is a curriculum spacing rule, not a universal optimal interval claim."
REC-A1-000124,SEQ-A1-000051,MWU_SOURCE_UNIT,12B1-MWU-0214,"sí, soy yo",,,12B1-MWU-0214,LOCAL_REUSE,A1-M01-I02-S2,A1-M01-I02-S3,A1-M01-I02,A1-M01-I02,CORE_OR_STRUCTURAL_ROUTE,REEXPOSURE_OR_RETRIEVAL,AS_OBJECT_POLICY_REQUIRES,,NONE,1.44,REQUIRED_SCHEDULE_EDGE_AUDITED,
REC-A1-000125,SEQ-A1-000051,MWU_SOURCE_UNIT,12B1-MWU-0214,"sí, soy yo",,,12B1-MWU-0214,NEAR_TRANSFER,A1-M01-I02-S3,A1-M01-I03-S1,A1-M01-I02,A1-M01-I03,CORE_OR_STRUCTURAL_ROUTE,TRANSFER_IN_CHANGED_CONTEXT,AS_OBJECT_POLICY_REQUIRES,,NONE,1.44,REQUIRED_SCHEDULE_EDGE_AUDITED,
REC-A1-000126,SEQ-A1-000051,MWU_SOURCE_UNIT,12B1-MWU-0214,"sí, soy yo",,,12B1-MWU-0214,DISTANT_RETURN,A1-M01-I03-S1,A1-M02-I02-S4,A1-M01-I03,A1-M02-I02,CORE_OR_STRUCTURAL_ROUTE,DELAYED_RETRIEVAL_OR_TERMINAL_INTEGRATION,AS_OBJECT_POLICY_REQUIRES,,NONE,1.44,REQUIRED_SCHEDULE_EDGE_AUDITED,"Scheduled four islands after first introduction; destination story is load-balanced. This is a curriculum spacing rule, not a universal optimal interval claim."
REC-A1-000127,SEQ-A1-000017,SENSE,SENSE-A1-000200,don,LEX-A1-000196,SENSE-A1-000200,,LOCAL_REUSE,A1-M01-I02-S2,A1-M01-I02-S3,A1-M01-I02,A1-M01-I02,CORE_OR_STRUCTURAL_ROUTE,REEXPOSURE_OR_RETRIEVAL,CONTEXTUAL_OR_FUNCTION_BOUND,,NONE,1.44,REQUIRED_SCHEDULE_EDGE_AUDITED,
REC-A1-000128,SEQ-A1-000017,SENSE,SENSE-A1-000200,don,LEX-A1-000196,SENSE-A1-000200,,NEAR_TRANSFER,A1-M01-I02-S3,A1-M01-I03-S2,A1-M01-I02,A1-M01-I03,CORE_OR_STRUCTURAL_ROUTE,TRANSFER_IN_CHANGED_CONTEXT,CONTEXTUAL_OR_FUNCTION_BOUND,,NONE,1.44,REQUIRED_SCHEDULE_EDGE_AUDITED,
REC-A1-000129,SEQ-A1-000017,SENSE,SENSE-A1-000200,don,LEX-A1-000196,SENSE-A1-000200,,DISTANT_RETURN,A1-M01-I03-S2,A1-M02-I02-S1,A1-M01-I03,A1-M02-I02,CORE_OR_STRUCTURAL_ROUTE,DELAYED_RETRIEVAL_OR_TERMINAL_INTEGRATION,CONTEXTUAL_OR_FUNCTION_BOUND,,NONE,1.44,REQUIRED_SCHEDULE_EDGE_AUDITED,"Scheduled four islands after first introduction; destination story is load-balanced. This is a curriculum spacing rule, not a universal optimal interval claim."
REC-A1-000130,SEQ-A1-000019,SENSE,SENSE-A1-000211,él,LEX-A1-000207,SENSE-A1-000211,,LOCAL_REUSE,A1-M01-I02-S2,A1-M01-I02-S3,A1-M01-I02,A1-M01-I02,CORE_OR_STRUCTURAL_ROUTE,REEXPOSURE_OR_RETRIEVAL,CONTEXTUAL_OR_FUNCTION_BOUND,,NONE,1.44,REQUIRED_SCHEDULE_EDGE_AUDITED,
REC-A1-000131,SEQ-A1-000019,SENSE,SENSE-A1-000211,él,LEX-A1-000207,SENSE-A1-000211,,NEAR_TRANSFER,A1-M01-I02-S3,A1-M01-I03-S3,A1-M01-I02,A1-M01-I03,CORE_OR_STRUCTURAL_ROUTE,TRANSFER_IN_CHANGED_CONTEXT,CONTEXTUAL_OR_FUNCTION_BOUND,,NONE,1.44,REQUIRED_SCHEDULE_EDGE_AUDITED,
REC-A1-000132,SEQ-A1-000019,SENSE,SENSE-A1-000211,él,LEX-A1-000207,SENSE-A1-000211,,DISTANT_RETURN,A1-M01-I03-S3,A1-M02-I02-S2,A1-M01-I03,A1-M02-I02,CORE_OR_STRUCTURAL_ROUTE,DELAYED_RETRIEVAL_OR_TERMINAL_INTEGRATION,CONTEXTUAL_OR_FUNCTION_BOUND,,NONE,1.44,REQUIRED_SCHEDULE_EDGE_AUDITED,"Scheduled four islands after first introduction; destination story is load-balanced. This is a curriculum spacing rule, not a universal optimal interval claim."
REC-A1-000133,SEQ-A1-000020,SENSE,SENSE-A1-000235,estado civil,LEX-A1-000231,SENSE-A1-000235,,LOCAL_REUSE,A1-M01-I02-S2,A1-M01-I02-S3,A1-M01-I02,A1-M01-I02,CORE_OR_STRUCTURAL_ROUTE,REEXPOSURE_OR_RETRIEVAL,CONTEXTUAL_OR_FUNCTION_BOUND,,NONE,1.44,REQUIRED_SCHEDULE_EDGE_AUDITED,
REC-A1-000134,SEQ-A1-000020,SENSE,SENSE-A1-000235,estado civil,LEX-A1-000231,SENSE-A1-000235,,NEAR_TRANSFER,A1-M01-I02-S3,A1-M01-I03-S4,A1-M01-I02,A1-M01-I03,CORE_OR_STRUCTURAL_ROUTE,TRANSFER_IN_CHANGED_CONTEXT,CONTEXTUAL_OR_FUNCTION_BOUND,,NONE,1.44,REQUIRED_SCHEDULE_EDGE_AUDITED,
REC-A1-000135,SEQ-A1-000020,SENSE,SENSE-A1-000235,estado civil,LEX-A1-000231,SENSE-A1-000235,,DISTANT_RETURN,A1-M01-I03-S4,A1-M02-I02-S3,A1-M01-I03,A1-M02-I02,CORE_OR_STRUCTURAL_ROUTE,DELAYED_RETRIEVAL_OR_TERMINAL_INTEGRATION,CONTEXTUAL_OR_FUNCTION_BOUND,,NONE,1.44,REQUIRED_SCHEDULE_EDGE_AUDITED,"Scheduled four islands after first introduction; destination story is load-balanced. This is a curriculum spacing rule, not a universal optimal interval claim."
REC-A1-000136,SEQ-A1-000022,SENSE,SENSE-A1-000339,llamarse,LEX-A1-000333,SENSE-A1-000339,,LOCAL_REUSE,A1-M01-I02-S2,A1-M01-I02-S3,A1-M01-I02,A1-M01-I02,CORE_OR_STRUCTURAL_ROUTE,REEXPOSURE_OR_RETRIEVAL,CONTEXTUAL_OR_FUNCTION_BOUND,,NONE,1.44,REQUIRED_SCHEDULE_EDGE_AUDITED,
REC-A1-000137,SEQ-A1-000022,SENSE,SENSE-A1-000339,llamarse,LEX-A1-000333,SENSE-A1-000339,,NEAR_TRANSFER,A1-M01-I02-S3,A1-M01-I03-S1,A1-M01-I02,A1-M01-I03,CORE_OR_STRUCTURAL_ROUTE,TRANSFER_IN_CHANGED_CONTEXT,CONTEXTUAL_OR_FUNCTION_BOUND,,NONE,1.44,REQUIRED_SCHEDULE_EDGE_AUDITED,
REC-A1-000138,SEQ-A1-000022,SENSE,SENSE-A1-000339,llamarse,LEX-A1-000333,SENSE-A1-000339,,DISTANT_RETURN,A1-M01-I03-S1,A1-M02-I02-S4,A1-M01-I03,A1-M02-I02,CORE_OR_STRUCTURAL_ROUTE,DELAYED_RETRIEVAL_OR_TERMINAL_INTEGRATION,CONTEXTUAL_OR_FUNCTION_BOUND,,NONE,1.44,REQUIRED_SCHEDULE_EDGE_AUDITED,"Scheduled four islands after first introduction; destination story is load-balanced. This is a curriculum spacing rule, not a universal optimal interval claim."
REC-A1-000139,SEQ-A1-000024,SENSE,SENSE-A1-000403,nombre,LEX-A1-000396,SENSE-A1-000403,,LOCAL_REUSE,A1-M01-I02-S2,A1-M01-I02-S3,A1-M01-I02,A1-M01-I02,CORE_OR_STRUCTURAL_ROUTE,REEXPOSURE_OR_RETRIEVAL,CONTEXTUAL_OR_FUNCTION_BOUND,,NONE,1.44,REQUIRED_SCHEDULE_EDGE_AUDITED,
REC-A1-000140,SEQ-A1-000024,SENSE,SENSE-A1-000403,nombre,LEX-A1-000396,SENSE-A1-000403,,NEAR_TRANSFER,A1-M01-I02-S3,A1-M01-I03-S2,A1-M01-I02,A1-M01-I03,CORE_OR_STRUCTURAL_ROUTE,TRANSFER_IN_CHANGED_CONTEXT,CONTEXTUAL_OR_FUNCTION_BOUND,,NONE,1.44,REQUIRED_SCHEDULE_EDGE_AUDITED,
REC-A1-000141,SEQ-A1-000024,SENSE,SENSE-A1-000403,nombre,LEX-A1-000396,SENSE-A1-000403,,DISTANT_RETURN,A1-M01-I03-S2,A1-M02-I02-S1,A1-M01-I03,A1-M02-I02,CORE_OR_STRUCTURAL_ROUTE,DELAYED_RETRIEVAL_OR_TERMINAL_INTEGRATION,CONTEXTUAL_OR_FUNCTION_BOUND,,NONE,1.44,REQUIRED_SCHEDULE_EDGE_AUDITED,"Scheduled four islands after first introduction; destination story is load-balanced. This is a curriculum spacing rule, not a universal optimal interval claim."
REC-A1-000142,SEQ-A1-000027,SENSE,SENSE-A1-000520,ser,LEX-A1-000511,SENSE-A1-000520,,LOCAL_REUSE,A1-M01-I02-S2,A1-M01-I02-S3,A1-M01-I02,A1-M01-I02,CORE_OR_STRUCTURAL_ROUTE,REEXPOSURE_OR_RETRIEVAL,CONTEXTUAL_OR_FUNCTION_BOUND,,NONE,1.44,REQUIRED_SCHEDULE_EDGE_AUDITED,
REC-A1-000143,SEQ-A1-000027,SENSE,SENSE-A1-000520,ser,LEX-A1-000511,SENSE-A1-000520,,NEAR_TRANSFER,A1-M01-I02-S3,A1-M01-I03-S3,A1-M01-I02,A1-M01-I03,CORE_OR_STRUCTURAL_ROUTE,TRANSFER_IN_CHANGED_CONTEXT,CONTEXTUAL_OR_FUNCTION_BOUND,,NONE,1.44,REQUIRED_SCHEDULE_EDGE_AUDITED,
REC-A1-000144,SEQ-A1-000027,SENSE,SENSE-A1-000520,ser,LEX-A1-000511,SENSE-A1-000520,,DISTANT_RETURN,A1-M01-I03-S3,A1-M02-I02-S2,A1-M01-I03,A1-M02-I02,CORE_OR_STRUCTURAL_ROUTE,DELAYED_RETRIEVAL_OR_TERMINAL_INTEGRATION,CONTEXTUAL_OR_FUNCTION_BOUND,,NONE,1.44,REQUIRED_SCHEDULE_EDGE_AUDITED,"Scheduled four islands after first introduction; destination story is load-balanced. This is a curriculum spacing rule, not a universal optimal interval claim."
REC-A1-000145,SEQ-A1-000028,SENSE,SENSE-A1-000572,tú,LEX-A1-000563,SENSE-A1-000572,,LOCAL_REUSE,A1-M01-I02-S2,A1-M01-I02-S3,A1-M01-I02,A1-M01-I02,CORE_OR_STRUCTURAL_ROUTE,REEXPOSURE_OR_RETRIEVAL,CONTEXTUAL_OR_FUNCTION_BOUND,,NONE,1.44,REQUIRED_SCHEDULE_EDGE_AUDITED,
REC-A1-000146,SEQ-A1-000028,SENSE,SENSE-A1-000572,tú,LEX-A1-000563,SENSE-A1-000572,,NEAR_TRANSFER,A1-M01-I02-S3,A1-M01-I03-S4,A1-M01-I02,A1-M01-I03,CORE_OR_STRUCTURAL_ROUTE,TRANSFER_IN_CHANGED_CONTEXT,CONTEXTUAL_OR_FUNCTION_BOUND,,NONE,1.44,REQUIRED_SCHEDULE_EDGE_AUDITED,
REC-A1-000147,SEQ-A1-000028,SENSE,SENSE-A1-000572,tú,LEX-A1-000563,SENSE-A1-000572,,DISTANT_RETURN,A1-M01-I03-S4,A1-M02-I02-S3,A1-M01-I03,A1-M02-I02,CORE_OR_STRUCTURAL_ROUTE,DELAYED_RETRIEVAL_OR_TERMINAL_INTEGRATION,CONTEXTUAL_OR_FUNCTION_BOUND,,NONE,1.44,REQUIRED_SCHEDULE_EDGE_AUDITED,"Scheduled four islands after first introduction; destination story is load-balanced. This is a curriculum spacing rule, not a universal optimal interval claim."
REC-A1-000148,SEQ-A1-000030,SENSE,SENSE-A1-000579,usted,LEX-A1-000570,SENSE-A1-000579,,LOCAL_REUSE,A1-M01-I02-S2,A1-M01-I02-S3,A1-M01-I02,A1-M01-I02,CORE_OR_STRUCTURAL_ROUTE,REEXPOSURE_OR_RETRIEVAL,CONTEXTUAL_OR_FUNCTION_BOUND,,NONE,1.44,REQUIRED_SCHEDULE_EDGE_AUDITED,
REC-A1-000149,SEQ-A1-000030,SENSE,SENSE-A1-000579,usted,LEX-A1-000570,SENSE-A1-000579,,NEAR_TRANSFER,A1-M01-I02-S3,A1-M01-I03-S1,A1-M01-I02,A1-M01-I03,CORE_OR_STRUCTURAL_ROUTE,TRANSFER_IN_CHANGED_CONTEXT,CONTEXTUAL_OR_FUNCTION_BOUND,,NONE,1.44,REQUIRED_SCHEDULE_EDGE_AUDITED,
REC-A1-000150,SEQ-A1-000030,SENSE,SENSE-A1-000579,usted,LEX-A1-000570,SENSE-A1-000579,,DISTANT_RETURN,A1-M01-I03-S1,A1-M02-I02-S4,A1-M01-I03,A1-M02-I02,CORE_OR_STRUCTURAL_ROUTE,DELAYED_RETRIEVAL_OR_TERMINAL_INTEGRATION,CONTEXTUAL_OR_FUNCTION_BOUND,,NONE,1.44,REQUIRED_SCHEDULE_EDGE_AUDITED,"Scheduled four islands after first introduction; destination story is load-balanced. This is a curriculum spacing rule, not a universal optimal interval claim."
REC-A1-000151,SEQ-A1-000032,SENSE,SENSE-A1-000602,vosotros,LEX-A1-000593,SENSE-A1-000602,,LOCAL_REUSE,A1-M01-I02-S2,A1-M01-I02-S3,A1-M01-I02,A1-M01-I02,CORE_OR_STRUCTURAL_ROUTE,REEXPOSURE_OR_RETRIEVAL,DEFERRED_WITHIN_A1_OR_TARGET_PROFILE,,NONE,1.44,REQUIRED_SCHEDULE_EDGE_AUDITED,
REC-A1-000152,SEQ-A1-000032,SENSE,SENSE-A1-000602,vosotros,LEX-A1-000593,SENSE-A1-000602,,NEAR_TRANSFER,A1-M01-I02-S3,A1-M01-I03-S2,A1-M01-I02,A1-M01-I03,CORE_OR_STRUCTURAL_ROUTE,TRANSFER_IN_CHANGED_CONTEXT,DEFERRED_WITHIN_A1_OR_TARGET_PROFILE,,NONE,1.44,REQUIRED_SCHEDULE_EDGE_AUDITED,
REC-A1-000153,SEQ-A1-000032,SENSE,SENSE-A1-000602,vosotros,LEX-A1-000593,SENSE-A1-000602,,DISTANT_RETURN,A1-M01-I03-S2,A1-M02-I02-S1,A1-M01-I03,A1-M02-I02,CORE_OR_STRUCTURAL_ROUTE,DELAYED_RETRIEVAL_OR_TERMINAL_INTEGRATION,DEFERRED_WITHIN_A1_OR_TARGET_PROFILE,,NONE,1.44,REQUIRED_SCHEDULE_EDGE_AUDITED,"Scheduled four islands after first introduction; destination story is load-balanced. This is a curriculum spacing rule, not a universal optimal interval claim."
REC-A1-000154,SEQ-A1-000090,GRAMMAR_UNIT,GRAM-A1-069,Vos como 2.ª persona singular en zonas voseantes,,,,LOCAL_REUSE,A1-M01-I03-S1,A1-M01-I03-S3,A1-M01-I03,A1-M01-I03,CORE_OR_STRUCTURAL_ROUTE,REEXPOSURE_OR_RETRIEVAL,AS_OBJECT_POLICY_REQUIRES,,NONE,1.44,REQUIRED_SCHEDULE_EDGE_AUDITED,
REC-A1-000155,SEQ-A1-000090,GRAMMAR_UNIT,GRAM-A1-069,Vos como 2.ª persona singular en zonas voseantes,,,,NEAR_TRANSFER,A1-M01-I03-S3,A1-M01-I04-S3,A1-M01-I03,A1-M01-I04,CORE_OR_STRUCTURAL_ROUTE,TRANSFER_IN_CHANGED_CONTEXT,AS_OBJECT_POLICY_REQUIRES,,NONE,1.44,REQUIRED_SCHEDULE_EDGE_AUDITED,
REC-A1-000156,SEQ-A1-000090,GRAMMAR_UNIT,GRAM-A1-069,Vos como 2.ª persona singular en zonas voseantes,,,,DISTANT_RETURN,A1-M01-I04-S3,A1-M02-I03-S4,A1-M01-I04,A1-M02-I03,CORE_OR_STRUCTURAL_ROUTE,DELAYED_RETRIEVAL_OR_TERMINAL_INTEGRATION,AS_OBJECT_POLICY_REQUIRES,,NONE,1.44,REQUIRED_SCHEDULE_EDGE_AUDITED,"Scheduled four islands after first introduction; destination story is load-balanced. This is a curriculum spacing rule, not a universal optimal interval claim."
REC-A1-000157,SEQ-A1-000095,GRAMMAR_UNIT,GRAM-A1-109,Formas de presente voseantes en regiones pertinentes,,,,LOCAL_REUSE,A1-M01-I03-S1,A1-M01-I03-S4,A1-M01-I03,A1-M01-I03,CORE_OR_STRUCTURAL_ROUTE,REEXPOSURE_OR_RETRIEVAL,AS_OBJECT_POLICY_REQUIRES,,NONE,1.44,REQUIRED_SCHEDULE_EDGE_AUDITED,
REC-A1-000158,SEQ-A1-000095,GRAMMAR_UNIT,GRAM-A1-109,Formas de presente voseantes en regiones pertinentes,,,,NEAR_TRANSFER,A1-M01-I03-S4,A1-M01-I04-S3,A1-M01-I03,A1-M01-I04,CORE_OR_STRUCTURAL_ROUTE,TRANSFER_IN_CHANGED_CONTEXT,AS_OBJECT_POLICY_REQUIRES,,NONE,1.44,REQUIRED_SCHEDULE_EDGE_AUDITED,
REC-A1-000159,SEQ-A1-000095,GRAMMAR_UNIT,GRAM-A1-109,Formas de presente voseantes en regiones pertinentes,,,,DISTANT_RETURN,A1-M01-I04-S3,A1-M02-I03-S4,A1-M01-I04,A1-M02-I03,CORE_OR_STRUCTURAL_ROUTE,DELAYED_RETRIEVAL_OR_TERMINAL_INTEGRATION,AS_OBJECT_POLICY_REQUIRES,,NONE,1.44,REQUIRED_SCHEDULE_EDGE_AUDITED,"Scheduled four islands after first introduction; destination story is load-balanced. This is a curriculum spacing rule, not a universal optimal interval claim."
REC-A1-000160,SEQ-A1-000097,GRAMMAR_UNIT,GRAM-A1-128,"Ser para pertenencia a clase: origen, profesión, ideología, materia, etc.",,,,LOCAL_REUSE,A1-M01-I03-S1,A1-M01-I03-S2,A1-M01-I03,A1-M01-I03,CORE_OR_STRUCTURAL_ROUTE,REEXPOSURE_OR_RETRIEVAL,AS_OBJECT_POLICY_REQUIRES,,NONE,1.44,REQUIRED_SCHEDULE_EDGE_AUDITED,
REC-A1-000161,SEQ-A1-000097,GRAMMAR_UNIT,GRAM-A1-128,"Ser para pertenencia a clase: origen, profesión, ideología, materia, etc.",,,,NEAR_TRANSFER,A1-M01-I03-S2,A1-M01-I04-S3,A1-M01-I03,A1-M01-I04,CORE_OR_STRUCTURAL_ROUTE,TRANSFER_IN_CHANGED_CONTEXT,AS_OBJECT_POLICY_REQUIRES,,NONE,1.44,REQUIRED_SCHEDULE_EDGE_AUDITED,
REC-A1-000162,SEQ-A1-000097,GRAMMAR_UNIT,GRAM-A1-128,"Ser para pertenencia a clase: origen, profesión, ideología, materia, etc.",,,,DISTANT_RETURN,A1-M01-I04-S3,A1-M02-I03-S4,A1-M01-I04,A1-M02-I03,CORE_OR_STRUCTURAL_ROUTE,DELAYED_RETRIEVAL_OR_TERMINAL_INTEGRATION,AS_OBJECT_POLICY_REQUIRES,,NONE,1.44,REQUIRED_SCHEDULE_EDGE_AUDITED,"Scheduled four islands after first introduction; destination story is load-balanced. This is a curriculum spacing rule, not a universal optimal interval claim."
REC-A1-000163,SEQ-A1-000098,GRAMMAR_UNIT,GRAM-A1-145,Interrogativas directas parciales literales,,,,LOCAL_REUSE,A1-M01-I03-S1,A1-M01-I03-S3,A1-M01-I03,A1-M01-I03,CORE_OR_STRUCTURAL_ROUTE,REEXPOSURE_OR_RETRIEVAL,AS_OBJECT_POLICY_REQUIRES,,NONE,1.44,REQUIRED_SCHEDULE_EDGE_AUDITED,
REC-A1-000164,SEQ-A1-000098,GRAMMAR_UNIT,GRAM-A1-145,Interrogativas directas parciales literales,,,,NEAR_TRANSFER,A1-M01-I03-S3,A1-M01-I04-S3,A1-M01-I03,A1-M01-I04,CORE_OR_STRUCTURAL_ROUTE,TRANSFER_IN_CHANGED_CONTEXT,AS_OBJECT_POLICY_REQUIRES,,NONE,1.44,REQUIRED_SCHEDULE_EDGE_AUDITED,
REC-A1-000165,SEQ-A1-000098,GRAMMAR_UNIT,GRAM-A1-145,Interrogativas directas parciales literales,,,,DISTANT_RETURN,A1-M01-I04-S3,A1-M02-I03-S4,A1-M01-I04,A1-M02-I03,CORE_OR_STRUCTURAL_ROUTE,DELAYED_RETRIEVAL_OR_TERMINAL_INTEGRATION,AS_OBJECT_POLICY_REQUIRES,,NONE,1.44,REQUIRED_SCHEDULE_EDGE_AUDITED,"Scheduled four islands after first introduction; destination story is load-balanced. This is a curriculum spacing rule, not a universal optimal interval claim."
REC-A1-000166,SEQ-A1-000099,GRAMMAR_UNIT,GRAM-A1-149,Coordinación afirmativa con y,,,,LOCAL_REUSE,A1-M01-I03-S1,A1-M01-I03-S4,A1-M01-I03,A1-M01-I03,CORE_OR_STRUCTURAL_ROUTE,REEXPOSURE_OR_RETRIEVAL,AS_OBJECT_POLICY_REQUIRES,,NONE,1.44,REQUIRED_SCHEDULE_EDGE_AUDITED,
REC-A1-000167,SEQ-A1-000099,GRAMMAR_UNIT,GRAM-A1-149,Coordinación afirmativa con y,,,,NEAR_TRANSFER,A1-M01-I03-S4,A1-M01-I04-S3,A1-M01-I03,A1-M01-I04,CORE_OR_STRUCTURAL_ROUTE,TRANSFER_IN_CHANGED_CONTEXT,AS_OBJECT_POLICY_REQUIRES,,NONE,1.44,REQUIRED_SCHEDULE_EDGE_AUDITED,
REC-A1-000168,SEQ-A1-000099,GRAMMAR_UNIT,GRAM-A1-149,Coordinación afirmativa con y,,,,DISTANT_RETURN,A1-M01-I04-S3,A1-M02-I03-S4,A1-M01-I04,A1-M02-I03,CORE_OR_STRUCTURAL_ROUTE,DELAYED_RETRIEVAL_OR_TERMINAL_INTEGRATION,AS_OBJECT_POLICY_REQUIRES,,NONE,1.44,REQUIRED_SCHEDULE_EDGE_AUDITED,"Scheduled four islands after first introduction; destination story is load-balanced. This is a curriculum spacing rule, not a universal optimal interval claim."
REC-A1-000169,SEQ-A1-000101,MWU_SOURCE_UNIT,12B1-MWU-0004,código postal,LEX-A1-000142,SENSE-A1-000144,12B1-MWU-0004,LOCAL_REUSE,A1-M01-I03-S1,A1-M01-I03-S2,A1-M01-I03,A1-M01-I03,CORE_OR_STRUCTURAL_ROUTE,REEXPOSURE_OR_RETRIEVAL,AS_OBJECT_POLICY_REQUIRES,,NONE,1.44,REQUIRED_SCHEDULE_EDGE_AUDITED,
REC-A1-000170,SEQ-A1-000101,MWU_SOURCE_UNIT,12B1-MWU-0004,código postal,LEX-A1-000142,SENSE-A1-000144,12B1-MWU-0004,NEAR_TRANSFER,A1-M01-I03-S2,A1-M01-I04-S3,A1-M01-I03,A1-M01-I04,CORE_OR_STRUCTURAL_ROUTE,TRANSFER_IN_CHANGED_CONTEXT,AS_OBJECT_POLICY_REQUIRES,,NONE,1.44,REQUIRED_SCHEDULE_EDGE_AUDITED,
REC-A1-000171,SEQ-A1-000101,MWU_SOURCE_UNIT,12B1-MWU-0004,código postal,LEX-A1-000142,SENSE-A1-000144,12B1-MWU-0004,DISTANT_RETURN,A1-M01-I04-S3,A1-M02-I03-S4,A1-M01-I04,A1-M02-I03,CORE_OR_STRUCTURAL_ROUTE,DELAYED_RETRIEVAL_OR_TERMINAL_INTEGRATION,AS_OBJECT_POLICY_REQUIRES,,NONE,1.44,REQUIRED_SCHEDULE_EDGE_AUDITED,"Scheduled four islands after first introduction; destination story is load-balanced. This is a curriculum spacing rule, not a universal optimal interval claim."
REC-A1-000172,SEQ-A1-000104,MWU_SOURCE_UNIT,12B1-MWU-0071,teléfono móvil,LEX-A1-000544,SENSE-A1-000553,12B1-MWU-0071,LOCAL_REUSE,A1-M01-I03-S1,A1-M01-I03-S3,A1-M01-I03,A1-M01-I03,CORE_OR_STRUCTURAL_ROUTE,REEXPOSURE_OR_RETRIEVAL,AS_OBJECT_POLICY_REQUIRES,,NONE,1.44,REQUIRED_SCHEDULE_EDGE_AUDITED,
REC-A1-000173,SEQ-A1-000104,MWU_SOURCE_UNIT,12B1-MWU-0071,teléfono móvil,LEX-A1-000544,SENSE-A1-000553,12B1-MWU-0071,NEAR_TRANSFER,A1-M01-I03-S3,A1-M01-I04-S3,A1-M01-I03,A1-M01-I04,CORE_OR_STRUCTURAL_ROUTE,TRANSFER_IN_CHANGED_CONTEXT,AS_OBJECT_POLICY_REQUIRES,,NONE,1.44,REQUIRED_SCHEDULE_EDGE_AUDITED,
REC-A1-000174,SEQ-A1-000104,MWU_SOURCE_UNIT,12B1-MWU-0071,teléfono móvil,LEX-A1-000544,SENSE-A1-000553,12B1-MWU-0071,DISTANT_RETURN,A1-M01-I04-S3,A1-M02-I03-S4,A1-M01-I04,A1-M02-I03,CORE_OR_STRUCTURAL_ROUTE,DELAYED_RETRIEVAL_OR_TERMINAL_INTEGRATION,AS_OBJECT_POLICY_REQUIRES,,NONE,1.44,REQUIRED_SCHEDULE_EDGE_AUDITED,"Scheduled four islands after first introduction; destination story is load-balanced. This is a curriculum spacing rule, not a universal optimal interval claim."
REC-A1-000175,SEQ-A1-000054,SENSE,SENSE-A1-000109,carné,LEX-A1-000107,SENSE-A1-000109,,LOCAL_REUSE,A1-M01-I03-S1,A1-M01-I03-S4,A1-M01-I03,A1-M01-I03,CORE_OR_STRUCTURAL_ROUTE,REEXPOSURE_OR_RETRIEVAL,CONTEXTUAL_OR_FUNCTION_BOUND,,NONE,1.44,REQUIRED_SCHEDULE_EDGE_AUDITED,
REC-A1-000176,SEQ-A1-000054,SENSE,SENSE-A1-000109,carné,LEX-A1-000107,SENSE-A1-000109,,NEAR_TRANSFER,A1-M01-I03-S4,A1-M01-I04-S3,A1-M01-I03,A1-M01-I04,CORE_OR_STRUCTURAL_ROUTE,TRANSFER_IN_CHANGED_CONTEXT,CONTEXTUAL_OR_FUNCTION_BOUND,,NONE,1.44,REQUIRED_SCHEDULE_EDGE_AUDITED,
REC-A1-000177,SEQ-A1-000054,SENSE,SENSE-A1-000109,carné,LEX-A1-000107,SENSE-A1-000109,,DISTANT_RETURN,A1-M01-I04-S3,A1-M02-I03-S4,A1-M01-I04,A1-M02-I03,CORE_OR_STRUCTURAL_ROUTE,DELAYED_RETRIEVAL_OR_TERMINAL_INTEGRATION,CONTEXTUAL_OR_FUNCTION_BOUND,,NONE,1.44,REQUIRED_SCHEDULE_EDGE_AUDITED,"Scheduled four islands after first introduction; destination story is load-balanced. This is a curriculum spacing rule, not a universal optimal interval claim."
REC-A1-000178,SEQ-A1-000058,SENSE,SENSE-A1-000150,cómo,LEX-A1-000148,SENSE-A1-000150,,LOCAL_REUSE,A1-M01-I03-S1,A1-M01-I03-S2,A1-M01-I03,A1-M01-I03,CORE_OR_STRUCTURAL_ROUTE,REEXPOSURE_OR_RETRIEVAL,CONTEXTUAL_OR_FUNCTION_BOUND,,NONE,1.44,REQUIRED_SCHEDULE_EDGE_AUDITED,
REC-A1-000179,SEQ-A1-000058,SENSE,SENSE-A1-000150,cómo,LEX-A1-000148,SENSE-A1-000150,,NEAR_TRANSFER,A1-M01-I03-S2,A1-M01-I04-S3,A1-M01-I03,A1-M01-I04,CORE_OR_STRUCTURAL_ROUTE,TRANSFER_IN_CHANGED_CONTEXT,CONTEXTUAL_OR_FUNCTION_BOUND,,NONE,1.44,REQUIRED_SCHEDULE_EDGE_AUDITED,
REC-A1-000180,SEQ-A1-000058,SENSE,SENSE-A1-000150,cómo,LEX-A1-000148,SENSE-A1-000150,,DISTANT_RETURN,A1-M01-I04-S3,A1-M02-I03-S4,A1-M01-I04,A1-M02-I03,CORE_OR_STRUCTURAL_ROUTE,DELAYED_RETRIEVAL_OR_TERMINAL_INTEGRATION,CONTEXTUAL_OR_FUNCTION_BOUND,,NONE,1.44,REQUIRED_SCHEDULE_EDGE_AUDITED,"Scheduled four islands after first introduction; destination story is load-balanced. This is a curriculum spacing rule, not a universal optimal interval claim."
REC-A1-000181,SEQ-A1-000060,SENSE,SENSE-A1-000173,cuánto,LEX-A1-000171,SENSE-A1-000173,,LOCAL_REUSE,A1-M01-I03-S1,A1-M01-I03-S3,A1-M01-I03,A1-M01-I03,CORE_OR_STRUCTURAL_ROUTE,REEXPOSURE_OR_RETRIEVAL,CONTEXTUAL_OR_FUNCTION_BOUND,,NONE,1.44,REQUIRED_SCHEDULE_EDGE_AUDITED,
REC-A1-000182,SEQ-A1-000060,SENSE,SENSE-A1-000173,cuánto,LEX-A1-000171,SENSE-A1-000173,,NEAR_TRANSFER,A1-M01-I03-S3,A1-M01-I04-S3,A1-M01-I03,A1-M01-I04,CORE_OR_STRUCTURAL_ROUTE,TRANSFER_IN_CHANGED_CONTEXT,CONTEXTUAL_OR_FUNCTION_BOUND,,NONE,1.44,REQUIRED_SCHEDULE_EDGE_AUDITED,
REC-A1-000183,SEQ-A1-000060,SENSE,SENSE-A1-000173,cuánto,LEX-A1-000171,SENSE-A1-000173,,DISTANT_RETURN,A1-M01-I04-S3,A1-M02-I03-S4,A1-M01-I04,A1-M02-I03,CORE_OR_STRUCTURAL_ROUTE,DELAYED_RETRIEVAL_OR_TERMINAL_INTEGRATION,CONTEXTUAL_OR_FUNCTION_BOUND,,NONE,1.44,REQUIRED_SCHEDULE_EDGE_AUDITED,"Scheduled four islands after first introduction; destination story is load-balanced. This is a curriculum spacing rule, not a universal optimal interval claim."
REC-A1-000184,SEQ-A1-000063,SENSE,SENSE-A1-000201,dónde,LEX-A1-000197,SENSE-A1-000201,,LOCAL_REUSE,A1-M01-I03-S1,A1-M01-I03-S4,A1-M01-I03,A1-M01-I03,CORE_OR_STRUCTURAL_ROUTE,REEXPOSURE_OR_RETRIEVAL,CONTEXTUAL_OR_FUNCTION_BOUND,,NONE,1.44,REQUIRED_SCHEDULE_EDGE_AUDITED,
REC-A1-000185,SEQ-A1-000063,SENSE,SENSE-A1-000201,dónde,LEX-A1-000197,SENSE-A1-000201,,NEAR_TRANSFER,A1-M01-I03-S4,A1-M01-I04-S3,A1-M01-I03,A1-M01-I04,CORE_OR_STRUCTURAL_ROUTE,TRANSFER_IN_CHANGED_CONTEXT,CONTEXTUAL_OR_FUNCTION_BOUND,,NONE,1.44,REQUIRED_SCHEDULE_EDGE_AUDITED,
REC-A1-000186,SEQ-A1-000063,SENSE,SENSE-A1-000201,dónde,LEX-A1-000197,SENSE-A1-000201,,DISTANT_RETURN,A1-M01-I04-S3,A1-M02-I03-S4,A1-M01-I04,A1-M02-I03,CORE_OR_STRUCTURAL_ROUTE,DELAYED_RETRIEVAL_OR_TERMINAL_INTEGRATION,CONTEXTUAL_OR_FUNCTION_BOUND,,NONE,1.44,REQUIRED_SCHEDULE_EDGE_AUDITED,"Scheduled four islands after first introduction; destination story is load-balanced. This is a curriculum spacing rule, not a universal optimal interval claim."
REC-A1-000187,SEQ-A1-000066,SENSE,SENSE-A1-000232,español,LEX-A1-000228,SENSE-A1-000232,,LOCAL_REUSE,A1-M01-I03-S1,A1-M01-I03-S2,A1-M01-I03,A1-M01-I03,CORE_OR_STRUCTURAL_ROUTE,REEXPOSURE_OR_RETRIEVAL,CONTEXTUAL_OR_FUNCTION_BOUND,,NONE,1.44,REQUIRED_SCHEDULE_EDGE_AUDITED,
REC-A1-000188,SEQ-A1-000066,SENSE,SENSE-A1-000232,español,LEX-A1-000228,SENSE-A1-000232,,NEAR_TRANSFER,A1-M01-I03-S2,A1-M01-I04-S2,A1-M01-I03,A1-M01-I04,CORE_OR_STRUCTURAL_ROUTE,TRANSFER_IN_CHANGED_CONTEXT,CONTEXTUAL_OR_FUNCTION_BOUND,,NONE,1.44,REQUIRED_SCHEDULE_EDGE_AUDITED,
REC-A1-000189,SEQ-A1-000066,SENSE,SENSE-A1-000232,español,LEX-A1-000228,SENSE-A1-000232,,DISTANT_RETURN,A1-M01-I04-S2,A1-M02-I03-S4,A1-M01-I04,A1-M02-I03,CORE_OR_STRUCTURAL_ROUTE,DELAYED_RETRIEVAL_OR_TERMINAL_INTEGRATION,CONTEXTUAL_OR_FUNCTION_BOUND,,NONE,1.44,REQUIRED_SCHEDULE_EDGE_AUDITED,"Scheduled four islands after first introduction; destination story is load-balanced. This is a curriculum spacing rule, not a universal optimal interval claim."
REC-A1-000190,SEQ-A1-000069,SENSE,SENSE-A1-000259,fijo,LEX-A1-000255,SENSE-A1-000259,,LOCAL_REUSE,A1-M01-I03-S1,A1-M01-I03-S3,A1-M01-I03,A1-M01-I03,CORE_OR_STRUCTURAL_ROUTE,REEXPOSURE_OR_RETRIEVAL,CONTEXTUAL_OR_FUNCTION_BOUND,,NONE,1.44,REQUIRED_SCHEDULE_EDGE_AUDITED,
REC-A1-000191,SEQ-A1-000069,SENSE,SENSE-A1-000259,fijo,LEX-A1-000255,SENSE-A1-000259,,NEAR_TRANSFER,A1-M01-I03-S3,A1-M01-I04-S3,A1-M01-I03,A1-M01-I04,CORE_OR_STRUCTURAL_ROUTE,TRANSFER_IN_CHANGED_CONTEXT,CONTEXTUAL_OR_FUNCTION_BOUND,,NONE,1.44,REQUIRED_SCHEDULE_EDGE_AUDITED,
REC-A1-000192,SEQ-A1-000069,SENSE,SENSE-A1-000259,fijo,LEX-A1-000255,SENSE-A1-000259,,DISTANT_RETURN,A1-M01-I04-S3,A1-M02-I03-S4,A1-M01-I04,A1-M02-I03,CORE_OR_STRUCTURAL_ROUTE,DELAYED_RETRIEVAL_OR_TERMINAL_INTEGRATION,CONTEXTUAL_OR_FUNCTION_BOUND,,NONE,1.44,REQUIRED_SCHEDULE_EDGE_AUDITED,"Scheduled four islands after first introduction; destination story is load-balanced. This is a curriculum spacing rule, not a universal optimal interval claim."
REC-A1-000193,SEQ-A1-000072,SENSE,SENSE-A1-000316,japonés,LEX-A1-000310,SENSE-A1-000316,,LOCAL_REUSE,A1-M01-I03-S1,A1-M01-I03-S4,A1-M01-I03,A1-M01-I03,CORE_OR_STRUCTURAL_ROUTE,REEXPOSURE_OR_RETRIEVAL,CONTEXTUAL_OR_FUNCTION_BOUND,,NONE,1.44,REQUIRED_SCHEDULE_EDGE_AUDITED,
REC-A1-000194,SEQ-A1-000072,SENSE,SENSE-A1-000316,japonés,LEX-A1-000310,SENSE-A1-000316,,NEAR_TRANSFER,A1-M01-I03-S4,A1-M01-I04-S1,A1-M01-I03,A1-M01-I04,CORE_OR_STRUCTURAL_ROUTE,TRANSFER_IN_CHANGED_CONTEXT,CONTEXTUAL_OR_FUNCTION_BOUND,,NONE,1.44,REQUIRED_SCHEDULE_EDGE_AUDITED,
REC-A1-000195,SEQ-A1-000072,SENSE,SENSE-A1-000316,japonés,LEX-A1-000310,SENSE-A1-000316,,DISTANT_RETURN,A1-M01-I04-S1,A1-M02-I03-S4,A1-M01-I04,A1-M02-I03,CORE_OR_STRUCTURAL_ROUTE,DELAYED_RETRIEVAL_OR_TERMINAL_INTEGRATION,CONTEXTUAL_OR_FUNCTION_BOUND,,NONE,1.44,REQUIRED_SCHEDULE_EDGE_AUDITED,"Scheduled four islands after first introduction; destination story is load-balanced. This is a curriculum spacing rule, not a universal optimal interval claim."
REC-A1-000196,SEQ-A1-000075,SENSE,SENSE-A1-000373,mexicano,LEX-A1-000367,SENSE-A1-000373,,LOCAL_REUSE,A1-M01-I03-S1,A1-M01-I03-S2,A1-M01-I03,A1-M01-I03,CORE_OR_STRUCTURAL_ROUTE,REEXPOSURE_OR_RETRIEVAL,CONTEXTUAL_OR_FUNCTION_BOUND,,NONE,1.44,REQUIRED_SCHEDULE_EDGE_AUDITED,
REC-A1-000197,SEQ-A1-000075,SENSE,SENSE-A1-000373,mexicano,LEX-A1-000367,SENSE-A1-000373,,NEAR_TRANSFER,A1-M01-I03-S2,A1-M01-I04-S2,A1-M01-I03,A1-M01-I04,CORE_OR_STRUCTURAL_ROUTE,TRANSFER_IN_CHANGED_CONTEXT,CONTEXTUAL_OR_FUNCTION_BOUND,,NONE,1.44,REQUIRED_SCHEDULE_EDGE_AUDITED,
REC-A1-000198,SEQ-A1-000075,SENSE,SENSE-A1-000373,mexicano,LEX-A1-000367,SENSE-A1-000373,,DISTANT_RETURN,A1-M01-I04-S2,A1-M02-I03-S4,A1-M01-I04,A1-M02-I03,CORE_OR_STRUCTURAL_ROUTE,DELAYED_RETRIEVAL_OR_TERMINAL_INTEGRATION,CONTEXTUAL_OR_FUNCTION_BOUND,,NONE,1.44,REQUIRED_SCHEDULE_EDGE_AUDITED,"Scheduled four islands after first introduction; destination story is load-balanced. This is a curriculum spacing rule, not a universal optimal interval claim."
REC-A1-000199,SEQ-A1-000078,SENSE,SENSE-A1-000392,nacionalidad,LEX-A1-000385,SENSE-A1-000392,,LOCAL_REUSE,A1-M01-I03-S1,A1-M01-I03-S3,A1-M01-I03,A1-M01-I03,CORE_OR_STRUCTURAL_ROUTE,REEXPOSURE_OR_RETRIEVAL,CONTEXTUAL_OR_FUNCTION_BOUND,,NONE,1.44,REQUIRED_SCHEDULE_EDGE_AUDITED,
REC-A1-000200,SEQ-A1-000078,SENSE,SENSE-A1-000392,nacionalidad,LEX-A1-000385,SENSE-A1-000392,,NEAR_TRANSFER,A1-M01-I03-S3,A1-M01-I04-S3,A1-M01-I03,A1-M01-I04,CORE_OR_STRUCTURAL_ROUTE,TRANSFER_IN_CHANGED_CONTEXT,CONTEXTUAL_OR_FUNCTION_BOUND,,NONE,1.44,REQUIRED_SCHEDULE_EDGE_AUDITED,
REC-A1-000201,SEQ-A1-000078,SENSE,SENSE-A1-000392,nacionalidad,LEX-A1-000385,SENSE-A1-000392,,DISTANT_RETURN,A1-M01-I04-S3,A1-M02-I03-S4,A1-M01-I04,A1-M02-I03,CORE_OR_STRUCTURAL_ROUTE,DELAYED_RETRIEVAL_OR_TERMINAL_INTEGRATION,CONTEXTUAL_OR_FUNCTION_BOUND,,NONE,1.44,REQUIRED_SCHEDULE_EDGE_AUDITED,"Scheduled four islands after first introduction; destination story is load-balanced. This is a curriculum spacing rule, not a universal optimal interval claim."
REC-A1-000202,SEQ-A1-000082,SENSE,SENSE-A1-000487,quién,LEX-A1-000478,SENSE-A1-000487,,LOCAL_REUSE,A1-M01-I03-S1,A1-M01-I03-S4,A1-M01-I03,A1-M01-I03,CORE_OR_STRUCTURAL_ROUTE,REEXPOSURE_OR_RETRIEVAL,CONTEXTUAL_OR_FUNCTION_BOUND,,NONE,1.44,REQUIRED_SCHEDULE_EDGE_AUDITED,
REC-A1-000203,SEQ-A1-000082,SENSE,SENSE-A1-000487,quién,LEX-A1-000478,SENSE-A1-000487,,NEAR_TRANSFER,A1-M01-I03-S4,A1-M01-I04-S1,A1-M01-I03,A1-M01-I04,CORE_OR_STRUCTURAL_ROUTE,TRANSFER_IN_CHANGED_CONTEXT,CONTEXTUAL_OR_FUNCTION_BOUND,,NONE,1.44,REQUIRED_SCHEDULE_EDGE_AUDITED,
REC-A1-000204,SEQ-A1-000082,SENSE,SENSE-A1-000487,quién,LEX-A1-000478,SENSE-A1-000487,,DISTANT_RETURN,A1-M01-I04-S1,A1-M02-I03-S2,A1-M01-I04,A1-M02-I03,CORE_OR_STRUCTURAL_ROUTE,DELAYED_RETRIEVAL_OR_TERMINAL_INTEGRATION,CONTEXTUAL_OR_FUNCTION_BOUND,,NONE,1.44,REQUIRED_SCHEDULE_EDGE_AUDITED,"Scheduled four islands after first introduction; destination story is load-balanced. This is a curriculum spacing rule, not a universal optimal interval claim."
REC-A1-000205,SEQ-A1-000084,SENSE,SENSE-A1-000552,teléfono fijo,LEX-A1-000543,SENSE-A1-000552,,LOCAL_REUSE,A1-M01-I03-S1,A1-M01-I03-S2,A1-M01-I03,A1-M01-I03,CORE_OR_STRUCTURAL_ROUTE,REEXPOSURE_OR_RETRIEVAL,CONTEXTUAL_OR_FUNCTION_BOUND,,NONE,1.44,REQUIRED_SCHEDULE_EDGE_AUDITED,
REC-A1-000206,SEQ-A1-000084,SENSE,SENSE-A1-000552,teléfono fijo,LEX-A1-000543,SENSE-A1-000552,,NEAR_TRANSFER,A1-M01-I03-S2,A1-M01-I04-S2,A1-M01-I03,A1-M01-I04,CORE_OR_STRUCTURAL_ROUTE,TRANSFER_IN_CHANGED_CONTEXT,CONTEXTUAL_OR_FUNCTION_BOUND,,NONE,1.44,REQUIRED_SCHEDULE_EDGE_AUDITED,
REC-A1-000207,SEQ-A1-000084,SENSE,SENSE-A1-000552,teléfono fijo,LEX-A1-000543,SENSE-A1-000552,,DISTANT_RETURN,A1-M01-I04-S2,A1-M02-I03-S3,A1-M01-I04,A1-M02-I03,CORE_OR_STRUCTURAL_ROUTE,DELAYED_RETRIEVAL_OR_TERMINAL_INTEGRATION,CONTEXTUAL_OR_FUNCTION_BOUND,,NONE,1.44,REQUIRED_SCHEDULE_EDGE_AUDITED,"Scheduled four islands after first introduction; destination story is load-balanced. This is a curriculum spacing rule, not a universal optimal interval claim."
REC-A1-000208,SEQ-A1-000086,GRAMMAR_UNIT,GRAM-A1-005,Países: regla general sin artículo,,,,LOCAL_REUSE,A1-M01-I03-S2,A1-M01-I03-S3,A1-M01-I03,A1-M01-I03,CORE_OR_STRUCTURAL_ROUTE,REEXPOSURE_OR_RETRIEVAL,AS_OBJECT_POLICY_REQUIRES,,NONE,1.44,REQUIRED_SCHEDULE_EDGE_AUDITED,
REC-A1-000209,SEQ-A1-000086,GRAMMAR_UNIT,GRAM-A1-005,Países: regla general sin artículo,,,,NEAR_TRANSFER,A1-M01-I03-S3,A1-M01-I04-S3,A1-M01-I03,A1-M01-I04,CORE_OR_STRUCTURAL_ROUTE,TRANSFER_IN_CHANGED_CONTEXT,AS_OBJECT_POLICY_REQUIRES,,NONE,1.44,REQUIRED_SCHEDULE_EDGE_AUDITED,
REC-A1-000210,SEQ-A1-000086,GRAMMAR_UNIT,GRAM-A1-005,Países: regla general sin artículo,,,,DISTANT_RETURN,A1-M01-I04-S3,A1-M02-I03-S4,A1-M01-I04,A1-M02-I03,CORE_OR_STRUCTURAL_ROUTE,DELAYED_RETRIEVAL_OR_TERMINAL_INTEGRATION,AS_OBJECT_POLICY_REQUIRES,,NONE,1.44,REQUIRED_SCHEDULE_EDGE_AUDITED,"Scheduled four islands after first introduction; destination story is load-balanced. This is a curriculum spacing rule, not a universal optimal interval claim."
REC-A1-000211,SEQ-A1-000087,GRAMMAR_UNIT,GRAM-A1-006,Excepciones lexicalizadas de países con artículo incorporado,,,,LOCAL_REUSE,A1-M01-I03-S2,A1-M01-I03-S4,A1-M01-I03,A1-M01-I03,CORE_OR_STRUCTURAL_ROUTE,REEXPOSURE_OR_RETRIEVAL,AS_OBJECT_POLICY_REQUIRES,,NONE,1.44,REQUIRED_SCHEDULE_EDGE_AUDITED,
REC-A1-000212,SEQ-A1-000087,GRAMMAR_UNIT,GRAM-A1-006,Excepciones lexicalizadas de países con artículo incorporado,,,,NEAR_TRANSFER,A1-M01-I03-S4,A1-M01-I04-S1,A1-M01-I03,A1-M01-I04,CORE_OR_STRUCTURAL_ROUTE,TRANSFER_IN_CHANGED_CONTEXT,AS_OBJECT_POLICY_REQUIRES,,NONE,1.44,REQUIRED_SCHEDULE_EDGE_AUDITED,
REC-A1-000213,SEQ-A1-000087,GRAMMAR_UNIT,GRAM-A1-006,Excepciones lexicalizadas de países con artículo incorporado,,,,DISTANT_RETURN,A1-M01-I04-S1,A1-M02-I03-S1,A1-M01-I04,A1-M02-I03,CORE_OR_STRUCTURAL_ROUTE,DELAYED_RETRIEVAL_OR_TERMINAL_INTEGRATION,AS_OBJECT_POLICY_REQUIRES,,NONE,1.44,REQUIRED_SCHEDULE_EDGE_AUDITED,"Scheduled four islands after first introduction; destination story is load-balanced. This is a curriculum spacing rule, not a universal optimal interval claim."
REC-A1-000214,SEQ-A1-000088,GRAMMAR_UNIT,GRAM-A1-023,Gentilicios con masculino consonántico y femenino en -a,,,,LOCAL_REUSE,A1-M01-I03-S2,A1-M01-I03-S3,A1-M01-I03,A1-M01-I03,CORE_OR_STRUCTURAL_ROUTE,REEXPOSURE_OR_RETRIEVAL,AS_OBJECT_POLICY_REQUIRES,,NONE,1.44,REQUIRED_SCHEDULE_EDGE_AUDITED,
REC-A1-000215,SEQ-A1-000088,GRAMMAR_UNIT,GRAM-A1-023,Gentilicios con masculino consonántico y femenino en -a,,,,NEAR_TRANSFER,A1-M01-I03-S3,A1-M01-I04-S2,A1-M01-I03,A1-M01-I04,CORE_OR_STRUCTURAL_ROUTE,TRANSFER_IN_CHANGED_CONTEXT,AS_OBJECT_POLICY_REQUIRES,,NONE,1.44,REQUIRED_SCHEDULE_EDGE_AUDITED,
REC-A1-000216,SEQ-A1-000088,GRAMMAR_UNIT,GRAM-A1-023,Gentilicios con masculino consonántico y femenino en -a,,,,DISTANT_RETURN,A1-M01-I04-S2,A1-M02-I03-S2,A1-M01-I04,A1-M02-I03,CORE_OR_STRUCTURAL_ROUTE,DELAYED_RETRIEVAL_OR_TERMINAL_INTEGRATION,AS_OBJECT_POLICY_REQUIRES,,NONE,1.44,REQUIRED_SCHEDULE_EDGE_AUDITED,"Scheduled four islands after first introduction; destination story is load-balanced. This is a curriculum spacing rule, not a universal optimal interval claim."
REC-A1-000217,SEQ-A1-000092,GRAMMAR_UNIT,GRAM-A1-071,Sujeto pronominal normalmente omitible en español,,,,LOCAL_REUSE,A1-M01-I03-S2,A1-M01-I03-S4,A1-M01-I03,A1-M01-I03,CORE_OR_STRUCTURAL_ROUTE,REEXPOSURE_OR_RETRIEVAL,AS_OBJECT_POLICY_REQUIRES,,NONE,1.44,REQUIRED_SCHEDULE_EDGE_AUDITED,
REC-A1-000218,SEQ-A1-000092,GRAMMAR_UNIT,GRAM-A1-071,Sujeto pronominal normalmente omitible en español,,,,NEAR_TRANSFER,A1-M01-I03-S4,A1-M01-I04-S3,A1-M01-I03,A1-M01-I04,CORE_OR_STRUCTURAL_ROUTE,TRANSFER_IN_CHANGED_CONTEXT,AS_OBJECT_POLICY_REQUIRES,,NONE,1.44,REQUIRED_SCHEDULE_EDGE_AUDITED,
REC-A1-000219,SEQ-A1-000092,GRAMMAR_UNIT,GRAM-A1-071,Sujeto pronominal normalmente omitible en español,,,,DISTANT_RETURN,A1-M01-I04-S3,A1-M02-I03-S3,A1-M01-I04,A1-M02-I03,CORE_OR_STRUCTURAL_ROUTE,DELAYED_RETRIEVAL_OR_TERMINAL_INTEGRATION,AS_OBJECT_POLICY_REQUIRES,,NONE,1.44,REQUIRED_SCHEDULE_EDGE_AUDITED,"Scheduled four islands after first introduction; destination story is load-balanced. This is a curriculum spacing rule, not a universal optimal interval claim."
REC-A1-000220,SEQ-A1-000093,GRAMMAR_UNIT,GRAM-A1-076,Vosotros como plural de interlocutores según combinación de participantes,,,,LOCAL_REUSE,A1-M01-I03-S2,A1-M01-I03-S3,A1-M01-I03,A1-M01-I03,CORE_OR_STRUCTURAL_ROUTE,REEXPOSURE_OR_RETRIEVAL,AS_OBJECT_POLICY_REQUIRES,,NONE,1.44,REQUIRED_SCHEDULE_EDGE_AUDITED,
REC-A1-000221,SEQ-A1-000093,GRAMMAR_UNIT,GRAM-A1-076,Vosotros como plural de interlocutores según combinación de participantes,,,,NEAR_TRANSFER,A1-M01-I03-S3,A1-M01-I04-S1,A1-M01-I03,A1-M01-I04,CORE_OR_STRUCTURAL_ROUTE,TRANSFER_IN_CHANGED_CONTEXT,AS_OBJECT_POLICY_REQUIRES,,NONE,1.44,REQUIRED_SCHEDULE_EDGE_AUDITED,
REC-A1-000222,SEQ-A1-000093,GRAMMAR_UNIT,GRAM-A1-076,Vosotros como plural de interlocutores según combinación de participantes,,,,DISTANT_RETURN,A1-M01-I04-S1,A1-M02-I03-S4,A1-M01-I04,A1-M02-I03,CORE_OR_STRUCTURAL_ROUTE,DELAYED_RETRIEVAL_OR_TERMINAL_INTEGRATION,AS_OBJECT_POLICY_REQUIRES,,NONE,1.44,REQUIRED_SCHEDULE_EDGE_AUDITED,"Scheduled four islands after first introduction; destination story is load-balanced. This is a curriculum spacing rule, not a universal optimal interval claim."
REC-A1-000223,SEQ-A1-000102,MWU_SOURCE_UNIT,12B1-MWU-0008,número de teléfono,,,12B1-MWU-0008,LOCAL_REUSE,A1-M01-I03-S2,A1-M01-I03-S4,A1-M01-I03,A1-M01-I03,CORE_OR_STRUCTURAL_ROUTE,REEXPOSURE_OR_RETRIEVAL,AS_OBJECT_POLICY_REQUIRES,,NONE,1.44,REQUIRED_SCHEDULE_EDGE_AUDITED,
REC-A1-000224,SEQ-A1-000102,MWU_SOURCE_UNIT,12B1-MWU-0008,número de teléfono,,,12B1-MWU-0008,NEAR_TRANSFER,A1-M01-I03-S4,A1-M01-I04-S2,A1-M01-I03,A1-M01-I04,CORE_OR_STRUCTURAL_ROUTE,TRANSFER_IN_CHANGED_CONTEXT,AS_OBJECT_POLICY_REQUIRES,,NONE,1.44,REQUIRED_SCHEDULE_EDGE_AUDITED,
REC-A1-000225,SEQ-A1-000102,MWU_SOURCE_UNIT,12B1-MWU-0008,número de teléfono,,,12B1-MWU-0008,DISTANT_RETURN,A1-M01-I04-S2,A1-M02-I03-S1,A1-M01-I04,A1-M02-I03,CORE_OR_STRUCTURAL_ROUTE,DELAYED_RETRIEVAL_OR_TERMINAL_INTEGRATION,AS_OBJECT_POLICY_REQUIRES,,NONE,1.44,REQUIRED_SCHEDULE_EDGE_AUDITED,"Scheduled four islands after first introduction; destination story is load-balanced. This is a curriculum spacing rule, not a universal optimal interval claim."
REC-A1-000226,SEQ-A1-000052,SENSE,SENSE-A1-000029,alemán,LEX-A1-000029,SENSE-A1-000029,,LOCAL_REUSE,A1-M01-I03-S2,A1-M01-I03-S3,A1-M01-I03,A1-M01-I03,CORE_OR_STRUCTURAL_ROUTE,REEXPOSURE_OR_RETRIEVAL,CONTEXTUAL_OR_FUNCTION_BOUND,,NONE,1.44,REQUIRED_SCHEDULE_EDGE_AUDITED,
REC-A1-000227,SEQ-A1-000052,SENSE,SENSE-A1-000029,alemán,LEX-A1-000029,SENSE-A1-000029,,NEAR_TRANSFER,A1-M01-I03-S3,A1-M01-I04-S3,A1-M01-I03,A1-M01-I04,CORE_OR_STRUCTURAL_ROUTE,TRANSFER_IN_CHANGED_CONTEXT,CONTEXTUAL_OR_FUNCTION_BOUND,,NONE,1.44,REQUIRED_SCHEDULE_EDGE_AUDITED,
REC-A1-000228,SEQ-A1-000052,SENSE,SENSE-A1-000029,alemán,LEX-A1-000029,SENSE-A1-000029,,DISTANT_RETURN,A1-M01-I04-S3,A1-M02-I03-S2,A1-M01-I04,A1-M02-I03,CORE_OR_STRUCTURAL_ROUTE,DELAYED_RETRIEVAL_OR_TERMINAL_INTEGRATION,CONTEXTUAL_OR_FUNCTION_BOUND,,NONE,1.44,REQUIRED_SCHEDULE_EDGE_AUDITED,"Scheduled four islands after first introduction; destination story is load-balanced. This is a curriculum spacing rule, not a universal optimal interval claim."
REC-A1-000229,SEQ-A1-000055,SENSE,SENSE-A1-000111,carné de identidad,LEX-A1-000109,SENSE-A1-000111,,LOCAL_REUSE,A1-M01-I03-S2,A1-M01-I03-S4,A1-M01-I03,A1-M01-I03,CORE_OR_STRUCTURAL_ROUTE,REEXPOSURE_OR_RETRIEVAL,CONTEXTUAL_OR_FUNCTION_BOUND,,NONE,1.44,REQUIRED_SCHEDULE_EDGE_AUDITED,
REC-A1-000230,SEQ-A1-000055,SENSE,SENSE-A1-000111,carné de identidad,LEX-A1-000109,SENSE-A1-000111,,NEAR_TRANSFER,A1-M01-I03-S4,A1-M01-I04-S1,A1-M01-I03,A1-M01-I04,CORE_OR_STRUCTURAL_ROUTE,TRANSFER_IN_CHANGED_CONTEXT,CONTEXTUAL_OR_FUNCTION_BOUND,,NONE,1.44,REQUIRED_SCHEDULE_EDGE_AUDITED,
REC-A1-000231,SEQ-A1-000055,SENSE,SENSE-A1-000111,carné de identidad,LEX-A1-000109,SENSE-A1-000111,,DISTANT_RETURN,A1-M01-I04-S1,A1-M02-I03-S3,A1-M01-I04,A1-M02-I03,CORE_OR_STRUCTURAL_ROUTE,DELAYED_RETRIEVAL_OR_TERMINAL_INTEGRATION,CONTEXTUAL_OR_FUNCTION_BOUND,,NONE,1.44,REQUIRED_SCHEDULE_EDGE_AUDITED,"Scheduled four islands after first introduction; destination story is load-balanced. This is a curriculum spacing rule, not a universal optimal interval claim."
REC-A1-000232,SEQ-A1-000056,SENSE,SENSE-A1-000143,código,LEX-A1-000141,SENSE-A1-000143,,LOCAL_REUSE,A1-M01-I03-S2,A1-M01-I03-S3,A1-M01-I03,A1-M01-I03,CORE_OR_STRUCTURAL_ROUTE,REEXPOSURE_OR_RETRIEVAL,CONTEXTUAL_OR_FUNCTION_BOUND,,NONE,1.44,REQUIRED_SCHEDULE_EDGE_AUDITED,
REC-A1-000233,SEQ-A1-000056,SENSE,SENSE-A1-000143,código,LEX-A1-000141,SENSE-A1-000143,,NEAR_TRANSFER,A1-M01-I03-S3,A1-M01-I04-S2,A1-M01-I03,A1-M01-I04,CORE_OR_STRUCTURAL_ROUTE,TRANSFER_IN_CHANGED_CONTEXT,CONTEXTUAL_OR_FUNCTION_BOUND,,NONE,1.44,REQUIRED_SCHEDULE_EDGE_AUDITED,
REC-A1-000234,SEQ-A1-000056,SENSE,SENSE-A1-000143,código,LEX-A1-000141,SENSE-A1-000143,,DISTANT_RETURN,A1-M01-I04-S2,A1-M02-I03-S4,A1-M01-I04,A1-M02-I03,CORE_OR_STRUCTURAL_ROUTE,DELAYED_RETRIEVAL_OR_TERMINAL_INTEGRATION,CONTEXTUAL_OR_FUNCTION_BOUND,,NONE,1.44,REQUIRED_SCHEDULE_EDGE_AUDITED,"Scheduled four islands after first introduction; destination story is load-balanced. This is a curriculum spacing rule, not a universal optimal interval claim."
REC-A1-000235,SEQ-A1-000061,SENSE,SENSE-A1-000178,de,LEX-A1-000176,SENSE-A1-000178,,LOCAL_REUSE,A1-M01-I03-S2,A1-M01-I03-S4,A1-M01-I03,A1-M01-I03,CORE_OR_STRUCTURAL_ROUTE,REEXPOSURE_OR_RETRIEVAL,CONTEXTUAL_OR_FUNCTION_BOUND,,NONE,1.44,REQUIRED_SCHEDULE_EDGE_AUDITED,
REC-A1-000236,SEQ-A1-000061,SENSE,SENSE-A1-000178,de,LEX-A1-000176,SENSE-A1-000178,,NEAR_TRANSFER,A1-M01-I03-S4,A1-M01-I04-S3,A1-M01-I03,A1-M01-I04,CORE_OR_STRUCTURAL_ROUTE,TRANSFER_IN_CHANGED_CONTEXT,CONTEXTUAL_OR_FUNCTION_BOUND,,NONE,1.44,REQUIRED_SCHEDULE_EDGE_AUDITED,
REC-A1-000237,SEQ-A1-000061,SENSE,SENSE-A1-000178,de,LEX-A1-000176,SENSE-A1-000178,,DISTANT_RETURN,A1-M01-I04-S3,A1-M02-I03-S1,A1-M01-I04,A1-M02-I03,CORE_OR_STRUCTURAL_ROUTE,DELAYED_RETRIEVAL_OR_TERMINAL_INTEGRATION,CONTEXTUAL_OR_FUNCTION_BOUND,,NONE,1.44,REQUIRED_SCHEDULE_EDGE_AUDITED,"Scheduled four islands after first introduction; destination story is load-balanced. This is a curriculum spacing rule, not a universal optimal interval claim."
REC-A1-000238,SEQ-A1-000064,SENSE,SENSE-A1-000206,edad,LEX-A1-000202,SENSE-A1-000206,,LOCAL_REUSE,A1-M01-I03-S2,A1-M01-I03-S3,A1-M01-I03,A1-M01-I03,CORE_OR_STRUCTURAL_ROUTE,REEXPOSURE_OR_RETRIEVAL,CONTEXTUAL_OR_FUNCTION_BOUND,,NONE,1.44,REQUIRED_SCHEDULE_EDGE_AUDITED,
REC-A1-000239,SEQ-A1-000064,SENSE,SENSE-A1-000206,edad,LEX-A1-000202,SENSE-A1-000206,,NEAR_TRANSFER,A1-M01-I03-S3,A1-M01-I04-S1,A1-M01-I03,A1-M01-I04,CORE_OR_STRUCTURAL_ROUTE,TRANSFER_IN_CHANGED_CONTEXT,CONTEXTUAL_OR_FUNCTION_BOUND,,NONE,1.44,REQUIRED_SCHEDULE_EDGE_AUDITED,
REC-A1-000240,SEQ-A1-000064,SENSE,SENSE-A1-000206,edad,LEX-A1-000202,SENSE-A1-000206,,DISTANT_RETURN,A1-M01-I04-S1,A1-M02-I03-S2,A1-M01-I04,A1-M02-I03,CORE_OR_STRUCTURAL_ROUTE,DELAYED_RETRIEVAL_OR_TERMINAL_INTEGRATION,CONTEXTUAL_OR_FUNCTION_BOUND,,NONE,1.44,REQUIRED_SCHEDULE_EDGE_AUDITED,"Scheduled four islands after first introduction; destination story is load-balanced. This is a curriculum spacing rule, not a universal optimal interval claim."
REC-A1-000241,SEQ-A1-000067,SENSE,SENSE-A1-000248,extranjero,LEX-A1-000244,SENSE-A1-000248,,LOCAL_REUSE,A1-M01-I03-S2,A1-M01-I03-S4,A1-M01-I03,A1-M01-I03,CORE_OR_STRUCTURAL_ROUTE,REEXPOSURE_OR_RETRIEVAL,CONTEXTUAL_OR_FUNCTION_BOUND,,NONE,1.44,REQUIRED_SCHEDULE_EDGE_AUDITED,
REC-A1-000242,SEQ-A1-000067,SENSE,SENSE-A1-000248,extranjero,LEX-A1-000244,SENSE-A1-000248,,NEAR_TRANSFER,A1-M01-I03-S4,A1-M01-I04-S2,A1-M01-I03,A1-M01-I04,CORE_OR_STRUCTURAL_ROUTE,TRANSFER_IN_CHANGED_CONTEXT,CONTEXTUAL_OR_FUNCTION_BOUND,,NONE,1.44,REQUIRED_SCHEDULE_EDGE_AUDITED,
REC-A1-000243,SEQ-A1-000067,SENSE,SENSE-A1-000248,extranjero,LEX-A1-000244,SENSE-A1-000248,,DISTANT_RETURN,A1-M01-I04-S2,A1-M02-I03-S3,A1-M01-I04,A1-M02-I03,CORE_OR_STRUCTURAL_ROUTE,DELAYED_RETRIEVAL_OR_TERMINAL_INTEGRATION,CONTEXTUAL_OR_FUNCTION_BOUND,,NONE,1.44,REQUIRED_SCHEDULE_EDGE_AUDITED,"Scheduled four islands after first introduction; destination story is load-balanced. This is a curriculum spacing rule, not a universal optimal interval claim."
REC-A1-000244,SEQ-A1-000070,SENSE,SENSE-A1-000301,identidad,LEX-A1-000296,SENSE-A1-000301,,LOCAL_REUSE,A1-M01-I03-S2,A1-M01-I03-S3,A1-M01-I03,A1-M01-I03,CORE_OR_STRUCTURAL_ROUTE,REEXPOSURE_OR_RETRIEVAL,CONTEXTUAL_OR_FUNCTION_BOUND,,NONE,1.44,REQUIRED_SCHEDULE_EDGE_AUDITED,
REC-A1-000245,SEQ-A1-000070,SENSE,SENSE-A1-000301,identidad,LEX-A1-000296,SENSE-A1-000301,,NEAR_TRANSFER,A1-M01-I03-S3,A1-M01-I04-S3,A1-M01-I03,A1-M01-I04,CORE_OR_STRUCTURAL_ROUTE,TRANSFER_IN_CHANGED_CONTEXT,CONTEXTUAL_OR_FUNCTION_BOUND,,NONE,1.44,REQUIRED_SCHEDULE_EDGE_AUDITED,
REC-A1-000246,SEQ-A1-000070,SENSE,SENSE-A1-000301,identidad,LEX-A1-000296,SENSE-A1-000301,,DISTANT_RETURN,A1-M01-I04-S3,A1-M02-I03-S4,A1-M01-I04,A1-M02-I03,CORE_OR_STRUCTURAL_ROUTE,DELAYED_RETRIEVAL_OR_TERMINAL_INTEGRATION,CONTEXTUAL_OR_FUNCTION_BOUND,,NONE,1.44,REQUIRED_SCHEDULE_EDGE_AUDITED,"Scheduled four islands after first introduction; destination story is load-balanced. This is a curriculum spacing rule, not a universal optimal interval claim."
REC-A1-000247,SEQ-A1-000073,SENSE,SENSE-A1-000357,marroquí,LEX-A1-000351,SENSE-A1-000357,,LOCAL_REUSE,A1-M01-I03-S2,A1-M01-I03-S4,A1-M01-I03,A1-M01-I03,CORE_OR_STRUCTURAL_ROUTE,REEXPOSURE_OR_RETRIEVAL,CONTEXTUAL_OR_FUNCTION_BOUND,,NONE,1.44,REQUIRED_SCHEDULE_EDGE_AUDITED,
REC-A1-000248,SEQ-A1-000073,SENSE,SENSE-A1-000357,marroquí,LEX-A1-000351,SENSE-A1-000357,,NEAR_TRANSFER,A1-M01-I03-S4,A1-M01-I04-S1,A1-M01-I03,A1-M01-I04,CORE_OR_STRUCTURAL_ROUTE,TRANSFER_IN_CHANGED_CONTEXT,CONTEXTUAL_OR_FUNCTION_BOUND,,NONE,1.44,REQUIRED_SCHEDULE_EDGE_AUDITED,
REC-A1-000249,SEQ-A1-000073,SENSE,SENSE-A1-000357,marroquí,LEX-A1-000351,SENSE-A1-000357,,DISTANT_RETURN,A1-M01-I04-S1,A1-M02-I03-S1,A1-M01-I04,A1-M02-I03,CORE_OR_STRUCTURAL_ROUTE,DELAYED_RETRIEVAL_OR_TERMINAL_INTEGRATION,CONTEXTUAL_OR_FUNCTION_BOUND,,NONE,1.44,REQUIRED_SCHEDULE_EDGE_AUDITED,"Scheduled four islands after first introduction; destination story is load-balanced. This is a curriculum spacing rule, not a universal optimal interval claim."
REC-A1-000250,SEQ-A1-000076,SENSE,SENSE-A1-000374,mexicano,LEX-A1-000368,SENSE-A1-000374,,LOCAL_REUSE,A1-M01-I03-S2,A1-M01-I03-S3,A1-M01-I03,A1-M01-I03,CORE_OR_STRUCTURAL_ROUTE,REEXPOSURE_OR_RETRIEVAL,CONTEXTUAL_OR_FUNCTION_BOUND,,NONE,1.44,REQUIRED_SCHEDULE_EDGE_AUDITED,
REC-A1-000251,SEQ-A1-000076,SENSE,SENSE-A1-000374,mexicano,LEX-A1-000368,SENSE-A1-000374,,NEAR_TRANSFER,A1-M01-I03-S3,A1-M01-I04-S2,A1-M01-I03,A1-M01-I04,CORE_OR_STRUCTURAL_ROUTE,TRANSFER_IN_CHANGED_CONTEXT,CONTEXTUAL_OR_FUNCTION_BOUND,,NONE,1.44,REQUIRED_SCHEDULE_EDGE_AUDITED,
REC-A1-000252,SEQ-A1-000076,SENSE,SENSE-A1-000374,mexicano,LEX-A1-000368,SENSE-A1-000374,,DISTANT_RETURN,A1-M01-I04-S2,A1-M02-I03-S2,A1-M01-I04,A1-M02-I03,CORE_OR_STRUCTURAL_ROUTE,DELAYED_RETRIEVAL_OR_TERMINAL_INTEGRATION,CONTEXTUAL_OR_FUNCTION_BOUND,,NONE,1.44,REQUIRED_SCHEDULE_EDGE_AUDITED,"Scheduled four islands after first introduction; destination story is load-balanced. This is a curriculum spacing rule, not a universal optimal interval claim."
REC-A1-000253,SEQ-A1-000079,SENSE,SENSE-A1-000411,número,LEX-A1-000404,SENSE-A1-000411,,LOCAL_REUSE,A1-M01-I03-S2,A1-M01-I03-S4,A1-M01-I03,A1-M01-I03,CORE_OR_STRUCTURAL_ROUTE,REEXPOSURE_OR_RETRIEVAL,CONTEXTUAL_OR_FUNCTION_BOUND,,NONE,1.44,REQUIRED_SCHEDULE_EDGE_AUDITED,
REC-A1-000254,SEQ-A1-000079,SENSE,SENSE-A1-000411,número,LEX-A1-000404,SENSE-A1-000411,,NEAR_TRANSFER,A1-M01-I03-S4,A1-M01-I04-S3,A1-M01-I03,A1-M01-I04,CORE_OR_STRUCTURAL_ROUTE,TRANSFER_IN_CHANGED_CONTEXT,CONTEXTUAL_OR_FUNCTION_BOUND,,NONE,1.44,REQUIRED_SCHEDULE_EDGE_AUDITED,
REC-A1-000255,SEQ-A1-000079,SENSE,SENSE-A1-000411,número,LEX-A1-000404,SENSE-A1-000411,,DISTANT_RETURN,A1-M01-I04-S3,A1-M02-I03-S3,A1-M01-I04,A1-M02-I03,CORE_OR_STRUCTURAL_ROUTE,DELAYED_RETRIEVAL_OR_TERMINAL_INTEGRATION,CONTEXTUAL_OR_FUNCTION_BOUND,,NONE,1.44,REQUIRED_SCHEDULE_EDGE_AUDITED,"Scheduled four islands after first introduction; destination story is load-balanced. This is a curriculum spacing rule, not a universal optimal interval claim."
REC-A1-000256,SEQ-A1-000081,SENSE,SENSE-A1-000483,qué,LEX-A1-000474,SENSE-A1-000483,,LOCAL_REUSE,A1-M01-I03-S2,A1-M01-I03-S3,A1-M01-I03,A1-M01-I03,CORE_OR_STRUCTURAL_ROUTE,REEXPOSURE_OR_RETRIEVAL,CONTEXTUAL_OR_FUNCTION_BOUND,,NONE,1.44,REQUIRED_SCHEDULE_EDGE_AUDITED,
REC-A1-000257,SEQ-A1-000081,SENSE,SENSE-A1-000483,qué,LEX-A1-000474,SENSE-A1-000483,,NEAR_TRANSFER,A1-M01-I03-S3,A1-M01-I04-S1,A1-M01-I03,A1-M01-I04,CORE_OR_STRUCTURAL_ROUTE,TRANSFER_IN_CHANGED_CONTEXT,CONTEXTUAL_OR_FUNCTION_BOUND,,NONE,1.44,REQUIRED_SCHEDULE_EDGE_AUDITED,
REC-A1-000258,SEQ-A1-000081,SENSE,SENSE-A1-000483,qué,LEX-A1-000474,SENSE-A1-000483,,DISTANT_RETURN,A1-M01-I04-S1,A1-M02-I03-S4,A1-M01-I04,A1-M02-I03,CORE_OR_STRUCTURAL_ROUTE,DELAYED_RETRIEVAL_OR_TERMINAL_INTEGRATION,CONTEXTUAL_OR_FUNCTION_BOUND,,NONE,1.44,REQUIRED_SCHEDULE_EDGE_AUDITED,"Scheduled four islands after first introduction; destination story is load-balanced. This is a curriculum spacing rule, not a universal optimal interval claim."
REC-A1-000259,SEQ-A1-000085,SENSE,SENSE-A1-000553,teléfono móvil,LEX-A1-000544,SENSE-A1-000553,,LOCAL_REUSE,A1-M01-I03-S2,A1-M01-I03-S4,A1-M01-I03,A1-M01-I03,CORE_OR_STRUCTURAL_ROUTE,REEXPOSURE_OR_RETRIEVAL,CONTEXTUAL_OR_FUNCTION_BOUND,,NONE,1.44,REQUIRED_SCHEDULE_EDGE_AUDITED,
REC-A1-000260,SEQ-A1-000085,SENSE,SENSE-A1-000553,teléfono móvil,LEX-A1-000544,SENSE-A1-000553,,NEAR_TRANSFER,A1-M01-I03-S4,A1-M01-I04-S2,A1-M01-I03,A1-M01-I04,CORE_OR_STRUCTURAL_ROUTE,TRANSFER_IN_CHANGED_CONTEXT,CONTEXTUAL_OR_FUNCTION_BOUND,,NONE,1.44,REQUIRED_SCHEDULE_EDGE_AUDITED,
REC-A1-000261,SEQ-A1-000085,SENSE,SENSE-A1-000553,teléfono móvil,LEX-A1-000544,SENSE-A1-000553,,DISTANT_RETURN,A1-M01-I04-S2,A1-M02-I03-S1,A1-M01-I04,A1-M02-I03,CORE_OR_STRUCTURAL_ROUTE,DELAYED_RETRIEVAL_OR_TERMINAL_INTEGRATION,CONTEXTUAL_OR_FUNCTION_BOUND,,NONE,1.44,REQUIRED_SCHEDULE_EDGE_AUDITED,"Scheduled four islands after first introduction; destination story is load-balanced. This is a curriculum spacing rule, not a universal optimal interval claim."
REC-A1-000262,SEQ-A1-000089,GRAMMAR_UNIT,GRAM-A1-025,Gentilicios terminados en -í/-ú sin variación de género en A1,,,,LOCAL_REUSE,A1-M01-I03-S3,A1-M01-I03-S4,A1-M01-I03,A1-M01-I03,CORE_OR_STRUCTURAL_ROUTE,REEXPOSURE_OR_RETRIEVAL,AS_OBJECT_POLICY_REQUIRES,,NONE,1.44,REQUIRED_SCHEDULE_EDGE_AUDITED,
REC-A1-000263,SEQ-A1-000089,GRAMMAR_UNIT,GRAM-A1-025,Gentilicios terminados en -í/-ú sin variación de género en A1,,,,NEAR_TRANSFER,A1-M01-I03-S4,A1-M01-I04-S3,A1-M01-I03,A1-M01-I04,CORE_OR_STRUCTURAL_ROUTE,TRANSFER_IN_CHANGED_CONTEXT,AS_OBJECT_POLICY_REQUIRES,,NONE,1.44,REQUIRED_SCHEDULE_EDGE_AUDITED,
REC-A1-000264,SEQ-A1-000089,GRAMMAR_UNIT,GRAM-A1-025,Gentilicios terminados en -í/-ú sin variación de género en A1,,,,DISTANT_RETURN,A1-M01-I04-S3,A1-M02-I03-S2,A1-M01-I04,A1-M02-I03,CORE_OR_STRUCTURAL_ROUTE,DELAYED_RETRIEVAL_OR_TERMINAL_INTEGRATION,AS_OBJECT_POLICY_REQUIRES,,NONE,1.44,REQUIRED_SCHEDULE_EDGE_AUDITED,"Scheduled four islands after first introduction; destination story is load-balanced. This is a curriculum spacing rule, not a universal optimal interval claim."
REC-A1-000265,SEQ-A1-000091,GRAMMAR_UNIT,GRAM-A1-070,Usted/ustedes y distribución regional de ustedes/vosotros,,,,LOCAL_REUSE,A1-M01-I03-S3,A1-M01-I03-S4,A1-M01-I03,A1-M01-I03,CORE_OR_STRUCTURAL_ROUTE,REEXPOSURE_OR_RETRIEVAL,AS_OBJECT_POLICY_REQUIRES,,NONE,1.44,REQUIRED_SCHEDULE_EDGE_AUDITED,
REC-A1-000266,SEQ-A1-000091,GRAMMAR_UNIT,GRAM-A1-070,Usted/ustedes y distribución regional de ustedes/vosotros,,,,NEAR_TRANSFER,A1-M01-I03-S4,A1-M01-I04-S1,A1-M01-I03,A1-M01-I04,CORE_OR_STRUCTURAL_ROUTE,TRANSFER_IN_CHANGED_CONTEXT,AS_OBJECT_POLICY_REQUIRES,,NONE,1.44,REQUIRED_SCHEDULE_EDGE_AUDITED,
REC-A1-000267,SEQ-A1-000091,GRAMMAR_UNIT,GRAM-A1-070,Usted/ustedes y distribución regional de ustedes/vosotros,,,,DISTANT_RETURN,A1-M01-I04-S1,A1-M02-I03-S3,A1-M01-I04,A1-M02-I03,CORE_OR_STRUCTURAL_ROUTE,DELAYED_RETRIEVAL_OR_TERMINAL_INTEGRATION,AS_OBJECT_POLICY_REQUIRES,,NONE,1.44,REQUIRED_SCHEDULE_EDGE_AUDITED,"Scheduled four islands after first introduction; destination story is load-balanced. This is a curriculum spacing rule, not a universal optimal interval claim."
REC-A1-000268,SEQ-A1-000094,GRAMMAR_UNIT,GRAM-A1-087,"Qué tónico con tilde, posición inicial; aislado o seguido de verbo/SN",,,,LOCAL_REUSE,A1-M01-I03-S3,A1-M01-I03-S4,A1-M01-I03,A1-M01-I03,CORE_OR_STRUCTURAL_ROUTE,REEXPOSURE_OR_RETRIEVAL,AS_OBJECT_POLICY_REQUIRES,,NONE,1.44,REQUIRED_SCHEDULE_EDGE_AUDITED,
REC-A1-000269,SEQ-A1-000094,GRAMMAR_UNIT,GRAM-A1-087,"Qué tónico con tilde, posición inicial; aislado o seguido de verbo/SN",,,,NEAR_TRANSFER,A1-M01-I03-S4,A1-M01-I04-S2,A1-M01-I03,A1-M01-I04,CORE_OR_STRUCTURAL_ROUTE,TRANSFER_IN_CHANGED_CONTEXT,AS_OBJECT_POLICY_REQUIRES,,NONE,1.44,REQUIRED_SCHEDULE_EDGE_AUDITED,
REC-A1-000270,SEQ-A1-000094,GRAMMAR_UNIT,GRAM-A1-087,"Qué tónico con tilde, posición inicial; aislado o seguido de verbo/SN",,,,DISTANT_RETURN,A1-M01-I04-S2,A1-M02-I03-S4,A1-M01-I04,A1-M02-I03,CORE_OR_STRUCTURAL_ROUTE,DELAYED_RETRIEVAL_OR_TERMINAL_INTEGRATION,AS_OBJECT_POLICY_REQUIRES,,NONE,1.44,REQUIRED_SCHEDULE_EDGE_AUDITED,"Scheduled four islands after first introduction; destination story is load-balanced. This is a curriculum spacing rule, not a universal optimal interval claim."
REC-A1-000271,SEQ-A1-000096,GRAMMAR_UNIT,GRAM-A1-111,Forma voseante de ser (sos),,,,LOCAL_REUSE,A1-M01-I03-S3,A1-M01-I03-S4,A1-M01-I03,A1-M01-I03,CORE_OR_STRUCTURAL_ROUTE,REEXPOSURE_OR_RETRIEVAL,AS_OBJECT_POLICY_REQUIRES,,NONE,1.44,REQUIRED_SCHEDULE_EDGE_AUDITED,
REC-A1-000272,SEQ-A1-000096,GRAMMAR_UNIT,GRAM-A1-111,Forma voseante de ser (sos),,,,NEAR_TRANSFER,A1-M01-I03-S4,A1-M01-I04-S3,A1-M01-I03,A1-M01-I04,CORE_OR_STRUCTURAL_ROUTE,TRANSFER_IN_CHANGED_CONTEXT,AS_OBJECT_POLICY_REQUIRES,,NONE,1.44,REQUIRED_SCHEDULE_EDGE_AUDITED,
REC-A1-000273,SEQ-A1-000096,GRAMMAR_UNIT,GRAM-A1-111,Forma voseante de ser (sos),,,,DISTANT_RETURN,A1-M01-I04-S3,A1-M02-I03-S1,A1-M01-I04,A1-M02-I03,CORE_OR_STRUCTURAL_ROUTE,DELAYED_RETRIEVAL_OR_TERMINAL_INTEGRATION,AS_OBJECT_POLICY_REQUIRES,,NONE,1.44,REQUIRED_SCHEDULE_EDGE_AUDITED,"Scheduled four islands after first introduction; destination story is load-balanced. This is a curriculum spacing rule, not a universal optimal interval claim."
REC-A1-000274,SEQ-A1-000100,MWU_SOURCE_UNIT,12B1-MWU-0002,carné de identidad,LEX-A1-000109,SENSE-A1-000111,12B1-MWU-0002,LOCAL_REUSE,A1-M01-I03-S3,A1-M01-I03-S4,A1-M01-I03,A1-M01-I03,CORE_OR_STRUCTURAL_ROUTE,REEXPOSURE_OR_RETRIEVAL,AS_OBJECT_POLICY_REQUIRES,,NONE,1.44,REQUIRED_SCHEDULE_EDGE_AUDITED,
REC-A1-000275,SEQ-A1-000100,MWU_SOURCE_UNIT,12B1-MWU-0002,carné de identidad,LEX-A1-000109,SENSE-A1-000111,12B1-MWU-0002,NEAR_TRANSFER,A1-M01-I03-S4,A1-M01-I04-S1,A1-M01-I03,A1-M01-I04,CORE_OR_STRUCTURAL_ROUTE,TRANSFER_IN_CHANGED_CONTEXT,AS_OBJECT_POLICY_REQUIRES,,NONE,1.44,REQUIRED_SCHEDULE_EDGE_AUDITED,
REC-A1-000276,SEQ-A1-000100,MWU_SOURCE_UNIT,12B1-MWU-0002,carné de identidad,LEX-A1-000109,SENSE-A1-000111,12B1-MWU-0002,DISTANT_RETURN,A1-M01-I04-S1,A1-M02-I03-S2,A1-M01-I04,A1-M02-I03,CORE_OR_STRUCTURAL_ROUTE,DELAYED_RETRIEVAL_OR_TERMINAL_INTEGRATION,AS_OBJECT_POLICY_REQUIRES,,NONE,1.44,REQUIRED_SCHEDULE_EDGE_AUDITED,"Scheduled four islands after first introduction; destination story is load-balanced. This is a curriculum spacing rule, not a universal optimal interval claim."
REC-A1-000277,SEQ-A1-000103,MWU_SOURCE_UNIT,12B1-MWU-0070,teléfono fijo,LEX-A1-000543,SENSE-A1-000552,12B1-MWU-0070,LOCAL_REUSE,A1-M01-I03-S3,A1-M01-I03-S4,A1-M01-I03,A1-M01-I03,CORE_OR_STRUCTURAL_ROUTE,REEXPOSURE_OR_RETRIEVAL,AS_OBJECT_POLICY_REQUIRES,,NONE,1.44,REQUIRED_SCHEDULE_EDGE_AUDITED,
REC-A1-000278,SEQ-A1-000103,MWU_SOURCE_UNIT,12B1-MWU-0070,teléfono fijo,LEX-A1-000543,SENSE-A1-000552,12B1-MWU-0070,NEAR_TRANSFER,A1-M01-I03-S4,A1-M01-I04-S2,A1-M01-I03,A1-M01-I04,CORE_OR_STRUCTURAL_ROUTE,TRANSFER_IN_CHANGED_CONTEXT,AS_OBJECT_POLICY_REQUIRES,,NONE,1.44,REQUIRED_SCHEDULE_EDGE_AUDITED,
REC-A1-000279,SEQ-A1-000103,MWU_SOURCE_UNIT,12B1-MWU-0070,teléfono fijo,LEX-A1-000543,SENSE-A1-000552,12B1-MWU-0070,DISTANT_RETURN,A1-M01-I04-S2,A1-M02-I03-S3,A1-M01-I04,A1-M02-I03,CORE_OR_STRUCTURAL_ROUTE,DELAYED_RETRIEVAL_OR_TERMINAL_INTEGRATION,AS_OBJECT_POLICY_REQUIRES,,NONE,1.44,REQUIRED_SCHEDULE_EDGE_AUDITED,"Scheduled four islands after first introduction; destination story is load-balanced. This is a curriculum spacing rule, not a universal optimal interval claim."
REC-A1-000280,SEQ-A1-000053,SENSE,SENSE-A1-000030,alemán,LEX-A1-000030,SENSE-A1-000030,,LOCAL_REUSE,A1-M01-I03-S3,A1-M01-I03-S4,A1-M01-I03,A1-M01-I03,CORE_OR_STRUCTURAL_ROUTE,REEXPOSURE_OR_RETRIEVAL,CONTEXTUAL_OR_FUNCTION_BOUND,,NONE,1.44,REQUIRED_SCHEDULE_EDGE_AUDITED,
REC-A1-000281,SEQ-A1-000053,SENSE,SENSE-A1-000030,alemán,LEX-A1-000030,SENSE-A1-000030,,NEAR_TRANSFER,A1-M01-I03-S4,A1-M01-I04-S3,A1-M01-I03,A1-M01-I04,CORE_OR_STRUCTURAL_ROUTE,TRANSFER_IN_CHANGED_CONTEXT,CONTEXTUAL_OR_FUNCTION_BOUND,,NONE,1.44,REQUIRED_SCHEDULE_EDGE_AUDITED,
REC-A1-000282,SEQ-A1-000053,SENSE,SENSE-A1-000030,alemán,LEX-A1-000030,SENSE-A1-000030,,DISTANT_RETURN,A1-M01-I04-S3,A1-M02-I03-S4,A1-M01-I04,A1-M02-I03,CORE_OR_STRUCTURAL_ROUTE,DELAYED_RETRIEVAL_OR_TERMINAL_INTEGRATION,CONTEXTUAL_OR_FUNCTION_BOUND,,NONE,1.44,REQUIRED_SCHEDULE_EDGE_AUDITED,"Scheduled four islands after first introduction; destination story is load-balanced. This is a curriculum spacing rule, not a universal optimal interval claim."
REC-A1-000283,SEQ-A1-000057,SENSE,SENSE-A1-000144,código postal,LEX-A1-000142,SENSE-A1-000144,,LOCAL_REUSE,A1-M01-I03-S3,A1-M01-I03-S4,A1-M01-I03,A1-M01-I03,CORE_OR_STRUCTURAL_ROUTE,REEXPOSURE_OR_RETRIEVAL,CONTEXTUAL_OR_FUNCTION_BOUND,,NONE,1.44,REQUIRED_SCHEDULE_EDGE_AUDITED,
REC-A1-000284,SEQ-A1-000057,SENSE,SENSE-A1-000144,código postal,LEX-A1-000142,SENSE-A1-000144,,NEAR_TRANSFER,A1-M01-I03-S4,A1-M01-I04-S1,A1-M01-I03,A1-M01-I04,CORE_OR_STRUCTURAL_ROUTE,TRANSFER_IN_CHANGED_CONTEXT,CONTEXTUAL_OR_FUNCTION_BOUND,,NONE,1.44,REQUIRED_SCHEDULE_EDGE_AUDITED,
REC-A1-000285,SEQ-A1-000057,SENSE,SENSE-A1-000144,código postal,LEX-A1-000142,SENSE-A1-000144,,DISTANT_RETURN,A1-M01-I04-S1,A1-M02-I03-S1,A1-M01-I04,A1-M02-I03,CORE_OR_STRUCTURAL_ROUTE,DELAYED_RETRIEVAL_OR_TERMINAL_INTEGRATION,CONTEXTUAL_OR_FUNCTION_BOUND,,NONE,1.44,REQUIRED_SCHEDULE_EDGE_AUDITED,"Scheduled four islands after first introduction; destination story is load-balanced. This is a curriculum spacing rule, not a universal optimal interval claim."
REC-A1-000286,SEQ-A1-000059,SENSE,SENSE-A1-000171,cuál,LEX-A1-000169,SENSE-A1-000171,,LOCAL_REUSE,A1-M01-I03-S3,A1-M01-I03-S4,A1-M01-I03,A1-M01-I03,CORE_OR_STRUCTURAL_ROUTE,REEXPOSURE_OR_RETRIEVAL,CONTEXTUAL_OR_FUNCTION_BOUND,,NONE,1.44,REQUIRED_SCHEDULE_EDGE_AUDITED,
REC-A1-000287,SEQ-A1-000059,SENSE,SENSE-A1-000171,cuál,LEX-A1-000169,SENSE-A1-000171,,NEAR_TRANSFER,A1-M01-I03-S4,A1-M01-I04-S2,A1-M01-I03,A1-M01-I04,CORE_OR_STRUCTURAL_ROUTE,TRANSFER_IN_CHANGED_CONTEXT,CONTEXTUAL_OR_FUNCTION_BOUND,,NONE,1.44,REQUIRED_SCHEDULE_EDGE_AUDITED,
REC-A1-000288,SEQ-A1-000059,SENSE,SENSE-A1-000171,cuál,LEX-A1-000169,SENSE-A1-000171,,DISTANT_RETURN,A1-M01-I04-S2,A1-M02-I03-S2,A1-M01-I04,A1-M02-I03,CORE_OR_STRUCTURAL_ROUTE,DELAYED_RETRIEVAL_OR_TERMINAL_INTEGRATION,CONTEXTUAL_OR_FUNCTION_BOUND,,NONE,1.44,REQUIRED_SCHEDULE_EDGE_AUDITED,"Scheduled four islands after first introduction; destination story is load-balanced. This is a curriculum spacing rule, not a universal optimal interval claim."
REC-A1-000289,SEQ-A1-000062,SENSE,SENSE-A1-000194,dirección,LEX-A1-000191,SENSE-A1-000194,,LOCAL_REUSE,A1-M01-I03-S3,A1-M01-I03-S4,A1-M01-I03,A1-M01-I03,CORE_OR_STRUCTURAL_ROUTE,REEXPOSURE_OR_RETRIEVAL,CONTEXTUAL_OR_FUNCTION_BOUND,,NONE,1.44,REQUIRED_SCHEDULE_EDGE_AUDITED,
REC-A1-000290,SEQ-A1-000062,SENSE,SENSE-A1-000194,dirección,LEX-A1-000191,SENSE-A1-000194,,NEAR_TRANSFER,A1-M01-I03-S4,A1-M01-I04-S3,A1-M01-I03,A1-M01-I04,CORE_OR_STRUCTURAL_ROUTE,TRANSFER_IN_CHANGED_CONTEXT,CONTEXTUAL_OR_FUNCTION_BOUND,,NONE,1.44,REQUIRED_SCHEDULE_EDGE_AUDITED,
REC-A1-000291,SEQ-A1-000062,SENSE,SENSE-A1-000194,dirección,LEX-A1-000191,SENSE-A1-000194,,DISTANT_RETURN,A1-M01-I04-S3,A1-M02-I03-S3,A1-M01-I04,A1-M02-I03,CORE_OR_STRUCTURAL_ROUTE,DELAYED_RETRIEVAL_OR_TERMINAL_INTEGRATION,CONTEXTUAL_OR_FUNCTION_BOUND,,NONE,1.44,REQUIRED_SCHEDULE_EDGE_AUDITED,"Scheduled four islands after first introduction; destination story is load-balanced. This is a curriculum spacing rule, not a universal optimal interval claim."
REC-A1-000292,SEQ-A1-000065,SENSE,SENSE-A1-000231,español,LEX-A1-000227,SENSE-A1-000231,,LOCAL_REUSE,A1-M01-I03-S3,A1-M01-I03-S4,A1-M01-I03,A1-M01-I03,CORE_OR_STRUCTURAL_ROUTE,REEXPOSURE_OR_RETRIEVAL,CONTEXTUAL_OR_FUNCTION_BOUND,,NONE,1.44,REQUIRED_SCHEDULE_EDGE_AUDITED,
REC-A1-000293,SEQ-A1-000065,SENSE,SENSE-A1-000231,español,LEX-A1-000227,SENSE-A1-000231,,NEAR_TRANSFER,A1-M01-I03-S4,A1-M01-I04-S1,A1-M01-I03,A1-M01-I04,CORE_OR_STRUCTURAL_ROUTE,TRANSFER_IN_CHANGED_CONTEXT,CONTEXTUAL_OR_FUNCTION_BOUND,,NONE,1.44,REQUIRED_SCHEDULE_EDGE_AUDITED,
REC-A1-000294,SEQ-A1-000065,SENSE,SENSE-A1-000231,español,LEX-A1-000227,SENSE-A1-000231,,DISTANT_RETURN,A1-M01-I04-S1,A1-M02-I03-S4,A1-M01-I04,A1-M02-I03,CORE_OR_STRUCTURAL_ROUTE,DELAYED_RETRIEVAL_OR_TERMINAL_INTEGRATION,CONTEXTUAL_OR_FUNCTION_BOUND,,NONE,1.44,REQUIRED_SCHEDULE_EDGE_AUDITED,"Scheduled four islands after first introduction; destination story is load-balanced. This is a curriculum spacing rule, not a universal optimal interval claim."
REC-A1-000295,SEQ-A1-000068,SENSE,SENSE-A1-000249,extranjero,LEX-A1-000245,SENSE-A1-000249,,LOCAL_REUSE,A1-M01-I03-S3,A1-M01-I03-S4,A1-M01-I03,A1-M01-I03,CORE_OR_STRUCTURAL_ROUTE,REEXPOSURE_OR_RETRIEVAL,CONTEXTUAL_OR_FUNCTION_BOUND,,NONE,1.44,REQUIRED_SCHEDULE_EDGE_AUDITED,
REC-A1-000296,SEQ-A1-000068,SENSE,SENSE-A1-000249,extranjero,LEX-A1-000245,SENSE-A1-000249,,NEAR_TRANSFER,A1-M01-I03-S4,A1-M01-I04-S2,A1-M01-I03,A1-M01-I04,CORE_OR_STRUCTURAL_ROUTE,TRANSFER_IN_CHANGED_CONTEXT,CONTEXTUAL_OR_FUNCTION_BOUND,,NONE,1.44,REQUIRED_SCHEDULE_EDGE_AUDITED,
REC-A1-000297,SEQ-A1-000068,SENSE,SENSE-A1-000249,extranjero,LEX-A1-000245,SENSE-A1-000249,,DISTANT_RETURN,A1-M01-I04-S2,A1-M02-I03-S1,A1-M01-I04,A1-M02-I03,CORE_OR_STRUCTURAL_ROUTE,DELAYED_RETRIEVAL_OR_TERMINAL_INTEGRATION,CONTEXTUAL_OR_FUNCTION_BOUND,,NONE,1.44,REQUIRED_SCHEDULE_EDGE_AUDITED,"Scheduled four islands after first introduction; destination story is load-balanced. This is a curriculum spacing rule, not a universal optimal interval claim."
REC-A1-000298,SEQ-A1-000071,SENSE,SENSE-A1-000315,japonés,LEX-A1-000309,SENSE-A1-000315,,LOCAL_REUSE,A1-M01-I03-S3,A1-M01-I03-S4,A1-M01-I03,A1-M01-I03,CORE_OR_STRUCTURAL_ROUTE,REEXPOSURE_OR_RETRIEVAL,CONTEXTUAL_OR_FUNCTION_BOUND,,NONE,1.44,REQUIRED_SCHEDULE_EDGE_AUDITED,
REC-A1-000299,SEQ-A1-000071,SENSE,SENSE-A1-000315,japonés,LEX-A1-000309,SENSE-A1-000315,,NEAR_TRANSFER,A1-M01-I03-S4,A1-M01-I04-S3,A1-M01-I03,A1-M01-I04,CORE_OR_STRUCTURAL_ROUTE,TRANSFER_IN_CHANGED_CONTEXT,CONTEXTUAL_OR_FUNCTION_BOUND,,NONE,1.44,REQUIRED_SCHEDULE_EDGE_AUDITED,
REC-A1-000300,SEQ-A1-000071,SENSE,SENSE-A1-000315,japonés,LEX-A1-000309,SENSE-A1-000315,,DISTANT_RETURN,A1-M01-I04-S3,A1-M02-I03-S2,A1-M01-I04,A1-M02-I03,CORE_OR_STRUCTURAL_ROUTE,DELAYED_RETRIEVAL_OR_TERMINAL_INTEGRATION,CONTEXTUAL_OR_FUNCTION_BOUND,,NONE,1.44,REQUIRED_SCHEDULE_EDGE_AUDITED,"Scheduled four islands after first introduction; destination story is load-balanced. This is a curriculum spacing rule, not a universal optimal interval claim."
REC-A1-000301,SEQ-A1-000074,SENSE,SENSE-A1-000358,marroquí,LEX-A1-000352,SENSE-A1-000358,,LOCAL_REUSE,A1-M01-I03-S3,A1-M01-I03-S4,A1-M01-I03,A1-M01-I03,CORE_OR_STRUCTURAL_ROUTE,REEXPOSURE_OR_RETRIEVAL,CONTEXTUAL_OR_FUNCTION_BOUND,,NONE,1.44,REQUIRED_SCHEDULE_EDGE_AUDITED,
REC-A1-000302,SEQ-A1-000074,SENSE,SENSE-A1-000358,marroquí,LEX-A1-000352,SENSE-A1-000358,,NEAR_TRANSFER,A1-M01-I03-S4,A1-M01-I04-S1,A1-M01-I03,A1-M01-I04,CORE_OR_STRUCTURAL_ROUTE,TRANSFER_IN_CHANGED_CONTEXT,CONTEXTUAL_OR_FUNCTION_BOUND,,NONE,1.44,REQUIRED_SCHEDULE_EDGE_AUDITED,
REC-A1-000303,SEQ-A1-000074,SENSE,SENSE-A1-000358,marroquí,LEX-A1-000352,SENSE-A1-000358,,DISTANT_RETURN,A1-M01-I04-S1,A1-M02-I03-S3,A1-M01-I04,A1-M02-I03,CORE_OR_STRUCTURAL_ROUTE,DELAYED_RETRIEVAL_OR_TERMINAL_INTEGRATION,CONTEXTUAL_OR_FUNCTION_BOUND,,NONE,1.44,REQUIRED_SCHEDULE_EDGE_AUDITED,"Scheduled four islands after first introduction; destination story is load-balanced. This is a curriculum spacing rule, not a universal optimal interval claim."
REC-A1-000304,SEQ-A1-000077,SENSE,SENSE-A1-000383,móvil,LEX-A1-000377,SENSE-A1-000383,,LOCAL_REUSE,A1-M01-I03-S3,A1-M01-I03-S4,A1-M01-I03,A1-M01-I03,CORE_OR_STRUCTURAL_ROUTE,REEXPOSURE_OR_RETRIEVAL,CONTEXTUAL_OR_FUNCTION_BOUND,,NONE,1.44,REQUIRED_SCHEDULE_EDGE_AUDITED,
REC-A1-000305,SEQ-A1-000077,SENSE,SENSE-A1-000383,móvil,LEX-A1-000377,SENSE-A1-000383,,NEAR_TRANSFER,A1-M01-I03-S4,A1-M01-I04-S2,A1-M01-I03,A1-M01-I04,CORE_OR_STRUCTURAL_ROUTE,TRANSFER_IN_CHANGED_CONTEXT,CONTEXTUAL_OR_FUNCTION_BOUND,,NONE,1.44,REQUIRED_SCHEDULE_EDGE_AUDITED,
REC-A1-000306,SEQ-A1-000077,SENSE,SENSE-A1-000383,móvil,LEX-A1-000377,SENSE-A1-000383,,DISTANT_RETURN,A1-M01-I04-S2,A1-M02-I03-S4,A1-M01-I04,A1-M02-I03,CORE_OR_STRUCTURAL_ROUTE,DELAYED_RETRIEVAL_OR_TERMINAL_INTEGRATION,CONTEXTUAL_OR_FUNCTION_BOUND,,NONE,1.44,REQUIRED_SCHEDULE_EDGE_AUDITED,"Scheduled four islands after first introduction; destination story is load-balanced. This is a curriculum spacing rule, not a universal optimal interval claim."
REC-A1-000307,SEQ-A1-000080,SENSE,SENSE-A1-000428,país,LEX-A1-000420,SENSE-A1-000428,,LOCAL_REUSE,A1-M01-I03-S3,A1-M01-I03-S4,A1-M01-I03,A1-M01-I03,CORE_OR_STRUCTURAL_ROUTE,REEXPOSURE_OR_RETRIEVAL,CONTEXTUAL_OR_FUNCTION_BOUND,,NONE,1.44,REQUIRED_SCHEDULE_EDGE_AUDITED,
REC-A1-000308,SEQ-A1-000080,SENSE,SENSE-A1-000428,país,LEX-A1-000420,SENSE-A1-000428,,NEAR_TRANSFER,A1-M01-I03-S4,A1-M01-I04-S3,A1-M01-I03,A1-M01-I04,CORE_OR_STRUCTURAL_ROUTE,TRANSFER_IN_CHANGED_CONTEXT,CONTEXTUAL_OR_FUNCTION_BOUND,,NONE,1.44,REQUIRED_SCHEDULE_EDGE_AUDITED,
REC-A1-000309,SEQ-A1-000080,SENSE,SENSE-A1-000428,país,LEX-A1-000420,SENSE-A1-000428,,DISTANT_RETURN,A1-M01-I04-S3,A1-M02-I03-S1,A1-M01-I04,A1-M02-I03,CORE_OR_STRUCTURAL_ROUTE,DELAYED_RETRIEVAL_OR_TERMINAL_INTEGRATION,CONTEXTUAL_OR_FUNCTION_BOUND,,NONE,1.44,REQUIRED_SCHEDULE_EDGE_AUDITED,"Scheduled four islands after first introduction; destination story is load-balanced. This is a curriculum spacing rule, not a universal optimal interval claim."
REC-A1-000310,SEQ-A1-000083,SENSE,SENSE-A1-000551,teléfono,LEX-A1-000542,SENSE-A1-000551,,LOCAL_REUSE,A1-M01-I03-S3,A1-M01-I03-S4,A1-M01-I03,A1-M01-I03,CORE_OR_STRUCTURAL_ROUTE,REEXPOSURE_OR_RETRIEVAL,CONTEXTUAL_OR_FUNCTION_BOUND,,NONE,1.44,REQUIRED_SCHEDULE_EDGE_AUDITED,
REC-A1-000311,SEQ-A1-000083,SENSE,SENSE-A1-000551,teléfono,LEX-A1-000542,SENSE-A1-000551,,NEAR_TRANSFER,A1-M01-I03-S4,A1-M01-I04-S1,A1-M01-I03,A1-M01-I04,CORE_OR_STRUCTURAL_ROUTE,TRANSFER_IN_CHANGED_CONTEXT,CONTEXTUAL_OR_FUNCTION_BOUND,,NONE,1.44,REQUIRED_SCHEDULE_EDGE_AUDITED,
REC-A1-000312,SEQ-A1-000083,SENSE,SENSE-A1-000551,teléfono,LEX-A1-000542,SENSE-A1-000551,,DISTANT_RETURN,A1-M01-I04-S1,A1-M02-I03-S2,A1-M01-I04,A1-M02-I03,CORE_OR_STRUCTURAL_ROUTE,DELAYED_RETRIEVAL_OR_TERMINAL_INTEGRATION,CONTEXTUAL_OR_FUNCTION_BOUND,,NONE,1.44,REQUIRED_SCHEDULE_EDGE_AUDITED,"Scheduled four islands after first introduction; destination story is load-balanced. This is a curriculum spacing rule, not a universal optimal interval claim."
REC-A1-000313,SEQ-A1-000973,SENSE,SENSE-A1-000556,tener,LEX-A1-000547,SENSE-A1-000556,,LOCAL_REUSE,A1-M01-I03-S3,A1-M01-I03-S4,A1-M01-I03,A1-M01-I03,CORE_OR_STRUCTURAL_ROUTE,REEXPOSURE_OR_RETRIEVAL,CONTEXTUAL_OR_FUNCTION_BOUND,,NONE,1.44,REQUIRED_SCHEDULE_EDGE_AUDITED,
REC-A1-000314,SEQ-A1-000973,SENSE,SENSE-A1-000556,tener,LEX-A1-000547,SENSE-A1-000556,,NEAR_TRANSFER,A1-M01-I03-S4,A1-M01-I04-S2,A1-M01-I03,A1-M01-I04,CORE_OR_STRUCTURAL_ROUTE,TRANSFER_IN_CHANGED_CONTEXT,CONTEXTUAL_OR_FUNCTION_BOUND,,NONE,1.44,REQUIRED_SCHEDULE_EDGE_AUDITED,
REC-A1-000315,SEQ-A1-000973,SENSE,SENSE-A1-000556,tener,LEX-A1-000547,SENSE-A1-000556,,DISTANT_RETURN,A1-M01-I04-S2,A1-M02-I03-S3,A1-M01-I04,A1-M02-I03,CORE_OR_STRUCTURAL_ROUTE,DELAYED_RETRIEVAL_OR_TERMINAL_INTEGRATION,CONTEXTUAL_OR_FUNCTION_BOUND,,NONE,1.44,REQUIRED_SCHEDULE_EDGE_AUDITED,"Scheduled four islands after first introduction; destination story is load-balanced. This is a curriculum spacing rule, not a universal optimal interval claim."
REC-A1-000316,SEQ-A1-000115,GRAMMAR_UNIT,GRAM-A1-142,Orden neutro/canónico SVO,,,,LOCAL_REUSE,A1-M01-I04-S1,A1-M01-I04-S3,A1-M01-I04,A1-M01-I04,CORE_OR_STRUCTURAL_ROUTE,REEXPOSURE_OR_RETRIEVAL,AS_OBJECT_POLICY_REQUIRES,,NONE,1.44,REQUIRED_SCHEDULE_EDGE_AUDITED,
REC-A1-000317,SEQ-A1-000115,GRAMMAR_UNIT,GRAM-A1-142,Orden neutro/canónico SVO,,,,NEAR_TRANSFER,A1-M01-I04-S3,A1-M02-I01-S1,A1-M01-I04,A1-M02-I01,CORE_OR_STRUCTURAL_ROUTE,TRANSFER_IN_CHANGED_CONTEXT,AS_OBJECT_POLICY_REQUIRES,,NONE,1.44,REQUIRED_SCHEDULE_EDGE_AUDITED,
REC-A1-000318,SEQ-A1-000115,GRAMMAR_UNIT,GRAM-A1-142,Orden neutro/canónico SVO,,,,DISTANT_RETURN,A1-M02-I01-S1,A1-M02-I04-S3,A1-M02-I01,A1-M02-I04,CORE_OR_STRUCTURAL_ROUTE,DELAYED_RETRIEVAL_OR_TERMINAL_INTEGRATION,AS_OBJECT_POLICY_REQUIRES,,NONE,1.44,REQUIRED_SCHEDULE_EDGE_AUDITED,"Scheduled four islands after first introduction; destination story is load-balanced. This is a curriculum spacing rule, not a universal optimal interval claim."
REC-A1-000319,SEQ-A1-000116,GRAMMAR_UNIT,GRAM-A1-143,Enunciativas afirmativas y negativas,,,,LOCAL_REUSE,A1-M01-I04-S1,A1-M01-I04-S2,A1-M01-I04,A1-M01-I04,CORE_OR_STRUCTURAL_ROUTE,REEXPOSURE_OR_RETRIEVAL,AS_OBJECT_POLICY_REQUIRES,,NONE,1.44,REQUIRED_SCHEDULE_EDGE_AUDITED,
REC-A1-000320,SEQ-A1-000116,GRAMMAR_UNIT,GRAM-A1-143,Enunciativas afirmativas y negativas,,,,NEAR_TRANSFER,A1-M01-I04-S2,A1-M02-I01-S2,A1-M01-I04,A1-M02-I01,CORE_OR_STRUCTURAL_ROUTE,TRANSFER_IN_CHANGED_CONTEXT,AS_OBJECT_POLICY_REQUIRES,,NONE,1.44,REQUIRED_SCHEDULE_EDGE_AUDITED,
REC-A1-000321,SEQ-A1-000116,GRAMMAR_UNIT,GRAM-A1-143,Enunciativas afirmativas y negativas,,,,DISTANT_RETURN,A1-M02-I01-S2,A1-M02-I04-S3,A1-M02-I01,A1-M02-I04,CORE_OR_STRUCTURAL_ROUTE,DELAYED_RETRIEVAL_OR_TERMINAL_INTEGRATION,AS_OBJECT_POLICY_REQUIRES,,NONE,1.44,REQUIRED_SCHEDULE_EDGE_AUDITED,"Scheduled four islands after first introduction; destination story is load-balanced. This is a curriculum spacing rule, not a universal optimal interval claim."
REC-A1-000322,SEQ-A1-000120,MWU_SOURCE_UNIT,12B1-MWU-0200,"silencio, por favor",,,12B1-MWU-0200,LOCAL_REUSE,A1-M01-I04-S1,A1-M01-I04-S3,A1-M01-I04,A1-M01-I04,CORE_OR_STRUCTURAL_ROUTE,REEXPOSURE_OR_RETRIEVAL,AS_OBJECT_POLICY_REQUIRES,,NONE,1.44,REQUIRED_SCHEDULE_EDGE_AUDITED,
REC-A1-000323,SEQ-A1-000120,MWU_SOURCE_UNIT,12B1-MWU-0200,"silencio, por favor",,,12B1-MWU-0200,NEAR_TRANSFER,A1-M01-I04-S3,A1-M02-I01-S3,A1-M01-I04,A1-M02-I01,CORE_OR_STRUCTURAL_ROUTE,TRANSFER_IN_CHANGED_CONTEXT,AS_OBJECT_POLICY_REQUIRES,,NONE,1.44,REQUIRED_SCHEDULE_EDGE_AUDITED,
REC-A1-000324,SEQ-A1-000120,MWU_SOURCE_UNIT,12B1-MWU-0200,"silencio, por favor",,,12B1-MWU-0200,DISTANT_RETURN,A1-M02-I01-S3,A1-M02-I04-S3,A1-M02-I01,A1-M02-I04,CORE_OR_STRUCTURAL_ROUTE,DELAYED_RETRIEVAL_OR_TERMINAL_INTEGRATION,AS_OBJECT_POLICY_REQUIRES,,NONE,1.44,REQUIRED_SCHEDULE_EDGE_AUDITED,"Scheduled four islands after first introduction; destination story is load-balanced. This is a curriculum spacing rule, not a universal optimal interval claim."
REC-A1-000325,SEQ-A1-000121,MWU_SOURCE_UNIT,12B1-MWU-0201,"más despacio, por favor",,,12B1-MWU-0201,LOCAL_REUSE,A1-M01-I04-S1,A1-M01-I04-S2,A1-M01-I04,A1-M01-I04,CORE_OR_STRUCTURAL_ROUTE,REEXPOSURE_OR_RETRIEVAL,AS_OBJECT_POLICY_REQUIRES,,NONE,1.44,REQUIRED_SCHEDULE_EDGE_AUDITED,
REC-A1-000326,SEQ-A1-000121,MWU_SOURCE_UNIT,12B1-MWU-0201,"más despacio, por favor",,,12B1-MWU-0201,NEAR_TRANSFER,A1-M01-I04-S2,A1-M02-I01-S4,A1-M01-I04,A1-M02-I01,CORE_OR_STRUCTURAL_ROUTE,TRANSFER_IN_CHANGED_CONTEXT,AS_OBJECT_POLICY_REQUIRES,,NONE,1.44,REQUIRED_SCHEDULE_EDGE_AUDITED,
REC-A1-000327,SEQ-A1-000121,MWU_SOURCE_UNIT,12B1-MWU-0201,"más despacio, por favor",,,12B1-MWU-0201,DISTANT_RETURN,A1-M02-I01-S4,A1-M02-I04-S3,A1-M02-I01,A1-M02-I04,CORE_OR_STRUCTURAL_ROUTE,DELAYED_RETRIEVAL_OR_TERMINAL_INTEGRATION,AS_OBJECT_POLICY_REQUIRES,,NONE,1.44,REQUIRED_SCHEDULE_EDGE_AUDITED,"Scheduled four islands after first introduction; destination story is load-balanced. This is a curriculum spacing rule, not a universal optimal interval claim."
REC-A1-000328,SEQ-A1-000123,MWU_SOURCE_UNIT,12B1-MWU-0203,¿puedes repetir?,,,12B1-MWU-0203,LOCAL_REUSE,A1-M01-I04-S1,A1-M01-I04-S3,A1-M01-I04,A1-M01-I04,CORE_OR_STRUCTURAL_ROUTE,REEXPOSURE_OR_RETRIEVAL,AS_OBJECT_POLICY_REQUIRES,,NONE,1.44,REQUIRED_SCHEDULE_EDGE_AUDITED,
REC-A1-000329,SEQ-A1-000123,MWU_SOURCE_UNIT,12B1-MWU-0203,¿puedes repetir?,,,12B1-MWU-0203,NEAR_TRANSFER,A1-M01-I04-S3,A1-M02-I01-S1,A1-M01-I04,A1-M02-I01,CORE_OR_STRUCTURAL_ROUTE,TRANSFER_IN_CHANGED_CONTEXT,AS_OBJECT_POLICY_REQUIRES,,NONE,1.44,REQUIRED_SCHEDULE_EDGE_AUDITED,
REC-A1-000330,SEQ-A1-000123,MWU_SOURCE_UNIT,12B1-MWU-0203,¿puedes repetir?,,,12B1-MWU-0203,DISTANT_RETURN,A1-M02-I01-S1,A1-M02-I04-S3,A1-M02-I01,A1-M02-I04,CORE_OR_STRUCTURAL_ROUTE,DELAYED_RETRIEVAL_OR_TERMINAL_INTEGRATION,AS_OBJECT_POLICY_REQUIRES,,NONE,1.44,REQUIRED_SCHEDULE_EDGE_AUDITED,"Scheduled four islands after first introduction; destination story is load-balanced. This is a curriculum spacing rule, not a universal optimal interval claim."
REC-A1-000331,SEQ-A1-000126,MWU_SOURCE_UNIT,12B1-MWU-0207,"no, gracias",,,12B1-MWU-0207,LOCAL_REUSE,A1-M01-I04-S1,A1-M01-I04-S2,A1-M01-I04,A1-M01-I04,CORE_OR_STRUCTURAL_ROUTE,REEXPOSURE_OR_RETRIEVAL,AS_OBJECT_POLICY_REQUIRES,,NONE,1.44,REQUIRED_SCHEDULE_EDGE_AUDITED,
REC-A1-000332,SEQ-A1-000126,MWU_SOURCE_UNIT,12B1-MWU-0207,"no, gracias",,,12B1-MWU-0207,NEAR_TRANSFER,A1-M01-I04-S2,A1-M02-I01-S2,A1-M01-I04,A1-M02-I01,CORE_OR_STRUCTURAL_ROUTE,TRANSFER_IN_CHANGED_CONTEXT,AS_OBJECT_POLICY_REQUIRES,,NONE,1.44,REQUIRED_SCHEDULE_EDGE_AUDITED,
REC-A1-000333,SEQ-A1-000126,MWU_SOURCE_UNIT,12B1-MWU-0207,"no, gracias",,,12B1-MWU-0207,DISTANT_RETURN,A1-M02-I01-S2,A1-M02-I04-S3,A1-M02-I01,A1-M02-I04,CORE_OR_STRUCTURAL_ROUTE,DELAYED_RETRIEVAL_OR_TERMINAL_INTEGRATION,AS_OBJECT_POLICY_REQUIRES,,NONE,1.44,REQUIRED_SCHEDULE_EDGE_AUDITED,"Scheduled four islands after first introduction; destination story is load-balanced. This is a curriculum spacing rule, not a universal optimal interval claim."
REC-A1-000334,SEQ-A1-000127,MWU_SOURCE_UNIT,12B1-MWU-0212,muchas gracias,,,12B1-MWU-0212,LOCAL_REUSE,A1-M01-I04-S1,A1-M01-I04-S3,A1-M01-I04,A1-M01-I04,CORE_OR_STRUCTURAL_ROUTE,REEXPOSURE_OR_RETRIEVAL,AS_OBJECT_POLICY_REQUIRES,,NONE,1.44,REQUIRED_SCHEDULE_EDGE_AUDITED,
REC-A1-000335,SEQ-A1-000127,MWU_SOURCE_UNIT,12B1-MWU-0212,muchas gracias,,,12B1-MWU-0212,NEAR_TRANSFER,A1-M01-I04-S3,A1-M02-I01-S3,A1-M01-I04,A1-M02-I01,CORE_OR_STRUCTURAL_ROUTE,TRANSFER_IN_CHANGED_CONTEXT,AS_OBJECT_POLICY_REQUIRES,,NONE,1.44,REQUIRED_SCHEDULE_EDGE_AUDITED,
REC-A1-000336,SEQ-A1-000127,MWU_SOURCE_UNIT,12B1-MWU-0212,muchas gracias,,,12B1-MWU-0212,DISTANT_RETURN,A1-M02-I01-S3,A1-M02-I04-S3,A1-M02-I01,A1-M02-I04,CORE_OR_STRUCTURAL_ROUTE,DELAYED_RETRIEVAL_OR_TERMINAL_INTEGRATION,AS_OBJECT_POLICY_REQUIRES,,NONE,1.44,REQUIRED_SCHEDULE_EDGE_AUDITED,"Scheduled four islands after first introduction; destination story is load-balanced. This is a curriculum spacing rule, not a universal optimal interval claim."
REC-A1-000337,SEQ-A1-000106,SENSE,SENSE-A1-000187,despacio,LEX-A1-000184,SENSE-A1-000187,,LOCAL_REUSE,A1-M01-I04-S1,A1-M01-I04-S2,A1-M01-I04,A1-M01-I04,CORE_OR_STRUCTURAL_ROUTE,REEXPOSURE_OR_RETRIEVAL,CONTEXTUAL_OR_FUNCTION_BOUND,,NONE,1.44,REQUIRED_SCHEDULE_EDGE_AUDITED,
REC-A1-000338,SEQ-A1-000106,SENSE,SENSE-A1-000187,despacio,LEX-A1-000184,SENSE-A1-000187,,NEAR_TRANSFER,A1-M01-I04-S2,A1-M02-I01-S4,A1-M01-I04,A1-M02-I01,CORE_OR_STRUCTURAL_ROUTE,TRANSFER_IN_CHANGED_CONTEXT,CONTEXTUAL_OR_FUNCTION_BOUND,,NONE,1.44,REQUIRED_SCHEDULE_EDGE_AUDITED,
REC-A1-000339,SEQ-A1-000106,SENSE,SENSE-A1-000187,despacio,LEX-A1-000184,SENSE-A1-000187,,DISTANT_RETURN,A1-M02-I01-S4,A1-M02-I04-S3,A1-M02-I01,A1-M02-I04,CORE_OR_STRUCTURAL_ROUTE,DELAYED_RETRIEVAL_OR_TERMINAL_INTEGRATION,CONTEXTUAL_OR_FUNCTION_BOUND,,NONE,1.44,REQUIRED_SCHEDULE_EDGE_AUDITED,"Scheduled four islands after first introduction; destination story is load-balanced. This is a curriculum spacing rule, not a universal optimal interval claim."
REC-A1-000340,SEQ-A1-000108,SENSE,SENSE-A1-000285,hablar,LEX-A1-000280,SENSE-A1-000285,,LOCAL_REUSE,A1-M01-I04-S1,A1-M01-I04-S3,A1-M01-I04,A1-M01-I04,CORE_OR_STRUCTURAL_ROUTE,REEXPOSURE_OR_RETRIEVAL,CONTEXTUAL_OR_FUNCTION_BOUND,,NONE,1.44,REQUIRED_SCHEDULE_EDGE_AUDITED,
REC-A1-000341,SEQ-A1-000108,SENSE,SENSE-A1-000285,hablar,LEX-A1-000280,SENSE-A1-000285,,NEAR_TRANSFER,A1-M01-I04-S3,A1-M02-I01-S1,A1-M01-I04,A1-M02-I01,CORE_OR_STRUCTURAL_ROUTE,TRANSFER_IN_CHANGED_CONTEXT,CONTEXTUAL_OR_FUNCTION_BOUND,,NONE,1.44,REQUIRED_SCHEDULE_EDGE_AUDITED,
REC-A1-000342,SEQ-A1-000108,SENSE,SENSE-A1-000285,hablar,LEX-A1-000280,SENSE-A1-000285,,DISTANT_RETURN,A1-M02-I01-S1,A1-M02-I04-S3,A1-M02-I01,A1-M02-I04,CORE_OR_STRUCTURAL_ROUTE,DELAYED_RETRIEVAL_OR_TERMINAL_INTEGRATION,CONTEXTUAL_OR_FUNCTION_BOUND,,NONE,1.44,REQUIRED_SCHEDULE_EDGE_AUDITED,"Scheduled four islands after first introduction; destination story is load-balanced. This is a curriculum spacing rule, not a universal optimal interval claim."
REC-A1-000343,SEQ-A1-000110,SENSE,SENSE-A1-000418,okay,LEX-A1-000411,SENSE-A1-000418,,LOCAL_RECEPTIVE_REUSE,A1-M01-I04-S1,A1-M01-I04-S2,A1-M01-I04,A1-M01-I04,REGIONAL_RECEPTIVE_ROUTE,RECOGNITION,NO_UNIVERSAL_PRODUCTIVE_DEMAND,RECEPTIVE_PROFILE_RULE_PRESERVED,NONE,1.44,REQUIRED_SCHEDULE_EDGE_AUDITED,
REC-A1-000344,SEQ-A1-000110,SENSE,SENSE-A1-000418,okay,LEX-A1-000411,SENSE-A1-000418,,REGIONAL_NEAR_RECOGNITION,A1-M01-I04-S2,A1-M02-I01-S2,A1-M01-I04,A1-M02-I01,REGIONAL_RECEPTIVE_ROUTE,RECOGNITION_IN_CHANGED_CONTEXT,NO_UNIVERSAL_PRODUCTIVE_DEMAND,RECEPTIVE_PROFILE_RULE_PRESERVED,NONE,1.44,REQUIRED_SCHEDULE_EDGE_AUDITED,
REC-A1-000345,SEQ-A1-000110,SENSE,SENSE-A1-000418,okay,LEX-A1-000411,SENSE-A1-000418,,REGIONAL_LATER_RECOGNITION,A1-M02-I01-S2,A1-M02-I04-S3,A1-M02-I01,A1-M02-I04,REGIONAL_RECEPTIVE_ROUTE,LATER_RECOGNITION,NO_UNIVERSAL_PRODUCTIVE_DEMAND,RECEPTIVE_PROFILE_RULE_PRESERVED,NONE,1.44,REQUIRED_SCHEDULE_EDGE_AUDITED,"Scheduled four islands after first introduction; destination story is load-balanced. This is a curriculum spacing rule, not a universal optimal interval claim."
REC-A1-000346,SEQ-A1-000112,SENSE,SENSE-A1-000497,repetir,LEX-A1-000488,SENSE-A1-000497,,LOCAL_REUSE,A1-M01-I04-S1,A1-M01-I04-S3,A1-M01-I04,A1-M01-I04,CORE_OR_STRUCTURAL_ROUTE,REEXPOSURE_OR_RETRIEVAL,CONTEXTUAL_OR_FUNCTION_BOUND,,NONE,1.44,REQUIRED_SCHEDULE_EDGE_AUDITED,
REC-A1-000347,SEQ-A1-000112,SENSE,SENSE-A1-000497,repetir,LEX-A1-000488,SENSE-A1-000497,,NEAR_TRANSFER,A1-M01-I04-S3,A1-M02-I01-S3,A1-M01-I04,A1-M02-I01,CORE_OR_STRUCTURAL_ROUTE,TRANSFER_IN_CHANGED_CONTEXT,CONTEXTUAL_OR_FUNCTION_BOUND,,NONE,1.44,REQUIRED_SCHEDULE_EDGE_AUDITED,
REC-A1-000348,SEQ-A1-000112,SENSE,SENSE-A1-000497,repetir,LEX-A1-000488,SENSE-A1-000497,,DISTANT_RETURN,A1-M02-I01-S3,A1-M02-I04-S3,A1-M02-I01,A1-M02-I04,CORE_OR_STRUCTURAL_ROUTE,DELAYED_RETRIEVAL_OR_TERMINAL_INTEGRATION,CONTEXTUAL_OR_FUNCTION_BOUND,,NONE,1.44,REQUIRED_SCHEDULE_EDGE_AUDITED,"Scheduled four islands after first introduction; destination story is load-balanced. This is a curriculum spacing rule, not a universal optimal interval claim."
REC-A1-000349,SEQ-A1-000113,SENSE,SENSE-A1-000523,sí,LEX-A1-000514,SENSE-A1-000523,,LOCAL_REUSE,A1-M01-I04-S1,A1-M01-I04-S2,A1-M01-I04,A1-M01-I04,CORE_OR_STRUCTURAL_ROUTE,REEXPOSURE_OR_RETRIEVAL,CONTEXTUAL_OR_FUNCTION_BOUND,,NONE,1.44,REQUIRED_SCHEDULE_EDGE_AUDITED,
REC-A1-000350,SEQ-A1-000113,SENSE,SENSE-A1-000523,sí,LEX-A1-000514,SENSE-A1-000523,,NEAR_TRANSFER,A1-M01-I04-S2,A1-M02-I01-S4,A1-M01-I04,A1-M02-I01,CORE_OR_STRUCTURAL_ROUTE,TRANSFER_IN_CHANGED_CONTEXT,CONTEXTUAL_OR_FUNCTION_BOUND,,NONE,1.44,REQUIRED_SCHEDULE_EDGE_AUDITED,
REC-A1-000351,SEQ-A1-000113,SENSE,SENSE-A1-000523,sí,LEX-A1-000514,SENSE-A1-000523,,DISTANT_RETURN,A1-M02-I01-S4,A1-M02-I04-S3,A1-M02-I01,A1-M02-I04,CORE_OR_STRUCTURAL_ROUTE,DELAYED_RETRIEVAL_OR_TERMINAL_INTEGRATION,CONTEXTUAL_OR_FUNCTION_BOUND,,NONE,1.44,REQUIRED_SCHEDULE_EDGE_AUDITED,"Scheduled four islands after first introduction; destination story is load-balanced. This is a curriculum spacing rule, not a universal optimal interval claim."
REC-A1-000352,SEQ-A1-000117,GRAMMAR_UNIT,GRAM-A1-144,Interrogativas directas totales literales,,,,LOCAL_REUSE,A1-M01-I04-S2,A1-M01-I04-S3,A1-M01-I04,A1-M01-I04,CORE_OR_STRUCTURAL_ROUTE,REEXPOSURE_OR_RETRIEVAL,AS_OBJECT_POLICY_REQUIRES,,NONE,1.44,REQUIRED_SCHEDULE_EDGE_AUDITED,
REC-A1-000353,SEQ-A1-000117,GRAMMAR_UNIT,GRAM-A1-144,Interrogativas directas totales literales,,,,NEAR_TRANSFER,A1-M01-I04-S3,A1-M02-I01-S1,A1-M01-I04,A1-M02-I01,CORE_OR_STRUCTURAL_ROUTE,TRANSFER_IN_CHANGED_CONTEXT,AS_OBJECT_POLICY_REQUIRES,,NONE,1.44,REQUIRED_SCHEDULE_EDGE_AUDITED,
REC-A1-000354,SEQ-A1-000117,GRAMMAR_UNIT,GRAM-A1-144,Interrogativas directas totales literales,,,,DISTANT_RETURN,A1-M02-I01-S1,A1-M02-I04-S1,A1-M02-I01,A1-M02-I04,CORE_OR_STRUCTURAL_ROUTE,DELAYED_RETRIEVAL_OR_TERMINAL_INTEGRATION,AS_OBJECT_POLICY_REQUIRES,,NONE,1.44,REQUIRED_SCHEDULE_EDGE_AUDITED,"Scheduled four islands after first introduction; destination story is load-balanced. This is a curriculum spacing rule, not a universal optimal interval claim."
REC-A1-000355,SEQ-A1-000118,MWU_SOURCE_UNIT,12B1-MWU-0197,no sé,,,12B1-MWU-0197,LOCAL_REUSE,A1-M01-I04-S2,A1-M01-I04-S3,A1-M01-I04,A1-M01-I04,CORE_OR_STRUCTURAL_ROUTE,REEXPOSURE_OR_RETRIEVAL,AS_OBJECT_POLICY_REQUIRES,,NONE,1.44,REQUIRED_SCHEDULE_EDGE_AUDITED,
REC-A1-000356,SEQ-A1-000118,MWU_SOURCE_UNIT,12B1-MWU-0197,no sé,,,12B1-MWU-0197,NEAR_TRANSFER,A1-M01-I04-S3,A1-M02-I01-S2,A1-M01-I04,A1-M02-I01,CORE_OR_STRUCTURAL_ROUTE,TRANSFER_IN_CHANGED_CONTEXT,AS_OBJECT_POLICY_REQUIRES,,NONE,1.44,REQUIRED_SCHEDULE_EDGE_AUDITED,
REC-A1-000357,SEQ-A1-000118,MWU_SOURCE_UNIT,12B1-MWU-0197,no sé,,,12B1-MWU-0197,DISTANT_RETURN,A1-M02-I01-S2,A1-M02-I04-S2,A1-M02-I01,A1-M02-I04,CORE_OR_STRUCTURAL_ROUTE,DELAYED_RETRIEVAL_OR_TERMINAL_INTEGRATION,AS_OBJECT_POLICY_REQUIRES,,NONE,1.44,REQUIRED_SCHEDULE_EDGE_AUDITED,"Scheduled four islands after first introduction; destination story is load-balanced. This is a curriculum spacing rule, not a universal optimal interval claim."
REC-A1-000358,SEQ-A1-000119,MWU_SOURCE_UNIT,12B1-MWU-0199,por favor,,,12B1-MWU-0199,LOCAL_REUSE,A1-M01-I04-S2,A1-M01-I04-S3,A1-M01-I04,A1-M01-I04,CORE_OR_STRUCTURAL_ROUTE,REEXPOSURE_OR_RETRIEVAL,AS_OBJECT_POLICY_REQUIRES,,NONE,1.44,REQUIRED_SCHEDULE_EDGE_AUDITED,
REC-A1-000359,SEQ-A1-000119,MWU_SOURCE_UNIT,12B1-MWU-0199,por favor,,,12B1-MWU-0199,NEAR_TRANSFER,A1-M01-I04-S3,A1-M02-I01-S3,A1-M01-I04,A1-M02-I01,CORE_OR_STRUCTURAL_ROUTE,TRANSFER_IN_CHANGED_CONTEXT,AS_OBJECT_POLICY_REQUIRES,,NONE,1.44,REQUIRED_SCHEDULE_EDGE_AUDITED,
REC-A1-000360,SEQ-A1-000119,MWU_SOURCE_UNIT,12B1-MWU-0199,por favor,,,12B1-MWU-0199,DISTANT_RETURN,A1-M02-I01-S3,A1-M02-I04-S3,A1-M02-I01,A1-M02-I04,CORE_OR_STRUCTURAL_ROUTE,DELAYED_RETRIEVAL_OR_TERMINAL_INTEGRATION,AS_OBJECT_POLICY_REQUIRES,,NONE,1.44,REQUIRED_SCHEDULE_EDGE_AUDITED,"Scheduled four islands after first introduction; destination story is load-balanced. This is a curriculum spacing rule, not a universal optimal interval claim."
REC-A1-000361,SEQ-A1-000122,MWU_SOURCE_UNIT,12B1-MWU-0202,"más alto, por favor",,,12B1-MWU-0202,LOCAL_REUSE,A1-M01-I04-S2,A1-M01-I04-S3,A1-M01-I04,A1-M01-I04,CORE_OR_STRUCTURAL_ROUTE,REEXPOSURE_OR_RETRIEVAL,AS_OBJECT_POLICY_REQUIRES,,NONE,1.44,REQUIRED_SCHEDULE_EDGE_AUDITED,
REC-A1-000362,SEQ-A1-000122,MWU_SOURCE_UNIT,12B1-MWU-0202,"más alto, por favor",,,12B1-MWU-0202,NEAR_TRANSFER,A1-M01-I04-S3,A1-M02-I01-S4,A1-M01-I04,A1-M02-I01,CORE_OR_STRUCTURAL_ROUTE,TRANSFER_IN_CHANGED_CONTEXT,AS_OBJECT_POLICY_REQUIRES,,NONE,1.44,REQUIRED_SCHEDULE_EDGE_AUDITED,
REC-A1-000363,SEQ-A1-000122,MWU_SOURCE_UNIT,12B1-MWU-0202,"más alto, por favor",,,12B1-MWU-0202,DISTANT_RETURN,A1-M02-I01-S4,A1-M02-I04-S1,A1-M02-I01,A1-M02-I04,CORE_OR_STRUCTURAL_ROUTE,DELAYED_RETRIEVAL_OR_TERMINAL_INTEGRATION,AS_OBJECT_POLICY_REQUIRES,,NONE,1.44,REQUIRED_SCHEDULE_EDGE_AUDITED,"Scheduled four islands after first introduction; destination story is load-balanced. This is a curriculum spacing rule, not a universal optimal interval claim."
REC-A1-000364,SEQ-A1-000124,MWU_SOURCE_UNIT,12B1-MWU-0205,lo siento,,,12B1-MWU-0205,LOCAL_REUSE,A1-M01-I04-S2,A1-M01-I04-S3,A1-M01-I04,A1-M01-I04,CORE_OR_STRUCTURAL_ROUTE,REEXPOSURE_OR_RETRIEVAL,AS_OBJECT_POLICY_REQUIRES,,NONE,1.44,REQUIRED_SCHEDULE_EDGE_AUDITED,
REC-A1-000365,SEQ-A1-000124,MWU_SOURCE_UNIT,12B1-MWU-0205,lo siento,,,12B1-MWU-0205,NEAR_TRANSFER,A1-M01-I04-S3,A1-M02-I01-S1,A1-M01-I04,A1-M02-I01,CORE_OR_STRUCTURAL_ROUTE,TRANSFER_IN_CHANGED_CONTEXT,AS_OBJECT_POLICY_REQUIRES,,NONE,1.44,REQUIRED_SCHEDULE_EDGE_AUDITED,
REC-A1-000366,SEQ-A1-000124,MWU_SOURCE_UNIT,12B1-MWU-0205,lo siento,,,12B1-MWU-0205,DISTANT_RETURN,A1-M02-I01-S1,A1-M02-I04-S2,A1-M02-I01,A1-M02-I04,CORE_OR_STRUCTURAL_ROUTE,DELAYED_RETRIEVAL_OR_TERMINAL_INTEGRATION,AS_OBJECT_POLICY_REQUIRES,,NONE,1.44,REQUIRED_SCHEDULE_EDGE_AUDITED,"Scheduled four islands after first introduction; destination story is load-balanced. This is a curriculum spacing rule, not a universal optimal interval claim."
REC-A1-000367,SEQ-A1-000125,MWU_SOURCE_UNIT,12B1-MWU-0206,"sí, gracias",,,12B1-MWU-0206,LOCAL_REUSE,A1-M01-I04-S2,A1-M01-I04-S3,A1-M01-I04,A1-M01-I04,CORE_OR_STRUCTURAL_ROUTE,REEXPOSURE_OR_RETRIEVAL,AS_OBJECT_POLICY_REQUIRES,,NONE,1.44,REQUIRED_SCHEDULE_EDGE_AUDITED,
REC-A1-000368,SEQ-A1-000125,MWU_SOURCE_UNIT,12B1-MWU-0206,"sí, gracias",,,12B1-MWU-0206,NEAR_TRANSFER,A1-M01-I04-S3,A1-M02-I01-S2,A1-M01-I04,A1-M02-I01,CORE_OR_STRUCTURAL_ROUTE,TRANSFER_IN_CHANGED_CONTEXT,AS_OBJECT_POLICY_REQUIRES,,NONE,1.44,REQUIRED_SCHEDULE_EDGE_AUDITED,
REC-A1-000369,SEQ-A1-000125,MWU_SOURCE_UNIT,12B1-MWU-0206,"sí, gracias",,,12B1-MWU-0206,DISTANT_RETURN,A1-M02-I01-S2,A1-M02-I04-S3,A1-M02-I01,A1-M02-I04,CORE_OR_STRUCTURAL_ROUTE,DELAYED_RETRIEVAL_OR_TERMINAL_INTEGRATION,AS_OBJECT_POLICY_REQUIRES,,NONE,1.44,REQUIRED_SCHEDULE_EDGE_AUDITED,"Scheduled four islands after first introduction; destination story is load-balanced. This is a curriculum spacing rule, not a universal optimal interval claim."
REC-A1-000370,SEQ-A1-000105,SENSE,SENSE-A1-000154,comprender,LEX-A1-000152,SENSE-A1-000154,,LOCAL_REUSE,A1-M01-I04-S2,A1-M01-I04-S3,A1-M01-I04,A1-M01-I04,CORE_OR_STRUCTURAL_ROUTE,REEXPOSURE_OR_RETRIEVAL,CONTEXTUAL_OR_FUNCTION_BOUND,,NONE,1.44,REQUIRED_SCHEDULE_EDGE_AUDITED,
REC-A1-000371,SEQ-A1-000105,SENSE,SENSE-A1-000154,comprender,LEX-A1-000152,SENSE-A1-000154,,NEAR_TRANSFER,A1-M01-I04-S3,A1-M02-I01-S3,A1-M01-I04,A1-M02-I01,CORE_OR_STRUCTURAL_ROUTE,TRANSFER_IN_CHANGED_CONTEXT,CONTEXTUAL_OR_FUNCTION_BOUND,,NONE,1.44,REQUIRED_SCHEDULE_EDGE_AUDITED,
REC-A1-000372,SEQ-A1-000105,SENSE,SENSE-A1-000154,comprender,LEX-A1-000152,SENSE-A1-000154,,DISTANT_RETURN,A1-M02-I01-S3,A1-M02-I04-S1,A1-M02-I01,A1-M02-I04,CORE_OR_STRUCTURAL_ROUTE,DELAYED_RETRIEVAL_OR_TERMINAL_INTEGRATION,CONTEXTUAL_OR_FUNCTION_BOUND,,NONE,1.44,REQUIRED_SCHEDULE_EDGE_AUDITED,"Scheduled four islands after first introduction; destination story is load-balanced. This is a curriculum spacing rule, not a universal optimal interval claim."
REC-A1-000373,SEQ-A1-000107,SENSE,SENSE-A1-000221,entender,LEX-A1-000217,SENSE-A1-000221,,LOCAL_REUSE,A1-M01-I04-S2,A1-M01-I04-S3,A1-M01-I04,A1-M01-I04,CORE_OR_STRUCTURAL_ROUTE,REEXPOSURE_OR_RETRIEVAL,CONTEXTUAL_OR_FUNCTION_BOUND,,NONE,1.44,REQUIRED_SCHEDULE_EDGE_AUDITED,
REC-A1-000374,SEQ-A1-000107,SENSE,SENSE-A1-000221,entender,LEX-A1-000217,SENSE-A1-000221,,NEAR_TRANSFER,A1-M01-I04-S3,A1-M02-I01-S4,A1-M01-I04,A1-M02-I01,CORE_OR_STRUCTURAL_ROUTE,TRANSFER_IN_CHANGED_CONTEXT,CONTEXTUAL_OR_FUNCTION_BOUND,,NONE,1.44,REQUIRED_SCHEDULE_EDGE_AUDITED,
REC-A1-000375,SEQ-A1-000107,SENSE,SENSE-A1-000221,entender,LEX-A1-000217,SENSE-A1-000221,,DISTANT_RETURN,A1-M02-I01-S4,A1-M02-I04-S2,A1-M02-I01,A1-M02-I04,CORE_OR_STRUCTURAL_ROUTE,DELAYED_RETRIEVAL_OR_TERMINAL_INTEGRATION,CONTEXTUAL_OR_FUNCTION_BOUND,,NONE,1.44,REQUIRED_SCHEDULE_EDGE_AUDITED,"Scheduled four islands after first introduction; destination story is load-balanced. This is a curriculum spacing rule, not a universal optimal interval claim."
REC-A1-000376,SEQ-A1-000109,SENSE,SENSE-A1-000401,no,LEX-A1-000394,SENSE-A1-000401,,LOCAL_REUSE,A1-M01-I04-S2,A1-M01-I04-S3,A1-M01-I04,A1-M01-I04,CORE_OR_STRUCTURAL_ROUTE,REEXPOSURE_OR_RETRIEVAL,CONTEXTUAL_OR_FUNCTION_BOUND,,NONE,1.44,REQUIRED_SCHEDULE_EDGE_AUDITED,
REC-A1-000377,SEQ-A1-000109,SENSE,SENSE-A1-000401,no,LEX-A1-000394,SENSE-A1-000401,,NEAR_TRANSFER,A1-M01-I04-S3,A1-M02-I01-S1,A1-M01-I04,A1-M02-I01,CORE_OR_STRUCTURAL_ROUTE,TRANSFER_IN_CHANGED_CONTEXT,CONTEXTUAL_OR_FUNCTION_BOUND,,NONE,1.44,REQUIRED_SCHEDULE_EDGE_AUDITED,
REC-A1-000378,SEQ-A1-000109,SENSE,SENSE-A1-000401,no,LEX-A1-000394,SENSE-A1-000401,,DISTANT_RETURN,A1-M02-I01-S1,A1-M02-I04-S3,A1-M02-I01,A1-M02-I04,CORE_OR_STRUCTURAL_ROUTE,DELAYED_RETRIEVAL_OR_TERMINAL_INTEGRATION,CONTEXTUAL_OR_FUNCTION_BOUND,,NONE,1.44,REQUIRED_SCHEDULE_EDGE_AUDITED,"Scheduled four islands after first introduction; destination story is load-balanced. This is a curriculum spacing rule, not a universal optimal interval claim."
REC-A1-000379,SEQ-A1-000111,SENSE,SENSE-A1-000468,pregunta,LEX-A1-000460,SENSE-A1-000468,,LOCAL_REUSE,A1-M01-I04-S2,A1-M01-I04-S3,A1-M01-I04,A1-M01-I04,CORE_OR_STRUCTURAL_ROUTE,REEXPOSURE_OR_RETRIEVAL,CONTEXTUAL_OR_FUNCTION_BOUND,,NONE,1.44,REQUIRED_SCHEDULE_EDGE_AUDITED,
REC-A1-000380,SEQ-A1-000111,SENSE,SENSE-A1-000468,pregunta,LEX-A1-000460,SENSE-A1-000468,,NEAR_TRANSFER,A1-M01-I04-S3,A1-M02-I01-S2,A1-M01-I04,A1-M02-I01,CORE_OR_STRUCTURAL_ROUTE,TRANSFER_IN_CHANGED_CONTEXT,CONTEXTUAL_OR_FUNCTION_BOUND,,NONE,1.44,REQUIRED_SCHEDULE_EDGE_AUDITED,
REC-A1-000381,SEQ-A1-000111,SENSE,SENSE-A1-000468,pregunta,LEX-A1-000460,SENSE-A1-000468,,DISTANT_RETURN,A1-M02-I01-S2,A1-M02-I04-S1,A1-M02-I01,A1-M02-I04,CORE_OR_STRUCTURAL_ROUTE,DELAYED_RETRIEVAL_OR_TERMINAL_INTEGRATION,CONTEXTUAL_OR_FUNCTION_BOUND,,NONE,1.44,REQUIRED_SCHEDULE_EDGE_AUDITED,"Scheduled four islands after first introduction; destination story is load-balanced. This is a curriculum spacing rule, not a universal optimal interval claim."
REC-A1-000382,SEQ-A1-000114,SENSE,SENSE-A1-000525,silencio,LEX-A1-000516,SENSE-A1-000525,,LOCAL_REUSE,A1-M01-I04-S2,A1-M01-I04-S3,A1-M01-I04,A1-M01-I04,CORE_OR_STRUCTURAL_ROUTE,REEXPOSURE_OR_RETRIEVAL,CONTEXTUAL_OR_FUNCTION_BOUND,,NONE,1.44,REQUIRED_SCHEDULE_EDGE_AUDITED,
REC-A1-000383,SEQ-A1-000114,SENSE,SENSE-A1-000525,silencio,LEX-A1-000516,SENSE-A1-000525,,NEAR_TRANSFER,A1-M01-I04-S3,A1-M02-I01-S3,A1-M01-I04,A1-M02-I01,CORE_OR_STRUCTURAL_ROUTE,TRANSFER_IN_CHANGED_CONTEXT,CONTEXTUAL_OR_FUNCTION_BOUND,,NONE,1.44,REQUIRED_SCHEDULE_EDGE_AUDITED,
REC-A1-000384,SEQ-A1-000114,SENSE,SENSE-A1-000525,silencio,LEX-A1-000516,SENSE-A1-000525,,DISTANT_RETURN,A1-M02-I01-S3,A1-M02-I04-S2,A1-M02-I01,A1-M02-I04,CORE_OR_STRUCTURAL_ROUTE,DELAYED_RETRIEVAL_OR_TERMINAL_INTEGRATION,CONTEXTUAL_OR_FUNCTION_BOUND,,NONE,1.44,REQUIRED_SCHEDULE_EDGE_AUDITED,"Scheduled four islands after first introduction; destination story is load-balanced. This is a curriculum spacing rule, not a universal optimal interval claim."
REC-A1-000385,SEQ-A1-000162,GRAMMAR_UNIT,GRAM-A1-034,Artículo en primera posición del SN frente a otros determinantes pospuestos compatibles,,,,LOCAL_REUSE,A1-M02-I01-S1,A1-M02-I01-S4,A1-M02-I01,A1-M02-I01,CORE_OR_STRUCTURAL_ROUTE,REEXPOSURE_OR_RETRIEVAL,AS_OBJECT_POLICY_REQUIRES,,NONE,1.44,REQUIRED_SCHEDULE_EDGE_AUDITED,
REC-A1-000386,SEQ-A1-000162,GRAMMAR_UNIT,GRAM-A1-034,Artículo en primera posición del SN frente a otros determinantes pospuestos compatibles,,,,NEAR_TRANSFER,A1-M02-I01-S4,A1-M02-I02-S2,A1-M02-I01,A1-M02-I02,CORE_OR_STRUCTURAL_ROUTE,TRANSFER_IN_CHANGED_CONTEXT,AS_OBJECT_POLICY_REQUIRES,,NONE,1.44,REQUIRED_SCHEDULE_EDGE_AUDITED,
REC-A1-000387,SEQ-A1-000162,GRAMMAR_UNIT,GRAM-A1-034,Artículo en primera posición del SN frente a otros determinantes pospuestos compatibles,,,,DISTANT_RETURN,A1-M02-I02-S2,A1-M03-I01-S4,A1-M02-I02,A1-M03-I01,CORE_OR_STRUCTURAL_ROUTE,DELAYED_RETRIEVAL_OR_TERMINAL_INTEGRATION,AS_OBJECT_POLICY_REQUIRES,,NONE,1.44,REQUIRED_SCHEDULE_EDGE_AUDITED,"Scheduled four islands after first introduction; destination story is load-balanced. This is a curriculum spacing rule, not a universal optimal interval claim."
REC-A1-000388,SEQ-A1-000163,GRAMMAR_UNIT,GRAM-A1-035,Incompatibilidad con posesivos y demostrativos prenominales,,,,LOCAL_REUSE,A1-M02-I01-S1,A1-M02-I01-S2,A1-M02-I01,A1-M02-I01,CORE_OR_STRUCTURAL_ROUTE,REEXPOSURE_OR_RETRIEVAL,AS_OBJECT_POLICY_REQUIRES,,NONE,1.44,REQUIRED_SCHEDULE_EDGE_AUDITED,
REC-A1-000389,SEQ-A1-000163,GRAMMAR_UNIT,GRAM-A1-035,Incompatibilidad con posesivos y demostrativos prenominales,,,,NEAR_TRANSFER,A1-M02-I01-S2,A1-M02-I02-S3,A1-M02-I01,A1-M02-I02,CORE_OR_STRUCTURAL_ROUTE,TRANSFER_IN_CHANGED_CONTEXT,AS_OBJECT_POLICY_REQUIRES,,NONE,1.44,REQUIRED_SCHEDULE_EDGE_AUDITED,
REC-A1-000390,SEQ-A1-000163,GRAMMAR_UNIT,GRAM-A1-035,Incompatibilidad con posesivos y demostrativos prenominales,,,,DISTANT_RETURN,A1-M02-I02-S3,A1-M03-I01-S4,A1-M02-I02,A1-M03-I01,CORE_OR_STRUCTURAL_ROUTE,DELAYED_RETRIEVAL_OR_TERMINAL_INTEGRATION,AS_OBJECT_POLICY_REQUIRES,,NONE,1.44,REQUIRED_SCHEDULE_EDGE_AUDITED,"Scheduled four islands after first introduction; destination story is load-balanced. This is a curriculum spacing rule, not a universal optimal interval claim."
REC-A1-000391,SEQ-A1-000164,GRAMMAR_UNIT,GRAM-A1-052,"Formas átonas de un poseedor: mi/mis, tu/tus, su/sus",,,,LOCAL_REUSE,A1-M02-I01-S1,A1-M02-I01-S3,A1-M02-I01,A1-M02-I01,CORE_OR_STRUCTURAL_ROUTE,REEXPOSURE_OR_RETRIEVAL,AS_OBJECT_POLICY_REQUIRES,,NONE,1.44,REQUIRED_SCHEDULE_EDGE_AUDITED,
REC-A1-000392,SEQ-A1-000164,GRAMMAR_UNIT,GRAM-A1-052,"Formas átonas de un poseedor: mi/mis, tu/tus, su/sus",,,,NEAR_TRANSFER,A1-M02-I01-S3,A1-M02-I02-S4,A1-M02-I01,A1-M02-I02,CORE_OR_STRUCTURAL_ROUTE,TRANSFER_IN_CHANGED_CONTEXT,AS_OBJECT_POLICY_REQUIRES,,NONE,1.44,REQUIRED_SCHEDULE_EDGE_AUDITED,
REC-A1-000393,SEQ-A1-000164,GRAMMAR_UNIT,GRAM-A1-052,"Formas átonas de un poseedor: mi/mis, tu/tus, su/sus",,,,DISTANT_RETURN,A1-M02-I02-S4,A1-M03-I01-S4,A1-M02-I02,A1-M03-I01,CORE_OR_STRUCTURAL_ROUTE,DELAYED_RETRIEVAL_OR_TERMINAL_INTEGRATION,AS_OBJECT_POLICY_REQUIRES,,NONE,1.44,REQUIRED_SCHEDULE_EDGE_AUDITED,"Scheduled four islands after first introduction; destination story is load-balanced. This is a curriculum spacing rule, not a universal optimal interval claim."
REC-A1-000394,SEQ-A1-000168,GRAMMAR_UNIT,GRAM-A1-057,Posesivo átono no puede aparecer solo,,,,LOCAL_REUSE,A1-M02-I01-S1,A1-M02-I01-S4,A1-M02-I01,A1-M02-I01,CORE_OR_STRUCTURAL_ROUTE,REEXPOSURE_OR_RETRIEVAL,AS_OBJECT_POLICY_REQUIRES,,NONE,1.44,REQUIRED_SCHEDULE_EDGE_AUDITED,
REC-A1-000395,SEQ-A1-000168,GRAMMAR_UNIT,GRAM-A1-057,Posesivo átono no puede aparecer solo,,,,NEAR_TRANSFER,A1-M02-I01-S4,A1-M02-I02-S1,A1-M02-I01,A1-M02-I02,CORE_OR_STRUCTURAL_ROUTE,TRANSFER_IN_CHANGED_CONTEXT,AS_OBJECT_POLICY_REQUIRES,,NONE,1.44,REQUIRED_SCHEDULE_EDGE_AUDITED,
REC-A1-000396,SEQ-A1-000168,GRAMMAR_UNIT,GRAM-A1-057,Posesivo átono no puede aparecer solo,,,,DISTANT_RETURN,A1-M02-I02-S1,A1-M03-I01-S4,A1-M02-I02,A1-M03-I01,CORE_OR_STRUCTURAL_ROUTE,DELAYED_RETRIEVAL_OR_TERMINAL_INTEGRATION,AS_OBJECT_POLICY_REQUIRES,,NONE,1.44,REQUIRED_SCHEDULE_EDGE_AUDITED,"Scheduled four islands after first introduction; destination story is load-balanced. This is a curriculum spacing rule, not a universal optimal interval claim."
REC-A1-000397,SEQ-A1-000171,MWU_SOURCE_UNIT,12B1-MWU-0031,ama de casa,LEX-A1-000035,SENSE-A1-000035,12B1-MWU-0031,LOCAL_REUSE,A1-M02-I01-S1,A1-M02-I01-S2,A1-M02-I01,A1-M02-I01,CORE_OR_STRUCTURAL_ROUTE,REEXPOSURE_OR_RETRIEVAL,AS_OBJECT_POLICY_REQUIRES,,NONE,1.44,REQUIRED_SCHEDULE_EDGE_AUDITED,
REC-A1-000398,SEQ-A1-000171,MWU_SOURCE_UNIT,12B1-MWU-0031,ama de casa,LEX-A1-000035,SENSE-A1-000035,12B1-MWU-0031,NEAR_TRANSFER,A1-M02-I01-S2,A1-M02-I02-S2,A1-M02-I01,A1-M02-I02,CORE_OR_STRUCTURAL_ROUTE,TRANSFER_IN_CHANGED_CONTEXT,AS_OBJECT_POLICY_REQUIRES,,NONE,1.44,REQUIRED_SCHEDULE_EDGE_AUDITED,
REC-A1-000399,SEQ-A1-000171,MWU_SOURCE_UNIT,12B1-MWU-0031,ama de casa,LEX-A1-000035,SENSE-A1-000035,12B1-MWU-0031,DISTANT_RETURN,A1-M02-I02-S2,A1-M03-I01-S4,A1-M02-I02,A1-M03-I01,CORE_OR_STRUCTURAL_ROUTE,DELAYED_RETRIEVAL_OR_TERMINAL_INTEGRATION,AS_OBJECT_POLICY_REQUIRES,,NONE,1.44,REQUIRED_SCHEDULE_EDGE_AUDITED,"Scheduled four islands after first introduction; destination story is load-balanced. This is a curriculum spacing rule, not a universal optimal interval claim."
REC-A1-000400,SEQ-A1-000130,SENSE,SENSE-A1-000118,casado,LEX-A1-000116,SENSE-A1-000118,,LOCAL_REUSE,A1-M02-I01-S1,A1-M02-I01-S3,A1-M02-I01,A1-M02-I01,CORE_OR_STRUCTURAL_ROUTE,REEXPOSURE_OR_RETRIEVAL,CONTEXTUAL_OR_FUNCTION_BOUND,,NONE,1.44,REQUIRED_SCHEDULE_EDGE_AUDITED,
REC-A1-000401,SEQ-A1-000130,SENSE,SENSE-A1-000118,casado,LEX-A1-000116,SENSE-A1-000118,,NEAR_TRANSFER,A1-M02-I01-S3,A1-M02-I02-S3,A1-M02-I01,A1-M02-I02,CORE_OR_STRUCTURAL_ROUTE,TRANSFER_IN_CHANGED_CONTEXT,CONTEXTUAL_OR_FUNCTION_BOUND,,NONE,1.44,REQUIRED_SCHEDULE_EDGE_AUDITED,
REC-A1-000402,SEQ-A1-000130,SENSE,SENSE-A1-000118,casado,LEX-A1-000116,SENSE-A1-000118,,DISTANT_RETURN,A1-M02-I02-S3,A1-M03-I01-S4,A1-M02-I02,A1-M03-I01,CORE_OR_STRUCTURAL_ROUTE,DELAYED_RETRIEVAL_OR_TERMINAL_INTEGRATION,CONTEXTUAL_OR_FUNCTION_BOUND,,NONE,1.44,REQUIRED_SCHEDULE_EDGE_AUDITED,"Scheduled four islands after first introduction; destination story is load-balanced. This is a curriculum spacing rule, not a universal optimal interval claim."
REC-A1-000403,SEQ-A1-000967,SENSE,SENSE-A1-000198,divorciado,LEX-A1-000194,SENSE-A1-000198,,LOCAL_REUSE,A1-M02-I01-S1,A1-M02-I01-S4,A1-M02-I01,A1-M02-I01,CORE_OR_STRUCTURAL_ROUTE,REEXPOSURE_OR_RETRIEVAL,CONTEXTUAL_OR_FUNCTION_BOUND,,NONE,1.44,REQUIRED_SCHEDULE_EDGE_AUDITED,
REC-A1-000404,SEQ-A1-000967,SENSE,SENSE-A1-000198,divorciado,LEX-A1-000194,SENSE-A1-000198,,NEAR_TRANSFER,A1-M02-I01-S4,A1-M02-I02-S4,A1-M02-I01,A1-M02-I02,CORE_OR_STRUCTURAL_ROUTE,TRANSFER_IN_CHANGED_CONTEXT,CONTEXTUAL_OR_FUNCTION_BOUND,,NONE,1.44,REQUIRED_SCHEDULE_EDGE_AUDITED,
REC-A1-000405,SEQ-A1-000967,SENSE,SENSE-A1-000198,divorciado,LEX-A1-000194,SENSE-A1-000198,,DISTANT_RETURN,A1-M02-I02-S4,A1-M03-I01-S4,A1-M02-I02,A1-M03-I01,CORE_OR_STRUCTURAL_ROUTE,DELAYED_RETRIEVAL_OR_TERMINAL_INTEGRATION,CONTEXTUAL_OR_FUNCTION_BOUND,,NONE,1.44,REQUIRED_SCHEDULE_EDGE_AUDITED,"Scheduled four islands after first introduction; destination story is load-balanced. This is a curriculum spacing rule, not a universal optimal interval claim."
REC-A1-000406,SEQ-A1-000135,SENSE,SENSE-A1-000289,hermano,LEX-A1-000284,SENSE-A1-000289,,LOCAL_REUSE,A1-M02-I01-S1,A1-M02-I01-S2,A1-M02-I01,A1-M02-I01,CORE_OR_STRUCTURAL_ROUTE,REEXPOSURE_OR_RETRIEVAL,CONTEXTUAL_OR_FUNCTION_BOUND,,NONE,1.44,REQUIRED_SCHEDULE_EDGE_AUDITED,
REC-A1-000407,SEQ-A1-000135,SENSE,SENSE-A1-000289,hermano,LEX-A1-000284,SENSE-A1-000289,,NEAR_TRANSFER,A1-M02-I01-S2,A1-M02-I02-S1,A1-M02-I01,A1-M02-I02,CORE_OR_STRUCTURAL_ROUTE,TRANSFER_IN_CHANGED_CONTEXT,CONTEXTUAL_OR_FUNCTION_BOUND,,NONE,1.44,REQUIRED_SCHEDULE_EDGE_AUDITED,
REC-A1-000408,SEQ-A1-000135,SENSE,SENSE-A1-000289,hermano,LEX-A1-000284,SENSE-A1-000289,,DISTANT_RETURN,A1-M02-I02-S1,A1-M03-I01-S4,A1-M02-I02,A1-M03-I01,CORE_OR_STRUCTURAL_ROUTE,DELAYED_RETRIEVAL_OR_TERMINAL_INTEGRATION,CONTEXTUAL_OR_FUNCTION_BOUND,,NONE,1.44,REQUIRED_SCHEDULE_EDGE_AUDITED,"Scheduled four islands after first introduction; destination story is load-balanced. This is a curriculum spacing rule, not a universal optimal interval claim."
REC-A1-000409,SEQ-A1-000138,SENSE,SENSE-A1-000321,joven,LEX-A1-000315,SENSE-A1-000321,,LOCAL_REUSE,A1-M02-I01-S1,A1-M02-I01-S3,A1-M02-I01,A1-M02-I01,CORE_OR_STRUCTURAL_ROUTE,REEXPOSURE_OR_RETRIEVAL,CONTEXTUAL_OR_FUNCTION_BOUND,,NONE,1.44,REQUIRED_SCHEDULE_EDGE_AUDITED,
REC-A1-000410,SEQ-A1-000138,SENSE,SENSE-A1-000321,joven,LEX-A1-000315,SENSE-A1-000321,,NEAR_TRANSFER,A1-M02-I01-S3,A1-M02-I02-S2,A1-M02-I01,A1-M02-I02,CORE_OR_STRUCTURAL_ROUTE,TRANSFER_IN_CHANGED_CONTEXT,CONTEXTUAL_OR_FUNCTION_BOUND,,NONE,1.44,REQUIRED_SCHEDULE_EDGE_AUDITED,
REC-A1-000411,SEQ-A1-000138,SENSE,SENSE-A1-000321,joven,LEX-A1-000315,SENSE-A1-000321,,DISTANT_RETURN,A1-M02-I02-S2,A1-M03-I01-S4,A1-M02-I02,A1-M03-I01,CORE_OR_STRUCTURAL_ROUTE,DELAYED_RETRIEVAL_OR_TERMINAL_INTEGRATION,CONTEXTUAL_OR_FUNCTION_BOUND,,NONE,1.44,REQUIRED_SCHEDULE_EDGE_AUDITED,"Scheduled four islands after first introduction; destination story is load-balanced. This is a curriculum spacing rule, not a universal optimal interval claim."
REC-A1-000412,SEQ-A1-000141,SENSE,SENSE-A1-000376,mi,LEX-A1-000370,SENSE-A1-000376,,LOCAL_REUSE,A1-M02-I01-S1,A1-M02-I01-S4,A1-M02-I01,A1-M02-I01,CORE_OR_STRUCTURAL_ROUTE,REEXPOSURE_OR_RETRIEVAL,CONTEXTUAL_OR_FUNCTION_BOUND,,NONE,1.44,REQUIRED_SCHEDULE_EDGE_AUDITED,
REC-A1-000413,SEQ-A1-000141,SENSE,SENSE-A1-000376,mi,LEX-A1-000370,SENSE-A1-000376,,NEAR_TRANSFER,A1-M02-I01-S4,A1-M02-I02-S3,A1-M02-I01,A1-M02-I02,CORE_OR_STRUCTURAL_ROUTE,TRANSFER_IN_CHANGED_CONTEXT,CONTEXTUAL_OR_FUNCTION_BOUND,,NONE,1.44,REQUIRED_SCHEDULE_EDGE_AUDITED,
REC-A1-000414,SEQ-A1-000141,SENSE,SENSE-A1-000376,mi,LEX-A1-000370,SENSE-A1-000376,,DISTANT_RETURN,A1-M02-I02-S3,A1-M03-I01-S4,A1-M02-I02,A1-M03-I01,CORE_OR_STRUCTURAL_ROUTE,DELAYED_RETRIEVAL_OR_TERMINAL_INTEGRATION,CONTEXTUAL_OR_FUNCTION_BOUND,,NONE,1.44,REQUIRED_SCHEDULE_EDGE_AUDITED,"Scheduled four islands after first introduction; destination story is load-balanced. This is a curriculum spacing rule, not a universal optimal interval claim."
REC-A1-000415,SEQ-A1-000144,SENSE,SENSE-A1-000399,nieto,LEX-A1-000392,SENSE-A1-000399,,LOCAL_REUSE,A1-M02-I01-S1,A1-M02-I01-S2,A1-M02-I01,A1-M02-I01,CORE_OR_STRUCTURAL_ROUTE,REEXPOSURE_OR_RETRIEVAL,CONTEXTUAL_OR_FUNCTION_BOUND,,NONE,1.44,REQUIRED_SCHEDULE_EDGE_AUDITED,
REC-A1-000416,SEQ-A1-000144,SENSE,SENSE-A1-000399,nieto,LEX-A1-000392,SENSE-A1-000399,,NEAR_TRANSFER,A1-M02-I01-S2,A1-M02-I02-S4,A1-M02-I01,A1-M02-I02,CORE_OR_STRUCTURAL_ROUTE,TRANSFER_IN_CHANGED_CONTEXT,CONTEXTUAL_OR_FUNCTION_BOUND,,NONE,1.44,REQUIRED_SCHEDULE_EDGE_AUDITED,
REC-A1-000417,SEQ-A1-000144,SENSE,SENSE-A1-000399,nieto,LEX-A1-000392,SENSE-A1-000399,,DISTANT_RETURN,A1-M02-I02-S4,A1-M03-I01-S4,A1-M02-I02,A1-M03-I01,CORE_OR_STRUCTURAL_ROUTE,DELAYED_RETRIEVAL_OR_TERMINAL_INTEGRATION,CONTEXTUAL_OR_FUNCTION_BOUND,,NONE,1.44,REQUIRED_SCHEDULE_EDGE_AUDITED,"Scheduled four islands after first introduction; destination story is load-balanced. This is a curriculum spacing rule, not a universal optimal interval claim."
REC-A1-000418,SEQ-A1-000147,SENSE,SENSE-A1-000422,padre,LEX-A1-000415,SENSE-A1-000422,,LOCAL_REUSE,A1-M02-I01-S1,A1-M02-I01-S3,A1-M02-I01,A1-M02-I01,CORE_OR_STRUCTURAL_ROUTE,REEXPOSURE_OR_RETRIEVAL,CONTEXTUAL_OR_FUNCTION_BOUND,,NONE,1.44,REQUIRED_SCHEDULE_EDGE_AUDITED,
REC-A1-000419,SEQ-A1-000147,SENSE,SENSE-A1-000422,padre,LEX-A1-000415,SENSE-A1-000422,,NEAR_TRANSFER,A1-M02-I01-S3,A1-M02-I02-S1,A1-M02-I01,A1-M02-I02,CORE_OR_STRUCTURAL_ROUTE,TRANSFER_IN_CHANGED_CONTEXT,CONTEXTUAL_OR_FUNCTION_BOUND,,NONE,1.44,REQUIRED_SCHEDULE_EDGE_AUDITED,
REC-A1-000420,SEQ-A1-000147,SENSE,SENSE-A1-000422,padre,LEX-A1-000415,SENSE-A1-000422,,DISTANT_RETURN,A1-M02-I02-S1,A1-M03-I01-S4,A1-M02-I02,A1-M03-I01,CORE_OR_STRUCTURAL_ROUTE,DELAYED_RETRIEVAL_OR_TERMINAL_INTEGRATION,CONTEXTUAL_OR_FUNCTION_BOUND,,NONE,1.44,REQUIRED_SCHEDULE_EDGE_AUDITED,"Scheduled four islands after first introduction; destination story is load-balanced. This is a curriculum spacing rule, not a universal optimal interval claim."
REC-A1-000421,SEQ-A1-000150,SENSE,SENSE-A1-000518,separado,LEX-A1-000509,SENSE-A1-000518,,LOCAL_REUSE,A1-M02-I01-S1,A1-M02-I01-S4,A1-M02-I01,A1-M02-I01,CORE_OR_STRUCTURAL_ROUTE,REEXPOSURE_OR_RETRIEVAL,CONTEXTUAL_OR_FUNCTION_BOUND,,NONE,1.44,REQUIRED_SCHEDULE_EDGE_AUDITED,
REC-A1-000422,SEQ-A1-000150,SENSE,SENSE-A1-000518,separado,LEX-A1-000509,SENSE-A1-000518,,NEAR_TRANSFER,A1-M02-I01-S4,A1-M02-I02-S2,A1-M02-I01,A1-M02-I02,CORE_OR_STRUCTURAL_ROUTE,TRANSFER_IN_CHANGED_CONTEXT,CONTEXTUAL_OR_FUNCTION_BOUND,,NONE,1.44,REQUIRED_SCHEDULE_EDGE_AUDITED,
REC-A1-000423,SEQ-A1-000150,SENSE,SENSE-A1-000518,separado,LEX-A1-000509,SENSE-A1-000518,,DISTANT_RETURN,A1-M02-I02-S2,A1-M03-I01-S4,A1-M02-I02,A1-M03-I01,CORE_OR_STRUCTURAL_ROUTE,DELAYED_RETRIEVAL_OR_TERMINAL_INTEGRATION,CONTEXTUAL_OR_FUNCTION_BOUND,,NONE,1.44,REQUIRED_SCHEDULE_EDGE_AUDITED,"Scheduled four islands after first introduction; destination story is load-balanced. This is a curriculum spacing rule, not a universal optimal interval claim."
REC-A1-000424,SEQ-A1-000153,SENSE,SENSE-A1-000538,su,LEX-A1-000529,SENSE-A1-000538,,LOCAL_REUSE,A1-M02-I01-S1,A1-M02-I01-S2,A1-M02-I01,A1-M02-I01,CORE_OR_STRUCTURAL_ROUTE,REEXPOSURE_OR_RETRIEVAL,CONTEXTUAL_OR_FUNCTION_BOUND,,NONE,1.44,REQUIRED_SCHEDULE_EDGE_AUDITED,
REC-A1-000425,SEQ-A1-000153,SENSE,SENSE-A1-000538,su,LEX-A1-000529,SENSE-A1-000538,,NEAR_TRANSFER,A1-M02-I01-S2,A1-M02-I02-S3,A1-M02-I01,A1-M02-I02,CORE_OR_STRUCTURAL_ROUTE,TRANSFER_IN_CHANGED_CONTEXT,CONTEXTUAL_OR_FUNCTION_BOUND,,NONE,1.44,REQUIRED_SCHEDULE_EDGE_AUDITED,
REC-A1-000426,SEQ-A1-000153,SENSE,SENSE-A1-000538,su,LEX-A1-000529,SENSE-A1-000538,,DISTANT_RETURN,A1-M02-I02-S3,A1-M03-I01-S4,A1-M02-I02,A1-M03-I01,CORE_OR_STRUCTURAL_ROUTE,DELAYED_RETRIEVAL_OR_TERMINAL_INTEGRATION,CONTEXTUAL_OR_FUNCTION_BOUND,,NONE,1.44,REQUIRED_SCHEDULE_EDGE_AUDITED,"Scheduled four islands after first introduction; destination story is load-balanced. This is a curriculum spacing rule, not a universal optimal interval claim."
REC-A1-000427,SEQ-A1-000156,SENSE,SENSE-A1-000593,viejo,LEX-A1-000584,SENSE-A1-000593,,LOCAL_REUSE,A1-M02-I01-S1,A1-M02-I01-S3,A1-M02-I01,A1-M02-I01,CORE_OR_STRUCTURAL_ROUTE,REEXPOSURE_OR_RETRIEVAL,CONTEXTUAL_OR_FUNCTION_BOUND,,NONE,1.44,REQUIRED_SCHEDULE_EDGE_AUDITED,
REC-A1-000428,SEQ-A1-000156,SENSE,SENSE-A1-000593,viejo,LEX-A1-000584,SENSE-A1-000593,,NEAR_TRANSFER,A1-M02-I01-S3,A1-M02-I02-S4,A1-M02-I01,A1-M02-I02,CORE_OR_STRUCTURAL_ROUTE,TRANSFER_IN_CHANGED_CONTEXT,CONTEXTUAL_OR_FUNCTION_BOUND,,NONE,1.44,REQUIRED_SCHEDULE_EDGE_AUDITED,
REC-A1-000429,SEQ-A1-000156,SENSE,SENSE-A1-000593,viejo,LEX-A1-000584,SENSE-A1-000593,,DISTANT_RETURN,A1-M02-I02-S4,A1-M03-I01-S4,A1-M02-I02,A1-M03-I01,CORE_OR_STRUCTURAL_ROUTE,DELAYED_RETRIEVAL_OR_TERMINAL_INTEGRATION,CONTEXTUAL_OR_FUNCTION_BOUND,,NONE,1.44,REQUIRED_SCHEDULE_EDGE_AUDITED,"Scheduled four islands after first introduction; destination story is load-balanced. This is a curriculum spacing rule, not a universal optimal interval claim."
REC-A1-000430,SEQ-A1-000159,GRAMMAR_UNIT,GRAM-A1-009,Género regular: masculino -o / femenino -a,,,,LOCAL_REUSE,A1-M02-I01-S2,A1-M02-I01-S4,A1-M02-I01,A1-M02-I01,CORE_OR_STRUCTURAL_ROUTE,REEXPOSURE_OR_RETRIEVAL,AS_OBJECT_POLICY_REQUIRES,,NONE,1.44,REQUIRED_SCHEDULE_EDGE_AUDITED,
REC-A1-000431,SEQ-A1-000159,GRAMMAR_UNIT,GRAM-A1-009,Género regular: masculino -o / femenino -a,,,,NEAR_TRANSFER,A1-M02-I01-S4,A1-M02-I02-S1,A1-M02-I01,A1-M02-I02,CORE_OR_STRUCTURAL_ROUTE,TRANSFER_IN_CHANGED_CONTEXT,AS_OBJECT_POLICY_REQUIRES,,NONE,1.44,REQUIRED_SCHEDULE_EDGE_AUDITED,
REC-A1-000432,SEQ-A1-000159,GRAMMAR_UNIT,GRAM-A1-009,Género regular: masculino -o / femenino -a,,,,DISTANT_RETURN,A1-M02-I02-S1,A1-M03-I01-S4,A1-M02-I02,A1-M03-I01,CORE_OR_STRUCTURAL_ROUTE,DELAYED_RETRIEVAL_OR_TERMINAL_INTEGRATION,AS_OBJECT_POLICY_REQUIRES,,NONE,1.44,REQUIRED_SCHEDULE_EDGE_AUDITED,"Scheduled four islands after first introduction; destination story is load-balanced. This is a curriculum spacing rule, not a universal optimal interval claim."
REC-A1-000433,SEQ-A1-000161,GRAMMAR_UNIT,GRAM-A1-017,Valor básico del plural como suma de individuos de una misma clase,,,,LOCAL_REUSE,A1-M02-I01-S2,A1-M02-I01-S3,A1-M02-I01,A1-M02-I01,CORE_OR_STRUCTURAL_ROUTE,REEXPOSURE_OR_RETRIEVAL,AS_OBJECT_POLICY_REQUIRES,,NONE,1.44,REQUIRED_SCHEDULE_EDGE_AUDITED,
REC-A1-000434,SEQ-A1-000161,GRAMMAR_UNIT,GRAM-A1-017,Valor básico del plural como suma de individuos de una misma clase,,,,NEAR_TRANSFER,A1-M02-I01-S3,A1-M02-I02-S2,A1-M02-I01,A1-M02-I02,CORE_OR_STRUCTURAL_ROUTE,TRANSFER_IN_CHANGED_CONTEXT,AS_OBJECT_POLICY_REQUIRES,,NONE,1.44,REQUIRED_SCHEDULE_EDGE_AUDITED,
REC-A1-000435,SEQ-A1-000161,GRAMMAR_UNIT,GRAM-A1-017,Valor básico del plural como suma de individuos de una misma clase,,,,DISTANT_RETURN,A1-M02-I02-S2,A1-M03-I01-S4,A1-M02-I02,A1-M03-I01,CORE_OR_STRUCTURAL_ROUTE,DELAYED_RETRIEVAL_OR_TERMINAL_INTEGRATION,AS_OBJECT_POLICY_REQUIRES,,NONE,1.44,REQUIRED_SCHEDULE_EDGE_AUDITED,"Scheduled four islands after first introduction; destination story is load-balanced. This is a curriculum spacing rule, not a universal optimal interval claim."
REC-A1-000436,SEQ-A1-000166,GRAMMAR_UNIT,GRAM-A1-054,Concordancia de género y número en nuestro/vuestro,,,,LOCAL_REUSE,A1-M02-I01-S2,A1-M02-I01-S4,A1-M02-I01,A1-M02-I01,CORE_OR_STRUCTURAL_ROUTE,REEXPOSURE_OR_RETRIEVAL,AS_OBJECT_POLICY_REQUIRES,,NONE,1.44,REQUIRED_SCHEDULE_EDGE_AUDITED,
REC-A1-000437,SEQ-A1-000166,GRAMMAR_UNIT,GRAM-A1-054,Concordancia de género y número en nuestro/vuestro,,,,NEAR_TRANSFER,A1-M02-I01-S4,A1-M02-I02-S3,A1-M02-I01,A1-M02-I02,CORE_OR_STRUCTURAL_ROUTE,TRANSFER_IN_CHANGED_CONTEXT,AS_OBJECT_POLICY_REQUIRES,,NONE,1.44,REQUIRED_SCHEDULE_EDGE_AUDITED,
REC-A1-000438,SEQ-A1-000166,GRAMMAR_UNIT,GRAM-A1-054,Concordancia de género y número en nuestro/vuestro,,,,DISTANT_RETURN,A1-M02-I02-S3,A1-M03-I01-S4,A1-M02-I02,A1-M03-I01,CORE_OR_STRUCTURAL_ROUTE,DELAYED_RETRIEVAL_OR_TERMINAL_INTEGRATION,AS_OBJECT_POLICY_REQUIRES,,NONE,1.44,REQUIRED_SCHEDULE_EDGE_AUDITED,"Scheduled four islands after first introduction; destination story is load-balanced. This is a curriculum spacing rule, not a universal optimal interval claim."
REC-A1-000439,SEQ-A1-000169,GRAMMAR_UNIT,GRAM-A1-058,Incompatibilidad del posesivo átono con artículo,,,,LOCAL_REUSE,A1-M02-I01-S2,A1-M02-I01-S3,A1-M02-I01,A1-M02-I01,CORE_OR_STRUCTURAL_ROUTE,REEXPOSURE_OR_RETRIEVAL,AS_OBJECT_POLICY_REQUIRES,,NONE,1.44,REQUIRED_SCHEDULE_EDGE_AUDITED,
REC-A1-000440,SEQ-A1-000169,GRAMMAR_UNIT,GRAM-A1-058,Incompatibilidad del posesivo átono con artículo,,,,NEAR_TRANSFER,A1-M02-I01-S3,A1-M02-I02-S4,A1-M02-I01,A1-M02-I02,CORE_OR_STRUCTURAL_ROUTE,TRANSFER_IN_CHANGED_CONTEXT,AS_OBJECT_POLICY_REQUIRES,,NONE,1.44,REQUIRED_SCHEDULE_EDGE_AUDITED,
REC-A1-000441,SEQ-A1-000169,GRAMMAR_UNIT,GRAM-A1-058,Incompatibilidad del posesivo átono con artículo,,,,DISTANT_RETURN,A1-M02-I02-S4,A1-M03-I01-S2,A1-M02-I02,A1-M03-I01,CORE_OR_STRUCTURAL_ROUTE,DELAYED_RETRIEVAL_OR_TERMINAL_INTEGRATION,AS_OBJECT_POLICY_REQUIRES,,NONE,1.44,REQUIRED_SCHEDULE_EDGE_AUDITED,"Scheduled four islands after first introduction; destination story is load-balanced. This is a curriculum spacing rule, not a universal optimal interval claim."
REC-A1-000442,SEQ-A1-000128,SENSE,SENSE-A1-000010,abuelo,LEX-A1-000010,SENSE-A1-000010,,LOCAL_REUSE,A1-M02-I01-S2,A1-M02-I01-S4,A1-M02-I01,A1-M02-I01,CORE_OR_STRUCTURAL_ROUTE,REEXPOSURE_OR_RETRIEVAL,CONTEXTUAL_OR_FUNCTION_BOUND,,NONE,1.44,REQUIRED_SCHEDULE_EDGE_AUDITED,
REC-A1-000443,SEQ-A1-000128,SENSE,SENSE-A1-000010,abuelo,LEX-A1-000010,SENSE-A1-000010,,NEAR_TRANSFER,A1-M02-I01-S4,A1-M02-I02-S1,A1-M02-I01,A1-M02-I02,CORE_OR_STRUCTURAL_ROUTE,TRANSFER_IN_CHANGED_CONTEXT,CONTEXTUAL_OR_FUNCTION_BOUND,,NONE,1.44,REQUIRED_SCHEDULE_EDGE_AUDITED,
REC-A1-000444,SEQ-A1-000128,SENSE,SENSE-A1-000010,abuelo,LEX-A1-000010,SENSE-A1-000010,,DISTANT_RETURN,A1-M02-I02-S1,A1-M03-I01-S3,A1-M02-I02,A1-M03-I01,CORE_OR_STRUCTURAL_ROUTE,DELAYED_RETRIEVAL_OR_TERMINAL_INTEGRATION,CONTEXTUAL_OR_FUNCTION_BOUND,,NONE,1.44,REQUIRED_SCHEDULE_EDGE_AUDITED,"Scheduled four islands after first introduction; destination story is load-balanced. This is a curriculum spacing rule, not a universal optimal interval claim."
REC-A1-000445,SEQ-A1-000131,SENSE,SENSE-A1-000134,chico,LEX-A1-000132,SENSE-A1-000134,,LOCAL_REUSE,A1-M02-I01-S2,A1-M02-I01-S3,A1-M02-I01,A1-M02-I01,CORE_OR_STRUCTURAL_ROUTE,REEXPOSURE_OR_RETRIEVAL,CONTEXTUAL_OR_FUNCTION_BOUND,,NONE,1.44,REQUIRED_SCHEDULE_EDGE_AUDITED,
REC-A1-000446,SEQ-A1-000131,SENSE,SENSE-A1-000134,chico,LEX-A1-000132,SENSE-A1-000134,,NEAR_TRANSFER,A1-M02-I01-S3,A1-M02-I02-S2,A1-M02-I01,A1-M02-I02,CORE_OR_STRUCTURAL_ROUTE,TRANSFER_IN_CHANGED_CONTEXT,CONTEXTUAL_OR_FUNCTION_BOUND,,NONE,1.44,REQUIRED_SCHEDULE_EDGE_AUDITED,
REC-A1-000447,SEQ-A1-000131,SENSE,SENSE-A1-000134,chico,LEX-A1-000132,SENSE-A1-000134,,DISTANT_RETURN,A1-M02-I02-S2,A1-M03-I01-S4,A1-M02-I02,A1-M03-I01,CORE_OR_STRUCTURAL_ROUTE,DELAYED_RETRIEVAL_OR_TERMINAL_INTEGRATION,CONTEXTUAL_OR_FUNCTION_BOUND,,NONE,1.44,REQUIRED_SCHEDULE_EDGE_AUDITED,"Scheduled four islands after first introduction; destination story is load-balanced. This is a curriculum spacing rule, not a universal optimal interval claim."
REC-A1-000448,SEQ-A1-000133,SENSE,SENSE-A1-000252,familia,LEX-A1-000248,SENSE-A1-000252,,LOCAL_REUSE,A1-M02-I01-S2,A1-M02-I01-S4,A1-M02-I01,A1-M02-I01,CORE_OR_STRUCTURAL_ROUTE,REEXPOSURE_OR_RETRIEVAL,CONTEXTUAL_OR_FUNCTION_BOUND,,NONE,1.44,REQUIRED_SCHEDULE_EDGE_AUDITED,
REC-A1-000449,SEQ-A1-000133,SENSE,SENSE-A1-000252,familia,LEX-A1-000248,SENSE-A1-000252,,NEAR_TRANSFER,A1-M02-I01-S4,A1-M02-I02-S3,A1-M02-I01,A1-M02-I02,CORE_OR_STRUCTURAL_ROUTE,TRANSFER_IN_CHANGED_CONTEXT,CONTEXTUAL_OR_FUNCTION_BOUND,,NONE,1.44,REQUIRED_SCHEDULE_EDGE_AUDITED,
REC-A1-000450,SEQ-A1-000133,SENSE,SENSE-A1-000252,familia,LEX-A1-000248,SENSE-A1-000252,,DISTANT_RETURN,A1-M02-I02-S3,A1-M03-I01-S1,A1-M02-I02,A1-M03-I01,CORE_OR_STRUCTURAL_ROUTE,DELAYED_RETRIEVAL_OR_TERMINAL_INTEGRATION,CONTEXTUAL_OR_FUNCTION_BOUND,,NONE,1.44,REQUIRED_SCHEDULE_EDGE_AUDITED,"Scheduled four islands after first introduction; destination story is load-balanced. This is a curriculum spacing rule, not a universal optimal interval claim."
REC-A1-000451,SEQ-A1-000136,SENSE,SENSE-A1-000291,hijo,LEX-A1-000286,SENSE-A1-000291,,LOCAL_REUSE,A1-M02-I01-S2,A1-M02-I01-S3,A1-M02-I01,A1-M02-I01,CORE_OR_STRUCTURAL_ROUTE,REEXPOSURE_OR_RETRIEVAL,CONTEXTUAL_OR_FUNCTION_BOUND,,NONE,1.44,REQUIRED_SCHEDULE_EDGE_AUDITED,
REC-A1-000452,SEQ-A1-000136,SENSE,SENSE-A1-000291,hijo,LEX-A1-000286,SENSE-A1-000291,,NEAR_TRANSFER,A1-M02-I01-S3,A1-M02-I02-S4,A1-M02-I01,A1-M02-I02,CORE_OR_STRUCTURAL_ROUTE,TRANSFER_IN_CHANGED_CONTEXT,CONTEXTUAL_OR_FUNCTION_BOUND,,NONE,1.44,REQUIRED_SCHEDULE_EDGE_AUDITED,
REC-A1-000453,SEQ-A1-000136,SENSE,SENSE-A1-000291,hijo,LEX-A1-000286,SENSE-A1-000291,,DISTANT_RETURN,A1-M02-I02-S4,A1-M03-I01-S2,A1-M02-I02,A1-M03-I01,CORE_OR_STRUCTURAL_ROUTE,DELAYED_RETRIEVAL_OR_TERMINAL_INTEGRATION,CONTEXTUAL_OR_FUNCTION_BOUND,,NONE,1.44,REQUIRED_SCHEDULE_EDGE_AUDITED,"Scheduled four islands after first introduction; destination story is load-balanced. This is a curriculum spacing rule, not a universal optimal interval claim."
REC-A1-000454,SEQ-A1-000139,SENSE,SENSE-A1-000346,madre,LEX-A1-000340,SENSE-A1-000346,,LOCAL_REUSE,A1-M02-I01-S2,A1-M02-I01-S4,A1-M02-I01,A1-M02-I01,CORE_OR_STRUCTURAL_ROUTE,REEXPOSURE_OR_RETRIEVAL,CONTEXTUAL_OR_FUNCTION_BOUND,,NONE,1.44,REQUIRED_SCHEDULE_EDGE_AUDITED,
REC-A1-000455,SEQ-A1-000139,SENSE,SENSE-A1-000346,madre,LEX-A1-000340,SENSE-A1-000346,,NEAR_TRANSFER,A1-M02-I01-S4,A1-M02-I02-S1,A1-M02-I01,A1-M02-I02,CORE_OR_STRUCTURAL_ROUTE,TRANSFER_IN_CHANGED_CONTEXT,CONTEXTUAL_OR_FUNCTION_BOUND,,NONE,1.44,REQUIRED_SCHEDULE_EDGE_AUDITED,
REC-A1-000456,SEQ-A1-000139,SENSE,SENSE-A1-000346,madre,LEX-A1-000340,SENSE-A1-000346,,DISTANT_RETURN,A1-M02-I02-S1,A1-M03-I01-S3,A1-M02-I02,A1-M03-I01,CORE_OR_STRUCTURAL_ROUTE,DELAYED_RETRIEVAL_OR_TERMINAL_INTEGRATION,CONTEXTUAL_OR_FUNCTION_BOUND,,NONE,1.44,REQUIRED_SCHEDULE_EDGE_AUDITED,"Scheduled four islands after first introduction; destination story is load-balanced. This is a curriculum spacing rule, not a universal optimal interval claim."
REC-A1-000457,SEQ-A1-000142,SENSE,SENSE-A1-000385,mujer,LEX-A1-000379,SENSE-A1-000385,,LOCAL_REUSE,A1-M02-I01-S2,A1-M02-I01-S3,A1-M02-I01,A1-M02-I01,CORE_OR_STRUCTURAL_ROUTE,REEXPOSURE_OR_RETRIEVAL,CONTEXTUAL_OR_FUNCTION_BOUND,,NONE,1.44,REQUIRED_SCHEDULE_EDGE_AUDITED,
REC-A1-000458,SEQ-A1-000142,SENSE,SENSE-A1-000385,mujer,LEX-A1-000379,SENSE-A1-000385,,NEAR_TRANSFER,A1-M02-I01-S3,A1-M02-I02-S2,A1-M02-I01,A1-M02-I02,CORE_OR_STRUCTURAL_ROUTE,TRANSFER_IN_CHANGED_CONTEXT,CONTEXTUAL_OR_FUNCTION_BOUND,,NONE,1.44,REQUIRED_SCHEDULE_EDGE_AUDITED,
REC-A1-000459,SEQ-A1-000142,SENSE,SENSE-A1-000385,mujer,LEX-A1-000379,SENSE-A1-000385,,DISTANT_RETURN,A1-M02-I02-S2,A1-M03-I01-S4,A1-M02-I02,A1-M03-I01,CORE_OR_STRUCTURAL_ROUTE,DELAYED_RETRIEVAL_OR_TERMINAL_INTEGRATION,CONTEXTUAL_OR_FUNCTION_BOUND,,NONE,1.44,REQUIRED_SCHEDULE_EDGE_AUDITED,"Scheduled four islands after first introduction; destination story is load-balanced. This is a curriculum spacing rule, not a universal optimal interval claim."
REC-A1-000460,SEQ-A1-000145,SENSE,SENSE-A1-000400,niño,LEX-A1-000393,SENSE-A1-000400,,LOCAL_REUSE,A1-M02-I01-S2,A1-M02-I01-S4,A1-M02-I01,A1-M02-I01,CORE_OR_STRUCTURAL_ROUTE,REEXPOSURE_OR_RETRIEVAL,CONTEXTUAL_OR_FUNCTION_BOUND,,NONE,1.44,REQUIRED_SCHEDULE_EDGE_AUDITED,
REC-A1-000461,SEQ-A1-000145,SENSE,SENSE-A1-000400,niño,LEX-A1-000393,SENSE-A1-000400,,NEAR_TRANSFER,A1-M02-I01-S4,A1-M02-I02-S3,A1-M02-I01,A1-M02-I02,CORE_OR_STRUCTURAL_ROUTE,TRANSFER_IN_CHANGED_CONTEXT,CONTEXTUAL_OR_FUNCTION_BOUND,,NONE,1.44,REQUIRED_SCHEDULE_EDGE_AUDITED,
REC-A1-000462,SEQ-A1-000145,SENSE,SENSE-A1-000400,niño,LEX-A1-000393,SENSE-A1-000400,,DISTANT_RETURN,A1-M02-I02-S3,A1-M03-I01-S1,A1-M02-I02,A1-M03-I01,CORE_OR_STRUCTURAL_ROUTE,DELAYED_RETRIEVAL_OR_TERMINAL_INTEGRATION,CONTEXTUAL_OR_FUNCTION_BOUND,,NONE,1.44,REQUIRED_SCHEDULE_EDGE_AUDITED,"Scheduled four islands after first introduction; destination story is load-balanced. This is a curriculum spacing rule, not a universal optimal interval claim."
REC-A1-000463,SEQ-A1-000148,SENSE,SENSE-A1-000423,padre,LEX-A1-000415,SENSE-A1-000423,,LOCAL_REUSE,A1-M02-I01-S2,A1-M02-I01-S3,A1-M02-I01,A1-M02-I01,CORE_OR_STRUCTURAL_ROUTE,REEXPOSURE_OR_RETRIEVAL,CONTEXTUAL_OR_FUNCTION_BOUND,,NONE,1.44,REQUIRED_SCHEDULE_EDGE_AUDITED,
REC-A1-000464,SEQ-A1-000148,SENSE,SENSE-A1-000423,padre,LEX-A1-000415,SENSE-A1-000423,,NEAR_TRANSFER,A1-M02-I01-S3,A1-M02-I02-S4,A1-M02-I01,A1-M02-I02,CORE_OR_STRUCTURAL_ROUTE,TRANSFER_IN_CHANGED_CONTEXT,CONTEXTUAL_OR_FUNCTION_BOUND,,NONE,1.44,REQUIRED_SCHEDULE_EDGE_AUDITED,
REC-A1-000465,SEQ-A1-000148,SENSE,SENSE-A1-000423,padre,LEX-A1-000415,SENSE-A1-000423,,DISTANT_RETURN,A1-M02-I02-S4,A1-M03-I01-S2,A1-M02-I02,A1-M03-I01,CORE_OR_STRUCTURAL_ROUTE,DELAYED_RETRIEVAL_OR_TERMINAL_INTEGRATION,CONTEXTUAL_OR_FUNCTION_BOUND,,NONE,1.44,REQUIRED_SCHEDULE_EDGE_AUDITED,"Scheduled four islands after first introduction; destination story is load-balanced. This is a curriculum spacing rule, not a universal optimal interval claim."
REC-A1-000466,SEQ-A1-000151,SENSE,SENSE-A1-000532,sobrino,LEX-A1-000523,SENSE-A1-000532,,LOCAL_REUSE,A1-M02-I01-S2,A1-M02-I01-S4,A1-M02-I01,A1-M02-I01,CORE_OR_STRUCTURAL_ROUTE,REEXPOSURE_OR_RETRIEVAL,CONTEXTUAL_OR_FUNCTION_BOUND,,NONE,1.44,REQUIRED_SCHEDULE_EDGE_AUDITED,
REC-A1-000467,SEQ-A1-000151,SENSE,SENSE-A1-000532,sobrino,LEX-A1-000523,SENSE-A1-000532,,NEAR_TRANSFER,A1-M02-I01-S4,A1-M02-I02-S1,A1-M02-I01,A1-M02-I02,CORE_OR_STRUCTURAL_ROUTE,TRANSFER_IN_CHANGED_CONTEXT,CONTEXTUAL_OR_FUNCTION_BOUND,,NONE,1.44,REQUIRED_SCHEDULE_EDGE_AUDITED,
REC-A1-000468,SEQ-A1-000151,SENSE,SENSE-A1-000532,sobrino,LEX-A1-000523,SENSE-A1-000532,,DISTANT_RETURN,A1-M02-I02-S1,A1-M03-I01-S3,A1-M02-I02,A1-M03-I01,CORE_OR_STRUCTURAL_ROUTE,DELAYED_RETRIEVAL_OR_TERMINAL_INTEGRATION,CONTEXTUAL_OR_FUNCTION_BOUND,,NONE,1.44,REQUIRED_SCHEDULE_EDGE_AUDITED,"Scheduled four islands after first introduction; destination story is load-balanced. This is a curriculum spacing rule, not a universal optimal interval claim."
REC-A1-000469,SEQ-A1-000155,SENSE,SENSE-A1-000571,tu,LEX-A1-000562,SENSE-A1-000571,,LOCAL_REUSE,A1-M02-I01-S2,A1-M02-I01-S3,A1-M02-I01,A1-M02-I01,CORE_OR_STRUCTURAL_ROUTE,REEXPOSURE_OR_RETRIEVAL,CONTEXTUAL_OR_FUNCTION_BOUND,,NONE,1.44,REQUIRED_SCHEDULE_EDGE_AUDITED,
REC-A1-000470,SEQ-A1-000155,SENSE,SENSE-A1-000571,tu,LEX-A1-000562,SENSE-A1-000571,,NEAR_TRANSFER,A1-M02-I01-S3,A1-M02-I02-S2,A1-M02-I01,A1-M02-I02,CORE_OR_STRUCTURAL_ROUTE,TRANSFER_IN_CHANGED_CONTEXT,CONTEXTUAL_OR_FUNCTION_BOUND,,NONE,1.44,REQUIRED_SCHEDULE_EDGE_AUDITED,
REC-A1-000471,SEQ-A1-000155,SENSE,SENSE-A1-000571,tu,LEX-A1-000562,SENSE-A1-000571,,DISTANT_RETURN,A1-M02-I02-S2,A1-M03-I01-S4,A1-M02-I02,A1-M03-I01,CORE_OR_STRUCTURAL_ROUTE,DELAYED_RETRIEVAL_OR_TERMINAL_INTEGRATION,CONTEXTUAL_OR_FUNCTION_BOUND,,NONE,1.44,REQUIRED_SCHEDULE_EDGE_AUDITED,"Scheduled four islands after first introduction; destination story is load-balanced. This is a curriculum spacing rule, not a universal optimal interval claim."
REC-A1-000472,SEQ-A1-000157,SENSE,SENSE-A1-000598,viudo,LEX-A1-000589,SENSE-A1-000598,,LOCAL_REUSE,A1-M02-I01-S2,A1-M02-I01-S4,A1-M02-I01,A1-M02-I01,CORE_OR_STRUCTURAL_ROUTE,REEXPOSURE_OR_RETRIEVAL,CONTEXTUAL_OR_FUNCTION_BOUND,,NONE,1.44,REQUIRED_SCHEDULE_EDGE_AUDITED,
REC-A1-000473,SEQ-A1-000157,SENSE,SENSE-A1-000598,viudo,LEX-A1-000589,SENSE-A1-000598,,NEAR_TRANSFER,A1-M02-I01-S4,A1-M02-I02-S3,A1-M02-I01,A1-M02-I02,CORE_OR_STRUCTURAL_ROUTE,TRANSFER_IN_CHANGED_CONTEXT,CONTEXTUAL_OR_FUNCTION_BOUND,,NONE,1.44,REQUIRED_SCHEDULE_EDGE_AUDITED,
REC-A1-000474,SEQ-A1-000157,SENSE,SENSE-A1-000598,viudo,LEX-A1-000589,SENSE-A1-000598,,DISTANT_RETURN,A1-M02-I02-S3,A1-M03-I01-S1,A1-M02-I02,A1-M03-I01,CORE_OR_STRUCTURAL_ROUTE,DELAYED_RETRIEVAL_OR_TERMINAL_INTEGRATION,CONTEXTUAL_OR_FUNCTION_BOUND,,NONE,1.44,REQUIRED_SCHEDULE_EDGE_AUDITED,"Scheduled four islands after first introduction; destination story is load-balanced. This is a curriculum spacing rule, not a universal optimal interval claim."
REC-A1-000475,SEQ-A1-000160,GRAMMAR_UNIT,GRAM-A1-013,Heteronimia de sexo/género en pares léxicos frecuentes,,,,LOCAL_REUSE,A1-M02-I01-S3,A1-M02-I01-S4,A1-M02-I01,A1-M02-I01,CORE_OR_STRUCTURAL_ROUTE,REEXPOSURE_OR_RETRIEVAL,AS_OBJECT_POLICY_REQUIRES,,NONE,1.44,REQUIRED_SCHEDULE_EDGE_AUDITED,
REC-A1-000476,SEQ-A1-000160,GRAMMAR_UNIT,GRAM-A1-013,Heteronimia de sexo/género en pares léxicos frecuentes,,,,NEAR_TRANSFER,A1-M02-I01-S4,A1-M02-I02-S4,A1-M02-I01,A1-M02-I02,CORE_OR_STRUCTURAL_ROUTE,TRANSFER_IN_CHANGED_CONTEXT,AS_OBJECT_POLICY_REQUIRES,,NONE,1.44,REQUIRED_SCHEDULE_EDGE_AUDITED,
REC-A1-000477,SEQ-A1-000160,GRAMMAR_UNIT,GRAM-A1-013,Heteronimia de sexo/género en pares léxicos frecuentes,,,,DISTANT_RETURN,A1-M02-I02-S4,A1-M03-I01-S2,A1-M02-I02,A1-M03-I01,CORE_OR_STRUCTURAL_ROUTE,DELAYED_RETRIEVAL_OR_TERMINAL_INTEGRATION,AS_OBJECT_POLICY_REQUIRES,,NONE,1.44,REQUIRED_SCHEDULE_EDGE_AUDITED,"Scheduled four islands after first introduction; destination story is load-balanced. This is a curriculum spacing rule, not a universal optimal interval claim."
REC-A1-000478,SEQ-A1-000165,GRAMMAR_UNIT,GRAM-A1-053,"Formas de varios poseedores: nuestro/a/os/as, vuestro/a/os/as, su/sus",,,,LOCAL_REUSE,A1-M02-I01-S3,A1-M02-I01-S4,A1-M02-I01,A1-M02-I01,CORE_OR_STRUCTURAL_ROUTE,REEXPOSURE_OR_RETRIEVAL,AS_OBJECT_POLICY_REQUIRES,,NONE,1.44,REQUIRED_SCHEDULE_EDGE_AUDITED,
REC-A1-000479,SEQ-A1-000165,GRAMMAR_UNIT,GRAM-A1-053,"Formas de varios poseedores: nuestro/a/os/as, vuestro/a/os/as, su/sus",,,,NEAR_TRANSFER,A1-M02-I01-S4,A1-M02-I02-S1,A1-M02-I01,A1-M02-I02,CORE_OR_STRUCTURAL_ROUTE,TRANSFER_IN_CHANGED_CONTEXT,AS_OBJECT_POLICY_REQUIRES,,NONE,1.44,REQUIRED_SCHEDULE_EDGE_AUDITED,
REC-A1-000480,SEQ-A1-000165,GRAMMAR_UNIT,GRAM-A1-053,"Formas de varios poseedores: nuestro/a/os/as, vuestro/a/os/as, su/sus",,,,DISTANT_RETURN,A1-M02-I02-S1,A1-M03-I01-S3,A1-M02-I02,A1-M03-I01,CORE_OR_STRUCTURAL_ROUTE,DELAYED_RETRIEVAL_OR_TERMINAL_INTEGRATION,AS_OBJECT_POLICY_REQUIRES,,NONE,1.44,REQUIRED_SCHEDULE_EDGE_AUDITED,"Scheduled four islands after first introduction; destination story is load-balanced. This is a curriculum spacing rule, not a universal optimal interval claim."
REC-A1-000481,SEQ-A1-000167,GRAMMAR_UNIT,GRAM-A1-056,Posesivo átono en posición prenominal,,,,LOCAL_REUSE,A1-M02-I01-S3,A1-M02-I01-S4,A1-M02-I01,A1-M02-I01,CORE_OR_STRUCTURAL_ROUTE,REEXPOSURE_OR_RETRIEVAL,AS_OBJECT_POLICY_REQUIRES,,NONE,1.44,REQUIRED_SCHEDULE_EDGE_AUDITED,
REC-A1-000482,SEQ-A1-000167,GRAMMAR_UNIT,GRAM-A1-056,Posesivo átono en posición prenominal,,,,NEAR_TRANSFER,A1-M02-I01-S4,A1-M02-I02-S2,A1-M02-I01,A1-M02-I02,CORE_OR_STRUCTURAL_ROUTE,TRANSFER_IN_CHANGED_CONTEXT,AS_OBJECT_POLICY_REQUIRES,,NONE,1.44,REQUIRED_SCHEDULE_EDGE_AUDITED,
REC-A1-000483,SEQ-A1-000167,GRAMMAR_UNIT,GRAM-A1-056,Posesivo átono en posición prenominal,,,,DISTANT_RETURN,A1-M02-I02-S2,A1-M03-I01-S4,A1-M02-I02,A1-M03-I01,CORE_OR_STRUCTURAL_ROUTE,DELAYED_RETRIEVAL_OR_TERMINAL_INTEGRATION,AS_OBJECT_POLICY_REQUIRES,,NONE,1.44,REQUIRED_SCHEDULE_EDGE_AUDITED,"Scheduled four islands after first introduction; destination story is load-balanced. This is a curriculum spacing rule, not a universal optimal interval claim."
REC-A1-000484,SEQ-A1-000170,GRAMMAR_UNIT,GRAM-A1-068,Variación de género en 3.ª persona y en plurales de 1.ª/2.ª,,,,LOCAL_REUSE,A1-M02-I01-S3,A1-M02-I01-S4,A1-M02-I01,A1-M02-I01,CORE_OR_STRUCTURAL_ROUTE,REEXPOSURE_OR_RETRIEVAL,AS_OBJECT_POLICY_REQUIRES,,NONE,1.44,REQUIRED_SCHEDULE_EDGE_AUDITED,
REC-A1-000485,SEQ-A1-000170,GRAMMAR_UNIT,GRAM-A1-068,Variación de género en 3.ª persona y en plurales de 1.ª/2.ª,,,,NEAR_TRANSFER,A1-M02-I01-S4,A1-M02-I02-S3,A1-M02-I01,A1-M02-I02,CORE_OR_STRUCTURAL_ROUTE,TRANSFER_IN_CHANGED_CONTEXT,AS_OBJECT_POLICY_REQUIRES,,NONE,1.44,REQUIRED_SCHEDULE_EDGE_AUDITED,
REC-A1-000486,SEQ-A1-000170,GRAMMAR_UNIT,GRAM-A1-068,Variación de género en 3.ª persona y en plurales de 1.ª/2.ª,,,,DISTANT_RETURN,A1-M02-I02-S3,A1-M03-I01-S1,A1-M02-I02,A1-M03-I01,CORE_OR_STRUCTURAL_ROUTE,DELAYED_RETRIEVAL_OR_TERMINAL_INTEGRATION,AS_OBJECT_POLICY_REQUIRES,,NONE,1.44,REQUIRED_SCHEDULE_EDGE_AUDITED,"Scheduled four islands after first introduction; destination story is load-balanced. This is a curriculum spacing rule, not a universal optimal interval claim."
REC-A1-000487,SEQ-A1-000129,SENSE,SENSE-A1-000035,ama de casa,LEX-A1-000035,SENSE-A1-000035,,LOCAL_REUSE,A1-M02-I01-S3,A1-M02-I01-S4,A1-M02-I01,A1-M02-I01,CORE_OR_STRUCTURAL_ROUTE,REEXPOSURE_OR_RETRIEVAL,CONTEXTUAL_OR_FUNCTION_BOUND,,NONE,1.44,REQUIRED_SCHEDULE_EDGE_AUDITED,
REC-A1-000488,SEQ-A1-000129,SENSE,SENSE-A1-000035,ama de casa,LEX-A1-000035,SENSE-A1-000035,,NEAR_TRANSFER,A1-M02-I01-S4,A1-M02-I02-S4,A1-M02-I01,A1-M02-I02,CORE_OR_STRUCTURAL_ROUTE,TRANSFER_IN_CHANGED_CONTEXT,CONTEXTUAL_OR_FUNCTION_BOUND,,NONE,1.44,REQUIRED_SCHEDULE_EDGE_AUDITED,
REC-A1-000489,SEQ-A1-000129,SENSE,SENSE-A1-000035,ama de casa,LEX-A1-000035,SENSE-A1-000035,,DISTANT_RETURN,A1-M02-I02-S4,A1-M03-I01-S2,A1-M02-I02,A1-M03-I01,CORE_OR_STRUCTURAL_ROUTE,DELAYED_RETRIEVAL_OR_TERMINAL_INTEGRATION,CONTEXTUAL_OR_FUNCTION_BOUND,,NONE,1.44,REQUIRED_SCHEDULE_EDGE_AUDITED,"Scheduled four islands after first introduction; destination story is load-balanced. This is a curriculum spacing rule, not a universal optimal interval claim."
REC-A1-000490,SEQ-A1-000132,SENSE,SENSE-A1-000157,con,LEX-A1-000155,SENSE-A1-000157,,LOCAL_REUSE,A1-M02-I01-S3,A1-M02-I01-S4,A1-M02-I01,A1-M02-I01,CORE_OR_STRUCTURAL_ROUTE,REEXPOSURE_OR_RETRIEVAL,CONTEXTUAL_OR_FUNCTION_BOUND,,NONE,1.44,REQUIRED_SCHEDULE_EDGE_AUDITED,
REC-A1-000491,SEQ-A1-000132,SENSE,SENSE-A1-000157,con,LEX-A1-000155,SENSE-A1-000157,,NEAR_TRANSFER,A1-M02-I01-S4,A1-M02-I02-S1,A1-M02-I01,A1-M02-I02,CORE_OR_STRUCTURAL_ROUTE,TRANSFER_IN_CHANGED_CONTEXT,CONTEXTUAL_OR_FUNCTION_BOUND,,NONE,1.44,REQUIRED_SCHEDULE_EDGE_AUDITED,
REC-A1-000492,SEQ-A1-000132,SENSE,SENSE-A1-000157,con,LEX-A1-000155,SENSE-A1-000157,,DISTANT_RETURN,A1-M02-I02-S1,A1-M03-I01-S3,A1-M02-I02,A1-M03-I01,CORE_OR_STRUCTURAL_ROUTE,DELAYED_RETRIEVAL_OR_TERMINAL_INTEGRATION,CONTEXTUAL_OR_FUNCTION_BOUND,,NONE,1.44,REQUIRED_SCHEDULE_EDGE_AUDITED,"Scheduled four islands after first introduction; destination story is load-balanced. This is a curriculum spacing rule, not a universal optimal interval claim."
REC-A1-000493,SEQ-A1-000134,SENSE,SENSE-A1-000271,gente,LEX-A1-000266,SENSE-A1-000271,,LOCAL_REUSE,A1-M02-I01-S3,A1-M02-I01-S4,A1-M02-I01,A1-M02-I01,CORE_OR_STRUCTURAL_ROUTE,REEXPOSURE_OR_RETRIEVAL,CONTEXTUAL_OR_FUNCTION_BOUND,,NONE,1.44,REQUIRED_SCHEDULE_EDGE_AUDITED,
REC-A1-000494,SEQ-A1-000134,SENSE,SENSE-A1-000271,gente,LEX-A1-000266,SENSE-A1-000271,,NEAR_TRANSFER,A1-M02-I01-S4,A1-M02-I02-S2,A1-M02-I01,A1-M02-I02,CORE_OR_STRUCTURAL_ROUTE,TRANSFER_IN_CHANGED_CONTEXT,CONTEXTUAL_OR_FUNCTION_BOUND,,NONE,1.44,REQUIRED_SCHEDULE_EDGE_AUDITED,
REC-A1-000495,SEQ-A1-000134,SENSE,SENSE-A1-000271,gente,LEX-A1-000266,SENSE-A1-000271,,DISTANT_RETURN,A1-M02-I02-S2,A1-M03-I01-S4,A1-M02-I02,A1-M03-I01,CORE_OR_STRUCTURAL_ROUTE,DELAYED_RETRIEVAL_OR_TERMINAL_INTEGRATION,CONTEXTUAL_OR_FUNCTION_BOUND,,NONE,1.44,REQUIRED_SCHEDULE_EDGE_AUDITED,"Scheduled four islands after first introduction; destination story is load-balanced. This is a curriculum spacing rule, not a universal optimal interval claim."
REC-A1-000496,SEQ-A1-000137,SENSE,SENSE-A1-000293,hombre,LEX-A1-000288,SENSE-A1-000293,,LOCAL_REUSE,A1-M02-I01-S3,A1-M02-I01-S4,A1-M02-I01,A1-M02-I01,CORE_OR_STRUCTURAL_ROUTE,REEXPOSURE_OR_RETRIEVAL,CONTEXTUAL_OR_FUNCTION_BOUND,,NONE,1.44,REQUIRED_SCHEDULE_EDGE_AUDITED,
REC-A1-000497,SEQ-A1-000137,SENSE,SENSE-A1-000293,hombre,LEX-A1-000288,SENSE-A1-000293,,NEAR_TRANSFER,A1-M02-I01-S4,A1-M02-I02-S3,A1-M02-I01,A1-M02-I02,CORE_OR_STRUCTURAL_ROUTE,TRANSFER_IN_CHANGED_CONTEXT,CONTEXTUAL_OR_FUNCTION_BOUND,,NONE,1.44,REQUIRED_SCHEDULE_EDGE_AUDITED,
REC-A1-000498,SEQ-A1-000137,SENSE,SENSE-A1-000293,hombre,LEX-A1-000288,SENSE-A1-000293,,DISTANT_RETURN,A1-M02-I02-S3,A1-M03-I01-S1,A1-M02-I02,A1-M03-I01,CORE_OR_STRUCTURAL_ROUTE,DELAYED_RETRIEVAL_OR_TERMINAL_INTEGRATION,CONTEXTUAL_OR_FUNCTION_BOUND,,NONE,1.44,REQUIRED_SCHEDULE_EDGE_AUDITED,"Scheduled four islands after first introduction; destination story is load-balanced. This is a curriculum spacing rule, not a universal optimal interval claim."
REC-A1-000499,SEQ-A1-000140,SENSE,SENSE-A1-000355,marido,LEX-A1-000349,SENSE-A1-000355,,LOCAL_REUSE,A1-M02-I01-S3,A1-M02-I01-S4,A1-M02-I01,A1-M02-I01,CORE_OR_STRUCTURAL_ROUTE,REEXPOSURE_OR_RETRIEVAL,CONTEXTUAL_OR_FUNCTION_BOUND,,NONE,1.44,REQUIRED_SCHEDULE_EDGE_AUDITED,
REC-A1-000500,SEQ-A1-000140,SENSE,SENSE-A1-000355,marido,LEX-A1-000349,SENSE-A1-000355,,NEAR_TRANSFER,A1-M02-I01-S4,A1-M02-I02-S4,A1-M02-I01,A1-M02-I02,CORE_OR_STRUCTURAL_ROUTE,TRANSFER_IN_CHANGED_CONTEXT,CONTEXTUAL_OR_FUNCTION_BOUND,,NONE,1.44,REQUIRED_SCHEDULE_EDGE_AUDITED,
REC-A1-000501,SEQ-A1-000140,SENSE,SENSE-A1-000355,marido,LEX-A1-000349,SENSE-A1-000355,,DISTANT_RETURN,A1-M02-I02-S4,A1-M03-I01-S2,A1-M02-I02,A1-M03-I01,CORE_OR_STRUCTURAL_ROUTE,DELAYED_RETRIEVAL_OR_TERMINAL_INTEGRATION,CONTEXTUAL_OR_FUNCTION_BOUND,,NONE,1.44,REQUIRED_SCHEDULE_EDGE_AUDITED,"Scheduled four islands after first introduction; destination story is load-balanced. This is a curriculum spacing rule, not a universal optimal interval claim."
REC-A1-000502,SEQ-A1-000143,SENSE,SENSE-A1-000386,mujer,LEX-A1-000379,SENSE-A1-000386,,LOCAL_REUSE,A1-M02-I01-S3,A1-M02-I01-S4,A1-M02-I01,A1-M02-I01,CORE_OR_STRUCTURAL_ROUTE,REEXPOSURE_OR_RETRIEVAL,CONTEXTUAL_OR_FUNCTION_BOUND,,NONE,1.44,REQUIRED_SCHEDULE_EDGE_AUDITED,
REC-A1-000503,SEQ-A1-000143,SENSE,SENSE-A1-000386,mujer,LEX-A1-000379,SENSE-A1-000386,,NEAR_TRANSFER,A1-M02-I01-S4,A1-M02-I02-S1,A1-M02-I01,A1-M02-I02,CORE_OR_STRUCTURAL_ROUTE,TRANSFER_IN_CHANGED_CONTEXT,CONTEXTUAL_OR_FUNCTION_BOUND,,NONE,1.44,REQUIRED_SCHEDULE_EDGE_AUDITED,
REC-A1-000504,SEQ-A1-000143,SENSE,SENSE-A1-000386,mujer,LEX-A1-000379,SENSE-A1-000386,,DISTANT_RETURN,A1-M02-I02-S1,A1-M03-I01-S3,A1-M02-I02,A1-M03-I01,CORE_OR_STRUCTURAL_ROUTE,DELAYED_RETRIEVAL_OR_TERMINAL_INTEGRATION,CONTEXTUAL_OR_FUNCTION_BOUND,,NONE,1.44,REQUIRED_SCHEDULE_EDGE_AUDITED,"Scheduled four islands after first introduction; destination story is load-balanced. This is a curriculum spacing rule, not a universal optimal interval claim."
REC-A1-000505,SEQ-A1-000146,SENSE,SENSE-A1-000409,nuestro,LEX-A1-000402,SENSE-A1-000409,,LOCAL_REUSE,A1-M02-I01-S3,A1-M02-I01-S4,A1-M02-I01,A1-M02-I01,CORE_OR_STRUCTURAL_ROUTE,REEXPOSURE_OR_RETRIEVAL,CONTEXTUAL_OR_FUNCTION_BOUND,,NONE,1.44,REQUIRED_SCHEDULE_EDGE_AUDITED,
REC-A1-000506,SEQ-A1-000146,SENSE,SENSE-A1-000409,nuestro,LEX-A1-000402,SENSE-A1-000409,,NEAR_TRANSFER,A1-M02-I01-S4,A1-M02-I02-S2,A1-M02-I01,A1-M02-I02,CORE_OR_STRUCTURAL_ROUTE,TRANSFER_IN_CHANGED_CONTEXT,CONTEXTUAL_OR_FUNCTION_BOUND,,NONE,1.44,REQUIRED_SCHEDULE_EDGE_AUDITED,
REC-A1-000507,SEQ-A1-000146,SENSE,SENSE-A1-000409,nuestro,LEX-A1-000402,SENSE-A1-000409,,DISTANT_RETURN,A1-M02-I02-S2,A1-M03-I01-S4,A1-M02-I02,A1-M03-I01,CORE_OR_STRUCTURAL_ROUTE,DELAYED_RETRIEVAL_OR_TERMINAL_INTEGRATION,CONTEXTUAL_OR_FUNCTION_BOUND,,NONE,1.44,REQUIRED_SCHEDULE_EDGE_AUDITED,"Scheduled four islands after first introduction; destination story is load-balanced. This is a curriculum spacing rule, not a universal optimal interval claim."
REC-A1-000508,SEQ-A1-000149,SENSE,SENSE-A1-000474,primo,LEX-A1-000465,SENSE-A1-000474,,LOCAL_REUSE,A1-M02-I01-S3,A1-M02-I01-S4,A1-M02-I01,A1-M02-I01,CORE_OR_STRUCTURAL_ROUTE,REEXPOSURE_OR_RETRIEVAL,CONTEXTUAL_OR_FUNCTION_BOUND,,NONE,1.44,REQUIRED_SCHEDULE_EDGE_AUDITED,
REC-A1-000509,SEQ-A1-000149,SENSE,SENSE-A1-000474,primo,LEX-A1-000465,SENSE-A1-000474,,NEAR_TRANSFER,A1-M02-I01-S4,A1-M02-I02-S3,A1-M02-I01,A1-M02-I02,CORE_OR_STRUCTURAL_ROUTE,TRANSFER_IN_CHANGED_CONTEXT,CONTEXTUAL_OR_FUNCTION_BOUND,,NONE,1.44,REQUIRED_SCHEDULE_EDGE_AUDITED,
REC-A1-000510,SEQ-A1-000149,SENSE,SENSE-A1-000474,primo,LEX-A1-000465,SENSE-A1-000474,,DISTANT_RETURN,A1-M02-I02-S3,A1-M03-I01-S1,A1-M02-I02,A1-M03-I01,CORE_OR_STRUCTURAL_ROUTE,DELAYED_RETRIEVAL_OR_TERMINAL_INTEGRATION,CONTEXTUAL_OR_FUNCTION_BOUND,,NONE,1.44,REQUIRED_SCHEDULE_EDGE_AUDITED,"Scheduled four islands after first introduction; destination story is load-balanced. This is a curriculum spacing rule, not a universal optimal interval claim."
REC-A1-000511,SEQ-A1-000152,SENSE,SENSE-A1-000536,soltero,LEX-A1-000527,SENSE-A1-000536,,LOCAL_REUSE,A1-M02-I01-S3,A1-M02-I01-S4,A1-M02-I01,A1-M02-I01,CORE_OR_STRUCTURAL_ROUTE,REEXPOSURE_OR_RETRIEVAL,CONTEXTUAL_OR_FUNCTION_BOUND,,NONE,1.44,REQUIRED_SCHEDULE_EDGE_AUDITED,
REC-A1-000512,SEQ-A1-000152,SENSE,SENSE-A1-000536,soltero,LEX-A1-000527,SENSE-A1-000536,,NEAR_TRANSFER,A1-M02-I01-S4,A1-M02-I02-S4,A1-M02-I01,A1-M02-I02,CORE_OR_STRUCTURAL_ROUTE,TRANSFER_IN_CHANGED_CONTEXT,CONTEXTUAL_OR_FUNCTION_BOUND,,NONE,1.44,REQUIRED_SCHEDULE_EDGE_AUDITED,
REC-A1-000513,SEQ-A1-000152,SENSE,SENSE-A1-000536,soltero,LEX-A1-000527,SENSE-A1-000536,,DISTANT_RETURN,A1-M02-I02-S4,A1-M03-I01-S2,A1-M02-I02,A1-M03-I01,CORE_OR_STRUCTURAL_ROUTE,DELAYED_RETRIEVAL_OR_TERMINAL_INTEGRATION,CONTEXTUAL_OR_FUNCTION_BOUND,,NONE,1.44,REQUIRED_SCHEDULE_EDGE_AUDITED,"Scheduled four islands after first introduction; destination story is load-balanced. This is a curriculum spacing rule, not a universal optimal interval claim."
REC-A1-000514,SEQ-A1-000154,SENSE,SENSE-A1-000564,tío,LEX-A1-000555,SENSE-A1-000564,,LOCAL_REUSE,A1-M02-I01-S3,A1-M02-I01-S4,A1-M02-I01,A1-M02-I01,CORE_OR_STRUCTURAL_ROUTE,REEXPOSURE_OR_RETRIEVAL,CONTEXTUAL_OR_FUNCTION_BOUND,,NONE,1.44,REQUIRED_SCHEDULE_EDGE_AUDITED,
REC-A1-000515,SEQ-A1-000154,SENSE,SENSE-A1-000564,tío,LEX-A1-000555,SENSE-A1-000564,,NEAR_TRANSFER,A1-M02-I01-S4,A1-M02-I02-S1,A1-M02-I01,A1-M02-I02,CORE_OR_STRUCTURAL_ROUTE,TRANSFER_IN_CHANGED_CONTEXT,CONTEXTUAL_OR_FUNCTION_BOUND,,NONE,1.44,REQUIRED_SCHEDULE_EDGE_AUDITED,
REC-A1-000516,SEQ-A1-000154,SENSE,SENSE-A1-000564,tío,LEX-A1-000555,SENSE-A1-000564,,DISTANT_RETURN,A1-M02-I02-S1,A1-M03-I01-S3,A1-M02-I02,A1-M03-I01,CORE_OR_STRUCTURAL_ROUTE,DELAYED_RETRIEVAL_OR_TERMINAL_INTEGRATION,CONTEXTUAL_OR_FUNCTION_BOUND,,NONE,1.44,REQUIRED_SCHEDULE_EDGE_AUDITED,"Scheduled four islands after first introduction; destination story is load-balanced. This is a curriculum spacing rule, not a universal optimal interval claim."
REC-A1-000517,SEQ-A1-000158,SENSE,SENSE-A1-000604,vuestro,LEX-A1-000595,SENSE-A1-000604,,LOCAL_REUSE,A1-M02-I01-S3,A1-M02-I01-S4,A1-M02-I01,A1-M02-I01,CORE_OR_STRUCTURAL_ROUTE,REEXPOSURE_OR_RETRIEVAL,CONTEXTUAL_OR_FUNCTION_BOUND,,NONE,1.44,REQUIRED_SCHEDULE_EDGE_AUDITED,
REC-A1-000518,SEQ-A1-000158,SENSE,SENSE-A1-000604,vuestro,LEX-A1-000595,SENSE-A1-000604,,NEAR_TRANSFER,A1-M02-I01-S4,A1-M02-I02-S2,A1-M02-I01,A1-M02-I02,CORE_OR_STRUCTURAL_ROUTE,TRANSFER_IN_CHANGED_CONTEXT,CONTEXTUAL_OR_FUNCTION_BOUND,,NONE,1.44,REQUIRED_SCHEDULE_EDGE_AUDITED,
REC-A1-000519,SEQ-A1-000158,SENSE,SENSE-A1-000604,vuestro,LEX-A1-000595,SENSE-A1-000604,,DISTANT_RETURN,A1-M02-I02-S2,A1-M03-I01-S4,A1-M02-I02,A1-M03-I01,CORE_OR_STRUCTURAL_ROUTE,DELAYED_RETRIEVAL_OR_TERMINAL_INTEGRATION,CONTEXTUAL_OR_FUNCTION_BOUND,,NONE,1.44,REQUIRED_SCHEDULE_EDGE_AUDITED,"Scheduled four islands after first introduction; destination story is load-balanced. This is a curriculum spacing rule, not a universal optimal interval claim."
REC-A1-000520,SEQ-A1-000200,GRAMMAR_UNIT,GRAM-A1-010,Género léxico con terminaciones vocálicas distintas de -o/-a,,,,LOCAL_REUSE,A1-M02-I02-S1,A1-M02-I02-S3,A1-M02-I02,A1-M02-I02,CORE_OR_STRUCTURAL_ROUTE,REEXPOSURE_OR_RETRIEVAL,AS_OBJECT_POLICY_REQUIRES,,NONE,1.44,REQUIRED_SCHEDULE_EDGE_AUDITED,
REC-A1-000521,SEQ-A1-000200,GRAMMAR_UNIT,GRAM-A1-010,Género léxico con terminaciones vocálicas distintas de -o/-a,,,,NEAR_TRANSFER,A1-M02-I02-S3,A1-M02-I03-S4,A1-M02-I02,A1-M02-I03,CORE_OR_STRUCTURAL_ROUTE,TRANSFER_IN_CHANGED_CONTEXT,AS_OBJECT_POLICY_REQUIRES,,NONE,1.44,REQUIRED_SCHEDULE_EDGE_AUDITED,
REC-A1-000522,SEQ-A1-000200,GRAMMAR_UNIT,GRAM-A1-010,Género léxico con terminaciones vocálicas distintas de -o/-a,,,,DISTANT_RETURN,A1-M02-I03-S4,A1-M03-I02-S3,A1-M02-I03,A1-M03-I02,CORE_OR_STRUCTURAL_ROUTE,DELAYED_RETRIEVAL_OR_TERMINAL_INTEGRATION,AS_OBJECT_POLICY_REQUIRES,,NONE,1.44,REQUIRED_SCHEDULE_EDGE_AUDITED,"Scheduled four islands after first introduction; destination story is load-balanced. This is a curriculum spacing rule, not a universal optimal interval claim."
REC-A1-000523,SEQ-A1-000202,GRAMMAR_UNIT,GRAM-A1-012,Sustantivos femeninos terminados en -o procedentes de abreviación,,,,LOCAL_REUSE,A1-M02-I02-S1,A1-M02-I02-S4,A1-M02-I02,A1-M02-I02,CORE_OR_STRUCTURAL_ROUTE,REEXPOSURE_OR_RETRIEVAL,AS_OBJECT_POLICY_REQUIRES,,NONE,1.44,REQUIRED_SCHEDULE_EDGE_AUDITED,
REC-A1-000524,SEQ-A1-000202,GRAMMAR_UNIT,GRAM-A1-012,Sustantivos femeninos terminados en -o procedentes de abreviación,,,,NEAR_TRANSFER,A1-M02-I02-S4,A1-M02-I03-S1,A1-M02-I02,A1-M02-I03,CORE_OR_STRUCTURAL_ROUTE,TRANSFER_IN_CHANGED_CONTEXT,AS_OBJECT_POLICY_REQUIRES,,NONE,1.44,REQUIRED_SCHEDULE_EDGE_AUDITED,
REC-A1-000525,SEQ-A1-000202,GRAMMAR_UNIT,GRAM-A1-012,Sustantivos femeninos terminados en -o procedentes de abreviación,,,,DISTANT_RETURN,A1-M02-I03-S1,A1-M03-I02-S3,A1-M02-I03,A1-M03-I02,CORE_OR_STRUCTURAL_ROUTE,DELAYED_RETRIEVAL_OR_TERMINAL_INTEGRATION,AS_OBJECT_POLICY_REQUIRES,,NONE,1.44,REQUIRED_SCHEDULE_EDGE_AUDITED,"Scheduled four islands after first introduction; destination story is load-balanced. This is a curriculum spacing rule, not a universal optimal interval claim."
REC-A1-000526,SEQ-A1-000204,GRAMMAR_UNIT,GRAM-A1-019,Adjetivo calificativo como atributo,,,,LOCAL_REUSE,A1-M02-I02-S1,A1-M02-I02-S2,A1-M02-I02,A1-M02-I02,CORE_OR_STRUCTURAL_ROUTE,REEXPOSURE_OR_RETRIEVAL,AS_OBJECT_POLICY_REQUIRES,,NONE,1.44,REQUIRED_SCHEDULE_EDGE_AUDITED,
REC-A1-000527,SEQ-A1-000204,GRAMMAR_UNIT,GRAM-A1-019,Adjetivo calificativo como atributo,,,,NEAR_TRANSFER,A1-M02-I02-S2,A1-M02-I03-S2,A1-M02-I02,A1-M02-I03,CORE_OR_STRUCTURAL_ROUTE,TRANSFER_IN_CHANGED_CONTEXT,AS_OBJECT_POLICY_REQUIRES,,NONE,1.44,REQUIRED_SCHEDULE_EDGE_AUDITED,
REC-A1-000528,SEQ-A1-000204,GRAMMAR_UNIT,GRAM-A1-019,Adjetivo calificativo como atributo,,,,DISTANT_RETURN,A1-M02-I03-S2,A1-M03-I02-S3,A1-M02-I03,A1-M03-I02,CORE_OR_STRUCTURAL_ROUTE,DELAYED_RETRIEVAL_OR_TERMINAL_INTEGRATION,AS_OBJECT_POLICY_REQUIRES,,NONE,1.44,REQUIRED_SCHEDULE_EDGE_AUDITED,"Scheduled four islands after first introduction; destination story is load-balanced. This is a curriculum spacing rule, not a universal optimal interval claim."
REC-A1-000529,SEQ-A1-000213,GRAMMAR_UNIT,GRAM-A1-135,Atributo adjetival,,,,LOCAL_REUSE,A1-M02-I02-S1,A1-M02-I02-S3,A1-M02-I02,A1-M02-I02,CORE_OR_STRUCTURAL_ROUTE,REEXPOSURE_OR_RETRIEVAL,AS_OBJECT_POLICY_REQUIRES,,NONE,1.44,REQUIRED_SCHEDULE_EDGE_AUDITED,
REC-A1-000530,SEQ-A1-000213,GRAMMAR_UNIT,GRAM-A1-135,Atributo adjetival,,,,NEAR_TRANSFER,A1-M02-I02-S3,A1-M02-I03-S3,A1-M02-I02,A1-M02-I03,CORE_OR_STRUCTURAL_ROUTE,TRANSFER_IN_CHANGED_CONTEXT,AS_OBJECT_POLICY_REQUIRES,,NONE,1.44,REQUIRED_SCHEDULE_EDGE_AUDITED,
REC-A1-000531,SEQ-A1-000213,GRAMMAR_UNIT,GRAM-A1-135,Atributo adjetival,,,,DISTANT_RETURN,A1-M02-I03-S3,A1-M03-I02-S3,A1-M02-I03,A1-M03-I02,CORE_OR_STRUCTURAL_ROUTE,DELAYED_RETRIEVAL_OR_TERMINAL_INTEGRATION,AS_OBJECT_POLICY_REQUIRES,,NONE,1.44,REQUIRED_SCHEDULE_EDGE_AUDITED,"Scheduled four islands after first introduction; destination story is load-balanced. This is a curriculum spacing rule, not a universal optimal interval claim."
REC-A1-000532,SEQ-A1-000214,GRAMMAR_UNIT,GRAM-A1-141,Concordancia sujeto-atributo,,,,LOCAL_REUSE,A1-M02-I02-S1,A1-M02-I02-S4,A1-M02-I02,A1-M02-I02,CORE_OR_STRUCTURAL_ROUTE,REEXPOSURE_OR_RETRIEVAL,AS_OBJECT_POLICY_REQUIRES,,NONE,1.44,REQUIRED_SCHEDULE_EDGE_AUDITED,
REC-A1-000533,SEQ-A1-000214,GRAMMAR_UNIT,GRAM-A1-141,Concordancia sujeto-atributo,,,,NEAR_TRANSFER,A1-M02-I02-S4,A1-M02-I03-S4,A1-M02-I02,A1-M02-I03,CORE_OR_STRUCTURAL_ROUTE,TRANSFER_IN_CHANGED_CONTEXT,AS_OBJECT_POLICY_REQUIRES,,NONE,1.44,REQUIRED_SCHEDULE_EDGE_AUDITED,
REC-A1-000534,SEQ-A1-000214,GRAMMAR_UNIT,GRAM-A1-141,Concordancia sujeto-atributo,,,,DISTANT_RETURN,A1-M02-I03-S4,A1-M03-I02-S3,A1-M02-I03,A1-M03-I02,CORE_OR_STRUCTURAL_ROUTE,DELAYED_RETRIEVAL_OR_TERMINAL_INTEGRATION,AS_OBJECT_POLICY_REQUIRES,,NONE,1.44,REQUIRED_SCHEDULE_EDGE_AUDITED,"Scheduled four islands after first introduction; destination story is load-balanced. This is a curriculum spacing rule, not a universal optimal interval claim."
REC-A1-000535,SEQ-A1-000215,GRAMMAR_UNIT,GRAM-A1-147,Oraciones copulativas/atributivas,,,,LOCAL_REUSE,A1-M02-I02-S1,A1-M02-I02-S2,A1-M02-I02,A1-M02-I02,CORE_OR_STRUCTURAL_ROUTE,REEXPOSURE_OR_RETRIEVAL,AS_OBJECT_POLICY_REQUIRES,,NONE,1.44,REQUIRED_SCHEDULE_EDGE_AUDITED,
REC-A1-000536,SEQ-A1-000215,GRAMMAR_UNIT,GRAM-A1-147,Oraciones copulativas/atributivas,,,,NEAR_TRANSFER,A1-M02-I02-S2,A1-M02-I03-S1,A1-M02-I02,A1-M02-I03,CORE_OR_STRUCTURAL_ROUTE,TRANSFER_IN_CHANGED_CONTEXT,AS_OBJECT_POLICY_REQUIRES,,NONE,1.44,REQUIRED_SCHEDULE_EDGE_AUDITED,
REC-A1-000537,SEQ-A1-000215,GRAMMAR_UNIT,GRAM-A1-147,Oraciones copulativas/atributivas,,,,DISTANT_RETURN,A1-M02-I03-S1,A1-M03-I02-S3,A1-M02-I03,A1-M03-I02,CORE_OR_STRUCTURAL_ROUTE,DELAYED_RETRIEVAL_OR_TERMINAL_INTEGRATION,AS_OBJECT_POLICY_REQUIRES,,NONE,1.44,REQUIRED_SCHEDULE_EDGE_AUDITED,"Scheduled four islands after first introduction; destination story is load-balanced. This is a curriculum spacing rule, not a universal optimal interval claim."
REC-A1-000538,SEQ-A1-000218,MWU_SOURCE_UNIT,12B1-MWU-0128,ser feo,,,12B1-MWU-0128,LOCAL_REUSE,A1-M02-I02-S1,A1-M02-I02-S3,A1-M02-I02,A1-M02-I02,CORE_OR_STRUCTURAL_ROUTE,REEXPOSURE_OR_RETRIEVAL,AS_OBJECT_POLICY_REQUIRES,,NONE,1.44,REQUIRED_SCHEDULE_EDGE_AUDITED,
REC-A1-000539,SEQ-A1-000218,MWU_SOURCE_UNIT,12B1-MWU-0128,ser feo,,,12B1-MWU-0128,NEAR_TRANSFER,A1-M02-I02-S3,A1-M02-I03-S2,A1-M02-I02,A1-M02-I03,CORE_OR_STRUCTURAL_ROUTE,TRANSFER_IN_CHANGED_CONTEXT,AS_OBJECT_POLICY_REQUIRES,,NONE,1.44,REQUIRED_SCHEDULE_EDGE_AUDITED,
REC-A1-000540,SEQ-A1-000218,MWU_SOURCE_UNIT,12B1-MWU-0128,ser feo,,,12B1-MWU-0128,DISTANT_RETURN,A1-M02-I03-S2,A1-M03-I02-S3,A1-M02-I03,A1-M03-I02,CORE_OR_STRUCTURAL_ROUTE,DELAYED_RETRIEVAL_OR_TERMINAL_INTEGRATION,AS_OBJECT_POLICY_REQUIRES,,NONE,1.44,REQUIRED_SCHEDULE_EDGE_AUDITED,"Scheduled four islands after first introduction; destination story is load-balanced. This is a curriculum spacing rule, not a universal optimal interval claim."
REC-A1-000541,SEQ-A1-000172,SENSE,SENSE-A1-000034,alto,LEX-A1-000034,SENSE-A1-000034,,LOCAL_REUSE,A1-M02-I02-S1,A1-M02-I02-S4,A1-M02-I02,A1-M02-I02,CORE_OR_STRUCTURAL_ROUTE,REEXPOSURE_OR_RETRIEVAL,CONTEXTUAL_OR_FUNCTION_BOUND,,NONE,1.44,REQUIRED_SCHEDULE_EDGE_AUDITED,
REC-A1-000542,SEQ-A1-000172,SENSE,SENSE-A1-000034,alto,LEX-A1-000034,SENSE-A1-000034,,NEAR_TRANSFER,A1-M02-I02-S4,A1-M02-I03-S3,A1-M02-I02,A1-M02-I03,CORE_OR_STRUCTURAL_ROUTE,TRANSFER_IN_CHANGED_CONTEXT,CONTEXTUAL_OR_FUNCTION_BOUND,,NONE,1.44,REQUIRED_SCHEDULE_EDGE_AUDITED,
REC-A1-000543,SEQ-A1-000172,SENSE,SENSE-A1-000034,alto,LEX-A1-000034,SENSE-A1-000034,,DISTANT_RETURN,A1-M02-I03-S3,A1-M03-I02-S3,A1-M02-I03,A1-M03-I02,CORE_OR_STRUCTURAL_ROUTE,DELAYED_RETRIEVAL_OR_TERMINAL_INTEGRATION,CONTEXTUAL_OR_FUNCTION_BOUND,,NONE,1.44,REQUIRED_SCHEDULE_EDGE_AUDITED,"Scheduled four islands after first introduction; destination story is load-balanced. This is a curriculum spacing rule, not a universal optimal interval claim."
REC-A1-000544,SEQ-A1-000175,SENSE,SENSE-A1-000067,barba,LEX-A1-000067,SENSE-A1-000067,,LOCAL_REUSE,A1-M02-I02-S1,A1-M02-I02-S2,A1-M02-I02,A1-M02-I02,CORE_OR_STRUCTURAL_ROUTE,REEXPOSURE_OR_RETRIEVAL,CONTEXTUAL_OR_FUNCTION_BOUND,,NONE,1.44,REQUIRED_SCHEDULE_EDGE_AUDITED,
REC-A1-000545,SEQ-A1-000175,SENSE,SENSE-A1-000067,barba,LEX-A1-000067,SENSE-A1-000067,,NEAR_TRANSFER,A1-M02-I02-S2,A1-M02-I03-S4,A1-M02-I02,A1-M02-I03,CORE_OR_STRUCTURAL_ROUTE,TRANSFER_IN_CHANGED_CONTEXT,CONTEXTUAL_OR_FUNCTION_BOUND,,NONE,1.44,REQUIRED_SCHEDULE_EDGE_AUDITED,
REC-A1-000546,SEQ-A1-000175,SENSE,SENSE-A1-000067,barba,LEX-A1-000067,SENSE-A1-000067,,DISTANT_RETURN,A1-M02-I03-S4,A1-M03-I02-S3,A1-M02-I03,A1-M03-I02,CORE_OR_STRUCTURAL_ROUTE,DELAYED_RETRIEVAL_OR_TERMINAL_INTEGRATION,CONTEXTUAL_OR_FUNCTION_BOUND,,NONE,1.44,REQUIRED_SCHEDULE_EDGE_AUDITED,"Scheduled four islands after first introduction; destination story is load-balanced. This is a curriculum spacing rule, not a universal optimal interval claim."
REC-A1-000547,SEQ-A1-000178,SENSE,SENSE-A1-000139,claro,LEX-A1-000137,SENSE-A1-000139,,LOCAL_REUSE,A1-M02-I02-S1,A1-M02-I02-S3,A1-M02-I02,A1-M02-I02,CORE_OR_STRUCTURAL_ROUTE,REEXPOSURE_OR_RETRIEVAL,CONTEXTUAL_OR_FUNCTION_BOUND,,NONE,1.44,REQUIRED_SCHEDULE_EDGE_AUDITED,
REC-A1-000548,SEQ-A1-000178,SENSE,SENSE-A1-000139,claro,LEX-A1-000137,SENSE-A1-000139,,NEAR_TRANSFER,A1-M02-I02-S3,A1-M02-I03-S1,A1-M02-I02,A1-M02-I03,CORE_OR_STRUCTURAL_ROUTE,TRANSFER_IN_CHANGED_CONTEXT,CONTEXTUAL_OR_FUNCTION_BOUND,,NONE,1.44,REQUIRED_SCHEDULE_EDGE_AUDITED,
REC-A1-000549,SEQ-A1-000178,SENSE,SENSE-A1-000139,claro,LEX-A1-000137,SENSE-A1-000139,,DISTANT_RETURN,A1-M02-I03-S1,A1-M03-I02-S3,A1-M02-I03,A1-M03-I02,CORE_OR_STRUCTURAL_ROUTE,DELAYED_RETRIEVAL_OR_TERMINAL_INTEGRATION,CONTEXTUAL_OR_FUNCTION_BOUND,,NONE,1.44,REQUIRED_SCHEDULE_EDGE_AUDITED,"Scheduled four islands after first introduction; destination story is load-balanced. This is a curriculum spacing rule, not a universal optimal interval claim."
REC-A1-000550,SEQ-A1-000181,SENSE,SENSE-A1-000257,feo,LEX-A1-000253,SENSE-A1-000257,,LOCAL_REUSE,A1-M02-I02-S1,A1-M02-I02-S4,A1-M02-I02,A1-M02-I02,CORE_OR_STRUCTURAL_ROUTE,REEXPOSURE_OR_RETRIEVAL,CONTEXTUAL_OR_FUNCTION_BOUND,,NONE,1.44,REQUIRED_SCHEDULE_EDGE_AUDITED,
REC-A1-000551,SEQ-A1-000181,SENSE,SENSE-A1-000257,feo,LEX-A1-000253,SENSE-A1-000257,,NEAR_TRANSFER,A1-M02-I02-S4,A1-M02-I03-S2,A1-M02-I02,A1-M02-I03,CORE_OR_STRUCTURAL_ROUTE,TRANSFER_IN_CHANGED_CONTEXT,CONTEXTUAL_OR_FUNCTION_BOUND,,NONE,1.44,REQUIRED_SCHEDULE_EDGE_AUDITED,
REC-A1-000552,SEQ-A1-000181,SENSE,SENSE-A1-000257,feo,LEX-A1-000253,SENSE-A1-000257,,DISTANT_RETURN,A1-M02-I03-S2,A1-M03-I02-S3,A1-M02-I03,A1-M03-I02,CORE_OR_STRUCTURAL_ROUTE,DELAYED_RETRIEVAL_OR_TERMINAL_INTEGRATION,CONTEXTUAL_OR_FUNCTION_BOUND,,NONE,1.44,REQUIRED_SCHEDULE_EDGE_AUDITED,"Scheduled four islands after first introduction; destination story is load-balanced. This is a curriculum spacing rule, not a universal optimal interval claim."
REC-A1-000553,SEQ-A1-000184,SENSE,SENSE-A1-000276,grande,LEX-A1-000271,SENSE-A1-000276,,LOCAL_REUSE,A1-M02-I02-S1,A1-M02-I02-S2,A1-M02-I02,A1-M02-I02,CORE_OR_STRUCTURAL_ROUTE,REEXPOSURE_OR_RETRIEVAL,CONTEXTUAL_OR_FUNCTION_BOUND,,NONE,1.44,REQUIRED_SCHEDULE_EDGE_AUDITED,
REC-A1-000554,SEQ-A1-000184,SENSE,SENSE-A1-000276,grande,LEX-A1-000271,SENSE-A1-000276,,NEAR_TRANSFER,A1-M02-I02-S2,A1-M02-I03-S3,A1-M02-I02,A1-M02-I03,CORE_OR_STRUCTURAL_ROUTE,TRANSFER_IN_CHANGED_CONTEXT,CONTEXTUAL_OR_FUNCTION_BOUND,,NONE,1.44,REQUIRED_SCHEDULE_EDGE_AUDITED,
REC-A1-000555,SEQ-A1-000184,SENSE,SENSE-A1-000276,grande,LEX-A1-000271,SENSE-A1-000276,,DISTANT_RETURN,A1-M02-I03-S3,A1-M03-I02-S3,A1-M02-I03,A1-M03-I02,CORE_OR_STRUCTURAL_ROUTE,DELAYED_RETRIEVAL_OR_TERMINAL_INTEGRATION,CONTEXTUAL_OR_FUNCTION_BOUND,,NONE,1.44,REQUIRED_SCHEDULE_EDGE_AUDITED,"Scheduled four islands after first introduction; destination story is load-balanced. This is a curriculum spacing rule, not a universal optimal interval claim."
REC-A1-000556,SEQ-A1-000187,SENSE,SENSE-A1-000320,joven,LEX-A1-000314,SENSE-A1-000320,,LOCAL_REUSE,A1-M02-I02-S1,A1-M02-I02-S3,A1-M02-I02,A1-M02-I02,CORE_OR_STRUCTURAL_ROUTE,REEXPOSURE_OR_RETRIEVAL,CONTEXTUAL_OR_FUNCTION_BOUND,,NONE,1.44,REQUIRED_SCHEDULE_EDGE_AUDITED,
REC-A1-000557,SEQ-A1-000187,SENSE,SENSE-A1-000320,joven,LEX-A1-000314,SENSE-A1-000320,,NEAR_TRANSFER,A1-M02-I02-S3,A1-M02-I03-S4,A1-M02-I02,A1-M02-I03,CORE_OR_STRUCTURAL_ROUTE,TRANSFER_IN_CHANGED_CONTEXT,CONTEXTUAL_OR_FUNCTION_BOUND,,NONE,1.44,REQUIRED_SCHEDULE_EDGE_AUDITED,
REC-A1-000558,SEQ-A1-000187,SENSE,SENSE-A1-000320,joven,LEX-A1-000314,SENSE-A1-000320,,DISTANT_RETURN,A1-M02-I03-S4,A1-M03-I02-S3,A1-M02-I03,A1-M03-I02,CORE_OR_STRUCTURAL_ROUTE,DELAYED_RETRIEVAL_OR_TERMINAL_INTEGRATION,CONTEXTUAL_OR_FUNCTION_BOUND,,NONE,1.44,REQUIRED_SCHEDULE_EDGE_AUDITED,"Scheduled four islands after first introduction; destination story is load-balanced. This is a curriculum spacing rule, not a universal optimal interval claim."
REC-A1-000559,SEQ-A1-000190,SENSE,SENSE-A1-000342,llevar,LEX-A1-000336,SENSE-A1-000342,,LOCAL_REUSE,A1-M02-I02-S1,A1-M02-I02-S4,A1-M02-I02,A1-M02-I02,CORE_OR_STRUCTURAL_ROUTE,REEXPOSURE_OR_RETRIEVAL,CONTEXTUAL_OR_FUNCTION_BOUND,,NONE,1.44,REQUIRED_SCHEDULE_EDGE_AUDITED,
REC-A1-000560,SEQ-A1-000190,SENSE,SENSE-A1-000342,llevar,LEX-A1-000336,SENSE-A1-000342,,NEAR_TRANSFER,A1-M02-I02-S4,A1-M02-I03-S1,A1-M02-I02,A1-M02-I03,CORE_OR_STRUCTURAL_ROUTE,TRANSFER_IN_CHANGED_CONTEXT,CONTEXTUAL_OR_FUNCTION_BOUND,,NONE,1.44,REQUIRED_SCHEDULE_EDGE_AUDITED,
REC-A1-000561,SEQ-A1-000190,SENSE,SENSE-A1-000342,llevar,LEX-A1-000336,SENSE-A1-000342,,DISTANT_RETURN,A1-M02-I03-S1,A1-M03-I02-S3,A1-M02-I03,A1-M03-I02,CORE_OR_STRUCTURAL_ROUTE,DELAYED_RETRIEVAL_OR_TERMINAL_INTEGRATION,CONTEXTUAL_OR_FUNCTION_BOUND,,NONE,1.44,REQUIRED_SCHEDULE_EDGE_AUDITED,"Scheduled four islands after first introduction; destination story is load-balanced. This is a curriculum spacing rule, not a universal optimal interval claim."
REC-A1-000562,SEQ-A1-000193,SENSE,SENSE-A1-000395,nariz,LEX-A1-000388,SENSE-A1-000395,,LOCAL_REUSE,A1-M02-I02-S1,A1-M02-I02-S2,A1-M02-I02,A1-M02-I02,CORE_OR_STRUCTURAL_ROUTE,REEXPOSURE_OR_RETRIEVAL,CONTEXTUAL_OR_FUNCTION_BOUND,,NONE,1.44,REQUIRED_SCHEDULE_EDGE_AUDITED,
REC-A1-000563,SEQ-A1-000193,SENSE,SENSE-A1-000395,nariz,LEX-A1-000388,SENSE-A1-000395,,NEAR_TRANSFER,A1-M02-I02-S2,A1-M02-I03-S2,A1-M02-I02,A1-M02-I03,CORE_OR_STRUCTURAL_ROUTE,TRANSFER_IN_CHANGED_CONTEXT,CONTEXTUAL_OR_FUNCTION_BOUND,,NONE,1.44,REQUIRED_SCHEDULE_EDGE_AUDITED,
REC-A1-000564,SEQ-A1-000193,SENSE,SENSE-A1-000395,nariz,LEX-A1-000388,SENSE-A1-000395,,DISTANT_RETURN,A1-M02-I03-S2,A1-M03-I02-S3,A1-M02-I03,A1-M03-I02,CORE_OR_STRUCTURAL_ROUTE,DELAYED_RETRIEVAL_OR_TERMINAL_INTEGRATION,CONTEXTUAL_OR_FUNCTION_BOUND,,NONE,1.44,REQUIRED_SCHEDULE_EDGE_AUDITED,"Scheduled four islands after first introduction; destination story is load-balanced. This is a curriculum spacing rule, not a universal optimal interval claim."
REC-A1-000565,SEQ-A1-000196,SENSE,SENSE-A1-000440,pelo,LEX-A1-000432,SENSE-A1-000440,,LOCAL_REUSE,A1-M02-I02-S1,A1-M02-I02-S3,A1-M02-I02,A1-M02-I02,CORE_OR_STRUCTURAL_ROUTE,REEXPOSURE_OR_RETRIEVAL,CONTEXTUAL_OR_FUNCTION_BOUND,,NONE,1.44,REQUIRED_SCHEDULE_EDGE_AUDITED,
REC-A1-000566,SEQ-A1-000196,SENSE,SENSE-A1-000440,pelo,LEX-A1-000432,SENSE-A1-000440,,NEAR_TRANSFER,A1-M02-I02-S3,A1-M02-I03-S3,A1-M02-I02,A1-M02-I03,CORE_OR_STRUCTURAL_ROUTE,TRANSFER_IN_CHANGED_CONTEXT,CONTEXTUAL_OR_FUNCTION_BOUND,,NONE,1.44,REQUIRED_SCHEDULE_EDGE_AUDITED,
REC-A1-000567,SEQ-A1-000196,SENSE,SENSE-A1-000440,pelo,LEX-A1-000432,SENSE-A1-000440,,DISTANT_RETURN,A1-M02-I03-S3,A1-M03-I02-S3,A1-M02-I03,A1-M03-I02,CORE_OR_STRUCTURAL_ROUTE,DELAYED_RETRIEVAL_OR_TERMINAL_INTEGRATION,CONTEXTUAL_OR_FUNCTION_BOUND,,NONE,1.44,REQUIRED_SCHEDULE_EDGE_AUDITED,"Scheduled four islands after first introduction; destination story is load-balanced. This is a curriculum spacing rule, not a universal optimal interval claim."
REC-A1-000568,SEQ-A1-000199,SENSE,SENSE-A1-000592,viejo,LEX-A1-000583,SENSE-A1-000592,,LOCAL_REUSE,A1-M02-I02-S1,A1-M02-I02-S4,A1-M02-I02,A1-M02-I02,CORE_OR_STRUCTURAL_ROUTE,REEXPOSURE_OR_RETRIEVAL,CONTEXTUAL_OR_FUNCTION_BOUND,,NONE,1.44,REQUIRED_SCHEDULE_EDGE_AUDITED,
REC-A1-000569,SEQ-A1-000199,SENSE,SENSE-A1-000592,viejo,LEX-A1-000583,SENSE-A1-000592,,NEAR_TRANSFER,A1-M02-I02-S4,A1-M02-I03-S4,A1-M02-I02,A1-M02-I03,CORE_OR_STRUCTURAL_ROUTE,TRANSFER_IN_CHANGED_CONTEXT,CONTEXTUAL_OR_FUNCTION_BOUND,,NONE,1.44,REQUIRED_SCHEDULE_EDGE_AUDITED,
REC-A1-000570,SEQ-A1-000199,SENSE,SENSE-A1-000592,viejo,LEX-A1-000583,SENSE-A1-000592,,DISTANT_RETURN,A1-M02-I03-S4,A1-M03-I02-S3,A1-M02-I03,A1-M03-I02,CORE_OR_STRUCTURAL_ROUTE,DELAYED_RETRIEVAL_OR_TERMINAL_INTEGRATION,CONTEXTUAL_OR_FUNCTION_BOUND,,NONE,1.44,REQUIRED_SCHEDULE_EDGE_AUDITED,"Scheduled four islands after first introduction; destination story is load-balanced. This is a curriculum spacing rule, not a universal optimal interval claim."
REC-A1-000571,SEQ-A1-000201,GRAMMAR_UNIT,GRAM-A1-011,Género léxico en sustantivos terminados en consonante,,,,LOCAL_REUSE,A1-M02-I02-S2,A1-M02-I02-S3,A1-M02-I02,A1-M02-I02,CORE_OR_STRUCTURAL_ROUTE,REEXPOSURE_OR_RETRIEVAL,AS_OBJECT_POLICY_REQUIRES,,NONE,1.44,REQUIRED_SCHEDULE_EDGE_AUDITED,
REC-A1-000572,SEQ-A1-000201,GRAMMAR_UNIT,GRAM-A1-011,Género léxico en sustantivos terminados en consonante,,,,NEAR_TRANSFER,A1-M02-I02-S3,A1-M02-I03-S1,A1-M02-I02,A1-M02-I03,CORE_OR_STRUCTURAL_ROUTE,TRANSFER_IN_CHANGED_CONTEXT,AS_OBJECT_POLICY_REQUIRES,,NONE,1.44,REQUIRED_SCHEDULE_EDGE_AUDITED,
REC-A1-000573,SEQ-A1-000201,GRAMMAR_UNIT,GRAM-A1-011,Género léxico en sustantivos terminados en consonante,,,,DISTANT_RETURN,A1-M02-I03-S1,A1-M03-I02-S3,A1-M02-I03,A1-M03-I02,CORE_OR_STRUCTURAL_ROUTE,DELAYED_RETRIEVAL_OR_TERMINAL_INTEGRATION,AS_OBJECT_POLICY_REQUIRES,,NONE,1.44,REQUIRED_SCHEDULE_EDGE_AUDITED,"Scheduled four islands after first introduction; destination story is load-balanced. This is a curriculum spacing rule, not a universal optimal interval claim."
REC-A1-000574,SEQ-A1-000203,GRAMMAR_UNIT,GRAM-A1-018,Adjetivo calificativo como complemento del nombre,,,,LOCAL_REUSE,A1-M02-I02-S2,A1-M02-I02-S4,A1-M02-I02,A1-M02-I02,CORE_OR_STRUCTURAL_ROUTE,REEXPOSURE_OR_RETRIEVAL,AS_OBJECT_POLICY_REQUIRES,,NONE,1.44,REQUIRED_SCHEDULE_EDGE_AUDITED,
REC-A1-000575,SEQ-A1-000203,GRAMMAR_UNIT,GRAM-A1-018,Adjetivo calificativo como complemento del nombre,,,,NEAR_TRANSFER,A1-M02-I02-S4,A1-M02-I03-S2,A1-M02-I02,A1-M02-I03,CORE_OR_STRUCTURAL_ROUTE,TRANSFER_IN_CHANGED_CONTEXT,AS_OBJECT_POLICY_REQUIRES,,NONE,1.44,REQUIRED_SCHEDULE_EDGE_AUDITED,
REC-A1-000576,SEQ-A1-000203,GRAMMAR_UNIT,GRAM-A1-018,Adjetivo calificativo como complemento del nombre,,,,DISTANT_RETURN,A1-M02-I03-S2,A1-M03-I02-S1,A1-M02-I03,A1-M03-I02,CORE_OR_STRUCTURAL_ROUTE,DELAYED_RETRIEVAL_OR_TERMINAL_INTEGRATION,AS_OBJECT_POLICY_REQUIRES,,NONE,1.44,REQUIRED_SCHEDULE_EDGE_AUDITED,"Scheduled four islands after first introduction; destination story is load-balanced. This is a curriculum spacing rule, not a universal optimal interval claim."
REC-A1-000577,SEQ-A1-000206,GRAMMAR_UNIT,GRAM-A1-021,Gentilicios frecuentes como adjetivos relacionales,,,,LOCAL_REUSE,A1-M02-I02-S2,A1-M02-I02-S3,A1-M02-I02,A1-M02-I02,CORE_OR_STRUCTURAL_ROUTE,REEXPOSURE_OR_RETRIEVAL,AS_OBJECT_POLICY_REQUIRES,,NONE,1.44,REQUIRED_SCHEDULE_EDGE_AUDITED,
REC-A1-000578,SEQ-A1-000206,GRAMMAR_UNIT,GRAM-A1-021,Gentilicios frecuentes como adjetivos relacionales,,,,NEAR_TRANSFER,A1-M02-I02-S3,A1-M02-I03-S3,A1-M02-I02,A1-M02-I03,CORE_OR_STRUCTURAL_ROUTE,TRANSFER_IN_CHANGED_CONTEXT,AS_OBJECT_POLICY_REQUIRES,,NONE,1.44,REQUIRED_SCHEDULE_EDGE_AUDITED,
REC-A1-000579,SEQ-A1-000206,GRAMMAR_UNIT,GRAM-A1-021,Gentilicios frecuentes como adjetivos relacionales,,,,DISTANT_RETURN,A1-M02-I03-S3,A1-M03-I02-S2,A1-M02-I03,A1-M03-I02,CORE_OR_STRUCTURAL_ROUTE,DELAYED_RETRIEVAL_OR_TERMINAL_INTEGRATION,AS_OBJECT_POLICY_REQUIRES,,NONE,1.44,REQUIRED_SCHEDULE_EDGE_AUDITED,"Scheduled four islands after first introduction; destination story is load-balanced. This is a curriculum spacing rule, not a universal optimal interval claim."
REC-A1-000580,SEQ-A1-000210,GRAMMAR_UNIT,GRAM-A1-118,Participio con valor adjetival,,,,LOCAL_REUSE,A1-M02-I02-S2,A1-M02-I02-S4,A1-M02-I02,A1-M02-I02,CORE_OR_STRUCTURAL_ROUTE,REEXPOSURE_OR_RETRIEVAL,AS_OBJECT_POLICY_REQUIRES,,NONE,1.44,REQUIRED_SCHEDULE_EDGE_AUDITED,
REC-A1-000581,SEQ-A1-000210,GRAMMAR_UNIT,GRAM-A1-118,Participio con valor adjetival,,,,NEAR_TRANSFER,A1-M02-I02-S4,A1-M02-I03-S4,A1-M02-I02,A1-M02-I03,CORE_OR_STRUCTURAL_ROUTE,TRANSFER_IN_CHANGED_CONTEXT,AS_OBJECT_POLICY_REQUIRES,,NONE,1.44,REQUIRED_SCHEDULE_EDGE_AUDITED,
REC-A1-000582,SEQ-A1-000210,GRAMMAR_UNIT,GRAM-A1-118,Participio con valor adjetival,,,,DISTANT_RETURN,A1-M02-I03-S4,A1-M03-I02-S3,A1-M02-I03,A1-M03-I02,CORE_OR_STRUCTURAL_ROUTE,DELAYED_RETRIEVAL_OR_TERMINAL_INTEGRATION,AS_OBJECT_POLICY_REQUIRES,,NONE,1.44,REQUIRED_SCHEDULE_EDGE_AUDITED,"Scheduled four islands after first introduction; destination story is load-balanced. This is a curriculum spacing rule, not a universal optimal interval claim."
REC-A1-000583,SEQ-A1-000212,GRAMMAR_UNIT,GRAM-A1-134,Atributo nominal,,,,LOCAL_REUSE,A1-M02-I02-S2,A1-M02-I02-S3,A1-M02-I02,A1-M02-I02,CORE_OR_STRUCTURAL_ROUTE,REEXPOSURE_OR_RETRIEVAL,AS_OBJECT_POLICY_REQUIRES,,NONE,1.44,REQUIRED_SCHEDULE_EDGE_AUDITED,
REC-A1-000584,SEQ-A1-000212,GRAMMAR_UNIT,GRAM-A1-134,Atributo nominal,,,,NEAR_TRANSFER,A1-M02-I02-S3,A1-M02-I03-S1,A1-M02-I02,A1-M02-I03,CORE_OR_STRUCTURAL_ROUTE,TRANSFER_IN_CHANGED_CONTEXT,AS_OBJECT_POLICY_REQUIRES,,NONE,1.44,REQUIRED_SCHEDULE_EDGE_AUDITED,
REC-A1-000585,SEQ-A1-000212,GRAMMAR_UNIT,GRAM-A1-134,Atributo nominal,,,,DISTANT_RETURN,A1-M02-I03-S1,A1-M03-I02-S1,A1-M02-I03,A1-M03-I02,CORE_OR_STRUCTURAL_ROUTE,DELAYED_RETRIEVAL_OR_TERMINAL_INTEGRATION,AS_OBJECT_POLICY_REQUIRES,,NONE,1.44,REQUIRED_SCHEDULE_EDGE_AUDITED,"Scheduled four islands after first introduction; destination story is load-balanced. This is a curriculum spacing rule, not a universal optimal interval claim."
REC-A1-000586,SEQ-A1-000217,MWU_SOURCE_UNIT,12B1-MWU-0127,ser bonito,,,12B1-MWU-0127,LOCAL_REUSE,A1-M02-I02-S2,A1-M02-I02-S4,A1-M02-I02,A1-M02-I02,CORE_OR_STRUCTURAL_ROUTE,REEXPOSURE_OR_RETRIEVAL,AS_OBJECT_POLICY_REQUIRES,,NONE,1.44,REQUIRED_SCHEDULE_EDGE_AUDITED,
REC-A1-000587,SEQ-A1-000217,MWU_SOURCE_UNIT,12B1-MWU-0127,ser bonito,,,12B1-MWU-0127,NEAR_TRANSFER,A1-M02-I02-S4,A1-M02-I03-S2,A1-M02-I02,A1-M02-I03,CORE_OR_STRUCTURAL_ROUTE,TRANSFER_IN_CHANGED_CONTEXT,AS_OBJECT_POLICY_REQUIRES,,NONE,1.44,REQUIRED_SCHEDULE_EDGE_AUDITED,
REC-A1-000588,SEQ-A1-000217,MWU_SOURCE_UNIT,12B1-MWU-0127,ser bonito,,,12B1-MWU-0127,DISTANT_RETURN,A1-M02-I03-S2,A1-M03-I02-S2,A1-M02-I03,A1-M03-I02,CORE_OR_STRUCTURAL_ROUTE,DELAYED_RETRIEVAL_OR_TERMINAL_INTEGRATION,AS_OBJECT_POLICY_REQUIRES,,NONE,1.44,REQUIRED_SCHEDULE_EDGE_AUDITED,"Scheduled four islands after first introduction; destination story is load-balanced. This is a curriculum spacing rule, not a universal optimal interval claim."
REC-A1-000589,SEQ-A1-000220,MWU_SOURCE_UNIT,12B1-MWU-0181,ser malo,,,12B1-MWU-0181,LOCAL_REUSE,A1-M02-I02-S2,A1-M02-I02-S3,A1-M02-I02,A1-M02-I02,CORE_OR_STRUCTURAL_ROUTE,REEXPOSURE_OR_RETRIEVAL,AS_OBJECT_POLICY_REQUIRES,,NONE,1.44,REQUIRED_SCHEDULE_EDGE_AUDITED,
REC-A1-000590,SEQ-A1-000220,MWU_SOURCE_UNIT,12B1-MWU-0181,ser malo,,,12B1-MWU-0181,NEAR_TRANSFER,A1-M02-I02-S3,A1-M02-I03-S3,A1-M02-I02,A1-M02-I03,CORE_OR_STRUCTURAL_ROUTE,TRANSFER_IN_CHANGED_CONTEXT,AS_OBJECT_POLICY_REQUIRES,,NONE,1.44,REQUIRED_SCHEDULE_EDGE_AUDITED,
REC-A1-000591,SEQ-A1-000220,MWU_SOURCE_UNIT,12B1-MWU-0181,ser malo,,,12B1-MWU-0181,DISTANT_RETURN,A1-M02-I03-S3,A1-M03-I02-S3,A1-M02-I03,A1-M03-I02,CORE_OR_STRUCTURAL_ROUTE,DELAYED_RETRIEVAL_OR_TERMINAL_INTEGRATION,AS_OBJECT_POLICY_REQUIRES,,NONE,1.44,REQUIRED_SCHEDULE_EDGE_AUDITED,"Scheduled four islands after first introduction; destination story is load-balanced. This is a curriculum spacing rule, not a universal optimal interval claim."
REC-A1-000592,SEQ-A1-000173,SENSE,SENSE-A1-000041,anteojos,LEX-A1-000041,SENSE-A1-000041,,LOCAL_RECEPTIVE_REUSE,A1-M02-I02-S2,A1-M02-I02-S4,A1-M02-I02,A1-M02-I02,REGIONAL_RECEPTIVE_ROUTE,RECOGNITION,NO_UNIVERSAL_PRODUCTIVE_DEMAND,RECEPTIVE_PROFILE_RULE_PRESERVED,NONE,1.44,REQUIRED_SCHEDULE_EDGE_AUDITED,
REC-A1-000593,SEQ-A1-000173,SENSE,SENSE-A1-000041,anteojos,LEX-A1-000041,SENSE-A1-000041,,REGIONAL_NEAR_RECOGNITION,A1-M02-I02-S4,A1-M02-I03-S4,A1-M02-I02,A1-M02-I03,REGIONAL_RECEPTIVE_ROUTE,RECOGNITION_IN_CHANGED_CONTEXT,NO_UNIVERSAL_PRODUCTIVE_DEMAND,RECEPTIVE_PROFILE_RULE_PRESERVED,NONE,1.44,REQUIRED_SCHEDULE_EDGE_AUDITED,
REC-A1-000594,SEQ-A1-000173,SENSE,SENSE-A1-000041,anteojos,LEX-A1-000041,SENSE-A1-000041,,REGIONAL_LATER_RECOGNITION,A1-M02-I03-S4,A1-M03-I02-S1,A1-M02-I03,A1-M03-I02,REGIONAL_RECEPTIVE_ROUTE,LATER_RECOGNITION,NO_UNIVERSAL_PRODUCTIVE_DEMAND,RECEPTIVE_PROFILE_RULE_PRESERVED,NONE,1.44,REQUIRED_SCHEDULE_EDGE_AUDITED,"Scheduled four islands after first introduction; destination story is load-balanced. This is a curriculum spacing rule, not a universal optimal interval claim."
REC-A1-000595,SEQ-A1-000176,SENSE,SENSE-A1-000073,bigote,LEX-A1-000073,SENSE-A1-000073,,LOCAL_REUSE,A1-M02-I02-S2,A1-M02-I02-S3,A1-M02-I02,A1-M02-I02,CORE_OR_STRUCTURAL_ROUTE,REEXPOSURE_OR_RETRIEVAL,CONTEXTUAL_OR_FUNCTION_BOUND,,NONE,1.44,REQUIRED_SCHEDULE_EDGE_AUDITED,
REC-A1-000596,SEQ-A1-000176,SENSE,SENSE-A1-000073,bigote,LEX-A1-000073,SENSE-A1-000073,,NEAR_TRANSFER,A1-M02-I02-S3,A1-M02-I03-S1,A1-M02-I02,A1-M02-I03,CORE_OR_STRUCTURAL_ROUTE,TRANSFER_IN_CHANGED_CONTEXT,CONTEXTUAL_OR_FUNCTION_BOUND,,NONE,1.44,REQUIRED_SCHEDULE_EDGE_AUDITED,
REC-A1-000597,SEQ-A1-000176,SENSE,SENSE-A1-000073,bigote,LEX-A1-000073,SENSE-A1-000073,,DISTANT_RETURN,A1-M02-I03-S1,A1-M03-I02-S2,A1-M02-I03,A1-M03-I02,CORE_OR_STRUCTURAL_ROUTE,DELAYED_RETRIEVAL_OR_TERMINAL_INTEGRATION,CONTEXTUAL_OR_FUNCTION_BOUND,,NONE,1.44,REQUIRED_SCHEDULE_EDGE_AUDITED,"Scheduled four islands after first introduction; destination story is load-balanced. This is a curriculum spacing rule, not a universal optimal interval claim."
REC-A1-000598,SEQ-A1-000179,SENSE,SENSE-A1-000165,corto,LEX-A1-000163,SENSE-A1-000165,,LOCAL_REUSE,A1-M02-I02-S2,A1-M02-I02-S4,A1-M02-I02,A1-M02-I02,CORE_OR_STRUCTURAL_ROUTE,REEXPOSURE_OR_RETRIEVAL,CONTEXTUAL_OR_FUNCTION_BOUND,,NONE,1.44,REQUIRED_SCHEDULE_EDGE_AUDITED,
REC-A1-000599,SEQ-A1-000179,SENSE,SENSE-A1-000165,corto,LEX-A1-000163,SENSE-A1-000165,,NEAR_TRANSFER,A1-M02-I02-S4,A1-M02-I03-S2,A1-M02-I02,A1-M02-I03,CORE_OR_STRUCTURAL_ROUTE,TRANSFER_IN_CHANGED_CONTEXT,CONTEXTUAL_OR_FUNCTION_BOUND,,NONE,1.44,REQUIRED_SCHEDULE_EDGE_AUDITED,
REC-A1-000600,SEQ-A1-000179,SENSE,SENSE-A1-000165,corto,LEX-A1-000163,SENSE-A1-000165,,DISTANT_RETURN,A1-M02-I03-S2,A1-M03-I02-S3,A1-M02-I03,A1-M03-I02,CORE_OR_STRUCTURAL_ROUTE,DELAYED_RETRIEVAL_OR_TERMINAL_INTEGRATION,CONTEXTUAL_OR_FUNCTION_BOUND,,NONE,1.44,REQUIRED_SCHEDULE_EDGE_AUDITED,"Scheduled four islands after first introduction; destination story is load-balanced. This is a curriculum spacing rule, not a universal optimal interval claim."
REC-A1-000601,SEQ-A1-000182,SENSE,SENSE-A1-000269,gafa,LEX-A1-000264,SENSE-A1-000269,,LOCAL_REUSE,A1-M02-I02-S2,A1-M02-I02-S3,A1-M02-I02,A1-M02-I02,CORE_OR_STRUCTURAL_ROUTE,REEXPOSURE_OR_RETRIEVAL,CONTEXTUAL_OR_FUNCTION_BOUND,,NONE,1.44,REQUIRED_SCHEDULE_EDGE_AUDITED,
REC-A1-000602,SEQ-A1-000182,SENSE,SENSE-A1-000269,gafa,LEX-A1-000264,SENSE-A1-000269,,NEAR_TRANSFER,A1-M02-I02-S3,A1-M02-I03-S3,A1-M02-I02,A1-M02-I03,CORE_OR_STRUCTURAL_ROUTE,TRANSFER_IN_CHANGED_CONTEXT,CONTEXTUAL_OR_FUNCTION_BOUND,,NONE,1.44,REQUIRED_SCHEDULE_EDGE_AUDITED,
REC-A1-000603,SEQ-A1-000182,SENSE,SENSE-A1-000269,gafa,LEX-A1-000264,SENSE-A1-000269,,DISTANT_RETURN,A1-M02-I03-S3,A1-M03-I02-S1,A1-M02-I03,A1-M03-I02,CORE_OR_STRUCTURAL_ROUTE,DELAYED_RETRIEVAL_OR_TERMINAL_INTEGRATION,CONTEXTUAL_OR_FUNCTION_BOUND,,NONE,1.44,REQUIRED_SCHEDULE_EDGE_AUDITED,"Scheduled four islands after first introduction; destination story is load-balanced. This is a curriculum spacing rule, not a universal optimal interval claim."
REC-A1-000604,SEQ-A1-000185,SENSE,SENSE-A1-000279,guapo,LEX-A1-000274,SENSE-A1-000279,,LOCAL_REUSE,A1-M02-I02-S2,A1-M02-I02-S4,A1-M02-I02,A1-M02-I02,CORE_OR_STRUCTURAL_ROUTE,REEXPOSURE_OR_RETRIEVAL,CONTEXTUAL_OR_FUNCTION_BOUND,,NONE,1.44,REQUIRED_SCHEDULE_EDGE_AUDITED,
REC-A1-000605,SEQ-A1-000185,SENSE,SENSE-A1-000279,guapo,LEX-A1-000274,SENSE-A1-000279,,NEAR_TRANSFER,A1-M02-I02-S4,A1-M02-I03-S4,A1-M02-I02,A1-M02-I03,CORE_OR_STRUCTURAL_ROUTE,TRANSFER_IN_CHANGED_CONTEXT,CONTEXTUAL_OR_FUNCTION_BOUND,,NONE,1.44,REQUIRED_SCHEDULE_EDGE_AUDITED,
REC-A1-000606,SEQ-A1-000185,SENSE,SENSE-A1-000279,guapo,LEX-A1-000274,SENSE-A1-000279,,DISTANT_RETURN,A1-M02-I03-S4,A1-M03-I02-S2,A1-M02-I03,A1-M03-I02,CORE_OR_STRUCTURAL_ROUTE,DELAYED_RETRIEVAL_OR_TERMINAL_INTEGRATION,CONTEXTUAL_OR_FUNCTION_BOUND,,NONE,1.44,REQUIRED_SCHEDULE_EDGE_AUDITED,"Scheduled four islands after first introduction; destination story is load-balanced. This is a curriculum spacing rule, not a universal optimal interval claim."
REC-A1-000607,SEQ-A1-000188,SENSE,SENSE-A1-000328,largo,LEX-A1-000322,SENSE-A1-000328,,LOCAL_REUSE,A1-M02-I02-S2,A1-M02-I02-S3,A1-M02-I02,A1-M02-I02,CORE_OR_STRUCTURAL_ROUTE,REEXPOSURE_OR_RETRIEVAL,CONTEXTUAL_OR_FUNCTION_BOUND,,NONE,1.44,REQUIRED_SCHEDULE_EDGE_AUDITED,
REC-A1-000608,SEQ-A1-000188,SENSE,SENSE-A1-000328,largo,LEX-A1-000322,SENSE-A1-000328,,NEAR_TRANSFER,A1-M02-I02-S3,A1-M02-I03-S1,A1-M02-I02,A1-M02-I03,CORE_OR_STRUCTURAL_ROUTE,TRANSFER_IN_CHANGED_CONTEXT,CONTEXTUAL_OR_FUNCTION_BOUND,,NONE,1.44,REQUIRED_SCHEDULE_EDGE_AUDITED,
REC-A1-000609,SEQ-A1-000188,SENSE,SENSE-A1-000328,largo,LEX-A1-000322,SENSE-A1-000328,,DISTANT_RETURN,A1-M02-I03-S1,A1-M03-I02-S3,A1-M02-I03,A1-M03-I02,CORE_OR_STRUCTURAL_ROUTE,DELAYED_RETRIEVAL_OR_TERMINAL_INTEGRATION,CONTEXTUAL_OR_FUNCTION_BOUND,,NONE,1.44,REQUIRED_SCHEDULE_EDGE_AUDITED,"Scheduled four islands after first introduction; destination story is load-balanced. This is a curriculum spacing rule, not a universal optimal interval claim."
REC-A1-000610,SEQ-A1-000191,SENSE,SENSE-A1-000381,moreno,LEX-A1-000375,SENSE-A1-000381,,LOCAL_REUSE,A1-M02-I02-S2,A1-M02-I02-S4,A1-M02-I02,A1-M02-I02,CORE_OR_STRUCTURAL_ROUTE,REEXPOSURE_OR_RETRIEVAL,CONTEXTUAL_OR_FUNCTION_BOUND,,NONE,1.44,REQUIRED_SCHEDULE_EDGE_AUDITED,
REC-A1-000611,SEQ-A1-000191,SENSE,SENSE-A1-000381,moreno,LEX-A1-000375,SENSE-A1-000381,,NEAR_TRANSFER,A1-M02-I02-S4,A1-M02-I03-S2,A1-M02-I02,A1-M02-I03,CORE_OR_STRUCTURAL_ROUTE,TRANSFER_IN_CHANGED_CONTEXT,CONTEXTUAL_OR_FUNCTION_BOUND,,NONE,1.44,REQUIRED_SCHEDULE_EDGE_AUDITED,
REC-A1-000612,SEQ-A1-000191,SENSE,SENSE-A1-000381,moreno,LEX-A1-000375,SENSE-A1-000381,,DISTANT_RETURN,A1-M02-I03-S2,A1-M03-I02-S1,A1-M02-I03,A1-M03-I02,CORE_OR_STRUCTURAL_ROUTE,DELAYED_RETRIEVAL_OR_TERMINAL_INTEGRATION,CONTEXTUAL_OR_FUNCTION_BOUND,,NONE,1.44,REQUIRED_SCHEDULE_EDGE_AUDITED,"Scheduled four islands after first introduction; destination story is load-balanced. This is a curriculum spacing rule, not a universal optimal interval claim."
REC-A1-000613,SEQ-A1-000194,SENSE,SENSE-A1-000417,ojo,LEX-A1-000410,SENSE-A1-000417,,LOCAL_REUSE,A1-M02-I02-S2,A1-M02-I02-S3,A1-M02-I02,A1-M02-I02,CORE_OR_STRUCTURAL_ROUTE,REEXPOSURE_OR_RETRIEVAL,CONTEXTUAL_OR_FUNCTION_BOUND,,NONE,1.44,REQUIRED_SCHEDULE_EDGE_AUDITED,
REC-A1-000614,SEQ-A1-000194,SENSE,SENSE-A1-000417,ojo,LEX-A1-000410,SENSE-A1-000417,,NEAR_TRANSFER,A1-M02-I02-S3,A1-M02-I03-S3,A1-M02-I02,A1-M02-I03,CORE_OR_STRUCTURAL_ROUTE,TRANSFER_IN_CHANGED_CONTEXT,CONTEXTUAL_OR_FUNCTION_BOUND,,NONE,1.44,REQUIRED_SCHEDULE_EDGE_AUDITED,
REC-A1-000615,SEQ-A1-000194,SENSE,SENSE-A1-000417,ojo,LEX-A1-000410,SENSE-A1-000417,,DISTANT_RETURN,A1-M02-I03-S3,A1-M03-I02-S2,A1-M02-I03,A1-M03-I02,CORE_OR_STRUCTURAL_ROUTE,DELAYED_RETRIEVAL_OR_TERMINAL_INTEGRATION,CONTEXTUAL_OR_FUNCTION_BOUND,,NONE,1.44,REQUIRED_SCHEDULE_EDGE_AUDITED,"Scheduled four islands after first introduction; destination story is load-balanced. This is a curriculum spacing rule, not a universal optimal interval claim."
REC-A1-000616,SEQ-A1-000197,SENSE,SENSE-A1-000441,pequeño,LEX-A1-000433,SENSE-A1-000441,,LOCAL_REUSE,A1-M02-I02-S2,A1-M02-I02-S4,A1-M02-I02,A1-M02-I02,CORE_OR_STRUCTURAL_ROUTE,REEXPOSURE_OR_RETRIEVAL,CONTEXTUAL_OR_FUNCTION_BOUND,,NONE,1.44,REQUIRED_SCHEDULE_EDGE_AUDITED,
REC-A1-000617,SEQ-A1-000197,SENSE,SENSE-A1-000441,pequeño,LEX-A1-000433,SENSE-A1-000441,,NEAR_TRANSFER,A1-M02-I02-S4,A1-M02-I03-S4,A1-M02-I02,A1-M02-I03,CORE_OR_STRUCTURAL_ROUTE,TRANSFER_IN_CHANGED_CONTEXT,CONTEXTUAL_OR_FUNCTION_BOUND,,NONE,1.44,REQUIRED_SCHEDULE_EDGE_AUDITED,
REC-A1-000618,SEQ-A1-000197,SENSE,SENSE-A1-000441,pequeño,LEX-A1-000433,SENSE-A1-000441,,DISTANT_RETURN,A1-M02-I03-S4,A1-M03-I02-S3,A1-M02-I03,A1-M03-I02,CORE_OR_STRUCTURAL_ROUTE,DELAYED_RETRIEVAL_OR_TERMINAL_INTEGRATION,CONTEXTUAL_OR_FUNCTION_BOUND,,NONE,1.44,REQUIRED_SCHEDULE_EDGE_AUDITED,"Scheduled four islands after first introduction; destination story is load-balanced. This is a curriculum spacing rule, not a universal optimal interval claim."
REC-A1-000619,SEQ-A1-000205,GRAMMAR_UNIT,GRAM-A1-020,Incompatibilidad del adjetivo calificativo aislado con posesivo como determinante,,,,LOCAL_REUSE,A1-M02-I02-S3,A1-M02-I02-S4,A1-M02-I02,A1-M02-I02,CORE_OR_STRUCTURAL_ROUTE,REEXPOSURE_OR_RETRIEVAL,AS_OBJECT_POLICY_REQUIRES,,NONE,1.44,REQUIRED_SCHEDULE_EDGE_AUDITED,
REC-A1-000620,SEQ-A1-000205,GRAMMAR_UNIT,GRAM-A1-020,Incompatibilidad del adjetivo calificativo aislado con posesivo como determinante,,,,NEAR_TRANSFER,A1-M02-I02-S4,A1-M02-I03-S1,A1-M02-I02,A1-M02-I03,CORE_OR_STRUCTURAL_ROUTE,TRANSFER_IN_CHANGED_CONTEXT,AS_OBJECT_POLICY_REQUIRES,,NONE,1.44,REQUIRED_SCHEDULE_EDGE_AUDITED,
REC-A1-000621,SEQ-A1-000205,GRAMMAR_UNIT,GRAM-A1-020,Incompatibilidad del adjetivo calificativo aislado con posesivo como determinante,,,,DISTANT_RETURN,A1-M02-I03-S1,A1-M03-I02-S1,A1-M02-I03,A1-M03-I02,CORE_OR_STRUCTURAL_ROUTE,DELAYED_RETRIEVAL_OR_TERMINAL_INTEGRATION,AS_OBJECT_POLICY_REQUIRES,,NONE,1.44,REQUIRED_SCHEDULE_EDGE_AUDITED,"Scheduled four islands after first introduction; destination story is load-balanced. This is a curriculum spacing rule, not a universal optimal interval claim."
REC-A1-000622,SEQ-A1-000207,GRAMMAR_UNIT,GRAM-A1-024,Adjetivos terminados en consonante sin variación de género,,,,LOCAL_REUSE,A1-M02-I02-S3,A1-M02-I02-S4,A1-M02-I02,A1-M02-I02,CORE_OR_STRUCTURAL_ROUTE,REEXPOSURE_OR_RETRIEVAL,AS_OBJECT_POLICY_REQUIRES,,NONE,1.44,REQUIRED_SCHEDULE_EDGE_AUDITED,
REC-A1-000623,SEQ-A1-000207,GRAMMAR_UNIT,GRAM-A1-024,Adjetivos terminados en consonante sin variación de género,,,,NEAR_TRANSFER,A1-M02-I02-S4,A1-M02-I03-S2,A1-M02-I02,A1-M02-I03,CORE_OR_STRUCTURAL_ROUTE,TRANSFER_IN_CHANGED_CONTEXT,AS_OBJECT_POLICY_REQUIRES,,NONE,1.44,REQUIRED_SCHEDULE_EDGE_AUDITED,
REC-A1-000624,SEQ-A1-000207,GRAMMAR_UNIT,GRAM-A1-024,Adjetivos terminados en consonante sin variación de género,,,,DISTANT_RETURN,A1-M02-I03-S2,A1-M03-I02-S2,A1-M02-I03,A1-M03-I02,CORE_OR_STRUCTURAL_ROUTE,DELAYED_RETRIEVAL_OR_TERMINAL_INTEGRATION,AS_OBJECT_POLICY_REQUIRES,,NONE,1.44,REQUIRED_SCHEDULE_EDGE_AUDITED,"Scheduled four islands after first introduction; destination story is load-balanced. This is a curriculum spacing rule, not a universal optimal interval claim."
REC-A1-000625,SEQ-A1-000208,GRAMMAR_UNIT,GRAM-A1-029,Grado positivo,,,,LOCAL_REUSE,A1-M02-I02-S3,A1-M02-I02-S4,A1-M02-I02,A1-M02-I02,CORE_OR_STRUCTURAL_ROUTE,REEXPOSURE_OR_RETRIEVAL,AS_OBJECT_POLICY_REQUIRES,,NONE,1.44,REQUIRED_SCHEDULE_EDGE_AUDITED,
REC-A1-000626,SEQ-A1-000208,GRAMMAR_UNIT,GRAM-A1-029,Grado positivo,,,,NEAR_TRANSFER,A1-M02-I02-S4,A1-M02-I03-S3,A1-M02-I02,A1-M02-I03,CORE_OR_STRUCTURAL_ROUTE,TRANSFER_IN_CHANGED_CONTEXT,AS_OBJECT_POLICY_REQUIRES,,NONE,1.44,REQUIRED_SCHEDULE_EDGE_AUDITED,
REC-A1-000627,SEQ-A1-000208,GRAMMAR_UNIT,GRAM-A1-029,Grado positivo,,,,DISTANT_RETURN,A1-M02-I03-S3,A1-M03-I02-S3,A1-M02-I03,A1-M03-I02,CORE_OR_STRUCTURAL_ROUTE,DELAYED_RETRIEVAL_OR_TERMINAL_INTEGRATION,AS_OBJECT_POLICY_REQUIRES,,NONE,1.44,REQUIRED_SCHEDULE_EDGE_AUDITED,"Scheduled four islands after first introduction; destination story is load-balanced. This is a curriculum spacing rule, not a universal optimal interval claim."
REC-A1-000628,SEQ-A1-000209,GRAMMAR_UNIT,GRAM-A1-117,Participio regular de las tres conjugaciones con variación de género/número,,,,LOCAL_REUSE,A1-M02-I02-S3,A1-M02-I02-S4,A1-M02-I02,A1-M02-I02,CORE_OR_STRUCTURAL_ROUTE,REEXPOSURE_OR_RETRIEVAL,AS_OBJECT_POLICY_REQUIRES,,NONE,1.44,REQUIRED_SCHEDULE_EDGE_AUDITED,
REC-A1-000629,SEQ-A1-000209,GRAMMAR_UNIT,GRAM-A1-117,Participio regular de las tres conjugaciones con variación de género/número,,,,NEAR_TRANSFER,A1-M02-I02-S4,A1-M02-I03-S4,A1-M02-I02,A1-M02-I03,CORE_OR_STRUCTURAL_ROUTE,TRANSFER_IN_CHANGED_CONTEXT,AS_OBJECT_POLICY_REQUIRES,,NONE,1.44,REQUIRED_SCHEDULE_EDGE_AUDITED,
REC-A1-000630,SEQ-A1-000209,GRAMMAR_UNIT,GRAM-A1-117,Participio regular de las tres conjugaciones con variación de género/número,,,,DISTANT_RETURN,A1-M02-I03-S4,A1-M03-I02-S1,A1-M02-I03,A1-M03-I02,CORE_OR_STRUCTURAL_ROUTE,DELAYED_RETRIEVAL_OR_TERMINAL_INTEGRATION,AS_OBJECT_POLICY_REQUIRES,,NONE,1.44,REQUIRED_SCHEDULE_EDGE_AUDITED,"Scheduled four islands after first introduction; destination story is load-balanced. This is a curriculum spacing rule, not a universal optimal interval claim."
REC-A1-000631,SEQ-A1-000211,GRAMMAR_UNIT,GRAM-A1-133,Concordancia sujeto-atributo,,,,LOCAL_REUSE,A1-M02-I02-S3,A1-M02-I02-S4,A1-M02-I02,A1-M02-I02,CORE_OR_STRUCTURAL_ROUTE,REEXPOSURE_OR_RETRIEVAL,AS_OBJECT_POLICY_REQUIRES,,NONE,1.44,REQUIRED_SCHEDULE_EDGE_AUDITED,
REC-A1-000632,SEQ-A1-000211,GRAMMAR_UNIT,GRAM-A1-133,Concordancia sujeto-atributo,,,,NEAR_TRANSFER,A1-M02-I02-S4,A1-M02-I03-S1,A1-M02-I02,A1-M02-I03,CORE_OR_STRUCTURAL_ROUTE,TRANSFER_IN_CHANGED_CONTEXT,AS_OBJECT_POLICY_REQUIRES,,NONE,1.44,REQUIRED_SCHEDULE_EDGE_AUDITED,
REC-A1-000633,SEQ-A1-000211,GRAMMAR_UNIT,GRAM-A1-133,Concordancia sujeto-atributo,,,,DISTANT_RETURN,A1-M02-I03-S1,A1-M03-I02-S2,A1-M02-I03,A1-M03-I02,CORE_OR_STRUCTURAL_ROUTE,DELAYED_RETRIEVAL_OR_TERMINAL_INTEGRATION,AS_OBJECT_POLICY_REQUIRES,,NONE,1.44,REQUIRED_SCHEDULE_EDGE_AUDITED,"Scheduled four islands after first introduction; destination story is load-balanced. This is a curriculum spacing rule, not a universal optimal interval claim."
REC-A1-000634,SEQ-A1-000216,MWU_SOURCE_UNIT,12B1-MWU-0034,ser trabajador,,,12B1-MWU-0034,LOCAL_REUSE,A1-M02-I02-S3,A1-M02-I02-S4,A1-M02-I02,A1-M02-I02,CORE_OR_STRUCTURAL_ROUTE,REEXPOSURE_OR_RETRIEVAL,AS_OBJECT_POLICY_REQUIRES,,NONE,1.44,REQUIRED_SCHEDULE_EDGE_AUDITED,
REC-A1-000635,SEQ-A1-000216,MWU_SOURCE_UNIT,12B1-MWU-0034,ser trabajador,,,12B1-MWU-0034,NEAR_TRANSFER,A1-M02-I02-S4,A1-M02-I03-S2,A1-M02-I02,A1-M02-I03,CORE_OR_STRUCTURAL_ROUTE,TRANSFER_IN_CHANGED_CONTEXT,AS_OBJECT_POLICY_REQUIRES,,NONE,1.44,REQUIRED_SCHEDULE_EDGE_AUDITED,
REC-A1-000636,SEQ-A1-000216,MWU_SOURCE_UNIT,12B1-MWU-0034,ser trabajador,,,12B1-MWU-0034,DISTANT_RETURN,A1-M02-I03-S2,A1-M03-I02-S3,A1-M02-I03,A1-M03-I02,CORE_OR_STRUCTURAL_ROUTE,DELAYED_RETRIEVAL_OR_TERMINAL_INTEGRATION,AS_OBJECT_POLICY_REQUIRES,,NONE,1.44,REQUIRED_SCHEDULE_EDGE_AUDITED,"Scheduled four islands after first introduction; destination story is load-balanced. This is a curriculum spacing rule, not a universal optimal interval claim."
REC-A1-000637,SEQ-A1-000219,MWU_SOURCE_UNIT,12B1-MWU-0178,ser bueno,,,12B1-MWU-0178,LOCAL_REUSE,A1-M02-I02-S3,A1-M02-I02-S4,A1-M02-I02,A1-M02-I02,CORE_OR_STRUCTURAL_ROUTE,REEXPOSURE_OR_RETRIEVAL,AS_OBJECT_POLICY_REQUIRES,,NONE,1.44,REQUIRED_SCHEDULE_EDGE_AUDITED,
REC-A1-000638,SEQ-A1-000219,MWU_SOURCE_UNIT,12B1-MWU-0178,ser bueno,,,12B1-MWU-0178,NEAR_TRANSFER,A1-M02-I02-S4,A1-M02-I03-S3,A1-M02-I02,A1-M02-I03,CORE_OR_STRUCTURAL_ROUTE,TRANSFER_IN_CHANGED_CONTEXT,AS_OBJECT_POLICY_REQUIRES,,NONE,1.44,REQUIRED_SCHEDULE_EDGE_AUDITED,
REC-A1-000639,SEQ-A1-000219,MWU_SOURCE_UNIT,12B1-MWU-0178,ser bueno,,,12B1-MWU-0178,DISTANT_RETURN,A1-M02-I03-S3,A1-M03-I02-S1,A1-M02-I03,A1-M03-I02,CORE_OR_STRUCTURAL_ROUTE,DELAYED_RETRIEVAL_OR_TERMINAL_INTEGRATION,AS_OBJECT_POLICY_REQUIRES,,NONE,1.44,REQUIRED_SCHEDULE_EDGE_AUDITED,"Scheduled four islands after first introduction; destination story is load-balanced. This is a curriculum spacing rule, not a universal optimal interval claim."
REC-A1-000640,SEQ-A1-000174,SENSE,SENSE-A1-000060,bajo,LEX-A1-000060,SENSE-A1-000060,,LOCAL_REUSE,A1-M02-I02-S3,A1-M02-I02-S4,A1-M02-I02,A1-M02-I02,CORE_OR_STRUCTURAL_ROUTE,REEXPOSURE_OR_RETRIEVAL,CONTEXTUAL_OR_FUNCTION_BOUND,,NONE,1.44,REQUIRED_SCHEDULE_EDGE_AUDITED,
REC-A1-000641,SEQ-A1-000174,SENSE,SENSE-A1-000060,bajo,LEX-A1-000060,SENSE-A1-000060,,NEAR_TRANSFER,A1-M02-I02-S4,A1-M02-I03-S4,A1-M02-I02,A1-M02-I03,CORE_OR_STRUCTURAL_ROUTE,TRANSFER_IN_CHANGED_CONTEXT,CONTEXTUAL_OR_FUNCTION_BOUND,,NONE,1.44,REQUIRED_SCHEDULE_EDGE_AUDITED,
REC-A1-000642,SEQ-A1-000174,SENSE,SENSE-A1-000060,bajo,LEX-A1-000060,SENSE-A1-000060,,DISTANT_RETURN,A1-M02-I03-S4,A1-M03-I02-S2,A1-M02-I03,A1-M03-I02,CORE_OR_STRUCTURAL_ROUTE,DELAYED_RETRIEVAL_OR_TERMINAL_INTEGRATION,CONTEXTUAL_OR_FUNCTION_BOUND,,NONE,1.44,REQUIRED_SCHEDULE_EDGE_AUDITED,"Scheduled four islands after first introduction; destination story is load-balanced. This is a curriculum spacing rule, not a universal optimal interval claim."
REC-A1-000643,SEQ-A1-000177,SENSE,SENSE-A1-000107,cara,LEX-A1-000105,SENSE-A1-000107,,LOCAL_REUSE,A1-M02-I02-S3,A1-M02-I02-S4,A1-M02-I02,A1-M02-I02,CORE_OR_STRUCTURAL_ROUTE,REEXPOSURE_OR_RETRIEVAL,CONTEXTUAL_OR_FUNCTION_BOUND,,NONE,1.44,REQUIRED_SCHEDULE_EDGE_AUDITED,
REC-A1-000644,SEQ-A1-000177,SENSE,SENSE-A1-000107,cara,LEX-A1-000105,SENSE-A1-000107,,NEAR_TRANSFER,A1-M02-I02-S4,A1-M02-I03-S1,A1-M02-I02,A1-M02-I03,CORE_OR_STRUCTURAL_ROUTE,TRANSFER_IN_CHANGED_CONTEXT,CONTEXTUAL_OR_FUNCTION_BOUND,,NONE,1.44,REQUIRED_SCHEDULE_EDGE_AUDITED,
REC-A1-000645,SEQ-A1-000177,SENSE,SENSE-A1-000107,cara,LEX-A1-000105,SENSE-A1-000107,,DISTANT_RETURN,A1-M02-I03-S1,A1-M03-I02-S3,A1-M02-I03,A1-M03-I02,CORE_OR_STRUCTURAL_ROUTE,DELAYED_RETRIEVAL_OR_TERMINAL_INTEGRATION,CONTEXTUAL_OR_FUNCTION_BOUND,,NONE,1.44,REQUIRED_SCHEDULE_EDGE_AUDITED,"Scheduled four islands after first introduction; destination story is load-balanced. This is a curriculum spacing rule, not a universal optimal interval claim."
REC-A1-000646,SEQ-A1-000180,SENSE,SENSE-A1-000181,delgado,LEX-A1-000179,SENSE-A1-000181,,LOCAL_REUSE,A1-M02-I02-S3,A1-M02-I02-S4,A1-M02-I02,A1-M02-I02,CORE_OR_STRUCTURAL_ROUTE,REEXPOSURE_OR_RETRIEVAL,CONTEXTUAL_OR_FUNCTION_BOUND,,NONE,1.44,REQUIRED_SCHEDULE_EDGE_AUDITED,
REC-A1-000647,SEQ-A1-000180,SENSE,SENSE-A1-000181,delgado,LEX-A1-000179,SENSE-A1-000181,,NEAR_TRANSFER,A1-M02-I02-S4,A1-M02-I03-S2,A1-M02-I02,A1-M02-I03,CORE_OR_STRUCTURAL_ROUTE,TRANSFER_IN_CHANGED_CONTEXT,CONTEXTUAL_OR_FUNCTION_BOUND,,NONE,1.44,REQUIRED_SCHEDULE_EDGE_AUDITED,
REC-A1-000648,SEQ-A1-000180,SENSE,SENSE-A1-000181,delgado,LEX-A1-000179,SENSE-A1-000181,,DISTANT_RETURN,A1-M02-I03-S2,A1-M03-I02-S1,A1-M02-I03,A1-M03-I02,CORE_OR_STRUCTURAL_ROUTE,DELAYED_RETRIEVAL_OR_TERMINAL_INTEGRATION,CONTEXTUAL_OR_FUNCTION_BOUND,,NONE,1.44,REQUIRED_SCHEDULE_EDGE_AUDITED,"Scheduled four islands after first introduction; destination story is load-balanced. This is a curriculum spacing rule, not a universal optimal interval claim."
REC-A1-000649,SEQ-A1-000183,SENSE,SENSE-A1-000274,gordo,LEX-A1-000269,SENSE-A1-000274,,LOCAL_REUSE,A1-M02-I02-S3,A1-M02-I02-S4,A1-M02-I02,A1-M02-I02,CORE_OR_STRUCTURAL_ROUTE,REEXPOSURE_OR_RETRIEVAL,CONTEXTUAL_OR_FUNCTION_BOUND,,NONE,1.44,REQUIRED_SCHEDULE_EDGE_AUDITED,
REC-A1-000650,SEQ-A1-000183,SENSE,SENSE-A1-000274,gordo,LEX-A1-000269,SENSE-A1-000274,,NEAR_TRANSFER,A1-M02-I02-S4,A1-M02-I03-S3,A1-M02-I02,A1-M02-I03,CORE_OR_STRUCTURAL_ROUTE,TRANSFER_IN_CHANGED_CONTEXT,CONTEXTUAL_OR_FUNCTION_BOUND,,NONE,1.44,REQUIRED_SCHEDULE_EDGE_AUDITED,
REC-A1-000651,SEQ-A1-000183,SENSE,SENSE-A1-000274,gordo,LEX-A1-000269,SENSE-A1-000274,,DISTANT_RETURN,A1-M02-I03-S3,A1-M03-I02-S2,A1-M02-I03,A1-M03-I02,CORE_OR_STRUCTURAL_ROUTE,DELAYED_RETRIEVAL_OR_TERMINAL_INTEGRATION,CONTEXTUAL_OR_FUNCTION_BOUND,,NONE,1.44,REQUIRED_SCHEDULE_EDGE_AUDITED,"Scheduled four islands after first introduction; destination story is load-balanced. This is a curriculum spacing rule, not a universal optimal interval claim."
REC-A1-000652,SEQ-A1-000186,SENSE,SENSE-A1-000290,hermoso,LEX-A1-000285,SENSE-A1-000290,,LOCAL_REUSE,A1-M02-I02-S3,A1-M02-I02-S4,A1-M02-I02,A1-M02-I02,CORE_OR_STRUCTURAL_ROUTE,REEXPOSURE_OR_RETRIEVAL,TARGET_PROFILE_ONLY,,NONE,1.44,REQUIRED_SCHEDULE_EDGE_AUDITED,
REC-A1-000653,SEQ-A1-000186,SENSE,SENSE-A1-000290,hermoso,LEX-A1-000285,SENSE-A1-000290,,NEAR_TRANSFER,A1-M02-I02-S4,A1-M02-I03-S4,A1-M02-I02,A1-M02-I03,CORE_OR_STRUCTURAL_ROUTE,TRANSFER_IN_CHANGED_CONTEXT,TARGET_PROFILE_ONLY,,NONE,1.44,REQUIRED_SCHEDULE_EDGE_AUDITED,
REC-A1-000654,SEQ-A1-000186,SENSE,SENSE-A1-000290,hermoso,LEX-A1-000285,SENSE-A1-000290,,DISTANT_RETURN,A1-M02-I03-S4,A1-M03-I02-S3,A1-M02-I03,A1-M03-I02,CORE_OR_STRUCTURAL_ROUTE,DELAYED_RETRIEVAL_OR_TERMINAL_INTEGRATION,TARGET_PROFILE_ONLY,,NONE,1.44,REQUIRED_SCHEDULE_EDGE_AUDITED,"Scheduled four islands after first introduction; destination story is load-balanced. This is a curriculum spacing rule, not a universal optimal interval claim."
REC-A1-000655,SEQ-A1-000189,SENSE,SENSE-A1-000338,lindo,LEX-A1-000332,SENSE-A1-000338,,LOCAL_REUSE,A1-M02-I02-S3,A1-M02-I02-S4,A1-M02-I02,A1-M02-I02,CORE_OR_STRUCTURAL_ROUTE,REEXPOSURE_OR_RETRIEVAL,TARGET_PROFILE_ONLY,,NONE,1.44,REQUIRED_SCHEDULE_EDGE_AUDITED,
REC-A1-000656,SEQ-A1-000189,SENSE,SENSE-A1-000338,lindo,LEX-A1-000332,SENSE-A1-000338,,NEAR_TRANSFER,A1-M02-I02-S4,A1-M02-I03-S1,A1-M02-I02,A1-M02-I03,CORE_OR_STRUCTURAL_ROUTE,TRANSFER_IN_CHANGED_CONTEXT,TARGET_PROFILE_ONLY,,NONE,1.44,REQUIRED_SCHEDULE_EDGE_AUDITED,
REC-A1-000657,SEQ-A1-000189,SENSE,SENSE-A1-000338,lindo,LEX-A1-000332,SENSE-A1-000338,,DISTANT_RETURN,A1-M02-I03-S1,A1-M03-I02-S1,A1-M02-I03,A1-M03-I02,CORE_OR_STRUCTURAL_ROUTE,DELAYED_RETRIEVAL_OR_TERMINAL_INTEGRATION,TARGET_PROFILE_ONLY,,NONE,1.44,REQUIRED_SCHEDULE_EDGE_AUDITED,"Scheduled four islands after first introduction; destination story is load-balanced. This is a curriculum spacing rule, not a universal optimal interval claim."
REC-A1-000658,SEQ-A1-000192,SENSE,SENSE-A1-000382,móvil,LEX-A1-000376,SENSE-A1-000382,,LOCAL_REUSE,A1-M02-I02-S3,A1-M02-I02-S4,A1-M02-I02,A1-M02-I02,CORE_OR_STRUCTURAL_ROUTE,REEXPOSURE_OR_RETRIEVAL,CONTEXTUAL_OR_FUNCTION_BOUND,,NONE,1.44,REQUIRED_SCHEDULE_EDGE_AUDITED,
REC-A1-000659,SEQ-A1-000192,SENSE,SENSE-A1-000382,móvil,LEX-A1-000376,SENSE-A1-000382,,NEAR_TRANSFER,A1-M02-I02-S4,A1-M02-I03-S2,A1-M02-I02,A1-M02-I03,CORE_OR_STRUCTURAL_ROUTE,TRANSFER_IN_CHANGED_CONTEXT,CONTEXTUAL_OR_FUNCTION_BOUND,,NONE,1.44,REQUIRED_SCHEDULE_EDGE_AUDITED,
REC-A1-000660,SEQ-A1-000192,SENSE,SENSE-A1-000382,móvil,LEX-A1-000376,SENSE-A1-000382,,DISTANT_RETURN,A1-M02-I03-S2,A1-M03-I02-S2,A1-M02-I03,A1-M03-I02,CORE_OR_STRUCTURAL_ROUTE,DELAYED_RETRIEVAL_OR_TERMINAL_INTEGRATION,CONTEXTUAL_OR_FUNCTION_BOUND,,NONE,1.44,REQUIRED_SCHEDULE_EDGE_AUDITED,"Scheduled four islands after first introduction; destination story is load-balanced. This is a curriculum spacing rule, not a universal optimal interval claim."
REC-A1-000661,SEQ-A1-000195,SENSE,SENSE-A1-000420,oscuro,LEX-A1-000413,SENSE-A1-000420,,LOCAL_REUSE,A1-M02-I02-S3,A1-M02-I02-S4,A1-M02-I02,A1-M02-I02,CORE_OR_STRUCTURAL_ROUTE,REEXPOSURE_OR_RETRIEVAL,CONTEXTUAL_OR_FUNCTION_BOUND,,NONE,1.44,REQUIRED_SCHEDULE_EDGE_AUDITED,
REC-A1-000662,SEQ-A1-000195,SENSE,SENSE-A1-000420,oscuro,LEX-A1-000413,SENSE-A1-000420,,NEAR_TRANSFER,A1-M02-I02-S4,A1-M02-I03-S3,A1-M02-I02,A1-M02-I03,CORE_OR_STRUCTURAL_ROUTE,TRANSFER_IN_CHANGED_CONTEXT,CONTEXTUAL_OR_FUNCTION_BOUND,,NONE,1.44,REQUIRED_SCHEDULE_EDGE_AUDITED,
REC-A1-000663,SEQ-A1-000195,SENSE,SENSE-A1-000420,oscuro,LEX-A1-000413,SENSE-A1-000420,,DISTANT_RETURN,A1-M02-I03-S3,A1-M03-I02-S3,A1-M02-I03,A1-M03-I02,CORE_OR_STRUCTURAL_ROUTE,DELAYED_RETRIEVAL_OR_TERMINAL_INTEGRATION,CONTEXTUAL_OR_FUNCTION_BOUND,,NONE,1.44,REQUIRED_SCHEDULE_EDGE_AUDITED,"Scheduled four islands after first introduction; destination story is load-balanced. This is a curriculum spacing rule, not a universal optimal interval claim."
REC-A1-000664,SEQ-A1-000198,SENSE,SENSE-A1-000503,rubio,LEX-A1-000494,SENSE-A1-000503,,LOCAL_REUSE,A1-M02-I02-S3,A1-M02-I02-S4,A1-M02-I02,A1-M02-I02,CORE_OR_STRUCTURAL_ROUTE,REEXPOSURE_OR_RETRIEVAL,CONTEXTUAL_OR_FUNCTION_BOUND,,NONE,1.44,REQUIRED_SCHEDULE_EDGE_AUDITED,
REC-A1-000665,SEQ-A1-000198,SENSE,SENSE-A1-000503,rubio,LEX-A1-000494,SENSE-A1-000503,,NEAR_TRANSFER,A1-M02-I02-S4,A1-M02-I03-S4,A1-M02-I02,A1-M02-I03,CORE_OR_STRUCTURAL_ROUTE,TRANSFER_IN_CHANGED_CONTEXT,CONTEXTUAL_OR_FUNCTION_BOUND,,NONE,1.44,REQUIRED_SCHEDULE_EDGE_AUDITED,
REC-A1-000666,SEQ-A1-000198,SENSE,SENSE-A1-000503,rubio,LEX-A1-000494,SENSE-A1-000503,,DISTANT_RETURN,A1-M02-I03-S4,A1-M03-I02-S1,A1-M02-I03,A1-M03-I02,CORE_OR_STRUCTURAL_ROUTE,DELAYED_RETRIEVAL_OR_TERMINAL_INTEGRATION,CONTEXTUAL_OR_FUNCTION_BOUND,,NONE,1.44,REQUIRED_SCHEDULE_EDGE_AUDITED,"Scheduled four islands after first introduction; destination story is load-balanced. This is a curriculum spacing rule, not a universal optimal interval claim."
REC-A1-000667,SEQ-A1-000253,GRAMMAR_UNIT,GRAM-A1-038,Compatibilidad con estar para localización de referente definido,,,,LOCAL_REUSE,A1-M02-I03-S1,A1-M02-I03-S2,A1-M02-I03,A1-M02-I03,CORE_OR_STRUCTURAL_ROUTE,REEXPOSURE_OR_RETRIEVAL,AS_OBJECT_POLICY_REQUIRES,,NONE,1.44,REQUIRED_SCHEDULE_EDGE_AUDITED,
REC-A1-000668,SEQ-A1-000253,GRAMMAR_UNIT,GRAM-A1-038,Compatibilidad con estar para localización de referente definido,,,,NEAR_TRANSFER,A1-M02-I03-S2,A1-M02-I04-S3,A1-M02-I03,A1-M02-I04,CORE_OR_STRUCTURAL_ROUTE,TRANSFER_IN_CHANGED_CONTEXT,AS_OBJECT_POLICY_REQUIRES,,NONE,1.44,REQUIRED_SCHEDULE_EDGE_AUDITED,
REC-A1-000669,SEQ-A1-000253,GRAMMAR_UNIT,GRAM-A1-038,Compatibilidad con estar para localización de referente definido,,,,DISTANT_RETURN,A1-M02-I04-S3,A1-M03-I03-S4,A1-M02-I04,A1-M03-I03,CORE_OR_STRUCTURAL_ROUTE,DELAYED_RETRIEVAL_OR_TERMINAL_INTEGRATION,AS_OBJECT_POLICY_REQUIRES,,NONE,1.44,REQUIRED_SCHEDULE_EDGE_AUDITED,"Scheduled four islands after first introduction; destination story is load-balanced. This is a curriculum spacing rule, not a universal optimal interval claim."
REC-A1-000670,SEQ-A1-000254,GRAMMAR_UNIT,GRAM-A1-045,Nombre escueto compatible con haber impersonal,,,,LOCAL_REUSE,A1-M02-I03-S1,A1-M02-I03-S3,A1-M02-I03,A1-M02-I03,CORE_OR_STRUCTURAL_ROUTE,REEXPOSURE_OR_RETRIEVAL,AS_OBJECT_POLICY_REQUIRES,,NONE,1.44,REQUIRED_SCHEDULE_EDGE_AUDITED,
REC-A1-000671,SEQ-A1-000254,GRAMMAR_UNIT,GRAM-A1-045,Nombre escueto compatible con haber impersonal,,,,NEAR_TRANSFER,A1-M02-I03-S3,A1-M02-I04-S1,A1-M02-I03,A1-M02-I04,CORE_OR_STRUCTURAL_ROUTE,TRANSFER_IN_CHANGED_CONTEXT,AS_OBJECT_POLICY_REQUIRES,,NONE,1.44,REQUIRED_SCHEDULE_EDGE_AUDITED,
REC-A1-000672,SEQ-A1-000254,GRAMMAR_UNIT,GRAM-A1-045,Nombre escueto compatible con haber impersonal,,,,DISTANT_RETURN,A1-M02-I04-S1,A1-M03-I03-S4,A1-M02-I04,A1-M03-I03,CORE_OR_STRUCTURAL_ROUTE,DELAYED_RETRIEVAL_OR_TERMINAL_INTEGRATION,AS_OBJECT_POLICY_REQUIRES,,NONE,1.44,REQUIRED_SCHEDULE_EDGE_AUDITED,"Scheduled four islands after first introduction; destination story is load-balanced. This is a curriculum spacing rule, not a universal optimal interval claim."
REC-A1-000673,SEQ-A1-000257,GRAMMAR_UNIT,GRAM-A1-077,Ausencia de clítico de OD con haber,,,,LOCAL_REUSE,A1-M02-I03-S1,A1-M02-I03-S4,A1-M02-I03,A1-M02-I03,CORE_OR_STRUCTURAL_ROUTE,REEXPOSURE_OR_RETRIEVAL,AS_OBJECT_POLICY_REQUIRES,,NONE,1.44,REQUIRED_SCHEDULE_EDGE_AUDITED,
REC-A1-000674,SEQ-A1-000257,GRAMMAR_UNIT,GRAM-A1-077,Ausencia de clítico de OD con haber,,,,NEAR_TRANSFER,A1-M02-I03-S4,A1-M02-I04-S2,A1-M02-I03,A1-M02-I04,CORE_OR_STRUCTURAL_ROUTE,TRANSFER_IN_CHANGED_CONTEXT,AS_OBJECT_POLICY_REQUIRES,,NONE,1.44,REQUIRED_SCHEDULE_EDGE_AUDITED,
REC-A1-000675,SEQ-A1-000257,GRAMMAR_UNIT,GRAM-A1-077,Ausencia de clítico de OD con haber,,,,DISTANT_RETURN,A1-M02-I04-S2,A1-M03-I03-S4,A1-M02-I04,A1-M03-I03,CORE_OR_STRUCTURAL_ROUTE,DELAYED_RETRIEVAL_OR_TERMINAL_INTEGRATION,AS_OBJECT_POLICY_REQUIRES,,NONE,1.44,REQUIRED_SCHEDULE_EDGE_AUDITED,"Scheduled four islands after first introduction; destination story is load-balanced. This is a curriculum spacing rule, not a universal optimal interval claim."
REC-A1-000676,SEQ-A1-000261,MWU_SOURCE_UNIT,12B1-MWU-0076,calefacción central,LEX-A1-000090,SENSE-A1-000092,12B1-MWU-0076,LOCAL_REUSE,A1-M02-I03-S1,A1-M02-I03-S2,A1-M02-I03,A1-M02-I03,CORE_OR_STRUCTURAL_ROUTE,REEXPOSURE_OR_RETRIEVAL,AS_OBJECT_POLICY_REQUIRES,,NONE,1.44,REQUIRED_SCHEDULE_EDGE_AUDITED,
REC-A1-000677,SEQ-A1-000261,MWU_SOURCE_UNIT,12B1-MWU-0076,calefacción central,LEX-A1-000090,SENSE-A1-000092,12B1-MWU-0076,NEAR_TRANSFER,A1-M02-I03-S2,A1-M02-I04-S3,A1-M02-I03,A1-M02-I04,CORE_OR_STRUCTURAL_ROUTE,TRANSFER_IN_CHANGED_CONTEXT,AS_OBJECT_POLICY_REQUIRES,,NONE,1.44,REQUIRED_SCHEDULE_EDGE_AUDITED,
REC-A1-000678,SEQ-A1-000261,MWU_SOURCE_UNIT,12B1-MWU-0076,calefacción central,LEX-A1-000090,SENSE-A1-000092,12B1-MWU-0076,DISTANT_RETURN,A1-M02-I04-S3,A1-M03-I03-S4,A1-M02-I04,A1-M03-I03,CORE_OR_STRUCTURAL_ROUTE,DELAYED_RETRIEVAL_OR_TERMINAL_INTEGRATION,AS_OBJECT_POLICY_REQUIRES,,NONE,1.44,REQUIRED_SCHEDULE_EDGE_AUDITED,"Scheduled four islands after first introduction; destination story is load-balanced. This is a curriculum spacing rule, not a universal optimal interval claim."
REC-A1-000679,SEQ-A1-000264,MWU_SOURCE_UNIT,12B1-MWU-0082,sala de estar,LEX-A1-000497,SENSE-A1-000506,12B1-MWU-0082,LOCAL_REUSE,A1-M02-I03-S1,A1-M02-I03-S3,A1-M02-I03,A1-M02-I03,CORE_OR_STRUCTURAL_ROUTE,REEXPOSURE_OR_RETRIEVAL,AS_OBJECT_POLICY_REQUIRES,,NONE,1.44,REQUIRED_SCHEDULE_EDGE_AUDITED,
REC-A1-000680,SEQ-A1-000264,MWU_SOURCE_UNIT,12B1-MWU-0082,sala de estar,LEX-A1-000497,SENSE-A1-000506,12B1-MWU-0082,NEAR_TRANSFER,A1-M02-I03-S3,A1-M02-I04-S1,A1-M02-I03,A1-M02-I04,CORE_OR_STRUCTURAL_ROUTE,TRANSFER_IN_CHANGED_CONTEXT,AS_OBJECT_POLICY_REQUIRES,,NONE,1.44,REQUIRED_SCHEDULE_EDGE_AUDITED,
REC-A1-000681,SEQ-A1-000264,MWU_SOURCE_UNIT,12B1-MWU-0082,sala de estar,LEX-A1-000497,SENSE-A1-000506,12B1-MWU-0082,DISTANT_RETURN,A1-M02-I04-S1,A1-M03-I03-S4,A1-M02-I04,A1-M03-I03,CORE_OR_STRUCTURAL_ROUTE,DELAYED_RETRIEVAL_OR_TERMINAL_INTEGRATION,AS_OBJECT_POLICY_REQUIRES,,NONE,1.44,REQUIRED_SCHEDULE_EDGE_AUDITED,"Scheduled four islands after first introduction; destination story is load-balanced. This is a curriculum spacing rule, not a universal optimal interval claim."
REC-A1-000682,SEQ-A1-000267,MWU_SOURCE_UNIT,12B1-MWU-0087,vivir en un apartamento,,,12B1-MWU-0087,LOCAL_REUSE,A1-M02-I03-S1,A1-M02-I03-S4,A1-M02-I03,A1-M02-I03,CORE_OR_STRUCTURAL_ROUTE,REEXPOSURE_OR_RETRIEVAL,AS_OBJECT_POLICY_REQUIRES,,NONE,1.44,REQUIRED_SCHEDULE_EDGE_AUDITED,
REC-A1-000683,SEQ-A1-000267,MWU_SOURCE_UNIT,12B1-MWU-0087,vivir en un apartamento,,,12B1-MWU-0087,NEAR_TRANSFER,A1-M02-I03-S4,A1-M02-I04-S2,A1-M02-I03,A1-M02-I04,CORE_OR_STRUCTURAL_ROUTE,TRANSFER_IN_CHANGED_CONTEXT,AS_OBJECT_POLICY_REQUIRES,,NONE,1.44,REQUIRED_SCHEDULE_EDGE_AUDITED,
REC-A1-000684,SEQ-A1-000267,MWU_SOURCE_UNIT,12B1-MWU-0087,vivir en un apartamento,,,12B1-MWU-0087,DISTANT_RETURN,A1-M02-I04-S2,A1-M03-I03-S4,A1-M02-I04,A1-M03-I03,CORE_OR_STRUCTURAL_ROUTE,DELAYED_RETRIEVAL_OR_TERMINAL_INTEGRATION,AS_OBJECT_POLICY_REQUIRES,,NONE,1.44,REQUIRED_SCHEDULE_EDGE_AUDITED,"Scheduled four islands after first introduction; destination story is load-balanced. This is a curriculum spacing rule, not a universal optimal interval claim."
REC-A1-000685,SEQ-A1-000221,SENSE,SENSE-A1-000012,acondicionado,LEX-A1-000012,SENSE-A1-000012,,LOCAL_REUSE,A1-M02-I03-S1,A1-M02-I03-S2,A1-M02-I03,A1-M02-I03,CORE_OR_STRUCTURAL_ROUTE,REEXPOSURE_OR_RETRIEVAL,CONTEXTUAL_OR_FUNCTION_BOUND,,NONE,1.44,REQUIRED_SCHEDULE_EDGE_AUDITED,
REC-A1-000686,SEQ-A1-000221,SENSE,SENSE-A1-000012,acondicionado,LEX-A1-000012,SENSE-A1-000012,,NEAR_TRANSFER,A1-M02-I03-S2,A1-M02-I04-S3,A1-M02-I03,A1-M02-I04,CORE_OR_STRUCTURAL_ROUTE,TRANSFER_IN_CHANGED_CONTEXT,CONTEXTUAL_OR_FUNCTION_BOUND,,NONE,1.44,REQUIRED_SCHEDULE_EDGE_AUDITED,
REC-A1-000687,SEQ-A1-000221,SENSE,SENSE-A1-000012,acondicionado,LEX-A1-000012,SENSE-A1-000012,,DISTANT_RETURN,A1-M02-I04-S3,A1-M03-I03-S4,A1-M02-I04,A1-M03-I03,CORE_OR_STRUCTURAL_ROUTE,DELAYED_RETRIEVAL_OR_TERMINAL_INTEGRATION,CONTEXTUAL_OR_FUNCTION_BOUND,,NONE,1.44,REQUIRED_SCHEDULE_EDGE_AUDITED,"Scheduled four islands after first introduction; destination story is load-balanced. This is a curriculum spacing rule, not a universal optimal interval claim."
REC-A1-000688,SEQ-A1-000224,SENSE,SENSE-A1-000064,baño,LEX-A1-000064,SENSE-A1-000064,,LOCAL_REUSE,A1-M02-I03-S1,A1-M02-I03-S3,A1-M02-I03,A1-M02-I03,CORE_OR_STRUCTURAL_ROUTE,REEXPOSURE_OR_RETRIEVAL,CONTEXTUAL_OR_FUNCTION_BOUND,,NONE,1.44,REQUIRED_SCHEDULE_EDGE_AUDITED,
REC-A1-000689,SEQ-A1-000224,SENSE,SENSE-A1-000064,baño,LEX-A1-000064,SENSE-A1-000064,,NEAR_TRANSFER,A1-M02-I03-S3,A1-M02-I04-S1,A1-M02-I03,A1-M02-I04,CORE_OR_STRUCTURAL_ROUTE,TRANSFER_IN_CHANGED_CONTEXT,CONTEXTUAL_OR_FUNCTION_BOUND,,NONE,1.44,REQUIRED_SCHEDULE_EDGE_AUDITED,
REC-A1-000690,SEQ-A1-000224,SENSE,SENSE-A1-000064,baño,LEX-A1-000064,SENSE-A1-000064,,DISTANT_RETURN,A1-M02-I04-S1,A1-M03-I03-S4,A1-M02-I04,A1-M03-I03,CORE_OR_STRUCTURAL_ROUTE,DELAYED_RETRIEVAL_OR_TERMINAL_INTEGRATION,CONTEXTUAL_OR_FUNCTION_BOUND,,NONE,1.44,REQUIRED_SCHEDULE_EDGE_AUDITED,"Scheduled four islands after first introduction; destination story is load-balanced. This is a curriculum spacing rule, not a universal optimal interval claim."
REC-A1-000691,SEQ-A1-000227,SENSE,SENSE-A1-000093,calefacción individual,LEX-A1-000091,SENSE-A1-000093,,LOCAL_REUSE,A1-M02-I03-S1,A1-M02-I03-S4,A1-M02-I03,A1-M02-I03,CORE_OR_STRUCTURAL_ROUTE,REEXPOSURE_OR_RETRIEVAL,CONTEXTUAL_OR_FUNCTION_BOUND,,NONE,1.44,REQUIRED_SCHEDULE_EDGE_AUDITED,
REC-A1-000692,SEQ-A1-000227,SENSE,SENSE-A1-000093,calefacción individual,LEX-A1-000091,SENSE-A1-000093,,NEAR_TRANSFER,A1-M02-I03-S4,A1-M02-I04-S2,A1-M02-I03,A1-M02-I04,CORE_OR_STRUCTURAL_ROUTE,TRANSFER_IN_CHANGED_CONTEXT,CONTEXTUAL_OR_FUNCTION_BOUND,,NONE,1.44,REQUIRED_SCHEDULE_EDGE_AUDITED,
REC-A1-000693,SEQ-A1-000227,SENSE,SENSE-A1-000093,calefacción individual,LEX-A1-000091,SENSE-A1-000093,,DISTANT_RETURN,A1-M02-I04-S2,A1-M03-I03-S4,A1-M02-I04,A1-M03-I03,CORE_OR_STRUCTURAL_ROUTE,DELAYED_RETRIEVAL_OR_TERMINAL_INTEGRATION,CONTEXTUAL_OR_FUNCTION_BOUND,,NONE,1.44,REQUIRED_SCHEDULE_EDGE_AUDITED,"Scheduled four islands after first introduction; destination story is load-balanced. This is a curriculum spacing rule, not a universal optimal interval claim."
REC-A1-000694,SEQ-A1-000230,SENSE,SENSE-A1-000125,central,LEX-A1-000123,SENSE-A1-000125,,LOCAL_REUSE,A1-M02-I03-S1,A1-M02-I03-S2,A1-M02-I03,A1-M02-I03,CORE_OR_STRUCTURAL_ROUTE,REEXPOSURE_OR_RETRIEVAL,CONTEXTUAL_OR_FUNCTION_BOUND,,NONE,1.44,REQUIRED_SCHEDULE_EDGE_AUDITED,
REC-A1-000695,SEQ-A1-000230,SENSE,SENSE-A1-000125,central,LEX-A1-000123,SENSE-A1-000125,,NEAR_TRANSFER,A1-M02-I03-S2,A1-M02-I04-S3,A1-M02-I03,A1-M02-I04,CORE_OR_STRUCTURAL_ROUTE,TRANSFER_IN_CHANGED_CONTEXT,CONTEXTUAL_OR_FUNCTION_BOUND,,NONE,1.44,REQUIRED_SCHEDULE_EDGE_AUDITED,
REC-A1-000696,SEQ-A1-000230,SENSE,SENSE-A1-000125,central,LEX-A1-000123,SENSE-A1-000125,,DISTANT_RETURN,A1-M02-I04-S3,A1-M03-I03-S4,A1-M02-I04,A1-M03-I03,CORE_OR_STRUCTURAL_ROUTE,DELAYED_RETRIEVAL_OR_TERMINAL_INTEGRATION,CONTEXTUAL_OR_FUNCTION_BOUND,,NONE,1.44,REQUIRED_SCHEDULE_EDGE_AUDITED,"Scheduled four islands after first introduction; destination story is load-balanced. This is a curriculum spacing rule, not a universal optimal interval claim."
REC-A1-000697,SEQ-A1-000233,SENSE,SENSE-A1-000176,cuarto de baño,LEX-A1-000174,SENSE-A1-000176,,LOCAL_REUSE,A1-M02-I03-S1,A1-M02-I03-S3,A1-M02-I03,A1-M02-I03,CORE_OR_STRUCTURAL_ROUTE,REEXPOSURE_OR_RETRIEVAL,CONTEXTUAL_OR_FUNCTION_BOUND,,NONE,1.44,REQUIRED_SCHEDULE_EDGE_AUDITED,
REC-A1-000698,SEQ-A1-000233,SENSE,SENSE-A1-000176,cuarto de baño,LEX-A1-000174,SENSE-A1-000176,,NEAR_TRANSFER,A1-M02-I03-S3,A1-M02-I04-S1,A1-M02-I03,A1-M02-I04,CORE_OR_STRUCTURAL_ROUTE,TRANSFER_IN_CHANGED_CONTEXT,CONTEXTUAL_OR_FUNCTION_BOUND,,NONE,1.44,REQUIRED_SCHEDULE_EDGE_AUDITED,
REC-A1-000699,SEQ-A1-000233,SENSE,SENSE-A1-000176,cuarto de baño,LEX-A1-000174,SENSE-A1-000176,,DISTANT_RETURN,A1-M02-I04-S1,A1-M03-I03-S4,A1-M02-I04,A1-M03-I03,CORE_OR_STRUCTURAL_ROUTE,DELAYED_RETRIEVAL_OR_TERMINAL_INTEGRATION,CONTEXTUAL_OR_FUNCTION_BOUND,,NONE,1.44,REQUIRED_SCHEDULE_EDGE_AUDITED,"Scheduled four islands after first introduction; destination story is load-balanced. This is a curriculum spacing rule, not a universal optimal interval claim."
REC-A1-000700,SEQ-A1-000236,SENSE,SENSE-A1-000207,edificio,LEX-A1-000203,SENSE-A1-000207,,LOCAL_REUSE,A1-M02-I03-S1,A1-M02-I03-S4,A1-M02-I03,A1-M02-I03,CORE_OR_STRUCTURAL_ROUTE,REEXPOSURE_OR_RETRIEVAL,CONTEXTUAL_OR_FUNCTION_BOUND,,NONE,1.44,REQUIRED_SCHEDULE_EDGE_AUDITED,
REC-A1-000701,SEQ-A1-000236,SENSE,SENSE-A1-000207,edificio,LEX-A1-000203,SENSE-A1-000207,,NEAR_TRANSFER,A1-M02-I03-S4,A1-M02-I04-S2,A1-M02-I03,A1-M02-I04,CORE_OR_STRUCTURAL_ROUTE,TRANSFER_IN_CHANGED_CONTEXT,CONTEXTUAL_OR_FUNCTION_BOUND,,NONE,1.44,REQUIRED_SCHEDULE_EDGE_AUDITED,
REC-A1-000702,SEQ-A1-000236,SENSE,SENSE-A1-000207,edificio,LEX-A1-000203,SENSE-A1-000207,,DISTANT_RETURN,A1-M02-I04-S2,A1-M03-I03-S4,A1-M02-I04,A1-M03-I03,CORE_OR_STRUCTURAL_ROUTE,DELAYED_RETRIEVAL_OR_TERMINAL_INTEGRATION,CONTEXTUAL_OR_FUNCTION_BOUND,,NONE,1.44,REQUIRED_SCHEDULE_EDGE_AUDITED,"Scheduled four islands after first introduction; destination story is load-balanced. This is a curriculum spacing rule, not a universal optimal interval claim."
REC-A1-000703,SEQ-A1-000239,SENSE,SENSE-A1-000304,individual,LEX-A1-000298,SENSE-A1-000304,,LOCAL_REUSE,A1-M02-I03-S1,A1-M02-I03-S2,A1-M02-I03,A1-M02-I03,CORE_OR_STRUCTURAL_ROUTE,REEXPOSURE_OR_RETRIEVAL,CONTEXTUAL_OR_FUNCTION_BOUND,,NONE,1.44,REQUIRED_SCHEDULE_EDGE_AUDITED,
REC-A1-000704,SEQ-A1-000239,SENSE,SENSE-A1-000304,individual,LEX-A1-000298,SENSE-A1-000304,,NEAR_TRANSFER,A1-M02-I03-S2,A1-M02-I04-S3,A1-M02-I03,A1-M02-I04,CORE_OR_STRUCTURAL_ROUTE,TRANSFER_IN_CHANGED_CONTEXT,CONTEXTUAL_OR_FUNCTION_BOUND,,NONE,1.44,REQUIRED_SCHEDULE_EDGE_AUDITED,
REC-A1-000705,SEQ-A1-000239,SENSE,SENSE-A1-000304,individual,LEX-A1-000298,SENSE-A1-000304,,DISTANT_RETURN,A1-M02-I04-S3,A1-M03-I03-S4,A1-M02-I04,A1-M03-I03,CORE_OR_STRUCTURAL_ROUTE,DELAYED_RETRIEVAL_OR_TERMINAL_INTEGRATION,CONTEXTUAL_OR_FUNCTION_BOUND,,NONE,1.44,REQUIRED_SCHEDULE_EDGE_AUDITED,"Scheduled four islands after first introduction; destination story is load-balanced. This is a curriculum spacing rule, not a universal optimal interval claim."
REC-A1-000706,SEQ-A1-000242,SENSE,SENSE-A1-000340,llave,LEX-A1-000334,SENSE-A1-000340,,LOCAL_REUSE,A1-M02-I03-S1,A1-M02-I03-S3,A1-M02-I03,A1-M02-I03,CORE_OR_STRUCTURAL_ROUTE,REEXPOSURE_OR_RETRIEVAL,CONTEXTUAL_OR_FUNCTION_BOUND,,NONE,1.44,REQUIRED_SCHEDULE_EDGE_AUDITED,
REC-A1-000707,SEQ-A1-000242,SENSE,SENSE-A1-000340,llave,LEX-A1-000334,SENSE-A1-000340,,NEAR_TRANSFER,A1-M02-I03-S3,A1-M02-I04-S1,A1-M02-I03,A1-M02-I04,CORE_OR_STRUCTURAL_ROUTE,TRANSFER_IN_CHANGED_CONTEXT,CONTEXTUAL_OR_FUNCTION_BOUND,,NONE,1.44,REQUIRED_SCHEDULE_EDGE_AUDITED,
REC-A1-000708,SEQ-A1-000242,SENSE,SENSE-A1-000340,llave,LEX-A1-000334,SENSE-A1-000340,,DISTANT_RETURN,A1-M02-I04-S1,A1-M03-I03-S4,A1-M02-I04,A1-M03-I03,CORE_OR_STRUCTURAL_ROUTE,DELAYED_RETRIEVAL_OR_TERMINAL_INTEGRATION,CONTEXTUAL_OR_FUNCTION_BOUND,,NONE,1.44,REQUIRED_SCHEDULE_EDGE_AUDITED,"Scheduled four islands after first introduction; destination story is load-balanced. This is a curriculum spacing rule, not a universal optimal interval claim."
REC-A1-000709,SEQ-A1-000245,SENSE,SENSE-A1-000506,sala de estar,LEX-A1-000497,SENSE-A1-000506,,LOCAL_REUSE,A1-M02-I03-S1,A1-M02-I03-S4,A1-M02-I03,A1-M02-I03,CORE_OR_STRUCTURAL_ROUTE,REEXPOSURE_OR_RETRIEVAL,CONTEXTUAL_OR_FUNCTION_BOUND,,NONE,1.44,REQUIRED_SCHEDULE_EDGE_AUDITED,
REC-A1-000710,SEQ-A1-000245,SENSE,SENSE-A1-000506,sala de estar,LEX-A1-000497,SENSE-A1-000506,,NEAR_TRANSFER,A1-M02-I03-S4,A1-M02-I04-S2,A1-M02-I03,A1-M02-I04,CORE_OR_STRUCTURAL_ROUTE,TRANSFER_IN_CHANGED_CONTEXT,CONTEXTUAL_OR_FUNCTION_BOUND,,NONE,1.44,REQUIRED_SCHEDULE_EDGE_AUDITED,
REC-A1-000711,SEQ-A1-000245,SENSE,SENSE-A1-000506,sala de estar,LEX-A1-000497,SENSE-A1-000506,,DISTANT_RETURN,A1-M02-I04-S2,A1-M03-I03-S3,A1-M02-I04,A1-M03-I03,CORE_OR_STRUCTURAL_ROUTE,DELAYED_RETRIEVAL_OR_TERMINAL_INTEGRATION,CONTEXTUAL_OR_FUNCTION_BOUND,,NONE,1.44,REQUIRED_SCHEDULE_EDGE_AUDITED,"Scheduled four islands after first introduction; destination story is load-balanced. This is a curriculum spacing rule, not a universal optimal interval claim."
REC-A1-000712,SEQ-A1-000248,SENSE,SENSE-A1-000527,sillón,LEX-A1-000518,SENSE-A1-000527,,LOCAL_REUSE,A1-M02-I03-S1,A1-M02-I03-S2,A1-M02-I03,A1-M02-I03,CORE_OR_STRUCTURAL_ROUTE,REEXPOSURE_OR_RETRIEVAL,CONTEXTUAL_OR_FUNCTION_BOUND,,NONE,1.44,REQUIRED_SCHEDULE_EDGE_AUDITED,
REC-A1-000713,SEQ-A1-000248,SENSE,SENSE-A1-000527,sillón,LEX-A1-000518,SENSE-A1-000527,,NEAR_TRANSFER,A1-M02-I03-S2,A1-M02-I04-S3,A1-M02-I03,A1-M02-I04,CORE_OR_STRUCTURAL_ROUTE,TRANSFER_IN_CHANGED_CONTEXT,CONTEXTUAL_OR_FUNCTION_BOUND,,NONE,1.44,REQUIRED_SCHEDULE_EDGE_AUDITED,
REC-A1-000714,SEQ-A1-000248,SENSE,SENSE-A1-000527,sillón,LEX-A1-000518,SENSE-A1-000527,,DISTANT_RETURN,A1-M02-I04-S3,A1-M03-I03-S4,A1-M02-I04,A1-M03-I03,CORE_OR_STRUCTURAL_ROUTE,DELAYED_RETRIEVAL_OR_TERMINAL_INTEGRATION,CONTEXTUAL_OR_FUNCTION_BOUND,,NONE,1.44,REQUIRED_SCHEDULE_EDGE_AUDITED,"Scheduled four islands after first introduction; destination story is load-balanced. This is a curriculum spacing rule, not a universal optimal interval claim."
REC-A1-000715,SEQ-A1-000251,SENSE,SENSE-A1-000599,vivir,LEX-A1-000590,SENSE-A1-000599,,LOCAL_REUSE,A1-M02-I03-S1,A1-M02-I03-S3,A1-M02-I03,A1-M02-I03,CORE_OR_STRUCTURAL_ROUTE,REEXPOSURE_OR_RETRIEVAL,CONTEXTUAL_OR_FUNCTION_BOUND,,NONE,1.44,REQUIRED_SCHEDULE_EDGE_AUDITED,
REC-A1-000716,SEQ-A1-000251,SENSE,SENSE-A1-000599,vivir,LEX-A1-000590,SENSE-A1-000599,,NEAR_TRANSFER,A1-M02-I03-S3,A1-M02-I04-S1,A1-M02-I03,A1-M02-I04,CORE_OR_STRUCTURAL_ROUTE,TRANSFER_IN_CHANGED_CONTEXT,CONTEXTUAL_OR_FUNCTION_BOUND,,NONE,1.44,REQUIRED_SCHEDULE_EDGE_AUDITED,
REC-A1-000717,SEQ-A1-000251,SENSE,SENSE-A1-000599,vivir,LEX-A1-000590,SENSE-A1-000599,,DISTANT_RETURN,A1-M02-I04-S1,A1-M03-I03-S1,A1-M02-I04,A1-M03-I03,CORE_OR_STRUCTURAL_ROUTE,DELAYED_RETRIEVAL_OR_TERMINAL_INTEGRATION,CONTEXTUAL_OR_FUNCTION_BOUND,,NONE,1.44,REQUIRED_SCHEDULE_EDGE_AUDITED,"Scheduled four islands after first introduction; destination story is load-balanced. This is a curriculum spacing rule, not a universal optimal interval claim."
REC-A1-000718,SEQ-A1-000255,GRAMMAR_UNIT,GRAM-A1-059,Incompatibilidad del posesivo átono con haber impersonal,,,,LOCAL_REUSE,A1-M02-I03-S2,A1-M02-I03-S4,A1-M02-I03,A1-M02-I03,CORE_OR_STRUCTURAL_ROUTE,REEXPOSURE_OR_RETRIEVAL,AS_OBJECT_POLICY_REQUIRES,,NONE,1.44,REQUIRED_SCHEDULE_EDGE_AUDITED,
REC-A1-000719,SEQ-A1-000255,GRAMMAR_UNIT,GRAM-A1-059,Incompatibilidad del posesivo átono con haber impersonal,,,,NEAR_TRANSFER,A1-M02-I03-S4,A1-M02-I04-S2,A1-M02-I03,A1-M02-I04,CORE_OR_STRUCTURAL_ROUTE,TRANSFER_IN_CHANGED_CONTEXT,AS_OBJECT_POLICY_REQUIRES,,NONE,1.44,REQUIRED_SCHEDULE_EDGE_AUDITED,
REC-A1-000720,SEQ-A1-000255,GRAMMAR_UNIT,GRAM-A1-059,Incompatibilidad del posesivo átono con haber impersonal,,,,DISTANT_RETURN,A1-M02-I04-S2,A1-M03-I03-S2,A1-M02-I04,A1-M03-I03,CORE_OR_STRUCTURAL_ROUTE,DELAYED_RETRIEVAL_OR_TERMINAL_INTEGRATION,AS_OBJECT_POLICY_REQUIRES,,NONE,1.44,REQUIRED_SCHEDULE_EDGE_AUDITED,"Scheduled four islands after first introduction; destination story is load-balanced. This is a curriculum spacing rule, not a universal optimal interval claim."
REC-A1-000721,SEQ-A1-000258,GRAMMAR_UNIT,GRAM-A1-078,Ausencia de clítico en respuestas con antecedente nominal inespecífico sin determinante/cuantiﬁcador,,,,LOCAL_REUSE,A1-M02-I03-S2,A1-M02-I03-S3,A1-M02-I03,A1-M02-I03,CORE_OR_STRUCTURAL_ROUTE,REEXPOSURE_OR_RETRIEVAL,AS_OBJECT_POLICY_REQUIRES,,NONE,1.44,REQUIRED_SCHEDULE_EDGE_AUDITED,
REC-A1-000722,SEQ-A1-000258,GRAMMAR_UNIT,GRAM-A1-078,Ausencia de clítico en respuestas con antecedente nominal inespecífico sin determinante/cuantiﬁcador,,,,NEAR_TRANSFER,A1-M02-I03-S3,A1-M02-I04-S3,A1-M02-I03,A1-M02-I04,CORE_OR_STRUCTURAL_ROUTE,TRANSFER_IN_CHANGED_CONTEXT,AS_OBJECT_POLICY_REQUIRES,,NONE,1.44,REQUIRED_SCHEDULE_EDGE_AUDITED,
REC-A1-000723,SEQ-A1-000258,GRAMMAR_UNIT,GRAM-A1-078,Ausencia de clítico en respuestas con antecedente nominal inespecífico sin determinante/cuantiﬁcador,,,,DISTANT_RETURN,A1-M02-I04-S3,A1-M03-I03-S3,A1-M02-I04,A1-M03-I03,CORE_OR_STRUCTURAL_ROUTE,DELAYED_RETRIEVAL_OR_TERMINAL_INTEGRATION,AS_OBJECT_POLICY_REQUIRES,,NONE,1.44,REQUIRED_SCHEDULE_EDGE_AUDITED,"Scheduled four islands after first introduction; destination story is load-balanced. This is a curriculum spacing rule, not a universal optimal interval claim."
REC-A1-000724,SEQ-A1-000259,GRAMMAR_UNIT,GRAM-A1-146,Oraciones impersonales con haber,,,,LOCAL_REUSE,A1-M02-I03-S2,A1-M02-I03-S4,A1-M02-I03,A1-M02-I03,CORE_OR_STRUCTURAL_ROUTE,REEXPOSURE_OR_RETRIEVAL,AS_OBJECT_POLICY_REQUIRES,,NONE,1.44,REQUIRED_SCHEDULE_EDGE_AUDITED,
REC-A1-000725,SEQ-A1-000259,GRAMMAR_UNIT,GRAM-A1-146,Oraciones impersonales con haber,,,,NEAR_TRANSFER,A1-M02-I03-S4,A1-M02-I04-S1,A1-M02-I03,A1-M02-I04,CORE_OR_STRUCTURAL_ROUTE,TRANSFER_IN_CHANGED_CONTEXT,AS_OBJECT_POLICY_REQUIRES,,NONE,1.44,REQUIRED_SCHEDULE_EDGE_AUDITED,
REC-A1-000726,SEQ-A1-000259,GRAMMAR_UNIT,GRAM-A1-146,Oraciones impersonales con haber,,,,DISTANT_RETURN,A1-M02-I04-S1,A1-M03-I03-S4,A1-M02-I04,A1-M03-I03,CORE_OR_STRUCTURAL_ROUTE,DELAYED_RETRIEVAL_OR_TERMINAL_INTEGRATION,AS_OBJECT_POLICY_REQUIRES,,NONE,1.44,REQUIRED_SCHEDULE_EDGE_AUDITED,"Scheduled four islands after first introduction; destination story is load-balanced. This is a curriculum spacing rule, not a universal optimal interval claim."
REC-A1-000727,SEQ-A1-000262,MWU_SOURCE_UNIT,12B1-MWU-0077,calefacción individual,LEX-A1-000091,SENSE-A1-000093,12B1-MWU-0077,LOCAL_REUSE,A1-M02-I03-S2,A1-M02-I03-S3,A1-M02-I03,A1-M02-I03,CORE_OR_STRUCTURAL_ROUTE,REEXPOSURE_OR_RETRIEVAL,AS_OBJECT_POLICY_REQUIRES,,NONE,1.44,REQUIRED_SCHEDULE_EDGE_AUDITED,
REC-A1-000728,SEQ-A1-000262,MWU_SOURCE_UNIT,12B1-MWU-0077,calefacción individual,LEX-A1-000091,SENSE-A1-000093,12B1-MWU-0077,NEAR_TRANSFER,A1-M02-I03-S3,A1-M02-I04-S2,A1-M02-I03,A1-M02-I04,CORE_OR_STRUCTURAL_ROUTE,TRANSFER_IN_CHANGED_CONTEXT,AS_OBJECT_POLICY_REQUIRES,,NONE,1.44,REQUIRED_SCHEDULE_EDGE_AUDITED,
REC-A1-000729,SEQ-A1-000262,MWU_SOURCE_UNIT,12B1-MWU-0077,calefacción individual,LEX-A1-000091,SENSE-A1-000093,12B1-MWU-0077,DISTANT_RETURN,A1-M02-I04-S2,A1-M03-I03-S1,A1-M02-I04,A1-M03-I03,CORE_OR_STRUCTURAL_ROUTE,DELAYED_RETRIEVAL_OR_TERMINAL_INTEGRATION,AS_OBJECT_POLICY_REQUIRES,,NONE,1.44,REQUIRED_SCHEDULE_EDGE_AUDITED,"Scheduled four islands after first introduction; destination story is load-balanced. This is a curriculum spacing rule, not a universal optimal interval claim."
REC-A1-000730,SEQ-A1-000265,MWU_SOURCE_UNIT,12B1-MWU-0083,tener ascensor,,,12B1-MWU-0083,LOCAL_REUSE,A1-M02-I03-S2,A1-M02-I03-S4,A1-M02-I03,A1-M02-I03,CORE_OR_STRUCTURAL_ROUTE,REEXPOSURE_OR_RETRIEVAL,AS_OBJECT_POLICY_REQUIRES,,NONE,1.44,REQUIRED_SCHEDULE_EDGE_AUDITED,
REC-A1-000731,SEQ-A1-000265,MWU_SOURCE_UNIT,12B1-MWU-0083,tener ascensor,,,12B1-MWU-0083,NEAR_TRANSFER,A1-M02-I03-S4,A1-M02-I04-S3,A1-M02-I03,A1-M02-I04,CORE_OR_STRUCTURAL_ROUTE,TRANSFER_IN_CHANGED_CONTEXT,AS_OBJECT_POLICY_REQUIRES,,NONE,1.44,REQUIRED_SCHEDULE_EDGE_AUDITED,
REC-A1-000732,SEQ-A1-000265,MWU_SOURCE_UNIT,12B1-MWU-0083,tener ascensor,,,12B1-MWU-0083,DISTANT_RETURN,A1-M02-I04-S3,A1-M03-I03-S2,A1-M02-I04,A1-M03-I03,CORE_OR_STRUCTURAL_ROUTE,DELAYED_RETRIEVAL_OR_TERMINAL_INTEGRATION,AS_OBJECT_POLICY_REQUIRES,,NONE,1.44,REQUIRED_SCHEDULE_EDGE_AUDITED,"Scheduled four islands after first introduction; destination story is load-balanced. This is a curriculum spacing rule, not a universal optimal interval claim."
REC-A1-000733,SEQ-A1-000268,MWU_SOURCE_UNIT,12B1-MWU-0088,vivir en un piso,,,12B1-MWU-0088,LOCAL_REUSE,A1-M02-I03-S2,A1-M02-I03-S3,A1-M02-I03,A1-M02-I03,CORE_OR_STRUCTURAL_ROUTE,REEXPOSURE_OR_RETRIEVAL,AS_OBJECT_POLICY_REQUIRES,,NONE,1.44,REQUIRED_SCHEDULE_EDGE_AUDITED,
REC-A1-000734,SEQ-A1-000268,MWU_SOURCE_UNIT,12B1-MWU-0088,vivir en un piso,,,12B1-MWU-0088,NEAR_TRANSFER,A1-M02-I03-S3,A1-M02-I04-S1,A1-M02-I03,A1-M02-I04,CORE_OR_STRUCTURAL_ROUTE,TRANSFER_IN_CHANGED_CONTEXT,AS_OBJECT_POLICY_REQUIRES,,NONE,1.44,REQUIRED_SCHEDULE_EDGE_AUDITED,
REC-A1-000735,SEQ-A1-000268,MWU_SOURCE_UNIT,12B1-MWU-0088,vivir en un piso,,,12B1-MWU-0088,DISTANT_RETURN,A1-M02-I04-S1,A1-M03-I03-S3,A1-M02-I04,A1-M03-I03,CORE_OR_STRUCTURAL_ROUTE,DELAYED_RETRIEVAL_OR_TERMINAL_INTEGRATION,AS_OBJECT_POLICY_REQUIRES,,NONE,1.44,REQUIRED_SCHEDULE_EDGE_AUDITED,"Scheduled four islands after first introduction; destination story is load-balanced. This is a curriculum spacing rule, not a universal optimal interval claim."
REC-A1-000736,SEQ-A1-000222,SENSE,SENSE-A1-000025,aire acondicionado,LEX-A1-000025,SENSE-A1-000025,,LOCAL_REUSE,A1-M02-I03-S2,A1-M02-I03-S4,A1-M02-I03,A1-M02-I03,CORE_OR_STRUCTURAL_ROUTE,REEXPOSURE_OR_RETRIEVAL,CONTEXTUAL_OR_FUNCTION_BOUND,,NONE,1.44,REQUIRED_SCHEDULE_EDGE_AUDITED,
REC-A1-000737,SEQ-A1-000222,SENSE,SENSE-A1-000025,aire acondicionado,LEX-A1-000025,SENSE-A1-000025,,NEAR_TRANSFER,A1-M02-I03-S4,A1-M02-I04-S2,A1-M02-I03,A1-M02-I04,CORE_OR_STRUCTURAL_ROUTE,TRANSFER_IN_CHANGED_CONTEXT,CONTEXTUAL_OR_FUNCTION_BOUND,,NONE,1.44,REQUIRED_SCHEDULE_EDGE_AUDITED,
REC-A1-000738,SEQ-A1-000222,SENSE,SENSE-A1-000025,aire acondicionado,LEX-A1-000025,SENSE-A1-000025,,DISTANT_RETURN,A1-M02-I04-S2,A1-M03-I03-S4,A1-M02-I04,A1-M03-I03,CORE_OR_STRUCTURAL_ROUTE,DELAYED_RETRIEVAL_OR_TERMINAL_INTEGRATION,CONTEXTUAL_OR_FUNCTION_BOUND,,NONE,1.44,REQUIRED_SCHEDULE_EDGE_AUDITED,"Scheduled four islands after first introduction; destination story is load-balanced. This is a curriculum spacing rule, not a universal optimal interval claim."
REC-A1-000739,SEQ-A1-000225,SENSE,SENSE-A1-000091,calefacción,LEX-A1-000089,SENSE-A1-000091,,LOCAL_REUSE,A1-M02-I03-S2,A1-M02-I03-S3,A1-M02-I03,A1-M02-I03,CORE_OR_STRUCTURAL_ROUTE,REEXPOSURE_OR_RETRIEVAL,CONTEXTUAL_OR_FUNCTION_BOUND,,NONE,1.44,REQUIRED_SCHEDULE_EDGE_AUDITED,
REC-A1-000740,SEQ-A1-000225,SENSE,SENSE-A1-000091,calefacción,LEX-A1-000089,SENSE-A1-000091,,NEAR_TRANSFER,A1-M02-I03-S3,A1-M02-I04-S3,A1-M02-I03,A1-M02-I04,CORE_OR_STRUCTURAL_ROUTE,TRANSFER_IN_CHANGED_CONTEXT,CONTEXTUAL_OR_FUNCTION_BOUND,,NONE,1.44,REQUIRED_SCHEDULE_EDGE_AUDITED,
REC-A1-000741,SEQ-A1-000225,SENSE,SENSE-A1-000091,calefacción,LEX-A1-000089,SENSE-A1-000091,,DISTANT_RETURN,A1-M02-I04-S3,A1-M03-I03-S1,A1-M02-I04,A1-M03-I03,CORE_OR_STRUCTURAL_ROUTE,DELAYED_RETRIEVAL_OR_TERMINAL_INTEGRATION,CONTEXTUAL_OR_FUNCTION_BOUND,,NONE,1.44,REQUIRED_SCHEDULE_EDGE_AUDITED,"Scheduled four islands after first introduction; destination story is load-balanced. This is a curriculum spacing rule, not a universal optimal interval claim."
REC-A1-000742,SEQ-A1-000228,SENSE,SENSE-A1-000097,cama,LEX-A1-000095,SENSE-A1-000097,,LOCAL_REUSE,A1-M02-I03-S2,A1-M02-I03-S4,A1-M02-I03,A1-M02-I03,CORE_OR_STRUCTURAL_ROUTE,REEXPOSURE_OR_RETRIEVAL,CONTEXTUAL_OR_FUNCTION_BOUND,,NONE,1.44,REQUIRED_SCHEDULE_EDGE_AUDITED,
REC-A1-000743,SEQ-A1-000228,SENSE,SENSE-A1-000097,cama,LEX-A1-000095,SENSE-A1-000097,,NEAR_TRANSFER,A1-M02-I03-S4,A1-M02-I04-S1,A1-M02-I03,A1-M02-I04,CORE_OR_STRUCTURAL_ROUTE,TRANSFER_IN_CHANGED_CONTEXT,CONTEXTUAL_OR_FUNCTION_BOUND,,NONE,1.44,REQUIRED_SCHEDULE_EDGE_AUDITED,
REC-A1-000744,SEQ-A1-000228,SENSE,SENSE-A1-000097,cama,LEX-A1-000095,SENSE-A1-000097,,DISTANT_RETURN,A1-M02-I04-S1,A1-M03-I03-S2,A1-M02-I04,A1-M03-I03,CORE_OR_STRUCTURAL_ROUTE,DELAYED_RETRIEVAL_OR_TERMINAL_INTEGRATION,CONTEXTUAL_OR_FUNCTION_BOUND,,NONE,1.44,REQUIRED_SCHEDULE_EDGE_AUDITED,"Scheduled four islands after first introduction; destination story is load-balanced. This is a curriculum spacing rule, not a universal optimal interval claim."
REC-A1-000745,SEQ-A1-000231,SENSE,SENSE-A1-000142,cocina,LEX-A1-000140,SENSE-A1-000142,,LOCAL_REUSE,A1-M02-I03-S2,A1-M02-I03-S3,A1-M02-I03,A1-M02-I03,CORE_OR_STRUCTURAL_ROUTE,REEXPOSURE_OR_RETRIEVAL,CONTEXTUAL_OR_FUNCTION_BOUND,,NONE,1.44,REQUIRED_SCHEDULE_EDGE_AUDITED,
REC-A1-000746,SEQ-A1-000231,SENSE,SENSE-A1-000142,cocina,LEX-A1-000140,SENSE-A1-000142,,NEAR_TRANSFER,A1-M02-I03-S3,A1-M02-I04-S2,A1-M02-I03,A1-M02-I04,CORE_OR_STRUCTURAL_ROUTE,TRANSFER_IN_CHANGED_CONTEXT,CONTEXTUAL_OR_FUNCTION_BOUND,,NONE,1.44,REQUIRED_SCHEDULE_EDGE_AUDITED,
REC-A1-000747,SEQ-A1-000231,SENSE,SENSE-A1-000142,cocina,LEX-A1-000140,SENSE-A1-000142,,DISTANT_RETURN,A1-M02-I04-S2,A1-M03-I03-S3,A1-M02-I04,A1-M03-I03,CORE_OR_STRUCTURAL_ROUTE,DELAYED_RETRIEVAL_OR_TERMINAL_INTEGRATION,CONTEXTUAL_OR_FUNCTION_BOUND,,NONE,1.44,REQUIRED_SCHEDULE_EDGE_AUDITED,"Scheduled four islands after first introduction; destination story is load-balanced. This is a curriculum spacing rule, not a universal optimal interval claim."
REC-A1-000748,SEQ-A1-000234,SENSE,SENSE-A1-000202,dormitorio,LEX-A1-000198,SENSE-A1-000202,,LOCAL_REUSE,A1-M02-I03-S2,A1-M02-I03-S4,A1-M02-I03,A1-M02-I03,CORE_OR_STRUCTURAL_ROUTE,REEXPOSURE_OR_RETRIEVAL,CONTEXTUAL_OR_FUNCTION_BOUND,,NONE,1.44,REQUIRED_SCHEDULE_EDGE_AUDITED,
REC-A1-000749,SEQ-A1-000234,SENSE,SENSE-A1-000202,dormitorio,LEX-A1-000198,SENSE-A1-000202,,NEAR_TRANSFER,A1-M02-I03-S4,A1-M02-I04-S3,A1-M02-I03,A1-M02-I04,CORE_OR_STRUCTURAL_ROUTE,TRANSFER_IN_CHANGED_CONTEXT,CONTEXTUAL_OR_FUNCTION_BOUND,,NONE,1.44,REQUIRED_SCHEDULE_EDGE_AUDITED,
REC-A1-000750,SEQ-A1-000234,SENSE,SENSE-A1-000202,dormitorio,LEX-A1-000198,SENSE-A1-000202,,DISTANT_RETURN,A1-M02-I04-S3,A1-M03-I03-S4,A1-M02-I04,A1-M03-I03,CORE_OR_STRUCTURAL_ROUTE,DELAYED_RETRIEVAL_OR_TERMINAL_INTEGRATION,CONTEXTUAL_OR_FUNCTION_BOUND,,NONE,1.44,REQUIRED_SCHEDULE_EDGE_AUDITED,"Scheduled four islands after first introduction; destination story is load-balanced. This is a curriculum spacing rule, not a universal optimal interval claim."
REC-A1-000751,SEQ-A1-000237,SENSE,SENSE-A1-000237,estantería,LEX-A1-000233,SENSE-A1-000237,,LOCAL_REUSE,A1-M02-I03-S2,A1-M02-I03-S3,A1-M02-I03,A1-M02-I03,CORE_OR_STRUCTURAL_ROUTE,REEXPOSURE_OR_RETRIEVAL,CONTEXTUAL_OR_FUNCTION_BOUND,,NONE,1.44,REQUIRED_SCHEDULE_EDGE_AUDITED,
REC-A1-000752,SEQ-A1-000237,SENSE,SENSE-A1-000237,estantería,LEX-A1-000233,SENSE-A1-000237,,NEAR_TRANSFER,A1-M02-I03-S3,A1-M02-I04-S1,A1-M02-I03,A1-M02-I04,CORE_OR_STRUCTURAL_ROUTE,TRANSFER_IN_CHANGED_CONTEXT,CONTEXTUAL_OR_FUNCTION_BOUND,,NONE,1.44,REQUIRED_SCHEDULE_EDGE_AUDITED,
REC-A1-000753,SEQ-A1-000237,SENSE,SENSE-A1-000237,estantería,LEX-A1-000233,SENSE-A1-000237,,DISTANT_RETURN,A1-M02-I04-S1,A1-M03-I03-S1,A1-M02-I04,A1-M03-I03,CORE_OR_STRUCTURAL_ROUTE,DELAYED_RETRIEVAL_OR_TERMINAL_INTEGRATION,CONTEXTUAL_OR_FUNCTION_BOUND,,NONE,1.44,REQUIRED_SCHEDULE_EDGE_AUDITED,"Scheduled four islands after first introduction; destination story is load-balanced. This is a curriculum spacing rule, not a universal optimal interval claim."
REC-A1-000754,SEQ-A1-000240,SENSE,SENSE-A1-000310,interior,LEX-A1-000304,SENSE-A1-000310,,LOCAL_REUSE,A1-M02-I03-S2,A1-M02-I03-S4,A1-M02-I03,A1-M02-I03,CORE_OR_STRUCTURAL_ROUTE,REEXPOSURE_OR_RETRIEVAL,CONTEXTUAL_OR_FUNCTION_BOUND,,NONE,1.44,REQUIRED_SCHEDULE_EDGE_AUDITED,
REC-A1-000755,SEQ-A1-000240,SENSE,SENSE-A1-000310,interior,LEX-A1-000304,SENSE-A1-000310,,NEAR_TRANSFER,A1-M02-I03-S4,A1-M02-I04-S2,A1-M02-I03,A1-M02-I04,CORE_OR_STRUCTURAL_ROUTE,TRANSFER_IN_CHANGED_CONTEXT,CONTEXTUAL_OR_FUNCTION_BOUND,,NONE,1.44,REQUIRED_SCHEDULE_EDGE_AUDITED,
REC-A1-000756,SEQ-A1-000240,SENSE,SENSE-A1-000310,interior,LEX-A1-000304,SENSE-A1-000310,,DISTANT_RETURN,A1-M02-I04-S2,A1-M03-I03-S2,A1-M02-I04,A1-M03-I03,CORE_OR_STRUCTURAL_ROUTE,DELAYED_RETRIEVAL_OR_TERMINAL_INTEGRATION,CONTEXTUAL_OR_FUNCTION_BOUND,,NONE,1.44,REQUIRED_SCHEDULE_EDGE_AUDITED,"Scheduled four islands after first introduction; destination story is load-balanced. This is a curriculum spacing rule, not a universal optimal interval claim."
REC-A1-000757,SEQ-A1-000243,SENSE,SENSE-A1-000480,puerta,LEX-A1-000471,SENSE-A1-000480,,LOCAL_REUSE,A1-M02-I03-S2,A1-M02-I03-S3,A1-M02-I03,A1-M02-I03,CORE_OR_STRUCTURAL_ROUTE,REEXPOSURE_OR_RETRIEVAL,CONTEXTUAL_OR_FUNCTION_BOUND,,NONE,1.44,REQUIRED_SCHEDULE_EDGE_AUDITED,
REC-A1-000758,SEQ-A1-000243,SENSE,SENSE-A1-000480,puerta,LEX-A1-000471,SENSE-A1-000480,,NEAR_TRANSFER,A1-M02-I03-S3,A1-M02-I04-S3,A1-M02-I03,A1-M02-I04,CORE_OR_STRUCTURAL_ROUTE,TRANSFER_IN_CHANGED_CONTEXT,CONTEXTUAL_OR_FUNCTION_BOUND,,NONE,1.44,REQUIRED_SCHEDULE_EDGE_AUDITED,
REC-A1-000759,SEQ-A1-000243,SENSE,SENSE-A1-000480,puerta,LEX-A1-000471,SENSE-A1-000480,,DISTANT_RETURN,A1-M02-I04-S3,A1-M03-I03-S3,A1-M02-I04,A1-M03-I03,CORE_OR_STRUCTURAL_ROUTE,DELAYED_RETRIEVAL_OR_TERMINAL_INTEGRATION,CONTEXTUAL_OR_FUNCTION_BOUND,,NONE,1.44,REQUIRED_SCHEDULE_EDGE_AUDITED,"Scheduled four islands after first introduction; destination story is load-balanced. This is a curriculum spacing rule, not a universal optimal interval claim."
REC-A1-000760,SEQ-A1-000246,SENSE,SENSE-A1-000509,salón,LEX-A1-000500,SENSE-A1-000509,,LOCAL_REUSE,A1-M02-I03-S2,A1-M02-I03-S4,A1-M02-I03,A1-M02-I03,CORE_OR_STRUCTURAL_ROUTE,REEXPOSURE_OR_RETRIEVAL,CONTEXTUAL_OR_FUNCTION_BOUND,,NONE,1.44,REQUIRED_SCHEDULE_EDGE_AUDITED,
REC-A1-000761,SEQ-A1-000246,SENSE,SENSE-A1-000509,salón,LEX-A1-000500,SENSE-A1-000509,,NEAR_TRANSFER,A1-M02-I03-S4,A1-M02-I04-S1,A1-M02-I03,A1-M02-I04,CORE_OR_STRUCTURAL_ROUTE,TRANSFER_IN_CHANGED_CONTEXT,CONTEXTUAL_OR_FUNCTION_BOUND,,NONE,1.44,REQUIRED_SCHEDULE_EDGE_AUDITED,
REC-A1-000762,SEQ-A1-000246,SENSE,SENSE-A1-000509,salón,LEX-A1-000500,SENSE-A1-000509,,DISTANT_RETURN,A1-M02-I04-S1,A1-M03-I03-S4,A1-M02-I04,A1-M03-I03,CORE_OR_STRUCTURAL_ROUTE,DELAYED_RETRIEVAL_OR_TERMINAL_INTEGRATION,CONTEXTUAL_OR_FUNCTION_BOUND,,NONE,1.44,REQUIRED_SCHEDULE_EDGE_AUDITED,"Scheduled four islands after first introduction; destination story is load-balanced. This is a curriculum spacing rule, not a universal optimal interval claim."
REC-A1-000763,SEQ-A1-000249,SENSE,SENSE-A1-000534,sofá,LEX-A1-000525,SENSE-A1-000534,,LOCAL_REUSE,A1-M02-I03-S2,A1-M02-I03-S3,A1-M02-I03,A1-M02-I03,CORE_OR_STRUCTURAL_ROUTE,REEXPOSURE_OR_RETRIEVAL,CONTEXTUAL_OR_FUNCTION_BOUND,,NONE,1.44,REQUIRED_SCHEDULE_EDGE_AUDITED,
REC-A1-000764,SEQ-A1-000249,SENSE,SENSE-A1-000534,sofá,LEX-A1-000525,SENSE-A1-000534,,NEAR_TRANSFER,A1-M02-I03-S3,A1-M02-I04-S2,A1-M02-I03,A1-M02-I04,CORE_OR_STRUCTURAL_ROUTE,TRANSFER_IN_CHANGED_CONTEXT,CONTEXTUAL_OR_FUNCTION_BOUND,,NONE,1.44,REQUIRED_SCHEDULE_EDGE_AUDITED,
REC-A1-000765,SEQ-A1-000249,SENSE,SENSE-A1-000534,sofá,LEX-A1-000525,SENSE-A1-000534,,DISTANT_RETURN,A1-M02-I04-S2,A1-M03-I03-S1,A1-M02-I04,A1-M03-I03,CORE_OR_STRUCTURAL_ROUTE,DELAYED_RETRIEVAL_OR_TERMINAL_INTEGRATION,CONTEXTUAL_OR_FUNCTION_BOUND,,NONE,1.44,REQUIRED_SCHEDULE_EDGE_AUDITED,"Scheduled four islands after first introduction; destination story is load-balanced. This is a curriculum spacing rule, not a universal optimal interval claim."
REC-A1-000766,SEQ-A1-000252,GRAMMAR_UNIT,GRAM-A1-037,Incompatibilidad general del artículo definido con haber impersonal,,,,LOCAL_REUSE,A1-M02-I03-S3,A1-M02-I03-S4,A1-M02-I03,A1-M02-I03,CORE_OR_STRUCTURAL_ROUTE,REEXPOSURE_OR_RETRIEVAL,AS_OBJECT_POLICY_REQUIRES,,NONE,1.44,REQUIRED_SCHEDULE_EDGE_AUDITED,
REC-A1-000767,SEQ-A1-000252,GRAMMAR_UNIT,GRAM-A1-037,Incompatibilidad general del artículo definido con haber impersonal,,,,NEAR_TRANSFER,A1-M02-I03-S4,A1-M02-I04-S3,A1-M02-I03,A1-M02-I04,CORE_OR_STRUCTURAL_ROUTE,TRANSFER_IN_CHANGED_CONTEXT,AS_OBJECT_POLICY_REQUIRES,,NONE,1.44,REQUIRED_SCHEDULE_EDGE_AUDITED,
REC-A1-000768,SEQ-A1-000252,GRAMMAR_UNIT,GRAM-A1-037,Incompatibilidad general del artículo definido con haber impersonal,,,,DISTANT_RETURN,A1-M02-I04-S3,A1-M03-I03-S2,A1-M02-I04,A1-M03-I03,CORE_OR_STRUCTURAL_ROUTE,DELAYED_RETRIEVAL_OR_TERMINAL_INTEGRATION,AS_OBJECT_POLICY_REQUIRES,,NONE,1.44,REQUIRED_SCHEDULE_EDGE_AUDITED,"Scheduled four islands after first introduction; destination story is load-balanced. This is a curriculum spacing rule, not a universal optimal interval claim."
REC-A1-000769,SEQ-A1-000256,GRAMMAR_UNIT,GRAM-A1-073,Ausencia de sujeto expletivo con haber impersonal,,,,LOCAL_REUSE,A1-M02-I03-S3,A1-M02-I03-S4,A1-M02-I03,A1-M02-I03,CORE_OR_STRUCTURAL_ROUTE,REEXPOSURE_OR_RETRIEVAL,AS_OBJECT_POLICY_REQUIRES,,NONE,1.44,REQUIRED_SCHEDULE_EDGE_AUDITED,
REC-A1-000770,SEQ-A1-000256,GRAMMAR_UNIT,GRAM-A1-073,Ausencia de sujeto expletivo con haber impersonal,,,,NEAR_TRANSFER,A1-M02-I03-S4,A1-M02-I04-S1,A1-M02-I03,A1-M02-I04,CORE_OR_STRUCTURAL_ROUTE,TRANSFER_IN_CHANGED_CONTEXT,AS_OBJECT_POLICY_REQUIRES,,NONE,1.44,REQUIRED_SCHEDULE_EDGE_AUDITED,
REC-A1-000771,SEQ-A1-000256,GRAMMAR_UNIT,GRAM-A1-073,Ausencia de sujeto expletivo con haber impersonal,,,,DISTANT_RETURN,A1-M02-I04-S1,A1-M03-I03-S3,A1-M02-I04,A1-M03-I03,CORE_OR_STRUCTURAL_ROUTE,DELAYED_RETRIEVAL_OR_TERMINAL_INTEGRATION,AS_OBJECT_POLICY_REQUIRES,,NONE,1.44,REQUIRED_SCHEDULE_EDGE_AUDITED,"Scheduled four islands after first introduction; destination story is load-balanced. This is a curriculum spacing rule, not a universal optimal interval claim."
REC-A1-000772,SEQ-A1-000260,MWU_SOURCE_UNIT,12B1-MWU-0072,aire acondicionado,LEX-A1-000025,SENSE-A1-000025,12B1-MWU-0072,LOCAL_REUSE,A1-M02-I03-S3,A1-M02-I03-S4,A1-M02-I03,A1-M02-I03,CORE_OR_STRUCTURAL_ROUTE,REEXPOSURE_OR_RETRIEVAL,AS_OBJECT_POLICY_REQUIRES,,NONE,1.44,REQUIRED_SCHEDULE_EDGE_AUDITED,
REC-A1-000773,SEQ-A1-000260,MWU_SOURCE_UNIT,12B1-MWU-0072,aire acondicionado,LEX-A1-000025,SENSE-A1-000025,12B1-MWU-0072,NEAR_TRANSFER,A1-M02-I03-S4,A1-M02-I04-S2,A1-M02-I03,A1-M02-I04,CORE_OR_STRUCTURAL_ROUTE,TRANSFER_IN_CHANGED_CONTEXT,AS_OBJECT_POLICY_REQUIRES,,NONE,1.44,REQUIRED_SCHEDULE_EDGE_AUDITED,
REC-A1-000774,SEQ-A1-000260,MWU_SOURCE_UNIT,12B1-MWU-0072,aire acondicionado,LEX-A1-000025,SENSE-A1-000025,12B1-MWU-0072,DISTANT_RETURN,A1-M02-I04-S2,A1-M03-I03-S4,A1-M02-I04,A1-M03-I03,CORE_OR_STRUCTURAL_ROUTE,DELAYED_RETRIEVAL_OR_TERMINAL_INTEGRATION,AS_OBJECT_POLICY_REQUIRES,,NONE,1.44,REQUIRED_SCHEDULE_EDGE_AUDITED,"Scheduled four islands after first introduction; destination story is load-balanced. This is a curriculum spacing rule, not a universal optimal interval claim."
REC-A1-000775,SEQ-A1-000263,MWU_SOURCE_UNIT,12B1-MWU-0080,cuarto de baño,LEX-A1-000174,SENSE-A1-000176,12B1-MWU-0080,LOCAL_REUSE,A1-M02-I03-S3,A1-M02-I03-S4,A1-M02-I03,A1-M02-I03,CORE_OR_STRUCTURAL_ROUTE,REEXPOSURE_OR_RETRIEVAL,AS_OBJECT_POLICY_REQUIRES,,NONE,1.44,REQUIRED_SCHEDULE_EDGE_AUDITED,
REC-A1-000776,SEQ-A1-000263,MWU_SOURCE_UNIT,12B1-MWU-0080,cuarto de baño,LEX-A1-000174,SENSE-A1-000176,12B1-MWU-0080,NEAR_TRANSFER,A1-M02-I03-S4,A1-M02-I04-S3,A1-M02-I03,A1-M02-I04,CORE_OR_STRUCTURAL_ROUTE,TRANSFER_IN_CHANGED_CONTEXT,AS_OBJECT_POLICY_REQUIRES,,NONE,1.44,REQUIRED_SCHEDULE_EDGE_AUDITED,
REC-A1-000777,SEQ-A1-000263,MWU_SOURCE_UNIT,12B1-MWU-0080,cuarto de baño,LEX-A1-000174,SENSE-A1-000176,12B1-MWU-0080,DISTANT_RETURN,A1-M02-I04-S3,A1-M03-I03-S1,A1-M02-I04,A1-M03-I03,CORE_OR_STRUCTURAL_ROUTE,DELAYED_RETRIEVAL_OR_TERMINAL_INTEGRATION,AS_OBJECT_POLICY_REQUIRES,,NONE,1.44,REQUIRED_SCHEDULE_EDGE_AUDITED,"Scheduled four islands after first introduction; destination story is load-balanced. This is a curriculum spacing rule, not a universal optimal interval claim."
REC-A1-000778,SEQ-A1-000266,MWU_SOURCE_UNIT,12B1-MWU-0084,tener teléfono,,,12B1-MWU-0084,LOCAL_REUSE,A1-M02-I03-S3,A1-M02-I03-S4,A1-M02-I03,A1-M02-I03,CORE_OR_STRUCTURAL_ROUTE,REEXPOSURE_OR_RETRIEVAL,AS_OBJECT_POLICY_REQUIRES,,NONE,1.44,REQUIRED_SCHEDULE_EDGE_AUDITED,
REC-A1-000779,SEQ-A1-000266,MWU_SOURCE_UNIT,12B1-MWU-0084,tener teléfono,,,12B1-MWU-0084,NEAR_TRANSFER,A1-M02-I03-S4,A1-M02-I04-S1,A1-M02-I03,A1-M02-I04,CORE_OR_STRUCTURAL_ROUTE,TRANSFER_IN_CHANGED_CONTEXT,AS_OBJECT_POLICY_REQUIRES,,NONE,1.44,REQUIRED_SCHEDULE_EDGE_AUDITED,
REC-A1-000780,SEQ-A1-000266,MWU_SOURCE_UNIT,12B1-MWU-0084,tener teléfono,,,12B1-MWU-0084,DISTANT_RETURN,A1-M02-I04-S1,A1-M03-I03-S2,A1-M02-I04,A1-M03-I03,CORE_OR_STRUCTURAL_ROUTE,DELAYED_RETRIEVAL_OR_TERMINAL_INTEGRATION,AS_OBJECT_POLICY_REQUIRES,,NONE,1.44,REQUIRED_SCHEDULE_EDGE_AUDITED,"Scheduled four islands after first introduction; destination story is load-balanced. This is a curriculum spacing rule, not a universal optimal interval claim."
REC-A1-000781,SEQ-A1-000269,MWU_SOURCE_UNIT,12B1-MWU-0089,vivir en una casa,,,12B1-MWU-0089,LOCAL_REUSE,A1-M02-I03-S3,A1-M02-I03-S4,A1-M02-I03,A1-M02-I03,CORE_OR_STRUCTURAL_ROUTE,REEXPOSURE_OR_RETRIEVAL,AS_OBJECT_POLICY_REQUIRES,,NONE,1.44,REQUIRED_SCHEDULE_EDGE_AUDITED,
REC-A1-000782,SEQ-A1-000269,MWU_SOURCE_UNIT,12B1-MWU-0089,vivir en una casa,,,12B1-MWU-0089,NEAR_TRANSFER,A1-M02-I03-S4,A1-M02-I04-S2,A1-M02-I03,A1-M02-I04,CORE_OR_STRUCTURAL_ROUTE,TRANSFER_IN_CHANGED_CONTEXT,AS_OBJECT_POLICY_REQUIRES,,NONE,1.44,REQUIRED_SCHEDULE_EDGE_AUDITED,
REC-A1-000783,SEQ-A1-000269,MWU_SOURCE_UNIT,12B1-MWU-0089,vivir en una casa,,,12B1-MWU-0089,DISTANT_RETURN,A1-M02-I04-S2,A1-M03-I03-S3,A1-M02-I04,A1-M03-I03,CORE_OR_STRUCTURAL_ROUTE,DELAYED_RETRIEVAL_OR_TERMINAL_INTEGRATION,AS_OBJECT_POLICY_REQUIRES,,NONE,1.44,REQUIRED_SCHEDULE_EDGE_AUDITED,"Scheduled four islands after first introduction; destination story is load-balanced. This is a curriculum spacing rule, not a universal optimal interval claim."
REC-A1-000784,SEQ-A1-000223,SENSE,SENSE-A1-000051,armario,LEX-A1-000051,SENSE-A1-000051,,LOCAL_REUSE,A1-M02-I03-S3,A1-M02-I03-S4,A1-M02-I03,A1-M02-I03,CORE_OR_STRUCTURAL_ROUTE,REEXPOSURE_OR_RETRIEVAL,CONTEXTUAL_OR_FUNCTION_BOUND,,NONE,1.44,REQUIRED_SCHEDULE_EDGE_AUDITED,
REC-A1-000785,SEQ-A1-000223,SENSE,SENSE-A1-000051,armario,LEX-A1-000051,SENSE-A1-000051,,NEAR_TRANSFER,A1-M02-I03-S4,A1-M02-I04-S3,A1-M02-I03,A1-M02-I04,CORE_OR_STRUCTURAL_ROUTE,TRANSFER_IN_CHANGED_CONTEXT,CONTEXTUAL_OR_FUNCTION_BOUND,,NONE,1.44,REQUIRED_SCHEDULE_EDGE_AUDITED,
REC-A1-000786,SEQ-A1-000223,SENSE,SENSE-A1-000051,armario,LEX-A1-000051,SENSE-A1-000051,,DISTANT_RETURN,A1-M02-I04-S3,A1-M03-I03-S4,A1-M02-I04,A1-M03-I03,CORE_OR_STRUCTURAL_ROUTE,DELAYED_RETRIEVAL_OR_TERMINAL_INTEGRATION,CONTEXTUAL_OR_FUNCTION_BOUND,,NONE,1.44,REQUIRED_SCHEDULE_EDGE_AUDITED,"Scheduled four islands after first introduction; destination story is load-balanced. This is a curriculum spacing rule, not a universal optimal interval claim."
REC-A1-000787,SEQ-A1-000226,SENSE,SENSE-A1-000092,calefacción central,LEX-A1-000090,SENSE-A1-000092,,LOCAL_REUSE,A1-M02-I03-S3,A1-M02-I03-S4,A1-M02-I03,A1-M02-I03,CORE_OR_STRUCTURAL_ROUTE,REEXPOSURE_OR_RETRIEVAL,CONTEXTUAL_OR_FUNCTION_BOUND,,NONE,1.44,REQUIRED_SCHEDULE_EDGE_AUDITED,
REC-A1-000788,SEQ-A1-000226,SENSE,SENSE-A1-000092,calefacción central,LEX-A1-000090,SENSE-A1-000092,,NEAR_TRANSFER,A1-M02-I03-S4,A1-M02-I04-S1,A1-M02-I03,A1-M02-I04,CORE_OR_STRUCTURAL_ROUTE,TRANSFER_IN_CHANGED_CONTEXT,CONTEXTUAL_OR_FUNCTION_BOUND,,NONE,1.44,REQUIRED_SCHEDULE_EDGE_AUDITED,
REC-A1-000789,SEQ-A1-000226,SENSE,SENSE-A1-000092,calefacción central,LEX-A1-000090,SENSE-A1-000092,,DISTANT_RETURN,A1-M02-I04-S1,A1-M03-I03-S1,A1-M02-I04,A1-M03-I03,CORE_OR_STRUCTURAL_ROUTE,DELAYED_RETRIEVAL_OR_TERMINAL_INTEGRATION,CONTEXTUAL_OR_FUNCTION_BOUND,,NONE,1.44,REQUIRED_SCHEDULE_EDGE_AUDITED,"Scheduled four islands after first introduction; destination story is load-balanced. This is a curriculum spacing rule, not a universal optimal interval claim."
REC-A1-000790,SEQ-A1-000229,SENSE,SENSE-A1-000117,casa,LEX-A1-000115,SENSE-A1-000117,,LOCAL_REUSE,A1-M02-I03-S3,A1-M02-I03-S4,A1-M02-I03,A1-M02-I03,CORE_OR_STRUCTURAL_ROUTE,REEXPOSURE_OR_RETRIEVAL,CONTEXTUAL_OR_FUNCTION_BOUND,,NONE,1.44,REQUIRED_SCHEDULE_EDGE_AUDITED,
REC-A1-000791,SEQ-A1-000229,SENSE,SENSE-A1-000117,casa,LEX-A1-000115,SENSE-A1-000117,,NEAR_TRANSFER,A1-M02-I03-S4,A1-M02-I04-S2,A1-M02-I03,A1-M02-I04,CORE_OR_STRUCTURAL_ROUTE,TRANSFER_IN_CHANGED_CONTEXT,CONTEXTUAL_OR_FUNCTION_BOUND,,NONE,1.44,REQUIRED_SCHEDULE_EDGE_AUDITED,
REC-A1-000792,SEQ-A1-000229,SENSE,SENSE-A1-000117,casa,LEX-A1-000115,SENSE-A1-000117,,DISTANT_RETURN,A1-M02-I04-S2,A1-M03-I03-S2,A1-M02-I04,A1-M03-I03,CORE_OR_STRUCTURAL_ROUTE,DELAYED_RETRIEVAL_OR_TERMINAL_INTEGRATION,CONTEXTUAL_OR_FUNCTION_BOUND,,NONE,1.44,REQUIRED_SCHEDULE_EDGE_AUDITED,"Scheduled four islands after first introduction; destination story is load-balanced. This is a curriculum spacing rule, not a universal optimal interval claim."
REC-A1-000793,SEQ-A1-000232,SENSE,SENSE-A1-000174,cuarto,LEX-A1-000172,SENSE-A1-000174,,LOCAL_REUSE,A1-M02-I03-S3,A1-M02-I03-S4,A1-M02-I03,A1-M02-I03,CORE_OR_STRUCTURAL_ROUTE,REEXPOSURE_OR_RETRIEVAL,CONTEXTUAL_OR_FUNCTION_BOUND,,NONE,1.44,REQUIRED_SCHEDULE_EDGE_AUDITED,
REC-A1-000794,SEQ-A1-000232,SENSE,SENSE-A1-000174,cuarto,LEX-A1-000172,SENSE-A1-000174,,NEAR_TRANSFER,A1-M02-I03-S4,A1-M02-I04-S3,A1-M02-I03,A1-M02-I04,CORE_OR_STRUCTURAL_ROUTE,TRANSFER_IN_CHANGED_CONTEXT,CONTEXTUAL_OR_FUNCTION_BOUND,,NONE,1.44,REQUIRED_SCHEDULE_EDGE_AUDITED,
REC-A1-000795,SEQ-A1-000232,SENSE,SENSE-A1-000174,cuarto,LEX-A1-000172,SENSE-A1-000174,,DISTANT_RETURN,A1-M02-I04-S3,A1-M03-I03-S3,A1-M02-I04,A1-M03-I03,CORE_OR_STRUCTURAL_ROUTE,DELAYED_RETRIEVAL_OR_TERMINAL_INTEGRATION,CONTEXTUAL_OR_FUNCTION_BOUND,,NONE,1.44,REQUIRED_SCHEDULE_EDGE_AUDITED,"Scheduled four islands after first introduction; destination story is load-balanced. This is a curriculum spacing rule, not a universal optimal interval claim."
REC-A1-000796,SEQ-A1-000235,SENSE,SENSE-A1-000203,ducha,LEX-A1-000199,SENSE-A1-000203,,LOCAL_REUSE,A1-M02-I03-S3,A1-M02-I03-S4,A1-M02-I03,A1-M02-I03,CORE_OR_STRUCTURAL_ROUTE,REEXPOSURE_OR_RETRIEVAL,CONTEXTUAL_OR_FUNCTION_BOUND,,NONE,1.44,REQUIRED_SCHEDULE_EDGE_AUDITED,
REC-A1-000797,SEQ-A1-000235,SENSE,SENSE-A1-000203,ducha,LEX-A1-000199,SENSE-A1-000203,,NEAR_TRANSFER,A1-M02-I03-S4,A1-M02-I04-S1,A1-M02-I03,A1-M02-I04,CORE_OR_STRUCTURAL_ROUTE,TRANSFER_IN_CHANGED_CONTEXT,CONTEXTUAL_OR_FUNCTION_BOUND,,NONE,1.44,REQUIRED_SCHEDULE_EDGE_AUDITED,
REC-A1-000798,SEQ-A1-000235,SENSE,SENSE-A1-000203,ducha,LEX-A1-000199,SENSE-A1-000203,,DISTANT_RETURN,A1-M02-I04-S1,A1-M03-I03-S4,A1-M02-I04,A1-M03-I03,CORE_OR_STRUCTURAL_ROUTE,DELAYED_RETRIEVAL_OR_TERMINAL_INTEGRATION,CONTEXTUAL_OR_FUNCTION_BOUND,,NONE,1.44,REQUIRED_SCHEDULE_EDGE_AUDITED,"Scheduled four islands after first introduction; destination story is load-balanced. This is a curriculum spacing rule, not a universal optimal interval claim."
REC-A1-000799,SEQ-A1-000238,SENSE,SENSE-A1-000283,haber,LEX-A1-000278,SENSE-A1-000283,,LOCAL_REUSE,A1-M02-I03-S3,A1-M02-I03-S4,A1-M02-I03,A1-M02-I03,CORE_OR_STRUCTURAL_ROUTE,REEXPOSURE_OR_RETRIEVAL,CONTEXTUAL_OR_FUNCTION_BOUND,,NONE,1.44,REQUIRED_SCHEDULE_EDGE_AUDITED,
REC-A1-000800,SEQ-A1-000238,SENSE,SENSE-A1-000283,haber,LEX-A1-000278,SENSE-A1-000283,,NEAR_TRANSFER,A1-M02-I03-S4,A1-M02-I04-S2,A1-M02-I03,A1-M02-I04,CORE_OR_STRUCTURAL_ROUTE,TRANSFER_IN_CHANGED_CONTEXT,CONTEXTUAL_OR_FUNCTION_BOUND,,NONE,1.44,REQUIRED_SCHEDULE_EDGE_AUDITED,
REC-A1-000801,SEQ-A1-000238,SENSE,SENSE-A1-000283,haber,LEX-A1-000278,SENSE-A1-000283,,DISTANT_RETURN,A1-M02-I04-S2,A1-M03-I03-S1,A1-M02-I04,A1-M03-I03,CORE_OR_STRUCTURAL_ROUTE,DELAYED_RETRIEVAL_OR_TERMINAL_INTEGRATION,CONTEXTUAL_OR_FUNCTION_BOUND,,NONE,1.44,REQUIRED_SCHEDULE_EDGE_AUDITED,"Scheduled four islands after first introduction; destination story is load-balanced. This is a curriculum spacing rule, not a universal optimal interval claim."
REC-A1-000802,SEQ-A1-000241,SENSE,SENSE-A1-000317,jardín,LEX-A1-000311,SENSE-A1-000317,,LOCAL_REUSE,A1-M02-I03-S3,A1-M02-I03-S4,A1-M02-I03,A1-M02-I03,CORE_OR_STRUCTURAL_ROUTE,REEXPOSURE_OR_RETRIEVAL,CONTEXTUAL_OR_FUNCTION_BOUND,,NONE,1.44,REQUIRED_SCHEDULE_EDGE_AUDITED,
REC-A1-000803,SEQ-A1-000241,SENSE,SENSE-A1-000317,jardín,LEX-A1-000311,SENSE-A1-000317,,NEAR_TRANSFER,A1-M02-I03-S4,A1-M02-I04-S3,A1-M02-I03,A1-M02-I04,CORE_OR_STRUCTURAL_ROUTE,TRANSFER_IN_CHANGED_CONTEXT,CONTEXTUAL_OR_FUNCTION_BOUND,,NONE,1.44,REQUIRED_SCHEDULE_EDGE_AUDITED,
REC-A1-000804,SEQ-A1-000241,SENSE,SENSE-A1-000317,jardín,LEX-A1-000311,SENSE-A1-000317,,DISTANT_RETURN,A1-M02-I04-S3,A1-M03-I03-S2,A1-M02-I04,A1-M03-I03,CORE_OR_STRUCTURAL_ROUTE,DELAYED_RETRIEVAL_OR_TERMINAL_INTEGRATION,CONTEXTUAL_OR_FUNCTION_BOUND,,NONE,1.44,REQUIRED_SCHEDULE_EDGE_AUDITED,"Scheduled four islands after first introduction; destination story is load-balanced. This is a curriculum spacing rule, not a universal optimal interval claim."
REC-A1-000805,SEQ-A1-000244,SENSE,SENSE-A1-000505,sala,LEX-A1-000496,SENSE-A1-000505,,LOCAL_REUSE,A1-M02-I03-S3,A1-M02-I03-S4,A1-M02-I03,A1-M02-I03,CORE_OR_STRUCTURAL_ROUTE,REEXPOSURE_OR_RETRIEVAL,CONTEXTUAL_OR_FUNCTION_BOUND,,NONE,1.44,REQUIRED_SCHEDULE_EDGE_AUDITED,
REC-A1-000806,SEQ-A1-000244,SENSE,SENSE-A1-000505,sala,LEX-A1-000496,SENSE-A1-000505,,NEAR_TRANSFER,A1-M02-I03-S4,A1-M02-I04-S1,A1-M02-I03,A1-M02-I04,CORE_OR_STRUCTURAL_ROUTE,TRANSFER_IN_CHANGED_CONTEXT,CONTEXTUAL_OR_FUNCTION_BOUND,,NONE,1.44,REQUIRED_SCHEDULE_EDGE_AUDITED,
REC-A1-000807,SEQ-A1-000244,SENSE,SENSE-A1-000505,sala,LEX-A1-000496,SENSE-A1-000505,,DISTANT_RETURN,A1-M02-I04-S1,A1-M03-I03-S3,A1-M02-I04,A1-M03-I03,CORE_OR_STRUCTURAL_ROUTE,DELAYED_RETRIEVAL_OR_TERMINAL_INTEGRATION,CONTEXTUAL_OR_FUNCTION_BOUND,,NONE,1.44,REQUIRED_SCHEDULE_EDGE_AUDITED,"Scheduled four islands after first introduction; destination story is load-balanced. This is a curriculum spacing rule, not a universal optimal interval claim."
REC-A1-000808,SEQ-A1-000247,SENSE,SENSE-A1-000526,silla,LEX-A1-000517,SENSE-A1-000526,,LOCAL_REUSE,A1-M02-I03-S3,A1-M02-I03-S4,A1-M02-I03,A1-M02-I03,CORE_OR_STRUCTURAL_ROUTE,REEXPOSURE_OR_RETRIEVAL,CONTEXTUAL_OR_FUNCTION_BOUND,,NONE,1.44,REQUIRED_SCHEDULE_EDGE_AUDITED,
REC-A1-000809,SEQ-A1-000247,SENSE,SENSE-A1-000526,silla,LEX-A1-000517,SENSE-A1-000526,,NEAR_TRANSFER,A1-M02-I03-S4,A1-M02-I04-S2,A1-M02-I03,A1-M02-I04,CORE_OR_STRUCTURAL_ROUTE,TRANSFER_IN_CHANGED_CONTEXT,CONTEXTUAL_OR_FUNCTION_BOUND,,NONE,1.44,REQUIRED_SCHEDULE_EDGE_AUDITED,
REC-A1-000810,SEQ-A1-000247,SENSE,SENSE-A1-000526,silla,LEX-A1-000517,SENSE-A1-000526,,DISTANT_RETURN,A1-M02-I04-S2,A1-M03-I03-S4,A1-M02-I04,A1-M03-I03,CORE_OR_STRUCTURAL_ROUTE,DELAYED_RETRIEVAL_OR_TERMINAL_INTEGRATION,CONTEXTUAL_OR_FUNCTION_BOUND,,NONE,1.44,REQUIRED_SCHEDULE_EDGE_AUDITED,"Scheduled four islands after first introduction; destination story is load-balanced. This is a curriculum spacing rule, not a universal optimal interval claim."
REC-A1-000811,SEQ-A1-000250,SENSE,SENSE-A1-000585,ventana,LEX-A1-000576,SENSE-A1-000585,,LOCAL_REUSE,A1-M02-I03-S3,A1-M02-I03-S4,A1-M02-I03,A1-M02-I03,CORE_OR_STRUCTURAL_ROUTE,REEXPOSURE_OR_RETRIEVAL,CONTEXTUAL_OR_FUNCTION_BOUND,,NONE,1.44,REQUIRED_SCHEDULE_EDGE_AUDITED,
REC-A1-000812,SEQ-A1-000250,SENSE,SENSE-A1-000585,ventana,LEX-A1-000576,SENSE-A1-000585,,NEAR_TRANSFER,A1-M02-I03-S4,A1-M02-I04-S3,A1-M02-I03,A1-M02-I04,CORE_OR_STRUCTURAL_ROUTE,TRANSFER_IN_CHANGED_CONTEXT,CONTEXTUAL_OR_FUNCTION_BOUND,,NONE,1.44,REQUIRED_SCHEDULE_EDGE_AUDITED,
REC-A1-000813,SEQ-A1-000250,SENSE,SENSE-A1-000585,ventana,LEX-A1-000576,SENSE-A1-000585,,DISTANT_RETURN,A1-M02-I04-S3,A1-M03-I03-S1,A1-M02-I04,A1-M03-I03,CORE_OR_STRUCTURAL_ROUTE,DELAYED_RETRIEVAL_OR_TERMINAL_INTEGRATION,CONTEXTUAL_OR_FUNCTION_BOUND,,NONE,1.44,REQUIRED_SCHEDULE_EDGE_AUDITED,"Scheduled four islands after first introduction; destination story is load-balanced. This is a curriculum spacing rule, not a universal optimal interval claim."
REC-A1-000814,SEQ-A1-000290,GRAMMAR_UNIT,GRAM-A1-055,Coincidencia formal de su/sus para varios referentes de 3.ª persona,,,,LOCAL_REUSE,A1-M02-I04-S1,A1-M02-I04-S2,A1-M02-I04,A1-M02-I04,CORE_OR_STRUCTURAL_ROUTE,REEXPOSURE_OR_RETRIEVAL,AS_OBJECT_POLICY_REQUIRES,,NONE,1.44,REQUIRED_SCHEDULE_EDGE_AUDITED,
REC-A1-000815,SEQ-A1-000290,GRAMMAR_UNIT,GRAM-A1-055,Coincidencia formal de su/sus para varios referentes de 3.ª persona,,,,NEAR_TRANSFER,A1-M02-I04-S2,A1-M03-I01-S1,A1-M02-I04,A1-M03-I01,CORE_OR_STRUCTURAL_ROUTE,TRANSFER_IN_CHANGED_CONTEXT,AS_OBJECT_POLICY_REQUIRES,,NONE,1.44,REQUIRED_SCHEDULE_EDGE_AUDITED,
REC-A1-000816,SEQ-A1-000290,GRAMMAR_UNIT,GRAM-A1-055,Coincidencia formal de su/sus para varios referentes de 3.ª persona,,,,DISTANT_RETURN,A1-M03-I01-S1,A1-M03-I04-S3,A1-M03-I01,A1-M03-I04,CORE_OR_STRUCTURAL_ROUTE,DELAYED_RETRIEVAL_OR_TERMINAL_INTEGRATION,AS_OBJECT_POLICY_REQUIRES,,NONE,1.44,REQUIRED_SCHEDULE_EDGE_AUDITED,"Scheduled four islands after first introduction; destination story is load-balanced. This is a curriculum spacing rule, not a universal optimal interval claim."
REC-A1-000817,SEQ-A1-000292,MWU_SOURCE_UNIT,12B1-MWU-0033,estar en paro,,,12B1-MWU-0033,LOCAL_REUSE,A1-M02-I04-S1,A1-M02-I04-S3,A1-M02-I04,A1-M02-I04,CORE_OR_STRUCTURAL_ROUTE,REEXPOSURE_OR_RETRIEVAL,AS_OBJECT_POLICY_REQUIRES,,NONE,1.44,REQUIRED_SCHEDULE_EDGE_AUDITED,
REC-A1-000818,SEQ-A1-000292,MWU_SOURCE_UNIT,12B1-MWU-0033,estar en paro,,,12B1-MWU-0033,NEAR_TRANSFER,A1-M02-I04-S3,A1-M03-I01-S2,A1-M02-I04,A1-M03-I01,CORE_OR_STRUCTURAL_ROUTE,TRANSFER_IN_CHANGED_CONTEXT,AS_OBJECT_POLICY_REQUIRES,,NONE,1.44,REQUIRED_SCHEDULE_EDGE_AUDITED,
REC-A1-000819,SEQ-A1-000292,MWU_SOURCE_UNIT,12B1-MWU-0033,estar en paro,,,12B1-MWU-0033,DISTANT_RETURN,A1-M03-I01-S2,A1-M03-I04-S3,A1-M03-I01,A1-M03-I04,CORE_OR_STRUCTURAL_ROUTE,DELAYED_RETRIEVAL_OR_TERMINAL_INTEGRATION,AS_OBJECT_POLICY_REQUIRES,,NONE,1.44,REQUIRED_SCHEDULE_EDGE_AUDITED,"Scheduled four islands after first introduction; destination story is load-balanced. This is a curriculum spacing rule, not a universal optimal interval claim."
REC-A1-000820,SEQ-A1-000270,SENSE,SENSE-A1-000008,abogado,LEX-A1-000008,SENSE-A1-000008,,LOCAL_REUSE,A1-M02-I04-S1,A1-M02-I04-S2,A1-M02-I04,A1-M02-I04,CORE_OR_STRUCTURAL_ROUTE,REEXPOSURE_OR_RETRIEVAL,CONTEXTUAL_OR_FUNCTION_BOUND,,NONE,1.44,REQUIRED_SCHEDULE_EDGE_AUDITED,
REC-A1-000821,SEQ-A1-000270,SENSE,SENSE-A1-000008,abogado,LEX-A1-000008,SENSE-A1-000008,,NEAR_TRANSFER,A1-M02-I04-S2,A1-M03-I01-S3,A1-M02-I04,A1-M03-I01,CORE_OR_STRUCTURAL_ROUTE,TRANSFER_IN_CHANGED_CONTEXT,CONTEXTUAL_OR_FUNCTION_BOUND,,NONE,1.44,REQUIRED_SCHEDULE_EDGE_AUDITED,
REC-A1-000822,SEQ-A1-000270,SENSE,SENSE-A1-000008,abogado,LEX-A1-000008,SENSE-A1-000008,,DISTANT_RETURN,A1-M03-I01-S3,A1-M03-I04-S3,A1-M03-I01,A1-M03-I04,CORE_OR_STRUCTURAL_ROUTE,DELAYED_RETRIEVAL_OR_TERMINAL_INTEGRATION,CONTEXTUAL_OR_FUNCTION_BOUND,,NONE,1.44,REQUIRED_SCHEDULE_EDGE_AUDITED,"Scheduled four islands after first introduction; destination story is load-balanced. This is a curriculum spacing rule, not a universal optimal interval claim."
REC-A1-000823,SEQ-A1-000272,SENSE,SENSE-A1-000151,compañero,LEX-A1-000149,SENSE-A1-000151,,LOCAL_REUSE,A1-M02-I04-S1,A1-M02-I04-S3,A1-M02-I04,A1-M02-I04,CORE_OR_STRUCTURAL_ROUTE,REEXPOSURE_OR_RETRIEVAL,CONTEXTUAL_OR_FUNCTION_BOUND,,NONE,1.44,REQUIRED_SCHEDULE_EDGE_AUDITED,
REC-A1-000824,SEQ-A1-000272,SENSE,SENSE-A1-000151,compañero,LEX-A1-000149,SENSE-A1-000151,,NEAR_TRANSFER,A1-M02-I04-S3,A1-M03-I01-S4,A1-M02-I04,A1-M03-I01,CORE_OR_STRUCTURAL_ROUTE,TRANSFER_IN_CHANGED_CONTEXT,CONTEXTUAL_OR_FUNCTION_BOUND,,NONE,1.44,REQUIRED_SCHEDULE_EDGE_AUDITED,
REC-A1-000825,SEQ-A1-000272,SENSE,SENSE-A1-000151,compañero,LEX-A1-000149,SENSE-A1-000151,,DISTANT_RETURN,A1-M03-I01-S4,A1-M03-I04-S3,A1-M03-I01,A1-M03-I04,CORE_OR_STRUCTURAL_ROUTE,DELAYED_RETRIEVAL_OR_TERMINAL_INTEGRATION,CONTEXTUAL_OR_FUNCTION_BOUND,,NONE,1.44,REQUIRED_SCHEDULE_EDGE_AUDITED,"Scheduled four islands after first introduction; destination story is load-balanced. This is a curriculum spacing rule, not a universal optimal interval claim."
REC-A1-000826,SEQ-A1-000274,SENSE,SENSE-A1-000180,dedicarse,LEX-A1-000178,SENSE-A1-000180,,LOCAL_REUSE,A1-M02-I04-S1,A1-M02-I04-S2,A1-M02-I04,A1-M02-I04,CORE_OR_STRUCTURAL_ROUTE,REEXPOSURE_OR_RETRIEVAL,CONTEXTUAL_OR_FUNCTION_BOUND,,NONE,1.44,REQUIRED_SCHEDULE_EDGE_AUDITED,
REC-A1-000827,SEQ-A1-000274,SENSE,SENSE-A1-000180,dedicarse,LEX-A1-000178,SENSE-A1-000180,,NEAR_TRANSFER,A1-M02-I04-S2,A1-M03-I01-S1,A1-M02-I04,A1-M03-I01,CORE_OR_STRUCTURAL_ROUTE,TRANSFER_IN_CHANGED_CONTEXT,CONTEXTUAL_OR_FUNCTION_BOUND,,NONE,1.44,REQUIRED_SCHEDULE_EDGE_AUDITED,
REC-A1-000828,SEQ-A1-000274,SENSE,SENSE-A1-000180,dedicarse,LEX-A1-000178,SENSE-A1-000180,,DISTANT_RETURN,A1-M03-I01-S1,A1-M03-I04-S3,A1-M03-I01,A1-M03-I04,CORE_OR_STRUCTURAL_ROUTE,DELAYED_RETRIEVAL_OR_TERMINAL_INTEGRATION,CONTEXTUAL_OR_FUNCTION_BOUND,,NONE,1.44,REQUIRED_SCHEDULE_EDGE_AUDITED,"Scheduled four islands after first introduction; destination story is load-balanced. This is a curriculum spacing rule, not a universal optimal interval claim."
REC-A1-000829,SEQ-A1-000276,SENSE,SENSE-A1-000215,empresa,LEX-A1-000211,SENSE-A1-000215,,LOCAL_REUSE,A1-M02-I04-S1,A1-M02-I04-S3,A1-M02-I04,A1-M02-I04,CORE_OR_STRUCTURAL_ROUTE,REEXPOSURE_OR_RETRIEVAL,CONTEXTUAL_OR_FUNCTION_BOUND,,NONE,1.44,REQUIRED_SCHEDULE_EDGE_AUDITED,
REC-A1-000830,SEQ-A1-000276,SENSE,SENSE-A1-000215,empresa,LEX-A1-000211,SENSE-A1-000215,,NEAR_TRANSFER,A1-M02-I04-S3,A1-M03-I01-S2,A1-M02-I04,A1-M03-I01,CORE_OR_STRUCTURAL_ROUTE,TRANSFER_IN_CHANGED_CONTEXT,CONTEXTUAL_OR_FUNCTION_BOUND,,NONE,1.44,REQUIRED_SCHEDULE_EDGE_AUDITED,
REC-A1-000831,SEQ-A1-000276,SENSE,SENSE-A1-000215,empresa,LEX-A1-000211,SENSE-A1-000215,,DISTANT_RETURN,A1-M03-I01-S2,A1-M03-I04-S2,A1-M03-I01,A1-M03-I04,CORE_OR_STRUCTURAL_ROUTE,DELAYED_RETRIEVAL_OR_TERMINAL_INTEGRATION,CONTEXTUAL_OR_FUNCTION_BOUND,,NONE,1.44,REQUIRED_SCHEDULE_EDGE_AUDITED,"Scheduled four islands after first introduction; destination story is load-balanced. This is a curriculum spacing rule, not a universal optimal interval claim."
REC-A1-000832,SEQ-A1-000278,SENSE,SENSE-A1-000243,estudio,LEX-A1-000239,SENSE-A1-000243,,LOCAL_REUSE,A1-M02-I04-S1,A1-M02-I04-S2,A1-M02-I04,A1-M02-I04,CORE_OR_STRUCTURAL_ROUTE,REEXPOSURE_OR_RETRIEVAL,CONTEXTUAL_OR_FUNCTION_BOUND,,NONE,1.44,REQUIRED_SCHEDULE_EDGE_AUDITED,
REC-A1-000833,SEQ-A1-000278,SENSE,SENSE-A1-000243,estudio,LEX-A1-000239,SENSE-A1-000243,,NEAR_TRANSFER,A1-M02-I04-S2,A1-M03-I01-S3,A1-M02-I04,A1-M03-I01,CORE_OR_STRUCTURAL_ROUTE,TRANSFER_IN_CHANGED_CONTEXT,CONTEXTUAL_OR_FUNCTION_BOUND,,NONE,1.44,REQUIRED_SCHEDULE_EDGE_AUDITED,
REC-A1-000834,SEQ-A1-000278,SENSE,SENSE-A1-000243,estudio,LEX-A1-000239,SENSE-A1-000243,,DISTANT_RETURN,A1-M03-I01-S3,A1-M03-I04-S3,A1-M03-I01,A1-M03-I04,CORE_OR_STRUCTURAL_ROUTE,DELAYED_RETRIEVAL_OR_TERMINAL_INTEGRATION,CONTEXTUAL_OR_FUNCTION_BOUND,,NONE,1.44,REQUIRED_SCHEDULE_EDGE_AUDITED,"Scheduled four islands after first introduction; destination story is load-balanced. This is a curriculum spacing rule, not a universal optimal interval claim."
REC-A1-000835,SEQ-A1-000280,SENSE,SENSE-A1-000306,ingeniero,LEX-A1-000300,SENSE-A1-000306,,LOCAL_REUSE,A1-M02-I04-S1,A1-M02-I04-S3,A1-M02-I04,A1-M02-I04,CORE_OR_STRUCTURAL_ROUTE,REEXPOSURE_OR_RETRIEVAL,CONTEXTUAL_OR_FUNCTION_BOUND,,NONE,1.44,REQUIRED_SCHEDULE_EDGE_AUDITED,
REC-A1-000836,SEQ-A1-000280,SENSE,SENSE-A1-000306,ingeniero,LEX-A1-000300,SENSE-A1-000306,,NEAR_TRANSFER,A1-M02-I04-S3,A1-M03-I01-S4,A1-M02-I04,A1-M03-I01,CORE_OR_STRUCTURAL_ROUTE,TRANSFER_IN_CHANGED_CONTEXT,CONTEXTUAL_OR_FUNCTION_BOUND,,NONE,1.44,REQUIRED_SCHEDULE_EDGE_AUDITED,
REC-A1-000837,SEQ-A1-000280,SENSE,SENSE-A1-000306,ingeniero,LEX-A1-000300,SENSE-A1-000306,,DISTANT_RETURN,A1-M03-I01-S4,A1-M03-I04-S1,A1-M03-I01,A1-M03-I04,CORE_OR_STRUCTURAL_ROUTE,DELAYED_RETRIEVAL_OR_TERMINAL_INTEGRATION,CONTEXTUAL_OR_FUNCTION_BOUND,,NONE,1.44,REQUIRED_SCHEDULE_EDGE_AUDITED,"Scheduled four islands after first introduction; destination story is load-balanced. This is a curriculum spacing rule, not a universal optimal interval claim."
REC-A1-000838,SEQ-A1-000282,SENSE,SENSE-A1-000362,médico,LEX-A1-000356,SENSE-A1-000362,,LOCAL_REUSE,A1-M02-I04-S1,A1-M02-I04-S2,A1-M02-I04,A1-M02-I04,CORE_OR_STRUCTURAL_ROUTE,REEXPOSURE_OR_RETRIEVAL,CONTEXTUAL_OR_FUNCTION_BOUND,,NONE,1.44,REQUIRED_SCHEDULE_EDGE_AUDITED,
REC-A1-000839,SEQ-A1-000282,SENSE,SENSE-A1-000362,médico,LEX-A1-000356,SENSE-A1-000362,,NEAR_TRANSFER,A1-M02-I04-S2,A1-M03-I01-S1,A1-M02-I04,A1-M03-I01,CORE_OR_STRUCTURAL_ROUTE,TRANSFER_IN_CHANGED_CONTEXT,CONTEXTUAL_OR_FUNCTION_BOUND,,NONE,1.44,REQUIRED_SCHEDULE_EDGE_AUDITED,
REC-A1-000840,SEQ-A1-000282,SENSE,SENSE-A1-000362,médico,LEX-A1-000356,SENSE-A1-000362,,DISTANT_RETURN,A1-M03-I01-S1,A1-M03-I04-S2,A1-M03-I01,A1-M03-I04,CORE_OR_STRUCTURAL_ROUTE,DELAYED_RETRIEVAL_OR_TERMINAL_INTEGRATION,CONTEXTUAL_OR_FUNCTION_BOUND,,NONE,1.44,REQUIRED_SCHEDULE_EDGE_AUDITED,"Scheduled four islands after first introduction; destination story is load-balanced. This is a curriculum spacing rule, not a universal optimal interval claim."
REC-A1-000841,SEQ-A1-000284,SENSE,SENSE-A1-000455,policía,LEX-A1-000447,SENSE-A1-000455,,LOCAL_REUSE,A1-M02-I04-S1,A1-M02-I04-S3,A1-M02-I04,A1-M02-I04,CORE_OR_STRUCTURAL_ROUTE,REEXPOSURE_OR_RETRIEVAL,CONTEXTUAL_OR_FUNCTION_BOUND,,NONE,1.44,REQUIRED_SCHEDULE_EDGE_AUDITED,
REC-A1-000842,SEQ-A1-000284,SENSE,SENSE-A1-000455,policía,LEX-A1-000447,SENSE-A1-000455,,NEAR_TRANSFER,A1-M02-I04-S3,A1-M03-I01-S2,A1-M02-I04,A1-M03-I01,CORE_OR_STRUCTURAL_ROUTE,TRANSFER_IN_CHANGED_CONTEXT,CONTEXTUAL_OR_FUNCTION_BOUND,,NONE,1.44,REQUIRED_SCHEDULE_EDGE_AUDITED,
REC-A1-000843,SEQ-A1-000284,SENSE,SENSE-A1-000455,policía,LEX-A1-000447,SENSE-A1-000455,,DISTANT_RETURN,A1-M03-I01-S2,A1-M03-I04-S3,A1-M03-I01,A1-M03-I04,CORE_OR_STRUCTURAL_ROUTE,DELAYED_RETRIEVAL_OR_TERMINAL_INTEGRATION,CONTEXTUAL_OR_FUNCTION_BOUND,,NONE,1.44,REQUIRED_SCHEDULE_EDGE_AUDITED,"Scheduled four islands after first introduction; destination story is load-balanced. This is a curriculum spacing rule, not a universal optimal interval claim."
REC-A1-000844,SEQ-A1-000286,SENSE,SENSE-A1-000567,trabajador,LEX-A1-000558,SENSE-A1-000567,,LOCAL_REUSE,A1-M02-I04-S1,A1-M02-I04-S2,A1-M02-I04,A1-M02-I04,CORE_OR_STRUCTURAL_ROUTE,REEXPOSURE_OR_RETRIEVAL,CONTEXTUAL_OR_FUNCTION_BOUND,,NONE,1.44,REQUIRED_SCHEDULE_EDGE_AUDITED,
REC-A1-000845,SEQ-A1-000286,SENSE,SENSE-A1-000567,trabajador,LEX-A1-000558,SENSE-A1-000567,,NEAR_TRANSFER,A1-M02-I04-S2,A1-M03-I01-S3,A1-M02-I04,A1-M03-I01,CORE_OR_STRUCTURAL_ROUTE,TRANSFER_IN_CHANGED_CONTEXT,CONTEXTUAL_OR_FUNCTION_BOUND,,NONE,1.44,REQUIRED_SCHEDULE_EDGE_AUDITED,
REC-A1-000846,SEQ-A1-000286,SENSE,SENSE-A1-000567,trabajador,LEX-A1-000558,SENSE-A1-000567,,DISTANT_RETURN,A1-M03-I01-S3,A1-M03-I04-S1,A1-M03-I01,A1-M03-I04,CORE_OR_STRUCTURAL_ROUTE,DELAYED_RETRIEVAL_OR_TERMINAL_INTEGRATION,CONTEXTUAL_OR_FUNCTION_BOUND,,NONE,1.44,REQUIRED_SCHEDULE_EDGE_AUDITED,"Scheduled four islands after first introduction; destination story is load-balanced. This is a curriculum spacing rule, not a universal optimal interval claim."
REC-A1-000847,SEQ-A1-000288,SENSE,SENSE-A1-000569,trabajo,LEX-A1-000560,SENSE-A1-000569,,LOCAL_REUSE,A1-M02-I04-S1,A1-M02-I04-S3,A1-M02-I04,A1-M02-I04,CORE_OR_STRUCTURAL_ROUTE,REEXPOSURE_OR_RETRIEVAL,CONTEXTUAL_OR_FUNCTION_BOUND,,NONE,1.44,REQUIRED_SCHEDULE_EDGE_AUDITED,
REC-A1-000848,SEQ-A1-000288,SENSE,SENSE-A1-000569,trabajo,LEX-A1-000560,SENSE-A1-000569,,NEAR_TRANSFER,A1-M02-I04-S3,A1-M03-I01-S4,A1-M02-I04,A1-M03-I01,CORE_OR_STRUCTURAL_ROUTE,TRANSFER_IN_CHANGED_CONTEXT,CONTEXTUAL_OR_FUNCTION_BOUND,,NONE,1.44,REQUIRED_SCHEDULE_EDGE_AUDITED,
REC-A1-000849,SEQ-A1-000288,SENSE,SENSE-A1-000569,trabajo,LEX-A1-000560,SENSE-A1-000569,,DISTANT_RETURN,A1-M03-I01-S4,A1-M03-I04-S2,A1-M03-I01,A1-M03-I04,CORE_OR_STRUCTURAL_ROUTE,DELAYED_RETRIEVAL_OR_TERMINAL_INTEGRATION,CONTEXTUAL_OR_FUNCTION_BOUND,,NONE,1.44,REQUIRED_SCHEDULE_EDGE_AUDITED,"Scheduled four islands after first introduction; destination story is load-balanced. This is a curriculum spacing rule, not a universal optimal interval claim."
REC-A1-000850,SEQ-A1-000291,MWU_SOURCE_UNIT,12B1-MWU-0032,dedicarse a,,,12B1-MWU-0032,LOCAL_REUSE,A1-M02-I04-S2,A1-M02-I04-S3,A1-M02-I04,A1-M02-I04,CORE_OR_STRUCTURAL_ROUTE,REEXPOSURE_OR_RETRIEVAL,AS_OBJECT_POLICY_REQUIRES,,NONE,1.44,REQUIRED_SCHEDULE_EDGE_AUDITED,
REC-A1-000851,SEQ-A1-000291,MWU_SOURCE_UNIT,12B1-MWU-0032,dedicarse a,,,12B1-MWU-0032,NEAR_TRANSFER,A1-M02-I04-S3,A1-M03-I01-S1,A1-M02-I04,A1-M03-I01,CORE_OR_STRUCTURAL_ROUTE,TRANSFER_IN_CHANGED_CONTEXT,AS_OBJECT_POLICY_REQUIRES,,NONE,1.44,REQUIRED_SCHEDULE_EDGE_AUDITED,
REC-A1-000852,SEQ-A1-000291,MWU_SOURCE_UNIT,12B1-MWU-0032,dedicarse a,,,12B1-MWU-0032,DISTANT_RETURN,A1-M03-I01-S1,A1-M03-I04-S3,A1-M03-I01,A1-M03-I04,CORE_OR_STRUCTURAL_ROUTE,DELAYED_RETRIEVAL_OR_TERMINAL_INTEGRATION,AS_OBJECT_POLICY_REQUIRES,,NONE,1.44,REQUIRED_SCHEDULE_EDGE_AUDITED,"Scheduled four islands after first introduction; destination story is load-balanced. This is a curriculum spacing rule, not a universal optimal interval claim."
REC-A1-000853,SEQ-A1-000293,MWU_SOURCE_UNIT,12B1-MWU-0035,tener trabajo,,,12B1-MWU-0035,LOCAL_REUSE,A1-M02-I04-S2,A1-M02-I04-S3,A1-M02-I04,A1-M02-I04,CORE_OR_STRUCTURAL_ROUTE,REEXPOSURE_OR_RETRIEVAL,AS_OBJECT_POLICY_REQUIRES,,NONE,1.44,REQUIRED_SCHEDULE_EDGE_AUDITED,
REC-A1-000854,SEQ-A1-000293,MWU_SOURCE_UNIT,12B1-MWU-0035,tener trabajo,,,12B1-MWU-0035,NEAR_TRANSFER,A1-M02-I04-S3,A1-M03-I01-S2,A1-M02-I04,A1-M03-I01,CORE_OR_STRUCTURAL_ROUTE,TRANSFER_IN_CHANGED_CONTEXT,AS_OBJECT_POLICY_REQUIRES,,NONE,1.44,REQUIRED_SCHEDULE_EDGE_AUDITED,
REC-A1-000855,SEQ-A1-000293,MWU_SOURCE_UNIT,12B1-MWU-0035,tener trabajo,,,12B1-MWU-0035,DISTANT_RETURN,A1-M03-I01-S2,A1-M03-I04-S1,A1-M03-I01,A1-M03-I04,CORE_OR_STRUCTURAL_ROUTE,DELAYED_RETRIEVAL_OR_TERMINAL_INTEGRATION,AS_OBJECT_POLICY_REQUIRES,,NONE,1.44,REQUIRED_SCHEDULE_EDGE_AUDITED,"Scheduled four islands after first introduction; destination story is load-balanced. This is a curriculum spacing rule, not a universal optimal interval claim."
REC-A1-000856,SEQ-A1-000271,SENSE,SENSE-A1-000081,bombero,LEX-A1-000080,SENSE-A1-000081,,LOCAL_REUSE,A1-M02-I04-S2,A1-M02-I04-S3,A1-M02-I04,A1-M02-I04,CORE_OR_STRUCTURAL_ROUTE,REEXPOSURE_OR_RETRIEVAL,CONTEXTUAL_OR_FUNCTION_BOUND,,NONE,1.44,REQUIRED_SCHEDULE_EDGE_AUDITED,
REC-A1-000857,SEQ-A1-000271,SENSE,SENSE-A1-000081,bombero,LEX-A1-000080,SENSE-A1-000081,,NEAR_TRANSFER,A1-M02-I04-S3,A1-M03-I01-S3,A1-M02-I04,A1-M03-I01,CORE_OR_STRUCTURAL_ROUTE,TRANSFER_IN_CHANGED_CONTEXT,CONTEXTUAL_OR_FUNCTION_BOUND,,NONE,1.44,REQUIRED_SCHEDULE_EDGE_AUDITED,
REC-A1-000858,SEQ-A1-000271,SENSE,SENSE-A1-000081,bombero,LEX-A1-000080,SENSE-A1-000081,,DISTANT_RETURN,A1-M03-I01-S3,A1-M03-I04-S2,A1-M03-I01,A1-M03-I04,CORE_OR_STRUCTURAL_ROUTE,DELAYED_RETRIEVAL_OR_TERMINAL_INTEGRATION,CONTEXTUAL_OR_FUNCTION_BOUND,,NONE,1.44,REQUIRED_SCHEDULE_EDGE_AUDITED,"Scheduled four islands after first introduction; destination story is load-balanced. This is a curriculum spacing rule, not a universal optimal interval claim."
REC-A1-000859,SEQ-A1-000273,SENSE,SENSE-A1-000152,comprador,LEX-A1-000150,SENSE-A1-000152,,LOCAL_REUSE,A1-M02-I04-S2,A1-M02-I04-S3,A1-M02-I04,A1-M02-I04,CORE_OR_STRUCTURAL_ROUTE,REEXPOSURE_OR_RETRIEVAL,CONTEXTUAL_OR_FUNCTION_BOUND,,NONE,1.44,REQUIRED_SCHEDULE_EDGE_AUDITED,
REC-A1-000860,SEQ-A1-000273,SENSE,SENSE-A1-000152,comprador,LEX-A1-000150,SENSE-A1-000152,,NEAR_TRANSFER,A1-M02-I04-S3,A1-M03-I01-S4,A1-M02-I04,A1-M03-I01,CORE_OR_STRUCTURAL_ROUTE,TRANSFER_IN_CHANGED_CONTEXT,CONTEXTUAL_OR_FUNCTION_BOUND,,NONE,1.44,REQUIRED_SCHEDULE_EDGE_AUDITED,
REC-A1-000861,SEQ-A1-000273,SENSE,SENSE-A1-000152,comprador,LEX-A1-000150,SENSE-A1-000152,,DISTANT_RETURN,A1-M03-I01-S4,A1-M03-I04-S3,A1-M03-I01,A1-M03-I04,CORE_OR_STRUCTURAL_ROUTE,DELAYED_RETRIEVAL_OR_TERMINAL_INTEGRATION,CONTEXTUAL_OR_FUNCTION_BOUND,,NONE,1.44,REQUIRED_SCHEDULE_EDGE_AUDITED,"Scheduled four islands after first introduction; destination story is load-balanced. This is a curriculum spacing rule, not a universal optimal interval claim."
REC-A1-000862,SEQ-A1-000275,SENSE,SENSE-A1-000195,director,LEX-A1-000192,SENSE-A1-000195,,LOCAL_REUSE,A1-M02-I04-S2,A1-M02-I04-S3,A1-M02-I04,A1-M02-I04,CORE_OR_STRUCTURAL_ROUTE,REEXPOSURE_OR_RETRIEVAL,CONTEXTUAL_OR_FUNCTION_BOUND,,NONE,1.44,REQUIRED_SCHEDULE_EDGE_AUDITED,
REC-A1-000863,SEQ-A1-000275,SENSE,SENSE-A1-000195,director,LEX-A1-000192,SENSE-A1-000195,,NEAR_TRANSFER,A1-M02-I04-S3,A1-M03-I01-S1,A1-M02-I04,A1-M03-I01,CORE_OR_STRUCTURAL_ROUTE,TRANSFER_IN_CHANGED_CONTEXT,CONTEXTUAL_OR_FUNCTION_BOUND,,NONE,1.44,REQUIRED_SCHEDULE_EDGE_AUDITED,
REC-A1-000864,SEQ-A1-000275,SENSE,SENSE-A1-000195,director,LEX-A1-000192,SENSE-A1-000195,,DISTANT_RETURN,A1-M03-I01-S1,A1-M03-I04-S1,A1-M03-I01,A1-M03-I04,CORE_OR_STRUCTURAL_ROUTE,DELAYED_RETRIEVAL_OR_TERMINAL_INTEGRATION,CONTEXTUAL_OR_FUNCTION_BOUND,,NONE,1.44,REQUIRED_SCHEDULE_EDGE_AUDITED,"Scheduled four islands after first introduction; destination story is load-balanced. This is a curriculum spacing rule, not a universal optimal interval claim."
REC-A1-000865,SEQ-A1-000277,SENSE,SENSE-A1-000218,enfermero,LEX-A1-000214,SENSE-A1-000218,,LOCAL_REUSE,A1-M02-I04-S2,A1-M02-I04-S3,A1-M02-I04,A1-M02-I04,CORE_OR_STRUCTURAL_ROUTE,REEXPOSURE_OR_RETRIEVAL,CONTEXTUAL_OR_FUNCTION_BOUND,,NONE,1.44,REQUIRED_SCHEDULE_EDGE_AUDITED,
REC-A1-000866,SEQ-A1-000277,SENSE,SENSE-A1-000218,enfermero,LEX-A1-000214,SENSE-A1-000218,,NEAR_TRANSFER,A1-M02-I04-S3,A1-M03-I01-S2,A1-M02-I04,A1-M03-I01,CORE_OR_STRUCTURAL_ROUTE,TRANSFER_IN_CHANGED_CONTEXT,CONTEXTUAL_OR_FUNCTION_BOUND,,NONE,1.44,REQUIRED_SCHEDULE_EDGE_AUDITED,
REC-A1-000867,SEQ-A1-000277,SENSE,SENSE-A1-000218,enfermero,LEX-A1-000214,SENSE-A1-000218,,DISTANT_RETURN,A1-M03-I01-S2,A1-M03-I04-S2,A1-M03-I01,A1-M03-I04,CORE_OR_STRUCTURAL_ROUTE,DELAYED_RETRIEVAL_OR_TERMINAL_INTEGRATION,CONTEXTUAL_OR_FUNCTION_BOUND,,NONE,1.44,REQUIRED_SCHEDULE_EDGE_AUDITED,"Scheduled four islands after first introduction; destination story is load-balanced. This is a curriculum spacing rule, not a universal optimal interval claim."
REC-A1-000868,SEQ-A1-000279,SENSE,SENSE-A1-000260,firmar,LEX-A1-000256,SENSE-A1-000260,,LOCAL_REUSE,A1-M02-I04-S2,A1-M02-I04-S3,A1-M02-I04,A1-M02-I04,CORE_OR_STRUCTURAL_ROUTE,REEXPOSURE_OR_RETRIEVAL,CONTEXTUAL_OR_FUNCTION_BOUND,,NONE,1.44,REQUIRED_SCHEDULE_EDGE_AUDITED,
REC-A1-000869,SEQ-A1-000279,SENSE,SENSE-A1-000260,firmar,LEX-A1-000256,SENSE-A1-000260,,NEAR_TRANSFER,A1-M02-I04-S3,A1-M03-I01-S3,A1-M02-I04,A1-M03-I01,CORE_OR_STRUCTURAL_ROUTE,TRANSFER_IN_CHANGED_CONTEXT,CONTEXTUAL_OR_FUNCTION_BOUND,,NONE,1.44,REQUIRED_SCHEDULE_EDGE_AUDITED,
REC-A1-000870,SEQ-A1-000279,SENSE,SENSE-A1-000260,firmar,LEX-A1-000256,SENSE-A1-000260,,DISTANT_RETURN,A1-M03-I01-S3,A1-M03-I04-S3,A1-M03-I01,A1-M03-I04,CORE_OR_STRUCTURAL_ROUTE,DELAYED_RETRIEVAL_OR_TERMINAL_INTEGRATION,CONTEXTUAL_OR_FUNCTION_BOUND,,NONE,1.44,REQUIRED_SCHEDULE_EDGE_AUDITED,"Scheduled four islands after first introduction; destination story is load-balanced. This is a curriculum spacing rule, not a universal optimal interval claim."
REC-A1-000871,SEQ-A1-000281,SENSE,SENSE-A1-000318,jefe,LEX-A1-000312,SENSE-A1-000318,,LOCAL_REUSE,A1-M02-I04-S2,A1-M02-I04-S3,A1-M02-I04,A1-M02-I04,CORE_OR_STRUCTURAL_ROUTE,REEXPOSURE_OR_RETRIEVAL,CONTEXTUAL_OR_FUNCTION_BOUND,,NONE,1.44,REQUIRED_SCHEDULE_EDGE_AUDITED,
REC-A1-000872,SEQ-A1-000281,SENSE,SENSE-A1-000318,jefe,LEX-A1-000312,SENSE-A1-000318,,NEAR_TRANSFER,A1-M02-I04-S3,A1-M03-I01-S4,A1-M02-I04,A1-M03-I01,CORE_OR_STRUCTURAL_ROUTE,TRANSFER_IN_CHANGED_CONTEXT,CONTEXTUAL_OR_FUNCTION_BOUND,,NONE,1.44,REQUIRED_SCHEDULE_EDGE_AUDITED,
REC-A1-000873,SEQ-A1-000281,SENSE,SENSE-A1-000318,jefe,LEX-A1-000312,SENSE-A1-000318,,DISTANT_RETURN,A1-M03-I01-S4,A1-M03-I04-S1,A1-M03-I01,A1-M03-I04,CORE_OR_STRUCTURAL_ROUTE,DELAYED_RETRIEVAL_OR_TERMINAL_INTEGRATION,CONTEXTUAL_OR_FUNCTION_BOUND,,NONE,1.44,REQUIRED_SCHEDULE_EDGE_AUDITED,"Scheduled four islands after first introduction; destination story is load-balanced. This is a curriculum spacing rule, not a universal optimal interval claim."
REC-A1-000874,SEQ-A1-000283,SENSE,SENSE-A1-000416,oficina,LEX-A1-000409,SENSE-A1-000416,,LOCAL_REUSE,A1-M02-I04-S2,A1-M02-I04-S3,A1-M02-I04,A1-M02-I04,CORE_OR_STRUCTURAL_ROUTE,REEXPOSURE_OR_RETRIEVAL,CONTEXTUAL_OR_FUNCTION_BOUND,,NONE,1.44,REQUIRED_SCHEDULE_EDGE_AUDITED,
REC-A1-000875,SEQ-A1-000283,SENSE,SENSE-A1-000416,oficina,LEX-A1-000409,SENSE-A1-000416,,NEAR_TRANSFER,A1-M02-I04-S3,A1-M03-I01-S1,A1-M02-I04,A1-M03-I01,CORE_OR_STRUCTURAL_ROUTE,TRANSFER_IN_CHANGED_CONTEXT,CONTEXTUAL_OR_FUNCTION_BOUND,,NONE,1.44,REQUIRED_SCHEDULE_EDGE_AUDITED,
REC-A1-000876,SEQ-A1-000283,SENSE,SENSE-A1-000416,oficina,LEX-A1-000409,SENSE-A1-000416,,DISTANT_RETURN,A1-M03-I01-S1,A1-M03-I04-S2,A1-M03-I01,A1-M03-I04,CORE_OR_STRUCTURAL_ROUTE,DELAYED_RETRIEVAL_OR_TERMINAL_INTEGRATION,CONTEXTUAL_OR_FUNCTION_BOUND,,NONE,1.44,REQUIRED_SCHEDULE_EDGE_AUDITED,"Scheduled four islands after first introduction; destination story is load-balanced. This is a curriculum spacing rule, not a universal optimal interval claim."
REC-A1-000877,SEQ-A1-000285,SENSE,SENSE-A1-000475,profesión,LEX-A1-000466,SENSE-A1-000475,,LOCAL_REUSE,A1-M02-I04-S2,A1-M02-I04-S3,A1-M02-I04,A1-M02-I04,CORE_OR_STRUCTURAL_ROUTE,REEXPOSURE_OR_RETRIEVAL,CONTEXTUAL_OR_FUNCTION_BOUND,,NONE,1.44,REQUIRED_SCHEDULE_EDGE_AUDITED,
REC-A1-000878,SEQ-A1-000285,SENSE,SENSE-A1-000475,profesión,LEX-A1-000466,SENSE-A1-000475,,NEAR_TRANSFER,A1-M02-I04-S3,A1-M03-I01-S2,A1-M02-I04,A1-M03-I01,CORE_OR_STRUCTURAL_ROUTE,TRANSFER_IN_CHANGED_CONTEXT,CONTEXTUAL_OR_FUNCTION_BOUND,,NONE,1.44,REQUIRED_SCHEDULE_EDGE_AUDITED,
REC-A1-000879,SEQ-A1-000285,SENSE,SENSE-A1-000475,profesión,LEX-A1-000466,SENSE-A1-000475,,DISTANT_RETURN,A1-M03-I01-S2,A1-M03-I04-S3,A1-M03-I01,A1-M03-I04,CORE_OR_STRUCTURAL_ROUTE,DELAYED_RETRIEVAL_OR_TERMINAL_INTEGRATION,CONTEXTUAL_OR_FUNCTION_BOUND,,NONE,1.44,REQUIRED_SCHEDULE_EDGE_AUDITED,"Scheduled four islands after first introduction; destination story is load-balanced. This is a curriculum spacing rule, not a universal optimal interval claim."
REC-A1-000880,SEQ-A1-000287,SENSE,SENSE-A1-000568,trabajar,LEX-A1-000559,SENSE-A1-000568,,LOCAL_REUSE,A1-M02-I04-S2,A1-M02-I04-S3,A1-M02-I04,A1-M02-I04,CORE_OR_STRUCTURAL_ROUTE,REEXPOSURE_OR_RETRIEVAL,CONTEXTUAL_OR_FUNCTION_BOUND,,NONE,1.44,REQUIRED_SCHEDULE_EDGE_AUDITED,
REC-A1-000881,SEQ-A1-000287,SENSE,SENSE-A1-000568,trabajar,LEX-A1-000559,SENSE-A1-000568,,NEAR_TRANSFER,A1-M02-I04-S3,A1-M03-I01-S3,A1-M02-I04,A1-M03-I01,CORE_OR_STRUCTURAL_ROUTE,TRANSFER_IN_CHANGED_CONTEXT,CONTEXTUAL_OR_FUNCTION_BOUND,,NONE,1.44,REQUIRED_SCHEDULE_EDGE_AUDITED,
REC-A1-000882,SEQ-A1-000287,SENSE,SENSE-A1-000568,trabajar,LEX-A1-000559,SENSE-A1-000568,,DISTANT_RETURN,A1-M03-I01-S3,A1-M03-I04-S1,A1-M03-I01,A1-M03-I04,CORE_OR_STRUCTURAL_ROUTE,DELAYED_RETRIEVAL_OR_TERMINAL_INTEGRATION,CONTEXTUAL_OR_FUNCTION_BOUND,,NONE,1.44,REQUIRED_SCHEDULE_EDGE_AUDITED,"Scheduled four islands after first introduction; destination story is load-balanced. This is a curriculum spacing rule, not a universal optimal interval claim."
REC-A1-000883,SEQ-A1-000289,SENSE,SENSE-A1-000582,vendedor,LEX-A1-000573,SENSE-A1-000582,,LOCAL_REUSE,A1-M02-I04-S2,A1-M02-I04-S3,A1-M02-I04,A1-M02-I04,CORE_OR_STRUCTURAL_ROUTE,REEXPOSURE_OR_RETRIEVAL,CONTEXTUAL_OR_FUNCTION_BOUND,,NONE,1.44,REQUIRED_SCHEDULE_EDGE_AUDITED,
REC-A1-000884,SEQ-A1-000289,SENSE,SENSE-A1-000582,vendedor,LEX-A1-000573,SENSE-A1-000582,,NEAR_TRANSFER,A1-M02-I04-S3,A1-M03-I01-S4,A1-M02-I04,A1-M03-I01,CORE_OR_STRUCTURAL_ROUTE,TRANSFER_IN_CHANGED_CONTEXT,CONTEXTUAL_OR_FUNCTION_BOUND,,NONE,1.44,REQUIRED_SCHEDULE_EDGE_AUDITED,
REC-A1-000885,SEQ-A1-000289,SENSE,SENSE-A1-000582,vendedor,LEX-A1-000573,SENSE-A1-000582,,DISTANT_RETURN,A1-M03-I01-S4,A1-M03-I04-S2,A1-M03-I01,A1-M03-I04,CORE_OR_STRUCTURAL_ROUTE,DELAYED_RETRIEVAL_OR_TERMINAL_INTEGRATION,CONTEXTUAL_OR_FUNCTION_BOUND,,NONE,1.44,REQUIRED_SCHEDULE_EDGE_AUDITED,"Scheduled four islands after first introduction; destination story is load-balanced. This is a curriculum spacing rule, not a universal optimal interval claim."
REC-A1-000886,SEQ-A1-000328,GRAMMAR_UNIT,GRAM-A1-060,Cardinales,,,,LOCAL_REUSE,A1-M03-I01-S1,A1-M03-I01-S2,A1-M03-I01,A1-M03-I01,CORE_OR_STRUCTURAL_ROUTE,REEXPOSURE_OR_RETRIEVAL,AS_OBJECT_POLICY_REQUIRES,,NONE,1.44,REQUIRED_SCHEDULE_EDGE_AUDITED,
REC-A1-000887,SEQ-A1-000328,GRAMMAR_UNIT,GRAM-A1-060,Cardinales,,,,NEAR_TRANSFER,A1-M03-I01-S2,A1-M03-I02-S2,A1-M03-I01,A1-M03-I02,CORE_OR_STRUCTURAL_ROUTE,TRANSFER_IN_CHANGED_CONTEXT,AS_OBJECT_POLICY_REQUIRES,,NONE,1.44,REQUIRED_SCHEDULE_EDGE_AUDITED,
REC-A1-000888,SEQ-A1-000328,GRAMMAR_UNIT,GRAM-A1-060,Cardinales,,,,DISTANT_RETURN,A1-M03-I02-S2,A1-M04-I01-S3,A1-M03-I02,A1-M04-I01,CORE_OR_STRUCTURAL_ROUTE,DELAYED_RETRIEVAL_OR_TERMINAL_INTEGRATION,AS_OBJECT_POLICY_REQUIRES,,NONE,1.44,REQUIRED_SCHEDULE_EDGE_AUDITED,"Scheduled four islands after first introduction; destination story is load-balanced. This is a curriculum spacing rule, not a universal optimal interval claim."
REC-A1-000889,SEQ-A1-000329,GRAMMAR_UNIT,GRAM-A1-061,Variación de género/número de cardinales que la presentan,,,,LOCAL_REUSE,A1-M03-I01-S1,A1-M03-I01-S3,A1-M03-I01,A1-M03-I01,CORE_OR_STRUCTURAL_ROUTE,REEXPOSURE_OR_RETRIEVAL,AS_OBJECT_POLICY_REQUIRES,,NONE,1.44,REQUIRED_SCHEDULE_EDGE_AUDITED,
REC-A1-000890,SEQ-A1-000329,GRAMMAR_UNIT,GRAM-A1-061,Variación de género/número de cardinales que la presentan,,,,NEAR_TRANSFER,A1-M03-I01-S3,A1-M03-I02-S3,A1-M03-I01,A1-M03-I02,CORE_OR_STRUCTURAL_ROUTE,TRANSFER_IN_CHANGED_CONTEXT,AS_OBJECT_POLICY_REQUIRES,,NONE,1.44,REQUIRED_SCHEDULE_EDGE_AUDITED,
REC-A1-000891,SEQ-A1-000329,GRAMMAR_UNIT,GRAM-A1-061,Variación de género/número de cardinales que la presentan,,,,DISTANT_RETURN,A1-M03-I02-S3,A1-M04-I01-S3,A1-M03-I02,A1-M04-I01,CORE_OR_STRUCTURAL_ROUTE,DELAYED_RETRIEVAL_OR_TERMINAL_INTEGRATION,AS_OBJECT_POLICY_REQUIRES,,NONE,1.44,REQUIRED_SCHEDULE_EDGE_AUDITED,"Scheduled four islands after first introduction; destination story is load-balanced. This is a curriculum spacing rule, not a universal optimal interval claim."
REC-A1-000892,SEQ-A1-000330,GRAMMAR_UNIT,GRAM-A1-062,Ordinales hasta décimo,,,,LOCAL_REUSE,A1-M03-I01-S1,A1-M03-I01-S4,A1-M03-I01,A1-M03-I01,CORE_OR_STRUCTURAL_ROUTE,REEXPOSURE_OR_RETRIEVAL,AS_OBJECT_POLICY_REQUIRES,,NONE,1.44,REQUIRED_SCHEDULE_EDGE_AUDITED,
REC-A1-000893,SEQ-A1-000330,GRAMMAR_UNIT,GRAM-A1-062,Ordinales hasta décimo,,,,NEAR_TRANSFER,A1-M03-I01-S4,A1-M03-I02-S1,A1-M03-I01,A1-M03-I02,CORE_OR_STRUCTURAL_ROUTE,TRANSFER_IN_CHANGED_CONTEXT,AS_OBJECT_POLICY_REQUIRES,,NONE,1.44,REQUIRED_SCHEDULE_EDGE_AUDITED,
REC-A1-000894,SEQ-A1-000330,GRAMMAR_UNIT,GRAM-A1-062,Ordinales hasta décimo,,,,DISTANT_RETURN,A1-M03-I02-S1,A1-M04-I01-S3,A1-M03-I02,A1-M04-I01,CORE_OR_STRUCTURAL_ROUTE,DELAYED_RETRIEVAL_OR_TERMINAL_INTEGRATION,AS_OBJECT_POLICY_REQUIRES,,NONE,1.44,REQUIRED_SCHEDULE_EDGE_AUDITED,"Scheduled four islands after first introduction; destination story is load-balanced. This is a curriculum spacing rule, not a universal optimal interval claim."
REC-A1-000895,SEQ-A1-000336,MWU_SOURCE_UNIT,12B1-MWU-0145,a veces,LEX-A1-000006,SENSE-A1-000006,12B1-MWU-0145,LOCAL_REUSE,A1-M03-I01-S1,A1-M03-I01-S2,A1-M03-I01,A1-M03-I01,CORE_OR_STRUCTURAL_ROUTE,REEXPOSURE_OR_RETRIEVAL,AS_OBJECT_POLICY_REQUIRES,,NONE,1.44,REQUIRED_SCHEDULE_EDGE_AUDITED,
REC-A1-000896,SEQ-A1-000336,MWU_SOURCE_UNIT,12B1-MWU-0145,a veces,LEX-A1-000006,SENSE-A1-000006,12B1-MWU-0145,NEAR_TRANSFER,A1-M03-I01-S2,A1-M03-I02-S2,A1-M03-I01,A1-M03-I02,CORE_OR_STRUCTURAL_ROUTE,TRANSFER_IN_CHANGED_CONTEXT,AS_OBJECT_POLICY_REQUIRES,,NONE,1.44,REQUIRED_SCHEDULE_EDGE_AUDITED,
REC-A1-000897,SEQ-A1-000336,MWU_SOURCE_UNIT,12B1-MWU-0145,a veces,LEX-A1-000006,SENSE-A1-000006,12B1-MWU-0145,DISTANT_RETURN,A1-M03-I02-S2,A1-M04-I01-S3,A1-M03-I02,A1-M04-I01,CORE_OR_STRUCTURAL_ROUTE,DELAYED_RETRIEVAL_OR_TERMINAL_INTEGRATION,AS_OBJECT_POLICY_REQUIRES,,NONE,1.44,REQUIRED_SCHEDULE_EDGE_AUDITED,"Scheduled four islands after first introduction; destination story is load-balanced. This is a curriculum spacing rule, not a universal optimal interval claim."
REC-A1-000898,SEQ-A1-000339,MWU_SOURCE_UNIT,12B1-MWU-0160,en la noche,,,12B1-MWU-0160,LOCAL_REUSE,A1-M03-I01-S1,A1-M03-I01-S3,A1-M03-I01,A1-M03-I01,CORE_OR_STRUCTURAL_ROUTE,REEXPOSURE_OR_RETRIEVAL,AS_OBJECT_POLICY_REQUIRES,,NONE,1.44,REQUIRED_SCHEDULE_EDGE_AUDITED,
REC-A1-000899,SEQ-A1-000339,MWU_SOURCE_UNIT,12B1-MWU-0160,en la noche,,,12B1-MWU-0160,NEAR_TRANSFER,A1-M03-I01-S3,A1-M03-I02-S3,A1-M03-I01,A1-M03-I02,CORE_OR_STRUCTURAL_ROUTE,TRANSFER_IN_CHANGED_CONTEXT,AS_OBJECT_POLICY_REQUIRES,,NONE,1.44,REQUIRED_SCHEDULE_EDGE_AUDITED,
REC-A1-000900,SEQ-A1-000339,MWU_SOURCE_UNIT,12B1-MWU-0160,en la noche,,,12B1-MWU-0160,DISTANT_RETURN,A1-M03-I02-S3,A1-M04-I01-S3,A1-M03-I02,A1-M04-I01,CORE_OR_STRUCTURAL_ROUTE,DELAYED_RETRIEVAL_OR_TERMINAL_INTEGRATION,AS_OBJECT_POLICY_REQUIRES,,NONE,1.44,REQUIRED_SCHEDULE_EDGE_AUDITED,"Scheduled four islands after first introduction; destination story is load-balanced. This is a curriculum spacing rule, not a universal optimal interval claim."
REC-A1-000901,SEQ-A1-000342,MWU_SOURCE_UNIT,12B1-MWU-0173,por la noche,LEX-A1-000449,SENSE-A1-000457,12B1-MWU-0173,LOCAL_REUSE,A1-M03-I01-S1,A1-M03-I01-S4,A1-M03-I01,A1-M03-I01,CORE_OR_STRUCTURAL_ROUTE,REEXPOSURE_OR_RETRIEVAL,AS_OBJECT_POLICY_REQUIRES,,NONE,1.44,REQUIRED_SCHEDULE_EDGE_AUDITED,
REC-A1-000902,SEQ-A1-000342,MWU_SOURCE_UNIT,12B1-MWU-0173,por la noche,LEX-A1-000449,SENSE-A1-000457,12B1-MWU-0173,NEAR_TRANSFER,A1-M03-I01-S4,A1-M03-I02-S1,A1-M03-I01,A1-M03-I02,CORE_OR_STRUCTURAL_ROUTE,TRANSFER_IN_CHANGED_CONTEXT,AS_OBJECT_POLICY_REQUIRES,,NONE,1.44,REQUIRED_SCHEDULE_EDGE_AUDITED,
REC-A1-000903,SEQ-A1-000342,MWU_SOURCE_UNIT,12B1-MWU-0173,por la noche,LEX-A1-000449,SENSE-A1-000457,12B1-MWU-0173,DISTANT_RETURN,A1-M03-I02-S1,A1-M04-I01-S3,A1-M03-I02,A1-M04-I01,CORE_OR_STRUCTURAL_ROUTE,DELAYED_RETRIEVAL_OR_TERMINAL_INTEGRATION,AS_OBJECT_POLICY_REQUIRES,,NONE,1.44,REQUIRED_SCHEDULE_EDGE_AUDITED,"Scheduled four islands after first introduction; destination story is load-balanced. This is a curriculum spacing rule, not a universal optimal interval claim."
REC-A1-000904,SEQ-A1-000983,MWU_SOURCE_UNIT,12B1-MWU-0184,ser tarde,,,12B1-MWU-0184,LOCAL_REUSE,A1-M03-I01-S1,A1-M03-I01-S2,A1-M03-I01,A1-M03-I01,CORE_OR_STRUCTURAL_ROUTE,REEXPOSURE_OR_RETRIEVAL,AS_OBJECT_POLICY_REQUIRES,,NONE,1.44,REQUIRED_SCHEDULE_EDGE_AUDITED,
REC-A1-000905,SEQ-A1-000983,MWU_SOURCE_UNIT,12B1-MWU-0184,ser tarde,,,12B1-MWU-0184,NEAR_TRANSFER,A1-M03-I01-S2,A1-M03-I02-S2,A1-M03-I01,A1-M03-I02,CORE_OR_STRUCTURAL_ROUTE,TRANSFER_IN_CHANGED_CONTEXT,AS_OBJECT_POLICY_REQUIRES,,NONE,1.44,REQUIRED_SCHEDULE_EDGE_AUDITED,
REC-A1-000906,SEQ-A1-000983,MWU_SOURCE_UNIT,12B1-MWU-0184,ser tarde,,,12B1-MWU-0184,DISTANT_RETURN,A1-M03-I02-S2,A1-M04-I01-S3,A1-M03-I02,A1-M04-I01,CORE_OR_STRUCTURAL_ROUTE,DELAYED_RETRIEVAL_OR_TERMINAL_INTEGRATION,AS_OBJECT_POLICY_REQUIRES,,NONE,1.44,REQUIRED_SCHEDULE_EDGE_AUDITED,"Scheduled four islands after first introduction; destination story is load-balanced. This is a curriculum spacing rule, not a universal optimal interval claim."
REC-A1-000907,SEQ-A1-000294,SENSE,SENSE-A1-000004,a mediodía,LEX-A1-000004,SENSE-A1-000004,,LOCAL_REUSE,A1-M03-I01-S1,A1-M03-I01-S3,A1-M03-I01,A1-M03-I01,CORE_OR_STRUCTURAL_ROUTE,REEXPOSURE_OR_RETRIEVAL,CONTEXTUAL_OR_FUNCTION_BOUND,,NONE,1.44,REQUIRED_SCHEDULE_EDGE_AUDITED,
REC-A1-000908,SEQ-A1-000294,SENSE,SENSE-A1-000004,a mediodía,LEX-A1-000004,SENSE-A1-000004,,NEAR_TRANSFER,A1-M03-I01-S3,A1-M03-I02-S3,A1-M03-I01,A1-M03-I02,CORE_OR_STRUCTURAL_ROUTE,TRANSFER_IN_CHANGED_CONTEXT,CONTEXTUAL_OR_FUNCTION_BOUND,,NONE,1.44,REQUIRED_SCHEDULE_EDGE_AUDITED,
REC-A1-000909,SEQ-A1-000294,SENSE,SENSE-A1-000004,a mediodía,LEX-A1-000004,SENSE-A1-000004,,DISTANT_RETURN,A1-M03-I02-S3,A1-M04-I01-S3,A1-M03-I02,A1-M04-I01,CORE_OR_STRUCTURAL_ROUTE,DELAYED_RETRIEVAL_OR_TERMINAL_INTEGRATION,CONTEXTUAL_OR_FUNCTION_BOUND,,NONE,1.44,REQUIRED_SCHEDULE_EDGE_AUDITED,"Scheduled four islands after first introduction; destination story is load-balanced. This is a curriculum spacing rule, not a universal optimal interval claim."
REC-A1-000910,SEQ-A1-000297,SENSE,SENSE-A1-000023,ahoy,LEX-A1-000023,SENSE-A1-000023,,LOCAL_RECEPTIVE_REUSE,A1-M03-I01-S1,A1-M03-I01-S4,A1-M03-I01,A1-M03-I01,REGIONAL_RECEPTIVE_ROUTE,RECOGNITION,NO_UNIVERSAL_PRODUCTIVE_DEMAND,RECEPTIVE_PROFILE_RULE_PRESERVED,NONE,1.44,REQUIRED_SCHEDULE_EDGE_AUDITED,
REC-A1-000911,SEQ-A1-000297,SENSE,SENSE-A1-000023,ahoy,LEX-A1-000023,SENSE-A1-000023,,REGIONAL_NEAR_RECOGNITION,A1-M03-I01-S4,A1-M03-I02-S1,A1-M03-I01,A1-M03-I02,REGIONAL_RECEPTIVE_ROUTE,RECOGNITION_IN_CHANGED_CONTEXT,NO_UNIVERSAL_PRODUCTIVE_DEMAND,RECEPTIVE_PROFILE_RULE_PRESERVED,NONE,1.44,REQUIRED_SCHEDULE_EDGE_AUDITED,
REC-A1-000912,SEQ-A1-000297,SENSE,SENSE-A1-000023,ahoy,LEX-A1-000023,SENSE-A1-000023,,REGIONAL_LATER_RECOGNITION,A1-M03-I02-S1,A1-M04-I01-S3,A1-M03-I02,A1-M04-I01,REGIONAL_RECEPTIVE_ROUTE,LATER_RECOGNITION,NO_UNIVERSAL_PRODUCTIVE_DEMAND,RECEPTIVE_PROFILE_RULE_PRESERVED,NONE,1.44,REQUIRED_SCHEDULE_EDGE_AUDITED,"Scheduled four islands after first introduction; destination story is load-balanced. This is a curriculum spacing rule, not a universal optimal interval claim."
REC-A1-000913,SEQ-A1-000301,SENSE,SENSE-A1-000175,cuarto,LEX-A1-000173,SENSE-A1-000175,,LOCAL_REUSE,A1-M03-I01-S1,A1-M03-I01-S2,A1-M03-I01,A1-M03-I01,CORE_OR_STRUCTURAL_ROUTE,REEXPOSURE_OR_RETRIEVAL,CONTEXTUAL_OR_FUNCTION_BOUND,,NONE,1.44,REQUIRED_SCHEDULE_EDGE_AUDITED,
REC-A1-000914,SEQ-A1-000301,SENSE,SENSE-A1-000175,cuarto,LEX-A1-000173,SENSE-A1-000175,,NEAR_TRANSFER,A1-M03-I01-S2,A1-M03-I02-S2,A1-M03-I01,A1-M03-I02,CORE_OR_STRUCTURAL_ROUTE,TRANSFER_IN_CHANGED_CONTEXT,CONTEXTUAL_OR_FUNCTION_BOUND,,NONE,1.44,REQUIRED_SCHEDULE_EDGE_AUDITED,
REC-A1-000915,SEQ-A1-000301,SENSE,SENSE-A1-000175,cuarto,LEX-A1-000173,SENSE-A1-000175,,DISTANT_RETURN,A1-M03-I02-S2,A1-M04-I01-S3,A1-M03-I02,A1-M04-I01,CORE_OR_STRUCTURAL_ROUTE,DELAYED_RETRIEVAL_OR_TERMINAL_INTEGRATION,CONTEXTUAL_OR_FUNCTION_BOUND,,NONE,1.44,REQUIRED_SCHEDULE_EDGE_AUDITED,"Scheduled four islands after first introduction; destination story is load-balanced. This is a curriculum spacing rule, not a universal optimal interval claim."
REC-A1-000916,SEQ-A1-000303,SENSE,SENSE-A1-000189,día,LEX-A1-000186,SENSE-A1-000189,,LOCAL_REUSE,A1-M03-I01-S1,A1-M03-I01-S3,A1-M03-I01,A1-M03-I01,CORE_OR_STRUCTURAL_ROUTE,REEXPOSURE_OR_RETRIEVAL,CONTEXTUAL_OR_FUNCTION_BOUND,,NONE,1.44,REQUIRED_SCHEDULE_EDGE_AUDITED,
REC-A1-000917,SEQ-A1-000303,SENSE,SENSE-A1-000189,día,LEX-A1-000186,SENSE-A1-000189,,NEAR_TRANSFER,A1-M03-I01-S3,A1-M03-I02-S3,A1-M03-I01,A1-M03-I02,CORE_OR_STRUCTURAL_ROUTE,TRANSFER_IN_CHANGED_CONTEXT,CONTEXTUAL_OR_FUNCTION_BOUND,,NONE,1.44,REQUIRED_SCHEDULE_EDGE_AUDITED,
REC-A1-000918,SEQ-A1-000303,SENSE,SENSE-A1-000189,día,LEX-A1-000186,SENSE-A1-000189,,DISTANT_RETURN,A1-M03-I02-S3,A1-M04-I01-S3,A1-M03-I02,A1-M04-I01,CORE_OR_STRUCTURAL_ROUTE,DELAYED_RETRIEVAL_OR_TERMINAL_INTEGRATION,CONTEXTUAL_OR_FUNCTION_BOUND,,NONE,1.44,REQUIRED_SCHEDULE_EDGE_AUDITED,"Scheduled four islands after first introduction; destination story is load-balanced. This is a curriculum spacing rule, not a universal optimal interval claim."
REC-A1-000919,SEQ-A1-000306,SENSE,SENSE-A1-000294,hora,LEX-A1-000289,SENSE-A1-000294,,LOCAL_REUSE,A1-M03-I01-S1,A1-M03-I01-S4,A1-M03-I01,A1-M03-I01,CORE_OR_STRUCTURAL_ROUTE,REEXPOSURE_OR_RETRIEVAL,CONTEXTUAL_OR_FUNCTION_BOUND,,NONE,1.44,REQUIRED_SCHEDULE_EDGE_AUDITED,
REC-A1-000920,SEQ-A1-000306,SENSE,SENSE-A1-000294,hora,LEX-A1-000289,SENSE-A1-000294,,NEAR_TRANSFER,A1-M03-I01-S4,A1-M03-I02-S1,A1-M03-I01,A1-M03-I02,CORE_OR_STRUCTURAL_ROUTE,TRANSFER_IN_CHANGED_CONTEXT,CONTEXTUAL_OR_FUNCTION_BOUND,,NONE,1.44,REQUIRED_SCHEDULE_EDGE_AUDITED,
REC-A1-000921,SEQ-A1-000306,SENSE,SENSE-A1-000294,hora,LEX-A1-000289,SENSE-A1-000294,,DISTANT_RETURN,A1-M03-I02-S1,A1-M04-I01-S3,A1-M03-I02,A1-M04-I01,CORE_OR_STRUCTURAL_ROUTE,DELAYED_RETRIEVAL_OR_TERMINAL_INTEGRATION,CONTEXTUAL_OR_FUNCTION_BOUND,,NONE,1.44,REQUIRED_SCHEDULE_EDGE_AUDITED,"Scheduled four islands after first introduction; destination story is load-balanced. This is a curriculum spacing rule, not a universal optimal interval claim."
REC-A1-000922,SEQ-A1-000309,SENSE,SENSE-A1-000369,mes,LEX-A1-000363,SENSE-A1-000369,,LOCAL_REUSE,A1-M03-I01-S1,A1-M03-I01-S2,A1-M03-I01,A1-M03-I01,CORE_OR_STRUCTURAL_ROUTE,REEXPOSURE_OR_RETRIEVAL,CONTEXTUAL_OR_FUNCTION_BOUND,,NONE,1.44,REQUIRED_SCHEDULE_EDGE_AUDITED,
REC-A1-000923,SEQ-A1-000309,SENSE,SENSE-A1-000369,mes,LEX-A1-000363,SENSE-A1-000369,,NEAR_TRANSFER,A1-M03-I01-S2,A1-M03-I02-S2,A1-M03-I01,A1-M03-I02,CORE_OR_STRUCTURAL_ROUTE,TRANSFER_IN_CHANGED_CONTEXT,CONTEXTUAL_OR_FUNCTION_BOUND,,NONE,1.44,REQUIRED_SCHEDULE_EDGE_AUDITED,
REC-A1-000924,SEQ-A1-000309,SENSE,SENSE-A1-000369,mes,LEX-A1-000363,SENSE-A1-000369,,DISTANT_RETURN,A1-M03-I02-S2,A1-M04-I01-S3,A1-M03-I02,A1-M04-I01,CORE_OR_STRUCTURAL_ROUTE,DELAYED_RETRIEVAL_OR_TERMINAL_INTEGRATION,CONTEXTUAL_OR_FUNCTION_BOUND,,NONE,1.44,REQUIRED_SCHEDULE_EDGE_AUDITED,"Scheduled four islands after first introduction; destination story is load-balanced. This is a curriculum spacing rule, not a universal optimal interval claim."
REC-A1-000925,SEQ-A1-000311,SENSE,SENSE-A1-000402,noche,LEX-A1-000395,SENSE-A1-000402,,LOCAL_REUSE,A1-M03-I01-S1,A1-M03-I01-S3,A1-M03-I01,A1-M03-I01,CORE_OR_STRUCTURAL_ROUTE,REEXPOSURE_OR_RETRIEVAL,CONTEXTUAL_OR_FUNCTION_BOUND,,NONE,1.44,REQUIRED_SCHEDULE_EDGE_AUDITED,
REC-A1-000926,SEQ-A1-000311,SENSE,SENSE-A1-000402,noche,LEX-A1-000395,SENSE-A1-000402,,NEAR_TRANSFER,A1-M03-I01-S3,A1-M03-I02-S3,A1-M03-I01,A1-M03-I02,CORE_OR_STRUCTURAL_ROUTE,TRANSFER_IN_CHANGED_CONTEXT,CONTEXTUAL_OR_FUNCTION_BOUND,,NONE,1.44,REQUIRED_SCHEDULE_EDGE_AUDITED,
REC-A1-000927,SEQ-A1-000311,SENSE,SENSE-A1-000402,noche,LEX-A1-000395,SENSE-A1-000402,,DISTANT_RETURN,A1-M03-I02-S3,A1-M04-I01-S3,A1-M03-I02,A1-M04-I01,CORE_OR_STRUCTURAL_ROUTE,DELAYED_RETRIEVAL_OR_TERMINAL_INTEGRATION,CONTEXTUAL_OR_FUNCTION_BOUND,,NONE,1.44,REQUIRED_SCHEDULE_EDGE_AUDITED,"Scheduled four islands after first introduction; destination story is load-balanced. This is a curriculum spacing rule, not a universal optimal interval claim."
REC-A1-000928,SEQ-A1-000314,SENSE,SENSE-A1-000456,por la mañana,LEX-A1-000448,SENSE-A1-000456,,LOCAL_REUSE,A1-M03-I01-S1,A1-M03-I01-S4,A1-M03-I01,A1-M03-I01,CORE_OR_STRUCTURAL_ROUTE,REEXPOSURE_OR_RETRIEVAL,CONTEXTUAL_OR_FUNCTION_BOUND,,NONE,1.44,REQUIRED_SCHEDULE_EDGE_AUDITED,
REC-A1-000929,SEQ-A1-000314,SENSE,SENSE-A1-000456,por la mañana,LEX-A1-000448,SENSE-A1-000456,,NEAR_TRANSFER,A1-M03-I01-S4,A1-M03-I02-S1,A1-M03-I01,A1-M03-I02,CORE_OR_STRUCTURAL_ROUTE,TRANSFER_IN_CHANGED_CONTEXT,CONTEXTUAL_OR_FUNCTION_BOUND,,NONE,1.44,REQUIRED_SCHEDULE_EDGE_AUDITED,
REC-A1-000930,SEQ-A1-000314,SENSE,SENSE-A1-000456,por la mañana,LEX-A1-000448,SENSE-A1-000456,,DISTANT_RETURN,A1-M03-I02-S1,A1-M04-I01-S3,A1-M03-I02,A1-M04-I01,CORE_OR_STRUCTURAL_ROUTE,DELAYED_RETRIEVAL_OR_TERMINAL_INTEGRATION,CONTEXTUAL_OR_FUNCTION_BOUND,,NONE,1.44,REQUIRED_SCHEDULE_EDGE_AUDITED,"Scheduled four islands after first introduction; destination story is load-balanced. This is a curriculum spacing rule, not a universal optimal interval claim."
REC-A1-000931,SEQ-A1-000317,SENSE,SENSE-A1-000473,primero,LEX-A1-000464,SENSE-A1-000473,,LOCAL_REUSE,A1-M03-I01-S1,A1-M03-I01-S2,A1-M03-I01,A1-M03-I01,CORE_OR_STRUCTURAL_ROUTE,REEXPOSURE_OR_RETRIEVAL,CONTEXTUAL_OR_FUNCTION_BOUND,,NONE,1.44,REQUIRED_SCHEDULE_EDGE_AUDITED,
REC-A1-000932,SEQ-A1-000317,SENSE,SENSE-A1-000473,primero,LEX-A1-000464,SENSE-A1-000473,,NEAR_TRANSFER,A1-M03-I01-S2,A1-M03-I02-S2,A1-M03-I01,A1-M03-I02,CORE_OR_STRUCTURAL_ROUTE,TRANSFER_IN_CHANGED_CONTEXT,CONTEXTUAL_OR_FUNCTION_BOUND,,NONE,1.44,REQUIRED_SCHEDULE_EDGE_AUDITED,
REC-A1-000933,SEQ-A1-000317,SENSE,SENSE-A1-000473,primero,LEX-A1-000464,SENSE-A1-000473,,DISTANT_RETURN,A1-M03-I02-S2,A1-M04-I01-S3,A1-M03-I02,A1-M04-I01,CORE_OR_STRUCTURAL_ROUTE,DELAYED_RETRIEVAL_OR_TERMINAL_INTEGRATION,CONTEXTUAL_OR_FUNCTION_BOUND,,NONE,1.44,REQUIRED_SCHEDULE_EDGE_AUDITED,"Scheduled four islands after first introduction; destination story is load-balanced. This is a curriculum spacing rule, not a universal optimal interval claim."
REC-A1-000934,SEQ-A1-000320,SENSE,SENSE-A1-000513,segundo,LEX-A1-000504,SENSE-A1-000513,,LOCAL_REUSE,A1-M03-I01-S1,A1-M03-I01-S3,A1-M03-I01,A1-M03-I01,CORE_OR_STRUCTURAL_ROUTE,REEXPOSURE_OR_RETRIEVAL,CONTEXTUAL_OR_FUNCTION_BOUND,,NONE,1.44,REQUIRED_SCHEDULE_EDGE_AUDITED,
REC-A1-000935,SEQ-A1-000320,SENSE,SENSE-A1-000513,segundo,LEX-A1-000504,SENSE-A1-000513,,NEAR_TRANSFER,A1-M03-I01-S3,A1-M03-I02-S3,A1-M03-I01,A1-M03-I02,CORE_OR_STRUCTURAL_ROUTE,TRANSFER_IN_CHANGED_CONTEXT,CONTEXTUAL_OR_FUNCTION_BOUND,,NONE,1.44,REQUIRED_SCHEDULE_EDGE_AUDITED,
REC-A1-000936,SEQ-A1-000320,SENSE,SENSE-A1-000513,segundo,LEX-A1-000504,SENSE-A1-000513,,DISTANT_RETURN,A1-M03-I02-S3,A1-M04-I01-S3,A1-M03-I02,A1-M04-I01,CORE_OR_STRUCTURAL_ROUTE,DELAYED_RETRIEVAL_OR_TERMINAL_INTEGRATION,CONTEXTUAL_OR_FUNCTION_BOUND,,NONE,1.44,REQUIRED_SCHEDULE_EDGE_AUDITED,"Scheduled four islands after first introduction; destination story is load-balanced. This is a curriculum spacing rule, not a universal optimal interval claim."
REC-A1-000937,SEQ-A1-000322,SENSE,SENSE-A1-000519,séptimo,LEX-A1-000510,SENSE-A1-000519,,LOCAL_REUSE,A1-M03-I01-S1,A1-M03-I01-S4,A1-M03-I01,A1-M03-I01,CORE_OR_STRUCTURAL_ROUTE,REEXPOSURE_OR_RETRIEVAL,CONTEXTUAL_OR_FUNCTION_BOUND,,NONE,1.44,REQUIRED_SCHEDULE_EDGE_AUDITED,
REC-A1-000938,SEQ-A1-000322,SENSE,SENSE-A1-000519,séptimo,LEX-A1-000510,SENSE-A1-000519,,NEAR_TRANSFER,A1-M03-I01-S4,A1-M03-I02-S1,A1-M03-I01,A1-M03-I02,CORE_OR_STRUCTURAL_ROUTE,TRANSFER_IN_CHANGED_CONTEXT,CONTEXTUAL_OR_FUNCTION_BOUND,,NONE,1.44,REQUIRED_SCHEDULE_EDGE_AUDITED,
REC-A1-000939,SEQ-A1-000322,SENSE,SENSE-A1-000519,séptimo,LEX-A1-000510,SENSE-A1-000519,,DISTANT_RETURN,A1-M03-I02-S1,A1-M04-I01-S3,A1-M03-I02,A1-M04-I01,CORE_OR_STRUCTURAL_ROUTE,DELAYED_RETRIEVAL_OR_TERMINAL_INTEGRATION,CONTEXTUAL_OR_FUNCTION_BOUND,,NONE,1.44,REQUIRED_SCHEDULE_EDGE_AUDITED,"Scheduled four islands after first introduction; destination story is load-balanced. This is a curriculum spacing rule, not a universal optimal interval claim."
REC-A1-000940,SEQ-A1-000326,SENSE,SENSE-A1-000561,tiempo,LEX-A1-000552,SENSE-A1-000561,,LOCAL_REUSE,A1-M03-I01-S1,A1-M03-I01-S2,A1-M03-I01,A1-M03-I01,CORE_OR_STRUCTURAL_ROUTE,REEXPOSURE_OR_RETRIEVAL,CONTEXTUAL_OR_FUNCTION_BOUND,,NONE,1.44,REQUIRED_SCHEDULE_EDGE_AUDITED,
REC-A1-000941,SEQ-A1-000326,SENSE,SENSE-A1-000561,tiempo,LEX-A1-000552,SENSE-A1-000561,,NEAR_TRANSFER,A1-M03-I01-S2,A1-M03-I02-S2,A1-M03-I01,A1-M03-I02,CORE_OR_STRUCTURAL_ROUTE,TRANSFER_IN_CHANGED_CONTEXT,CONTEXTUAL_OR_FUNCTION_BOUND,,NONE,1.44,REQUIRED_SCHEDULE_EDGE_AUDITED,
REC-A1-000942,SEQ-A1-000326,SENSE,SENSE-A1-000561,tiempo,LEX-A1-000552,SENSE-A1-000561,,DISTANT_RETURN,A1-M03-I02-S2,A1-M04-I01-S3,A1-M03-I02,A1-M04-I01,CORE_OR_STRUCTURAL_ROUTE,DELAYED_RETRIEVAL_OR_TERMINAL_INTEGRATION,CONTEXTUAL_OR_FUNCTION_BOUND,,NONE,1.44,REQUIRED_SCHEDULE_EDGE_AUDITED,"Scheduled four islands after first introduction; destination story is load-balanced. This is a curriculum spacing rule, not a universal optimal interval claim."
REC-A1-000943,SEQ-A1-000332,GRAMMAR_UNIT,GRAM-A1-097,"Deícticos ahora, hoy, mañana",,,,LOCAL_REUSE,A1-M03-I01-S2,A1-M03-I01-S3,A1-M03-I01,A1-M03-I01,CORE_OR_STRUCTURAL_ROUTE,REEXPOSURE_OR_RETRIEVAL,AS_OBJECT_POLICY_REQUIRES,,NONE,1.44,REQUIRED_SCHEDULE_EDGE_AUDITED,
REC-A1-000944,SEQ-A1-000332,GRAMMAR_UNIT,GRAM-A1-097,"Deícticos ahora, hoy, mañana",,,,NEAR_TRANSFER,A1-M03-I01-S3,A1-M03-I02-S3,A1-M03-I01,A1-M03-I02,CORE_OR_STRUCTURAL_ROUTE,TRANSFER_IN_CHANGED_CONTEXT,AS_OBJECT_POLICY_REQUIRES,,NONE,1.44,REQUIRED_SCHEDULE_EDGE_AUDITED,
REC-A1-000945,SEQ-A1-000332,GRAMMAR_UNIT,GRAM-A1-097,"Deícticos ahora, hoy, mañana",,,,DISTANT_RETURN,A1-M03-I02-S3,A1-M04-I01-S2,A1-M03-I02,A1-M04-I01,CORE_OR_STRUCTURAL_ROUTE,DELAYED_RETRIEVAL_OR_TERMINAL_INTEGRATION,AS_OBJECT_POLICY_REQUIRES,,NONE,1.44,REQUIRED_SCHEDULE_EDGE_AUDITED,"Scheduled four islands after first introduction; destination story is load-balanced. This is a curriculum spacing rule, not a universal optimal interval claim."
REC-A1-000946,SEQ-A1-000333,GRAMMAR_UNIT,GRAM-A1-098,Variantes regionales temporales señaladas por PCIC,,,,LOCAL_REUSE,A1-M03-I01-S2,A1-M03-I01-S4,A1-M03-I01,A1-M03-I01,CORE_OR_STRUCTURAL_ROUTE,REEXPOSURE_OR_RETRIEVAL,AS_OBJECT_POLICY_REQUIRES,,NONE,1.44,REQUIRED_SCHEDULE_EDGE_AUDITED,
REC-A1-000947,SEQ-A1-000333,GRAMMAR_UNIT,GRAM-A1-098,Variantes regionales temporales señaladas por PCIC,,,,NEAR_TRANSFER,A1-M03-I01-S4,A1-M03-I02-S1,A1-M03-I01,A1-M03-I02,CORE_OR_STRUCTURAL_ROUTE,TRANSFER_IN_CHANGED_CONTEXT,AS_OBJECT_POLICY_REQUIRES,,NONE,1.44,REQUIRED_SCHEDULE_EDGE_AUDITED,
REC-A1-000948,SEQ-A1-000333,GRAMMAR_UNIT,GRAM-A1-098,Variantes regionales temporales señaladas por PCIC,,,,DISTANT_RETURN,A1-M03-I02-S1,A1-M04-I01-S3,A1-M03-I02,A1-M04-I01,CORE_OR_STRUCTURAL_ROUTE,DELAYED_RETRIEVAL_OR_TERMINAL_INTEGRATION,AS_OBJECT_POLICY_REQUIRES,,NONE,1.44,REQUIRED_SCHEDULE_EDGE_AUDITED,"Scheduled four islands after first introduction; destination story is load-balanced. This is a curriculum spacing rule, not a universal optimal interval claim."
REC-A1-000949,SEQ-A1-000334,GRAMMAR_UNIT,GRAM-A1-129,Ser para localización temporal básica,,,,LOCAL_REUSE,A1-M03-I01-S2,A1-M03-I01-S3,A1-M03-I01,A1-M03-I01,CORE_OR_STRUCTURAL_ROUTE,REEXPOSURE_OR_RETRIEVAL,AS_OBJECT_POLICY_REQUIRES,,NONE,1.44,REQUIRED_SCHEDULE_EDGE_AUDITED,
REC-A1-000950,SEQ-A1-000334,GRAMMAR_UNIT,GRAM-A1-129,Ser para localización temporal básica,,,,NEAR_TRANSFER,A1-M03-I01-S3,A1-M03-I02-S2,A1-M03-I01,A1-M03-I02,CORE_OR_STRUCTURAL_ROUTE,TRANSFER_IN_CHANGED_CONTEXT,AS_OBJECT_POLICY_REQUIRES,,NONE,1.44,REQUIRED_SCHEDULE_EDGE_AUDITED,
REC-A1-000951,SEQ-A1-000334,GRAMMAR_UNIT,GRAM-A1-129,Ser para localización temporal básica,,,,DISTANT_RETURN,A1-M03-I02-S2,A1-M04-I01-S1,A1-M03-I02,A1-M04-I01,CORE_OR_STRUCTURAL_ROUTE,DELAYED_RETRIEVAL_OR_TERMINAL_INTEGRATION,AS_OBJECT_POLICY_REQUIRES,,NONE,1.44,REQUIRED_SCHEDULE_EDGE_AUDITED,"Scheduled four islands after first introduction; destination story is load-balanced. This is a curriculum spacing rule, not a universal optimal interval claim."
REC-A1-000952,SEQ-A1-000337,MWU_SOURCE_UNIT,12B1-MWU-0153,el fin de semana,LEX-A1-000208,SENSE-A1-000212,12B1-MWU-0153,LOCAL_REUSE,A1-M03-I01-S2,A1-M03-I01-S4,A1-M03-I01,A1-M03-I01,CORE_OR_STRUCTURAL_ROUTE,REEXPOSURE_OR_RETRIEVAL,AS_OBJECT_POLICY_REQUIRES,,NONE,1.44,REQUIRED_SCHEDULE_EDGE_AUDITED,
REC-A1-000953,SEQ-A1-000337,MWU_SOURCE_UNIT,12B1-MWU-0153,el fin de semana,LEX-A1-000208,SENSE-A1-000212,12B1-MWU-0153,NEAR_TRANSFER,A1-M03-I01-S4,A1-M03-I02-S3,A1-M03-I01,A1-M03-I02,CORE_OR_STRUCTURAL_ROUTE,TRANSFER_IN_CHANGED_CONTEXT,AS_OBJECT_POLICY_REQUIRES,,NONE,1.44,REQUIRED_SCHEDULE_EDGE_AUDITED,
REC-A1-000954,SEQ-A1-000337,MWU_SOURCE_UNIT,12B1-MWU-0153,el fin de semana,LEX-A1-000208,SENSE-A1-000212,12B1-MWU-0153,DISTANT_RETURN,A1-M03-I02-S3,A1-M04-I01-S2,A1-M03-I02,A1-M04-I01,CORE_OR_STRUCTURAL_ROUTE,DELAYED_RETRIEVAL_OR_TERMINAL_INTEGRATION,AS_OBJECT_POLICY_REQUIRES,,NONE,1.44,REQUIRED_SCHEDULE_EDGE_AUDITED,"Scheduled four islands after first introduction; destination story is load-balanced. This is a curriculum spacing rule, not a universal optimal interval claim."
REC-A1-000955,SEQ-A1-000340,MWU_SOURCE_UNIT,12B1-MWU-0161,en la tarde,,,12B1-MWU-0161,LOCAL_REUSE,A1-M03-I01-S2,A1-M03-I01-S3,A1-M03-I01,A1-M03-I01,CORE_OR_STRUCTURAL_ROUTE,REEXPOSURE_OR_RETRIEVAL,AS_OBJECT_POLICY_REQUIRES,,NONE,1.44,REQUIRED_SCHEDULE_EDGE_AUDITED,
REC-A1-000956,SEQ-A1-000340,MWU_SOURCE_UNIT,12B1-MWU-0161,en la tarde,,,12B1-MWU-0161,NEAR_TRANSFER,A1-M03-I01-S3,A1-M03-I02-S1,A1-M03-I01,A1-M03-I02,CORE_OR_STRUCTURAL_ROUTE,TRANSFER_IN_CHANGED_CONTEXT,AS_OBJECT_POLICY_REQUIRES,,NONE,1.44,REQUIRED_SCHEDULE_EDGE_AUDITED,
REC-A1-000957,SEQ-A1-000340,MWU_SOURCE_UNIT,12B1-MWU-0161,en la tarde,,,12B1-MWU-0161,DISTANT_RETURN,A1-M03-I02-S1,A1-M04-I01-S3,A1-M03-I02,A1-M04-I01,CORE_OR_STRUCTURAL_ROUTE,DELAYED_RETRIEVAL_OR_TERMINAL_INTEGRATION,AS_OBJECT_POLICY_REQUIRES,,NONE,1.44,REQUIRED_SCHEDULE_EDGE_AUDITED,"Scheduled four islands after first introduction; destination story is load-balanced. This is a curriculum spacing rule, not a universal optimal interval claim."
REC-A1-000958,SEQ-A1-000343,MWU_SOURCE_UNIT,12B1-MWU-0174,por la tarde,LEX-A1-000450,SENSE-A1-000458,12B1-MWU-0174,LOCAL_REUSE,A1-M03-I01-S2,A1-M03-I01-S4,A1-M03-I01,A1-M03-I01,CORE_OR_STRUCTURAL_ROUTE,REEXPOSURE_OR_RETRIEVAL,AS_OBJECT_POLICY_REQUIRES,,NONE,1.44,REQUIRED_SCHEDULE_EDGE_AUDITED,
REC-A1-000959,SEQ-A1-000343,MWU_SOURCE_UNIT,12B1-MWU-0174,por la tarde,LEX-A1-000450,SENSE-A1-000458,12B1-MWU-0174,NEAR_TRANSFER,A1-M03-I01-S4,A1-M03-I02-S2,A1-M03-I01,A1-M03-I02,CORE_OR_STRUCTURAL_ROUTE,TRANSFER_IN_CHANGED_CONTEXT,AS_OBJECT_POLICY_REQUIRES,,NONE,1.44,REQUIRED_SCHEDULE_EDGE_AUDITED,
REC-A1-000960,SEQ-A1-000343,MWU_SOURCE_UNIT,12B1-MWU-0174,por la tarde,LEX-A1-000450,SENSE-A1-000458,12B1-MWU-0174,DISTANT_RETURN,A1-M03-I02-S2,A1-M04-I01-S1,A1-M03-I02,A1-M04-I01,CORE_OR_STRUCTURAL_ROUTE,DELAYED_RETRIEVAL_OR_TERMINAL_INTEGRATION,AS_OBJECT_POLICY_REQUIRES,,NONE,1.44,REQUIRED_SCHEDULE_EDGE_AUDITED,"Scheduled four islands after first introduction; destination story is load-balanced. This is a curriculum spacing rule, not a universal optimal interval claim."
REC-A1-000961,SEQ-A1-000984,MWU_SOURCE_UNIT,12B1-MWU-0185,ser temprano,,,12B1-MWU-0185,LOCAL_REUSE,A1-M03-I01-S2,A1-M03-I01-S3,A1-M03-I01,A1-M03-I01,CORE_OR_STRUCTURAL_ROUTE,REEXPOSURE_OR_RETRIEVAL,AS_OBJECT_POLICY_REQUIRES,,NONE,1.44,REQUIRED_SCHEDULE_EDGE_AUDITED,
REC-A1-000962,SEQ-A1-000984,MWU_SOURCE_UNIT,12B1-MWU-0185,ser temprano,,,12B1-MWU-0185,NEAR_TRANSFER,A1-M03-I01-S3,A1-M03-I02-S3,A1-M03-I01,A1-M03-I02,CORE_OR_STRUCTURAL_ROUTE,TRANSFER_IN_CHANGED_CONTEXT,AS_OBJECT_POLICY_REQUIRES,,NONE,1.44,REQUIRED_SCHEDULE_EDGE_AUDITED,
REC-A1-000963,SEQ-A1-000984,MWU_SOURCE_UNIT,12B1-MWU-0185,ser temprano,,,12B1-MWU-0185,DISTANT_RETURN,A1-M03-I02-S3,A1-M04-I01-S2,A1-M03-I02,A1-M04-I01,CORE_OR_STRUCTURAL_ROUTE,DELAYED_RETRIEVAL_OR_TERMINAL_INTEGRATION,AS_OBJECT_POLICY_REQUIRES,,NONE,1.44,REQUIRED_SCHEDULE_EDGE_AUDITED,"Scheduled four islands after first introduction; destination story is load-balanced. This is a curriculum spacing rule, not a universal optimal interval claim."
REC-A1-000964,SEQ-A1-000295,SENSE,SENSE-A1-000006,a veces,LEX-A1-000006,SENSE-A1-000006,,LOCAL_REUSE,A1-M03-I01-S2,A1-M03-I01-S4,A1-M03-I01,A1-M03-I01,CORE_OR_STRUCTURAL_ROUTE,REEXPOSURE_OR_RETRIEVAL,CONTEXTUAL_OR_FUNCTION_BOUND,,NONE,1.44,REQUIRED_SCHEDULE_EDGE_AUDITED,
REC-A1-000965,SEQ-A1-000295,SENSE,SENSE-A1-000006,a veces,LEX-A1-000006,SENSE-A1-000006,,NEAR_TRANSFER,A1-M03-I01-S4,A1-M03-I02-S1,A1-M03-I01,A1-M03-I02,CORE_OR_STRUCTURAL_ROUTE,TRANSFER_IN_CHANGED_CONTEXT,CONTEXTUAL_OR_FUNCTION_BOUND,,NONE,1.44,REQUIRED_SCHEDULE_EDGE_AUDITED,
REC-A1-000966,SEQ-A1-000295,SENSE,SENSE-A1-000006,a veces,LEX-A1-000006,SENSE-A1-000006,,DISTANT_RETURN,A1-M03-I02-S1,A1-M04-I01-S3,A1-M03-I02,A1-M04-I01,CORE_OR_STRUCTURAL_ROUTE,DELAYED_RETRIEVAL_OR_TERMINAL_INTEGRATION,CONTEXTUAL_OR_FUNCTION_BOUND,,NONE,1.44,REQUIRED_SCHEDULE_EDGE_AUDITED,"Scheduled four islands after first introduction; destination story is load-balanced. This is a curriculum spacing rule, not a universal optimal interval claim."
REC-A1-000967,SEQ-A1-000299,SENSE,SENSE-A1-000057,ayer,LEX-A1-000057,SENSE-A1-000057,,LOCAL_REUSE,A1-M03-I01-S2,A1-M03-I01-S3,A1-M03-I01,A1-M03-I01,CORE_OR_STRUCTURAL_ROUTE,REEXPOSURE_OR_RETRIEVAL,CONTEXTUAL_OR_FUNCTION_BOUND,,NONE,1.44,REQUIRED_SCHEDULE_EDGE_AUDITED,
REC-A1-000968,SEQ-A1-000299,SENSE,SENSE-A1-000057,ayer,LEX-A1-000057,SENSE-A1-000057,,NEAR_TRANSFER,A1-M03-I01-S3,A1-M03-I02-S2,A1-M03-I01,A1-M03-I02,CORE_OR_STRUCTURAL_ROUTE,TRANSFER_IN_CHANGED_CONTEXT,CONTEXTUAL_OR_FUNCTION_BOUND,,NONE,1.44,REQUIRED_SCHEDULE_EDGE_AUDITED,
REC-A1-000969,SEQ-A1-000299,SENSE,SENSE-A1-000057,ayer,LEX-A1-000057,SENSE-A1-000057,,DISTANT_RETURN,A1-M03-I02-S2,A1-M04-I01-S1,A1-M03-I02,A1-M04-I01,CORE_OR_STRUCTURAL_ROUTE,DELAYED_RETRIEVAL_OR_TERMINAL_INTEGRATION,CONTEXTUAL_OR_FUNCTION_BOUND,,NONE,1.44,REQUIRED_SCHEDULE_EDGE_AUDITED,"Scheduled four islands after first introduction; destination story is load-balanced. This is a curriculum spacing rule, not a universal optimal interval claim."
REC-A1-000970,SEQ-A1-000300,SENSE,SENSE-A1-000172,cuándo,LEX-A1-000170,SENSE-A1-000172,,LOCAL_REUSE,A1-M03-I01-S2,A1-M03-I01-S4,A1-M03-I01,A1-M03-I01,CORE_OR_STRUCTURAL_ROUTE,REEXPOSURE_OR_RETRIEVAL,CONTEXTUAL_OR_FUNCTION_BOUND,,NONE,1.44,REQUIRED_SCHEDULE_EDGE_AUDITED,
REC-A1-000971,SEQ-A1-000300,SENSE,SENSE-A1-000172,cuándo,LEX-A1-000170,SENSE-A1-000172,,NEAR_TRANSFER,A1-M03-I01-S4,A1-M03-I02-S3,A1-M03-I01,A1-M03-I02,CORE_OR_STRUCTURAL_ROUTE,TRANSFER_IN_CHANGED_CONTEXT,CONTEXTUAL_OR_FUNCTION_BOUND,,NONE,1.44,REQUIRED_SCHEDULE_EDGE_AUDITED,
REC-A1-000972,SEQ-A1-000300,SENSE,SENSE-A1-000172,cuándo,LEX-A1-000170,SENSE-A1-000172,,DISTANT_RETURN,A1-M03-I02-S3,A1-M04-I01-S2,A1-M03-I02,A1-M04-I01,CORE_OR_STRUCTURAL_ROUTE,DELAYED_RETRIEVAL_OR_TERMINAL_INTEGRATION,CONTEXTUAL_OR_FUNCTION_BOUND,,NONE,1.44,REQUIRED_SCHEDULE_EDGE_AUDITED,"Scheduled four islands after first introduction; destination story is load-balanced. This is a curriculum spacing rule, not a universal optimal interval claim."
REC-A1-000973,SEQ-A1-000304,SENSE,SENSE-A1-000212,el fin de semana,LEX-A1-000208,SENSE-A1-000212,,LOCAL_REUSE,A1-M03-I01-S2,A1-M03-I01-S3,A1-M03-I01,A1-M03-I01,CORE_OR_STRUCTURAL_ROUTE,REEXPOSURE_OR_RETRIEVAL,CONTEXTUAL_OR_FUNCTION_BOUND,,NONE,1.44,REQUIRED_SCHEDULE_EDGE_AUDITED,
REC-A1-000974,SEQ-A1-000304,SENSE,SENSE-A1-000212,el fin de semana,LEX-A1-000208,SENSE-A1-000212,,NEAR_TRANSFER,A1-M03-I01-S3,A1-M03-I02-S1,A1-M03-I01,A1-M03-I02,CORE_OR_STRUCTURAL_ROUTE,TRANSFER_IN_CHANGED_CONTEXT,CONTEXTUAL_OR_FUNCTION_BOUND,,NONE,1.44,REQUIRED_SCHEDULE_EDGE_AUDITED,
REC-A1-000975,SEQ-A1-000304,SENSE,SENSE-A1-000212,el fin de semana,LEX-A1-000208,SENSE-A1-000212,,DISTANT_RETURN,A1-M03-I02-S1,A1-M04-I01-S3,A1-M03-I02,A1-M04-I01,CORE_OR_STRUCTURAL_ROUTE,DELAYED_RETRIEVAL_OR_TERMINAL_INTEGRATION,CONTEXTUAL_OR_FUNCTION_BOUND,,NONE,1.44,REQUIRED_SCHEDULE_EDGE_AUDITED,"Scheduled four islands after first introduction; destination story is load-balanced. This is a curriculum spacing rule, not a universal optimal interval claim."
REC-A1-000976,SEQ-A1-000307,SENSE,SENSE-A1-000298,hoy,LEX-A1-000293,SENSE-A1-000298,,LOCAL_REUSE,A1-M03-I01-S2,A1-M03-I01-S4,A1-M03-I01,A1-M03-I01,CORE_OR_STRUCTURAL_ROUTE,REEXPOSURE_OR_RETRIEVAL,CONTEXTUAL_OR_FUNCTION_BOUND,,NONE,1.44,REQUIRED_SCHEDULE_EDGE_AUDITED,
REC-A1-000977,SEQ-A1-000307,SENSE,SENSE-A1-000298,hoy,LEX-A1-000293,SENSE-A1-000298,,NEAR_TRANSFER,A1-M03-I01-S4,A1-M03-I02-S2,A1-M03-I01,A1-M03-I02,CORE_OR_STRUCTURAL_ROUTE,TRANSFER_IN_CHANGED_CONTEXT,CONTEXTUAL_OR_FUNCTION_BOUND,,NONE,1.44,REQUIRED_SCHEDULE_EDGE_AUDITED,
REC-A1-000978,SEQ-A1-000307,SENSE,SENSE-A1-000298,hoy,LEX-A1-000293,SENSE-A1-000298,,DISTANT_RETURN,A1-M03-I02-S2,A1-M04-I01-S1,A1-M03-I02,A1-M04-I01,CORE_OR_STRUCTURAL_ROUTE,DELAYED_RETRIEVAL_OR_TERMINAL_INTEGRATION,CONTEXTUAL_OR_FUNCTION_BOUND,,NONE,1.44,REQUIRED_SCHEDULE_EDGE_AUDITED,"Scheduled four islands after first introduction; destination story is load-balanced. This is a curriculum spacing rule, not a universal optimal interval claim."
REC-A1-000979,SEQ-A1-000968,SENSE,SENSE-A1-000377,minuto,LEX-A1-000371,SENSE-A1-000377,,LOCAL_REUSE,A1-M03-I01-S2,A1-M03-I01-S3,A1-M03-I01,A1-M03-I01,CORE_OR_STRUCTURAL_ROUTE,REEXPOSURE_OR_RETRIEVAL,CONTEXTUAL_OR_FUNCTION_BOUND,,NONE,1.44,REQUIRED_SCHEDULE_EDGE_AUDITED,
REC-A1-000980,SEQ-A1-000968,SENSE,SENSE-A1-000377,minuto,LEX-A1-000371,SENSE-A1-000377,,NEAR_TRANSFER,A1-M03-I01-S3,A1-M03-I02-S3,A1-M03-I01,A1-M03-I02,CORE_OR_STRUCTURAL_ROUTE,TRANSFER_IN_CHANGED_CONTEXT,CONTEXTUAL_OR_FUNCTION_BOUND,,NONE,1.44,REQUIRED_SCHEDULE_EDGE_AUDITED,
REC-A1-000981,SEQ-A1-000968,SENSE,SENSE-A1-000377,minuto,LEX-A1-000371,SENSE-A1-000377,,DISTANT_RETURN,A1-M03-I02-S3,A1-M04-I01-S2,A1-M03-I02,A1-M04-I01,CORE_OR_STRUCTURAL_ROUTE,DELAYED_RETRIEVAL_OR_TERMINAL_INTEGRATION,CONTEXTUAL_OR_FUNCTION_BOUND,,NONE,1.44,REQUIRED_SCHEDULE_EDGE_AUDITED,"Scheduled four islands after first introduction; destination story is load-balanced. This is a curriculum spacing rule, not a universal optimal interval claim."
REC-A1-000982,SEQ-A1-000312,SENSE,SENSE-A1-000407,noveno,LEX-A1-000400,SENSE-A1-000407,,LOCAL_REUSE,A1-M03-I01-S2,A1-M03-I01-S4,A1-M03-I01,A1-M03-I01,CORE_OR_STRUCTURAL_ROUTE,REEXPOSURE_OR_RETRIEVAL,CONTEXTUAL_OR_FUNCTION_BOUND,,NONE,1.44,REQUIRED_SCHEDULE_EDGE_AUDITED,
REC-A1-000983,SEQ-A1-000312,SENSE,SENSE-A1-000407,noveno,LEX-A1-000400,SENSE-A1-000407,,NEAR_TRANSFER,A1-M03-I01-S4,A1-M03-I02-S1,A1-M03-I01,A1-M03-I02,CORE_OR_STRUCTURAL_ROUTE,TRANSFER_IN_CHANGED_CONTEXT,CONTEXTUAL_OR_FUNCTION_BOUND,,NONE,1.44,REQUIRED_SCHEDULE_EDGE_AUDITED,
REC-A1-000984,SEQ-A1-000312,SENSE,SENSE-A1-000407,noveno,LEX-A1-000400,SENSE-A1-000407,,DISTANT_RETURN,A1-M03-I02-S1,A1-M04-I01-S3,A1-M03-I02,A1-M04-I01,CORE_OR_STRUCTURAL_ROUTE,DELAYED_RETRIEVAL_OR_TERMINAL_INTEGRATION,CONTEXTUAL_OR_FUNCTION_BOUND,,NONE,1.44,REQUIRED_SCHEDULE_EDGE_AUDITED,"Scheduled four islands after first introduction; destination story is load-balanced. This is a curriculum spacing rule, not a universal optimal interval claim."
REC-A1-000985,SEQ-A1-000315,SENSE,SENSE-A1-000457,por la noche,LEX-A1-000449,SENSE-A1-000457,,LOCAL_REUSE,A1-M03-I01-S2,A1-M03-I01-S3,A1-M03-I01,A1-M03-I01,CORE_OR_STRUCTURAL_ROUTE,REEXPOSURE_OR_RETRIEVAL,CONTEXTUAL_OR_FUNCTION_BOUND,,NONE,1.44,REQUIRED_SCHEDULE_EDGE_AUDITED,
REC-A1-000986,SEQ-A1-000315,SENSE,SENSE-A1-000457,por la noche,LEX-A1-000449,SENSE-A1-000457,,NEAR_TRANSFER,A1-M03-I01-S3,A1-M03-I02-S2,A1-M03-I01,A1-M03-I02,CORE_OR_STRUCTURAL_ROUTE,TRANSFER_IN_CHANGED_CONTEXT,CONTEXTUAL_OR_FUNCTION_BOUND,,NONE,1.44,REQUIRED_SCHEDULE_EDGE_AUDITED,
REC-A1-000987,SEQ-A1-000315,SENSE,SENSE-A1-000457,por la noche,LEX-A1-000449,SENSE-A1-000457,,DISTANT_RETURN,A1-M03-I02-S2,A1-M04-I01-S1,A1-M03-I02,A1-M04-I01,CORE_OR_STRUCTURAL_ROUTE,DELAYED_RETRIEVAL_OR_TERMINAL_INTEGRATION,CONTEXTUAL_OR_FUNCTION_BOUND,,NONE,1.44,REQUIRED_SCHEDULE_EDGE_AUDITED,"Scheduled four islands after first introduction; destination story is load-balanced. This is a curriculum spacing rule, not a universal optimal interval claim."
REC-A1-000988,SEQ-A1-000318,SENSE,SENSE-A1-000488,quinto,LEX-A1-000479,SENSE-A1-000488,,LOCAL_REUSE,A1-M03-I01-S2,A1-M03-I01-S4,A1-M03-I01,A1-M03-I01,CORE_OR_STRUCTURAL_ROUTE,REEXPOSURE_OR_RETRIEVAL,CONTEXTUAL_OR_FUNCTION_BOUND,,NONE,1.44,REQUIRED_SCHEDULE_EDGE_AUDITED,
REC-A1-000989,SEQ-A1-000318,SENSE,SENSE-A1-000488,quinto,LEX-A1-000479,SENSE-A1-000488,,NEAR_TRANSFER,A1-M03-I01-S4,A1-M03-I02-S3,A1-M03-I01,A1-M03-I02,CORE_OR_STRUCTURAL_ROUTE,TRANSFER_IN_CHANGED_CONTEXT,CONTEXTUAL_OR_FUNCTION_BOUND,,NONE,1.44,REQUIRED_SCHEDULE_EDGE_AUDITED,
REC-A1-000990,SEQ-A1-000318,SENSE,SENSE-A1-000488,quinto,LEX-A1-000479,SENSE-A1-000488,,DISTANT_RETURN,A1-M03-I02-S3,A1-M04-I01-S2,A1-M03-I02,A1-M04-I01,CORE_OR_STRUCTURAL_ROUTE,DELAYED_RETRIEVAL_OR_TERMINAL_INTEGRATION,CONTEXTUAL_OR_FUNCTION_BOUND,,NONE,1.44,REQUIRED_SCHEDULE_EDGE_AUDITED,"Scheduled four islands after first introduction; destination story is load-balanced. This is a curriculum spacing rule, not a universal optimal interval claim."
REC-A1-000991,SEQ-A1-000321,SENSE,SENSE-A1-000516,semana,LEX-A1-000507,SENSE-A1-000516,,LOCAL_REUSE,A1-M03-I01-S2,A1-M03-I01-S3,A1-M03-I01,A1-M03-I01,CORE_OR_STRUCTURAL_ROUTE,REEXPOSURE_OR_RETRIEVAL,CONTEXTUAL_OR_FUNCTION_BOUND,,NONE,1.44,REQUIRED_SCHEDULE_EDGE_AUDITED,
REC-A1-000992,SEQ-A1-000321,SENSE,SENSE-A1-000516,semana,LEX-A1-000507,SENSE-A1-000516,,NEAR_TRANSFER,A1-M03-I01-S3,A1-M03-I02-S1,A1-M03-I01,A1-M03-I02,CORE_OR_STRUCTURAL_ROUTE,TRANSFER_IN_CHANGED_CONTEXT,CONTEXTUAL_OR_FUNCTION_BOUND,,NONE,1.44,REQUIRED_SCHEDULE_EDGE_AUDITED,
REC-A1-000993,SEQ-A1-000321,SENSE,SENSE-A1-000516,semana,LEX-A1-000507,SENSE-A1-000516,,DISTANT_RETURN,A1-M03-I02-S1,A1-M04-I01-S3,A1-M03-I02,A1-M04-I01,CORE_OR_STRUCTURAL_ROUTE,DELAYED_RETRIEVAL_OR_TERMINAL_INTEGRATION,CONTEXTUAL_OR_FUNCTION_BOUND,,NONE,1.44,REQUIRED_SCHEDULE_EDGE_AUDITED,"Scheduled four islands after first introduction; destination story is load-balanced. This is a curriculum spacing rule, not a universal optimal interval claim."
REC-A1-000994,SEQ-A1-000324,SENSE,SENSE-A1-000544,tarde,LEX-A1-000535,SENSE-A1-000544,,LOCAL_REUSE,A1-M03-I01-S2,A1-M03-I01-S4,A1-M03-I01,A1-M03-I01,CORE_OR_STRUCTURAL_ROUTE,REEXPOSURE_OR_RETRIEVAL,CONTEXTUAL_OR_FUNCTION_BOUND,,NONE,1.44,REQUIRED_SCHEDULE_EDGE_AUDITED,
REC-A1-000995,SEQ-A1-000324,SENSE,SENSE-A1-000544,tarde,LEX-A1-000535,SENSE-A1-000544,,NEAR_TRANSFER,A1-M03-I01-S4,A1-M03-I02-S2,A1-M03-I01,A1-M03-I02,CORE_OR_STRUCTURAL_ROUTE,TRANSFER_IN_CHANGED_CONTEXT,CONTEXTUAL_OR_FUNCTION_BOUND,,NONE,1.44,REQUIRED_SCHEDULE_EDGE_AUDITED,
REC-A1-000996,SEQ-A1-000324,SENSE,SENSE-A1-000544,tarde,LEX-A1-000535,SENSE-A1-000544,,DISTANT_RETURN,A1-M03-I02-S2,A1-M04-I01-S1,A1-M03-I02,A1-M04-I01,CORE_OR_STRUCTURAL_ROUTE,DELAYED_RETRIEVAL_OR_TERMINAL_INTEGRATION,CONTEXTUAL_OR_FUNCTION_BOUND,,NONE,1.44,REQUIRED_SCHEDULE_EDGE_AUDITED,"Scheduled four islands after first introduction; destination story is load-balanced. This is a curriculum spacing rule, not a universal optimal interval claim."
REC-A1-000997,SEQ-A1-000327,GRAMMAR_UNIT,GRAM-A1-008,Nombres comunes de periodos temporales básicos,,,,LOCAL_REUSE,A1-M03-I01-S3,A1-M03-I01-S4,A1-M03-I01,A1-M03-I01,CORE_OR_STRUCTURAL_ROUTE,REEXPOSURE_OR_RETRIEVAL,AS_OBJECT_POLICY_REQUIRES,,NONE,1.44,REQUIRED_SCHEDULE_EDGE_AUDITED,
REC-A1-000998,SEQ-A1-000327,GRAMMAR_UNIT,GRAM-A1-008,Nombres comunes de periodos temporales básicos,,,,NEAR_TRANSFER,A1-M03-I01-S4,A1-M03-I02-S3,A1-M03-I01,A1-M03-I02,CORE_OR_STRUCTURAL_ROUTE,TRANSFER_IN_CHANGED_CONTEXT,AS_OBJECT_POLICY_REQUIRES,,NONE,1.44,REQUIRED_SCHEDULE_EDGE_AUDITED,
REC-A1-000999,SEQ-A1-000327,GRAMMAR_UNIT,GRAM-A1-008,Nombres comunes de periodos temporales básicos,,,,DISTANT_RETURN,A1-M03-I02-S3,A1-M04-I01-S2,A1-M03-I02,A1-M04-I01,CORE_OR_STRUCTURAL_ROUTE,DELAYED_RETRIEVAL_OR_TERMINAL_INTEGRATION,AS_OBJECT_POLICY_REQUIRES,,NONE,1.44,REQUIRED_SCHEDULE_EDGE_AUDITED,"Scheduled four islands after first introduction; destination story is load-balanced. This is a curriculum spacing rule, not a universal optimal interval claim."
REC-A1-001000,SEQ-A1-000331,GRAMMAR_UNIT,GRAM-A1-063,Variación de género de ordinales,,,,LOCAL_REUSE,A1-M03-I01-S3,A1-M03-I01-S4,A1-M03-I01,A1-M03-I01,CORE_OR_STRUCTURAL_ROUTE,REEXPOSURE_OR_RETRIEVAL,AS_OBJECT_POLICY_REQUIRES,,NONE,1.44,REQUIRED_SCHEDULE_EDGE_AUDITED,
REC-A1-001001,SEQ-A1-000331,GRAMMAR_UNIT,GRAM-A1-063,Variación de género de ordinales,,,,NEAR_TRANSFER,A1-M03-I01-S4,A1-M03-I02-S1,A1-M03-I01,A1-M03-I02,CORE_OR_STRUCTURAL_ROUTE,TRANSFER_IN_CHANGED_CONTEXT,AS_OBJECT_POLICY_REQUIRES,,NONE,1.44,REQUIRED_SCHEDULE_EDGE_AUDITED,
REC-A1-001002,SEQ-A1-000331,GRAMMAR_UNIT,GRAM-A1-063,Variación de género de ordinales,,,,DISTANT_RETURN,A1-M03-I02-S1,A1-M04-I01-S3,A1-M03-I02,A1-M04-I01,CORE_OR_STRUCTURAL_ROUTE,DELAYED_RETRIEVAL_OR_TERMINAL_INTEGRATION,AS_OBJECT_POLICY_REQUIRES,,NONE,1.44,REQUIRED_SCHEDULE_EDGE_AUDITED,"Scheduled four islands after first introduction; destination story is load-balanced. This is a curriculum spacing rule, not a universal optimal interval claim."
REC-A1-001003,SEQ-A1-000335,MWU_SOURCE_UNIT,12B1-MWU-0143,a mediodía,LEX-A1-000004,SENSE-A1-000004,12B1-MWU-0143,LOCAL_REUSE,A1-M03-I01-S3,A1-M03-I01-S4,A1-M03-I01,A1-M03-I01,CORE_OR_STRUCTURAL_ROUTE,REEXPOSURE_OR_RETRIEVAL,AS_OBJECT_POLICY_REQUIRES,,NONE,1.44,REQUIRED_SCHEDULE_EDGE_AUDITED,
REC-A1-001004,SEQ-A1-000335,MWU_SOURCE_UNIT,12B1-MWU-0143,a mediodía,LEX-A1-000004,SENSE-A1-000004,12B1-MWU-0143,NEAR_TRANSFER,A1-M03-I01-S4,A1-M03-I02-S2,A1-M03-I01,A1-M03-I02,CORE_OR_STRUCTURAL_ROUTE,TRANSFER_IN_CHANGED_CONTEXT,AS_OBJECT_POLICY_REQUIRES,,NONE,1.44,REQUIRED_SCHEDULE_EDGE_AUDITED,
REC-A1-001005,SEQ-A1-000335,MWU_SOURCE_UNIT,12B1-MWU-0143,a mediodía,LEX-A1-000004,SENSE-A1-000004,12B1-MWU-0143,DISTANT_RETURN,A1-M03-I02-S2,A1-M04-I01-S1,A1-M03-I02,A1-M04-I01,CORE_OR_STRUCTURAL_ROUTE,DELAYED_RETRIEVAL_OR_TERMINAL_INTEGRATION,AS_OBJECT_POLICY_REQUIRES,,NONE,1.44,REQUIRED_SCHEDULE_EDGE_AUDITED,"Scheduled four islands after first introduction; destination story is load-balanced. This is a curriculum spacing rule, not a universal optimal interval claim."
REC-A1-001006,SEQ-A1-000338,MWU_SOURCE_UNIT,12B1-MWU-0159,en la mañana,,,12B1-MWU-0159,LOCAL_REUSE,A1-M03-I01-S3,A1-M03-I01-S4,A1-M03-I01,A1-M03-I01,CORE_OR_STRUCTURAL_ROUTE,REEXPOSURE_OR_RETRIEVAL,AS_OBJECT_POLICY_REQUIRES,,NONE,1.44,REQUIRED_SCHEDULE_EDGE_AUDITED,
REC-A1-001007,SEQ-A1-000338,MWU_SOURCE_UNIT,12B1-MWU-0159,en la mañana,,,12B1-MWU-0159,NEAR_TRANSFER,A1-M03-I01-S4,A1-M03-I02-S3,A1-M03-I01,A1-M03-I02,CORE_OR_STRUCTURAL_ROUTE,TRANSFER_IN_CHANGED_CONTEXT,AS_OBJECT_POLICY_REQUIRES,,NONE,1.44,REQUIRED_SCHEDULE_EDGE_AUDITED,
REC-A1-001008,SEQ-A1-000338,MWU_SOURCE_UNIT,12B1-MWU-0159,en la mañana,,,12B1-MWU-0159,DISTANT_RETURN,A1-M03-I02-S3,A1-M04-I01-S2,A1-M03-I02,A1-M04-I01,CORE_OR_STRUCTURAL_ROUTE,DELAYED_RETRIEVAL_OR_TERMINAL_INTEGRATION,AS_OBJECT_POLICY_REQUIRES,,NONE,1.44,REQUIRED_SCHEDULE_EDGE_AUDITED,"Scheduled four islands after first introduction; destination story is load-balanced. This is a curriculum spacing rule, not a universal optimal interval claim."
REC-A1-001009,SEQ-A1-000341,MWU_SOURCE_UNIT,12B1-MWU-0172,por la mañana,LEX-A1-000448,SENSE-A1-000456,12B1-MWU-0172,LOCAL_REUSE,A1-M03-I01-S3,A1-M03-I01-S4,A1-M03-I01,A1-M03-I01,CORE_OR_STRUCTURAL_ROUTE,REEXPOSURE_OR_RETRIEVAL,AS_OBJECT_POLICY_REQUIRES,,NONE,1.44,REQUIRED_SCHEDULE_EDGE_AUDITED,
REC-A1-001010,SEQ-A1-000341,MWU_SOURCE_UNIT,12B1-MWU-0172,por la mañana,LEX-A1-000448,SENSE-A1-000456,12B1-MWU-0172,NEAR_TRANSFER,A1-M03-I01-S4,A1-M03-I02-S1,A1-M03-I01,A1-M03-I02,CORE_OR_STRUCTURAL_ROUTE,TRANSFER_IN_CHANGED_CONTEXT,AS_OBJECT_POLICY_REQUIRES,,NONE,1.44,REQUIRED_SCHEDULE_EDGE_AUDITED,
REC-A1-001011,SEQ-A1-000341,MWU_SOURCE_UNIT,12B1-MWU-0172,por la mañana,LEX-A1-000448,SENSE-A1-000456,12B1-MWU-0172,DISTANT_RETURN,A1-M03-I02-S1,A1-M04-I01-S3,A1-M03-I02,A1-M04-I01,CORE_OR_STRUCTURAL_ROUTE,DELAYED_RETRIEVAL_OR_TERMINAL_INTEGRATION,AS_OBJECT_POLICY_REQUIRES,,NONE,1.44,REQUIRED_SCHEDULE_EDGE_AUDITED,"Scheduled four islands after first introduction; destination story is load-balanced. This is a curriculum spacing rule, not a universal optimal interval claim."
REC-A1-001012,SEQ-A1-000982,MWU_SOURCE_UNIT,12B1-MWU-0183,ser pronto,,,12B1-MWU-0183,LOCAL_REUSE,A1-M03-I01-S3,A1-M03-I01-S4,A1-M03-I01,A1-M03-I01,CORE_OR_STRUCTURAL_ROUTE,REEXPOSURE_OR_RETRIEVAL,AS_OBJECT_POLICY_REQUIRES,,NONE,1.44,REQUIRED_SCHEDULE_EDGE_AUDITED,
REC-A1-001013,SEQ-A1-000982,MWU_SOURCE_UNIT,12B1-MWU-0183,ser pronto,,,12B1-MWU-0183,NEAR_TRANSFER,A1-M03-I01-S4,A1-M03-I02-S2,A1-M03-I01,A1-M03-I02,CORE_OR_STRUCTURAL_ROUTE,TRANSFER_IN_CHANGED_CONTEXT,AS_OBJECT_POLICY_REQUIRES,,NONE,1.44,REQUIRED_SCHEDULE_EDGE_AUDITED,
REC-A1-001014,SEQ-A1-000982,MWU_SOURCE_UNIT,12B1-MWU-0183,ser pronto,,,12B1-MWU-0183,DISTANT_RETURN,A1-M03-I02-S2,A1-M04-I01-S1,A1-M03-I02,A1-M04-I01,CORE_OR_STRUCTURAL_ROUTE,DELAYED_RETRIEVAL_OR_TERMINAL_INTEGRATION,AS_OBJECT_POLICY_REQUIRES,,NONE,1.44,REQUIRED_SCHEDULE_EDGE_AUDITED,"Scheduled four islands after first introduction; destination story is load-balanced. This is a curriculum spacing rule, not a universal optimal interval claim."
REC-A1-001015,SEQ-A1-000344,MWU_SOURCE_UNIT,12B1-MWU-0187,todos los días,,,12B1-MWU-0187,LOCAL_REUSE,A1-M03-I01-S3,A1-M03-I01-S4,A1-M03-I01,A1-M03-I01,CORE_OR_STRUCTURAL_ROUTE,REEXPOSURE_OR_RETRIEVAL,AS_OBJECT_POLICY_REQUIRES,,NONE,1.44,REQUIRED_SCHEDULE_EDGE_AUDITED,
REC-A1-001016,SEQ-A1-000344,MWU_SOURCE_UNIT,12B1-MWU-0187,todos los días,,,12B1-MWU-0187,NEAR_TRANSFER,A1-M03-I01-S4,A1-M03-I02-S3,A1-M03-I01,A1-M03-I02,CORE_OR_STRUCTURAL_ROUTE,TRANSFER_IN_CHANGED_CONTEXT,AS_OBJECT_POLICY_REQUIRES,,NONE,1.44,REQUIRED_SCHEDULE_EDGE_AUDITED,
REC-A1-001017,SEQ-A1-000344,MWU_SOURCE_UNIT,12B1-MWU-0187,todos los días,,,12B1-MWU-0187,DISTANT_RETURN,A1-M03-I02-S3,A1-M04-I01-S2,A1-M03-I02,A1-M04-I01,CORE_OR_STRUCTURAL_ROUTE,DELAYED_RETRIEVAL_OR_TERMINAL_INTEGRATION,AS_OBJECT_POLICY_REQUIRES,,NONE,1.44,REQUIRED_SCHEDULE_EDGE_AUDITED,"Scheduled four islands after first introduction; destination story is load-balanced. This is a curriculum spacing rule, not a universal optimal interval claim."
REC-A1-001018,SEQ-A1-000296,SENSE,SENSE-A1-000022,ahora,LEX-A1-000022,SENSE-A1-000022,,LOCAL_REUSE,A1-M03-I01-S3,A1-M03-I01-S4,A1-M03-I01,A1-M03-I01,CORE_OR_STRUCTURAL_ROUTE,REEXPOSURE_OR_RETRIEVAL,CONTEXTUAL_OR_FUNCTION_BOUND,,NONE,1.44,REQUIRED_SCHEDULE_EDGE_AUDITED,
REC-A1-001019,SEQ-A1-000296,SENSE,SENSE-A1-000022,ahora,LEX-A1-000022,SENSE-A1-000022,,NEAR_TRANSFER,A1-M03-I01-S4,A1-M03-I02-S1,A1-M03-I01,A1-M03-I02,CORE_OR_STRUCTURAL_ROUTE,TRANSFER_IN_CHANGED_CONTEXT,CONTEXTUAL_OR_FUNCTION_BOUND,,NONE,1.44,REQUIRED_SCHEDULE_EDGE_AUDITED,
REC-A1-001020,SEQ-A1-000296,SENSE,SENSE-A1-000022,ahora,LEX-A1-000022,SENSE-A1-000022,,DISTANT_RETURN,A1-M03-I02-S1,A1-M04-I01-S3,A1-M03-I02,A1-M04-I01,CORE_OR_STRUCTURAL_ROUTE,DELAYED_RETRIEVAL_OR_TERMINAL_INTEGRATION,CONTEXTUAL_OR_FUNCTION_BOUND,,NONE,1.44,REQUIRED_SCHEDULE_EDGE_AUDITED,"Scheduled four islands after first introduction; destination story is load-balanced. This is a curriculum spacing rule, not a universal optimal interval claim."
REC-A1-001021,SEQ-A1-000298,SENSE,SENSE-A1-000040,año,LEX-A1-000040,SENSE-A1-000040,,LOCAL_REUSE,A1-M03-I01-S3,A1-M03-I01-S4,A1-M03-I01,A1-M03-I01,CORE_OR_STRUCTURAL_ROUTE,REEXPOSURE_OR_RETRIEVAL,CONTEXTUAL_OR_FUNCTION_BOUND,,NONE,1.44,REQUIRED_SCHEDULE_EDGE_AUDITED,
REC-A1-001022,SEQ-A1-000298,SENSE,SENSE-A1-000040,año,LEX-A1-000040,SENSE-A1-000040,,NEAR_TRANSFER,A1-M03-I01-S4,A1-M03-I02-S2,A1-M03-I01,A1-M03-I02,CORE_OR_STRUCTURAL_ROUTE,TRANSFER_IN_CHANGED_CONTEXT,CONTEXTUAL_OR_FUNCTION_BOUND,,NONE,1.44,REQUIRED_SCHEDULE_EDGE_AUDITED,
REC-A1-001023,SEQ-A1-000298,SENSE,SENSE-A1-000040,año,LEX-A1-000040,SENSE-A1-000040,,DISTANT_RETURN,A1-M03-I02-S2,A1-M04-I01-S1,A1-M03-I02,A1-M04-I01,CORE_OR_STRUCTURAL_ROUTE,DELAYED_RETRIEVAL_OR_TERMINAL_INTEGRATION,CONTEXTUAL_OR_FUNCTION_BOUND,,NONE,1.44,REQUIRED_SCHEDULE_EDGE_AUDITED,"Scheduled four islands after first introduction; destination story is load-balanced. This is a curriculum spacing rule, not a universal optimal interval claim."
REC-A1-001024,SEQ-A1-000302,SENSE,SENSE-A1-000179,décimo,LEX-A1-000177,SENSE-A1-000179,,LOCAL_REUSE,A1-M03-I01-S3,A1-M03-I01-S4,A1-M03-I01,A1-M03-I01,CORE_OR_STRUCTURAL_ROUTE,REEXPOSURE_OR_RETRIEVAL,CONTEXTUAL_OR_FUNCTION_BOUND,,NONE,1.44,REQUIRED_SCHEDULE_EDGE_AUDITED,
REC-A1-001025,SEQ-A1-000302,SENSE,SENSE-A1-000179,décimo,LEX-A1-000177,SENSE-A1-000179,,NEAR_TRANSFER,A1-M03-I01-S4,A1-M03-I02-S3,A1-M03-I01,A1-M03-I02,CORE_OR_STRUCTURAL_ROUTE,TRANSFER_IN_CHANGED_CONTEXT,CONTEXTUAL_OR_FUNCTION_BOUND,,NONE,1.44,REQUIRED_SCHEDULE_EDGE_AUDITED,
REC-A1-001026,SEQ-A1-000302,SENSE,SENSE-A1-000179,décimo,LEX-A1-000177,SENSE-A1-000179,,DISTANT_RETURN,A1-M03-I02-S3,A1-M04-I01-S2,A1-M03-I02,A1-M04-I01,CORE_OR_STRUCTURAL_ROUTE,DELAYED_RETRIEVAL_OR_TERMINAL_INTEGRATION,CONTEXTUAL_OR_FUNCTION_BOUND,,NONE,1.44,REQUIRED_SCHEDULE_EDGE_AUDITED,"Scheduled four islands after first introduction; destination story is load-balanced. This is a curriculum spacing rule, not a universal optimal interval claim."
REC-A1-001027,SEQ-A1-000305,SENSE,SENSE-A1-000288,hasta,LEX-A1-000283,SENSE-A1-000288,,LOCAL_REUSE,A1-M03-I01-S3,A1-M03-I01-S4,A1-M03-I01,A1-M03-I01,CORE_OR_STRUCTURAL_ROUTE,REEXPOSURE_OR_RETRIEVAL,CONTEXTUAL_OR_FUNCTION_BOUND,,NONE,1.44,REQUIRED_SCHEDULE_EDGE_AUDITED,
REC-A1-001028,SEQ-A1-000305,SENSE,SENSE-A1-000288,hasta,LEX-A1-000283,SENSE-A1-000288,,NEAR_TRANSFER,A1-M03-I01-S4,A1-M03-I02-S1,A1-M03-I01,A1-M03-I02,CORE_OR_STRUCTURAL_ROUTE,TRANSFER_IN_CHANGED_CONTEXT,CONTEXTUAL_OR_FUNCTION_BOUND,,NONE,1.44,REQUIRED_SCHEDULE_EDGE_AUDITED,
REC-A1-001029,SEQ-A1-000305,SENSE,SENSE-A1-000288,hasta,LEX-A1-000283,SENSE-A1-000288,,DISTANT_RETURN,A1-M03-I02-S1,A1-M04-I01-S3,A1-M03-I02,A1-M04-I01,CORE_OR_STRUCTURAL_ROUTE,DELAYED_RETRIEVAL_OR_TERMINAL_INTEGRATION,CONTEXTUAL_OR_FUNCTION_BOUND,,NONE,1.44,REQUIRED_SCHEDULE_EDGE_AUDITED,"Scheduled four islands after first introduction; destination story is load-balanced. This is a curriculum spacing rule, not a universal optimal interval claim."
REC-A1-001030,SEQ-A1-000308,SENSE,SENSE-A1-000351,mañana,LEX-A1-000345,SENSE-A1-000351,,LOCAL_REUSE,A1-M03-I01-S3,A1-M03-I01-S4,A1-M03-I01,A1-M03-I01,CORE_OR_STRUCTURAL_ROUTE,REEXPOSURE_OR_RETRIEVAL,CONTEXTUAL_OR_FUNCTION_BOUND,,NONE,1.44,REQUIRED_SCHEDULE_EDGE_AUDITED,
REC-A1-001031,SEQ-A1-000308,SENSE,SENSE-A1-000351,mañana,LEX-A1-000345,SENSE-A1-000351,,NEAR_TRANSFER,A1-M03-I01-S4,A1-M03-I02-S2,A1-M03-I01,A1-M03-I02,CORE_OR_STRUCTURAL_ROUTE,TRANSFER_IN_CHANGED_CONTEXT,CONTEXTUAL_OR_FUNCTION_BOUND,,NONE,1.44,REQUIRED_SCHEDULE_EDGE_AUDITED,
REC-A1-001032,SEQ-A1-000308,SENSE,SENSE-A1-000351,mañana,LEX-A1-000345,SENSE-A1-000351,,DISTANT_RETURN,A1-M03-I02-S2,A1-M04-I01-S1,A1-M03-I02,A1-M04-I01,CORE_OR_STRUCTURAL_ROUTE,DELAYED_RETRIEVAL_OR_TERMINAL_INTEGRATION,CONTEXTUAL_OR_FUNCTION_BOUND,,NONE,1.44,REQUIRED_SCHEDULE_EDGE_AUDITED,"Scheduled four islands after first introduction; destination story is load-balanced. This is a curriculum spacing rule, not a universal optimal interval claim."
REC-A1-001033,SEQ-A1-000310,SENSE,SENSE-A1-000378,momento,LEX-A1-000372,SENSE-A1-000378,,LOCAL_REUSE,A1-M03-I01-S3,A1-M03-I01-S4,A1-M03-I01,A1-M03-I01,CORE_OR_STRUCTURAL_ROUTE,REEXPOSURE_OR_RETRIEVAL,CONTEXTUAL_OR_FUNCTION_BOUND,,NONE,1.44,REQUIRED_SCHEDULE_EDGE_AUDITED,
REC-A1-001034,SEQ-A1-000310,SENSE,SENSE-A1-000378,momento,LEX-A1-000372,SENSE-A1-000378,,NEAR_TRANSFER,A1-M03-I01-S4,A1-M03-I02-S3,A1-M03-I01,A1-M03-I02,CORE_OR_STRUCTURAL_ROUTE,TRANSFER_IN_CHANGED_CONTEXT,CONTEXTUAL_OR_FUNCTION_BOUND,,NONE,1.44,REQUIRED_SCHEDULE_EDGE_AUDITED,
REC-A1-001035,SEQ-A1-000310,SENSE,SENSE-A1-000378,momento,LEX-A1-000372,SENSE-A1-000378,,DISTANT_RETURN,A1-M03-I02-S3,A1-M04-I01-S2,A1-M03-I02,A1-M04-I01,CORE_OR_STRUCTURAL_ROUTE,DELAYED_RETRIEVAL_OR_TERMINAL_INTEGRATION,CONTEXTUAL_OR_FUNCTION_BOUND,,NONE,1.44,REQUIRED_SCHEDULE_EDGE_AUDITED,"Scheduled four islands after first introduction; destination story is load-balanced. This is a curriculum spacing rule, not a universal optimal interval claim."
REC-A1-001036,SEQ-A1-000313,SENSE,SENSE-A1-000414,octavo,LEX-A1-000407,SENSE-A1-000414,,LOCAL_REUSE,A1-M03-I01-S3,A1-M03-I01-S4,A1-M03-I01,A1-M03-I01,CORE_OR_STRUCTURAL_ROUTE,REEXPOSURE_OR_RETRIEVAL,CONTEXTUAL_OR_FUNCTION_BOUND,,NONE,1.44,REQUIRED_SCHEDULE_EDGE_AUDITED,
REC-A1-001037,SEQ-A1-000313,SENSE,SENSE-A1-000414,octavo,LEX-A1-000407,SENSE-A1-000414,,NEAR_TRANSFER,A1-M03-I01-S4,A1-M03-I02-S1,A1-M03-I01,A1-M03-I02,CORE_OR_STRUCTURAL_ROUTE,TRANSFER_IN_CHANGED_CONTEXT,CONTEXTUAL_OR_FUNCTION_BOUND,,NONE,1.44,REQUIRED_SCHEDULE_EDGE_AUDITED,
REC-A1-001038,SEQ-A1-000313,SENSE,SENSE-A1-000414,octavo,LEX-A1-000407,SENSE-A1-000414,,DISTANT_RETURN,A1-M03-I02-S1,A1-M04-I01-S3,A1-M03-I02,A1-M04-I01,CORE_OR_STRUCTURAL_ROUTE,DELAYED_RETRIEVAL_OR_TERMINAL_INTEGRATION,CONTEXTUAL_OR_FUNCTION_BOUND,,NONE,1.44,REQUIRED_SCHEDULE_EDGE_AUDITED,"Scheduled four islands after first introduction; destination story is load-balanced. This is a curriculum spacing rule, not a universal optimal interval claim."
REC-A1-001039,SEQ-A1-000316,SENSE,SENSE-A1-000458,por la tarde,LEX-A1-000450,SENSE-A1-000458,,LOCAL_REUSE,A1-M03-I01-S3,A1-M03-I01-S4,A1-M03-I01,A1-M03-I01,CORE_OR_STRUCTURAL_ROUTE,REEXPOSURE_OR_RETRIEVAL,CONTEXTUAL_OR_FUNCTION_BOUND,,NONE,1.44,REQUIRED_SCHEDULE_EDGE_AUDITED,
REC-A1-001040,SEQ-A1-000316,SENSE,SENSE-A1-000458,por la tarde,LEX-A1-000450,SENSE-A1-000458,,NEAR_TRANSFER,A1-M03-I01-S4,A1-M03-I02-S2,A1-M03-I01,A1-M03-I02,CORE_OR_STRUCTURAL_ROUTE,TRANSFER_IN_CHANGED_CONTEXT,CONTEXTUAL_OR_FUNCTION_BOUND,,NONE,1.44,REQUIRED_SCHEDULE_EDGE_AUDITED,
REC-A1-001041,SEQ-A1-000316,SENSE,SENSE-A1-000458,por la tarde,LEX-A1-000450,SENSE-A1-000458,,DISTANT_RETURN,A1-M03-I02-S2,A1-M04-I01-S1,A1-M03-I02,A1-M04-I01,CORE_OR_STRUCTURAL_ROUTE,DELAYED_RETRIEVAL_OR_TERMINAL_INTEGRATION,CONTEXTUAL_OR_FUNCTION_BOUND,,NONE,1.44,REQUIRED_SCHEDULE_EDGE_AUDITED,"Scheduled four islands after first introduction; destination story is load-balanced. This is a curriculum spacing rule, not a universal optimal interval claim."
REC-A1-001042,SEQ-A1-000319,SENSE,SENSE-A1-000496,reloj,LEX-A1-000487,SENSE-A1-000496,,LOCAL_REUSE,A1-M03-I01-S3,A1-M03-I01-S4,A1-M03-I01,A1-M03-I01,CORE_OR_STRUCTURAL_ROUTE,REEXPOSURE_OR_RETRIEVAL,CONTEXTUAL_OR_FUNCTION_BOUND,,NONE,1.44,REQUIRED_SCHEDULE_EDGE_AUDITED,
REC-A1-001043,SEQ-A1-000319,SENSE,SENSE-A1-000496,reloj,LEX-A1-000487,SENSE-A1-000496,,NEAR_TRANSFER,A1-M03-I01-S4,A1-M03-I02-S3,A1-M03-I01,A1-M03-I02,CORE_OR_STRUCTURAL_ROUTE,TRANSFER_IN_CHANGED_CONTEXT,CONTEXTUAL_OR_FUNCTION_BOUND,,NONE,1.44,REQUIRED_SCHEDULE_EDGE_AUDITED,
REC-A1-001044,SEQ-A1-000319,SENSE,SENSE-A1-000496,reloj,LEX-A1-000487,SENSE-A1-000496,,DISTANT_RETURN,A1-M03-I02-S3,A1-M04-I01-S2,A1-M03-I02,A1-M04-I01,CORE_OR_STRUCTURAL_ROUTE,DELAYED_RETRIEVAL_OR_TERMINAL_INTEGRATION,CONTEXTUAL_OR_FUNCTION_BOUND,,NONE,1.44,REQUIRED_SCHEDULE_EDGE_AUDITED,"Scheduled four islands after first introduction; destination story is load-balanced. This is a curriculum spacing rule, not a universal optimal interval claim."
REC-A1-001045,SEQ-A1-000323,SENSE,SENSE-A1-000522,sexto,LEX-A1-000513,SENSE-A1-000522,,LOCAL_REUSE,A1-M03-I01-S3,A1-M03-I01-S4,A1-M03-I01,A1-M03-I01,CORE_OR_STRUCTURAL_ROUTE,REEXPOSURE_OR_RETRIEVAL,CONTEXTUAL_OR_FUNCTION_BOUND,,NONE,1.44,REQUIRED_SCHEDULE_EDGE_AUDITED,
REC-A1-001046,SEQ-A1-000323,SENSE,SENSE-A1-000522,sexto,LEX-A1-000513,SENSE-A1-000522,,NEAR_TRANSFER,A1-M03-I01-S4,A1-M03-I02-S1,A1-M03-I01,A1-M03-I02,CORE_OR_STRUCTURAL_ROUTE,TRANSFER_IN_CHANGED_CONTEXT,CONTEXTUAL_OR_FUNCTION_BOUND,,NONE,1.44,REQUIRED_SCHEDULE_EDGE_AUDITED,
REC-A1-001047,SEQ-A1-000323,SENSE,SENSE-A1-000522,sexto,LEX-A1-000513,SENSE-A1-000522,,DISTANT_RETURN,A1-M03-I02-S1,A1-M04-I01-S3,A1-M03-I02,A1-M04-I01,CORE_OR_STRUCTURAL_ROUTE,DELAYED_RETRIEVAL_OR_TERMINAL_INTEGRATION,CONTEXTUAL_OR_FUNCTION_BOUND,,NONE,1.44,REQUIRED_SCHEDULE_EDGE_AUDITED,"Scheduled four islands after first introduction; destination story is load-balanced. This is a curriculum spacing rule, not a universal optimal interval claim."
REC-A1-001048,SEQ-A1-000325,SENSE,SENSE-A1-000558,tercero,LEX-A1-000549,SENSE-A1-000558,,LOCAL_REUSE,A1-M03-I01-S3,A1-M03-I01-S4,A1-M03-I01,A1-M03-I01,CORE_OR_STRUCTURAL_ROUTE,REEXPOSURE_OR_RETRIEVAL,CONTEXTUAL_OR_FUNCTION_BOUND,,NONE,1.44,REQUIRED_SCHEDULE_EDGE_AUDITED,
REC-A1-001049,SEQ-A1-000325,SENSE,SENSE-A1-000558,tercero,LEX-A1-000549,SENSE-A1-000558,,NEAR_TRANSFER,A1-M03-I01-S4,A1-M03-I02-S2,A1-M03-I01,A1-M03-I02,CORE_OR_STRUCTURAL_ROUTE,TRANSFER_IN_CHANGED_CONTEXT,CONTEXTUAL_OR_FUNCTION_BOUND,,NONE,1.44,REQUIRED_SCHEDULE_EDGE_AUDITED,
REC-A1-001050,SEQ-A1-000325,SENSE,SENSE-A1-000558,tercero,LEX-A1-000549,SENSE-A1-000558,,DISTANT_RETURN,A1-M03-I02-S2,A1-M04-I01-S1,A1-M03-I02,A1-M04-I01,CORE_OR_STRUCTURAL_ROUTE,DELAYED_RETRIEVAL_OR_TERMINAL_INTEGRATION,CONTEXTUAL_OR_FUNCTION_BOUND,,NONE,1.44,REQUIRED_SCHEDULE_EDGE_AUDITED,"Scheduled four islands after first introduction; destination story is load-balanced. This is a curriculum spacing rule, not a universal optimal interval claim."
REC-A1-001051,SEQ-A1-000366,GRAMMAR_UNIT,GRAM-A1-082,Reflexividad básica en verbos pronominales/reflexivos,,,,LOCAL_REUSE,A1-M03-I02-S1,A1-M03-I02-S3,A1-M03-I02,A1-M03-I02,CORE_OR_STRUCTURAL_ROUTE,REEXPOSURE_OR_RETRIEVAL,AS_OBJECT_POLICY_REQUIRES,,NONE,1.44,REQUIRED_SCHEDULE_EDGE_AUDITED,
REC-A1-001052,SEQ-A1-000366,GRAMMAR_UNIT,GRAM-A1-082,Reflexividad básica en verbos pronominales/reflexivos,,,,NEAR_TRANSFER,A1-M03-I02-S3,A1-M03-I03-S2,A1-M03-I02,A1-M03-I03,CORE_OR_STRUCTURAL_ROUTE,TRANSFER_IN_CHANGED_CONTEXT,AS_OBJECT_POLICY_REQUIRES,,NONE,1.44,REQUIRED_SCHEDULE_EDGE_AUDITED,
REC-A1-001053,SEQ-A1-000366,GRAMMAR_UNIT,GRAM-A1-082,Reflexividad básica en verbos pronominales/reflexivos,,,,DISTANT_RETURN,A1-M03-I03-S2,A1-M04-I02-S3,A1-M03-I03,A1-M04-I02,CORE_OR_STRUCTURAL_ROUTE,DELAYED_RETRIEVAL_OR_TERMINAL_INTEGRATION,AS_OBJECT_POLICY_REQUIRES,,NONE,1.44,REQUIRED_SCHEDULE_EDGE_AUDITED,"Scheduled four islands after first introduction; destination story is load-balanced. This is a curriculum spacing rule, not a universal optimal interval claim."
REC-A1-001054,SEQ-A1-000369,GRAMMAR_UNIT,GRAM-A1-112,Presente actual,,,,LOCAL_REUSE,A1-M03-I02-S1,A1-M03-I02-S2,A1-M03-I02,A1-M03-I02,CORE_OR_STRUCTURAL_ROUTE,REEXPOSURE_OR_RETRIEVAL,AS_OBJECT_POLICY_REQUIRES,,NONE,1.44,REQUIRED_SCHEDULE_EDGE_AUDITED,
REC-A1-001055,SEQ-A1-000369,GRAMMAR_UNIT,GRAM-A1-112,Presente actual,,,,NEAR_TRANSFER,A1-M03-I02-S2,A1-M03-I03-S3,A1-M03-I02,A1-M03-I03,CORE_OR_STRUCTURAL_ROUTE,TRANSFER_IN_CHANGED_CONTEXT,AS_OBJECT_POLICY_REQUIRES,,NONE,1.44,REQUIRED_SCHEDULE_EDGE_AUDITED,
REC-A1-001056,SEQ-A1-000369,GRAMMAR_UNIT,GRAM-A1-112,Presente actual,,,,DISTANT_RETURN,A1-M03-I03-S3,A1-M04-I02-S3,A1-M03-I03,A1-M04-I02,CORE_OR_STRUCTURAL_ROUTE,DELAYED_RETRIEVAL_OR_TERMINAL_INTEGRATION,AS_OBJECT_POLICY_REQUIRES,,NONE,1.44,REQUIRED_SCHEDULE_EDGE_AUDITED,"Scheduled four islands after first introduction; destination story is load-balanced. This is a curriculum spacing rule, not a universal optimal interval claim."
REC-A1-001057,SEQ-A1-000370,GRAMMAR_UNIT,GRAM-A1-113,Presente durativo,,,,LOCAL_REUSE,A1-M03-I02-S1,A1-M03-I02-S3,A1-M03-I02,A1-M03-I02,CORE_OR_STRUCTURAL_ROUTE,REEXPOSURE_OR_RETRIEVAL,AS_OBJECT_POLICY_REQUIRES,,NONE,1.44,REQUIRED_SCHEDULE_EDGE_AUDITED,
REC-A1-001058,SEQ-A1-000370,GRAMMAR_UNIT,GRAM-A1-113,Presente durativo,,,,NEAR_TRANSFER,A1-M03-I02-S3,A1-M03-I03-S4,A1-M03-I02,A1-M03-I03,CORE_OR_STRUCTURAL_ROUTE,TRANSFER_IN_CHANGED_CONTEXT,AS_OBJECT_POLICY_REQUIRES,,NONE,1.44,REQUIRED_SCHEDULE_EDGE_AUDITED,
REC-A1-001059,SEQ-A1-000370,GRAMMAR_UNIT,GRAM-A1-113,Presente durativo,,,,DISTANT_RETURN,A1-M03-I03-S4,A1-M04-I02-S3,A1-M03-I03,A1-M04-I02,CORE_OR_STRUCTURAL_ROUTE,DELAYED_RETRIEVAL_OR_TERMINAL_INTEGRATION,AS_OBJECT_POLICY_REQUIRES,,NONE,1.44,REQUIRED_SCHEDULE_EDGE_AUDITED,"Scheduled four islands after first introduction; destination story is load-balanced. This is a curriculum spacing rule, not a universal optimal interval claim."
REC-A1-001060,SEQ-A1-000371,GRAMMAR_UNIT,GRAM-A1-123,Concordancia general del SN sujeto con el verbo,,,,LOCAL_REUSE,A1-M03-I02-S1,A1-M03-I02-S2,A1-M03-I02,A1-M03-I02,CORE_OR_STRUCTURAL_ROUTE,REEXPOSURE_OR_RETRIEVAL,AS_OBJECT_POLICY_REQUIRES,,NONE,1.44,REQUIRED_SCHEDULE_EDGE_AUDITED,
REC-A1-001061,SEQ-A1-000371,GRAMMAR_UNIT,GRAM-A1-123,Concordancia general del SN sujeto con el verbo,,,,NEAR_TRANSFER,A1-M03-I02-S2,A1-M03-I03-S1,A1-M03-I02,A1-M03-I03,CORE_OR_STRUCTURAL_ROUTE,TRANSFER_IN_CHANGED_CONTEXT,AS_OBJECT_POLICY_REQUIRES,,NONE,1.44,REQUIRED_SCHEDULE_EDGE_AUDITED,
REC-A1-001062,SEQ-A1-000371,GRAMMAR_UNIT,GRAM-A1-123,Concordancia general del SN sujeto con el verbo,,,,DISTANT_RETURN,A1-M03-I03-S1,A1-M04-I02-S3,A1-M03-I03,A1-M04-I02,CORE_OR_STRUCTURAL_ROUTE,DELAYED_RETRIEVAL_OR_TERMINAL_INTEGRATION,AS_OBJECT_POLICY_REQUIRES,,NONE,1.44,REQUIRED_SCHEDULE_EDGE_AUDITED,"Scheduled four islands after first introduction; destination story is load-balanced. This is a curriculum spacing rule, not a universal optimal interval claim."
REC-A1-001063,SEQ-A1-000374,MWU_SOURCE_UNIT,12B1-MWU-0093,estar malo,,,12B1-MWU-0093,LOCAL_REUSE,A1-M03-I02-S1,A1-M03-I02-S3,A1-M03-I02,A1-M03-I02,CORE_OR_STRUCTURAL_ROUTE,REEXPOSURE_OR_RETRIEVAL,AS_OBJECT_POLICY_REQUIRES,,NONE,1.44,REQUIRED_SCHEDULE_EDGE_AUDITED,
REC-A1-001064,SEQ-A1-000374,MWU_SOURCE_UNIT,12B1-MWU-0093,estar malo,,,12B1-MWU-0093,NEAR_TRANSFER,A1-M03-I02-S3,A1-M03-I03-S2,A1-M03-I02,A1-M03-I03,CORE_OR_STRUCTURAL_ROUTE,TRANSFER_IN_CHANGED_CONTEXT,AS_OBJECT_POLICY_REQUIRES,,NONE,1.44,REQUIRED_SCHEDULE_EDGE_AUDITED,
REC-A1-001065,SEQ-A1-000374,MWU_SOURCE_UNIT,12B1-MWU-0093,estar malo,,,12B1-MWU-0093,DISTANT_RETURN,A1-M03-I03-S2,A1-M04-I02-S3,A1-M03-I03,A1-M04-I02,CORE_OR_STRUCTURAL_ROUTE,DELAYED_RETRIEVAL_OR_TERMINAL_INTEGRATION,AS_OBJECT_POLICY_REQUIRES,,NONE,1.44,REQUIRED_SCHEDULE_EDGE_AUDITED,"Scheduled four islands after first introduction; destination story is load-balanced. This is a curriculum spacing rule, not a universal optimal interval claim."
REC-A1-001066,SEQ-A1-000376,MWU_SOURCE_UNIT,12B1-MWU-0097,lavarse la cara,,,12B1-MWU-0097,LOCAL_REUSE,A1-M03-I02-S1,A1-M03-I02-S2,A1-M03-I02,A1-M03-I02,CORE_OR_STRUCTURAL_ROUTE,REEXPOSURE_OR_RETRIEVAL,AS_OBJECT_POLICY_REQUIRES,,NONE,1.44,REQUIRED_SCHEDULE_EDGE_AUDITED,
REC-A1-001067,SEQ-A1-000376,MWU_SOURCE_UNIT,12B1-MWU-0097,lavarse la cara,,,12B1-MWU-0097,NEAR_TRANSFER,A1-M03-I02-S2,A1-M03-I03-S3,A1-M03-I02,A1-M03-I03,CORE_OR_STRUCTURAL_ROUTE,TRANSFER_IN_CHANGED_CONTEXT,AS_OBJECT_POLICY_REQUIRES,,NONE,1.44,REQUIRED_SCHEDULE_EDGE_AUDITED,
REC-A1-001068,SEQ-A1-000376,MWU_SOURCE_UNIT,12B1-MWU-0097,lavarse la cara,,,12B1-MWU-0097,DISTANT_RETURN,A1-M03-I03-S3,A1-M04-I02-S3,A1-M03-I03,A1-M04-I02,CORE_OR_STRUCTURAL_ROUTE,DELAYED_RETRIEVAL_OR_TERMINAL_INTEGRATION,AS_OBJECT_POLICY_REQUIRES,,NONE,1.44,REQUIRED_SCHEDULE_EDGE_AUDITED,"Scheduled four islands after first introduction; destination story is load-balanced. This is a curriculum spacing rule, not a universal optimal interval claim."
REC-A1-001069,SEQ-A1-000378,MWU_SOURCE_UNIT,12B1-MWU-0099,lavarse los dientes,,,12B1-MWU-0099,LOCAL_REUSE,A1-M03-I02-S1,A1-M03-I02-S3,A1-M03-I02,A1-M03-I02,CORE_OR_STRUCTURAL_ROUTE,REEXPOSURE_OR_RETRIEVAL,AS_OBJECT_POLICY_REQUIRES,,NONE,1.44,REQUIRED_SCHEDULE_EDGE_AUDITED,
REC-A1-001070,SEQ-A1-000378,MWU_SOURCE_UNIT,12B1-MWU-0099,lavarse los dientes,,,12B1-MWU-0099,NEAR_TRANSFER,A1-M03-I02-S3,A1-M03-I03-S4,A1-M03-I02,A1-M03-I03,CORE_OR_STRUCTURAL_ROUTE,TRANSFER_IN_CHANGED_CONTEXT,AS_OBJECT_POLICY_REQUIRES,,NONE,1.44,REQUIRED_SCHEDULE_EDGE_AUDITED,
REC-A1-001071,SEQ-A1-000378,MWU_SOURCE_UNIT,12B1-MWU-0099,lavarse los dientes,,,12B1-MWU-0099,DISTANT_RETURN,A1-M03-I03-S4,A1-M04-I02-S3,A1-M03-I03,A1-M04-I02,CORE_OR_STRUCTURAL_ROUTE,DELAYED_RETRIEVAL_OR_TERMINAL_INTEGRATION,AS_OBJECT_POLICY_REQUIRES,,NONE,1.44,REQUIRED_SCHEDULE_EDGE_AUDITED,"Scheduled four islands after first introduction; destination story is load-balanced. This is a curriculum spacing rule, not a universal optimal interval claim."
REC-A1-001072,SEQ-A1-000981,MWU_SOURCE_UNIT,12B1-MWU-0147,al final,LEX-A1-000026,SENSE-A1-000026,12B1-MWU-0147,LOCAL_REUSE,A1-M03-I02-S1,A1-M03-I02-S2,A1-M03-I02,A1-M03-I02,CORE_OR_STRUCTURAL_ROUTE,REEXPOSURE_OR_RETRIEVAL,AS_OBJECT_POLICY_REQUIRES,,NONE,1.44,REQUIRED_SCHEDULE_EDGE_AUDITED,
REC-A1-001073,SEQ-A1-000981,MWU_SOURCE_UNIT,12B1-MWU-0147,al final,LEX-A1-000026,SENSE-A1-000026,12B1-MWU-0147,NEAR_TRANSFER,A1-M03-I02-S2,A1-M03-I03-S1,A1-M03-I02,A1-M03-I03,CORE_OR_STRUCTURAL_ROUTE,TRANSFER_IN_CHANGED_CONTEXT,AS_OBJECT_POLICY_REQUIRES,,NONE,1.44,REQUIRED_SCHEDULE_EDGE_AUDITED,
REC-A1-001074,SEQ-A1-000981,MWU_SOURCE_UNIT,12B1-MWU-0147,al final,LEX-A1-000026,SENSE-A1-000026,12B1-MWU-0147,DISTANT_RETURN,A1-M03-I03-S1,A1-M04-I02-S3,A1-M03-I03,A1-M04-I02,CORE_OR_STRUCTURAL_ROUTE,DELAYED_RETRIEVAL_OR_TERMINAL_INTEGRATION,AS_OBJECT_POLICY_REQUIRES,,NONE,1.44,REQUIRED_SCHEDULE_EDGE_AUDITED,"Scheduled four islands after first introduction; destination story is load-balanced. This is a curriculum spacing rule, not a universal optimal interval claim."
REC-A1-001075,SEQ-A1-000345,SENSE,SENSE-A1-000042,antes,LEX-A1-000042,SENSE-A1-000042,,LOCAL_REUSE,A1-M03-I02-S1,A1-M03-I02-S3,A1-M03-I02,A1-M03-I02,CORE_OR_STRUCTURAL_ROUTE,REEXPOSURE_OR_RETRIEVAL,CONTEXTUAL_OR_FUNCTION_BOUND,,NONE,1.44,REQUIRED_SCHEDULE_EDGE_AUDITED,
REC-A1-001076,SEQ-A1-000345,SENSE,SENSE-A1-000042,antes,LEX-A1-000042,SENSE-A1-000042,,NEAR_TRANSFER,A1-M03-I02-S3,A1-M03-I03-S2,A1-M03-I02,A1-M03-I03,CORE_OR_STRUCTURAL_ROUTE,TRANSFER_IN_CHANGED_CONTEXT,CONTEXTUAL_OR_FUNCTION_BOUND,,NONE,1.44,REQUIRED_SCHEDULE_EDGE_AUDITED,
REC-A1-001077,SEQ-A1-000345,SENSE,SENSE-A1-000042,antes,LEX-A1-000042,SENSE-A1-000042,,DISTANT_RETURN,A1-M03-I03-S2,A1-M04-I02-S3,A1-M03-I03,A1-M04-I02,CORE_OR_STRUCTURAL_ROUTE,DELAYED_RETRIEVAL_OR_TERMINAL_INTEGRATION,CONTEXTUAL_OR_FUNCTION_BOUND,,NONE,1.44,REQUIRED_SCHEDULE_EDGE_AUDITED,"Scheduled four islands after first introduction; destination story is load-balanced. This is a curriculum spacing rule, not a universal optimal interval claim."
REC-A1-001078,SEQ-A1-000347,SENSE,SENSE-A1-000070,beber,LEX-A1-000070,SENSE-A1-000070,,LOCAL_REUSE,A1-M03-I02-S1,A1-M03-I02-S2,A1-M03-I02,A1-M03-I02,CORE_OR_STRUCTURAL_ROUTE,REEXPOSURE_OR_RETRIEVAL,CONTEXTUAL_OR_FUNCTION_BOUND,,NONE,1.44,REQUIRED_SCHEDULE_EDGE_AUDITED,
REC-A1-001079,SEQ-A1-000347,SENSE,SENSE-A1-000070,beber,LEX-A1-000070,SENSE-A1-000070,,NEAR_TRANSFER,A1-M03-I02-S2,A1-M03-I03-S3,A1-M03-I02,A1-M03-I03,CORE_OR_STRUCTURAL_ROUTE,TRANSFER_IN_CHANGED_CONTEXT,CONTEXTUAL_OR_FUNCTION_BOUND,,NONE,1.44,REQUIRED_SCHEDULE_EDGE_AUDITED,
REC-A1-001080,SEQ-A1-000347,SENSE,SENSE-A1-000070,beber,LEX-A1-000070,SENSE-A1-000070,,DISTANT_RETURN,A1-M03-I03-S3,A1-M04-I02-S3,A1-M03-I03,A1-M04-I02,CORE_OR_STRUCTURAL_ROUTE,DELAYED_RETRIEVAL_OR_TERMINAL_INTEGRATION,CONTEXTUAL_OR_FUNCTION_BOUND,,NONE,1.44,REQUIRED_SCHEDULE_EDGE_AUDITED,"Scheduled four islands after first introduction; destination story is load-balanced. This is a curriculum spacing rule, not a universal optimal interval claim."
REC-A1-001081,SEQ-A1-000349,SENSE,SENSE-A1-000147,comer,LEX-A1-000145,SENSE-A1-000147,,LOCAL_REUSE,A1-M03-I02-S1,A1-M03-I02-S3,A1-M03-I02,A1-M03-I02,CORE_OR_STRUCTURAL_ROUTE,REEXPOSURE_OR_RETRIEVAL,CONTEXTUAL_OR_FUNCTION_BOUND,,NONE,1.44,REQUIRED_SCHEDULE_EDGE_AUDITED,
REC-A1-001082,SEQ-A1-000349,SENSE,SENSE-A1-000147,comer,LEX-A1-000145,SENSE-A1-000147,,NEAR_TRANSFER,A1-M03-I02-S3,A1-M03-I03-S4,A1-M03-I02,A1-M03-I03,CORE_OR_STRUCTURAL_ROUTE,TRANSFER_IN_CHANGED_CONTEXT,CONTEXTUAL_OR_FUNCTION_BOUND,,NONE,1.44,REQUIRED_SCHEDULE_EDGE_AUDITED,
REC-A1-001083,SEQ-A1-000349,SENSE,SENSE-A1-000147,comer,LEX-A1-000145,SENSE-A1-000147,,DISTANT_RETURN,A1-M03-I03-S4,A1-M04-I02-S3,A1-M03-I03,A1-M04-I02,CORE_OR_STRUCTURAL_ROUTE,DELAYED_RETRIEVAL_OR_TERMINAL_INTEGRATION,CONTEXTUAL_OR_FUNCTION_BOUND,,NONE,1.44,REQUIRED_SCHEDULE_EDGE_AUDITED,"Scheduled four islands after first introduction; destination story is load-balanced. This is a curriculum spacing rule, not a universal optimal interval claim."
REC-A1-001084,SEQ-A1-000351,SENSE,SENSE-A1-000188,después,LEX-A1-000185,SENSE-A1-000188,,LOCAL_REUSE,A1-M03-I02-S1,A1-M03-I02-S2,A1-M03-I02,A1-M03-I02,CORE_OR_STRUCTURAL_ROUTE,REEXPOSURE_OR_RETRIEVAL,CONTEXTUAL_OR_FUNCTION_BOUND,,NONE,1.44,REQUIRED_SCHEDULE_EDGE_AUDITED,
REC-A1-001085,SEQ-A1-000351,SENSE,SENSE-A1-000188,después,LEX-A1-000185,SENSE-A1-000188,,NEAR_TRANSFER,A1-M03-I02-S2,A1-M03-I03-S1,A1-M03-I02,A1-M03-I03,CORE_OR_STRUCTURAL_ROUTE,TRANSFER_IN_CHANGED_CONTEXT,CONTEXTUAL_OR_FUNCTION_BOUND,,NONE,1.44,REQUIRED_SCHEDULE_EDGE_AUDITED,
REC-A1-001086,SEQ-A1-000351,SENSE,SENSE-A1-000188,después,LEX-A1-000185,SENSE-A1-000188,,DISTANT_RETURN,A1-M03-I03-S1,A1-M04-I02-S3,A1-M03-I03,A1-M04-I02,CORE_OR_STRUCTURAL_ROUTE,DELAYED_RETRIEVAL_OR_TERMINAL_INTEGRATION,CONTEXTUAL_OR_FUNCTION_BOUND,,NONE,1.44,REQUIRED_SCHEDULE_EDGE_AUDITED,"Scheduled four islands after first introduction; destination story is load-balanced. This is a curriculum spacing rule, not a universal optimal interval claim."
REC-A1-001087,SEQ-A1-000353,SENSE,SENSE-A1-000204,ducharse,LEX-A1-000200,SENSE-A1-000204,,LOCAL_REUSE,A1-M03-I02-S1,A1-M03-I02-S3,A1-M03-I02,A1-M03-I02,CORE_OR_STRUCTURAL_ROUTE,REEXPOSURE_OR_RETRIEVAL,CONTEXTUAL_OR_FUNCTION_BOUND,,NONE,1.44,REQUIRED_SCHEDULE_EDGE_AUDITED,
REC-A1-001088,SEQ-A1-000353,SENSE,SENSE-A1-000204,ducharse,LEX-A1-000200,SENSE-A1-000204,,NEAR_TRANSFER,A1-M03-I02-S3,A1-M03-I03-S2,A1-M03-I02,A1-M03-I03,CORE_OR_STRUCTURAL_ROUTE,TRANSFER_IN_CHANGED_CONTEXT,CONTEXTUAL_OR_FUNCTION_BOUND,,NONE,1.44,REQUIRED_SCHEDULE_EDGE_AUDITED,
REC-A1-001089,SEQ-A1-000353,SENSE,SENSE-A1-000204,ducharse,LEX-A1-000200,SENSE-A1-000204,,DISTANT_RETURN,A1-M03-I03-S2,A1-M04-I02-S3,A1-M03-I03,A1-M04-I02,CORE_OR_STRUCTURAL_ROUTE,DELAYED_RETRIEVAL_OR_TERMINAL_INTEGRATION,CONTEXTUAL_OR_FUNCTION_BOUND,,NONE,1.44,REQUIRED_SCHEDULE_EDGE_AUDITED,"Scheduled four islands after first introduction; destination story is load-balanced. This is a curriculum spacing rule, not a universal optimal interval claim."
REC-A1-001090,SEQ-A1-000355,SENSE,SENSE-A1-000286,hacer,LEX-A1-000281,SENSE-A1-000286,,LOCAL_REUSE,A1-M03-I02-S1,A1-M03-I02-S2,A1-M03-I02,A1-M03-I02,CORE_OR_STRUCTURAL_ROUTE,REEXPOSURE_OR_RETRIEVAL,CONTEXTUAL_OR_FUNCTION_BOUND,,NONE,1.44,REQUIRED_SCHEDULE_EDGE_AUDITED,
REC-A1-001091,SEQ-A1-000355,SENSE,SENSE-A1-000286,hacer,LEX-A1-000281,SENSE-A1-000286,,NEAR_TRANSFER,A1-M03-I02-S2,A1-M03-I03-S3,A1-M03-I02,A1-M03-I03,CORE_OR_STRUCTURAL_ROUTE,TRANSFER_IN_CHANGED_CONTEXT,CONTEXTUAL_OR_FUNCTION_BOUND,,NONE,1.44,REQUIRED_SCHEDULE_EDGE_AUDITED,
REC-A1-001092,SEQ-A1-000355,SENSE,SENSE-A1-000286,hacer,LEX-A1-000281,SENSE-A1-000286,,DISTANT_RETURN,A1-M03-I03-S3,A1-M04-I02-S3,A1-M03-I03,A1-M04-I02,CORE_OR_STRUCTURAL_ROUTE,DELAYED_RETRIEVAL_OR_TERMINAL_INTEGRATION,CONTEXTUAL_OR_FUNCTION_BOUND,,NONE,1.44,REQUIRED_SCHEDULE_EDGE_AUDITED,"Scheduled four islands after first introduction; destination story is load-balanced. This is a curriculum spacing rule, not a universal optimal interval claim."
REC-A1-001093,SEQ-A1-000357,SENSE,SENSE-A1-000330,lavarse,LEX-A1-000324,SENSE-A1-000330,,LOCAL_REUSE,A1-M03-I02-S1,A1-M03-I02-S3,A1-M03-I02,A1-M03-I02,CORE_OR_STRUCTURAL_ROUTE,REEXPOSURE_OR_RETRIEVAL,CONTEXTUAL_OR_FUNCTION_BOUND,,NONE,1.44,REQUIRED_SCHEDULE_EDGE_AUDITED,
REC-A1-001094,SEQ-A1-000357,SENSE,SENSE-A1-000330,lavarse,LEX-A1-000324,SENSE-A1-000330,,NEAR_TRANSFER,A1-M03-I02-S3,A1-M03-I03-S4,A1-M03-I02,A1-M03-I03,CORE_OR_STRUCTURAL_ROUTE,TRANSFER_IN_CHANGED_CONTEXT,CONTEXTUAL_OR_FUNCTION_BOUND,,NONE,1.44,REQUIRED_SCHEDULE_EDGE_AUDITED,
REC-A1-001095,SEQ-A1-000357,SENSE,SENSE-A1-000330,lavarse,LEX-A1-000324,SENSE-A1-000330,,DISTANT_RETURN,A1-M03-I03-S4,A1-M04-I02-S3,A1-M03-I03,A1-M04-I02,CORE_OR_STRUCTURAL_ROUTE,DELAYED_RETRIEVAL_OR_TERMINAL_INTEGRATION,CONTEXTUAL_OR_FUNCTION_BOUND,,NONE,1.44,REQUIRED_SCHEDULE_EDGE_AUDITED,"Scheduled four islands after first introduction; destination story is load-balanced. This is a curriculum spacing rule, not a universal optimal interval claim."
REC-A1-001096,SEQ-A1-000359,SENSE,SENSE-A1-000352,mano,LEX-A1-000346,SENSE-A1-000352,,LOCAL_REUSE,A1-M03-I02-S1,A1-M03-I02-S2,A1-M03-I02,A1-M03-I02,CORE_OR_STRUCTURAL_ROUTE,REEXPOSURE_OR_RETRIEVAL,CONTEXTUAL_OR_FUNCTION_BOUND,,NONE,1.44,REQUIRED_SCHEDULE_EDGE_AUDITED,
REC-A1-001097,SEQ-A1-000359,SENSE,SENSE-A1-000352,mano,LEX-A1-000346,SENSE-A1-000352,,NEAR_TRANSFER,A1-M03-I02-S2,A1-M03-I03-S1,A1-M03-I02,A1-M03-I03,CORE_OR_STRUCTURAL_ROUTE,TRANSFER_IN_CHANGED_CONTEXT,CONTEXTUAL_OR_FUNCTION_BOUND,,NONE,1.44,REQUIRED_SCHEDULE_EDGE_AUDITED,
REC-A1-001098,SEQ-A1-000359,SENSE,SENSE-A1-000352,mano,LEX-A1-000346,SENSE-A1-000352,,DISTANT_RETURN,A1-M03-I03-S1,A1-M04-I02-S1,A1-M03-I03,A1-M04-I02,CORE_OR_STRUCTURAL_ROUTE,DELAYED_RETRIEVAL_OR_TERMINAL_INTEGRATION,CONTEXTUAL_OR_FUNCTION_BOUND,,NONE,1.44,REQUIRED_SCHEDULE_EDGE_AUDITED,"Scheduled four islands after first introduction; destination story is load-balanced. This is a curriculum spacing rule, not a universal optimal interval claim."
REC-A1-001099,SEQ-A1-000361,SENSE,SENSE-A1-000404,normalmente,LEX-A1-000397,SENSE-A1-000404,,LOCAL_REUSE,A1-M03-I02-S1,A1-M03-I02-S3,A1-M03-I02,A1-M03-I02,CORE_OR_STRUCTURAL_ROUTE,REEXPOSURE_OR_RETRIEVAL,CONTEXTUAL_OR_FUNCTION_BOUND,,NONE,1.44,REQUIRED_SCHEDULE_EDGE_AUDITED,
REC-A1-001100,SEQ-A1-000361,SENSE,SENSE-A1-000404,normalmente,LEX-A1-000397,SENSE-A1-000404,,NEAR_TRANSFER,A1-M03-I02-S3,A1-M03-I03-S2,A1-M03-I02,A1-M03-I03,CORE_OR_STRUCTURAL_ROUTE,TRANSFER_IN_CHANGED_CONTEXT,CONTEXTUAL_OR_FUNCTION_BOUND,,NONE,1.44,REQUIRED_SCHEDULE_EDGE_AUDITED,
REC-A1-001101,SEQ-A1-000361,SENSE,SENSE-A1-000404,normalmente,LEX-A1-000397,SENSE-A1-000404,,DISTANT_RETURN,A1-M03-I03-S2,A1-M04-I02-S2,A1-M03-I03,A1-M04-I02,CORE_OR_STRUCTURAL_ROUTE,DELAYED_RETRIEVAL_OR_TERMINAL_INTEGRATION,CONTEXTUAL_OR_FUNCTION_BOUND,,NONE,1.44,REQUIRED_SCHEDULE_EDGE_AUDITED,"Scheduled four islands after first introduction; destination story is load-balanced. This is a curriculum spacing rule, not a universal optimal interval claim."
REC-A1-001102,SEQ-A1-000363,SENSE,SENSE-A1-000512,se,LEX-A1-000503,SENSE-A1-000512,,LOCAL_REUSE,A1-M03-I02-S1,A1-M03-I02-S2,A1-M03-I02,A1-M03-I02,CORE_OR_STRUCTURAL_ROUTE,REEXPOSURE_OR_RETRIEVAL,CONTEXTUAL_OR_FUNCTION_BOUND,,NONE,1.44,REQUIRED_SCHEDULE_EDGE_AUDITED,
REC-A1-001103,SEQ-A1-000363,SENSE,SENSE-A1-000512,se,LEX-A1-000503,SENSE-A1-000512,,NEAR_TRANSFER,A1-M03-I02-S2,A1-M03-I03-S3,A1-M03-I02,A1-M03-I03,CORE_OR_STRUCTURAL_ROUTE,TRANSFER_IN_CHANGED_CONTEXT,CONTEXTUAL_OR_FUNCTION_BOUND,,NONE,1.44,REQUIRED_SCHEDULE_EDGE_AUDITED,
REC-A1-001104,SEQ-A1-000363,SENSE,SENSE-A1-000512,se,LEX-A1-000503,SENSE-A1-000512,,DISTANT_RETURN,A1-M03-I03-S3,A1-M04-I02-S3,A1-M03-I03,A1-M04-I02,CORE_OR_STRUCTURAL_ROUTE,DELAYED_RETRIEVAL_OR_TERMINAL_INTEGRATION,CONTEXTUAL_OR_FUNCTION_BOUND,,NONE,1.44,REQUIRED_SCHEDULE_EDGE_AUDITED,"Scheduled four islands after first introduction; destination story is load-balanced. This is a curriculum spacing rule, not a universal optimal interval claim."
REC-A1-001105,SEQ-A1-000365,GRAMMAR_UNIT,GRAM-A1-081,Se reflexivo: una forma para singular/plural,,,,LOCAL_REUSE,A1-M03-I02-S2,A1-M03-I02-S3,A1-M03-I02,A1-M03-I02,CORE_OR_STRUCTURAL_ROUTE,REEXPOSURE_OR_RETRIEVAL,AS_OBJECT_POLICY_REQUIRES,,NONE,1.44,REQUIRED_SCHEDULE_EDGE_AUDITED,
REC-A1-001106,SEQ-A1-000365,GRAMMAR_UNIT,GRAM-A1-081,Se reflexivo: una forma para singular/plural,,,,NEAR_TRANSFER,A1-M03-I02-S3,A1-M03-I03-S4,A1-M03-I02,A1-M03-I03,CORE_OR_STRUCTURAL_ROUTE,TRANSFER_IN_CHANGED_CONTEXT,AS_OBJECT_POLICY_REQUIRES,,NONE,1.44,REQUIRED_SCHEDULE_EDGE_AUDITED,
REC-A1-001107,SEQ-A1-000365,GRAMMAR_UNIT,GRAM-A1-081,Se reflexivo: una forma para singular/plural,,,,DISTANT_RETURN,A1-M03-I03-S4,A1-M04-I02-S1,A1-M03-I03,A1-M04-I02,CORE_OR_STRUCTURAL_ROUTE,DELAYED_RETRIEVAL_OR_TERMINAL_INTEGRATION,AS_OBJECT_POLICY_REQUIRES,,NONE,1.44,REQUIRED_SCHEDULE_EDGE_AUDITED,"Scheduled four islands after first introduction; destination story is load-balanced. This is a curriculum spacing rule, not a universal optimal interval claim."
REC-A1-001108,SEQ-A1-000367,GRAMMAR_UNIT,GRAM-A1-108,Presente de indicativo: paradigma de verbos regulares,,,,LOCAL_REUSE,A1-M03-I02-S2,A1-M03-I02-S3,A1-M03-I02,A1-M03-I02,CORE_OR_STRUCTURAL_ROUTE,REEXPOSURE_OR_RETRIEVAL,AS_OBJECT_POLICY_REQUIRES,,NONE,1.44,REQUIRED_SCHEDULE_EDGE_AUDITED,
REC-A1-001109,SEQ-A1-000367,GRAMMAR_UNIT,GRAM-A1-108,Presente de indicativo: paradigma de verbos regulares,,,,NEAR_TRANSFER,A1-M03-I02-S3,A1-M03-I03-S1,A1-M03-I02,A1-M03-I03,CORE_OR_STRUCTURAL_ROUTE,TRANSFER_IN_CHANGED_CONTEXT,AS_OBJECT_POLICY_REQUIRES,,NONE,1.44,REQUIRED_SCHEDULE_EDGE_AUDITED,
REC-A1-001110,SEQ-A1-000367,GRAMMAR_UNIT,GRAM-A1-108,Presente de indicativo: paradigma de verbos regulares,,,,DISTANT_RETURN,A1-M03-I03-S1,A1-M04-I02-S2,A1-M03-I03,A1-M04-I02,CORE_OR_STRUCTURAL_ROUTE,DELAYED_RETRIEVAL_OR_TERMINAL_INTEGRATION,AS_OBJECT_POLICY_REQUIRES,,NONE,1.44,REQUIRED_SCHEDULE_EDGE_AUDITED,"Scheduled four islands after first introduction; destination story is load-balanced. This is a curriculum spacing rule, not a universal optimal interval claim."
REC-A1-001111,SEQ-A1-000368,GRAMMAR_UNIT,GRAM-A1-110,"Presente: irregularidades propias de ser, estar, haber e ir",,,,LOCAL_REUSE,A1-M03-I02-S2,A1-M03-I02-S3,A1-M03-I02,A1-M03-I02,CORE_OR_STRUCTURAL_ROUTE,REEXPOSURE_OR_RETRIEVAL,AS_OBJECT_POLICY_REQUIRES,,NONE,1.44,REQUIRED_SCHEDULE_EDGE_AUDITED,
REC-A1-001112,SEQ-A1-000368,GRAMMAR_UNIT,GRAM-A1-110,"Presente: irregularidades propias de ser, estar, haber e ir",,,,NEAR_TRANSFER,A1-M03-I02-S3,A1-M03-I03-S2,A1-M03-I02,A1-M03-I03,CORE_OR_STRUCTURAL_ROUTE,TRANSFER_IN_CHANGED_CONTEXT,AS_OBJECT_POLICY_REQUIRES,,NONE,1.44,REQUIRED_SCHEDULE_EDGE_AUDITED,
REC-A1-001113,SEQ-A1-000368,GRAMMAR_UNIT,GRAM-A1-110,"Presente: irregularidades propias de ser, estar, haber e ir",,,,DISTANT_RETURN,A1-M03-I03-S2,A1-M04-I02-S3,A1-M03-I03,A1-M04-I02,CORE_OR_STRUCTURAL_ROUTE,DELAYED_RETRIEVAL_OR_TERMINAL_INTEGRATION,AS_OBJECT_POLICY_REQUIRES,,NONE,1.44,REQUIRED_SCHEDULE_EDGE_AUDITED,"Scheduled four islands after first introduction; destination story is load-balanced. This is a curriculum spacing rule, not a universal optimal interval claim."
REC-A1-001114,SEQ-A1-000372,GRAMMAR_UNIT,GRAM-A1-140,Concordancia sujeto-verbo,,,,LOCAL_REUSE,A1-M03-I02-S2,A1-M03-I02-S3,A1-M03-I02,A1-M03-I02,CORE_OR_STRUCTURAL_ROUTE,REEXPOSURE_OR_RETRIEVAL,AS_OBJECT_POLICY_REQUIRES,,NONE,1.44,REQUIRED_SCHEDULE_EDGE_AUDITED,
REC-A1-001115,SEQ-A1-000372,GRAMMAR_UNIT,GRAM-A1-140,Concordancia sujeto-verbo,,,,NEAR_TRANSFER,A1-M03-I02-S3,A1-M03-I03-S3,A1-M03-I02,A1-M03-I03,CORE_OR_STRUCTURAL_ROUTE,TRANSFER_IN_CHANGED_CONTEXT,AS_OBJECT_POLICY_REQUIRES,,NONE,1.44,REQUIRED_SCHEDULE_EDGE_AUDITED,
REC-A1-001116,SEQ-A1-000372,GRAMMAR_UNIT,GRAM-A1-140,Concordancia sujeto-verbo,,,,DISTANT_RETURN,A1-M03-I03-S3,A1-M04-I02-S1,A1-M03-I03,A1-M04-I02,CORE_OR_STRUCTURAL_ROUTE,DELAYED_RETRIEVAL_OR_TERMINAL_INTEGRATION,AS_OBJECT_POLICY_REQUIRES,,NONE,1.44,REQUIRED_SCHEDULE_EDGE_AUDITED,"Scheduled four islands after first introduction; destination story is load-balanced. This is a curriculum spacing rule, not a universal optimal interval claim."
REC-A1-001117,SEQ-A1-000373,MWU_SOURCE_UNIT,12B1-MWU-0092,estar enfermo,,,12B1-MWU-0092,LOCAL_REUSE,A1-M03-I02-S2,A1-M03-I02-S3,A1-M03-I02,A1-M03-I02,CORE_OR_STRUCTURAL_ROUTE,REEXPOSURE_OR_RETRIEVAL,AS_OBJECT_POLICY_REQUIRES,,NONE,1.44,REQUIRED_SCHEDULE_EDGE_AUDITED,
REC-A1-001118,SEQ-A1-000373,MWU_SOURCE_UNIT,12B1-MWU-0092,estar enfermo,,,12B1-MWU-0092,NEAR_TRANSFER,A1-M03-I02-S3,A1-M03-I03-S4,A1-M03-I02,A1-M03-I03,CORE_OR_STRUCTURAL_ROUTE,TRANSFER_IN_CHANGED_CONTEXT,AS_OBJECT_POLICY_REQUIRES,,NONE,1.44,REQUIRED_SCHEDULE_EDGE_AUDITED,
REC-A1-001119,SEQ-A1-000373,MWU_SOURCE_UNIT,12B1-MWU-0092,estar enfermo,,,12B1-MWU-0092,DISTANT_RETURN,A1-M03-I03-S4,A1-M04-I02-S2,A1-M03-I03,A1-M04-I02,CORE_OR_STRUCTURAL_ROUTE,DELAYED_RETRIEVAL_OR_TERMINAL_INTEGRATION,AS_OBJECT_POLICY_REQUIRES,,NONE,1.44,REQUIRED_SCHEDULE_EDGE_AUDITED,"Scheduled four islands after first introduction; destination story is load-balanced. This is a curriculum spacing rule, not a universal optimal interval claim."
REC-A1-001120,SEQ-A1-000375,MWU_SOURCE_UNIT,12B1-MWU-0096,lavarse el pelo,,,12B1-MWU-0096,LOCAL_REUSE,A1-M03-I02-S2,A1-M03-I02-S3,A1-M03-I02,A1-M03-I02,CORE_OR_STRUCTURAL_ROUTE,REEXPOSURE_OR_RETRIEVAL,AS_OBJECT_POLICY_REQUIRES,,NONE,1.44,REQUIRED_SCHEDULE_EDGE_AUDITED,
REC-A1-001121,SEQ-A1-000375,MWU_SOURCE_UNIT,12B1-MWU-0096,lavarse el pelo,,,12B1-MWU-0096,NEAR_TRANSFER,A1-M03-I02-S3,A1-M03-I03-S1,A1-M03-I02,A1-M03-I03,CORE_OR_STRUCTURAL_ROUTE,TRANSFER_IN_CHANGED_CONTEXT,AS_OBJECT_POLICY_REQUIRES,,NONE,1.44,REQUIRED_SCHEDULE_EDGE_AUDITED,
REC-A1-001122,SEQ-A1-000375,MWU_SOURCE_UNIT,12B1-MWU-0096,lavarse el pelo,,,12B1-MWU-0096,DISTANT_RETURN,A1-M03-I03-S1,A1-M04-I02-S3,A1-M03-I03,A1-M04-I02,CORE_OR_STRUCTURAL_ROUTE,DELAYED_RETRIEVAL_OR_TERMINAL_INTEGRATION,AS_OBJECT_POLICY_REQUIRES,,NONE,1.44,REQUIRED_SCHEDULE_EDGE_AUDITED,"Scheduled four islands after first introduction; destination story is load-balanced. This is a curriculum spacing rule, not a universal optimal interval claim."
REC-A1-001123,SEQ-A1-000377,MWU_SOURCE_UNIT,12B1-MWU-0098,lavarse las manos,,,12B1-MWU-0098,LOCAL_REUSE,A1-M03-I02-S2,A1-M03-I02-S3,A1-M03-I02,A1-M03-I02,CORE_OR_STRUCTURAL_ROUTE,REEXPOSURE_OR_RETRIEVAL,AS_OBJECT_POLICY_REQUIRES,,NONE,1.44,REQUIRED_SCHEDULE_EDGE_AUDITED,
REC-A1-001124,SEQ-A1-000377,MWU_SOURCE_UNIT,12B1-MWU-0098,lavarse las manos,,,12B1-MWU-0098,NEAR_TRANSFER,A1-M03-I02-S3,A1-M03-I03-S2,A1-M03-I02,A1-M03-I03,CORE_OR_STRUCTURAL_ROUTE,TRANSFER_IN_CHANGED_CONTEXT,AS_OBJECT_POLICY_REQUIRES,,NONE,1.44,REQUIRED_SCHEDULE_EDGE_AUDITED,
REC-A1-001125,SEQ-A1-000377,MWU_SOURCE_UNIT,12B1-MWU-0098,lavarse las manos,,,12B1-MWU-0098,DISTANT_RETURN,A1-M03-I03-S2,A1-M04-I02-S1,A1-M03-I03,A1-M04-I02,CORE_OR_STRUCTURAL_ROUTE,DELAYED_RETRIEVAL_OR_TERMINAL_INTEGRATION,AS_OBJECT_POLICY_REQUIRES,,NONE,1.44,REQUIRED_SCHEDULE_EDGE_AUDITED,"Scheduled four islands after first introduction; destination story is load-balanced. This is a curriculum spacing rule, not a universal optimal interval claim."
REC-A1-001126,SEQ-A1-000966,SENSE,SENSE-A1-000026,al final,LEX-A1-000026,SENSE-A1-000026,,LOCAL_REUSE,A1-M03-I02-S2,A1-M03-I02-S3,A1-M03-I02,A1-M03-I02,CORE_OR_STRUCTURAL_ROUTE,REEXPOSURE_OR_RETRIEVAL,CONTEXTUAL_OR_FUNCTION_BOUND,,NONE,1.44,REQUIRED_SCHEDULE_EDGE_AUDITED,
REC-A1-001127,SEQ-A1-000966,SENSE,SENSE-A1-000026,al final,LEX-A1-000026,SENSE-A1-000026,,NEAR_TRANSFER,A1-M03-I02-S3,A1-M03-I03-S3,A1-M03-I02,A1-M03-I03,CORE_OR_STRUCTURAL_ROUTE,TRANSFER_IN_CHANGED_CONTEXT,CONTEXTUAL_OR_FUNCTION_BOUND,,NONE,1.44,REQUIRED_SCHEDULE_EDGE_AUDITED,
REC-A1-001128,SEQ-A1-000966,SENSE,SENSE-A1-000026,al final,LEX-A1-000026,SENSE-A1-000026,,DISTANT_RETURN,A1-M03-I03-S3,A1-M04-I02-S2,A1-M03-I03,A1-M04-I02,CORE_OR_STRUCTURAL_ROUTE,DELAYED_RETRIEVAL_OR_TERMINAL_INTEGRATION,CONTEXTUAL_OR_FUNCTION_BOUND,,NONE,1.44,REQUIRED_SCHEDULE_EDGE_AUDITED,"Scheduled four islands after first introduction; destination story is load-balanced. This is a curriculum spacing rule, not a universal optimal interval claim."
REC-A1-001129,SEQ-A1-000346,SENSE,SENSE-A1-000062,bañarse,LEX-A1-000062,SENSE-A1-000062,,LOCAL_REUSE,A1-M03-I02-S2,A1-M03-I02-S3,A1-M03-I02,A1-M03-I02,CORE_OR_STRUCTURAL_ROUTE,REEXPOSURE_OR_RETRIEVAL,CONTEXTUAL_OR_FUNCTION_BOUND,,NONE,1.44,REQUIRED_SCHEDULE_EDGE_AUDITED,
REC-A1-001130,SEQ-A1-000346,SENSE,SENSE-A1-000062,bañarse,LEX-A1-000062,SENSE-A1-000062,,NEAR_TRANSFER,A1-M03-I02-S3,A1-M03-I03-S4,A1-M03-I02,A1-M03-I03,CORE_OR_STRUCTURAL_ROUTE,TRANSFER_IN_CHANGED_CONTEXT,CONTEXTUAL_OR_FUNCTION_BOUND,,NONE,1.44,REQUIRED_SCHEDULE_EDGE_AUDITED,
REC-A1-001131,SEQ-A1-000346,SENSE,SENSE-A1-000062,bañarse,LEX-A1-000062,SENSE-A1-000062,,DISTANT_RETURN,A1-M03-I03-S4,A1-M04-I02-S3,A1-M03-I03,A1-M04-I02,CORE_OR_STRUCTURAL_ROUTE,DELAYED_RETRIEVAL_OR_TERMINAL_INTEGRATION,CONTEXTUAL_OR_FUNCTION_BOUND,,NONE,1.44,REQUIRED_SCHEDULE_EDGE_AUDITED,"Scheduled four islands after first introduction; destination story is load-balanced. This is a curriculum spacing rule, not a universal optimal interval claim."
REC-A1-001132,SEQ-A1-000348,SENSE,SENSE-A1-000122,cenar,LEX-A1-000120,SENSE-A1-000122,,LOCAL_REUSE,A1-M03-I02-S2,A1-M03-I02-S3,A1-M03-I02,A1-M03-I02,CORE_OR_STRUCTURAL_ROUTE,REEXPOSURE_OR_RETRIEVAL,CONTEXTUAL_OR_FUNCTION_BOUND,,NONE,1.44,REQUIRED_SCHEDULE_EDGE_AUDITED,
REC-A1-001133,SEQ-A1-000348,SENSE,SENSE-A1-000122,cenar,LEX-A1-000120,SENSE-A1-000122,,NEAR_TRANSFER,A1-M03-I02-S3,A1-M03-I03-S1,A1-M03-I02,A1-M03-I03,CORE_OR_STRUCTURAL_ROUTE,TRANSFER_IN_CHANGED_CONTEXT,CONTEXTUAL_OR_FUNCTION_BOUND,,NONE,1.44,REQUIRED_SCHEDULE_EDGE_AUDITED,
REC-A1-001134,SEQ-A1-000348,SENSE,SENSE-A1-000122,cenar,LEX-A1-000120,SENSE-A1-000122,,DISTANT_RETURN,A1-M03-I03-S1,A1-M04-I02-S1,A1-M03-I03,A1-M04-I02,CORE_OR_STRUCTURAL_ROUTE,DELAYED_RETRIEVAL_OR_TERMINAL_INTEGRATION,CONTEXTUAL_OR_FUNCTION_BOUND,,NONE,1.44,REQUIRED_SCHEDULE_EDGE_AUDITED,"Scheduled four islands after first introduction; destination story is load-balanced. This is a curriculum spacing rule, not a universal optimal interval claim."
REC-A1-001135,SEQ-A1-000350,SENSE,SENSE-A1-000185,desayunar,LEX-A1-000182,SENSE-A1-000185,,LOCAL_REUSE,A1-M03-I02-S2,A1-M03-I02-S3,A1-M03-I02,A1-M03-I02,CORE_OR_STRUCTURAL_ROUTE,REEXPOSURE_OR_RETRIEVAL,CONTEXTUAL_OR_FUNCTION_BOUND,,NONE,1.44,REQUIRED_SCHEDULE_EDGE_AUDITED,
REC-A1-001136,SEQ-A1-000350,SENSE,SENSE-A1-000185,desayunar,LEX-A1-000182,SENSE-A1-000185,,NEAR_TRANSFER,A1-M03-I02-S3,A1-M03-I03-S2,A1-M03-I02,A1-M03-I03,CORE_OR_STRUCTURAL_ROUTE,TRANSFER_IN_CHANGED_CONTEXT,CONTEXTUAL_OR_FUNCTION_BOUND,,NONE,1.44,REQUIRED_SCHEDULE_EDGE_AUDITED,
REC-A1-001137,SEQ-A1-000350,SENSE,SENSE-A1-000185,desayunar,LEX-A1-000182,SENSE-A1-000185,,DISTANT_RETURN,A1-M03-I03-S2,A1-M04-I02-S2,A1-M03-I03,A1-M04-I02,CORE_OR_STRUCTURAL_ROUTE,DELAYED_RETRIEVAL_OR_TERMINAL_INTEGRATION,CONTEXTUAL_OR_FUNCTION_BOUND,,NONE,1.44,REQUIRED_SCHEDULE_EDGE_AUDITED,"Scheduled four islands after first introduction; destination story is load-balanced. This is a curriculum spacing rule, not a universal optimal interval claim."
REC-A1-001138,SEQ-A1-000352,SENSE,SENSE-A1-000191,diente,LEX-A1-000188,SENSE-A1-000191,,LOCAL_REUSE,A1-M03-I02-S2,A1-M03-I02-S3,A1-M03-I02,A1-M03-I02,CORE_OR_STRUCTURAL_ROUTE,REEXPOSURE_OR_RETRIEVAL,CONTEXTUAL_OR_FUNCTION_BOUND,,NONE,1.44,REQUIRED_SCHEDULE_EDGE_AUDITED,
REC-A1-001139,SEQ-A1-000352,SENSE,SENSE-A1-000191,diente,LEX-A1-000188,SENSE-A1-000191,,NEAR_TRANSFER,A1-M03-I02-S3,A1-M03-I03-S3,A1-M03-I02,A1-M03-I03,CORE_OR_STRUCTURAL_ROUTE,TRANSFER_IN_CHANGED_CONTEXT,CONTEXTUAL_OR_FUNCTION_BOUND,,NONE,1.44,REQUIRED_SCHEDULE_EDGE_AUDITED,
REC-A1-001140,SEQ-A1-000352,SENSE,SENSE-A1-000191,diente,LEX-A1-000188,SENSE-A1-000191,,DISTANT_RETURN,A1-M03-I03-S3,A1-M04-I02-S3,A1-M03-I03,A1-M04-I02,CORE_OR_STRUCTURAL_ROUTE,DELAYED_RETRIEVAL_OR_TERMINAL_INTEGRATION,CONTEXTUAL_OR_FUNCTION_BOUND,,NONE,1.44,REQUIRED_SCHEDULE_EDGE_AUDITED,"Scheduled four islands after first introduction; destination story is load-balanced. This is a curriculum spacing rule, not a universal optimal interval claim."
REC-A1-001141,SEQ-A1-000354,SENSE,SENSE-A1-000219,enfermo,LEX-A1-000215,SENSE-A1-000219,,LOCAL_REUSE,A1-M03-I02-S2,A1-M03-I02-S3,A1-M03-I02,A1-M03-I02,CORE_OR_STRUCTURAL_ROUTE,REEXPOSURE_OR_RETRIEVAL,CONTEXTUAL_OR_FUNCTION_BOUND,,NONE,1.44,REQUIRED_SCHEDULE_EDGE_AUDITED,
REC-A1-001142,SEQ-A1-000354,SENSE,SENSE-A1-000219,enfermo,LEX-A1-000215,SENSE-A1-000219,,NEAR_TRANSFER,A1-M03-I02-S3,A1-M03-I03-S4,A1-M03-I02,A1-M03-I03,CORE_OR_STRUCTURAL_ROUTE,TRANSFER_IN_CHANGED_CONTEXT,CONTEXTUAL_OR_FUNCTION_BOUND,,NONE,1.44,REQUIRED_SCHEDULE_EDGE_AUDITED,
REC-A1-001143,SEQ-A1-000354,SENSE,SENSE-A1-000219,enfermo,LEX-A1-000215,SENSE-A1-000219,,DISTANT_RETURN,A1-M03-I03-S4,A1-M04-I02-S1,A1-M03-I03,A1-M04-I02,CORE_OR_STRUCTURAL_ROUTE,DELAYED_RETRIEVAL_OR_TERMINAL_INTEGRATION,CONTEXTUAL_OR_FUNCTION_BOUND,,NONE,1.44,REQUIRED_SCHEDULE_EDGE_AUDITED,"Scheduled four islands after first introduction; destination story is load-balanced. This is a curriculum spacing rule, not a universal optimal interval claim."
REC-A1-001144,SEQ-A1-000356,SENSE,SENSE-A1-000314,jabón,LEX-A1-000308,SENSE-A1-000314,,LOCAL_REUSE,A1-M03-I02-S2,A1-M03-I02-S3,A1-M03-I02,A1-M03-I02,CORE_OR_STRUCTURAL_ROUTE,REEXPOSURE_OR_RETRIEVAL,CONTEXTUAL_OR_FUNCTION_BOUND,,NONE,1.44,REQUIRED_SCHEDULE_EDGE_AUDITED,
REC-A1-001145,SEQ-A1-000356,SENSE,SENSE-A1-000314,jabón,LEX-A1-000308,SENSE-A1-000314,,NEAR_TRANSFER,A1-M03-I02-S3,A1-M03-I03-S1,A1-M03-I02,A1-M03-I03,CORE_OR_STRUCTURAL_ROUTE,TRANSFER_IN_CHANGED_CONTEXT,CONTEXTUAL_OR_FUNCTION_BOUND,,NONE,1.44,REQUIRED_SCHEDULE_EDGE_AUDITED,
REC-A1-001146,SEQ-A1-000356,SENSE,SENSE-A1-000314,jabón,LEX-A1-000308,SENSE-A1-000314,,DISTANT_RETURN,A1-M03-I03-S1,A1-M04-I02-S2,A1-M03-I03,A1-M04-I02,CORE_OR_STRUCTURAL_ROUTE,DELAYED_RETRIEVAL_OR_TERMINAL_INTEGRATION,CONTEXTUAL_OR_FUNCTION_BOUND,,NONE,1.44,REQUIRED_SCHEDULE_EDGE_AUDITED,"Scheduled four islands after first introduction; destination story is load-balanced. This is a curriculum spacing rule, not a universal optimal interval claim."
REC-A1-001147,SEQ-A1-000358,SENSE,SENSE-A1-000336,levantarse,LEX-A1-000330,SENSE-A1-000336,,LOCAL_REUSE,A1-M03-I02-S2,A1-M03-I02-S3,A1-M03-I02,A1-M03-I02,CORE_OR_STRUCTURAL_ROUTE,REEXPOSURE_OR_RETRIEVAL,CONTEXTUAL_OR_FUNCTION_BOUND,,NONE,1.44,REQUIRED_SCHEDULE_EDGE_AUDITED,
REC-A1-001148,SEQ-A1-000358,SENSE,SENSE-A1-000336,levantarse,LEX-A1-000330,SENSE-A1-000336,,NEAR_TRANSFER,A1-M03-I02-S3,A1-M03-I03-S2,A1-M03-I02,A1-M03-I03,CORE_OR_STRUCTURAL_ROUTE,TRANSFER_IN_CHANGED_CONTEXT,CONTEXTUAL_OR_FUNCTION_BOUND,,NONE,1.44,REQUIRED_SCHEDULE_EDGE_AUDITED,
REC-A1-001149,SEQ-A1-000358,SENSE,SENSE-A1-000336,levantarse,LEX-A1-000330,SENSE-A1-000336,,DISTANT_RETURN,A1-M03-I03-S2,A1-M04-I02-S3,A1-M03-I03,A1-M04-I02,CORE_OR_STRUCTURAL_ROUTE,DELAYED_RETRIEVAL_OR_TERMINAL_INTEGRATION,CONTEXTUAL_OR_FUNCTION_BOUND,,NONE,1.44,REQUIRED_SCHEDULE_EDGE_AUDITED,"Scheduled four islands after first introduction; destination story is load-balanced. This is a curriculum spacing rule, not a universal optimal interval claim."
REC-A1-001150,SEQ-A1-000360,SENSE,SENSE-A1-000367,merendar,LEX-A1-000361,SENSE-A1-000367,,LOCAL_REUSE,A1-M03-I02-S2,A1-M03-I02-S3,A1-M03-I02,A1-M03-I02,CORE_OR_STRUCTURAL_ROUTE,REEXPOSURE_OR_RETRIEVAL,CONTEXTUAL_OR_FUNCTION_BOUND,,NONE,1.44,REQUIRED_SCHEDULE_EDGE_AUDITED,
REC-A1-001151,SEQ-A1-000360,SENSE,SENSE-A1-000367,merendar,LEX-A1-000361,SENSE-A1-000367,,NEAR_TRANSFER,A1-M03-I02-S3,A1-M03-I03-S3,A1-M03-I02,A1-M03-I03,CORE_OR_STRUCTURAL_ROUTE,TRANSFER_IN_CHANGED_CONTEXT,CONTEXTUAL_OR_FUNCTION_BOUND,,NONE,1.44,REQUIRED_SCHEDULE_EDGE_AUDITED,
REC-A1-001152,SEQ-A1-000360,SENSE,SENSE-A1-000367,merendar,LEX-A1-000361,SENSE-A1-000367,,DISTANT_RETURN,A1-M03-I03-S3,A1-M04-I02-S1,A1-M03-I03,A1-M04-I02,CORE_OR_STRUCTURAL_ROUTE,DELAYED_RETRIEVAL_OR_TERMINAL_INTEGRATION,CONTEXTUAL_OR_FUNCTION_BOUND,,NONE,1.44,REQUIRED_SCHEDULE_EDGE_AUDITED,"Scheduled four islands after first introduction; destination story is load-balanced. This is a curriculum spacing rule, not a universal optimal interval claim."
REC-A1-001153,SEQ-A1-000362,SENSE,SENSE-A1-000412,nunca,LEX-A1-000405,SENSE-A1-000412,,LOCAL_REUSE,A1-M03-I02-S2,A1-M03-I02-S3,A1-M03-I02,A1-M03-I02,CORE_OR_STRUCTURAL_ROUTE,REEXPOSURE_OR_RETRIEVAL,CONTEXTUAL_OR_FUNCTION_BOUND,,NONE,1.44,REQUIRED_SCHEDULE_EDGE_AUDITED,
REC-A1-001154,SEQ-A1-000362,SENSE,SENSE-A1-000412,nunca,LEX-A1-000405,SENSE-A1-000412,,NEAR_TRANSFER,A1-M03-I02-S3,A1-M03-I03-S4,A1-M03-I02,A1-M03-I03,CORE_OR_STRUCTURAL_ROUTE,TRANSFER_IN_CHANGED_CONTEXT,CONTEXTUAL_OR_FUNCTION_BOUND,,NONE,1.44,REQUIRED_SCHEDULE_EDGE_AUDITED,
REC-A1-001155,SEQ-A1-000362,SENSE,SENSE-A1-000412,nunca,LEX-A1-000405,SENSE-A1-000412,,DISTANT_RETURN,A1-M03-I03-S4,A1-M04-I02-S2,A1-M03-I03,A1-M04-I02,CORE_OR_STRUCTURAL_ROUTE,DELAYED_RETRIEVAL_OR_TERMINAL_INTEGRATION,CONTEXTUAL_OR_FUNCTION_BOUND,,NONE,1.44,REQUIRED_SCHEDULE_EDGE_AUDITED,"Scheduled four islands after first introduction; destination story is load-balanced. This is a curriculum spacing rule, not a universal optimal interval claim."
REC-A1-001156,SEQ-A1-000364,SENSE,SENSE-A1-000524,siempre,LEX-A1-000515,SENSE-A1-000524,,LOCAL_REUSE,A1-M03-I02-S2,A1-M03-I02-S3,A1-M03-I02,A1-M03-I02,CORE_OR_STRUCTURAL_ROUTE,REEXPOSURE_OR_RETRIEVAL,CONTEXTUAL_OR_FUNCTION_BOUND,,NONE,1.44,REQUIRED_SCHEDULE_EDGE_AUDITED,
REC-A1-001157,SEQ-A1-000364,SENSE,SENSE-A1-000524,siempre,LEX-A1-000515,SENSE-A1-000524,,NEAR_TRANSFER,A1-M03-I02-S3,A1-M03-I03-S1,A1-M03-I02,A1-M03-I03,CORE_OR_STRUCTURAL_ROUTE,TRANSFER_IN_CHANGED_CONTEXT,CONTEXTUAL_OR_FUNCTION_BOUND,,NONE,1.44,REQUIRED_SCHEDULE_EDGE_AUDITED,
REC-A1-001158,SEQ-A1-000364,SENSE,SENSE-A1-000524,siempre,LEX-A1-000515,SENSE-A1-000524,,DISTANT_RETURN,A1-M03-I03-S1,A1-M04-I02-S3,A1-M03-I03,A1-M04-I02,CORE_OR_STRUCTURAL_ROUTE,DELAYED_RETRIEVAL_OR_TERMINAL_INTEGRATION,CONTEXTUAL_OR_FUNCTION_BOUND,,NONE,1.44,REQUIRED_SCHEDULE_EDGE_AUDITED,"Scheduled four islands after first introduction; destination story is load-balanced. This is a curriculum spacing rule, not a universal optimal interval claim."
REC-A1-001159,SEQ-A1-000410,GRAMMAR_UNIT,GRAM-A1-115,Infinitivo independiente como respuesta fragmentaria,,,,LOCAL_REUSE,A1-M03-I03-S1,A1-M03-I03-S2,A1-M03-I03,A1-M03-I03,CORE_OR_STRUCTURAL_ROUTE,REEXPOSURE_OR_RETRIEVAL,AS_OBJECT_POLICY_REQUIRES,,NONE,1.44,REQUIRED_SCHEDULE_EDGE_AUDITED,
REC-A1-001160,SEQ-A1-000410,GRAMMAR_UNIT,GRAM-A1-115,Infinitivo independiente como respuesta fragmentaria,,,,NEAR_TRANSFER,A1-M03-I03-S2,A1-M03-I04-S3,A1-M03-I03,A1-M03-I04,CORE_OR_STRUCTURAL_ROUTE,TRANSFER_IN_CHANGED_CONTEXT,AS_OBJECT_POLICY_REQUIRES,,NONE,1.44,REQUIRED_SCHEDULE_EDGE_AUDITED,
REC-A1-001161,SEQ-A1-000410,GRAMMAR_UNIT,GRAM-A1-115,Infinitivo independiente como respuesta fragmentaria,,,,DISTANT_RETURN,A1-M03-I04-S3,A1-M04-I03-S3,A1-M03-I04,A1-M04-I03,CORE_OR_STRUCTURAL_ROUTE,DELAYED_RETRIEVAL_OR_TERMINAL_INTEGRATION,AS_OBJECT_POLICY_REQUIRES,,NONE,1.44,REQUIRED_SCHEDULE_EDGE_AUDITED,"Scheduled four islands after first introduction; destination story is load-balanced. This is a curriculum spacing rule, not a universal optimal interval claim."
REC-A1-001162,SEQ-A1-000413,MWU_SOURCE_UNIT,12B1-MWU-0022,clase de matemáticas,,,12B1-MWU-0022,LOCAL_REUSE,A1-M03-I03-S1,A1-M03-I03-S3,A1-M03-I03,A1-M03-I03,CORE_OR_STRUCTURAL_ROUTE,REEXPOSURE_OR_RETRIEVAL,AS_OBJECT_POLICY_REQUIRES,,NONE,1.44,REQUIRED_SCHEDULE_EDGE_AUDITED,
REC-A1-001163,SEQ-A1-000413,MWU_SOURCE_UNIT,12B1-MWU-0022,clase de matemáticas,,,12B1-MWU-0022,NEAR_TRANSFER,A1-M03-I03-S3,A1-M03-I04-S1,A1-M03-I03,A1-M03-I04,CORE_OR_STRUCTURAL_ROUTE,TRANSFER_IN_CHANGED_CONTEXT,AS_OBJECT_POLICY_REQUIRES,,NONE,1.44,REQUIRED_SCHEDULE_EDGE_AUDITED,
REC-A1-001164,SEQ-A1-000413,MWU_SOURCE_UNIT,12B1-MWU-0022,clase de matemáticas,,,12B1-MWU-0022,DISTANT_RETURN,A1-M03-I04-S1,A1-M04-I03-S3,A1-M03-I04,A1-M04-I03,CORE_OR_STRUCTURAL_ROUTE,DELAYED_RETRIEVAL_OR_TERMINAL_INTEGRATION,AS_OBJECT_POLICY_REQUIRES,,NONE,1.44,REQUIRED_SCHEDULE_EDGE_AUDITED,"Scheduled four islands after first introduction; destination story is load-balanced. This is a curriculum spacing rule, not a universal optimal interval claim."
REC-A1-001165,SEQ-A1-000416,MWU_SOURCE_UNIT,12B1-MWU-0025,hacer los deberes,,,12B1-MWU-0025,LOCAL_REUSE,A1-M03-I03-S1,A1-M03-I03-S4,A1-M03-I03,A1-M03-I03,CORE_OR_STRUCTURAL_ROUTE,REEXPOSURE_OR_RETRIEVAL,AS_OBJECT_POLICY_REQUIRES,,NONE,1.44,REQUIRED_SCHEDULE_EDGE_AUDITED,
REC-A1-001166,SEQ-A1-000416,MWU_SOURCE_UNIT,12B1-MWU-0025,hacer los deberes,,,12B1-MWU-0025,NEAR_TRANSFER,A1-M03-I03-S4,A1-M03-I04-S2,A1-M03-I03,A1-M03-I04,CORE_OR_STRUCTURAL_ROUTE,TRANSFER_IN_CHANGED_CONTEXT,AS_OBJECT_POLICY_REQUIRES,,NONE,1.44,REQUIRED_SCHEDULE_EDGE_AUDITED,
REC-A1-001167,SEQ-A1-000416,MWU_SOURCE_UNIT,12B1-MWU-0025,hacer los deberes,,,12B1-MWU-0025,DISTANT_RETURN,A1-M03-I04-S2,A1-M04-I03-S3,A1-M03-I04,A1-M04-I03,CORE_OR_STRUCTURAL_ROUTE,DELAYED_RETRIEVAL_OR_TERMINAL_INTEGRATION,AS_OBJECT_POLICY_REQUIRES,,NONE,1.44,REQUIRED_SCHEDULE_EDGE_AUDITED,"Scheduled four islands after first introduction; destination story is load-balanced. This is a curriculum spacing rule, not a universal optimal interval claim."
REC-A1-001168,SEQ-A1-000419,MWU_SOURCE_UNIT,12B1-MWU-0028,hacer una actividad,,,12B1-MWU-0028,LOCAL_REUSE,A1-M03-I03-S1,A1-M03-I03-S2,A1-M03-I03,A1-M03-I03,CORE_OR_STRUCTURAL_ROUTE,REEXPOSURE_OR_RETRIEVAL,AS_OBJECT_POLICY_REQUIRES,,NONE,1.44,REQUIRED_SCHEDULE_EDGE_AUDITED,
REC-A1-001169,SEQ-A1-000419,MWU_SOURCE_UNIT,12B1-MWU-0028,hacer una actividad,,,12B1-MWU-0028,NEAR_TRANSFER,A1-M03-I03-S2,A1-M03-I04-S3,A1-M03-I03,A1-M03-I04,CORE_OR_STRUCTURAL_ROUTE,TRANSFER_IN_CHANGED_CONTEXT,AS_OBJECT_POLICY_REQUIRES,,NONE,1.44,REQUIRED_SCHEDULE_EDGE_AUDITED,
REC-A1-001170,SEQ-A1-000419,MWU_SOURCE_UNIT,12B1-MWU-0028,hacer una actividad,,,12B1-MWU-0028,DISTANT_RETURN,A1-M03-I04-S3,A1-M04-I03-S3,A1-M03-I04,A1-M04-I03,CORE_OR_STRUCTURAL_ROUTE,DELAYED_RETRIEVAL_OR_TERMINAL_INTEGRATION,AS_OBJECT_POLICY_REQUIRES,,NONE,1.44,REQUIRED_SCHEDULE_EDGE_AUDITED,"Scheduled four islands after first introduction; destination story is load-balanced. This is a curriculum spacing rule, not a universal optimal interval claim."
REC-A1-001171,SEQ-A1-000379,SENSE,SENSE-A1-000009,abrir,LEX-A1-000009,SENSE-A1-000009,,LOCAL_REUSE,A1-M03-I03-S1,A1-M03-I03-S3,A1-M03-I03,A1-M03-I03,CORE_OR_STRUCTURAL_ROUTE,REEXPOSURE_OR_RETRIEVAL,CONTEXTUAL_OR_FUNCTION_BOUND,,NONE,1.44,REQUIRED_SCHEDULE_EDGE_AUDITED,
REC-A1-001172,SEQ-A1-000379,SENSE,SENSE-A1-000009,abrir,LEX-A1-000009,SENSE-A1-000009,,NEAR_TRANSFER,A1-M03-I03-S3,A1-M03-I04-S1,A1-M03-I03,A1-M03-I04,CORE_OR_STRUCTURAL_ROUTE,TRANSFER_IN_CHANGED_CONTEXT,CONTEXTUAL_OR_FUNCTION_BOUND,,NONE,1.44,REQUIRED_SCHEDULE_EDGE_AUDITED,
REC-A1-001173,SEQ-A1-000379,SENSE,SENSE-A1-000009,abrir,LEX-A1-000009,SENSE-A1-000009,,DISTANT_RETURN,A1-M03-I04-S1,A1-M04-I03-S3,A1-M03-I04,A1-M04-I03,CORE_OR_STRUCTURAL_ROUTE,DELAYED_RETRIEVAL_OR_TERMINAL_INTEGRATION,CONTEXTUAL_OR_FUNCTION_BOUND,,NONE,1.44,REQUIRED_SCHEDULE_EDGE_AUDITED,"Scheduled four islands after first introduction; destination story is load-balanced. This is a curriculum spacing rule, not a universal optimal interval claim."
REC-A1-001174,SEQ-A1-000382,SENSE,SENSE-A1-000071,biblioteca,LEX-A1-000071,SENSE-A1-000071,,LOCAL_REUSE,A1-M03-I03-S1,A1-M03-I03-S4,A1-M03-I03,A1-M03-I03,CORE_OR_STRUCTURAL_ROUTE,REEXPOSURE_OR_RETRIEVAL,CONTEXTUAL_OR_FUNCTION_BOUND,,NONE,1.44,REQUIRED_SCHEDULE_EDGE_AUDITED,
REC-A1-001175,SEQ-A1-000382,SENSE,SENSE-A1-000071,biblioteca,LEX-A1-000071,SENSE-A1-000071,,NEAR_TRANSFER,A1-M03-I03-S4,A1-M03-I04-S2,A1-M03-I03,A1-M03-I04,CORE_OR_STRUCTURAL_ROUTE,TRANSFER_IN_CHANGED_CONTEXT,CONTEXTUAL_OR_FUNCTION_BOUND,,NONE,1.44,REQUIRED_SCHEDULE_EDGE_AUDITED,
REC-A1-001176,SEQ-A1-000382,SENSE,SENSE-A1-000071,biblioteca,LEX-A1-000071,SENSE-A1-000071,,DISTANT_RETURN,A1-M03-I04-S2,A1-M04-I03-S3,A1-M03-I04,A1-M04-I03,CORE_OR_STRUCTURAL_ROUTE,DELAYED_RETRIEVAL_OR_TERMINAL_INTEGRATION,CONTEXTUAL_OR_FUNCTION_BOUND,,NONE,1.44,REQUIRED_SCHEDULE_EDGE_AUDITED,"Scheduled four islands after first introduction; destination story is load-balanced. This is a curriculum spacing rule, not a universal optimal interval claim."
REC-A1-001177,SEQ-A1-000385,SENSE,SENSE-A1-000140,clase,LEX-A1-000138,SENSE-A1-000140,,LOCAL_REUSE,A1-M03-I03-S1,A1-M03-I03-S2,A1-M03-I03,A1-M03-I03,CORE_OR_STRUCTURAL_ROUTE,REEXPOSURE_OR_RETRIEVAL,CONTEXTUAL_OR_FUNCTION_BOUND,,NONE,1.44,REQUIRED_SCHEDULE_EDGE_AUDITED,
REC-A1-001178,SEQ-A1-000385,SENSE,SENSE-A1-000140,clase,LEX-A1-000138,SENSE-A1-000140,,NEAR_TRANSFER,A1-M03-I03-S2,A1-M03-I04-S3,A1-M03-I03,A1-M03-I04,CORE_OR_STRUCTURAL_ROUTE,TRANSFER_IN_CHANGED_CONTEXT,CONTEXTUAL_OR_FUNCTION_BOUND,,NONE,1.44,REQUIRED_SCHEDULE_EDGE_AUDITED,
REC-A1-001179,SEQ-A1-000385,SENSE,SENSE-A1-000140,clase,LEX-A1-000138,SENSE-A1-000140,,DISTANT_RETURN,A1-M03-I04-S3,A1-M04-I03-S3,A1-M03-I04,A1-M04-I03,CORE_OR_STRUCTURAL_ROUTE,DELAYED_RETRIEVAL_OR_TERMINAL_INTEGRATION,CONTEXTUAL_OR_FUNCTION_BOUND,,NONE,1.44,REQUIRED_SCHEDULE_EDGE_AUDITED,"Scheduled four islands after first introduction; destination story is load-balanced. This is a curriculum spacing rule, not a universal optimal interval claim."
REC-A1-001180,SEQ-A1-000388,SENSE,SENSE-A1-000190,diccionario,LEX-A1-000187,SENSE-A1-000190,,LOCAL_REUSE,A1-M03-I03-S1,A1-M03-I03-S3,A1-M03-I03,A1-M03-I03,CORE_OR_STRUCTURAL_ROUTE,REEXPOSURE_OR_RETRIEVAL,CONTEXTUAL_OR_FUNCTION_BOUND,,NONE,1.44,REQUIRED_SCHEDULE_EDGE_AUDITED,
REC-A1-001181,SEQ-A1-000388,SENSE,SENSE-A1-000190,diccionario,LEX-A1-000187,SENSE-A1-000190,,NEAR_TRANSFER,A1-M03-I03-S3,A1-M03-I04-S1,A1-M03-I03,A1-M03-I04,CORE_OR_STRUCTURAL_ROUTE,TRANSFER_IN_CHANGED_CONTEXT,CONTEXTUAL_OR_FUNCTION_BOUND,,NONE,1.44,REQUIRED_SCHEDULE_EDGE_AUDITED,
REC-A1-001182,SEQ-A1-000388,SENSE,SENSE-A1-000190,diccionario,LEX-A1-000187,SENSE-A1-000190,,DISTANT_RETURN,A1-M03-I04-S1,A1-M04-I03-S3,A1-M03-I04,A1-M04-I03,CORE_OR_STRUCTURAL_ROUTE,DELAYED_RETRIEVAL_OR_TERMINAL_INTEGRATION,CONTEXTUAL_OR_FUNCTION_BOUND,,NONE,1.44,REQUIRED_SCHEDULE_EDGE_AUDITED,"Scheduled four islands after first introduction; destination story is load-balanced. This is a curriculum spacing rule, not a universal optimal interval claim."
REC-A1-001183,SEQ-A1-000391,SENSE,SENSE-A1-000227,escribir,LEX-A1-000223,SENSE-A1-000227,,LOCAL_REUSE,A1-M03-I03-S1,A1-M03-I03-S4,A1-M03-I03,A1-M03-I03,CORE_OR_STRUCTURAL_ROUTE,REEXPOSURE_OR_RETRIEVAL,CONTEXTUAL_OR_FUNCTION_BOUND,,NONE,1.44,REQUIRED_SCHEDULE_EDGE_AUDITED,
REC-A1-001184,SEQ-A1-000391,SENSE,SENSE-A1-000227,escribir,LEX-A1-000223,SENSE-A1-000227,,NEAR_TRANSFER,A1-M03-I03-S4,A1-M03-I04-S2,A1-M03-I03,A1-M03-I04,CORE_OR_STRUCTURAL_ROUTE,TRANSFER_IN_CHANGED_CONTEXT,CONTEXTUAL_OR_FUNCTION_BOUND,,NONE,1.44,REQUIRED_SCHEDULE_EDGE_AUDITED,
REC-A1-001185,SEQ-A1-000391,SENSE,SENSE-A1-000227,escribir,LEX-A1-000223,SENSE-A1-000227,,DISTANT_RETURN,A1-M03-I04-S2,A1-M04-I03-S3,A1-M03-I04,A1-M04-I03,CORE_OR_STRUCTURAL_ROUTE,DELAYED_RETRIEVAL_OR_TERMINAL_INTEGRATION,CONTEXTUAL_OR_FUNCTION_BOUND,,NONE,1.44,REQUIRED_SCHEDULE_EDGE_AUDITED,"Scheduled four islands after first introduction; destination story is load-balanced. This is a curriculum spacing rule, not a universal optimal interval claim."
REC-A1-001186,SEQ-A1-000394,SENSE,SENSE-A1-000242,estudiar,LEX-A1-000238,SENSE-A1-000242,,LOCAL_REUSE,A1-M03-I03-S1,A1-M03-I03-S2,A1-M03-I03,A1-M03-I03,CORE_OR_STRUCTURAL_ROUTE,REEXPOSURE_OR_RETRIEVAL,CONTEXTUAL_OR_FUNCTION_BOUND,,NONE,1.44,REQUIRED_SCHEDULE_EDGE_AUDITED,
REC-A1-001187,SEQ-A1-000394,SENSE,SENSE-A1-000242,estudiar,LEX-A1-000238,SENSE-A1-000242,,NEAR_TRANSFER,A1-M03-I03-S2,A1-M03-I04-S3,A1-M03-I03,A1-M03-I04,CORE_OR_STRUCTURAL_ROUTE,TRANSFER_IN_CHANGED_CONTEXT,CONTEXTUAL_OR_FUNCTION_BOUND,,NONE,1.44,REQUIRED_SCHEDULE_EDGE_AUDITED,
REC-A1-001188,SEQ-A1-000394,SENSE,SENSE-A1-000242,estudiar,LEX-A1-000238,SENSE-A1-000242,,DISTANT_RETURN,A1-M03-I04-S3,A1-M04-I03-S3,A1-M03-I04,A1-M04-I03,CORE_OR_STRUCTURAL_ROUTE,DELAYED_RETRIEVAL_OR_TERMINAL_INTEGRATION,CONTEXTUAL_OR_FUNCTION_BOUND,,NONE,1.44,REQUIRED_SCHEDULE_EDGE_AUDITED,"Scheduled four islands after first introduction; destination story is load-balanced. This is a curriculum spacing rule, not a universal optimal interval claim."
REC-A1-001189,SEQ-A1-000397,SENSE,SENSE-A1-000273,goma,LEX-A1-000268,SENSE-A1-000273,,LOCAL_REUSE,A1-M03-I03-S1,A1-M03-I03-S3,A1-M03-I03,A1-M03-I03,CORE_OR_STRUCTURAL_ROUTE,REEXPOSURE_OR_RETRIEVAL,CONTEXTUAL_OR_FUNCTION_BOUND,,NONE,1.44,REQUIRED_SCHEDULE_EDGE_AUDITED,
REC-A1-001190,SEQ-A1-000397,SENSE,SENSE-A1-000273,goma,LEX-A1-000268,SENSE-A1-000273,,NEAR_TRANSFER,A1-M03-I03-S3,A1-M03-I04-S1,A1-M03-I03,A1-M03-I04,CORE_OR_STRUCTURAL_ROUTE,TRANSFER_IN_CHANGED_CONTEXT,CONTEXTUAL_OR_FUNCTION_BOUND,,NONE,1.44,REQUIRED_SCHEDULE_EDGE_AUDITED,
REC-A1-001191,SEQ-A1-000397,SENSE,SENSE-A1-000273,goma,LEX-A1-000268,SENSE-A1-000273,,DISTANT_RETURN,A1-M03-I04-S1,A1-M04-I03-S3,A1-M03-I04,A1-M04-I03,CORE_OR_STRUCTURAL_ROUTE,DELAYED_RETRIEVAL_OR_TERMINAL_INTEGRATION,CONTEXTUAL_OR_FUNCTION_BOUND,,NONE,1.44,REQUIRED_SCHEDULE_EDGE_AUDITED,"Scheduled four islands after first introduction; destination story is load-balanced. This is a curriculum spacing rule, not a universal optimal interval claim."
REC-A1-001192,SEQ-A1-000401,SENSE,SENSE-A1-000333,leer,LEX-A1-000327,SENSE-A1-000333,,LOCAL_REUSE,A1-M03-I03-S1,A1-M03-I03-S4,A1-M03-I03,A1-M03-I03,CORE_OR_STRUCTURAL_ROUTE,REEXPOSURE_OR_RETRIEVAL,CONTEXTUAL_OR_FUNCTION_BOUND,,NONE,1.44,REQUIRED_SCHEDULE_EDGE_AUDITED,
REC-A1-001193,SEQ-A1-000401,SENSE,SENSE-A1-000333,leer,LEX-A1-000327,SENSE-A1-000333,,NEAR_TRANSFER,A1-M03-I03-S4,A1-M03-I04-S2,A1-M03-I03,A1-M03-I04,CORE_OR_STRUCTURAL_ROUTE,TRANSFER_IN_CHANGED_CONTEXT,CONTEXTUAL_OR_FUNCTION_BOUND,,NONE,1.44,REQUIRED_SCHEDULE_EDGE_AUDITED,
REC-A1-001194,SEQ-A1-000401,SENSE,SENSE-A1-000333,leer,LEX-A1-000327,SENSE-A1-000333,,DISTANT_RETURN,A1-M03-I04-S2,A1-M04-I03-S3,A1-M03-I04,A1-M04-I03,CORE_OR_STRUCTURAL_ROUTE,DELAYED_RETRIEVAL_OR_TERMINAL_INTEGRATION,CONTEXTUAL_OR_FUNCTION_BOUND,,NONE,1.44,REQUIRED_SCHEDULE_EDGE_AUDITED,"Scheduled four islands after first introduction; destination story is load-balanced. This is a curriculum spacing rule, not a universal optimal interval claim."
REC-A1-001195,SEQ-A1-000969,SENSE,SENSE-A1-000432,para,LEX-A1-000424,SENSE-A1-000432,,LOCAL_REUSE,A1-M03-I03-S1,A1-M03-I03-S2,A1-M03-I03,A1-M03-I03,CORE_OR_STRUCTURAL_ROUTE,REEXPOSURE_OR_RETRIEVAL,CONTEXTUAL_OR_FUNCTION_BOUND,,NONE,1.44,REQUIRED_SCHEDULE_EDGE_AUDITED,
REC-A1-001196,SEQ-A1-000969,SENSE,SENSE-A1-000432,para,LEX-A1-000424,SENSE-A1-000432,,NEAR_TRANSFER,A1-M03-I03-S2,A1-M03-I04-S3,A1-M03-I03,A1-M03-I04,CORE_OR_STRUCTURAL_ROUTE,TRANSFER_IN_CHANGED_CONTEXT,CONTEXTUAL_OR_FUNCTION_BOUND,,NONE,1.44,REQUIRED_SCHEDULE_EDGE_AUDITED,
REC-A1-001197,SEQ-A1-000969,SENSE,SENSE-A1-000432,para,LEX-A1-000424,SENSE-A1-000432,,DISTANT_RETURN,A1-M03-I04-S3,A1-M04-I03-S1,A1-M03-I04,A1-M04-I03,CORE_OR_STRUCTURAL_ROUTE,DELAYED_RETRIEVAL_OR_TERMINAL_INTEGRATION,CONTEXTUAL_OR_FUNCTION_BOUND,,NONE,1.44,REQUIRED_SCHEDULE_EDGE_AUDITED,"Scheduled four islands after first introduction; destination story is load-balanced. This is a curriculum spacing rule, not a universal optimal interval claim."
REC-A1-001198,SEQ-A1-000405,SENSE,SENSE-A1-000476,profesor,LEX-A1-000467,SENSE-A1-000476,,LOCAL_REUSE,A1-M03-I03-S1,A1-M03-I03-S3,A1-M03-I03,A1-M03-I03,CORE_OR_STRUCTURAL_ROUTE,REEXPOSURE_OR_RETRIEVAL,CONTEXTUAL_OR_FUNCTION_BOUND,,NONE,1.44,REQUIRED_SCHEDULE_EDGE_AUDITED,
REC-A1-001199,SEQ-A1-000405,SENSE,SENSE-A1-000476,profesor,LEX-A1-000467,SENSE-A1-000476,,NEAR_TRANSFER,A1-M03-I03-S3,A1-M03-I04-S1,A1-M03-I03,A1-M03-I04,CORE_OR_STRUCTURAL_ROUTE,TRANSFER_IN_CHANGED_CONTEXT,CONTEXTUAL_OR_FUNCTION_BOUND,,NONE,1.44,REQUIRED_SCHEDULE_EDGE_AUDITED,
REC-A1-001200,SEQ-A1-000405,SENSE,SENSE-A1-000476,profesor,LEX-A1-000467,SENSE-A1-000476,,DISTANT_RETURN,A1-M03-I04-S1,A1-M04-I03-S2,A1-M03-I04,A1-M04-I03,CORE_OR_STRUCTURAL_ROUTE,DELAYED_RETRIEVAL_OR_TERMINAL_INTEGRATION,CONTEXTUAL_OR_FUNCTION_BOUND,,NONE,1.44,REQUIRED_SCHEDULE_EDGE_AUDITED,"Scheduled four islands after first introduction; destination story is load-balanced. This is a curriculum spacing rule, not a universal optimal interval claim."
REC-A1-001201,SEQ-A1-000408,SENSE,SENSE-A1-000577,unidad,LEX-A1-000568,SENSE-A1-000577,,LOCAL_REUSE,A1-M03-I03-S1,A1-M03-I03-S4,A1-M03-I03,A1-M03-I03,CORE_OR_STRUCTURAL_ROUTE,REEXPOSURE_OR_RETRIEVAL,CONTEXTUAL_OR_FUNCTION_BOUND,,NONE,1.44,REQUIRED_SCHEDULE_EDGE_AUDITED,
REC-A1-001202,SEQ-A1-000408,SENSE,SENSE-A1-000577,unidad,LEX-A1-000568,SENSE-A1-000577,,NEAR_TRANSFER,A1-M03-I03-S4,A1-M03-I04-S2,A1-M03-I03,A1-M03-I04,CORE_OR_STRUCTURAL_ROUTE,TRANSFER_IN_CHANGED_CONTEXT,CONTEXTUAL_OR_FUNCTION_BOUND,,NONE,1.44,REQUIRED_SCHEDULE_EDGE_AUDITED,
REC-A1-001203,SEQ-A1-000408,SENSE,SENSE-A1-000577,unidad,LEX-A1-000568,SENSE-A1-000577,,DISTANT_RETURN,A1-M03-I04-S2,A1-M04-I03-S3,A1-M03-I04,A1-M04-I03,CORE_OR_STRUCTURAL_ROUTE,DELAYED_RETRIEVAL_OR_TERMINAL_INTEGRATION,CONTEXTUAL_OR_FUNCTION_BOUND,,NONE,1.44,REQUIRED_SCHEDULE_EDGE_AUDITED,"Scheduled four islands after first introduction; destination story is load-balanced. This is a curriculum spacing rule, not a universal optimal interval claim."
REC-A1-001204,SEQ-A1-000411,MWU_SOURCE_UNIT,12B1-MWU-0020,clase de español,,,12B1-MWU-0020,LOCAL_REUSE,A1-M03-I03-S2,A1-M03-I03-S3,A1-M03-I03,A1-M03-I03,CORE_OR_STRUCTURAL_ROUTE,REEXPOSURE_OR_RETRIEVAL,AS_OBJECT_POLICY_REQUIRES,,NONE,1.44,REQUIRED_SCHEDULE_EDGE_AUDITED,
REC-A1-001205,SEQ-A1-000411,MWU_SOURCE_UNIT,12B1-MWU-0020,clase de español,,,12B1-MWU-0020,NEAR_TRANSFER,A1-M03-I03-S3,A1-M03-I04-S3,A1-M03-I03,A1-M03-I04,CORE_OR_STRUCTURAL_ROUTE,TRANSFER_IN_CHANGED_CONTEXT,AS_OBJECT_POLICY_REQUIRES,,NONE,1.44,REQUIRED_SCHEDULE_EDGE_AUDITED,
REC-A1-001206,SEQ-A1-000411,MWU_SOURCE_UNIT,12B1-MWU-0020,clase de español,,,12B1-MWU-0020,DISTANT_RETURN,A1-M03-I04-S3,A1-M04-I03-S1,A1-M03-I04,A1-M04-I03,CORE_OR_STRUCTURAL_ROUTE,DELAYED_RETRIEVAL_OR_TERMINAL_INTEGRATION,AS_OBJECT_POLICY_REQUIRES,,NONE,1.44,REQUIRED_SCHEDULE_EDGE_AUDITED,"Scheduled four islands after first introduction; destination story is load-balanced. This is a curriculum spacing rule, not a universal optimal interval claim."
REC-A1-001207,SEQ-A1-000414,MWU_SOURCE_UNIT,12B1-MWU-0023,en grupos,,,12B1-MWU-0023,LOCAL_REUSE,A1-M03-I03-S2,A1-M03-I03-S4,A1-M03-I03,A1-M03-I03,CORE_OR_STRUCTURAL_ROUTE,REEXPOSURE_OR_RETRIEVAL,AS_OBJECT_POLICY_REQUIRES,,NONE,1.44,REQUIRED_SCHEDULE_EDGE_AUDITED,
REC-A1-001208,SEQ-A1-000414,MWU_SOURCE_UNIT,12B1-MWU-0023,en grupos,,,12B1-MWU-0023,NEAR_TRANSFER,A1-M03-I03-S4,A1-M03-I04-S1,A1-M03-I03,A1-M03-I04,CORE_OR_STRUCTURAL_ROUTE,TRANSFER_IN_CHANGED_CONTEXT,AS_OBJECT_POLICY_REQUIRES,,NONE,1.44,REQUIRED_SCHEDULE_EDGE_AUDITED,
REC-A1-001209,SEQ-A1-000414,MWU_SOURCE_UNIT,12B1-MWU-0023,en grupos,,,12B1-MWU-0023,DISTANT_RETURN,A1-M03-I04-S1,A1-M04-I03-S2,A1-M03-I04,A1-M04-I03,CORE_OR_STRUCTURAL_ROUTE,DELAYED_RETRIEVAL_OR_TERMINAL_INTEGRATION,AS_OBJECT_POLICY_REQUIRES,,NONE,1.44,REQUIRED_SCHEDULE_EDGE_AUDITED,"Scheduled four islands after first introduction; destination story is load-balanced. This is a curriculum spacing rule, not a universal optimal interval claim."
REC-A1-001210,SEQ-A1-000417,MWU_SOURCE_UNIT,12B1-MWU-0026,hacer un ejercicio,,,12B1-MWU-0026,LOCAL_REUSE,A1-M03-I03-S2,A1-M03-I03-S3,A1-M03-I03,A1-M03-I03,CORE_OR_STRUCTURAL_ROUTE,REEXPOSURE_OR_RETRIEVAL,AS_OBJECT_POLICY_REQUIRES,,NONE,1.44,REQUIRED_SCHEDULE_EDGE_AUDITED,
REC-A1-001211,SEQ-A1-000417,MWU_SOURCE_UNIT,12B1-MWU-0026,hacer un ejercicio,,,12B1-MWU-0026,NEAR_TRANSFER,A1-M03-I03-S3,A1-M03-I04-S2,A1-M03-I03,A1-M03-I04,CORE_OR_STRUCTURAL_ROUTE,TRANSFER_IN_CHANGED_CONTEXT,AS_OBJECT_POLICY_REQUIRES,,NONE,1.44,REQUIRED_SCHEDULE_EDGE_AUDITED,
REC-A1-001212,SEQ-A1-000417,MWU_SOURCE_UNIT,12B1-MWU-0026,hacer un ejercicio,,,12B1-MWU-0026,DISTANT_RETURN,A1-M03-I04-S2,A1-M04-I03-S3,A1-M03-I04,A1-M04-I03,CORE_OR_STRUCTURAL_ROUTE,DELAYED_RETRIEVAL_OR_TERMINAL_INTEGRATION,AS_OBJECT_POLICY_REQUIRES,,NONE,1.44,REQUIRED_SCHEDULE_EDGE_AUDITED,"Scheduled four islands after first introduction; destination story is load-balanced. This is a curriculum spacing rule, not a universal optimal interval claim."
REC-A1-001213,SEQ-A1-000420,MWU_SOURCE_UNIT,12B1-MWU-0029,ir a clase,,,12B1-MWU-0029,LOCAL_REUSE,A1-M03-I03-S2,A1-M03-I03-S4,A1-M03-I03,A1-M03-I03,CORE_OR_STRUCTURAL_ROUTE,REEXPOSURE_OR_RETRIEVAL,AS_OBJECT_POLICY_REQUIRES,,NONE,1.44,REQUIRED_SCHEDULE_EDGE_AUDITED,
REC-A1-001214,SEQ-A1-000420,MWU_SOURCE_UNIT,12B1-MWU-0029,ir a clase,,,12B1-MWU-0029,NEAR_TRANSFER,A1-M03-I03-S4,A1-M03-I04-S3,A1-M03-I03,A1-M03-I04,CORE_OR_STRUCTURAL_ROUTE,TRANSFER_IN_CHANGED_CONTEXT,AS_OBJECT_POLICY_REQUIRES,,NONE,1.44,REQUIRED_SCHEDULE_EDGE_AUDITED,
REC-A1-001215,SEQ-A1-000420,MWU_SOURCE_UNIT,12B1-MWU-0029,ir a clase,,,12B1-MWU-0029,DISTANT_RETURN,A1-M03-I04-S3,A1-M04-I03-S1,A1-M03-I04,A1-M04-I03,CORE_OR_STRUCTURAL_ROUTE,DELAYED_RETRIEVAL_OR_TERMINAL_INTEGRATION,AS_OBJECT_POLICY_REQUIRES,,NONE,1.44,REQUIRED_SCHEDULE_EDGE_AUDITED,"Scheduled four islands after first introduction; destination story is load-balanced. This is a curriculum spacing rule, not a universal optimal interval claim."
REC-A1-001216,SEQ-A1-000380,SENSE,SENSE-A1-000013,actividad,LEX-A1-000013,SENSE-A1-000013,,LOCAL_REUSE,A1-M03-I03-S2,A1-M03-I03-S3,A1-M03-I03,A1-M03-I03,CORE_OR_STRUCTURAL_ROUTE,REEXPOSURE_OR_RETRIEVAL,CONTEXTUAL_OR_FUNCTION_BOUND,,NONE,1.44,REQUIRED_SCHEDULE_EDGE_AUDITED,
REC-A1-001217,SEQ-A1-000380,SENSE,SENSE-A1-000013,actividad,LEX-A1-000013,SENSE-A1-000013,,NEAR_TRANSFER,A1-M03-I03-S3,A1-M03-I04-S1,A1-M03-I03,A1-M03-I04,CORE_OR_STRUCTURAL_ROUTE,TRANSFER_IN_CHANGED_CONTEXT,CONTEXTUAL_OR_FUNCTION_BOUND,,NONE,1.44,REQUIRED_SCHEDULE_EDGE_AUDITED,
REC-A1-001218,SEQ-A1-000380,SENSE,SENSE-A1-000013,actividad,LEX-A1-000013,SENSE-A1-000013,,DISTANT_RETURN,A1-M03-I04-S1,A1-M04-I03-S2,A1-M03-I04,A1-M04-I03,CORE_OR_STRUCTURAL_ROUTE,DELAYED_RETRIEVAL_OR_TERMINAL_INTEGRATION,CONTEXTUAL_OR_FUNCTION_BOUND,,NONE,1.44,REQUIRED_SCHEDULE_EDGE_AUDITED,"Scheduled four islands after first introduction; destination story is load-balanced. This is a curriculum spacing rule, not a universal optimal interval claim."
REC-A1-001219,SEQ-A1-000383,SENSE,SENSE-A1-000079,bolígrafo,LEX-A1-000078,SENSE-A1-000079,,LOCAL_REUSE,A1-M03-I03-S2,A1-M03-I03-S4,A1-M03-I03,A1-M03-I03,CORE_OR_STRUCTURAL_ROUTE,REEXPOSURE_OR_RETRIEVAL,CONTEXTUAL_OR_FUNCTION_BOUND,,NONE,1.44,REQUIRED_SCHEDULE_EDGE_AUDITED,
REC-A1-001220,SEQ-A1-000383,SENSE,SENSE-A1-000079,bolígrafo,LEX-A1-000078,SENSE-A1-000079,,NEAR_TRANSFER,A1-M03-I03-S4,A1-M03-I04-S2,A1-M03-I03,A1-M03-I04,CORE_OR_STRUCTURAL_ROUTE,TRANSFER_IN_CHANGED_CONTEXT,CONTEXTUAL_OR_FUNCTION_BOUND,,NONE,1.44,REQUIRED_SCHEDULE_EDGE_AUDITED,
REC-A1-001221,SEQ-A1-000383,SENSE,SENSE-A1-000079,bolígrafo,LEX-A1-000078,SENSE-A1-000079,,DISTANT_RETURN,A1-M03-I04-S2,A1-M04-I03-S3,A1-M03-I04,A1-M04-I03,CORE_OR_STRUCTURAL_ROUTE,DELAYED_RETRIEVAL_OR_TERMINAL_INTEGRATION,CONTEXTUAL_OR_FUNCTION_BOUND,,NONE,1.44,REQUIRED_SCHEDULE_EDGE_AUDITED,"Scheduled four islands after first introduction; destination story is load-balanced. This is a curriculum spacing rule, not a universal optimal interval claim."
REC-A1-001222,SEQ-A1-000386,SENSE,SENSE-A1-000146,colegio,LEX-A1-000144,SENSE-A1-000146,,LOCAL_REUSE,A1-M03-I03-S2,A1-M03-I03-S3,A1-M03-I03,A1-M03-I03,CORE_OR_STRUCTURAL_ROUTE,REEXPOSURE_OR_RETRIEVAL,CONTEXTUAL_OR_FUNCTION_BOUND,,NONE,1.44,REQUIRED_SCHEDULE_EDGE_AUDITED,
REC-A1-001223,SEQ-A1-000386,SENSE,SENSE-A1-000146,colegio,LEX-A1-000144,SENSE-A1-000146,,NEAR_TRANSFER,A1-M03-I03-S3,A1-M03-I04-S3,A1-M03-I03,A1-M03-I04,CORE_OR_STRUCTURAL_ROUTE,TRANSFER_IN_CHANGED_CONTEXT,CONTEXTUAL_OR_FUNCTION_BOUND,,NONE,1.44,REQUIRED_SCHEDULE_EDGE_AUDITED,
REC-A1-001224,SEQ-A1-000386,SENSE,SENSE-A1-000146,colegio,LEX-A1-000144,SENSE-A1-000146,,DISTANT_RETURN,A1-M03-I04-S3,A1-M04-I03-S1,A1-M03-I04,A1-M04-I03,CORE_OR_STRUCTURAL_ROUTE,DELAYED_RETRIEVAL_OR_TERMINAL_INTEGRATION,CONTEXTUAL_OR_FUNCTION_BOUND,,NONE,1.44,REQUIRED_SCHEDULE_EDGE_AUDITED,"Scheduled four islands after first introduction; destination story is load-balanced. This is a curriculum spacing rule, not a universal optimal interval claim."
REC-A1-001225,SEQ-A1-000389,SENSE,SENSE-A1-000214,empezar,LEX-A1-000210,SENSE-A1-000214,,LOCAL_REUSE,A1-M03-I03-S2,A1-M03-I03-S4,A1-M03-I03,A1-M03-I03,CORE_OR_STRUCTURAL_ROUTE,REEXPOSURE_OR_RETRIEVAL,CONTEXTUAL_OR_FUNCTION_BOUND,,NONE,1.44,REQUIRED_SCHEDULE_EDGE_AUDITED,
REC-A1-001226,SEQ-A1-000389,SENSE,SENSE-A1-000214,empezar,LEX-A1-000210,SENSE-A1-000214,,NEAR_TRANSFER,A1-M03-I03-S4,A1-M03-I04-S1,A1-M03-I03,A1-M03-I04,CORE_OR_STRUCTURAL_ROUTE,TRANSFER_IN_CHANGED_CONTEXT,CONTEXTUAL_OR_FUNCTION_BOUND,,NONE,1.44,REQUIRED_SCHEDULE_EDGE_AUDITED,
REC-A1-001227,SEQ-A1-000389,SENSE,SENSE-A1-000214,empezar,LEX-A1-000210,SENSE-A1-000214,,DISTANT_RETURN,A1-M03-I04-S1,A1-M04-I03-S2,A1-M03-I04,A1-M04-I03,CORE_OR_STRUCTURAL_ROUTE,DELAYED_RETRIEVAL_OR_TERMINAL_INTEGRATION,CONTEXTUAL_OR_FUNCTION_BOUND,,NONE,1.44,REQUIRED_SCHEDULE_EDGE_AUDITED,"Scheduled four islands after first introduction; destination story is load-balanced. This is a curriculum spacing rule, not a universal optimal interval claim."
REC-A1-001228,SEQ-A1-000392,SENSE,SENSE-A1-000229,escuela,LEX-A1-000225,SENSE-A1-000229,,LOCAL_REUSE,A1-M03-I03-S2,A1-M03-I03-S3,A1-M03-I03,A1-M03-I03,CORE_OR_STRUCTURAL_ROUTE,REEXPOSURE_OR_RETRIEVAL,CONTEXTUAL_OR_FUNCTION_BOUND,,NONE,1.44,REQUIRED_SCHEDULE_EDGE_AUDITED,
REC-A1-001229,SEQ-A1-000392,SENSE,SENSE-A1-000229,escuela,LEX-A1-000225,SENSE-A1-000229,,NEAR_TRANSFER,A1-M03-I03-S3,A1-M03-I04-S2,A1-M03-I03,A1-M03-I04,CORE_OR_STRUCTURAL_ROUTE,TRANSFER_IN_CHANGED_CONTEXT,CONTEXTUAL_OR_FUNCTION_BOUND,,NONE,1.44,REQUIRED_SCHEDULE_EDGE_AUDITED,
REC-A1-001230,SEQ-A1-000392,SENSE,SENSE-A1-000229,escuela,LEX-A1-000225,SENSE-A1-000229,,DISTANT_RETURN,A1-M03-I04-S2,A1-M04-I03-S3,A1-M03-I04,A1-M04-I03,CORE_OR_STRUCTURAL_ROUTE,DELAYED_RETRIEVAL_OR_TERMINAL_INTEGRATION,CONTEXTUAL_OR_FUNCTION_BOUND,,NONE,1.44,REQUIRED_SCHEDULE_EDGE_AUDITED,"Scheduled four islands after first introduction; destination story is load-balanced. This is a curriculum spacing rule, not a universal optimal interval claim."
REC-A1-001231,SEQ-A1-000395,SENSE,SENSE-A1-000245,examen,LEX-A1-000241,SENSE-A1-000245,,LOCAL_REUSE,A1-M03-I03-S2,A1-M03-I03-S4,A1-M03-I03,A1-M03-I03,CORE_OR_STRUCTURAL_ROUTE,REEXPOSURE_OR_RETRIEVAL,CONTEXTUAL_OR_FUNCTION_BOUND,,NONE,1.44,REQUIRED_SCHEDULE_EDGE_AUDITED,
REC-A1-001232,SEQ-A1-000395,SENSE,SENSE-A1-000245,examen,LEX-A1-000241,SENSE-A1-000245,,NEAR_TRANSFER,A1-M03-I03-S4,A1-M03-I04-S3,A1-M03-I03,A1-M03-I04,CORE_OR_STRUCTURAL_ROUTE,TRANSFER_IN_CHANGED_CONTEXT,CONTEXTUAL_OR_FUNCTION_BOUND,,NONE,1.44,REQUIRED_SCHEDULE_EDGE_AUDITED,
REC-A1-001233,SEQ-A1-000395,SENSE,SENSE-A1-000245,examen,LEX-A1-000241,SENSE-A1-000245,,DISTANT_RETURN,A1-M03-I04-S3,A1-M04-I03-S1,A1-M03-I04,A1-M04-I03,CORE_OR_STRUCTURAL_ROUTE,DELAYED_RETRIEVAL_OR_TERMINAL_INTEGRATION,CONTEXTUAL_OR_FUNCTION_BOUND,,NONE,1.44,REQUIRED_SCHEDULE_EDGE_AUDITED,"Scheduled four islands after first introduction; destination story is load-balanced. This is a curriculum spacing rule, not a universal optimal interval claim."
REC-A1-001234,SEQ-A1-000398,SENSE,SENSE-A1-000307,instituto,LEX-A1-000301,SENSE-A1-000307,,LOCAL_REUSE,A1-M03-I03-S2,A1-M03-I03-S3,A1-M03-I03,A1-M03-I03,CORE_OR_STRUCTURAL_ROUTE,REEXPOSURE_OR_RETRIEVAL,CONTEXTUAL_OR_FUNCTION_BOUND,,NONE,1.44,REQUIRED_SCHEDULE_EDGE_AUDITED,
REC-A1-001235,SEQ-A1-000398,SENSE,SENSE-A1-000307,instituto,LEX-A1-000301,SENSE-A1-000307,,NEAR_TRANSFER,A1-M03-I03-S3,A1-M03-I04-S1,A1-M03-I03,A1-M03-I04,CORE_OR_STRUCTURAL_ROUTE,TRANSFER_IN_CHANGED_CONTEXT,CONTEXTUAL_OR_FUNCTION_BOUND,,NONE,1.44,REQUIRED_SCHEDULE_EDGE_AUDITED,
REC-A1-001236,SEQ-A1-000398,SENSE,SENSE-A1-000307,instituto,LEX-A1-000301,SENSE-A1-000307,,DISTANT_RETURN,A1-M03-I04-S1,A1-M04-I03-S2,A1-M03-I04,A1-M04-I03,CORE_OR_STRUCTURAL_ROUTE,DELAYED_RETRIEVAL_OR_TERMINAL_INTEGRATION,CONTEXTUAL_OR_FUNCTION_BOUND,,NONE,1.44,REQUIRED_SCHEDULE_EDGE_AUDITED,"Scheduled four islands after first introduction; destination story is load-balanced. This is a curriculum spacing rule, not a universal optimal interval claim."
REC-A1-001237,SEQ-A1-000399,SENSE,SENSE-A1-000327,lápiz,LEX-A1-000321,SENSE-A1-000327,,LOCAL_REUSE,A1-M03-I03-S2,A1-M03-I03-S4,A1-M03-I03,A1-M03-I03,CORE_OR_STRUCTURAL_ROUTE,REEXPOSURE_OR_RETRIEVAL,CONTEXTUAL_OR_FUNCTION_BOUND,,NONE,1.44,REQUIRED_SCHEDULE_EDGE_AUDITED,
REC-A1-001238,SEQ-A1-000399,SENSE,SENSE-A1-000327,lápiz,LEX-A1-000321,SENSE-A1-000327,,NEAR_TRANSFER,A1-M03-I03-S4,A1-M03-I04-S2,A1-M03-I03,A1-M03-I04,CORE_OR_STRUCTURAL_ROUTE,TRANSFER_IN_CHANGED_CONTEXT,CONTEXTUAL_OR_FUNCTION_BOUND,,NONE,1.44,REQUIRED_SCHEDULE_EDGE_AUDITED,
REC-A1-001239,SEQ-A1-000399,SENSE,SENSE-A1-000327,lápiz,LEX-A1-000321,SENSE-A1-000327,,DISTANT_RETURN,A1-M03-I04-S2,A1-M04-I03-S3,A1-M03-I04,A1-M04-I03,CORE_OR_STRUCTURAL_ROUTE,DELAYED_RETRIEVAL_OR_TERMINAL_INTEGRATION,CONTEXTUAL_OR_FUNCTION_BOUND,,NONE,1.44,REQUIRED_SCHEDULE_EDGE_AUDITED,"Scheduled four islands after first introduction; destination story is load-balanced. This is a curriculum spacing rule, not a universal optimal interval claim."
REC-A1-001240,SEQ-A1-000403,SENSE,SENSE-A1-000447,pizarra,LEX-A1-000439,SENSE-A1-000447,,LOCAL_REUSE,A1-M03-I03-S2,A1-M03-I03-S3,A1-M03-I03,A1-M03-I03,CORE_OR_STRUCTURAL_ROUTE,REEXPOSURE_OR_RETRIEVAL,CONTEXTUAL_OR_FUNCTION_BOUND,,NONE,1.44,REQUIRED_SCHEDULE_EDGE_AUDITED,
REC-A1-001241,SEQ-A1-000403,SENSE,SENSE-A1-000447,pizarra,LEX-A1-000439,SENSE-A1-000447,,NEAR_TRANSFER,A1-M03-I03-S3,A1-M03-I04-S3,A1-M03-I03,A1-M03-I04,CORE_OR_STRUCTURAL_ROUTE,TRANSFER_IN_CHANGED_CONTEXT,CONTEXTUAL_OR_FUNCTION_BOUND,,NONE,1.44,REQUIRED_SCHEDULE_EDGE_AUDITED,
REC-A1-001242,SEQ-A1-000403,SENSE,SENSE-A1-000447,pizarra,LEX-A1-000439,SENSE-A1-000447,,DISTANT_RETURN,A1-M03-I04-S3,A1-M04-I03-S1,A1-M03-I04,A1-M04-I03,CORE_OR_STRUCTURAL_ROUTE,DELAYED_RETRIEVAL_OR_TERMINAL_INTEGRATION,CONTEXTUAL_OR_FUNCTION_BOUND,,NONE,1.44,REQUIRED_SCHEDULE_EDGE_AUDITED,"Scheduled four islands after first introduction; destination story is load-balanced. This is a curriculum spacing rule, not a universal optimal interval claim."
REC-A1-001243,SEQ-A1-000406,SENSE,SENSE-A1-000508,salir,LEX-A1-000499,SENSE-A1-000508,,LOCAL_REUSE,A1-M03-I03-S2,A1-M03-I03-S4,A1-M03-I03,A1-M03-I03,CORE_OR_STRUCTURAL_ROUTE,REEXPOSURE_OR_RETRIEVAL,CONTEXTUAL_OR_FUNCTION_BOUND,,NONE,1.44,REQUIRED_SCHEDULE_EDGE_AUDITED,
REC-A1-001244,SEQ-A1-000406,SENSE,SENSE-A1-000508,salir,LEX-A1-000499,SENSE-A1-000508,,NEAR_TRANSFER,A1-M03-I03-S4,A1-M03-I04-S1,A1-M03-I03,A1-M03-I04,CORE_OR_STRUCTURAL_ROUTE,TRANSFER_IN_CHANGED_CONTEXT,CONTEXTUAL_OR_FUNCTION_BOUND,,NONE,1.44,REQUIRED_SCHEDULE_EDGE_AUDITED,
REC-A1-001245,SEQ-A1-000406,SENSE,SENSE-A1-000508,salir,LEX-A1-000499,SENSE-A1-000508,,DISTANT_RETURN,A1-M03-I04-S1,A1-M04-I03-S2,A1-M03-I04,A1-M04-I03,CORE_OR_STRUCTURAL_ROUTE,DELAYED_RETRIEVAL_OR_TERMINAL_INTEGRATION,CONTEXTUAL_OR_FUNCTION_BOUND,,NONE,1.44,REQUIRED_SCHEDULE_EDGE_AUDITED,"Scheduled four islands after first introduction; destination story is load-balanced. This is a curriculum spacing rule, not a universal optimal interval claim."
REC-A1-001246,SEQ-A1-000409,SENSE,SENSE-A1-000578,universidad,LEX-A1-000569,SENSE-A1-000578,,LOCAL_REUSE,A1-M03-I03-S2,A1-M03-I03-S3,A1-M03-I03,A1-M03-I03,CORE_OR_STRUCTURAL_ROUTE,REEXPOSURE_OR_RETRIEVAL,CONTEXTUAL_OR_FUNCTION_BOUND,,NONE,1.44,REQUIRED_SCHEDULE_EDGE_AUDITED,
REC-A1-001247,SEQ-A1-000409,SENSE,SENSE-A1-000578,universidad,LEX-A1-000569,SENSE-A1-000578,,NEAR_TRANSFER,A1-M03-I03-S3,A1-M03-I04-S2,A1-M03-I03,A1-M03-I04,CORE_OR_STRUCTURAL_ROUTE,TRANSFER_IN_CHANGED_CONTEXT,CONTEXTUAL_OR_FUNCTION_BOUND,,NONE,1.44,REQUIRED_SCHEDULE_EDGE_AUDITED,
REC-A1-001248,SEQ-A1-000409,SENSE,SENSE-A1-000578,universidad,LEX-A1-000569,SENSE-A1-000578,,DISTANT_RETURN,A1-M03-I04-S2,A1-M04-I03-S3,A1-M03-I04,A1-M04-I03,CORE_OR_STRUCTURAL_ROUTE,DELAYED_RETRIEVAL_OR_TERMINAL_INTEGRATION,CONTEXTUAL_OR_FUNCTION_BOUND,,NONE,1.44,REQUIRED_SCHEDULE_EDGE_AUDITED,"Scheduled four islands after first introduction; destination story is load-balanced. This is a curriculum spacing rule, not a universal optimal interval claim."
REC-A1-001249,SEQ-A1-000412,MWU_SOURCE_UNIT,12B1-MWU-0021,clase de historia,,,12B1-MWU-0021,LOCAL_REUSE,A1-M03-I03-S3,A1-M03-I03-S4,A1-M03-I03,A1-M03-I03,CORE_OR_STRUCTURAL_ROUTE,REEXPOSURE_OR_RETRIEVAL,AS_OBJECT_POLICY_REQUIRES,,NONE,1.44,REQUIRED_SCHEDULE_EDGE_AUDITED,
REC-A1-001250,SEQ-A1-000412,MWU_SOURCE_UNIT,12B1-MWU-0021,clase de historia,,,12B1-MWU-0021,NEAR_TRANSFER,A1-M03-I03-S4,A1-M03-I04-S3,A1-M03-I03,A1-M03-I04,CORE_OR_STRUCTURAL_ROUTE,TRANSFER_IN_CHANGED_CONTEXT,AS_OBJECT_POLICY_REQUIRES,,NONE,1.44,REQUIRED_SCHEDULE_EDGE_AUDITED,
REC-A1-001251,SEQ-A1-000412,MWU_SOURCE_UNIT,12B1-MWU-0021,clase de historia,,,12B1-MWU-0021,DISTANT_RETURN,A1-M03-I04-S3,A1-M04-I03-S1,A1-M03-I04,A1-M04-I03,CORE_OR_STRUCTURAL_ROUTE,DELAYED_RETRIEVAL_OR_TERMINAL_INTEGRATION,AS_OBJECT_POLICY_REQUIRES,,NONE,1.44,REQUIRED_SCHEDULE_EDGE_AUDITED,"Scheduled four islands after first introduction; destination story is load-balanced. This is a curriculum spacing rule, not a universal optimal interval claim."
REC-A1-001252,SEQ-A1-000415,MWU_SOURCE_UNIT,12B1-MWU-0024,en parejas,,,12B1-MWU-0024,LOCAL_REUSE,A1-M03-I03-S3,A1-M03-I03-S4,A1-M03-I03,A1-M03-I03,CORE_OR_STRUCTURAL_ROUTE,REEXPOSURE_OR_RETRIEVAL,AS_OBJECT_POLICY_REQUIRES,,NONE,1.44,REQUIRED_SCHEDULE_EDGE_AUDITED,
REC-A1-001253,SEQ-A1-000415,MWU_SOURCE_UNIT,12B1-MWU-0024,en parejas,,,12B1-MWU-0024,NEAR_TRANSFER,A1-M03-I03-S4,A1-M03-I04-S1,A1-M03-I03,A1-M03-I04,CORE_OR_STRUCTURAL_ROUTE,TRANSFER_IN_CHANGED_CONTEXT,AS_OBJECT_POLICY_REQUIRES,,NONE,1.44,REQUIRED_SCHEDULE_EDGE_AUDITED,
REC-A1-001254,SEQ-A1-000415,MWU_SOURCE_UNIT,12B1-MWU-0024,en parejas,,,12B1-MWU-0024,DISTANT_RETURN,A1-M03-I04-S1,A1-M04-I03-S2,A1-M03-I04,A1-M04-I03,CORE_OR_STRUCTURAL_ROUTE,DELAYED_RETRIEVAL_OR_TERMINAL_INTEGRATION,AS_OBJECT_POLICY_REQUIRES,,NONE,1.44,REQUIRED_SCHEDULE_EDGE_AUDITED,"Scheduled four islands after first introduction; destination story is load-balanced. This is a curriculum spacing rule, not a universal optimal interval claim."
REC-A1-001255,SEQ-A1-000418,MWU_SOURCE_UNIT,12B1-MWU-0027,hacer un examen,,,12B1-MWU-0027,LOCAL_REUSE,A1-M03-I03-S3,A1-M03-I03-S4,A1-M03-I03,A1-M03-I03,CORE_OR_STRUCTURAL_ROUTE,REEXPOSURE_OR_RETRIEVAL,AS_OBJECT_POLICY_REQUIRES,,NONE,1.44,REQUIRED_SCHEDULE_EDGE_AUDITED,
REC-A1-001256,SEQ-A1-000418,MWU_SOURCE_UNIT,12B1-MWU-0027,hacer un examen,,,12B1-MWU-0027,NEAR_TRANSFER,A1-M03-I03-S4,A1-M03-I04-S2,A1-M03-I03,A1-M03-I04,CORE_OR_STRUCTURAL_ROUTE,TRANSFER_IN_CHANGED_CONTEXT,AS_OBJECT_POLICY_REQUIRES,,NONE,1.44,REQUIRED_SCHEDULE_EDGE_AUDITED,
REC-A1-001257,SEQ-A1-000418,MWU_SOURCE_UNIT,12B1-MWU-0027,hacer un examen,,,12B1-MWU-0027,DISTANT_RETURN,A1-M03-I04-S2,A1-M04-I03-S3,A1-M03-I04,A1-M04-I03,CORE_OR_STRUCTURAL_ROUTE,DELAYED_RETRIEVAL_OR_TERMINAL_INTEGRATION,AS_OBJECT_POLICY_REQUIRES,,NONE,1.44,REQUIRED_SCHEDULE_EDGE_AUDITED,"Scheduled four islands after first introduction; destination story is load-balanced. This is a curriculum spacing rule, not a universal optimal interval claim."
REC-A1-001258,SEQ-A1-000421,MWU_SOURCE_UNIT,12B1-MWU-0030,tener un examen,,,12B1-MWU-0030,LOCAL_REUSE,A1-M03-I03-S3,A1-M03-I03-S4,A1-M03-I03,A1-M03-I03,CORE_OR_STRUCTURAL_ROUTE,REEXPOSURE_OR_RETRIEVAL,AS_OBJECT_POLICY_REQUIRES,,NONE,1.44,REQUIRED_SCHEDULE_EDGE_AUDITED,
REC-A1-001259,SEQ-A1-000421,MWU_SOURCE_UNIT,12B1-MWU-0030,tener un examen,,,12B1-MWU-0030,NEAR_TRANSFER,A1-M03-I03-S4,A1-M03-I04-S3,A1-M03-I03,A1-M03-I04,CORE_OR_STRUCTURAL_ROUTE,TRANSFER_IN_CHANGED_CONTEXT,AS_OBJECT_POLICY_REQUIRES,,NONE,1.44,REQUIRED_SCHEDULE_EDGE_AUDITED,
REC-A1-001260,SEQ-A1-000421,MWU_SOURCE_UNIT,12B1-MWU-0030,tener un examen,,,12B1-MWU-0030,DISTANT_RETURN,A1-M03-I04-S3,A1-M04-I03-S1,A1-M03-I04,A1-M04-I03,CORE_OR_STRUCTURAL_ROUTE,DELAYED_RETRIEVAL_OR_TERMINAL_INTEGRATION,AS_OBJECT_POLICY_REQUIRES,,NONE,1.44,REQUIRED_SCHEDULE_EDGE_AUDITED,"Scheduled four islands after first introduction; destination story is load-balanced. This is a curriculum spacing rule, not a universal optimal interval claim."
REC-A1-001261,SEQ-A1-000381,SENSE,SENSE-A1-000047,aprender,LEX-A1-000047,SENSE-A1-000047,,LOCAL_REUSE,A1-M03-I03-S3,A1-M03-I03-S4,A1-M03-I03,A1-M03-I03,CORE_OR_STRUCTURAL_ROUTE,REEXPOSURE_OR_RETRIEVAL,CONTEXTUAL_OR_FUNCTION_BOUND,,NONE,1.44,REQUIRED_SCHEDULE_EDGE_AUDITED,
REC-A1-001262,SEQ-A1-000381,SENSE,SENSE-A1-000047,aprender,LEX-A1-000047,SENSE-A1-000047,,NEAR_TRANSFER,A1-M03-I03-S4,A1-M03-I04-S1,A1-M03-I03,A1-M03-I04,CORE_OR_STRUCTURAL_ROUTE,TRANSFER_IN_CHANGED_CONTEXT,CONTEXTUAL_OR_FUNCTION_BOUND,,NONE,1.44,REQUIRED_SCHEDULE_EDGE_AUDITED,
REC-A1-001263,SEQ-A1-000381,SENSE,SENSE-A1-000047,aprender,LEX-A1-000047,SENSE-A1-000047,,DISTANT_RETURN,A1-M03-I04-S1,A1-M04-I03-S2,A1-M03-I04,A1-M04-I03,CORE_OR_STRUCTURAL_ROUTE,DELAYED_RETRIEVAL_OR_TERMINAL_INTEGRATION,CONTEXTUAL_OR_FUNCTION_BOUND,,NONE,1.44,REQUIRED_SCHEDULE_EDGE_AUDITED,"Scheduled four islands after first introduction; destination story is load-balanced. This is a curriculum spacing rule, not a universal optimal interval claim."
REC-A1-001264,SEQ-A1-000384,SENSE,SENSE-A1-000131,cerrar,LEX-A1-000129,SENSE-A1-000131,,LOCAL_REUSE,A1-M03-I03-S3,A1-M03-I03-S4,A1-M03-I03,A1-M03-I03,CORE_OR_STRUCTURAL_ROUTE,REEXPOSURE_OR_RETRIEVAL,CONTEXTUAL_OR_FUNCTION_BOUND,,NONE,1.44,REQUIRED_SCHEDULE_EDGE_AUDITED,
REC-A1-001265,SEQ-A1-000384,SENSE,SENSE-A1-000131,cerrar,LEX-A1-000129,SENSE-A1-000131,,NEAR_TRANSFER,A1-M03-I03-S4,A1-M03-I04-S2,A1-M03-I03,A1-M03-I04,CORE_OR_STRUCTURAL_ROUTE,TRANSFER_IN_CHANGED_CONTEXT,CONTEXTUAL_OR_FUNCTION_BOUND,,NONE,1.44,REQUIRED_SCHEDULE_EDGE_AUDITED,
REC-A1-001266,SEQ-A1-000384,SENSE,SENSE-A1-000131,cerrar,LEX-A1-000129,SENSE-A1-000131,,DISTANT_RETURN,A1-M03-I04-S2,A1-M04-I03-S3,A1-M03-I04,A1-M04-I03,CORE_OR_STRUCTURAL_ROUTE,DELAYED_RETRIEVAL_OR_TERMINAL_INTEGRATION,CONTEXTUAL_OR_FUNCTION_BOUND,,NONE,1.44,REQUIRED_SCHEDULE_EDGE_AUDITED,"Scheduled four islands after first introduction; destination story is load-balanced. This is a curriculum spacing rule, not a universal optimal interval claim."
REC-A1-001267,SEQ-A1-000387,SENSE,SENSE-A1-000155,computadora,LEX-A1-000153,SENSE-A1-000155,,LOCAL_RECEPTIVE_REUSE,A1-M03-I03-S3,A1-M03-I03-S4,A1-M03-I03,A1-M03-I03,REGIONAL_RECEPTIVE_ROUTE,RECOGNITION,NO_UNIVERSAL_PRODUCTIVE_DEMAND,RECEPTIVE_PROFILE_RULE_PRESERVED,NONE,1.44,REQUIRED_SCHEDULE_EDGE_AUDITED,
REC-A1-001268,SEQ-A1-000387,SENSE,SENSE-A1-000155,computadora,LEX-A1-000153,SENSE-A1-000155,,REGIONAL_NEAR_RECOGNITION,A1-M03-I03-S4,A1-M03-I04-S3,A1-M03-I03,A1-M03-I04,REGIONAL_RECEPTIVE_ROUTE,RECOGNITION_IN_CHANGED_CONTEXT,NO_UNIVERSAL_PRODUCTIVE_DEMAND,RECEPTIVE_PROFILE_RULE_PRESERVED,NONE,1.44,REQUIRED_SCHEDULE_EDGE_AUDITED,
REC-A1-001269,SEQ-A1-000387,SENSE,SENSE-A1-000155,computadora,LEX-A1-000153,SENSE-A1-000155,,REGIONAL_LATER_RECOGNITION,A1-M03-I04-S3,A1-M04-I03-S1,A1-M03-I04,A1-M04-I03,REGIONAL_RECEPTIVE_ROUTE,LATER_RECOGNITION,NO_UNIVERSAL_PRODUCTIVE_DEMAND,RECEPTIVE_PROFILE_RULE_PRESERVED,NONE,1.44,REQUIRED_SCHEDULE_EDGE_AUDITED,"Scheduled four islands after first introduction; destination story is load-balanced. This is a curriculum spacing rule, not a universal optimal interval claim."
REC-A1-001270,SEQ-A1-000390,SENSE,SENSE-A1-000224,entrar,LEX-A1-000220,SENSE-A1-000224,,LOCAL_REUSE,A1-M03-I03-S3,A1-M03-I03-S4,A1-M03-I03,A1-M03-I03,CORE_OR_STRUCTURAL_ROUTE,REEXPOSURE_OR_RETRIEVAL,CONTEXTUAL_OR_FUNCTION_BOUND,,NONE,1.44,REQUIRED_SCHEDULE_EDGE_AUDITED,
REC-A1-001271,SEQ-A1-000390,SENSE,SENSE-A1-000224,entrar,LEX-A1-000220,SENSE-A1-000224,,NEAR_TRANSFER,A1-M03-I03-S4,A1-M03-I04-S1,A1-M03-I03,A1-M03-I04,CORE_OR_STRUCTURAL_ROUTE,TRANSFER_IN_CHANGED_CONTEXT,CONTEXTUAL_OR_FUNCTION_BOUND,,NONE,1.44,REQUIRED_SCHEDULE_EDGE_AUDITED,
REC-A1-001272,SEQ-A1-000390,SENSE,SENSE-A1-000224,entrar,LEX-A1-000220,SENSE-A1-000224,,DISTANT_RETURN,A1-M03-I04-S1,A1-M04-I03-S2,A1-M03-I04,A1-M04-I03,CORE_OR_STRUCTURAL_ROUTE,DELAYED_RETRIEVAL_OR_TERMINAL_INTEGRATION,CONTEXTUAL_OR_FUNCTION_BOUND,,NONE,1.44,REQUIRED_SCHEDULE_EDGE_AUDITED,"Scheduled four islands after first introduction; destination story is load-balanced. This is a curriculum spacing rule, not a universal optimal interval claim."
REC-A1-001273,SEQ-A1-000393,SENSE,SENSE-A1-000241,estudiante,LEX-A1-000237,SENSE-A1-000241,,LOCAL_REUSE,A1-M03-I03-S3,A1-M03-I03-S4,A1-M03-I03,A1-M03-I03,CORE_OR_STRUCTURAL_ROUTE,REEXPOSURE_OR_RETRIEVAL,CONTEXTUAL_OR_FUNCTION_BOUND,,NONE,1.44,REQUIRED_SCHEDULE_EDGE_AUDITED,
REC-A1-001274,SEQ-A1-000393,SENSE,SENSE-A1-000241,estudiante,LEX-A1-000237,SENSE-A1-000241,,NEAR_TRANSFER,A1-M03-I03-S4,A1-M03-I04-S2,A1-M03-I03,A1-M03-I04,CORE_OR_STRUCTURAL_ROUTE,TRANSFER_IN_CHANGED_CONTEXT,CONTEXTUAL_OR_FUNCTION_BOUND,,NONE,1.44,REQUIRED_SCHEDULE_EDGE_AUDITED,
REC-A1-001275,SEQ-A1-000393,SENSE,SENSE-A1-000241,estudiante,LEX-A1-000237,SENSE-A1-000241,,DISTANT_RETURN,A1-M03-I04-S2,A1-M04-I03-S3,A1-M03-I04,A1-M04-I03,CORE_OR_STRUCTURAL_ROUTE,DELAYED_RETRIEVAL_OR_TERMINAL_INTEGRATION,CONTEXTUAL_OR_FUNCTION_BOUND,,NONE,1.44,REQUIRED_SCHEDULE_EDGE_AUDITED,"Scheduled four islands after first introduction; destination story is load-balanced. This is a curriculum spacing rule, not a universal optimal interval claim."
REC-A1-001276,SEQ-A1-000396,SENSE,SENSE-A1-000263,fotocopia,LEX-A1-000259,SENSE-A1-000263,,LOCAL_REUSE,A1-M03-I03-S3,A1-M03-I03-S4,A1-M03-I03,A1-M03-I03,CORE_OR_STRUCTURAL_ROUTE,REEXPOSURE_OR_RETRIEVAL,CONTEXTUAL_OR_FUNCTION_BOUND,,NONE,1.44,REQUIRED_SCHEDULE_EDGE_AUDITED,
REC-A1-001277,SEQ-A1-000396,SENSE,SENSE-A1-000263,fotocopia,LEX-A1-000259,SENSE-A1-000263,,NEAR_TRANSFER,A1-M03-I03-S4,A1-M03-I04-S3,A1-M03-I03,A1-M03-I04,CORE_OR_STRUCTURAL_ROUTE,TRANSFER_IN_CHANGED_CONTEXT,CONTEXTUAL_OR_FUNCTION_BOUND,,NONE,1.44,REQUIRED_SCHEDULE_EDGE_AUDITED,
REC-A1-001278,SEQ-A1-000396,SENSE,SENSE-A1-000263,fotocopia,LEX-A1-000259,SENSE-A1-000263,,DISTANT_RETURN,A1-M03-I04-S3,A1-M04-I03-S1,A1-M03-I04,A1-M04-I03,CORE_OR_STRUCTURAL_ROUTE,DELAYED_RETRIEVAL_OR_TERMINAL_INTEGRATION,CONTEXTUAL_OR_FUNCTION_BOUND,,NONE,1.44,REQUIRED_SCHEDULE_EDGE_AUDITED,"Scheduled four islands after first introduction; destination story is load-balanced. This is a curriculum spacing rule, not a universal optimal interval claim."
REC-A1-001279,SEQ-A1-000400,SENSE,SENSE-A1-000331,lección,LEX-A1-000325,SENSE-A1-000331,,LOCAL_REUSE,A1-M03-I03-S3,A1-M03-I03-S4,A1-M03-I03,A1-M03-I03,CORE_OR_STRUCTURAL_ROUTE,REEXPOSURE_OR_RETRIEVAL,CONTEXTUAL_OR_FUNCTION_BOUND,,NONE,1.44,REQUIRED_SCHEDULE_EDGE_AUDITED,
REC-A1-001280,SEQ-A1-000400,SENSE,SENSE-A1-000331,lección,LEX-A1-000325,SENSE-A1-000331,,NEAR_TRANSFER,A1-M03-I03-S4,A1-M03-I04-S1,A1-M03-I03,A1-M03-I04,CORE_OR_STRUCTURAL_ROUTE,TRANSFER_IN_CHANGED_CONTEXT,CONTEXTUAL_OR_FUNCTION_BOUND,,NONE,1.44,REQUIRED_SCHEDULE_EDGE_AUDITED,
REC-A1-001281,SEQ-A1-000400,SENSE,SENSE-A1-000331,lección,LEX-A1-000325,SENSE-A1-000331,,DISTANT_RETURN,A1-M03-I04-S1,A1-M04-I03-S2,A1-M03-I04,A1-M04-I03,CORE_OR_STRUCTURAL_ROUTE,DELAYED_RETRIEVAL_OR_TERMINAL_INTEGRATION,CONTEXTUAL_OR_FUNCTION_BOUND,,NONE,1.44,REQUIRED_SCHEDULE_EDGE_AUDITED,"Scheduled four islands after first introduction; destination story is load-balanced. This is a curriculum spacing rule, not a universal optimal interval claim."
REC-A1-001282,SEQ-A1-000402,SENSE,SENSE-A1-000431,papel,LEX-A1-000423,SENSE-A1-000431,,LOCAL_REUSE,A1-M03-I03-S3,A1-M03-I03-S4,A1-M03-I03,A1-M03-I03,CORE_OR_STRUCTURAL_ROUTE,REEXPOSURE_OR_RETRIEVAL,CONTEXTUAL_OR_FUNCTION_BOUND,,NONE,1.44,REQUIRED_SCHEDULE_EDGE_AUDITED,
REC-A1-001283,SEQ-A1-000402,SENSE,SENSE-A1-000431,papel,LEX-A1-000423,SENSE-A1-000431,,NEAR_TRANSFER,A1-M03-I03-S4,A1-M03-I04-S2,A1-M03-I03,A1-M03-I04,CORE_OR_STRUCTURAL_ROUTE,TRANSFER_IN_CHANGED_CONTEXT,CONTEXTUAL_OR_FUNCTION_BOUND,,NONE,1.44,REQUIRED_SCHEDULE_EDGE_AUDITED,
REC-A1-001284,SEQ-A1-000402,SENSE,SENSE-A1-000431,papel,LEX-A1-000423,SENSE-A1-000431,,DISTANT_RETURN,A1-M03-I04-S2,A1-M04-I03-S3,A1-M03-I04,A1-M04-I03,CORE_OR_STRUCTURAL_ROUTE,DELAYED_RETRIEVAL_OR_TERMINAL_INTEGRATION,CONTEXTUAL_OR_FUNCTION_BOUND,,NONE,1.44,REQUIRED_SCHEDULE_EDGE_AUDITED,"Scheduled four islands after first introduction; destination story is load-balanced. This is a curriculum spacing rule, not a universal optimal interval claim."
REC-A1-001285,SEQ-A1-000404,SENSE,SENSE-A1-000448,pizarrón,LEX-A1-000440,SENSE-A1-000448,,LOCAL_RECEPTIVE_REUSE,A1-M03-I03-S3,A1-M03-I03-S4,A1-M03-I03,A1-M03-I03,REGIONAL_RECEPTIVE_ROUTE,RECOGNITION,NO_UNIVERSAL_PRODUCTIVE_DEMAND,RECEPTIVE_PROFILE_RULE_PRESERVED,NONE,1.44,REQUIRED_SCHEDULE_EDGE_AUDITED,
REC-A1-001286,SEQ-A1-000404,SENSE,SENSE-A1-000448,pizarrón,LEX-A1-000440,SENSE-A1-000448,,REGIONAL_NEAR_RECOGNITION,A1-M03-I03-S4,A1-M03-I04-S3,A1-M03-I03,A1-M03-I04,REGIONAL_RECEPTIVE_ROUTE,RECOGNITION_IN_CHANGED_CONTEXT,NO_UNIVERSAL_PRODUCTIVE_DEMAND,RECEPTIVE_PROFILE_RULE_PRESERVED,NONE,1.44,REQUIRED_SCHEDULE_EDGE_AUDITED,
REC-A1-001287,SEQ-A1-000404,SENSE,SENSE-A1-000448,pizarrón,LEX-A1-000440,SENSE-A1-000448,,REGIONAL_LATER_RECOGNITION,A1-M03-I04-S3,A1-M04-I03-S1,A1-M03-I04,A1-M04-I03,REGIONAL_RECEPTIVE_ROUTE,LATER_RECOGNITION,NO_UNIVERSAL_PRODUCTIVE_DEMAND,RECEPTIVE_PROFILE_RULE_PRESERVED,NONE,1.44,REQUIRED_SCHEDULE_EDGE_AUDITED,"Scheduled four islands after first introduction; destination story is load-balanced. This is a curriculum spacing rule, not a universal optimal interval claim."
REC-A1-001288,SEQ-A1-000407,SENSE,SENSE-A1-000559,terminar,LEX-A1-000550,SENSE-A1-000559,,LOCAL_REUSE,A1-M03-I03-S3,A1-M03-I03-S4,A1-M03-I03,A1-M03-I03,CORE_OR_STRUCTURAL_ROUTE,REEXPOSURE_OR_RETRIEVAL,CONTEXTUAL_OR_FUNCTION_BOUND,,NONE,1.44,REQUIRED_SCHEDULE_EDGE_AUDITED,
REC-A1-001289,SEQ-A1-000407,SENSE,SENSE-A1-000559,terminar,LEX-A1-000550,SENSE-A1-000559,,NEAR_TRANSFER,A1-M03-I03-S4,A1-M03-I04-S1,A1-M03-I03,A1-M03-I04,CORE_OR_STRUCTURAL_ROUTE,TRANSFER_IN_CHANGED_CONTEXT,CONTEXTUAL_OR_FUNCTION_BOUND,,NONE,1.44,REQUIRED_SCHEDULE_EDGE_AUDITED,
REC-A1-001290,SEQ-A1-000407,SENSE,SENSE-A1-000559,terminar,LEX-A1-000550,SENSE-A1-000559,,DISTANT_RETURN,A1-M03-I04-S1,A1-M04-I03-S2,A1-M03-I04,A1-M04-I03,CORE_OR_STRUCTURAL_ROUTE,DELAYED_RETRIEVAL_OR_TERMINAL_INTEGRATION,CONTEXTUAL_OR_FUNCTION_BOUND,,NONE,1.44,REQUIRED_SCHEDULE_EDGE_AUDITED,"Scheduled four islands after first introduction; destination story is load-balanced. This is a curriculum spacing rule, not a universal optimal interval claim."
REC-A1-001291,SEQ-A1-000428,GRAMMAR_UNIT,GRAM-A1-039,Ausencia con saber + lengua/disciplina en los usos básicos señalados,,,,LOCAL_REUSE,A1-M03-I04-S1,A1-M03-I04-S2,A1-M03-I04,A1-M03-I04,CORE_OR_STRUCTURAL_ROUTE,REEXPOSURE_OR_RETRIEVAL,AS_OBJECT_POLICY_REQUIRES,,NONE,1.44,REQUIRED_SCHEDULE_EDGE_AUDITED,
REC-A1-001292,SEQ-A1-000428,GRAMMAR_UNIT,GRAM-A1-039,Ausencia con saber + lengua/disciplina en los usos básicos señalados,,,,NEAR_TRANSFER,A1-M03-I04-S2,A1-M04-I01-S2,A1-M03-I04,A1-M04-I01,CORE_OR_STRUCTURAL_ROUTE,TRANSFER_IN_CHANGED_CONTEXT,AS_OBJECT_POLICY_REQUIRES,,NONE,1.44,REQUIRED_SCHEDULE_EDGE_AUDITED,
REC-A1-001293,SEQ-A1-000428,GRAMMAR_UNIT,GRAM-A1-039,Ausencia con saber + lengua/disciplina en los usos básicos señalados,,,,DISTANT_RETURN,A1-M04-I01-S2,A1-M04-I04-S3,A1-M04-I01,A1-M04-I04,CORE_OR_STRUCTURAL_ROUTE,DELAYED_RETRIEVAL_OR_TERMINAL_INTEGRATION,AS_OBJECT_POLICY_REQUIRES,,NONE,1.44,REQUIRED_SCHEDULE_EDGE_AUDITED,"Scheduled four islands after first introduction; destination story is load-balanced. This is a curriculum spacing rule, not a universal optimal interval claim."
REC-A1-001294,SEQ-A1-000431,GRAMMAR_UNIT,GRAM-A1-137,OD de cosa,,,,LOCAL_REUSE,A1-M03-I04-S1,A1-M03-I04-S3,A1-M03-I04,A1-M03-I04,CORE_OR_STRUCTURAL_ROUTE,REEXPOSURE_OR_RETRIEVAL,AS_OBJECT_POLICY_REQUIRES,,NONE,1.44,REQUIRED_SCHEDULE_EDGE_AUDITED,
REC-A1-001295,SEQ-A1-000431,GRAMMAR_UNIT,GRAM-A1-137,OD de cosa,,,,NEAR_TRANSFER,A1-M03-I04-S3,A1-M04-I01-S3,A1-M03-I04,A1-M04-I01,CORE_OR_STRUCTURAL_ROUTE,TRANSFER_IN_CHANGED_CONTEXT,AS_OBJECT_POLICY_REQUIRES,,NONE,1.44,REQUIRED_SCHEDULE_EDGE_AUDITED,
REC-A1-001296,SEQ-A1-000431,GRAMMAR_UNIT,GRAM-A1-137,OD de cosa,,,,DISTANT_RETURN,A1-M04-I01-S3,A1-M04-I04-S3,A1-M04-I01,A1-M04-I04,CORE_OR_STRUCTURAL_ROUTE,DELAYED_RETRIEVAL_OR_TERMINAL_INTEGRATION,AS_OBJECT_POLICY_REQUIRES,,NONE,1.44,REQUIRED_SCHEDULE_EDGE_AUDITED,"Scheduled four islands after first introduction; destination story is load-balanced. This is a curriculum spacing rule, not a universal optimal interval claim."
REC-A1-001297,SEQ-A1-000432,GRAMMAR_UNIT,GRAM-A1-148,Oraciones transitivas e intransitivas básicas,,,,LOCAL_REUSE,A1-M03-I04-S1,A1-M03-I04-S2,A1-M03-I04,A1-M03-I04,CORE_OR_STRUCTURAL_ROUTE,REEXPOSURE_OR_RETRIEVAL,AS_OBJECT_POLICY_REQUIRES,,NONE,1.44,REQUIRED_SCHEDULE_EDGE_AUDITED,
REC-A1-001298,SEQ-A1-000432,GRAMMAR_UNIT,GRAM-A1-148,Oraciones transitivas e intransitivas básicas,,,,NEAR_TRANSFER,A1-M03-I04-S2,A1-M04-I01-S1,A1-M03-I04,A1-M04-I01,CORE_OR_STRUCTURAL_ROUTE,TRANSFER_IN_CHANGED_CONTEXT,AS_OBJECT_POLICY_REQUIRES,,NONE,1.44,REQUIRED_SCHEDULE_EDGE_AUDITED,
REC-A1-001299,SEQ-A1-000432,GRAMMAR_UNIT,GRAM-A1-148,Oraciones transitivas e intransitivas básicas,,,,DISTANT_RETURN,A1-M04-I01-S1,A1-M04-I04-S3,A1-M04-I01,A1-M04-I04,CORE_OR_STRUCTURAL_ROUTE,DELAYED_RETRIEVAL_OR_TERMINAL_INTEGRATION,AS_OBJECT_POLICY_REQUIRES,,NONE,1.44,REQUIRED_SCHEDULE_EDGE_AUDITED,"Scheduled four islands after first introduction; destination story is load-balanced. This is a curriculum spacing rule, not a universal optimal interval claim."
REC-A1-001300,SEQ-A1-000423,SENSE,SENSE-A1-000161,conocer,LEX-A1-000159,SENSE-A1-000161,,LOCAL_REUSE,A1-M03-I04-S1,A1-M03-I04-S3,A1-M03-I04,A1-M03-I04,CORE_OR_STRUCTURAL_ROUTE,REEXPOSURE_OR_RETRIEVAL,CONTEXTUAL_OR_FUNCTION_BOUND,,NONE,1.44,REQUIRED_SCHEDULE_EDGE_AUDITED,
REC-A1-001301,SEQ-A1-000423,SENSE,SENSE-A1-000161,conocer,LEX-A1-000159,SENSE-A1-000161,,NEAR_TRANSFER,A1-M03-I04-S3,A1-M04-I01-S2,A1-M03-I04,A1-M04-I01,CORE_OR_STRUCTURAL_ROUTE,TRANSFER_IN_CHANGED_CONTEXT,CONTEXTUAL_OR_FUNCTION_BOUND,,NONE,1.44,REQUIRED_SCHEDULE_EDGE_AUDITED,
REC-A1-001302,SEQ-A1-000423,SENSE,SENSE-A1-000161,conocer,LEX-A1-000159,SENSE-A1-000161,,DISTANT_RETURN,A1-M04-I01-S2,A1-M04-I04-S3,A1-M04-I01,A1-M04-I04,CORE_OR_STRUCTURAL_ROUTE,DELAYED_RETRIEVAL_OR_TERMINAL_INTEGRATION,CONTEXTUAL_OR_FUNCTION_BOUND,,NONE,1.44,REQUIRED_SCHEDULE_EDGE_AUDITED,"Scheduled four islands after first introduction; destination story is load-balanced. This is a curriculum spacing rule, not a universal optimal interval claim."
REC-A1-001303,SEQ-A1-000425,SENSE,SENSE-A1-000454,poder,LEX-A1-000446,SENSE-A1-000454,,LOCAL_REUSE,A1-M03-I04-S1,A1-M03-I04-S2,A1-M03-I04,A1-M03-I04,CORE_OR_STRUCTURAL_ROUTE,REEXPOSURE_OR_RETRIEVAL,CONTEXTUAL_OR_FUNCTION_BOUND,,NONE,1.44,REQUIRED_SCHEDULE_EDGE_AUDITED,
REC-A1-001304,SEQ-A1-000425,SENSE,SENSE-A1-000454,poder,LEX-A1-000446,SENSE-A1-000454,,NEAR_TRANSFER,A1-M03-I04-S2,A1-M04-I01-S3,A1-M03-I04,A1-M04-I01,CORE_OR_STRUCTURAL_ROUTE,TRANSFER_IN_CHANGED_CONTEXT,CONTEXTUAL_OR_FUNCTION_BOUND,,NONE,1.44,REQUIRED_SCHEDULE_EDGE_AUDITED,
REC-A1-001305,SEQ-A1-000425,SENSE,SENSE-A1-000454,poder,LEX-A1-000446,SENSE-A1-000454,,DISTANT_RETURN,A1-M04-I01-S3,A1-M04-I04-S3,A1-M04-I01,A1-M04-I04,CORE_OR_STRUCTURAL_ROUTE,DELAYED_RETRIEVAL_OR_TERMINAL_INTEGRATION,CONTEXTUAL_OR_FUNCTION_BOUND,,NONE,1.44,REQUIRED_SCHEDULE_EDGE_AUDITED,"Scheduled four islands after first introduction; destination story is load-balanced. This is a curriculum spacing rule, not a universal optimal interval claim."
REC-A1-001306,SEQ-A1-000427,SENSE,SENSE-A1-000504,saber,LEX-A1-000495,SENSE-A1-000504,,LOCAL_REUSE,A1-M03-I04-S1,A1-M03-I04-S3,A1-M03-I04,A1-M03-I04,CORE_OR_STRUCTURAL_ROUTE,REEXPOSURE_OR_RETRIEVAL,CONTEXTUAL_OR_FUNCTION_BOUND,,NONE,1.44,REQUIRED_SCHEDULE_EDGE_AUDITED,
REC-A1-001307,SEQ-A1-000427,SENSE,SENSE-A1-000504,saber,LEX-A1-000495,SENSE-A1-000504,,NEAR_TRANSFER,A1-M03-I04-S3,A1-M04-I01-S1,A1-M03-I04,A1-M04-I01,CORE_OR_STRUCTURAL_ROUTE,TRANSFER_IN_CHANGED_CONTEXT,CONTEXTUAL_OR_FUNCTION_BOUND,,NONE,1.44,REQUIRED_SCHEDULE_EDGE_AUDITED,
REC-A1-001308,SEQ-A1-000427,SENSE,SENSE-A1-000504,saber,LEX-A1-000495,SENSE-A1-000504,,DISTANT_RETURN,A1-M04-I01-S1,A1-M04-I04-S3,A1-M04-I01,A1-M04-I04,CORE_OR_STRUCTURAL_ROUTE,DELAYED_RETRIEVAL_OR_TERMINAL_INTEGRATION,CONTEXTUAL_OR_FUNCTION_BOUND,,NONE,1.44,REQUIRED_SCHEDULE_EDGE_AUDITED,"Scheduled four islands after first introduction; destination story is load-balanced. This is a curriculum spacing rule, not a universal optimal interval claim."
REC-A1-001309,SEQ-A1-000429,GRAMMAR_UNIT,GRAM-A1-114,Infinitivo simple en -ar/-er/-ir,,,,LOCAL_REUSE,A1-M03-I04-S2,A1-M03-I04-S3,A1-M03-I04,A1-M03-I04,CORE_OR_STRUCTURAL_ROUTE,REEXPOSURE_OR_RETRIEVAL,AS_OBJECT_POLICY_REQUIRES,,NONE,1.44,REQUIRED_SCHEDULE_EDGE_AUDITED,
REC-A1-001310,SEQ-A1-000429,GRAMMAR_UNIT,GRAM-A1-114,Infinitivo simple en -ar/-er/-ir,,,,NEAR_TRANSFER,A1-M03-I04-S3,A1-M04-I01-S2,A1-M03-I04,A1-M04-I01,CORE_OR_STRUCTURAL_ROUTE,TRANSFER_IN_CHANGED_CONTEXT,AS_OBJECT_POLICY_REQUIRES,,NONE,1.44,REQUIRED_SCHEDULE_EDGE_AUDITED,
REC-A1-001311,SEQ-A1-000429,GRAMMAR_UNIT,GRAM-A1-114,Infinitivo simple en -ar/-er/-ir,,,,DISTANT_RETURN,A1-M04-I01-S2,A1-M04-I04-S3,A1-M04-I01,A1-M04-I04,CORE_OR_STRUCTURAL_ROUTE,DELAYED_RETRIEVAL_OR_TERMINAL_INTEGRATION,AS_OBJECT_POLICY_REQUIRES,,NONE,1.44,REQUIRED_SCHEDULE_EDGE_AUDITED,"Scheduled four islands after first introduction; destination story is load-balanced. This is a curriculum spacing rule, not a universal optimal interval claim."
REC-A1-001312,SEQ-A1-000430,GRAMMAR_UNIT,GRAM-A1-136,OD de persona sin preposición en el patrón A1 especificado por PCIC,,,,LOCAL_REUSE,A1-M03-I04-S2,A1-M03-I04-S3,A1-M03-I04,A1-M03-I04,CORE_OR_STRUCTURAL_ROUTE,REEXPOSURE_OR_RETRIEVAL,AS_OBJECT_POLICY_REQUIRES,,NONE,1.44,REQUIRED_SCHEDULE_EDGE_AUDITED,
REC-A1-001313,SEQ-A1-000430,GRAMMAR_UNIT,GRAM-A1-136,OD de persona sin preposición en el patrón A1 especificado por PCIC,,,,NEAR_TRANSFER,A1-M03-I04-S3,A1-M04-I01-S3,A1-M03-I04,A1-M04-I01,CORE_OR_STRUCTURAL_ROUTE,TRANSFER_IN_CHANGED_CONTEXT,AS_OBJECT_POLICY_REQUIRES,,NONE,1.44,REQUIRED_SCHEDULE_EDGE_AUDITED,
REC-A1-001314,SEQ-A1-000430,GRAMMAR_UNIT,GRAM-A1-136,OD de persona sin preposición en el patrón A1 especificado por PCIC,,,,DISTANT_RETURN,A1-M04-I01-S3,A1-M04-I04-S3,A1-M04-I01,A1-M04-I04,CORE_OR_STRUCTURAL_ROUTE,DELAYED_RETRIEVAL_OR_TERMINAL_INTEGRATION,AS_OBJECT_POLICY_REQUIRES,,NONE,1.44,REQUIRED_SCHEDULE_EDGE_AUDITED,"Scheduled four islands after first introduction; destination story is load-balanced. This is a curriculum spacing rule, not a universal optimal interval claim."
REC-A1-001315,SEQ-A1-000422,SENSE,SENSE-A1-000120,celular,LEX-A1-000118,SENSE-A1-000120,,LOCAL_RECEPTIVE_REUSE,A1-M03-I04-S2,A1-M03-I04-S3,A1-M03-I04,A1-M03-I04,REGIONAL_RECEPTIVE_ROUTE,RECOGNITION,NO_UNIVERSAL_PRODUCTIVE_DEMAND,RECEPTIVE_PROFILE_RULE_PRESERVED,NONE,1.44,REQUIRED_SCHEDULE_EDGE_AUDITED,
REC-A1-001316,SEQ-A1-000422,SENSE,SENSE-A1-000120,celular,LEX-A1-000118,SENSE-A1-000120,,REGIONAL_NEAR_RECOGNITION,A1-M03-I04-S3,A1-M04-I01-S1,A1-M03-I04,A1-M04-I01,REGIONAL_RECEPTIVE_ROUTE,RECOGNITION_IN_CHANGED_CONTEXT,NO_UNIVERSAL_PRODUCTIVE_DEMAND,RECEPTIVE_PROFILE_RULE_PRESERVED,NONE,1.44,REQUIRED_SCHEDULE_EDGE_AUDITED,
REC-A1-001317,SEQ-A1-000422,SENSE,SENSE-A1-000120,celular,LEX-A1-000118,SENSE-A1-000120,,REGIONAL_LATER_RECOGNITION,A1-M04-I01-S1,A1-M04-I04-S3,A1-M04-I01,A1-M04-I04,REGIONAL_RECEPTIVE_ROUTE,LATER_RECOGNITION,NO_UNIVERSAL_PRODUCTIVE_DEMAND,RECEPTIVE_PROFILE_RULE_PRESERVED,NONE,1.44,REQUIRED_SCHEDULE_EDGE_AUDITED,"Scheduled four islands after first introduction; destination story is load-balanced. This is a curriculum spacing rule, not a universal optimal interval claim."
REC-A1-001318,SEQ-A1-000424,SENSE,SENSE-A1-000209,ejercicio,LEX-A1-000205,SENSE-A1-000209,,LOCAL_REUSE,A1-M03-I04-S2,A1-M03-I04-S3,A1-M03-I04,A1-M03-I04,CORE_OR_STRUCTURAL_ROUTE,REEXPOSURE_OR_RETRIEVAL,CONTEXTUAL_OR_FUNCTION_BOUND,,NONE,1.44,REQUIRED_SCHEDULE_EDGE_AUDITED,
REC-A1-001319,SEQ-A1-000424,SENSE,SENSE-A1-000209,ejercicio,LEX-A1-000205,SENSE-A1-000209,,NEAR_TRANSFER,A1-M03-I04-S3,A1-M04-I01-S2,A1-M03-I04,A1-M04-I01,CORE_OR_STRUCTURAL_ROUTE,TRANSFER_IN_CHANGED_CONTEXT,CONTEXTUAL_OR_FUNCTION_BOUND,,NONE,1.44,REQUIRED_SCHEDULE_EDGE_AUDITED,
REC-A1-001320,SEQ-A1-000424,SENSE,SENSE-A1-000209,ejercicio,LEX-A1-000205,SENSE-A1-000209,,DISTANT_RETURN,A1-M04-I01-S2,A1-M04-I04-S3,A1-M04-I01,A1-M04-I04,CORE_OR_STRUCTURAL_ROUTE,DELAYED_RETRIEVAL_OR_TERMINAL_INTEGRATION,CONTEXTUAL_OR_FUNCTION_BOUND,,NONE,1.44,REQUIRED_SCHEDULE_EDGE_AUDITED,"Scheduled four islands after first introduction; destination story is load-balanced. This is a curriculum spacing rule, not a universal optimal interval claim."
REC-A1-001321,SEQ-A1-000426,SENSE,SENSE-A1-000465,practicar,LEX-A1-000457,SENSE-A1-000465,,LOCAL_REUSE,A1-M03-I04-S2,A1-M03-I04-S3,A1-M03-I04,A1-M03-I04,CORE_OR_STRUCTURAL_ROUTE,REEXPOSURE_OR_RETRIEVAL,CONTEXTUAL_OR_FUNCTION_BOUND,,NONE,1.44,REQUIRED_SCHEDULE_EDGE_AUDITED,
REC-A1-001322,SEQ-A1-000426,SENSE,SENSE-A1-000465,practicar,LEX-A1-000457,SENSE-A1-000465,,NEAR_TRANSFER,A1-M03-I04-S3,A1-M04-I01-S3,A1-M03-I04,A1-M04-I01,CORE_OR_STRUCTURAL_ROUTE,TRANSFER_IN_CHANGED_CONTEXT,CONTEXTUAL_OR_FUNCTION_BOUND,,NONE,1.44,REQUIRED_SCHEDULE_EDGE_AUDITED,
REC-A1-001323,SEQ-A1-000426,SENSE,SENSE-A1-000465,practicar,LEX-A1-000457,SENSE-A1-000465,,DISTANT_RETURN,A1-M04-I01-S3,A1-M04-I04-S3,A1-M04-I01,A1-M04-I04,CORE_OR_STRUCTURAL_ROUTE,DELAYED_RETRIEVAL_OR_TERMINAL_INTEGRATION,CONTEXTUAL_OR_FUNCTION_BOUND,,NONE,1.44,REQUIRED_SCHEDULE_EDGE_AUDITED,"Scheduled four islands after first introduction; destination story is load-balanced. This is a curriculum spacing rule, not a universal optimal interval claim."
REC-A1-001324,SEQ-A1-000454,GRAMMAR_UNIT,GRAM-A1-046,"Paradigma masculino/femenino singular/plural de este, ese, aquel",,,,LOCAL_REUSE,A1-M04-I01-S1,A1-M04-I01-S2,A1-M04-I01,A1-M04-I01,CORE_OR_STRUCTURAL_ROUTE,REEXPOSURE_OR_RETRIEVAL,AS_OBJECT_POLICY_REQUIRES,,NONE,1.44,REQUIRED_SCHEDULE_EDGE_AUDITED,
REC-A1-001325,SEQ-A1-000454,GRAMMAR_UNIT,GRAM-A1-046,"Paradigma masculino/femenino singular/plural de este, ese, aquel",,,,NEAR_TRANSFER,A1-M04-I01-S2,A1-M04-I02-S1,A1-M04-I01,A1-M04-I02,CORE_OR_STRUCTURAL_ROUTE,TRANSFER_IN_CHANGED_CONTEXT,AS_OBJECT_POLICY_REQUIRES,,NONE,1.44,REQUIRED_SCHEDULE_EDGE_AUDITED,
REC-A1-001326,SEQ-A1-000454,GRAMMAR_UNIT,GRAM-A1-046,"Paradigma masculino/femenino singular/plural de este, ese, aquel",,,,DISTANT_RETURN,A1-M04-I02-S1,A1-M05-I01-S3,A1-M04-I02,A1-M05-I01,CORE_OR_STRUCTURAL_ROUTE,DELAYED_RETRIEVAL_OR_TERMINAL_INTEGRATION,AS_OBJECT_POLICY_REQUIRES,,NONE,1.44,REQUIRED_SCHEDULE_EDGE_AUDITED,"Scheduled four islands after first introduction; destination story is load-balanced. This is a curriculum spacing rule, not a universal optimal interval claim."
REC-A1-001327,SEQ-A1-000455,GRAMMAR_UNIT,GRAM-A1-047,"Formas neutras esto, eso, aquello",,,,LOCAL_REUSE,A1-M04-I01-S1,A1-M04-I01-S3,A1-M04-I01,A1-M04-I01,CORE_OR_STRUCTURAL_ROUTE,REEXPOSURE_OR_RETRIEVAL,AS_OBJECT_POLICY_REQUIRES,,NONE,1.44,REQUIRED_SCHEDULE_EDGE_AUDITED,
REC-A1-001328,SEQ-A1-000455,GRAMMAR_UNIT,GRAM-A1-047,"Formas neutras esto, eso, aquello",,,,NEAR_TRANSFER,A1-M04-I01-S3,A1-M04-I02-S2,A1-M04-I01,A1-M04-I02,CORE_OR_STRUCTURAL_ROUTE,TRANSFER_IN_CHANGED_CONTEXT,AS_OBJECT_POLICY_REQUIRES,,NONE,1.44,REQUIRED_SCHEDULE_EDGE_AUDITED,
REC-A1-001329,SEQ-A1-000455,GRAMMAR_UNIT,GRAM-A1-047,"Formas neutras esto, eso, aquello",,,,DISTANT_RETURN,A1-M04-I02-S2,A1-M05-I01-S3,A1-M04-I02,A1-M05-I01,CORE_OR_STRUCTURAL_ROUTE,DELAYED_RETRIEVAL_OR_TERMINAL_INTEGRATION,AS_OBJECT_POLICY_REQUIRES,,NONE,1.44,REQUIRED_SCHEDULE_EDGE_AUDITED,"Scheduled four islands after first introduction; destination story is load-balanced. This is a curriculum spacing rule, not a universal optimal interval claim."
REC-A1-001330,SEQ-A1-000457,GRAMMAR_UNIT,GRAM-A1-049,Deixis espacial: proximidad y distancia respecto de interlocutores,,,,LOCAL_REUSE,A1-M04-I01-S1,A1-M04-I01-S2,A1-M04-I01,A1-M04-I01,CORE_OR_STRUCTURAL_ROUTE,REEXPOSURE_OR_RETRIEVAL,AS_OBJECT_POLICY_REQUIRES,,NONE,1.44,REQUIRED_SCHEDULE_EDGE_AUDITED,
REC-A1-001331,SEQ-A1-000457,GRAMMAR_UNIT,GRAM-A1-049,Deixis espacial: proximidad y distancia respecto de interlocutores,,,,NEAR_TRANSFER,A1-M04-I01-S2,A1-M04-I02-S3,A1-M04-I01,A1-M04-I02,CORE_OR_STRUCTURAL_ROUTE,TRANSFER_IN_CHANGED_CONTEXT,AS_OBJECT_POLICY_REQUIRES,,NONE,1.44,REQUIRED_SCHEDULE_EDGE_AUDITED,
REC-A1-001332,SEQ-A1-000457,GRAMMAR_UNIT,GRAM-A1-049,Deixis espacial: proximidad y distancia respecto de interlocutores,,,,DISTANT_RETURN,A1-M04-I02-S3,A1-M05-I01-S3,A1-M04-I02,A1-M05-I01,CORE_OR_STRUCTURAL_ROUTE,DELAYED_RETRIEVAL_OR_TERMINAL_INTEGRATION,AS_OBJECT_POLICY_REQUIRES,,NONE,1.44,REQUIRED_SCHEDULE_EDGE_AUDITED,"Scheduled four islands after first introduction; destination story is load-balanced. This is a curriculum spacing rule, not a universal optimal interval claim."
REC-A1-001333,SEQ-A1-000459,GRAMMAR_UNIT,GRAM-A1-051,Demostrativo prenominal e incompatibilidad con artículo,,,,LOCAL_REUSE,A1-M04-I01-S1,A1-M04-I01-S3,A1-M04-I01,A1-M04-I01,CORE_OR_STRUCTURAL_ROUTE,REEXPOSURE_OR_RETRIEVAL,AS_OBJECT_POLICY_REQUIRES,,NONE,1.44,REQUIRED_SCHEDULE_EDGE_AUDITED,
REC-A1-001334,SEQ-A1-000459,GRAMMAR_UNIT,GRAM-A1-051,Demostrativo prenominal e incompatibilidad con artículo,,,,NEAR_TRANSFER,A1-M04-I01-S3,A1-M04-I02-S1,A1-M04-I01,A1-M04-I02,CORE_OR_STRUCTURAL_ROUTE,TRANSFER_IN_CHANGED_CONTEXT,AS_OBJECT_POLICY_REQUIRES,,NONE,1.44,REQUIRED_SCHEDULE_EDGE_AUDITED,
REC-A1-001335,SEQ-A1-000459,GRAMMAR_UNIT,GRAM-A1-051,Demostrativo prenominal e incompatibilidad con artículo,,,,DISTANT_RETURN,A1-M04-I02-S1,A1-M05-I01-S3,A1-M04-I02,A1-M05-I01,CORE_OR_STRUCTURAL_ROUTE,DELAYED_RETRIEVAL_OR_TERMINAL_INTEGRATION,AS_OBJECT_POLICY_REQUIRES,,NONE,1.44,REQUIRED_SCHEDULE_EDGE_AUDITED,"Scheduled four islands after first introduction; destination story is load-balanced. This is a curriculum spacing rule, not a universal optimal interval claim."
REC-A1-001336,SEQ-A1-000460,GRAMMAR_UNIT,GRAM-A1-092,Adverbios interrogativos de A1 se completan en 8.8,,,,LOCAL_REUSE,A1-M04-I01-S1,A1-M04-I01-S2,A1-M04-I01,A1-M04-I01,CORE_OR_STRUCTURAL_ROUTE,REEXPOSURE_OR_RETRIEVAL,AS_OBJECT_POLICY_REQUIRES,,NONE,1.44,REQUIRED_SCHEDULE_EDGE_AUDITED,
REC-A1-001337,SEQ-A1-000460,GRAMMAR_UNIT,GRAM-A1-092,Adverbios interrogativos de A1 se completan en 8.8,,,,NEAR_TRANSFER,A1-M04-I01-S2,A1-M04-I02-S2,A1-M04-I01,A1-M04-I02,CORE_OR_STRUCTURAL_ROUTE,TRANSFER_IN_CHANGED_CONTEXT,AS_OBJECT_POLICY_REQUIRES,,NONE,1.44,REQUIRED_SCHEDULE_EDGE_AUDITED,
REC-A1-001338,SEQ-A1-000460,GRAMMAR_UNIT,GRAM-A1-092,Adverbios interrogativos de A1 se completan en 8.8,,,,DISTANT_RETURN,A1-M04-I02-S2,A1-M05-I01-S3,A1-M04-I02,A1-M05-I01,CORE_OR_STRUCTURAL_ROUTE,DELAYED_RETRIEVAL_OR_TERMINAL_INTEGRATION,AS_OBJECT_POLICY_REQUIRES,,NONE,1.44,REQUIRED_SCHEDULE_EDGE_AUDITED,"Scheduled four islands after first introduction; destination story is load-balanced. This is a curriculum spacing rule, not a universal optimal interval claim."
REC-A1-001339,SEQ-A1-000462,GRAMMAR_UNIT,GRAM-A1-096,Muy + lejos/cerca como intensificación,,,,LOCAL_REUSE,A1-M04-I01-S1,A1-M04-I01-S3,A1-M04-I01,A1-M04-I01,CORE_OR_STRUCTURAL_ROUTE,REEXPOSURE_OR_RETRIEVAL,AS_OBJECT_POLICY_REQUIRES,,NONE,1.44,REQUIRED_SCHEDULE_EDGE_AUDITED,
REC-A1-001340,SEQ-A1-000462,GRAMMAR_UNIT,GRAM-A1-096,Muy + lejos/cerca como intensificación,,,,NEAR_TRANSFER,A1-M04-I01-S3,A1-M04-I02-S3,A1-M04-I01,A1-M04-I02,CORE_OR_STRUCTURAL_ROUTE,TRANSFER_IN_CHANGED_CONTEXT,AS_OBJECT_POLICY_REQUIRES,,NONE,1.44,REQUIRED_SCHEDULE_EDGE_AUDITED,
REC-A1-001341,SEQ-A1-000462,GRAMMAR_UNIT,GRAM-A1-096,Muy + lejos/cerca como intensificación,,,,DISTANT_RETURN,A1-M04-I02-S3,A1-M05-I01-S3,A1-M04-I02,A1-M05-I01,CORE_OR_STRUCTURAL_ROUTE,DELAYED_RETRIEVAL_OR_TERMINAL_INTEGRATION,AS_OBJECT_POLICY_REQUIRES,,NONE,1.44,REQUIRED_SCHEDULE_EDGE_AUDITED,"Scheduled four islands after first introduction; destination story is load-balanced. This is a curriculum spacing rule, not a universal optimal interval claim."
REC-A1-001342,SEQ-A1-000463,GRAMMAR_UNIT,GRAM-A1-106,Dónde para lugar y cómo para modo; forma invariable y posición inicial/aislada,,,,LOCAL_REUSE,A1-M04-I01-S1,A1-M04-I01-S2,A1-M04-I01,A1-M04-I01,CORE_OR_STRUCTURAL_ROUTE,REEXPOSURE_OR_RETRIEVAL,AS_OBJECT_POLICY_REQUIRES,,NONE,1.44,REQUIRED_SCHEDULE_EDGE_AUDITED,
REC-A1-001343,SEQ-A1-000463,GRAMMAR_UNIT,GRAM-A1-106,Dónde para lugar y cómo para modo; forma invariable y posición inicial/aislada,,,,NEAR_TRANSFER,A1-M04-I01-S2,A1-M04-I02-S1,A1-M04-I01,A1-M04-I02,CORE_OR_STRUCTURAL_ROUTE,TRANSFER_IN_CHANGED_CONTEXT,AS_OBJECT_POLICY_REQUIRES,,NONE,1.44,REQUIRED_SCHEDULE_EDGE_AUDITED,
REC-A1-001344,SEQ-A1-000463,GRAMMAR_UNIT,GRAM-A1-106,Dónde para lugar y cómo para modo; forma invariable y posición inicial/aislada,,,,DISTANT_RETURN,A1-M04-I02-S1,A1-M05-I01-S3,A1-M04-I02,A1-M05-I01,CORE_OR_STRUCTURAL_ROUTE,DELAYED_RETRIEVAL_OR_TERMINAL_INTEGRATION,AS_OBJECT_POLICY_REQUIRES,,NONE,1.44,REQUIRED_SCHEDULE_EDGE_AUDITED,"Scheduled four islands after first introduction; destination story is load-balanced. This is a curriculum spacing rule, not a universal optimal interval claim."
REC-A1-001345,SEQ-A1-000466,MWU_SOURCE_UNIT,12B1-MWU-0146,al este,,,12B1-MWU-0146,LOCAL_REUSE,A1-M04-I01-S1,A1-M04-I01-S3,A1-M04-I01,A1-M04-I01,CORE_OR_STRUCTURAL_ROUTE,REEXPOSURE_OR_RETRIEVAL,AS_OBJECT_POLICY_REQUIRES,,NONE,1.44,REQUIRED_SCHEDULE_EDGE_AUDITED,
REC-A1-001346,SEQ-A1-000466,MWU_SOURCE_UNIT,12B1-MWU-0146,al este,,,12B1-MWU-0146,NEAR_TRANSFER,A1-M04-I01-S3,A1-M04-I02-S2,A1-M04-I01,A1-M04-I02,CORE_OR_STRUCTURAL_ROUTE,TRANSFER_IN_CHANGED_CONTEXT,AS_OBJECT_POLICY_REQUIRES,,NONE,1.44,REQUIRED_SCHEDULE_EDGE_AUDITED,
REC-A1-001347,SEQ-A1-000466,MWU_SOURCE_UNIT,12B1-MWU-0146,al este,,,12B1-MWU-0146,DISTANT_RETURN,A1-M04-I02-S2,A1-M05-I01-S3,A1-M04-I02,A1-M05-I01,CORE_OR_STRUCTURAL_ROUTE,DELAYED_RETRIEVAL_OR_TERMINAL_INTEGRATION,AS_OBJECT_POLICY_REQUIRES,,NONE,1.44,REQUIRED_SCHEDULE_EDGE_AUDITED,"Scheduled four islands after first introduction; destination story is load-balanced. This is a curriculum spacing rule, not a universal optimal interval claim."
REC-A1-001348,SEQ-A1-000468,MWU_SOURCE_UNIT,12B1-MWU-0149,al norte,,,12B1-MWU-0149,LOCAL_REUSE,A1-M04-I01-S1,A1-M04-I01-S2,A1-M04-I01,A1-M04-I01,CORE_OR_STRUCTURAL_ROUTE,REEXPOSURE_OR_RETRIEVAL,AS_OBJECT_POLICY_REQUIRES,,NONE,1.44,REQUIRED_SCHEDULE_EDGE_AUDITED,
REC-A1-001349,SEQ-A1-000468,MWU_SOURCE_UNIT,12B1-MWU-0149,al norte,,,12B1-MWU-0149,NEAR_TRANSFER,A1-M04-I01-S2,A1-M04-I02-S3,A1-M04-I01,A1-M04-I02,CORE_OR_STRUCTURAL_ROUTE,TRANSFER_IN_CHANGED_CONTEXT,AS_OBJECT_POLICY_REQUIRES,,NONE,1.44,REQUIRED_SCHEDULE_EDGE_AUDITED,
REC-A1-001350,SEQ-A1-000468,MWU_SOURCE_UNIT,12B1-MWU-0149,al norte,,,12B1-MWU-0149,DISTANT_RETURN,A1-M04-I02-S3,A1-M05-I01-S3,A1-M04-I02,A1-M05-I01,CORE_OR_STRUCTURAL_ROUTE,DELAYED_RETRIEVAL_OR_TERMINAL_INTEGRATION,AS_OBJECT_POLICY_REQUIRES,,NONE,1.44,REQUIRED_SCHEDULE_EDGE_AUDITED,"Scheduled four islands after first introduction; destination story is load-balanced. This is a curriculum spacing rule, not a universal optimal interval claim."
REC-A1-001351,SEQ-A1-000470,MWU_SOURCE_UNIT,12B1-MWU-0151,al sur,,,12B1-MWU-0151,LOCAL_REUSE,A1-M04-I01-S1,A1-M04-I01-S3,A1-M04-I01,A1-M04-I01,CORE_OR_STRUCTURAL_ROUTE,REEXPOSURE_OR_RETRIEVAL,AS_OBJECT_POLICY_REQUIRES,,NONE,1.44,REQUIRED_SCHEDULE_EDGE_AUDITED,
REC-A1-001352,SEQ-A1-000470,MWU_SOURCE_UNIT,12B1-MWU-0151,al sur,,,12B1-MWU-0151,NEAR_TRANSFER,A1-M04-I01-S3,A1-M04-I02-S1,A1-M04-I01,A1-M04-I02,CORE_OR_STRUCTURAL_ROUTE,TRANSFER_IN_CHANGED_CONTEXT,AS_OBJECT_POLICY_REQUIRES,,NONE,1.44,REQUIRED_SCHEDULE_EDGE_AUDITED,
REC-A1-001353,SEQ-A1-000470,MWU_SOURCE_UNIT,12B1-MWU-0151,al sur,,,12B1-MWU-0151,DISTANT_RETURN,A1-M04-I02-S1,A1-M05-I01-S3,A1-M04-I02,A1-M05-I01,CORE_OR_STRUCTURAL_ROUTE,DELAYED_RETRIEVAL_OR_TERMINAL_INTEGRATION,AS_OBJECT_POLICY_REQUIRES,,NONE,1.44,REQUIRED_SCHEDULE_EDGE_AUDITED,"Scheduled four islands after first introduction; destination story is load-balanced. This is a curriculum spacing rule, not a universal optimal interval claim."
REC-A1-001354,SEQ-A1-000433,SENSE,SENSE-A1-000011,acá,LEX-A1-000011,SENSE-A1-000011,,LOCAL_REUSE,A1-M04-I01-S1,A1-M04-I01-S2,A1-M04-I01,A1-M04-I01,CORE_OR_STRUCTURAL_ROUTE,REEXPOSURE_OR_RETRIEVAL,TARGET_PROFILE_ONLY,,NONE,1.44,REQUIRED_SCHEDULE_EDGE_AUDITED,
REC-A1-001355,SEQ-A1-000433,SENSE,SENSE-A1-000011,acá,LEX-A1-000011,SENSE-A1-000011,,NEAR_TRANSFER,A1-M04-I01-S2,A1-M04-I02-S2,A1-M04-I01,A1-M04-I02,CORE_OR_STRUCTURAL_ROUTE,TRANSFER_IN_CHANGED_CONTEXT,TARGET_PROFILE_ONLY,,NONE,1.44,REQUIRED_SCHEDULE_EDGE_AUDITED,
REC-A1-001356,SEQ-A1-000433,SENSE,SENSE-A1-000011,acá,LEX-A1-000011,SENSE-A1-000011,,DISTANT_RETURN,A1-M04-I02-S2,A1-M05-I01-S3,A1-M04-I02,A1-M05-I01,CORE_OR_STRUCTURAL_ROUTE,DELAYED_RETRIEVAL_OR_TERMINAL_INTEGRATION,TARGET_PROFILE_ONLY,,NONE,1.44,REQUIRED_SCHEDULE_EDGE_AUDITED,"Scheduled four islands after first introduction; destination story is load-balanced. This is a curriculum spacing rule, not a universal optimal interval claim."
REC-A1-001357,SEQ-A1-000435,SENSE,SENSE-A1-000027,al lado,LEX-A1-000027,SENSE-A1-000027,,LOCAL_REUSE,A1-M04-I01-S1,A1-M04-I01-S3,A1-M04-I01,A1-M04-I01,CORE_OR_STRUCTURAL_ROUTE,REEXPOSURE_OR_RETRIEVAL,CONTEXTUAL_OR_FUNCTION_BOUND,,NONE,1.44,REQUIRED_SCHEDULE_EDGE_AUDITED,
REC-A1-001358,SEQ-A1-000435,SENSE,SENSE-A1-000027,al lado,LEX-A1-000027,SENSE-A1-000027,,NEAR_TRANSFER,A1-M04-I01-S3,A1-M04-I02-S3,A1-M04-I01,A1-M04-I02,CORE_OR_STRUCTURAL_ROUTE,TRANSFER_IN_CHANGED_CONTEXT,CONTEXTUAL_OR_FUNCTION_BOUND,,NONE,1.44,REQUIRED_SCHEDULE_EDGE_AUDITED,
REC-A1-001359,SEQ-A1-000435,SENSE,SENSE-A1-000027,al lado,LEX-A1-000027,SENSE-A1-000027,,DISTANT_RETURN,A1-M04-I02-S3,A1-M05-I01-S3,A1-M04-I02,A1-M05-I01,CORE_OR_STRUCTURAL_ROUTE,DELAYED_RETRIEVAL_OR_TERMINAL_INTEGRATION,CONTEXTUAL_OR_FUNCTION_BOUND,,NONE,1.44,REQUIRED_SCHEDULE_EDGE_AUDITED,"Scheduled four islands after first introduction; destination story is load-balanced. This is a curriculum spacing rule, not a universal optimal interval claim."
REC-A1-001360,SEQ-A1-000437,SENSE,SENSE-A1-000032,allí,LEX-A1-000032,SENSE-A1-000032,,LOCAL_REUSE,A1-M04-I01-S1,A1-M04-I01-S2,A1-M04-I01,A1-M04-I01,CORE_OR_STRUCTURAL_ROUTE,REEXPOSURE_OR_RETRIEVAL,CONTEXTUAL_OR_FUNCTION_BOUND,,NONE,1.44,REQUIRED_SCHEDULE_EDGE_AUDITED,
REC-A1-001361,SEQ-A1-000437,SENSE,SENSE-A1-000032,allí,LEX-A1-000032,SENSE-A1-000032,,NEAR_TRANSFER,A1-M04-I01-S2,A1-M04-I02-S1,A1-M04-I01,A1-M04-I02,CORE_OR_STRUCTURAL_ROUTE,TRANSFER_IN_CHANGED_CONTEXT,CONTEXTUAL_OR_FUNCTION_BOUND,,NONE,1.44,REQUIRED_SCHEDULE_EDGE_AUDITED,
REC-A1-001362,SEQ-A1-000437,SENSE,SENSE-A1-000032,allí,LEX-A1-000032,SENSE-A1-000032,,DISTANT_RETURN,A1-M04-I02-S1,A1-M05-I01-S3,A1-M04-I02,A1-M05-I01,CORE_OR_STRUCTURAL_ROUTE,DELAYED_RETRIEVAL_OR_TERMINAL_INTEGRATION,CONTEXTUAL_OR_FUNCTION_BOUND,,NONE,1.44,REQUIRED_SCHEDULE_EDGE_AUDITED,"Scheduled four islands after first introduction; destination story is load-balanced. This is a curriculum spacing rule, not a universal optimal interval claim."
REC-A1-001363,SEQ-A1-000439,SENSE,SENSE-A1-000049,aquí,LEX-A1-000049,SENSE-A1-000049,,LOCAL_REUSE,A1-M04-I01-S1,A1-M04-I01-S3,A1-M04-I01,A1-M04-I01,CORE_OR_STRUCTURAL_ROUTE,REEXPOSURE_OR_RETRIEVAL,CONTEXTUAL_OR_FUNCTION_BOUND,,NONE,1.44,REQUIRED_SCHEDULE_EDGE_AUDITED,
REC-A1-001364,SEQ-A1-000439,SENSE,SENSE-A1-000049,aquí,LEX-A1-000049,SENSE-A1-000049,,NEAR_TRANSFER,A1-M04-I01-S3,A1-M04-I02-S2,A1-M04-I01,A1-M04-I02,CORE_OR_STRUCTURAL_ROUTE,TRANSFER_IN_CHANGED_CONTEXT,CONTEXTUAL_OR_FUNCTION_BOUND,,NONE,1.44,REQUIRED_SCHEDULE_EDGE_AUDITED,
REC-A1-001365,SEQ-A1-000439,SENSE,SENSE-A1-000049,aquí,LEX-A1-000049,SENSE-A1-000049,,DISTANT_RETURN,A1-M04-I02-S2,A1-M05-I01-S3,A1-M04-I02,A1-M05-I01,CORE_OR_STRUCTURAL_ROUTE,DELAYED_RETRIEVAL_OR_TERMINAL_INTEGRATION,CONTEXTUAL_OR_FUNCTION_BOUND,,NONE,1.44,REQUIRED_SCHEDULE_EDGE_AUDITED,"Scheduled four islands after first introduction; destination story is load-balanced. This is a curriculum spacing rule, not a universal optimal interval claim."
REC-A1-001366,SEQ-A1-000441,SENSE,SENSE-A1-000106,capital,LEX-A1-000104,SENSE-A1-000106,,LOCAL_REUSE,A1-M04-I01-S1,A1-M04-I01-S2,A1-M04-I01,A1-M04-I01,CORE_OR_STRUCTURAL_ROUTE,REEXPOSURE_OR_RETRIEVAL,CONTEXTUAL_OR_FUNCTION_BOUND,,NONE,1.44,REQUIRED_SCHEDULE_EDGE_AUDITED,
REC-A1-001367,SEQ-A1-000441,SENSE,SENSE-A1-000106,capital,LEX-A1-000104,SENSE-A1-000106,,NEAR_TRANSFER,A1-M04-I01-S2,A1-M04-I02-S3,A1-M04-I01,A1-M04-I02,CORE_OR_STRUCTURAL_ROUTE,TRANSFER_IN_CHANGED_CONTEXT,CONTEXTUAL_OR_FUNCTION_BOUND,,NONE,1.44,REQUIRED_SCHEDULE_EDGE_AUDITED,
REC-A1-001368,SEQ-A1-000441,SENSE,SENSE-A1-000106,capital,LEX-A1-000104,SENSE-A1-000106,,DISTANT_RETURN,A1-M04-I02-S3,A1-M05-I01-S3,A1-M04-I02,A1-M05-I01,CORE_OR_STRUCTURAL_ROUTE,DELAYED_RETRIEVAL_OR_TERMINAL_INTEGRATION,CONTEXTUAL_OR_FUNCTION_BOUND,,NONE,1.44,REQUIRED_SCHEDULE_EDGE_AUDITED,"Scheduled four islands after first introduction; destination story is load-balanced. This is a curriculum spacing rule, not a universal optimal interval claim."
REC-A1-001369,SEQ-A1-000442,SENSE,SENSE-A1-000126,céntrico,LEX-A1-000124,SENSE-A1-000126,,LOCAL_REUSE,A1-M04-I01-S1,A1-M04-I01-S3,A1-M04-I01,A1-M04-I01,CORE_OR_STRUCTURAL_ROUTE,REEXPOSURE_OR_RETRIEVAL,CONTEXTUAL_OR_FUNCTION_BOUND,,NONE,1.44,REQUIRED_SCHEDULE_EDGE_AUDITED,
REC-A1-001370,SEQ-A1-000442,SENSE,SENSE-A1-000126,céntrico,LEX-A1-000124,SENSE-A1-000126,,NEAR_TRANSFER,A1-M04-I01-S3,A1-M04-I02-S1,A1-M04-I01,A1-M04-I02,CORE_OR_STRUCTURAL_ROUTE,TRANSFER_IN_CHANGED_CONTEXT,CONTEXTUAL_OR_FUNCTION_BOUND,,NONE,1.44,REQUIRED_SCHEDULE_EDGE_AUDITED,
REC-A1-001371,SEQ-A1-000442,SENSE,SENSE-A1-000126,céntrico,LEX-A1-000124,SENSE-A1-000126,,DISTANT_RETURN,A1-M04-I02-S1,A1-M05-I01-S3,A1-M04-I02,A1-M05-I01,CORE_OR_STRUCTURAL_ROUTE,DELAYED_RETRIEVAL_OR_TERMINAL_INTEGRATION,CONTEXTUAL_OR_FUNCTION_BOUND,,NONE,1.44,REQUIRED_SCHEDULE_EDGE_AUDITED,"Scheduled four islands after first introduction; destination story is load-balanced. This is a curriculum spacing rule, not a universal optimal interval claim."
REC-A1-001372,SEQ-A1-000445,SENSE,SENSE-A1-000230,ese,LEX-A1-000226,SENSE-A1-000230,,LOCAL_REUSE,A1-M04-I01-S1,A1-M04-I01-S2,A1-M04-I01,A1-M04-I01,CORE_OR_STRUCTURAL_ROUTE,REEXPOSURE_OR_RETRIEVAL,CONTEXTUAL_OR_FUNCTION_BOUND,,NONE,1.44,REQUIRED_SCHEDULE_EDGE_AUDITED,
REC-A1-001373,SEQ-A1-000445,SENSE,SENSE-A1-000230,ese,LEX-A1-000226,SENSE-A1-000230,,NEAR_TRANSFER,A1-M04-I01-S2,A1-M04-I02-S2,A1-M04-I01,A1-M04-I02,CORE_OR_STRUCTURAL_ROUTE,TRANSFER_IN_CHANGED_CONTEXT,CONTEXTUAL_OR_FUNCTION_BOUND,,NONE,1.44,REQUIRED_SCHEDULE_EDGE_AUDITED,
REC-A1-001374,SEQ-A1-000445,SENSE,SENSE-A1-000230,ese,LEX-A1-000226,SENSE-A1-000230,,DISTANT_RETURN,A1-M04-I02-S2,A1-M05-I01-S3,A1-M04-I02,A1-M05-I01,CORE_OR_STRUCTURAL_ROUTE,DELAYED_RETRIEVAL_OR_TERMINAL_INTEGRATION,CONTEXTUAL_OR_FUNCTION_BOUND,,NONE,1.44,REQUIRED_SCHEDULE_EDGE_AUDITED,"Scheduled four islands after first introduction; destination story is load-balanced. This is a curriculum spacing rule, not a universal optimal interval claim."
REC-A1-001375,SEQ-A1-000447,SENSE,SENSE-A1-000334,lejos,LEX-A1-000328,SENSE-A1-000334,,LOCAL_REUSE,A1-M04-I01-S1,A1-M04-I01-S3,A1-M04-I01,A1-M04-I01,CORE_OR_STRUCTURAL_ROUTE,REEXPOSURE_OR_RETRIEVAL,CONTEXTUAL_OR_FUNCTION_BOUND,,NONE,1.44,REQUIRED_SCHEDULE_EDGE_AUDITED,
REC-A1-001376,SEQ-A1-000447,SENSE,SENSE-A1-000334,lejos,LEX-A1-000328,SENSE-A1-000334,,NEAR_TRANSFER,A1-M04-I01-S3,A1-M04-I02-S3,A1-M04-I01,A1-M04-I02,CORE_OR_STRUCTURAL_ROUTE,TRANSFER_IN_CHANGED_CONTEXT,CONTEXTUAL_OR_FUNCTION_BOUND,,NONE,1.44,REQUIRED_SCHEDULE_EDGE_AUDITED,
REC-A1-001377,SEQ-A1-000447,SENSE,SENSE-A1-000334,lejos,LEX-A1-000328,SENSE-A1-000334,,DISTANT_RETURN,A1-M04-I02-S3,A1-M05-I01-S3,A1-M04-I02,A1-M05-I01,CORE_OR_STRUCTURAL_ROUTE,DELAYED_RETRIEVAL_OR_TERMINAL_INTEGRATION,CONTEXTUAL_OR_FUNCTION_BOUND,,NONE,1.44,REQUIRED_SCHEDULE_EDGE_AUDITED,"Scheduled four islands after first introduction; destination story is load-balanced. This is a curriculum spacing rule, not a universal optimal interval claim."
REC-A1-001378,SEQ-A1-000449,SENSE,SENSE-A1-000353,mapa,LEX-A1-000347,SENSE-A1-000353,,LOCAL_REUSE,A1-M04-I01-S1,A1-M04-I01-S2,A1-M04-I01,A1-M04-I01,CORE_OR_STRUCTURAL_ROUTE,REEXPOSURE_OR_RETRIEVAL,CONTEXTUAL_OR_FUNCTION_BOUND,,NONE,1.44,REQUIRED_SCHEDULE_EDGE_AUDITED,
REC-A1-001379,SEQ-A1-000449,SENSE,SENSE-A1-000353,mapa,LEX-A1-000347,SENSE-A1-000353,,NEAR_TRANSFER,A1-M04-I01-S2,A1-M04-I02-S1,A1-M04-I01,A1-M04-I02,CORE_OR_STRUCTURAL_ROUTE,TRANSFER_IN_CHANGED_CONTEXT,CONTEXTUAL_OR_FUNCTION_BOUND,,NONE,1.44,REQUIRED_SCHEDULE_EDGE_AUDITED,
REC-A1-001380,SEQ-A1-000449,SENSE,SENSE-A1-000353,mapa,LEX-A1-000347,SENSE-A1-000353,,DISTANT_RETURN,A1-M04-I02-S1,A1-M05-I01-S3,A1-M04-I02,A1-M05-I01,CORE_OR_STRUCTURAL_ROUTE,DELAYED_RETRIEVAL_OR_TERMINAL_INTEGRATION,CONTEXTUAL_OR_FUNCTION_BOUND,,NONE,1.44,REQUIRED_SCHEDULE_EDGE_AUDITED,"Scheduled four islands after first introduction; destination story is load-balanced. This is a curriculum spacing rule, not a universal optimal interval claim."
REC-A1-001381,SEQ-A1-000451,SENSE,SENSE-A1-000452,plaza,LEX-A1-000444,SENSE-A1-000452,,LOCAL_REUSE,A1-M04-I01-S1,A1-M04-I01-S3,A1-M04-I01,A1-M04-I01,CORE_OR_STRUCTURAL_ROUTE,REEXPOSURE_OR_RETRIEVAL,CONTEXTUAL_OR_FUNCTION_BOUND,,NONE,1.44,REQUIRED_SCHEDULE_EDGE_AUDITED,
REC-A1-001382,SEQ-A1-000451,SENSE,SENSE-A1-000452,plaza,LEX-A1-000444,SENSE-A1-000452,,NEAR_TRANSFER,A1-M04-I01-S3,A1-M04-I02-S2,A1-M04-I01,A1-M04-I02,CORE_OR_STRUCTURAL_ROUTE,TRANSFER_IN_CHANGED_CONTEXT,CONTEXTUAL_OR_FUNCTION_BOUND,,NONE,1.44,REQUIRED_SCHEDULE_EDGE_AUDITED,
REC-A1-001383,SEQ-A1-000451,SENSE,SENSE-A1-000452,plaza,LEX-A1-000444,SENSE-A1-000452,,DISTANT_RETURN,A1-M04-I02-S2,A1-M05-I01-S1,A1-M04-I02,A1-M05-I01,CORE_OR_STRUCTURAL_ROUTE,DELAYED_RETRIEVAL_OR_TERMINAL_INTEGRATION,CONTEXTUAL_OR_FUNCTION_BOUND,,NONE,1.44,REQUIRED_SCHEDULE_EDGE_AUDITED,"Scheduled four islands after first introduction; destination story is load-balanced. This is a curriculum spacing rule, not a universal optimal interval claim."
REC-A1-001384,SEQ-A1-000452,GRAMMAR_UNIT,GRAM-A1-007,Ciudades y localidades: uso como nombre propio,,,,LOCAL_REUSE,A1-M04-I01-S2,A1-M04-I01-S3,A1-M04-I01,A1-M04-I01,CORE_OR_STRUCTURAL_ROUTE,REEXPOSURE_OR_RETRIEVAL,AS_OBJECT_POLICY_REQUIRES,,NONE,1.44,REQUIRED_SCHEDULE_EDGE_AUDITED,
REC-A1-001385,SEQ-A1-000452,GRAMMAR_UNIT,GRAM-A1-007,Ciudades y localidades: uso como nombre propio,,,,NEAR_TRANSFER,A1-M04-I01-S3,A1-M04-I02-S3,A1-M04-I01,A1-M04-I02,CORE_OR_STRUCTURAL_ROUTE,TRANSFER_IN_CHANGED_CONTEXT,AS_OBJECT_POLICY_REQUIRES,,NONE,1.44,REQUIRED_SCHEDULE_EDGE_AUDITED,
REC-A1-001386,SEQ-A1-000452,GRAMMAR_UNIT,GRAM-A1-007,Ciudades y localidades: uso como nombre propio,,,,DISTANT_RETURN,A1-M04-I02-S3,A1-M05-I01-S2,A1-M04-I02,A1-M05-I01,CORE_OR_STRUCTURAL_ROUTE,DELAYED_RETRIEVAL_OR_TERMINAL_INTEGRATION,AS_OBJECT_POLICY_REQUIRES,,NONE,1.44,REQUIRED_SCHEDULE_EDGE_AUDITED,"Scheduled four islands after first introduction; destination story is load-balanced. This is a curriculum spacing rule, not a universal optimal interval claim."
REC-A1-001387,SEQ-A1-000453,GRAMMAR_UNIT,GRAM-A1-043,"Incompatibilidad con demostrativos, numerales e indefinidos en el mismo determinante",,,,LOCAL_REUSE,A1-M04-I01-S2,A1-M04-I01-S3,A1-M04-I01,A1-M04-I01,CORE_OR_STRUCTURAL_ROUTE,REEXPOSURE_OR_RETRIEVAL,AS_OBJECT_POLICY_REQUIRES,,NONE,1.44,REQUIRED_SCHEDULE_EDGE_AUDITED,
REC-A1-001388,SEQ-A1-000453,GRAMMAR_UNIT,GRAM-A1-043,"Incompatibilidad con demostrativos, numerales e indefinidos en el mismo determinante",,,,NEAR_TRANSFER,A1-M04-I01-S3,A1-M04-I02-S1,A1-M04-I01,A1-M04-I02,CORE_OR_STRUCTURAL_ROUTE,TRANSFER_IN_CHANGED_CONTEXT,AS_OBJECT_POLICY_REQUIRES,,NONE,1.44,REQUIRED_SCHEDULE_EDGE_AUDITED,
REC-A1-001389,SEQ-A1-000453,GRAMMAR_UNIT,GRAM-A1-043,"Incompatibilidad con demostrativos, numerales e indefinidos en el mismo determinante",,,,DISTANT_RETURN,A1-M04-I02-S1,A1-M05-I01-S3,A1-M04-I02,A1-M05-I01,CORE_OR_STRUCTURAL_ROUTE,DELAYED_RETRIEVAL_OR_TERMINAL_INTEGRATION,AS_OBJECT_POLICY_REQUIRES,,NONE,1.44,REQUIRED_SCHEDULE_EDGE_AUDITED,"Scheduled four islands after first introduction; destination story is load-balanced. This is a curriculum spacing rule, not a universal optimal interval claim."
REC-A1-001390,SEQ-A1-000456,GRAMMAR_UNIT,GRAM-A1-048,Neutro demostrativo en posición inicial con ser/estar,,,,LOCAL_REUSE,A1-M04-I01-S2,A1-M04-I01-S3,A1-M04-I01,A1-M04-I01,CORE_OR_STRUCTURAL_ROUTE,REEXPOSURE_OR_RETRIEVAL,AS_OBJECT_POLICY_REQUIRES,,NONE,1.44,REQUIRED_SCHEDULE_EDGE_AUDITED,
REC-A1-001391,SEQ-A1-000456,GRAMMAR_UNIT,GRAM-A1-048,Neutro demostrativo en posición inicial con ser/estar,,,,NEAR_TRANSFER,A1-M04-I01-S3,A1-M04-I02-S2,A1-M04-I01,A1-M04-I02,CORE_OR_STRUCTURAL_ROUTE,TRANSFER_IN_CHANGED_CONTEXT,AS_OBJECT_POLICY_REQUIRES,,NONE,1.44,REQUIRED_SCHEDULE_EDGE_AUDITED,
REC-A1-001392,SEQ-A1-000456,GRAMMAR_UNIT,GRAM-A1-048,Neutro demostrativo en posición inicial con ser/estar,,,,DISTANT_RETURN,A1-M04-I02-S2,A1-M05-I01-S1,A1-M04-I02,A1-M05-I01,CORE_OR_STRUCTURAL_ROUTE,DELAYED_RETRIEVAL_OR_TERMINAL_INTEGRATION,AS_OBJECT_POLICY_REQUIRES,,NONE,1.44,REQUIRED_SCHEDULE_EDGE_AUDITED,"Scheduled four islands after first introduction; destination story is load-balanced. This is a curriculum spacing rule, not a universal optimal interval claim."
REC-A1-001393,SEQ-A1-000458,GRAMMAR_UNIT,GRAM-A1-050,Demostrativo neutro para identificar objeto desconocido,,,,LOCAL_REUSE,A1-M04-I01-S2,A1-M04-I01-S3,A1-M04-I01,A1-M04-I01,CORE_OR_STRUCTURAL_ROUTE,REEXPOSURE_OR_RETRIEVAL,AS_OBJECT_POLICY_REQUIRES,,NONE,1.44,REQUIRED_SCHEDULE_EDGE_AUDITED,
REC-A1-001394,SEQ-A1-000458,GRAMMAR_UNIT,GRAM-A1-050,Demostrativo neutro para identificar objeto desconocido,,,,NEAR_TRANSFER,A1-M04-I01-S3,A1-M04-I02-S3,A1-M04-I01,A1-M04-I02,CORE_OR_STRUCTURAL_ROUTE,TRANSFER_IN_CHANGED_CONTEXT,AS_OBJECT_POLICY_REQUIRES,,NONE,1.44,REQUIRED_SCHEDULE_EDGE_AUDITED,
REC-A1-001395,SEQ-A1-000458,GRAMMAR_UNIT,GRAM-A1-050,Demostrativo neutro para identificar objeto desconocido,,,,DISTANT_RETURN,A1-M04-I02-S3,A1-M05-I01-S2,A1-M04-I02,A1-M05-I01,CORE_OR_STRUCTURAL_ROUTE,DELAYED_RETRIEVAL_OR_TERMINAL_INTEGRATION,AS_OBJECT_POLICY_REQUIRES,,NONE,1.44,REQUIRED_SCHEDULE_EDGE_AUDITED,"Scheduled four islands after first introduction; destination story is load-balanced. This is a curriculum spacing rule, not a universal optimal interval claim."
REC-A1-001396,SEQ-A1-000461,GRAMMAR_UNIT,GRAM-A1-094,"Deícticos aquí, ahí, allí",,,,LOCAL_REUSE,A1-M04-I01-S2,A1-M04-I01-S3,A1-M04-I01,A1-M04-I01,CORE_OR_STRUCTURAL_ROUTE,REEXPOSURE_OR_RETRIEVAL,AS_OBJECT_POLICY_REQUIRES,,NONE,1.44,REQUIRED_SCHEDULE_EDGE_AUDITED,
REC-A1-001397,SEQ-A1-000461,GRAMMAR_UNIT,GRAM-A1-094,"Deícticos aquí, ahí, allí",,,,NEAR_TRANSFER,A1-M04-I01-S3,A1-M04-I02-S1,A1-M04-I01,A1-M04-I02,CORE_OR_STRUCTURAL_ROUTE,TRANSFER_IN_CHANGED_CONTEXT,AS_OBJECT_POLICY_REQUIRES,,NONE,1.44,REQUIRED_SCHEDULE_EDGE_AUDITED,
REC-A1-001398,SEQ-A1-000461,GRAMMAR_UNIT,GRAM-A1-094,"Deícticos aquí, ahí, allí",,,,DISTANT_RETURN,A1-M04-I02-S1,A1-M05-I01-S3,A1-M04-I02,A1-M05-I01,CORE_OR_STRUCTURAL_ROUTE,DELAYED_RETRIEVAL_OR_TERMINAL_INTEGRATION,AS_OBJECT_POLICY_REQUIRES,,NONE,1.44,REQUIRED_SCHEDULE_EDGE_AUDITED,"Scheduled four islands after first introduction; destination story is load-balanced. This is a curriculum spacing rule, not a universal optimal interval claim."
REC-A1-001399,SEQ-A1-000464,GRAMMAR_UNIT,GRAM-A1-120,"Sintagma preposicional restrictivo con término nominal, infinitivo o adverbial",,,,LOCAL_REUSE,A1-M04-I01-S2,A1-M04-I01-S3,A1-M04-I01,A1-M04-I01,CORE_OR_STRUCTURAL_ROUTE,REEXPOSURE_OR_RETRIEVAL,AS_OBJECT_POLICY_REQUIRES,,NONE,1.44,REQUIRED_SCHEDULE_EDGE_AUDITED,
REC-A1-001400,SEQ-A1-000464,GRAMMAR_UNIT,GRAM-A1-120,"Sintagma preposicional restrictivo con término nominal, infinitivo o adverbial",,,,NEAR_TRANSFER,A1-M04-I01-S3,A1-M04-I02-S2,A1-M04-I01,A1-M04-I02,CORE_OR_STRUCTURAL_ROUTE,TRANSFER_IN_CHANGED_CONTEXT,AS_OBJECT_POLICY_REQUIRES,,NONE,1.44,REQUIRED_SCHEDULE_EDGE_AUDITED,
REC-A1-001401,SEQ-A1-000464,GRAMMAR_UNIT,GRAM-A1-120,"Sintagma preposicional restrictivo con término nominal, infinitivo o adverbial",,,,DISTANT_RETURN,A1-M04-I02-S2,A1-M05-I01-S1,A1-M04-I02,A1-M05-I01,CORE_OR_STRUCTURAL_ROUTE,DELAYED_RETRIEVAL_OR_TERMINAL_INTEGRATION,AS_OBJECT_POLICY_REQUIRES,,NONE,1.44,REQUIRED_SCHEDULE_EDGE_AUDITED,"Scheduled four islands after first introduction; destination story is load-balanced. This is a curriculum spacing rule, not a universal optimal interval claim."
REC-A1-001402,SEQ-A1-000465,GRAMMAR_UNIT,GRAM-A1-131,Estar para localización espacial,,,,LOCAL_REUSE,A1-M04-I01-S2,A1-M04-I01-S3,A1-M04-I01,A1-M04-I01,CORE_OR_STRUCTURAL_ROUTE,REEXPOSURE_OR_RETRIEVAL,AS_OBJECT_POLICY_REQUIRES,,NONE,1.44,REQUIRED_SCHEDULE_EDGE_AUDITED,
REC-A1-001403,SEQ-A1-000465,GRAMMAR_UNIT,GRAM-A1-131,Estar para localización espacial,,,,NEAR_TRANSFER,A1-M04-I01-S3,A1-M04-I02-S3,A1-M04-I01,A1-M04-I02,CORE_OR_STRUCTURAL_ROUTE,TRANSFER_IN_CHANGED_CONTEXT,AS_OBJECT_POLICY_REQUIRES,,NONE,1.44,REQUIRED_SCHEDULE_EDGE_AUDITED,
REC-A1-001404,SEQ-A1-000465,GRAMMAR_UNIT,GRAM-A1-131,Estar para localización espacial,,,,DISTANT_RETURN,A1-M04-I02-S3,A1-M05-I01-S2,A1-M04-I02,A1-M05-I01,CORE_OR_STRUCTURAL_ROUTE,DELAYED_RETRIEVAL_OR_TERMINAL_INTEGRATION,AS_OBJECT_POLICY_REQUIRES,,NONE,1.44,REQUIRED_SCHEDULE_EDGE_AUDITED,"Scheduled four islands after first introduction; destination story is load-balanced. This is a curriculum spacing rule, not a universal optimal interval claim."
REC-A1-001405,SEQ-A1-000467,MWU_SOURCE_UNIT,12B1-MWU-0148,al lado,LEX-A1-000027,SENSE-A1-000027,12B1-MWU-0148,LOCAL_REUSE,A1-M04-I01-S2,A1-M04-I01-S3,A1-M04-I01,A1-M04-I01,CORE_OR_STRUCTURAL_ROUTE,REEXPOSURE_OR_RETRIEVAL,AS_OBJECT_POLICY_REQUIRES,,NONE,1.44,REQUIRED_SCHEDULE_EDGE_AUDITED,
REC-A1-001406,SEQ-A1-000467,MWU_SOURCE_UNIT,12B1-MWU-0148,al lado,LEX-A1-000027,SENSE-A1-000027,12B1-MWU-0148,NEAR_TRANSFER,A1-M04-I01-S3,A1-M04-I02-S1,A1-M04-I01,A1-M04-I02,CORE_OR_STRUCTURAL_ROUTE,TRANSFER_IN_CHANGED_CONTEXT,AS_OBJECT_POLICY_REQUIRES,,NONE,1.44,REQUIRED_SCHEDULE_EDGE_AUDITED,
REC-A1-001407,SEQ-A1-000467,MWU_SOURCE_UNIT,12B1-MWU-0148,al lado,LEX-A1-000027,SENSE-A1-000027,12B1-MWU-0148,DISTANT_RETURN,A1-M04-I02-S1,A1-M05-I01-S3,A1-M04-I02,A1-M05-I01,CORE_OR_STRUCTURAL_ROUTE,DELAYED_RETRIEVAL_OR_TERMINAL_INTEGRATION,AS_OBJECT_POLICY_REQUIRES,,NONE,1.44,REQUIRED_SCHEDULE_EDGE_AUDITED,"Scheduled four islands after first introduction; destination story is load-balanced. This is a curriculum spacing rule, not a universal optimal interval claim."
REC-A1-001408,SEQ-A1-000469,MWU_SOURCE_UNIT,12B1-MWU-0150,al oeste,,,12B1-MWU-0150,LOCAL_REUSE,A1-M04-I01-S2,A1-M04-I01-S3,A1-M04-I01,A1-M04-I01,CORE_OR_STRUCTURAL_ROUTE,REEXPOSURE_OR_RETRIEVAL,AS_OBJECT_POLICY_REQUIRES,,NONE,1.44,REQUIRED_SCHEDULE_EDGE_AUDITED,
REC-A1-001409,SEQ-A1-000469,MWU_SOURCE_UNIT,12B1-MWU-0150,al oeste,,,12B1-MWU-0150,NEAR_TRANSFER,A1-M04-I01-S3,A1-M04-I02-S2,A1-M04-I01,A1-M04-I02,CORE_OR_STRUCTURAL_ROUTE,TRANSFER_IN_CHANGED_CONTEXT,AS_OBJECT_POLICY_REQUIRES,,NONE,1.44,REQUIRED_SCHEDULE_EDGE_AUDITED,
REC-A1-001410,SEQ-A1-000469,MWU_SOURCE_UNIT,12B1-MWU-0150,al oeste,,,12B1-MWU-0150,DISTANT_RETURN,A1-M04-I02-S2,A1-M05-I01-S1,A1-M04-I02,A1-M05-I01,CORE_OR_STRUCTURAL_ROUTE,DELAYED_RETRIEVAL_OR_TERMINAL_INTEGRATION,AS_OBJECT_POLICY_REQUIRES,,NONE,1.44,REQUIRED_SCHEDULE_EDGE_AUDITED,"Scheduled four islands after first introduction; destination story is load-balanced. This is a curriculum spacing rule, not a universal optimal interval claim."
REC-A1-001411,SEQ-A1-000471,MWU_SOURCE_UNIT,12B1-MWU-0158,en el centro,,,12B1-MWU-0158,LOCAL_REUSE,A1-M04-I01-S2,A1-M04-I01-S3,A1-M04-I01,A1-M04-I01,CORE_OR_STRUCTURAL_ROUTE,REEXPOSURE_OR_RETRIEVAL,AS_OBJECT_POLICY_REQUIRES,,NONE,1.44,REQUIRED_SCHEDULE_EDGE_AUDITED,
REC-A1-001412,SEQ-A1-000471,MWU_SOURCE_UNIT,12B1-MWU-0158,en el centro,,,12B1-MWU-0158,NEAR_TRANSFER,A1-M04-I01-S3,A1-M04-I02-S3,A1-M04-I01,A1-M04-I02,CORE_OR_STRUCTURAL_ROUTE,TRANSFER_IN_CHANGED_CONTEXT,AS_OBJECT_POLICY_REQUIRES,,NONE,1.44,REQUIRED_SCHEDULE_EDGE_AUDITED,
REC-A1-001413,SEQ-A1-000471,MWU_SOURCE_UNIT,12B1-MWU-0158,en el centro,,,12B1-MWU-0158,DISTANT_RETURN,A1-M04-I02-S3,A1-M05-I01-S2,A1-M04-I02,A1-M05-I01,CORE_OR_STRUCTURAL_ROUTE,DELAYED_RETRIEVAL_OR_TERMINAL_INTEGRATION,AS_OBJECT_POLICY_REQUIRES,,NONE,1.44,REQUIRED_SCHEDULE_EDGE_AUDITED,"Scheduled four islands after first introduction; destination story is load-balanced. This is a curriculum spacing rule, not a universal optimal interval claim."
REC-A1-001414,SEQ-A1-000434,SENSE,SENSE-A1-000021,ahí,LEX-A1-000021,SENSE-A1-000021,,LOCAL_REUSE,A1-M04-I01-S2,A1-M04-I01-S3,A1-M04-I01,A1-M04-I01,CORE_OR_STRUCTURAL_ROUTE,REEXPOSURE_OR_RETRIEVAL,CONTEXTUAL_OR_FUNCTION_BOUND,,NONE,1.44,REQUIRED_SCHEDULE_EDGE_AUDITED,
REC-A1-001415,SEQ-A1-000434,SENSE,SENSE-A1-000021,ahí,LEX-A1-000021,SENSE-A1-000021,,NEAR_TRANSFER,A1-M04-I01-S3,A1-M04-I02-S1,A1-M04-I01,A1-M04-I02,CORE_OR_STRUCTURAL_ROUTE,TRANSFER_IN_CHANGED_CONTEXT,CONTEXTUAL_OR_FUNCTION_BOUND,,NONE,1.44,REQUIRED_SCHEDULE_EDGE_AUDITED,
REC-A1-001416,SEQ-A1-000434,SENSE,SENSE-A1-000021,ahí,LEX-A1-000021,SENSE-A1-000021,,DISTANT_RETURN,A1-M04-I02-S1,A1-M05-I01-S3,A1-M04-I02,A1-M05-I01,CORE_OR_STRUCTURAL_ROUTE,DELAYED_RETRIEVAL_OR_TERMINAL_INTEGRATION,CONTEXTUAL_OR_FUNCTION_BOUND,,NONE,1.44,REQUIRED_SCHEDULE_EDGE_AUDITED,"Scheduled four islands after first introduction; destination story is load-balanced. This is a curriculum spacing rule, not a universal optimal interval claim."
REC-A1-001417,SEQ-A1-000436,SENSE,SENSE-A1-000031,allá,LEX-A1-000031,SENSE-A1-000031,,LOCAL_REUSE,A1-M04-I01-S2,A1-M04-I01-S3,A1-M04-I01,A1-M04-I01,CORE_OR_STRUCTURAL_ROUTE,REEXPOSURE_OR_RETRIEVAL,TARGET_PROFILE_ONLY,,NONE,1.44,REQUIRED_SCHEDULE_EDGE_AUDITED,
REC-A1-001418,SEQ-A1-000436,SENSE,SENSE-A1-000031,allá,LEX-A1-000031,SENSE-A1-000031,,NEAR_TRANSFER,A1-M04-I01-S3,A1-M04-I02-S2,A1-M04-I01,A1-M04-I02,CORE_OR_STRUCTURAL_ROUTE,TRANSFER_IN_CHANGED_CONTEXT,TARGET_PROFILE_ONLY,,NONE,1.44,REQUIRED_SCHEDULE_EDGE_AUDITED,
REC-A1-001419,SEQ-A1-000436,SENSE,SENSE-A1-000031,allá,LEX-A1-000031,SENSE-A1-000031,,DISTANT_RETURN,A1-M04-I02-S2,A1-M05-I01-S1,A1-M04-I02,A1-M05-I01,CORE_OR_STRUCTURAL_ROUTE,DELAYED_RETRIEVAL_OR_TERMINAL_INTEGRATION,TARGET_PROFILE_ONLY,,NONE,1.44,REQUIRED_SCHEDULE_EDGE_AUDITED,"Scheduled four islands after first introduction; destination story is load-balanced. This is a curriculum spacing rule, not a universal optimal interval claim."
REC-A1-001420,SEQ-A1-000438,SENSE,SENSE-A1-000048,aquel,LEX-A1-000048,SENSE-A1-000048,,LOCAL_REUSE,A1-M04-I01-S2,A1-M04-I01-S3,A1-M04-I01,A1-M04-I01,CORE_OR_STRUCTURAL_ROUTE,REEXPOSURE_OR_RETRIEVAL,CONTEXTUAL_OR_FUNCTION_BOUND,,NONE,1.44,REQUIRED_SCHEDULE_EDGE_AUDITED,
REC-A1-001421,SEQ-A1-000438,SENSE,SENSE-A1-000048,aquel,LEX-A1-000048,SENSE-A1-000048,,NEAR_TRANSFER,A1-M04-I01-S3,A1-M04-I02-S3,A1-M04-I01,A1-M04-I02,CORE_OR_STRUCTURAL_ROUTE,TRANSFER_IN_CHANGED_CONTEXT,CONTEXTUAL_OR_FUNCTION_BOUND,,NONE,1.44,REQUIRED_SCHEDULE_EDGE_AUDITED,
REC-A1-001422,SEQ-A1-000438,SENSE,SENSE-A1-000048,aquel,LEX-A1-000048,SENSE-A1-000048,,DISTANT_RETURN,A1-M04-I02-S3,A1-M05-I01-S2,A1-M04-I02,A1-M05-I01,CORE_OR_STRUCTURAL_ROUTE,DELAYED_RETRIEVAL_OR_TERMINAL_INTEGRATION,CONTEXTUAL_OR_FUNCTION_BOUND,,NONE,1.44,REQUIRED_SCHEDULE_EDGE_AUDITED,"Scheduled four islands after first introduction; destination story is load-balanced. This is a curriculum spacing rule, not a universal optimal interval claim."
REC-A1-001423,SEQ-A1-000440,SENSE,SENSE-A1-000055,avenida,LEX-A1-000055,SENSE-A1-000055,,LOCAL_REUSE,A1-M04-I01-S2,A1-M04-I01-S3,A1-M04-I01,A1-M04-I01,CORE_OR_STRUCTURAL_ROUTE,REEXPOSURE_OR_RETRIEVAL,CONTEXTUAL_OR_FUNCTION_BOUND,,NONE,1.44,REQUIRED_SCHEDULE_EDGE_AUDITED,
REC-A1-001424,SEQ-A1-000440,SENSE,SENSE-A1-000055,avenida,LEX-A1-000055,SENSE-A1-000055,,NEAR_TRANSFER,A1-M04-I01-S3,A1-M04-I02-S1,A1-M04-I01,A1-M04-I02,CORE_OR_STRUCTURAL_ROUTE,TRANSFER_IN_CHANGED_CONTEXT,CONTEXTUAL_OR_FUNCTION_BOUND,,NONE,1.44,REQUIRED_SCHEDULE_EDGE_AUDITED,
REC-A1-001425,SEQ-A1-000440,SENSE,SENSE-A1-000055,avenida,LEX-A1-000055,SENSE-A1-000055,,DISTANT_RETURN,A1-M04-I02-S1,A1-M05-I01-S3,A1-M04-I02,A1-M05-I01,CORE_OR_STRUCTURAL_ROUTE,DELAYED_RETRIEVAL_OR_TERMINAL_INTEGRATION,CONTEXTUAL_OR_FUNCTION_BOUND,,NONE,1.44,REQUIRED_SCHEDULE_EDGE_AUDITED,"Scheduled four islands after first introduction; destination story is load-balanced. This is a curriculum spacing rule, not a universal optimal interval claim."
REC-A1-001426,SEQ-A1-000443,SENSE,SENSE-A1-000138,ciudad,LEX-A1-000136,SENSE-A1-000138,,LOCAL_REUSE,A1-M04-I01-S2,A1-M04-I01-S3,A1-M04-I01,A1-M04-I01,CORE_OR_STRUCTURAL_ROUTE,REEXPOSURE_OR_RETRIEVAL,CONTEXTUAL_OR_FUNCTION_BOUND,,NONE,1.44,REQUIRED_SCHEDULE_EDGE_AUDITED,
REC-A1-001427,SEQ-A1-000443,SENSE,SENSE-A1-000138,ciudad,LEX-A1-000136,SENSE-A1-000138,,NEAR_TRANSFER,A1-M04-I01-S3,A1-M04-I02-S2,A1-M04-I01,A1-M04-I02,CORE_OR_STRUCTURAL_ROUTE,TRANSFER_IN_CHANGED_CONTEXT,CONTEXTUAL_OR_FUNCTION_BOUND,,NONE,1.44,REQUIRED_SCHEDULE_EDGE_AUDITED,
REC-A1-001428,SEQ-A1-000443,SENSE,SENSE-A1-000138,ciudad,LEX-A1-000136,SENSE-A1-000138,,DISTANT_RETURN,A1-M04-I02-S2,A1-M05-I01-S1,A1-M04-I02,A1-M05-I01,CORE_OR_STRUCTURAL_ROUTE,DELAYED_RETRIEVAL_OR_TERMINAL_INTEGRATION,CONTEXTUAL_OR_FUNCTION_BOUND,,NONE,1.44,REQUIRED_SCHEDULE_EDGE_AUDITED,"Scheduled four islands after first introduction; destination story is load-balanced. This is a curriculum spacing rule, not a universal optimal interval claim."
REC-A1-001429,SEQ-A1-000444,SENSE,SENSE-A1-000225,entre,LEX-A1-000221,SENSE-A1-000225,,LOCAL_REUSE,A1-M04-I01-S2,A1-M04-I01-S3,A1-M04-I01,A1-M04-I01,CORE_OR_STRUCTURAL_ROUTE,REEXPOSURE_OR_RETRIEVAL,CONTEXTUAL_OR_FUNCTION_BOUND,,NONE,1.44,REQUIRED_SCHEDULE_EDGE_AUDITED,
REC-A1-001430,SEQ-A1-000444,SENSE,SENSE-A1-000225,entre,LEX-A1-000221,SENSE-A1-000225,,NEAR_TRANSFER,A1-M04-I01-S3,A1-M04-I02-S3,A1-M04-I01,A1-M04-I02,CORE_OR_STRUCTURAL_ROUTE,TRANSFER_IN_CHANGED_CONTEXT,CONTEXTUAL_OR_FUNCTION_BOUND,,NONE,1.44,REQUIRED_SCHEDULE_EDGE_AUDITED,
REC-A1-001431,SEQ-A1-000444,SENSE,SENSE-A1-000225,entre,LEX-A1-000221,SENSE-A1-000225,,DISTANT_RETURN,A1-M04-I02-S3,A1-M05-I01-S2,A1-M04-I02,A1-M05-I01,CORE_OR_STRUCTURAL_ROUTE,DELAYED_RETRIEVAL_OR_TERMINAL_INTEGRATION,CONTEXTUAL_OR_FUNCTION_BOUND,,NONE,1.44,REQUIRED_SCHEDULE_EDGE_AUDITED,"Scheduled four islands after first introduction; destination story is load-balanced. This is a curriculum spacing rule, not a universal optimal interval claim."
REC-A1-001432,SEQ-A1-000446,SENSE,SENSE-A1-000239,este,LEX-A1-000235,SENSE-A1-000239,,LOCAL_REUSE,A1-M04-I01-S2,A1-M04-I01-S3,A1-M04-I01,A1-M04-I01,CORE_OR_STRUCTURAL_ROUTE,REEXPOSURE_OR_RETRIEVAL,CONTEXTUAL_OR_FUNCTION_BOUND,,NONE,1.44,REQUIRED_SCHEDULE_EDGE_AUDITED,
REC-A1-001433,SEQ-A1-000446,SENSE,SENSE-A1-000239,este,LEX-A1-000235,SENSE-A1-000239,,NEAR_TRANSFER,A1-M04-I01-S3,A1-M04-I02-S1,A1-M04-I01,A1-M04-I02,CORE_OR_STRUCTURAL_ROUTE,TRANSFER_IN_CHANGED_CONTEXT,CONTEXTUAL_OR_FUNCTION_BOUND,,NONE,1.44,REQUIRED_SCHEDULE_EDGE_AUDITED,
REC-A1-001434,SEQ-A1-000446,SENSE,SENSE-A1-000239,este,LEX-A1-000235,SENSE-A1-000239,,DISTANT_RETURN,A1-M04-I02-S1,A1-M05-I01-S3,A1-M04-I02,A1-M05-I01,CORE_OR_STRUCTURAL_ROUTE,DELAYED_RETRIEVAL_OR_TERMINAL_INTEGRATION,CONTEXTUAL_OR_FUNCTION_BOUND,,NONE,1.44,REQUIRED_SCHEDULE_EDGE_AUDITED,"Scheduled four islands after first introduction; destination story is load-balanced. This is a curriculum spacing rule, not a universal optimal interval claim."
REC-A1-001435,SEQ-A1-000448,SENSE,SENSE-A1-000344,lugar,LEX-A1-000338,SENSE-A1-000344,,LOCAL_REUSE,A1-M04-I01-S2,A1-M04-I01-S3,A1-M04-I01,A1-M04-I01,CORE_OR_STRUCTURAL_ROUTE,REEXPOSURE_OR_RETRIEVAL,CONTEXTUAL_OR_FUNCTION_BOUND,,NONE,1.44,REQUIRED_SCHEDULE_EDGE_AUDITED,
REC-A1-001436,SEQ-A1-000448,SENSE,SENSE-A1-000344,lugar,LEX-A1-000338,SENSE-A1-000344,,NEAR_TRANSFER,A1-M04-I01-S3,A1-M04-I02-S2,A1-M04-I01,A1-M04-I02,CORE_OR_STRUCTURAL_ROUTE,TRANSFER_IN_CHANGED_CONTEXT,CONTEXTUAL_OR_FUNCTION_BOUND,,NONE,1.44,REQUIRED_SCHEDULE_EDGE_AUDITED,
REC-A1-001437,SEQ-A1-000448,SENSE,SENSE-A1-000344,lugar,LEX-A1-000338,SENSE-A1-000344,,DISTANT_RETURN,A1-M04-I02-S2,A1-M05-I01-S1,A1-M04-I02,A1-M05-I01,CORE_OR_STRUCTURAL_ROUTE,DELAYED_RETRIEVAL_OR_TERMINAL_INTEGRATION,CONTEXTUAL_OR_FUNCTION_BOUND,,NONE,1.44,REQUIRED_SCHEDULE_EDGE_AUDITED,"Scheduled four islands after first introduction; destination story is load-balanced. This is a curriculum spacing rule, not a universal optimal interval claim."
REC-A1-001438,SEQ-A1-000450,SENSE,SENSE-A1-000449,plano,LEX-A1-000441,SENSE-A1-000449,,LOCAL_REUSE,A1-M04-I01-S2,A1-M04-I01-S3,A1-M04-I01,A1-M04-I01,CORE_OR_STRUCTURAL_ROUTE,REEXPOSURE_OR_RETRIEVAL,CONTEXTUAL_OR_FUNCTION_BOUND,,NONE,1.44,REQUIRED_SCHEDULE_EDGE_AUDITED,
REC-A1-001439,SEQ-A1-000450,SENSE,SENSE-A1-000449,plano,LEX-A1-000441,SENSE-A1-000449,,NEAR_TRANSFER,A1-M04-I01-S3,A1-M04-I02-S3,A1-M04-I01,A1-M04-I02,CORE_OR_STRUCTURAL_ROUTE,TRANSFER_IN_CHANGED_CONTEXT,CONTEXTUAL_OR_FUNCTION_BOUND,,NONE,1.44,REQUIRED_SCHEDULE_EDGE_AUDITED,
REC-A1-001440,SEQ-A1-000450,SENSE,SENSE-A1-000449,plano,LEX-A1-000441,SENSE-A1-000449,,DISTANT_RETURN,A1-M04-I02-S3,A1-M05-I01-S2,A1-M04-I02,A1-M05-I01,CORE_OR_STRUCTURAL_ROUTE,DELAYED_RETRIEVAL_OR_TERMINAL_INTEGRATION,CONTEXTUAL_OR_FUNCTION_BOUND,,NONE,1.44,REQUIRED_SCHEDULE_EDGE_AUDITED,"Scheduled four islands after first introduction; destination story is load-balanced. This is a curriculum spacing rule, not a universal optimal interval claim."
REC-A1-001441,SEQ-A1-000495,GRAMMAR_UNIT,GRAM-A1-032,Contracciones al y del,,,,LOCAL_REUSE,A1-M04-I02-S1,A1-M04-I02-S2,A1-M04-I02,A1-M04-I02,CORE_OR_STRUCTURAL_ROUTE,REEXPOSURE_OR_RETRIEVAL,AS_OBJECT_POLICY_REQUIRES,,NONE,1.44,REQUIRED_SCHEDULE_EDGE_AUDITED,
REC-A1-001442,SEQ-A1-000495,GRAMMAR_UNIT,GRAM-A1-032,Contracciones al y del,,,,NEAR_TRANSFER,A1-M04-I02-S2,A1-M04-I03-S3,A1-M04-I02,A1-M04-I03,CORE_OR_STRUCTURAL_ROUTE,TRANSFER_IN_CHANGED_CONTEXT,AS_OBJECT_POLICY_REQUIRES,,NONE,1.44,REQUIRED_SCHEDULE_EDGE_AUDITED,
REC-A1-001443,SEQ-A1-000495,GRAMMAR_UNIT,GRAM-A1-032,Contracciones al y del,,,,DISTANT_RETURN,A1-M04-I03-S3,A1-M05-I02-S3,A1-M04-I03,A1-M05-I02,CORE_OR_STRUCTURAL_ROUTE,DELAYED_RETRIEVAL_OR_TERMINAL_INTEGRATION,AS_OBJECT_POLICY_REQUIRES,,NONE,1.44,REQUIRED_SCHEDULE_EDGE_AUDITED,"Scheduled four islands after first introduction; destination story is load-balanced. This is a curriculum spacing rule, not a universal optimal interval claim."
REC-A1-001444,SEQ-A1-000498,MWU_SOURCE_UNIT,12B1-MWU-0141,a la derecha,LEX-A1-000002,SENSE-A1-000002,12B1-MWU-0141,LOCAL_REUSE,A1-M04-I02-S1,A1-M04-I02-S3,A1-M04-I02,A1-M04-I02,CORE_OR_STRUCTURAL_ROUTE,REEXPOSURE_OR_RETRIEVAL,AS_OBJECT_POLICY_REQUIRES,,NONE,1.44,REQUIRED_SCHEDULE_EDGE_AUDITED,
REC-A1-001445,SEQ-A1-000498,MWU_SOURCE_UNIT,12B1-MWU-0141,a la derecha,LEX-A1-000002,SENSE-A1-000002,12B1-MWU-0141,NEAR_TRANSFER,A1-M04-I02-S3,A1-M04-I03-S1,A1-M04-I02,A1-M04-I03,CORE_OR_STRUCTURAL_ROUTE,TRANSFER_IN_CHANGED_CONTEXT,AS_OBJECT_POLICY_REQUIRES,,NONE,1.44,REQUIRED_SCHEDULE_EDGE_AUDITED,
REC-A1-001446,SEQ-A1-000498,MWU_SOURCE_UNIT,12B1-MWU-0141,a la derecha,LEX-A1-000002,SENSE-A1-000002,12B1-MWU-0141,DISTANT_RETURN,A1-M04-I03-S1,A1-M05-I02-S3,A1-M04-I03,A1-M05-I02,CORE_OR_STRUCTURAL_ROUTE,DELAYED_RETRIEVAL_OR_TERMINAL_INTEGRATION,AS_OBJECT_POLICY_REQUIRES,,NONE,1.44,REQUIRED_SCHEDULE_EDGE_AUDITED,"Scheduled four islands after first introduction; destination story is load-balanced. This is a curriculum spacing rule, not a universal optimal interval claim."
REC-A1-001447,SEQ-A1-000500,MWU_SOURCE_UNIT,12B1-MWU-0144,a pie,LEX-A1-000005,SENSE-A1-000005,12B1-MWU-0144,LOCAL_REUSE,A1-M04-I02-S1,A1-M04-I02-S2,A1-M04-I02,A1-M04-I02,CORE_OR_STRUCTURAL_ROUTE,REEXPOSURE_OR_RETRIEVAL,AS_OBJECT_POLICY_REQUIRES,,NONE,1.44,REQUIRED_SCHEDULE_EDGE_AUDITED,
REC-A1-001448,SEQ-A1-000500,MWU_SOURCE_UNIT,12B1-MWU-0144,a pie,LEX-A1-000005,SENSE-A1-000005,12B1-MWU-0144,NEAR_TRANSFER,A1-M04-I02-S2,A1-M04-I03-S2,A1-M04-I02,A1-M04-I03,CORE_OR_STRUCTURAL_ROUTE,TRANSFER_IN_CHANGED_CONTEXT,AS_OBJECT_POLICY_REQUIRES,,NONE,1.44,REQUIRED_SCHEDULE_EDGE_AUDITED,
REC-A1-001449,SEQ-A1-000500,MWU_SOURCE_UNIT,12B1-MWU-0144,a pie,LEX-A1-000005,SENSE-A1-000005,12B1-MWU-0144,DISTANT_RETURN,A1-M04-I03-S2,A1-M05-I02-S3,A1-M04-I03,A1-M05-I02,CORE_OR_STRUCTURAL_ROUTE,DELAYED_RETRIEVAL_OR_TERMINAL_INTEGRATION,AS_OBJECT_POLICY_REQUIRES,,NONE,1.44,REQUIRED_SCHEDULE_EDGE_AUDITED,"Scheduled four islands after first introduction; destination story is load-balanced. This is a curriculum spacing rule, not a universal optimal interval claim."
REC-A1-001450,SEQ-A1-000501,MWU_SOURCE_UNIT,12B1-MWU-0186,todo recto,LEX-A1-000556,SENSE-A1-000565,12B1-MWU-0186,LOCAL_REUSE,A1-M04-I02-S1,A1-M04-I02-S3,A1-M04-I02,A1-M04-I02,CORE_OR_STRUCTURAL_ROUTE,REEXPOSURE_OR_RETRIEVAL,AS_OBJECT_POLICY_REQUIRES,,NONE,1.44,REQUIRED_SCHEDULE_EDGE_AUDITED,
REC-A1-001451,SEQ-A1-000501,MWU_SOURCE_UNIT,12B1-MWU-0186,todo recto,LEX-A1-000556,SENSE-A1-000565,12B1-MWU-0186,NEAR_TRANSFER,A1-M04-I02-S3,A1-M04-I03-S3,A1-M04-I02,A1-M04-I03,CORE_OR_STRUCTURAL_ROUTE,TRANSFER_IN_CHANGED_CONTEXT,AS_OBJECT_POLICY_REQUIRES,,NONE,1.44,REQUIRED_SCHEDULE_EDGE_AUDITED,
REC-A1-001452,SEQ-A1-000501,MWU_SOURCE_UNIT,12B1-MWU-0186,todo recto,LEX-A1-000556,SENSE-A1-000565,12B1-MWU-0186,DISTANT_RETURN,A1-M04-I03-S3,A1-M05-I02-S3,A1-M04-I03,A1-M05-I02,CORE_OR_STRUCTURAL_ROUTE,DELAYED_RETRIEVAL_OR_TERMINAL_INTEGRATION,AS_OBJECT_POLICY_REQUIRES,,NONE,1.44,REQUIRED_SCHEDULE_EDGE_AUDITED,"Scheduled four islands after first introduction; destination story is load-balanced. This is a curriculum spacing rule, not a universal optimal interval claim."
REC-A1-001453,SEQ-A1-000473,SENSE,SENSE-A1-000002,a la derecha,LEX-A1-000002,SENSE-A1-000002,,LOCAL_REUSE,A1-M04-I02-S1,A1-M04-I02-S2,A1-M04-I02,A1-M04-I02,CORE_OR_STRUCTURAL_ROUTE,REEXPOSURE_OR_RETRIEVAL,CONTEXTUAL_OR_FUNCTION_BOUND,,NONE,1.44,REQUIRED_SCHEDULE_EDGE_AUDITED,
REC-A1-001454,SEQ-A1-000473,SENSE,SENSE-A1-000002,a la derecha,LEX-A1-000002,SENSE-A1-000002,,NEAR_TRANSFER,A1-M04-I02-S2,A1-M04-I03-S1,A1-M04-I02,A1-M04-I03,CORE_OR_STRUCTURAL_ROUTE,TRANSFER_IN_CHANGED_CONTEXT,CONTEXTUAL_OR_FUNCTION_BOUND,,NONE,1.44,REQUIRED_SCHEDULE_EDGE_AUDITED,
REC-A1-001455,SEQ-A1-000473,SENSE,SENSE-A1-000002,a la derecha,LEX-A1-000002,SENSE-A1-000002,,DISTANT_RETURN,A1-M04-I03-S1,A1-M05-I02-S3,A1-M04-I03,A1-M05-I02,CORE_OR_STRUCTURAL_ROUTE,DELAYED_RETRIEVAL_OR_TERMINAL_INTEGRATION,CONTEXTUAL_OR_FUNCTION_BOUND,,NONE,1.44,REQUIRED_SCHEDULE_EDGE_AUDITED,"Scheduled four islands after first introduction; destination story is load-balanced. This is a curriculum spacing rule, not a universal optimal interval claim."
REC-A1-001456,SEQ-A1-000475,SENSE,SENSE-A1-000005,a pie,LEX-A1-000005,SENSE-A1-000005,,LOCAL_REUSE,A1-M04-I02-S1,A1-M04-I02-S3,A1-M04-I02,A1-M04-I02,CORE_OR_STRUCTURAL_ROUTE,REEXPOSURE_OR_RETRIEVAL,CONTEXTUAL_OR_FUNCTION_BOUND,,NONE,1.44,REQUIRED_SCHEDULE_EDGE_AUDITED,
REC-A1-001457,SEQ-A1-000475,SENSE,SENSE-A1-000005,a pie,LEX-A1-000005,SENSE-A1-000005,,NEAR_TRANSFER,A1-M04-I02-S3,A1-M04-I03-S2,A1-M04-I02,A1-M04-I03,CORE_OR_STRUCTURAL_ROUTE,TRANSFER_IN_CHANGED_CONTEXT,CONTEXTUAL_OR_FUNCTION_BOUND,,NONE,1.44,REQUIRED_SCHEDULE_EDGE_AUDITED,
REC-A1-001458,SEQ-A1-000475,SENSE,SENSE-A1-000005,a pie,LEX-A1-000005,SENSE-A1-000005,,DISTANT_RETURN,A1-M04-I03-S2,A1-M05-I02-S3,A1-M04-I03,A1-M05-I02,CORE_OR_STRUCTURAL_ROUTE,DELAYED_RETRIEVAL_OR_TERMINAL_INTEGRATION,CONTEXTUAL_OR_FUNCTION_BOUND,,NONE,1.44,REQUIRED_SCHEDULE_EDGE_AUDITED,"Scheduled four islands after first introduction; destination story is load-balanced. This is a curriculum spacing rule, not a universal optimal interval claim."
REC-A1-001459,SEQ-A1-000477,SENSE,SENSE-A1-000095,calle,LEX-A1-000093,SENSE-A1-000095,,LOCAL_REUSE,A1-M04-I02-S1,A1-M04-I02-S2,A1-M04-I02,A1-M04-I02,CORE_OR_STRUCTURAL_ROUTE,REEXPOSURE_OR_RETRIEVAL,CONTEXTUAL_OR_FUNCTION_BOUND,,NONE,1.44,REQUIRED_SCHEDULE_EDGE_AUDITED,
REC-A1-001460,SEQ-A1-000477,SENSE,SENSE-A1-000095,calle,LEX-A1-000093,SENSE-A1-000095,,NEAR_TRANSFER,A1-M04-I02-S2,A1-M04-I03-S3,A1-M04-I02,A1-M04-I03,CORE_OR_STRUCTURAL_ROUTE,TRANSFER_IN_CHANGED_CONTEXT,CONTEXTUAL_OR_FUNCTION_BOUND,,NONE,1.44,REQUIRED_SCHEDULE_EDGE_AUDITED,
REC-A1-001461,SEQ-A1-000477,SENSE,SENSE-A1-000095,calle,LEX-A1-000093,SENSE-A1-000095,,DISTANT_RETURN,A1-M04-I03-S3,A1-M05-I02-S3,A1-M04-I03,A1-M05-I02,CORE_OR_STRUCTURAL_ROUTE,DELAYED_RETRIEVAL_OR_TERMINAL_INTEGRATION,CONTEXTUAL_OR_FUNCTION_BOUND,,NONE,1.44,REQUIRED_SCHEDULE_EDGE_AUDITED,"Scheduled four islands after first introduction; destination story is load-balanced. This is a curriculum spacing rule, not a universal optimal interval claim."
REC-A1-001462,SEQ-A1-000479,SENSE,SENSE-A1-000114,carro,LEX-A1-000112,SENSE-A1-000114,,LOCAL_RECEPTIVE_REUSE,A1-M04-I02-S1,A1-M04-I02-S3,A1-M04-I02,A1-M04-I02,REGIONAL_RECEPTIVE_ROUTE,RECOGNITION,NO_UNIVERSAL_PRODUCTIVE_DEMAND,RECEPTIVE_PROFILE_RULE_PRESERVED,NONE,1.44,REQUIRED_SCHEDULE_EDGE_AUDITED,
REC-A1-001463,SEQ-A1-000479,SENSE,SENSE-A1-000114,carro,LEX-A1-000112,SENSE-A1-000114,,REGIONAL_NEAR_RECOGNITION,A1-M04-I02-S3,A1-M04-I03-S1,A1-M04-I02,A1-M04-I03,REGIONAL_RECEPTIVE_ROUTE,RECOGNITION_IN_CHANGED_CONTEXT,NO_UNIVERSAL_PRODUCTIVE_DEMAND,RECEPTIVE_PROFILE_RULE_PRESERVED,NONE,1.44,REQUIRED_SCHEDULE_EDGE_AUDITED,
REC-A1-001464,SEQ-A1-000479,SENSE,SENSE-A1-000114,carro,LEX-A1-000112,SENSE-A1-000114,,REGIONAL_LATER_RECOGNITION,A1-M04-I03-S1,A1-M05-I02-S3,A1-M04-I03,A1-M05-I02,REGIONAL_RECEPTIVE_ROUTE,LATER_RECOGNITION,NO_UNIVERSAL_PRODUCTIVE_DEMAND,RECEPTIVE_PROFILE_RULE_PRESERVED,NONE,1.44,REQUIRED_SCHEDULE_EDGE_AUDITED,"Scheduled four islands after first introduction; destination story is load-balanced. This is a curriculum spacing rule, not a universal optimal interval claim."
REC-A1-001465,SEQ-A1-000481,SENSE,SENSE-A1-000135,chofer,LEX-A1-000133,SENSE-A1-000135,,LOCAL_RECEPTIVE_REUSE,A1-M04-I02-S1,A1-M04-I02-S2,A1-M04-I02,A1-M04-I02,REGIONAL_RECEPTIVE_ROUTE,RECOGNITION,NO_UNIVERSAL_PRODUCTIVE_DEMAND,RECEPTIVE_PROFILE_RULE_PRESERVED,NONE,1.44,REQUIRED_SCHEDULE_EDGE_AUDITED,
REC-A1-001466,SEQ-A1-000481,SENSE,SENSE-A1-000135,chofer,LEX-A1-000133,SENSE-A1-000135,,REGIONAL_NEAR_RECOGNITION,A1-M04-I02-S2,A1-M04-I03-S2,A1-M04-I02,A1-M04-I03,REGIONAL_RECEPTIVE_ROUTE,RECOGNITION_IN_CHANGED_CONTEXT,NO_UNIVERSAL_PRODUCTIVE_DEMAND,RECEPTIVE_PROFILE_RULE_PRESERVED,NONE,1.44,REQUIRED_SCHEDULE_EDGE_AUDITED,
REC-A1-001467,SEQ-A1-000481,SENSE,SENSE-A1-000135,chofer,LEX-A1-000133,SENSE-A1-000135,,REGIONAL_LATER_RECOGNITION,A1-M04-I03-S2,A1-M05-I02-S3,A1-M04-I03,A1-M05-I02,REGIONAL_RECEPTIVE_ROUTE,LATER_RECOGNITION,NO_UNIVERSAL_PRODUCTIVE_DEMAND,RECEPTIVE_PROFILE_RULE_PRESERVED,NONE,1.44,REQUIRED_SCHEDULE_EDGE_AUDITED,"Scheduled four islands after first introduction; destination story is load-balanced. This is a curriculum spacing rule, not a universal optimal interval claim."
REC-A1-001468,SEQ-A1-000483,SENSE,SENSE-A1-000216,en,LEX-A1-000212,SENSE-A1-000216,,LOCAL_REUSE,A1-M04-I02-S1,A1-M04-I02-S3,A1-M04-I02,A1-M04-I02,CORE_OR_STRUCTURAL_ROUTE,REEXPOSURE_OR_RETRIEVAL,CONTEXTUAL_OR_FUNCTION_BOUND,,NONE,1.44,REQUIRED_SCHEDULE_EDGE_AUDITED,
REC-A1-001469,SEQ-A1-000483,SENSE,SENSE-A1-000216,en,LEX-A1-000212,SENSE-A1-000216,,NEAR_TRANSFER,A1-M04-I02-S3,A1-M04-I03-S3,A1-M04-I02,A1-M04-I03,CORE_OR_STRUCTURAL_ROUTE,TRANSFER_IN_CHANGED_CONTEXT,CONTEXTUAL_OR_FUNCTION_BOUND,,NONE,1.44,REQUIRED_SCHEDULE_EDGE_AUDITED,
REC-A1-001470,SEQ-A1-000483,SENSE,SENSE-A1-000216,en,LEX-A1-000212,SENSE-A1-000216,,DISTANT_RETURN,A1-M04-I03-S3,A1-M05-I02-S3,A1-M04-I03,A1-M05-I02,CORE_OR_STRUCTURAL_ROUTE,DELAYED_RETRIEVAL_OR_TERMINAL_INTEGRATION,CONTEXTUAL_OR_FUNCTION_BOUND,,NONE,1.44,REQUIRED_SCHEDULE_EDGE_AUDITED,"Scheduled four islands after first introduction; destination story is load-balanced. This is a curriculum spacing rule, not a universal optimal interval claim."
REC-A1-001471,SEQ-A1-000485,SENSE,SENSE-A1-000278,guagua,LEX-A1-000273,SENSE-A1-000278,,LOCAL_RECEPTIVE_REUSE,A1-M04-I02-S1,A1-M04-I02-S2,A1-M04-I02,A1-M04-I02,REGIONAL_RECEPTIVE_ROUTE,RECOGNITION,NO_UNIVERSAL_PRODUCTIVE_DEMAND,RECEPTIVE_PROFILE_RULE_PRESERVED,NONE,1.44,REQUIRED_SCHEDULE_EDGE_AUDITED,
REC-A1-001472,SEQ-A1-000485,SENSE,SENSE-A1-000278,guagua,LEX-A1-000273,SENSE-A1-000278,,REGIONAL_NEAR_RECOGNITION,A1-M04-I02-S2,A1-M04-I03-S1,A1-M04-I02,A1-M04-I03,REGIONAL_RECEPTIVE_ROUTE,RECOGNITION_IN_CHANGED_CONTEXT,NO_UNIVERSAL_PRODUCTIVE_DEMAND,RECEPTIVE_PROFILE_RULE_PRESERVED,NONE,1.44,REQUIRED_SCHEDULE_EDGE_AUDITED,
REC-A1-001473,SEQ-A1-000485,SENSE,SENSE-A1-000278,guagua,LEX-A1-000273,SENSE-A1-000278,,REGIONAL_LATER_RECOGNITION,A1-M04-I03-S1,A1-M05-I02-S3,A1-M04-I03,A1-M05-I02,REGIONAL_RECEPTIVE_ROUTE,LATER_RECOGNITION,NO_UNIVERSAL_PRODUCTIVE_DEMAND,RECEPTIVE_PROFILE_RULE_PRESERVED,NONE,1.44,REQUIRED_SCHEDULE_EDGE_AUDITED,"Scheduled four islands after first introduction; destination story is load-balanced. This is a curriculum spacing rule, not a universal optimal interval claim."
REC-A1-001474,SEQ-A1-000487,SENSE,SENSE-A1-000335,lento,LEX-A1-000329,SENSE-A1-000335,,LOCAL_REUSE,A1-M04-I02-S1,A1-M04-I02-S3,A1-M04-I02,A1-M04-I02,CORE_OR_STRUCTURAL_ROUTE,REEXPOSURE_OR_RETRIEVAL,CONTEXTUAL_OR_FUNCTION_BOUND,,NONE,1.44,REQUIRED_SCHEDULE_EDGE_AUDITED,
REC-A1-001475,SEQ-A1-000487,SENSE,SENSE-A1-000335,lento,LEX-A1-000329,SENSE-A1-000335,,NEAR_TRANSFER,A1-M04-I02-S3,A1-M04-I03-S2,A1-M04-I02,A1-M04-I03,CORE_OR_STRUCTURAL_ROUTE,TRANSFER_IN_CHANGED_CONTEXT,CONTEXTUAL_OR_FUNCTION_BOUND,,NONE,1.44,REQUIRED_SCHEDULE_EDGE_AUDITED,
REC-A1-001476,SEQ-A1-000487,SENSE,SENSE-A1-000335,lento,LEX-A1-000329,SENSE-A1-000335,,DISTANT_RETURN,A1-M04-I03-S2,A1-M05-I02-S1,A1-M04-I03,A1-M05-I02,CORE_OR_STRUCTURAL_ROUTE,DELAYED_RETRIEVAL_OR_TERMINAL_INTEGRATION,CONTEXTUAL_OR_FUNCTION_BOUND,,NONE,1.44,REQUIRED_SCHEDULE_EDGE_AUDITED,"Scheduled four islands after first introduction; destination story is load-balanced. This is a curriculum spacing rule, not a universal optimal interval claim."
REC-A1-001477,SEQ-A1-000489,SENSE,SENSE-A1-000415,oeste,LEX-A1-000408,SENSE-A1-000415,,LOCAL_REUSE,A1-M04-I02-S1,A1-M04-I02-S2,A1-M04-I02,A1-M04-I02,CORE_OR_STRUCTURAL_ROUTE,REEXPOSURE_OR_RETRIEVAL,CONTEXTUAL_OR_FUNCTION_BOUND,,NONE,1.44,REQUIRED_SCHEDULE_EDGE_AUDITED,
REC-A1-001478,SEQ-A1-000489,SENSE,SENSE-A1-000415,oeste,LEX-A1-000408,SENSE-A1-000415,,NEAR_TRANSFER,A1-M04-I02-S2,A1-M04-I03-S3,A1-M04-I02,A1-M04-I03,CORE_OR_STRUCTURAL_ROUTE,TRANSFER_IN_CHANGED_CONTEXT,CONTEXTUAL_OR_FUNCTION_BOUND,,NONE,1.44,REQUIRED_SCHEDULE_EDGE_AUDITED,
REC-A1-001479,SEQ-A1-000489,SENSE,SENSE-A1-000415,oeste,LEX-A1-000408,SENSE-A1-000415,,DISTANT_RETURN,A1-M04-I03-S3,A1-M05-I02-S2,A1-M04-I03,A1-M05-I02,CORE_OR_STRUCTURAL_ROUTE,DELAYED_RETRIEVAL_OR_TERMINAL_INTEGRATION,CONTEXTUAL_OR_FUNCTION_BOUND,,NONE,1.44,REQUIRED_SCHEDULE_EDGE_AUDITED,"Scheduled four islands after first introduction; destination story is load-balanced. This is a curriculum spacing rule, not a universal optimal interval claim."
REC-A1-001480,SEQ-A1-000491,SENSE,SENSE-A1-000482,punto,LEX-A1-000473,SENSE-A1-000482,,LOCAL_REUSE,A1-M04-I02-S1,A1-M04-I02-S3,A1-M04-I02,A1-M04-I02,CORE_OR_STRUCTURAL_ROUTE,REEXPOSURE_OR_RETRIEVAL,CONTEXTUAL_OR_FUNCTION_BOUND,,NONE,1.44,REQUIRED_SCHEDULE_EDGE_AUDITED,
REC-A1-001481,SEQ-A1-000491,SENSE,SENSE-A1-000482,punto,LEX-A1-000473,SENSE-A1-000482,,NEAR_TRANSFER,A1-M04-I02-S3,A1-M04-I03-S1,A1-M04-I02,A1-M04-I03,CORE_OR_STRUCTURAL_ROUTE,TRANSFER_IN_CHANGED_CONTEXT,CONTEXTUAL_OR_FUNCTION_BOUND,,NONE,1.44,REQUIRED_SCHEDULE_EDGE_AUDITED,
REC-A1-001482,SEQ-A1-000491,SENSE,SENSE-A1-000482,punto,LEX-A1-000473,SENSE-A1-000482,,DISTANT_RETURN,A1-M04-I03-S1,A1-M05-I02-S3,A1-M04-I03,A1-M05-I02,CORE_OR_STRUCTURAL_ROUTE,DELAYED_RETRIEVAL_OR_TERMINAL_INTEGRATION,CONTEXTUAL_OR_FUNCTION_BOUND,,NONE,1.44,REQUIRED_SCHEDULE_EDGE_AUDITED,"Scheduled four islands after first introduction; destination story is load-balanced. This is a curriculum spacing rule, not a universal optimal interval claim."
REC-A1-001483,SEQ-A1-000493,SENSE,SENSE-A1-000540,sur,LEX-A1-000531,SENSE-A1-000540,,LOCAL_REUSE,A1-M04-I02-S1,A1-M04-I02-S2,A1-M04-I02,A1-M04-I02,CORE_OR_STRUCTURAL_ROUTE,REEXPOSURE_OR_RETRIEVAL,CONTEXTUAL_OR_FUNCTION_BOUND,,NONE,1.44,REQUIRED_SCHEDULE_EDGE_AUDITED,
REC-A1-001484,SEQ-A1-000493,SENSE,SENSE-A1-000540,sur,LEX-A1-000531,SENSE-A1-000540,,NEAR_TRANSFER,A1-M04-I02-S2,A1-M04-I03-S2,A1-M04-I02,A1-M04-I03,CORE_OR_STRUCTURAL_ROUTE,TRANSFER_IN_CHANGED_CONTEXT,CONTEXTUAL_OR_FUNCTION_BOUND,,NONE,1.44,REQUIRED_SCHEDULE_EDGE_AUDITED,
REC-A1-001485,SEQ-A1-000493,SENSE,SENSE-A1-000540,sur,LEX-A1-000531,SENSE-A1-000540,,DISTANT_RETURN,A1-M04-I03-S2,A1-M05-I02-S1,A1-M04-I03,A1-M05-I02,CORE_OR_STRUCTURAL_ROUTE,DELAYED_RETRIEVAL_OR_TERMINAL_INTEGRATION,CONTEXTUAL_OR_FUNCTION_BOUND,,NONE,1.44,REQUIRED_SCHEDULE_EDGE_AUDITED,"Scheduled four islands after first introduction; destination story is load-balanced. This is a curriculum spacing rule, not a universal optimal interval claim."
REC-A1-001486,SEQ-A1-000496,GRAMMAR_UNIT,GRAM-A1-095,Preferencia regional por acá/allá,,,,LOCAL_REUSE,A1-M04-I02-S2,A1-M04-I02-S3,A1-M04-I02,A1-M04-I02,CORE_OR_STRUCTURAL_ROUTE,REEXPOSURE_OR_RETRIEVAL,AS_OBJECT_POLICY_REQUIRES,,NONE,1.44,REQUIRED_SCHEDULE_EDGE_AUDITED,
REC-A1-001487,SEQ-A1-000496,GRAMMAR_UNIT,GRAM-A1-095,Preferencia regional por acá/allá,,,,NEAR_TRANSFER,A1-M04-I02-S3,A1-M04-I03-S3,A1-M04-I02,A1-M04-I03,CORE_OR_STRUCTURAL_ROUTE,TRANSFER_IN_CHANGED_CONTEXT,AS_OBJECT_POLICY_REQUIRES,,NONE,1.44,REQUIRED_SCHEDULE_EDGE_AUDITED,
REC-A1-001488,SEQ-A1-000496,GRAMMAR_UNIT,GRAM-A1-095,Preferencia regional por acá/allá,,,,DISTANT_RETURN,A1-M04-I03-S3,A1-M05-I02-S2,A1-M04-I03,A1-M05-I02,CORE_OR_STRUCTURAL_ROUTE,DELAYED_RETRIEVAL_OR_TERMINAL_INTEGRATION,AS_OBJECT_POLICY_REQUIRES,,NONE,1.44,REQUIRED_SCHEDULE_EDGE_AUDITED,"Scheduled four islands after first introduction; destination story is load-balanced. This is a curriculum spacing rule, not a universal optimal interval claim."
REC-A1-001489,SEQ-A1-000497,MWU_SOURCE_UNIT,12B1-MWU-0113,ir andando,,,12B1-MWU-0113,LOCAL_REUSE,A1-M04-I02-S2,A1-M04-I02-S3,A1-M04-I02,A1-M04-I02,CORE_OR_STRUCTURAL_ROUTE,REEXPOSURE_OR_RETRIEVAL,AS_OBJECT_POLICY_REQUIRES,,NONE,1.44,REQUIRED_SCHEDULE_EDGE_AUDITED,
REC-A1-001490,SEQ-A1-000497,MWU_SOURCE_UNIT,12B1-MWU-0113,ir andando,,,12B1-MWU-0113,NEAR_TRANSFER,A1-M04-I02-S3,A1-M04-I03-S1,A1-M04-I02,A1-M04-I03,CORE_OR_STRUCTURAL_ROUTE,TRANSFER_IN_CHANGED_CONTEXT,AS_OBJECT_POLICY_REQUIRES,,NONE,1.44,REQUIRED_SCHEDULE_EDGE_AUDITED,
REC-A1-001491,SEQ-A1-000497,MWU_SOURCE_UNIT,12B1-MWU-0113,ir andando,,,12B1-MWU-0113,DISTANT_RETURN,A1-M04-I03-S1,A1-M05-I02-S3,A1-M04-I03,A1-M05-I02,CORE_OR_STRUCTURAL_ROUTE,DELAYED_RETRIEVAL_OR_TERMINAL_INTEGRATION,AS_OBJECT_POLICY_REQUIRES,,NONE,1.44,REQUIRED_SCHEDULE_EDGE_AUDITED,"Scheduled four islands after first introduction; destination story is load-balanced. This is a curriculum spacing rule, not a universal optimal interval claim."
REC-A1-001492,SEQ-A1-000499,MWU_SOURCE_UNIT,12B1-MWU-0142,a la izquierda,LEX-A1-000003,SENSE-A1-000003,12B1-MWU-0142,LOCAL_REUSE,A1-M04-I02-S2,A1-M04-I02-S3,A1-M04-I02,A1-M04-I02,CORE_OR_STRUCTURAL_ROUTE,REEXPOSURE_OR_RETRIEVAL,AS_OBJECT_POLICY_REQUIRES,,NONE,1.44,REQUIRED_SCHEDULE_EDGE_AUDITED,
REC-A1-001493,SEQ-A1-000499,MWU_SOURCE_UNIT,12B1-MWU-0142,a la izquierda,LEX-A1-000003,SENSE-A1-000003,12B1-MWU-0142,NEAR_TRANSFER,A1-M04-I02-S3,A1-M04-I03-S2,A1-M04-I02,A1-M04-I03,CORE_OR_STRUCTURAL_ROUTE,TRANSFER_IN_CHANGED_CONTEXT,AS_OBJECT_POLICY_REQUIRES,,NONE,1.44,REQUIRED_SCHEDULE_EDGE_AUDITED,
REC-A1-001494,SEQ-A1-000499,MWU_SOURCE_UNIT,12B1-MWU-0142,a la izquierda,LEX-A1-000003,SENSE-A1-000003,12B1-MWU-0142,DISTANT_RETURN,A1-M04-I03-S2,A1-M05-I02-S1,A1-M04-I03,A1-M05-I02,CORE_OR_STRUCTURAL_ROUTE,DELAYED_RETRIEVAL_OR_TERMINAL_INTEGRATION,AS_OBJECT_POLICY_REQUIRES,,NONE,1.44,REQUIRED_SCHEDULE_EDGE_AUDITED,"Scheduled four islands after first introduction; destination story is load-balanced. This is a curriculum spacing rule, not a universal optimal interval claim."
REC-A1-001495,SEQ-A1-000472,SENSE,SENSE-A1-000001,a,LEX-A1-000001,SENSE-A1-000001,,LOCAL_REUSE,A1-M04-I02-S2,A1-M04-I02-S3,A1-M04-I02,A1-M04-I02,CORE_OR_STRUCTURAL_ROUTE,REEXPOSURE_OR_RETRIEVAL,CONTEXTUAL_OR_FUNCTION_BOUND,,NONE,1.44,REQUIRED_SCHEDULE_EDGE_AUDITED,
REC-A1-001496,SEQ-A1-000472,SENSE,SENSE-A1-000001,a,LEX-A1-000001,SENSE-A1-000001,,NEAR_TRANSFER,A1-M04-I02-S3,A1-M04-I03-S3,A1-M04-I02,A1-M04-I03,CORE_OR_STRUCTURAL_ROUTE,TRANSFER_IN_CHANGED_CONTEXT,CONTEXTUAL_OR_FUNCTION_BOUND,,NONE,1.44,REQUIRED_SCHEDULE_EDGE_AUDITED,
REC-A1-001497,SEQ-A1-000472,SENSE,SENSE-A1-000001,a,LEX-A1-000001,SENSE-A1-000001,,DISTANT_RETURN,A1-M04-I03-S3,A1-M05-I02-S2,A1-M04-I03,A1-M05-I02,CORE_OR_STRUCTURAL_ROUTE,DELAYED_RETRIEVAL_OR_TERMINAL_INTEGRATION,CONTEXTUAL_OR_FUNCTION_BOUND,,NONE,1.44,REQUIRED_SCHEDULE_EDGE_AUDITED,"Scheduled four islands after first introduction; destination story is load-balanced. This is a curriculum spacing rule, not a universal optimal interval claim."
REC-A1-001498,SEQ-A1-000474,SENSE,SENSE-A1-000003,a la izquierda,LEX-A1-000003,SENSE-A1-000003,,LOCAL_REUSE,A1-M04-I02-S2,A1-M04-I02-S3,A1-M04-I02,A1-M04-I02,CORE_OR_STRUCTURAL_ROUTE,REEXPOSURE_OR_RETRIEVAL,CONTEXTUAL_OR_FUNCTION_BOUND,,NONE,1.44,REQUIRED_SCHEDULE_EDGE_AUDITED,
REC-A1-001499,SEQ-A1-000474,SENSE,SENSE-A1-000003,a la izquierda,LEX-A1-000003,SENSE-A1-000003,,NEAR_TRANSFER,A1-M04-I02-S3,A1-M04-I03-S1,A1-M04-I02,A1-M04-I03,CORE_OR_STRUCTURAL_ROUTE,TRANSFER_IN_CHANGED_CONTEXT,CONTEXTUAL_OR_FUNCTION_BOUND,,NONE,1.44,REQUIRED_SCHEDULE_EDGE_AUDITED,
REC-A1-001500,SEQ-A1-000474,SENSE,SENSE-A1-000003,a la izquierda,LEX-A1-000003,SENSE-A1-000003,,DISTANT_RETURN,A1-M04-I03-S1,A1-M05-I02-S3,A1-M04-I03,A1-M05-I02,CORE_OR_STRUCTURAL_ROUTE,DELAYED_RETRIEVAL_OR_TERMINAL_INTEGRATION,CONTEXTUAL_OR_FUNCTION_BOUND,,NONE,1.44,REQUIRED_SCHEDULE_EDGE_AUDITED,"Scheduled four islands after first introduction; destination story is load-balanced. This is a curriculum spacing rule, not a universal optimal interval claim."
REC-A1-001501,SEQ-A1-000476,SENSE,SENSE-A1-000038,andar,LEX-A1-000038,SENSE-A1-000038,,LOCAL_REUSE,A1-M04-I02-S2,A1-M04-I02-S3,A1-M04-I02,A1-M04-I02,CORE_OR_STRUCTURAL_ROUTE,REEXPOSURE_OR_RETRIEVAL,CONTEXTUAL_OR_FUNCTION_BOUND,,NONE,1.44,REQUIRED_SCHEDULE_EDGE_AUDITED,
REC-A1-001502,SEQ-A1-000476,SENSE,SENSE-A1-000038,andar,LEX-A1-000038,SENSE-A1-000038,,NEAR_TRANSFER,A1-M04-I02-S3,A1-M04-I03-S2,A1-M04-I02,A1-M04-I03,CORE_OR_STRUCTURAL_ROUTE,TRANSFER_IN_CHANGED_CONTEXT,CONTEXTUAL_OR_FUNCTION_BOUND,,NONE,1.44,REQUIRED_SCHEDULE_EDGE_AUDITED,
REC-A1-001503,SEQ-A1-000476,SENSE,SENSE-A1-000038,andar,LEX-A1-000038,SENSE-A1-000038,,DISTANT_RETURN,A1-M04-I03-S2,A1-M05-I02-S1,A1-M04-I03,A1-M05-I02,CORE_OR_STRUCTURAL_ROUTE,DELAYED_RETRIEVAL_OR_TERMINAL_INTEGRATION,CONTEXTUAL_OR_FUNCTION_BOUND,,NONE,1.44,REQUIRED_SCHEDULE_EDGE_AUDITED,"Scheduled four islands after first introduction; destination story is load-balanced. This is a curriculum spacing rule, not a universal optimal interval claim."
REC-A1-001504,SEQ-A1-000478,SENSE,SENSE-A1-000113,carretera,LEX-A1-000111,SENSE-A1-000113,,LOCAL_REUSE,A1-M04-I02-S2,A1-M04-I02-S3,A1-M04-I02,A1-M04-I02,CORE_OR_STRUCTURAL_ROUTE,REEXPOSURE_OR_RETRIEVAL,CONTEXTUAL_OR_FUNCTION_BOUND,,NONE,1.44,REQUIRED_SCHEDULE_EDGE_AUDITED,
REC-A1-001505,SEQ-A1-000478,SENSE,SENSE-A1-000113,carretera,LEX-A1-000111,SENSE-A1-000113,,NEAR_TRANSFER,A1-M04-I02-S3,A1-M04-I03-S3,A1-M04-I02,A1-M04-I03,CORE_OR_STRUCTURAL_ROUTE,TRANSFER_IN_CHANGED_CONTEXT,CONTEXTUAL_OR_FUNCTION_BOUND,,NONE,1.44,REQUIRED_SCHEDULE_EDGE_AUDITED,
REC-A1-001506,SEQ-A1-000478,SENSE,SENSE-A1-000113,carretera,LEX-A1-000111,SENSE-A1-000113,,DISTANT_RETURN,A1-M04-I03-S3,A1-M05-I02-S2,A1-M04-I03,A1-M05-I02,CORE_OR_STRUCTURAL_ROUTE,DELAYED_RETRIEVAL_OR_TERMINAL_INTEGRATION,CONTEXTUAL_OR_FUNCTION_BOUND,,NONE,1.44,REQUIRED_SCHEDULE_EDGE_AUDITED,"Scheduled four islands after first introduction; destination story is load-balanced. This is a curriculum spacing rule, not a universal optimal interval claim."
REC-A1-001507,SEQ-A1-000480,SENSE,SENSE-A1-000129,cerca,LEX-A1-000127,SENSE-A1-000129,,LOCAL_REUSE,A1-M04-I02-S2,A1-M04-I02-S3,A1-M04-I02,A1-M04-I02,CORE_OR_STRUCTURAL_ROUTE,REEXPOSURE_OR_RETRIEVAL,CONTEXTUAL_OR_FUNCTION_BOUND,,NONE,1.44,REQUIRED_SCHEDULE_EDGE_AUDITED,
REC-A1-001508,SEQ-A1-000480,SENSE,SENSE-A1-000129,cerca,LEX-A1-000127,SENSE-A1-000129,,NEAR_TRANSFER,A1-M04-I02-S3,A1-M04-I03-S1,A1-M04-I02,A1-M04-I03,CORE_OR_STRUCTURAL_ROUTE,TRANSFER_IN_CHANGED_CONTEXT,CONTEXTUAL_OR_FUNCTION_BOUND,,NONE,1.44,REQUIRED_SCHEDULE_EDGE_AUDITED,
REC-A1-001509,SEQ-A1-000480,SENSE,SENSE-A1-000129,cerca,LEX-A1-000127,SENSE-A1-000129,,DISTANT_RETURN,A1-M04-I03-S1,A1-M05-I02-S3,A1-M04-I03,A1-M05-I02,CORE_OR_STRUCTURAL_ROUTE,DELAYED_RETRIEVAL_OR_TERMINAL_INTEGRATION,CONTEXTUAL_OR_FUNCTION_BOUND,,NONE,1.44,REQUIRED_SCHEDULE_EDGE_AUDITED,"Scheduled four islands after first introduction; destination story is load-balanced. This is a curriculum spacing rule, not a universal optimal interval claim."
REC-A1-001510,SEQ-A1-000482,SENSE,SENSE-A1-000145,colectivo,LEX-A1-000143,SENSE-A1-000145,,LOCAL_RECEPTIVE_REUSE,A1-M04-I02-S2,A1-M04-I02-S3,A1-M04-I02,A1-M04-I02,REGIONAL_RECEPTIVE_ROUTE,RECOGNITION,NO_UNIVERSAL_PRODUCTIVE_DEMAND,RECEPTIVE_PROFILE_RULE_PRESERVED,NONE,1.44,REQUIRED_SCHEDULE_EDGE_AUDITED,
REC-A1-001511,SEQ-A1-000482,SENSE,SENSE-A1-000145,colectivo,LEX-A1-000143,SENSE-A1-000145,,REGIONAL_NEAR_RECOGNITION,A1-M04-I02-S3,A1-M04-I03-S2,A1-M04-I02,A1-M04-I03,REGIONAL_RECEPTIVE_ROUTE,RECOGNITION_IN_CHANGED_CONTEXT,NO_UNIVERSAL_PRODUCTIVE_DEMAND,RECEPTIVE_PROFILE_RULE_PRESERVED,NONE,1.44,REQUIRED_SCHEDULE_EDGE_AUDITED,
REC-A1-001512,SEQ-A1-000482,SENSE,SENSE-A1-000145,colectivo,LEX-A1-000143,SENSE-A1-000145,,REGIONAL_LATER_RECOGNITION,A1-M04-I03-S2,A1-M05-I02-S1,A1-M04-I03,A1-M05-I02,REGIONAL_RECEPTIVE_ROUTE,LATER_RECOGNITION,NO_UNIVERSAL_PRODUCTIVE_DEMAND,RECEPTIVE_PROFILE_RULE_PRESERVED,NONE,1.44,REQUIRED_SCHEDULE_EDGE_AUDITED,"Scheduled four islands after first introduction; destination story is load-balanced. This is a curriculum spacing rule, not a universal optimal interval claim."
REC-A1-001513,SEQ-A1-000484,SENSE,SENSE-A1-000240,este,LEX-A1-000236,SENSE-A1-000240,,LOCAL_REUSE,A1-M04-I02-S2,A1-M04-I02-S3,A1-M04-I02,A1-M04-I02,CORE_OR_STRUCTURAL_ROUTE,REEXPOSURE_OR_RETRIEVAL,CONTEXTUAL_OR_FUNCTION_BOUND,,NONE,1.44,REQUIRED_SCHEDULE_EDGE_AUDITED,
REC-A1-001514,SEQ-A1-000484,SENSE,SENSE-A1-000240,este,LEX-A1-000236,SENSE-A1-000240,,NEAR_TRANSFER,A1-M04-I02-S3,A1-M04-I03-S3,A1-M04-I02,A1-M04-I03,CORE_OR_STRUCTURAL_ROUTE,TRANSFER_IN_CHANGED_CONTEXT,CONTEXTUAL_OR_FUNCTION_BOUND,,NONE,1.44,REQUIRED_SCHEDULE_EDGE_AUDITED,
REC-A1-001515,SEQ-A1-000484,SENSE,SENSE-A1-000240,este,LEX-A1-000236,SENSE-A1-000240,,DISTANT_RETURN,A1-M04-I03-S3,A1-M05-I02-S2,A1-M04-I03,A1-M05-I02,CORE_OR_STRUCTURAL_ROUTE,DELAYED_RETRIEVAL_OR_TERMINAL_INTEGRATION,CONTEXTUAL_OR_FUNCTION_BOUND,,NONE,1.44,REQUIRED_SCHEDULE_EDGE_AUDITED,"Scheduled four islands after first introduction; destination story is load-balanced. This is a curriculum spacing rule, not a universal optimal interval claim."
REC-A1-001516,SEQ-A1-000486,SENSE,SENSE-A1-000326,kilómetro,LEX-A1-000320,SENSE-A1-000326,,LOCAL_REUSE,A1-M04-I02-S2,A1-M04-I02-S3,A1-M04-I02,A1-M04-I02,CORE_OR_STRUCTURAL_ROUTE,REEXPOSURE_OR_RETRIEVAL,CONTEXTUAL_OR_FUNCTION_BOUND,,NONE,1.44,REQUIRED_SCHEDULE_EDGE_AUDITED,
REC-A1-001517,SEQ-A1-000486,SENSE,SENSE-A1-000326,kilómetro,LEX-A1-000320,SENSE-A1-000326,,NEAR_TRANSFER,A1-M04-I02-S3,A1-M04-I03-S1,A1-M04-I02,A1-M04-I03,CORE_OR_STRUCTURAL_ROUTE,TRANSFER_IN_CHANGED_CONTEXT,CONTEXTUAL_OR_FUNCTION_BOUND,,NONE,1.44,REQUIRED_SCHEDULE_EDGE_AUDITED,
REC-A1-001518,SEQ-A1-000486,SENSE,SENSE-A1-000326,kilómetro,LEX-A1-000320,SENSE-A1-000326,,DISTANT_RETURN,A1-M04-I03-S1,A1-M05-I02-S3,A1-M04-I03,A1-M05-I02,CORE_OR_STRUCTURAL_ROUTE,DELAYED_RETRIEVAL_OR_TERMINAL_INTEGRATION,CONTEXTUAL_OR_FUNCTION_BOUND,,NONE,1.44,REQUIRED_SCHEDULE_EDGE_AUDITED,"Scheduled four islands after first introduction; destination story is load-balanced. This is a curriculum spacing rule, not a universal optimal interval claim."
REC-A1-001519,SEQ-A1-000488,SENSE,SENSE-A1-000405,norte,LEX-A1-000398,SENSE-A1-000405,,LOCAL_REUSE,A1-M04-I02-S2,A1-M04-I02-S3,A1-M04-I02,A1-M04-I02,CORE_OR_STRUCTURAL_ROUTE,REEXPOSURE_OR_RETRIEVAL,CONTEXTUAL_OR_FUNCTION_BOUND,,NONE,1.44,REQUIRED_SCHEDULE_EDGE_AUDITED,
REC-A1-001520,SEQ-A1-000488,SENSE,SENSE-A1-000405,norte,LEX-A1-000398,SENSE-A1-000405,,NEAR_TRANSFER,A1-M04-I02-S3,A1-M04-I03-S2,A1-M04-I02,A1-M04-I03,CORE_OR_STRUCTURAL_ROUTE,TRANSFER_IN_CHANGED_CONTEXT,CONTEXTUAL_OR_FUNCTION_BOUND,,NONE,1.44,REQUIRED_SCHEDULE_EDGE_AUDITED,
REC-A1-001521,SEQ-A1-000488,SENSE,SENSE-A1-000405,norte,LEX-A1-000398,SENSE-A1-000405,,DISTANT_RETURN,A1-M04-I03-S2,A1-M05-I02-S1,A1-M04-I03,A1-M05-I02,CORE_OR_STRUCTURAL_ROUTE,DELAYED_RETRIEVAL_OR_TERMINAL_INTEGRATION,CONTEXTUAL_OR_FUNCTION_BOUND,,NONE,1.44,REQUIRED_SCHEDULE_EDGE_AUDITED,"Scheduled four islands after first introduction; destination story is load-balanced. This is a curriculum spacing rule, not a universal optimal interval claim."
REC-A1-001522,SEQ-A1-000490,SENSE,SENSE-A1-000479,pueblo,LEX-A1-000470,SENSE-A1-000479,,LOCAL_REUSE,A1-M04-I02-S2,A1-M04-I02-S3,A1-M04-I02,A1-M04-I02,CORE_OR_STRUCTURAL_ROUTE,REEXPOSURE_OR_RETRIEVAL,CONTEXTUAL_OR_FUNCTION_BOUND,,NONE,1.44,REQUIRED_SCHEDULE_EDGE_AUDITED,
REC-A1-001523,SEQ-A1-000490,SENSE,SENSE-A1-000479,pueblo,LEX-A1-000470,SENSE-A1-000479,,NEAR_TRANSFER,A1-M04-I02-S3,A1-M04-I03-S3,A1-M04-I02,A1-M04-I03,CORE_OR_STRUCTURAL_ROUTE,TRANSFER_IN_CHANGED_CONTEXT,CONTEXTUAL_OR_FUNCTION_BOUND,,NONE,1.44,REQUIRED_SCHEDULE_EDGE_AUDITED,
REC-A1-001524,SEQ-A1-000490,SENSE,SENSE-A1-000479,pueblo,LEX-A1-000470,SENSE-A1-000479,,DISTANT_RETURN,A1-M04-I03-S3,A1-M05-I02-S2,A1-M04-I03,A1-M05-I02,CORE_OR_STRUCTURAL_ROUTE,DELAYED_RETRIEVAL_OR_TERMINAL_INTEGRATION,CONTEXTUAL_OR_FUNCTION_BOUND,,NONE,1.44,REQUIRED_SCHEDULE_EDGE_AUDITED,"Scheduled four islands after first introduction; destination story is load-balanced. This is a curriculum spacing rule, not a universal optimal interval claim."
REC-A1-001525,SEQ-A1-000492,SENSE,SENSE-A1-000493,rápido,LEX-A1-000484,SENSE-A1-000493,,LOCAL_REUSE,A1-M04-I02-S2,A1-M04-I02-S3,A1-M04-I02,A1-M04-I02,CORE_OR_STRUCTURAL_ROUTE,REEXPOSURE_OR_RETRIEVAL,CONTEXTUAL_OR_FUNCTION_BOUND,,NONE,1.44,REQUIRED_SCHEDULE_EDGE_AUDITED,
REC-A1-001526,SEQ-A1-000492,SENSE,SENSE-A1-000493,rápido,LEX-A1-000484,SENSE-A1-000493,,NEAR_TRANSFER,A1-M04-I02-S3,A1-M04-I03-S1,A1-M04-I02,A1-M04-I03,CORE_OR_STRUCTURAL_ROUTE,TRANSFER_IN_CHANGED_CONTEXT,CONTEXTUAL_OR_FUNCTION_BOUND,,NONE,1.44,REQUIRED_SCHEDULE_EDGE_AUDITED,
REC-A1-001527,SEQ-A1-000492,SENSE,SENSE-A1-000493,rápido,LEX-A1-000484,SENSE-A1-000493,,DISTANT_RETURN,A1-M04-I03-S1,A1-M05-I02-S3,A1-M04-I03,A1-M05-I02,CORE_OR_STRUCTURAL_ROUTE,DELAYED_RETRIEVAL_OR_TERMINAL_INTEGRATION,CONTEXTUAL_OR_FUNCTION_BOUND,,NONE,1.44,REQUIRED_SCHEDULE_EDGE_AUDITED,"Scheduled four islands after first introduction; destination story is load-balanced. This is a curriculum spacing rule, not a universal optimal interval claim."
REC-A1-001528,SEQ-A1-000494,SENSE,SENSE-A1-000565,todo recto,LEX-A1-000556,SENSE-A1-000565,,LOCAL_REUSE,A1-M04-I02-S2,A1-M04-I02-S3,A1-M04-I02,A1-M04-I02,CORE_OR_STRUCTURAL_ROUTE,REEXPOSURE_OR_RETRIEVAL,CONTEXTUAL_OR_FUNCTION_BOUND,,NONE,1.44,REQUIRED_SCHEDULE_EDGE_AUDITED,
REC-A1-001529,SEQ-A1-000494,SENSE,SENSE-A1-000565,todo recto,LEX-A1-000556,SENSE-A1-000565,,NEAR_TRANSFER,A1-M04-I02-S3,A1-M04-I03-S2,A1-M04-I02,A1-M04-I03,CORE_OR_STRUCTURAL_ROUTE,TRANSFER_IN_CHANGED_CONTEXT,CONTEXTUAL_OR_FUNCTION_BOUND,,NONE,1.44,REQUIRED_SCHEDULE_EDGE_AUDITED,
REC-A1-001530,SEQ-A1-000494,SENSE,SENSE-A1-000565,todo recto,LEX-A1-000556,SENSE-A1-000565,,DISTANT_RETURN,A1-M04-I03-S2,A1-M05-I02-S1,A1-M04-I03,A1-M05-I02,CORE_OR_STRUCTURAL_ROUTE,DELAYED_RETRIEVAL_OR_TERMINAL_INTEGRATION,CONTEXTUAL_OR_FUNCTION_BOUND,,NONE,1.44,REQUIRED_SCHEDULE_EDGE_AUDITED,"Scheduled four islands after first introduction; destination story is load-balanced. This is a curriculum spacing rule, not a universal optimal interval claim."
REC-A1-001531,SEQ-A1-000519,MWU_SOURCE_UNIT,12B1-MWU-0060,oficina de información,,,12B1-MWU-0060,LOCAL_REUSE,A1-M04-I03-S1,A1-M04-I03-S3,A1-M04-I03,A1-M04-I03,CORE_OR_STRUCTURAL_ROUTE,REEXPOSURE_OR_RETRIEVAL,AS_OBJECT_POLICY_REQUIRES,,NONE,1.44,REQUIRED_SCHEDULE_EDGE_AUDITED,
REC-A1-001532,SEQ-A1-000519,MWU_SOURCE_UNIT,12B1-MWU-0060,oficina de información,,,12B1-MWU-0060,NEAR_TRANSFER,A1-M04-I03-S3,A1-M04-I04-S3,A1-M04-I03,A1-M04-I04,CORE_OR_STRUCTURAL_ROUTE,TRANSFER_IN_CHANGED_CONTEXT,AS_OBJECT_POLICY_REQUIRES,,NONE,1.44,REQUIRED_SCHEDULE_EDGE_AUDITED,
REC-A1-001533,SEQ-A1-000519,MWU_SOURCE_UNIT,12B1-MWU-0060,oficina de información,,,12B1-MWU-0060,DISTANT_RETURN,A1-M04-I04-S3,A1-M05-I03-S3,A1-M04-I04,A1-M05-I03,CORE_OR_STRUCTURAL_ROUTE,DELAYED_RETRIEVAL_OR_TERMINAL_INTEGRATION,AS_OBJECT_POLICY_REQUIRES,,NONE,1.44,REQUIRED_SCHEDULE_EDGE_AUDITED,"Scheduled four islands after first introduction; destination story is load-balanced. This is a curriculum spacing rule, not a universal optimal interval claim."
REC-A1-001534,SEQ-A1-000520,MWU_SOURCE_UNIT,12B1-MWU-0061,oficina de turismo,,,12B1-MWU-0061,LOCAL_REUSE,A1-M04-I03-S1,A1-M04-I03-S2,A1-M04-I03,A1-M04-I03,CORE_OR_STRUCTURAL_ROUTE,REEXPOSURE_OR_RETRIEVAL,AS_OBJECT_POLICY_REQUIRES,,NONE,1.44,REQUIRED_SCHEDULE_EDGE_AUDITED,
REC-A1-001535,SEQ-A1-000520,MWU_SOURCE_UNIT,12B1-MWU-0061,oficina de turismo,,,12B1-MWU-0061,NEAR_TRANSFER,A1-M04-I03-S2,A1-M04-I04-S3,A1-M04-I03,A1-M04-I04,CORE_OR_STRUCTURAL_ROUTE,TRANSFER_IN_CHANGED_CONTEXT,AS_OBJECT_POLICY_REQUIRES,,NONE,1.44,REQUIRED_SCHEDULE_EDGE_AUDITED,
REC-A1-001536,SEQ-A1-000520,MWU_SOURCE_UNIT,12B1-MWU-0061,oficina de turismo,,,12B1-MWU-0061,DISTANT_RETURN,A1-M04-I04-S3,A1-M05-I03-S3,A1-M04-I04,A1-M05-I03,CORE_OR_STRUCTURAL_ROUTE,DELAYED_RETRIEVAL_OR_TERMINAL_INTEGRATION,AS_OBJECT_POLICY_REQUIRES,,NONE,1.44,REQUIRED_SCHEDULE_EDGE_AUDITED,"Scheduled four islands after first introduction; destination story is load-balanced. This is a curriculum spacing rule, not a universal optimal interval claim."
REC-A1-001537,SEQ-A1-000521,MWU_SOURCE_UNIT,12B1-MWU-0094,ir al hospital,,,12B1-MWU-0094,LOCAL_REUSE,A1-M04-I03-S1,A1-M04-I03-S3,A1-M04-I03,A1-M04-I03,CORE_OR_STRUCTURAL_ROUTE,REEXPOSURE_OR_RETRIEVAL,AS_OBJECT_POLICY_REQUIRES,,NONE,1.44,REQUIRED_SCHEDULE_EDGE_AUDITED,
REC-A1-001538,SEQ-A1-000521,MWU_SOURCE_UNIT,12B1-MWU-0094,ir al hospital,,,12B1-MWU-0094,NEAR_TRANSFER,A1-M04-I03-S3,A1-M04-I04-S3,A1-M04-I03,A1-M04-I04,CORE_OR_STRUCTURAL_ROUTE,TRANSFER_IN_CHANGED_CONTEXT,AS_OBJECT_POLICY_REQUIRES,,NONE,1.44,REQUIRED_SCHEDULE_EDGE_AUDITED,
REC-A1-001539,SEQ-A1-000521,MWU_SOURCE_UNIT,12B1-MWU-0094,ir al hospital,,,12B1-MWU-0094,DISTANT_RETURN,A1-M04-I04-S3,A1-M05-I03-S3,A1-M04-I04,A1-M05-I03,CORE_OR_STRUCTURAL_ROUTE,DELAYED_RETRIEVAL_OR_TERMINAL_INTEGRATION,AS_OBJECT_POLICY_REQUIRES,,NONE,1.44,REQUIRED_SCHEDULE_EDGE_AUDITED,"Scheduled four islands after first introduction; destination story is load-balanced. This is a curriculum spacing rule, not a universal optimal interval claim."
REC-A1-001540,SEQ-A1-000524,MWU_SOURCE_UNIT,12B1-MWU-0164,estar abierto,,,12B1-MWU-0164,LOCAL_REUSE,A1-M04-I03-S1,A1-M04-I03-S2,A1-M04-I03,A1-M04-I03,CORE_OR_STRUCTURAL_ROUTE,REEXPOSURE_OR_RETRIEVAL,AS_OBJECT_POLICY_REQUIRES,,NONE,1.44,REQUIRED_SCHEDULE_EDGE_AUDITED,
REC-A1-001541,SEQ-A1-000524,MWU_SOURCE_UNIT,12B1-MWU-0164,estar abierto,,,12B1-MWU-0164,NEAR_TRANSFER,A1-M04-I03-S2,A1-M04-I04-S2,A1-M04-I03,A1-M04-I04,CORE_OR_STRUCTURAL_ROUTE,TRANSFER_IN_CHANGED_CONTEXT,AS_OBJECT_POLICY_REQUIRES,,NONE,1.44,REQUIRED_SCHEDULE_EDGE_AUDITED,
REC-A1-001542,SEQ-A1-000524,MWU_SOURCE_UNIT,12B1-MWU-0164,estar abierto,,,12B1-MWU-0164,DISTANT_RETURN,A1-M04-I04-S2,A1-M05-I03-S3,A1-M04-I04,A1-M05-I03,CORE_OR_STRUCTURAL_ROUTE,DELAYED_RETRIEVAL_OR_TERMINAL_INTEGRATION,AS_OBJECT_POLICY_REQUIRES,,NONE,1.44,REQUIRED_SCHEDULE_EDGE_AUDITED,"Scheduled four islands after first introduction; destination story is load-balanced. This is a curriculum spacing rule, not a universal optimal interval claim."
REC-A1-001543,SEQ-A1-000503,SENSE,SENSE-A1-000063,banco,LEX-A1-000063,SENSE-A1-000063,,LOCAL_REUSE,A1-M04-I03-S1,A1-M04-I03-S3,A1-M04-I03,A1-M04-I03,CORE_OR_STRUCTURAL_ROUTE,REEXPOSURE_OR_RETRIEVAL,CONTEXTUAL_OR_FUNCTION_BOUND,,NONE,1.44,REQUIRED_SCHEDULE_EDGE_AUDITED,
REC-A1-001544,SEQ-A1-000503,SENSE,SENSE-A1-000063,banco,LEX-A1-000063,SENSE-A1-000063,,NEAR_TRANSFER,A1-M04-I03-S3,A1-M04-I04-S3,A1-M04-I03,A1-M04-I04,CORE_OR_STRUCTURAL_ROUTE,TRANSFER_IN_CHANGED_CONTEXT,CONTEXTUAL_OR_FUNCTION_BOUND,,NONE,1.44,REQUIRED_SCHEDULE_EDGE_AUDITED,
REC-A1-001545,SEQ-A1-000503,SENSE,SENSE-A1-000063,banco,LEX-A1-000063,SENSE-A1-000063,,DISTANT_RETURN,A1-M04-I04-S3,A1-M05-I03-S3,A1-M04-I04,A1-M05-I03,CORE_OR_STRUCTURAL_ROUTE,DELAYED_RETRIEVAL_OR_TERMINAL_INTEGRATION,CONTEXTUAL_OR_FUNCTION_BOUND,,NONE,1.44,REQUIRED_SCHEDULE_EDGE_AUDITED,"Scheduled four islands after first introduction; destination story is load-balanced. This is a curriculum spacing rule, not a universal optimal interval claim."
REC-A1-001546,SEQ-A1-000505,SENSE,SENSE-A1-000130,cerrado,LEX-A1-000128,SENSE-A1-000130,,LOCAL_REUSE,A1-M04-I03-S1,A1-M04-I03-S2,A1-M04-I03,A1-M04-I03,CORE_OR_STRUCTURAL_ROUTE,REEXPOSURE_OR_RETRIEVAL,CONTEXTUAL_OR_FUNCTION_BOUND,,NONE,1.44,REQUIRED_SCHEDULE_EDGE_AUDITED,
REC-A1-001547,SEQ-A1-000505,SENSE,SENSE-A1-000130,cerrado,LEX-A1-000128,SENSE-A1-000130,,NEAR_TRANSFER,A1-M04-I03-S2,A1-M04-I04-S1,A1-M04-I03,A1-M04-I04,CORE_OR_STRUCTURAL_ROUTE,TRANSFER_IN_CHANGED_CONTEXT,CONTEXTUAL_OR_FUNCTION_BOUND,,NONE,1.44,REQUIRED_SCHEDULE_EDGE_AUDITED,
REC-A1-001548,SEQ-A1-000505,SENSE,SENSE-A1-000130,cerrado,LEX-A1-000128,SENSE-A1-000130,,DISTANT_RETURN,A1-M04-I04-S1,A1-M05-I03-S3,A1-M04-I04,A1-M05-I03,CORE_OR_STRUCTURAL_ROUTE,DELAYED_RETRIEVAL_OR_TERMINAL_INTEGRATION,CONTEXTUAL_OR_FUNCTION_BOUND,,NONE,1.44,REQUIRED_SCHEDULE_EDGE_AUDITED,"Scheduled four islands after first introduction; destination story is load-balanced. This is a curriculum spacing rule, not a universal optimal interval claim."
REC-A1-001549,SEQ-A1-000507,SENSE,SENSE-A1-000236,estampilla,LEX-A1-000232,SENSE-A1-000236,,LOCAL_RECEPTIVE_REUSE,A1-M04-I03-S1,A1-M04-I03-S3,A1-M04-I03,A1-M04-I03,REGIONAL_RECEPTIVE_ROUTE,RECOGNITION,NO_UNIVERSAL_PRODUCTIVE_DEMAND,RECEPTIVE_PROFILE_RULE_PRESERVED,NONE,1.44,REQUIRED_SCHEDULE_EDGE_AUDITED,
REC-A1-001550,SEQ-A1-000507,SENSE,SENSE-A1-000236,estampilla,LEX-A1-000232,SENSE-A1-000236,,REGIONAL_NEAR_RECOGNITION,A1-M04-I03-S3,A1-M04-I04-S2,A1-M04-I03,A1-M04-I04,REGIONAL_RECEPTIVE_ROUTE,RECOGNITION_IN_CHANGED_CONTEXT,NO_UNIVERSAL_PRODUCTIVE_DEMAND,RECEPTIVE_PROFILE_RULE_PRESERVED,NONE,1.44,REQUIRED_SCHEDULE_EDGE_AUDITED,
REC-A1-001551,SEQ-A1-000507,SENSE,SENSE-A1-000236,estampilla,LEX-A1-000232,SENSE-A1-000236,,REGIONAL_LATER_RECOGNITION,A1-M04-I04-S2,A1-M05-I03-S3,A1-M04-I04,A1-M05-I03,REGIONAL_RECEPTIVE_ROUTE,LATER_RECOGNITION,NO_UNIVERSAL_PRODUCTIVE_DEMAND,RECEPTIVE_PROFILE_RULE_PRESERVED,NONE,1.44,REQUIRED_SCHEDULE_EDGE_AUDITED,"Scheduled four islands after first introduction; destination story is load-balanced. This is a curriculum spacing rule, not a universal optimal interval claim."
REC-A1-001552,SEQ-A1-000509,SENSE,SENSE-A1-000253,farmacia,LEX-A1-000249,SENSE-A1-000253,,LOCAL_REUSE,A1-M04-I03-S1,A1-M04-I03-S2,A1-M04-I03,A1-M04-I03,CORE_OR_STRUCTURAL_ROUTE,REEXPOSURE_OR_RETRIEVAL,CONTEXTUAL_OR_FUNCTION_BOUND,,NONE,1.44,REQUIRED_SCHEDULE_EDGE_AUDITED,
REC-A1-001553,SEQ-A1-000509,SENSE,SENSE-A1-000253,farmacia,LEX-A1-000249,SENSE-A1-000253,,NEAR_TRANSFER,A1-M04-I03-S2,A1-M04-I04-S3,A1-M04-I03,A1-M04-I04,CORE_OR_STRUCTURAL_ROUTE,TRANSFER_IN_CHANGED_CONTEXT,CONTEXTUAL_OR_FUNCTION_BOUND,,NONE,1.44,REQUIRED_SCHEDULE_EDGE_AUDITED,
REC-A1-001554,SEQ-A1-000509,SENSE,SENSE-A1-000253,farmacia,LEX-A1-000249,SENSE-A1-000253,,DISTANT_RETURN,A1-M04-I04-S3,A1-M05-I03-S3,A1-M04-I04,A1-M05-I03,CORE_OR_STRUCTURAL_ROUTE,DELAYED_RETRIEVAL_OR_TERMINAL_INTEGRATION,CONTEXTUAL_OR_FUNCTION_BOUND,,NONE,1.44,REQUIRED_SCHEDULE_EDGE_AUDITED,"Scheduled four islands after first introduction; destination story is load-balanced. This is a curriculum spacing rule, not a universal optimal interval claim."
REC-A1-001555,SEQ-A1-000511,SENSE,SENSE-A1-000305,información,LEX-A1-000299,SENSE-A1-000305,,LOCAL_REUSE,A1-M04-I03-S1,A1-M04-I03-S3,A1-M04-I03,A1-M04-I03,CORE_OR_STRUCTURAL_ROUTE,REEXPOSURE_OR_RETRIEVAL,CONTEXTUAL_OR_FUNCTION_BOUND,,NONE,1.44,REQUIRED_SCHEDULE_EDGE_AUDITED,
REC-A1-001556,SEQ-A1-000511,SENSE,SENSE-A1-000305,información,LEX-A1-000299,SENSE-A1-000305,,NEAR_TRANSFER,A1-M04-I03-S3,A1-M04-I04-S1,A1-M04-I03,A1-M04-I04,CORE_OR_STRUCTURAL_ROUTE,TRANSFER_IN_CHANGED_CONTEXT,CONTEXTUAL_OR_FUNCTION_BOUND,,NONE,1.44,REQUIRED_SCHEDULE_EDGE_AUDITED,
REC-A1-001557,SEQ-A1-000511,SENSE,SENSE-A1-000305,información,LEX-A1-000299,SENSE-A1-000305,,DISTANT_RETURN,A1-M04-I04-S1,A1-M05-I03-S3,A1-M04-I04,A1-M05-I03,CORE_OR_STRUCTURAL_ROUTE,DELAYED_RETRIEVAL_OR_TERMINAL_INTEGRATION,CONTEXTUAL_OR_FUNCTION_BOUND,,NONE,1.44,REQUIRED_SCHEDULE_EDGE_AUDITED,"Scheduled four islands after first introduction; destination story is load-balanced. This is a curriculum spacing rule, not a universal optimal interval claim."
REC-A1-001558,SEQ-A1-000513,SENSE,SENSE-A1-000450,planta,LEX-A1-000442,SENSE-A1-000450,,LOCAL_REUSE,A1-M04-I03-S1,A1-M04-I03-S2,A1-M04-I03,A1-M04-I03,CORE_OR_STRUCTURAL_ROUTE,REEXPOSURE_OR_RETRIEVAL,CONTEXTUAL_OR_FUNCTION_BOUND,,NONE,1.44,REQUIRED_SCHEDULE_EDGE_AUDITED,
REC-A1-001559,SEQ-A1-000513,SENSE,SENSE-A1-000450,planta,LEX-A1-000442,SENSE-A1-000450,,NEAR_TRANSFER,A1-M04-I03-S2,A1-M04-I04-S2,A1-M04-I03,A1-M04-I04,CORE_OR_STRUCTURAL_ROUTE,TRANSFER_IN_CHANGED_CONTEXT,CONTEXTUAL_OR_FUNCTION_BOUND,,NONE,1.44,REQUIRED_SCHEDULE_EDGE_AUDITED,
REC-A1-001560,SEQ-A1-000513,SENSE,SENSE-A1-000450,planta,LEX-A1-000442,SENSE-A1-000450,,DISTANT_RETURN,A1-M04-I04-S2,A1-M05-I03-S3,A1-M04-I04,A1-M05-I03,CORE_OR_STRUCTURAL_ROUTE,DELAYED_RETRIEVAL_OR_TERMINAL_INTEGRATION,CONTEXTUAL_OR_FUNCTION_BOUND,,NONE,1.44,REQUIRED_SCHEDULE_EDGE_AUDITED,"Scheduled four islands after first introduction; destination story is load-balanced. This is a curriculum spacing rule, not a universal optimal interval claim."
REC-A1-001561,SEQ-A1-000515,SENSE,SENSE-A1-000489,quiosco,LEX-A1-000480,SENSE-A1-000489,,LOCAL_REUSE,A1-M04-I03-S1,A1-M04-I03-S3,A1-M04-I03,A1-M04-I03,CORE_OR_STRUCTURAL_ROUTE,REEXPOSURE_OR_RETRIEVAL,CONTEXTUAL_OR_FUNCTION_BOUND,,NONE,1.44,REQUIRED_SCHEDULE_EDGE_AUDITED,
REC-A1-001562,SEQ-A1-000515,SENSE,SENSE-A1-000489,quiosco,LEX-A1-000480,SENSE-A1-000489,,NEAR_TRANSFER,A1-M04-I03-S3,A1-M04-I04-S3,A1-M04-I03,A1-M04-I04,CORE_OR_STRUCTURAL_ROUTE,TRANSFER_IN_CHANGED_CONTEXT,CONTEXTUAL_OR_FUNCTION_BOUND,,NONE,1.44,REQUIRED_SCHEDULE_EDGE_AUDITED,
REC-A1-001563,SEQ-A1-000515,SENSE,SENSE-A1-000489,quiosco,LEX-A1-000480,SENSE-A1-000489,,DISTANT_RETURN,A1-M04-I04-S3,A1-M05-I03-S1,A1-M04-I04,A1-M05-I03,CORE_OR_STRUCTURAL_ROUTE,DELAYED_RETRIEVAL_OR_TERMINAL_INTEGRATION,CONTEXTUAL_OR_FUNCTION_BOUND,,NONE,1.44,REQUIRED_SCHEDULE_EDGE_AUDITED,"Scheduled four islands after first introduction; destination story is load-balanced. This is a curriculum spacing rule, not a universal optimal interval claim."
REC-A1-001564,SEQ-A1-000517,SENSE,SENSE-A1-000515,sello,LEX-A1-000506,SENSE-A1-000515,,LOCAL_REUSE,A1-M04-I03-S1,A1-M04-I03-S2,A1-M04-I03,A1-M04-I03,CORE_OR_STRUCTURAL_ROUTE,REEXPOSURE_OR_RETRIEVAL,CONTEXTUAL_OR_FUNCTION_BOUND,,NONE,1.44,REQUIRED_SCHEDULE_EDGE_AUDITED,
REC-A1-001565,SEQ-A1-000517,SENSE,SENSE-A1-000515,sello,LEX-A1-000506,SENSE-A1-000515,,NEAR_TRANSFER,A1-M04-I03-S2,A1-M04-I04-S1,A1-M04-I03,A1-M04-I04,CORE_OR_STRUCTURAL_ROUTE,TRANSFER_IN_CHANGED_CONTEXT,CONTEXTUAL_OR_FUNCTION_BOUND,,NONE,1.44,REQUIRED_SCHEDULE_EDGE_AUDITED,
REC-A1-001566,SEQ-A1-000517,SENSE,SENSE-A1-000515,sello,LEX-A1-000506,SENSE-A1-000515,,DISTANT_RETURN,A1-M04-I04-S1,A1-M05-I03-S2,A1-M04-I04,A1-M05-I03,CORE_OR_STRUCTURAL_ROUTE,DELAYED_RETRIEVAL_OR_TERMINAL_INTEGRATION,CONTEXTUAL_OR_FUNCTION_BOUND,,NONE,1.44,REQUIRED_SCHEDULE_EDGE_AUDITED,"Scheduled four islands after first introduction; destination story is load-balanced. This is a curriculum spacing rule, not a universal optimal interval claim."
REC-A1-001567,SEQ-A1-000522,MWU_SOURCE_UNIT,12B1-MWU-0095,ir al médico,,,12B1-MWU-0095,LOCAL_REUSE,A1-M04-I03-S2,A1-M04-I03-S3,A1-M04-I03,A1-M04-I03,CORE_OR_STRUCTURAL_ROUTE,REEXPOSURE_OR_RETRIEVAL,AS_OBJECT_POLICY_REQUIRES,,NONE,1.44,REQUIRED_SCHEDULE_EDGE_AUDITED,
REC-A1-001568,SEQ-A1-000522,MWU_SOURCE_UNIT,12B1-MWU-0095,ir al médico,,,12B1-MWU-0095,NEAR_TRANSFER,A1-M04-I03-S3,A1-M04-I04-S2,A1-M04-I03,A1-M04-I04,CORE_OR_STRUCTURAL_ROUTE,TRANSFER_IN_CHANGED_CONTEXT,AS_OBJECT_POLICY_REQUIRES,,NONE,1.44,REQUIRED_SCHEDULE_EDGE_AUDITED,
REC-A1-001569,SEQ-A1-000522,MWU_SOURCE_UNIT,12B1-MWU-0095,ir al médico,,,12B1-MWU-0095,DISTANT_RETURN,A1-M04-I04-S2,A1-M05-I03-S3,A1-M04-I04,A1-M05-I03,CORE_OR_STRUCTURAL_ROUTE,DELAYED_RETRIEVAL_OR_TERMINAL_INTEGRATION,AS_OBJECT_POLICY_REQUIRES,,NONE,1.44,REQUIRED_SCHEDULE_EDGE_AUDITED,"Scheduled four islands after first introduction; destination story is load-balanced. This is a curriculum spacing rule, not a universal optimal interval claim."
REC-A1-001570,SEQ-A1-000523,MWU_SOURCE_UNIT,12B1-MWU-0121,oficina de información y turismo,,,12B1-MWU-0121,LOCAL_REUSE,A1-M04-I03-S2,A1-M04-I03-S3,A1-M04-I03,A1-M04-I03,CORE_OR_STRUCTURAL_ROUTE,REEXPOSURE_OR_RETRIEVAL,AS_OBJECT_POLICY_REQUIRES,,NONE,1.44,REQUIRED_SCHEDULE_EDGE_AUDITED,
REC-A1-001571,SEQ-A1-000523,MWU_SOURCE_UNIT,12B1-MWU-0121,oficina de información y turismo,,,12B1-MWU-0121,NEAR_TRANSFER,A1-M04-I03-S3,A1-M04-I04-S3,A1-M04-I03,A1-M04-I04,CORE_OR_STRUCTURAL_ROUTE,TRANSFER_IN_CHANGED_CONTEXT,AS_OBJECT_POLICY_REQUIRES,,NONE,1.44,REQUIRED_SCHEDULE_EDGE_AUDITED,
REC-A1-001572,SEQ-A1-000523,MWU_SOURCE_UNIT,12B1-MWU-0121,oficina de información y turismo,,,12B1-MWU-0121,DISTANT_RETURN,A1-M04-I04-S3,A1-M05-I03-S1,A1-M04-I04,A1-M05-I03,CORE_OR_STRUCTURAL_ROUTE,DELAYED_RETRIEVAL_OR_TERMINAL_INTEGRATION,AS_OBJECT_POLICY_REQUIRES,,NONE,1.44,REQUIRED_SCHEDULE_EDGE_AUDITED,"Scheduled four islands after first introduction; destination story is load-balanced. This is a curriculum spacing rule, not a universal optimal interval claim."
REC-A1-001573,SEQ-A1-000525,MWU_SOURCE_UNIT,12B1-MWU-0165,estar cerrado,,,12B1-MWU-0165,LOCAL_REUSE,A1-M04-I03-S2,A1-M04-I03-S3,A1-M04-I03,A1-M04-I03,CORE_OR_STRUCTURAL_ROUTE,REEXPOSURE_OR_RETRIEVAL,AS_OBJECT_POLICY_REQUIRES,,NONE,1.44,REQUIRED_SCHEDULE_EDGE_AUDITED,
REC-A1-001574,SEQ-A1-000525,MWU_SOURCE_UNIT,12B1-MWU-0165,estar cerrado,,,12B1-MWU-0165,NEAR_TRANSFER,A1-M04-I03-S3,A1-M04-I04-S1,A1-M04-I03,A1-M04-I04,CORE_OR_STRUCTURAL_ROUTE,TRANSFER_IN_CHANGED_CONTEXT,AS_OBJECT_POLICY_REQUIRES,,NONE,1.44,REQUIRED_SCHEDULE_EDGE_AUDITED,
REC-A1-001575,SEQ-A1-000525,MWU_SOURCE_UNIT,12B1-MWU-0165,estar cerrado,,,12B1-MWU-0165,DISTANT_RETURN,A1-M04-I04-S1,A1-M05-I03-S2,A1-M04-I04,A1-M05-I03,CORE_OR_STRUCTURAL_ROUTE,DELAYED_RETRIEVAL_OR_TERMINAL_INTEGRATION,AS_OBJECT_POLICY_REQUIRES,,NONE,1.44,REQUIRED_SCHEDULE_EDGE_AUDITED,"Scheduled four islands after first introduction; destination story is load-balanced. This is a curriculum spacing rule, not a universal optimal interval claim."
REC-A1-001576,SEQ-A1-000502,SENSE,SENSE-A1-000007,abierto,LEX-A1-000007,SENSE-A1-000007,,LOCAL_REUSE,A1-M04-I03-S2,A1-M04-I03-S3,A1-M04-I03,A1-M04-I03,CORE_OR_STRUCTURAL_ROUTE,REEXPOSURE_OR_RETRIEVAL,CONTEXTUAL_OR_FUNCTION_BOUND,,NONE,1.44,REQUIRED_SCHEDULE_EDGE_AUDITED,
REC-A1-001577,SEQ-A1-000502,SENSE,SENSE-A1-000007,abierto,LEX-A1-000007,SENSE-A1-000007,,NEAR_TRANSFER,A1-M04-I03-S3,A1-M04-I04-S2,A1-M04-I03,A1-M04-I04,CORE_OR_STRUCTURAL_ROUTE,TRANSFER_IN_CHANGED_CONTEXT,CONTEXTUAL_OR_FUNCTION_BOUND,,NONE,1.44,REQUIRED_SCHEDULE_EDGE_AUDITED,
REC-A1-001578,SEQ-A1-000502,SENSE,SENSE-A1-000007,abierto,LEX-A1-000007,SENSE-A1-000007,,DISTANT_RETURN,A1-M04-I04-S2,A1-M05-I03-S3,A1-M04-I04,A1-M05-I03,CORE_OR_STRUCTURAL_ROUTE,DELAYED_RETRIEVAL_OR_TERMINAL_INTEGRATION,CONTEXTUAL_OR_FUNCTION_BOUND,,NONE,1.44,REQUIRED_SCHEDULE_EDGE_AUDITED,"Scheduled four islands after first introduction; destination story is load-balanced. This is a curriculum spacing rule, not a universal optimal interval claim."
REC-A1-001579,SEQ-A1-000504,SENSE,SENSE-A1-000127,centro,LEX-A1-000125,SENSE-A1-000127,,LOCAL_REUSE,A1-M04-I03-S2,A1-M04-I03-S3,A1-M04-I03,A1-M04-I03,CORE_OR_STRUCTURAL_ROUTE,REEXPOSURE_OR_RETRIEVAL,CONTEXTUAL_OR_FUNCTION_BOUND,,NONE,1.44,REQUIRED_SCHEDULE_EDGE_AUDITED,
REC-A1-001580,SEQ-A1-000504,SENSE,SENSE-A1-000127,centro,LEX-A1-000125,SENSE-A1-000127,,NEAR_TRANSFER,A1-M04-I03-S3,A1-M04-I04-S3,A1-M04-I03,A1-M04-I04,CORE_OR_STRUCTURAL_ROUTE,TRANSFER_IN_CHANGED_CONTEXT,CONTEXTUAL_OR_FUNCTION_BOUND,,NONE,1.44,REQUIRED_SCHEDULE_EDGE_AUDITED,
REC-A1-001581,SEQ-A1-000504,SENSE,SENSE-A1-000127,centro,LEX-A1-000125,SENSE-A1-000127,,DISTANT_RETURN,A1-M04-I04-S3,A1-M05-I03-S1,A1-M04-I04,A1-M05-I03,CORE_OR_STRUCTURAL_ROUTE,DELAYED_RETRIEVAL_OR_TERMINAL_INTEGRATION,CONTEXTUAL_OR_FUNCTION_BOUND,,NONE,1.44,REQUIRED_SCHEDULE_EDGE_AUDITED,"Scheduled four islands after first introduction; destination story is load-balanced. This is a curriculum spacing rule, not a universal optimal interval claim."
REC-A1-001582,SEQ-A1-000506,SENSE,SENSE-A1-000223,entrada,LEX-A1-000219,SENSE-A1-000223,,LOCAL_REUSE,A1-M04-I03-S2,A1-M04-I03-S3,A1-M04-I03,A1-M04-I03,CORE_OR_STRUCTURAL_ROUTE,REEXPOSURE_OR_RETRIEVAL,CONTEXTUAL_OR_FUNCTION_BOUND,,NONE,1.44,REQUIRED_SCHEDULE_EDGE_AUDITED,
REC-A1-001583,SEQ-A1-000506,SENSE,SENSE-A1-000223,entrada,LEX-A1-000219,SENSE-A1-000223,,NEAR_TRANSFER,A1-M04-I03-S3,A1-M04-I04-S1,A1-M04-I03,A1-M04-I04,CORE_OR_STRUCTURAL_ROUTE,TRANSFER_IN_CHANGED_CONTEXT,CONTEXTUAL_OR_FUNCTION_BOUND,,NONE,1.44,REQUIRED_SCHEDULE_EDGE_AUDITED,
REC-A1-001584,SEQ-A1-000506,SENSE,SENSE-A1-000223,entrada,LEX-A1-000219,SENSE-A1-000223,,DISTANT_RETURN,A1-M04-I04-S1,A1-M05-I03-S2,A1-M04-I04,A1-M05-I03,CORE_OR_STRUCTURAL_ROUTE,DELAYED_RETRIEVAL_OR_TERMINAL_INTEGRATION,CONTEXTUAL_OR_FUNCTION_BOUND,,NONE,1.44,REQUIRED_SCHEDULE_EDGE_AUDITED,"Scheduled four islands after first introduction; destination story is load-balanced. This is a curriculum spacing rule, not a universal optimal interval claim."
REC-A1-001585,SEQ-A1-000508,SENSE,SENSE-A1-000247,exterior,LEX-A1-000243,SENSE-A1-000247,,LOCAL_REUSE,A1-M04-I03-S2,A1-M04-I03-S3,A1-M04-I03,A1-M04-I03,CORE_OR_STRUCTURAL_ROUTE,REEXPOSURE_OR_RETRIEVAL,CONTEXTUAL_OR_FUNCTION_BOUND,,NONE,1.44,REQUIRED_SCHEDULE_EDGE_AUDITED,
REC-A1-001586,SEQ-A1-000508,SENSE,SENSE-A1-000247,exterior,LEX-A1-000243,SENSE-A1-000247,,NEAR_TRANSFER,A1-M04-I03-S3,A1-M04-I04-S2,A1-M04-I03,A1-M04-I04,CORE_OR_STRUCTURAL_ROUTE,TRANSFER_IN_CHANGED_CONTEXT,CONTEXTUAL_OR_FUNCTION_BOUND,,NONE,1.44,REQUIRED_SCHEDULE_EDGE_AUDITED,
REC-A1-001587,SEQ-A1-000508,SENSE,SENSE-A1-000247,exterior,LEX-A1-000243,SENSE-A1-000247,,DISTANT_RETURN,A1-M04-I04-S2,A1-M05-I03-S3,A1-M04-I04,A1-M05-I03,CORE_OR_STRUCTURAL_ROUTE,DELAYED_RETRIEVAL_OR_TERMINAL_INTEGRATION,CONTEXTUAL_OR_FUNCTION_BOUND,,NONE,1.44,REQUIRED_SCHEDULE_EDGE_AUDITED,"Scheduled four islands after first introduction; destination story is load-balanced. This is a curriculum spacing rule, not a universal optimal interval claim."
REC-A1-001588,SEQ-A1-000510,SENSE,SENSE-A1-000296,hospital,LEX-A1-000291,SENSE-A1-000296,,LOCAL_REUSE,A1-M04-I03-S2,A1-M04-I03-S3,A1-M04-I03,A1-M04-I03,CORE_OR_STRUCTURAL_ROUTE,REEXPOSURE_OR_RETRIEVAL,CONTEXTUAL_OR_FUNCTION_BOUND,,NONE,1.44,REQUIRED_SCHEDULE_EDGE_AUDITED,
REC-A1-001589,SEQ-A1-000510,SENSE,SENSE-A1-000296,hospital,LEX-A1-000291,SENSE-A1-000296,,NEAR_TRANSFER,A1-M04-I03-S3,A1-M04-I04-S3,A1-M04-I03,A1-M04-I04,CORE_OR_STRUCTURAL_ROUTE,TRANSFER_IN_CHANGED_CONTEXT,CONTEXTUAL_OR_FUNCTION_BOUND,,NONE,1.44,REQUIRED_SCHEDULE_EDGE_AUDITED,
REC-A1-001590,SEQ-A1-000510,SENSE,SENSE-A1-000296,hospital,LEX-A1-000291,SENSE-A1-000296,,DISTANT_RETURN,A1-M04-I04-S3,A1-M05-I03-S1,A1-M04-I04,A1-M05-I03,CORE_OR_STRUCTURAL_ROUTE,DELAYED_RETRIEVAL_OR_TERMINAL_INTEGRATION,CONTEXTUAL_OR_FUNCTION_BOUND,,NONE,1.44,REQUIRED_SCHEDULE_EDGE_AUDITED,"Scheduled four islands after first introduction; destination story is load-balanced. This is a curriculum spacing rule, not a universal optimal interval claim."
REC-A1-001591,SEQ-A1-000512,SENSE,SENSE-A1-000436,parqueadero,LEX-A1-000428,SENSE-A1-000436,,LOCAL_RECEPTIVE_REUSE,A1-M04-I03-S2,A1-M04-I03-S3,A1-M04-I03,A1-M04-I03,REGIONAL_RECEPTIVE_ROUTE,RECOGNITION,NO_UNIVERSAL_PRODUCTIVE_DEMAND,RECEPTIVE_PROFILE_RULE_PRESERVED,NONE,1.44,REQUIRED_SCHEDULE_EDGE_AUDITED,
REC-A1-001592,SEQ-A1-000512,SENSE,SENSE-A1-000436,parqueadero,LEX-A1-000428,SENSE-A1-000436,,REGIONAL_NEAR_RECOGNITION,A1-M04-I03-S3,A1-M04-I04-S1,A1-M04-I03,A1-M04-I04,REGIONAL_RECEPTIVE_ROUTE,RECOGNITION_IN_CHANGED_CONTEXT,NO_UNIVERSAL_PRODUCTIVE_DEMAND,RECEPTIVE_PROFILE_RULE_PRESERVED,NONE,1.44,REQUIRED_SCHEDULE_EDGE_AUDITED,
REC-A1-001593,SEQ-A1-000512,SENSE,SENSE-A1-000436,parqueadero,LEX-A1-000428,SENSE-A1-000436,,REGIONAL_LATER_RECOGNITION,A1-M04-I04-S1,A1-M05-I03-S2,A1-M04-I04,A1-M05-I03,REGIONAL_RECEPTIVE_ROUTE,LATER_RECOGNITION,NO_UNIVERSAL_PRODUCTIVE_DEMAND,RECEPTIVE_PROFILE_RULE_PRESERVED,NONE,1.44,REQUIRED_SCHEDULE_EDGE_AUDITED,"Scheduled four islands after first introduction; destination story is load-balanced. This is a curriculum spacing rule, not a universal optimal interval claim."
REC-A1-001594,SEQ-A1-000514,SENSE,SENSE-A1-000462,postal,LEX-A1-000454,SENSE-A1-000462,,LOCAL_REUSE,A1-M04-I03-S2,A1-M04-I03-S3,A1-M04-I03,A1-M04-I03,CORE_OR_STRUCTURAL_ROUTE,REEXPOSURE_OR_RETRIEVAL,CONTEXTUAL_OR_FUNCTION_BOUND,,NONE,1.44,REQUIRED_SCHEDULE_EDGE_AUDITED,
REC-A1-001595,SEQ-A1-000514,SENSE,SENSE-A1-000462,postal,LEX-A1-000454,SENSE-A1-000462,,NEAR_TRANSFER,A1-M04-I03-S3,A1-M04-I04-S2,A1-M04-I03,A1-M04-I04,CORE_OR_STRUCTURAL_ROUTE,TRANSFER_IN_CHANGED_CONTEXT,CONTEXTUAL_OR_FUNCTION_BOUND,,NONE,1.44,REQUIRED_SCHEDULE_EDGE_AUDITED,
REC-A1-001596,SEQ-A1-000514,SENSE,SENSE-A1-000462,postal,LEX-A1-000454,SENSE-A1-000462,,DISTANT_RETURN,A1-M04-I04-S2,A1-M05-I03-S3,A1-M04-I04,A1-M05-I03,CORE_OR_STRUCTURAL_ROUTE,DELAYED_RETRIEVAL_OR_TERMINAL_INTEGRATION,CONTEXTUAL_OR_FUNCTION_BOUND,,NONE,1.44,REQUIRED_SCHEDULE_EDGE_AUDITED,"Scheduled four islands after first introduction; destination story is load-balanced. This is a curriculum spacing rule, not a universal optimal interval claim."
REC-A1-001597,SEQ-A1-000516,SENSE,SENSE-A1-000507,salida,LEX-A1-000498,SENSE-A1-000507,,LOCAL_REUSE,A1-M04-I03-S2,A1-M04-I03-S3,A1-M04-I03,A1-M04-I03,CORE_OR_STRUCTURAL_ROUTE,REEXPOSURE_OR_RETRIEVAL,CONTEXTUAL_OR_FUNCTION_BOUND,,NONE,1.44,REQUIRED_SCHEDULE_EDGE_AUDITED,
REC-A1-001598,SEQ-A1-000516,SENSE,SENSE-A1-000507,salida,LEX-A1-000498,SENSE-A1-000507,,NEAR_TRANSFER,A1-M04-I03-S3,A1-M04-I04-S3,A1-M04-I03,A1-M04-I04,CORE_OR_STRUCTURAL_ROUTE,TRANSFER_IN_CHANGED_CONTEXT,CONTEXTUAL_OR_FUNCTION_BOUND,,NONE,1.44,REQUIRED_SCHEDULE_EDGE_AUDITED,
REC-A1-001599,SEQ-A1-000516,SENSE,SENSE-A1-000507,salida,LEX-A1-000498,SENSE-A1-000507,,DISTANT_RETURN,A1-M04-I04-S3,A1-M05-I03-S1,A1-M04-I04,A1-M05-I03,CORE_OR_STRUCTURAL_ROUTE,DELAYED_RETRIEVAL_OR_TERMINAL_INTEGRATION,CONTEXTUAL_OR_FUNCTION_BOUND,,NONE,1.44,REQUIRED_SCHEDULE_EDGE_AUDITED,"Scheduled four islands after first introduction; destination story is load-balanced. This is a curriculum spacing rule, not a universal optimal interval claim."
REC-A1-001600,SEQ-A1-000518,SENSE,SENSE-A1-000531,sobre,LEX-A1-000522,SENSE-A1-000531,,LOCAL_REUSE,A1-M04-I03-S2,A1-M04-I03-S3,A1-M04-I03,A1-M04-I03,CORE_OR_STRUCTURAL_ROUTE,REEXPOSURE_OR_RETRIEVAL,CONTEXTUAL_OR_FUNCTION_BOUND,,NONE,1.44,REQUIRED_SCHEDULE_EDGE_AUDITED,
REC-A1-001601,SEQ-A1-000518,SENSE,SENSE-A1-000531,sobre,LEX-A1-000522,SENSE-A1-000531,,NEAR_TRANSFER,A1-M04-I03-S3,A1-M04-I04-S1,A1-M04-I03,A1-M04-I04,CORE_OR_STRUCTURAL_ROUTE,TRANSFER_IN_CHANGED_CONTEXT,CONTEXTUAL_OR_FUNCTION_BOUND,,NONE,1.44,REQUIRED_SCHEDULE_EDGE_AUDITED,
REC-A1-001602,SEQ-A1-000518,SENSE,SENSE-A1-000531,sobre,LEX-A1-000522,SENSE-A1-000531,,DISTANT_RETURN,A1-M04-I04-S1,A1-M05-I03-S2,A1-M04-I04,A1-M05-I03,CORE_OR_STRUCTURAL_ROUTE,DELAYED_RETRIEVAL_OR_TERMINAL_INTEGRATION,CONTEXTUAL_OR_FUNCTION_BOUND,,NONE,1.44,REQUIRED_SCHEDULE_EDGE_AUDITED,"Scheduled four islands after first introduction; destination story is load-balanced. This is a curriculum spacing rule, not a universal optimal interval claim."
REC-A1-001603,SEQ-A1-000543,MWU_SOURCE_UNIT,12B1-MWU-0100,comprar un billete de ida,,,12B1-MWU-0100,LOCAL_REUSE,A1-M04-I04-S1,A1-M04-I04-S2,A1-M04-I04,A1-M04-I04,CORE_OR_STRUCTURAL_ROUTE,REEXPOSURE_OR_RETRIEVAL,AS_OBJECT_POLICY_REQUIRES,,NONE,1.44,REQUIRED_SCHEDULE_EDGE_AUDITED,
REC-A1-001604,SEQ-A1-000543,MWU_SOURCE_UNIT,12B1-MWU-0100,comprar un billete de ida,,,12B1-MWU-0100,NEAR_TRANSFER,A1-M04-I04-S2,A1-M05-I01-S3,A1-M04-I04,A1-M05-I01,CORE_OR_STRUCTURAL_ROUTE,TRANSFER_IN_CHANGED_CONTEXT,AS_OBJECT_POLICY_REQUIRES,,NONE,1.44,REQUIRED_SCHEDULE_EDGE_AUDITED,
REC-A1-001605,SEQ-A1-000543,MWU_SOURCE_UNIT,12B1-MWU-0100,comprar un billete de ida,,,12B1-MWU-0100,DISTANT_RETURN,A1-M05-I01-S3,A1-M05-I04-S3,A1-M05-I01,A1-M05-I04,CORE_OR_STRUCTURAL_ROUTE,DELAYED_RETRIEVAL_OR_TERMINAL_INTEGRATION,AS_OBJECT_POLICY_REQUIRES,,NONE,1.44,REQUIRED_SCHEDULE_EDGE_AUDITED,"Scheduled four islands after first introduction; destination story is load-balanced. This is a curriculum spacing rule, not a universal optimal interval claim."
REC-A1-001606,SEQ-A1-000546,MWU_SOURCE_UNIT,12B1-MWU-0103,estación de metro,,,12B1-MWU-0103,LOCAL_REUSE,A1-M04-I04-S1,A1-M04-I04-S3,A1-M04-I04,A1-M04-I04,CORE_OR_STRUCTURAL_ROUTE,REEXPOSURE_OR_RETRIEVAL,AS_OBJECT_POLICY_REQUIRES,,NONE,1.44,REQUIRED_SCHEDULE_EDGE_AUDITED,
REC-A1-001607,SEQ-A1-000546,MWU_SOURCE_UNIT,12B1-MWU-0103,estación de metro,,,12B1-MWU-0103,NEAR_TRANSFER,A1-M04-I04-S3,A1-M05-I01-S1,A1-M04-I04,A1-M05-I01,CORE_OR_STRUCTURAL_ROUTE,TRANSFER_IN_CHANGED_CONTEXT,AS_OBJECT_POLICY_REQUIRES,,NONE,1.44,REQUIRED_SCHEDULE_EDGE_AUDITED,
REC-A1-001608,SEQ-A1-000546,MWU_SOURCE_UNIT,12B1-MWU-0103,estación de metro,,,12B1-MWU-0103,DISTANT_RETURN,A1-M05-I01-S1,A1-M05-I04-S3,A1-M05-I01,A1-M05-I04,CORE_OR_STRUCTURAL_ROUTE,DELAYED_RETRIEVAL_OR_TERMINAL_INTEGRATION,AS_OBJECT_POLICY_REQUIRES,,NONE,1.44,REQUIRED_SCHEDULE_EDGE_AUDITED,"Scheduled four islands after first introduction; destination story is load-balanced. This is a curriculum spacing rule, not a universal optimal interval claim."
REC-A1-001609,SEQ-A1-000548,MWU_SOURCE_UNIT,12B1-MWU-0122,parada de autobús,,,12B1-MWU-0122,LOCAL_REUSE,A1-M04-I04-S1,A1-M04-I04-S2,A1-M04-I04,A1-M04-I04,CORE_OR_STRUCTURAL_ROUTE,REEXPOSURE_OR_RETRIEVAL,AS_OBJECT_POLICY_REQUIRES,,NONE,1.44,REQUIRED_SCHEDULE_EDGE_AUDITED,
REC-A1-001610,SEQ-A1-000548,MWU_SOURCE_UNIT,12B1-MWU-0122,parada de autobús,,,12B1-MWU-0122,NEAR_TRANSFER,A1-M04-I04-S2,A1-M05-I01-S2,A1-M04-I04,A1-M05-I01,CORE_OR_STRUCTURAL_ROUTE,TRANSFER_IN_CHANGED_CONTEXT,AS_OBJECT_POLICY_REQUIRES,,NONE,1.44,REQUIRED_SCHEDULE_EDGE_AUDITED,
REC-A1-001611,SEQ-A1-000548,MWU_SOURCE_UNIT,12B1-MWU-0122,parada de autobús,,,12B1-MWU-0122,DISTANT_RETURN,A1-M05-I01-S2,A1-M05-I04-S3,A1-M05-I01,A1-M05-I04,CORE_OR_STRUCTURAL_ROUTE,DELAYED_RETRIEVAL_OR_TERMINAL_INTEGRATION,AS_OBJECT_POLICY_REQUIRES,,NONE,1.44,REQUIRED_SCHEDULE_EDGE_AUDITED,"Scheduled four islands after first introduction; destination story is load-balanced. This is a curriculum spacing rule, not a universal optimal interval claim."
REC-A1-001612,SEQ-A1-000550,MWU_SOURCE_UNIT,12B1-MWU-0124,parada de taxi,,,12B1-MWU-0124,LOCAL_REUSE,A1-M04-I04-S1,A1-M04-I04-S3,A1-M04-I04,A1-M04-I04,CORE_OR_STRUCTURAL_ROUTE,REEXPOSURE_OR_RETRIEVAL,AS_OBJECT_POLICY_REQUIRES,,NONE,1.44,REQUIRED_SCHEDULE_EDGE_AUDITED,
REC-A1-001613,SEQ-A1-000550,MWU_SOURCE_UNIT,12B1-MWU-0124,parada de taxi,,,12B1-MWU-0124,NEAR_TRANSFER,A1-M04-I04-S3,A1-M05-I01-S3,A1-M04-I04,A1-M05-I01,CORE_OR_STRUCTURAL_ROUTE,TRANSFER_IN_CHANGED_CONTEXT,AS_OBJECT_POLICY_REQUIRES,,NONE,1.44,REQUIRED_SCHEDULE_EDGE_AUDITED,
REC-A1-001614,SEQ-A1-000550,MWU_SOURCE_UNIT,12B1-MWU-0124,parada de taxi,,,12B1-MWU-0124,DISTANT_RETURN,A1-M05-I01-S3,A1-M05-I04-S3,A1-M05-I01,A1-M05-I04,CORE_OR_STRUCTURAL_ROUTE,DELAYED_RETRIEVAL_OR_TERMINAL_INTEGRATION,AS_OBJECT_POLICY_REQUIRES,,NONE,1.44,REQUIRED_SCHEDULE_EDGE_AUDITED,"Scheduled four islands after first introduction; destination story is load-balanced. This is a curriculum spacing rule, not a universal optimal interval claim."
REC-A1-001615,SEQ-A1-000552,MWU_SOURCE_UNIT,12B1-MWU-0154,en autobús,,,12B1-MWU-0154,LOCAL_REUSE,A1-M04-I04-S1,A1-M04-I04-S2,A1-M04-I04,A1-M04-I04,CORE_OR_STRUCTURAL_ROUTE,REEXPOSURE_OR_RETRIEVAL,AS_OBJECT_POLICY_REQUIRES,,NONE,1.44,REQUIRED_SCHEDULE_EDGE_AUDITED,
REC-A1-001616,SEQ-A1-000552,MWU_SOURCE_UNIT,12B1-MWU-0154,en autobús,,,12B1-MWU-0154,NEAR_TRANSFER,A1-M04-I04-S2,A1-M05-I01-S1,A1-M04-I04,A1-M05-I01,CORE_OR_STRUCTURAL_ROUTE,TRANSFER_IN_CHANGED_CONTEXT,AS_OBJECT_POLICY_REQUIRES,,NONE,1.44,REQUIRED_SCHEDULE_EDGE_AUDITED,
REC-A1-001617,SEQ-A1-000552,MWU_SOURCE_UNIT,12B1-MWU-0154,en autobús,,,12B1-MWU-0154,DISTANT_RETURN,A1-M05-I01-S1,A1-M05-I04-S3,A1-M05-I01,A1-M05-I04,CORE_OR_STRUCTURAL_ROUTE,DELAYED_RETRIEVAL_OR_TERMINAL_INTEGRATION,AS_OBJECT_POLICY_REQUIRES,,NONE,1.44,REQUIRED_SCHEDULE_EDGE_AUDITED,"Scheduled four islands after first introduction; destination story is load-balanced. This is a curriculum spacing rule, not a universal optimal interval claim."
REC-A1-001618,SEQ-A1-000554,MWU_SOURCE_UNIT,12B1-MWU-0163,en tren,,,12B1-MWU-0163,LOCAL_REUSE,A1-M04-I04-S1,A1-M04-I04-S3,A1-M04-I04,A1-M04-I04,CORE_OR_STRUCTURAL_ROUTE,REEXPOSURE_OR_RETRIEVAL,AS_OBJECT_POLICY_REQUIRES,,NONE,1.44,REQUIRED_SCHEDULE_EDGE_AUDITED,
REC-A1-001619,SEQ-A1-000554,MWU_SOURCE_UNIT,12B1-MWU-0163,en tren,,,12B1-MWU-0163,NEAR_TRANSFER,A1-M04-I04-S3,A1-M05-I01-S2,A1-M04-I04,A1-M05-I01,CORE_OR_STRUCTURAL_ROUTE,TRANSFER_IN_CHANGED_CONTEXT,AS_OBJECT_POLICY_REQUIRES,,NONE,1.44,REQUIRED_SCHEDULE_EDGE_AUDITED,
REC-A1-001620,SEQ-A1-000554,MWU_SOURCE_UNIT,12B1-MWU-0163,en tren,,,12B1-MWU-0163,DISTANT_RETURN,A1-M05-I01-S2,A1-M05-I04-S3,A1-M05-I01,A1-M05-I04,CORE_OR_STRUCTURAL_ROUTE,DELAYED_RETRIEVAL_OR_TERMINAL_INTEGRATION,AS_OBJECT_POLICY_REQUIRES,,NONE,1.44,REQUIRED_SCHEDULE_EDGE_AUDITED,"Scheduled four islands after first introduction; destination story is load-balanced. This is a curriculum spacing rule, not a universal optimal interval claim."
REC-A1-001621,SEQ-A1-000526,SENSE,SENSE-A1-000016,aeropuerto,LEX-A1-000016,SENSE-A1-000016,,LOCAL_REUSE,A1-M04-I04-S1,A1-M04-I04-S2,A1-M04-I04,A1-M04-I04,CORE_OR_STRUCTURAL_ROUTE,REEXPOSURE_OR_RETRIEVAL,CONTEXTUAL_OR_FUNCTION_BOUND,,NONE,1.44,REQUIRED_SCHEDULE_EDGE_AUDITED,
REC-A1-001622,SEQ-A1-000526,SENSE,SENSE-A1-000016,aeropuerto,LEX-A1-000016,SENSE-A1-000016,,NEAR_TRANSFER,A1-M04-I04-S2,A1-M05-I01-S3,A1-M04-I04,A1-M05-I01,CORE_OR_STRUCTURAL_ROUTE,TRANSFER_IN_CHANGED_CONTEXT,CONTEXTUAL_OR_FUNCTION_BOUND,,NONE,1.44,REQUIRED_SCHEDULE_EDGE_AUDITED,
REC-A1-001623,SEQ-A1-000526,SENSE,SENSE-A1-000016,aeropuerto,LEX-A1-000016,SENSE-A1-000016,,DISTANT_RETURN,A1-M05-I01-S3,A1-M05-I04-S3,A1-M05-I01,A1-M05-I04,CORE_OR_STRUCTURAL_ROUTE,DELAYED_RETRIEVAL_OR_TERMINAL_INTEGRATION,CONTEXTUAL_OR_FUNCTION_BOUND,,NONE,1.44,REQUIRED_SCHEDULE_EDGE_AUDITED,"Scheduled four islands after first introduction; destination story is load-balanced. This is a curriculum spacing rule, not a universal optimal interval claim."
REC-A1-001624,SEQ-A1-000528,SENSE,SENSE-A1-000054,autobús,LEX-A1-000054,SENSE-A1-000054,,LOCAL_REUSE,A1-M04-I04-S1,A1-M04-I04-S3,A1-M04-I04,A1-M04-I04,CORE_OR_STRUCTURAL_ROUTE,REEXPOSURE_OR_RETRIEVAL,CONTEXTUAL_OR_FUNCTION_BOUND,,NONE,1.44,REQUIRED_SCHEDULE_EDGE_AUDITED,
REC-A1-001625,SEQ-A1-000528,SENSE,SENSE-A1-000054,autobús,LEX-A1-000054,SENSE-A1-000054,,NEAR_TRANSFER,A1-M04-I04-S3,A1-M05-I01-S1,A1-M04-I04,A1-M05-I01,CORE_OR_STRUCTURAL_ROUTE,TRANSFER_IN_CHANGED_CONTEXT,CONTEXTUAL_OR_FUNCTION_BOUND,,NONE,1.44,REQUIRED_SCHEDULE_EDGE_AUDITED,
REC-A1-001626,SEQ-A1-000528,SENSE,SENSE-A1-000054,autobús,LEX-A1-000054,SENSE-A1-000054,,DISTANT_RETURN,A1-M05-I01-S1,A1-M05-I04-S3,A1-M05-I01,A1-M05-I04,CORE_OR_STRUCTURAL_ROUTE,DELAYED_RETRIEVAL_OR_TERMINAL_INTEGRATION,CONTEXTUAL_OR_FUNCTION_BOUND,,NONE,1.44,REQUIRED_SCHEDULE_EDGE_AUDITED,"Scheduled four islands after first introduction; destination story is load-balanced. This is a curriculum spacing rule, not a universal optimal interval claim."
REC-A1-001627,SEQ-A1-000530,SENSE,SENSE-A1-000078,boleto,LEX-A1-000077,SENSE-A1-000078,,LOCAL_RECEPTIVE_REUSE,A1-M04-I04-S1,A1-M04-I04-S2,A1-M04-I04,A1-M04-I04,REGIONAL_RECEPTIVE_ROUTE,RECOGNITION,NO_UNIVERSAL_PRODUCTIVE_DEMAND,RECEPTIVE_PROFILE_RULE_PRESERVED,NONE,1.44,REQUIRED_SCHEDULE_EDGE_AUDITED,
REC-A1-001628,SEQ-A1-000530,SENSE,SENSE-A1-000078,boleto,LEX-A1-000077,SENSE-A1-000078,,REGIONAL_NEAR_RECOGNITION,A1-M04-I04-S2,A1-M05-I01-S2,A1-M04-I04,A1-M05-I01,REGIONAL_RECEPTIVE_ROUTE,RECOGNITION_IN_CHANGED_CONTEXT,NO_UNIVERSAL_PRODUCTIVE_DEMAND,RECEPTIVE_PROFILE_RULE_PRESERVED,NONE,1.44,REQUIRED_SCHEDULE_EDGE_AUDITED,
REC-A1-001629,SEQ-A1-000530,SENSE,SENSE-A1-000078,boleto,LEX-A1-000077,SENSE-A1-000078,,REGIONAL_LATER_RECOGNITION,A1-M05-I01-S2,A1-M05-I04-S3,A1-M05-I01,A1-M05-I04,REGIONAL_RECEPTIVE_ROUTE,LATER_RECOGNITION,NO_UNIVERSAL_PRODUCTIVE_DEMAND,RECEPTIVE_PROFILE_RULE_PRESERVED,NONE,1.44,REQUIRED_SCHEDULE_EDGE_AUDITED,"Scheduled four islands after first introduction; destination story is load-balanced. This is a curriculum spacing rule, not a universal optimal interval claim."
REC-A1-001630,SEQ-A1-000532,SENSE,SENSE-A1-000159,conducir,LEX-A1-000157,SENSE-A1-000159,,LOCAL_REUSE,A1-M04-I04-S1,A1-M04-I04-S3,A1-M04-I04,A1-M04-I04,CORE_OR_STRUCTURAL_ROUTE,REEXPOSURE_OR_RETRIEVAL,CONTEXTUAL_OR_FUNCTION_BOUND,,NONE,1.44,REQUIRED_SCHEDULE_EDGE_AUDITED,
REC-A1-001631,SEQ-A1-000532,SENSE,SENSE-A1-000159,conducir,LEX-A1-000157,SENSE-A1-000159,,NEAR_TRANSFER,A1-M04-I04-S3,A1-M05-I01-S3,A1-M04-I04,A1-M05-I01,CORE_OR_STRUCTURAL_ROUTE,TRANSFER_IN_CHANGED_CONTEXT,CONTEXTUAL_OR_FUNCTION_BOUND,,NONE,1.44,REQUIRED_SCHEDULE_EDGE_AUDITED,
REC-A1-001632,SEQ-A1-000532,SENSE,SENSE-A1-000159,conducir,LEX-A1-000157,SENSE-A1-000159,,DISTANT_RETURN,A1-M05-I01-S3,A1-M05-I04-S3,A1-M05-I01,A1-M05-I04,CORE_OR_STRUCTURAL_ROUTE,DELAYED_RETRIEVAL_OR_TERMINAL_INTEGRATION,CONTEXTUAL_OR_FUNCTION_BOUND,,NONE,1.44,REQUIRED_SCHEDULE_EDGE_AUDITED,"Scheduled four islands after first introduction; destination story is load-balanced. This is a curriculum spacing rule, not a universal optimal interval claim."
REC-A1-001633,SEQ-A1-000534,SENSE,SENSE-A1-000234,estación,LEX-A1-000230,SENSE-A1-000234,,LOCAL_REUSE,A1-M04-I04-S1,A1-M04-I04-S2,A1-M04-I04,A1-M04-I04,CORE_OR_STRUCTURAL_ROUTE,REEXPOSURE_OR_RETRIEVAL,CONTEXTUAL_OR_FUNCTION_BOUND,,NONE,1.44,REQUIRED_SCHEDULE_EDGE_AUDITED,
REC-A1-001634,SEQ-A1-000534,SENSE,SENSE-A1-000234,estación,LEX-A1-000230,SENSE-A1-000234,,NEAR_TRANSFER,A1-M04-I04-S2,A1-M05-I01-S1,A1-M04-I04,A1-M05-I01,CORE_OR_STRUCTURAL_ROUTE,TRANSFER_IN_CHANGED_CONTEXT,CONTEXTUAL_OR_FUNCTION_BOUND,,NONE,1.44,REQUIRED_SCHEDULE_EDGE_AUDITED,
REC-A1-001635,SEQ-A1-000534,SENSE,SENSE-A1-000234,estación,LEX-A1-000230,SENSE-A1-000234,,DISTANT_RETURN,A1-M05-I01-S1,A1-M05-I04-S3,A1-M05-I01,A1-M05-I04,CORE_OR_STRUCTURAL_ROUTE,DELAYED_RETRIEVAL_OR_TERMINAL_INTEGRATION,CONTEXTUAL_OR_FUNCTION_BOUND,,NONE,1.44,REQUIRED_SCHEDULE_EDGE_AUDITED,"Scheduled four islands after first introduction; destination story is load-balanced. This is a curriculum spacing rule, not a universal optimal interval claim."
REC-A1-001636,SEQ-A1-000536,SENSE,SENSE-A1-000300,ida,LEX-A1-000295,SENSE-A1-000300,,LOCAL_REUSE,A1-M04-I04-S1,A1-M04-I04-S3,A1-M04-I04,A1-M04-I04,CORE_OR_STRUCTURAL_ROUTE,REEXPOSURE_OR_RETRIEVAL,CONTEXTUAL_OR_FUNCTION_BOUND,,NONE,1.44,REQUIRED_SCHEDULE_EDGE_AUDITED,
REC-A1-001637,SEQ-A1-000536,SENSE,SENSE-A1-000300,ida,LEX-A1-000295,SENSE-A1-000300,,NEAR_TRANSFER,A1-M04-I04-S3,A1-M05-I01-S2,A1-M04-I04,A1-M05-I01,CORE_OR_STRUCTURAL_ROUTE,TRANSFER_IN_CHANGED_CONTEXT,CONTEXTUAL_OR_FUNCTION_BOUND,,NONE,1.44,REQUIRED_SCHEDULE_EDGE_AUDITED,
REC-A1-001638,SEQ-A1-000536,SENSE,SENSE-A1-000300,ida,LEX-A1-000295,SENSE-A1-000300,,DISTANT_RETURN,A1-M05-I01-S2,A1-M05-I04-S3,A1-M05-I01,A1-M05-I04,CORE_OR_STRUCTURAL_ROUTE,DELAYED_RETRIEVAL_OR_TERMINAL_INTEGRATION,CONTEXTUAL_OR_FUNCTION_BOUND,,NONE,1.44,REQUIRED_SCHEDULE_EDGE_AUDITED,"Scheduled four islands after first introduction; destination story is load-balanced. This is a curriculum spacing rule, not a universal optimal interval claim."
REC-A1-001639,SEQ-A1-000538,SENSE,SENSE-A1-000433,parada,LEX-A1-000425,SENSE-A1-000433,,LOCAL_REUSE,A1-M04-I04-S1,A1-M04-I04-S2,A1-M04-I04,A1-M04-I04,CORE_OR_STRUCTURAL_ROUTE,REEXPOSURE_OR_RETRIEVAL,CONTEXTUAL_OR_FUNCTION_BOUND,,NONE,1.44,REQUIRED_SCHEDULE_EDGE_AUDITED,
REC-A1-001640,SEQ-A1-000538,SENSE,SENSE-A1-000433,parada,LEX-A1-000425,SENSE-A1-000433,,NEAR_TRANSFER,A1-M04-I04-S2,A1-M05-I01-S3,A1-M04-I04,A1-M05-I01,CORE_OR_STRUCTURAL_ROUTE,TRANSFER_IN_CHANGED_CONTEXT,CONTEXTUAL_OR_FUNCTION_BOUND,,NONE,1.44,REQUIRED_SCHEDULE_EDGE_AUDITED,
REC-A1-001641,SEQ-A1-000538,SENSE,SENSE-A1-000433,parada,LEX-A1-000425,SENSE-A1-000433,,DISTANT_RETURN,A1-M05-I01-S3,A1-M05-I04-S3,A1-M05-I01,A1-M05-I04,CORE_OR_STRUCTURAL_ROUTE,DELAYED_RETRIEVAL_OR_TERMINAL_INTEGRATION,CONTEXTUAL_OR_FUNCTION_BOUND,,NONE,1.44,REQUIRED_SCHEDULE_EDGE_AUDITED,"Scheduled four islands after first introduction; destination story is load-balanced. This is a curriculum spacing rule, not a universal optimal interval claim."
REC-A1-001642,SEQ-A1-000540,SENSE,SENSE-A1-000548,taxista,LEX-A1-000539,SENSE-A1-000548,,LOCAL_REUSE,A1-M04-I04-S1,A1-M04-I04-S3,A1-M04-I04,A1-M04-I04,CORE_OR_STRUCTURAL_ROUTE,REEXPOSURE_OR_RETRIEVAL,CONTEXTUAL_OR_FUNCTION_BOUND,,NONE,1.44,REQUIRED_SCHEDULE_EDGE_AUDITED,
REC-A1-001643,SEQ-A1-000540,SENSE,SENSE-A1-000548,taxista,LEX-A1-000539,SENSE-A1-000548,,NEAR_TRANSFER,A1-M04-I04-S3,A1-M05-I01-S1,A1-M04-I04,A1-M05-I01,CORE_OR_STRUCTURAL_ROUTE,TRANSFER_IN_CHANGED_CONTEXT,CONTEXTUAL_OR_FUNCTION_BOUND,,NONE,1.44,REQUIRED_SCHEDULE_EDGE_AUDITED,
REC-A1-001644,SEQ-A1-000540,SENSE,SENSE-A1-000548,taxista,LEX-A1-000539,SENSE-A1-000548,,DISTANT_RETURN,A1-M05-I01-S1,A1-M05-I04-S3,A1-M05-I01,A1-M05-I04,CORE_OR_STRUCTURAL_ROUTE,DELAYED_RETRIEVAL_OR_TERMINAL_INTEGRATION,CONTEXTUAL_OR_FUNCTION_BOUND,,NONE,1.44,REQUIRED_SCHEDULE_EDGE_AUDITED,"Scheduled four islands after first introduction; destination story is load-balanced. This is a curriculum spacing rule, not a universal optimal interval claim."
REC-A1-001645,SEQ-A1-000542,SENSE,SENSE-A1-000603,vuelta,LEX-A1-000594,SENSE-A1-000603,,LOCAL_REUSE,A1-M04-I04-S1,A1-M04-I04-S2,A1-M04-I04,A1-M04-I04,CORE_OR_STRUCTURAL_ROUTE,REEXPOSURE_OR_RETRIEVAL,CONTEXTUAL_OR_FUNCTION_BOUND,,NONE,1.44,REQUIRED_SCHEDULE_EDGE_AUDITED,
REC-A1-001646,SEQ-A1-000542,SENSE,SENSE-A1-000603,vuelta,LEX-A1-000594,SENSE-A1-000603,,NEAR_TRANSFER,A1-M04-I04-S2,A1-M05-I01-S2,A1-M04-I04,A1-M05-I01,CORE_OR_STRUCTURAL_ROUTE,TRANSFER_IN_CHANGED_CONTEXT,CONTEXTUAL_OR_FUNCTION_BOUND,,NONE,1.44,REQUIRED_SCHEDULE_EDGE_AUDITED,
REC-A1-001647,SEQ-A1-000542,SENSE,SENSE-A1-000603,vuelta,LEX-A1-000594,SENSE-A1-000603,,DISTANT_RETURN,A1-M05-I01-S2,A1-M05-I04-S3,A1-M05-I01,A1-M05-I04,CORE_OR_STRUCTURAL_ROUTE,DELAYED_RETRIEVAL_OR_TERMINAL_INTEGRATION,CONTEXTUAL_OR_FUNCTION_BOUND,,NONE,1.44,REQUIRED_SCHEDULE_EDGE_AUDITED,"Scheduled four islands after first introduction; destination story is load-balanced. This is a curriculum spacing rule, not a universal optimal interval claim."
REC-A1-001648,SEQ-A1-000544,MWU_SOURCE_UNIT,12B1-MWU-0101,comprar un billete de ida y vuelta,,,12B1-MWU-0101,LOCAL_REUSE,A1-M04-I04-S2,A1-M04-I04-S3,A1-M04-I04,A1-M04-I04,CORE_OR_STRUCTURAL_ROUTE,REEXPOSURE_OR_RETRIEVAL,AS_OBJECT_POLICY_REQUIRES,,NONE,1.44,REQUIRED_SCHEDULE_EDGE_AUDITED,
REC-A1-001649,SEQ-A1-000544,MWU_SOURCE_UNIT,12B1-MWU-0101,comprar un billete de ida y vuelta,,,12B1-MWU-0101,NEAR_TRANSFER,A1-M04-I04-S3,A1-M05-I01-S3,A1-M04-I04,A1-M05-I01,CORE_OR_STRUCTURAL_ROUTE,TRANSFER_IN_CHANGED_CONTEXT,AS_OBJECT_POLICY_REQUIRES,,NONE,1.44,REQUIRED_SCHEDULE_EDGE_AUDITED,
REC-A1-001650,SEQ-A1-000544,MWU_SOURCE_UNIT,12B1-MWU-0101,comprar un billete de ida y vuelta,,,12B1-MWU-0101,DISTANT_RETURN,A1-M05-I01-S3,A1-M05-I04-S3,A1-M05-I01,A1-M05-I04,CORE_OR_STRUCTURAL_ROUTE,DELAYED_RETRIEVAL_OR_TERMINAL_INTEGRATION,AS_OBJECT_POLICY_REQUIRES,,NONE,1.44,REQUIRED_SCHEDULE_EDGE_AUDITED,"Scheduled four islands after first introduction; destination story is load-balanced. This is a curriculum spacing rule, not a universal optimal interval claim."
REC-A1-001651,SEQ-A1-000545,MWU_SOURCE_UNIT,12B1-MWU-0102,estación de autobuses,,,12B1-MWU-0102,LOCAL_REUSE,A1-M04-I04-S2,A1-M04-I04-S3,A1-M04-I04,A1-M04-I04,CORE_OR_STRUCTURAL_ROUTE,REEXPOSURE_OR_RETRIEVAL,AS_OBJECT_POLICY_REQUIRES,,NONE,1.44,REQUIRED_SCHEDULE_EDGE_AUDITED,
REC-A1-001652,SEQ-A1-000545,MWU_SOURCE_UNIT,12B1-MWU-0102,estación de autobuses,,,12B1-MWU-0102,NEAR_TRANSFER,A1-M04-I04-S3,A1-M05-I01-S1,A1-M04-I04,A1-M05-I01,CORE_OR_STRUCTURAL_ROUTE,TRANSFER_IN_CHANGED_CONTEXT,AS_OBJECT_POLICY_REQUIRES,,NONE,1.44,REQUIRED_SCHEDULE_EDGE_AUDITED,
REC-A1-001653,SEQ-A1-000545,MWU_SOURCE_UNIT,12B1-MWU-0102,estación de autobuses,,,12B1-MWU-0102,DISTANT_RETURN,A1-M05-I01-S1,A1-M05-I04-S3,A1-M05-I01,A1-M05-I04,CORE_OR_STRUCTURAL_ROUTE,DELAYED_RETRIEVAL_OR_TERMINAL_INTEGRATION,AS_OBJECT_POLICY_REQUIRES,,NONE,1.44,REQUIRED_SCHEDULE_EDGE_AUDITED,"Scheduled four islands after first introduction; destination story is load-balanced. This is a curriculum spacing rule, not a universal optimal interval claim."
REC-A1-001654,SEQ-A1-000547,MWU_SOURCE_UNIT,12B1-MWU-0104,estación de tren,,,12B1-MWU-0104,LOCAL_REUSE,A1-M04-I04-S2,A1-M04-I04-S3,A1-M04-I04,A1-M04-I04,CORE_OR_STRUCTURAL_ROUTE,REEXPOSURE_OR_RETRIEVAL,AS_OBJECT_POLICY_REQUIRES,,NONE,1.44,REQUIRED_SCHEDULE_EDGE_AUDITED,
REC-A1-001655,SEQ-A1-000547,MWU_SOURCE_UNIT,12B1-MWU-0104,estación de tren,,,12B1-MWU-0104,NEAR_TRANSFER,A1-M04-I04-S3,A1-M05-I01-S2,A1-M04-I04,A1-M05-I01,CORE_OR_STRUCTURAL_ROUTE,TRANSFER_IN_CHANGED_CONTEXT,AS_OBJECT_POLICY_REQUIRES,,NONE,1.44,REQUIRED_SCHEDULE_EDGE_AUDITED,
REC-A1-001656,SEQ-A1-000547,MWU_SOURCE_UNIT,12B1-MWU-0104,estación de tren,,,12B1-MWU-0104,DISTANT_RETURN,A1-M05-I01-S2,A1-M05-I04-S3,A1-M05-I01,A1-M05-I04,CORE_OR_STRUCTURAL_ROUTE,DELAYED_RETRIEVAL_OR_TERMINAL_INTEGRATION,AS_OBJECT_POLICY_REQUIRES,,NONE,1.44,REQUIRED_SCHEDULE_EDGE_AUDITED,"Scheduled four islands after first introduction; destination story is load-balanced. This is a curriculum spacing rule, not a universal optimal interval claim."
REC-A1-001657,SEQ-A1-000549,MWU_SOURCE_UNIT,12B1-MWU-0123,parada de metro,,,12B1-MWU-0123,LOCAL_REUSE,A1-M04-I04-S2,A1-M04-I04-S3,A1-M04-I04,A1-M04-I04,CORE_OR_STRUCTURAL_ROUTE,REEXPOSURE_OR_RETRIEVAL,AS_OBJECT_POLICY_REQUIRES,,NONE,1.44,REQUIRED_SCHEDULE_EDGE_AUDITED,
REC-A1-001658,SEQ-A1-000549,MWU_SOURCE_UNIT,12B1-MWU-0123,parada de metro,,,12B1-MWU-0123,NEAR_TRANSFER,A1-M04-I04-S3,A1-M05-I01-S3,A1-M04-I04,A1-M05-I01,CORE_OR_STRUCTURAL_ROUTE,TRANSFER_IN_CHANGED_CONTEXT,AS_OBJECT_POLICY_REQUIRES,,NONE,1.44,REQUIRED_SCHEDULE_EDGE_AUDITED,
REC-A1-001659,SEQ-A1-000549,MWU_SOURCE_UNIT,12B1-MWU-0123,parada de metro,,,12B1-MWU-0123,DISTANT_RETURN,A1-M05-I01-S3,A1-M05-I04-S3,A1-M05-I01,A1-M05-I04,CORE_OR_STRUCTURAL_ROUTE,DELAYED_RETRIEVAL_OR_TERMINAL_INTEGRATION,AS_OBJECT_POLICY_REQUIRES,,NONE,1.44,REQUIRED_SCHEDULE_EDGE_AUDITED,"Scheduled four islands after first introduction; destination story is load-balanced. This is a curriculum spacing rule, not a universal optimal interval claim."
REC-A1-001660,SEQ-A1-000551,MWU_SOURCE_UNIT,12B1-MWU-0140,parada de taxis,,,12B1-MWU-0140,LOCAL_REUSE,A1-M04-I04-S2,A1-M04-I04-S3,A1-M04-I04,A1-M04-I04,CORE_OR_STRUCTURAL_ROUTE,REEXPOSURE_OR_RETRIEVAL,AS_OBJECT_POLICY_REQUIRES,,NONE,1.44,REQUIRED_SCHEDULE_EDGE_AUDITED,
REC-A1-001661,SEQ-A1-000551,MWU_SOURCE_UNIT,12B1-MWU-0140,parada de taxis,,,12B1-MWU-0140,NEAR_TRANSFER,A1-M04-I04-S3,A1-M05-I01-S1,A1-M04-I04,A1-M05-I01,CORE_OR_STRUCTURAL_ROUTE,TRANSFER_IN_CHANGED_CONTEXT,AS_OBJECT_POLICY_REQUIRES,,NONE,1.44,REQUIRED_SCHEDULE_EDGE_AUDITED,
REC-A1-001662,SEQ-A1-000551,MWU_SOURCE_UNIT,12B1-MWU-0140,parada de taxis,,,12B1-MWU-0140,DISTANT_RETURN,A1-M05-I01-S1,A1-M05-I04-S1,A1-M05-I01,A1-M05-I04,CORE_OR_STRUCTURAL_ROUTE,DELAYED_RETRIEVAL_OR_TERMINAL_INTEGRATION,AS_OBJECT_POLICY_REQUIRES,,NONE,1.44,REQUIRED_SCHEDULE_EDGE_AUDITED,"Scheduled four islands after first introduction; destination story is load-balanced. This is a curriculum spacing rule, not a universal optimal interval claim."
REC-A1-001663,SEQ-A1-000553,MWU_SOURCE_UNIT,12B1-MWU-0162,en metro,,,12B1-MWU-0162,LOCAL_REUSE,A1-M04-I04-S2,A1-M04-I04-S3,A1-M04-I04,A1-M04-I04,CORE_OR_STRUCTURAL_ROUTE,REEXPOSURE_OR_RETRIEVAL,AS_OBJECT_POLICY_REQUIRES,,NONE,1.44,REQUIRED_SCHEDULE_EDGE_AUDITED,
REC-A1-001664,SEQ-A1-000553,MWU_SOURCE_UNIT,12B1-MWU-0162,en metro,,,12B1-MWU-0162,NEAR_TRANSFER,A1-M04-I04-S3,A1-M05-I01-S2,A1-M04-I04,A1-M05-I01,CORE_OR_STRUCTURAL_ROUTE,TRANSFER_IN_CHANGED_CONTEXT,AS_OBJECT_POLICY_REQUIRES,,NONE,1.44,REQUIRED_SCHEDULE_EDGE_AUDITED,
REC-A1-001665,SEQ-A1-000553,MWU_SOURCE_UNIT,12B1-MWU-0162,en metro,,,12B1-MWU-0162,DISTANT_RETURN,A1-M05-I01-S2,A1-M05-I04-S2,A1-M05-I01,A1-M05-I04,CORE_OR_STRUCTURAL_ROUTE,DELAYED_RETRIEVAL_OR_TERMINAL_INTEGRATION,AS_OBJECT_POLICY_REQUIRES,,NONE,1.44,REQUIRED_SCHEDULE_EDGE_AUDITED,"Scheduled four islands after first introduction; destination story is load-balanced. This is a curriculum spacing rule, not a universal optimal interval claim."
REC-A1-001666,SEQ-A1-000527,SENSE,SENSE-A1-000044,aparcamiento,LEX-A1-000044,SENSE-A1-000044,,LOCAL_REUSE,A1-M04-I04-S2,A1-M04-I04-S3,A1-M04-I04,A1-M04-I04,CORE_OR_STRUCTURAL_ROUTE,REEXPOSURE_OR_RETRIEVAL,CONTEXTUAL_OR_FUNCTION_BOUND,,NONE,1.44,REQUIRED_SCHEDULE_EDGE_AUDITED,
REC-A1-001667,SEQ-A1-000527,SENSE,SENSE-A1-000044,aparcamiento,LEX-A1-000044,SENSE-A1-000044,,NEAR_TRANSFER,A1-M04-I04-S3,A1-M05-I01-S3,A1-M04-I04,A1-M05-I01,CORE_OR_STRUCTURAL_ROUTE,TRANSFER_IN_CHANGED_CONTEXT,CONTEXTUAL_OR_FUNCTION_BOUND,,NONE,1.44,REQUIRED_SCHEDULE_EDGE_AUDITED,
REC-A1-001668,SEQ-A1-000527,SENSE,SENSE-A1-000044,aparcamiento,LEX-A1-000044,SENSE-A1-000044,,DISTANT_RETURN,A1-M05-I01-S3,A1-M05-I04-S3,A1-M05-I01,A1-M05-I04,CORE_OR_STRUCTURAL_ROUTE,DELAYED_RETRIEVAL_OR_TERMINAL_INTEGRATION,CONTEXTUAL_OR_FUNCTION_BOUND,,NONE,1.44,REQUIRED_SCHEDULE_EDGE_AUDITED,"Scheduled four islands after first introduction; destination story is load-balanced. This is a curriculum spacing rule, not a universal optimal interval claim."
REC-A1-001669,SEQ-A1-000529,SENSE,SENSE-A1-000074,billete,LEX-A1-000074,SENSE-A1-000074,,LOCAL_REUSE,A1-M04-I04-S2,A1-M04-I04-S3,A1-M04-I04,A1-M04-I04,CORE_OR_STRUCTURAL_ROUTE,REEXPOSURE_OR_RETRIEVAL,CONTEXTUAL_OR_FUNCTION_BOUND,,NONE,1.44,REQUIRED_SCHEDULE_EDGE_AUDITED,
REC-A1-001670,SEQ-A1-000529,SENSE,SENSE-A1-000074,billete,LEX-A1-000074,SENSE-A1-000074,,NEAR_TRANSFER,A1-M04-I04-S3,A1-M05-I01-S1,A1-M04-I04,A1-M05-I01,CORE_OR_STRUCTURAL_ROUTE,TRANSFER_IN_CHANGED_CONTEXT,CONTEXTUAL_OR_FUNCTION_BOUND,,NONE,1.44,REQUIRED_SCHEDULE_EDGE_AUDITED,
REC-A1-001671,SEQ-A1-000529,SENSE,SENSE-A1-000074,billete,LEX-A1-000074,SENSE-A1-000074,,DISTANT_RETURN,A1-M05-I01-S1,A1-M05-I04-S1,A1-M05-I01,A1-M05-I04,CORE_OR_STRUCTURAL_ROUTE,DELAYED_RETRIEVAL_OR_TERMINAL_INTEGRATION,CONTEXTUAL_OR_FUNCTION_BOUND,,NONE,1.44,REQUIRED_SCHEDULE_EDGE_AUDITED,"Scheduled four islands after first introduction; destination story is load-balanced. This is a curriculum spacing rule, not a universal optimal interval claim."
REC-A1-001672,SEQ-A1-000531,SENSE,SENSE-A1-000141,coche,LEX-A1-000139,SENSE-A1-000141,,LOCAL_REUSE,A1-M04-I04-S2,A1-M04-I04-S3,A1-M04-I04,A1-M04-I04,CORE_OR_STRUCTURAL_ROUTE,REEXPOSURE_OR_RETRIEVAL,CONTEXTUAL_OR_FUNCTION_BOUND,,NONE,1.44,REQUIRED_SCHEDULE_EDGE_AUDITED,
REC-A1-001673,SEQ-A1-000531,SENSE,SENSE-A1-000141,coche,LEX-A1-000139,SENSE-A1-000141,,NEAR_TRANSFER,A1-M04-I04-S3,A1-M05-I01-S2,A1-M04-I04,A1-M05-I01,CORE_OR_STRUCTURAL_ROUTE,TRANSFER_IN_CHANGED_CONTEXT,CONTEXTUAL_OR_FUNCTION_BOUND,,NONE,1.44,REQUIRED_SCHEDULE_EDGE_AUDITED,
REC-A1-001674,SEQ-A1-000531,SENSE,SENSE-A1-000141,coche,LEX-A1-000139,SENSE-A1-000141,,DISTANT_RETURN,A1-M05-I01-S2,A1-M05-I04-S2,A1-M05-I01,A1-M05-I04,CORE_OR_STRUCTURAL_ROUTE,DELAYED_RETRIEVAL_OR_TERMINAL_INTEGRATION,CONTEXTUAL_OR_FUNCTION_BOUND,,NONE,1.44,REQUIRED_SCHEDULE_EDGE_AUDITED,"Scheduled four islands after first introduction; destination story is load-balanced. This is a curriculum spacing rule, not a universal optimal interval claim."
REC-A1-001675,SEQ-A1-000533,SENSE,SENSE-A1-000160,conductor,LEX-A1-000158,SENSE-A1-000160,,LOCAL_REUSE,A1-M04-I04-S2,A1-M04-I04-S3,A1-M04-I04,A1-M04-I04,CORE_OR_STRUCTURAL_ROUTE,REEXPOSURE_OR_RETRIEVAL,CONTEXTUAL_OR_FUNCTION_BOUND,,NONE,1.44,REQUIRED_SCHEDULE_EDGE_AUDITED,
REC-A1-001676,SEQ-A1-000533,SENSE,SENSE-A1-000160,conductor,LEX-A1-000158,SENSE-A1-000160,,NEAR_TRANSFER,A1-M04-I04-S3,A1-M05-I01-S3,A1-M04-I04,A1-M05-I01,CORE_OR_STRUCTURAL_ROUTE,TRANSFER_IN_CHANGED_CONTEXT,CONTEXTUAL_OR_FUNCTION_BOUND,,NONE,1.44,REQUIRED_SCHEDULE_EDGE_AUDITED,
REC-A1-001677,SEQ-A1-000533,SENSE,SENSE-A1-000160,conductor,LEX-A1-000158,SENSE-A1-000160,,DISTANT_RETURN,A1-M05-I01-S3,A1-M05-I04-S3,A1-M05-I01,A1-M05-I04,CORE_OR_STRUCTURAL_ROUTE,DELAYED_RETRIEVAL_OR_TERMINAL_INTEGRATION,CONTEXTUAL_OR_FUNCTION_BOUND,,NONE,1.44,REQUIRED_SCHEDULE_EDGE_AUDITED,"Scheduled four islands after first introduction; destination story is load-balanced. This is a curriculum spacing rule, not a universal optimal interval claim."
REC-A1-001678,SEQ-A1-000535,SENSE,SENSE-A1-000295,horario,LEX-A1-000290,SENSE-A1-000295,,LOCAL_REUSE,A1-M04-I04-S2,A1-M04-I04-S3,A1-M04-I04,A1-M04-I04,CORE_OR_STRUCTURAL_ROUTE,REEXPOSURE_OR_RETRIEVAL,CONTEXTUAL_OR_FUNCTION_BOUND,,NONE,1.44,REQUIRED_SCHEDULE_EDGE_AUDITED,
REC-A1-001679,SEQ-A1-000535,SENSE,SENSE-A1-000295,horario,LEX-A1-000290,SENSE-A1-000295,,NEAR_TRANSFER,A1-M04-I04-S3,A1-M05-I01-S1,A1-M04-I04,A1-M05-I01,CORE_OR_STRUCTURAL_ROUTE,TRANSFER_IN_CHANGED_CONTEXT,CONTEXTUAL_OR_FUNCTION_BOUND,,NONE,1.44,REQUIRED_SCHEDULE_EDGE_AUDITED,
REC-A1-001680,SEQ-A1-000535,SENSE,SENSE-A1-000295,horario,LEX-A1-000290,SENSE-A1-000295,,DISTANT_RETURN,A1-M05-I01-S1,A1-M05-I04-S1,A1-M05-I01,A1-M05-I04,CORE_OR_STRUCTURAL_ROUTE,DELAYED_RETRIEVAL_OR_TERMINAL_INTEGRATION,CONTEXTUAL_OR_FUNCTION_BOUND,,NONE,1.44,REQUIRED_SCHEDULE_EDGE_AUDITED,"Scheduled four islands after first introduction; destination story is load-balanced. This is a curriculum spacing rule, not a universal optimal interval claim."
REC-A1-001681,SEQ-A1-000537,SENSE,SENSE-A1-000372,metro,LEX-A1-000366,SENSE-A1-000372,,LOCAL_REUSE,A1-M04-I04-S2,A1-M04-I04-S3,A1-M04-I04,A1-M04-I04,CORE_OR_STRUCTURAL_ROUTE,REEXPOSURE_OR_RETRIEVAL,CONTEXTUAL_OR_FUNCTION_BOUND,,NONE,1.44,REQUIRED_SCHEDULE_EDGE_AUDITED,
REC-A1-001682,SEQ-A1-000537,SENSE,SENSE-A1-000372,metro,LEX-A1-000366,SENSE-A1-000372,,NEAR_TRANSFER,A1-M04-I04-S3,A1-M05-I01-S2,A1-M04-I04,A1-M05-I01,CORE_OR_STRUCTURAL_ROUTE,TRANSFER_IN_CHANGED_CONTEXT,CONTEXTUAL_OR_FUNCTION_BOUND,,NONE,1.44,REQUIRED_SCHEDULE_EDGE_AUDITED,
REC-A1-001683,SEQ-A1-000537,SENSE,SENSE-A1-000372,metro,LEX-A1-000366,SENSE-A1-000372,,DISTANT_RETURN,A1-M05-I01-S2,A1-M05-I04-S2,A1-M05-I01,A1-M05-I04,CORE_OR_STRUCTURAL_ROUTE,DELAYED_RETRIEVAL_OR_TERMINAL_INTEGRATION,CONTEXTUAL_OR_FUNCTION_BOUND,,NONE,1.44,REQUIRED_SCHEDULE_EDGE_AUDITED,"Scheduled four islands after first introduction; destination story is load-balanced. This is a curriculum spacing rule, not a universal optimal interval claim."
REC-A1-001684,SEQ-A1-000539,SENSE,SENSE-A1-000547,taxi,LEX-A1-000538,SENSE-A1-000547,,LOCAL_REUSE,A1-M04-I04-S2,A1-M04-I04-S3,A1-M04-I04,A1-M04-I04,CORE_OR_STRUCTURAL_ROUTE,REEXPOSURE_OR_RETRIEVAL,CONTEXTUAL_OR_FUNCTION_BOUND,,NONE,1.44,REQUIRED_SCHEDULE_EDGE_AUDITED,
REC-A1-001685,SEQ-A1-000539,SENSE,SENSE-A1-000547,taxi,LEX-A1-000538,SENSE-A1-000547,,NEAR_TRANSFER,A1-M04-I04-S3,A1-M05-I01-S3,A1-M04-I04,A1-M05-I01,CORE_OR_STRUCTURAL_ROUTE,TRANSFER_IN_CHANGED_CONTEXT,CONTEXTUAL_OR_FUNCTION_BOUND,,NONE,1.44,REQUIRED_SCHEDULE_EDGE_AUDITED,
REC-A1-001686,SEQ-A1-000539,SENSE,SENSE-A1-000547,taxi,LEX-A1-000538,SENSE-A1-000547,,DISTANT_RETURN,A1-M05-I01-S3,A1-M05-I04-S3,A1-M05-I01,A1-M05-I04,CORE_OR_STRUCTURAL_ROUTE,DELAYED_RETRIEVAL_OR_TERMINAL_INTEGRATION,CONTEXTUAL_OR_FUNCTION_BOUND,,NONE,1.44,REQUIRED_SCHEDULE_EDGE_AUDITED,"Scheduled four islands after first introduction; destination story is load-balanced. This is a curriculum spacing rule, not a universal optimal interval claim."
REC-A1-001687,SEQ-A1-000541,SENSE,SENSE-A1-000570,tren,LEX-A1-000561,SENSE-A1-000570,,LOCAL_REUSE,A1-M04-I04-S2,A1-M04-I04-S3,A1-M04-I04,A1-M04-I04,CORE_OR_STRUCTURAL_ROUTE,REEXPOSURE_OR_RETRIEVAL,CONTEXTUAL_OR_FUNCTION_BOUND,,NONE,1.44,REQUIRED_SCHEDULE_EDGE_AUDITED,
REC-A1-001688,SEQ-A1-000541,SENSE,SENSE-A1-000570,tren,LEX-A1-000561,SENSE-A1-000570,,NEAR_TRANSFER,A1-M04-I04-S3,A1-M05-I01-S1,A1-M04-I04,A1-M05-I01,CORE_OR_STRUCTURAL_ROUTE,TRANSFER_IN_CHANGED_CONTEXT,CONTEXTUAL_OR_FUNCTION_BOUND,,NONE,1.44,REQUIRED_SCHEDULE_EDGE_AUDITED,
REC-A1-001689,SEQ-A1-000541,SENSE,SENSE-A1-000570,tren,LEX-A1-000561,SENSE-A1-000570,,DISTANT_RETURN,A1-M05-I01-S1,A1-M05-I04-S1,A1-M05-I01,A1-M05-I04,CORE_OR_STRUCTURAL_ROUTE,DELAYED_RETRIEVAL_OR_TERMINAL_INTEGRATION,CONTEXTUAL_OR_FUNCTION_BOUND,,NONE,1.44,REQUIRED_SCHEDULE_EDGE_AUDITED,"Scheduled four islands after first introduction; destination story is load-balanced. This is a curriculum spacing rule, not a universal optimal interval claim."
REC-A1-001690,SEQ-A1-000581,GRAMMAR_UNIT,GRAM-A1-015,Plural de sustantivos terminados en consonante: -es,,,,LOCAL_REUSE,A1-M05-I01-S1,A1-M05-I01-S2,A1-M05-I01,A1-M05-I01,CORE_OR_STRUCTURAL_ROUTE,REEXPOSURE_OR_RETRIEVAL,AS_OBJECT_POLICY_REQUIRES,,NONE,1.44,REQUIRED_SCHEDULE_EDGE_AUDITED,
REC-A1-001691,SEQ-A1-000581,GRAMMAR_UNIT,GRAM-A1-015,Plural de sustantivos terminados en consonante: -es,,,,NEAR_TRANSFER,A1-M05-I01-S2,A1-M05-I02-S2,A1-M05-I01,A1-M05-I02,CORE_OR_STRUCTURAL_ROUTE,TRANSFER_IN_CHANGED_CONTEXT,AS_OBJECT_POLICY_REQUIRES,,NONE,1.44,REQUIRED_SCHEDULE_EDGE_AUDITED,
REC-A1-001692,SEQ-A1-000581,GRAMMAR_UNIT,GRAM-A1-015,Plural de sustantivos terminados en consonante: -es,,,,DISTANT_RETURN,A1-M05-I02-S2,A1-M06-I01-S3,A1-M05-I02,A1-M06-I01,CORE_OR_STRUCTURAL_ROUTE,DELAYED_RETRIEVAL_OR_TERMINAL_INTEGRATION,AS_OBJECT_POLICY_REQUIRES,,NONE,1.44,REQUIRED_SCHEDULE_EDGE_AUDITED,"Scheduled four islands after first introduction; destination story is load-balanced. This is a curriculum spacing rule, not a universal optimal interval claim."
REC-A1-001693,SEQ-A1-000583,GRAMMAR_UNIT,GRAM-A1-041,Indefinición y primera mención de referente nuevo,,,,LOCAL_REUSE,A1-M05-I01-S1,A1-M05-I01-S3,A1-M05-I01,A1-M05-I01,CORE_OR_STRUCTURAL_ROUTE,REEXPOSURE_OR_RETRIEVAL,AS_OBJECT_POLICY_REQUIRES,,NONE,1.44,REQUIRED_SCHEDULE_EDGE_AUDITED,
REC-A1-001694,SEQ-A1-000583,GRAMMAR_UNIT,GRAM-A1-041,Indefinición y primera mención de referente nuevo,,,,NEAR_TRANSFER,A1-M05-I01-S3,A1-M05-I02-S3,A1-M05-I01,A1-M05-I02,CORE_OR_STRUCTURAL_ROUTE,TRANSFER_IN_CHANGED_CONTEXT,AS_OBJECT_POLICY_REQUIRES,,NONE,1.44,REQUIRED_SCHEDULE_EDGE_AUDITED,
REC-A1-001695,SEQ-A1-000583,GRAMMAR_UNIT,GRAM-A1-041,Indefinición y primera mención de referente nuevo,,,,DISTANT_RETURN,A1-M05-I02-S3,A1-M06-I01-S3,A1-M05-I02,A1-M06-I01,CORE_OR_STRUCTURAL_ROUTE,DELAYED_RETRIEVAL_OR_TERMINAL_INTEGRATION,AS_OBJECT_POLICY_REQUIRES,,NONE,1.44,REQUIRED_SCHEDULE_EDGE_AUDITED,"Scheduled four islands after first introduction; destination story is load-balanced. This is a curriculum spacing rule, not a universal optimal interval claim."
REC-A1-001696,SEQ-A1-000584,GRAMMAR_UNIT,GRAM-A1-064,Poco y mucho con variación de género/número,,,,LOCAL_REUSE,A1-M05-I01-S1,A1-M05-I01-S2,A1-M05-I01,A1-M05-I01,CORE_OR_STRUCTURAL_ROUTE,REEXPOSURE_OR_RETRIEVAL,AS_OBJECT_POLICY_REQUIRES,,NONE,1.44,REQUIRED_SCHEDULE_EDGE_AUDITED,
REC-A1-001697,SEQ-A1-000584,GRAMMAR_UNIT,GRAM-A1-064,Poco y mucho con variación de género/número,,,,NEAR_TRANSFER,A1-M05-I01-S2,A1-M05-I02-S1,A1-M05-I01,A1-M05-I02,CORE_OR_STRUCTURAL_ROUTE,TRANSFER_IN_CHANGED_CONTEXT,AS_OBJECT_POLICY_REQUIRES,,NONE,1.44,REQUIRED_SCHEDULE_EDGE_AUDITED,
REC-A1-001698,SEQ-A1-000584,GRAMMAR_UNIT,GRAM-A1-064,Poco y mucho con variación de género/número,,,,DISTANT_RETURN,A1-M05-I02-S1,A1-M06-I01-S3,A1-M05-I02,A1-M06-I01,CORE_OR_STRUCTURAL_ROUTE,DELAYED_RETRIEVAL_OR_TERMINAL_INTEGRATION,AS_OBJECT_POLICY_REQUIRES,,NONE,1.44,REQUIRED_SCHEDULE_EDGE_AUDITED,"Scheduled four islands after first introduction; destination story is load-balanced. This is a curriculum spacing rule, not a universal optimal interval claim."
REC-A1-001699,SEQ-A1-000586,MWU_SOURCE_UNIT,12B1-MWU-0011,agua mineral,LEX-A1-000019,SENSE-A1-000019,12B1-MWU-0011,LOCAL_REUSE,A1-M05-I01-S1,A1-M05-I01-S3,A1-M05-I01,A1-M05-I01,CORE_OR_STRUCTURAL_ROUTE,REEXPOSURE_OR_RETRIEVAL,AS_OBJECT_POLICY_REQUIRES,,NONE,1.44,REQUIRED_SCHEDULE_EDGE_AUDITED,
REC-A1-001700,SEQ-A1-000586,MWU_SOURCE_UNIT,12B1-MWU-0011,agua mineral,LEX-A1-000019,SENSE-A1-000019,12B1-MWU-0011,NEAR_TRANSFER,A1-M05-I01-S3,A1-M05-I02-S2,A1-M05-I01,A1-M05-I02,CORE_OR_STRUCTURAL_ROUTE,TRANSFER_IN_CHANGED_CONTEXT,AS_OBJECT_POLICY_REQUIRES,,NONE,1.44,REQUIRED_SCHEDULE_EDGE_AUDITED,
REC-A1-001701,SEQ-A1-000586,MWU_SOURCE_UNIT,12B1-MWU-0011,agua mineral,LEX-A1-000019,SENSE-A1-000019,12B1-MWU-0011,DISTANT_RETURN,A1-M05-I02-S2,A1-M06-I01-S3,A1-M05-I02,A1-M06-I01,CORE_OR_STRUCTURAL_ROUTE,DELAYED_RETRIEVAL_OR_TERMINAL_INTEGRATION,AS_OBJECT_POLICY_REQUIRES,,NONE,1.44,REQUIRED_SCHEDULE_EDGE_AUDITED,"Scheduled four islands after first introduction; destination story is load-balanced. This is a curriculum spacing rule, not a universal optimal interval claim."
REC-A1-001702,SEQ-A1-000588,MWU_SOURCE_UNIT,12B1-MWU-0013,café con leche,LEX-A1-000086,SENSE-A1-000088,12B1-MWU-0013,LOCAL_REUSE,A1-M05-I01-S1,A1-M05-I01-S2,A1-M05-I01,A1-M05-I01,CORE_OR_STRUCTURAL_ROUTE,REEXPOSURE_OR_RETRIEVAL,AS_OBJECT_POLICY_REQUIRES,,NONE,1.44,REQUIRED_SCHEDULE_EDGE_AUDITED,
REC-A1-001703,SEQ-A1-000588,MWU_SOURCE_UNIT,12B1-MWU-0013,café con leche,LEX-A1-000086,SENSE-A1-000088,12B1-MWU-0013,NEAR_TRANSFER,A1-M05-I01-S2,A1-M05-I02-S3,A1-M05-I01,A1-M05-I02,CORE_OR_STRUCTURAL_ROUTE,TRANSFER_IN_CHANGED_CONTEXT,AS_OBJECT_POLICY_REQUIRES,,NONE,1.44,REQUIRED_SCHEDULE_EDGE_AUDITED,
REC-A1-001704,SEQ-A1-000588,MWU_SOURCE_UNIT,12B1-MWU-0013,café con leche,LEX-A1-000086,SENSE-A1-000088,12B1-MWU-0013,DISTANT_RETURN,A1-M05-I02-S3,A1-M06-I01-S3,A1-M05-I02,A1-M06-I01,CORE_OR_STRUCTURAL_ROUTE,DELAYED_RETRIEVAL_OR_TERMINAL_INTEGRATION,AS_OBJECT_POLICY_REQUIRES,,NONE,1.44,REQUIRED_SCHEDULE_EDGE_AUDITED,"Scheduled four islands after first introduction; destination story is load-balanced. This is a curriculum spacing rule, not a universal optimal interval claim."
REC-A1-001705,SEQ-A1-000590,MWU_SOURCE_UNIT,12B1-MWU-0015,café solo,LEX-A1-000088,SENSE-A1-000090,12B1-MWU-0015,LOCAL_REUSE,A1-M05-I01-S1,A1-M05-I01-S3,A1-M05-I01,A1-M05-I01,CORE_OR_STRUCTURAL_ROUTE,REEXPOSURE_OR_RETRIEVAL,AS_OBJECT_POLICY_REQUIRES,,NONE,1.44,REQUIRED_SCHEDULE_EDGE_AUDITED,
REC-A1-001706,SEQ-A1-000590,MWU_SOURCE_UNIT,12B1-MWU-0015,café solo,LEX-A1-000088,SENSE-A1-000090,12B1-MWU-0015,NEAR_TRANSFER,A1-M05-I01-S3,A1-M05-I02-S1,A1-M05-I01,A1-M05-I02,CORE_OR_STRUCTURAL_ROUTE,TRANSFER_IN_CHANGED_CONTEXT,AS_OBJECT_POLICY_REQUIRES,,NONE,1.44,REQUIRED_SCHEDULE_EDGE_AUDITED,
REC-A1-001707,SEQ-A1-000590,MWU_SOURCE_UNIT,12B1-MWU-0015,café solo,LEX-A1-000088,SENSE-A1-000090,12B1-MWU-0015,DISTANT_RETURN,A1-M05-I02-S1,A1-M06-I01-S3,A1-M05-I02,A1-M06-I01,CORE_OR_STRUCTURAL_ROUTE,DELAYED_RETRIEVAL_OR_TERMINAL_INTEGRATION,AS_OBJECT_POLICY_REQUIRES,,NONE,1.44,REQUIRED_SCHEDULE_EDGE_AUDITED,"Scheduled four islands after first introduction; destination story is load-balanced. This is a curriculum spacing rule, not a universal optimal interval claim."
REC-A1-001708,SEQ-A1-000592,MWU_SOURCE_UNIT,12B1-MWU-0019,vino tinto,LEX-A1-000588,SENSE-A1-000597,12B1-MWU-0019,LOCAL_REUSE,A1-M05-I01-S1,A1-M05-I01-S2,A1-M05-I01,A1-M05-I01,CORE_OR_STRUCTURAL_ROUTE,REEXPOSURE_OR_RETRIEVAL,AS_OBJECT_POLICY_REQUIRES,,NONE,1.44,REQUIRED_SCHEDULE_EDGE_AUDITED,
REC-A1-001709,SEQ-A1-000592,MWU_SOURCE_UNIT,12B1-MWU-0019,vino tinto,LEX-A1-000588,SENSE-A1-000597,12B1-MWU-0019,NEAR_TRANSFER,A1-M05-I01-S2,A1-M05-I02-S2,A1-M05-I01,A1-M05-I02,CORE_OR_STRUCTURAL_ROUTE,TRANSFER_IN_CHANGED_CONTEXT,AS_OBJECT_POLICY_REQUIRES,,NONE,1.44,REQUIRED_SCHEDULE_EDGE_AUDITED,
REC-A1-001710,SEQ-A1-000592,MWU_SOURCE_UNIT,12B1-MWU-0019,vino tinto,LEX-A1-000588,SENSE-A1-000597,12B1-MWU-0019,DISTANT_RETURN,A1-M05-I02-S2,A1-M06-I01-S3,A1-M05-I02,A1-M06-I01,CORE_OR_STRUCTURAL_ROUTE,DELAYED_RETRIEVAL_OR_TERMINAL_INTEGRATION,AS_OBJECT_POLICY_REQUIRES,,NONE,1.44,REQUIRED_SCHEDULE_EDGE_AUDITED,"Scheduled four islands after first introduction; destination story is load-balanced. This is a curriculum spacing rule, not a universal optimal interval claim."
REC-A1-001711,SEQ-A1-000556,SENSE,SENSE-A1-000018,agua con gas,LEX-A1-000018,SENSE-A1-000018,,LOCAL_REUSE,A1-M05-I01-S1,A1-M05-I01-S3,A1-M05-I01,A1-M05-I01,CORE_OR_STRUCTURAL_ROUTE,REEXPOSURE_OR_RETRIEVAL,CONTEXTUAL_OR_FUNCTION_BOUND,,NONE,1.44,REQUIRED_SCHEDULE_EDGE_AUDITED,
REC-A1-001712,SEQ-A1-000556,SENSE,SENSE-A1-000018,agua con gas,LEX-A1-000018,SENSE-A1-000018,,NEAR_TRANSFER,A1-M05-I01-S3,A1-M05-I02-S3,A1-M05-I01,A1-M05-I02,CORE_OR_STRUCTURAL_ROUTE,TRANSFER_IN_CHANGED_CONTEXT,CONTEXTUAL_OR_FUNCTION_BOUND,,NONE,1.44,REQUIRED_SCHEDULE_EDGE_AUDITED,
REC-A1-001713,SEQ-A1-000556,SENSE,SENSE-A1-000018,agua con gas,LEX-A1-000018,SENSE-A1-000018,,DISTANT_RETURN,A1-M05-I02-S3,A1-M06-I01-S3,A1-M05-I02,A1-M06-I01,CORE_OR_STRUCTURAL_ROUTE,DELAYED_RETRIEVAL_OR_TERMINAL_INTEGRATION,CONTEXTUAL_OR_FUNCTION_BOUND,,NONE,1.44,REQUIRED_SCHEDULE_EDGE_AUDITED,"Scheduled four islands after first introduction; destination story is load-balanced. This is a curriculum spacing rule, not a universal optimal interval claim."
REC-A1-001714,SEQ-A1-000558,SENSE,SENSE-A1-000020,agua sin gas,LEX-A1-000020,SENSE-A1-000020,,LOCAL_REUSE,A1-M05-I01-S1,A1-M05-I01-S2,A1-M05-I01,A1-M05-I01,CORE_OR_STRUCTURAL_ROUTE,REEXPOSURE_OR_RETRIEVAL,CONTEXTUAL_OR_FUNCTION_BOUND,,NONE,1.44,REQUIRED_SCHEDULE_EDGE_AUDITED,
REC-A1-001715,SEQ-A1-000558,SENSE,SENSE-A1-000020,agua sin gas,LEX-A1-000020,SENSE-A1-000020,,NEAR_TRANSFER,A1-M05-I01-S2,A1-M05-I02-S1,A1-M05-I01,A1-M05-I02,CORE_OR_STRUCTURAL_ROUTE,TRANSFER_IN_CHANGED_CONTEXT,CONTEXTUAL_OR_FUNCTION_BOUND,,NONE,1.44,REQUIRED_SCHEDULE_EDGE_AUDITED,
REC-A1-001716,SEQ-A1-000558,SENSE,SENSE-A1-000020,agua sin gas,LEX-A1-000020,SENSE-A1-000020,,DISTANT_RETURN,A1-M05-I02-S1,A1-M06-I01-S3,A1-M05-I02,A1-M06-I01,CORE_OR_STRUCTURAL_ROUTE,DELAYED_RETRIEVAL_OR_TERMINAL_INTEGRATION,CONTEXTUAL_OR_FUNCTION_BOUND,,NONE,1.44,REQUIRED_SCHEDULE_EDGE_AUDITED,"Scheduled four islands after first introduction; destination story is load-balanced. This is a curriculum spacing rule, not a universal optimal interval claim."
REC-A1-001717,SEQ-A1-000560,SENSE,SENSE-A1-000086,café,LEX-A1-000085,SENSE-A1-000086,,LOCAL_REUSE,A1-M05-I01-S1,A1-M05-I01-S3,A1-M05-I01,A1-M05-I01,CORE_OR_STRUCTURAL_ROUTE,REEXPOSURE_OR_RETRIEVAL,CONTEXTUAL_OR_FUNCTION_BOUND,,NONE,1.44,REQUIRED_SCHEDULE_EDGE_AUDITED,
REC-A1-001718,SEQ-A1-000560,SENSE,SENSE-A1-000086,café,LEX-A1-000085,SENSE-A1-000086,,NEAR_TRANSFER,A1-M05-I01-S3,A1-M05-I02-S2,A1-M05-I01,A1-M05-I02,CORE_OR_STRUCTURAL_ROUTE,TRANSFER_IN_CHANGED_CONTEXT,CONTEXTUAL_OR_FUNCTION_BOUND,,NONE,1.44,REQUIRED_SCHEDULE_EDGE_AUDITED,
REC-A1-001719,SEQ-A1-000560,SENSE,SENSE-A1-000086,café,LEX-A1-000085,SENSE-A1-000086,,DISTANT_RETURN,A1-M05-I02-S2,A1-M06-I01-S3,A1-M05-I02,A1-M06-I01,CORE_OR_STRUCTURAL_ROUTE,DELAYED_RETRIEVAL_OR_TERMINAL_INTEGRATION,CONTEXTUAL_OR_FUNCTION_BOUND,,NONE,1.44,REQUIRED_SCHEDULE_EDGE_AUDITED,"Scheduled four islands after first introduction; destination story is load-balanced. This is a curriculum spacing rule, not a universal optimal interval claim."
REC-A1-001720,SEQ-A1-000562,SENSE,SENSE-A1-000089,café cortado,LEX-A1-000087,SENSE-A1-000089,,LOCAL_REUSE,A1-M05-I01-S1,A1-M05-I01-S2,A1-M05-I01,A1-M05-I01,CORE_OR_STRUCTURAL_ROUTE,REEXPOSURE_OR_RETRIEVAL,CONTEXTUAL_OR_FUNCTION_BOUND,,NONE,1.44,REQUIRED_SCHEDULE_EDGE_AUDITED,
REC-A1-001721,SEQ-A1-000562,SENSE,SENSE-A1-000089,café cortado,LEX-A1-000087,SENSE-A1-000089,,NEAR_TRANSFER,A1-M05-I01-S2,A1-M05-I02-S3,A1-M05-I01,A1-M05-I02,CORE_OR_STRUCTURAL_ROUTE,TRANSFER_IN_CHANGED_CONTEXT,CONTEXTUAL_OR_FUNCTION_BOUND,,NONE,1.44,REQUIRED_SCHEDULE_EDGE_AUDITED,
REC-A1-001722,SEQ-A1-000562,SENSE,SENSE-A1-000089,café cortado,LEX-A1-000087,SENSE-A1-000089,,DISTANT_RETURN,A1-M05-I02-S3,A1-M06-I01-S3,A1-M05-I02,A1-M06-I01,CORE_OR_STRUCTURAL_ROUTE,DELAYED_RETRIEVAL_OR_TERMINAL_INTEGRATION,CONTEXTUAL_OR_FUNCTION_BOUND,,NONE,1.44,REQUIRED_SCHEDULE_EDGE_AUDITED,"Scheduled four islands after first introduction; destination story is load-balanced. This is a curriculum spacing rule, not a universal optimal interval claim."
REC-A1-001723,SEQ-A1-000564,SENSE,SENSE-A1-000108,carne,LEX-A1-000106,SENSE-A1-000108,,LOCAL_REUSE,A1-M05-I01-S1,A1-M05-I01-S3,A1-M05-I01,A1-M05-I01,CORE_OR_STRUCTURAL_ROUTE,REEXPOSURE_OR_RETRIEVAL,CONTEXTUAL_OR_FUNCTION_BOUND,,NONE,1.44,REQUIRED_SCHEDULE_EDGE_AUDITED,
REC-A1-001724,SEQ-A1-000564,SENSE,SENSE-A1-000108,carne,LEX-A1-000106,SENSE-A1-000108,,NEAR_TRANSFER,A1-M05-I01-S3,A1-M05-I02-S1,A1-M05-I01,A1-M05-I02,CORE_OR_STRUCTURAL_ROUTE,TRANSFER_IN_CHANGED_CONTEXT,CONTEXTUAL_OR_FUNCTION_BOUND,,NONE,1.44,REQUIRED_SCHEDULE_EDGE_AUDITED,
REC-A1-001725,SEQ-A1-000564,SENSE,SENSE-A1-000108,carne,LEX-A1-000106,SENSE-A1-000108,,DISTANT_RETURN,A1-M05-I02-S1,A1-M06-I01-S3,A1-M05-I02,A1-M06-I01,CORE_OR_STRUCTURAL_ROUTE,DELAYED_RETRIEVAL_OR_TERMINAL_INTEGRATION,CONTEXTUAL_OR_FUNCTION_BOUND,,NONE,1.44,REQUIRED_SCHEDULE_EDGE_AUDITED,"Scheduled four islands after first introduction; destination story is load-balanced. This is a curriculum spacing rule, not a universal optimal interval claim."
REC-A1-001726,SEQ-A1-000566,SENSE,SENSE-A1-000220,ensalada,LEX-A1-000216,SENSE-A1-000220,,LOCAL_REUSE,A1-M05-I01-S1,A1-M05-I01-S2,A1-M05-I01,A1-M05-I01,CORE_OR_STRUCTURAL_ROUTE,REEXPOSURE_OR_RETRIEVAL,CONTEXTUAL_OR_FUNCTION_BOUND,,NONE,1.44,REQUIRED_SCHEDULE_EDGE_AUDITED,
REC-A1-001727,SEQ-A1-000566,SENSE,SENSE-A1-000220,ensalada,LEX-A1-000216,SENSE-A1-000220,,NEAR_TRANSFER,A1-M05-I01-S2,A1-M05-I02-S2,A1-M05-I01,A1-M05-I02,CORE_OR_STRUCTURAL_ROUTE,TRANSFER_IN_CHANGED_CONTEXT,CONTEXTUAL_OR_FUNCTION_BOUND,,NONE,1.44,REQUIRED_SCHEDULE_EDGE_AUDITED,
REC-A1-001728,SEQ-A1-000566,SENSE,SENSE-A1-000220,ensalada,LEX-A1-000216,SENSE-A1-000220,,DISTANT_RETURN,A1-M05-I02-S2,A1-M06-I01-S1,A1-M05-I02,A1-M06-I01,CORE_OR_STRUCTURAL_ROUTE,DELAYED_RETRIEVAL_OR_TERMINAL_INTEGRATION,CONTEXTUAL_OR_FUNCTION_BOUND,,NONE,1.44,REQUIRED_SCHEDULE_EDGE_AUDITED,"Scheduled four islands after first introduction; destination story is load-balanced. This is a curriculum spacing rule, not a universal optimal interval claim."
REC-A1-001729,SEQ-A1-000568,SENSE,SENSE-A1-000287,hamburguesa,LEX-A1-000282,SENSE-A1-000287,,LOCAL_REUSE,A1-M05-I01-S1,A1-M05-I01-S3,A1-M05-I01,A1-M05-I01,CORE_OR_STRUCTURAL_ROUTE,REEXPOSURE_OR_RETRIEVAL,CONTEXTUAL_OR_FUNCTION_BOUND,,NONE,1.44,REQUIRED_SCHEDULE_EDGE_AUDITED,
REC-A1-001730,SEQ-A1-000568,SENSE,SENSE-A1-000287,hamburguesa,LEX-A1-000282,SENSE-A1-000287,,NEAR_TRANSFER,A1-M05-I01-S3,A1-M05-I02-S3,A1-M05-I01,A1-M05-I02,CORE_OR_STRUCTURAL_ROUTE,TRANSFER_IN_CHANGED_CONTEXT,CONTEXTUAL_OR_FUNCTION_BOUND,,NONE,1.44,REQUIRED_SCHEDULE_EDGE_AUDITED,
REC-A1-001731,SEQ-A1-000568,SENSE,SENSE-A1-000287,hamburguesa,LEX-A1-000282,SENSE-A1-000287,,DISTANT_RETURN,A1-M05-I02-S3,A1-M06-I01-S2,A1-M05-I02,A1-M06-I01,CORE_OR_STRUCTURAL_ROUTE,DELAYED_RETRIEVAL_OR_TERMINAL_INTEGRATION,CONTEXTUAL_OR_FUNCTION_BOUND,,NONE,1.44,REQUIRED_SCHEDULE_EDGE_AUDITED,"Scheduled four islands after first introduction; destination story is load-balanced. This is a curriculum spacing rule, not a universal optimal interval claim."
REC-A1-001732,SEQ-A1-000570,SENSE,SENSE-A1-000332,leche,LEX-A1-000326,SENSE-A1-000332,,LOCAL_REUSE,A1-M05-I01-S1,A1-M05-I01-S2,A1-M05-I01,A1-M05-I01,CORE_OR_STRUCTURAL_ROUTE,REEXPOSURE_OR_RETRIEVAL,CONTEXTUAL_OR_FUNCTION_BOUND,,NONE,1.44,REQUIRED_SCHEDULE_EDGE_AUDITED,
REC-A1-001733,SEQ-A1-000570,SENSE,SENSE-A1-000332,leche,LEX-A1-000326,SENSE-A1-000332,,NEAR_TRANSFER,A1-M05-I01-S2,A1-M05-I02-S1,A1-M05-I01,A1-M05-I02,CORE_OR_STRUCTURAL_ROUTE,TRANSFER_IN_CHANGED_CONTEXT,CONTEXTUAL_OR_FUNCTION_BOUND,,NONE,1.44,REQUIRED_SCHEDULE_EDGE_AUDITED,
REC-A1-001734,SEQ-A1-000570,SENSE,SENSE-A1-000332,leche,LEX-A1-000326,SENSE-A1-000332,,DISTANT_RETURN,A1-M05-I02-S1,A1-M06-I01-S3,A1-M05-I02,A1-M06-I01,CORE_OR_STRUCTURAL_ROUTE,DELAYED_RETRIEVAL_OR_TERMINAL_INTEGRATION,CONTEXTUAL_OR_FUNCTION_BOUND,,NONE,1.44,REQUIRED_SCHEDULE_EDGE_AUDITED,"Scheduled four islands after first introduction; destination story is load-balanced. This is a curriculum spacing rule, not a universal optimal interval claim."
REC-A1-001735,SEQ-A1-000572,SENSE,SENSE-A1-000429,pan,LEX-A1-000421,SENSE-A1-000429,,LOCAL_REUSE,A1-M05-I01-S1,A1-M05-I01-S3,A1-M05-I01,A1-M05-I01,CORE_OR_STRUCTURAL_ROUTE,REEXPOSURE_OR_RETRIEVAL,CONTEXTUAL_OR_FUNCTION_BOUND,,NONE,1.44,REQUIRED_SCHEDULE_EDGE_AUDITED,
REC-A1-001736,SEQ-A1-000572,SENSE,SENSE-A1-000429,pan,LEX-A1-000421,SENSE-A1-000429,,NEAR_TRANSFER,A1-M05-I01-S3,A1-M05-I02-S2,A1-M05-I01,A1-M05-I02,CORE_OR_STRUCTURAL_ROUTE,TRANSFER_IN_CHANGED_CONTEXT,CONTEXTUAL_OR_FUNCTION_BOUND,,NONE,1.44,REQUIRED_SCHEDULE_EDGE_AUDITED,
REC-A1-001737,SEQ-A1-000572,SENSE,SENSE-A1-000429,pan,LEX-A1-000421,SENSE-A1-000429,,DISTANT_RETURN,A1-M05-I02-S2,A1-M06-I01-S1,A1-M05-I02,A1-M06-I01,CORE_OR_STRUCTURAL_ROUTE,DELAYED_RETRIEVAL_OR_TERMINAL_INTEGRATION,CONTEXTUAL_OR_FUNCTION_BOUND,,NONE,1.44,REQUIRED_SCHEDULE_EDGE_AUDITED,"Scheduled four islands after first introduction; destination story is load-balanced. This is a curriculum spacing rule, not a universal optimal interval claim."
REC-A1-001738,SEQ-A1-000575,SENSE,SENSE-A1-000529,sin,LEX-A1-000520,SENSE-A1-000529,,LOCAL_REUSE,A1-M05-I01-S1,A1-M05-I01-S2,A1-M05-I01,A1-M05-I01,CORE_OR_STRUCTURAL_ROUTE,REEXPOSURE_OR_RETRIEVAL,CONTEXTUAL_OR_FUNCTION_BOUND,,NONE,1.44,REQUIRED_SCHEDULE_EDGE_AUDITED,
REC-A1-001739,SEQ-A1-000575,SENSE,SENSE-A1-000529,sin,LEX-A1-000520,SENSE-A1-000529,,NEAR_TRANSFER,A1-M05-I01-S2,A1-M05-I02-S3,A1-M05-I01,A1-M05-I02,CORE_OR_STRUCTURAL_ROUTE,TRANSFER_IN_CHANGED_CONTEXT,CONTEXTUAL_OR_FUNCTION_BOUND,,NONE,1.44,REQUIRED_SCHEDULE_EDGE_AUDITED,
REC-A1-001740,SEQ-A1-000575,SENSE,SENSE-A1-000529,sin,LEX-A1-000520,SENSE-A1-000529,,DISTANT_RETURN,A1-M05-I02-S3,A1-M06-I01-S2,A1-M05-I02,A1-M06-I01,CORE_OR_STRUCTURAL_ROUTE,DELAYED_RETRIEVAL_OR_TERMINAL_INTEGRATION,CONTEXTUAL_OR_FUNCTION_BOUND,,NONE,1.44,REQUIRED_SCHEDULE_EDGE_AUDITED,"Scheduled four islands after first introduction; destination story is load-balanced. This is a curriculum spacing rule, not a universal optimal interval claim."
REC-A1-001741,SEQ-A1-000576,SENSE,SENSE-A1-000549,té,LEX-A1-000540,SENSE-A1-000549,,LOCAL_REUSE,A1-M05-I01-S1,A1-M05-I01-S3,A1-M05-I01,A1-M05-I01,CORE_OR_STRUCTURAL_ROUTE,REEXPOSURE_OR_RETRIEVAL,CONTEXTUAL_OR_FUNCTION_BOUND,,NONE,1.44,REQUIRED_SCHEDULE_EDGE_AUDITED,
REC-A1-001742,SEQ-A1-000576,SENSE,SENSE-A1-000549,té,LEX-A1-000540,SENSE-A1-000549,,NEAR_TRANSFER,A1-M05-I01-S3,A1-M05-I02-S1,A1-M05-I01,A1-M05-I02,CORE_OR_STRUCTURAL_ROUTE,TRANSFER_IN_CHANGED_CONTEXT,CONTEXTUAL_OR_FUNCTION_BOUND,,NONE,1.44,REQUIRED_SCHEDULE_EDGE_AUDITED,
REC-A1-001743,SEQ-A1-000576,SENSE,SENSE-A1-000549,té,LEX-A1-000540,SENSE-A1-000549,,DISTANT_RETURN,A1-M05-I02-S1,A1-M06-I01-S3,A1-M05-I02,A1-M06-I01,CORE_OR_STRUCTURAL_ROUTE,DELAYED_RETRIEVAL_OR_TERMINAL_INTEGRATION,CONTEXTUAL_OR_FUNCTION_BOUND,,NONE,1.44,REQUIRED_SCHEDULE_EDGE_AUDITED,"Scheduled four islands after first introduction; destination story is load-balanced. This is a curriculum spacing rule, not a universal optimal interval claim."
REC-A1-001744,SEQ-A1-000578,SENSE,SENSE-A1-000596,vino blanco,LEX-A1-000587,SENSE-A1-000596,,LOCAL_REUSE,A1-M05-I01-S1,A1-M05-I01-S2,A1-M05-I01,A1-M05-I01,CORE_OR_STRUCTURAL_ROUTE,REEXPOSURE_OR_RETRIEVAL,CONTEXTUAL_OR_FUNCTION_BOUND,,NONE,1.44,REQUIRED_SCHEDULE_EDGE_AUDITED,
REC-A1-001745,SEQ-A1-000578,SENSE,SENSE-A1-000596,vino blanco,LEX-A1-000587,SENSE-A1-000596,,NEAR_TRANSFER,A1-M05-I01-S2,A1-M05-I02-S2,A1-M05-I01,A1-M05-I02,CORE_OR_STRUCTURAL_ROUTE,TRANSFER_IN_CHANGED_CONTEXT,CONTEXTUAL_OR_FUNCTION_BOUND,,NONE,1.44,REQUIRED_SCHEDULE_EDGE_AUDITED,
REC-A1-001746,SEQ-A1-000578,SENSE,SENSE-A1-000596,vino blanco,LEX-A1-000587,SENSE-A1-000596,,DISTANT_RETURN,A1-M05-I02-S2,A1-M06-I01-S1,A1-M05-I02,A1-M06-I01,CORE_OR_STRUCTURAL_ROUTE,DELAYED_RETRIEVAL_OR_TERMINAL_INTEGRATION,CONTEXTUAL_OR_FUNCTION_BOUND,,NONE,1.44,REQUIRED_SCHEDULE_EDGE_AUDITED,"Scheduled four islands after first introduction; destination story is load-balanced. This is a curriculum spacing rule, not a universal optimal interval claim."
REC-A1-001747,SEQ-A1-000580,GRAMMAR_UNIT,GRAM-A1-014,Plural de sustantivos terminados en vocal: -s,,,,LOCAL_REUSE,A1-M05-I01-S2,A1-M05-I01-S3,A1-M05-I01,A1-M05-I01,CORE_OR_STRUCTURAL_ROUTE,REEXPOSURE_OR_RETRIEVAL,AS_OBJECT_POLICY_REQUIRES,,NONE,1.44,REQUIRED_SCHEDULE_EDGE_AUDITED,
REC-A1-001748,SEQ-A1-000580,GRAMMAR_UNIT,GRAM-A1-014,Plural de sustantivos terminados en vocal: -s,,,,NEAR_TRANSFER,A1-M05-I01-S3,A1-M05-I02-S3,A1-M05-I01,A1-M05-I02,CORE_OR_STRUCTURAL_ROUTE,TRANSFER_IN_CHANGED_CONTEXT,AS_OBJECT_POLICY_REQUIRES,,NONE,1.44,REQUIRED_SCHEDULE_EDGE_AUDITED,
REC-A1-001749,SEQ-A1-000580,GRAMMAR_UNIT,GRAM-A1-014,Plural de sustantivos terminados en vocal: -s,,,,DISTANT_RETURN,A1-M05-I02-S3,A1-M06-I01-S2,A1-M05-I02,A1-M06-I01,CORE_OR_STRUCTURAL_ROUTE,DELAYED_RETRIEVAL_OR_TERMINAL_INTEGRATION,AS_OBJECT_POLICY_REQUIRES,,NONE,1.44,REQUIRED_SCHEDULE_EDGE_AUDITED,"Scheduled four islands after first introduction; destination story is load-balanced. This is a curriculum spacing rule, not a universal optimal interval claim."
REC-A1-001750,SEQ-A1-000582,GRAMMAR_UNIT,GRAM-A1-040,Paradigma un/una/unos/unas,,,,LOCAL_REUSE,A1-M05-I01-S2,A1-M05-I01-S3,A1-M05-I01,A1-M05-I01,CORE_OR_STRUCTURAL_ROUTE,REEXPOSURE_OR_RETRIEVAL,AS_OBJECT_POLICY_REQUIRES,,NONE,1.44,REQUIRED_SCHEDULE_EDGE_AUDITED,
REC-A1-001751,SEQ-A1-000582,GRAMMAR_UNIT,GRAM-A1-040,Paradigma un/una/unos/unas,,,,NEAR_TRANSFER,A1-M05-I01-S3,A1-M05-I02-S1,A1-M05-I01,A1-M05-I02,CORE_OR_STRUCTURAL_ROUTE,TRANSFER_IN_CHANGED_CONTEXT,AS_OBJECT_POLICY_REQUIRES,,NONE,1.44,REQUIRED_SCHEDULE_EDGE_AUDITED,
REC-A1-001752,SEQ-A1-000582,GRAMMAR_UNIT,GRAM-A1-040,Paradigma un/una/unos/unas,,,,DISTANT_RETURN,A1-M05-I02-S1,A1-M06-I01-S3,A1-M05-I02,A1-M06-I01,CORE_OR_STRUCTURAL_ROUTE,DELAYED_RETRIEVAL_OR_TERMINAL_INTEGRATION,AS_OBJECT_POLICY_REQUIRES,,NONE,1.44,REQUIRED_SCHEDULE_EDGE_AUDITED,"Scheduled four islands after first introduction; destination story is load-balanced. This is a curriculum spacing rule, not a universal optimal interval claim."
REC-A1-001753,SEQ-A1-000585,MWU_SOURCE_UNIT,12B1-MWU-0010,agua con gas,LEX-A1-000018,SENSE-A1-000018,12B1-MWU-0010,LOCAL_REUSE,A1-M05-I01-S2,A1-M05-I01-S3,A1-M05-I01,A1-M05-I01,CORE_OR_STRUCTURAL_ROUTE,REEXPOSURE_OR_RETRIEVAL,AS_OBJECT_POLICY_REQUIRES,,NONE,1.44,REQUIRED_SCHEDULE_EDGE_AUDITED,
REC-A1-001754,SEQ-A1-000585,MWU_SOURCE_UNIT,12B1-MWU-0010,agua con gas,LEX-A1-000018,SENSE-A1-000018,12B1-MWU-0010,NEAR_TRANSFER,A1-M05-I01-S3,A1-M05-I02-S2,A1-M05-I01,A1-M05-I02,CORE_OR_STRUCTURAL_ROUTE,TRANSFER_IN_CHANGED_CONTEXT,AS_OBJECT_POLICY_REQUIRES,,NONE,1.44,REQUIRED_SCHEDULE_EDGE_AUDITED,
REC-A1-001755,SEQ-A1-000585,MWU_SOURCE_UNIT,12B1-MWU-0010,agua con gas,LEX-A1-000018,SENSE-A1-000018,12B1-MWU-0010,DISTANT_RETURN,A1-M05-I02-S2,A1-M06-I01-S1,A1-M05-I02,A1-M06-I01,CORE_OR_STRUCTURAL_ROUTE,DELAYED_RETRIEVAL_OR_TERMINAL_INTEGRATION,AS_OBJECT_POLICY_REQUIRES,,NONE,1.44,REQUIRED_SCHEDULE_EDGE_AUDITED,"Scheduled four islands after first introduction; destination story is load-balanced. This is a curriculum spacing rule, not a universal optimal interval claim."
REC-A1-001756,SEQ-A1-000587,MWU_SOURCE_UNIT,12B1-MWU-0012,agua sin gas,LEX-A1-000020,SENSE-A1-000020,12B1-MWU-0012,LOCAL_REUSE,A1-M05-I01-S2,A1-M05-I01-S3,A1-M05-I01,A1-M05-I01,CORE_OR_STRUCTURAL_ROUTE,REEXPOSURE_OR_RETRIEVAL,AS_OBJECT_POLICY_REQUIRES,,NONE,1.44,REQUIRED_SCHEDULE_EDGE_AUDITED,
REC-A1-001757,SEQ-A1-000587,MWU_SOURCE_UNIT,12B1-MWU-0012,agua sin gas,LEX-A1-000020,SENSE-A1-000020,12B1-MWU-0012,NEAR_TRANSFER,A1-M05-I01-S3,A1-M05-I02-S3,A1-M05-I01,A1-M05-I02,CORE_OR_STRUCTURAL_ROUTE,TRANSFER_IN_CHANGED_CONTEXT,AS_OBJECT_POLICY_REQUIRES,,NONE,1.44,REQUIRED_SCHEDULE_EDGE_AUDITED,
REC-A1-001758,SEQ-A1-000587,MWU_SOURCE_UNIT,12B1-MWU-0012,agua sin gas,LEX-A1-000020,SENSE-A1-000020,12B1-MWU-0012,DISTANT_RETURN,A1-M05-I02-S3,A1-M06-I01-S2,A1-M05-I02,A1-M06-I01,CORE_OR_STRUCTURAL_ROUTE,DELAYED_RETRIEVAL_OR_TERMINAL_INTEGRATION,AS_OBJECT_POLICY_REQUIRES,,NONE,1.44,REQUIRED_SCHEDULE_EDGE_AUDITED,"Scheduled four islands after first introduction; destination story is load-balanced. This is a curriculum spacing rule, not a universal optimal interval claim."
REC-A1-001759,SEQ-A1-000589,MWU_SOURCE_UNIT,12B1-MWU-0014,café cortado,LEX-A1-000087,SENSE-A1-000089,12B1-MWU-0014,LOCAL_REUSE,A1-M05-I01-S2,A1-M05-I01-S3,A1-M05-I01,A1-M05-I01,CORE_OR_STRUCTURAL_ROUTE,REEXPOSURE_OR_RETRIEVAL,AS_OBJECT_POLICY_REQUIRES,,NONE,1.44,REQUIRED_SCHEDULE_EDGE_AUDITED,
REC-A1-001760,SEQ-A1-000589,MWU_SOURCE_UNIT,12B1-MWU-0014,café cortado,LEX-A1-000087,SENSE-A1-000089,12B1-MWU-0014,NEAR_TRANSFER,A1-M05-I01-S3,A1-M05-I02-S1,A1-M05-I01,A1-M05-I02,CORE_OR_STRUCTURAL_ROUTE,TRANSFER_IN_CHANGED_CONTEXT,AS_OBJECT_POLICY_REQUIRES,,NONE,1.44,REQUIRED_SCHEDULE_EDGE_AUDITED,
REC-A1-001761,SEQ-A1-000589,MWU_SOURCE_UNIT,12B1-MWU-0014,café cortado,LEX-A1-000087,SENSE-A1-000089,12B1-MWU-0014,DISTANT_RETURN,A1-M05-I02-S1,A1-M06-I01-S3,A1-M05-I02,A1-M06-I01,CORE_OR_STRUCTURAL_ROUTE,DELAYED_RETRIEVAL_OR_TERMINAL_INTEGRATION,AS_OBJECT_POLICY_REQUIRES,,NONE,1.44,REQUIRED_SCHEDULE_EDGE_AUDITED,"Scheduled four islands after first introduction; destination story is load-balanced. This is a curriculum spacing rule, not a universal optimal interval claim."
REC-A1-001762,SEQ-A1-000591,MWU_SOURCE_UNIT,12B1-MWU-0018,vino blanco,LEX-A1-000587,SENSE-A1-000596,12B1-MWU-0018,LOCAL_REUSE,A1-M05-I01-S2,A1-M05-I01-S3,A1-M05-I01,A1-M05-I01,CORE_OR_STRUCTURAL_ROUTE,REEXPOSURE_OR_RETRIEVAL,AS_OBJECT_POLICY_REQUIRES,,NONE,1.44,REQUIRED_SCHEDULE_EDGE_AUDITED,
REC-A1-001763,SEQ-A1-000591,MWU_SOURCE_UNIT,12B1-MWU-0018,vino blanco,LEX-A1-000587,SENSE-A1-000596,12B1-MWU-0018,NEAR_TRANSFER,A1-M05-I01-S3,A1-M05-I02-S2,A1-M05-I01,A1-M05-I02,CORE_OR_STRUCTURAL_ROUTE,TRANSFER_IN_CHANGED_CONTEXT,AS_OBJECT_POLICY_REQUIRES,,NONE,1.44,REQUIRED_SCHEDULE_EDGE_AUDITED,
REC-A1-001764,SEQ-A1-000591,MWU_SOURCE_UNIT,12B1-MWU-0018,vino blanco,LEX-A1-000587,SENSE-A1-000596,12B1-MWU-0018,DISTANT_RETURN,A1-M05-I02-S2,A1-M06-I01-S1,A1-M05-I02,A1-M06-I01,CORE_OR_STRUCTURAL_ROUTE,DELAYED_RETRIEVAL_OR_TERMINAL_INTEGRATION,AS_OBJECT_POLICY_REQUIRES,,NONE,1.44,REQUIRED_SCHEDULE_EDGE_AUDITED,"Scheduled four islands after first introduction; destination story is load-balanced. This is a curriculum spacing rule, not a universal optimal interval claim."
REC-A1-001765,SEQ-A1-000555,SENSE,SENSE-A1-000017,agua,LEX-A1-000017,SENSE-A1-000017,,LOCAL_REUSE,A1-M05-I01-S2,A1-M05-I01-S3,A1-M05-I01,A1-M05-I01,CORE_OR_STRUCTURAL_ROUTE,REEXPOSURE_OR_RETRIEVAL,CONTEXTUAL_OR_FUNCTION_BOUND,,NONE,1.44,REQUIRED_SCHEDULE_EDGE_AUDITED,
REC-A1-001766,SEQ-A1-000555,SENSE,SENSE-A1-000017,agua,LEX-A1-000017,SENSE-A1-000017,,NEAR_TRANSFER,A1-M05-I01-S3,A1-M05-I02-S3,A1-M05-I01,A1-M05-I02,CORE_OR_STRUCTURAL_ROUTE,TRANSFER_IN_CHANGED_CONTEXT,CONTEXTUAL_OR_FUNCTION_BOUND,,NONE,1.44,REQUIRED_SCHEDULE_EDGE_AUDITED,
REC-A1-001767,SEQ-A1-000555,SENSE,SENSE-A1-000017,agua,LEX-A1-000017,SENSE-A1-000017,,DISTANT_RETURN,A1-M05-I02-S3,A1-M06-I01-S2,A1-M05-I02,A1-M06-I01,CORE_OR_STRUCTURAL_ROUTE,DELAYED_RETRIEVAL_OR_TERMINAL_INTEGRATION,CONTEXTUAL_OR_FUNCTION_BOUND,,NONE,1.44,REQUIRED_SCHEDULE_EDGE_AUDITED,"Scheduled four islands after first introduction; destination story is load-balanced. This is a curriculum spacing rule, not a universal optimal interval claim."
REC-A1-001768,SEQ-A1-000557,SENSE,SENSE-A1-000019,agua mineral,LEX-A1-000019,SENSE-A1-000019,,LOCAL_REUSE,A1-M05-I01-S2,A1-M05-I01-S3,A1-M05-I01,A1-M05-I01,CORE_OR_STRUCTURAL_ROUTE,REEXPOSURE_OR_RETRIEVAL,CONTEXTUAL_OR_FUNCTION_BOUND,,NONE,1.44,REQUIRED_SCHEDULE_EDGE_AUDITED,
REC-A1-001769,SEQ-A1-000557,SENSE,SENSE-A1-000019,agua mineral,LEX-A1-000019,SENSE-A1-000019,,NEAR_TRANSFER,A1-M05-I01-S3,A1-M05-I02-S1,A1-M05-I01,A1-M05-I02,CORE_OR_STRUCTURAL_ROUTE,TRANSFER_IN_CHANGED_CONTEXT,CONTEXTUAL_OR_FUNCTION_BOUND,,NONE,1.44,REQUIRED_SCHEDULE_EDGE_AUDITED,
REC-A1-001770,SEQ-A1-000557,SENSE,SENSE-A1-000019,agua mineral,LEX-A1-000019,SENSE-A1-000019,,DISTANT_RETURN,A1-M05-I02-S1,A1-M06-I01-S3,A1-M05-I02,A1-M06-I01,CORE_OR_STRUCTURAL_ROUTE,DELAYED_RETRIEVAL_OR_TERMINAL_INTEGRATION,CONTEXTUAL_OR_FUNCTION_BOUND,,NONE,1.44,REQUIRED_SCHEDULE_EDGE_AUDITED,"Scheduled four islands after first introduction; destination story is load-balanced. This is a curriculum spacing rule, not a universal optimal interval claim."
REC-A1-001771,SEQ-A1-000559,SENSE,SENSE-A1-000077,bocadillo,LEX-A1-000076,SENSE-A1-000077,,LOCAL_REUSE,A1-M05-I01-S2,A1-M05-I01-S3,A1-M05-I01,A1-M05-I01,CORE_OR_STRUCTURAL_ROUTE,REEXPOSURE_OR_RETRIEVAL,CONTEXTUAL_OR_FUNCTION_BOUND,,NONE,1.44,REQUIRED_SCHEDULE_EDGE_AUDITED,
REC-A1-001772,SEQ-A1-000559,SENSE,SENSE-A1-000077,bocadillo,LEX-A1-000076,SENSE-A1-000077,,NEAR_TRANSFER,A1-M05-I01-S3,A1-M05-I02-S2,A1-M05-I01,A1-M05-I02,CORE_OR_STRUCTURAL_ROUTE,TRANSFER_IN_CHANGED_CONTEXT,CONTEXTUAL_OR_FUNCTION_BOUND,,NONE,1.44,REQUIRED_SCHEDULE_EDGE_AUDITED,
REC-A1-001773,SEQ-A1-000559,SENSE,SENSE-A1-000077,bocadillo,LEX-A1-000076,SENSE-A1-000077,,DISTANT_RETURN,A1-M05-I02-S2,A1-M06-I01-S1,A1-M05-I02,A1-M06-I01,CORE_OR_STRUCTURAL_ROUTE,DELAYED_RETRIEVAL_OR_TERMINAL_INTEGRATION,CONTEXTUAL_OR_FUNCTION_BOUND,,NONE,1.44,REQUIRED_SCHEDULE_EDGE_AUDITED,"Scheduled four islands after first introduction; destination story is load-balanced. This is a curriculum spacing rule, not a universal optimal interval claim."
REC-A1-001774,SEQ-A1-000561,SENSE,SENSE-A1-000088,café con leche,LEX-A1-000086,SENSE-A1-000088,,LOCAL_REUSE,A1-M05-I01-S2,A1-M05-I01-S3,A1-M05-I01,A1-M05-I01,CORE_OR_STRUCTURAL_ROUTE,REEXPOSURE_OR_RETRIEVAL,CONTEXTUAL_OR_FUNCTION_BOUND,,NONE,1.44,REQUIRED_SCHEDULE_EDGE_AUDITED,
REC-A1-001775,SEQ-A1-000561,SENSE,SENSE-A1-000088,café con leche,LEX-A1-000086,SENSE-A1-000088,,NEAR_TRANSFER,A1-M05-I01-S3,A1-M05-I02-S3,A1-M05-I01,A1-M05-I02,CORE_OR_STRUCTURAL_ROUTE,TRANSFER_IN_CHANGED_CONTEXT,CONTEXTUAL_OR_FUNCTION_BOUND,,NONE,1.44,REQUIRED_SCHEDULE_EDGE_AUDITED,
REC-A1-001776,SEQ-A1-000561,SENSE,SENSE-A1-000088,café con leche,LEX-A1-000086,SENSE-A1-000088,,DISTANT_RETURN,A1-M05-I02-S3,A1-M06-I01-S2,A1-M05-I02,A1-M06-I01,CORE_OR_STRUCTURAL_ROUTE,DELAYED_RETRIEVAL_OR_TERMINAL_INTEGRATION,CONTEXTUAL_OR_FUNCTION_BOUND,,NONE,1.44,REQUIRED_SCHEDULE_EDGE_AUDITED,"Scheduled four islands after first introduction; destination story is load-balanced. This is a curriculum spacing rule, not a universal optimal interval claim."
REC-A1-001777,SEQ-A1-000563,SENSE,SENSE-A1-000090,café solo,LEX-A1-000088,SENSE-A1-000090,,LOCAL_REUSE,A1-M05-I01-S2,A1-M05-I01-S3,A1-M05-I01,A1-M05-I01,CORE_OR_STRUCTURAL_ROUTE,REEXPOSURE_OR_RETRIEVAL,CONTEXTUAL_OR_FUNCTION_BOUND,,NONE,1.44,REQUIRED_SCHEDULE_EDGE_AUDITED,
REC-A1-001778,SEQ-A1-000563,SENSE,SENSE-A1-000090,café solo,LEX-A1-000088,SENSE-A1-000090,,NEAR_TRANSFER,A1-M05-I01-S3,A1-M05-I02-S1,A1-M05-I01,A1-M05-I02,CORE_OR_STRUCTURAL_ROUTE,TRANSFER_IN_CHANGED_CONTEXT,CONTEXTUAL_OR_FUNCTION_BOUND,,NONE,1.44,REQUIRED_SCHEDULE_EDGE_AUDITED,
REC-A1-001779,SEQ-A1-000563,SENSE,SENSE-A1-000090,café solo,LEX-A1-000088,SENSE-A1-000090,,DISTANT_RETURN,A1-M05-I02-S1,A1-M06-I01-S3,A1-M05-I02,A1-M06-I01,CORE_OR_STRUCTURAL_ROUTE,DELAYED_RETRIEVAL_OR_TERMINAL_INTEGRATION,CONTEXTUAL_OR_FUNCTION_BOUND,,NONE,1.44,REQUIRED_SCHEDULE_EDGE_AUDITED,"Scheduled four islands after first introduction; destination story is load-balanced. This is a curriculum spacing rule, not a universal optimal interval claim."
REC-A1-001780,SEQ-A1-000565,SENSE,SENSE-A1-000132,cerveza,LEX-A1-000130,SENSE-A1-000132,,LOCAL_REUSE,A1-M05-I01-S2,A1-M05-I01-S3,A1-M05-I01,A1-M05-I01,CORE_OR_STRUCTURAL_ROUTE,REEXPOSURE_OR_RETRIEVAL,CONTEXTUAL_OR_FUNCTION_BOUND,,NONE,1.44,REQUIRED_SCHEDULE_EDGE_AUDITED,
REC-A1-001781,SEQ-A1-000565,SENSE,SENSE-A1-000132,cerveza,LEX-A1-000130,SENSE-A1-000132,,NEAR_TRANSFER,A1-M05-I01-S3,A1-M05-I02-S2,A1-M05-I01,A1-M05-I02,CORE_OR_STRUCTURAL_ROUTE,TRANSFER_IN_CHANGED_CONTEXT,CONTEXTUAL_OR_FUNCTION_BOUND,,NONE,1.44,REQUIRED_SCHEDULE_EDGE_AUDITED,
REC-A1-001782,SEQ-A1-000565,SENSE,SENSE-A1-000132,cerveza,LEX-A1-000130,SENSE-A1-000132,,DISTANT_RETURN,A1-M05-I02-S2,A1-M06-I01-S1,A1-M05-I02,A1-M06-I01,CORE_OR_STRUCTURAL_ROUTE,DELAYED_RETRIEVAL_OR_TERMINAL_INTEGRATION,CONTEXTUAL_OR_FUNCTION_BOUND,,NONE,1.44,REQUIRED_SCHEDULE_EDGE_AUDITED,"Scheduled four islands after first introduction; destination story is load-balanced. This is a curriculum spacing rule, not a universal optimal interval claim."
REC-A1-001783,SEQ-A1-000567,SENSE,SENSE-A1-000267,fruta,LEX-A1-000262,SENSE-A1-000267,,LOCAL_REUSE,A1-M05-I01-S2,A1-M05-I01-S3,A1-M05-I01,A1-M05-I01,CORE_OR_STRUCTURAL_ROUTE,REEXPOSURE_OR_RETRIEVAL,CONTEXTUAL_OR_FUNCTION_BOUND,,NONE,1.44,REQUIRED_SCHEDULE_EDGE_AUDITED,
REC-A1-001784,SEQ-A1-000567,SENSE,SENSE-A1-000267,fruta,LEX-A1-000262,SENSE-A1-000267,,NEAR_TRANSFER,A1-M05-I01-S3,A1-M05-I02-S3,A1-M05-I01,A1-M05-I02,CORE_OR_STRUCTURAL_ROUTE,TRANSFER_IN_CHANGED_CONTEXT,CONTEXTUAL_OR_FUNCTION_BOUND,,NONE,1.44,REQUIRED_SCHEDULE_EDGE_AUDITED,
REC-A1-001785,SEQ-A1-000567,SENSE,SENSE-A1-000267,fruta,LEX-A1-000262,SENSE-A1-000267,,DISTANT_RETURN,A1-M05-I02-S3,A1-M06-I01-S2,A1-M05-I02,A1-M06-I01,CORE_OR_STRUCTURAL_ROUTE,DELAYED_RETRIEVAL_OR_TERMINAL_INTEGRATION,CONTEXTUAL_OR_FUNCTION_BOUND,,NONE,1.44,REQUIRED_SCHEDULE_EDGE_AUDITED,"Scheduled four islands after first introduction; destination story is load-balanced. This is a curriculum spacing rule, not a universal optimal interval claim."
REC-A1-001786,SEQ-A1-000569,SENSE,SENSE-A1-000299,huevo,LEX-A1-000294,SENSE-A1-000299,,LOCAL_REUSE,A1-M05-I01-S2,A1-M05-I01-S3,A1-M05-I01,A1-M05-I01,CORE_OR_STRUCTURAL_ROUTE,REEXPOSURE_OR_RETRIEVAL,CONTEXTUAL_OR_FUNCTION_BOUND,,NONE,1.44,REQUIRED_SCHEDULE_EDGE_AUDITED,
REC-A1-001787,SEQ-A1-000569,SENSE,SENSE-A1-000299,huevo,LEX-A1-000294,SENSE-A1-000299,,NEAR_TRANSFER,A1-M05-I01-S3,A1-M05-I02-S1,A1-M05-I01,A1-M05-I02,CORE_OR_STRUCTURAL_ROUTE,TRANSFER_IN_CHANGED_CONTEXT,CONTEXTUAL_OR_FUNCTION_BOUND,,NONE,1.44,REQUIRED_SCHEDULE_EDGE_AUDITED,
REC-A1-001788,SEQ-A1-000569,SENSE,SENSE-A1-000299,huevo,LEX-A1-000294,SENSE-A1-000299,,DISTANT_RETURN,A1-M05-I02-S1,A1-M06-I01-S3,A1-M05-I02,A1-M06-I01,CORE_OR_STRUCTURAL_ROUTE,DELAYED_RETRIEVAL_OR_TERMINAL_INTEGRATION,CONTEXTUAL_OR_FUNCTION_BOUND,,NONE,1.44,REQUIRED_SCHEDULE_EDGE_AUDITED,"Scheduled four islands after first introduction; destination story is load-balanced. This is a curriculum spacing rule, not a universal optimal interval claim."
REC-A1-001789,SEQ-A1-000571,SENSE,SENSE-A1-000424,paella,LEX-A1-000416,SENSE-A1-000424,,LOCAL_REUSE,A1-M05-I01-S2,A1-M05-I01-S3,A1-M05-I01,A1-M05-I01,CORE_OR_STRUCTURAL_ROUTE,REEXPOSURE_OR_RETRIEVAL,CONTEXTUAL_OR_FUNCTION_BOUND,,NONE,1.44,REQUIRED_SCHEDULE_EDGE_AUDITED,
REC-A1-001790,SEQ-A1-000571,SENSE,SENSE-A1-000424,paella,LEX-A1-000416,SENSE-A1-000424,,NEAR_TRANSFER,A1-M05-I01-S3,A1-M05-I02-S2,A1-M05-I01,A1-M05-I02,CORE_OR_STRUCTURAL_ROUTE,TRANSFER_IN_CHANGED_CONTEXT,CONTEXTUAL_OR_FUNCTION_BOUND,,NONE,1.44,REQUIRED_SCHEDULE_EDGE_AUDITED,
REC-A1-001791,SEQ-A1-000571,SENSE,SENSE-A1-000424,paella,LEX-A1-000416,SENSE-A1-000424,,DISTANT_RETURN,A1-M05-I02-S2,A1-M06-I01-S1,A1-M05-I02,A1-M06-I01,CORE_OR_STRUCTURAL_ROUTE,DELAYED_RETRIEVAL_OR_TERMINAL_INTEGRATION,CONTEXTUAL_OR_FUNCTION_BOUND,,NONE,1.44,REQUIRED_SCHEDULE_EDGE_AUDITED,"Scheduled four islands after first introduction; destination story is load-balanced. This is a curriculum spacing rule, not a universal optimal interval claim."
REC-A1-001792,SEQ-A1-000573,SENSE,SENSE-A1-000445,pescado,LEX-A1-000437,SENSE-A1-000445,,LOCAL_REUSE,A1-M05-I01-S2,A1-M05-I01-S3,A1-M05-I01,A1-M05-I01,CORE_OR_STRUCTURAL_ROUTE,REEXPOSURE_OR_RETRIEVAL,CONTEXTUAL_OR_FUNCTION_BOUND,,NONE,1.44,REQUIRED_SCHEDULE_EDGE_AUDITED,
REC-A1-001793,SEQ-A1-000573,SENSE,SENSE-A1-000445,pescado,LEX-A1-000437,SENSE-A1-000445,,NEAR_TRANSFER,A1-M05-I01-S3,A1-M05-I02-S3,A1-M05-I01,A1-M05-I02,CORE_OR_STRUCTURAL_ROUTE,TRANSFER_IN_CHANGED_CONTEXT,CONTEXTUAL_OR_FUNCTION_BOUND,,NONE,1.44,REQUIRED_SCHEDULE_EDGE_AUDITED,
REC-A1-001794,SEQ-A1-000573,SENSE,SENSE-A1-000445,pescado,LEX-A1-000437,SENSE-A1-000445,,DISTANT_RETURN,A1-M05-I02-S3,A1-M06-I01-S2,A1-M05-I02,A1-M06-I01,CORE_OR_STRUCTURAL_ROUTE,DELAYED_RETRIEVAL_OR_TERMINAL_INTEGRATION,CONTEXTUAL_OR_FUNCTION_BOUND,,NONE,1.44,REQUIRED_SCHEDULE_EDGE_AUDITED,"Scheduled four islands after first introduction; destination story is load-balanced. This is a curriculum spacing rule, not a universal optimal interval claim."
REC-A1-001795,SEQ-A1-000574,SENSE,SENSE-A1-000511,sándwich,LEX-A1-000502,SENSE-A1-000511,,LOCAL_REUSE,A1-M05-I01-S2,A1-M05-I01-S3,A1-M05-I01,A1-M05-I01,CORE_OR_STRUCTURAL_ROUTE,REEXPOSURE_OR_RETRIEVAL,CONTEXTUAL_OR_FUNCTION_BOUND,,NONE,1.44,REQUIRED_SCHEDULE_EDGE_AUDITED,
REC-A1-001796,SEQ-A1-000574,SENSE,SENSE-A1-000511,sándwich,LEX-A1-000502,SENSE-A1-000511,,NEAR_TRANSFER,A1-M05-I01-S3,A1-M05-I02-S1,A1-M05-I01,A1-M05-I02,CORE_OR_STRUCTURAL_ROUTE,TRANSFER_IN_CHANGED_CONTEXT,CONTEXTUAL_OR_FUNCTION_BOUND,,NONE,1.44,REQUIRED_SCHEDULE_EDGE_AUDITED,
REC-A1-001797,SEQ-A1-000574,SENSE,SENSE-A1-000511,sándwich,LEX-A1-000502,SENSE-A1-000511,,DISTANT_RETURN,A1-M05-I02-S1,A1-M06-I01-S3,A1-M05-I02,A1-M06-I01,CORE_OR_STRUCTURAL_ROUTE,DELAYED_RETRIEVAL_OR_TERMINAL_INTEGRATION,CONTEXTUAL_OR_FUNCTION_BOUND,,NONE,1.44,REQUIRED_SCHEDULE_EDGE_AUDITED,"Scheduled four islands after first introduction; destination story is load-balanced. This is a curriculum spacing rule, not a universal optimal interval claim."
REC-A1-001798,SEQ-A1-000577,SENSE,SENSE-A1-000589,verdura,LEX-A1-000580,SENSE-A1-000589,,LOCAL_REUSE,A1-M05-I01-S2,A1-M05-I01-S3,A1-M05-I01,A1-M05-I01,CORE_OR_STRUCTURAL_ROUTE,REEXPOSURE_OR_RETRIEVAL,CONTEXTUAL_OR_FUNCTION_BOUND,,NONE,1.44,REQUIRED_SCHEDULE_EDGE_AUDITED,
REC-A1-001799,SEQ-A1-000577,SENSE,SENSE-A1-000589,verdura,LEX-A1-000580,SENSE-A1-000589,,NEAR_TRANSFER,A1-M05-I01-S3,A1-M05-I02-S2,A1-M05-I01,A1-M05-I02,CORE_OR_STRUCTURAL_ROUTE,TRANSFER_IN_CHANGED_CONTEXT,CONTEXTUAL_OR_FUNCTION_BOUND,,NONE,1.44,REQUIRED_SCHEDULE_EDGE_AUDITED,
REC-A1-001800,SEQ-A1-000577,SENSE,SENSE-A1-000589,verdura,LEX-A1-000580,SENSE-A1-000589,,DISTANT_RETURN,A1-M05-I02-S2,A1-M06-I01-S1,A1-M05-I02,A1-M06-I01,CORE_OR_STRUCTURAL_ROUTE,DELAYED_RETRIEVAL_OR_TERMINAL_INTEGRATION,CONTEXTUAL_OR_FUNCTION_BOUND,,NONE,1.44,REQUIRED_SCHEDULE_EDGE_AUDITED,"Scheduled four islands after first introduction; destination story is load-balanced. This is a curriculum spacing rule, not a universal optimal interval claim."
REC-A1-001801,SEQ-A1-000579,SENSE,SENSE-A1-000597,vino tinto,LEX-A1-000588,SENSE-A1-000597,,LOCAL_REUSE,A1-M05-I01-S2,A1-M05-I01-S3,A1-M05-I01,A1-M05-I01,CORE_OR_STRUCTURAL_ROUTE,REEXPOSURE_OR_RETRIEVAL,CONTEXTUAL_OR_FUNCTION_BOUND,,NONE,1.44,REQUIRED_SCHEDULE_EDGE_AUDITED,
REC-A1-001802,SEQ-A1-000579,SENSE,SENSE-A1-000597,vino tinto,LEX-A1-000588,SENSE-A1-000597,,NEAR_TRANSFER,A1-M05-I01-S3,A1-M05-I02-S3,A1-M05-I01,A1-M05-I02,CORE_OR_STRUCTURAL_ROUTE,TRANSFER_IN_CHANGED_CONTEXT,CONTEXTUAL_OR_FUNCTION_BOUND,,NONE,1.44,REQUIRED_SCHEDULE_EDGE_AUDITED,
REC-A1-001803,SEQ-A1-000579,SENSE,SENSE-A1-000597,vino tinto,LEX-A1-000588,SENSE-A1-000597,,DISTANT_RETURN,A1-M05-I02-S3,A1-M06-I01-S2,A1-M05-I02,A1-M06-I01,CORE_OR_STRUCTURAL_ROUTE,DELAYED_RETRIEVAL_OR_TERMINAL_INTEGRATION,CONTEXTUAL_OR_FUNCTION_BOUND,,NONE,1.44,REQUIRED_SCHEDULE_EDGE_AUDITED,"Scheduled four islands after first introduction; destination story is load-balanced. This is a curriculum spacing rule, not a universal optimal interval claim."
REC-A1-001804,SEQ-A1-000611,MWU_SOURCE_UNIT,12B1-MWU-0017,segundo plato,LEX-A1-000505,SENSE-A1-000514,12B1-MWU-0017,LOCAL_REUSE,A1-M05-I02-S1,A1-M05-I02-S2,A1-M05-I02,A1-M05-I02,CORE_OR_STRUCTURAL_ROUTE,REEXPOSURE_OR_RETRIEVAL,AS_OBJECT_POLICY_REQUIRES,,NONE,1.44,REQUIRED_SCHEDULE_EDGE_AUDITED,
REC-A1-001805,SEQ-A1-000611,MWU_SOURCE_UNIT,12B1-MWU-0017,segundo plato,LEX-A1-000505,SENSE-A1-000514,12B1-MWU-0017,NEAR_TRANSFER,A1-M05-I02-S2,A1-M05-I03-S3,A1-M05-I02,A1-M05-I03,CORE_OR_STRUCTURAL_ROUTE,TRANSFER_IN_CHANGED_CONTEXT,AS_OBJECT_POLICY_REQUIRES,,NONE,1.44,REQUIRED_SCHEDULE_EDGE_AUDITED,
REC-A1-001806,SEQ-A1-000611,MWU_SOURCE_UNIT,12B1-MWU-0017,segundo plato,LEX-A1-000505,SENSE-A1-000514,12B1-MWU-0017,DISTANT_RETURN,A1-M05-I03-S3,A1-M06-I02-S3,A1-M05-I03,A1-M06-I02,CORE_OR_STRUCTURAL_ROUTE,DELAYED_RETRIEVAL_OR_TERMINAL_INTEGRATION,AS_OBJECT_POLICY_REQUIRES,,NONE,1.44,REQUIRED_SCHEDULE_EDGE_AUDITED,"Scheduled four islands after first introduction; destination story is load-balanced. This is a curriculum spacing rule, not a universal optimal interval claim."
REC-A1-001807,SEQ-A1-000612,MWU_SOURCE_UNIT,12B1-MWU-0044,ir a un bar,,,12B1-MWU-0044,LOCAL_REUSE,A1-M05-I02-S1,A1-M05-I02-S3,A1-M05-I02,A1-M05-I02,CORE_OR_STRUCTURAL_ROUTE,REEXPOSURE_OR_RETRIEVAL,AS_OBJECT_POLICY_REQUIRES,,NONE,1.44,REQUIRED_SCHEDULE_EDGE_AUDITED,
REC-A1-001808,SEQ-A1-000612,MWU_SOURCE_UNIT,12B1-MWU-0044,ir a un bar,,,12B1-MWU-0044,NEAR_TRANSFER,A1-M05-I02-S3,A1-M05-I03-S1,A1-M05-I02,A1-M05-I03,CORE_OR_STRUCTURAL_ROUTE,TRANSFER_IN_CHANGED_CONTEXT,AS_OBJECT_POLICY_REQUIRES,,NONE,1.44,REQUIRED_SCHEDULE_EDGE_AUDITED,
REC-A1-001809,SEQ-A1-000612,MWU_SOURCE_UNIT,12B1-MWU-0044,ir a un bar,,,12B1-MWU-0044,DISTANT_RETURN,A1-M05-I03-S1,A1-M06-I02-S3,A1-M05-I03,A1-M06-I02,CORE_OR_STRUCTURAL_ROUTE,DELAYED_RETRIEVAL_OR_TERMINAL_INTEGRATION,AS_OBJECT_POLICY_REQUIRES,,NONE,1.44,REQUIRED_SCHEDULE_EDGE_AUDITED,"Scheduled four islands after first introduction; destination story is load-balanced. This is a curriculum spacing rule, not a universal optimal interval claim."
REC-A1-001810,SEQ-A1-000614,MWU_SOURCE_UNIT,12B1-MWU-0048,ir a un restaurante,,,12B1-MWU-0048,LOCAL_REUSE,A1-M05-I02-S1,A1-M05-I02-S2,A1-M05-I02,A1-M05-I02,CORE_OR_STRUCTURAL_ROUTE,REEXPOSURE_OR_RETRIEVAL,AS_OBJECT_POLICY_REQUIRES,,NONE,1.44,REQUIRED_SCHEDULE_EDGE_AUDITED,
REC-A1-001811,SEQ-A1-000614,MWU_SOURCE_UNIT,12B1-MWU-0048,ir a un restaurante,,,12B1-MWU-0048,NEAR_TRANSFER,A1-M05-I02-S2,A1-M05-I03-S2,A1-M05-I02,A1-M05-I03,CORE_OR_STRUCTURAL_ROUTE,TRANSFER_IN_CHANGED_CONTEXT,AS_OBJECT_POLICY_REQUIRES,,NONE,1.44,REQUIRED_SCHEDULE_EDGE_AUDITED,
REC-A1-001812,SEQ-A1-000614,MWU_SOURCE_UNIT,12B1-MWU-0048,ir a un restaurante,,,12B1-MWU-0048,DISTANT_RETURN,A1-M05-I03-S2,A1-M06-I02-S3,A1-M05-I03,A1-M06-I02,CORE_OR_STRUCTURAL_ROUTE,DELAYED_RETRIEVAL_OR_TERMINAL_INTEGRATION,AS_OBJECT_POLICY_REQUIRES,,NONE,1.44,REQUIRED_SCHEDULE_EDGE_AUDITED,"Scheduled four islands after first introduction; destination story is load-balanced. This is a curriculum spacing rule, not a universal optimal interval claim."
REC-A1-001813,SEQ-A1-000594,SENSE,SENSE-A1-000087,café,LEX-A1-000085,SENSE-A1-000087,,LOCAL_REUSE,A1-M05-I02-S1,A1-M05-I02-S3,A1-M05-I02,A1-M05-I02,CORE_OR_STRUCTURAL_ROUTE,REEXPOSURE_OR_RETRIEVAL,CONTEXTUAL_OR_FUNCTION_BOUND,,NONE,1.44,REQUIRED_SCHEDULE_EDGE_AUDITED,
REC-A1-001814,SEQ-A1-000594,SENSE,SENSE-A1-000087,café,LEX-A1-000085,SENSE-A1-000087,,NEAR_TRANSFER,A1-M05-I02-S3,A1-M05-I03-S3,A1-M05-I02,A1-M05-I03,CORE_OR_STRUCTURAL_ROUTE,TRANSFER_IN_CHANGED_CONTEXT,CONTEXTUAL_OR_FUNCTION_BOUND,,NONE,1.44,REQUIRED_SCHEDULE_EDGE_AUDITED,
REC-A1-001815,SEQ-A1-000594,SENSE,SENSE-A1-000087,café,LEX-A1-000085,SENSE-A1-000087,,DISTANT_RETURN,A1-M05-I03-S3,A1-M06-I02-S3,A1-M05-I03,A1-M06-I02,CORE_OR_STRUCTURAL_ROUTE,DELAYED_RETRIEVAL_OR_TERMINAL_INTEGRATION,CONTEXTUAL_OR_FUNCTION_BOUND,,NONE,1.44,REQUIRED_SCHEDULE_EDGE_AUDITED,"Scheduled four islands after first introduction; destination story is load-balanced. This is a curriculum spacing rule, not a universal optimal interval claim."
REC-A1-001816,SEQ-A1-000596,SENSE,SENSE-A1-000121,cena,LEX-A1-000119,SENSE-A1-000121,,LOCAL_REUSE,A1-M05-I02-S1,A1-M05-I02-S2,A1-M05-I02,A1-M05-I02,CORE_OR_STRUCTURAL_ROUTE,REEXPOSURE_OR_RETRIEVAL,CONTEXTUAL_OR_FUNCTION_BOUND,,NONE,1.44,REQUIRED_SCHEDULE_EDGE_AUDITED,
REC-A1-001817,SEQ-A1-000596,SENSE,SENSE-A1-000121,cena,LEX-A1-000119,SENSE-A1-000121,,NEAR_TRANSFER,A1-M05-I02-S2,A1-M05-I03-S1,A1-M05-I02,A1-M05-I03,CORE_OR_STRUCTURAL_ROUTE,TRANSFER_IN_CHANGED_CONTEXT,CONTEXTUAL_OR_FUNCTION_BOUND,,NONE,1.44,REQUIRED_SCHEDULE_EDGE_AUDITED,
REC-A1-001818,SEQ-A1-000596,SENSE,SENSE-A1-000121,cena,LEX-A1-000119,SENSE-A1-000121,,DISTANT_RETURN,A1-M05-I03-S1,A1-M06-I02-S3,A1-M05-I03,A1-M06-I02,CORE_OR_STRUCTURAL_ROUTE,DELAYED_RETRIEVAL_OR_TERMINAL_INTEGRATION,CONTEXTUAL_OR_FUNCTION_BOUND,,NONE,1.44,REQUIRED_SCHEDULE_EDGE_AUDITED,"Scheduled four islands after first introduction; destination story is load-balanced. This is a curriculum spacing rule, not a universal optimal interval claim."
REC-A1-001819,SEQ-A1-000598,SENSE,SENSE-A1-000186,desayuno,LEX-A1-000183,SENSE-A1-000186,,LOCAL_REUSE,A1-M05-I02-S1,A1-M05-I02-S3,A1-M05-I02,A1-M05-I02,CORE_OR_STRUCTURAL_ROUTE,REEXPOSURE_OR_RETRIEVAL,CONTEXTUAL_OR_FUNCTION_BOUND,,NONE,1.44,REQUIRED_SCHEDULE_EDGE_AUDITED,
REC-A1-001820,SEQ-A1-000598,SENSE,SENSE-A1-000186,desayuno,LEX-A1-000183,SENSE-A1-000186,,NEAR_TRANSFER,A1-M05-I02-S3,A1-M05-I03-S2,A1-M05-I02,A1-M05-I03,CORE_OR_STRUCTURAL_ROUTE,TRANSFER_IN_CHANGED_CONTEXT,CONTEXTUAL_OR_FUNCTION_BOUND,,NONE,1.44,REQUIRED_SCHEDULE_EDGE_AUDITED,
REC-A1-001821,SEQ-A1-000598,SENSE,SENSE-A1-000186,desayuno,LEX-A1-000183,SENSE-A1-000186,,DISTANT_RETURN,A1-M05-I03-S2,A1-M06-I02-S3,A1-M05-I03,A1-M06-I02,CORE_OR_STRUCTURAL_ROUTE,DELAYED_RETRIEVAL_OR_TERMINAL_INTEGRATION,CONTEXTUAL_OR_FUNCTION_BOUND,,NONE,1.44,REQUIRED_SCHEDULE_EDGE_AUDITED,"Scheduled four islands after first introduction; destination story is load-balanced. This is a curriculum spacing rule, not a universal optimal interval claim."
REC-A1-001822,SEQ-A1-000600,SENSE,SENSE-A1-000368,merienda,LEX-A1-000362,SENSE-A1-000368,,LOCAL_REUSE,A1-M05-I02-S1,A1-M05-I02-S2,A1-M05-I02,A1-M05-I02,CORE_OR_STRUCTURAL_ROUTE,REEXPOSURE_OR_RETRIEVAL,CONTEXTUAL_OR_FUNCTION_BOUND,,NONE,1.44,REQUIRED_SCHEDULE_EDGE_AUDITED,
REC-A1-001823,SEQ-A1-000600,SENSE,SENSE-A1-000368,merienda,LEX-A1-000362,SENSE-A1-000368,,NEAR_TRANSFER,A1-M05-I02-S2,A1-M05-I03-S3,A1-M05-I02,A1-M05-I03,CORE_OR_STRUCTURAL_ROUTE,TRANSFER_IN_CHANGED_CONTEXT,CONTEXTUAL_OR_FUNCTION_BOUND,,NONE,1.44,REQUIRED_SCHEDULE_EDGE_AUDITED,
REC-A1-001824,SEQ-A1-000600,SENSE,SENSE-A1-000368,merienda,LEX-A1-000362,SENSE-A1-000368,,DISTANT_RETURN,A1-M05-I03-S3,A1-M06-I02-S3,A1-M05-I03,A1-M06-I02,CORE_OR_STRUCTURAL_ROUTE,DELAYED_RETRIEVAL_OR_TERMINAL_INTEGRATION,CONTEXTUAL_OR_FUNCTION_BOUND,,NONE,1.44,REQUIRED_SCHEDULE_EDGE_AUDITED,"Scheduled four islands after first introduction; destination story is load-balanced. This is a curriculum spacing rule, not a universal optimal interval claim."
REC-A1-001825,SEQ-A1-000602,SENSE,SENSE-A1-000371,mesero,LEX-A1-000365,SENSE-A1-000371,,LOCAL_RECEPTIVE_REUSE,A1-M05-I02-S1,A1-M05-I02-S3,A1-M05-I02,A1-M05-I02,REGIONAL_RECEPTIVE_ROUTE,RECOGNITION,NO_UNIVERSAL_PRODUCTIVE_DEMAND,RECEPTIVE_PROFILE_RULE_PRESERVED,NONE,1.44,REQUIRED_SCHEDULE_EDGE_AUDITED,
REC-A1-001826,SEQ-A1-000602,SENSE,SENSE-A1-000371,mesero,LEX-A1-000365,SENSE-A1-000371,,REGIONAL_NEAR_RECOGNITION,A1-M05-I02-S3,A1-M05-I03-S1,A1-M05-I02,A1-M05-I03,REGIONAL_RECEPTIVE_ROUTE,RECOGNITION_IN_CHANGED_CONTEXT,NO_UNIVERSAL_PRODUCTIVE_DEMAND,RECEPTIVE_PROFILE_RULE_PRESERVED,NONE,1.44,REQUIRED_SCHEDULE_EDGE_AUDITED,
REC-A1-001827,SEQ-A1-000602,SENSE,SENSE-A1-000371,mesero,LEX-A1-000365,SENSE-A1-000371,,REGIONAL_LATER_RECOGNITION,A1-M05-I03-S1,A1-M06-I02-S3,A1-M05-I03,A1-M06-I02,REGIONAL_RECEPTIVE_ROUTE,LATER_RECOGNITION,NO_UNIVERSAL_PRODUCTIVE_DEMAND,RECEPTIVE_PROFILE_RULE_PRESERVED,NONE,1.44,REQUIRED_SCHEDULE_EDGE_AUDITED,"Scheduled four islands after first introduction; destination story is load-balanced. This is a curriculum spacing rule, not a universal optimal interval claim."
REC-A1-001828,SEQ-A1-000604,SENSE,SENSE-A1-000472,primer plato,LEX-A1-000463,SENSE-A1-000472,,LOCAL_REUSE,A1-M05-I02-S1,A1-M05-I02-S2,A1-M05-I02,A1-M05-I02,CORE_OR_STRUCTURAL_ROUTE,REEXPOSURE_OR_RETRIEVAL,CONTEXTUAL_OR_FUNCTION_BOUND,,NONE,1.44,REQUIRED_SCHEDULE_EDGE_AUDITED,
REC-A1-001829,SEQ-A1-000604,SENSE,SENSE-A1-000472,primer plato,LEX-A1-000463,SENSE-A1-000472,,NEAR_TRANSFER,A1-M05-I02-S2,A1-M05-I03-S2,A1-M05-I02,A1-M05-I03,CORE_OR_STRUCTURAL_ROUTE,TRANSFER_IN_CHANGED_CONTEXT,CONTEXTUAL_OR_FUNCTION_BOUND,,NONE,1.44,REQUIRED_SCHEDULE_EDGE_AUDITED,
REC-A1-001830,SEQ-A1-000604,SENSE,SENSE-A1-000472,primer plato,LEX-A1-000463,SENSE-A1-000472,,DISTANT_RETURN,A1-M05-I03-S2,A1-M06-I02-S3,A1-M05-I03,A1-M06-I02,CORE_OR_STRUCTURAL_ROUTE,DELAYED_RETRIEVAL_OR_TERMINAL_INTEGRATION,CONTEXTUAL_OR_FUNCTION_BOUND,,NONE,1.44,REQUIRED_SCHEDULE_EDGE_AUDITED,"Scheduled four islands after first introduction; destination story is load-balanced. This is a curriculum spacing rule, not a universal optimal interval claim."
REC-A1-001831,SEQ-A1-000606,SENSE,SENSE-A1-000514,segundo plato,LEX-A1-000505,SENSE-A1-000514,,LOCAL_REUSE,A1-M05-I02-S1,A1-M05-I02-S3,A1-M05-I02,A1-M05-I02,CORE_OR_STRUCTURAL_ROUTE,REEXPOSURE_OR_RETRIEVAL,CONTEXTUAL_OR_FUNCTION_BOUND,,NONE,1.44,REQUIRED_SCHEDULE_EDGE_AUDITED,
REC-A1-001832,SEQ-A1-000606,SENSE,SENSE-A1-000514,segundo plato,LEX-A1-000505,SENSE-A1-000514,,NEAR_TRANSFER,A1-M05-I02-S3,A1-M05-I03-S3,A1-M05-I02,A1-M05-I03,CORE_OR_STRUCTURAL_ROUTE,TRANSFER_IN_CHANGED_CONTEXT,CONTEXTUAL_OR_FUNCTION_BOUND,,NONE,1.44,REQUIRED_SCHEDULE_EDGE_AUDITED,
REC-A1-001833,SEQ-A1-000606,SENSE,SENSE-A1-000514,segundo plato,LEX-A1-000505,SENSE-A1-000514,,DISTANT_RETURN,A1-M05-I03-S3,A1-M06-I02-S3,A1-M05-I03,A1-M06-I02,CORE_OR_STRUCTURAL_ROUTE,DELAYED_RETRIEVAL_OR_TERMINAL_INTEGRATION,CONTEXTUAL_OR_FUNCTION_BOUND,,NONE,1.44,REQUIRED_SCHEDULE_EDGE_AUDITED,"Scheduled four islands after first introduction; destination story is load-balanced. This is a curriculum spacing rule, not a universal optimal interval claim."
REC-A1-001834,SEQ-A1-000608,SENSE,SENSE-A1-000566,tortilla,LEX-A1-000557,SENSE-A1-000566,,LOCAL_REUSE,A1-M05-I02-S1,A1-M05-I02-S2,A1-M05-I02,A1-M05-I02,CORE_OR_STRUCTURAL_ROUTE,REEXPOSURE_OR_RETRIEVAL,CONTEXTUAL_OR_FUNCTION_BOUND,,NONE,1.44,REQUIRED_SCHEDULE_EDGE_AUDITED,
REC-A1-001835,SEQ-A1-000608,SENSE,SENSE-A1-000566,tortilla,LEX-A1-000557,SENSE-A1-000566,,NEAR_TRANSFER,A1-M05-I02-S2,A1-M05-I03-S1,A1-M05-I02,A1-M05-I03,CORE_OR_STRUCTURAL_ROUTE,TRANSFER_IN_CHANGED_CONTEXT,CONTEXTUAL_OR_FUNCTION_BOUND,,NONE,1.44,REQUIRED_SCHEDULE_EDGE_AUDITED,
REC-A1-001836,SEQ-A1-000608,SENSE,SENSE-A1-000566,tortilla,LEX-A1-000557,SENSE-A1-000566,,DISTANT_RETURN,A1-M05-I03-S1,A1-M06-I02-S3,A1-M05-I03,A1-M06-I02,CORE_OR_STRUCTURAL_ROUTE,DELAYED_RETRIEVAL_OR_TERMINAL_INTEGRATION,CONTEXTUAL_OR_FUNCTION_BOUND,,NONE,1.44,REQUIRED_SCHEDULE_EDGE_AUDITED,"Scheduled four islands after first introduction; destination story is load-balanced. This is a curriculum spacing rule, not a universal optimal interval claim."
REC-A1-001837,SEQ-A1-000610,MWU_SOURCE_UNIT,12B1-MWU-0016,primer plato,LEX-A1-000463,SENSE-A1-000472,12B1-MWU-0016,LOCAL_REUSE,A1-M05-I02-S2,A1-M05-I02-S3,A1-M05-I02,A1-M05-I02,CORE_OR_STRUCTURAL_ROUTE,REEXPOSURE_OR_RETRIEVAL,AS_OBJECT_POLICY_REQUIRES,,NONE,1.44,REQUIRED_SCHEDULE_EDGE_AUDITED,
REC-A1-001838,SEQ-A1-000610,MWU_SOURCE_UNIT,12B1-MWU-0016,primer plato,LEX-A1-000463,SENSE-A1-000472,12B1-MWU-0016,NEAR_TRANSFER,A1-M05-I02-S3,A1-M05-I03-S2,A1-M05-I02,A1-M05-I03,CORE_OR_STRUCTURAL_ROUTE,TRANSFER_IN_CHANGED_CONTEXT,AS_OBJECT_POLICY_REQUIRES,,NONE,1.44,REQUIRED_SCHEDULE_EDGE_AUDITED,
REC-A1-001839,SEQ-A1-000610,MWU_SOURCE_UNIT,12B1-MWU-0016,primer plato,LEX-A1-000463,SENSE-A1-000472,12B1-MWU-0016,DISTANT_RETURN,A1-M05-I03-S2,A1-M06-I02-S3,A1-M05-I03,A1-M06-I02,CORE_OR_STRUCTURAL_ROUTE,DELAYED_RETRIEVAL_OR_TERMINAL_INTEGRATION,AS_OBJECT_POLICY_REQUIRES,,NONE,1.44,REQUIRED_SCHEDULE_EDGE_AUDITED,"Scheduled four islands after first introduction; destination story is load-balanced. This is a curriculum spacing rule, not a universal optimal interval claim."
REC-A1-001840,SEQ-A1-000613,MWU_SOURCE_UNIT,12B1-MWU-0045,ir a un café,,,12B1-MWU-0045,LOCAL_REUSE,A1-M05-I02-S2,A1-M05-I02-S3,A1-M05-I02,A1-M05-I02,CORE_OR_STRUCTURAL_ROUTE,REEXPOSURE_OR_RETRIEVAL,AS_OBJECT_POLICY_REQUIRES,,NONE,1.44,REQUIRED_SCHEDULE_EDGE_AUDITED,
REC-A1-001841,SEQ-A1-000613,MWU_SOURCE_UNIT,12B1-MWU-0045,ir a un café,,,12B1-MWU-0045,NEAR_TRANSFER,A1-M05-I02-S3,A1-M05-I03-S3,A1-M05-I02,A1-M05-I03,CORE_OR_STRUCTURAL_ROUTE,TRANSFER_IN_CHANGED_CONTEXT,AS_OBJECT_POLICY_REQUIRES,,NONE,1.44,REQUIRED_SCHEDULE_EDGE_AUDITED,
REC-A1-001842,SEQ-A1-000613,MWU_SOURCE_UNIT,12B1-MWU-0045,ir a un café,,,12B1-MWU-0045,DISTANT_RETURN,A1-M05-I03-S3,A1-M06-I02-S3,A1-M05-I03,A1-M06-I02,CORE_OR_STRUCTURAL_ROUTE,DELAYED_RETRIEVAL_OR_TERMINAL_INTEGRATION,AS_OBJECT_POLICY_REQUIRES,,NONE,1.44,REQUIRED_SCHEDULE_EDGE_AUDITED,"Scheduled four islands after first introduction; destination story is load-balanced. This is a curriculum spacing rule, not a universal optimal interval claim."
REC-A1-001843,SEQ-A1-000593,SENSE,SENSE-A1-000065,bar,LEX-A1-000065,SENSE-A1-000065,,LOCAL_REUSE,A1-M05-I02-S2,A1-M05-I02-S3,A1-M05-I02,A1-M05-I02,CORE_OR_STRUCTURAL_ROUTE,REEXPOSURE_OR_RETRIEVAL,CONTEXTUAL_OR_FUNCTION_BOUND,,NONE,1.44,REQUIRED_SCHEDULE_EDGE_AUDITED,
REC-A1-001844,SEQ-A1-000593,SENSE,SENSE-A1-000065,bar,LEX-A1-000065,SENSE-A1-000065,,NEAR_TRANSFER,A1-M05-I02-S3,A1-M05-I03-S1,A1-M05-I02,A1-M05-I03,CORE_OR_STRUCTURAL_ROUTE,TRANSFER_IN_CHANGED_CONTEXT,CONTEXTUAL_OR_FUNCTION_BOUND,,NONE,1.44,REQUIRED_SCHEDULE_EDGE_AUDITED,
REC-A1-001845,SEQ-A1-000593,SENSE,SENSE-A1-000065,bar,LEX-A1-000065,SENSE-A1-000065,,DISTANT_RETURN,A1-M05-I03-S1,A1-M06-I02-S3,A1-M05-I03,A1-M06-I02,CORE_OR_STRUCTURAL_ROUTE,DELAYED_RETRIEVAL_OR_TERMINAL_INTEGRATION,CONTEXTUAL_OR_FUNCTION_BOUND,,NONE,1.44,REQUIRED_SCHEDULE_EDGE_AUDITED,"Scheduled four islands after first introduction; destination story is load-balanced. This is a curriculum spacing rule, not a universal optimal interval claim."
REC-A1-001846,SEQ-A1-000595,SENSE,SENSE-A1-000098,camarero,LEX-A1-000096,SENSE-A1-000098,,LOCAL_REUSE,A1-M05-I02-S2,A1-M05-I02-S3,A1-M05-I02,A1-M05-I02,CORE_OR_STRUCTURAL_ROUTE,REEXPOSURE_OR_RETRIEVAL,CONTEXTUAL_OR_FUNCTION_BOUND,,NONE,1.44,REQUIRED_SCHEDULE_EDGE_AUDITED,
REC-A1-001847,SEQ-A1-000595,SENSE,SENSE-A1-000098,camarero,LEX-A1-000096,SENSE-A1-000098,,NEAR_TRANSFER,A1-M05-I02-S3,A1-M05-I03-S2,A1-M05-I02,A1-M05-I03,CORE_OR_STRUCTURAL_ROUTE,TRANSFER_IN_CHANGED_CONTEXT,CONTEXTUAL_OR_FUNCTION_BOUND,,NONE,1.44,REQUIRED_SCHEDULE_EDGE_AUDITED,
REC-A1-001848,SEQ-A1-000595,SENSE,SENSE-A1-000098,camarero,LEX-A1-000096,SENSE-A1-000098,,DISTANT_RETURN,A1-M05-I03-S2,A1-M06-I02-S3,A1-M05-I03,A1-M06-I02,CORE_OR_STRUCTURAL_ROUTE,DELAYED_RETRIEVAL_OR_TERMINAL_INTEGRATION,CONTEXTUAL_OR_FUNCTION_BOUND,,NONE,1.44,REQUIRED_SCHEDULE_EDGE_AUDITED,"Scheduled four islands after first introduction; destination story is load-balanced. This is a curriculum spacing rule, not a universal optimal interval claim."
REC-A1-001849,SEQ-A1-000597,SENSE,SENSE-A1-000149,comida,LEX-A1-000147,SENSE-A1-000149,,LOCAL_REUSE,A1-M05-I02-S2,A1-M05-I02-S3,A1-M05-I02,A1-M05-I02,CORE_OR_STRUCTURAL_ROUTE,REEXPOSURE_OR_RETRIEVAL,CONTEXTUAL_OR_FUNCTION_BOUND,,NONE,1.44,REQUIRED_SCHEDULE_EDGE_AUDITED,
REC-A1-001850,SEQ-A1-000597,SENSE,SENSE-A1-000149,comida,LEX-A1-000147,SENSE-A1-000149,,NEAR_TRANSFER,A1-M05-I02-S3,A1-M05-I03-S3,A1-M05-I02,A1-M05-I03,CORE_OR_STRUCTURAL_ROUTE,TRANSFER_IN_CHANGED_CONTEXT,CONTEXTUAL_OR_FUNCTION_BOUND,,NONE,1.44,REQUIRED_SCHEDULE_EDGE_AUDITED,
REC-A1-001851,SEQ-A1-000597,SENSE,SENSE-A1-000149,comida,LEX-A1-000147,SENSE-A1-000149,,DISTANT_RETURN,A1-M05-I03-S3,A1-M06-I02-S3,A1-M05-I03,A1-M06-I02,CORE_OR_STRUCTURAL_ROUTE,DELAYED_RETRIEVAL_OR_TERMINAL_INTEGRATION,CONTEXTUAL_OR_FUNCTION_BOUND,,NONE,1.44,REQUIRED_SCHEDULE_EDGE_AUDITED,"Scheduled four islands after first introduction; destination story is load-balanced. This is a curriculum spacing rule, not a universal optimal interval claim."
REC-A1-001852,SEQ-A1-000599,SENSE,SENSE-A1-000365,menú,LEX-A1-000359,SENSE-A1-000365,,LOCAL_REUSE,A1-M05-I02-S2,A1-M05-I02-S3,A1-M05-I02,A1-M05-I02,CORE_OR_STRUCTURAL_ROUTE,REEXPOSURE_OR_RETRIEVAL,CONTEXTUAL_OR_FUNCTION_BOUND,,NONE,1.44,REQUIRED_SCHEDULE_EDGE_AUDITED,
REC-A1-001853,SEQ-A1-000599,SENSE,SENSE-A1-000365,menú,LEX-A1-000359,SENSE-A1-000365,,NEAR_TRANSFER,A1-M05-I02-S3,A1-M05-I03-S1,A1-M05-I02,A1-M05-I03,CORE_OR_STRUCTURAL_ROUTE,TRANSFER_IN_CHANGED_CONTEXT,CONTEXTUAL_OR_FUNCTION_BOUND,,NONE,1.44,REQUIRED_SCHEDULE_EDGE_AUDITED,
REC-A1-001854,SEQ-A1-000599,SENSE,SENSE-A1-000365,menú,LEX-A1-000359,SENSE-A1-000365,,DISTANT_RETURN,A1-M05-I03-S1,A1-M06-I02-S1,A1-M05-I03,A1-M06-I02,CORE_OR_STRUCTURAL_ROUTE,DELAYED_RETRIEVAL_OR_TERMINAL_INTEGRATION,CONTEXTUAL_OR_FUNCTION_BOUND,,NONE,1.44,REQUIRED_SCHEDULE_EDGE_AUDITED,"Scheduled four islands after first introduction; destination story is load-balanced. This is a curriculum spacing rule, not a universal optimal interval claim."
REC-A1-001855,SEQ-A1-000601,SENSE,SENSE-A1-000370,mesa,LEX-A1-000364,SENSE-A1-000370,,LOCAL_REUSE,A1-M05-I02-S2,A1-M05-I02-S3,A1-M05-I02,A1-M05-I02,CORE_OR_STRUCTURAL_ROUTE,REEXPOSURE_OR_RETRIEVAL,CONTEXTUAL_OR_FUNCTION_BOUND,,NONE,1.44,REQUIRED_SCHEDULE_EDGE_AUDITED,
REC-A1-001856,SEQ-A1-000601,SENSE,SENSE-A1-000370,mesa,LEX-A1-000364,SENSE-A1-000370,,NEAR_TRANSFER,A1-M05-I02-S3,A1-M05-I03-S2,A1-M05-I02,A1-M05-I03,CORE_OR_STRUCTURAL_ROUTE,TRANSFER_IN_CHANGED_CONTEXT,CONTEXTUAL_OR_FUNCTION_BOUND,,NONE,1.44,REQUIRED_SCHEDULE_EDGE_AUDITED,
REC-A1-001857,SEQ-A1-000601,SENSE,SENSE-A1-000370,mesa,LEX-A1-000364,SENSE-A1-000370,,DISTANT_RETURN,A1-M05-I03-S2,A1-M06-I02-S2,A1-M05-I03,A1-M06-I02,CORE_OR_STRUCTURAL_ROUTE,DELAYED_RETRIEVAL_OR_TERMINAL_INTEGRATION,CONTEXTUAL_OR_FUNCTION_BOUND,,NONE,1.44,REQUIRED_SCHEDULE_EDGE_AUDITED,"Scheduled four islands after first introduction; destination story is load-balanced. This is a curriculum spacing rule, not a universal optimal interval claim."
REC-A1-001858,SEQ-A1-000603,SENSE,SENSE-A1-000464,postre,LEX-A1-000456,SENSE-A1-000464,,LOCAL_REUSE,A1-M05-I02-S2,A1-M05-I02-S3,A1-M05-I02,A1-M05-I02,CORE_OR_STRUCTURAL_ROUTE,REEXPOSURE_OR_RETRIEVAL,CONTEXTUAL_OR_FUNCTION_BOUND,,NONE,1.44,REQUIRED_SCHEDULE_EDGE_AUDITED,
REC-A1-001859,SEQ-A1-000603,SENSE,SENSE-A1-000464,postre,LEX-A1-000456,SENSE-A1-000464,,NEAR_TRANSFER,A1-M05-I02-S3,A1-M05-I03-S3,A1-M05-I02,A1-M05-I03,CORE_OR_STRUCTURAL_ROUTE,TRANSFER_IN_CHANGED_CONTEXT,CONTEXTUAL_OR_FUNCTION_BOUND,,NONE,1.44,REQUIRED_SCHEDULE_EDGE_AUDITED,
REC-A1-001860,SEQ-A1-000603,SENSE,SENSE-A1-000464,postre,LEX-A1-000456,SENSE-A1-000464,,DISTANT_RETURN,A1-M05-I03-S3,A1-M06-I02-S3,A1-M05-I03,A1-M06-I02,CORE_OR_STRUCTURAL_ROUTE,DELAYED_RETRIEVAL_OR_TERMINAL_INTEGRATION,CONTEXTUAL_OR_FUNCTION_BOUND,,NONE,1.44,REQUIRED_SCHEDULE_EDGE_AUDITED,"Scheduled four islands after first introduction; destination story is load-balanced. This is a curriculum spacing rule, not a universal optimal interval claim."
REC-A1-001861,SEQ-A1-000605,SENSE,SENSE-A1-000498,restaurante,LEX-A1-000489,SENSE-A1-000498,,LOCAL_REUSE,A1-M05-I02-S2,A1-M05-I02-S3,A1-M05-I02,A1-M05-I02,CORE_OR_STRUCTURAL_ROUTE,REEXPOSURE_OR_RETRIEVAL,CONTEXTUAL_OR_FUNCTION_BOUND,,NONE,1.44,REQUIRED_SCHEDULE_EDGE_AUDITED,
REC-A1-001862,SEQ-A1-000605,SENSE,SENSE-A1-000498,restaurante,LEX-A1-000489,SENSE-A1-000498,,NEAR_TRANSFER,A1-M05-I02-S3,A1-M05-I03-S1,A1-M05-I02,A1-M05-I03,CORE_OR_STRUCTURAL_ROUTE,TRANSFER_IN_CHANGED_CONTEXT,CONTEXTUAL_OR_FUNCTION_BOUND,,NONE,1.44,REQUIRED_SCHEDULE_EDGE_AUDITED,
REC-A1-001863,SEQ-A1-000605,SENSE,SENSE-A1-000498,restaurante,LEX-A1-000489,SENSE-A1-000498,,DISTANT_RETURN,A1-M05-I03-S1,A1-M06-I02-S1,A1-M05-I03,A1-M06-I02,CORE_OR_STRUCTURAL_ROUTE,DELAYED_RETRIEVAL_OR_TERMINAL_INTEGRATION,CONTEXTUAL_OR_FUNCTION_BOUND,,NONE,1.44,REQUIRED_SCHEDULE_EDGE_AUDITED,"Scheduled four islands after first introduction; destination story is load-balanced. This is a curriculum spacing rule, not a universal optimal interval claim."
REC-A1-001864,SEQ-A1-000607,SENSE,SENSE-A1-000537,sopa,LEX-A1-000528,SENSE-A1-000537,,LOCAL_REUSE,A1-M05-I02-S2,A1-M05-I02-S3,A1-M05-I02,A1-M05-I02,CORE_OR_STRUCTURAL_ROUTE,REEXPOSURE_OR_RETRIEVAL,CONTEXTUAL_OR_FUNCTION_BOUND,,NONE,1.44,REQUIRED_SCHEDULE_EDGE_AUDITED,
REC-A1-001865,SEQ-A1-000607,SENSE,SENSE-A1-000537,sopa,LEX-A1-000528,SENSE-A1-000537,,NEAR_TRANSFER,A1-M05-I02-S3,A1-M05-I03-S2,A1-M05-I02,A1-M05-I03,CORE_OR_STRUCTURAL_ROUTE,TRANSFER_IN_CHANGED_CONTEXT,CONTEXTUAL_OR_FUNCTION_BOUND,,NONE,1.44,REQUIRED_SCHEDULE_EDGE_AUDITED,
REC-A1-001866,SEQ-A1-000607,SENSE,SENSE-A1-000537,sopa,LEX-A1-000528,SENSE-A1-000537,,DISTANT_RETURN,A1-M05-I03-S2,A1-M06-I02-S2,A1-M05-I03,A1-M06-I02,CORE_OR_STRUCTURAL_ROUTE,DELAYED_RETRIEVAL_OR_TERMINAL_INTEGRATION,CONTEXTUAL_OR_FUNCTION_BOUND,,NONE,1.44,REQUIRED_SCHEDULE_EDGE_AUDITED,"Scheduled four islands after first introduction; destination story is load-balanced. This is a curriculum spacing rule, not a universal optimal interval claim."
REC-A1-001867,SEQ-A1-000609,SENSE,SENSE-A1-000595,vino,LEX-A1-000586,SENSE-A1-000595,,LOCAL_REUSE,A1-M05-I02-S2,A1-M05-I02-S3,A1-M05-I02,A1-M05-I02,CORE_OR_STRUCTURAL_ROUTE,REEXPOSURE_OR_RETRIEVAL,CONTEXTUAL_OR_FUNCTION_BOUND,,NONE,1.44,REQUIRED_SCHEDULE_EDGE_AUDITED,
REC-A1-001868,SEQ-A1-000609,SENSE,SENSE-A1-000595,vino,LEX-A1-000586,SENSE-A1-000595,,NEAR_TRANSFER,A1-M05-I02-S3,A1-M05-I03-S3,A1-M05-I02,A1-M05-I03,CORE_OR_STRUCTURAL_ROUTE,TRANSFER_IN_CHANGED_CONTEXT,CONTEXTUAL_OR_FUNCTION_BOUND,,NONE,1.44,REQUIRED_SCHEDULE_EDGE_AUDITED,
REC-A1-001869,SEQ-A1-000609,SENSE,SENSE-A1-000595,vino,LEX-A1-000586,SENSE-A1-000595,,DISTANT_RETURN,A1-M05-I03-S3,A1-M06-I02-S3,A1-M05-I03,A1-M06-I02,CORE_OR_STRUCTURAL_ROUTE,DELAYED_RETRIEVAL_OR_TERMINAL_INTEGRATION,CONTEXTUAL_OR_FUNCTION_BOUND,,NONE,1.44,REQUIRED_SCHEDULE_EDGE_AUDITED,"Scheduled four islands after first introduction; destination story is load-balanced. This is a curriculum spacing rule, not a universal optimal interval claim."
REC-A1-001870,SEQ-A1-000629,GRAMMAR_UNIT,GRAM-A1-016,Plural de monosílabos o agudos terminados en -s: -es,,,,LOCAL_REUSE,A1-M05-I03-S1,A1-M05-I03-S2,A1-M05-I03,A1-M05-I03,CORE_OR_STRUCTURAL_ROUTE,REEXPOSURE_OR_RETRIEVAL,AS_OBJECT_POLICY_REQUIRES,,NONE,1.44,REQUIRED_SCHEDULE_EDGE_AUDITED,
REC-A1-001871,SEQ-A1-000629,GRAMMAR_UNIT,GRAM-A1-016,Plural de monosílabos o agudos terminados en -s: -es,,,,NEAR_TRANSFER,A1-M05-I03-S2,A1-M05-I04-S2,A1-M05-I03,A1-M05-I04,CORE_OR_STRUCTURAL_ROUTE,TRANSFER_IN_CHANGED_CONTEXT,AS_OBJECT_POLICY_REQUIRES,,NONE,1.44,REQUIRED_SCHEDULE_EDGE_AUDITED,
REC-A1-001872,SEQ-A1-000629,GRAMMAR_UNIT,GRAM-A1-016,Plural de monosílabos o agudos terminados en -s: -es,,,,DISTANT_RETURN,A1-M05-I04-S2,A1-M06-I03-S3,A1-M05-I04,A1-M06-I03,CORE_OR_STRUCTURAL_ROUTE,DELAYED_RETRIEVAL_OR_TERMINAL_INTEGRATION,AS_OBJECT_POLICY_REQUIRES,,NONE,1.44,REQUIRED_SCHEDULE_EDGE_AUDITED,"Scheduled four islands after first introduction; destination story is load-balanced. This is a curriculum spacing rule, not a universal optimal interval claim."
REC-A1-001873,SEQ-A1-000630,GRAMMAR_UNIT,GRAM-A1-065,Bastante con variación de número,,,,LOCAL_REUSE,A1-M05-I03-S1,A1-M05-I03-S3,A1-M05-I03,A1-M05-I03,CORE_OR_STRUCTURAL_ROUTE,REEXPOSURE_OR_RETRIEVAL,AS_OBJECT_POLICY_REQUIRES,,NONE,1.44,REQUIRED_SCHEDULE_EDGE_AUDITED,
REC-A1-001874,SEQ-A1-000630,GRAMMAR_UNIT,GRAM-A1-065,Bastante con variación de número,,,,NEAR_TRANSFER,A1-M05-I03-S3,A1-M05-I04-S3,A1-M05-I03,A1-M05-I04,CORE_OR_STRUCTURAL_ROUTE,TRANSFER_IN_CHANGED_CONTEXT,AS_OBJECT_POLICY_REQUIRES,,NONE,1.44,REQUIRED_SCHEDULE_EDGE_AUDITED,
REC-A1-001875,SEQ-A1-000630,GRAMMAR_UNIT,GRAM-A1-065,Bastante con variación de número,,,,DISTANT_RETURN,A1-M05-I04-S3,A1-M06-I03-S3,A1-M05-I04,A1-M06-I03,CORE_OR_STRUCTURAL_ROUTE,DELAYED_RETRIEVAL_OR_TERMINAL_INTEGRATION,AS_OBJECT_POLICY_REQUIRES,,NONE,1.44,REQUIRED_SCHEDULE_EDGE_AUDITED,"Scheduled four islands after first introduction; destination story is load-balanced. This is a curriculum spacing rule, not a universal optimal interval claim."
REC-A1-001876,SEQ-A1-000634,MWU_SOURCE_UNIT,12B1-MWU-0091,pagar con tarjeta,,,12B1-MWU-0091,LOCAL_REUSE,A1-M05-I03-S1,A1-M05-I03-S2,A1-M05-I03,A1-M05-I03,CORE_OR_STRUCTURAL_ROUTE,REEXPOSURE_OR_RETRIEVAL,AS_OBJECT_POLICY_REQUIRES,,NONE,1.44,REQUIRED_SCHEDULE_EDGE_AUDITED,
REC-A1-001877,SEQ-A1-000634,MWU_SOURCE_UNIT,12B1-MWU-0091,pagar con tarjeta,,,12B1-MWU-0091,NEAR_TRANSFER,A1-M05-I03-S2,A1-M05-I04-S1,A1-M05-I03,A1-M05-I04,CORE_OR_STRUCTURAL_ROUTE,TRANSFER_IN_CHANGED_CONTEXT,AS_OBJECT_POLICY_REQUIRES,,NONE,1.44,REQUIRED_SCHEDULE_EDGE_AUDITED,
REC-A1-001878,SEQ-A1-000634,MWU_SOURCE_UNIT,12B1-MWU-0091,pagar con tarjeta,,,12B1-MWU-0091,DISTANT_RETURN,A1-M05-I04-S1,A1-M06-I03-S3,A1-M05-I04,A1-M06-I03,CORE_OR_STRUCTURAL_ROUTE,DELAYED_RETRIEVAL_OR_TERMINAL_INTEGRATION,AS_OBJECT_POLICY_REQUIRES,,NONE,1.44,REQUIRED_SCHEDULE_EDGE_AUDITED,"Scheduled four islands after first introduction; destination story is load-balanced. This is a curriculum spacing rule, not a universal optimal interval claim."
REC-A1-001879,SEQ-A1-000615,SENSE,SENSE-A1-000066,barato,LEX-A1-000066,SENSE-A1-000066,,LOCAL_REUSE,A1-M05-I03-S1,A1-M05-I03-S3,A1-M05-I03,A1-M05-I03,CORE_OR_STRUCTURAL_ROUTE,REEXPOSURE_OR_RETRIEVAL,CONTEXTUAL_OR_FUNCTION_BOUND,,NONE,1.44,REQUIRED_SCHEDULE_EDGE_AUDITED,
REC-A1-001880,SEQ-A1-000615,SENSE,SENSE-A1-000066,barato,LEX-A1-000066,SENSE-A1-000066,,NEAR_TRANSFER,A1-M05-I03-S3,A1-M05-I04-S2,A1-M05-I03,A1-M05-I04,CORE_OR_STRUCTURAL_ROUTE,TRANSFER_IN_CHANGED_CONTEXT,CONTEXTUAL_OR_FUNCTION_BOUND,,NONE,1.44,REQUIRED_SCHEDULE_EDGE_AUDITED,
REC-A1-001881,SEQ-A1-000615,SENSE,SENSE-A1-000066,barato,LEX-A1-000066,SENSE-A1-000066,,DISTANT_RETURN,A1-M05-I04-S2,A1-M06-I03-S3,A1-M05-I04,A1-M06-I03,CORE_OR_STRUCTURAL_ROUTE,DELAYED_RETRIEVAL_OR_TERMINAL_INTEGRATION,CONTEXTUAL_OR_FUNCTION_BOUND,,NONE,1.44,REQUIRED_SCHEDULE_EDGE_AUDITED,"Scheduled four islands after first introduction; destination story is load-balanced. This is a curriculum spacing rule, not a universal optimal interval claim."
REC-A1-001882,SEQ-A1-000617,SENSE,SENSE-A1-000112,caro,LEX-A1-000110,SENSE-A1-000112,,LOCAL_REUSE,A1-M05-I03-S1,A1-M05-I03-S2,A1-M05-I03,A1-M05-I03,CORE_OR_STRUCTURAL_ROUTE,REEXPOSURE_OR_RETRIEVAL,CONTEXTUAL_OR_FUNCTION_BOUND,,NONE,1.44,REQUIRED_SCHEDULE_EDGE_AUDITED,
REC-A1-001883,SEQ-A1-000617,SENSE,SENSE-A1-000112,caro,LEX-A1-000110,SENSE-A1-000112,,NEAR_TRANSFER,A1-M05-I03-S2,A1-M05-I04-S3,A1-M05-I03,A1-M05-I04,CORE_OR_STRUCTURAL_ROUTE,TRANSFER_IN_CHANGED_CONTEXT,CONTEXTUAL_OR_FUNCTION_BOUND,,NONE,1.44,REQUIRED_SCHEDULE_EDGE_AUDITED,
REC-A1-001884,SEQ-A1-000617,SENSE,SENSE-A1-000112,caro,LEX-A1-000110,SENSE-A1-000112,,DISTANT_RETURN,A1-M05-I04-S3,A1-M06-I03-S3,A1-M05-I04,A1-M06-I03,CORE_OR_STRUCTURAL_ROUTE,DELAYED_RETRIEVAL_OR_TERMINAL_INTEGRATION,CONTEXTUAL_OR_FUNCTION_BOUND,,NONE,1.44,REQUIRED_SCHEDULE_EDGE_AUDITED,"Scheduled four islands after first introduction; destination story is load-balanced. This is a curriculum spacing rule, not a universal optimal interval claim."
REC-A1-001885,SEQ-A1-000620,SENSE,SENSE-A1-000166,costar,LEX-A1-000164,SENSE-A1-000166,,LOCAL_REUSE,A1-M05-I03-S1,A1-M05-I03-S3,A1-M05-I03,A1-M05-I03,CORE_OR_STRUCTURAL_ROUTE,REEXPOSURE_OR_RETRIEVAL,CONTEXTUAL_OR_FUNCTION_BOUND,,NONE,1.44,REQUIRED_SCHEDULE_EDGE_AUDITED,
REC-A1-001886,SEQ-A1-000620,SENSE,SENSE-A1-000166,costar,LEX-A1-000164,SENSE-A1-000166,,NEAR_TRANSFER,A1-M05-I03-S3,A1-M05-I04-S1,A1-M05-I03,A1-M05-I04,CORE_OR_STRUCTURAL_ROUTE,TRANSFER_IN_CHANGED_CONTEXT,CONTEXTUAL_OR_FUNCTION_BOUND,,NONE,1.44,REQUIRED_SCHEDULE_EDGE_AUDITED,
REC-A1-001887,SEQ-A1-000620,SENSE,SENSE-A1-000166,costar,LEX-A1-000164,SENSE-A1-000166,,DISTANT_RETURN,A1-M05-I04-S1,A1-M06-I03-S3,A1-M05-I04,A1-M06-I03,CORE_OR_STRUCTURAL_ROUTE,DELAYED_RETRIEVAL_OR_TERMINAL_INTEGRATION,CONTEXTUAL_OR_FUNCTION_BOUND,,NONE,1.44,REQUIRED_SCHEDULE_EDGE_AUDITED,"Scheduled four islands after first introduction; destination story is load-balanced. This is a curriculum spacing rule, not a universal optimal interval claim."
REC-A1-001888,SEQ-A1-000622,SENSE,SENSE-A1-000177,cuenta,LEX-A1-000175,SENSE-A1-000177,,LOCAL_REUSE,A1-M05-I03-S1,A1-M05-I03-S2,A1-M05-I03,A1-M05-I03,CORE_OR_STRUCTURAL_ROUTE,REEXPOSURE_OR_RETRIEVAL,CONTEXTUAL_OR_FUNCTION_BOUND,,NONE,1.44,REQUIRED_SCHEDULE_EDGE_AUDITED,
REC-A1-001889,SEQ-A1-000622,SENSE,SENSE-A1-000177,cuenta,LEX-A1-000175,SENSE-A1-000177,,NEAR_TRANSFER,A1-M05-I03-S2,A1-M05-I04-S2,A1-M05-I03,A1-M05-I04,CORE_OR_STRUCTURAL_ROUTE,TRANSFER_IN_CHANGED_CONTEXT,CONTEXTUAL_OR_FUNCTION_BOUND,,NONE,1.44,REQUIRED_SCHEDULE_EDGE_AUDITED,
REC-A1-001890,SEQ-A1-000622,SENSE,SENSE-A1-000177,cuenta,LEX-A1-000175,SENSE-A1-000177,,DISTANT_RETURN,A1-M05-I04-S2,A1-M06-I03-S3,A1-M05-I04,A1-M06-I03,CORE_OR_STRUCTURAL_ROUTE,DELAYED_RETRIEVAL_OR_TERMINAL_INTEGRATION,CONTEXTUAL_OR_FUNCTION_BOUND,,NONE,1.44,REQUIRED_SCHEDULE_EDGE_AUDITED,"Scheduled four islands after first introduction; destination story is load-balanced. This is a curriculum spacing rule, not a universal optimal interval claim."
REC-A1-001891,SEQ-A1-000623,SENSE,SENSE-A1-000193,dinero,LEX-A1-000190,SENSE-A1-000193,,LOCAL_REUSE,A1-M05-I03-S1,A1-M05-I03-S3,A1-M05-I03,A1-M05-I03,CORE_OR_STRUCTURAL_ROUTE,REEXPOSURE_OR_RETRIEVAL,CONTEXTUAL_OR_FUNCTION_BOUND,,NONE,1.44,REQUIRED_SCHEDULE_EDGE_AUDITED,
REC-A1-001892,SEQ-A1-000623,SENSE,SENSE-A1-000193,dinero,LEX-A1-000190,SENSE-A1-000193,,NEAR_TRANSFER,A1-M05-I03-S3,A1-M05-I04-S3,A1-M05-I03,A1-M05-I04,CORE_OR_STRUCTURAL_ROUTE,TRANSFER_IN_CHANGED_CONTEXT,CONTEXTUAL_OR_FUNCTION_BOUND,,NONE,1.44,REQUIRED_SCHEDULE_EDGE_AUDITED,
REC-A1-001893,SEQ-A1-000623,SENSE,SENSE-A1-000193,dinero,LEX-A1-000190,SENSE-A1-000193,,DISTANT_RETURN,A1-M05-I04-S3,A1-M06-I03-S3,A1-M05-I04,A1-M06-I03,CORE_OR_STRUCTURAL_ROUTE,DELAYED_RETRIEVAL_OR_TERMINAL_INTEGRATION,CONTEXTUAL_OR_FUNCTION_BOUND,,NONE,1.44,REQUIRED_SCHEDULE_EDGE_AUDITED,"Scheduled four islands after first introduction; destination story is load-balanced. This is a curriculum spacing rule, not a universal optimal interval claim."
REC-A1-001894,SEQ-A1-000625,SENSE,SENSE-A1-000425,pagar,LEX-A1-000417,SENSE-A1-000425,,LOCAL_REUSE,A1-M05-I03-S1,A1-M05-I03-S2,A1-M05-I03,A1-M05-I03,CORE_OR_STRUCTURAL_ROUTE,REEXPOSURE_OR_RETRIEVAL,CONTEXTUAL_OR_FUNCTION_BOUND,,NONE,1.44,REQUIRED_SCHEDULE_EDGE_AUDITED,
REC-A1-001895,SEQ-A1-000625,SENSE,SENSE-A1-000425,pagar,LEX-A1-000417,SENSE-A1-000425,,NEAR_TRANSFER,A1-M05-I03-S2,A1-M05-I04-S1,A1-M05-I03,A1-M05-I04,CORE_OR_STRUCTURAL_ROUTE,TRANSFER_IN_CHANGED_CONTEXT,CONTEXTUAL_OR_FUNCTION_BOUND,,NONE,1.44,REQUIRED_SCHEDULE_EDGE_AUDITED,
REC-A1-001896,SEQ-A1-000625,SENSE,SENSE-A1-000425,pagar,LEX-A1-000417,SENSE-A1-000425,,DISTANT_RETURN,A1-M05-I04-S1,A1-M06-I03-S3,A1-M05-I04,A1-M06-I03,CORE_OR_STRUCTURAL_ROUTE,DELAYED_RETRIEVAL_OR_TERMINAL_INTEGRATION,CONTEXTUAL_OR_FUNCTION_BOUND,,NONE,1.44,REQUIRED_SCHEDULE_EDGE_AUDITED,"Scheduled four islands after first introduction; destination story is load-balanced. This is a curriculum spacing rule, not a universal optimal interval claim."
REC-A1-001897,SEQ-A1-000627,SENSE,SENSE-A1-000545,tarjeta,LEX-A1-000536,SENSE-A1-000545,,LOCAL_REUSE,A1-M05-I03-S1,A1-M05-I03-S3,A1-M05-I03,A1-M05-I03,CORE_OR_STRUCTURAL_ROUTE,REEXPOSURE_OR_RETRIEVAL,CONTEXTUAL_OR_FUNCTION_BOUND,,NONE,1.44,REQUIRED_SCHEDULE_EDGE_AUDITED,
REC-A1-001898,SEQ-A1-000627,SENSE,SENSE-A1-000545,tarjeta,LEX-A1-000536,SENSE-A1-000545,,NEAR_TRANSFER,A1-M05-I03-S3,A1-M05-I04-S2,A1-M05-I03,A1-M05-I04,CORE_OR_STRUCTURAL_ROUTE,TRANSFER_IN_CHANGED_CONTEXT,CONTEXTUAL_OR_FUNCTION_BOUND,,NONE,1.44,REQUIRED_SCHEDULE_EDGE_AUDITED,
REC-A1-001899,SEQ-A1-000627,SENSE,SENSE-A1-000545,tarjeta,LEX-A1-000536,SENSE-A1-000545,,DISTANT_RETURN,A1-M05-I04-S2,A1-M06-I03-S3,A1-M05-I04,A1-M06-I03,CORE_OR_STRUCTURAL_ROUTE,DELAYED_RETRIEVAL_OR_TERMINAL_INTEGRATION,CONTEXTUAL_OR_FUNCTION_BOUND,,NONE,1.44,REQUIRED_SCHEDULE_EDGE_AUDITED,"Scheduled four islands after first introduction; destination story is load-balanced. This is a curriculum spacing rule, not a universal optimal interval claim."
REC-A1-001900,SEQ-A1-000631,GRAMMAR_UNIT,GRAM-A1-091,Cuánto/a/os/as con concordancia de género/número,,,,LOCAL_REUSE,A1-M05-I03-S2,A1-M05-I03-S3,A1-M05-I03,A1-M05-I03,CORE_OR_STRUCTURAL_ROUTE,REEXPOSURE_OR_RETRIEVAL,AS_OBJECT_POLICY_REQUIRES,,NONE,1.44,REQUIRED_SCHEDULE_EDGE_AUDITED,
REC-A1-001901,SEQ-A1-000631,GRAMMAR_UNIT,GRAM-A1-091,Cuánto/a/os/as con concordancia de género/número,,,,NEAR_TRANSFER,A1-M05-I03-S3,A1-M05-I04-S3,A1-M05-I03,A1-M05-I04,CORE_OR_STRUCTURAL_ROUTE,TRANSFER_IN_CHANGED_CONTEXT,AS_OBJECT_POLICY_REQUIRES,,NONE,1.44,REQUIRED_SCHEDULE_EDGE_AUDITED,
REC-A1-001902,SEQ-A1-000631,GRAMMAR_UNIT,GRAM-A1-091,Cuánto/a/os/as con concordancia de género/número,,,,DISTANT_RETURN,A1-M05-I04-S3,A1-M06-I03-S2,A1-M05-I04,A1-M06-I03,CORE_OR_STRUCTURAL_ROUTE,DELAYED_RETRIEVAL_OR_TERMINAL_INTEGRATION,AS_OBJECT_POLICY_REQUIRES,,NONE,1.44,REQUIRED_SCHEDULE_EDGE_AUDITED,"Scheduled four islands after first introduction; destination story is load-balanced. This is a curriculum spacing rule, not a universal optimal interval claim."
REC-A1-001903,SEQ-A1-000632,MWU_SOURCE_UNIT,12B1-MWU-0009,tarjeta de crédito,LEX-A1-000537,SENSE-A1-000546,12B1-MWU-0009,LOCAL_REUSE,A1-M05-I03-S2,A1-M05-I03-S3,A1-M05-I03,A1-M05-I03,CORE_OR_STRUCTURAL_ROUTE,REEXPOSURE_OR_RETRIEVAL,AS_OBJECT_POLICY_REQUIRES,,NONE,1.44,REQUIRED_SCHEDULE_EDGE_AUDITED,
REC-A1-001904,SEQ-A1-000632,MWU_SOURCE_UNIT,12B1-MWU-0009,tarjeta de crédito,LEX-A1-000537,SENSE-A1-000546,12B1-MWU-0009,NEAR_TRANSFER,A1-M05-I03-S3,A1-M05-I04-S1,A1-M05-I03,A1-M05-I04,CORE_OR_STRUCTURAL_ROUTE,TRANSFER_IN_CHANGED_CONTEXT,AS_OBJECT_POLICY_REQUIRES,,NONE,1.44,REQUIRED_SCHEDULE_EDGE_AUDITED,
REC-A1-001905,SEQ-A1-000632,MWU_SOURCE_UNIT,12B1-MWU-0009,tarjeta de crédito,LEX-A1-000537,SENSE-A1-000546,12B1-MWU-0009,DISTANT_RETURN,A1-M05-I04-S1,A1-M06-I03-S3,A1-M05-I04,A1-M06-I03,CORE_OR_STRUCTURAL_ROUTE,DELAYED_RETRIEVAL_OR_TERMINAL_INTEGRATION,AS_OBJECT_POLICY_REQUIRES,,NONE,1.44,REQUIRED_SCHEDULE_EDGE_AUDITED,"Scheduled four islands after first introduction; destination story is load-balanced. This is a curriculum spacing rule, not a universal optimal interval claim."
REC-A1-001906,SEQ-A1-000633,MWU_SOURCE_UNIT,12B1-MWU-0090,cambiar dinero,,,12B1-MWU-0090,LOCAL_REUSE,A1-M05-I03-S2,A1-M05-I03-S3,A1-M05-I03,A1-M05-I03,CORE_OR_STRUCTURAL_ROUTE,REEXPOSURE_OR_RETRIEVAL,AS_OBJECT_POLICY_REQUIRES,,NONE,1.44,REQUIRED_SCHEDULE_EDGE_AUDITED,
REC-A1-001907,SEQ-A1-000633,MWU_SOURCE_UNIT,12B1-MWU-0090,cambiar dinero,,,12B1-MWU-0090,NEAR_TRANSFER,A1-M05-I03-S3,A1-M05-I04-S2,A1-M05-I03,A1-M05-I04,CORE_OR_STRUCTURAL_ROUTE,TRANSFER_IN_CHANGED_CONTEXT,AS_OBJECT_POLICY_REQUIRES,,NONE,1.44,REQUIRED_SCHEDULE_EDGE_AUDITED,
REC-A1-001908,SEQ-A1-000633,MWU_SOURCE_UNIT,12B1-MWU-0090,cambiar dinero,,,12B1-MWU-0090,DISTANT_RETURN,A1-M05-I04-S2,A1-M06-I03-S1,A1-M05-I04,A1-M06-I03,CORE_OR_STRUCTURAL_ROUTE,DELAYED_RETRIEVAL_OR_TERMINAL_INTEGRATION,AS_OBJECT_POLICY_REQUIRES,,NONE,1.44,REQUIRED_SCHEDULE_EDGE_AUDITED,"Scheduled four islands after first introduction; destination story is load-balanced. This is a curriculum spacing rule, not a universal optimal interval claim."
REC-A1-001909,SEQ-A1-000616,SENSE,SENSE-A1-000099,cambiar,LEX-A1-000097,SENSE-A1-000099,,LOCAL_REUSE,A1-M05-I03-S2,A1-M05-I03-S3,A1-M05-I03,A1-M05-I03,CORE_OR_STRUCTURAL_ROUTE,REEXPOSURE_OR_RETRIEVAL,CONTEXTUAL_OR_FUNCTION_BOUND,,NONE,1.44,REQUIRED_SCHEDULE_EDGE_AUDITED,
REC-A1-001910,SEQ-A1-000616,SENSE,SENSE-A1-000099,cambiar,LEX-A1-000097,SENSE-A1-000099,,NEAR_TRANSFER,A1-M05-I03-S3,A1-M05-I04-S3,A1-M05-I03,A1-M05-I04,CORE_OR_STRUCTURAL_ROUTE,TRANSFER_IN_CHANGED_CONTEXT,CONTEXTUAL_OR_FUNCTION_BOUND,,NONE,1.44,REQUIRED_SCHEDULE_EDGE_AUDITED,
REC-A1-001911,SEQ-A1-000616,SENSE,SENSE-A1-000099,cambiar,LEX-A1-000097,SENSE-A1-000099,,DISTANT_RETURN,A1-M05-I04-S3,A1-M06-I03-S2,A1-M05-I04,A1-M06-I03,CORE_OR_STRUCTURAL_ROUTE,DELAYED_RETRIEVAL_OR_TERMINAL_INTEGRATION,CONTEXTUAL_OR_FUNCTION_BOUND,,NONE,1.44,REQUIRED_SCHEDULE_EDGE_AUDITED,"Scheduled four islands after first introduction; destination story is load-balanced. This is a curriculum spacing rule, not a universal optimal interval claim."
REC-A1-001912,SEQ-A1-000618,SENSE,SENSE-A1-000123,centavo,LEX-A1-000121,SENSE-A1-000123,,LOCAL_RECEPTIVE_REUSE,A1-M05-I03-S2,A1-M05-I03-S3,A1-M05-I03,A1-M05-I03,REGIONAL_RECEPTIVE_ROUTE,RECOGNITION,NO_UNIVERSAL_PRODUCTIVE_DEMAND,RECEPTIVE_PROFILE_RULE_PRESERVED,NONE,1.44,REQUIRED_SCHEDULE_EDGE_AUDITED,
REC-A1-001913,SEQ-A1-000618,SENSE,SENSE-A1-000123,centavo,LEX-A1-000121,SENSE-A1-000123,,REGIONAL_NEAR_RECOGNITION,A1-M05-I03-S3,A1-M05-I04-S1,A1-M05-I03,A1-M05-I04,REGIONAL_RECEPTIVE_ROUTE,RECOGNITION_IN_CHANGED_CONTEXT,NO_UNIVERSAL_PRODUCTIVE_DEMAND,RECEPTIVE_PROFILE_RULE_PRESERVED,NONE,1.44,REQUIRED_SCHEDULE_EDGE_AUDITED,
REC-A1-001914,SEQ-A1-000618,SENSE,SENSE-A1-000123,centavo,LEX-A1-000121,SENSE-A1-000123,,REGIONAL_LATER_RECOGNITION,A1-M05-I04-S1,A1-M06-I03-S3,A1-M05-I04,A1-M06-I03,REGIONAL_RECEPTIVE_ROUTE,LATER_RECOGNITION,NO_UNIVERSAL_PRODUCTIVE_DEMAND,RECEPTIVE_PROFILE_RULE_PRESERVED,NONE,1.44,REQUIRED_SCHEDULE_EDGE_AUDITED,"Scheduled four islands after first introduction; destination story is load-balanced. This is a curriculum spacing rule, not a universal optimal interval claim."
REC-A1-001915,SEQ-A1-000619,SENSE,SENSE-A1-000124,céntimo,LEX-A1-000122,SENSE-A1-000124,,LOCAL_REUSE,A1-M05-I03-S2,A1-M05-I03-S3,A1-M05-I03,A1-M05-I03,CORE_OR_STRUCTURAL_ROUTE,REEXPOSURE_OR_RETRIEVAL,CONTEXTUAL_OR_FUNCTION_BOUND,,NONE,1.44,REQUIRED_SCHEDULE_EDGE_AUDITED,
REC-A1-001916,SEQ-A1-000619,SENSE,SENSE-A1-000124,céntimo,LEX-A1-000122,SENSE-A1-000124,,NEAR_TRANSFER,A1-M05-I03-S3,A1-M05-I04-S2,A1-M05-I03,A1-M05-I04,CORE_OR_STRUCTURAL_ROUTE,TRANSFER_IN_CHANGED_CONTEXT,CONTEXTUAL_OR_FUNCTION_BOUND,,NONE,1.44,REQUIRED_SCHEDULE_EDGE_AUDITED,
REC-A1-001917,SEQ-A1-000619,SENSE,SENSE-A1-000124,céntimo,LEX-A1-000122,SENSE-A1-000124,,DISTANT_RETURN,A1-M05-I04-S2,A1-M06-I03-S1,A1-M05-I04,A1-M06-I03,CORE_OR_STRUCTURAL_ROUTE,DELAYED_RETRIEVAL_OR_TERMINAL_INTEGRATION,CONTEXTUAL_OR_FUNCTION_BOUND,,NONE,1.44,REQUIRED_SCHEDULE_EDGE_AUDITED,"Scheduled four islands after first introduction; destination story is load-balanced. This is a curriculum spacing rule, not a universal optimal interval claim."
REC-A1-001918,SEQ-A1-000621,SENSE,SENSE-A1-000167,crédito,LEX-A1-000165,SENSE-A1-000167,,LOCAL_REUSE,A1-M05-I03-S2,A1-M05-I03-S3,A1-M05-I03,A1-M05-I03,CORE_OR_STRUCTURAL_ROUTE,REEXPOSURE_OR_RETRIEVAL,CONTEXTUAL_OR_FUNCTION_BOUND,,NONE,1.44,REQUIRED_SCHEDULE_EDGE_AUDITED,
REC-A1-001919,SEQ-A1-000621,SENSE,SENSE-A1-000167,crédito,LEX-A1-000165,SENSE-A1-000167,,NEAR_TRANSFER,A1-M05-I03-S3,A1-M05-I04-S3,A1-M05-I03,A1-M05-I04,CORE_OR_STRUCTURAL_ROUTE,TRANSFER_IN_CHANGED_CONTEXT,CONTEXTUAL_OR_FUNCTION_BOUND,,NONE,1.44,REQUIRED_SCHEDULE_EDGE_AUDITED,
REC-A1-001920,SEQ-A1-000621,SENSE,SENSE-A1-000167,crédito,LEX-A1-000165,SENSE-A1-000167,,DISTANT_RETURN,A1-M05-I04-S3,A1-M06-I03-S2,A1-M05-I04,A1-M06-I03,CORE_OR_STRUCTURAL_ROUTE,DELAYED_RETRIEVAL_OR_TERMINAL_INTEGRATION,CONTEXTUAL_OR_FUNCTION_BOUND,,NONE,1.44,REQUIRED_SCHEDULE_EDGE_AUDITED,"Scheduled four islands after first introduction; destination story is load-balanced. This is a curriculum spacing rule, not a universal optimal interval claim."
REC-A1-001921,SEQ-A1-000624,SENSE,SENSE-A1-000244,euro,LEX-A1-000240,SENSE-A1-000244,,LOCAL_REUSE,A1-M05-I03-S2,A1-M05-I03-S3,A1-M05-I03,A1-M05-I03,CORE_OR_STRUCTURAL_ROUTE,REEXPOSURE_OR_RETRIEVAL,CONTEXTUAL_OR_FUNCTION_BOUND,,NONE,1.44,REQUIRED_SCHEDULE_EDGE_AUDITED,
REC-A1-001922,SEQ-A1-000624,SENSE,SENSE-A1-000244,euro,LEX-A1-000240,SENSE-A1-000244,,NEAR_TRANSFER,A1-M05-I03-S3,A1-M05-I04-S1,A1-M05-I03,A1-M05-I04,CORE_OR_STRUCTURAL_ROUTE,TRANSFER_IN_CHANGED_CONTEXT,CONTEXTUAL_OR_FUNCTION_BOUND,,NONE,1.44,REQUIRED_SCHEDULE_EDGE_AUDITED,
REC-A1-001923,SEQ-A1-000624,SENSE,SENSE-A1-000244,euro,LEX-A1-000240,SENSE-A1-000244,,DISTANT_RETURN,A1-M05-I04-S1,A1-M06-I03-S3,A1-M05-I04,A1-M06-I03,CORE_OR_STRUCTURAL_ROUTE,DELAYED_RETRIEVAL_OR_TERMINAL_INTEGRATION,CONTEXTUAL_OR_FUNCTION_BOUND,,NONE,1.44,REQUIRED_SCHEDULE_EDGE_AUDITED,"Scheduled four islands after first introduction; destination story is load-balanced. This is a curriculum spacing rule, not a universal optimal interval claim."
REC-A1-001924,SEQ-A1-000626,SENSE,SENSE-A1-000466,precio,LEX-A1-000458,SENSE-A1-000466,,LOCAL_REUSE,A1-M05-I03-S2,A1-M05-I03-S3,A1-M05-I03,A1-M05-I03,CORE_OR_STRUCTURAL_ROUTE,REEXPOSURE_OR_RETRIEVAL,CONTEXTUAL_OR_FUNCTION_BOUND,,NONE,1.44,REQUIRED_SCHEDULE_EDGE_AUDITED,
REC-A1-001925,SEQ-A1-000626,SENSE,SENSE-A1-000466,precio,LEX-A1-000458,SENSE-A1-000466,,NEAR_TRANSFER,A1-M05-I03-S3,A1-M05-I04-S2,A1-M05-I03,A1-M05-I04,CORE_OR_STRUCTURAL_ROUTE,TRANSFER_IN_CHANGED_CONTEXT,CONTEXTUAL_OR_FUNCTION_BOUND,,NONE,1.44,REQUIRED_SCHEDULE_EDGE_AUDITED,
REC-A1-001926,SEQ-A1-000626,SENSE,SENSE-A1-000466,precio,LEX-A1-000458,SENSE-A1-000466,,DISTANT_RETURN,A1-M05-I04-S2,A1-M06-I03-S1,A1-M05-I04,A1-M06-I03,CORE_OR_STRUCTURAL_ROUTE,DELAYED_RETRIEVAL_OR_TERMINAL_INTEGRATION,CONTEXTUAL_OR_FUNCTION_BOUND,,NONE,1.44,REQUIRED_SCHEDULE_EDGE_AUDITED,"Scheduled four islands after first introduction; destination story is load-balanced. This is a curriculum spacing rule, not a universal optimal interval claim."
REC-A1-001927,SEQ-A1-000628,SENSE,SENSE-A1-000546,tarjeta de crédito,LEX-A1-000537,SENSE-A1-000546,,LOCAL_REUSE,A1-M05-I03-S2,A1-M05-I03-S3,A1-M05-I03,A1-M05-I03,CORE_OR_STRUCTURAL_ROUTE,REEXPOSURE_OR_RETRIEVAL,CONTEXTUAL_OR_FUNCTION_BOUND,,NONE,1.44,REQUIRED_SCHEDULE_EDGE_AUDITED,
REC-A1-001928,SEQ-A1-000628,SENSE,SENSE-A1-000546,tarjeta de crédito,LEX-A1-000537,SENSE-A1-000546,,NEAR_TRANSFER,A1-M05-I03-S3,A1-M05-I04-S3,A1-M05-I03,A1-M05-I04,CORE_OR_STRUCTURAL_ROUTE,TRANSFER_IN_CHANGED_CONTEXT,CONTEXTUAL_OR_FUNCTION_BOUND,,NONE,1.44,REQUIRED_SCHEDULE_EDGE_AUDITED,
REC-A1-001929,SEQ-A1-000628,SENSE,SENSE-A1-000546,tarjeta de crédito,LEX-A1-000537,SENSE-A1-000546,,DISTANT_RETURN,A1-M05-I04-S3,A1-M06-I03-S2,A1-M05-I04,A1-M06-I03,CORE_OR_STRUCTURAL_ROUTE,DELAYED_RETRIEVAL_OR_TERMINAL_INTEGRATION,CONTEXTUAL_OR_FUNCTION_BOUND,,NONE,1.44,REQUIRED_SCHEDULE_EDGE_AUDITED,"Scheduled four islands after first introduction; destination story is load-balanced. This is a curriculum spacing rule, not a universal optimal interval claim."
REC-A1-001930,SEQ-A1-000659,GRAMMAR_UNIT,GRAM-A1-022,Género regular -o/-a,,,,LOCAL_REUSE,A1-M05-I04-S1,A1-M05-I04-S2,A1-M05-I04,A1-M05-I04,CORE_OR_STRUCTURAL_ROUTE,REEXPOSURE_OR_RETRIEVAL,AS_OBJECT_POLICY_REQUIRES,,NONE,1.44,REQUIRED_SCHEDULE_EDGE_AUDITED,
REC-A1-001931,SEQ-A1-000659,GRAMMAR_UNIT,GRAM-A1-022,Género regular -o/-a,,,,NEAR_TRANSFER,A1-M05-I04-S2,A1-M06-I01-S3,A1-M05-I04,A1-M06-I01,CORE_OR_STRUCTURAL_ROUTE,TRANSFER_IN_CHANGED_CONTEXT,AS_OBJECT_POLICY_REQUIRES,,NONE,1.44,REQUIRED_SCHEDULE_EDGE_AUDITED,
REC-A1-001932,SEQ-A1-000659,GRAMMAR_UNIT,GRAM-A1-022,Género regular -o/-a,,,,DISTANT_RETURN,A1-M06-I01-S3,A1-M06-I04-S3,A1-M06-I01,A1-M06-I04,CORE_OR_STRUCTURAL_ROUTE,DELAYED_RETRIEVAL_OR_TERMINAL_INTEGRATION,AS_OBJECT_POLICY_REQUIRES,,NONE,1.44,REQUIRED_SCHEDULE_EDGE_AUDITED,"Scheduled four islands after first introduction; destination story is load-balanced. This is a curriculum spacing rule, not a universal optimal interval claim."
REC-A1-001933,SEQ-A1-000660,GRAMMAR_UNIT,GRAM-A1-026,Plural de adjetivos terminados en vocal: -s,,,,LOCAL_REUSE,A1-M05-I04-S1,A1-M05-I04-S3,A1-M05-I04,A1-M05-I04,CORE_OR_STRUCTURAL_ROUTE,REEXPOSURE_OR_RETRIEVAL,AS_OBJECT_POLICY_REQUIRES,,NONE,1.44,REQUIRED_SCHEDULE_EDGE_AUDITED,
REC-A1-001934,SEQ-A1-000660,GRAMMAR_UNIT,GRAM-A1-026,Plural de adjetivos terminados en vocal: -s,,,,NEAR_TRANSFER,A1-M05-I04-S3,A1-M06-I01-S1,A1-M05-I04,A1-M06-I01,CORE_OR_STRUCTURAL_ROUTE,TRANSFER_IN_CHANGED_CONTEXT,AS_OBJECT_POLICY_REQUIRES,,NONE,1.44,REQUIRED_SCHEDULE_EDGE_AUDITED,
REC-A1-001935,SEQ-A1-000660,GRAMMAR_UNIT,GRAM-A1-026,Plural de adjetivos terminados en vocal: -s,,,,DISTANT_RETURN,A1-M06-I01-S1,A1-M06-I04-S3,A1-M06-I01,A1-M06-I04,CORE_OR_STRUCTURAL_ROUTE,DELAYED_RETRIEVAL_OR_TERMINAL_INTEGRATION,AS_OBJECT_POLICY_REQUIRES,,NONE,1.44,REQUIRED_SCHEDULE_EDGE_AUDITED,"Scheduled four islands after first introduction; destination story is load-balanced. This is a curriculum spacing rule, not a universal optimal interval claim."
REC-A1-001936,SEQ-A1-000663,GRAMMAR_UNIT,GRAM-A1-088,Qué para preguntar por objetos o acciones,,,,LOCAL_REUSE,A1-M05-I04-S1,A1-M05-I04-S2,A1-M05-I04,A1-M05-I04,CORE_OR_STRUCTURAL_ROUTE,REEXPOSURE_OR_RETRIEVAL,AS_OBJECT_POLICY_REQUIRES,,NONE,1.44,REQUIRED_SCHEDULE_EDGE_AUDITED,
REC-A1-001937,SEQ-A1-000663,GRAMMAR_UNIT,GRAM-A1-088,Qué para preguntar por objetos o acciones,,,,NEAR_TRANSFER,A1-M05-I04-S2,A1-M06-I01-S2,A1-M05-I04,A1-M06-I01,CORE_OR_STRUCTURAL_ROUTE,TRANSFER_IN_CHANGED_CONTEXT,AS_OBJECT_POLICY_REQUIRES,,NONE,1.44,REQUIRED_SCHEDULE_EDGE_AUDITED,
REC-A1-001938,SEQ-A1-000663,GRAMMAR_UNIT,GRAM-A1-088,Qué para preguntar por objetos o acciones,,,,DISTANT_RETURN,A1-M06-I01-S2,A1-M06-I04-S3,A1-M06-I01,A1-M06-I04,CORE_OR_STRUCTURAL_ROUTE,DELAYED_RETRIEVAL_OR_TERMINAL_INTEGRATION,AS_OBJECT_POLICY_REQUIRES,,NONE,1.44,REQUIRED_SCHEDULE_EDGE_AUDITED,"Scheduled four islands after first introduction; destination story is load-balanced. This is a curriculum spacing rule, not a universal optimal interval claim."
REC-A1-001939,SEQ-A1-000664,GRAMMAR_UNIT,GRAM-A1-119,Adjetivos no relacionales como modificadores restrictivos,,,,LOCAL_REUSE,A1-M05-I04-S1,A1-M05-I04-S3,A1-M05-I04,A1-M05-I04,CORE_OR_STRUCTURAL_ROUTE,REEXPOSURE_OR_RETRIEVAL,AS_OBJECT_POLICY_REQUIRES,,NONE,1.44,REQUIRED_SCHEDULE_EDGE_AUDITED,
REC-A1-001940,SEQ-A1-000664,GRAMMAR_UNIT,GRAM-A1-119,Adjetivos no relacionales como modificadores restrictivos,,,,NEAR_TRANSFER,A1-M05-I04-S3,A1-M06-I01-S3,A1-M05-I04,A1-M06-I01,CORE_OR_STRUCTURAL_ROUTE,TRANSFER_IN_CHANGED_CONTEXT,AS_OBJECT_POLICY_REQUIRES,,NONE,1.44,REQUIRED_SCHEDULE_EDGE_AUDITED,
REC-A1-001941,SEQ-A1-000664,GRAMMAR_UNIT,GRAM-A1-119,Adjetivos no relacionales como modificadores restrictivos,,,,DISTANT_RETURN,A1-M06-I01-S3,A1-M06-I04-S3,A1-M06-I01,A1-M06-I04,CORE_OR_STRUCTURAL_ROUTE,DELAYED_RETRIEVAL_OR_TERMINAL_INTEGRATION,AS_OBJECT_POLICY_REQUIRES,,NONE,1.44,REQUIRED_SCHEDULE_EDGE_AUDITED,"Scheduled four islands after first introduction; destination story is load-balanced. This is a curriculum spacing rule, not a universal optimal interval claim."
REC-A1-001942,SEQ-A1-000667,GRAMMAR_UNIT,GRAM-A1-153,Construcción distributiva uno...otro,,,,LOCAL_REUSE,A1-M05-I04-S1,A1-M05-I04-S2,A1-M05-I04,A1-M05-I04,CORE_OR_STRUCTURAL_ROUTE,REEXPOSURE_OR_RETRIEVAL,AS_OBJECT_POLICY_REQUIRES,,NONE,1.44,REQUIRED_SCHEDULE_EDGE_AUDITED,
REC-A1-001943,SEQ-A1-000667,GRAMMAR_UNIT,GRAM-A1-153,Construcción distributiva uno...otro,,,,NEAR_TRANSFER,A1-M05-I04-S2,A1-M06-I01-S1,A1-M05-I04,A1-M06-I01,CORE_OR_STRUCTURAL_ROUTE,TRANSFER_IN_CHANGED_CONTEXT,AS_OBJECT_POLICY_REQUIRES,,NONE,1.44,REQUIRED_SCHEDULE_EDGE_AUDITED,
REC-A1-001944,SEQ-A1-000667,GRAMMAR_UNIT,GRAM-A1-153,Construcción distributiva uno...otro,,,,DISTANT_RETURN,A1-M06-I01-S1,A1-M06-I04-S3,A1-M06-I01,A1-M06-I04,CORE_OR_STRUCTURAL_ROUTE,DELAYED_RETRIEVAL_OR_TERMINAL_INTEGRATION,AS_OBJECT_POLICY_REQUIRES,,NONE,1.44,REQUIRED_SCHEDULE_EDGE_AUDITED,"Scheduled four islands after first introduction; destination story is load-balanced. This is a curriculum spacing rule, not a universal optimal interval claim."
REC-A1-001945,SEQ-A1-000668,MWU_SOURCE_UNIT,12B1-MWU-0078,comprar un apartamento,,,12B1-MWU-0078,LOCAL_REUSE,A1-M05-I04-S1,A1-M05-I04-S3,A1-M05-I04,A1-M05-I04,CORE_OR_STRUCTURAL_ROUTE,REEXPOSURE_OR_RETRIEVAL,AS_OBJECT_POLICY_REQUIRES,,NONE,1.44,REQUIRED_SCHEDULE_EDGE_AUDITED,
REC-A1-001946,SEQ-A1-000668,MWU_SOURCE_UNIT,12B1-MWU-0078,comprar un apartamento,,,12B1-MWU-0078,NEAR_TRANSFER,A1-M05-I04-S3,A1-M06-I01-S2,A1-M05-I04,A1-M06-I01,CORE_OR_STRUCTURAL_ROUTE,TRANSFER_IN_CHANGED_CONTEXT,AS_OBJECT_POLICY_REQUIRES,,NONE,1.44,REQUIRED_SCHEDULE_EDGE_AUDITED,
REC-A1-001947,SEQ-A1-000668,MWU_SOURCE_UNIT,12B1-MWU-0078,comprar un apartamento,,,12B1-MWU-0078,DISTANT_RETURN,A1-M06-I01-S2,A1-M06-I04-S3,A1-M06-I01,A1-M06-I04,CORE_OR_STRUCTURAL_ROUTE,DELAYED_RETRIEVAL_OR_TERMINAL_INTEGRATION,AS_OBJECT_POLICY_REQUIRES,,NONE,1.44,REQUIRED_SCHEDULE_EDGE_AUDITED,"Scheduled four islands after first introduction; destination story is load-balanced. This is a curriculum spacing rule, not a universal optimal interval claim."
REC-A1-001948,SEQ-A1-000670,MWU_SOURCE_UNIT,12B1-MWU-0085,vender un apartamento,,,12B1-MWU-0085,LOCAL_REUSE,A1-M05-I04-S1,A1-M05-I04-S2,A1-M05-I04,A1-M05-I04,CORE_OR_STRUCTURAL_ROUTE,REEXPOSURE_OR_RETRIEVAL,AS_OBJECT_POLICY_REQUIRES,,NONE,1.44,REQUIRED_SCHEDULE_EDGE_AUDITED,
REC-A1-001949,SEQ-A1-000670,MWU_SOURCE_UNIT,12B1-MWU-0085,vender un apartamento,,,12B1-MWU-0085,NEAR_TRANSFER,A1-M05-I04-S2,A1-M06-I01-S3,A1-M05-I04,A1-M06-I01,CORE_OR_STRUCTURAL_ROUTE,TRANSFER_IN_CHANGED_CONTEXT,AS_OBJECT_POLICY_REQUIRES,,NONE,1.44,REQUIRED_SCHEDULE_EDGE_AUDITED,
REC-A1-001950,SEQ-A1-000670,MWU_SOURCE_UNIT,12B1-MWU-0085,vender un apartamento,,,12B1-MWU-0085,DISTANT_RETURN,A1-M06-I01-S3,A1-M06-I04-S3,A1-M06-I01,A1-M06-I04,CORE_OR_STRUCTURAL_ROUTE,DELAYED_RETRIEVAL_OR_TERMINAL_INTEGRATION,AS_OBJECT_POLICY_REQUIRES,,NONE,1.44,REQUIRED_SCHEDULE_EDGE_AUDITED,"Scheduled four islands after first introduction; destination story is load-balanced. This is a curriculum spacing rule, not a universal optimal interval claim."
REC-A1-001951,SEQ-A1-000635,SENSE,SENSE-A1-000036,amarillo,LEX-A1-000036,SENSE-A1-000036,,LOCAL_REUSE,A1-M05-I04-S1,A1-M05-I04-S3,A1-M05-I04,A1-M05-I04,CORE_OR_STRUCTURAL_ROUTE,REEXPOSURE_OR_RETRIEVAL,CONTEXTUAL_OR_FUNCTION_BOUND,,NONE,1.44,REQUIRED_SCHEDULE_EDGE_AUDITED,
REC-A1-001952,SEQ-A1-000635,SENSE,SENSE-A1-000036,amarillo,LEX-A1-000036,SENSE-A1-000036,,NEAR_TRANSFER,A1-M05-I04-S3,A1-M06-I01-S1,A1-M05-I04,A1-M06-I01,CORE_OR_STRUCTURAL_ROUTE,TRANSFER_IN_CHANGED_CONTEXT,CONTEXTUAL_OR_FUNCTION_BOUND,,NONE,1.44,REQUIRED_SCHEDULE_EDGE_AUDITED,
REC-A1-001953,SEQ-A1-000635,SENSE,SENSE-A1-000036,amarillo,LEX-A1-000036,SENSE-A1-000036,,DISTANT_RETURN,A1-M06-I01-S1,A1-M06-I04-S2,A1-M06-I01,A1-M06-I04,CORE_OR_STRUCTURAL_ROUTE,DELAYED_RETRIEVAL_OR_TERMINAL_INTEGRATION,CONTEXTUAL_OR_FUNCTION_BOUND,,NONE,1.44,REQUIRED_SCHEDULE_EDGE_AUDITED,"Scheduled four islands after first introduction; destination story is load-balanced. This is a curriculum spacing rule, not a universal optimal interval claim."
REC-A1-001954,SEQ-A1-000637,SENSE,SENSE-A1-000076,blanco,LEX-A1-000075,SENSE-A1-000076,,LOCAL_REUSE,A1-M05-I04-S1,A1-M05-I04-S2,A1-M05-I04,A1-M05-I04,CORE_OR_STRUCTURAL_ROUTE,REEXPOSURE_OR_RETRIEVAL,CONTEXTUAL_OR_FUNCTION_BOUND,,NONE,1.44,REQUIRED_SCHEDULE_EDGE_AUDITED,
REC-A1-001955,SEQ-A1-000637,SENSE,SENSE-A1-000076,blanco,LEX-A1-000075,SENSE-A1-000076,,NEAR_TRANSFER,A1-M05-I04-S2,A1-M06-I01-S2,A1-M05-I04,A1-M06-I01,CORE_OR_STRUCTURAL_ROUTE,TRANSFER_IN_CHANGED_CONTEXT,CONTEXTUAL_OR_FUNCTION_BOUND,,NONE,1.44,REQUIRED_SCHEDULE_EDGE_AUDITED,
REC-A1-001956,SEQ-A1-000637,SENSE,SENSE-A1-000076,blanco,LEX-A1-000075,SENSE-A1-000076,,DISTANT_RETURN,A1-M06-I01-S2,A1-M06-I04-S3,A1-M06-I01,A1-M06-I04,CORE_OR_STRUCTURAL_ROUTE,DELAYED_RETRIEVAL_OR_TERMINAL_INTEGRATION,CONTEXTUAL_OR_FUNCTION_BOUND,,NONE,1.44,REQUIRED_SCHEDULE_EDGE_AUDITED,"Scheduled four islands after first introduction; destination story is load-balanced. This is a curriculum spacing rule, not a universal optimal interval claim."
REC-A1-001957,SEQ-A1-000639,SENSE,SENSE-A1-000100,camisa,LEX-A1-000098,SENSE-A1-000100,,LOCAL_REUSE,A1-M05-I04-S1,A1-M05-I04-S3,A1-M05-I04,A1-M05-I04,CORE_OR_STRUCTURAL_ROUTE,REEXPOSURE_OR_RETRIEVAL,CONTEXTUAL_OR_FUNCTION_BOUND,,NONE,1.44,REQUIRED_SCHEDULE_EDGE_AUDITED,
REC-A1-001958,SEQ-A1-000639,SENSE,SENSE-A1-000100,camisa,LEX-A1-000098,SENSE-A1-000100,,NEAR_TRANSFER,A1-M05-I04-S3,A1-M06-I01-S3,A1-M05-I04,A1-M06-I01,CORE_OR_STRUCTURAL_ROUTE,TRANSFER_IN_CHANGED_CONTEXT,CONTEXTUAL_OR_FUNCTION_BOUND,,NONE,1.44,REQUIRED_SCHEDULE_EDGE_AUDITED,
REC-A1-001959,SEQ-A1-000639,SENSE,SENSE-A1-000100,camisa,LEX-A1-000098,SENSE-A1-000100,,DISTANT_RETURN,A1-M06-I01-S3,A1-M06-I04-S1,A1-M06-I01,A1-M06-I04,CORE_OR_STRUCTURAL_ROUTE,DELAYED_RETRIEVAL_OR_TERMINAL_INTEGRATION,CONTEXTUAL_OR_FUNCTION_BOUND,,NONE,1.44,REQUIRED_SCHEDULE_EDGE_AUDITED,"Scheduled four islands after first introduction; destination story is load-balanced. This is a curriculum spacing rule, not a universal optimal interval claim."
REC-A1-001960,SEQ-A1-000641,SENSE,SENSE-A1-000128,centro comercial,LEX-A1-000126,SENSE-A1-000128,,LOCAL_REUSE,A1-M05-I04-S1,A1-M05-I04-S2,A1-M05-I04,A1-M05-I04,CORE_OR_STRUCTURAL_ROUTE,REEXPOSURE_OR_RETRIEVAL,CONTEXTUAL_OR_FUNCTION_BOUND,,NONE,1.44,REQUIRED_SCHEDULE_EDGE_AUDITED,
REC-A1-001961,SEQ-A1-000641,SENSE,SENSE-A1-000128,centro comercial,LEX-A1-000126,SENSE-A1-000128,,NEAR_TRANSFER,A1-M05-I04-S2,A1-M06-I01-S1,A1-M05-I04,A1-M06-I01,CORE_OR_STRUCTURAL_ROUTE,TRANSFER_IN_CHANGED_CONTEXT,CONTEXTUAL_OR_FUNCTION_BOUND,,NONE,1.44,REQUIRED_SCHEDULE_EDGE_AUDITED,
REC-A1-001962,SEQ-A1-000641,SENSE,SENSE-A1-000128,centro comercial,LEX-A1-000126,SENSE-A1-000128,,DISTANT_RETURN,A1-M06-I01-S1,A1-M06-I04-S2,A1-M06-I01,A1-M06-I04,CORE_OR_STRUCTURAL_ROUTE,DELAYED_RETRIEVAL_OR_TERMINAL_INTEGRATION,CONTEXTUAL_OR_FUNCTION_BOUND,,NONE,1.44,REQUIRED_SCHEDULE_EDGE_AUDITED,"Scheduled four islands after first introduction; destination story is load-balanced. This is a curriculum spacing rule, not a universal optimal interval claim."
REC-A1-001963,SEQ-A1-000643,SENSE,SENSE-A1-000153,comprar,LEX-A1-000151,SENSE-A1-000153,,LOCAL_REUSE,A1-M05-I04-S1,A1-M05-I04-S3,A1-M05-I04,A1-M05-I04,CORE_OR_STRUCTURAL_ROUTE,REEXPOSURE_OR_RETRIEVAL,CONTEXTUAL_OR_FUNCTION_BOUND,,NONE,1.44,REQUIRED_SCHEDULE_EDGE_AUDITED,
REC-A1-001964,SEQ-A1-000643,SENSE,SENSE-A1-000153,comprar,LEX-A1-000151,SENSE-A1-000153,,NEAR_TRANSFER,A1-M05-I04-S3,A1-M06-I01-S2,A1-M05-I04,A1-M06-I01,CORE_OR_STRUCTURAL_ROUTE,TRANSFER_IN_CHANGED_CONTEXT,CONTEXTUAL_OR_FUNCTION_BOUND,,NONE,1.44,REQUIRED_SCHEDULE_EDGE_AUDITED,
REC-A1-001965,SEQ-A1-000643,SENSE,SENSE-A1-000153,comprar,LEX-A1-000151,SENSE-A1-000153,,DISTANT_RETURN,A1-M06-I01-S2,A1-M06-I04-S3,A1-M06-I01,A1-M06-I04,CORE_OR_STRUCTURAL_ROUTE,DELAYED_RETRIEVAL_OR_TERMINAL_INTEGRATION,CONTEXTUAL_OR_FUNCTION_BOUND,,NONE,1.44,REQUIRED_SCHEDULE_EDGE_AUDITED,"Scheduled four islands after first introduction; destination story is load-balanced. This is a curriculum spacing rule, not a universal optimal interval claim."
REC-A1-001966,SEQ-A1-000645,SENSE,SENSE-A1-000277,gris,LEX-A1-000272,SENSE-A1-000277,,LOCAL_REUSE,A1-M05-I04-S1,A1-M05-I04-S2,A1-M05-I04,A1-M05-I04,CORE_OR_STRUCTURAL_ROUTE,REEXPOSURE_OR_RETRIEVAL,CONTEXTUAL_OR_FUNCTION_BOUND,,NONE,1.44,REQUIRED_SCHEDULE_EDGE_AUDITED,
REC-A1-001967,SEQ-A1-000645,SENSE,SENSE-A1-000277,gris,LEX-A1-000272,SENSE-A1-000277,,NEAR_TRANSFER,A1-M05-I04-S2,A1-M06-I01-S3,A1-M05-I04,A1-M06-I01,CORE_OR_STRUCTURAL_ROUTE,TRANSFER_IN_CHANGED_CONTEXT,CONTEXTUAL_OR_FUNCTION_BOUND,,NONE,1.44,REQUIRED_SCHEDULE_EDGE_AUDITED,
REC-A1-001968,SEQ-A1-000645,SENSE,SENSE-A1-000277,gris,LEX-A1-000272,SENSE-A1-000277,,DISTANT_RETURN,A1-M06-I01-S3,A1-M06-I04-S1,A1-M06-I01,A1-M06-I04,CORE_OR_STRUCTURAL_ROUTE,DELAYED_RETRIEVAL_OR_TERMINAL_INTEGRATION,CONTEXTUAL_OR_FUNCTION_BOUND,,NONE,1.44,REQUIRED_SCHEDULE_EDGE_AUDITED,"Scheduled four islands after first introduction; destination story is load-balanced. This is a curriculum spacing rule, not a universal optimal interval claim."
REC-A1-001969,SEQ-A1-000647,SENSE,SENSE-A1-000356,marrón,LEX-A1-000350,SENSE-A1-000356,,LOCAL_REUSE,A1-M05-I04-S1,A1-M05-I04-S3,A1-M05-I04,A1-M05-I04,CORE_OR_STRUCTURAL_ROUTE,REEXPOSURE_OR_RETRIEVAL,CONTEXTUAL_OR_FUNCTION_BOUND,,NONE,1.44,REQUIRED_SCHEDULE_EDGE_AUDITED,
REC-A1-001970,SEQ-A1-000647,SENSE,SENSE-A1-000356,marrón,LEX-A1-000350,SENSE-A1-000356,,NEAR_TRANSFER,A1-M05-I04-S3,A1-M06-I01-S1,A1-M05-I04,A1-M06-I01,CORE_OR_STRUCTURAL_ROUTE,TRANSFER_IN_CHANGED_CONTEXT,CONTEXTUAL_OR_FUNCTION_BOUND,,NONE,1.44,REQUIRED_SCHEDULE_EDGE_AUDITED,
REC-A1-001971,SEQ-A1-000647,SENSE,SENSE-A1-000356,marrón,LEX-A1-000350,SENSE-A1-000356,,DISTANT_RETURN,A1-M06-I01-S1,A1-M06-I04-S2,A1-M06-I01,A1-M06-I04,CORE_OR_STRUCTURAL_ROUTE,DELAYED_RETRIEVAL_OR_TERMINAL_INTEGRATION,CONTEXTUAL_OR_FUNCTION_BOUND,,NONE,1.44,REQUIRED_SCHEDULE_EDGE_AUDITED,"Scheduled four islands after first introduction; destination story is load-balanced. This is a curriculum spacing rule, not a universal optimal interval claim."
REC-A1-001972,SEQ-A1-000649,SENSE,SENSE-A1-000394,naranja,LEX-A1-000387,SENSE-A1-000394,,LOCAL_REUSE,A1-M05-I04-S1,A1-M05-I04-S2,A1-M05-I04,A1-M05-I04,CORE_OR_STRUCTURAL_ROUTE,REEXPOSURE_OR_RETRIEVAL,CONTEXTUAL_OR_FUNCTION_BOUND,,NONE,1.44,REQUIRED_SCHEDULE_EDGE_AUDITED,
REC-A1-001973,SEQ-A1-000649,SENSE,SENSE-A1-000394,naranja,LEX-A1-000387,SENSE-A1-000394,,NEAR_TRANSFER,A1-M05-I04-S2,A1-M06-I01-S2,A1-M05-I04,A1-M06-I01,CORE_OR_STRUCTURAL_ROUTE,TRANSFER_IN_CHANGED_CONTEXT,CONTEXTUAL_OR_FUNCTION_BOUND,,NONE,1.44,REQUIRED_SCHEDULE_EDGE_AUDITED,
REC-A1-001974,SEQ-A1-000649,SENSE,SENSE-A1-000394,naranja,LEX-A1-000387,SENSE-A1-000394,,DISTANT_RETURN,A1-M06-I01-S2,A1-M06-I04-S3,A1-M06-I01,A1-M06-I04,CORE_OR_STRUCTURAL_ROUTE,DELAYED_RETRIEVAL_OR_TERMINAL_INTEGRATION,CONTEXTUAL_OR_FUNCTION_BOUND,,NONE,1.44,REQUIRED_SCHEDULE_EDGE_AUDITED,"Scheduled four islands after first introduction; destination story is load-balanced. This is a curriculum spacing rule, not a universal optimal interval claim."
REC-A1-001975,SEQ-A1-000651,SENSE,SENSE-A1-000430,pantalón,LEX-A1-000422,SENSE-A1-000430,,LOCAL_REUSE,A1-M05-I04-S1,A1-M05-I04-S3,A1-M05-I04,A1-M05-I04,CORE_OR_STRUCTURAL_ROUTE,REEXPOSURE_OR_RETRIEVAL,CONTEXTUAL_OR_FUNCTION_BOUND,,NONE,1.44,REQUIRED_SCHEDULE_EDGE_AUDITED,
REC-A1-001976,SEQ-A1-000651,SENSE,SENSE-A1-000430,pantalón,LEX-A1-000422,SENSE-A1-000430,,NEAR_TRANSFER,A1-M05-I04-S3,A1-M06-I01-S3,A1-M05-I04,A1-M06-I01,CORE_OR_STRUCTURAL_ROUTE,TRANSFER_IN_CHANGED_CONTEXT,CONTEXTUAL_OR_FUNCTION_BOUND,,NONE,1.44,REQUIRED_SCHEDULE_EDGE_AUDITED,
REC-A1-001977,SEQ-A1-000651,SENSE,SENSE-A1-000430,pantalón,LEX-A1-000422,SENSE-A1-000430,,DISTANT_RETURN,A1-M06-I01-S3,A1-M06-I04-S1,A1-M06-I01,A1-M06-I04,CORE_OR_STRUCTURAL_ROUTE,DELAYED_RETRIEVAL_OR_TERMINAL_INTEGRATION,CONTEXTUAL_OR_FUNCTION_BOUND,,NONE,1.44,REQUIRED_SCHEDULE_EDGE_AUDITED,"Scheduled four islands after first introduction; destination story is load-balanced. This is a curriculum spacing rule, not a universal optimal interval claim."
REC-A1-001978,SEQ-A1-000653,SENSE,SENSE-A1-000539,supermercado,LEX-A1-000530,SENSE-A1-000539,,LOCAL_REUSE,A1-M05-I04-S1,A1-M05-I04-S2,A1-M05-I04,A1-M05-I04,CORE_OR_STRUCTURAL_ROUTE,REEXPOSURE_OR_RETRIEVAL,CONTEXTUAL_OR_FUNCTION_BOUND,,NONE,1.44,REQUIRED_SCHEDULE_EDGE_AUDITED,
REC-A1-001979,SEQ-A1-000653,SENSE,SENSE-A1-000539,supermercado,LEX-A1-000530,SENSE-A1-000539,,NEAR_TRANSFER,A1-M05-I04-S2,A1-M06-I01-S1,A1-M05-I04,A1-M06-I01,CORE_OR_STRUCTURAL_ROUTE,TRANSFER_IN_CHANGED_CONTEXT,CONTEXTUAL_OR_FUNCTION_BOUND,,NONE,1.44,REQUIRED_SCHEDULE_EDGE_AUDITED,
REC-A1-001980,SEQ-A1-000653,SENSE,SENSE-A1-000539,supermercado,LEX-A1-000530,SENSE-A1-000539,,DISTANT_RETURN,A1-M06-I01-S1,A1-M06-I04-S2,A1-M06-I01,A1-M06-I04,CORE_OR_STRUCTURAL_ROUTE,DELAYED_RETRIEVAL_OR_TERMINAL_INTEGRATION,CONTEXTUAL_OR_FUNCTION_BOUND,,NONE,1.44,REQUIRED_SCHEDULE_EDGE_AUDITED,"Scheduled four islands after first introduction; destination story is load-balanced. This is a curriculum spacing rule, not a universal optimal interval claim."
REC-A1-001981,SEQ-A1-000655,SENSE,SENSE-A1-000581,vaquero,LEX-A1-000572,SENSE-A1-000581,,LOCAL_REUSE,A1-M05-I04-S1,A1-M05-I04-S3,A1-M05-I04,A1-M05-I04,CORE_OR_STRUCTURAL_ROUTE,REEXPOSURE_OR_RETRIEVAL,CONTEXTUAL_OR_FUNCTION_BOUND,,NONE,1.44,REQUIRED_SCHEDULE_EDGE_AUDITED,
REC-A1-001982,SEQ-A1-000655,SENSE,SENSE-A1-000581,vaquero,LEX-A1-000572,SENSE-A1-000581,,NEAR_TRANSFER,A1-M05-I04-S3,A1-M06-I01-S2,A1-M05-I04,A1-M06-I01,CORE_OR_STRUCTURAL_ROUTE,TRANSFER_IN_CHANGED_CONTEXT,CONTEXTUAL_OR_FUNCTION_BOUND,,NONE,1.44,REQUIRED_SCHEDULE_EDGE_AUDITED,
REC-A1-001983,SEQ-A1-000655,SENSE,SENSE-A1-000581,vaquero,LEX-A1-000572,SENSE-A1-000581,,DISTANT_RETURN,A1-M06-I01-S2,A1-M06-I04-S3,A1-M06-I01,A1-M06-I04,CORE_OR_STRUCTURAL_ROUTE,DELAYED_RETRIEVAL_OR_TERMINAL_INTEGRATION,CONTEXTUAL_OR_FUNCTION_BOUND,,NONE,1.44,REQUIRED_SCHEDULE_EDGE_AUDITED,"Scheduled four islands after first introduction; destination story is load-balanced. This is a curriculum spacing rule, not a universal optimal interval claim."
REC-A1-001984,SEQ-A1-000657,SENSE,SENSE-A1-000588,verde,LEX-A1-000579,SENSE-A1-000588,,LOCAL_REUSE,A1-M05-I04-S1,A1-M05-I04-S2,A1-M05-I04,A1-M05-I04,CORE_OR_STRUCTURAL_ROUTE,REEXPOSURE_OR_RETRIEVAL,CONTEXTUAL_OR_FUNCTION_BOUND,,NONE,1.44,REQUIRED_SCHEDULE_EDGE_AUDITED,
REC-A1-001985,SEQ-A1-000657,SENSE,SENSE-A1-000588,verde,LEX-A1-000579,SENSE-A1-000588,,NEAR_TRANSFER,A1-M05-I04-S2,A1-M06-I01-S3,A1-M05-I04,A1-M06-I01,CORE_OR_STRUCTURAL_ROUTE,TRANSFER_IN_CHANGED_CONTEXT,CONTEXTUAL_OR_FUNCTION_BOUND,,NONE,1.44,REQUIRED_SCHEDULE_EDGE_AUDITED,
REC-A1-001986,SEQ-A1-000657,SENSE,SENSE-A1-000588,verde,LEX-A1-000579,SENSE-A1-000588,,DISTANT_RETURN,A1-M06-I01-S3,A1-M06-I04-S1,A1-M06-I01,A1-M06-I04,CORE_OR_STRUCTURAL_ROUTE,DELAYED_RETRIEVAL_OR_TERMINAL_INTEGRATION,CONTEXTUAL_OR_FUNCTION_BOUND,,NONE,1.44,REQUIRED_SCHEDULE_EDGE_AUDITED,"Scheduled four islands after first introduction; destination story is load-balanced. This is a curriculum spacing rule, not a universal optimal interval claim."
REC-A1-001987,SEQ-A1-000661,GRAMMAR_UNIT,GRAM-A1-027,Plural de adjetivos terminados en consonante: -es,,,,LOCAL_REUSE,A1-M05-I04-S2,A1-M05-I04-S3,A1-M05-I04,A1-M05-I04,CORE_OR_STRUCTURAL_ROUTE,REEXPOSURE_OR_RETRIEVAL,AS_OBJECT_POLICY_REQUIRES,,NONE,1.44,REQUIRED_SCHEDULE_EDGE_AUDITED,
REC-A1-001988,SEQ-A1-000661,GRAMMAR_UNIT,GRAM-A1-027,Plural de adjetivos terminados en consonante: -es,,,,NEAR_TRANSFER,A1-M05-I04-S3,A1-M06-I01-S1,A1-M05-I04,A1-M06-I01,CORE_OR_STRUCTURAL_ROUTE,TRANSFER_IN_CHANGED_CONTEXT,AS_OBJECT_POLICY_REQUIRES,,NONE,1.44,REQUIRED_SCHEDULE_EDGE_AUDITED,
REC-A1-001989,SEQ-A1-000661,GRAMMAR_UNIT,GRAM-A1-027,Plural de adjetivos terminados en consonante: -es,,,,DISTANT_RETURN,A1-M06-I01-S1,A1-M06-I04-S2,A1-M06-I01,A1-M06-I04,CORE_OR_STRUCTURAL_ROUTE,DELAYED_RETRIEVAL_OR_TERMINAL_INTEGRATION,AS_OBJECT_POLICY_REQUIRES,,NONE,1.44,REQUIRED_SCHEDULE_EDGE_AUDITED,"Scheduled four islands after first introduction; destination story is load-balanced. This is a curriculum spacing rule, not a universal optimal interval claim."
REC-A1-001990,SEQ-A1-000662,GRAMMAR_UNIT,GRAM-A1-028,Posición postnominal de adjetivos especificativos/restrictivos,,,,LOCAL_REUSE,A1-M05-I04-S2,A1-M05-I04-S3,A1-M05-I04,A1-M05-I04,CORE_OR_STRUCTURAL_ROUTE,REEXPOSURE_OR_RETRIEVAL,AS_OBJECT_POLICY_REQUIRES,,NONE,1.44,REQUIRED_SCHEDULE_EDGE_AUDITED,
REC-A1-001991,SEQ-A1-000662,GRAMMAR_UNIT,GRAM-A1-028,Posición postnominal de adjetivos especificativos/restrictivos,,,,NEAR_TRANSFER,A1-M05-I04-S3,A1-M06-I01-S2,A1-M05-I04,A1-M06-I01,CORE_OR_STRUCTURAL_ROUTE,TRANSFER_IN_CHANGED_CONTEXT,AS_OBJECT_POLICY_REQUIRES,,NONE,1.44,REQUIRED_SCHEDULE_EDGE_AUDITED,
REC-A1-001992,SEQ-A1-000662,GRAMMAR_UNIT,GRAM-A1-028,Posición postnominal de adjetivos especificativos/restrictivos,,,,DISTANT_RETURN,A1-M06-I01-S2,A1-M06-I04-S3,A1-M06-I01,A1-M06-I04,CORE_OR_STRUCTURAL_ROUTE,DELAYED_RETRIEVAL_OR_TERMINAL_INTEGRATION,AS_OBJECT_POLICY_REQUIRES,,NONE,1.44,REQUIRED_SCHEDULE_EDGE_AUDITED,"Scheduled four islands after first introduction; destination story is load-balanced. This is a curriculum spacing rule, not a universal optimal interval claim."
REC-A1-001993,SEQ-A1-000665,GRAMMAR_UNIT,GRAM-A1-122,Concordancia general determinante-núcleo-adjetivo,,,,LOCAL_REUSE,A1-M05-I04-S2,A1-M05-I04-S3,A1-M05-I04,A1-M05-I04,CORE_OR_STRUCTURAL_ROUTE,REEXPOSURE_OR_RETRIEVAL,AS_OBJECT_POLICY_REQUIRES,,NONE,1.44,REQUIRED_SCHEDULE_EDGE_AUDITED,
REC-A1-001994,SEQ-A1-000665,GRAMMAR_UNIT,GRAM-A1-122,Concordancia general determinante-núcleo-adjetivo,,,,NEAR_TRANSFER,A1-M05-I04-S3,A1-M06-I01-S3,A1-M05-I04,A1-M06-I01,CORE_OR_STRUCTURAL_ROUTE,TRANSFER_IN_CHANGED_CONTEXT,AS_OBJECT_POLICY_REQUIRES,,NONE,1.44,REQUIRED_SCHEDULE_EDGE_AUDITED,
REC-A1-001995,SEQ-A1-000665,GRAMMAR_UNIT,GRAM-A1-122,Concordancia general determinante-núcleo-adjetivo,,,,DISTANT_RETURN,A1-M06-I01-S3,A1-M06-I04-S1,A1-M06-I01,A1-M06-I04,CORE_OR_STRUCTURAL_ROUTE,DELAYED_RETRIEVAL_OR_TERMINAL_INTEGRATION,AS_OBJECT_POLICY_REQUIRES,,NONE,1.44,REQUIRED_SCHEDULE_EDGE_AUDITED,"Scheduled four islands after first introduction; destination story is load-balanced. This is a curriculum spacing rule, not a universal optimal interval claim."
REC-A1-001996,SEQ-A1-000666,GRAMMAR_UNIT,GRAM-A1-151,Coordinación con o,,,,LOCAL_REUSE,A1-M05-I04-S2,A1-M05-I04-S3,A1-M05-I04,A1-M05-I04,CORE_OR_STRUCTURAL_ROUTE,REEXPOSURE_OR_RETRIEVAL,AS_OBJECT_POLICY_REQUIRES,,NONE,1.44,REQUIRED_SCHEDULE_EDGE_AUDITED,
REC-A1-001997,SEQ-A1-000666,GRAMMAR_UNIT,GRAM-A1-151,Coordinación con o,,,,NEAR_TRANSFER,A1-M05-I04-S3,A1-M06-I01-S1,A1-M05-I04,A1-M06-I01,CORE_OR_STRUCTURAL_ROUTE,TRANSFER_IN_CHANGED_CONTEXT,AS_OBJECT_POLICY_REQUIRES,,NONE,1.44,REQUIRED_SCHEDULE_EDGE_AUDITED,
REC-A1-001998,SEQ-A1-000666,GRAMMAR_UNIT,GRAM-A1-151,Coordinación con o,,,,DISTANT_RETURN,A1-M06-I01-S1,A1-M06-I04-S2,A1-M06-I01,A1-M06-I04,CORE_OR_STRUCTURAL_ROUTE,DELAYED_RETRIEVAL_OR_TERMINAL_INTEGRATION,AS_OBJECT_POLICY_REQUIRES,,NONE,1.44,REQUIRED_SCHEDULE_EDGE_AUDITED,"Scheduled four islands after first introduction; destination story is load-balanced. This is a curriculum spacing rule, not a universal optimal interval claim."
REC-A1-001999,SEQ-A1-000669,MWU_SOURCE_UNIT,12B1-MWU-0079,comprar un piso,,,12B1-MWU-0079,LOCAL_REUSE,A1-M05-I04-S2,A1-M05-I04-S3,A1-M05-I04,A1-M05-I04,CORE_OR_STRUCTURAL_ROUTE,REEXPOSURE_OR_RETRIEVAL,AS_OBJECT_POLICY_REQUIRES,,NONE,1.44,REQUIRED_SCHEDULE_EDGE_AUDITED,
REC-A1-002000,SEQ-A1-000669,MWU_SOURCE_UNIT,12B1-MWU-0079,comprar un piso,,,12B1-MWU-0079,NEAR_TRANSFER,A1-M05-I04-S3,A1-M06-I01-S2,A1-M05-I04,A1-M06-I01,CORE_OR_STRUCTURAL_ROUTE,TRANSFER_IN_CHANGED_CONTEXT,AS_OBJECT_POLICY_REQUIRES,,NONE,1.44,REQUIRED_SCHEDULE_EDGE_AUDITED,
REC-A1-002001,SEQ-A1-000669,MWU_SOURCE_UNIT,12B1-MWU-0079,comprar un piso,,,12B1-MWU-0079,DISTANT_RETURN,A1-M06-I01-S2,A1-M06-I04-S3,A1-M06-I01,A1-M06-I04,CORE_OR_STRUCTURAL_ROUTE,DELAYED_RETRIEVAL_OR_TERMINAL_INTEGRATION,AS_OBJECT_POLICY_REQUIRES,,NONE,1.44,REQUIRED_SCHEDULE_EDGE_AUDITED,"Scheduled four islands after first introduction; destination story is load-balanced. This is a curriculum spacing rule, not a universal optimal interval claim."
REC-A1-002002,SEQ-A1-000671,MWU_SOURCE_UNIT,12B1-MWU-0086,vender un piso,,,12B1-MWU-0086,LOCAL_REUSE,A1-M05-I04-S2,A1-M05-I04-S3,A1-M05-I04,A1-M05-I04,CORE_OR_STRUCTURAL_ROUTE,REEXPOSURE_OR_RETRIEVAL,AS_OBJECT_POLICY_REQUIRES,,NONE,1.44,REQUIRED_SCHEDULE_EDGE_AUDITED,
REC-A1-002003,SEQ-A1-000671,MWU_SOURCE_UNIT,12B1-MWU-0086,vender un piso,,,12B1-MWU-0086,NEAR_TRANSFER,A1-M05-I04-S3,A1-M06-I01-S3,A1-M05-I04,A1-M06-I01,CORE_OR_STRUCTURAL_ROUTE,TRANSFER_IN_CHANGED_CONTEXT,AS_OBJECT_POLICY_REQUIRES,,NONE,1.44,REQUIRED_SCHEDULE_EDGE_AUDITED,
REC-A1-002004,SEQ-A1-000671,MWU_SOURCE_UNIT,12B1-MWU-0086,vender un piso,,,12B1-MWU-0086,DISTANT_RETURN,A1-M06-I01-S3,A1-M06-I04-S1,A1-M06-I01,A1-M06-I04,CORE_OR_STRUCTURAL_ROUTE,DELAYED_RETRIEVAL_OR_TERMINAL_INTEGRATION,AS_OBJECT_POLICY_REQUIRES,,NONE,1.44,REQUIRED_SCHEDULE_EDGE_AUDITED,"Scheduled four islands after first introduction; destination story is load-balanced. This is a curriculum spacing rule, not a universal optimal interval claim."
REC-A1-002005,SEQ-A1-000672,MWU_SOURCE_UNIT,12B1-MWU-0133,centro comercial,LEX-A1-000126,SENSE-A1-000128,12B1-MWU-0133,LOCAL_REUSE,A1-M05-I04-S2,A1-M05-I04-S3,A1-M05-I04,A1-M05-I04,CORE_OR_STRUCTURAL_ROUTE,REEXPOSURE_OR_RETRIEVAL,AS_OBJECT_POLICY_REQUIRES,,NONE,1.44,REQUIRED_SCHEDULE_EDGE_AUDITED,
REC-A1-002006,SEQ-A1-000672,MWU_SOURCE_UNIT,12B1-MWU-0133,centro comercial,LEX-A1-000126,SENSE-A1-000128,12B1-MWU-0133,NEAR_TRANSFER,A1-M05-I04-S3,A1-M06-I01-S1,A1-M05-I04,A1-M06-I01,CORE_OR_STRUCTURAL_ROUTE,TRANSFER_IN_CHANGED_CONTEXT,AS_OBJECT_POLICY_REQUIRES,,NONE,1.44,REQUIRED_SCHEDULE_EDGE_AUDITED,
REC-A1-002007,SEQ-A1-000672,MWU_SOURCE_UNIT,12B1-MWU-0133,centro comercial,LEX-A1-000126,SENSE-A1-000128,12B1-MWU-0133,DISTANT_RETURN,A1-M06-I01-S1,A1-M06-I04-S2,A1-M06-I01,A1-M06-I04,CORE_OR_STRUCTURAL_ROUTE,DELAYED_RETRIEVAL_OR_TERMINAL_INTEGRATION,AS_OBJECT_POLICY_REQUIRES,,NONE,1.44,REQUIRED_SCHEDULE_EDGE_AUDITED,"Scheduled four islands after first introduction; destination story is load-balanced. This is a curriculum spacing rule, not a universal optimal interval claim."
REC-A1-002008,SEQ-A1-000636,SENSE,SENSE-A1-000058,azul,LEX-A1-000058,SENSE-A1-000058,,LOCAL_REUSE,A1-M05-I04-S2,A1-M05-I04-S3,A1-M05-I04,A1-M05-I04,CORE_OR_STRUCTURAL_ROUTE,REEXPOSURE_OR_RETRIEVAL,CONTEXTUAL_OR_FUNCTION_BOUND,,NONE,1.44,REQUIRED_SCHEDULE_EDGE_AUDITED,
REC-A1-002009,SEQ-A1-000636,SENSE,SENSE-A1-000058,azul,LEX-A1-000058,SENSE-A1-000058,,NEAR_TRANSFER,A1-M05-I04-S3,A1-M06-I01-S2,A1-M05-I04,A1-M06-I01,CORE_OR_STRUCTURAL_ROUTE,TRANSFER_IN_CHANGED_CONTEXT,CONTEXTUAL_OR_FUNCTION_BOUND,,NONE,1.44,REQUIRED_SCHEDULE_EDGE_AUDITED,
REC-A1-002010,SEQ-A1-000636,SENSE,SENSE-A1-000058,azul,LEX-A1-000058,SENSE-A1-000058,,DISTANT_RETURN,A1-M06-I01-S2,A1-M06-I04-S3,A1-M06-I01,A1-M06-I04,CORE_OR_STRUCTURAL_ROUTE,DELAYED_RETRIEVAL_OR_TERMINAL_INTEGRATION,CONTEXTUAL_OR_FUNCTION_BOUND,,NONE,1.44,REQUIRED_SCHEDULE_EDGE_AUDITED,"Scheduled four islands after first introduction; destination story is load-balanced. This is a curriculum spacing rule, not a universal optimal interval claim."
REC-A1-002011,SEQ-A1-000638,SENSE,SENSE-A1-000080,bolso,LEX-A1-000079,SENSE-A1-000080,,LOCAL_REUSE,A1-M05-I04-S2,A1-M05-I04-S3,A1-M05-I04,A1-M05-I04,CORE_OR_STRUCTURAL_ROUTE,REEXPOSURE_OR_RETRIEVAL,CONTEXTUAL_OR_FUNCTION_BOUND,,NONE,1.44,REQUIRED_SCHEDULE_EDGE_AUDITED,
REC-A1-002012,SEQ-A1-000638,SENSE,SENSE-A1-000080,bolso,LEX-A1-000079,SENSE-A1-000080,,NEAR_TRANSFER,A1-M05-I04-S3,A1-M06-I01-S3,A1-M05-I04,A1-M06-I01,CORE_OR_STRUCTURAL_ROUTE,TRANSFER_IN_CHANGED_CONTEXT,CONTEXTUAL_OR_FUNCTION_BOUND,,NONE,1.44,REQUIRED_SCHEDULE_EDGE_AUDITED,
REC-A1-002013,SEQ-A1-000638,SENSE,SENSE-A1-000080,bolso,LEX-A1-000079,SENSE-A1-000080,,DISTANT_RETURN,A1-M06-I01-S3,A1-M06-I04-S1,A1-M06-I01,A1-M06-I04,CORE_OR_STRUCTURAL_ROUTE,DELAYED_RETRIEVAL_OR_TERMINAL_INTEGRATION,CONTEXTUAL_OR_FUNCTION_BOUND,,NONE,1.44,REQUIRED_SCHEDULE_EDGE_AUDITED,"Scheduled four islands after first introduction; destination story is load-balanced. This is a curriculum spacing rule, not a universal optimal interval claim."
REC-A1-002014,SEQ-A1-000640,SENSE,SENSE-A1-000116,cartera,LEX-A1-000114,SENSE-A1-000116,,LOCAL_REUSE,A1-M05-I04-S2,A1-M05-I04-S3,A1-M05-I04,A1-M05-I04,CORE_OR_STRUCTURAL_ROUTE,REEXPOSURE_OR_RETRIEVAL,CONTEXTUAL_OR_FUNCTION_BOUND,,NONE,1.44,REQUIRED_SCHEDULE_EDGE_AUDITED,
REC-A1-002015,SEQ-A1-000640,SENSE,SENSE-A1-000116,cartera,LEX-A1-000114,SENSE-A1-000116,,NEAR_TRANSFER,A1-M05-I04-S3,A1-M06-I01-S1,A1-M05-I04,A1-M06-I01,CORE_OR_STRUCTURAL_ROUTE,TRANSFER_IN_CHANGED_CONTEXT,CONTEXTUAL_OR_FUNCTION_BOUND,,NONE,1.44,REQUIRED_SCHEDULE_EDGE_AUDITED,
REC-A1-002016,SEQ-A1-000640,SENSE,SENSE-A1-000116,cartera,LEX-A1-000114,SENSE-A1-000116,,DISTANT_RETURN,A1-M06-I01-S1,A1-M06-I04-S2,A1-M06-I01,A1-M06-I04,CORE_OR_STRUCTURAL_ROUTE,DELAYED_RETRIEVAL_OR_TERMINAL_INTEGRATION,CONTEXTUAL_OR_FUNCTION_BOUND,,NONE,1.44,REQUIRED_SCHEDULE_EDGE_AUDITED,"Scheduled four islands after first introduction; destination story is load-balanced. This is a curriculum spacing rule, not a universal optimal interval claim."
REC-A1-002017,SEQ-A1-000642,SENSE,SENSE-A1-000148,comercial,LEX-A1-000146,SENSE-A1-000148,,LOCAL_REUSE,A1-M05-I04-S2,A1-M05-I04-S3,A1-M05-I04,A1-M05-I04,CORE_OR_STRUCTURAL_ROUTE,REEXPOSURE_OR_RETRIEVAL,CONTEXTUAL_OR_FUNCTION_BOUND,,NONE,1.44,REQUIRED_SCHEDULE_EDGE_AUDITED,
REC-A1-002018,SEQ-A1-000642,SENSE,SENSE-A1-000148,comercial,LEX-A1-000146,SENSE-A1-000148,,NEAR_TRANSFER,A1-M05-I04-S3,A1-M06-I01-S2,A1-M05-I04,A1-M06-I01,CORE_OR_STRUCTURAL_ROUTE,TRANSFER_IN_CHANGED_CONTEXT,CONTEXTUAL_OR_FUNCTION_BOUND,,NONE,1.44,REQUIRED_SCHEDULE_EDGE_AUDITED,
REC-A1-002019,SEQ-A1-000642,SENSE,SENSE-A1-000148,comercial,LEX-A1-000146,SENSE-A1-000148,,DISTANT_RETURN,A1-M06-I01-S2,A1-M06-I04-S3,A1-M06-I01,A1-M06-I04,CORE_OR_STRUCTURAL_ROUTE,DELAYED_RETRIEVAL_OR_TERMINAL_INTEGRATION,CONTEXTUAL_OR_FUNCTION_BOUND,,NONE,1.44,REQUIRED_SCHEDULE_EDGE_AUDITED,"Scheduled four islands after first introduction; destination story is load-balanced. This is a curriculum spacing rule, not a universal optimal interval claim."
REC-A1-002020,SEQ-A1-000644,SENSE,SENSE-A1-000251,falda,LEX-A1-000247,SENSE-A1-000251,,LOCAL_REUSE,A1-M05-I04-S2,A1-M05-I04-S3,A1-M05-I04,A1-M05-I04,CORE_OR_STRUCTURAL_ROUTE,REEXPOSURE_OR_RETRIEVAL,CONTEXTUAL_OR_FUNCTION_BOUND,,NONE,1.44,REQUIRED_SCHEDULE_EDGE_AUDITED,
REC-A1-002021,SEQ-A1-000644,SENSE,SENSE-A1-000251,falda,LEX-A1-000247,SENSE-A1-000251,,NEAR_TRANSFER,A1-M05-I04-S3,A1-M06-I01-S3,A1-M05-I04,A1-M06-I01,CORE_OR_STRUCTURAL_ROUTE,TRANSFER_IN_CHANGED_CONTEXT,CONTEXTUAL_OR_FUNCTION_BOUND,,NONE,1.44,REQUIRED_SCHEDULE_EDGE_AUDITED,
REC-A1-002022,SEQ-A1-000644,SENSE,SENSE-A1-000251,falda,LEX-A1-000247,SENSE-A1-000251,,DISTANT_RETURN,A1-M06-I01-S3,A1-M06-I04-S1,A1-M06-I01,A1-M06-I04,CORE_OR_STRUCTURAL_ROUTE,DELAYED_RETRIEVAL_OR_TERMINAL_INTEGRATION,CONTEXTUAL_OR_FUNCTION_BOUND,,NONE,1.44,REQUIRED_SCHEDULE_EDGE_AUDITED,"Scheduled four islands after first introduction; destination story is load-balanced. This is a curriculum spacing rule, not a universal optimal interval claim."
REC-A1-002023,SEQ-A1-000646,SENSE,SENSE-A1-000319,jersey,LEX-A1-000313,SENSE-A1-000319,,LOCAL_REUSE,A1-M05-I04-S2,A1-M05-I04-S3,A1-M05-I04,A1-M05-I04,CORE_OR_STRUCTURAL_ROUTE,REEXPOSURE_OR_RETRIEVAL,CONTEXTUAL_OR_FUNCTION_BOUND,,NONE,1.44,REQUIRED_SCHEDULE_EDGE_AUDITED,
REC-A1-002024,SEQ-A1-000646,SENSE,SENSE-A1-000319,jersey,LEX-A1-000313,SENSE-A1-000319,,NEAR_TRANSFER,A1-M05-I04-S3,A1-M06-I01-S1,A1-M05-I04,A1-M06-I01,CORE_OR_STRUCTURAL_ROUTE,TRANSFER_IN_CHANGED_CONTEXT,CONTEXTUAL_OR_FUNCTION_BOUND,,NONE,1.44,REQUIRED_SCHEDULE_EDGE_AUDITED,
REC-A1-002025,SEQ-A1-000646,SENSE,SENSE-A1-000319,jersey,LEX-A1-000313,SENSE-A1-000319,,DISTANT_RETURN,A1-M06-I01-S1,A1-M06-I04-S2,A1-M06-I01,A1-M06-I04,CORE_OR_STRUCTURAL_ROUTE,DELAYED_RETRIEVAL_OR_TERMINAL_INTEGRATION,CONTEXTUAL_OR_FUNCTION_BOUND,,NONE,1.44,REQUIRED_SCHEDULE_EDGE_AUDITED,"Scheduled four islands after first introduction; destination story is load-balanced. This is a curriculum spacing rule, not a universal optimal interval claim."
REC-A1-002026,SEQ-A1-000648,SENSE,SENSE-A1-000366,mercado,LEX-A1-000360,SENSE-A1-000366,,LOCAL_REUSE,A1-M05-I04-S2,A1-M05-I04-S3,A1-M05-I04,A1-M05-I04,CORE_OR_STRUCTURAL_ROUTE,REEXPOSURE_OR_RETRIEVAL,CONTEXTUAL_OR_FUNCTION_BOUND,,NONE,1.44,REQUIRED_SCHEDULE_EDGE_AUDITED,
REC-A1-002027,SEQ-A1-000648,SENSE,SENSE-A1-000366,mercado,LEX-A1-000360,SENSE-A1-000366,,NEAR_TRANSFER,A1-M05-I04-S3,A1-M06-I01-S2,A1-M05-I04,A1-M06-I01,CORE_OR_STRUCTURAL_ROUTE,TRANSFER_IN_CHANGED_CONTEXT,CONTEXTUAL_OR_FUNCTION_BOUND,,NONE,1.44,REQUIRED_SCHEDULE_EDGE_AUDITED,
REC-A1-002028,SEQ-A1-000648,SENSE,SENSE-A1-000366,mercado,LEX-A1-000360,SENSE-A1-000366,,DISTANT_RETURN,A1-M06-I01-S2,A1-M06-I04-S3,A1-M06-I01,A1-M06-I04,CORE_OR_STRUCTURAL_ROUTE,DELAYED_RETRIEVAL_OR_TERMINAL_INTEGRATION,CONTEXTUAL_OR_FUNCTION_BOUND,,NONE,1.44,REQUIRED_SCHEDULE_EDGE_AUDITED,"Scheduled four islands after first introduction; destination story is load-balanced. This is a curriculum spacing rule, not a universal optimal interval claim."
REC-A1-002029,SEQ-A1-000650,SENSE,SENSE-A1-000396,negro,LEX-A1-000389,SENSE-A1-000396,,LOCAL_REUSE,A1-M05-I04-S2,A1-M05-I04-S3,A1-M05-I04,A1-M05-I04,CORE_OR_STRUCTURAL_ROUTE,REEXPOSURE_OR_RETRIEVAL,CONTEXTUAL_OR_FUNCTION_BOUND,,NONE,1.44,REQUIRED_SCHEDULE_EDGE_AUDITED,
REC-A1-002030,SEQ-A1-000650,SENSE,SENSE-A1-000396,negro,LEX-A1-000389,SENSE-A1-000396,,NEAR_TRANSFER,A1-M05-I04-S3,A1-M06-I01-S3,A1-M05-I04,A1-M06-I01,CORE_OR_STRUCTURAL_ROUTE,TRANSFER_IN_CHANGED_CONTEXT,CONTEXTUAL_OR_FUNCTION_BOUND,,NONE,1.44,REQUIRED_SCHEDULE_EDGE_AUDITED,
REC-A1-002031,SEQ-A1-000650,SENSE,SENSE-A1-000396,negro,LEX-A1-000389,SENSE-A1-000396,,DISTANT_RETURN,A1-M06-I01-S3,A1-M06-I04-S1,A1-M06-I01,A1-M06-I04,CORE_OR_STRUCTURAL_ROUTE,DELAYED_RETRIEVAL_OR_TERMINAL_INTEGRATION,CONTEXTUAL_OR_FUNCTION_BOUND,,NONE,1.44,REQUIRED_SCHEDULE_EDGE_AUDITED,"Scheduled four islands after first introduction; destination story is load-balanced. This is a curriculum spacing rule, not a universal optimal interval claim."
REC-A1-002032,SEQ-A1-000652,SENSE,SENSE-A1-000502,rojo,LEX-A1-000493,SENSE-A1-000502,,LOCAL_REUSE,A1-M05-I04-S2,A1-M05-I04-S3,A1-M05-I04,A1-M05-I04,CORE_OR_STRUCTURAL_ROUTE,REEXPOSURE_OR_RETRIEVAL,CONTEXTUAL_OR_FUNCTION_BOUND,,NONE,1.44,REQUIRED_SCHEDULE_EDGE_AUDITED,
REC-A1-002033,SEQ-A1-000652,SENSE,SENSE-A1-000502,rojo,LEX-A1-000493,SENSE-A1-000502,,NEAR_TRANSFER,A1-M05-I04-S3,A1-M06-I01-S1,A1-M05-I04,A1-M06-I01,CORE_OR_STRUCTURAL_ROUTE,TRANSFER_IN_CHANGED_CONTEXT,CONTEXTUAL_OR_FUNCTION_BOUND,,NONE,1.44,REQUIRED_SCHEDULE_EDGE_AUDITED,
REC-A1-002034,SEQ-A1-000652,SENSE,SENSE-A1-000502,rojo,LEX-A1-000493,SENSE-A1-000502,,DISTANT_RETURN,A1-M06-I01-S1,A1-M06-I04-S2,A1-M06-I01,A1-M06-I04,CORE_OR_STRUCTURAL_ROUTE,DELAYED_RETRIEVAL_OR_TERMINAL_INTEGRATION,CONTEXTUAL_OR_FUNCTION_BOUND,,NONE,1.44,REQUIRED_SCHEDULE_EDGE_AUDITED,"Scheduled four islands after first introduction; destination story is load-balanced. This is a curriculum spacing rule, not a universal optimal interval claim."
REC-A1-002035,SEQ-A1-000654,SENSE,SENSE-A1-000562,tienda,LEX-A1-000553,SENSE-A1-000562,,LOCAL_REUSE,A1-M05-I04-S2,A1-M05-I04-S3,A1-M05-I04,A1-M05-I04,CORE_OR_STRUCTURAL_ROUTE,REEXPOSURE_OR_RETRIEVAL,CONTEXTUAL_OR_FUNCTION_BOUND,,NONE,1.44,REQUIRED_SCHEDULE_EDGE_AUDITED,
REC-A1-002036,SEQ-A1-000654,SENSE,SENSE-A1-000562,tienda,LEX-A1-000553,SENSE-A1-000562,,NEAR_TRANSFER,A1-M05-I04-S3,A1-M06-I01-S2,A1-M05-I04,A1-M06-I01,CORE_OR_STRUCTURAL_ROUTE,TRANSFER_IN_CHANGED_CONTEXT,CONTEXTUAL_OR_FUNCTION_BOUND,,NONE,1.44,REQUIRED_SCHEDULE_EDGE_AUDITED,
REC-A1-002037,SEQ-A1-000654,SENSE,SENSE-A1-000562,tienda,LEX-A1-000553,SENSE-A1-000562,,DISTANT_RETURN,A1-M06-I01-S2,A1-M06-I04-S3,A1-M06-I01,A1-M06-I04,CORE_OR_STRUCTURAL_ROUTE,DELAYED_RETRIEVAL_OR_TERMINAL_INTEGRATION,CONTEXTUAL_OR_FUNCTION_BOUND,,NONE,1.44,REQUIRED_SCHEDULE_EDGE_AUDITED,"Scheduled four islands after first introduction; destination story is load-balanced. This is a curriculum spacing rule, not a universal optimal interval claim."
REC-A1-002038,SEQ-A1-000656,SENSE,SENSE-A1-000583,vender,LEX-A1-000574,SENSE-A1-000583,,LOCAL_REUSE,A1-M05-I04-S2,A1-M05-I04-S3,A1-M05-I04,A1-M05-I04,CORE_OR_STRUCTURAL_ROUTE,REEXPOSURE_OR_RETRIEVAL,CONTEXTUAL_OR_FUNCTION_BOUND,,NONE,1.44,REQUIRED_SCHEDULE_EDGE_AUDITED,
REC-A1-002039,SEQ-A1-000656,SENSE,SENSE-A1-000583,vender,LEX-A1-000574,SENSE-A1-000583,,NEAR_TRANSFER,A1-M05-I04-S3,A1-M06-I01-S3,A1-M05-I04,A1-M06-I01,CORE_OR_STRUCTURAL_ROUTE,TRANSFER_IN_CHANGED_CONTEXT,CONTEXTUAL_OR_FUNCTION_BOUND,,NONE,1.44,REQUIRED_SCHEDULE_EDGE_AUDITED,
REC-A1-002040,SEQ-A1-000656,SENSE,SENSE-A1-000583,vender,LEX-A1-000574,SENSE-A1-000583,,DISTANT_RETURN,A1-M06-I01-S3,A1-M06-I04-S1,A1-M06-I01,A1-M06-I04,CORE_OR_STRUCTURAL_ROUTE,DELAYED_RETRIEVAL_OR_TERMINAL_INTEGRATION,CONTEXTUAL_OR_FUNCTION_BOUND,,NONE,1.44,REQUIRED_SCHEDULE_EDGE_AUDITED,"Scheduled four islands after first introduction; destination story is load-balanced. This is a curriculum spacing rule, not a universal optimal interval claim."
REC-A1-002041,SEQ-A1-000658,SENSE,SENSE-A1-000608,zapato,LEX-A1-000599,SENSE-A1-000608,,LOCAL_REUSE,A1-M05-I04-S2,A1-M05-I04-S3,A1-M05-I04,A1-M05-I04,CORE_OR_STRUCTURAL_ROUTE,REEXPOSURE_OR_RETRIEVAL,CONTEXTUAL_OR_FUNCTION_BOUND,,NONE,1.44,REQUIRED_SCHEDULE_EDGE_AUDITED,
REC-A1-002042,SEQ-A1-000658,SENSE,SENSE-A1-000608,zapato,LEX-A1-000599,SENSE-A1-000608,,NEAR_TRANSFER,A1-M05-I04-S3,A1-M06-I01-S1,A1-M05-I04,A1-M06-I01,CORE_OR_STRUCTURAL_ROUTE,TRANSFER_IN_CHANGED_CONTEXT,CONTEXTUAL_OR_FUNCTION_BOUND,,NONE,1.44,REQUIRED_SCHEDULE_EDGE_AUDITED,
REC-A1-002043,SEQ-A1-000658,SENSE,SENSE-A1-000608,zapato,LEX-A1-000599,SENSE-A1-000608,,DISTANT_RETURN,A1-M06-I01-S1,A1-M06-I04-S2,A1-M06-I01,A1-M06-I04,CORE_OR_STRUCTURAL_ROUTE,DELAYED_RETRIEVAL_OR_TERMINAL_INTEGRATION,CONTEXTUAL_OR_FUNCTION_BOUND,,NONE,1.44,REQUIRED_SCHEDULE_EDGE_AUDITED,"Scheduled four islands after first introduction; destination story is load-balanced. This is a curriculum spacing rule, not a universal optimal interval claim."
REC-A1-002044,SEQ-A1-000684,GRAMMAR_UNIT,GRAM-A1-036,Uso obligatorio con sujeto nominal en construcciones con gustar,,,,LOCAL_REUSE,A1-M06-I01-S1,A1-M06-I01-S2,A1-M06-I01,A1-M06-I01,CORE_OR_STRUCTURAL_ROUTE,REEXPOSURE_OR_RETRIEVAL,AS_OBJECT_POLICY_REQUIRES,,NONE,1.44,REQUIRED_SCHEDULE_EDGE_AUDITED,
REC-A1-002045,SEQ-A1-000684,GRAMMAR_UNIT,GRAM-A1-036,Uso obligatorio con sujeto nominal en construcciones con gustar,,,,NEAR_TRANSFER,A1-M06-I01-S2,A1-M06-I02-S1,A1-M06-I01,A1-M06-I02,CORE_OR_STRUCTURAL_ROUTE,TRANSFER_IN_CHANGED_CONTEXT,AS_OBJECT_POLICY_REQUIRES,,NONE,1.44,REQUIRED_SCHEDULE_EDGE_AUDITED,
REC-A1-002046,SEQ-A1-000684,GRAMMAR_UNIT,GRAM-A1-036,Uso obligatorio con sujeto nominal en construcciones con gustar,,,,DISTANT_RETURN,A1-M06-I02-S1,A1-M07-I01-S3,A1-M06-I02,A1-M07-I01,CORE_OR_STRUCTURAL_ROUTE,DELAYED_RETRIEVAL_OR_TERMINAL_INTEGRATION,AS_OBJECT_POLICY_REQUIRES,,NONE,1.44,REQUIRED_SCHEDULE_EDGE_AUDITED,"Scheduled four islands after first introduction; destination story is load-balanced. This is a curriculum spacing rule, not a universal optimal interval claim."
REC-A1-002047,SEQ-A1-000685,GRAMMAR_UNIT,GRAM-A1-044,Nombre escueto incompatible con gustar en el patrón básico,,,,LOCAL_REUSE,A1-M06-I01-S1,A1-M06-I01-S3,A1-M06-I01,A1-M06-I01,CORE_OR_STRUCTURAL_ROUTE,REEXPOSURE_OR_RETRIEVAL,AS_OBJECT_POLICY_REQUIRES,,NONE,1.44,REQUIRED_SCHEDULE_EDGE_AUDITED,
REC-A1-002048,SEQ-A1-000685,GRAMMAR_UNIT,GRAM-A1-044,Nombre escueto incompatible con gustar en el patrón básico,,,,NEAR_TRANSFER,A1-M06-I01-S3,A1-M06-I02-S2,A1-M06-I01,A1-M06-I02,CORE_OR_STRUCTURAL_ROUTE,TRANSFER_IN_CHANGED_CONTEXT,AS_OBJECT_POLICY_REQUIRES,,NONE,1.44,REQUIRED_SCHEDULE_EDGE_AUDITED,
REC-A1-002049,SEQ-A1-000685,GRAMMAR_UNIT,GRAM-A1-044,Nombre escueto incompatible con gustar en el patrón básico,,,,DISTANT_RETURN,A1-M06-I02-S2,A1-M07-I01-S3,A1-M06-I02,A1-M07-I01,CORE_OR_STRUCTURAL_ROUTE,DELAYED_RETRIEVAL_OR_TERMINAL_INTEGRATION,AS_OBJECT_POLICY_REQUIRES,,NONE,1.44,REQUIRED_SCHEDULE_EDGE_AUDITED,"Scheduled four islands after first introduction; destination story is load-balanced. This is a curriculum spacing rule, not a universal optimal interval claim."
REC-A1-002050,SEQ-A1-000687,GRAMMAR_UNIT,GRAM-A1-080,Me como experimentante semántico con gustar,,,,LOCAL_REUSE,A1-M06-I01-S1,A1-M06-I01-S2,A1-M06-I01,A1-M06-I01,CORE_OR_STRUCTURAL_ROUTE,REEXPOSURE_OR_RETRIEVAL,AS_OBJECT_POLICY_REQUIRES,,NONE,1.44,REQUIRED_SCHEDULE_EDGE_AUDITED,
REC-A1-002051,SEQ-A1-000687,GRAMMAR_UNIT,GRAM-A1-080,Me como experimentante semántico con gustar,,,,NEAR_TRANSFER,A1-M06-I01-S2,A1-M06-I02-S3,A1-M06-I01,A1-M06-I02,CORE_OR_STRUCTURAL_ROUTE,TRANSFER_IN_CHANGED_CONTEXT,AS_OBJECT_POLICY_REQUIRES,,NONE,1.44,REQUIRED_SCHEDULE_EDGE_AUDITED,
REC-A1-002052,SEQ-A1-000687,GRAMMAR_UNIT,GRAM-A1-080,Me como experimentante semántico con gustar,,,,DISTANT_RETURN,A1-M06-I02-S3,A1-M07-I01-S3,A1-M06-I02,A1-M07-I01,CORE_OR_STRUCTURAL_ROUTE,DELAYED_RETRIEVAL_OR_TERMINAL_INTEGRATION,AS_OBJECT_POLICY_REQUIRES,,NONE,1.44,REQUIRED_SCHEDULE_EDGE_AUDITED,"Scheduled four islands after first introduction; destination story is load-balanced. This is a curriculum spacing rule, not a universal optimal interval claim."
REC-A1-002053,SEQ-A1-000689,GRAMMAR_UNIT,GRAM-A1-126,Gustar como verbo psicológico con experimentante,,,,LOCAL_REUSE,A1-M06-I01-S1,A1-M06-I01-S3,A1-M06-I01,A1-M06-I01,CORE_OR_STRUCTURAL_ROUTE,REEXPOSURE_OR_RETRIEVAL,AS_OBJECT_POLICY_REQUIRES,,NONE,1.44,REQUIRED_SCHEDULE_EDGE_AUDITED,
REC-A1-002054,SEQ-A1-000689,GRAMMAR_UNIT,GRAM-A1-126,Gustar como verbo psicológico con experimentante,,,,NEAR_TRANSFER,A1-M06-I01-S3,A1-M06-I02-S1,A1-M06-I01,A1-M06-I02,CORE_OR_STRUCTURAL_ROUTE,TRANSFER_IN_CHANGED_CONTEXT,AS_OBJECT_POLICY_REQUIRES,,NONE,1.44,REQUIRED_SCHEDULE_EDGE_AUDITED,
REC-A1-002055,SEQ-A1-000689,GRAMMAR_UNIT,GRAM-A1-126,Gustar como verbo psicológico con experimentante,,,,DISTANT_RETURN,A1-M06-I02-S1,A1-M07-I01-S3,A1-M06-I02,A1-M07-I01,CORE_OR_STRUCTURAL_ROUTE,DELAYED_RETRIEVAL_OR_TERMINAL_INTEGRATION,AS_OBJECT_POLICY_REQUIRES,,NONE,1.44,REQUIRED_SCHEDULE_EDGE_AUDITED,"Scheduled four islands after first introduction; destination story is load-balanced. This is a curriculum spacing rule, not a universal optimal interval claim."
REC-A1-002056,SEQ-A1-000691,GRAMMAR_UNIT,GRAM-A1-154,Infinitivo en función de sujeto con ser,,,,LOCAL_REUSE,A1-M06-I01-S1,A1-M06-I01-S2,A1-M06-I01,A1-M06-I01,CORE_OR_STRUCTURAL_ROUTE,REEXPOSURE_OR_RETRIEVAL,AS_OBJECT_POLICY_REQUIRES,,NONE,1.44,REQUIRED_SCHEDULE_EDGE_AUDITED,
REC-A1-002057,SEQ-A1-000691,GRAMMAR_UNIT,GRAM-A1-154,Infinitivo en función de sujeto con ser,,,,NEAR_TRANSFER,A1-M06-I01-S2,A1-M06-I02-S2,A1-M06-I01,A1-M06-I02,CORE_OR_STRUCTURAL_ROUTE,TRANSFER_IN_CHANGED_CONTEXT,AS_OBJECT_POLICY_REQUIRES,,NONE,1.44,REQUIRED_SCHEDULE_EDGE_AUDITED,
REC-A1-002058,SEQ-A1-000691,GRAMMAR_UNIT,GRAM-A1-154,Infinitivo en función de sujeto con ser,,,,DISTANT_RETURN,A1-M06-I02-S2,A1-M07-I01-S3,A1-M06-I02,A1-M07-I01,CORE_OR_STRUCTURAL_ROUTE,DELAYED_RETRIEVAL_OR_TERMINAL_INTEGRATION,AS_OBJECT_POLICY_REQUIRES,,NONE,1.44,REQUIRED_SCHEDULE_EDGE_AUDITED,"Scheduled four islands after first introduction; destination story is load-balanced. This is a curriculum spacing rule, not a universal optimal interval claim."
REC-A1-002059,SEQ-A1-000694,MWU_SOURCE_UNIT,12B1-MWU-0170,muy mal,,,12B1-MWU-0170,LOCAL_REUSE,A1-M06-I01-S1,A1-M06-I01-S3,A1-M06-I01,A1-M06-I01,CORE_OR_STRUCTURAL_ROUTE,REEXPOSURE_OR_RETRIEVAL,AS_OBJECT_POLICY_REQUIRES,,NONE,1.44,REQUIRED_SCHEDULE_EDGE_AUDITED,
REC-A1-002060,SEQ-A1-000694,MWU_SOURCE_UNIT,12B1-MWU-0170,muy mal,,,12B1-MWU-0170,NEAR_TRANSFER,A1-M06-I01-S3,A1-M06-I02-S3,A1-M06-I01,A1-M06-I02,CORE_OR_STRUCTURAL_ROUTE,TRANSFER_IN_CHANGED_CONTEXT,AS_OBJECT_POLICY_REQUIRES,,NONE,1.44,REQUIRED_SCHEDULE_EDGE_AUDITED,
REC-A1-002061,SEQ-A1-000694,MWU_SOURCE_UNIT,12B1-MWU-0170,muy mal,,,12B1-MWU-0170,DISTANT_RETURN,A1-M06-I02-S3,A1-M07-I01-S3,A1-M06-I02,A1-M07-I01,CORE_OR_STRUCTURAL_ROUTE,DELAYED_RETRIEVAL_OR_TERMINAL_INTEGRATION,AS_OBJECT_POLICY_REQUIRES,,NONE,1.44,REQUIRED_SCHEDULE_EDGE_AUDITED,"Scheduled four islands after first introduction; destination story is load-balanced. This is a curriculum spacing rule, not a universal optimal interval claim."
REC-A1-002062,SEQ-A1-000696,MWU_SOURCE_UNIT,12B1-MWU-0188,un poco,LEX-A1-000567,SENSE-A1-000576,12B1-MWU-0188,LOCAL_REUSE,A1-M06-I01-S1,A1-M06-I01-S2,A1-M06-I01,A1-M06-I01,CORE_OR_STRUCTURAL_ROUTE,REEXPOSURE_OR_RETRIEVAL,AS_OBJECT_POLICY_REQUIRES,,NONE,1.44,REQUIRED_SCHEDULE_EDGE_AUDITED,
REC-A1-002063,SEQ-A1-000696,MWU_SOURCE_UNIT,12B1-MWU-0188,un poco,LEX-A1-000567,SENSE-A1-000576,12B1-MWU-0188,NEAR_TRANSFER,A1-M06-I01-S2,A1-M06-I02-S1,A1-M06-I01,A1-M06-I02,CORE_OR_STRUCTURAL_ROUTE,TRANSFER_IN_CHANGED_CONTEXT,AS_OBJECT_POLICY_REQUIRES,,NONE,1.44,REQUIRED_SCHEDULE_EDGE_AUDITED,
REC-A1-002064,SEQ-A1-000696,MWU_SOURCE_UNIT,12B1-MWU-0188,un poco,LEX-A1-000567,SENSE-A1-000576,12B1-MWU-0188,DISTANT_RETURN,A1-M06-I02-S1,A1-M07-I01-S3,A1-M06-I02,A1-M07-I01,CORE_OR_STRUCTURAL_ROUTE,DELAYED_RETRIEVAL_OR_TERMINAL_INTEGRATION,AS_OBJECT_POLICY_REQUIRES,,NONE,1.44,REQUIRED_SCHEDULE_EDGE_AUDITED,"Scheduled four islands after first introduction; destination story is load-balanced. This is a curriculum spacing rule, not a universal optimal interval claim."
REC-A1-002065,SEQ-A1-000674,SENSE,SENSE-A1-000282,gustar,LEX-A1-000277,SENSE-A1-000282,,LOCAL_REUSE,A1-M06-I01-S1,A1-M06-I01-S3,A1-M06-I01,A1-M06-I01,CORE_OR_STRUCTURAL_ROUTE,REEXPOSURE_OR_RETRIEVAL,CONTEXTUAL_OR_FUNCTION_BOUND,,NONE,1.44,REQUIRED_SCHEDULE_EDGE_AUDITED,
REC-A1-002066,SEQ-A1-000674,SENSE,SENSE-A1-000282,gustar,LEX-A1-000277,SENSE-A1-000282,,NEAR_TRANSFER,A1-M06-I01-S3,A1-M06-I02-S2,A1-M06-I01,A1-M06-I02,CORE_OR_STRUCTURAL_ROUTE,TRANSFER_IN_CHANGED_CONTEXT,CONTEXTUAL_OR_FUNCTION_BOUND,,NONE,1.44,REQUIRED_SCHEDULE_EDGE_AUDITED,
REC-A1-002067,SEQ-A1-000674,SENSE,SENSE-A1-000282,gustar,LEX-A1-000277,SENSE-A1-000282,,DISTANT_RETURN,A1-M06-I02-S2,A1-M07-I01-S3,A1-M06-I02,A1-M07-I01,CORE_OR_STRUCTURAL_ROUTE,DELAYED_RETRIEVAL_OR_TERMINAL_INTEGRATION,CONTEXTUAL_OR_FUNCTION_BOUND,,NONE,1.44,REQUIRED_SCHEDULE_EDGE_AUDITED,"Scheduled four islands after first introduction; destination story is load-balanced. This is a curriculum spacing rule, not a universal optimal interval claim."
REC-A1-002068,SEQ-A1-000676,SENSE,SENSE-A1-000360,más o menos,LEX-A1-000354,SENSE-A1-000360,,LOCAL_REUSE,A1-M06-I01-S1,A1-M06-I01-S2,A1-M06-I01,A1-M06-I01,CORE_OR_STRUCTURAL_ROUTE,REEXPOSURE_OR_RETRIEVAL,CONTEXTUAL_OR_FUNCTION_BOUND,,NONE,1.44,REQUIRED_SCHEDULE_EDGE_AUDITED,
REC-A1-002069,SEQ-A1-000676,SENSE,SENSE-A1-000360,más o menos,LEX-A1-000354,SENSE-A1-000360,,NEAR_TRANSFER,A1-M06-I01-S2,A1-M06-I02-S3,A1-M06-I01,A1-M06-I02,CORE_OR_STRUCTURAL_ROUTE,TRANSFER_IN_CHANGED_CONTEXT,CONTEXTUAL_OR_FUNCTION_BOUND,,NONE,1.44,REQUIRED_SCHEDULE_EDGE_AUDITED,
REC-A1-002070,SEQ-A1-000676,SENSE,SENSE-A1-000360,más o menos,LEX-A1-000354,SENSE-A1-000360,,DISTANT_RETURN,A1-M06-I02-S3,A1-M07-I01-S3,A1-M06-I02,A1-M07-I01,CORE_OR_STRUCTURAL_ROUTE,DELAYED_RETRIEVAL_OR_TERMINAL_INTEGRATION,CONTEXTUAL_OR_FUNCTION_BOUND,,NONE,1.44,REQUIRED_SCHEDULE_EDGE_AUDITED,"Scheduled four islands after first introduction; destination story is load-balanced. This is a curriculum spacing rule, not a universal optimal interval claim."
REC-A1-002071,SEQ-A1-000678,SENSE,SENSE-A1-000363,menos,LEX-A1-000357,SENSE-A1-000363,,LOCAL_REUSE,A1-M06-I01-S1,A1-M06-I01-S3,A1-M06-I01,A1-M06-I01,CORE_OR_STRUCTURAL_ROUTE,REEXPOSURE_OR_RETRIEVAL,CONTEXTUAL_OR_FUNCTION_BOUND,,NONE,1.44,REQUIRED_SCHEDULE_EDGE_AUDITED,
REC-A1-002072,SEQ-A1-000678,SENSE,SENSE-A1-000363,menos,LEX-A1-000357,SENSE-A1-000363,,NEAR_TRANSFER,A1-M06-I01-S3,A1-M06-I02-S1,A1-M06-I01,A1-M06-I02,CORE_OR_STRUCTURAL_ROUTE,TRANSFER_IN_CHANGED_CONTEXT,CONTEXTUAL_OR_FUNCTION_BOUND,,NONE,1.44,REQUIRED_SCHEDULE_EDGE_AUDITED,
REC-A1-002073,SEQ-A1-000678,SENSE,SENSE-A1-000363,menos,LEX-A1-000357,SENSE-A1-000363,,DISTANT_RETURN,A1-M06-I02-S1,A1-M07-I01-S3,A1-M06-I02,A1-M07-I01,CORE_OR_STRUCTURAL_ROUTE,DELAYED_RETRIEVAL_OR_TERMINAL_INTEGRATION,CONTEXTUAL_OR_FUNCTION_BOUND,,NONE,1.44,REQUIRED_SCHEDULE_EDGE_AUDITED,"Scheduled four islands after first introduction; destination story is load-balanced. This is a curriculum spacing rule, not a universal optimal interval claim."
REC-A1-002074,SEQ-A1-000680,SENSE,SENSE-A1-000391,muy,LEX-A1-000384,SENSE-A1-000391,,LOCAL_REUSE,A1-M06-I01-S1,A1-M06-I01-S2,A1-M06-I01,A1-M06-I01,CORE_OR_STRUCTURAL_ROUTE,REEXPOSURE_OR_RETRIEVAL,CONTEXTUAL_OR_FUNCTION_BOUND,,NONE,1.44,REQUIRED_SCHEDULE_EDGE_AUDITED,
REC-A1-002075,SEQ-A1-000680,SENSE,SENSE-A1-000391,muy,LEX-A1-000384,SENSE-A1-000391,,NEAR_TRANSFER,A1-M06-I01-S2,A1-M06-I02-S2,A1-M06-I01,A1-M06-I02,CORE_OR_STRUCTURAL_ROUTE,TRANSFER_IN_CHANGED_CONTEXT,CONTEXTUAL_OR_FUNCTION_BOUND,,NONE,1.44,REQUIRED_SCHEDULE_EDGE_AUDITED,
REC-A1-002076,SEQ-A1-000680,SENSE,SENSE-A1-000391,muy,LEX-A1-000384,SENSE-A1-000391,,DISTANT_RETURN,A1-M06-I02-S2,A1-M07-I01-S3,A1-M06-I02,A1-M07-I01,CORE_OR_STRUCTURAL_ROUTE,DELAYED_RETRIEVAL_OR_TERMINAL_INTEGRATION,CONTEXTUAL_OR_FUNCTION_BOUND,,NONE,1.44,REQUIRED_SCHEDULE_EDGE_AUDITED,"Scheduled four islands after first introduction; destination story is load-balanced. This is a curriculum spacing rule, not a universal optimal interval claim."
REC-A1-002077,SEQ-A1-000682,SENSE,SENSE-A1-000467,preferir,LEX-A1-000459,SENSE-A1-000467,,LOCAL_REUSE,A1-M06-I01-S1,A1-M06-I01-S3,A1-M06-I01,A1-M06-I01,CORE_OR_STRUCTURAL_ROUTE,REEXPOSURE_OR_RETRIEVAL,CONTEXTUAL_OR_FUNCTION_BOUND,,NONE,1.44,REQUIRED_SCHEDULE_EDGE_AUDITED,
REC-A1-002078,SEQ-A1-000682,SENSE,SENSE-A1-000467,preferir,LEX-A1-000459,SENSE-A1-000467,,NEAR_TRANSFER,A1-M06-I01-S3,A1-M06-I02-S3,A1-M06-I01,A1-M06-I02,CORE_OR_STRUCTURAL_ROUTE,TRANSFER_IN_CHANGED_CONTEXT,CONTEXTUAL_OR_FUNCTION_BOUND,,NONE,1.44,REQUIRED_SCHEDULE_EDGE_AUDITED,
REC-A1-002079,SEQ-A1-000682,SENSE,SENSE-A1-000467,preferir,LEX-A1-000459,SENSE-A1-000467,,DISTANT_RETURN,A1-M06-I02-S3,A1-M07-I01-S3,A1-M06-I02,A1-M07-I01,CORE_OR_STRUCTURAL_ROUTE,DELAYED_RETRIEVAL_OR_TERMINAL_INTEGRATION,CONTEXTUAL_OR_FUNCTION_BOUND,,NONE,1.44,REQUIRED_SCHEDULE_EDGE_AUDITED,"Scheduled four islands after first introduction; destination story is load-balanced. This is a curriculum spacing rule, not a universal optimal interval claim."
REC-A1-002080,SEQ-A1-000686,GRAMMAR_UNIT,GRAM-A1-079,Me como pronombre de OI de 1.ª persona singular en patrón con gustar,,,,LOCAL_REUSE,A1-M06-I01-S2,A1-M06-I01-S3,A1-M06-I01,A1-M06-I01,CORE_OR_STRUCTURAL_ROUTE,REEXPOSURE_OR_RETRIEVAL,AS_OBJECT_POLICY_REQUIRES,,NONE,1.44,REQUIRED_SCHEDULE_EDGE_AUDITED,
REC-A1-002081,SEQ-A1-000686,GRAMMAR_UNIT,GRAM-A1-079,Me como pronombre de OI de 1.ª persona singular en patrón con gustar,,,,NEAR_TRANSFER,A1-M06-I01-S3,A1-M06-I02-S1,A1-M06-I01,A1-M06-I02,CORE_OR_STRUCTURAL_ROUTE,TRANSFER_IN_CHANGED_CONTEXT,AS_OBJECT_POLICY_REQUIRES,,NONE,1.44,REQUIRED_SCHEDULE_EDGE_AUDITED,
REC-A1-002082,SEQ-A1-000686,GRAMMAR_UNIT,GRAM-A1-079,Me como pronombre de OI de 1.ª persona singular en patrón con gustar,,,,DISTANT_RETURN,A1-M06-I02-S1,A1-M07-I01-S3,A1-M06-I02,A1-M07-I01,CORE_OR_STRUCTURAL_ROUTE,DELAYED_RETRIEVAL_OR_TERMINAL_INTEGRATION,AS_OBJECT_POLICY_REQUIRES,,NONE,1.44,REQUIRED_SCHEDULE_EDGE_AUDITED,"Scheduled four islands after first introduction; destination story is load-balanced. This is a curriculum spacing rule, not a universal optimal interval claim."
REC-A1-002083,SEQ-A1-000688,GRAMMAR_UNIT,GRAM-A1-116,Infinitivo en subordinada sustantiva como sujeto u OD,,,,LOCAL_REUSE,A1-M06-I01-S2,A1-M06-I01-S3,A1-M06-I01,A1-M06-I01,CORE_OR_STRUCTURAL_ROUTE,REEXPOSURE_OR_RETRIEVAL,AS_OBJECT_POLICY_REQUIRES,,NONE,1.44,REQUIRED_SCHEDULE_EDGE_AUDITED,
REC-A1-002084,SEQ-A1-000688,GRAMMAR_UNIT,GRAM-A1-116,Infinitivo en subordinada sustantiva como sujeto u OD,,,,NEAR_TRANSFER,A1-M06-I01-S3,A1-M06-I02-S2,A1-M06-I01,A1-M06-I02,CORE_OR_STRUCTURAL_ROUTE,TRANSFER_IN_CHANGED_CONTEXT,AS_OBJECT_POLICY_REQUIRES,,NONE,1.44,REQUIRED_SCHEDULE_EDGE_AUDITED,
REC-A1-002085,SEQ-A1-000688,GRAMMAR_UNIT,GRAM-A1-116,Infinitivo en subordinada sustantiva como sujeto u OD,,,,DISTANT_RETURN,A1-M06-I02-S2,A1-M07-I01-S2,A1-M06-I02,A1-M07-I01,CORE_OR_STRUCTURAL_ROUTE,DELAYED_RETRIEVAL_OR_TERMINAL_INTEGRATION,AS_OBJECT_POLICY_REQUIRES,,NONE,1.44,REQUIRED_SCHEDULE_EDGE_AUDITED,"Scheduled four islands after first introduction; destination story is load-balanced. This is a curriculum spacing rule, not a universal optimal interval claim."
REC-A1-002086,SEQ-A1-000690,GRAMMAR_UNIT,GRAM-A1-139,Pronombre me de OI con gustar,,,,LOCAL_REUSE,A1-M06-I01-S2,A1-M06-I01-S3,A1-M06-I01,A1-M06-I01,CORE_OR_STRUCTURAL_ROUTE,REEXPOSURE_OR_RETRIEVAL,AS_OBJECT_POLICY_REQUIRES,,NONE,1.44,REQUIRED_SCHEDULE_EDGE_AUDITED,
REC-A1-002087,SEQ-A1-000690,GRAMMAR_UNIT,GRAM-A1-139,Pronombre me de OI con gustar,,,,NEAR_TRANSFER,A1-M06-I01-S3,A1-M06-I02-S3,A1-M06-I01,A1-M06-I02,CORE_OR_STRUCTURAL_ROUTE,TRANSFER_IN_CHANGED_CONTEXT,AS_OBJECT_POLICY_REQUIRES,,NONE,1.44,REQUIRED_SCHEDULE_EDGE_AUDITED,
REC-A1-002088,SEQ-A1-000690,GRAMMAR_UNIT,GRAM-A1-139,Pronombre me de OI con gustar,,,,DISTANT_RETURN,A1-M06-I02-S3,A1-M07-I01-S3,A1-M06-I02,A1-M07-I01,CORE_OR_STRUCTURAL_ROUTE,DELAYED_RETRIEVAL_OR_TERMINAL_INTEGRATION,AS_OBJECT_POLICY_REQUIRES,,NONE,1.44,REQUIRED_SCHEDULE_EDGE_AUDITED,"Scheduled four islands after first introduction; destination story is load-balanced. This is a curriculum spacing rule, not a universal optimal interval claim."
REC-A1-002089,SEQ-A1-000692,GRAMMAR_UNIT,GRAM-A1-155,Infinitivo en función de sujeto con gustar,,,,LOCAL_REUSE,A1-M06-I01-S2,A1-M06-I01-S3,A1-M06-I01,A1-M06-I01,CORE_OR_STRUCTURAL_ROUTE,REEXPOSURE_OR_RETRIEVAL,AS_OBJECT_POLICY_REQUIRES,,NONE,1.44,REQUIRED_SCHEDULE_EDGE_AUDITED,
REC-A1-002090,SEQ-A1-000692,GRAMMAR_UNIT,GRAM-A1-155,Infinitivo en función de sujeto con gustar,,,,NEAR_TRANSFER,A1-M06-I01-S3,A1-M06-I02-S1,A1-M06-I01,A1-M06-I02,CORE_OR_STRUCTURAL_ROUTE,TRANSFER_IN_CHANGED_CONTEXT,AS_OBJECT_POLICY_REQUIRES,,NONE,1.44,REQUIRED_SCHEDULE_EDGE_AUDITED,
REC-A1-002091,SEQ-A1-000692,GRAMMAR_UNIT,GRAM-A1-155,Infinitivo en función de sujeto con gustar,,,,DISTANT_RETURN,A1-M06-I02-S1,A1-M07-I01-S1,A1-M06-I02,A1-M07-I01,CORE_OR_STRUCTURAL_ROUTE,DELAYED_RETRIEVAL_OR_TERMINAL_INTEGRATION,AS_OBJECT_POLICY_REQUIRES,,NONE,1.44,REQUIRED_SCHEDULE_EDGE_AUDITED,"Scheduled four islands after first introduction; destination story is load-balanced. This is a curriculum spacing rule, not a universal optimal interval claim."
REC-A1-002092,SEQ-A1-000693,MWU_SOURCE_UNIT,12B1-MWU-0169,muy bien,,,12B1-MWU-0169,LOCAL_REUSE,A1-M06-I01-S2,A1-M06-I01-S3,A1-M06-I01,A1-M06-I01,CORE_OR_STRUCTURAL_ROUTE,REEXPOSURE_OR_RETRIEVAL,AS_OBJECT_POLICY_REQUIRES,,NONE,1.44,REQUIRED_SCHEDULE_EDGE_AUDITED,
REC-A1-002093,SEQ-A1-000693,MWU_SOURCE_UNIT,12B1-MWU-0169,muy bien,,,12B1-MWU-0169,NEAR_TRANSFER,A1-M06-I01-S3,A1-M06-I02-S2,A1-M06-I01,A1-M06-I02,CORE_OR_STRUCTURAL_ROUTE,TRANSFER_IN_CHANGED_CONTEXT,AS_OBJECT_POLICY_REQUIRES,,NONE,1.44,REQUIRED_SCHEDULE_EDGE_AUDITED,
REC-A1-002094,SEQ-A1-000693,MWU_SOURCE_UNIT,12B1-MWU-0169,muy bien,,,12B1-MWU-0169,DISTANT_RETURN,A1-M06-I02-S2,A1-M07-I01-S2,A1-M06-I02,A1-M07-I01,CORE_OR_STRUCTURAL_ROUTE,DELAYED_RETRIEVAL_OR_TERMINAL_INTEGRATION,AS_OBJECT_POLICY_REQUIRES,,NONE,1.44,REQUIRED_SCHEDULE_EDGE_AUDITED,"Scheduled four islands after first introduction; destination story is load-balanced. This is a curriculum spacing rule, not a universal optimal interval claim."
REC-A1-002095,SEQ-A1-000695,MWU_SOURCE_UNIT,12B1-MWU-0171,más o menos,LEX-A1-000354,SENSE-A1-000360,12B1-MWU-0171,LOCAL_REUSE,A1-M06-I01-S2,A1-M06-I01-S3,A1-M06-I01,A1-M06-I01,CORE_OR_STRUCTURAL_ROUTE,REEXPOSURE_OR_RETRIEVAL,AS_OBJECT_POLICY_REQUIRES,,NONE,1.44,REQUIRED_SCHEDULE_EDGE_AUDITED,
REC-A1-002096,SEQ-A1-000695,MWU_SOURCE_UNIT,12B1-MWU-0171,más o menos,LEX-A1-000354,SENSE-A1-000360,12B1-MWU-0171,NEAR_TRANSFER,A1-M06-I01-S3,A1-M06-I02-S3,A1-M06-I01,A1-M06-I02,CORE_OR_STRUCTURAL_ROUTE,TRANSFER_IN_CHANGED_CONTEXT,AS_OBJECT_POLICY_REQUIRES,,NONE,1.44,REQUIRED_SCHEDULE_EDGE_AUDITED,
REC-A1-002097,SEQ-A1-000695,MWU_SOURCE_UNIT,12B1-MWU-0171,más o menos,LEX-A1-000354,SENSE-A1-000360,12B1-MWU-0171,DISTANT_RETURN,A1-M06-I02-S3,A1-M07-I01-S3,A1-M06-I02,A1-M07-I01,CORE_OR_STRUCTURAL_ROUTE,DELAYED_RETRIEVAL_OR_TERMINAL_INTEGRATION,AS_OBJECT_POLICY_REQUIRES,,NONE,1.44,REQUIRED_SCHEDULE_EDGE_AUDITED,"Scheduled four islands after first introduction; destination story is load-balanced. This is a curriculum spacing rule, not a universal optimal interval claim."
REC-A1-002098,SEQ-A1-000673,SENSE,SENSE-A1-000069,bastante,LEX-A1-000069,SENSE-A1-000069,,LOCAL_REUSE,A1-M06-I01-S2,A1-M06-I01-S3,A1-M06-I01,A1-M06-I01,CORE_OR_STRUCTURAL_ROUTE,REEXPOSURE_OR_RETRIEVAL,CONTEXTUAL_OR_FUNCTION_BOUND,,NONE,1.44,REQUIRED_SCHEDULE_EDGE_AUDITED,
REC-A1-002099,SEQ-A1-000673,SENSE,SENSE-A1-000069,bastante,LEX-A1-000069,SENSE-A1-000069,,NEAR_TRANSFER,A1-M06-I01-S3,A1-M06-I02-S1,A1-M06-I01,A1-M06-I02,CORE_OR_STRUCTURAL_ROUTE,TRANSFER_IN_CHANGED_CONTEXT,CONTEXTUAL_OR_FUNCTION_BOUND,,NONE,1.44,REQUIRED_SCHEDULE_EDGE_AUDITED,
REC-A1-002100,SEQ-A1-000673,SENSE,SENSE-A1-000069,bastante,LEX-A1-000069,SENSE-A1-000069,,DISTANT_RETURN,A1-M06-I02-S1,A1-M07-I01-S1,A1-M06-I02,A1-M07-I01,CORE_OR_STRUCTURAL_ROUTE,DELAYED_RETRIEVAL_OR_TERMINAL_INTEGRATION,CONTEXTUAL_OR_FUNCTION_BOUND,,NONE,1.44,REQUIRED_SCHEDULE_EDGE_AUDITED,"Scheduled four islands after first introduction; destination story is load-balanced. This is a curriculum spacing rule, not a universal optimal interval claim."
REC-A1-002101,SEQ-A1-000675,SENSE,SENSE-A1-000359,más,LEX-A1-000353,SENSE-A1-000359,,LOCAL_REUSE,A1-M06-I01-S2,A1-M06-I01-S3,A1-M06-I01,A1-M06-I01,CORE_OR_STRUCTURAL_ROUTE,REEXPOSURE_OR_RETRIEVAL,CONTEXTUAL_OR_FUNCTION_BOUND,,NONE,1.44,REQUIRED_SCHEDULE_EDGE_AUDITED,
REC-A1-002102,SEQ-A1-000675,SENSE,SENSE-A1-000359,más,LEX-A1-000353,SENSE-A1-000359,,NEAR_TRANSFER,A1-M06-I01-S3,A1-M06-I02-S2,A1-M06-I01,A1-M06-I02,CORE_OR_STRUCTURAL_ROUTE,TRANSFER_IN_CHANGED_CONTEXT,CONTEXTUAL_OR_FUNCTION_BOUND,,NONE,1.44,REQUIRED_SCHEDULE_EDGE_AUDITED,
REC-A1-002103,SEQ-A1-000675,SENSE,SENSE-A1-000359,más,LEX-A1-000353,SENSE-A1-000359,,DISTANT_RETURN,A1-M06-I02-S2,A1-M07-I01-S2,A1-M06-I02,A1-M07-I01,CORE_OR_STRUCTURAL_ROUTE,DELAYED_RETRIEVAL_OR_TERMINAL_INTEGRATION,CONTEXTUAL_OR_FUNCTION_BOUND,,NONE,1.44,REQUIRED_SCHEDULE_EDGE_AUDITED,"Scheduled four islands after first introduction; destination story is load-balanced. This is a curriculum spacing rule, not a universal optimal interval claim."
REC-A1-002104,SEQ-A1-000677,SENSE,SENSE-A1-000361,me,LEX-A1-000355,SENSE-A1-000361,,LOCAL_REUSE,A1-M06-I01-S2,A1-M06-I01-S3,A1-M06-I01,A1-M06-I01,CORE_OR_STRUCTURAL_ROUTE,REEXPOSURE_OR_RETRIEVAL,CONTEXTUAL_OR_FUNCTION_BOUND,,NONE,1.44,REQUIRED_SCHEDULE_EDGE_AUDITED,
REC-A1-002105,SEQ-A1-000677,SENSE,SENSE-A1-000361,me,LEX-A1-000355,SENSE-A1-000361,,NEAR_TRANSFER,A1-M06-I01-S3,A1-M06-I02-S3,A1-M06-I01,A1-M06-I02,CORE_OR_STRUCTURAL_ROUTE,TRANSFER_IN_CHANGED_CONTEXT,CONTEXTUAL_OR_FUNCTION_BOUND,,NONE,1.44,REQUIRED_SCHEDULE_EDGE_AUDITED,
REC-A1-002106,SEQ-A1-000677,SENSE,SENSE-A1-000361,me,LEX-A1-000355,SENSE-A1-000361,,DISTANT_RETURN,A1-M06-I02-S3,A1-M07-I01-S3,A1-M06-I02,A1-M07-I01,CORE_OR_STRUCTURAL_ROUTE,DELAYED_RETRIEVAL_OR_TERMINAL_INTEGRATION,CONTEXTUAL_OR_FUNCTION_BOUND,,NONE,1.44,REQUIRED_SCHEDULE_EDGE_AUDITED,"Scheduled four islands after first introduction; destination story is load-balanced. This is a curriculum spacing rule, not a universal optimal interval claim."
REC-A1-002107,SEQ-A1-000679,SENSE,SENSE-A1-000384,mucho,LEX-A1-000378,SENSE-A1-000384,,LOCAL_REUSE,A1-M06-I01-S2,A1-M06-I01-S3,A1-M06-I01,A1-M06-I01,CORE_OR_STRUCTURAL_ROUTE,REEXPOSURE_OR_RETRIEVAL,CONTEXTUAL_OR_FUNCTION_BOUND,,NONE,1.44,REQUIRED_SCHEDULE_EDGE_AUDITED,
REC-A1-002108,SEQ-A1-000679,SENSE,SENSE-A1-000384,mucho,LEX-A1-000378,SENSE-A1-000384,,NEAR_TRANSFER,A1-M06-I01-S3,A1-M06-I02-S1,A1-M06-I01,A1-M06-I02,CORE_OR_STRUCTURAL_ROUTE,TRANSFER_IN_CHANGED_CONTEXT,CONTEXTUAL_OR_FUNCTION_BOUND,,NONE,1.44,REQUIRED_SCHEDULE_EDGE_AUDITED,
REC-A1-002109,SEQ-A1-000679,SENSE,SENSE-A1-000384,mucho,LEX-A1-000378,SENSE-A1-000384,,DISTANT_RETURN,A1-M06-I02-S1,A1-M07-I01-S1,A1-M06-I02,A1-M07-I01,CORE_OR_STRUCTURAL_ROUTE,DELAYED_RETRIEVAL_OR_TERMINAL_INTEGRATION,CONTEXTUAL_OR_FUNCTION_BOUND,,NONE,1.44,REQUIRED_SCHEDULE_EDGE_AUDITED,"Scheduled four islands after first introduction; destination story is load-balanced. This is a curriculum spacing rule, not a universal optimal interval claim."
REC-A1-002110,SEQ-A1-000681,SENSE,SENSE-A1-000453,poco,LEX-A1-000445,SENSE-A1-000453,,LOCAL_REUSE,A1-M06-I01-S2,A1-M06-I01-S3,A1-M06-I01,A1-M06-I01,CORE_OR_STRUCTURAL_ROUTE,REEXPOSURE_OR_RETRIEVAL,CONTEXTUAL_OR_FUNCTION_BOUND,,NONE,1.44,REQUIRED_SCHEDULE_EDGE_AUDITED,
REC-A1-002111,SEQ-A1-000681,SENSE,SENSE-A1-000453,poco,LEX-A1-000445,SENSE-A1-000453,,NEAR_TRANSFER,A1-M06-I01-S3,A1-M06-I02-S2,A1-M06-I01,A1-M06-I02,CORE_OR_STRUCTURAL_ROUTE,TRANSFER_IN_CHANGED_CONTEXT,CONTEXTUAL_OR_FUNCTION_BOUND,,NONE,1.44,REQUIRED_SCHEDULE_EDGE_AUDITED,
REC-A1-002112,SEQ-A1-000681,SENSE,SENSE-A1-000453,poco,LEX-A1-000445,SENSE-A1-000453,,DISTANT_RETURN,A1-M06-I02-S2,A1-M07-I01-S2,A1-M06-I02,A1-M07-I01,CORE_OR_STRUCTURAL_ROUTE,DELAYED_RETRIEVAL_OR_TERMINAL_INTEGRATION,CONTEXTUAL_OR_FUNCTION_BOUND,,NONE,1.44,REQUIRED_SCHEDULE_EDGE_AUDITED,"Scheduled four islands after first introduction; destination story is load-balanced. This is a curriculum spacing rule, not a universal optimal interval claim."
REC-A1-002113,SEQ-A1-000683,SENSE,SENSE-A1-000576,un poco,LEX-A1-000567,SENSE-A1-000576,,LOCAL_REUSE,A1-M06-I01-S2,A1-M06-I01-S3,A1-M06-I01,A1-M06-I01,CORE_OR_STRUCTURAL_ROUTE,REEXPOSURE_OR_RETRIEVAL,CONTEXTUAL_OR_FUNCTION_BOUND,,NONE,1.44,REQUIRED_SCHEDULE_EDGE_AUDITED,
REC-A1-002114,SEQ-A1-000683,SENSE,SENSE-A1-000576,un poco,LEX-A1-000567,SENSE-A1-000576,,NEAR_TRANSFER,A1-M06-I01-S3,A1-M06-I02-S3,A1-M06-I01,A1-M06-I02,CORE_OR_STRUCTURAL_ROUTE,TRANSFER_IN_CHANGED_CONTEXT,CONTEXTUAL_OR_FUNCTION_BOUND,,NONE,1.44,REQUIRED_SCHEDULE_EDGE_AUDITED,
REC-A1-002115,SEQ-A1-000683,SENSE,SENSE-A1-000576,un poco,LEX-A1-000567,SENSE-A1-000576,,DISTANT_RETURN,A1-M06-I02-S3,A1-M07-I01-S3,A1-M06-I02,A1-M07-I01,CORE_OR_STRUCTURAL_ROUTE,DELAYED_RETRIEVAL_OR_TERMINAL_INTEGRATION,CONTEXTUAL_OR_FUNCTION_BOUND,,NONE,1.44,REQUIRED_SCHEDULE_EDGE_AUDITED,"Scheduled four islands after first introduction; destination story is load-balanced. This is a curriculum spacing rule, not a universal optimal interval claim."
REC-A1-002116,SEQ-A1-000713,MWU_SOURCE_UNIT,12B1-MWU-0037,compañero de juego,,,12B1-MWU-0037,LOCAL_REUSE,A1-M06-I02-S1,A1-M06-I02-S2,A1-M06-I02,A1-M06-I02,CORE_OR_STRUCTURAL_ROUTE,REEXPOSURE_OR_RETRIEVAL,AS_OBJECT_POLICY_REQUIRES,,NONE,1.44,REQUIRED_SCHEDULE_EDGE_AUDITED,
REC-A1-002117,SEQ-A1-000713,MWU_SOURCE_UNIT,12B1-MWU-0037,compañero de juego,,,12B1-MWU-0037,NEAR_TRANSFER,A1-M06-I02-S2,A1-M06-I03-S3,A1-M06-I02,A1-M06-I03,CORE_OR_STRUCTURAL_ROUTE,TRANSFER_IN_CHANGED_CONTEXT,AS_OBJECT_POLICY_REQUIRES,,NONE,1.44,REQUIRED_SCHEDULE_EDGE_AUDITED,
REC-A1-002118,SEQ-A1-000713,MWU_SOURCE_UNIT,12B1-MWU-0037,compañero de juego,,,12B1-MWU-0037,DISTANT_RETURN,A1-M06-I03-S3,A1-M07-I02-S3,A1-M06-I03,A1-M07-I02,CORE_OR_STRUCTURAL_ROUTE,DELAYED_RETRIEVAL_OR_TERMINAL_INTEGRATION,AS_OBJECT_POLICY_REQUIRES,,NONE,1.44,REQUIRED_SCHEDULE_EDGE_AUDITED,"Scheduled four islands after first introduction; destination story is load-balanced. This is a curriculum spacing rule, not a universal optimal interval claim."
REC-A1-002119,SEQ-A1-000715,MWU_SOURCE_UNIT,12B1-MWU-0039,escuchar música,,,12B1-MWU-0039,LOCAL_REUSE,A1-M06-I02-S1,A1-M06-I02-S3,A1-M06-I02,A1-M06-I02,CORE_OR_STRUCTURAL_ROUTE,REEXPOSURE_OR_RETRIEVAL,AS_OBJECT_POLICY_REQUIRES,,NONE,1.44,REQUIRED_SCHEDULE_EDGE_AUDITED,
REC-A1-002120,SEQ-A1-000715,MWU_SOURCE_UNIT,12B1-MWU-0039,escuchar música,,,12B1-MWU-0039,NEAR_TRANSFER,A1-M06-I02-S3,A1-M06-I03-S1,A1-M06-I02,A1-M06-I03,CORE_OR_STRUCTURAL_ROUTE,TRANSFER_IN_CHANGED_CONTEXT,AS_OBJECT_POLICY_REQUIRES,,NONE,1.44,REQUIRED_SCHEDULE_EDGE_AUDITED,
REC-A1-002121,SEQ-A1-000715,MWU_SOURCE_UNIT,12B1-MWU-0039,escuchar música,,,12B1-MWU-0039,DISTANT_RETURN,A1-M06-I03-S1,A1-M07-I02-S3,A1-M06-I03,A1-M07-I02,CORE_OR_STRUCTURAL_ROUTE,DELAYED_RETRIEVAL_OR_TERMINAL_INTEGRATION,AS_OBJECT_POLICY_REQUIRES,,NONE,1.44,REQUIRED_SCHEDULE_EDGE_AUDITED,"Scheduled four islands after first introduction; destination story is load-balanced. This is a curriculum spacing rule, not a universal optimal interval claim."
REC-A1-002122,SEQ-A1-000717,MWU_SOURCE_UNIT,12B1-MWU-0041,hacer deporte,,,12B1-MWU-0041,LOCAL_REUSE,A1-M06-I02-S1,A1-M06-I02-S2,A1-M06-I02,A1-M06-I02,CORE_OR_STRUCTURAL_ROUTE,REEXPOSURE_OR_RETRIEVAL,AS_OBJECT_POLICY_REQUIRES,,NONE,1.44,REQUIRED_SCHEDULE_EDGE_AUDITED,
REC-A1-002123,SEQ-A1-000717,MWU_SOURCE_UNIT,12B1-MWU-0041,hacer deporte,,,12B1-MWU-0041,NEAR_TRANSFER,A1-M06-I02-S2,A1-M06-I03-S2,A1-M06-I02,A1-M06-I03,CORE_OR_STRUCTURAL_ROUTE,TRANSFER_IN_CHANGED_CONTEXT,AS_OBJECT_POLICY_REQUIRES,,NONE,1.44,REQUIRED_SCHEDULE_EDGE_AUDITED,
REC-A1-002124,SEQ-A1-000717,MWU_SOURCE_UNIT,12B1-MWU-0041,hacer deporte,,,12B1-MWU-0041,DISTANT_RETURN,A1-M06-I03-S2,A1-M07-I02-S3,A1-M06-I03,A1-M07-I02,CORE_OR_STRUCTURAL_ROUTE,DELAYED_RETRIEVAL_OR_TERMINAL_INTEGRATION,AS_OBJECT_POLICY_REQUIRES,,NONE,1.44,REQUIRED_SCHEDULE_EDGE_AUDITED,"Scheduled four islands after first introduction; destination story is load-balanced. This is a curriculum spacing rule, not a universal optimal interval claim."
REC-A1-002125,SEQ-A1-000719,MWU_SOURCE_UNIT,12B1-MWU-0043,hacer gimnasia,,,12B1-MWU-0043,LOCAL_REUSE,A1-M06-I02-S1,A1-M06-I02-S3,A1-M06-I02,A1-M06-I02,CORE_OR_STRUCTURAL_ROUTE,REEXPOSURE_OR_RETRIEVAL,AS_OBJECT_POLICY_REQUIRES,,NONE,1.44,REQUIRED_SCHEDULE_EDGE_AUDITED,
REC-A1-002126,SEQ-A1-000719,MWU_SOURCE_UNIT,12B1-MWU-0043,hacer gimnasia,,,12B1-MWU-0043,NEAR_TRANSFER,A1-M06-I02-S3,A1-M06-I03-S3,A1-M06-I02,A1-M06-I03,CORE_OR_STRUCTURAL_ROUTE,TRANSFER_IN_CHANGED_CONTEXT,AS_OBJECT_POLICY_REQUIRES,,NONE,1.44,REQUIRED_SCHEDULE_EDGE_AUDITED,
REC-A1-002127,SEQ-A1-000719,MWU_SOURCE_UNIT,12B1-MWU-0043,hacer gimnasia,,,12B1-MWU-0043,DISTANT_RETURN,A1-M06-I03-S3,A1-M07-I02-S3,A1-M06-I03,A1-M07-I02,CORE_OR_STRUCTURAL_ROUTE,DELAYED_RETRIEVAL_OR_TERMINAL_INTEGRATION,AS_OBJECT_POLICY_REQUIRES,,NONE,1.44,REQUIRED_SCHEDULE_EDGE_AUDITED,"Scheduled four islands after first introduction; destination story is load-balanced. This is a curriculum spacing rule, not a universal optimal interval claim."
REC-A1-002128,SEQ-A1-000721,MWU_SOURCE_UNIT,12B1-MWU-0055,jugar al fútbol,,,12B1-MWU-0055,LOCAL_REUSE,A1-M06-I02-S1,A1-M06-I02-S2,A1-M06-I02,A1-M06-I02,CORE_OR_STRUCTURAL_ROUTE,REEXPOSURE_OR_RETRIEVAL,AS_OBJECT_POLICY_REQUIRES,,NONE,1.44,REQUIRED_SCHEDULE_EDGE_AUDITED,
REC-A1-002129,SEQ-A1-000721,MWU_SOURCE_UNIT,12B1-MWU-0055,jugar al fútbol,,,12B1-MWU-0055,NEAR_TRANSFER,A1-M06-I02-S2,A1-M06-I03-S1,A1-M06-I02,A1-M06-I03,CORE_OR_STRUCTURAL_ROUTE,TRANSFER_IN_CHANGED_CONTEXT,AS_OBJECT_POLICY_REQUIRES,,NONE,1.44,REQUIRED_SCHEDULE_EDGE_AUDITED,
REC-A1-002130,SEQ-A1-000721,MWU_SOURCE_UNIT,12B1-MWU-0055,jugar al fútbol,,,12B1-MWU-0055,DISTANT_RETURN,A1-M06-I03-S1,A1-M07-I02-S3,A1-M06-I03,A1-M07-I02,CORE_OR_STRUCTURAL_ROUTE,DELAYED_RETRIEVAL_OR_TERMINAL_INTEGRATION,AS_OBJECT_POLICY_REQUIRES,,NONE,1.44,REQUIRED_SCHEDULE_EDGE_AUDITED,"Scheduled four islands after first introduction; destination story is load-balanced. This is a curriculum spacing rule, not a universal optimal interval claim."
REC-A1-002131,SEQ-A1-000723,MWU_SOURCE_UNIT,12B1-MWU-0057,leer el periódico,,,12B1-MWU-0057,LOCAL_REUSE,A1-M06-I02-S1,A1-M06-I02-S3,A1-M06-I02,A1-M06-I02,CORE_OR_STRUCTURAL_ROUTE,REEXPOSURE_OR_RETRIEVAL,AS_OBJECT_POLICY_REQUIRES,,NONE,1.44,REQUIRED_SCHEDULE_EDGE_AUDITED,
REC-A1-002132,SEQ-A1-000723,MWU_SOURCE_UNIT,12B1-MWU-0057,leer el periódico,,,12B1-MWU-0057,NEAR_TRANSFER,A1-M06-I02-S3,A1-M06-I03-S2,A1-M06-I02,A1-M06-I03,CORE_OR_STRUCTURAL_ROUTE,TRANSFER_IN_CHANGED_CONTEXT,AS_OBJECT_POLICY_REQUIRES,,NONE,1.44,REQUIRED_SCHEDULE_EDGE_AUDITED,
REC-A1-002133,SEQ-A1-000723,MWU_SOURCE_UNIT,12B1-MWU-0057,leer el periódico,,,12B1-MWU-0057,DISTANT_RETURN,A1-M06-I03-S2,A1-M07-I02-S3,A1-M06-I03,A1-M07-I02,CORE_OR_STRUCTURAL_ROUTE,DELAYED_RETRIEVAL_OR_TERMINAL_INTEGRATION,AS_OBJECT_POLICY_REQUIRES,,NONE,1.44,REQUIRED_SCHEDULE_EDGE_AUDITED,"Scheduled four islands after first introduction; destination story is load-balanced. This is a curriculum spacing rule, not a universal optimal interval claim."
REC-A1-002134,SEQ-A1-000726,MWU_SOURCE_UNIT,12B1-MWU-0062,ver la televisión,,,12B1-MWU-0062,LOCAL_REUSE,A1-M06-I02-S1,A1-M06-I02-S2,A1-M06-I02,A1-M06-I02,CORE_OR_STRUCTURAL_ROUTE,REEXPOSURE_OR_RETRIEVAL,AS_OBJECT_POLICY_REQUIRES,,NONE,1.44,REQUIRED_SCHEDULE_EDGE_AUDITED,
REC-A1-002135,SEQ-A1-000726,MWU_SOURCE_UNIT,12B1-MWU-0062,ver la televisión,,,12B1-MWU-0062,NEAR_TRANSFER,A1-M06-I02-S2,A1-M06-I03-S3,A1-M06-I02,A1-M06-I03,CORE_OR_STRUCTURAL_ROUTE,TRANSFER_IN_CHANGED_CONTEXT,AS_OBJECT_POLICY_REQUIRES,,NONE,1.44,REQUIRED_SCHEDULE_EDGE_AUDITED,
REC-A1-002136,SEQ-A1-000726,MWU_SOURCE_UNIT,12B1-MWU-0062,ver la televisión,,,12B1-MWU-0062,DISTANT_RETURN,A1-M06-I03-S3,A1-M07-I02-S3,A1-M06-I03,A1-M07-I02,CORE_OR_STRUCTURAL_ROUTE,DELAYED_RETRIEVAL_OR_TERMINAL_INTEGRATION,AS_OBJECT_POLICY_REQUIRES,,NONE,1.44,REQUIRED_SCHEDULE_EDGE_AUDITED,"Scheduled four islands after first introduction; destination story is load-balanced. This is a curriculum spacing rule, not a universal optimal interval claim."
REC-A1-002137,SEQ-A1-000728,MWU_SOURCE_UNIT,12B1-MWU-0068,leer un periódico,,,12B1-MWU-0068,LOCAL_REUSE,A1-M06-I02-S1,A1-M06-I02-S3,A1-M06-I02,A1-M06-I02,CORE_OR_STRUCTURAL_ROUTE,REEXPOSURE_OR_RETRIEVAL,AS_OBJECT_POLICY_REQUIRES,,NONE,1.44,REQUIRED_SCHEDULE_EDGE_AUDITED,
REC-A1-002138,SEQ-A1-000728,MWU_SOURCE_UNIT,12B1-MWU-0068,leer un periódico,,,12B1-MWU-0068,NEAR_TRANSFER,A1-M06-I02-S3,A1-M06-I03-S1,A1-M06-I02,A1-M06-I03,CORE_OR_STRUCTURAL_ROUTE,TRANSFER_IN_CHANGED_CONTEXT,AS_OBJECT_POLICY_REQUIRES,,NONE,1.44,REQUIRED_SCHEDULE_EDGE_AUDITED,
REC-A1-002139,SEQ-A1-000728,MWU_SOURCE_UNIT,12B1-MWU-0068,leer un periódico,,,12B1-MWU-0068,DISTANT_RETURN,A1-M06-I03-S1,A1-M07-I02-S3,A1-M06-I03,A1-M07-I02,CORE_OR_STRUCTURAL_ROUTE,DELAYED_RETRIEVAL_OR_TERMINAL_INTEGRATION,AS_OBJECT_POLICY_REQUIRES,,NONE,1.44,REQUIRED_SCHEDULE_EDGE_AUDITED,"Scheduled four islands after first introduction; destination story is load-balanced. This is a curriculum spacing rule, not a universal optimal interval claim."
REC-A1-002140,SEQ-A1-000697,SENSE,SENSE-A1-000014,actor,LEX-A1-000014,SENSE-A1-000014,,LOCAL_REUSE,A1-M06-I02-S1,A1-M06-I02-S2,A1-M06-I02,A1-M06-I02,CORE_OR_STRUCTURAL_ROUTE,REEXPOSURE_OR_RETRIEVAL,CONTEXTUAL_OR_FUNCTION_BOUND,,NONE,1.44,REQUIRED_SCHEDULE_EDGE_AUDITED,
REC-A1-002141,SEQ-A1-000697,SENSE,SENSE-A1-000014,actor,LEX-A1-000014,SENSE-A1-000014,,NEAR_TRANSFER,A1-M06-I02-S2,A1-M06-I03-S2,A1-M06-I02,A1-M06-I03,CORE_OR_STRUCTURAL_ROUTE,TRANSFER_IN_CHANGED_CONTEXT,CONTEXTUAL_OR_FUNCTION_BOUND,,NONE,1.44,REQUIRED_SCHEDULE_EDGE_AUDITED,
REC-A1-002142,SEQ-A1-000697,SENSE,SENSE-A1-000014,actor,LEX-A1-000014,SENSE-A1-000014,,DISTANT_RETURN,A1-M06-I03-S2,A1-M07-I02-S3,A1-M06-I03,A1-M07-I02,CORE_OR_STRUCTURAL_ROUTE,DELAYED_RETRIEVAL_OR_TERMINAL_INTEGRATION,CONTEXTUAL_OR_FUNCTION_BOUND,,NONE,1.44,REQUIRED_SCHEDULE_EDGE_AUDITED,"Scheduled four islands after first introduction; destination story is load-balanced. This is a curriculum spacing rule, not a universal optimal interval claim."
REC-A1-002143,SEQ-A1-000699,SENSE,SENSE-A1-000061,baloncesto,LEX-A1-000061,SENSE-A1-000061,,LOCAL_REUSE,A1-M06-I02-S1,A1-M06-I02-S3,A1-M06-I02,A1-M06-I02,CORE_OR_STRUCTURAL_ROUTE,REEXPOSURE_OR_RETRIEVAL,CONTEXTUAL_OR_FUNCTION_BOUND,,NONE,1.44,REQUIRED_SCHEDULE_EDGE_AUDITED,
REC-A1-002144,SEQ-A1-000699,SENSE,SENSE-A1-000061,baloncesto,LEX-A1-000061,SENSE-A1-000061,,NEAR_TRANSFER,A1-M06-I02-S3,A1-M06-I03-S3,A1-M06-I02,A1-M06-I03,CORE_OR_STRUCTURAL_ROUTE,TRANSFER_IN_CHANGED_CONTEXT,CONTEXTUAL_OR_FUNCTION_BOUND,,NONE,1.44,REQUIRED_SCHEDULE_EDGE_AUDITED,
REC-A1-002145,SEQ-A1-000699,SENSE,SENSE-A1-000061,baloncesto,LEX-A1-000061,SENSE-A1-000061,,DISTANT_RETURN,A1-M06-I03-S3,A1-M07-I02-S3,A1-M06-I03,A1-M07-I02,CORE_OR_STRUCTURAL_ROUTE,DELAYED_RETRIEVAL_OR_TERMINAL_INTEGRATION,CONTEXTUAL_OR_FUNCTION_BOUND,,NONE,1.44,REQUIRED_SCHEDULE_EDGE_AUDITED,"Scheduled four islands after first introduction; destination story is load-balanced. This is a curriculum spacing rule, not a universal optimal interval claim."
REC-A1-002146,SEQ-A1-000701,SENSE,SENSE-A1-000136,cine,LEX-A1-000134,SENSE-A1-000136,,LOCAL_REUSE,A1-M06-I02-S1,A1-M06-I02-S2,A1-M06-I02,A1-M06-I02,CORE_OR_STRUCTURAL_ROUTE,REEXPOSURE_OR_RETRIEVAL,CONTEXTUAL_OR_FUNCTION_BOUND,,NONE,1.44,REQUIRED_SCHEDULE_EDGE_AUDITED,
REC-A1-002147,SEQ-A1-000701,SENSE,SENSE-A1-000136,cine,LEX-A1-000134,SENSE-A1-000136,,NEAR_TRANSFER,A1-M06-I02-S2,A1-M06-I03-S1,A1-M06-I02,A1-M06-I03,CORE_OR_STRUCTURAL_ROUTE,TRANSFER_IN_CHANGED_CONTEXT,CONTEXTUAL_OR_FUNCTION_BOUND,,NONE,1.44,REQUIRED_SCHEDULE_EDGE_AUDITED,
REC-A1-002148,SEQ-A1-000701,SENSE,SENSE-A1-000136,cine,LEX-A1-000134,SENSE-A1-000136,,DISTANT_RETURN,A1-M06-I03-S1,A1-M07-I02-S3,A1-M06-I03,A1-M07-I02,CORE_OR_STRUCTURAL_ROUTE,DELAYED_RETRIEVAL_OR_TERMINAL_INTEGRATION,CONTEXTUAL_OR_FUNCTION_BOUND,,NONE,1.44,REQUIRED_SCHEDULE_EDGE_AUDITED,"Scheduled four islands after first introduction; destination story is load-balanced. This is a curriculum spacing rule, not a universal optimal interval claim."
REC-A1-002149,SEQ-A1-000703,SENSE,SENSE-A1-000184,deporte,LEX-A1-000181,SENSE-A1-000184,,LOCAL_REUSE,A1-M06-I02-S1,A1-M06-I02-S3,A1-M06-I02,A1-M06-I02,CORE_OR_STRUCTURAL_ROUTE,REEXPOSURE_OR_RETRIEVAL,CONTEXTUAL_OR_FUNCTION_BOUND,,NONE,1.44,REQUIRED_SCHEDULE_EDGE_AUDITED,
REC-A1-002150,SEQ-A1-000703,SENSE,SENSE-A1-000184,deporte,LEX-A1-000181,SENSE-A1-000184,,NEAR_TRANSFER,A1-M06-I02-S3,A1-M06-I03-S2,A1-M06-I02,A1-M06-I03,CORE_OR_STRUCTURAL_ROUTE,TRANSFER_IN_CHANGED_CONTEXT,CONTEXTUAL_OR_FUNCTION_BOUND,,NONE,1.44,REQUIRED_SCHEDULE_EDGE_AUDITED,
REC-A1-002151,SEQ-A1-000703,SENSE,SENSE-A1-000184,deporte,LEX-A1-000181,SENSE-A1-000184,,DISTANT_RETURN,A1-M06-I03-S2,A1-M07-I02-S2,A1-M06-I03,A1-M07-I02,CORE_OR_STRUCTURAL_ROUTE,DELAYED_RETRIEVAL_OR_TERMINAL_INTEGRATION,CONTEXTUAL_OR_FUNCTION_BOUND,,NONE,1.44,REQUIRED_SCHEDULE_EDGE_AUDITED,"Scheduled four islands after first introduction; destination story is load-balanced. This is a curriculum spacing rule, not a universal optimal interval claim."
REC-A1-002152,SEQ-A1-000705,SENSE,SENSE-A1-000268,fútbol,LEX-A1-000263,SENSE-A1-000268,,LOCAL_REUSE,A1-M06-I02-S1,A1-M06-I02-S2,A1-M06-I02,A1-M06-I02,CORE_OR_STRUCTURAL_ROUTE,REEXPOSURE_OR_RETRIEVAL,CONTEXTUAL_OR_FUNCTION_BOUND,,NONE,1.44,REQUIRED_SCHEDULE_EDGE_AUDITED,
REC-A1-002153,SEQ-A1-000705,SENSE,SENSE-A1-000268,fútbol,LEX-A1-000263,SENSE-A1-000268,,NEAR_TRANSFER,A1-M06-I02-S2,A1-M06-I03-S3,A1-M06-I02,A1-M06-I03,CORE_OR_STRUCTURAL_ROUTE,TRANSFER_IN_CHANGED_CONTEXT,CONTEXTUAL_OR_FUNCTION_BOUND,,NONE,1.44,REQUIRED_SCHEDULE_EDGE_AUDITED,
REC-A1-002154,SEQ-A1-000705,SENSE,SENSE-A1-000268,fútbol,LEX-A1-000263,SENSE-A1-000268,,DISTANT_RETURN,A1-M06-I03-S3,A1-M07-I02-S3,A1-M06-I03,A1-M07-I02,CORE_OR_STRUCTURAL_ROUTE,DELAYED_RETRIEVAL_OR_TERMINAL_INTEGRATION,CONTEXTUAL_OR_FUNCTION_BOUND,,NONE,1.44,REQUIRED_SCHEDULE_EDGE_AUDITED,"Scheduled four islands after first introduction; destination story is load-balanced. This is a curriculum spacing rule, not a universal optimal interval claim."
REC-A1-002155,SEQ-A1-000707,SENSE,SENSE-A1-000337,libro,LEX-A1-000331,SENSE-A1-000337,,LOCAL_REUSE,A1-M06-I02-S1,A1-M06-I02-S3,A1-M06-I02,A1-M06-I02,CORE_OR_STRUCTURAL_ROUTE,REEXPOSURE_OR_RETRIEVAL,CONTEXTUAL_OR_FUNCTION_BOUND,,NONE,1.44,REQUIRED_SCHEDULE_EDGE_AUDITED,
REC-A1-002156,SEQ-A1-000707,SENSE,SENSE-A1-000337,libro,LEX-A1-000331,SENSE-A1-000337,,NEAR_TRANSFER,A1-M06-I02-S3,A1-M06-I03-S1,A1-M06-I02,A1-M06-I03,CORE_OR_STRUCTURAL_ROUTE,TRANSFER_IN_CHANGED_CONTEXT,CONTEXTUAL_OR_FUNCTION_BOUND,,NONE,1.44,REQUIRED_SCHEDULE_EDGE_AUDITED,
REC-A1-002157,SEQ-A1-000707,SENSE,SENSE-A1-000337,libro,LEX-A1-000331,SENSE-A1-000337,,DISTANT_RETURN,A1-M06-I03-S1,A1-M07-I02-S1,A1-M06-I03,A1-M07-I02,CORE_OR_STRUCTURAL_ROUTE,DELAYED_RETRIEVAL_OR_TERMINAL_INTEGRATION,CONTEXTUAL_OR_FUNCTION_BOUND,,NONE,1.44,REQUIRED_SCHEDULE_EDGE_AUDITED,"Scheduled four islands after first introduction; destination story is load-balanced. This is a curriculum spacing rule, not a universal optimal interval claim."
REC-A1-002158,SEQ-A1-000709,SENSE,SENSE-A1-000438,paseo,LEX-A1-000430,SENSE-A1-000438,,LOCAL_REUSE,A1-M06-I02-S1,A1-M06-I02-S2,A1-M06-I02,A1-M06-I02,CORE_OR_STRUCTURAL_ROUTE,REEXPOSURE_OR_RETRIEVAL,CONTEXTUAL_OR_FUNCTION_BOUND,,NONE,1.44,REQUIRED_SCHEDULE_EDGE_AUDITED,
REC-A1-002159,SEQ-A1-000709,SENSE,SENSE-A1-000438,paseo,LEX-A1-000430,SENSE-A1-000438,,NEAR_TRANSFER,A1-M06-I02-S2,A1-M06-I03-S2,A1-M06-I02,A1-M06-I03,CORE_OR_STRUCTURAL_ROUTE,TRANSFER_IN_CHANGED_CONTEXT,CONTEXTUAL_OR_FUNCTION_BOUND,,NONE,1.44,REQUIRED_SCHEDULE_EDGE_AUDITED,
REC-A1-002160,SEQ-A1-000709,SENSE,SENSE-A1-000438,paseo,LEX-A1-000430,SENSE-A1-000438,,DISTANT_RETURN,A1-M06-I03-S2,A1-M07-I02-S2,A1-M06-I03,A1-M07-I02,CORE_OR_STRUCTURAL_ROUTE,DELAYED_RETRIEVAL_OR_TERMINAL_INTEGRATION,CONTEXTUAL_OR_FUNCTION_BOUND,,NONE,1.44,REQUIRED_SCHEDULE_EDGE_AUDITED,"Scheduled four islands after first introduction; destination story is load-balanced. This is a curriculum spacing rule, not a universal optimal interval claim."
REC-A1-002161,SEQ-A1-000711,SENSE,SENSE-A1-000550,teatro,LEX-A1-000541,SENSE-A1-000550,,LOCAL_REUSE,A1-M06-I02-S1,A1-M06-I02-S3,A1-M06-I02,A1-M06-I02,CORE_OR_STRUCTURAL_ROUTE,REEXPOSURE_OR_RETRIEVAL,CONTEXTUAL_OR_FUNCTION_BOUND,,NONE,1.44,REQUIRED_SCHEDULE_EDGE_AUDITED,
REC-A1-002162,SEQ-A1-000711,SENSE,SENSE-A1-000550,teatro,LEX-A1-000541,SENSE-A1-000550,,NEAR_TRANSFER,A1-M06-I02-S3,A1-M06-I03-S3,A1-M06-I02,A1-M06-I03,CORE_OR_STRUCTURAL_ROUTE,TRANSFER_IN_CHANGED_CONTEXT,CONTEXTUAL_OR_FUNCTION_BOUND,,NONE,1.44,REQUIRED_SCHEDULE_EDGE_AUDITED,
REC-A1-002163,SEQ-A1-000711,SENSE,SENSE-A1-000550,teatro,LEX-A1-000541,SENSE-A1-000550,,DISTANT_RETURN,A1-M06-I03-S3,A1-M07-I02-S3,A1-M06-I03,A1-M07-I02,CORE_OR_STRUCTURAL_ROUTE,DELAYED_RETRIEVAL_OR_TERMINAL_INTEGRATION,CONTEXTUAL_OR_FUNCTION_BOUND,,NONE,1.44,REQUIRED_SCHEDULE_EDGE_AUDITED,"Scheduled four islands after first introduction; destination story is load-balanced. This is a curriculum spacing rule, not a universal optimal interval claim."
REC-A1-002164,SEQ-A1-000714,MWU_SOURCE_UNIT,12B1-MWU-0038,escuchar la radio,,,12B1-MWU-0038,LOCAL_REUSE,A1-M06-I02-S2,A1-M06-I02-S3,A1-M06-I02,A1-M06-I02,CORE_OR_STRUCTURAL_ROUTE,REEXPOSURE_OR_RETRIEVAL,AS_OBJECT_POLICY_REQUIRES,,NONE,1.44,REQUIRED_SCHEDULE_EDGE_AUDITED,
REC-A1-002165,SEQ-A1-000714,MWU_SOURCE_UNIT,12B1-MWU-0038,escuchar la radio,,,12B1-MWU-0038,NEAR_TRANSFER,A1-M06-I02-S3,A1-M06-I03-S1,A1-M06-I02,A1-M06-I03,CORE_OR_STRUCTURAL_ROUTE,TRANSFER_IN_CHANGED_CONTEXT,AS_OBJECT_POLICY_REQUIRES,,NONE,1.44,REQUIRED_SCHEDULE_EDGE_AUDITED,
REC-A1-002166,SEQ-A1-000714,MWU_SOURCE_UNIT,12B1-MWU-0038,escuchar la radio,,,12B1-MWU-0038,DISTANT_RETURN,A1-M06-I03-S1,A1-M07-I02-S1,A1-M06-I03,A1-M07-I02,CORE_OR_STRUCTURAL_ROUTE,DELAYED_RETRIEVAL_OR_TERMINAL_INTEGRATION,AS_OBJECT_POLICY_REQUIRES,,NONE,1.44,REQUIRED_SCHEDULE_EDGE_AUDITED,"Scheduled four islands after first introduction; destination story is load-balanced. This is a curriculum spacing rule, not a universal optimal interval claim."
REC-A1-002167,SEQ-A1-000716,MWU_SOURCE_UNIT,12B1-MWU-0040,escuchar una canción,,,12B1-MWU-0040,LOCAL_REUSE,A1-M06-I02-S2,A1-M06-I02-S3,A1-M06-I02,A1-M06-I02,CORE_OR_STRUCTURAL_ROUTE,REEXPOSURE_OR_RETRIEVAL,AS_OBJECT_POLICY_REQUIRES,,NONE,1.44,REQUIRED_SCHEDULE_EDGE_AUDITED,
REC-A1-002168,SEQ-A1-000716,MWU_SOURCE_UNIT,12B1-MWU-0040,escuchar una canción,,,12B1-MWU-0040,NEAR_TRANSFER,A1-M06-I02-S3,A1-M06-I03-S2,A1-M06-I02,A1-M06-I03,CORE_OR_STRUCTURAL_ROUTE,TRANSFER_IN_CHANGED_CONTEXT,AS_OBJECT_POLICY_REQUIRES,,NONE,1.44,REQUIRED_SCHEDULE_EDGE_AUDITED,
REC-A1-002169,SEQ-A1-000716,MWU_SOURCE_UNIT,12B1-MWU-0040,escuchar una canción,,,12B1-MWU-0040,DISTANT_RETURN,A1-M06-I03-S2,A1-M07-I02-S2,A1-M06-I03,A1-M07-I02,CORE_OR_STRUCTURAL_ROUTE,DELAYED_RETRIEVAL_OR_TERMINAL_INTEGRATION,AS_OBJECT_POLICY_REQUIRES,,NONE,1.44,REQUIRED_SCHEDULE_EDGE_AUDITED,"Scheduled four islands after first introduction; destination story is load-balanced. This is a curriculum spacing rule, not a universal optimal interval claim."
REC-A1-002170,SEQ-A1-000718,MWU_SOURCE_UNIT,12B1-MWU-0042,hacer ejercicio,,,12B1-MWU-0042,LOCAL_REUSE,A1-M06-I02-S2,A1-M06-I02-S3,A1-M06-I02,A1-M06-I02,CORE_OR_STRUCTURAL_ROUTE,REEXPOSURE_OR_RETRIEVAL,AS_OBJECT_POLICY_REQUIRES,,NONE,1.44,REQUIRED_SCHEDULE_EDGE_AUDITED,
REC-A1-002171,SEQ-A1-000718,MWU_SOURCE_UNIT,12B1-MWU-0042,hacer ejercicio,,,12B1-MWU-0042,NEAR_TRANSFER,A1-M06-I02-S3,A1-M06-I03-S3,A1-M06-I02,A1-M06-I03,CORE_OR_STRUCTURAL_ROUTE,TRANSFER_IN_CHANGED_CONTEXT,AS_OBJECT_POLICY_REQUIRES,,NONE,1.44,REQUIRED_SCHEDULE_EDGE_AUDITED,
REC-A1-002172,SEQ-A1-000718,MWU_SOURCE_UNIT,12B1-MWU-0042,hacer ejercicio,,,12B1-MWU-0042,DISTANT_RETURN,A1-M06-I03-S3,A1-M07-I02-S3,A1-M06-I03,A1-M07-I02,CORE_OR_STRUCTURAL_ROUTE,DELAYED_RETRIEVAL_OR_TERMINAL_INTEGRATION,AS_OBJECT_POLICY_REQUIRES,,NONE,1.44,REQUIRED_SCHEDULE_EDGE_AUDITED,"Scheduled four islands after first introduction; destination story is load-balanced. This is a curriculum spacing rule, not a universal optimal interval claim."
REC-A1-002173,SEQ-A1-000720,MWU_SOURCE_UNIT,12B1-MWU-0054,jugar al baloncesto,,,12B1-MWU-0054,LOCAL_REUSE,A1-M06-I02-S2,A1-M06-I02-S3,A1-M06-I02,A1-M06-I02,CORE_OR_STRUCTURAL_ROUTE,REEXPOSURE_OR_RETRIEVAL,AS_OBJECT_POLICY_REQUIRES,,NONE,1.44,REQUIRED_SCHEDULE_EDGE_AUDITED,
REC-A1-002174,SEQ-A1-000720,MWU_SOURCE_UNIT,12B1-MWU-0054,jugar al baloncesto,,,12B1-MWU-0054,NEAR_TRANSFER,A1-M06-I02-S3,A1-M06-I03-S1,A1-M06-I02,A1-M06-I03,CORE_OR_STRUCTURAL_ROUTE,TRANSFER_IN_CHANGED_CONTEXT,AS_OBJECT_POLICY_REQUIRES,,NONE,1.44,REQUIRED_SCHEDULE_EDGE_AUDITED,
REC-A1-002175,SEQ-A1-000720,MWU_SOURCE_UNIT,12B1-MWU-0054,jugar al baloncesto,,,12B1-MWU-0054,DISTANT_RETURN,A1-M06-I03-S1,A1-M07-I02-S1,A1-M06-I03,A1-M07-I02,CORE_OR_STRUCTURAL_ROUTE,DELAYED_RETRIEVAL_OR_TERMINAL_INTEGRATION,AS_OBJECT_POLICY_REQUIRES,,NONE,1.44,REQUIRED_SCHEDULE_EDGE_AUDITED,"Scheduled four islands after first introduction; destination story is load-balanced. This is a curriculum spacing rule, not a universal optimal interval claim."
REC-A1-002176,SEQ-A1-000722,MWU_SOURCE_UNIT,12B1-MWU-0056,jugar al tenis,,,12B1-MWU-0056,LOCAL_REUSE,A1-M06-I02-S2,A1-M06-I02-S3,A1-M06-I02,A1-M06-I02,CORE_OR_STRUCTURAL_ROUTE,REEXPOSURE_OR_RETRIEVAL,AS_OBJECT_POLICY_REQUIRES,,NONE,1.44,REQUIRED_SCHEDULE_EDGE_AUDITED,
REC-A1-002177,SEQ-A1-000722,MWU_SOURCE_UNIT,12B1-MWU-0056,jugar al tenis,,,12B1-MWU-0056,NEAR_TRANSFER,A1-M06-I02-S3,A1-M06-I03-S2,A1-M06-I02,A1-M06-I03,CORE_OR_STRUCTURAL_ROUTE,TRANSFER_IN_CHANGED_CONTEXT,AS_OBJECT_POLICY_REQUIRES,,NONE,1.44,REQUIRED_SCHEDULE_EDGE_AUDITED,
REC-A1-002178,SEQ-A1-000722,MWU_SOURCE_UNIT,12B1-MWU-0056,jugar al tenis,,,12B1-MWU-0056,DISTANT_RETURN,A1-M06-I03-S2,A1-M07-I02-S2,A1-M06-I03,A1-M07-I02,CORE_OR_STRUCTURAL_ROUTE,DELAYED_RETRIEVAL_OR_TERMINAL_INTEGRATION,AS_OBJECT_POLICY_REQUIRES,,NONE,1.44,REQUIRED_SCHEDULE_EDGE_AUDITED,"Scheduled four islands after first introduction; destination story is load-balanced. This is a curriculum spacing rule, not a universal optimal interval claim."
REC-A1-002179,SEQ-A1-000724,MWU_SOURCE_UNIT,12B1-MWU-0058,leer un libro,,,12B1-MWU-0058,LOCAL_REUSE,A1-M06-I02-S2,A1-M06-I02-S3,A1-M06-I02,A1-M06-I02,CORE_OR_STRUCTURAL_ROUTE,REEXPOSURE_OR_RETRIEVAL,AS_OBJECT_POLICY_REQUIRES,,NONE,1.44,REQUIRED_SCHEDULE_EDGE_AUDITED,
REC-A1-002180,SEQ-A1-000724,MWU_SOURCE_UNIT,12B1-MWU-0058,leer un libro,,,12B1-MWU-0058,NEAR_TRANSFER,A1-M06-I02-S3,A1-M06-I03-S3,A1-M06-I02,A1-M06-I03,CORE_OR_STRUCTURAL_ROUTE,TRANSFER_IN_CHANGED_CONTEXT,AS_OBJECT_POLICY_REQUIRES,,NONE,1.44,REQUIRED_SCHEDULE_EDGE_AUDITED,
REC-A1-002181,SEQ-A1-000724,MWU_SOURCE_UNIT,12B1-MWU-0058,leer un libro,,,12B1-MWU-0058,DISTANT_RETURN,A1-M06-I03-S3,A1-M07-I02-S3,A1-M06-I03,A1-M07-I02,CORE_OR_STRUCTURAL_ROUTE,DELAYED_RETRIEVAL_OR_TERMINAL_INTEGRATION,AS_OBJECT_POLICY_REQUIRES,,NONE,1.44,REQUIRED_SCHEDULE_EDGE_AUDITED,"Scheduled four islands after first introduction; destination story is load-balanced. This is a curriculum spacing rule, not a universal optimal interval claim."
REC-A1-002182,SEQ-A1-000725,MWU_SOURCE_UNIT,12B1-MWU-0059,leer una revista,,,12B1-MWU-0059,LOCAL_REUSE,A1-M06-I02-S2,A1-M06-I02-S3,A1-M06-I02,A1-M06-I02,CORE_OR_STRUCTURAL_ROUTE,REEXPOSURE_OR_RETRIEVAL,AS_OBJECT_POLICY_REQUIRES,,NONE,1.44,REQUIRED_SCHEDULE_EDGE_AUDITED,
REC-A1-002183,SEQ-A1-000725,MWU_SOURCE_UNIT,12B1-MWU-0059,leer una revista,,,12B1-MWU-0059,NEAR_TRANSFER,A1-M06-I02-S3,A1-M06-I03-S1,A1-M06-I02,A1-M06-I03,CORE_OR_STRUCTURAL_ROUTE,TRANSFER_IN_CHANGED_CONTEXT,AS_OBJECT_POLICY_REQUIRES,,NONE,1.44,REQUIRED_SCHEDULE_EDGE_AUDITED,
REC-A1-002184,SEQ-A1-000725,MWU_SOURCE_UNIT,12B1-MWU-0059,leer una revista,,,12B1-MWU-0059,DISTANT_RETURN,A1-M06-I03-S1,A1-M07-I02-S1,A1-M06-I03,A1-M07-I02,CORE_OR_STRUCTURAL_ROUTE,DELAYED_RETRIEVAL_OR_TERMINAL_INTEGRATION,AS_OBJECT_POLICY_REQUIRES,,NONE,1.44,REQUIRED_SCHEDULE_EDGE_AUDITED,"Scheduled four islands after first introduction; destination story is load-balanced. This is a curriculum spacing rule, not a universal optimal interval claim."
REC-A1-002185,SEQ-A1-000727,MWU_SOURCE_UNIT,12B1-MWU-0063,ver una película,,,12B1-MWU-0063,LOCAL_REUSE,A1-M06-I02-S2,A1-M06-I02-S3,A1-M06-I02,A1-M06-I02,CORE_OR_STRUCTURAL_ROUTE,REEXPOSURE_OR_RETRIEVAL,AS_OBJECT_POLICY_REQUIRES,,NONE,1.44,REQUIRED_SCHEDULE_EDGE_AUDITED,
REC-A1-002186,SEQ-A1-000727,MWU_SOURCE_UNIT,12B1-MWU-0063,ver una película,,,12B1-MWU-0063,NEAR_TRANSFER,A1-M06-I02-S3,A1-M06-I03-S2,A1-M06-I02,A1-M06-I03,CORE_OR_STRUCTURAL_ROUTE,TRANSFER_IN_CHANGED_CONTEXT,AS_OBJECT_POLICY_REQUIRES,,NONE,1.44,REQUIRED_SCHEDULE_EDGE_AUDITED,
REC-A1-002187,SEQ-A1-000727,MWU_SOURCE_UNIT,12B1-MWU-0063,ver una película,,,12B1-MWU-0063,DISTANT_RETURN,A1-M06-I03-S2,A1-M07-I02-S2,A1-M06-I03,A1-M07-I02,CORE_OR_STRUCTURAL_ROUTE,DELAYED_RETRIEVAL_OR_TERMINAL_INTEGRATION,AS_OBJECT_POLICY_REQUIRES,,NONE,1.44,REQUIRED_SCHEDULE_EDGE_AUDITED,"Scheduled four islands after first introduction; destination story is load-balanced. This is a curriculum spacing rule, not a universal optimal interval claim."
REC-A1-002188,SEQ-A1-000698,SENSE,SENSE-A1-000059,bailar,LEX-A1-000059,SENSE-A1-000059,,LOCAL_REUSE,A1-M06-I02-S2,A1-M06-I02-S3,A1-M06-I02,A1-M06-I02,CORE_OR_STRUCTURAL_ROUTE,REEXPOSURE_OR_RETRIEVAL,CONTEXTUAL_OR_FUNCTION_BOUND,,NONE,1.44,REQUIRED_SCHEDULE_EDGE_AUDITED,
REC-A1-002189,SEQ-A1-000698,SENSE,SENSE-A1-000059,bailar,LEX-A1-000059,SENSE-A1-000059,,NEAR_TRANSFER,A1-M06-I02-S3,A1-M06-I03-S3,A1-M06-I02,A1-M06-I03,CORE_OR_STRUCTURAL_ROUTE,TRANSFER_IN_CHANGED_CONTEXT,CONTEXTUAL_OR_FUNCTION_BOUND,,NONE,1.44,REQUIRED_SCHEDULE_EDGE_AUDITED,
REC-A1-002190,SEQ-A1-000698,SENSE,SENSE-A1-000059,bailar,LEX-A1-000059,SENSE-A1-000059,,DISTANT_RETURN,A1-M06-I03-S3,A1-M07-I02-S3,A1-M06-I03,A1-M07-I02,CORE_OR_STRUCTURAL_ROUTE,DELAYED_RETRIEVAL_OR_TERMINAL_INTEGRATION,CONTEXTUAL_OR_FUNCTION_BOUND,,NONE,1.44,REQUIRED_SCHEDULE_EDGE_AUDITED,"Scheduled four islands after first introduction; destination story is load-balanced. This is a curriculum spacing rule, not a universal optimal interval claim."
REC-A1-002191,SEQ-A1-000700,SENSE,SENSE-A1-000104,cantante,LEX-A1-000102,SENSE-A1-000104,,LOCAL_REUSE,A1-M06-I02-S2,A1-M06-I02-S3,A1-M06-I02,A1-M06-I02,CORE_OR_STRUCTURAL_ROUTE,REEXPOSURE_OR_RETRIEVAL,CONTEXTUAL_OR_FUNCTION_BOUND,,NONE,1.44,REQUIRED_SCHEDULE_EDGE_AUDITED,
REC-A1-002192,SEQ-A1-000700,SENSE,SENSE-A1-000104,cantante,LEX-A1-000102,SENSE-A1-000104,,NEAR_TRANSFER,A1-M06-I02-S3,A1-M06-I03-S1,A1-M06-I02,A1-M06-I03,CORE_OR_STRUCTURAL_ROUTE,TRANSFER_IN_CHANGED_CONTEXT,CONTEXTUAL_OR_FUNCTION_BOUND,,NONE,1.44,REQUIRED_SCHEDULE_EDGE_AUDITED,
REC-A1-002193,SEQ-A1-000700,SENSE,SENSE-A1-000104,cantante,LEX-A1-000102,SENSE-A1-000104,,DISTANT_RETURN,A1-M06-I03-S1,A1-M07-I02-S1,A1-M06-I03,A1-M07-I02,CORE_OR_STRUCTURAL_ROUTE,DELAYED_RETRIEVAL_OR_TERMINAL_INTEGRATION,CONTEXTUAL_OR_FUNCTION_BOUND,,NONE,1.44,REQUIRED_SCHEDULE_EDGE_AUDITED,"Scheduled four islands after first introduction; destination story is load-balanced. This is a curriculum spacing rule, not a universal optimal interval claim."
REC-A1-002194,SEQ-A1-000702,SENSE,SENSE-A1-000158,concierto,LEX-A1-000156,SENSE-A1-000158,,LOCAL_REUSE,A1-M06-I02-S2,A1-M06-I02-S3,A1-M06-I02,A1-M06-I02,CORE_OR_STRUCTURAL_ROUTE,REEXPOSURE_OR_RETRIEVAL,CONTEXTUAL_OR_FUNCTION_BOUND,,NONE,1.44,REQUIRED_SCHEDULE_EDGE_AUDITED,
REC-A1-002195,SEQ-A1-000702,SENSE,SENSE-A1-000158,concierto,LEX-A1-000156,SENSE-A1-000158,,NEAR_TRANSFER,A1-M06-I02-S3,A1-M06-I03-S2,A1-M06-I02,A1-M06-I03,CORE_OR_STRUCTURAL_ROUTE,TRANSFER_IN_CHANGED_CONTEXT,CONTEXTUAL_OR_FUNCTION_BOUND,,NONE,1.44,REQUIRED_SCHEDULE_EDGE_AUDITED,
REC-A1-002196,SEQ-A1-000702,SENSE,SENSE-A1-000158,concierto,LEX-A1-000156,SENSE-A1-000158,,DISTANT_RETURN,A1-M06-I03-S2,A1-M07-I02-S2,A1-M06-I03,A1-M07-I02,CORE_OR_STRUCTURAL_ROUTE,DELAYED_RETRIEVAL_OR_TERMINAL_INTEGRATION,CONTEXTUAL_OR_FUNCTION_BOUND,,NONE,1.44,REQUIRED_SCHEDULE_EDGE_AUDITED,"Scheduled four islands after first introduction; destination story is load-balanced. This is a curriculum spacing rule, not a universal optimal interval claim."
REC-A1-002197,SEQ-A1-000704,SENSE,SENSE-A1-000233,esquiar,LEX-A1-000229,SENSE-A1-000233,,LOCAL_REUSE,A1-M06-I02-S2,A1-M06-I02-S3,A1-M06-I02,A1-M06-I02,CORE_OR_STRUCTURAL_ROUTE,REEXPOSURE_OR_RETRIEVAL,CONTEXTUAL_OR_FUNCTION_BOUND,,NONE,1.44,REQUIRED_SCHEDULE_EDGE_AUDITED,
REC-A1-002198,SEQ-A1-000704,SENSE,SENSE-A1-000233,esquiar,LEX-A1-000229,SENSE-A1-000233,,NEAR_TRANSFER,A1-M06-I02-S3,A1-M06-I03-S3,A1-M06-I02,A1-M06-I03,CORE_OR_STRUCTURAL_ROUTE,TRANSFER_IN_CHANGED_CONTEXT,CONTEXTUAL_OR_FUNCTION_BOUND,,NONE,1.44,REQUIRED_SCHEDULE_EDGE_AUDITED,
REC-A1-002199,SEQ-A1-000704,SENSE,SENSE-A1-000233,esquiar,LEX-A1-000229,SENSE-A1-000233,,DISTANT_RETURN,A1-M06-I03-S3,A1-M07-I02-S3,A1-M06-I03,A1-M07-I02,CORE_OR_STRUCTURAL_ROUTE,DELAYED_RETRIEVAL_OR_TERMINAL_INTEGRATION,CONTEXTUAL_OR_FUNCTION_BOUND,,NONE,1.44,REQUIRED_SCHEDULE_EDGE_AUDITED,"Scheduled four islands after first introduction; destination story is load-balanced. This is a curriculum spacing rule, not a universal optimal interval claim."
REC-A1-002200,SEQ-A1-000706,SENSE,SENSE-A1-000324,juego,LEX-A1-000318,SENSE-A1-000324,,LOCAL_REUSE,A1-M06-I02-S2,A1-M06-I02-S3,A1-M06-I02,A1-M06-I02,CORE_OR_STRUCTURAL_ROUTE,REEXPOSURE_OR_RETRIEVAL,CONTEXTUAL_OR_FUNCTION_BOUND,,NONE,1.44,REQUIRED_SCHEDULE_EDGE_AUDITED,
REC-A1-002201,SEQ-A1-000706,SENSE,SENSE-A1-000324,juego,LEX-A1-000318,SENSE-A1-000324,,NEAR_TRANSFER,A1-M06-I02-S3,A1-M06-I03-S1,A1-M06-I02,A1-M06-I03,CORE_OR_STRUCTURAL_ROUTE,TRANSFER_IN_CHANGED_CONTEXT,CONTEXTUAL_OR_FUNCTION_BOUND,,NONE,1.44,REQUIRED_SCHEDULE_EDGE_AUDITED,
REC-A1-002202,SEQ-A1-000706,SENSE,SENSE-A1-000324,juego,LEX-A1-000318,SENSE-A1-000324,,DISTANT_RETURN,A1-M06-I03-S1,A1-M07-I02-S1,A1-M06-I03,A1-M07-I02,CORE_OR_STRUCTURAL_ROUTE,DELAYED_RETRIEVAL_OR_TERMINAL_INTEGRATION,CONTEXTUAL_OR_FUNCTION_BOUND,,NONE,1.44,REQUIRED_SCHEDULE_EDGE_AUDITED,"Scheduled four islands after first introduction; destination story is load-balanced. This is a curriculum spacing rule, not a universal optimal interval claim."
REC-A1-002203,SEQ-A1-000708,SENSE,SENSE-A1-000393,nadar,LEX-A1-000386,SENSE-A1-000393,,LOCAL_REUSE,A1-M06-I02-S2,A1-M06-I02-S3,A1-M06-I02,A1-M06-I02,CORE_OR_STRUCTURAL_ROUTE,REEXPOSURE_OR_RETRIEVAL,CONTEXTUAL_OR_FUNCTION_BOUND,,NONE,1.44,REQUIRED_SCHEDULE_EDGE_AUDITED,
REC-A1-002204,SEQ-A1-000708,SENSE,SENSE-A1-000393,nadar,LEX-A1-000386,SENSE-A1-000393,,NEAR_TRANSFER,A1-M06-I02-S3,A1-M06-I03-S2,A1-M06-I02,A1-M06-I03,CORE_OR_STRUCTURAL_ROUTE,TRANSFER_IN_CHANGED_CONTEXT,CONTEXTUAL_OR_FUNCTION_BOUND,,NONE,1.44,REQUIRED_SCHEDULE_EDGE_AUDITED,
REC-A1-002205,SEQ-A1-000708,SENSE,SENSE-A1-000393,nadar,LEX-A1-000386,SENSE-A1-000393,,DISTANT_RETURN,A1-M06-I03-S2,A1-M07-I02-S2,A1-M06-I03,A1-M07-I02,CORE_OR_STRUCTURAL_ROUTE,DELAYED_RETRIEVAL_OR_TERMINAL_INTEGRATION,CONTEXTUAL_OR_FUNCTION_BOUND,,NONE,1.44,REQUIRED_SCHEDULE_EDGE_AUDITED,"Scheduled four islands after first introduction; destination story is load-balanced. This is a curriculum spacing rule, not a universal optimal interval claim."
REC-A1-002206,SEQ-A1-000710,SENSE,SENSE-A1-000443,periódico,LEX-A1-000435,SENSE-A1-000443,,LOCAL_REUSE,A1-M06-I02-S2,A1-M06-I02-S3,A1-M06-I02,A1-M06-I02,CORE_OR_STRUCTURAL_ROUTE,REEXPOSURE_OR_RETRIEVAL,CONTEXTUAL_OR_FUNCTION_BOUND,,NONE,1.44,REQUIRED_SCHEDULE_EDGE_AUDITED,
REC-A1-002207,SEQ-A1-000710,SENSE,SENSE-A1-000443,periódico,LEX-A1-000435,SENSE-A1-000443,,NEAR_TRANSFER,A1-M06-I02-S3,A1-M06-I03-S3,A1-M06-I02,A1-M06-I03,CORE_OR_STRUCTURAL_ROUTE,TRANSFER_IN_CHANGED_CONTEXT,CONTEXTUAL_OR_FUNCTION_BOUND,,NONE,1.44,REQUIRED_SCHEDULE_EDGE_AUDITED,
REC-A1-002208,SEQ-A1-000710,SENSE,SENSE-A1-000443,periódico,LEX-A1-000435,SENSE-A1-000443,,DISTANT_RETURN,A1-M06-I03-S3,A1-M07-I02-S3,A1-M06-I03,A1-M07-I02,CORE_OR_STRUCTURAL_ROUTE,DELAYED_RETRIEVAL_OR_TERMINAL_INTEGRATION,CONTEXTUAL_OR_FUNCTION_BOUND,,NONE,1.44,REQUIRED_SCHEDULE_EDGE_AUDITED,"Scheduled four islands after first introduction; destination story is load-balanced. This is a curriculum spacing rule, not a universal optimal interval claim."
REC-A1-002209,SEQ-A1-000712,SENSE,SENSE-A1-000557,tenis,LEX-A1-000548,SENSE-A1-000557,,LOCAL_REUSE,A1-M06-I02-S2,A1-M06-I02-S3,A1-M06-I02,A1-M06-I02,CORE_OR_STRUCTURAL_ROUTE,REEXPOSURE_OR_RETRIEVAL,CONTEXTUAL_OR_FUNCTION_BOUND,,NONE,1.44,REQUIRED_SCHEDULE_EDGE_AUDITED,
REC-A1-002210,SEQ-A1-000712,SENSE,SENSE-A1-000557,tenis,LEX-A1-000548,SENSE-A1-000557,,NEAR_TRANSFER,A1-M06-I02-S3,A1-M06-I03-S1,A1-M06-I02,A1-M06-I03,CORE_OR_STRUCTURAL_ROUTE,TRANSFER_IN_CHANGED_CONTEXT,CONTEXTUAL_OR_FUNCTION_BOUND,,NONE,1.44,REQUIRED_SCHEDULE_EDGE_AUDITED,
REC-A1-002211,SEQ-A1-000712,SENSE,SENSE-A1-000557,tenis,LEX-A1-000548,SENSE-A1-000557,,DISTANT_RETURN,A1-M06-I03-S1,A1-M07-I02-S1,A1-M06-I03,A1-M07-I02,CORE_OR_STRUCTURAL_ROUTE,DELAYED_RETRIEVAL_OR_TERMINAL_INTEGRATION,CONTEXTUAL_OR_FUNCTION_BOUND,,NONE,1.44,REQUIRED_SCHEDULE_EDGE_AUDITED,"Scheduled four islands after first introduction; destination story is load-balanced. This is a curriculum spacing rule, not a universal optimal interval claim."
REC-A1-002212,SEQ-A1-000742,GRAMMAR_UNIT,GRAM-A1-156,Infinitivo en función de OD con verbos de actividad mental/volición tipo querer,,,,LOCAL_REUSE,A1-M06-I03-S1,A1-M06-I03-S2,A1-M06-I03,A1-M06-I03,CORE_OR_STRUCTURAL_ROUTE,REEXPOSURE_OR_RETRIEVAL,AS_OBJECT_POLICY_REQUIRES,,NONE,1.44,REQUIRED_SCHEDULE_EDGE_AUDITED,
REC-A1-002213,SEQ-A1-000742,GRAMMAR_UNIT,GRAM-A1-156,Infinitivo en función de OD con verbos de actividad mental/volición tipo querer,,,,NEAR_TRANSFER,A1-M06-I03-S2,A1-M06-I04-S3,A1-M06-I03,A1-M06-I04,CORE_OR_STRUCTURAL_ROUTE,TRANSFER_IN_CHANGED_CONTEXT,AS_OBJECT_POLICY_REQUIRES,,NONE,1.44,REQUIRED_SCHEDULE_EDGE_AUDITED,
REC-A1-002214,SEQ-A1-000742,GRAMMAR_UNIT,GRAM-A1-156,Infinitivo en función de OD con verbos de actividad mental/volición tipo querer,,,,DISTANT_RETURN,A1-M06-I04-S3,A1-M07-I03-S3,A1-M06-I04,A1-M07-I03,CORE_OR_STRUCTURAL_ROUTE,DELAYED_RETRIEVAL_OR_TERMINAL_INTEGRATION,AS_OBJECT_POLICY_REQUIRES,,NONE,1.44,REQUIRED_SCHEDULE_EDGE_AUDITED,"Scheduled four islands after first introduction; destination story is load-balanced. This is a curriculum spacing rule, not a universal optimal interval claim."
REC-A1-002215,SEQ-A1-000744,MWU_SOURCE_UNIT,12B1-MWU-0047,ir a un museo,,,12B1-MWU-0047,LOCAL_REUSE,A1-M06-I03-S1,A1-M06-I03-S3,A1-M06-I03,A1-M06-I03,CORE_OR_STRUCTURAL_ROUTE,REEXPOSURE_OR_RETRIEVAL,AS_OBJECT_POLICY_REQUIRES,,NONE,1.44,REQUIRED_SCHEDULE_EDGE_AUDITED,
REC-A1-002216,SEQ-A1-000744,MWU_SOURCE_UNIT,12B1-MWU-0047,ir a un museo,,,12B1-MWU-0047,NEAR_TRANSFER,A1-M06-I03-S3,A1-M06-I04-S1,A1-M06-I03,A1-M06-I04,CORE_OR_STRUCTURAL_ROUTE,TRANSFER_IN_CHANGED_CONTEXT,AS_OBJECT_POLICY_REQUIRES,,NONE,1.44,REQUIRED_SCHEDULE_EDGE_AUDITED,
REC-A1-002217,SEQ-A1-000744,MWU_SOURCE_UNIT,12B1-MWU-0047,ir a un museo,,,12B1-MWU-0047,DISTANT_RETURN,A1-M06-I04-S1,A1-M07-I03-S3,A1-M06-I04,A1-M07-I03,CORE_OR_STRUCTURAL_ROUTE,DELAYED_RETRIEVAL_OR_TERMINAL_INTEGRATION,AS_OBJECT_POLICY_REQUIRES,,NONE,1.44,REQUIRED_SCHEDULE_EDGE_AUDITED,"Scheduled four islands after first introduction; destination story is load-balanced. This is a curriculum spacing rule, not a universal optimal interval claim."
REC-A1-002218,SEQ-A1-000746,MWU_SOURCE_UNIT,12B1-MWU-0050,ir al cine,,,12B1-MWU-0050,LOCAL_REUSE,A1-M06-I03-S1,A1-M06-I03-S2,A1-M06-I03,A1-M06-I03,CORE_OR_STRUCTURAL_ROUTE,REEXPOSURE_OR_RETRIEVAL,AS_OBJECT_POLICY_REQUIRES,,NONE,1.44,REQUIRED_SCHEDULE_EDGE_AUDITED,
REC-A1-002219,SEQ-A1-000746,MWU_SOURCE_UNIT,12B1-MWU-0050,ir al cine,,,12B1-MWU-0050,NEAR_TRANSFER,A1-M06-I03-S2,A1-M06-I04-S2,A1-M06-I03,A1-M06-I04,CORE_OR_STRUCTURAL_ROUTE,TRANSFER_IN_CHANGED_CONTEXT,AS_OBJECT_POLICY_REQUIRES,,NONE,1.44,REQUIRED_SCHEDULE_EDGE_AUDITED,
REC-A1-002220,SEQ-A1-000746,MWU_SOURCE_UNIT,12B1-MWU-0050,ir al cine,,,12B1-MWU-0050,DISTANT_RETURN,A1-M06-I04-S2,A1-M07-I03-S3,A1-M06-I04,A1-M07-I03,CORE_OR_STRUCTURAL_ROUTE,DELAYED_RETRIEVAL_OR_TERMINAL_INTEGRATION,AS_OBJECT_POLICY_REQUIRES,,NONE,1.44,REQUIRED_SCHEDULE_EDGE_AUDITED,"Scheduled four islands after first introduction; destination story is load-balanced. This is a curriculum spacing rule, not a universal optimal interval claim."
REC-A1-002221,SEQ-A1-000748,MWU_SOURCE_UNIT,12B1-MWU-0052,ir al parque,,,12B1-MWU-0052,LOCAL_REUSE,A1-M06-I03-S1,A1-M06-I03-S3,A1-M06-I03,A1-M06-I03,CORE_OR_STRUCTURAL_ROUTE,REEXPOSURE_OR_RETRIEVAL,AS_OBJECT_POLICY_REQUIRES,,NONE,1.44,REQUIRED_SCHEDULE_EDGE_AUDITED,
REC-A1-002222,SEQ-A1-000748,MWU_SOURCE_UNIT,12B1-MWU-0052,ir al parque,,,12B1-MWU-0052,NEAR_TRANSFER,A1-M06-I03-S3,A1-M06-I04-S3,A1-M06-I03,A1-M06-I04,CORE_OR_STRUCTURAL_ROUTE,TRANSFER_IN_CHANGED_CONTEXT,AS_OBJECT_POLICY_REQUIRES,,NONE,1.44,REQUIRED_SCHEDULE_EDGE_AUDITED,
REC-A1-002223,SEQ-A1-000748,MWU_SOURCE_UNIT,12B1-MWU-0052,ir al parque,,,12B1-MWU-0052,DISTANT_RETURN,A1-M06-I04-S3,A1-M07-I03-S3,A1-M06-I04,A1-M07-I03,CORE_OR_STRUCTURAL_ROUTE,DELAYED_RETRIEVAL_OR_TERMINAL_INTEGRATION,AS_OBJECT_POLICY_REQUIRES,,NONE,1.44,REQUIRED_SCHEDULE_EDGE_AUDITED,"Scheduled four islands after first introduction; destination story is load-balanced. This is a curriculum spacing rule, not a universal optimal interval claim."
REC-A1-002224,SEQ-A1-000729,SENSE,SENSE-A1-000103,canción,LEX-A1-000101,SENSE-A1-000103,,LOCAL_REUSE,A1-M06-I03-S1,A1-M06-I03-S2,A1-M06-I03,A1-M06-I03,CORE_OR_STRUCTURAL_ROUTE,REEXPOSURE_OR_RETRIEVAL,CONTEXTUAL_OR_FUNCTION_BOUND,,NONE,1.44,REQUIRED_SCHEDULE_EDGE_AUDITED,
REC-A1-002225,SEQ-A1-000729,SENSE,SENSE-A1-000103,canción,LEX-A1-000101,SENSE-A1-000103,,NEAR_TRANSFER,A1-M06-I03-S2,A1-M06-I04-S1,A1-M06-I03,A1-M06-I04,CORE_OR_STRUCTURAL_ROUTE,TRANSFER_IN_CHANGED_CONTEXT,CONTEXTUAL_OR_FUNCTION_BOUND,,NONE,1.44,REQUIRED_SCHEDULE_EDGE_AUDITED,
REC-A1-002226,SEQ-A1-000729,SENSE,SENSE-A1-000103,canción,LEX-A1-000101,SENSE-A1-000103,,DISTANT_RETURN,A1-M06-I04-S1,A1-M07-I03-S3,A1-M06-I04,A1-M07-I03,CORE_OR_STRUCTURAL_ROUTE,DELAYED_RETRIEVAL_OR_TERMINAL_INTEGRATION,CONTEXTUAL_OR_FUNCTION_BOUND,,NONE,1.44,REQUIRED_SCHEDULE_EDGE_AUDITED,"Scheduled four islands after first introduction; destination story is load-balanced. This is a curriculum spacing rule, not a universal optimal interval claim."
REC-A1-002227,SEQ-A1-000731,SENSE,SENSE-A1-000137,circo,LEX-A1-000135,SENSE-A1-000137,,LOCAL_REUSE,A1-M06-I03-S1,A1-M06-I03-S3,A1-M06-I03,A1-M06-I03,CORE_OR_STRUCTURAL_ROUTE,REEXPOSURE_OR_RETRIEVAL,CONTEXTUAL_OR_FUNCTION_BOUND,,NONE,1.44,REQUIRED_SCHEDULE_EDGE_AUDITED,
REC-A1-002228,SEQ-A1-000731,SENSE,SENSE-A1-000137,circo,LEX-A1-000135,SENSE-A1-000137,,NEAR_TRANSFER,A1-M06-I03-S3,A1-M06-I04-S2,A1-M06-I03,A1-M06-I04,CORE_OR_STRUCTURAL_ROUTE,TRANSFER_IN_CHANGED_CONTEXT,CONTEXTUAL_OR_FUNCTION_BOUND,,NONE,1.44,REQUIRED_SCHEDULE_EDGE_AUDITED,
REC-A1-002229,SEQ-A1-000731,SENSE,SENSE-A1-000137,circo,LEX-A1-000135,SENSE-A1-000137,,DISTANT_RETURN,A1-M06-I04-S2,A1-M07-I03-S3,A1-M06-I04,A1-M07-I03,CORE_OR_STRUCTURAL_ROUTE,DELAYED_RETRIEVAL_OR_TERMINAL_INTEGRATION,CONTEXTUAL_OR_FUNCTION_BOUND,,NONE,1.44,REQUIRED_SCHEDULE_EDGE_AUDITED,"Scheduled four islands after first introduction; destination story is load-balanced. This is a curriculum spacing rule, not a universal optimal interval claim."
REC-A1-002230,SEQ-A1-000733,SENSE,SENSE-A1-000228,escuchar,LEX-A1-000224,SENSE-A1-000228,,LOCAL_REUSE,A1-M06-I03-S1,A1-M06-I03-S2,A1-M06-I03,A1-M06-I03,CORE_OR_STRUCTURAL_ROUTE,REEXPOSURE_OR_RETRIEVAL,CONTEXTUAL_OR_FUNCTION_BOUND,,NONE,1.44,REQUIRED_SCHEDULE_EDGE_AUDITED,
REC-A1-002231,SEQ-A1-000733,SENSE,SENSE-A1-000228,escuchar,LEX-A1-000224,SENSE-A1-000228,,NEAR_TRANSFER,A1-M06-I03-S2,A1-M06-I04-S3,A1-M06-I03,A1-M06-I04,CORE_OR_STRUCTURAL_ROUTE,TRANSFER_IN_CHANGED_CONTEXT,CONTEXTUAL_OR_FUNCTION_BOUND,,NONE,1.44,REQUIRED_SCHEDULE_EDGE_AUDITED,
REC-A1-002232,SEQ-A1-000733,SENSE,SENSE-A1-000228,escuchar,LEX-A1-000224,SENSE-A1-000228,,DISTANT_RETURN,A1-M06-I04-S3,A1-M07-I03-S3,A1-M06-I04,A1-M07-I03,CORE_OR_STRUCTURAL_ROUTE,DELAYED_RETRIEVAL_OR_TERMINAL_INTEGRATION,CONTEXTUAL_OR_FUNCTION_BOUND,,NONE,1.44,REQUIRED_SCHEDULE_EDGE_AUDITED,"Scheduled four islands after first introduction; destination story is load-balanced. This is a curriculum spacing rule, not a universal optimal interval claim."
REC-A1-002233,SEQ-A1-000735,SENSE,SENSE-A1-000325,jugar,LEX-A1-000319,SENSE-A1-000325,,LOCAL_REUSE,A1-M06-I03-S1,A1-M06-I03-S3,A1-M06-I03,A1-M06-I03,CORE_OR_STRUCTURAL_ROUTE,REEXPOSURE_OR_RETRIEVAL,CONTEXTUAL_OR_FUNCTION_BOUND,,NONE,1.44,REQUIRED_SCHEDULE_EDGE_AUDITED,
REC-A1-002234,SEQ-A1-000735,SENSE,SENSE-A1-000325,jugar,LEX-A1-000319,SENSE-A1-000325,,NEAR_TRANSFER,A1-M06-I03-S3,A1-M06-I04-S1,A1-M06-I03,A1-M06-I04,CORE_OR_STRUCTURAL_ROUTE,TRANSFER_IN_CHANGED_CONTEXT,CONTEXTUAL_OR_FUNCTION_BOUND,,NONE,1.44,REQUIRED_SCHEDULE_EDGE_AUDITED,
REC-A1-002235,SEQ-A1-000735,SENSE,SENSE-A1-000325,jugar,LEX-A1-000319,SENSE-A1-000325,,DISTANT_RETURN,A1-M06-I04-S1,A1-M07-I03-S3,A1-M06-I04,A1-M07-I03,CORE_OR_STRUCTURAL_ROUTE,DELAYED_RETRIEVAL_OR_TERMINAL_INTEGRATION,CONTEXTUAL_OR_FUNCTION_BOUND,,NONE,1.44,REQUIRED_SCHEDULE_EDGE_AUDITED,"Scheduled four islands after first introduction; destination story is load-balanced. This is a curriculum spacing rule, not a universal optimal interval claim."
REC-A1-002236,SEQ-A1-000737,SENSE,SENSE-A1-000435,parque,LEX-A1-000427,SENSE-A1-000435,,LOCAL_REUSE,A1-M06-I03-S1,A1-M06-I03-S2,A1-M06-I03,A1-M06-I03,CORE_OR_STRUCTURAL_ROUTE,REEXPOSURE_OR_RETRIEVAL,CONTEXTUAL_OR_FUNCTION_BOUND,,NONE,1.44,REQUIRED_SCHEDULE_EDGE_AUDITED,
REC-A1-002237,SEQ-A1-000737,SENSE,SENSE-A1-000435,parque,LEX-A1-000427,SENSE-A1-000435,,NEAR_TRANSFER,A1-M06-I03-S2,A1-M06-I04-S2,A1-M06-I03,A1-M06-I04,CORE_OR_STRUCTURAL_ROUTE,TRANSFER_IN_CHANGED_CONTEXT,CONTEXTUAL_OR_FUNCTION_BOUND,,NONE,1.44,REQUIRED_SCHEDULE_EDGE_AUDITED,
REC-A1-002238,SEQ-A1-000737,SENSE,SENSE-A1-000435,parque,LEX-A1-000427,SENSE-A1-000435,,DISTANT_RETURN,A1-M06-I04-S2,A1-M07-I03-S3,A1-M06-I04,A1-M07-I03,CORE_OR_STRUCTURAL_ROUTE,DELAYED_RETRIEVAL_OR_TERMINAL_INTEGRATION,CONTEXTUAL_OR_FUNCTION_BOUND,,NONE,1.44,REQUIRED_SCHEDULE_EDGE_AUDITED,"Scheduled four islands after first introduction; destination story is load-balanced. This is a curriculum spacing rule, not a universal optimal interval claim."
REC-A1-002239,SEQ-A1-000739,SENSE,SENSE-A1-000492,radio,LEX-A1-000483,SENSE-A1-000492,,LOCAL_REUSE,A1-M06-I03-S1,A1-M06-I03-S3,A1-M06-I03,A1-M06-I03,CORE_OR_STRUCTURAL_ROUTE,REEXPOSURE_OR_RETRIEVAL,CONTEXTUAL_OR_FUNCTION_BOUND,,NONE,1.44,REQUIRED_SCHEDULE_EDGE_AUDITED,
REC-A1-002240,SEQ-A1-000739,SENSE,SENSE-A1-000492,radio,LEX-A1-000483,SENSE-A1-000492,,NEAR_TRANSFER,A1-M06-I03-S3,A1-M06-I04-S3,A1-M06-I03,A1-M06-I04,CORE_OR_STRUCTURAL_ROUTE,TRANSFER_IN_CHANGED_CONTEXT,CONTEXTUAL_OR_FUNCTION_BOUND,,NONE,1.44,REQUIRED_SCHEDULE_EDGE_AUDITED,
REC-A1-002241,SEQ-A1-000739,SENSE,SENSE-A1-000492,radio,LEX-A1-000483,SENSE-A1-000492,,DISTANT_RETURN,A1-M06-I04-S3,A1-M07-I03-S3,A1-M06-I04,A1-M07-I03,CORE_OR_STRUCTURAL_ROUTE,DELAYED_RETRIEVAL_OR_TERMINAL_INTEGRATION,CONTEXTUAL_OR_FUNCTION_BOUND,,NONE,1.44,REQUIRED_SCHEDULE_EDGE_AUDITED,"Scheduled four islands after first introduction; destination story is load-balanced. This is a curriculum spacing rule, not a universal optimal interval claim."
REC-A1-002242,SEQ-A1-000741,SENSE,SENSE-A1-000586,ver,LEX-A1-000577,SENSE-A1-000586,,LOCAL_REUSE,A1-M06-I03-S1,A1-M06-I03-S2,A1-M06-I03,A1-M06-I03,CORE_OR_STRUCTURAL_ROUTE,REEXPOSURE_OR_RETRIEVAL,CONTEXTUAL_OR_FUNCTION_BOUND,,NONE,1.44,REQUIRED_SCHEDULE_EDGE_AUDITED,
REC-A1-002243,SEQ-A1-000741,SENSE,SENSE-A1-000586,ver,LEX-A1-000577,SENSE-A1-000586,,NEAR_TRANSFER,A1-M06-I03-S2,A1-M06-I04-S1,A1-M06-I03,A1-M06-I04,CORE_OR_STRUCTURAL_ROUTE,TRANSFER_IN_CHANGED_CONTEXT,CONTEXTUAL_OR_FUNCTION_BOUND,,NONE,1.44,REQUIRED_SCHEDULE_EDGE_AUDITED,
REC-A1-002244,SEQ-A1-000741,SENSE,SENSE-A1-000586,ver,LEX-A1-000577,SENSE-A1-000586,,DISTANT_RETURN,A1-M06-I04-S1,A1-M07-I03-S3,A1-M06-I04,A1-M07-I03,CORE_OR_STRUCTURAL_ROUTE,DELAYED_RETRIEVAL_OR_TERMINAL_INTEGRATION,CONTEXTUAL_OR_FUNCTION_BOUND,,NONE,1.44,REQUIRED_SCHEDULE_EDGE_AUDITED,"Scheduled four islands after first introduction; destination story is load-balanced. This is a curriculum spacing rule, not a universal optimal interval claim."
REC-A1-002245,SEQ-A1-000743,MWU_SOURCE_UNIT,12B1-MWU-0046,ir a un concierto,,,12B1-MWU-0046,LOCAL_REUSE,A1-M06-I03-S2,A1-M06-I03-S3,A1-M06-I03,A1-M06-I03,CORE_OR_STRUCTURAL_ROUTE,REEXPOSURE_OR_RETRIEVAL,AS_OBJECT_POLICY_REQUIRES,,NONE,1.44,REQUIRED_SCHEDULE_EDGE_AUDITED,
REC-A1-002246,SEQ-A1-000743,MWU_SOURCE_UNIT,12B1-MWU-0046,ir a un concierto,,,12B1-MWU-0046,NEAR_TRANSFER,A1-M06-I03-S3,A1-M06-I04-S2,A1-M06-I03,A1-M06-I04,CORE_OR_STRUCTURAL_ROUTE,TRANSFER_IN_CHANGED_CONTEXT,AS_OBJECT_POLICY_REQUIRES,,NONE,1.44,REQUIRED_SCHEDULE_EDGE_AUDITED,
REC-A1-002247,SEQ-A1-000743,MWU_SOURCE_UNIT,12B1-MWU-0046,ir a un concierto,,,12B1-MWU-0046,DISTANT_RETURN,A1-M06-I04-S2,A1-M07-I03-S3,A1-M06-I04,A1-M07-I03,CORE_OR_STRUCTURAL_ROUTE,DELAYED_RETRIEVAL_OR_TERMINAL_INTEGRATION,AS_OBJECT_POLICY_REQUIRES,,NONE,1.44,REQUIRED_SCHEDULE_EDGE_AUDITED,"Scheduled four islands after first introduction; destination story is load-balanced. This is a curriculum spacing rule, not a universal optimal interval claim."
REC-A1-002248,SEQ-A1-000745,MWU_SOURCE_UNIT,12B1-MWU-0049,ir a una discoteca,,,12B1-MWU-0049,LOCAL_REUSE,A1-M06-I03-S2,A1-M06-I03-S3,A1-M06-I03,A1-M06-I03,CORE_OR_STRUCTURAL_ROUTE,REEXPOSURE_OR_RETRIEVAL,AS_OBJECT_POLICY_REQUIRES,,NONE,1.44,REQUIRED_SCHEDULE_EDGE_AUDITED,
REC-A1-002249,SEQ-A1-000745,MWU_SOURCE_UNIT,12B1-MWU-0049,ir a una discoteca,,,12B1-MWU-0049,NEAR_TRANSFER,A1-M06-I03-S3,A1-M06-I04-S3,A1-M06-I03,A1-M06-I04,CORE_OR_STRUCTURAL_ROUTE,TRANSFER_IN_CHANGED_CONTEXT,AS_OBJECT_POLICY_REQUIRES,,NONE,1.44,REQUIRED_SCHEDULE_EDGE_AUDITED,
REC-A1-002250,SEQ-A1-000745,MWU_SOURCE_UNIT,12B1-MWU-0049,ir a una discoteca,,,12B1-MWU-0049,DISTANT_RETURN,A1-M06-I04-S3,A1-M07-I03-S2,A1-M06-I04,A1-M07-I03,CORE_OR_STRUCTURAL_ROUTE,DELAYED_RETRIEVAL_OR_TERMINAL_INTEGRATION,AS_OBJECT_POLICY_REQUIRES,,NONE,1.44,REQUIRED_SCHEDULE_EDGE_AUDITED,"Scheduled four islands after first introduction; destination story is load-balanced. This is a curriculum spacing rule, not a universal optimal interval claim."
REC-A1-002251,SEQ-A1-000747,MWU_SOURCE_UNIT,12B1-MWU-0051,ir al circo,,,12B1-MWU-0051,LOCAL_REUSE,A1-M06-I03-S2,A1-M06-I03-S3,A1-M06-I03,A1-M06-I03,CORE_OR_STRUCTURAL_ROUTE,REEXPOSURE_OR_RETRIEVAL,AS_OBJECT_POLICY_REQUIRES,,NONE,1.44,REQUIRED_SCHEDULE_EDGE_AUDITED,
REC-A1-002252,SEQ-A1-000747,MWU_SOURCE_UNIT,12B1-MWU-0051,ir al circo,,,12B1-MWU-0051,NEAR_TRANSFER,A1-M06-I03-S3,A1-M06-I04-S1,A1-M06-I03,A1-M06-I04,CORE_OR_STRUCTURAL_ROUTE,TRANSFER_IN_CHANGED_CONTEXT,AS_OBJECT_POLICY_REQUIRES,,NONE,1.44,REQUIRED_SCHEDULE_EDGE_AUDITED,
REC-A1-002253,SEQ-A1-000747,MWU_SOURCE_UNIT,12B1-MWU-0051,ir al circo,,,12B1-MWU-0051,DISTANT_RETURN,A1-M06-I04-S1,A1-M07-I03-S3,A1-M06-I04,A1-M07-I03,CORE_OR_STRUCTURAL_ROUTE,DELAYED_RETRIEVAL_OR_TERMINAL_INTEGRATION,AS_OBJECT_POLICY_REQUIRES,,NONE,1.44,REQUIRED_SCHEDULE_EDGE_AUDITED,"Scheduled four islands after first introduction; destination story is load-balanced. This is a curriculum spacing rule, not a universal optimal interval claim."
REC-A1-002254,SEQ-A1-000749,MWU_SOURCE_UNIT,12B1-MWU-0053,ir al teatro,,,12B1-MWU-0053,LOCAL_REUSE,A1-M06-I03-S2,A1-M06-I03-S3,A1-M06-I03,A1-M06-I03,CORE_OR_STRUCTURAL_ROUTE,REEXPOSURE_OR_RETRIEVAL,AS_OBJECT_POLICY_REQUIRES,,NONE,1.44,REQUIRED_SCHEDULE_EDGE_AUDITED,
REC-A1-002255,SEQ-A1-000749,MWU_SOURCE_UNIT,12B1-MWU-0053,ir al teatro,,,12B1-MWU-0053,NEAR_TRANSFER,A1-M06-I03-S3,A1-M06-I04-S2,A1-M06-I03,A1-M06-I04,CORE_OR_STRUCTURAL_ROUTE,TRANSFER_IN_CHANGED_CONTEXT,AS_OBJECT_POLICY_REQUIRES,,NONE,1.44,REQUIRED_SCHEDULE_EDGE_AUDITED,
REC-A1-002256,SEQ-A1-000749,MWU_SOURCE_UNIT,12B1-MWU-0053,ir al teatro,,,12B1-MWU-0053,DISTANT_RETURN,A1-M06-I04-S2,A1-M07-I03-S1,A1-M06-I04,A1-M07-I03,CORE_OR_STRUCTURAL_ROUTE,DELAYED_RETRIEVAL_OR_TERMINAL_INTEGRATION,AS_OBJECT_POLICY_REQUIRES,,NONE,1.44,REQUIRED_SCHEDULE_EDGE_AUDITED,"Scheduled four islands after first introduction; destination story is load-balanced. This is a curriculum spacing rule, not a universal optimal interval claim."
REC-A1-002257,SEQ-A1-000730,SENSE,SENSE-A1-000105,cantar,LEX-A1-000103,SENSE-A1-000105,,LOCAL_REUSE,A1-M06-I03-S2,A1-M06-I03-S3,A1-M06-I03,A1-M06-I03,CORE_OR_STRUCTURAL_ROUTE,REEXPOSURE_OR_RETRIEVAL,CONTEXTUAL_OR_FUNCTION_BOUND,,NONE,1.44,REQUIRED_SCHEDULE_EDGE_AUDITED,
REC-A1-002258,SEQ-A1-000730,SENSE,SENSE-A1-000105,cantar,LEX-A1-000103,SENSE-A1-000105,,NEAR_TRANSFER,A1-M06-I03-S3,A1-M06-I04-S3,A1-M06-I03,A1-M06-I04,CORE_OR_STRUCTURAL_ROUTE,TRANSFER_IN_CHANGED_CONTEXT,CONTEXTUAL_OR_FUNCTION_BOUND,,NONE,1.44,REQUIRED_SCHEDULE_EDGE_AUDITED,
REC-A1-002259,SEQ-A1-000730,SENSE,SENSE-A1-000105,cantar,LEX-A1-000103,SENSE-A1-000105,,DISTANT_RETURN,A1-M06-I04-S3,A1-M07-I03-S2,A1-M06-I04,A1-M07-I03,CORE_OR_STRUCTURAL_ROUTE,DELAYED_RETRIEVAL_OR_TERMINAL_INTEGRATION,CONTEXTUAL_OR_FUNCTION_BOUND,,NONE,1.44,REQUIRED_SCHEDULE_EDGE_AUDITED,"Scheduled four islands after first introduction; destination story is load-balanced. This is a curriculum spacing rule, not a universal optimal interval claim."
REC-A1-002260,SEQ-A1-000732,SENSE,SENSE-A1-000164,correr,LEX-A1-000162,SENSE-A1-000164,,LOCAL_REUSE,A1-M06-I03-S2,A1-M06-I03-S3,A1-M06-I03,A1-M06-I03,CORE_OR_STRUCTURAL_ROUTE,REEXPOSURE_OR_RETRIEVAL,CONTEXTUAL_OR_FUNCTION_BOUND,,NONE,1.44,REQUIRED_SCHEDULE_EDGE_AUDITED,
REC-A1-002261,SEQ-A1-000732,SENSE,SENSE-A1-000164,correr,LEX-A1-000162,SENSE-A1-000164,,NEAR_TRANSFER,A1-M06-I03-S3,A1-M06-I04-S1,A1-M06-I03,A1-M06-I04,CORE_OR_STRUCTURAL_ROUTE,TRANSFER_IN_CHANGED_CONTEXT,CONTEXTUAL_OR_FUNCTION_BOUND,,NONE,1.44,REQUIRED_SCHEDULE_EDGE_AUDITED,
REC-A1-002262,SEQ-A1-000732,SENSE,SENSE-A1-000164,correr,LEX-A1-000162,SENSE-A1-000164,,DISTANT_RETURN,A1-M06-I04-S1,A1-M07-I03-S3,A1-M06-I04,A1-M07-I03,CORE_OR_STRUCTURAL_ROUTE,DELAYED_RETRIEVAL_OR_TERMINAL_INTEGRATION,CONTEXTUAL_OR_FUNCTION_BOUND,,NONE,1.44,REQUIRED_SCHEDULE_EDGE_AUDITED,"Scheduled four islands after first introduction; destination story is load-balanced. This is a curriculum spacing rule, not a universal optimal interval claim."
REC-A1-002263,SEQ-A1-000734,SENSE,SENSE-A1-000272,gimnasia,LEX-A1-000267,SENSE-A1-000272,,LOCAL_REUSE,A1-M06-I03-S2,A1-M06-I03-S3,A1-M06-I03,A1-M06-I03,CORE_OR_STRUCTURAL_ROUTE,REEXPOSURE_OR_RETRIEVAL,CONTEXTUAL_OR_FUNCTION_BOUND,,NONE,1.44,REQUIRED_SCHEDULE_EDGE_AUDITED,
REC-A1-002264,SEQ-A1-000734,SENSE,SENSE-A1-000272,gimnasia,LEX-A1-000267,SENSE-A1-000272,,NEAR_TRANSFER,A1-M06-I03-S3,A1-M06-I04-S2,A1-M06-I03,A1-M06-I04,CORE_OR_STRUCTURAL_ROUTE,TRANSFER_IN_CHANGED_CONTEXT,CONTEXTUAL_OR_FUNCTION_BOUND,,NONE,1.44,REQUIRED_SCHEDULE_EDGE_AUDITED,
REC-A1-002265,SEQ-A1-000734,SENSE,SENSE-A1-000272,gimnasia,LEX-A1-000267,SENSE-A1-000272,,DISTANT_RETURN,A1-M06-I04-S2,A1-M07-I03-S1,A1-M06-I04,A1-M07-I03,CORE_OR_STRUCTURAL_ROUTE,DELAYED_RETRIEVAL_OR_TERMINAL_INTEGRATION,CONTEXTUAL_OR_FUNCTION_BOUND,,NONE,1.44,REQUIRED_SCHEDULE_EDGE_AUDITED,"Scheduled four islands after first introduction; destination story is load-balanced. This is a curriculum spacing rule, not a universal optimal interval claim."
REC-A1-002266,SEQ-A1-000736,SENSE,SENSE-A1-000388,música,LEX-A1-000381,SENSE-A1-000388,,LOCAL_REUSE,A1-M06-I03-S2,A1-M06-I03-S3,A1-M06-I03,A1-M06-I03,CORE_OR_STRUCTURAL_ROUTE,REEXPOSURE_OR_RETRIEVAL,CONTEXTUAL_OR_FUNCTION_BOUND,,NONE,1.44,REQUIRED_SCHEDULE_EDGE_AUDITED,
REC-A1-002267,SEQ-A1-000736,SENSE,SENSE-A1-000388,música,LEX-A1-000381,SENSE-A1-000388,,NEAR_TRANSFER,A1-M06-I03-S3,A1-M06-I04-S3,A1-M06-I03,A1-M06-I04,CORE_OR_STRUCTURAL_ROUTE,TRANSFER_IN_CHANGED_CONTEXT,CONTEXTUAL_OR_FUNCTION_BOUND,,NONE,1.44,REQUIRED_SCHEDULE_EDGE_AUDITED,
REC-A1-002268,SEQ-A1-000736,SENSE,SENSE-A1-000388,música,LEX-A1-000381,SENSE-A1-000388,,DISTANT_RETURN,A1-M06-I04-S3,A1-M07-I03-S2,A1-M06-I04,A1-M07-I03,CORE_OR_STRUCTURAL_ROUTE,DELAYED_RETRIEVAL_OR_TERMINAL_INTEGRATION,CONTEXTUAL_OR_FUNCTION_BOUND,,NONE,1.44,REQUIRED_SCHEDULE_EDGE_AUDITED,"Scheduled four islands after first introduction; destination story is load-balanced. This is a curriculum spacing rule, not a universal optimal interval claim."
REC-A1-002269,SEQ-A1-000738,SENSE,SENSE-A1-000439,película,LEX-A1-000431,SENSE-A1-000439,,LOCAL_REUSE,A1-M06-I03-S2,A1-M06-I03-S3,A1-M06-I03,A1-M06-I03,CORE_OR_STRUCTURAL_ROUTE,REEXPOSURE_OR_RETRIEVAL,CONTEXTUAL_OR_FUNCTION_BOUND,,NONE,1.44,REQUIRED_SCHEDULE_EDGE_AUDITED,
REC-A1-002270,SEQ-A1-000738,SENSE,SENSE-A1-000439,película,LEX-A1-000431,SENSE-A1-000439,,NEAR_TRANSFER,A1-M06-I03-S3,A1-M06-I04-S1,A1-M06-I03,A1-M06-I04,CORE_OR_STRUCTURAL_ROUTE,TRANSFER_IN_CHANGED_CONTEXT,CONTEXTUAL_OR_FUNCTION_BOUND,,NONE,1.44,REQUIRED_SCHEDULE_EDGE_AUDITED,
REC-A1-002271,SEQ-A1-000738,SENSE,SENSE-A1-000439,película,LEX-A1-000431,SENSE-A1-000439,,DISTANT_RETURN,A1-M06-I04-S1,A1-M07-I03-S3,A1-M06-I04,A1-M07-I03,CORE_OR_STRUCTURAL_ROUTE,DELAYED_RETRIEVAL_OR_TERMINAL_INTEGRATION,CONTEXTUAL_OR_FUNCTION_BOUND,,NONE,1.44,REQUIRED_SCHEDULE_EDGE_AUDITED,"Scheduled four islands after first introduction; destination story is load-balanced. This is a curriculum spacing rule, not a universal optimal interval claim."
REC-A1-002272,SEQ-A1-000740,SENSE,SENSE-A1-000554,televisión,LEX-A1-000545,SENSE-A1-000554,,LOCAL_REUSE,A1-M06-I03-S2,A1-M06-I03-S3,A1-M06-I03,A1-M06-I03,CORE_OR_STRUCTURAL_ROUTE,REEXPOSURE_OR_RETRIEVAL,CONTEXTUAL_OR_FUNCTION_BOUND,,NONE,1.44,REQUIRED_SCHEDULE_EDGE_AUDITED,
REC-A1-002273,SEQ-A1-000740,SENSE,SENSE-A1-000554,televisión,LEX-A1-000545,SENSE-A1-000554,,NEAR_TRANSFER,A1-M06-I03-S3,A1-M06-I04-S2,A1-M06-I03,A1-M06-I04,CORE_OR_STRUCTURAL_ROUTE,TRANSFER_IN_CHANGED_CONTEXT,CONTEXTUAL_OR_FUNCTION_BOUND,,NONE,1.44,REQUIRED_SCHEDULE_EDGE_AUDITED,
REC-A1-002274,SEQ-A1-000740,SENSE,SENSE-A1-000554,televisión,LEX-A1-000545,SENSE-A1-000554,,DISTANT_RETURN,A1-M06-I04-S2,A1-M07-I03-S1,A1-M06-I04,A1-M07-I03,CORE_OR_STRUCTURAL_ROUTE,DELAYED_RETRIEVAL_OR_TERMINAL_INTEGRATION,CONTEXTUAL_OR_FUNCTION_BOUND,,NONE,1.44,REQUIRED_SCHEDULE_EDGE_AUDITED,"Scheduled four islands after first introduction; destination story is load-balanced. This is a curriculum spacing rule, not a universal optimal interval claim."
REC-A1-002275,SEQ-A1-000762,GRAMMAR_UNIT,GRAM-A1-075,Nosotros inclusivo vs. no inclusivo como interpretación referencial,,,,LOCAL_REUSE,A1-M06-I04-S1,A1-M06-I04-S3,A1-M06-I04,A1-M06-I04,CORE_OR_STRUCTURAL_ROUTE,REEXPOSURE_OR_RETRIEVAL,AS_OBJECT_POLICY_REQUIRES,,NONE,1.44,REQUIRED_SCHEDULE_EDGE_AUDITED,
REC-A1-002276,SEQ-A1-000762,GRAMMAR_UNIT,GRAM-A1-075,Nosotros inclusivo vs. no inclusivo como interpretación referencial,,,,NEAR_TRANSFER,A1-M06-I04-S3,A1-M07-I01-S1,A1-M06-I04,A1-M07-I01,CORE_OR_STRUCTURAL_ROUTE,TRANSFER_IN_CHANGED_CONTEXT,AS_OBJECT_POLICY_REQUIRES,,NONE,1.44,REQUIRED_SCHEDULE_EDGE_AUDITED,
REC-A1-002277,SEQ-A1-000762,GRAMMAR_UNIT,GRAM-A1-075,Nosotros inclusivo vs. no inclusivo como interpretación referencial,,,,DISTANT_RETURN,A1-M07-I01-S1,A1-M07-I04-S3,A1-M07-I01,A1-M07-I04,CORE_OR_STRUCTURAL_ROUTE,DELAYED_RETRIEVAL_OR_TERMINAL_INTEGRATION,AS_OBJECT_POLICY_REQUIRES,,NONE,1.44,REQUIRED_SCHEDULE_EDGE_AUDITED,"Scheduled four islands after first introduction; destination story is load-balanced. This is a curriculum spacing rule, not a universal optimal interval claim."
REC-A1-002278,SEQ-A1-000763,MWU_SOURCE_UNIT,12B1-MWU-0191,¿y tú?,,,12B1-MWU-0191,LOCAL_REUSE,A1-M06-I04-S1,A1-M06-I04-S2,A1-M06-I04,A1-M06-I04,CORE_OR_STRUCTURAL_ROUTE,REEXPOSURE_OR_RETRIEVAL,AS_OBJECT_POLICY_REQUIRES,,NONE,1.44,REQUIRED_SCHEDULE_EDGE_AUDITED,
REC-A1-002279,SEQ-A1-000763,MWU_SOURCE_UNIT,12B1-MWU-0191,¿y tú?,,,12B1-MWU-0191,NEAR_TRANSFER,A1-M06-I04-S2,A1-M07-I01-S2,A1-M06-I04,A1-M07-I01,CORE_OR_STRUCTURAL_ROUTE,TRANSFER_IN_CHANGED_CONTEXT,AS_OBJECT_POLICY_REQUIRES,,NONE,1.44,REQUIRED_SCHEDULE_EDGE_AUDITED,
REC-A1-002280,SEQ-A1-000763,MWU_SOURCE_UNIT,12B1-MWU-0191,¿y tú?,,,12B1-MWU-0191,DISTANT_RETURN,A1-M07-I01-S2,A1-M07-I04-S3,A1-M07-I01,A1-M07-I04,CORE_OR_STRUCTURAL_ROUTE,DELAYED_RETRIEVAL_OR_TERMINAL_INTEGRATION,AS_OBJECT_POLICY_REQUIRES,,NONE,1.44,REQUIRED_SCHEDULE_EDGE_AUDITED,"Scheduled four islands after first introduction; destination story is load-balanced. This is a curriculum spacing rule, not a universal optimal interval claim."
REC-A1-002281,SEQ-A1-000751,SENSE,SENSE-A1-000197,discoteca,LEX-A1-000193,SENSE-A1-000197,,LOCAL_REUSE,A1-M06-I04-S1,A1-M06-I04-S3,A1-M06-I04,A1-M06-I04,CORE_OR_STRUCTURAL_ROUTE,REEXPOSURE_OR_RETRIEVAL,CONTEXTUAL_OR_FUNCTION_BOUND,,NONE,1.44,REQUIRED_SCHEDULE_EDGE_AUDITED,
REC-A1-002282,SEQ-A1-000751,SENSE,SENSE-A1-000197,discoteca,LEX-A1-000193,SENSE-A1-000197,,NEAR_TRANSFER,A1-M06-I04-S3,A1-M07-I01-S3,A1-M06-I04,A1-M07-I01,CORE_OR_STRUCTURAL_ROUTE,TRANSFER_IN_CHANGED_CONTEXT,CONTEXTUAL_OR_FUNCTION_BOUND,,NONE,1.44,REQUIRED_SCHEDULE_EDGE_AUDITED,
REC-A1-002283,SEQ-A1-000751,SENSE,SENSE-A1-000197,discoteca,LEX-A1-000193,SENSE-A1-000197,,DISTANT_RETURN,A1-M07-I01-S3,A1-M07-I04-S3,A1-M07-I01,A1-M07-I04,CORE_OR_STRUCTURAL_ROUTE,DELAYED_RETRIEVAL_OR_TERMINAL_INTEGRATION,CONTEXTUAL_OR_FUNCTION_BOUND,,NONE,1.44,REQUIRED_SCHEDULE_EDGE_AUDITED,"Scheduled four islands after first introduction; destination story is load-balanced. This is a curriculum spacing rule, not a universal optimal interval claim."
REC-A1-002284,SEQ-A1-000753,SENSE,SENSE-A1-000256,felicidades,LEX-A1-000252,SENSE-A1-000256,,LOCAL_REUSE,A1-M06-I04-S1,A1-M06-I04-S2,A1-M06-I04,A1-M06-I04,CORE_OR_STRUCTURAL_ROUTE,REEXPOSURE_OR_RETRIEVAL,CONTEXTUAL_OR_FUNCTION_BOUND,,NONE,1.44,REQUIRED_SCHEDULE_EDGE_AUDITED,
REC-A1-002285,SEQ-A1-000753,SENSE,SENSE-A1-000256,felicidades,LEX-A1-000252,SENSE-A1-000256,,NEAR_TRANSFER,A1-M06-I04-S2,A1-M07-I01-S1,A1-M06-I04,A1-M07-I01,CORE_OR_STRUCTURAL_ROUTE,TRANSFER_IN_CHANGED_CONTEXT,CONTEXTUAL_OR_FUNCTION_BOUND,,NONE,1.44,REQUIRED_SCHEDULE_EDGE_AUDITED,
REC-A1-002286,SEQ-A1-000753,SENSE,SENSE-A1-000256,felicidades,LEX-A1-000252,SENSE-A1-000256,,DISTANT_RETURN,A1-M07-I01-S1,A1-M07-I04-S3,A1-M07-I01,A1-M07-I04,CORE_OR_STRUCTURAL_ROUTE,DELAYED_RETRIEVAL_OR_TERMINAL_INTEGRATION,CONTEXTUAL_OR_FUNCTION_BOUND,,NONE,1.44,REQUIRED_SCHEDULE_EDGE_AUDITED,"Scheduled four islands after first introduction; destination story is load-balanced. This is a curriculum spacing rule, not a universal optimal interval claim."
REC-A1-002287,SEQ-A1-000755,SENSE,SENSE-A1-000313,ir,LEX-A1-000307,SENSE-A1-000313,,LOCAL_REUSE,A1-M06-I04-S1,A1-M06-I04-S3,A1-M06-I04,A1-M06-I04,CORE_OR_STRUCTURAL_ROUTE,REEXPOSURE_OR_RETRIEVAL,CONTEXTUAL_OR_FUNCTION_BOUND,,NONE,1.44,REQUIRED_SCHEDULE_EDGE_AUDITED,
REC-A1-002288,SEQ-A1-000755,SENSE,SENSE-A1-000313,ir,LEX-A1-000307,SENSE-A1-000313,,NEAR_TRANSFER,A1-M06-I04-S3,A1-M07-I01-S2,A1-M06-I04,A1-M07-I01,CORE_OR_STRUCTURAL_ROUTE,TRANSFER_IN_CHANGED_CONTEXT,CONTEXTUAL_OR_FUNCTION_BOUND,,NONE,1.44,REQUIRED_SCHEDULE_EDGE_AUDITED,
REC-A1-002289,SEQ-A1-000755,SENSE,SENSE-A1-000313,ir,LEX-A1-000307,SENSE-A1-000313,,DISTANT_RETURN,A1-M07-I01-S2,A1-M07-I04-S3,A1-M07-I01,A1-M07-I04,CORE_OR_STRUCTURAL_ROUTE,DELAYED_RETRIEVAL_OR_TERMINAL_INTEGRATION,CONTEXTUAL_OR_FUNCTION_BOUND,,NONE,1.44,REQUIRED_SCHEDULE_EDGE_AUDITED,"Scheduled four islands after first introduction; destination story is load-balanced. This is a curriculum spacing rule, not a universal optimal interval claim."
REC-A1-002290,SEQ-A1-000757,SENSE,SENSE-A1-000408,novio,LEX-A1-000401,SENSE-A1-000408,,LOCAL_REUSE,A1-M06-I04-S1,A1-M06-I04-S2,A1-M06-I04,A1-M06-I04,CORE_OR_STRUCTURAL_ROUTE,REEXPOSURE_OR_RETRIEVAL,CONTEXTUAL_OR_FUNCTION_BOUND,,NONE,1.44,REQUIRED_SCHEDULE_EDGE_AUDITED,
REC-A1-002291,SEQ-A1-000757,SENSE,SENSE-A1-000408,novio,LEX-A1-000401,SENSE-A1-000408,,NEAR_TRANSFER,A1-M06-I04-S2,A1-M07-I01-S3,A1-M06-I04,A1-M07-I01,CORE_OR_STRUCTURAL_ROUTE,TRANSFER_IN_CHANGED_CONTEXT,CONTEXTUAL_OR_FUNCTION_BOUND,,NONE,1.44,REQUIRED_SCHEDULE_EDGE_AUDITED,
REC-A1-002292,SEQ-A1-000757,SENSE,SENSE-A1-000408,novio,LEX-A1-000401,SENSE-A1-000408,,DISTANT_RETURN,A1-M07-I01-S3,A1-M07-I04-S3,A1-M07-I01,A1-M07-I04,CORE_OR_STRUCTURAL_ROUTE,DELAYED_RETRIEVAL_OR_TERMINAL_INTEGRATION,CONTEXTUAL_OR_FUNCTION_BOUND,,NONE,1.44,REQUIRED_SCHEDULE_EDGE_AUDITED,"Scheduled four islands after first introduction; destination story is load-balanced. This is a curriculum spacing rule, not a universal optimal interval claim."
REC-A1-002293,SEQ-A1-000759,SENSE,SENSE-A1-000486,querer,LEX-A1-000477,SENSE-A1-000486,,LOCAL_REUSE,A1-M06-I04-S1,A1-M06-I04-S3,A1-M06-I04,A1-M06-I04,CORE_OR_STRUCTURAL_ROUTE,REEXPOSURE_OR_RETRIEVAL,CONTEXTUAL_OR_FUNCTION_BOUND,,NONE,1.44,REQUIRED_SCHEDULE_EDGE_AUDITED,
REC-A1-002294,SEQ-A1-000759,SENSE,SENSE-A1-000486,querer,LEX-A1-000477,SENSE-A1-000486,,NEAR_TRANSFER,A1-M06-I04-S3,A1-M07-I01-S1,A1-M06-I04,A1-M07-I01,CORE_OR_STRUCTURAL_ROUTE,TRANSFER_IN_CHANGED_CONTEXT,CONTEXTUAL_OR_FUNCTION_BOUND,,NONE,1.44,REQUIRED_SCHEDULE_EDGE_AUDITED,
REC-A1-002295,SEQ-A1-000759,SENSE,SENSE-A1-000486,querer,LEX-A1-000477,SENSE-A1-000486,,DISTANT_RETURN,A1-M07-I01-S1,A1-M07-I04-S3,A1-M07-I01,A1-M07-I04,CORE_OR_STRUCTURAL_ROUTE,DELAYED_RETRIEVAL_OR_TERMINAL_INTEGRATION,CONTEXTUAL_OR_FUNCTION_BOUND,,NONE,1.44,REQUIRED_SCHEDULE_EDGE_AUDITED,"Scheduled four islands after first introduction; destination story is load-balanced. This is a curriculum spacing rule, not a universal optimal interval claim."
REC-A1-002296,SEQ-A1-000761,SENSE,SENSE-A1-000584,venir,LEX-A1-000575,SENSE-A1-000584,,LOCAL_REUSE,A1-M06-I04-S1,A1-M06-I04-S2,A1-M06-I04,A1-M06-I04,CORE_OR_STRUCTURAL_ROUTE,REEXPOSURE_OR_RETRIEVAL,CONTEXTUAL_OR_FUNCTION_BOUND,,NONE,1.44,REQUIRED_SCHEDULE_EDGE_AUDITED,
REC-A1-002297,SEQ-A1-000761,SENSE,SENSE-A1-000584,venir,LEX-A1-000575,SENSE-A1-000584,,NEAR_TRANSFER,A1-M06-I04-S2,A1-M07-I01-S2,A1-M06-I04,A1-M07-I01,CORE_OR_STRUCTURAL_ROUTE,TRANSFER_IN_CHANGED_CONTEXT,CONTEXTUAL_OR_FUNCTION_BOUND,,NONE,1.44,REQUIRED_SCHEDULE_EDGE_AUDITED,
REC-A1-002298,SEQ-A1-000761,SENSE,SENSE-A1-000584,venir,LEX-A1-000575,SENSE-A1-000584,,DISTANT_RETURN,A1-M07-I01-S2,A1-M07-I04-S3,A1-M07-I01,A1-M07-I04,CORE_OR_STRUCTURAL_ROUTE,DELAYED_RETRIEVAL_OR_TERMINAL_INTEGRATION,CONTEXTUAL_OR_FUNCTION_BOUND,,NONE,1.44,REQUIRED_SCHEDULE_EDGE_AUDITED,"Scheduled four islands after first introduction; destination story is load-balanced. This is a curriculum spacing rule, not a universal optimal interval claim."
REC-A1-002299,SEQ-A1-000764,MWU_SOURCE_UNIT,12B1-MWU-0204,"sí, sí",,,12B1-MWU-0204,LOCAL_REUSE,A1-M06-I04-S2,A1-M06-I04-S3,A1-M06-I04,A1-M06-I04,CORE_OR_STRUCTURAL_ROUTE,REEXPOSURE_OR_RETRIEVAL,AS_OBJECT_POLICY_REQUIRES,,NONE,1.44,REQUIRED_SCHEDULE_EDGE_AUDITED,
REC-A1-002300,SEQ-A1-000764,MWU_SOURCE_UNIT,12B1-MWU-0204,"sí, sí",,,12B1-MWU-0204,NEAR_TRANSFER,A1-M06-I04-S3,A1-M07-I01-S3,A1-M06-I04,A1-M07-I01,CORE_OR_STRUCTURAL_ROUTE,TRANSFER_IN_CHANGED_CONTEXT,AS_OBJECT_POLICY_REQUIRES,,NONE,1.44,REQUIRED_SCHEDULE_EDGE_AUDITED,
REC-A1-002301,SEQ-A1-000764,MWU_SOURCE_UNIT,12B1-MWU-0204,"sí, sí",,,12B1-MWU-0204,DISTANT_RETURN,A1-M07-I01-S3,A1-M07-I04-S3,A1-M07-I01,A1-M07-I04,CORE_OR_STRUCTURAL_ROUTE,DELAYED_RETRIEVAL_OR_TERMINAL_INTEGRATION,AS_OBJECT_POLICY_REQUIRES,,NONE,1.44,REQUIRED_SCHEDULE_EDGE_AUDITED,"Scheduled four islands after first introduction; destination story is load-balanced. This is a curriculum spacing rule, not a universal optimal interval claim."
REC-A1-002302,SEQ-A1-000750,SENSE,SENSE-A1-000037,amigo,LEX-A1-000037,SENSE-A1-000037,,LOCAL_REUSE,A1-M06-I04-S2,A1-M06-I04-S3,A1-M06-I04,A1-M06-I04,CORE_OR_STRUCTURAL_ROUTE,REEXPOSURE_OR_RETRIEVAL,CONTEXTUAL_OR_FUNCTION_BOUND,,NONE,1.44,REQUIRED_SCHEDULE_EDGE_AUDITED,
REC-A1-002303,SEQ-A1-000750,SENSE,SENSE-A1-000037,amigo,LEX-A1-000037,SENSE-A1-000037,,NEAR_TRANSFER,A1-M06-I04-S3,A1-M07-I01-S1,A1-M06-I04,A1-M07-I01,CORE_OR_STRUCTURAL_ROUTE,TRANSFER_IN_CHANGED_CONTEXT,CONTEXTUAL_OR_FUNCTION_BOUND,,NONE,1.44,REQUIRED_SCHEDULE_EDGE_AUDITED,
REC-A1-002304,SEQ-A1-000750,SENSE,SENSE-A1-000037,amigo,LEX-A1-000037,SENSE-A1-000037,,DISTANT_RETURN,A1-M07-I01-S1,A1-M07-I04-S1,A1-M07-I01,A1-M07-I04,CORE_OR_STRUCTURAL_ROUTE,DELAYED_RETRIEVAL_OR_TERMINAL_INTEGRATION,CONTEXTUAL_OR_FUNCTION_BOUND,,NONE,1.44,REQUIRED_SCHEDULE_EDGE_AUDITED,"Scheduled four islands after first introduction; destination story is load-balanced. This is a curriculum spacing rule, not a universal optimal interval claim."
REC-A1-002305,SEQ-A1-000752,SENSE,SENSE-A1-000246,exposición,LEX-A1-000242,SENSE-A1-000246,,LOCAL_REUSE,A1-M06-I04-S2,A1-M06-I04-S3,A1-M06-I04,A1-M06-I04,CORE_OR_STRUCTURAL_ROUTE,REEXPOSURE_OR_RETRIEVAL,CONTEXTUAL_OR_FUNCTION_BOUND,,NONE,1.44,REQUIRED_SCHEDULE_EDGE_AUDITED,
REC-A1-002306,SEQ-A1-000752,SENSE,SENSE-A1-000246,exposición,LEX-A1-000242,SENSE-A1-000246,,NEAR_TRANSFER,A1-M06-I04-S3,A1-M07-I01-S2,A1-M06-I04,A1-M07-I01,CORE_OR_STRUCTURAL_ROUTE,TRANSFER_IN_CHANGED_CONTEXT,CONTEXTUAL_OR_FUNCTION_BOUND,,NONE,1.44,REQUIRED_SCHEDULE_EDGE_AUDITED,
REC-A1-002307,SEQ-A1-000752,SENSE,SENSE-A1-000246,exposición,LEX-A1-000242,SENSE-A1-000246,,DISTANT_RETURN,A1-M07-I01-S2,A1-M07-I04-S2,A1-M07-I01,A1-M07-I04,CORE_OR_STRUCTURAL_ROUTE,DELAYED_RETRIEVAL_OR_TERMINAL_INTEGRATION,CONTEXTUAL_OR_FUNCTION_BOUND,,NONE,1.44,REQUIRED_SCHEDULE_EDGE_AUDITED,"Scheduled four islands after first introduction; destination story is load-balanced. This is a curriculum spacing rule, not a universal optimal interval claim."
REC-A1-002308,SEQ-A1-000754,SENSE,SENSE-A1-000258,fiesta,LEX-A1-000254,SENSE-A1-000258,,LOCAL_REUSE,A1-M06-I04-S2,A1-M06-I04-S3,A1-M06-I04,A1-M06-I04,CORE_OR_STRUCTURAL_ROUTE,REEXPOSURE_OR_RETRIEVAL,CONTEXTUAL_OR_FUNCTION_BOUND,,NONE,1.44,REQUIRED_SCHEDULE_EDGE_AUDITED,
REC-A1-002309,SEQ-A1-000754,SENSE,SENSE-A1-000258,fiesta,LEX-A1-000254,SENSE-A1-000258,,NEAR_TRANSFER,A1-M06-I04-S3,A1-M07-I01-S3,A1-M06-I04,A1-M07-I01,CORE_OR_STRUCTURAL_ROUTE,TRANSFER_IN_CHANGED_CONTEXT,CONTEXTUAL_OR_FUNCTION_BOUND,,NONE,1.44,REQUIRED_SCHEDULE_EDGE_AUDITED,
REC-A1-002310,SEQ-A1-000754,SENSE,SENSE-A1-000258,fiesta,LEX-A1-000254,SENSE-A1-000258,,DISTANT_RETURN,A1-M07-I01-S3,A1-M07-I04-S3,A1-M07-I01,A1-M07-I04,CORE_OR_STRUCTURAL_ROUTE,DELAYED_RETRIEVAL_OR_TERMINAL_INTEGRATION,CONTEXTUAL_OR_FUNCTION_BOUND,,NONE,1.44,REQUIRED_SCHEDULE_EDGE_AUDITED,"Scheduled four islands after first introduction; destination story is load-balanced. This is a curriculum spacing rule, not a universal optimal interval claim."
REC-A1-002311,SEQ-A1-000756,SENSE,SENSE-A1-000387,museo,LEX-A1-000380,SENSE-A1-000387,,LOCAL_REUSE,A1-M06-I04-S2,A1-M06-I04-S3,A1-M06-I04,A1-M06-I04,CORE_OR_STRUCTURAL_ROUTE,REEXPOSURE_OR_RETRIEVAL,CONTEXTUAL_OR_FUNCTION_BOUND,,NONE,1.44,REQUIRED_SCHEDULE_EDGE_AUDITED,
REC-A1-002312,SEQ-A1-000756,SENSE,SENSE-A1-000387,museo,LEX-A1-000380,SENSE-A1-000387,,NEAR_TRANSFER,A1-M06-I04-S3,A1-M07-I01-S1,A1-M06-I04,A1-M07-I01,CORE_OR_STRUCTURAL_ROUTE,TRANSFER_IN_CHANGED_CONTEXT,CONTEXTUAL_OR_FUNCTION_BOUND,,NONE,1.44,REQUIRED_SCHEDULE_EDGE_AUDITED,
REC-A1-002313,SEQ-A1-000756,SENSE,SENSE-A1-000387,museo,LEX-A1-000380,SENSE-A1-000387,,DISTANT_RETURN,A1-M07-I01-S1,A1-M07-I04-S1,A1-M07-I01,A1-M07-I04,CORE_OR_STRUCTURAL_ROUTE,DELAYED_RETRIEVAL_OR_TERMINAL_INTEGRATION,CONTEXTUAL_OR_FUNCTION_BOUND,,NONE,1.44,REQUIRED_SCHEDULE_EDGE_AUDITED,"Scheduled four islands after first introduction; destination story is load-balanced. This is a curriculum spacing rule, not a universal optimal interval claim."
REC-A1-002314,SEQ-A1-000758,SENSE,SENSE-A1-000434,pareja,LEX-A1-000426,SENSE-A1-000434,,LOCAL_REUSE,A1-M06-I04-S2,A1-M06-I04-S3,A1-M06-I04,A1-M06-I04,CORE_OR_STRUCTURAL_ROUTE,REEXPOSURE_OR_RETRIEVAL,CONTEXTUAL_OR_FUNCTION_BOUND,,NONE,1.44,REQUIRED_SCHEDULE_EDGE_AUDITED,
REC-A1-002315,SEQ-A1-000758,SENSE,SENSE-A1-000434,pareja,LEX-A1-000426,SENSE-A1-000434,,NEAR_TRANSFER,A1-M06-I04-S3,A1-M07-I01-S2,A1-M06-I04,A1-M07-I01,CORE_OR_STRUCTURAL_ROUTE,TRANSFER_IN_CHANGED_CONTEXT,CONTEXTUAL_OR_FUNCTION_BOUND,,NONE,1.44,REQUIRED_SCHEDULE_EDGE_AUDITED,
REC-A1-002316,SEQ-A1-000758,SENSE,SENSE-A1-000434,pareja,LEX-A1-000426,SENSE-A1-000434,,DISTANT_RETURN,A1-M07-I01-S2,A1-M07-I04-S2,A1-M07-I01,A1-M07-I04,CORE_OR_STRUCTURAL_ROUTE,DELAYED_RETRIEVAL_OR_TERMINAL_INTEGRATION,CONTEXTUAL_OR_FUNCTION_BOUND,,NONE,1.44,REQUIRED_SCHEDULE_EDGE_AUDITED,"Scheduled four islands after first introduction; destination story is load-balanced. This is a curriculum spacing rule, not a universal optimal interval claim."
REC-A1-002317,SEQ-A1-000760,SENSE,SENSE-A1-000499,revista,LEX-A1-000490,SENSE-A1-000499,,LOCAL_REUSE,A1-M06-I04-S2,A1-M06-I04-S3,A1-M06-I04,A1-M06-I04,CORE_OR_STRUCTURAL_ROUTE,REEXPOSURE_OR_RETRIEVAL,CONTEXTUAL_OR_FUNCTION_BOUND,,NONE,1.44,REQUIRED_SCHEDULE_EDGE_AUDITED,
REC-A1-002318,SEQ-A1-000760,SENSE,SENSE-A1-000499,revista,LEX-A1-000490,SENSE-A1-000499,,NEAR_TRANSFER,A1-M06-I04-S3,A1-M07-I01-S3,A1-M06-I04,A1-M07-I01,CORE_OR_STRUCTURAL_ROUTE,TRANSFER_IN_CHANGED_CONTEXT,CONTEXTUAL_OR_FUNCTION_BOUND,,NONE,1.44,REQUIRED_SCHEDULE_EDGE_AUDITED,
REC-A1-002319,SEQ-A1-000760,SENSE,SENSE-A1-000499,revista,LEX-A1-000490,SENSE-A1-000499,,DISTANT_RETURN,A1-M07-I01-S3,A1-M07-I04-S3,A1-M07-I01,A1-M07-I04,CORE_OR_STRUCTURAL_ROUTE,DELAYED_RETRIEVAL_OR_TERMINAL_INTEGRATION,CONTEXTUAL_OR_FUNCTION_BOUND,,NONE,1.44,REQUIRED_SCHEDULE_EDGE_AUDITED,"Scheduled four islands after first introduction; destination story is load-balanced. This is a curriculum spacing rule, not a universal optimal interval claim."
REC-A1-002320,SEQ-A1-000777,MWU_SOURCE_UNIT,12B1-MWU-0001,carné de conducir,LEX-A1-000108,SENSE-A1-000110,12B1-MWU-0001,LOCAL_REUSE,A1-M07-I01-S1,A1-M07-I01-S2,A1-M07-I01,A1-M07-I01,CORE_OR_STRUCTURAL_ROUTE,REEXPOSURE_OR_RETRIEVAL,AS_OBJECT_POLICY_REQUIRES,,NONE,1.44,REQUIRED_SCHEDULE_EDGE_AUDITED,
REC-A1-002321,SEQ-A1-000777,MWU_SOURCE_UNIT,12B1-MWU-0001,carné de conducir,LEX-A1-000108,SENSE-A1-000110,12B1-MWU-0001,NEAR_TRANSFER,A1-M07-I01-S2,A1-M07-I02-S2,A1-M07-I01,A1-M07-I02,CORE_OR_STRUCTURAL_ROUTE,TRANSFER_IN_CHANGED_CONTEXT,AS_OBJECT_POLICY_REQUIRES,,NONE,1.44,REQUIRED_SCHEDULE_EDGE_AUDITED,
REC-A1-002322,SEQ-A1-000777,MWU_SOURCE_UNIT,12B1-MWU-0001,carné de conducir,LEX-A1-000108,SENSE-A1-000110,12B1-MWU-0001,DISTANT_RETURN,A1-M07-I02-S2,A1-M08-I01-S3,A1-M07-I02,A1-M08-I01,CORE_OR_STRUCTURAL_ROUTE,DELAYED_RETRIEVAL_OR_TERMINAL_INTEGRATION,AS_OBJECT_POLICY_REQUIRES,,NONE,1.44,REQUIRED_SCHEDULE_EDGE_AUDITED,"Scheduled four islands after first introduction; destination story is load-balanced. This is a curriculum spacing rule, not a universal optimal interval claim."
REC-A1-002323,SEQ-A1-000778,MWU_SOURCE_UNIT,12B1-MWU-0111,ir a la montaña,,,12B1-MWU-0111,LOCAL_REUSE,A1-M07-I01-S1,A1-M07-I01-S3,A1-M07-I01,A1-M07-I01,CORE_OR_STRUCTURAL_ROUTE,REEXPOSURE_OR_RETRIEVAL,AS_OBJECT_POLICY_REQUIRES,,NONE,1.44,REQUIRED_SCHEDULE_EDGE_AUDITED,
REC-A1-002324,SEQ-A1-000778,MWU_SOURCE_UNIT,12B1-MWU-0111,ir a la montaña,,,12B1-MWU-0111,NEAR_TRANSFER,A1-M07-I01-S3,A1-M07-I02-S3,A1-M07-I01,A1-M07-I02,CORE_OR_STRUCTURAL_ROUTE,TRANSFER_IN_CHANGED_CONTEXT,AS_OBJECT_POLICY_REQUIRES,,NONE,1.44,REQUIRED_SCHEDULE_EDGE_AUDITED,
REC-A1-002325,SEQ-A1-000778,MWU_SOURCE_UNIT,12B1-MWU-0111,ir a la montaña,,,12B1-MWU-0111,DISTANT_RETURN,A1-M07-I02-S3,A1-M08-I01-S3,A1-M07-I02,A1-M08-I01,CORE_OR_STRUCTURAL_ROUTE,DELAYED_RETRIEVAL_OR_TERMINAL_INTEGRATION,AS_OBJECT_POLICY_REQUIRES,,NONE,1.44,REQUIRED_SCHEDULE_EDGE_AUDITED,"Scheduled four islands after first introduction; destination story is load-balanced. This is a curriculum spacing rule, not a universal optimal interval claim."
REC-A1-002326,SEQ-A1-000780,MWU_SOURCE_UNIT,12B1-MWU-0114,ir en autobús,,,12B1-MWU-0114,LOCAL_REUSE,A1-M07-I01-S1,A1-M07-I01-S2,A1-M07-I01,A1-M07-I01,CORE_OR_STRUCTURAL_ROUTE,REEXPOSURE_OR_RETRIEVAL,AS_OBJECT_POLICY_REQUIRES,,NONE,1.44,REQUIRED_SCHEDULE_EDGE_AUDITED,
REC-A1-002327,SEQ-A1-000780,MWU_SOURCE_UNIT,12B1-MWU-0114,ir en autobús,,,12B1-MWU-0114,NEAR_TRANSFER,A1-M07-I01-S2,A1-M07-I02-S1,A1-M07-I01,A1-M07-I02,CORE_OR_STRUCTURAL_ROUTE,TRANSFER_IN_CHANGED_CONTEXT,AS_OBJECT_POLICY_REQUIRES,,NONE,1.44,REQUIRED_SCHEDULE_EDGE_AUDITED,
REC-A1-002328,SEQ-A1-000780,MWU_SOURCE_UNIT,12B1-MWU-0114,ir en autobús,,,12B1-MWU-0114,DISTANT_RETURN,A1-M07-I02-S1,A1-M08-I01-S3,A1-M07-I02,A1-M08-I01,CORE_OR_STRUCTURAL_ROUTE,DELAYED_RETRIEVAL_OR_TERMINAL_INTEGRATION,AS_OBJECT_POLICY_REQUIRES,,NONE,1.44,REQUIRED_SCHEDULE_EDGE_AUDITED,"Scheduled four islands after first introduction; destination story is load-balanced. This is a curriculum spacing rule, not a universal optimal interval claim."
REC-A1-002329,SEQ-A1-000782,MWU_SOURCE_UNIT,12B1-MWU-0116,ir en barco,,,12B1-MWU-0116,LOCAL_REUSE,A1-M07-I01-S1,A1-M07-I01-S3,A1-M07-I01,A1-M07-I01,CORE_OR_STRUCTURAL_ROUTE,REEXPOSURE_OR_RETRIEVAL,AS_OBJECT_POLICY_REQUIRES,,NONE,1.44,REQUIRED_SCHEDULE_EDGE_AUDITED,
REC-A1-002330,SEQ-A1-000782,MWU_SOURCE_UNIT,12B1-MWU-0116,ir en barco,,,12B1-MWU-0116,NEAR_TRANSFER,A1-M07-I01-S3,A1-M07-I02-S2,A1-M07-I01,A1-M07-I02,CORE_OR_STRUCTURAL_ROUTE,TRANSFER_IN_CHANGED_CONTEXT,AS_OBJECT_POLICY_REQUIRES,,NONE,1.44,REQUIRED_SCHEDULE_EDGE_AUDITED,
REC-A1-002331,SEQ-A1-000782,MWU_SOURCE_UNIT,12B1-MWU-0116,ir en barco,,,12B1-MWU-0116,DISTANT_RETURN,A1-M07-I02-S2,A1-M08-I01-S3,A1-M07-I02,A1-M08-I01,CORE_OR_STRUCTURAL_ROUTE,DELAYED_RETRIEVAL_OR_TERMINAL_INTEGRATION,AS_OBJECT_POLICY_REQUIRES,,NONE,1.44,REQUIRED_SCHEDULE_EDGE_AUDITED,"Scheduled four islands after first introduction; destination story is load-balanced. This is a curriculum spacing rule, not a universal optimal interval claim."
REC-A1-002332,SEQ-A1-000784,MWU_SOURCE_UNIT,12B1-MWU-0118,ir en metro,,,12B1-MWU-0118,LOCAL_REUSE,A1-M07-I01-S1,A1-M07-I01-S2,A1-M07-I01,A1-M07-I01,CORE_OR_STRUCTURAL_ROUTE,REEXPOSURE_OR_RETRIEVAL,AS_OBJECT_POLICY_REQUIRES,,NONE,1.44,REQUIRED_SCHEDULE_EDGE_AUDITED,
REC-A1-002333,SEQ-A1-000784,MWU_SOURCE_UNIT,12B1-MWU-0118,ir en metro,,,12B1-MWU-0118,NEAR_TRANSFER,A1-M07-I01-S2,A1-M07-I02-S3,A1-M07-I01,A1-M07-I02,CORE_OR_STRUCTURAL_ROUTE,TRANSFER_IN_CHANGED_CONTEXT,AS_OBJECT_POLICY_REQUIRES,,NONE,1.44,REQUIRED_SCHEDULE_EDGE_AUDITED,
REC-A1-002334,SEQ-A1-000784,MWU_SOURCE_UNIT,12B1-MWU-0118,ir en metro,,,12B1-MWU-0118,DISTANT_RETURN,A1-M07-I02-S3,A1-M08-I01-S3,A1-M07-I02,A1-M08-I01,CORE_OR_STRUCTURAL_ROUTE,DELAYED_RETRIEVAL_OR_TERMINAL_INTEGRATION,AS_OBJECT_POLICY_REQUIRES,,NONE,1.44,REQUIRED_SCHEDULE_EDGE_AUDITED,"Scheduled four islands after first introduction; destination story is load-balanced. This is a curriculum spacing rule, not a universal optimal interval claim."
REC-A1-002335,SEQ-A1-000786,MWU_SOURCE_UNIT,12B1-MWU-0120,ir en tren,,,12B1-MWU-0120,LOCAL_REUSE,A1-M07-I01-S1,A1-M07-I01-S3,A1-M07-I01,A1-M07-I01,CORE_OR_STRUCTURAL_ROUTE,REEXPOSURE_OR_RETRIEVAL,AS_OBJECT_POLICY_REQUIRES,,NONE,1.44,REQUIRED_SCHEDULE_EDGE_AUDITED,
REC-A1-002336,SEQ-A1-000786,MWU_SOURCE_UNIT,12B1-MWU-0120,ir en tren,,,12B1-MWU-0120,NEAR_TRANSFER,A1-M07-I01-S3,A1-M07-I02-S1,A1-M07-I01,A1-M07-I02,CORE_OR_STRUCTURAL_ROUTE,TRANSFER_IN_CHANGED_CONTEXT,AS_OBJECT_POLICY_REQUIRES,,NONE,1.44,REQUIRED_SCHEDULE_EDGE_AUDITED,
REC-A1-002337,SEQ-A1-000786,MWU_SOURCE_UNIT,12B1-MWU-0120,ir en tren,,,12B1-MWU-0120,DISTANT_RETURN,A1-M07-I02-S1,A1-M08-I01-S3,A1-M07-I02,A1-M08-I01,CORE_OR_STRUCTURAL_ROUTE,DELAYED_RETRIEVAL_OR_TERMINAL_INTEGRATION,AS_OBJECT_POLICY_REQUIRES,,NONE,1.44,REQUIRED_SCHEDULE_EDGE_AUDITED,"Scheduled four islands after first introduction; destination story is load-balanced. This is a curriculum spacing rule, not a universal optimal interval claim."
REC-A1-002338,SEQ-A1-000788,MWU_SOURCE_UNIT,12B1-MWU-0126,viajar en barco,,,12B1-MWU-0126,LOCAL_REUSE,A1-M07-I01-S1,A1-M07-I01-S2,A1-M07-I01,A1-M07-I01,CORE_OR_STRUCTURAL_ROUTE,REEXPOSURE_OR_RETRIEVAL,AS_OBJECT_POLICY_REQUIRES,,NONE,1.44,REQUIRED_SCHEDULE_EDGE_AUDITED,
REC-A1-002339,SEQ-A1-000788,MWU_SOURCE_UNIT,12B1-MWU-0126,viajar en barco,,,12B1-MWU-0126,NEAR_TRANSFER,A1-M07-I01-S2,A1-M07-I02-S2,A1-M07-I01,A1-M07-I02,CORE_OR_STRUCTURAL_ROUTE,TRANSFER_IN_CHANGED_CONTEXT,AS_OBJECT_POLICY_REQUIRES,,NONE,1.44,REQUIRED_SCHEDULE_EDGE_AUDITED,
REC-A1-002340,SEQ-A1-000788,MWU_SOURCE_UNIT,12B1-MWU-0126,viajar en barco,,,12B1-MWU-0126,DISTANT_RETURN,A1-M07-I02-S2,A1-M08-I01-S3,A1-M07-I02,A1-M08-I01,CORE_OR_STRUCTURAL_ROUTE,DELAYED_RETRIEVAL_OR_TERMINAL_INTEGRATION,AS_OBJECT_POLICY_REQUIRES,,NONE,1.44,REQUIRED_SCHEDULE_EDGE_AUDITED,"Scheduled four islands after first introduction; destination story is load-balanced. This is a curriculum spacing rule, not a universal optimal interval claim."
REC-A1-002341,SEQ-A1-000790,MWU_SOURCE_UNIT,12B1-MWU-0156,en barco,,,12B1-MWU-0156,LOCAL_REUSE,A1-M07-I01-S1,A1-M07-I01-S3,A1-M07-I01,A1-M07-I01,CORE_OR_STRUCTURAL_ROUTE,REEXPOSURE_OR_RETRIEVAL,AS_OBJECT_POLICY_REQUIRES,,NONE,1.44,REQUIRED_SCHEDULE_EDGE_AUDITED,
REC-A1-002342,SEQ-A1-000790,MWU_SOURCE_UNIT,12B1-MWU-0156,en barco,,,12B1-MWU-0156,NEAR_TRANSFER,A1-M07-I01-S3,A1-M07-I02-S3,A1-M07-I01,A1-M07-I02,CORE_OR_STRUCTURAL_ROUTE,TRANSFER_IN_CHANGED_CONTEXT,AS_OBJECT_POLICY_REQUIRES,,NONE,1.44,REQUIRED_SCHEDULE_EDGE_AUDITED,
REC-A1-002343,SEQ-A1-000790,MWU_SOURCE_UNIT,12B1-MWU-0156,en barco,,,12B1-MWU-0156,DISTANT_RETURN,A1-M07-I02-S3,A1-M08-I01-S3,A1-M07-I02,A1-M08-I01,CORE_OR_STRUCTURAL_ROUTE,DELAYED_RETRIEVAL_OR_TERMINAL_INTEGRATION,AS_OBJECT_POLICY_REQUIRES,,NONE,1.44,REQUIRED_SCHEDULE_EDGE_AUDITED,"Scheduled four islands after first introduction; destination story is load-balanced. This is a curriculum spacing rule, not a universal optimal interval claim."
REC-A1-002344,SEQ-A1-000766,SENSE,SENSE-A1-000068,barco,LEX-A1-000068,SENSE-A1-000068,,LOCAL_REUSE,A1-M07-I01-S1,A1-M07-I01-S2,A1-M07-I01,A1-M07-I01,CORE_OR_STRUCTURAL_ROUTE,REEXPOSURE_OR_RETRIEVAL,CONTEXTUAL_OR_FUNCTION_BOUND,,NONE,1.44,REQUIRED_SCHEDULE_EDGE_AUDITED,
REC-A1-002345,SEQ-A1-000766,SENSE,SENSE-A1-000068,barco,LEX-A1-000068,SENSE-A1-000068,,NEAR_TRANSFER,A1-M07-I01-S2,A1-M07-I02-S1,A1-M07-I01,A1-M07-I02,CORE_OR_STRUCTURAL_ROUTE,TRANSFER_IN_CHANGED_CONTEXT,CONTEXTUAL_OR_FUNCTION_BOUND,,NONE,1.44,REQUIRED_SCHEDULE_EDGE_AUDITED,
REC-A1-002346,SEQ-A1-000766,SENSE,SENSE-A1-000068,barco,LEX-A1-000068,SENSE-A1-000068,,DISTANT_RETURN,A1-M07-I02-S1,A1-M08-I01-S3,A1-M07-I02,A1-M08-I01,CORE_OR_STRUCTURAL_ROUTE,DELAYED_RETRIEVAL_OR_TERMINAL_INTEGRATION,CONTEXTUAL_OR_FUNCTION_BOUND,,NONE,1.44,REQUIRED_SCHEDULE_EDGE_AUDITED,"Scheduled four islands after first introduction; destination story is load-balanced. This is a curriculum spacing rule, not a universal optimal interval claim."
REC-A1-002347,SEQ-A1-000768,SENSE,SENSE-A1-000110,carné de conducir,LEX-A1-000108,SENSE-A1-000110,,LOCAL_REUSE,A1-M07-I01-S1,A1-M07-I01-S3,A1-M07-I01,A1-M07-I01,CORE_OR_STRUCTURAL_ROUTE,REEXPOSURE_OR_RETRIEVAL,CONTEXTUAL_OR_FUNCTION_BOUND,,NONE,1.44,REQUIRED_SCHEDULE_EDGE_AUDITED,
REC-A1-002348,SEQ-A1-000768,SENSE,SENSE-A1-000110,carné de conducir,LEX-A1-000108,SENSE-A1-000110,,NEAR_TRANSFER,A1-M07-I01-S3,A1-M07-I02-S2,A1-M07-I01,A1-M07-I02,CORE_OR_STRUCTURAL_ROUTE,TRANSFER_IN_CHANGED_CONTEXT,CONTEXTUAL_OR_FUNCTION_BOUND,,NONE,1.44,REQUIRED_SCHEDULE_EDGE_AUDITED,
REC-A1-002349,SEQ-A1-000768,SENSE,SENSE-A1-000110,carné de conducir,LEX-A1-000108,SENSE-A1-000110,,DISTANT_RETURN,A1-M07-I02-S2,A1-M08-I01-S3,A1-M07-I02,A1-M08-I01,CORE_OR_STRUCTURAL_ROUTE,DELAYED_RETRIEVAL_OR_TERMINAL_INTEGRATION,CONTEXTUAL_OR_FUNCTION_BOUND,,NONE,1.44,REQUIRED_SCHEDULE_EDGE_AUDITED,"Scheduled four islands after first introduction; destination story is load-balanced. This is a curriculum spacing rule, not a universal optimal interval claim."
REC-A1-002350,SEQ-A1-000770,SENSE,SENSE-A1-000379,montaña,LEX-A1-000373,SENSE-A1-000379,,LOCAL_REUSE,A1-M07-I01-S1,A1-M07-I01-S2,A1-M07-I01,A1-M07-I01,CORE_OR_STRUCTURAL_ROUTE,REEXPOSURE_OR_RETRIEVAL,CONTEXTUAL_OR_FUNCTION_BOUND,,NONE,1.44,REQUIRED_SCHEDULE_EDGE_AUDITED,
REC-A1-002351,SEQ-A1-000770,SENSE,SENSE-A1-000379,montaña,LEX-A1-000373,SENSE-A1-000379,,NEAR_TRANSFER,A1-M07-I01-S2,A1-M07-I02-S3,A1-M07-I01,A1-M07-I02,CORE_OR_STRUCTURAL_ROUTE,TRANSFER_IN_CHANGED_CONTEXT,CONTEXTUAL_OR_FUNCTION_BOUND,,NONE,1.44,REQUIRED_SCHEDULE_EDGE_AUDITED,
REC-A1-002352,SEQ-A1-000770,SENSE,SENSE-A1-000379,montaña,LEX-A1-000373,SENSE-A1-000379,,DISTANT_RETURN,A1-M07-I02-S3,A1-M08-I01-S3,A1-M07-I02,A1-M08-I01,CORE_OR_STRUCTURAL_ROUTE,DELAYED_RETRIEVAL_OR_TERMINAL_INTEGRATION,CONTEXTUAL_OR_FUNCTION_BOUND,,NONE,1.44,REQUIRED_SCHEDULE_EDGE_AUDITED,"Scheduled four islands after first introduction; destination story is load-balanced. This is a curriculum spacing rule, not a universal optimal interval claim."
REC-A1-002353,SEQ-A1-000772,SENSE,SENSE-A1-000451,playa,LEX-A1-000443,SENSE-A1-000451,,LOCAL_REUSE,A1-M07-I01-S1,A1-M07-I01-S3,A1-M07-I01,A1-M07-I01,CORE_OR_STRUCTURAL_ROUTE,REEXPOSURE_OR_RETRIEVAL,CONTEXTUAL_OR_FUNCTION_BOUND,,NONE,1.44,REQUIRED_SCHEDULE_EDGE_AUDITED,
REC-A1-002354,SEQ-A1-000772,SENSE,SENSE-A1-000451,playa,LEX-A1-000443,SENSE-A1-000451,,NEAR_TRANSFER,A1-M07-I01-S3,A1-M07-I02-S1,A1-M07-I01,A1-M07-I02,CORE_OR_STRUCTURAL_ROUTE,TRANSFER_IN_CHANGED_CONTEXT,CONTEXTUAL_OR_FUNCTION_BOUND,,NONE,1.44,REQUIRED_SCHEDULE_EDGE_AUDITED,
REC-A1-002355,SEQ-A1-000772,SENSE,SENSE-A1-000451,playa,LEX-A1-000443,SENSE-A1-000451,,DISTANT_RETURN,A1-M07-I02-S1,A1-M08-I01-S3,A1-M07-I02,A1-M08-I01,CORE_OR_STRUCTURAL_ROUTE,DELAYED_RETRIEVAL_OR_TERMINAL_INTEGRATION,CONTEXTUAL_OR_FUNCTION_BOUND,,NONE,1.44,REQUIRED_SCHEDULE_EDGE_AUDITED,"Scheduled four islands after first introduction; destination story is load-balanced. This is a curriculum spacing rule, not a universal optimal interval claim."
REC-A1-002356,SEQ-A1-000774,SENSE,SENSE-A1-000573,turismo,LEX-A1-000564,SENSE-A1-000573,,LOCAL_REUSE,A1-M07-I01-S1,A1-M07-I01-S2,A1-M07-I01,A1-M07-I01,CORE_OR_STRUCTURAL_ROUTE,REEXPOSURE_OR_RETRIEVAL,CONTEXTUAL_OR_FUNCTION_BOUND,,NONE,1.44,REQUIRED_SCHEDULE_EDGE_AUDITED,
REC-A1-002357,SEQ-A1-000774,SENSE,SENSE-A1-000573,turismo,LEX-A1-000564,SENSE-A1-000573,,NEAR_TRANSFER,A1-M07-I01-S2,A1-M07-I02-S2,A1-M07-I01,A1-M07-I02,CORE_OR_STRUCTURAL_ROUTE,TRANSFER_IN_CHANGED_CONTEXT,CONTEXTUAL_OR_FUNCTION_BOUND,,NONE,1.44,REQUIRED_SCHEDULE_EDGE_AUDITED,
REC-A1-002358,SEQ-A1-000774,SENSE,SENSE-A1-000573,turismo,LEX-A1-000564,SENSE-A1-000573,,DISTANT_RETURN,A1-M07-I02-S2,A1-M08-I01-S3,A1-M07-I02,A1-M08-I01,CORE_OR_STRUCTURAL_ROUTE,DELAYED_RETRIEVAL_OR_TERMINAL_INTEGRATION,CONTEXTUAL_OR_FUNCTION_BOUND,,NONE,1.44,REQUIRED_SCHEDULE_EDGE_AUDITED,"Scheduled four islands after first introduction; destination story is load-balanced. This is a curriculum spacing rule, not a universal optimal interval claim."
REC-A1-002359,SEQ-A1-000776,SENSE,SENSE-A1-000590,viajar,LEX-A1-000581,SENSE-A1-000590,,LOCAL_REUSE,A1-M07-I01-S1,A1-M07-I01-S3,A1-M07-I01,A1-M07-I01,CORE_OR_STRUCTURAL_ROUTE,REEXPOSURE_OR_RETRIEVAL,CONTEXTUAL_OR_FUNCTION_BOUND,,NONE,1.44,REQUIRED_SCHEDULE_EDGE_AUDITED,
REC-A1-002360,SEQ-A1-000776,SENSE,SENSE-A1-000590,viajar,LEX-A1-000581,SENSE-A1-000590,,NEAR_TRANSFER,A1-M07-I01-S3,A1-M07-I02-S3,A1-M07-I01,A1-M07-I02,CORE_OR_STRUCTURAL_ROUTE,TRANSFER_IN_CHANGED_CONTEXT,CONTEXTUAL_OR_FUNCTION_BOUND,,NONE,1.44,REQUIRED_SCHEDULE_EDGE_AUDITED,
REC-A1-002361,SEQ-A1-000776,SENSE,SENSE-A1-000590,viajar,LEX-A1-000581,SENSE-A1-000590,,DISTANT_RETURN,A1-M07-I02-S3,A1-M08-I01-S3,A1-M07-I02,A1-M08-I01,CORE_OR_STRUCTURAL_ROUTE,DELAYED_RETRIEVAL_OR_TERMINAL_INTEGRATION,CONTEXTUAL_OR_FUNCTION_BOUND,,NONE,1.44,REQUIRED_SCHEDULE_EDGE_AUDITED,"Scheduled four islands after first introduction; destination story is load-balanced. This is a curriculum spacing rule, not a universal optimal interval claim."
REC-A1-002362,SEQ-A1-000779,MWU_SOURCE_UNIT,12B1-MWU-0112,ir a la playa,,,12B1-MWU-0112,LOCAL_REUSE,A1-M07-I01-S2,A1-M07-I01-S3,A1-M07-I01,A1-M07-I01,CORE_OR_STRUCTURAL_ROUTE,REEXPOSURE_OR_RETRIEVAL,AS_OBJECT_POLICY_REQUIRES,,NONE,1.44,REQUIRED_SCHEDULE_EDGE_AUDITED,
REC-A1-002363,SEQ-A1-000779,MWU_SOURCE_UNIT,12B1-MWU-0112,ir a la playa,,,12B1-MWU-0112,NEAR_TRANSFER,A1-M07-I01-S3,A1-M07-I02-S1,A1-M07-I01,A1-M07-I02,CORE_OR_STRUCTURAL_ROUTE,TRANSFER_IN_CHANGED_CONTEXT,AS_OBJECT_POLICY_REQUIRES,,NONE,1.44,REQUIRED_SCHEDULE_EDGE_AUDITED,
REC-A1-002364,SEQ-A1-000779,MWU_SOURCE_UNIT,12B1-MWU-0112,ir a la playa,,,12B1-MWU-0112,DISTANT_RETURN,A1-M07-I02-S1,A1-M08-I01-S3,A1-M07-I02,A1-M08-I01,CORE_OR_STRUCTURAL_ROUTE,DELAYED_RETRIEVAL_OR_TERMINAL_INTEGRATION,AS_OBJECT_POLICY_REQUIRES,,NONE,1.44,REQUIRED_SCHEDULE_EDGE_AUDITED,"Scheduled four islands after first introduction; destination story is load-balanced. This is a curriculum spacing rule, not a universal optimal interval claim."
REC-A1-002365,SEQ-A1-000781,MWU_SOURCE_UNIT,12B1-MWU-0115,ir en avión,,,12B1-MWU-0115,LOCAL_REUSE,A1-M07-I01-S2,A1-M07-I01-S3,A1-M07-I01,A1-M07-I01,CORE_OR_STRUCTURAL_ROUTE,REEXPOSURE_OR_RETRIEVAL,AS_OBJECT_POLICY_REQUIRES,,NONE,1.44,REQUIRED_SCHEDULE_EDGE_AUDITED,
REC-A1-002366,SEQ-A1-000781,MWU_SOURCE_UNIT,12B1-MWU-0115,ir en avión,,,12B1-MWU-0115,NEAR_TRANSFER,A1-M07-I01-S3,A1-M07-I02-S2,A1-M07-I01,A1-M07-I02,CORE_OR_STRUCTURAL_ROUTE,TRANSFER_IN_CHANGED_CONTEXT,AS_OBJECT_POLICY_REQUIRES,,NONE,1.44,REQUIRED_SCHEDULE_EDGE_AUDITED,
REC-A1-002367,SEQ-A1-000781,MWU_SOURCE_UNIT,12B1-MWU-0115,ir en avión,,,12B1-MWU-0115,DISTANT_RETURN,A1-M07-I02-S2,A1-M08-I01-S2,A1-M07-I02,A1-M08-I01,CORE_OR_STRUCTURAL_ROUTE,DELAYED_RETRIEVAL_OR_TERMINAL_INTEGRATION,AS_OBJECT_POLICY_REQUIRES,,NONE,1.44,REQUIRED_SCHEDULE_EDGE_AUDITED,"Scheduled four islands after first introduction; destination story is load-balanced. This is a curriculum spacing rule, not a universal optimal interval claim."
REC-A1-002368,SEQ-A1-000783,MWU_SOURCE_UNIT,12B1-MWU-0117,ir en coche,,,12B1-MWU-0117,LOCAL_REUSE,A1-M07-I01-S2,A1-M07-I01-S3,A1-M07-I01,A1-M07-I01,CORE_OR_STRUCTURAL_ROUTE,REEXPOSURE_OR_RETRIEVAL,AS_OBJECT_POLICY_REQUIRES,,NONE,1.44,REQUIRED_SCHEDULE_EDGE_AUDITED,
REC-A1-002369,SEQ-A1-000783,MWU_SOURCE_UNIT,12B1-MWU-0117,ir en coche,,,12B1-MWU-0117,NEAR_TRANSFER,A1-M07-I01-S3,A1-M07-I02-S3,A1-M07-I01,A1-M07-I02,CORE_OR_STRUCTURAL_ROUTE,TRANSFER_IN_CHANGED_CONTEXT,AS_OBJECT_POLICY_REQUIRES,,NONE,1.44,REQUIRED_SCHEDULE_EDGE_AUDITED,
REC-A1-002370,SEQ-A1-000783,MWU_SOURCE_UNIT,12B1-MWU-0117,ir en coche,,,12B1-MWU-0117,DISTANT_RETURN,A1-M07-I02-S3,A1-M08-I01-S3,A1-M07-I02,A1-M08-I01,CORE_OR_STRUCTURAL_ROUTE,DELAYED_RETRIEVAL_OR_TERMINAL_INTEGRATION,AS_OBJECT_POLICY_REQUIRES,,NONE,1.44,REQUIRED_SCHEDULE_EDGE_AUDITED,"Scheduled four islands after first introduction; destination story is load-balanced. This is a curriculum spacing rule, not a universal optimal interval claim."
REC-A1-002371,SEQ-A1-000785,MWU_SOURCE_UNIT,12B1-MWU-0119,ir en taxi,,,12B1-MWU-0119,LOCAL_REUSE,A1-M07-I01-S2,A1-M07-I01-S3,A1-M07-I01,A1-M07-I01,CORE_OR_STRUCTURAL_ROUTE,REEXPOSURE_OR_RETRIEVAL,AS_OBJECT_POLICY_REQUIRES,,NONE,1.44,REQUIRED_SCHEDULE_EDGE_AUDITED,
REC-A1-002372,SEQ-A1-000785,MWU_SOURCE_UNIT,12B1-MWU-0119,ir en taxi,,,12B1-MWU-0119,NEAR_TRANSFER,A1-M07-I01-S3,A1-M07-I02-S1,A1-M07-I01,A1-M07-I02,CORE_OR_STRUCTURAL_ROUTE,TRANSFER_IN_CHANGED_CONTEXT,AS_OBJECT_POLICY_REQUIRES,,NONE,1.44,REQUIRED_SCHEDULE_EDGE_AUDITED,
REC-A1-002373,SEQ-A1-000785,MWU_SOURCE_UNIT,12B1-MWU-0119,ir en taxi,,,12B1-MWU-0119,DISTANT_RETURN,A1-M07-I02-S1,A1-M08-I01-S1,A1-M07-I02,A1-M08-I01,CORE_OR_STRUCTURAL_ROUTE,DELAYED_RETRIEVAL_OR_TERMINAL_INTEGRATION,AS_OBJECT_POLICY_REQUIRES,,NONE,1.44,REQUIRED_SCHEDULE_EDGE_AUDITED,"Scheduled four islands after first introduction; destination story is load-balanced. This is a curriculum spacing rule, not a universal optimal interval claim."
REC-A1-002374,SEQ-A1-000787,MWU_SOURCE_UNIT,12B1-MWU-0125,viajar en avión,,,12B1-MWU-0125,LOCAL_REUSE,A1-M07-I01-S2,A1-M07-I01-S3,A1-M07-I01,A1-M07-I01,CORE_OR_STRUCTURAL_ROUTE,REEXPOSURE_OR_RETRIEVAL,AS_OBJECT_POLICY_REQUIRES,,NONE,1.44,REQUIRED_SCHEDULE_EDGE_AUDITED,
REC-A1-002375,SEQ-A1-000787,MWU_SOURCE_UNIT,12B1-MWU-0125,viajar en avión,,,12B1-MWU-0125,NEAR_TRANSFER,A1-M07-I01-S3,A1-M07-I02-S2,A1-M07-I01,A1-M07-I02,CORE_OR_STRUCTURAL_ROUTE,TRANSFER_IN_CHANGED_CONTEXT,AS_OBJECT_POLICY_REQUIRES,,NONE,1.44,REQUIRED_SCHEDULE_EDGE_AUDITED,
REC-A1-002376,SEQ-A1-000787,MWU_SOURCE_UNIT,12B1-MWU-0125,viajar en avión,,,12B1-MWU-0125,DISTANT_RETURN,A1-M07-I02-S2,A1-M08-I01-S2,A1-M07-I02,A1-M08-I01,CORE_OR_STRUCTURAL_ROUTE,DELAYED_RETRIEVAL_OR_TERMINAL_INTEGRATION,AS_OBJECT_POLICY_REQUIRES,,NONE,1.44,REQUIRED_SCHEDULE_EDGE_AUDITED,"Scheduled four islands after first introduction; destination story is load-balanced. This is a curriculum spacing rule, not a universal optimal interval claim."
REC-A1-002377,SEQ-A1-000789,MWU_SOURCE_UNIT,12B1-MWU-0155,en avión,,,12B1-MWU-0155,LOCAL_REUSE,A1-M07-I01-S2,A1-M07-I01-S3,A1-M07-I01,A1-M07-I01,CORE_OR_STRUCTURAL_ROUTE,REEXPOSURE_OR_RETRIEVAL,AS_OBJECT_POLICY_REQUIRES,,NONE,1.44,REQUIRED_SCHEDULE_EDGE_AUDITED,
REC-A1-002378,SEQ-A1-000789,MWU_SOURCE_UNIT,12B1-MWU-0155,en avión,,,12B1-MWU-0155,NEAR_TRANSFER,A1-M07-I01-S3,A1-M07-I02-S3,A1-M07-I01,A1-M07-I02,CORE_OR_STRUCTURAL_ROUTE,TRANSFER_IN_CHANGED_CONTEXT,AS_OBJECT_POLICY_REQUIRES,,NONE,1.44,REQUIRED_SCHEDULE_EDGE_AUDITED,
REC-A1-002379,SEQ-A1-000789,MWU_SOURCE_UNIT,12B1-MWU-0155,en avión,,,12B1-MWU-0155,DISTANT_RETURN,A1-M07-I02-S3,A1-M08-I01-S3,A1-M07-I02,A1-M08-I01,CORE_OR_STRUCTURAL_ROUTE,DELAYED_RETRIEVAL_OR_TERMINAL_INTEGRATION,AS_OBJECT_POLICY_REQUIRES,,NONE,1.44,REQUIRED_SCHEDULE_EDGE_AUDITED,"Scheduled four islands after first introduction; destination story is load-balanced. This is a curriculum spacing rule, not a universal optimal interval claim."
REC-A1-002380,SEQ-A1-000791,MWU_SOURCE_UNIT,12B1-MWU-0157,en coche,,,12B1-MWU-0157,LOCAL_REUSE,A1-M07-I01-S2,A1-M07-I01-S3,A1-M07-I01,A1-M07-I01,CORE_OR_STRUCTURAL_ROUTE,REEXPOSURE_OR_RETRIEVAL,AS_OBJECT_POLICY_REQUIRES,,NONE,1.44,REQUIRED_SCHEDULE_EDGE_AUDITED,
REC-A1-002381,SEQ-A1-000791,MWU_SOURCE_UNIT,12B1-MWU-0157,en coche,,,12B1-MWU-0157,NEAR_TRANSFER,A1-M07-I01-S3,A1-M07-I02-S1,A1-M07-I01,A1-M07-I02,CORE_OR_STRUCTURAL_ROUTE,TRANSFER_IN_CHANGED_CONTEXT,AS_OBJECT_POLICY_REQUIRES,,NONE,1.44,REQUIRED_SCHEDULE_EDGE_AUDITED,
REC-A1-002382,SEQ-A1-000791,MWU_SOURCE_UNIT,12B1-MWU-0157,en coche,,,12B1-MWU-0157,DISTANT_RETURN,A1-M07-I02-S1,A1-M08-I01-S1,A1-M07-I02,A1-M08-I01,CORE_OR_STRUCTURAL_ROUTE,DELAYED_RETRIEVAL_OR_TERMINAL_INTEGRATION,AS_OBJECT_POLICY_REQUIRES,,NONE,1.44,REQUIRED_SCHEDULE_EDGE_AUDITED,"Scheduled four islands after first introduction; destination story is load-balanced. This is a curriculum spacing rule, not a universal optimal interval claim."
REC-A1-002383,SEQ-A1-000765,SENSE,SENSE-A1-000056,avión,LEX-A1-000056,SENSE-A1-000056,,LOCAL_REUSE,A1-M07-I01-S2,A1-M07-I01-S3,A1-M07-I01,A1-M07-I01,CORE_OR_STRUCTURAL_ROUTE,REEXPOSURE_OR_RETRIEVAL,CONTEXTUAL_OR_FUNCTION_BOUND,,NONE,1.44,REQUIRED_SCHEDULE_EDGE_AUDITED,
REC-A1-002384,SEQ-A1-000765,SENSE,SENSE-A1-000056,avión,LEX-A1-000056,SENSE-A1-000056,,NEAR_TRANSFER,A1-M07-I01-S3,A1-M07-I02-S2,A1-M07-I01,A1-M07-I02,CORE_OR_STRUCTURAL_ROUTE,TRANSFER_IN_CHANGED_CONTEXT,CONTEXTUAL_OR_FUNCTION_BOUND,,NONE,1.44,REQUIRED_SCHEDULE_EDGE_AUDITED,
REC-A1-002385,SEQ-A1-000765,SENSE,SENSE-A1-000056,avión,LEX-A1-000056,SENSE-A1-000056,,DISTANT_RETURN,A1-M07-I02-S2,A1-M08-I01-S2,A1-M07-I02,A1-M08-I01,CORE_OR_STRUCTURAL_ROUTE,DELAYED_RETRIEVAL_OR_TERMINAL_INTEGRATION,CONTEXTUAL_OR_FUNCTION_BOUND,,NONE,1.44,REQUIRED_SCHEDULE_EDGE_AUDITED,"Scheduled four islands after first introduction; destination story is load-balanced. This is a curriculum spacing rule, not a universal optimal interval claim."
REC-A1-002386,SEQ-A1-000767,SENSE,SENSE-A1-000101,campin,LEX-A1-000099,SENSE-A1-000101,,LOCAL_REUSE,A1-M07-I01-S2,A1-M07-I01-S3,A1-M07-I01,A1-M07-I01,CORE_OR_STRUCTURAL_ROUTE,REEXPOSURE_OR_RETRIEVAL,CONTEXTUAL_OR_FUNCTION_BOUND,,NONE,1.44,REQUIRED_SCHEDULE_EDGE_AUDITED,
REC-A1-002387,SEQ-A1-000767,SENSE,SENSE-A1-000101,campin,LEX-A1-000099,SENSE-A1-000101,,NEAR_TRANSFER,A1-M07-I01-S3,A1-M07-I02-S3,A1-M07-I01,A1-M07-I02,CORE_OR_STRUCTURAL_ROUTE,TRANSFER_IN_CHANGED_CONTEXT,CONTEXTUAL_OR_FUNCTION_BOUND,,NONE,1.44,REQUIRED_SCHEDULE_EDGE_AUDITED,
REC-A1-002388,SEQ-A1-000767,SENSE,SENSE-A1-000101,campin,LEX-A1-000099,SENSE-A1-000101,,DISTANT_RETURN,A1-M07-I02-S3,A1-M08-I01-S3,A1-M07-I02,A1-M08-I01,CORE_OR_STRUCTURAL_ROUTE,DELAYED_RETRIEVAL_OR_TERMINAL_INTEGRATION,CONTEXTUAL_OR_FUNCTION_BOUND,,NONE,1.44,REQUIRED_SCHEDULE_EDGE_AUDITED,"Scheduled four islands after first introduction; destination story is load-balanced. This is a curriculum spacing rule, not a universal optimal interval claim."
REC-A1-002389,SEQ-A1-000769,SENSE,SENSE-A1-000348,maleta,LEX-A1-000342,SENSE-A1-000348,,LOCAL_REUSE,A1-M07-I01-S2,A1-M07-I01-S3,A1-M07-I01,A1-M07-I01,CORE_OR_STRUCTURAL_ROUTE,REEXPOSURE_OR_RETRIEVAL,CONTEXTUAL_OR_FUNCTION_BOUND,,NONE,1.44,REQUIRED_SCHEDULE_EDGE_AUDITED,
REC-A1-002390,SEQ-A1-000769,SENSE,SENSE-A1-000348,maleta,LEX-A1-000342,SENSE-A1-000348,,NEAR_TRANSFER,A1-M07-I01-S3,A1-M07-I02-S1,A1-M07-I01,A1-M07-I02,CORE_OR_STRUCTURAL_ROUTE,TRANSFER_IN_CHANGED_CONTEXT,CONTEXTUAL_OR_FUNCTION_BOUND,,NONE,1.44,REQUIRED_SCHEDULE_EDGE_AUDITED,
REC-A1-002391,SEQ-A1-000769,SENSE,SENSE-A1-000348,maleta,LEX-A1-000342,SENSE-A1-000348,,DISTANT_RETURN,A1-M07-I02-S1,A1-M08-I01-S1,A1-M07-I02,A1-M08-I01,CORE_OR_STRUCTURAL_ROUTE,DELAYED_RETRIEVAL_OR_TERMINAL_INTEGRATION,CONTEXTUAL_OR_FUNCTION_BOUND,,NONE,1.44,REQUIRED_SCHEDULE_EDGE_AUDITED,"Scheduled four islands after first introduction; destination story is load-balanced. This is a curriculum spacing rule, not a universal optimal interval claim."
REC-A1-002392,SEQ-A1-000771,SENSE,SENSE-A1-000437,pasaporte,LEX-A1-000429,SENSE-A1-000437,,LOCAL_REUSE,A1-M07-I01-S2,A1-M07-I01-S3,A1-M07-I01,A1-M07-I01,CORE_OR_STRUCTURAL_ROUTE,REEXPOSURE_OR_RETRIEVAL,CONTEXTUAL_OR_FUNCTION_BOUND,,NONE,1.44,REQUIRED_SCHEDULE_EDGE_AUDITED,
REC-A1-002393,SEQ-A1-000771,SENSE,SENSE-A1-000437,pasaporte,LEX-A1-000429,SENSE-A1-000437,,NEAR_TRANSFER,A1-M07-I01-S3,A1-M07-I02-S2,A1-M07-I01,A1-M07-I02,CORE_OR_STRUCTURAL_ROUTE,TRANSFER_IN_CHANGED_CONTEXT,CONTEXTUAL_OR_FUNCTION_BOUND,,NONE,1.44,REQUIRED_SCHEDULE_EDGE_AUDITED,
REC-A1-002394,SEQ-A1-000771,SENSE,SENSE-A1-000437,pasaporte,LEX-A1-000429,SENSE-A1-000437,,DISTANT_RETURN,A1-M07-I02-S2,A1-M08-I01-S2,A1-M07-I02,A1-M08-I01,CORE_OR_STRUCTURAL_ROUTE,DELAYED_RETRIEVAL_OR_TERMINAL_INTEGRATION,CONTEXTUAL_OR_FUNCTION_BOUND,,NONE,1.44,REQUIRED_SCHEDULE_EDGE_AUDITED,"Scheduled four islands after first introduction; destination story is load-balanced. This is a curriculum spacing rule, not a universal optimal interval claim."
REC-A1-002395,SEQ-A1-000773,SENSE,SENSE-A1-000481,puerto,LEX-A1-000472,SENSE-A1-000481,,LOCAL_REUSE,A1-M07-I01-S2,A1-M07-I01-S3,A1-M07-I01,A1-M07-I01,CORE_OR_STRUCTURAL_ROUTE,REEXPOSURE_OR_RETRIEVAL,CONTEXTUAL_OR_FUNCTION_BOUND,,NONE,1.44,REQUIRED_SCHEDULE_EDGE_AUDITED,
REC-A1-002396,SEQ-A1-000773,SENSE,SENSE-A1-000481,puerto,LEX-A1-000472,SENSE-A1-000481,,NEAR_TRANSFER,A1-M07-I01-S3,A1-M07-I02-S3,A1-M07-I01,A1-M07-I02,CORE_OR_STRUCTURAL_ROUTE,TRANSFER_IN_CHANGED_CONTEXT,CONTEXTUAL_OR_FUNCTION_BOUND,,NONE,1.44,REQUIRED_SCHEDULE_EDGE_AUDITED,
REC-A1-002397,SEQ-A1-000773,SENSE,SENSE-A1-000481,puerto,LEX-A1-000472,SENSE-A1-000481,,DISTANT_RETURN,A1-M07-I02-S3,A1-M08-I01-S3,A1-M07-I02,A1-M08-I01,CORE_OR_STRUCTURAL_ROUTE,DELAYED_RETRIEVAL_OR_TERMINAL_INTEGRATION,CONTEXTUAL_OR_FUNCTION_BOUND,,NONE,1.44,REQUIRED_SCHEDULE_EDGE_AUDITED,"Scheduled four islands after first introduction; destination story is load-balanced. This is a curriculum spacing rule, not a universal optimal interval claim."
REC-A1-002398,SEQ-A1-000775,SENSE,SENSE-A1-000574,turista,LEX-A1-000565,SENSE-A1-000574,,LOCAL_REUSE,A1-M07-I01-S2,A1-M07-I01-S3,A1-M07-I01,A1-M07-I01,CORE_OR_STRUCTURAL_ROUTE,REEXPOSURE_OR_RETRIEVAL,CONTEXTUAL_OR_FUNCTION_BOUND,,NONE,1.44,REQUIRED_SCHEDULE_EDGE_AUDITED,
REC-A1-002399,SEQ-A1-000775,SENSE,SENSE-A1-000574,turista,LEX-A1-000565,SENSE-A1-000574,,NEAR_TRANSFER,A1-M07-I01-S3,A1-M07-I02-S1,A1-M07-I01,A1-M07-I02,CORE_OR_STRUCTURAL_ROUTE,TRANSFER_IN_CHANGED_CONTEXT,CONTEXTUAL_OR_FUNCTION_BOUND,,NONE,1.44,REQUIRED_SCHEDULE_EDGE_AUDITED,
REC-A1-002400,SEQ-A1-000775,SENSE,SENSE-A1-000574,turista,LEX-A1-000565,SENSE-A1-000574,,DISTANT_RETURN,A1-M07-I02-S1,A1-M08-I01-S1,A1-M07-I02,A1-M08-I01,CORE_OR_STRUCTURAL_ROUTE,DELAYED_RETRIEVAL_OR_TERMINAL_INTEGRATION,CONTEXTUAL_OR_FUNCTION_BOUND,,NONE,1.44,REQUIRED_SCHEDULE_EDGE_AUDITED,"Scheduled four islands after first introduction; destination story is load-balanced. This is a curriculum spacing rule, not a universal optimal interval claim."
REC-A1-002401,SEQ-A1-000805,MWU_SOURCE_UNIT,12B1-MWU-0073,alquilar un apartamento,,,12B1-MWU-0073,LOCAL_REUSE,A1-M07-I02-S1,A1-M07-I02-S2,A1-M07-I02,A1-M07-I02,CORE_OR_STRUCTURAL_ROUTE,REEXPOSURE_OR_RETRIEVAL,AS_OBJECT_POLICY_REQUIRES,,NONE,1.44,REQUIRED_SCHEDULE_EDGE_AUDITED,
REC-A1-002402,SEQ-A1-000805,MWU_SOURCE_UNIT,12B1-MWU-0073,alquilar un apartamento,,,12B1-MWU-0073,NEAR_TRANSFER,A1-M07-I02-S2,A1-M07-I03-S2,A1-M07-I02,A1-M07-I03,CORE_OR_STRUCTURAL_ROUTE,TRANSFER_IN_CHANGED_CONTEXT,AS_OBJECT_POLICY_REQUIRES,,NONE,1.44,REQUIRED_SCHEDULE_EDGE_AUDITED,
REC-A1-002403,SEQ-A1-000805,MWU_SOURCE_UNIT,12B1-MWU-0073,alquilar un apartamento,,,12B1-MWU-0073,DISTANT_RETURN,A1-M07-I03-S2,A1-M08-I02-S3,A1-M07-I03,A1-M08-I02,CORE_OR_STRUCTURAL_ROUTE,DELAYED_RETRIEVAL_OR_TERMINAL_INTEGRATION,AS_OBJECT_POLICY_REQUIRES,,NONE,1.44,REQUIRED_SCHEDULE_EDGE_AUDITED,"Scheduled four islands after first introduction; destination story is load-balanced. This is a curriculum spacing rule, not a universal optimal interval claim."
REC-A1-002404,SEQ-A1-000807,MWU_SOURCE_UNIT,12B1-MWU-0075,bien comunicado,,,12B1-MWU-0075,LOCAL_REUSE,A1-M07-I02-S1,A1-M07-I02-S3,A1-M07-I02,A1-M07-I02,CORE_OR_STRUCTURAL_ROUTE,REEXPOSURE_OR_RETRIEVAL,AS_OBJECT_POLICY_REQUIRES,,NONE,1.44,REQUIRED_SCHEDULE_EDGE_AUDITED,
REC-A1-002405,SEQ-A1-000807,MWU_SOURCE_UNIT,12B1-MWU-0075,bien comunicado,,,12B1-MWU-0075,NEAR_TRANSFER,A1-M07-I02-S3,A1-M07-I03-S3,A1-M07-I02,A1-M07-I03,CORE_OR_STRUCTURAL_ROUTE,TRANSFER_IN_CHANGED_CONTEXT,AS_OBJECT_POLICY_REQUIRES,,NONE,1.44,REQUIRED_SCHEDULE_EDGE_AUDITED,
REC-A1-002406,SEQ-A1-000807,MWU_SOURCE_UNIT,12B1-MWU-0075,bien comunicado,,,12B1-MWU-0075,DISTANT_RETURN,A1-M07-I03-S3,A1-M08-I02-S3,A1-M07-I03,A1-M08-I02,CORE_OR_STRUCTURAL_ROUTE,DELAYED_RETRIEVAL_OR_TERMINAL_INTEGRATION,AS_OBJECT_POLICY_REQUIRES,,NONE,1.44,REQUIRED_SCHEDULE_EDGE_AUDITED,"Scheduled four islands after first introduction; destination story is load-balanced. This is a curriculum spacing rule, not a universal optimal interval claim."
REC-A1-002407,SEQ-A1-000810,MWU_SOURCE_UNIT,12B1-MWU-0106,habitación con baño,,,12B1-MWU-0106,LOCAL_REUSE,A1-M07-I02-S1,A1-M07-I02-S2,A1-M07-I02,A1-M07-I02,CORE_OR_STRUCTURAL_ROUTE,REEXPOSURE_OR_RETRIEVAL,AS_OBJECT_POLICY_REQUIRES,,NONE,1.44,REQUIRED_SCHEDULE_EDGE_AUDITED,
REC-A1-002408,SEQ-A1-000810,MWU_SOURCE_UNIT,12B1-MWU-0106,habitación con baño,,,12B1-MWU-0106,NEAR_TRANSFER,A1-M07-I02-S2,A1-M07-I03-S1,A1-M07-I02,A1-M07-I03,CORE_OR_STRUCTURAL_ROUTE,TRANSFER_IN_CHANGED_CONTEXT,AS_OBJECT_POLICY_REQUIRES,,NONE,1.44,REQUIRED_SCHEDULE_EDGE_AUDITED,
REC-A1-002409,SEQ-A1-000810,MWU_SOURCE_UNIT,12B1-MWU-0106,habitación con baño,,,12B1-MWU-0106,DISTANT_RETURN,A1-M07-I03-S1,A1-M08-I02-S3,A1-M07-I03,A1-M08-I02,CORE_OR_STRUCTURAL_ROUTE,DELAYED_RETRIEVAL_OR_TERMINAL_INTEGRATION,AS_OBJECT_POLICY_REQUIRES,,NONE,1.44,REQUIRED_SCHEDULE_EDGE_AUDITED,"Scheduled four islands after first introduction; destination story is load-balanced. This is a curriculum spacing rule, not a universal optimal interval claim."
REC-A1-002410,SEQ-A1-000812,MWU_SOURCE_UNIT,12B1-MWU-0108,habitación con teléfono,,,12B1-MWU-0108,LOCAL_REUSE,A1-M07-I02-S1,A1-M07-I02-S3,A1-M07-I02,A1-M07-I02,CORE_OR_STRUCTURAL_ROUTE,REEXPOSURE_OR_RETRIEVAL,AS_OBJECT_POLICY_REQUIRES,,NONE,1.44,REQUIRED_SCHEDULE_EDGE_AUDITED,
REC-A1-002411,SEQ-A1-000812,MWU_SOURCE_UNIT,12B1-MWU-0108,habitación con teléfono,,,12B1-MWU-0108,NEAR_TRANSFER,A1-M07-I02-S3,A1-M07-I03-S2,A1-M07-I02,A1-M07-I03,CORE_OR_STRUCTURAL_ROUTE,TRANSFER_IN_CHANGED_CONTEXT,AS_OBJECT_POLICY_REQUIRES,,NONE,1.44,REQUIRED_SCHEDULE_EDGE_AUDITED,
REC-A1-002412,SEQ-A1-000812,MWU_SOURCE_UNIT,12B1-MWU-0108,habitación con teléfono,,,12B1-MWU-0108,DISTANT_RETURN,A1-M07-I03-S2,A1-M08-I02-S3,A1-M07-I03,A1-M08-I02,CORE_OR_STRUCTURAL_ROUTE,DELAYED_RETRIEVAL_OR_TERMINAL_INTEGRATION,AS_OBJECT_POLICY_REQUIRES,,NONE,1.44,REQUIRED_SCHEDULE_EDGE_AUDITED,"Scheduled four islands after first introduction; destination story is load-balanced. This is a curriculum spacing rule, not a universal optimal interval claim."
REC-A1-002413,SEQ-A1-000814,MWU_SOURCE_UNIT,12B1-MWU-0110,habitación individual,,,12B1-MWU-0110,LOCAL_REUSE,A1-M07-I02-S1,A1-M07-I02-S2,A1-M07-I02,A1-M07-I02,CORE_OR_STRUCTURAL_ROUTE,REEXPOSURE_OR_RETRIEVAL,AS_OBJECT_POLICY_REQUIRES,,NONE,1.44,REQUIRED_SCHEDULE_EDGE_AUDITED,
REC-A1-002414,SEQ-A1-000814,MWU_SOURCE_UNIT,12B1-MWU-0110,habitación individual,,,12B1-MWU-0110,NEAR_TRANSFER,A1-M07-I02-S2,A1-M07-I03-S3,A1-M07-I02,A1-M07-I03,CORE_OR_STRUCTURAL_ROUTE,TRANSFER_IN_CHANGED_CONTEXT,AS_OBJECT_POLICY_REQUIRES,,NONE,1.44,REQUIRED_SCHEDULE_EDGE_AUDITED,
REC-A1-002415,SEQ-A1-000814,MWU_SOURCE_UNIT,12B1-MWU-0110,habitación individual,,,12B1-MWU-0110,DISTANT_RETURN,A1-M07-I03-S3,A1-M08-I02-S3,A1-M07-I03,A1-M08-I02,CORE_OR_STRUCTURAL_ROUTE,DELAYED_RETRIEVAL_OR_TERMINAL_INTEGRATION,AS_OBJECT_POLICY_REQUIRES,,NONE,1.44,REQUIRED_SCHEDULE_EDGE_AUDITED,"Scheduled four islands after first introduction; destination story is load-balanced. This is a curriculum spacing rule, not a universal optimal interval claim."
REC-A1-002416,SEQ-A1-000792,SENSE,SENSE-A1-000033,alquilar,LEX-A1-000033,SENSE-A1-000033,,LOCAL_REUSE,A1-M07-I02-S1,A1-M07-I02-S3,A1-M07-I02,A1-M07-I02,CORE_OR_STRUCTURAL_ROUTE,REEXPOSURE_OR_RETRIEVAL,CONTEXTUAL_OR_FUNCTION_BOUND,,NONE,1.44,REQUIRED_SCHEDULE_EDGE_AUDITED,
REC-A1-002417,SEQ-A1-000792,SENSE,SENSE-A1-000033,alquilar,LEX-A1-000033,SENSE-A1-000033,,NEAR_TRANSFER,A1-M07-I02-S3,A1-M07-I03-S1,A1-M07-I02,A1-M07-I03,CORE_OR_STRUCTURAL_ROUTE,TRANSFER_IN_CHANGED_CONTEXT,CONTEXTUAL_OR_FUNCTION_BOUND,,NONE,1.44,REQUIRED_SCHEDULE_EDGE_AUDITED,
REC-A1-002418,SEQ-A1-000792,SENSE,SENSE-A1-000033,alquilar,LEX-A1-000033,SENSE-A1-000033,,DISTANT_RETURN,A1-M07-I03-S1,A1-M08-I02-S3,A1-M07-I03,A1-M08-I02,CORE_OR_STRUCTURAL_ROUTE,DELAYED_RETRIEVAL_OR_TERMINAL_INTEGRATION,CONTEXTUAL_OR_FUNCTION_BOUND,,NONE,1.44,REQUIRED_SCHEDULE_EDGE_AUDITED,"Scheduled four islands after first introduction; destination story is load-balanced. This is a curriculum spacing rule, not a universal optimal interval claim."
REC-A1-002419,SEQ-A1-000794,SENSE,SENSE-A1-000053,ascensor,LEX-A1-000053,SENSE-A1-000053,,LOCAL_REUSE,A1-M07-I02-S1,A1-M07-I02-S2,A1-M07-I02,A1-M07-I02,CORE_OR_STRUCTURAL_ROUTE,REEXPOSURE_OR_RETRIEVAL,CONTEXTUAL_OR_FUNCTION_BOUND,,NONE,1.44,REQUIRED_SCHEDULE_EDGE_AUDITED,
REC-A1-002420,SEQ-A1-000794,SENSE,SENSE-A1-000053,ascensor,LEX-A1-000053,SENSE-A1-000053,,NEAR_TRANSFER,A1-M07-I02-S2,A1-M07-I03-S2,A1-M07-I02,A1-M07-I03,CORE_OR_STRUCTURAL_ROUTE,TRANSFER_IN_CHANGED_CONTEXT,CONTEXTUAL_OR_FUNCTION_BOUND,,NONE,1.44,REQUIRED_SCHEDULE_EDGE_AUDITED,
REC-A1-002421,SEQ-A1-000794,SENSE,SENSE-A1-000053,ascensor,LEX-A1-000053,SENSE-A1-000053,,DISTANT_RETURN,A1-M07-I03-S2,A1-M08-I02-S3,A1-M07-I03,A1-M08-I02,CORE_OR_STRUCTURAL_ROUTE,DELAYED_RETRIEVAL_OR_TERMINAL_INTEGRATION,CONTEXTUAL_OR_FUNCTION_BOUND,,NONE,1.44,REQUIRED_SCHEDULE_EDGE_AUDITED,"Scheduled four islands after first introduction; destination story is load-balanced. This is a curriculum spacing rule, not a universal optimal interval claim."
REC-A1-002422,SEQ-A1-000796,SENSE,SENSE-A1-000199,doble,LEX-A1-000195,SENSE-A1-000199,,LOCAL_REUSE,A1-M07-I02-S1,A1-M07-I02-S3,A1-M07-I02,A1-M07-I02,CORE_OR_STRUCTURAL_ROUTE,REEXPOSURE_OR_RETRIEVAL,CONTEXTUAL_OR_FUNCTION_BOUND,,NONE,1.44,REQUIRED_SCHEDULE_EDGE_AUDITED,
REC-A1-002423,SEQ-A1-000796,SENSE,SENSE-A1-000199,doble,LEX-A1-000195,SENSE-A1-000199,,NEAR_TRANSFER,A1-M07-I02-S3,A1-M07-I03-S3,A1-M07-I02,A1-M07-I03,CORE_OR_STRUCTURAL_ROUTE,TRANSFER_IN_CHANGED_CONTEXT,CONTEXTUAL_OR_FUNCTION_BOUND,,NONE,1.44,REQUIRED_SCHEDULE_EDGE_AUDITED,
REC-A1-002424,SEQ-A1-000796,SENSE,SENSE-A1-000199,doble,LEX-A1-000195,SENSE-A1-000199,,DISTANT_RETURN,A1-M07-I03-S3,A1-M08-I02-S3,A1-M07-I03,A1-M08-I02,CORE_OR_STRUCTURAL_ROUTE,DELAYED_RETRIEVAL_OR_TERMINAL_INTEGRATION,CONTEXTUAL_OR_FUNCTION_BOUND,,NONE,1.44,REQUIRED_SCHEDULE_EDGE_AUDITED,"Scheduled four islands after first introduction; destination story is load-balanced. This is a curriculum spacing rule, not a universal optimal interval claim."
REC-A1-002425,SEQ-A1-000798,SENSE,SENSE-A1-000238,estar,LEX-A1-000234,SENSE-A1-000238,,LOCAL_REUSE,A1-M07-I02-S1,A1-M07-I02-S2,A1-M07-I02,A1-M07-I02,CORE_OR_STRUCTURAL_ROUTE,REEXPOSURE_OR_RETRIEVAL,CONTEXTUAL_OR_FUNCTION_BOUND,,NONE,1.44,REQUIRED_SCHEDULE_EDGE_AUDITED,
REC-A1-002426,SEQ-A1-000798,SENSE,SENSE-A1-000238,estar,LEX-A1-000234,SENSE-A1-000238,,NEAR_TRANSFER,A1-M07-I02-S2,A1-M07-I03-S1,A1-M07-I02,A1-M07-I03,CORE_OR_STRUCTURAL_ROUTE,TRANSFER_IN_CHANGED_CONTEXT,CONTEXTUAL_OR_FUNCTION_BOUND,,NONE,1.44,REQUIRED_SCHEDULE_EDGE_AUDITED,
REC-A1-002427,SEQ-A1-000798,SENSE,SENSE-A1-000238,estar,LEX-A1-000234,SENSE-A1-000238,,DISTANT_RETURN,A1-M07-I03-S1,A1-M08-I02-S3,A1-M07-I03,A1-M08-I02,CORE_OR_STRUCTURAL_ROUTE,DELAYED_RETRIEVAL_OR_TERMINAL_INTEGRATION,CONTEXTUAL_OR_FUNCTION_BOUND,,NONE,1.44,REQUIRED_SCHEDULE_EDGE_AUDITED,"Scheduled four islands after first introduction; destination story is load-balanced. This is a curriculum spacing rule, not a universal optimal interval claim."
REC-A1-002428,SEQ-A1-000800,SENSE,SENSE-A1-000284,habitación,LEX-A1-000279,SENSE-A1-000284,,LOCAL_REUSE,A1-M07-I02-S1,A1-M07-I02-S3,A1-M07-I02,A1-M07-I02,CORE_OR_STRUCTURAL_ROUTE,REEXPOSURE_OR_RETRIEVAL,CONTEXTUAL_OR_FUNCTION_BOUND,,NONE,1.44,REQUIRED_SCHEDULE_EDGE_AUDITED,
REC-A1-002429,SEQ-A1-000800,SENSE,SENSE-A1-000284,habitación,LEX-A1-000279,SENSE-A1-000284,,NEAR_TRANSFER,A1-M07-I02-S3,A1-M07-I03-S2,A1-M07-I02,A1-M07-I03,CORE_OR_STRUCTURAL_ROUTE,TRANSFER_IN_CHANGED_CONTEXT,CONTEXTUAL_OR_FUNCTION_BOUND,,NONE,1.44,REQUIRED_SCHEDULE_EDGE_AUDITED,
REC-A1-002430,SEQ-A1-000800,SENSE,SENSE-A1-000284,habitación,LEX-A1-000279,SENSE-A1-000284,,DISTANT_RETURN,A1-M07-I03-S2,A1-M08-I02-S3,A1-M07-I03,A1-M08-I02,CORE_OR_STRUCTURAL_ROUTE,DELAYED_RETRIEVAL_OR_TERMINAL_INTEGRATION,CONTEXTUAL_OR_FUNCTION_BOUND,,NONE,1.44,REQUIRED_SCHEDULE_EDGE_AUDITED,"Scheduled four islands after first introduction; destination story is load-balanced. This is a curriculum spacing rule, not a universal optimal interval claim."
REC-A1-002431,SEQ-A1-000802,SENSE,SENSE-A1-000329,lavabo,LEX-A1-000323,SENSE-A1-000329,,LOCAL_REUSE,A1-M07-I02-S1,A1-M07-I02-S2,A1-M07-I02,A1-M07-I02,CORE_OR_STRUCTURAL_ROUTE,REEXPOSURE_OR_RETRIEVAL,CONTEXTUAL_OR_FUNCTION_BOUND,,NONE,1.44,REQUIRED_SCHEDULE_EDGE_AUDITED,
REC-A1-002432,SEQ-A1-000802,SENSE,SENSE-A1-000329,lavabo,LEX-A1-000323,SENSE-A1-000329,,NEAR_TRANSFER,A1-M07-I02-S2,A1-M07-I03-S3,A1-M07-I02,A1-M07-I03,CORE_OR_STRUCTURAL_ROUTE,TRANSFER_IN_CHANGED_CONTEXT,CONTEXTUAL_OR_FUNCTION_BOUND,,NONE,1.44,REQUIRED_SCHEDULE_EDGE_AUDITED,
REC-A1-002433,SEQ-A1-000802,SENSE,SENSE-A1-000329,lavabo,LEX-A1-000323,SENSE-A1-000329,,DISTANT_RETURN,A1-M07-I03-S3,A1-M08-I02-S3,A1-M07-I03,A1-M08-I02,CORE_OR_STRUCTURAL_ROUTE,DELAYED_RETRIEVAL_OR_TERMINAL_INTEGRATION,CONTEXTUAL_OR_FUNCTION_BOUND,,NONE,1.44,REQUIRED_SCHEDULE_EDGE_AUDITED,"Scheduled four islands after first introduction; destination story is load-balanced. This is a curriculum spacing rule, not a universal optimal interval claim."
REC-A1-002434,SEQ-A1-000804,SENSE,SENSE-A1-000560,terraza,LEX-A1-000551,SENSE-A1-000560,,LOCAL_REUSE,A1-M07-I02-S1,A1-M07-I02-S3,A1-M07-I02,A1-M07-I02,CORE_OR_STRUCTURAL_ROUTE,REEXPOSURE_OR_RETRIEVAL,CONTEXTUAL_OR_FUNCTION_BOUND,,NONE,1.44,REQUIRED_SCHEDULE_EDGE_AUDITED,
REC-A1-002435,SEQ-A1-000804,SENSE,SENSE-A1-000560,terraza,LEX-A1-000551,SENSE-A1-000560,,NEAR_TRANSFER,A1-M07-I02-S3,A1-M07-I03-S1,A1-M07-I02,A1-M07-I03,CORE_OR_STRUCTURAL_ROUTE,TRANSFER_IN_CHANGED_CONTEXT,CONTEXTUAL_OR_FUNCTION_BOUND,,NONE,1.44,REQUIRED_SCHEDULE_EDGE_AUDITED,
REC-A1-002436,SEQ-A1-000804,SENSE,SENSE-A1-000560,terraza,LEX-A1-000551,SENSE-A1-000560,,DISTANT_RETURN,A1-M07-I03-S1,A1-M08-I02-S3,A1-M07-I03,A1-M08-I02,CORE_OR_STRUCTURAL_ROUTE,DELAYED_RETRIEVAL_OR_TERMINAL_INTEGRATION,CONTEXTUAL_OR_FUNCTION_BOUND,,NONE,1.44,REQUIRED_SCHEDULE_EDGE_AUDITED,"Scheduled four islands after first introduction; destination story is load-balanced. This is a curriculum spacing rule, not a universal optimal interval claim."
REC-A1-002437,SEQ-A1-000806,MWU_SOURCE_UNIT,12B1-MWU-0074,alquilar un piso,,,12B1-MWU-0074,LOCAL_REUSE,A1-M07-I02-S2,A1-M07-I02-S3,A1-M07-I02,A1-M07-I02,CORE_OR_STRUCTURAL_ROUTE,REEXPOSURE_OR_RETRIEVAL,AS_OBJECT_POLICY_REQUIRES,,NONE,1.44,REQUIRED_SCHEDULE_EDGE_AUDITED,
REC-A1-002438,SEQ-A1-000806,MWU_SOURCE_UNIT,12B1-MWU-0074,alquilar un piso,,,12B1-MWU-0074,NEAR_TRANSFER,A1-M07-I02-S3,A1-M07-I03-S2,A1-M07-I02,A1-M07-I03,CORE_OR_STRUCTURAL_ROUTE,TRANSFER_IN_CHANGED_CONTEXT,AS_OBJECT_POLICY_REQUIRES,,NONE,1.44,REQUIRED_SCHEDULE_EDGE_AUDITED,
REC-A1-002439,SEQ-A1-000806,MWU_SOURCE_UNIT,12B1-MWU-0074,alquilar un piso,,,12B1-MWU-0074,DISTANT_RETURN,A1-M07-I03-S2,A1-M08-I02-S3,A1-M07-I03,A1-M08-I02,CORE_OR_STRUCTURAL_ROUTE,DELAYED_RETRIEVAL_OR_TERMINAL_INTEGRATION,AS_OBJECT_POLICY_REQUIRES,,NONE,1.44,REQUIRED_SCHEDULE_EDGE_AUDITED,"Scheduled four islands after first introduction; destination story is load-balanced. This is a curriculum spacing rule, not a universal optimal interval claim."
REC-A1-002440,SEQ-A1-000808,MWU_SOURCE_UNIT,12B1-MWU-0081,mal comunicado,,,12B1-MWU-0081,LOCAL_REUSE,A1-M07-I02-S2,A1-M07-I02-S3,A1-M07-I02,A1-M07-I02,CORE_OR_STRUCTURAL_ROUTE,REEXPOSURE_OR_RETRIEVAL,AS_OBJECT_POLICY_REQUIRES,,NONE,1.44,REQUIRED_SCHEDULE_EDGE_AUDITED,
REC-A1-002441,SEQ-A1-000808,MWU_SOURCE_UNIT,12B1-MWU-0081,mal comunicado,,,12B1-MWU-0081,NEAR_TRANSFER,A1-M07-I02-S3,A1-M07-I03-S3,A1-M07-I02,A1-M07-I03,CORE_OR_STRUCTURAL_ROUTE,TRANSFER_IN_CHANGED_CONTEXT,AS_OBJECT_POLICY_REQUIRES,,NONE,1.44,REQUIRED_SCHEDULE_EDGE_AUDITED,
REC-A1-002442,SEQ-A1-000808,MWU_SOURCE_UNIT,12B1-MWU-0081,mal comunicado,,,12B1-MWU-0081,DISTANT_RETURN,A1-M07-I03-S3,A1-M08-I02-S3,A1-M07-I03,A1-M08-I02,CORE_OR_STRUCTURAL_ROUTE,DELAYED_RETRIEVAL_OR_TERMINAL_INTEGRATION,AS_OBJECT_POLICY_REQUIRES,,NONE,1.44,REQUIRED_SCHEDULE_EDGE_AUDITED,"Scheduled four islands after first introduction; destination story is load-balanced. This is a curriculum spacing rule, not a universal optimal interval claim."
REC-A1-002443,SEQ-A1-000809,MWU_SOURCE_UNIT,12B1-MWU-0105,habitación con aire acondicionado,,,12B1-MWU-0105,LOCAL_REUSE,A1-M07-I02-S2,A1-M07-I02-S3,A1-M07-I02,A1-M07-I02,CORE_OR_STRUCTURAL_ROUTE,REEXPOSURE_OR_RETRIEVAL,AS_OBJECT_POLICY_REQUIRES,,NONE,1.44,REQUIRED_SCHEDULE_EDGE_AUDITED,
REC-A1-002444,SEQ-A1-000809,MWU_SOURCE_UNIT,12B1-MWU-0105,habitación con aire acondicionado,,,12B1-MWU-0105,NEAR_TRANSFER,A1-M07-I02-S3,A1-M07-I03-S1,A1-M07-I02,A1-M07-I03,CORE_OR_STRUCTURAL_ROUTE,TRANSFER_IN_CHANGED_CONTEXT,AS_OBJECT_POLICY_REQUIRES,,NONE,1.44,REQUIRED_SCHEDULE_EDGE_AUDITED,
REC-A1-002445,SEQ-A1-000809,MWU_SOURCE_UNIT,12B1-MWU-0105,habitación con aire acondicionado,,,12B1-MWU-0105,DISTANT_RETURN,A1-M07-I03-S1,A1-M08-I02-S3,A1-M07-I03,A1-M08-I02,CORE_OR_STRUCTURAL_ROUTE,DELAYED_RETRIEVAL_OR_TERMINAL_INTEGRATION,AS_OBJECT_POLICY_REQUIRES,,NONE,1.44,REQUIRED_SCHEDULE_EDGE_AUDITED,"Scheduled four islands after first introduction; destination story is load-balanced. This is a curriculum spacing rule, not a universal optimal interval claim."
REC-A1-002446,SEQ-A1-000811,MWU_SOURCE_UNIT,12B1-MWU-0107,habitación con televisión,,,12B1-MWU-0107,LOCAL_REUSE,A1-M07-I02-S2,A1-M07-I02-S3,A1-M07-I02,A1-M07-I02,CORE_OR_STRUCTURAL_ROUTE,REEXPOSURE_OR_RETRIEVAL,AS_OBJECT_POLICY_REQUIRES,,NONE,1.44,REQUIRED_SCHEDULE_EDGE_AUDITED,
REC-A1-002447,SEQ-A1-000811,MWU_SOURCE_UNIT,12B1-MWU-0107,habitación con televisión,,,12B1-MWU-0107,NEAR_TRANSFER,A1-M07-I02-S3,A1-M07-I03-S2,A1-M07-I02,A1-M07-I03,CORE_OR_STRUCTURAL_ROUTE,TRANSFER_IN_CHANGED_CONTEXT,AS_OBJECT_POLICY_REQUIRES,,NONE,1.44,REQUIRED_SCHEDULE_EDGE_AUDITED,
REC-A1-002448,SEQ-A1-000811,MWU_SOURCE_UNIT,12B1-MWU-0107,habitación con televisión,,,12B1-MWU-0107,DISTANT_RETURN,A1-M07-I03-S2,A1-M08-I02-S3,A1-M07-I03,A1-M08-I02,CORE_OR_STRUCTURAL_ROUTE,DELAYED_RETRIEVAL_OR_TERMINAL_INTEGRATION,AS_OBJECT_POLICY_REQUIRES,,NONE,1.44,REQUIRED_SCHEDULE_EDGE_AUDITED,"Scheduled four islands after first introduction; destination story is load-balanced. This is a curriculum spacing rule, not a universal optimal interval claim."
REC-A1-002449,SEQ-A1-000813,MWU_SOURCE_UNIT,12B1-MWU-0109,habitación doble,,,12B1-MWU-0109,LOCAL_REUSE,A1-M07-I02-S2,A1-M07-I02-S3,A1-M07-I02,A1-M07-I02,CORE_OR_STRUCTURAL_ROUTE,REEXPOSURE_OR_RETRIEVAL,AS_OBJECT_POLICY_REQUIRES,,NONE,1.44,REQUIRED_SCHEDULE_EDGE_AUDITED,
REC-A1-002450,SEQ-A1-000813,MWU_SOURCE_UNIT,12B1-MWU-0109,habitación doble,,,12B1-MWU-0109,NEAR_TRANSFER,A1-M07-I02-S3,A1-M07-I03-S3,A1-M07-I02,A1-M07-I03,CORE_OR_STRUCTURAL_ROUTE,TRANSFER_IN_CHANGED_CONTEXT,AS_OBJECT_POLICY_REQUIRES,,NONE,1.44,REQUIRED_SCHEDULE_EDGE_AUDITED,
REC-A1-002451,SEQ-A1-000813,MWU_SOURCE_UNIT,12B1-MWU-0109,habitación doble,,,12B1-MWU-0109,DISTANT_RETURN,A1-M07-I03-S3,A1-M08-I02-S3,A1-M07-I03,A1-M08-I02,CORE_OR_STRUCTURAL_ROUTE,DELAYED_RETRIEVAL_OR_TERMINAL_INTEGRATION,AS_OBJECT_POLICY_REQUIRES,,NONE,1.44,REQUIRED_SCHEDULE_EDGE_AUDITED,"Scheduled four islands after first introduction; destination story is load-balanced. This is a curriculum spacing rule, not a universal optimal interval claim."
REC-A1-002452,SEQ-A1-000793,SENSE,SENSE-A1-000045,apartamento,LEX-A1-000045,SENSE-A1-000045,,LOCAL_REUSE,A1-M07-I02-S2,A1-M07-I02-S3,A1-M07-I02,A1-M07-I02,CORE_OR_STRUCTURAL_ROUTE,REEXPOSURE_OR_RETRIEVAL,CONTEXTUAL_OR_FUNCTION_BOUND,,NONE,1.44,REQUIRED_SCHEDULE_EDGE_AUDITED,
REC-A1-002453,SEQ-A1-000793,SENSE,SENSE-A1-000045,apartamento,LEX-A1-000045,SENSE-A1-000045,,NEAR_TRANSFER,A1-M07-I02-S3,A1-M07-I03-S1,A1-M07-I02,A1-M07-I03,CORE_OR_STRUCTURAL_ROUTE,TRANSFER_IN_CHANGED_CONTEXT,CONTEXTUAL_OR_FUNCTION_BOUND,,NONE,1.44,REQUIRED_SCHEDULE_EDGE_AUDITED,
REC-A1-002454,SEQ-A1-000793,SENSE,SENSE-A1-000045,apartamento,LEX-A1-000045,SENSE-A1-000045,,DISTANT_RETURN,A1-M07-I03-S1,A1-M08-I02-S2,A1-M07-I03,A1-M08-I02,CORE_OR_STRUCTURAL_ROUTE,DELAYED_RETRIEVAL_OR_TERMINAL_INTEGRATION,CONTEXTUAL_OR_FUNCTION_BOUND,,NONE,1.44,REQUIRED_SCHEDULE_EDGE_AUDITED,"Scheduled four islands after first introduction; destination story is load-balanced. This is a curriculum spacing rule, not a universal optimal interval claim."
REC-A1-002455,SEQ-A1-000795,SENSE,SENSE-A1-000156,comunicado,LEX-A1-000154,SENSE-A1-000156,,LOCAL_REUSE,A1-M07-I02-S2,A1-M07-I02-S3,A1-M07-I02,A1-M07-I02,CORE_OR_STRUCTURAL_ROUTE,REEXPOSURE_OR_RETRIEVAL,CONTEXTUAL_OR_FUNCTION_BOUND,,NONE,1.44,REQUIRED_SCHEDULE_EDGE_AUDITED,
REC-A1-002456,SEQ-A1-000795,SENSE,SENSE-A1-000156,comunicado,LEX-A1-000154,SENSE-A1-000156,,NEAR_TRANSFER,A1-M07-I02-S3,A1-M07-I03-S2,A1-M07-I02,A1-M07-I03,CORE_OR_STRUCTURAL_ROUTE,TRANSFER_IN_CHANGED_CONTEXT,CONTEXTUAL_OR_FUNCTION_BOUND,,NONE,1.44,REQUIRED_SCHEDULE_EDGE_AUDITED,
REC-A1-002457,SEQ-A1-000795,SENSE,SENSE-A1-000156,comunicado,LEX-A1-000154,SENSE-A1-000156,,DISTANT_RETURN,A1-M07-I03-S2,A1-M08-I02-S3,A1-M07-I03,A1-M08-I02,CORE_OR_STRUCTURAL_ROUTE,DELAYED_RETRIEVAL_OR_TERMINAL_INTEGRATION,CONTEXTUAL_OR_FUNCTION_BOUND,,NONE,1.44,REQUIRED_SCHEDULE_EDGE_AUDITED,"Scheduled four islands after first introduction; destination story is load-balanced. This is a curriculum spacing rule, not a universal optimal interval claim."
REC-A1-002458,SEQ-A1-000797,SENSE,SENSE-A1-000226,escalera,LEX-A1-000222,SENSE-A1-000226,,LOCAL_REUSE,A1-M07-I02-S2,A1-M07-I02-S3,A1-M07-I02,A1-M07-I02,CORE_OR_STRUCTURAL_ROUTE,REEXPOSURE_OR_RETRIEVAL,CONTEXTUAL_OR_FUNCTION_BOUND,,NONE,1.44,REQUIRED_SCHEDULE_EDGE_AUDITED,
REC-A1-002459,SEQ-A1-000797,SENSE,SENSE-A1-000226,escalera,LEX-A1-000222,SENSE-A1-000226,,NEAR_TRANSFER,A1-M07-I02-S3,A1-M07-I03-S3,A1-M07-I02,A1-M07-I03,CORE_OR_STRUCTURAL_ROUTE,TRANSFER_IN_CHANGED_CONTEXT,CONTEXTUAL_OR_FUNCTION_BOUND,,NONE,1.44,REQUIRED_SCHEDULE_EDGE_AUDITED,
REC-A1-002460,SEQ-A1-000797,SENSE,SENSE-A1-000226,escalera,LEX-A1-000222,SENSE-A1-000226,,DISTANT_RETURN,A1-M07-I03-S3,A1-M08-I02-S1,A1-M07-I03,A1-M08-I02,CORE_OR_STRUCTURAL_ROUTE,DELAYED_RETRIEVAL_OR_TERMINAL_INTEGRATION,CONTEXTUAL_OR_FUNCTION_BOUND,,NONE,1.44,REQUIRED_SCHEDULE_EDGE_AUDITED,"Scheduled four islands after first introduction; destination story is load-balanced. This is a curriculum spacing rule, not a universal optimal interval claim."
REC-A1-002461,SEQ-A1-000799,SENSE,SENSE-A1-000270,garaje,LEX-A1-000265,SENSE-A1-000270,,LOCAL_REUSE,A1-M07-I02-S2,A1-M07-I02-S3,A1-M07-I02,A1-M07-I02,CORE_OR_STRUCTURAL_ROUTE,REEXPOSURE_OR_RETRIEVAL,CONTEXTUAL_OR_FUNCTION_BOUND,,NONE,1.44,REQUIRED_SCHEDULE_EDGE_AUDITED,
REC-A1-002462,SEQ-A1-000799,SENSE,SENSE-A1-000270,garaje,LEX-A1-000265,SENSE-A1-000270,,NEAR_TRANSFER,A1-M07-I02-S3,A1-M07-I03-S1,A1-M07-I02,A1-M07-I03,CORE_OR_STRUCTURAL_ROUTE,TRANSFER_IN_CHANGED_CONTEXT,CONTEXTUAL_OR_FUNCTION_BOUND,,NONE,1.44,REQUIRED_SCHEDULE_EDGE_AUDITED,
REC-A1-002463,SEQ-A1-000799,SENSE,SENSE-A1-000270,garaje,LEX-A1-000265,SENSE-A1-000270,,DISTANT_RETURN,A1-M07-I03-S1,A1-M08-I02-S2,A1-M07-I03,A1-M08-I02,CORE_OR_STRUCTURAL_ROUTE,DELAYED_RETRIEVAL_OR_TERMINAL_INTEGRATION,CONTEXTUAL_OR_FUNCTION_BOUND,,NONE,1.44,REQUIRED_SCHEDULE_EDGE_AUDITED,"Scheduled four islands after first introduction; destination story is load-balanced. This is a curriculum spacing rule, not a universal optimal interval claim."
REC-A1-002464,SEQ-A1-000801,SENSE,SENSE-A1-000297,hotel,LEX-A1-000292,SENSE-A1-000297,,LOCAL_REUSE,A1-M07-I02-S2,A1-M07-I02-S3,A1-M07-I02,A1-M07-I02,CORE_OR_STRUCTURAL_ROUTE,REEXPOSURE_OR_RETRIEVAL,CONTEXTUAL_OR_FUNCTION_BOUND,,NONE,1.44,REQUIRED_SCHEDULE_EDGE_AUDITED,
REC-A1-002465,SEQ-A1-000801,SENSE,SENSE-A1-000297,hotel,LEX-A1-000292,SENSE-A1-000297,,NEAR_TRANSFER,A1-M07-I02-S3,A1-M07-I03-S2,A1-M07-I02,A1-M07-I03,CORE_OR_STRUCTURAL_ROUTE,TRANSFER_IN_CHANGED_CONTEXT,CONTEXTUAL_OR_FUNCTION_BOUND,,NONE,1.44,REQUIRED_SCHEDULE_EDGE_AUDITED,
REC-A1-002466,SEQ-A1-000801,SENSE,SENSE-A1-000297,hotel,LEX-A1-000292,SENSE-A1-000297,,DISTANT_RETURN,A1-M07-I03-S2,A1-M08-I02-S3,A1-M07-I03,A1-M08-I02,CORE_OR_STRUCTURAL_ROUTE,DELAYED_RETRIEVAL_OR_TERMINAL_INTEGRATION,CONTEXTUAL_OR_FUNCTION_BOUND,,NONE,1.44,REQUIRED_SCHEDULE_EDGE_AUDITED,"Scheduled four islands after first introduction; destination story is load-balanced. This is a curriculum spacing rule, not a universal optimal interval claim."
REC-A1-002467,SEQ-A1-000803,SENSE,SENSE-A1-000446,piso,LEX-A1-000438,SENSE-A1-000446,,LOCAL_REUSE,A1-M07-I02-S2,A1-M07-I02-S3,A1-M07-I02,A1-M07-I02,CORE_OR_STRUCTURAL_ROUTE,REEXPOSURE_OR_RETRIEVAL,CONTEXTUAL_OR_FUNCTION_BOUND,,NONE,1.44,REQUIRED_SCHEDULE_EDGE_AUDITED,
REC-A1-002468,SEQ-A1-000803,SENSE,SENSE-A1-000446,piso,LEX-A1-000438,SENSE-A1-000446,,NEAR_TRANSFER,A1-M07-I02-S3,A1-M07-I03-S3,A1-M07-I02,A1-M07-I03,CORE_OR_STRUCTURAL_ROUTE,TRANSFER_IN_CHANGED_CONTEXT,CONTEXTUAL_OR_FUNCTION_BOUND,,NONE,1.44,REQUIRED_SCHEDULE_EDGE_AUDITED,
REC-A1-002469,SEQ-A1-000803,SENSE,SENSE-A1-000446,piso,LEX-A1-000438,SENSE-A1-000446,,DISTANT_RETURN,A1-M07-I03-S3,A1-M08-I02-S1,A1-M07-I03,A1-M08-I02,CORE_OR_STRUCTURAL_ROUTE,DELAYED_RETRIEVAL_OR_TERMINAL_INTEGRATION,CONTEXTUAL_OR_FUNCTION_BOUND,,NONE,1.44,REQUIRED_SCHEDULE_EDGE_AUDITED,"Scheduled four islands after first introduction; destination story is load-balanced. This is a curriculum spacing rule, not a universal optimal interval claim."
REC-A1-002470,SEQ-A1-000834,MWU_SOURCE_UNIT,12B1-MWU-0134,hacer buen tiempo,,,12B1-MWU-0134,LOCAL_REUSE,A1-M07-I03-S1,A1-M07-I03-S2,A1-M07-I03,A1-M07-I03,CORE_OR_STRUCTURAL_ROUTE,REEXPOSURE_OR_RETRIEVAL,AS_OBJECT_POLICY_REQUIRES,,NONE,1.44,REQUIRED_SCHEDULE_EDGE_AUDITED,
REC-A1-002471,SEQ-A1-000834,MWU_SOURCE_UNIT,12B1-MWU-0134,hacer buen tiempo,,,12B1-MWU-0134,NEAR_TRANSFER,A1-M07-I03-S2,A1-M07-I04-S1,A1-M07-I03,A1-M07-I04,CORE_OR_STRUCTURAL_ROUTE,TRANSFER_IN_CHANGED_CONTEXT,AS_OBJECT_POLICY_REQUIRES,,NONE,1.44,REQUIRED_SCHEDULE_EDGE_AUDITED,
REC-A1-002472,SEQ-A1-000834,MWU_SOURCE_UNIT,12B1-MWU-0134,hacer buen tiempo,,,12B1-MWU-0134,DISTANT_RETURN,A1-M07-I04-S1,A1-M08-I03-S4,A1-M07-I04,A1-M08-I03,CORE_OR_STRUCTURAL_ROUTE,DELAYED_RETRIEVAL_OR_TERMINAL_INTEGRATION,AS_OBJECT_POLICY_REQUIRES,,NONE,1.44,REQUIRED_SCHEDULE_EDGE_AUDITED,"Scheduled four islands after first introduction; destination story is load-balanced. This is a curriculum spacing rule, not a universal optimal interval claim."
REC-A1-002473,SEQ-A1-000836,MWU_SOURCE_UNIT,12B1-MWU-0136,hacer frío,,,12B1-MWU-0136,LOCAL_REUSE,A1-M07-I03-S1,A1-M07-I03-S3,A1-M07-I03,A1-M07-I03,CORE_OR_STRUCTURAL_ROUTE,REEXPOSURE_OR_RETRIEVAL,AS_OBJECT_POLICY_REQUIRES,,NONE,1.44,REQUIRED_SCHEDULE_EDGE_AUDITED,
REC-A1-002474,SEQ-A1-000836,MWU_SOURCE_UNIT,12B1-MWU-0136,hacer frío,,,12B1-MWU-0136,NEAR_TRANSFER,A1-M07-I03-S3,A1-M07-I04-S2,A1-M07-I03,A1-M07-I04,CORE_OR_STRUCTURAL_ROUTE,TRANSFER_IN_CHANGED_CONTEXT,AS_OBJECT_POLICY_REQUIRES,,NONE,1.44,REQUIRED_SCHEDULE_EDGE_AUDITED,
REC-A1-002475,SEQ-A1-000836,MWU_SOURCE_UNIT,12B1-MWU-0136,hacer frío,,,12B1-MWU-0136,DISTANT_RETURN,A1-M07-I04-S2,A1-M08-I03-S4,A1-M07-I04,A1-M08-I03,CORE_OR_STRUCTURAL_ROUTE,DELAYED_RETRIEVAL_OR_TERMINAL_INTEGRATION,AS_OBJECT_POLICY_REQUIRES,,NONE,1.44,REQUIRED_SCHEDULE_EDGE_AUDITED,"Scheduled four islands after first introduction; destination story is load-balanced. This is a curriculum spacing rule, not a universal optimal interval claim."
REC-A1-002476,SEQ-A1-000838,MWU_SOURCE_UNIT,12B1-MWU-0138,hacer sol,,,12B1-MWU-0138,LOCAL_REUSE,A1-M07-I03-S1,A1-M07-I03-S2,A1-M07-I03,A1-M07-I03,CORE_OR_STRUCTURAL_ROUTE,REEXPOSURE_OR_RETRIEVAL,AS_OBJECT_POLICY_REQUIRES,,NONE,1.44,REQUIRED_SCHEDULE_EDGE_AUDITED,
REC-A1-002477,SEQ-A1-000838,MWU_SOURCE_UNIT,12B1-MWU-0138,hacer sol,,,12B1-MWU-0138,NEAR_TRANSFER,A1-M07-I03-S2,A1-M07-I04-S3,A1-M07-I03,A1-M07-I04,CORE_OR_STRUCTURAL_ROUTE,TRANSFER_IN_CHANGED_CONTEXT,AS_OBJECT_POLICY_REQUIRES,,NONE,1.44,REQUIRED_SCHEDULE_EDGE_AUDITED,
REC-A1-002478,SEQ-A1-000838,MWU_SOURCE_UNIT,12B1-MWU-0138,hacer sol,,,12B1-MWU-0138,DISTANT_RETURN,A1-M07-I04-S3,A1-M08-I03-S4,A1-M07-I04,A1-M08-I03,CORE_OR_STRUCTURAL_ROUTE,DELAYED_RETRIEVAL_OR_TERMINAL_INTEGRATION,AS_OBJECT_POLICY_REQUIRES,,NONE,1.44,REQUIRED_SCHEDULE_EDGE_AUDITED,"Scheduled four islands after first introduction; destination story is load-balanced. This is a curriculum spacing rule, not a universal optimal interval claim."
REC-A1-002479,SEQ-A1-000815,SENSE,SENSE-A1-000024,aire,LEX-A1-000024,SENSE-A1-000024,,LOCAL_REUSE,A1-M07-I03-S1,A1-M07-I03-S3,A1-M07-I03,A1-M07-I03,CORE_OR_STRUCTURAL_ROUTE,REEXPOSURE_OR_RETRIEVAL,CONTEXTUAL_OR_FUNCTION_BOUND,,NONE,1.44,REQUIRED_SCHEDULE_EDGE_AUDITED,
REC-A1-002480,SEQ-A1-000815,SENSE,SENSE-A1-000024,aire,LEX-A1-000024,SENSE-A1-000024,,NEAR_TRANSFER,A1-M07-I03-S3,A1-M07-I04-S1,A1-M07-I03,A1-M07-I04,CORE_OR_STRUCTURAL_ROUTE,TRANSFER_IN_CHANGED_CONTEXT,CONTEXTUAL_OR_FUNCTION_BOUND,,NONE,1.44,REQUIRED_SCHEDULE_EDGE_AUDITED,
REC-A1-002481,SEQ-A1-000815,SENSE,SENSE-A1-000024,aire,LEX-A1-000024,SENSE-A1-000024,,DISTANT_RETURN,A1-M07-I04-S1,A1-M08-I03-S4,A1-M07-I04,A1-M08-I03,CORE_OR_STRUCTURAL_ROUTE,DELAYED_RETRIEVAL_OR_TERMINAL_INTEGRATION,CONTEXTUAL_OR_FUNCTION_BOUND,,NONE,1.44,REQUIRED_SCHEDULE_EDGE_AUDITED,"Scheduled four islands after first introduction; destination story is load-balanced. This is a curriculum spacing rule, not a universal optimal interval claim."
REC-A1-002482,SEQ-A1-000817,SENSE,SENSE-A1-000050,árbol,LEX-A1-000050,SENSE-A1-000050,,LOCAL_REUSE,A1-M07-I03-S1,A1-M07-I03-S2,A1-M07-I03,A1-M07-I03,CORE_OR_STRUCTURAL_ROUTE,REEXPOSURE_OR_RETRIEVAL,CONTEXTUAL_OR_FUNCTION_BOUND,,NONE,1.44,REQUIRED_SCHEDULE_EDGE_AUDITED,
REC-A1-002483,SEQ-A1-000817,SENSE,SENSE-A1-000050,árbol,LEX-A1-000050,SENSE-A1-000050,,NEAR_TRANSFER,A1-M07-I03-S2,A1-M07-I04-S2,A1-M07-I03,A1-M07-I04,CORE_OR_STRUCTURAL_ROUTE,TRANSFER_IN_CHANGED_CONTEXT,CONTEXTUAL_OR_FUNCTION_BOUND,,NONE,1.44,REQUIRED_SCHEDULE_EDGE_AUDITED,
REC-A1-002484,SEQ-A1-000817,SENSE,SENSE-A1-000050,árbol,LEX-A1-000050,SENSE-A1-000050,,DISTANT_RETURN,A1-M07-I04-S2,A1-M08-I03-S4,A1-M07-I04,A1-M08-I03,CORE_OR_STRUCTURAL_ROUTE,DELAYED_RETRIEVAL_OR_TERMINAL_INTEGRATION,CONTEXTUAL_OR_FUNCTION_BOUND,,NONE,1.44,REQUIRED_SCHEDULE_EDGE_AUDITED,"Scheduled four islands after first introduction; destination story is load-balanced. This is a curriculum spacing rule, not a universal optimal interval claim."
REC-A1-002485,SEQ-A1-000818,SENSE,SENSE-A1-000094,caliente,LEX-A1-000092,SENSE-A1-000094,,LOCAL_REUSE,A1-M07-I03-S1,A1-M07-I03-S3,A1-M07-I03,A1-M07-I03,CORE_OR_STRUCTURAL_ROUTE,REEXPOSURE_OR_RETRIEVAL,CONTEXTUAL_OR_FUNCTION_BOUND,,NONE,1.44,REQUIRED_SCHEDULE_EDGE_AUDITED,
REC-A1-002486,SEQ-A1-000818,SENSE,SENSE-A1-000094,caliente,LEX-A1-000092,SENSE-A1-000094,,NEAR_TRANSFER,A1-M07-I03-S3,A1-M07-I04-S3,A1-M07-I03,A1-M07-I04,CORE_OR_STRUCTURAL_ROUTE,TRANSFER_IN_CHANGED_CONTEXT,CONTEXTUAL_OR_FUNCTION_BOUND,,NONE,1.44,REQUIRED_SCHEDULE_EDGE_AUDITED,
REC-A1-002487,SEQ-A1-000818,SENSE,SENSE-A1-000094,caliente,LEX-A1-000092,SENSE-A1-000094,,DISTANT_RETURN,A1-M07-I04-S3,A1-M08-I03-S4,A1-M07-I04,A1-M08-I03,CORE_OR_STRUCTURAL_ROUTE,DELAYED_RETRIEVAL_OR_TERMINAL_INTEGRATION,CONTEXTUAL_OR_FUNCTION_BOUND,,NONE,1.44,REQUIRED_SCHEDULE_EDGE_AUDITED,"Scheduled four islands after first introduction; destination story is load-balanced. This is a curriculum spacing rule, not a universal optimal interval claim."
REC-A1-002488,SEQ-A1-000820,SENSE,SENSE-A1-000102,campo,LEX-A1-000100,SENSE-A1-000102,,LOCAL_REUSE,A1-M07-I03-S1,A1-M07-I03-S2,A1-M07-I03,A1-M07-I03,CORE_OR_STRUCTURAL_ROUTE,REEXPOSURE_OR_RETRIEVAL,CONTEXTUAL_OR_FUNCTION_BOUND,,NONE,1.44,REQUIRED_SCHEDULE_EDGE_AUDITED,
REC-A1-002489,SEQ-A1-000820,SENSE,SENSE-A1-000102,campo,LEX-A1-000100,SENSE-A1-000102,,NEAR_TRANSFER,A1-M07-I03-S2,A1-M07-I04-S1,A1-M07-I03,A1-M07-I04,CORE_OR_STRUCTURAL_ROUTE,TRANSFER_IN_CHANGED_CONTEXT,CONTEXTUAL_OR_FUNCTION_BOUND,,NONE,1.44,REQUIRED_SCHEDULE_EDGE_AUDITED,
REC-A1-002490,SEQ-A1-000820,SENSE,SENSE-A1-000102,campo,LEX-A1-000100,SENSE-A1-000102,,DISTANT_RETURN,A1-M07-I04-S1,A1-M08-I03-S4,A1-M07-I04,A1-M08-I03,CORE_OR_STRUCTURAL_ROUTE,DELAYED_RETRIEVAL_OR_TERMINAL_INTEGRATION,CONTEXTUAL_OR_FUNCTION_BOUND,,NONE,1.44,REQUIRED_SCHEDULE_EDGE_AUDITED,"Scheduled four islands after first introduction; destination story is load-balanced. This is a curriculum spacing rule, not a universal optimal interval claim."
REC-A1-002491,SEQ-A1-000822,SENSE,SENSE-A1-000264,frío,LEX-A1-000260,SENSE-A1-000264,,LOCAL_REUSE,A1-M07-I03-S1,A1-M07-I03-S3,A1-M07-I03,A1-M07-I03,CORE_OR_STRUCTURAL_ROUTE,REEXPOSURE_OR_RETRIEVAL,CONTEXTUAL_OR_FUNCTION_BOUND,,NONE,1.44,REQUIRED_SCHEDULE_EDGE_AUDITED,
REC-A1-002492,SEQ-A1-000822,SENSE,SENSE-A1-000264,frío,LEX-A1-000260,SENSE-A1-000264,,NEAR_TRANSFER,A1-M07-I03-S3,A1-M07-I04-S2,A1-M07-I03,A1-M07-I04,CORE_OR_STRUCTURAL_ROUTE,TRANSFER_IN_CHANGED_CONTEXT,CONTEXTUAL_OR_FUNCTION_BOUND,,NONE,1.44,REQUIRED_SCHEDULE_EDGE_AUDITED,
REC-A1-002493,SEQ-A1-000822,SENSE,SENSE-A1-000264,frío,LEX-A1-000260,SENSE-A1-000264,,DISTANT_RETURN,A1-M07-I04-S2,A1-M08-I03-S4,A1-M07-I04,A1-M08-I03,CORE_OR_STRUCTURAL_ROUTE,DELAYED_RETRIEVAL_OR_TERMINAL_INTEGRATION,CONTEXTUAL_OR_FUNCTION_BOUND,,NONE,1.44,REQUIRED_SCHEDULE_EDGE_AUDITED,"Scheduled four islands after first introduction; destination story is load-balanced. This is a curriculum spacing rule, not a universal optimal interval claim."
REC-A1-002494,SEQ-A1-000824,SENSE,SENSE-A1-000312,invierno,LEX-A1-000306,SENSE-A1-000312,,LOCAL_REUSE,A1-M07-I03-S1,A1-M07-I03-S2,A1-M07-I03,A1-M07-I03,CORE_OR_STRUCTURAL_ROUTE,REEXPOSURE_OR_RETRIEVAL,CONTEXTUAL_OR_FUNCTION_BOUND,,NONE,1.44,REQUIRED_SCHEDULE_EDGE_AUDITED,
REC-A1-002495,SEQ-A1-000824,SENSE,SENSE-A1-000312,invierno,LEX-A1-000306,SENSE-A1-000312,,NEAR_TRANSFER,A1-M07-I03-S2,A1-M07-I04-S3,A1-M07-I03,A1-M07-I04,CORE_OR_STRUCTURAL_ROUTE,TRANSFER_IN_CHANGED_CONTEXT,CONTEXTUAL_OR_FUNCTION_BOUND,,NONE,1.44,REQUIRED_SCHEDULE_EDGE_AUDITED,
REC-A1-002496,SEQ-A1-000824,SENSE,SENSE-A1-000312,invierno,LEX-A1-000306,SENSE-A1-000312,,DISTANT_RETURN,A1-M07-I04-S3,A1-M08-I03-S4,A1-M07-I04,A1-M08-I03,CORE_OR_STRUCTURAL_ROUTE,DELAYED_RETRIEVAL_OR_TERMINAL_INTEGRATION,CONTEXTUAL_OR_FUNCTION_BOUND,,NONE,1.44,REQUIRED_SCHEDULE_EDGE_AUDITED,"Scheduled four islands after first introduction; destination story is load-balanced. This is a curriculum spacing rule, not a universal optimal interval claim."
REC-A1-002497,SEQ-A1-000826,SENSE,SENSE-A1-000354,mar,LEX-A1-000348,SENSE-A1-000354,,LOCAL_REUSE,A1-M07-I03-S1,A1-M07-I03-S3,A1-M07-I03,A1-M07-I03,CORE_OR_STRUCTURAL_ROUTE,REEXPOSURE_OR_RETRIEVAL,CONTEXTUAL_OR_FUNCTION_BOUND,,NONE,1.44,REQUIRED_SCHEDULE_EDGE_AUDITED,
REC-A1-002498,SEQ-A1-000826,SENSE,SENSE-A1-000354,mar,LEX-A1-000348,SENSE-A1-000354,,NEAR_TRANSFER,A1-M07-I03-S3,A1-M07-I04-S1,A1-M07-I03,A1-M07-I04,CORE_OR_STRUCTURAL_ROUTE,TRANSFER_IN_CHANGED_CONTEXT,CONTEXTUAL_OR_FUNCTION_BOUND,,NONE,1.44,REQUIRED_SCHEDULE_EDGE_AUDITED,
REC-A1-002499,SEQ-A1-000826,SENSE,SENSE-A1-000354,mar,LEX-A1-000348,SENSE-A1-000354,,DISTANT_RETURN,A1-M07-I04-S1,A1-M08-I03-S4,A1-M07-I04,A1-M08-I03,CORE_OR_STRUCTURAL_ROUTE,DELAYED_RETRIEVAL_OR_TERMINAL_INTEGRATION,CONTEXTUAL_OR_FUNCTION_BOUND,,NONE,1.44,REQUIRED_SCHEDULE_EDGE_AUDITED,"Scheduled four islands after first introduction; destination story is load-balanced. This is a curriculum spacing rule, not a universal optimal interval claim."
REC-A1-002500,SEQ-A1-000828,SENSE,SENSE-A1-000421,otoño,LEX-A1-000414,SENSE-A1-000421,,LOCAL_REUSE,A1-M07-I03-S1,A1-M07-I03-S2,A1-M07-I03,A1-M07-I03,CORE_OR_STRUCTURAL_ROUTE,REEXPOSURE_OR_RETRIEVAL,CONTEXTUAL_OR_FUNCTION_BOUND,,NONE,1.44,REQUIRED_SCHEDULE_EDGE_AUDITED,
REC-A1-002501,SEQ-A1-000828,SENSE,SENSE-A1-000421,otoño,LEX-A1-000414,SENSE-A1-000421,,NEAR_TRANSFER,A1-M07-I03-S2,A1-M07-I04-S2,A1-M07-I03,A1-M07-I04,CORE_OR_STRUCTURAL_ROUTE,TRANSFER_IN_CHANGED_CONTEXT,CONTEXTUAL_OR_FUNCTION_BOUND,,NONE,1.44,REQUIRED_SCHEDULE_EDGE_AUDITED,
REC-A1-002502,SEQ-A1-000828,SENSE,SENSE-A1-000421,otoño,LEX-A1-000414,SENSE-A1-000421,,DISTANT_RETURN,A1-M07-I04-S2,A1-M08-I03-S4,A1-M07-I04,A1-M08-I03,CORE_OR_STRUCTURAL_ROUTE,DELAYED_RETRIEVAL_OR_TERMINAL_INTEGRATION,CONTEXTUAL_OR_FUNCTION_BOUND,,NONE,1.44,REQUIRED_SCHEDULE_EDGE_AUDITED,"Scheduled four islands after first introduction; destination story is load-balanced. This is a curriculum spacing rule, not a universal optimal interval claim."
REC-A1-002503,SEQ-A1-000830,SENSE,SENSE-A1-000501,río,LEX-A1-000492,SENSE-A1-000501,,LOCAL_REUSE,A1-M07-I03-S1,A1-M07-I03-S3,A1-M07-I03,A1-M07-I03,CORE_OR_STRUCTURAL_ROUTE,REEXPOSURE_OR_RETRIEVAL,CONTEXTUAL_OR_FUNCTION_BOUND,,NONE,1.44,REQUIRED_SCHEDULE_EDGE_AUDITED,
REC-A1-002504,SEQ-A1-000830,SENSE,SENSE-A1-000501,río,LEX-A1-000492,SENSE-A1-000501,,NEAR_TRANSFER,A1-M07-I03-S3,A1-M07-I04-S3,A1-M07-I03,A1-M07-I04,CORE_OR_STRUCTURAL_ROUTE,TRANSFER_IN_CHANGED_CONTEXT,CONTEXTUAL_OR_FUNCTION_BOUND,,NONE,1.44,REQUIRED_SCHEDULE_EDGE_AUDITED,
REC-A1-002505,SEQ-A1-000830,SENSE,SENSE-A1-000501,río,LEX-A1-000492,SENSE-A1-000501,,DISTANT_RETURN,A1-M07-I04-S3,A1-M08-I03-S4,A1-M07-I04,A1-M08-I03,CORE_OR_STRUCTURAL_ROUTE,DELAYED_RETRIEVAL_OR_TERMINAL_INTEGRATION,CONTEXTUAL_OR_FUNCTION_BOUND,,NONE,1.44,REQUIRED_SCHEDULE_EDGE_AUDITED,"Scheduled four islands after first introduction; destination story is load-balanced. This is a curriculum spacing rule, not a universal optimal interval claim."
REC-A1-002506,SEQ-A1-000832,SENSE,SENSE-A1-000587,verano,LEX-A1-000578,SENSE-A1-000587,,LOCAL_REUSE,A1-M07-I03-S1,A1-M07-I03-S2,A1-M07-I03,A1-M07-I03,CORE_OR_STRUCTURAL_ROUTE,REEXPOSURE_OR_RETRIEVAL,CONTEXTUAL_OR_FUNCTION_BOUND,,NONE,1.44,REQUIRED_SCHEDULE_EDGE_AUDITED,
REC-A1-002507,SEQ-A1-000832,SENSE,SENSE-A1-000587,verano,LEX-A1-000578,SENSE-A1-000587,,NEAR_TRANSFER,A1-M07-I03-S2,A1-M07-I04-S1,A1-M07-I03,A1-M07-I04,CORE_OR_STRUCTURAL_ROUTE,TRANSFER_IN_CHANGED_CONTEXT,CONTEXTUAL_OR_FUNCTION_BOUND,,NONE,1.44,REQUIRED_SCHEDULE_EDGE_AUDITED,
REC-A1-002508,SEQ-A1-000832,SENSE,SENSE-A1-000587,verano,LEX-A1-000578,SENSE-A1-000587,,DISTANT_RETURN,A1-M07-I04-S1,A1-M08-I03-S4,A1-M07-I04,A1-M08-I03,CORE_OR_STRUCTURAL_ROUTE,DELAYED_RETRIEVAL_OR_TERMINAL_INTEGRATION,CONTEXTUAL_OR_FUNCTION_BOUND,,NONE,1.44,REQUIRED_SCHEDULE_EDGE_AUDITED,"Scheduled four islands after first introduction; destination story is load-balanced. This is a curriculum spacing rule, not a universal optimal interval claim."
REC-A1-002509,SEQ-A1-000835,MWU_SOURCE_UNIT,12B1-MWU-0135,hacer calor,,,12B1-MWU-0135,LOCAL_REUSE,A1-M07-I03-S2,A1-M07-I03-S3,A1-M07-I03,A1-M07-I03,CORE_OR_STRUCTURAL_ROUTE,REEXPOSURE_OR_RETRIEVAL,AS_OBJECT_POLICY_REQUIRES,,NONE,1.44,REQUIRED_SCHEDULE_EDGE_AUDITED,
REC-A1-002510,SEQ-A1-000835,MWU_SOURCE_UNIT,12B1-MWU-0135,hacer calor,,,12B1-MWU-0135,NEAR_TRANSFER,A1-M07-I03-S3,A1-M07-I04-S2,A1-M07-I03,A1-M07-I04,CORE_OR_STRUCTURAL_ROUTE,TRANSFER_IN_CHANGED_CONTEXT,AS_OBJECT_POLICY_REQUIRES,,NONE,1.44,REQUIRED_SCHEDULE_EDGE_AUDITED,
REC-A1-002511,SEQ-A1-000835,MWU_SOURCE_UNIT,12B1-MWU-0135,hacer calor,,,12B1-MWU-0135,DISTANT_RETURN,A1-M07-I04-S2,A1-M08-I03-S4,A1-M07-I04,A1-M08-I03,CORE_OR_STRUCTURAL_ROUTE,DELAYED_RETRIEVAL_OR_TERMINAL_INTEGRATION,AS_OBJECT_POLICY_REQUIRES,,NONE,1.44,REQUIRED_SCHEDULE_EDGE_AUDITED,"Scheduled four islands after first introduction; destination story is load-balanced. This is a curriculum spacing rule, not a universal optimal interval claim."
REC-A1-002512,SEQ-A1-000837,MWU_SOURCE_UNIT,12B1-MWU-0137,hacer mal tiempo,,,12B1-MWU-0137,LOCAL_REUSE,A1-M07-I03-S2,A1-M07-I03-S3,A1-M07-I03,A1-M07-I03,CORE_OR_STRUCTURAL_ROUTE,REEXPOSURE_OR_RETRIEVAL,AS_OBJECT_POLICY_REQUIRES,,NONE,1.44,REQUIRED_SCHEDULE_EDGE_AUDITED,
REC-A1-002513,SEQ-A1-000837,MWU_SOURCE_UNIT,12B1-MWU-0137,hacer mal tiempo,,,12B1-MWU-0137,NEAR_TRANSFER,A1-M07-I03-S3,A1-M07-I04-S3,A1-M07-I03,A1-M07-I04,CORE_OR_STRUCTURAL_ROUTE,TRANSFER_IN_CHANGED_CONTEXT,AS_OBJECT_POLICY_REQUIRES,,NONE,1.44,REQUIRED_SCHEDULE_EDGE_AUDITED,
REC-A1-002514,SEQ-A1-000837,MWU_SOURCE_UNIT,12B1-MWU-0137,hacer mal tiempo,,,12B1-MWU-0137,DISTANT_RETURN,A1-M07-I04-S3,A1-M08-I03-S4,A1-M07-I04,A1-M08-I03,CORE_OR_STRUCTURAL_ROUTE,DELAYED_RETRIEVAL_OR_TERMINAL_INTEGRATION,AS_OBJECT_POLICY_REQUIRES,,NONE,1.44,REQUIRED_SCHEDULE_EDGE_AUDITED,"Scheduled four islands after first introduction; destination story is load-balanced. This is a curriculum spacing rule, not a universal optimal interval claim."
REC-A1-002515,SEQ-A1-000839,MWU_SOURCE_UNIT,12B1-MWU-0139,hacer viento,,,12B1-MWU-0139,LOCAL_REUSE,A1-M07-I03-S2,A1-M07-I03-S3,A1-M07-I03,A1-M07-I03,CORE_OR_STRUCTURAL_ROUTE,REEXPOSURE_OR_RETRIEVAL,AS_OBJECT_POLICY_REQUIRES,,NONE,1.44,REQUIRED_SCHEDULE_EDGE_AUDITED,
REC-A1-002516,SEQ-A1-000839,MWU_SOURCE_UNIT,12B1-MWU-0139,hacer viento,,,12B1-MWU-0139,NEAR_TRANSFER,A1-M07-I03-S3,A1-M07-I04-S1,A1-M07-I03,A1-M07-I04,CORE_OR_STRUCTURAL_ROUTE,TRANSFER_IN_CHANGED_CONTEXT,AS_OBJECT_POLICY_REQUIRES,,NONE,1.44,REQUIRED_SCHEDULE_EDGE_AUDITED,
REC-A1-002517,SEQ-A1-000839,MWU_SOURCE_UNIT,12B1-MWU-0139,hacer viento,,,12B1-MWU-0139,DISTANT_RETURN,A1-M07-I04-S1,A1-M08-I03-S4,A1-M07-I04,A1-M08-I03,CORE_OR_STRUCTURAL_ROUTE,DELAYED_RETRIEVAL_OR_TERMINAL_INTEGRATION,AS_OBJECT_POLICY_REQUIRES,,NONE,1.44,REQUIRED_SCHEDULE_EDGE_AUDITED,"Scheduled four islands after first introduction; destination story is load-balanced. This is a curriculum spacing rule, not a universal optimal interval claim."
REC-A1-002518,SEQ-A1-000816,SENSE,SENSE-A1-000039,animal,LEX-A1-000039,SENSE-A1-000039,,LOCAL_REUSE,A1-M07-I03-S2,A1-M07-I03-S3,A1-M07-I03,A1-M07-I03,CORE_OR_STRUCTURAL_ROUTE,REEXPOSURE_OR_RETRIEVAL,CONTEXTUAL_OR_FUNCTION_BOUND,,NONE,1.44,REQUIRED_SCHEDULE_EDGE_AUDITED,
REC-A1-002519,SEQ-A1-000816,SENSE,SENSE-A1-000039,animal,LEX-A1-000039,SENSE-A1-000039,,NEAR_TRANSFER,A1-M07-I03-S3,A1-M07-I04-S2,A1-M07-I03,A1-M07-I04,CORE_OR_STRUCTURAL_ROUTE,TRANSFER_IN_CHANGED_CONTEXT,CONTEXTUAL_OR_FUNCTION_BOUND,,NONE,1.44,REQUIRED_SCHEDULE_EDGE_AUDITED,
REC-A1-002520,SEQ-A1-000816,SENSE,SENSE-A1-000039,animal,LEX-A1-000039,SENSE-A1-000039,,DISTANT_RETURN,A1-M07-I04-S2,A1-M08-I03-S4,A1-M07-I04,A1-M08-I03,CORE_OR_STRUCTURAL_ROUTE,DELAYED_RETRIEVAL_OR_TERMINAL_INTEGRATION,CONTEXTUAL_OR_FUNCTION_BOUND,,NONE,1.44,REQUIRED_SCHEDULE_EDGE_AUDITED,"Scheduled four islands after first introduction; destination story is load-balanced. This is a curriculum spacing rule, not a universal optimal interval claim."
REC-A1-002521,SEQ-A1-000819,SENSE,SENSE-A1-000096,calor,LEX-A1-000094,SENSE-A1-000096,,LOCAL_REUSE,A1-M07-I03-S2,A1-M07-I03-S3,A1-M07-I03,A1-M07-I03,CORE_OR_STRUCTURAL_ROUTE,REEXPOSURE_OR_RETRIEVAL,CONTEXTUAL_OR_FUNCTION_BOUND,,NONE,1.44,REQUIRED_SCHEDULE_EDGE_AUDITED,
REC-A1-002522,SEQ-A1-000819,SENSE,SENSE-A1-000096,calor,LEX-A1-000094,SENSE-A1-000096,,NEAR_TRANSFER,A1-M07-I03-S3,A1-M07-I04-S3,A1-M07-I03,A1-M07-I04,CORE_OR_STRUCTURAL_ROUTE,TRANSFER_IN_CHANGED_CONTEXT,CONTEXTUAL_OR_FUNCTION_BOUND,,NONE,1.44,REQUIRED_SCHEDULE_EDGE_AUDITED,
REC-A1-002523,SEQ-A1-000819,SENSE,SENSE-A1-000096,calor,LEX-A1-000094,SENSE-A1-000096,,DISTANT_RETURN,A1-M07-I04-S3,A1-M08-I03-S3,A1-M07-I04,A1-M08-I03,CORE_OR_STRUCTURAL_ROUTE,DELAYED_RETRIEVAL_OR_TERMINAL_INTEGRATION,CONTEXTUAL_OR_FUNCTION_BOUND,,NONE,1.44,REQUIRED_SCHEDULE_EDGE_AUDITED,"Scheduled four islands after first introduction; destination story is load-balanced. This is a curriculum spacing rule, not a universal optimal interval claim."
REC-A1-002524,SEQ-A1-000821,SENSE,SENSE-A1-000261,flor,LEX-A1-000257,SENSE-A1-000261,,LOCAL_REUSE,A1-M07-I03-S2,A1-M07-I03-S3,A1-M07-I03,A1-M07-I03,CORE_OR_STRUCTURAL_ROUTE,REEXPOSURE_OR_RETRIEVAL,CONTEXTUAL_OR_FUNCTION_BOUND,,NONE,1.44,REQUIRED_SCHEDULE_EDGE_AUDITED,
REC-A1-002525,SEQ-A1-000821,SENSE,SENSE-A1-000261,flor,LEX-A1-000257,SENSE-A1-000261,,NEAR_TRANSFER,A1-M07-I03-S3,A1-M07-I04-S1,A1-M07-I03,A1-M07-I04,CORE_OR_STRUCTURAL_ROUTE,TRANSFER_IN_CHANGED_CONTEXT,CONTEXTUAL_OR_FUNCTION_BOUND,,NONE,1.44,REQUIRED_SCHEDULE_EDGE_AUDITED,
REC-A1-002526,SEQ-A1-000821,SENSE,SENSE-A1-000261,flor,LEX-A1-000257,SENSE-A1-000261,,DISTANT_RETURN,A1-M07-I04-S1,A1-M08-I03-S4,A1-M07-I04,A1-M08-I03,CORE_OR_STRUCTURAL_ROUTE,DELAYED_RETRIEVAL_OR_TERMINAL_INTEGRATION,CONTEXTUAL_OR_FUNCTION_BOUND,,NONE,1.44,REQUIRED_SCHEDULE_EDGE_AUDITED,"Scheduled four islands after first introduction; destination story is load-balanced. This is a curriculum spacing rule, not a universal optimal interval claim."
REC-A1-002527,SEQ-A1-000823,SENSE,SENSE-A1-000265,frío,LEX-A1-000261,SENSE-A1-000265,,LOCAL_REUSE,A1-M07-I03-S2,A1-M07-I03-S3,A1-M07-I03,A1-M07-I03,CORE_OR_STRUCTURAL_ROUTE,REEXPOSURE_OR_RETRIEVAL,CONTEXTUAL_OR_FUNCTION_BOUND,,NONE,1.44,REQUIRED_SCHEDULE_EDGE_AUDITED,
REC-A1-002528,SEQ-A1-000823,SENSE,SENSE-A1-000265,frío,LEX-A1-000261,SENSE-A1-000265,,NEAR_TRANSFER,A1-M07-I03-S3,A1-M07-I04-S2,A1-M07-I03,A1-M07-I04,CORE_OR_STRUCTURAL_ROUTE,TRANSFER_IN_CHANGED_CONTEXT,CONTEXTUAL_OR_FUNCTION_BOUND,,NONE,1.44,REQUIRED_SCHEDULE_EDGE_AUDITED,
REC-A1-002529,SEQ-A1-000823,SENSE,SENSE-A1-000265,frío,LEX-A1-000261,SENSE-A1-000265,,DISTANT_RETURN,A1-M07-I04-S2,A1-M08-I03-S1,A1-M07-I04,A1-M08-I03,CORE_OR_STRUCTURAL_ROUTE,DELAYED_RETRIEVAL_OR_TERMINAL_INTEGRATION,CONTEXTUAL_OR_FUNCTION_BOUND,,NONE,1.44,REQUIRED_SCHEDULE_EDGE_AUDITED,"Scheduled four islands after first introduction; destination story is load-balanced. This is a curriculum spacing rule, not a universal optimal interval claim."
REC-A1-002530,SEQ-A1-000825,SENSE,SENSE-A1-000343,llover,LEX-A1-000337,SENSE-A1-000343,,LOCAL_REUSE,A1-M07-I03-S2,A1-M07-I03-S3,A1-M07-I03,A1-M07-I03,CORE_OR_STRUCTURAL_ROUTE,REEXPOSURE_OR_RETRIEVAL,CONTEXTUAL_OR_FUNCTION_BOUND,,NONE,1.44,REQUIRED_SCHEDULE_EDGE_AUDITED,
REC-A1-002531,SEQ-A1-000825,SENSE,SENSE-A1-000343,llover,LEX-A1-000337,SENSE-A1-000343,,NEAR_TRANSFER,A1-M07-I03-S3,A1-M07-I04-S3,A1-M07-I03,A1-M07-I04,CORE_OR_STRUCTURAL_ROUTE,TRANSFER_IN_CHANGED_CONTEXT,CONTEXTUAL_OR_FUNCTION_BOUND,,NONE,1.44,REQUIRED_SCHEDULE_EDGE_AUDITED,
REC-A1-002532,SEQ-A1-000825,SENSE,SENSE-A1-000343,llover,LEX-A1-000337,SENSE-A1-000343,,DISTANT_RETURN,A1-M07-I04-S3,A1-M08-I03-S2,A1-M07-I04,A1-M08-I03,CORE_OR_STRUCTURAL_ROUTE,DELAYED_RETRIEVAL_OR_TERMINAL_INTEGRATION,CONTEXTUAL_OR_FUNCTION_BOUND,,NONE,1.44,REQUIRED_SCHEDULE_EDGE_AUDITED,"Scheduled four islands after first introduction; destination story is load-balanced. This is a curriculum spacing rule, not a universal optimal interval claim."
REC-A1-002533,SEQ-A1-000827,SENSE,SENSE-A1-000397,nevar,LEX-A1-000390,SENSE-A1-000397,,LOCAL_REUSE,A1-M07-I03-S2,A1-M07-I03-S3,A1-M07-I03,A1-M07-I03,CORE_OR_STRUCTURAL_ROUTE,REEXPOSURE_OR_RETRIEVAL,CONTEXTUAL_OR_FUNCTION_BOUND,,NONE,1.44,REQUIRED_SCHEDULE_EDGE_AUDITED,
REC-A1-002534,SEQ-A1-000827,SENSE,SENSE-A1-000397,nevar,LEX-A1-000390,SENSE-A1-000397,,NEAR_TRANSFER,A1-M07-I03-S3,A1-M07-I04-S1,A1-M07-I03,A1-M07-I04,CORE_OR_STRUCTURAL_ROUTE,TRANSFER_IN_CHANGED_CONTEXT,CONTEXTUAL_OR_FUNCTION_BOUND,,NONE,1.44,REQUIRED_SCHEDULE_EDGE_AUDITED,
REC-A1-002535,SEQ-A1-000827,SENSE,SENSE-A1-000397,nevar,LEX-A1-000390,SENSE-A1-000397,,DISTANT_RETURN,A1-M07-I04-S1,A1-M08-I03-S3,A1-M07-I04,A1-M08-I03,CORE_OR_STRUCTURAL_ROUTE,DELAYED_RETRIEVAL_OR_TERMINAL_INTEGRATION,CONTEXTUAL_OR_FUNCTION_BOUND,,NONE,1.44,REQUIRED_SCHEDULE_EDGE_AUDITED,"Scheduled four islands after first introduction; destination story is load-balanced. This is a curriculum spacing rule, not a universal optimal interval claim."
REC-A1-002536,SEQ-A1-000829,SENSE,SENSE-A1-000471,primavera,LEX-A1-000462,SENSE-A1-000471,,LOCAL_REUSE,A1-M07-I03-S2,A1-M07-I03-S3,A1-M07-I03,A1-M07-I03,CORE_OR_STRUCTURAL_ROUTE,REEXPOSURE_OR_RETRIEVAL,CONTEXTUAL_OR_FUNCTION_BOUND,,NONE,1.44,REQUIRED_SCHEDULE_EDGE_AUDITED,
REC-A1-002537,SEQ-A1-000829,SENSE,SENSE-A1-000471,primavera,LEX-A1-000462,SENSE-A1-000471,,NEAR_TRANSFER,A1-M07-I03-S3,A1-M07-I04-S2,A1-M07-I03,A1-M07-I04,CORE_OR_STRUCTURAL_ROUTE,TRANSFER_IN_CHANGED_CONTEXT,CONTEXTUAL_OR_FUNCTION_BOUND,,NONE,1.44,REQUIRED_SCHEDULE_EDGE_AUDITED,
REC-A1-002538,SEQ-A1-000829,SENSE,SENSE-A1-000471,primavera,LEX-A1-000462,SENSE-A1-000471,,DISTANT_RETURN,A1-M07-I04-S2,A1-M08-I03-S4,A1-M07-I04,A1-M08-I03,CORE_OR_STRUCTURAL_ROUTE,DELAYED_RETRIEVAL_OR_TERMINAL_INTEGRATION,CONTEXTUAL_OR_FUNCTION_BOUND,,NONE,1.44,REQUIRED_SCHEDULE_EDGE_AUDITED,"Scheduled four islands after first introduction; destination story is load-balanced. This is a curriculum spacing rule, not a universal optimal interval claim."
REC-A1-002539,SEQ-A1-000831,SENSE,SENSE-A1-000535,sol,LEX-A1-000526,SENSE-A1-000535,,LOCAL_REUSE,A1-M07-I03-S2,A1-M07-I03-S3,A1-M07-I03,A1-M07-I03,CORE_OR_STRUCTURAL_ROUTE,REEXPOSURE_OR_RETRIEVAL,CONTEXTUAL_OR_FUNCTION_BOUND,,NONE,1.44,REQUIRED_SCHEDULE_EDGE_AUDITED,
REC-A1-002540,SEQ-A1-000831,SENSE,SENSE-A1-000535,sol,LEX-A1-000526,SENSE-A1-000535,,NEAR_TRANSFER,A1-M07-I03-S3,A1-M07-I04-S3,A1-M07-I03,A1-M07-I04,CORE_OR_STRUCTURAL_ROUTE,TRANSFER_IN_CHANGED_CONTEXT,CONTEXTUAL_OR_FUNCTION_BOUND,,NONE,1.44,REQUIRED_SCHEDULE_EDGE_AUDITED,
REC-A1-002541,SEQ-A1-000831,SENSE,SENSE-A1-000535,sol,LEX-A1-000526,SENSE-A1-000535,,DISTANT_RETURN,A1-M07-I04-S3,A1-M08-I03-S1,A1-M07-I04,A1-M08-I03,CORE_OR_STRUCTURAL_ROUTE,DELAYED_RETRIEVAL_OR_TERMINAL_INTEGRATION,CONTEXTUAL_OR_FUNCTION_BOUND,,NONE,1.44,REQUIRED_SCHEDULE_EDGE_AUDITED,"Scheduled four islands after first introduction; destination story is load-balanced. This is a curriculum spacing rule, not a universal optimal interval claim."
REC-A1-002542,SEQ-A1-000833,SENSE,SENSE-A1-000594,viento,LEX-A1-000585,SENSE-A1-000594,,LOCAL_REUSE,A1-M07-I03-S2,A1-M07-I03-S3,A1-M07-I03,A1-M07-I03,CORE_OR_STRUCTURAL_ROUTE,REEXPOSURE_OR_RETRIEVAL,CONTEXTUAL_OR_FUNCTION_BOUND,,NONE,1.44,REQUIRED_SCHEDULE_EDGE_AUDITED,
REC-A1-002543,SEQ-A1-000833,SENSE,SENSE-A1-000594,viento,LEX-A1-000585,SENSE-A1-000594,,NEAR_TRANSFER,A1-M07-I03-S3,A1-M07-I04-S1,A1-M07-I03,A1-M07-I04,CORE_OR_STRUCTURAL_ROUTE,TRANSFER_IN_CHANGED_CONTEXT,CONTEXTUAL_OR_FUNCTION_BOUND,,NONE,1.44,REQUIRED_SCHEDULE_EDGE_AUDITED,
REC-A1-002544,SEQ-A1-000833,SENSE,SENSE-A1-000594,viento,LEX-A1-000585,SENSE-A1-000594,,DISTANT_RETURN,A1-M07-I04-S1,A1-M08-I03-S2,A1-M07-I04,A1-M08-I03,CORE_OR_STRUCTURAL_ROUTE,DELAYED_RETRIEVAL_OR_TERMINAL_INTEGRATION,CONTEXTUAL_OR_FUNCTION_BOUND,,NONE,1.44,REQUIRED_SCHEDULE_EDGE_AUDITED,"Scheduled four islands after first introduction; destination story is load-balanced. This is a curriculum spacing rule, not a universal optimal interval claim."
REC-A1-002545,SEQ-A1-000847,GRAMMAR_UNIT,GRAM-A1-166,Final integrada en infinitivo,,,,LOCAL_REUSE,A1-M07-I04-S1,A1-M07-I04-S2,A1-M07-I04,A1-M07-I04,CORE_OR_STRUCTURAL_ROUTE,REEXPOSURE_OR_RETRIEVAL,AS_OBJECT_POLICY_REQUIRES,,NONE,1.44,REQUIRED_SCHEDULE_EDGE_AUDITED,
REC-A1-002546,SEQ-A1-000847,GRAMMAR_UNIT,GRAM-A1-166,Final integrada en infinitivo,,,,NEAR_TRANSFER,A1-M07-I04-S2,A1-M08-I01-S2,A1-M07-I04,A1-M08-I01,CORE_OR_STRUCTURAL_ROUTE,TRANSFER_IN_CHANGED_CONTEXT,AS_OBJECT_POLICY_REQUIRES,,NONE,1.44,REQUIRED_SCHEDULE_EDGE_AUDITED,
REC-A1-002547,SEQ-A1-000847,GRAMMAR_UNIT,GRAM-A1-166,Final integrada en infinitivo,,,,DISTANT_RETURN,A1-M08-I01-S2,A1-M08-I04-S1,A1-M08-I01,A1-M08-I04,CORE_OR_STRUCTURAL_ROUTE,DELAYED_RETRIEVAL_OR_TERMINAL_INTEGRATION,AS_OBJECT_POLICY_REQUIRES,,NONE,1.44,REQUIRED_SCHEDULE_EDGE_AUDITED,"Scheduled four islands after first introduction; destination story is load-balanced. This is a curriculum spacing rule, not a universal optimal interval claim."
REC-A1-002548,SEQ-A1-000848,GRAMMAR_UNIT,GRAM-A1-167,Final de objetivo/utilidad con sujeto agentivo,,,,LOCAL_REUSE,A1-M07-I04-S1,A1-M07-I04-S3,A1-M07-I04,A1-M07-I04,CORE_OR_STRUCTURAL_ROUTE,REEXPOSURE_OR_RETRIEVAL,AS_OBJECT_POLICY_REQUIRES,,NONE,1.44,REQUIRED_SCHEDULE_EDGE_AUDITED,
REC-A1-002549,SEQ-A1-000848,GRAMMAR_UNIT,GRAM-A1-167,Final de objetivo/utilidad con sujeto agentivo,,,,NEAR_TRANSFER,A1-M07-I04-S3,A1-M08-I01-S3,A1-M07-I04,A1-M08-I01,CORE_OR_STRUCTURAL_ROUTE,TRANSFER_IN_CHANGED_CONTEXT,AS_OBJECT_POLICY_REQUIRES,,NONE,1.44,REQUIRED_SCHEDULE_EDGE_AUDITED,
REC-A1-002550,SEQ-A1-000848,GRAMMAR_UNIT,GRAM-A1-167,Final de objetivo/utilidad con sujeto agentivo,,,,DISTANT_RETURN,A1-M08-I01-S3,A1-M08-I04-S2,A1-M08-I01,A1-M08-I04,CORE_OR_STRUCTURAL_ROUTE,DELAYED_RETRIEVAL_OR_TERMINAL_INTEGRATION,AS_OBJECT_POLICY_REQUIRES,,NONE,1.44,REQUIRED_SCHEDULE_EDGE_AUDITED,"Scheduled four islands after first introduction; destination story is load-balanced. This is a curriculum spacing rule, not a universal optimal interval claim."
REC-A1-002551,SEQ-A1-000851,MWU_SOURCE_UNIT,12B1-MWU-0036,tener vacaciones,,,12B1-MWU-0036,LOCAL_REUSE,A1-M07-I04-S1,A1-M07-I04-S2,A1-M07-I04,A1-M07-I04,CORE_OR_STRUCTURAL_ROUTE,REEXPOSURE_OR_RETRIEVAL,AS_OBJECT_POLICY_REQUIRES,,NONE,1.44,REQUIRED_SCHEDULE_EDGE_AUDITED,
REC-A1-002552,SEQ-A1-000851,MWU_SOURCE_UNIT,12B1-MWU-0036,tener vacaciones,,,12B1-MWU-0036,NEAR_TRANSFER,A1-M07-I04-S2,A1-M08-I01-S1,A1-M07-I04,A1-M08-I01,CORE_OR_STRUCTURAL_ROUTE,TRANSFER_IN_CHANGED_CONTEXT,AS_OBJECT_POLICY_REQUIRES,,NONE,1.44,REQUIRED_SCHEDULE_EDGE_AUDITED,
REC-A1-002553,SEQ-A1-000851,MWU_SOURCE_UNIT,12B1-MWU-0036,tener vacaciones,,,12B1-MWU-0036,DISTANT_RETURN,A1-M08-I01-S1,A1-M08-I04-S3,A1-M08-I01,A1-M08-I04,CORE_OR_STRUCTURAL_ROUTE,DELAYED_RETRIEVAL_OR_TERMINAL_INTEGRATION,AS_OBJECT_POLICY_REQUIRES,,NONE,1.44,REQUIRED_SCHEDULE_EDGE_AUDITED,"Scheduled four islands after first introduction; destination story is load-balanced. This is a curriculum spacing rule, not a universal optimal interval claim."
REC-A1-002554,SEQ-A1-000852,MWU_SOURCE_UNIT,12B1-MWU-0166,llegar pronto,,,12B1-MWU-0166,LOCAL_REUSE,A1-M07-I04-S1,A1-M07-I04-S3,A1-M07-I04,A1-M07-I04,CORE_OR_STRUCTURAL_ROUTE,REEXPOSURE_OR_RETRIEVAL,AS_OBJECT_POLICY_REQUIRES,,NONE,1.44,REQUIRED_SCHEDULE_EDGE_AUDITED,
REC-A1-002555,SEQ-A1-000852,MWU_SOURCE_UNIT,12B1-MWU-0166,llegar pronto,,,12B1-MWU-0166,NEAR_TRANSFER,A1-M07-I04-S3,A1-M08-I01-S2,A1-M07-I04,A1-M08-I01,CORE_OR_STRUCTURAL_ROUTE,TRANSFER_IN_CHANGED_CONTEXT,AS_OBJECT_POLICY_REQUIRES,,NONE,1.44,REQUIRED_SCHEDULE_EDGE_AUDITED,
REC-A1-002556,SEQ-A1-000852,MWU_SOURCE_UNIT,12B1-MWU-0166,llegar pronto,,,12B1-MWU-0166,DISTANT_RETURN,A1-M08-I01-S2,A1-M08-I04-S1,A1-M08-I01,A1-M08-I04,CORE_OR_STRUCTURAL_ROUTE,DELAYED_RETRIEVAL_OR_TERMINAL_INTEGRATION,AS_OBJECT_POLICY_REQUIRES,,NONE,1.44,REQUIRED_SCHEDULE_EDGE_AUDITED,"Scheduled four islands after first introduction; destination story is load-balanced. This is a curriculum spacing rule, not a universal optimal interval claim."
REC-A1-002557,SEQ-A1-000854,MWU_SOURCE_UNIT,12B1-MWU-0168,llegar temprano,,,12B1-MWU-0168,LOCAL_REUSE,A1-M07-I04-S1,A1-M07-I04-S2,A1-M07-I04,A1-M07-I04,CORE_OR_STRUCTURAL_ROUTE,REEXPOSURE_OR_RETRIEVAL,AS_OBJECT_POLICY_REQUIRES,,NONE,1.44,REQUIRED_SCHEDULE_EDGE_AUDITED,
REC-A1-002558,SEQ-A1-000854,MWU_SOURCE_UNIT,12B1-MWU-0168,llegar temprano,,,12B1-MWU-0168,NEAR_TRANSFER,A1-M07-I04-S2,A1-M08-I01-S3,A1-M07-I04,A1-M08-I01,CORE_OR_STRUCTURAL_ROUTE,TRANSFER_IN_CHANGED_CONTEXT,AS_OBJECT_POLICY_REQUIRES,,NONE,1.44,REQUIRED_SCHEDULE_EDGE_AUDITED,
REC-A1-002559,SEQ-A1-000854,MWU_SOURCE_UNIT,12B1-MWU-0168,llegar temprano,,,12B1-MWU-0168,DISTANT_RETURN,A1-M08-I01-S3,A1-M08-I04-S2,A1-M08-I01,A1-M08-I04,CORE_OR_STRUCTURAL_ROUTE,DELAYED_RETRIEVAL_OR_TERMINAL_INTEGRATION,AS_OBJECT_POLICY_REQUIRES,,NONE,1.44,REQUIRED_SCHEDULE_EDGE_AUDITED,"Scheduled four islands after first introduction; destination story is load-balanced. This is a curriculum spacing rule, not a universal optimal interval claim."
REC-A1-002560,SEQ-A1-000856,MWU_SOURCE_UNIT,12B1-MWU-0176,salir tarde,,,12B1-MWU-0176,LOCAL_REUSE,A1-M07-I04-S1,A1-M07-I04-S3,A1-M07-I04,A1-M07-I04,CORE_OR_STRUCTURAL_ROUTE,REEXPOSURE_OR_RETRIEVAL,AS_OBJECT_POLICY_REQUIRES,,NONE,1.44,REQUIRED_SCHEDULE_EDGE_AUDITED,
REC-A1-002561,SEQ-A1-000856,MWU_SOURCE_UNIT,12B1-MWU-0176,salir tarde,,,12B1-MWU-0176,NEAR_TRANSFER,A1-M07-I04-S3,A1-M08-I01-S1,A1-M07-I04,A1-M08-I01,CORE_OR_STRUCTURAL_ROUTE,TRANSFER_IN_CHANGED_CONTEXT,AS_OBJECT_POLICY_REQUIRES,,NONE,1.44,REQUIRED_SCHEDULE_EDGE_AUDITED,
REC-A1-002562,SEQ-A1-000856,MWU_SOURCE_UNIT,12B1-MWU-0176,salir tarde,,,12B1-MWU-0176,DISTANT_RETURN,A1-M08-I01-S1,A1-M08-I04-S3,A1-M08-I01,A1-M08-I04,CORE_OR_STRUCTURAL_ROUTE,DELAYED_RETRIEVAL_OR_TERMINAL_INTEGRATION,AS_OBJECT_POLICY_REQUIRES,,NONE,1.44,REQUIRED_SCHEDULE_EDGE_AUDITED,"Scheduled four islands after first introduction; destination story is load-balanced. This is a curriculum spacing rule, not a universal optimal interval claim."
REC-A1-002563,SEQ-A1-000841,SENSE,SENSE-A1-000350,mañana,LEX-A1-000344,SENSE-A1-000350,,LOCAL_REUSE,A1-M07-I04-S1,A1-M07-I04-S2,A1-M07-I04,A1-M07-I04,CORE_OR_STRUCTURAL_ROUTE,REEXPOSURE_OR_RETRIEVAL,CONTEXTUAL_OR_FUNCTION_BOUND,,NONE,1.44,REQUIRED_SCHEDULE_EDGE_AUDITED,
REC-A1-002564,SEQ-A1-000841,SENSE,SENSE-A1-000350,mañana,LEX-A1-000344,SENSE-A1-000350,,NEAR_TRANSFER,A1-M07-I04-S2,A1-M08-I01-S2,A1-M07-I04,A1-M08-I01,CORE_OR_STRUCTURAL_ROUTE,TRANSFER_IN_CHANGED_CONTEXT,CONTEXTUAL_OR_FUNCTION_BOUND,,NONE,1.44,REQUIRED_SCHEDULE_EDGE_AUDITED,
REC-A1-002565,SEQ-A1-000841,SENSE,SENSE-A1-000350,mañana,LEX-A1-000344,SENSE-A1-000350,,DISTANT_RETURN,A1-M08-I01-S2,A1-M08-I04-S1,A1-M08-I01,A1-M08-I04,CORE_OR_STRUCTURAL_ROUTE,DELAYED_RETRIEVAL_OR_TERMINAL_INTEGRATION,CONTEXTUAL_OR_FUNCTION_BOUND,,NONE,1.44,REQUIRED_SCHEDULE_EDGE_AUDITED,"Scheduled four islands after first introduction; destination story is load-balanced. This is a curriculum spacing rule, not a universal optimal interval claim."
REC-A1-002566,SEQ-A1-000843,SENSE,SENSE-A1-000543,tarde,LEX-A1-000534,SENSE-A1-000543,,LOCAL_REUSE,A1-M07-I04-S1,A1-M07-I04-S3,A1-M07-I04,A1-M07-I04,CORE_OR_STRUCTURAL_ROUTE,REEXPOSURE_OR_RETRIEVAL,CONTEXTUAL_OR_FUNCTION_BOUND,,NONE,1.44,REQUIRED_SCHEDULE_EDGE_AUDITED,
REC-A1-002567,SEQ-A1-000843,SENSE,SENSE-A1-000543,tarde,LEX-A1-000534,SENSE-A1-000543,,NEAR_TRANSFER,A1-M07-I04-S3,A1-M08-I01-S3,A1-M07-I04,A1-M08-I01,CORE_OR_STRUCTURAL_ROUTE,TRANSFER_IN_CHANGED_CONTEXT,CONTEXTUAL_OR_FUNCTION_BOUND,,NONE,1.44,REQUIRED_SCHEDULE_EDGE_AUDITED,
REC-A1-002568,SEQ-A1-000843,SENSE,SENSE-A1-000543,tarde,LEX-A1-000534,SENSE-A1-000543,,DISTANT_RETURN,A1-M08-I01-S3,A1-M08-I04-S2,A1-M08-I01,A1-M08-I04,CORE_OR_STRUCTURAL_ROUTE,DELAYED_RETRIEVAL_OR_TERMINAL_INTEGRATION,CONTEXTUAL_OR_FUNCTION_BOUND,,NONE,1.44,REQUIRED_SCHEDULE_EDGE_AUDITED,"Scheduled four islands after first introduction; destination story is load-balanced. This is a curriculum spacing rule, not a universal optimal interval claim."
REC-A1-002569,SEQ-A1-000845,SENSE,SENSE-A1-000580,vacaciones,LEX-A1-000571,SENSE-A1-000580,,LOCAL_REUSE,A1-M07-I04-S1,A1-M07-I04-S2,A1-M07-I04,A1-M07-I04,CORE_OR_STRUCTURAL_ROUTE,REEXPOSURE_OR_RETRIEVAL,CONTEXTUAL_OR_FUNCTION_BOUND,,NONE,1.44,REQUIRED_SCHEDULE_EDGE_AUDITED,
REC-A1-002570,SEQ-A1-000845,SENSE,SENSE-A1-000580,vacaciones,LEX-A1-000571,SENSE-A1-000580,,NEAR_TRANSFER,A1-M07-I04-S2,A1-M08-I01-S1,A1-M07-I04,A1-M08-I01,CORE_OR_STRUCTURAL_ROUTE,TRANSFER_IN_CHANGED_CONTEXT,CONTEXTUAL_OR_FUNCTION_BOUND,,NONE,1.44,REQUIRED_SCHEDULE_EDGE_AUDITED,
REC-A1-002571,SEQ-A1-000845,SENSE,SENSE-A1-000580,vacaciones,LEX-A1-000571,SENSE-A1-000580,,DISTANT_RETURN,A1-M08-I01-S1,A1-M08-I04-S3,A1-M08-I01,A1-M08-I04,CORE_OR_STRUCTURAL_ROUTE,DELAYED_RETRIEVAL_OR_TERMINAL_INTEGRATION,CONTEXTUAL_OR_FUNCTION_BOUND,,NONE,1.44,REQUIRED_SCHEDULE_EDGE_AUDITED,"Scheduled four islands after first introduction; destination story is load-balanced. This is a curriculum spacing rule, not a universal optimal interval claim."
REC-A1-002572,SEQ-A1-000849,GRAMMAR_UNIT,GRAM-A1-168,Final de objetivo/utilidad con sujeto no agentivo,,,,LOCAL_REUSE,A1-M07-I04-S2,A1-M07-I04-S3,A1-M07-I04,A1-M07-I04,CORE_OR_STRUCTURAL_ROUTE,REEXPOSURE_OR_RETRIEVAL,AS_OBJECT_POLICY_REQUIRES,,NONE,1.44,REQUIRED_SCHEDULE_EDGE_AUDITED,
REC-A1-002573,SEQ-A1-000849,GRAMMAR_UNIT,GRAM-A1-168,Final de objetivo/utilidad con sujeto no agentivo,,,,NEAR_TRANSFER,A1-M07-I04-S3,A1-M08-I01-S2,A1-M07-I04,A1-M08-I01,CORE_OR_STRUCTURAL_ROUTE,TRANSFER_IN_CHANGED_CONTEXT,AS_OBJECT_POLICY_REQUIRES,,NONE,1.44,REQUIRED_SCHEDULE_EDGE_AUDITED,
REC-A1-002574,SEQ-A1-000849,GRAMMAR_UNIT,GRAM-A1-168,Final de objetivo/utilidad con sujeto no agentivo,,,,DISTANT_RETURN,A1-M08-I01-S2,A1-M08-I04-S1,A1-M08-I01,A1-M08-I04,CORE_OR_STRUCTURAL_ROUTE,DELAYED_RETRIEVAL_OR_TERMINAL_INTEGRATION,AS_OBJECT_POLICY_REQUIRES,,NONE,1.44,REQUIRED_SCHEDULE_EDGE_AUDITED,"Scheduled four islands after first introduction; destination story is load-balanced. This is a curriculum spacing rule, not a universal optimal interval claim."
REC-A1-002575,SEQ-A1-000850,GRAMMAR_UNIT,GRAM-A1-169,Para + infinitivo como nexo final,,,,LOCAL_REUSE,A1-M07-I04-S2,A1-M07-I04-S3,A1-M07-I04,A1-M07-I04,CORE_OR_STRUCTURAL_ROUTE,REEXPOSURE_OR_RETRIEVAL,AS_OBJECT_POLICY_REQUIRES,,NONE,1.44,REQUIRED_SCHEDULE_EDGE_AUDITED,
REC-A1-002576,SEQ-A1-000850,GRAMMAR_UNIT,GRAM-A1-169,Para + infinitivo como nexo final,,,,NEAR_TRANSFER,A1-M07-I04-S3,A1-M08-I01-S3,A1-M07-I04,A1-M08-I01,CORE_OR_STRUCTURAL_ROUTE,TRANSFER_IN_CHANGED_CONTEXT,AS_OBJECT_POLICY_REQUIRES,,NONE,1.44,REQUIRED_SCHEDULE_EDGE_AUDITED,
REC-A1-002577,SEQ-A1-000850,GRAMMAR_UNIT,GRAM-A1-169,Para + infinitivo como nexo final,,,,DISTANT_RETURN,A1-M08-I01-S3,A1-M08-I04-S2,A1-M08-I01,A1-M08-I04,CORE_OR_STRUCTURAL_ROUTE,DELAYED_RETRIEVAL_OR_TERMINAL_INTEGRATION,AS_OBJECT_POLICY_REQUIRES,,NONE,1.44,REQUIRED_SCHEDULE_EDGE_AUDITED,"Scheduled four islands after first introduction; destination story is load-balanced. This is a curriculum spacing rule, not a universal optimal interval claim."
REC-A1-002578,SEQ-A1-000853,MWU_SOURCE_UNIT,12B1-MWU-0167,llegar tarde,,,12B1-MWU-0167,LOCAL_REUSE,A1-M07-I04-S2,A1-M07-I04-S3,A1-M07-I04,A1-M07-I04,CORE_OR_STRUCTURAL_ROUTE,REEXPOSURE_OR_RETRIEVAL,AS_OBJECT_POLICY_REQUIRES,,NONE,1.44,REQUIRED_SCHEDULE_EDGE_AUDITED,
REC-A1-002579,SEQ-A1-000853,MWU_SOURCE_UNIT,12B1-MWU-0167,llegar tarde,,,12B1-MWU-0167,NEAR_TRANSFER,A1-M07-I04-S3,A1-M08-I01-S1,A1-M07-I04,A1-M08-I01,CORE_OR_STRUCTURAL_ROUTE,TRANSFER_IN_CHANGED_CONTEXT,AS_OBJECT_POLICY_REQUIRES,,NONE,1.44,REQUIRED_SCHEDULE_EDGE_AUDITED,
REC-A1-002580,SEQ-A1-000853,MWU_SOURCE_UNIT,12B1-MWU-0167,llegar tarde,,,12B1-MWU-0167,DISTANT_RETURN,A1-M08-I01-S1,A1-M08-I04-S3,A1-M08-I01,A1-M08-I04,CORE_OR_STRUCTURAL_ROUTE,DELAYED_RETRIEVAL_OR_TERMINAL_INTEGRATION,AS_OBJECT_POLICY_REQUIRES,,NONE,1.44,REQUIRED_SCHEDULE_EDGE_AUDITED,"Scheduled four islands after first introduction; destination story is load-balanced. This is a curriculum spacing rule, not a universal optimal interval claim."
REC-A1-002581,SEQ-A1-000855,MWU_SOURCE_UNIT,12B1-MWU-0175,salir pronto,,,12B1-MWU-0175,LOCAL_REUSE,A1-M07-I04-S2,A1-M07-I04-S3,A1-M07-I04,A1-M07-I04,CORE_OR_STRUCTURAL_ROUTE,REEXPOSURE_OR_RETRIEVAL,AS_OBJECT_POLICY_REQUIRES,,NONE,1.44,REQUIRED_SCHEDULE_EDGE_AUDITED,
REC-A1-002582,SEQ-A1-000855,MWU_SOURCE_UNIT,12B1-MWU-0175,salir pronto,,,12B1-MWU-0175,NEAR_TRANSFER,A1-M07-I04-S3,A1-M08-I01-S2,A1-M07-I04,A1-M08-I01,CORE_OR_STRUCTURAL_ROUTE,TRANSFER_IN_CHANGED_CONTEXT,AS_OBJECT_POLICY_REQUIRES,,NONE,1.44,REQUIRED_SCHEDULE_EDGE_AUDITED,
REC-A1-002583,SEQ-A1-000855,MWU_SOURCE_UNIT,12B1-MWU-0175,salir pronto,,,12B1-MWU-0175,DISTANT_RETURN,A1-M08-I01-S2,A1-M08-I04-S1,A1-M08-I01,A1-M08-I04,CORE_OR_STRUCTURAL_ROUTE,DELAYED_RETRIEVAL_OR_TERMINAL_INTEGRATION,AS_OBJECT_POLICY_REQUIRES,,NONE,1.44,REQUIRED_SCHEDULE_EDGE_AUDITED,"Scheduled four islands after first introduction; destination story is load-balanced. This is a curriculum spacing rule, not a universal optimal interval claim."
REC-A1-002584,SEQ-A1-000857,MWU_SOURCE_UNIT,12B1-MWU-0177,salir temprano,,,12B1-MWU-0177,LOCAL_REUSE,A1-M07-I04-S2,A1-M07-I04-S3,A1-M07-I04,A1-M07-I04,CORE_OR_STRUCTURAL_ROUTE,REEXPOSURE_OR_RETRIEVAL,AS_OBJECT_POLICY_REQUIRES,,NONE,1.44,REQUIRED_SCHEDULE_EDGE_AUDITED,
REC-A1-002585,SEQ-A1-000857,MWU_SOURCE_UNIT,12B1-MWU-0177,salir temprano,,,12B1-MWU-0177,NEAR_TRANSFER,A1-M07-I04-S3,A1-M08-I01-S3,A1-M07-I04,A1-M08-I01,CORE_OR_STRUCTURAL_ROUTE,TRANSFER_IN_CHANGED_CONTEXT,AS_OBJECT_POLICY_REQUIRES,,NONE,1.44,REQUIRED_SCHEDULE_EDGE_AUDITED,
REC-A1-002586,SEQ-A1-000857,MWU_SOURCE_UNIT,12B1-MWU-0177,salir temprano,,,12B1-MWU-0177,DISTANT_RETURN,A1-M08-I01-S3,A1-M08-I04-S2,A1-M08-I01,A1-M08-I04,CORE_OR_STRUCTURAL_ROUTE,DELAYED_RETRIEVAL_OR_TERMINAL_INTEGRATION,AS_OBJECT_POLICY_REQUIRES,,NONE,1.44,REQUIRED_SCHEDULE_EDGE_AUDITED,"Scheduled four islands after first introduction; destination story is load-balanced. This is a curriculum spacing rule, not a universal optimal interval claim."
REC-A1-002587,SEQ-A1-000840,SENSE,SENSE-A1-000341,llegar,LEX-A1-000335,SENSE-A1-000341,,LOCAL_REUSE,A1-M07-I04-S2,A1-M07-I04-S3,A1-M07-I04,A1-M07-I04,CORE_OR_STRUCTURAL_ROUTE,REEXPOSURE_OR_RETRIEVAL,CONTEXTUAL_OR_FUNCTION_BOUND,,NONE,1.44,REQUIRED_SCHEDULE_EDGE_AUDITED,
REC-A1-002588,SEQ-A1-000840,SENSE,SENSE-A1-000341,llegar,LEX-A1-000335,SENSE-A1-000341,,NEAR_TRANSFER,A1-M07-I04-S3,A1-M08-I01-S1,A1-M07-I04,A1-M08-I01,CORE_OR_STRUCTURAL_ROUTE,TRANSFER_IN_CHANGED_CONTEXT,CONTEXTUAL_OR_FUNCTION_BOUND,,NONE,1.44,REQUIRED_SCHEDULE_EDGE_AUDITED,
REC-A1-002589,SEQ-A1-000840,SENSE,SENSE-A1-000341,llegar,LEX-A1-000335,SENSE-A1-000341,,DISTANT_RETURN,A1-M08-I01-S1,A1-M08-I04-S3,A1-M08-I01,A1-M08-I04,CORE_OR_STRUCTURAL_ROUTE,DELAYED_RETRIEVAL_OR_TERMINAL_INTEGRATION,CONTEXTUAL_OR_FUNCTION_BOUND,,NONE,1.44,REQUIRED_SCHEDULE_EDGE_AUDITED,"Scheduled four islands after first introduction; destination story is load-balanced. This is a curriculum spacing rule, not a universal optimal interval claim."
REC-A1-002590,SEQ-A1-000842,SENSE,SENSE-A1-000477,pronto,LEX-A1-000468,SENSE-A1-000477,,LOCAL_REUSE,A1-M07-I04-S2,A1-M07-I04-S3,A1-M07-I04,A1-M07-I04,CORE_OR_STRUCTURAL_ROUTE,REEXPOSURE_OR_RETRIEVAL,CONTEXTUAL_OR_FUNCTION_BOUND,,NONE,1.44,REQUIRED_SCHEDULE_EDGE_AUDITED,
REC-A1-002591,SEQ-A1-000842,SENSE,SENSE-A1-000477,pronto,LEX-A1-000468,SENSE-A1-000477,,NEAR_TRANSFER,A1-M07-I04-S3,A1-M08-I01-S2,A1-M07-I04,A1-M08-I01,CORE_OR_STRUCTURAL_ROUTE,TRANSFER_IN_CHANGED_CONTEXT,CONTEXTUAL_OR_FUNCTION_BOUND,,NONE,1.44,REQUIRED_SCHEDULE_EDGE_AUDITED,
REC-A1-002592,SEQ-A1-000842,SENSE,SENSE-A1-000477,pronto,LEX-A1-000468,SENSE-A1-000477,,DISTANT_RETURN,A1-M08-I01-S2,A1-M08-I04-S1,A1-M08-I01,A1-M08-I04,CORE_OR_STRUCTURAL_ROUTE,DELAYED_RETRIEVAL_OR_TERMINAL_INTEGRATION,CONTEXTUAL_OR_FUNCTION_BOUND,,NONE,1.44,REQUIRED_SCHEDULE_EDGE_AUDITED,"Scheduled four islands after first introduction; destination story is load-balanced. This is a curriculum spacing rule, not a universal optimal interval claim."
REC-A1-002593,SEQ-A1-000844,SENSE,SENSE-A1-000555,temprano,LEX-A1-000546,SENSE-A1-000555,,LOCAL_REUSE,A1-M07-I04-S2,A1-M07-I04-S3,A1-M07-I04,A1-M07-I04,CORE_OR_STRUCTURAL_ROUTE,REEXPOSURE_OR_RETRIEVAL,CONTEXTUAL_OR_FUNCTION_BOUND,,NONE,1.44,REQUIRED_SCHEDULE_EDGE_AUDITED,
REC-A1-002594,SEQ-A1-000844,SENSE,SENSE-A1-000555,temprano,LEX-A1-000546,SENSE-A1-000555,,NEAR_TRANSFER,A1-M07-I04-S3,A1-M08-I01-S3,A1-M07-I04,A1-M08-I01,CORE_OR_STRUCTURAL_ROUTE,TRANSFER_IN_CHANGED_CONTEXT,CONTEXTUAL_OR_FUNCTION_BOUND,,NONE,1.44,REQUIRED_SCHEDULE_EDGE_AUDITED,
REC-A1-002595,SEQ-A1-000844,SENSE,SENSE-A1-000555,temprano,LEX-A1-000546,SENSE-A1-000555,,DISTANT_RETURN,A1-M08-I01-S3,A1-M08-I04-S2,A1-M08-I01,A1-M08-I04,CORE_OR_STRUCTURAL_ROUTE,DELAYED_RETRIEVAL_OR_TERMINAL_INTEGRATION,CONTEXTUAL_OR_FUNCTION_BOUND,,NONE,1.44,REQUIRED_SCHEDULE_EDGE_AUDITED,"Scheduled four islands after first introduction; destination story is load-balanced. This is a curriculum spacing rule, not a universal optimal interval claim."
REC-A1-002596,SEQ-A1-000846,SENSE,SENSE-A1-000600,volver,LEX-A1-000591,SENSE-A1-000600,,LOCAL_REUSE,A1-M07-I04-S2,A1-M07-I04-S3,A1-M07-I04,A1-M07-I04,CORE_OR_STRUCTURAL_ROUTE,REEXPOSURE_OR_RETRIEVAL,CONTEXTUAL_OR_FUNCTION_BOUND,,NONE,1.44,REQUIRED_SCHEDULE_EDGE_AUDITED,
REC-A1-002597,SEQ-A1-000846,SENSE,SENSE-A1-000600,volver,LEX-A1-000591,SENSE-A1-000600,,NEAR_TRANSFER,A1-M07-I04-S3,A1-M08-I01-S1,A1-M07-I04,A1-M08-I01,CORE_OR_STRUCTURAL_ROUTE,TRANSFER_IN_CHANGED_CONTEXT,CONTEXTUAL_OR_FUNCTION_BOUND,,NONE,1.44,REQUIRED_SCHEDULE_EDGE_AUDITED,
REC-A1-002598,SEQ-A1-000846,SENSE,SENSE-A1-000600,volver,LEX-A1-000591,SENSE-A1-000600,,DISTANT_RETURN,A1-M08-I01-S1,A1-M08-I04-S3,A1-M08-I01,A1-M08-I04,CORE_OR_STRUCTURAL_ROUTE,DELAYED_RETRIEVAL_OR_TERMINAL_INTEGRATION,CONTEXTUAL_OR_FUNCTION_BOUND,,NONE,1.44,REQUIRED_SCHEDULE_EDGE_AUDITED,"Scheduled four islands after first introduction; destination story is load-balanced. This is a curriculum spacing rule, not a universal optimal interval claim."
REC-A1-002599,SEQ-A1-000978,GRAMMAR_UNIT,GRAM-A1-093,Locución interrogativa de A1 se completa en 8.9,,,,LOCAL_REUSE,A1-M08-I01-S1,A1-M08-I01-S2,A1-M08-I01,A1-M08-I01,CORE_OR_STRUCTURAL_ROUTE,REEXPOSURE_OR_RETRIEVAL,AS_OBJECT_POLICY_REQUIRES,,NONE,1.44,REQUIRED_SCHEDULE_EDGE_AUDITED,
REC-A1-002600,SEQ-A1-000978,GRAMMAR_UNIT,GRAM-A1-093,Locución interrogativa de A1 se completa en 8.9,,,,NEAR_TRANSFER,A1-M08-I01-S2,A1-M08-I02-S2,A1-M08-I01,A1-M08-I02,CORE_OR_STRUCTURAL_ROUTE,TRANSFER_IN_CHANGED_CONTEXT,AS_OBJECT_POLICY_REQUIRES,,NONE,1.44,REQUIRED_SCHEDULE_EDGE_AUDITED,
REC-A1-002601,SEQ-A1-000978,GRAMMAR_UNIT,GRAM-A1-093,Locución interrogativa de A1 se completa en 8.9,,,,TERMINAL_CAPSTONE_RETURN,A1-M08-I02-S2,A1-M08-I04-S1,A1-M08-I02,A1-M08-I04,CORE_OR_STRUCTURAL_ROUTE,DELAYED_RETRIEVAL_OR_TERMINAL_INTEGRATION,AS_OBJECT_POLICY_REQUIRES,,NONE,1.44,REQUIRED_SCHEDULE_EDGE_AUDITED,"Late-A1 target: capstone return is terminal integration, not claimed as scientifically distant retrieval."
REC-A1-002602,SEQ-A1-000875,GRAMMAR_UNIT,GRAM-A1-099,"Poco, mucho, bastante en posición postverbal básica",,,,LOCAL_REUSE,A1-M08-I01-S1,A1-M08-I01-S3,A1-M08-I01,A1-M08-I01,CORE_OR_STRUCTURAL_ROUTE,REEXPOSURE_OR_RETRIEVAL,AS_OBJECT_POLICY_REQUIRES,,NONE,1.44,REQUIRED_SCHEDULE_EDGE_AUDITED,
REC-A1-002603,SEQ-A1-000875,GRAMMAR_UNIT,GRAM-A1-099,"Poco, mucho, bastante en posición postverbal básica",,,,NEAR_TRANSFER,A1-M08-I01-S3,A1-M08-I02-S3,A1-M08-I01,A1-M08-I02,CORE_OR_STRUCTURAL_ROUTE,TRANSFER_IN_CHANGED_CONTEXT,AS_OBJECT_POLICY_REQUIRES,,NONE,1.44,REQUIRED_SCHEDULE_EDGE_AUDITED,
REC-A1-002604,SEQ-A1-000875,GRAMMAR_UNIT,GRAM-A1-099,"Poco, mucho, bastante en posición postverbal básica",,,,TERMINAL_CAPSTONE_RETURN,A1-M08-I02-S3,A1-M08-I04-S2,A1-M08-I02,A1-M08-I04,CORE_OR_STRUCTURAL_ROUTE,DELAYED_RETRIEVAL_OR_TERMINAL_INTEGRATION,AS_OBJECT_POLICY_REQUIRES,,NONE,1.44,REQUIRED_SCHEDULE_EDGE_AUDITED,"Late-A1 target: capstone return is terminal integration, not claimed as scientifically distant retrieval."
REC-A1-002605,SEQ-A1-000877,GRAMMAR_UNIT,GRAM-A1-101,Uso regional de demasiado con valor de mucho/muy,,,,LOCAL_REUSE,A1-M08-I01-S1,A1-M08-I01-S2,A1-M08-I01,A1-M08-I01,CORE_OR_STRUCTURAL_ROUTE,REEXPOSURE_OR_RETRIEVAL,AS_OBJECT_POLICY_REQUIRES,,NONE,1.44,REQUIRED_SCHEDULE_EDGE_AUDITED,
REC-A1-002606,SEQ-A1-000877,GRAMMAR_UNIT,GRAM-A1-101,Uso regional de demasiado con valor de mucho/muy,,,,NEAR_TRANSFER,A1-M08-I01-S2,A1-M08-I02-S1,A1-M08-I01,A1-M08-I02,CORE_OR_STRUCTURAL_ROUTE,TRANSFER_IN_CHANGED_CONTEXT,AS_OBJECT_POLICY_REQUIRES,,NONE,1.44,REQUIRED_SCHEDULE_EDGE_AUDITED,
REC-A1-002607,SEQ-A1-000877,GRAMMAR_UNIT,GRAM-A1-101,Uso regional de demasiado con valor de mucho/muy,,,,TERMINAL_CAPSTONE_RETURN,A1-M08-I02-S1,A1-M08-I04-S3,A1-M08-I02,A1-M08-I04,CORE_OR_STRUCTURAL_ROUTE,DELAYED_RETRIEVAL_OR_TERMINAL_INTEGRATION,AS_OBJECT_POLICY_REQUIRES,,NONE,1.44,REQUIRED_SCHEDULE_EDGE_AUDITED,"Late-A1 target: capstone return is terminal integration, not claimed as scientifically distant retrieval."
REC-A1-002608,SEQ-A1-000878,GRAMMAR_UNIT,GRAM-A1-102,Bien y mal como resultativos postverbales,,,,LOCAL_REUSE,A1-M08-I01-S1,A1-M08-I01-S3,A1-M08-I01,A1-M08-I01,CORE_OR_STRUCTURAL_ROUTE,REEXPOSURE_OR_RETRIEVAL,AS_OBJECT_POLICY_REQUIRES,,NONE,1.44,REQUIRED_SCHEDULE_EDGE_AUDITED,
REC-A1-002609,SEQ-A1-000878,GRAMMAR_UNIT,GRAM-A1-102,Bien y mal como resultativos postverbales,,,,NEAR_TRANSFER,A1-M08-I01-S3,A1-M08-I02-S2,A1-M08-I01,A1-M08-I02,CORE_OR_STRUCTURAL_ROUTE,TRANSFER_IN_CHANGED_CONTEXT,AS_OBJECT_POLICY_REQUIRES,,NONE,1.44,REQUIRED_SCHEDULE_EDGE_AUDITED,
REC-A1-002610,SEQ-A1-000878,GRAMMAR_UNIT,GRAM-A1-102,Bien y mal como resultativos postverbales,,,,TERMINAL_CAPSTONE_RETURN,A1-M08-I02-S2,A1-M08-I04-S1,A1-M08-I02,A1-M08-I04,CORE_OR_STRUCTURAL_ROUTE,DELAYED_RETRIEVAL_OR_TERMINAL_INTEGRATION,AS_OBJECT_POLICY_REQUIRES,,NONE,1.44,REQUIRED_SCHEDULE_EDGE_AUDITED,"Late-A1 target: capstone return is terminal integration, not claimed as scientifically distant retrieval."
REC-A1-002611,SEQ-A1-000880,GRAMMAR_UNIT,GRAM-A1-157,Subordinada con que como OD de creer afirmativo,,,,LOCAL_REUSE,A1-M08-I01-S1,A1-M08-I01-S2,A1-M08-I01,A1-M08-I01,CORE_OR_STRUCTURAL_ROUTE,REEXPOSURE_OR_RETRIEVAL,AS_OBJECT_POLICY_REQUIRES,,NONE,1.44,REQUIRED_SCHEDULE_EDGE_AUDITED,
REC-A1-002612,SEQ-A1-000880,GRAMMAR_UNIT,GRAM-A1-157,Subordinada con que como OD de creer afirmativo,,,,NEAR_TRANSFER,A1-M08-I01-S2,A1-M08-I02-S3,A1-M08-I01,A1-M08-I02,CORE_OR_STRUCTURAL_ROUTE,TRANSFER_IN_CHANGED_CONTEXT,AS_OBJECT_POLICY_REQUIRES,,NONE,1.44,REQUIRED_SCHEDULE_EDGE_AUDITED,
REC-A1-002613,SEQ-A1-000880,GRAMMAR_UNIT,GRAM-A1-157,Subordinada con que como OD de creer afirmativo,,,,TERMINAL_CAPSTONE_RETURN,A1-M08-I02-S3,A1-M08-I04-S2,A1-M08-I02,A1-M08-I04,CORE_OR_STRUCTURAL_ROUTE,DELAYED_RETRIEVAL_OR_TERMINAL_INTEGRATION,AS_OBJECT_POLICY_REQUIRES,,NONE,1.44,REQUIRED_SCHEDULE_EDGE_AUDITED,"Late-A1 target: capstone return is terminal integration, not claimed as scientifically distant retrieval."
REC-A1-002614,SEQ-A1-000881,MWU_SOURCE_UNIT,12B1-MWU-0129,ser interesante,,,12B1-MWU-0129,LOCAL_REUSE,A1-M08-I01-S1,A1-M08-I01-S3,A1-M08-I01,A1-M08-I01,CORE_OR_STRUCTURAL_ROUTE,REEXPOSURE_OR_RETRIEVAL,AS_OBJECT_POLICY_REQUIRES,,NONE,1.44,REQUIRED_SCHEDULE_EDGE_AUDITED,
REC-A1-002615,SEQ-A1-000881,MWU_SOURCE_UNIT,12B1-MWU-0129,ser interesante,,,12B1-MWU-0129,NEAR_TRANSFER,A1-M08-I01-S3,A1-M08-I02-S1,A1-M08-I01,A1-M08-I02,CORE_OR_STRUCTURAL_ROUTE,TRANSFER_IN_CHANGED_CONTEXT,AS_OBJECT_POLICY_REQUIRES,,NONE,1.44,REQUIRED_SCHEDULE_EDGE_AUDITED,
REC-A1-002616,SEQ-A1-000881,MWU_SOURCE_UNIT,12B1-MWU-0129,ser interesante,,,12B1-MWU-0129,TERMINAL_CAPSTONE_RETURN,A1-M08-I02-S1,A1-M08-I04-S3,A1-M08-I02,A1-M08-I04,CORE_OR_STRUCTURAL_ROUTE,DELAYED_RETRIEVAL_OR_TERMINAL_INTEGRATION,AS_OBJECT_POLICY_REQUIRES,,NONE,1.44,REQUIRED_SCHEDULE_EDGE_AUDITED,"Late-A1 target: capstone return is terminal integration, not claimed as scientifically distant retrieval."
REC-A1-002617,SEQ-A1-000985,MWU_SOURCE_UNIT,12B1-MWU-0190,por qué,LEX-A1-000451,SENSE-A1-000459,12B1-MWU-0190,LOCAL_REUSE,A1-M08-I01-S1,A1-M08-I01-S2,A1-M08-I01,A1-M08-I01,CORE_OR_STRUCTURAL_ROUTE,REEXPOSURE_OR_RETRIEVAL,AS_OBJECT_POLICY_REQUIRES,,NONE,1.44,REQUIRED_SCHEDULE_EDGE_AUDITED,
REC-A1-002618,SEQ-A1-000985,MWU_SOURCE_UNIT,12B1-MWU-0190,por qué,LEX-A1-000451,SENSE-A1-000459,12B1-MWU-0190,NEAR_TRANSFER,A1-M08-I01-S2,A1-M08-I02-S2,A1-M08-I01,A1-M08-I02,CORE_OR_STRUCTURAL_ROUTE,TRANSFER_IN_CHANGED_CONTEXT,AS_OBJECT_POLICY_REQUIRES,,NONE,1.44,REQUIRED_SCHEDULE_EDGE_AUDITED,
REC-A1-002619,SEQ-A1-000985,MWU_SOURCE_UNIT,12B1-MWU-0190,por qué,LEX-A1-000451,SENSE-A1-000459,12B1-MWU-0190,TERMINAL_CAPSTONE_RETURN,A1-M08-I02-S2,A1-M08-I04-S1,A1-M08-I02,A1-M08-I04,CORE_OR_STRUCTURAL_ROUTE,DELAYED_RETRIEVAL_OR_TERMINAL_INTEGRATION,AS_OBJECT_POLICY_REQUIRES,,NONE,1.44,REQUIRED_SCHEDULE_EDGE_AUDITED,"Late-A1 target: capstone return is terminal integration, not claimed as scientifically distant retrieval."
REC-A1-002620,SEQ-A1-000858,SENSE,SENSE-A1-000028,alegre,LEX-A1-000028,SENSE-A1-000028,,LOCAL_REUSE,A1-M08-I01-S1,A1-M08-I01-S3,A1-M08-I01,A1-M08-I01,CORE_OR_STRUCTURAL_ROUTE,REEXPOSURE_OR_RETRIEVAL,CONTEXTUAL_OR_FUNCTION_BOUND,,NONE,1.44,REQUIRED_SCHEDULE_EDGE_AUDITED,
REC-A1-002621,SEQ-A1-000858,SENSE,SENSE-A1-000028,alegre,LEX-A1-000028,SENSE-A1-000028,,NEAR_TRANSFER,A1-M08-I01-S3,A1-M08-I02-S3,A1-M08-I01,A1-M08-I02,CORE_OR_STRUCTURAL_ROUTE,TRANSFER_IN_CHANGED_CONTEXT,CONTEXTUAL_OR_FUNCTION_BOUND,,NONE,1.44,REQUIRED_SCHEDULE_EDGE_AUDITED,
REC-A1-002622,SEQ-A1-000858,SENSE,SENSE-A1-000028,alegre,LEX-A1-000028,SENSE-A1-000028,,TERMINAL_CAPSTONE_RETURN,A1-M08-I02-S3,A1-M08-I04-S2,A1-M08-I02,A1-M08-I04,CORE_OR_STRUCTURAL_ROUTE,DELAYED_RETRIEVAL_OR_TERMINAL_INTEGRATION,CONTEXTUAL_OR_FUNCTION_BOUND,,NONE,1.44,REQUIRED_SCHEDULE_EDGE_AUDITED,"Late-A1 target: capstone return is terminal integration, not claimed as scientifically distant retrieval."
REC-A1-002623,SEQ-A1-000860,SENSE,SENSE-A1-000082,bonito,LEX-A1-000081,SENSE-A1-000082,,LOCAL_REUSE,A1-M08-I01-S1,A1-M08-I01-S2,A1-M08-I01,A1-M08-I01,CORE_OR_STRUCTURAL_ROUTE,REEXPOSURE_OR_RETRIEVAL,CONTEXTUAL_OR_FUNCTION_BOUND,,NONE,1.44,REQUIRED_SCHEDULE_EDGE_AUDITED,
REC-A1-002624,SEQ-A1-000860,SENSE,SENSE-A1-000082,bonito,LEX-A1-000081,SENSE-A1-000082,,NEAR_TRANSFER,A1-M08-I01-S2,A1-M08-I02-S1,A1-M08-I01,A1-M08-I02,CORE_OR_STRUCTURAL_ROUTE,TRANSFER_IN_CHANGED_CONTEXT,CONTEXTUAL_OR_FUNCTION_BOUND,,NONE,1.44,REQUIRED_SCHEDULE_EDGE_AUDITED,
REC-A1-002625,SEQ-A1-000860,SENSE,SENSE-A1-000082,bonito,LEX-A1-000081,SENSE-A1-000082,,TERMINAL_CAPSTONE_RETURN,A1-M08-I02-S1,A1-M08-I04-S3,A1-M08-I02,A1-M08-I04,CORE_OR_STRUCTURAL_ROUTE,DELAYED_RETRIEVAL_OR_TERMINAL_INTEGRATION,CONTEXTUAL_OR_FUNCTION_BOUND,,NONE,1.44,REQUIRED_SCHEDULE_EDGE_AUDITED,"Late-A1 target: capstone return is terminal integration, not claimed as scientifically distant retrieval."
REC-A1-002626,SEQ-A1-000862,SENSE,SENSE-A1-000182,demasiado,LEX-A1-000180,SENSE-A1-000182,,LOCAL_RECEPTIVE_REUSE,A1-M08-I01-S1,A1-M08-I01-S3,A1-M08-I01,A1-M08-I01,REGIONAL_RECEPTIVE_ROUTE,RECOGNITION,NO_UNIVERSAL_PRODUCTIVE_DEMAND,RECEPTIVE_PROFILE_RULE_PRESERVED,NONE,1.44,REQUIRED_SCHEDULE_EDGE_AUDITED,
REC-A1-002627,SEQ-A1-000862,SENSE,SENSE-A1-000182,demasiado,LEX-A1-000180,SENSE-A1-000182,,REGIONAL_NEAR_RECOGNITION,A1-M08-I01-S3,A1-M08-I02-S2,A1-M08-I01,A1-M08-I02,REGIONAL_RECEPTIVE_ROUTE,RECOGNITION_IN_CHANGED_CONTEXT,NO_UNIVERSAL_PRODUCTIVE_DEMAND,RECEPTIVE_PROFILE_RULE_PRESERVED,NONE,1.44,REQUIRED_SCHEDULE_EDGE_AUDITED,
REC-A1-002628,SEQ-A1-000862,SENSE,SENSE-A1-000182,demasiado,LEX-A1-000180,SENSE-A1-000182,,REGIONAL_LATER_RECOGNITION,A1-M08-I02-S2,A1-M08-I04-S1,A1-M08-I02,A1-M08-I04,REGIONAL_RECEPTIVE_ROUTE,LATER_RECOGNITION,NO_UNIVERSAL_PRODUCTIVE_DEMAND,RECEPTIVE_PROFILE_RULE_PRESERVED,NONE,1.44,REQUIRED_SCHEDULE_EDGE_AUDITED,"Late-A1 target: capstone return is terminal integration, not claimed as scientifically distant retrieval."
REC-A1-002629,SEQ-A1-000864,SENSE,SENSE-A1-000308,inteligente,LEX-A1-000302,SENSE-A1-000308,,LOCAL_REUSE,A1-M08-I01-S1,A1-M08-I01-S2,A1-M08-I01,A1-M08-I01,CORE_OR_STRUCTURAL_ROUTE,REEXPOSURE_OR_RETRIEVAL,CONTEXTUAL_OR_FUNCTION_BOUND,,NONE,1.44,REQUIRED_SCHEDULE_EDGE_AUDITED,
REC-A1-002630,SEQ-A1-000864,SENSE,SENSE-A1-000308,inteligente,LEX-A1-000302,SENSE-A1-000308,,NEAR_TRANSFER,A1-M08-I01-S2,A1-M08-I02-S3,A1-M08-I01,A1-M08-I02,CORE_OR_STRUCTURAL_ROUTE,TRANSFER_IN_CHANGED_CONTEXT,CONTEXTUAL_OR_FUNCTION_BOUND,,NONE,1.44,REQUIRED_SCHEDULE_EDGE_AUDITED,
REC-A1-002631,SEQ-A1-000864,SENSE,SENSE-A1-000308,inteligente,LEX-A1-000302,SENSE-A1-000308,,TERMINAL_CAPSTONE_RETURN,A1-M08-I02-S3,A1-M08-I04-S2,A1-M08-I02,A1-M08-I04,CORE_OR_STRUCTURAL_ROUTE,DELAYED_RETRIEVAL_OR_TERMINAL_INTEGRATION,CONTEXTUAL_OR_FUNCTION_BOUND,,NONE,1.44,REQUIRED_SCHEDULE_EDGE_AUDITED,"Late-A1 target: capstone return is terminal integration, not claimed as scientifically distant retrieval."
REC-A1-002632,SEQ-A1-000866,SENSE,SENSE-A1-000349,malo,LEX-A1-000343,SENSE-A1-000349,,LOCAL_REUSE,A1-M08-I01-S1,A1-M08-I01-S3,A1-M08-I01,A1-M08-I01,CORE_OR_STRUCTURAL_ROUTE,REEXPOSURE_OR_RETRIEVAL,CONTEXTUAL_OR_FUNCTION_BOUND,,NONE,1.44,REQUIRED_SCHEDULE_EDGE_AUDITED,
REC-A1-002633,SEQ-A1-000866,SENSE,SENSE-A1-000349,malo,LEX-A1-000343,SENSE-A1-000349,,NEAR_TRANSFER,A1-M08-I01-S3,A1-M08-I02-S1,A1-M08-I01,A1-M08-I02,CORE_OR_STRUCTURAL_ROUTE,TRANSFER_IN_CHANGED_CONTEXT,CONTEXTUAL_OR_FUNCTION_BOUND,,NONE,1.44,REQUIRED_SCHEDULE_EDGE_AUDITED,
REC-A1-002634,SEQ-A1-000866,SENSE,SENSE-A1-000349,malo,LEX-A1-000343,SENSE-A1-000349,,TERMINAL_CAPSTONE_RETURN,A1-M08-I02-S1,A1-M08-I04-S3,A1-M08-I02,A1-M08-I04,CORE_OR_STRUCTURAL_ROUTE,DELAYED_RETRIEVAL_OR_TERMINAL_INTEGRATION,CONTEXTUAL_OR_FUNCTION_BOUND,,NONE,1.44,REQUIRED_SCHEDULE_EDGE_AUDITED,"Late-A1 target: capstone return is terminal integration, not claimed as scientifically distant retrieval."
REC-A1-002635,SEQ-A1-000970,SENSE,SENSE-A1-000459,por qué,LEX-A1-000451,SENSE-A1-000459,,LOCAL_REUSE,A1-M08-I01-S1,A1-M08-I01-S2,A1-M08-I01,A1-M08-I01,CORE_OR_STRUCTURAL_ROUTE,REEXPOSURE_OR_RETRIEVAL,CONTEXTUAL_OR_FUNCTION_BOUND,,NONE,1.44,REQUIRED_SCHEDULE_EDGE_AUDITED,
REC-A1-002636,SEQ-A1-000970,SENSE,SENSE-A1-000459,por qué,LEX-A1-000451,SENSE-A1-000459,,NEAR_TRANSFER,A1-M08-I01-S2,A1-M08-I02-S2,A1-M08-I01,A1-M08-I02,CORE_OR_STRUCTURAL_ROUTE,TRANSFER_IN_CHANGED_CONTEXT,CONTEXTUAL_OR_FUNCTION_BOUND,,NONE,1.44,REQUIRED_SCHEDULE_EDGE_AUDITED,
REC-A1-002637,SEQ-A1-000970,SENSE,SENSE-A1-000459,por qué,LEX-A1-000451,SENSE-A1-000459,,TERMINAL_CAPSTONE_RETURN,A1-M08-I02-S2,A1-M08-I04-S1,A1-M08-I02,A1-M08-I04,CORE_OR_STRUCTURAL_ROUTE,DELAYED_RETRIEVAL_OR_TERMINAL_INTEGRATION,CONTEXTUAL_OR_FUNCTION_BOUND,,NONE,1.44,REQUIRED_SCHEDULE_EDGE_AUDITED,"Late-A1 target: capstone return is terminal integration, not claimed as scientifically distant retrieval."
REC-A1-002638,SEQ-A1-000869,SENSE,SENSE-A1-000490,quizá,LEX-A1-000481,SENSE-A1-000490,,LOCAL_REUSE,A1-M08-I01-S1,A1-M08-I01-S3,A1-M08-I01,A1-M08-I01,CORE_OR_STRUCTURAL_ROUTE,REEXPOSURE_OR_RETRIEVAL,CONTEXTUAL_OR_FUNCTION_BOUND,,NONE,1.44,REQUIRED_SCHEDULE_EDGE_AUDITED,
REC-A1-002639,SEQ-A1-000869,SENSE,SENSE-A1-000490,quizá,LEX-A1-000481,SENSE-A1-000490,,NEAR_TRANSFER,A1-M08-I01-S3,A1-M08-I02-S3,A1-M08-I01,A1-M08-I02,CORE_OR_STRUCTURAL_ROUTE,TRANSFER_IN_CHANGED_CONTEXT,CONTEXTUAL_OR_FUNCTION_BOUND,,NONE,1.44,REQUIRED_SCHEDULE_EDGE_AUDITED,
REC-A1-002640,SEQ-A1-000869,SENSE,SENSE-A1-000490,quizá,LEX-A1-000481,SENSE-A1-000490,,TERMINAL_CAPSTONE_RETURN,A1-M08-I02-S3,A1-M08-I04-S2,A1-M08-I02,A1-M08-I04,CORE_OR_STRUCTURAL_ROUTE,DELAYED_RETRIEVAL_OR_TERMINAL_INTEGRATION,CONTEXTUAL_OR_FUNCTION_BOUND,,NONE,1.44,REQUIRED_SCHEDULE_EDGE_AUDITED,"Late-A1 target: capstone return is terminal integration, not claimed as scientifically distant retrieval."
REC-A1-002641,SEQ-A1-000871,SENSE,SENSE-A1-000494,regular,LEX-A1-000485,SENSE-A1-000494,,LOCAL_REUSE,A1-M08-I01-S1,A1-M08-I01-S2,A1-M08-I01,A1-M08-I01,CORE_OR_STRUCTURAL_ROUTE,REEXPOSURE_OR_RETRIEVAL,CONTEXTUAL_OR_FUNCTION_BOUND,,NONE,1.44,REQUIRED_SCHEDULE_EDGE_AUDITED,
REC-A1-002642,SEQ-A1-000871,SENSE,SENSE-A1-000494,regular,LEX-A1-000485,SENSE-A1-000494,,NEAR_TRANSFER,A1-M08-I01-S2,A1-M08-I02-S1,A1-M08-I01,A1-M08-I02,CORE_OR_STRUCTURAL_ROUTE,TRANSFER_IN_CHANGED_CONTEXT,CONTEXTUAL_OR_FUNCTION_BOUND,,NONE,1.44,REQUIRED_SCHEDULE_EDGE_AUDITED,
REC-A1-002643,SEQ-A1-000871,SENSE,SENSE-A1-000494,regular,LEX-A1-000485,SENSE-A1-000494,,TERMINAL_CAPSTONE_RETURN,A1-M08-I02-S1,A1-M08-I04-S3,A1-M08-I02,A1-M08-I04,CORE_OR_STRUCTURAL_ROUTE,DELAYED_RETRIEVAL_OR_TERMINAL_INTEGRATION,CONTEXTUAL_OR_FUNCTION_BOUND,,NONE,1.44,REQUIRED_SCHEDULE_EDGE_AUDITED,"Late-A1 target: capstone return is terminal integration, not claimed as scientifically distant retrieval."
REC-A1-002644,SEQ-A1-000873,SENSE,SENSE-A1-000563,tímido,LEX-A1-000554,SENSE-A1-000563,,LOCAL_REUSE,A1-M08-I01-S1,A1-M08-I01-S3,A1-M08-I01,A1-M08-I01,CORE_OR_STRUCTURAL_ROUTE,REEXPOSURE_OR_RETRIEVAL,CONTEXTUAL_OR_FUNCTION_BOUND,,NONE,1.44,REQUIRED_SCHEDULE_EDGE_AUDITED,
REC-A1-002645,SEQ-A1-000873,SENSE,SENSE-A1-000563,tímido,LEX-A1-000554,SENSE-A1-000563,,NEAR_TRANSFER,A1-M08-I01-S3,A1-M08-I02-S2,A1-M08-I01,A1-M08-I02,CORE_OR_STRUCTURAL_ROUTE,TRANSFER_IN_CHANGED_CONTEXT,CONTEXTUAL_OR_FUNCTION_BOUND,,NONE,1.44,REQUIRED_SCHEDULE_EDGE_AUDITED,
REC-A1-002646,SEQ-A1-000873,SENSE,SENSE-A1-000563,tímido,LEX-A1-000554,SENSE-A1-000563,,TERMINAL_CAPSTONE_RETURN,A1-M08-I02-S2,A1-M08-I04-S1,A1-M08-I02,A1-M08-I04,CORE_OR_STRUCTURAL_ROUTE,DELAYED_RETRIEVAL_OR_TERMINAL_INTEGRATION,CONTEXTUAL_OR_FUNCTION_BOUND,,NONE,1.44,REQUIRED_SCHEDULE_EDGE_AUDITED,"Late-A1 target: capstone return is terminal integration, not claimed as scientifically distant retrieval."
REC-A1-002647,SEQ-A1-000874,GRAMMAR_UNIT,GRAM-A1-030,Superlativo absoluto analítico con muy,,,,LOCAL_REUSE,A1-M08-I01-S2,A1-M08-I01-S3,A1-M08-I01,A1-M08-I01,CORE_OR_STRUCTURAL_ROUTE,REEXPOSURE_OR_RETRIEVAL,AS_OBJECT_POLICY_REQUIRES,,NONE,1.44,REQUIRED_SCHEDULE_EDGE_AUDITED,
REC-A1-002648,SEQ-A1-000874,GRAMMAR_UNIT,GRAM-A1-030,Superlativo absoluto analítico con muy,,,,NEAR_TRANSFER,A1-M08-I01-S3,A1-M08-I02-S3,A1-M08-I01,A1-M08-I02,CORE_OR_STRUCTURAL_ROUTE,TRANSFER_IN_CHANGED_CONTEXT,AS_OBJECT_POLICY_REQUIRES,,NONE,1.44,REQUIRED_SCHEDULE_EDGE_AUDITED,
REC-A1-002649,SEQ-A1-000874,GRAMMAR_UNIT,GRAM-A1-030,Superlativo absoluto analítico con muy,,,,TERMINAL_CAPSTONE_RETURN,A1-M08-I02-S3,A1-M08-I04-S2,A1-M08-I02,A1-M08-I04,CORE_OR_STRUCTURAL_ROUTE,DELAYED_RETRIEVAL_OR_TERMINAL_INTEGRATION,AS_OBJECT_POLICY_REQUIRES,,NONE,1.44,REQUIRED_SCHEDULE_EDGE_AUDITED,"Late-A1 target: capstone return is terminal integration, not claimed as scientifically distant retrieval."
REC-A1-002650,SEQ-A1-000876,GRAMMAR_UNIT,GRAM-A1-100,Contraste mucho vs. muy,,,,LOCAL_REUSE,A1-M08-I01-S2,A1-M08-I01-S3,A1-M08-I01,A1-M08-I01,CORE_OR_STRUCTURAL_ROUTE,REEXPOSURE_OR_RETRIEVAL,AS_OBJECT_POLICY_REQUIRES,,NONE,1.44,REQUIRED_SCHEDULE_EDGE_AUDITED,
REC-A1-002651,SEQ-A1-000876,GRAMMAR_UNIT,GRAM-A1-100,Contraste mucho vs. muy,,,,NEAR_TRANSFER,A1-M08-I01-S3,A1-M08-I02-S1,A1-M08-I01,A1-M08-I02,CORE_OR_STRUCTURAL_ROUTE,TRANSFER_IN_CHANGED_CONTEXT,AS_OBJECT_POLICY_REQUIRES,,NONE,1.44,REQUIRED_SCHEDULE_EDGE_AUDITED,
REC-A1-002652,SEQ-A1-000876,GRAMMAR_UNIT,GRAM-A1-100,Contraste mucho vs. muy,,,,TERMINAL_CAPSTONE_RETURN,A1-M08-I02-S1,A1-M08-I04-S3,A1-M08-I02,A1-M08-I04,CORE_OR_STRUCTURAL_ROUTE,DELAYED_RETRIEVAL_OR_TERMINAL_INTEGRATION,AS_OBJECT_POLICY_REQUIRES,,NONE,1.44,REQUIRED_SCHEDULE_EDGE_AUDITED,"Late-A1 target: capstone return is terminal integration, not claimed as scientifically distant retrieval."
REC-A1-002653,SEQ-A1-000979,GRAMMAR_UNIT,GRAM-A1-107,Por qué como locución interrogativa; contraste formal con porque,,,,LOCAL_REUSE,A1-M08-I01-S2,A1-M08-I01-S3,A1-M08-I01,A1-M08-I01,CORE_OR_STRUCTURAL_ROUTE,REEXPOSURE_OR_RETRIEVAL,AS_OBJECT_POLICY_REQUIRES,,NONE,1.44,REQUIRED_SCHEDULE_EDGE_AUDITED,
REC-A1-002654,SEQ-A1-000979,GRAMMAR_UNIT,GRAM-A1-107,Por qué como locución interrogativa; contraste formal con porque,,,,NEAR_TRANSFER,A1-M08-I01-S3,A1-M08-I02-S2,A1-M08-I01,A1-M08-I02,CORE_OR_STRUCTURAL_ROUTE,TRANSFER_IN_CHANGED_CONTEXT,AS_OBJECT_POLICY_REQUIRES,,NONE,1.44,REQUIRED_SCHEDULE_EDGE_AUDITED,
REC-A1-002655,SEQ-A1-000979,GRAMMAR_UNIT,GRAM-A1-107,Por qué como locución interrogativa; contraste formal con porque,,,,TERMINAL_CAPSTONE_RETURN,A1-M08-I02-S2,A1-M08-I04-S1,A1-M08-I02,A1-M08-I04,CORE_OR_STRUCTURAL_ROUTE,DELAYED_RETRIEVAL_OR_TERMINAL_INTEGRATION,AS_OBJECT_POLICY_REQUIRES,,NONE,1.44,REQUIRED_SCHEDULE_EDGE_AUDITED,"Late-A1 target: capstone return is terminal integration, not claimed as scientifically distant retrieval."
REC-A1-002656,SEQ-A1-000879,GRAMMAR_UNIT,GRAM-A1-125,"Modificadores de grado muy, poco, bastante",,,,LOCAL_REUSE,A1-M08-I01-S2,A1-M08-I01-S3,A1-M08-I01,A1-M08-I01,CORE_OR_STRUCTURAL_ROUTE,REEXPOSURE_OR_RETRIEVAL,AS_OBJECT_POLICY_REQUIRES,,NONE,1.44,REQUIRED_SCHEDULE_EDGE_AUDITED,
REC-A1-002657,SEQ-A1-000879,GRAMMAR_UNIT,GRAM-A1-125,"Modificadores de grado muy, poco, bastante",,,,NEAR_TRANSFER,A1-M08-I01-S3,A1-M08-I02-S3,A1-M08-I01,A1-M08-I02,CORE_OR_STRUCTURAL_ROUTE,TRANSFER_IN_CHANGED_CONTEXT,AS_OBJECT_POLICY_REQUIRES,,NONE,1.44,REQUIRED_SCHEDULE_EDGE_AUDITED,
REC-A1-002658,SEQ-A1-000879,GRAMMAR_UNIT,GRAM-A1-125,"Modificadores de grado muy, poco, bastante",,,,TERMINAL_CAPSTONE_RETURN,A1-M08-I02-S3,A1-M08-I04-S2,A1-M08-I02,A1-M08-I04,CORE_OR_STRUCTURAL_ROUTE,DELAYED_RETRIEVAL_OR_TERMINAL_INTEGRATION,AS_OBJECT_POLICY_REQUIRES,,NONE,1.44,REQUIRED_SCHEDULE_EDGE_AUDITED,"Late-A1 target: capstone return is terminal integration, not claimed as scientifically distant retrieval."
REC-A1-002659,SEQ-A1-000882,MWU_SOURCE_UNIT,12B1-MWU-0180,ser difícil,,,12B1-MWU-0180,LOCAL_REUSE,A1-M08-I01-S2,A1-M08-I01-S3,A1-M08-I01,A1-M08-I01,CORE_OR_STRUCTURAL_ROUTE,REEXPOSURE_OR_RETRIEVAL,AS_OBJECT_POLICY_REQUIRES,,NONE,1.44,REQUIRED_SCHEDULE_EDGE_AUDITED,
REC-A1-002660,SEQ-A1-000882,MWU_SOURCE_UNIT,12B1-MWU-0180,ser difícil,,,12B1-MWU-0180,NEAR_TRANSFER,A1-M08-I01-S3,A1-M08-I02-S1,A1-M08-I01,A1-M08-I02,CORE_OR_STRUCTURAL_ROUTE,TRANSFER_IN_CHANGED_CONTEXT,AS_OBJECT_POLICY_REQUIRES,,NONE,1.44,REQUIRED_SCHEDULE_EDGE_AUDITED,
REC-A1-002661,SEQ-A1-000882,MWU_SOURCE_UNIT,12B1-MWU-0180,ser difícil,,,12B1-MWU-0180,TERMINAL_CAPSTONE_RETURN,A1-M08-I02-S1,A1-M08-I04-S3,A1-M08-I02,A1-M08-I04,CORE_OR_STRUCTURAL_ROUTE,DELAYED_RETRIEVAL_OR_TERMINAL_INTEGRATION,AS_OBJECT_POLICY_REQUIRES,,NONE,1.44,REQUIRED_SCHEDULE_EDGE_AUDITED,"Late-A1 target: capstone return is terminal integration, not claimed as scientifically distant retrieval."
REC-A1-002662,SEQ-A1-000883,MWU_SOURCE_UNIT,12B1-MWU-0182,ser posible,,,12B1-MWU-0182,LOCAL_REUSE,A1-M08-I01-S2,A1-M08-I01-S3,A1-M08-I01,A1-M08-I01,CORE_OR_STRUCTURAL_ROUTE,REEXPOSURE_OR_RETRIEVAL,AS_OBJECT_POLICY_REQUIRES,,NONE,1.44,REQUIRED_SCHEDULE_EDGE_AUDITED,
REC-A1-002663,SEQ-A1-000883,MWU_SOURCE_UNIT,12B1-MWU-0182,ser posible,,,12B1-MWU-0182,NEAR_TRANSFER,A1-M08-I01-S3,A1-M08-I02-S2,A1-M08-I01,A1-M08-I02,CORE_OR_STRUCTURAL_ROUTE,TRANSFER_IN_CHANGED_CONTEXT,AS_OBJECT_POLICY_REQUIRES,,NONE,1.44,REQUIRED_SCHEDULE_EDGE_AUDITED,
REC-A1-002664,SEQ-A1-000883,MWU_SOURCE_UNIT,12B1-MWU-0182,ser posible,,,12B1-MWU-0182,TERMINAL_CAPSTONE_RETURN,A1-M08-I02-S2,A1-M08-I04-S1,A1-M08-I02,A1-M08-I04,CORE_OR_STRUCTURAL_ROUTE,DELAYED_RETRIEVAL_OR_TERMINAL_INTEGRATION,AS_OBJECT_POLICY_REQUIRES,,NONE,1.44,REQUIRED_SCHEDULE_EDGE_AUDITED,"Late-A1 target: capstone return is terminal integration, not claimed as scientifically distant retrieval."
REC-A1-002665,SEQ-A1-000884,MWU_SOURCE_UNIT,12B1-MWU-0192,creo que,,,12B1-MWU-0192,LOCAL_REUSE,A1-M08-I01-S2,A1-M08-I01-S3,A1-M08-I01,A1-M08-I01,CORE_OR_STRUCTURAL_ROUTE,REEXPOSURE_OR_RETRIEVAL,AS_OBJECT_POLICY_REQUIRES,,NONE,1.44,REQUIRED_SCHEDULE_EDGE_AUDITED,
REC-A1-002666,SEQ-A1-000884,MWU_SOURCE_UNIT,12B1-MWU-0192,creo que,,,12B1-MWU-0192,NEAR_TRANSFER,A1-M08-I01-S3,A1-M08-I02-S3,A1-M08-I01,A1-M08-I02,CORE_OR_STRUCTURAL_ROUTE,TRANSFER_IN_CHANGED_CONTEXT,AS_OBJECT_POLICY_REQUIRES,,NONE,1.44,REQUIRED_SCHEDULE_EDGE_AUDITED,
REC-A1-002667,SEQ-A1-000884,MWU_SOURCE_UNIT,12B1-MWU-0192,creo que,,,12B1-MWU-0192,TERMINAL_CAPSTONE_RETURN,A1-M08-I02-S3,A1-M08-I04-S2,A1-M08-I02,A1-M08-I04,CORE_OR_STRUCTURAL_ROUTE,DELAYED_RETRIEVAL_OR_TERMINAL_INTEGRATION,AS_OBJECT_POLICY_REQUIRES,,NONE,1.44,REQUIRED_SCHEDULE_EDGE_AUDITED,"Late-A1 target: capstone return is terminal integration, not claimed as scientifically distant retrieval."
REC-A1-002668,SEQ-A1-000859,SENSE,SENSE-A1-000043,antipático,LEX-A1-000043,SENSE-A1-000043,,LOCAL_REUSE,A1-M08-I01-S2,A1-M08-I01-S3,A1-M08-I01,A1-M08-I01,CORE_OR_STRUCTURAL_ROUTE,REEXPOSURE_OR_RETRIEVAL,CONTEXTUAL_OR_FUNCTION_BOUND,,NONE,1.44,REQUIRED_SCHEDULE_EDGE_AUDITED,
REC-A1-002669,SEQ-A1-000859,SENSE,SENSE-A1-000043,antipático,LEX-A1-000043,SENSE-A1-000043,,NEAR_TRANSFER,A1-M08-I01-S3,A1-M08-I02-S1,A1-M08-I01,A1-M08-I02,CORE_OR_STRUCTURAL_ROUTE,TRANSFER_IN_CHANGED_CONTEXT,CONTEXTUAL_OR_FUNCTION_BOUND,,NONE,1.44,REQUIRED_SCHEDULE_EDGE_AUDITED,
REC-A1-002670,SEQ-A1-000859,SENSE,SENSE-A1-000043,antipático,LEX-A1-000043,SENSE-A1-000043,,TERMINAL_CAPSTONE_RETURN,A1-M08-I02-S1,A1-M08-I04-S3,A1-M08-I02,A1-M08-I04,CORE_OR_STRUCTURAL_ROUTE,DELAYED_RETRIEVAL_OR_TERMINAL_INTEGRATION,CONTEXTUAL_OR_FUNCTION_BOUND,,NONE,1.44,REQUIRED_SCHEDULE_EDGE_AUDITED,"Late-A1 target: capstone return is terminal integration, not claimed as scientifically distant retrieval."
REC-A1-002671,SEQ-A1-000861,SENSE,SENSE-A1-000168,creer,LEX-A1-000166,SENSE-A1-000168,,LOCAL_REUSE,A1-M08-I01-S2,A1-M08-I01-S3,A1-M08-I01,A1-M08-I01,CORE_OR_STRUCTURAL_ROUTE,REEXPOSURE_OR_RETRIEVAL,CONTEXTUAL_OR_FUNCTION_BOUND,,NONE,1.44,REQUIRED_SCHEDULE_EDGE_AUDITED,
REC-A1-002672,SEQ-A1-000861,SENSE,SENSE-A1-000168,creer,LEX-A1-000166,SENSE-A1-000168,,NEAR_TRANSFER,A1-M08-I01-S3,A1-M08-I02-S2,A1-M08-I01,A1-M08-I02,CORE_OR_STRUCTURAL_ROUTE,TRANSFER_IN_CHANGED_CONTEXT,CONTEXTUAL_OR_FUNCTION_BOUND,,NONE,1.44,REQUIRED_SCHEDULE_EDGE_AUDITED,
REC-A1-002673,SEQ-A1-000861,SENSE,SENSE-A1-000168,creer,LEX-A1-000166,SENSE-A1-000168,,TERMINAL_CAPSTONE_RETURN,A1-M08-I02-S2,A1-M08-I04-S1,A1-M08-I02,A1-M08-I04,CORE_OR_STRUCTURAL_ROUTE,DELAYED_RETRIEVAL_OR_TERMINAL_INTEGRATION,CONTEXTUAL_OR_FUNCTION_BOUND,,NONE,1.44,REQUIRED_SCHEDULE_EDGE_AUDITED,"Late-A1 target: capstone return is terminal integration, not claimed as scientifically distant retrieval."
REC-A1-002674,SEQ-A1-000863,SENSE,SENSE-A1-000250,fácil,LEX-A1-000246,SENSE-A1-000250,,LOCAL_REUSE,A1-M08-I01-S2,A1-M08-I01-S3,A1-M08-I01,A1-M08-I01,CORE_OR_STRUCTURAL_ROUTE,REEXPOSURE_OR_RETRIEVAL,CONTEXTUAL_OR_FUNCTION_BOUND,,NONE,1.44,REQUIRED_SCHEDULE_EDGE_AUDITED,
REC-A1-002675,SEQ-A1-000863,SENSE,SENSE-A1-000250,fácil,LEX-A1-000246,SENSE-A1-000250,,NEAR_TRANSFER,A1-M08-I01-S3,A1-M08-I02-S3,A1-M08-I01,A1-M08-I02,CORE_OR_STRUCTURAL_ROUTE,TRANSFER_IN_CHANGED_CONTEXT,CONTEXTUAL_OR_FUNCTION_BOUND,,NONE,1.44,REQUIRED_SCHEDULE_EDGE_AUDITED,
REC-A1-002676,SEQ-A1-000863,SENSE,SENSE-A1-000250,fácil,LEX-A1-000246,SENSE-A1-000250,,TERMINAL_CAPSTONE_RETURN,A1-M08-I02-S3,A1-M08-I04-S2,A1-M08-I02,A1-M08-I04,CORE_OR_STRUCTURAL_ROUTE,DELAYED_RETRIEVAL_OR_TERMINAL_INTEGRATION,CONTEXTUAL_OR_FUNCTION_BOUND,,NONE,1.44,REQUIRED_SCHEDULE_EDGE_AUDITED,"Late-A1 target: capstone return is terminal integration, not claimed as scientifically distant retrieval."
REC-A1-002677,SEQ-A1-000865,SENSE,SENSE-A1-000309,interesante,LEX-A1-000303,SENSE-A1-000309,,LOCAL_REUSE,A1-M08-I01-S2,A1-M08-I01-S3,A1-M08-I01,A1-M08-I01,CORE_OR_STRUCTURAL_ROUTE,REEXPOSURE_OR_RETRIEVAL,CONTEXTUAL_OR_FUNCTION_BOUND,,NONE,1.44,REQUIRED_SCHEDULE_EDGE_AUDITED,
REC-A1-002678,SEQ-A1-000865,SENSE,SENSE-A1-000309,interesante,LEX-A1-000303,SENSE-A1-000309,,NEAR_TRANSFER,A1-M08-I01-S3,A1-M08-I02-S1,A1-M08-I01,A1-M08-I02,CORE_OR_STRUCTURAL_ROUTE,TRANSFER_IN_CHANGED_CONTEXT,CONTEXTUAL_OR_FUNCTION_BOUND,,NONE,1.44,REQUIRED_SCHEDULE_EDGE_AUDITED,
REC-A1-002679,SEQ-A1-000865,SENSE,SENSE-A1-000309,interesante,LEX-A1-000303,SENSE-A1-000309,,TERMINAL_CAPSTONE_RETURN,A1-M08-I02-S1,A1-M08-I04-S3,A1-M08-I02,A1-M08-I04,CORE_OR_STRUCTURAL_ROUTE,DELAYED_RETRIEVAL_OR_TERMINAL_INTEGRATION,CONTEXTUAL_OR_FUNCTION_BOUND,,NONE,1.44,REQUIRED_SCHEDULE_EDGE_AUDITED,"Late-A1 target: capstone return is terminal integration, not claimed as scientifically distant retrieval."
REC-A1-002680,SEQ-A1-000867,SENSE,SENSE-A1-000410,nuevo,LEX-A1-000403,SENSE-A1-000410,,LOCAL_REUSE,A1-M08-I01-S2,A1-M08-I01-S3,A1-M08-I01,A1-M08-I01,CORE_OR_STRUCTURAL_ROUTE,REEXPOSURE_OR_RETRIEVAL,CONTEXTUAL_OR_FUNCTION_BOUND,,NONE,1.44,REQUIRED_SCHEDULE_EDGE_AUDITED,
REC-A1-002681,SEQ-A1-000867,SENSE,SENSE-A1-000410,nuevo,LEX-A1-000403,SENSE-A1-000410,,NEAR_TRANSFER,A1-M08-I01-S3,A1-M08-I02-S2,A1-M08-I01,A1-M08-I02,CORE_OR_STRUCTURAL_ROUTE,TRANSFER_IN_CHANGED_CONTEXT,CONTEXTUAL_OR_FUNCTION_BOUND,,NONE,1.44,REQUIRED_SCHEDULE_EDGE_AUDITED,
REC-A1-002682,SEQ-A1-000867,SENSE,SENSE-A1-000410,nuevo,LEX-A1-000403,SENSE-A1-000410,,TERMINAL_CAPSTONE_RETURN,A1-M08-I02-S2,A1-M08-I04-S1,A1-M08-I02,A1-M08-I04,CORE_OR_STRUCTURAL_ROUTE,DELAYED_RETRIEVAL_OR_TERMINAL_INTEGRATION,CONTEXTUAL_OR_FUNCTION_BOUND,,NONE,1.44,REQUIRED_SCHEDULE_EDGE_AUDITED,"Late-A1 target: capstone return is terminal integration, not claimed as scientifically distant retrieval."
REC-A1-002683,SEQ-A1-000868,SENSE,SENSE-A1-000461,posible,LEX-A1-000453,SENSE-A1-000461,,LOCAL_REUSE,A1-M08-I01-S2,A1-M08-I01-S3,A1-M08-I01,A1-M08-I01,CORE_OR_STRUCTURAL_ROUTE,REEXPOSURE_OR_RETRIEVAL,CONTEXTUAL_OR_FUNCTION_BOUND,,NONE,1.44,REQUIRED_SCHEDULE_EDGE_AUDITED,
REC-A1-002684,SEQ-A1-000868,SENSE,SENSE-A1-000461,posible,LEX-A1-000453,SENSE-A1-000461,,NEAR_TRANSFER,A1-M08-I01-S3,A1-M08-I02-S3,A1-M08-I01,A1-M08-I02,CORE_OR_STRUCTURAL_ROUTE,TRANSFER_IN_CHANGED_CONTEXT,CONTEXTUAL_OR_FUNCTION_BOUND,,NONE,1.44,REQUIRED_SCHEDULE_EDGE_AUDITED,
REC-A1-002685,SEQ-A1-000868,SENSE,SENSE-A1-000461,posible,LEX-A1-000453,SENSE-A1-000461,,TERMINAL_CAPSTONE_RETURN,A1-M08-I02-S3,A1-M08-I04-S2,A1-M08-I02,A1-M08-I04,CORE_OR_STRUCTURAL_ROUTE,DELAYED_RETRIEVAL_OR_TERMINAL_INTEGRATION,CONTEXTUAL_OR_FUNCTION_BOUND,,NONE,1.44,REQUIRED_SCHEDULE_EDGE_AUDITED,"Late-A1 target: capstone return is terminal integration, not claimed as scientifically distant retrieval."
REC-A1-002686,SEQ-A1-000870,SENSE,SENSE-A1-000491,quizás,LEX-A1-000482,SENSE-A1-000491,,LOCAL_REUSE,A1-M08-I01-S2,A1-M08-I01-S3,A1-M08-I01,A1-M08-I01,CORE_OR_STRUCTURAL_ROUTE,REEXPOSURE_OR_RETRIEVAL,CONTEXTUAL_OR_FUNCTION_BOUND,,NONE,1.44,REQUIRED_SCHEDULE_EDGE_AUDITED,
REC-A1-002687,SEQ-A1-000870,SENSE,SENSE-A1-000491,quizás,LEX-A1-000482,SENSE-A1-000491,,NEAR_TRANSFER,A1-M08-I01-S3,A1-M08-I02-S1,A1-M08-I01,A1-M08-I02,CORE_OR_STRUCTURAL_ROUTE,TRANSFER_IN_CHANGED_CONTEXT,CONTEXTUAL_OR_FUNCTION_BOUND,,NONE,1.44,REQUIRED_SCHEDULE_EDGE_AUDITED,
REC-A1-002688,SEQ-A1-000870,SENSE,SENSE-A1-000491,quizás,LEX-A1-000482,SENSE-A1-000491,,TERMINAL_CAPSTONE_RETURN,A1-M08-I02-S1,A1-M08-I04-S3,A1-M08-I02,A1-M08-I04,CORE_OR_STRUCTURAL_ROUTE,DELAYED_RETRIEVAL_OR_TERMINAL_INTEGRATION,CONTEXTUAL_OR_FUNCTION_BOUND,,NONE,1.44,REQUIRED_SCHEDULE_EDGE_AUDITED,"Late-A1 target: capstone return is terminal integration, not claimed as scientifically distant retrieval."
REC-A1-002689,SEQ-A1-000872,SENSE,SENSE-A1-000528,simpático,LEX-A1-000519,SENSE-A1-000528,,LOCAL_REUSE,A1-M08-I01-S2,A1-M08-I01-S3,A1-M08-I01,A1-M08-I01,CORE_OR_STRUCTURAL_ROUTE,REEXPOSURE_OR_RETRIEVAL,CONTEXTUAL_OR_FUNCTION_BOUND,,NONE,1.44,REQUIRED_SCHEDULE_EDGE_AUDITED,
REC-A1-002690,SEQ-A1-000872,SENSE,SENSE-A1-000528,simpático,LEX-A1-000519,SENSE-A1-000528,,NEAR_TRANSFER,A1-M08-I01-S3,A1-M08-I02-S2,A1-M08-I01,A1-M08-I02,CORE_OR_STRUCTURAL_ROUTE,TRANSFER_IN_CHANGED_CONTEXT,CONTEXTUAL_OR_FUNCTION_BOUND,,NONE,1.44,REQUIRED_SCHEDULE_EDGE_AUDITED,
REC-A1-002691,SEQ-A1-000872,SENSE,SENSE-A1-000528,simpático,LEX-A1-000519,SENSE-A1-000528,,TERMINAL_CAPSTONE_RETURN,A1-M08-I02-S2,A1-M08-I04-S1,A1-M08-I02,A1-M08-I04,CORE_OR_STRUCTURAL_ROUTE,DELAYED_RETRIEVAL_OR_TERMINAL_INTEGRATION,CONTEXTUAL_OR_FUNCTION_BOUND,,NONE,1.44,REQUIRED_SCHEDULE_EDGE_AUDITED,"Late-A1 target: capstone return is terminal integration, not claimed as scientifically distant retrieval."
REC-A1-002692,SEQ-A1-000899,GRAMMAR_UNIT,GRAM-A1-066,También y tampoco como incluyentes focales,,,,LOCAL_REUSE,A1-M08-I02-S1,A1-M08-I02-S3,A1-M08-I02,A1-M08-I02,CORE_OR_STRUCTURAL_ROUTE,REEXPOSURE_OR_RETRIEVAL,AS_OBJECT_POLICY_REQUIRES,,NONE,1.44,REQUIRED_SCHEDULE_EDGE_AUDITED,
REC-A1-002693,SEQ-A1-000899,GRAMMAR_UNIT,GRAM-A1-066,También y tampoco como incluyentes focales,,,,NEAR_TRANSFER,A1-M08-I02-S3,A1-M08-I03-S3,A1-M08-I02,A1-M08-I03,CORE_OR_STRUCTURAL_ROUTE,TRANSFER_IN_CHANGED_CONTEXT,AS_OBJECT_POLICY_REQUIRES,,NONE,1.44,REQUIRED_SCHEDULE_EDGE_AUDITED,
REC-A1-002694,SEQ-A1-000899,GRAMMAR_UNIT,GRAM-A1-066,También y tampoco como incluyentes focales,,,,TERMINAL_CAPSTONE_RETURN,A1-M08-I03-S3,A1-M08-I04-S2,A1-M08-I03,A1-M08-I04,CORE_OR_STRUCTURAL_ROUTE,DELAYED_RETRIEVAL_OR_TERMINAL_INTEGRATION,AS_OBJECT_POLICY_REQUIRES,,NONE,1.44,REQUIRED_SCHEDULE_EDGE_AUDITED,"Late-A1 target: capstone return is terminal integration, not claimed as scientifically distant retrieval."
REC-A1-002695,SEQ-A1-000903,GRAMMAR_UNIT,GRAM-A1-105,"Entonces, también, tampoco con restricciones de polaridad",,,,LOCAL_REUSE,A1-M08-I02-S1,A1-M08-I02-S2,A1-M08-I02,A1-M08-I02,CORE_OR_STRUCTURAL_ROUTE,REEXPOSURE_OR_RETRIEVAL,AS_OBJECT_POLICY_REQUIRES,,NONE,1.44,REQUIRED_SCHEDULE_EDGE_AUDITED,
REC-A1-002696,SEQ-A1-000903,GRAMMAR_UNIT,GRAM-A1-105,"Entonces, también, tampoco con restricciones de polaridad",,,,NEAR_TRANSFER,A1-M08-I02-S2,A1-M08-I03-S4,A1-M08-I02,A1-M08-I03,CORE_OR_STRUCTURAL_ROUTE,TRANSFER_IN_CHANGED_CONTEXT,AS_OBJECT_POLICY_REQUIRES,,NONE,1.44,REQUIRED_SCHEDULE_EDGE_AUDITED,
REC-A1-002697,SEQ-A1-000903,GRAMMAR_UNIT,GRAM-A1-105,"Entonces, también, tampoco con restricciones de polaridad",,,,TERMINAL_CAPSTONE_RETURN,A1-M08-I03-S4,A1-M08-I04-S3,A1-M08-I03,A1-M08-I04,CORE_OR_STRUCTURAL_ROUTE,DELAYED_RETRIEVAL_OR_TERMINAL_INTEGRATION,AS_OBJECT_POLICY_REQUIRES,,NONE,1.44,REQUIRED_SCHEDULE_EDGE_AUDITED,"Late-A1 target: capstone return is terminal integration, not claimed as scientifically distant retrieval."
REC-A1-002698,SEQ-A1-000980,GRAMMAR_UNIT,GRAM-A1-138,Proposición subordinada como OD,,,,LOCAL_REUSE,A1-M08-I02-S1,A1-M08-I02-S3,A1-M08-I02,A1-M08-I02,CORE_OR_STRUCTURAL_ROUTE,REEXPOSURE_OR_RETRIEVAL,AS_OBJECT_POLICY_REQUIRES,,NONE,1.44,REQUIRED_SCHEDULE_EDGE_AUDITED,
REC-A1-002699,SEQ-A1-000980,GRAMMAR_UNIT,GRAM-A1-138,Proposición subordinada como OD,,,,NEAR_TRANSFER,A1-M08-I02-S3,A1-M08-I03-S1,A1-M08-I02,A1-M08-I03,CORE_OR_STRUCTURAL_ROUTE,TRANSFER_IN_CHANGED_CONTEXT,AS_OBJECT_POLICY_REQUIRES,,NONE,1.44,REQUIRED_SCHEDULE_EDGE_AUDITED,
REC-A1-002700,SEQ-A1-000980,GRAMMAR_UNIT,GRAM-A1-138,Proposición subordinada como OD,,,,TERMINAL_CAPSTONE_RETURN,A1-M08-I03-S1,A1-M08-I04-S1,A1-M08-I03,A1-M08-I04,CORE_OR_STRUCTURAL_ROUTE,DELAYED_RETRIEVAL_OR_TERMINAL_INTEGRATION,AS_OBJECT_POLICY_REQUIRES,,NONE,1.44,REQUIRED_SCHEDULE_EDGE_AUDITED,"Late-A1 target: capstone return is terminal integration, not claimed as scientifically distant retrieval."
REC-A1-002701,SEQ-A1-000906,GRAMMAR_UNIT,GRAM-A1-152,Coordinación con pero,,,,LOCAL_REUSE,A1-M08-I02-S1,A1-M08-I02-S2,A1-M08-I02,A1-M08-I02,CORE_OR_STRUCTURAL_ROUTE,REEXPOSURE_OR_RETRIEVAL,AS_OBJECT_POLICY_REQUIRES,,NONE,1.44,REQUIRED_SCHEDULE_EDGE_AUDITED,
REC-A1-002702,SEQ-A1-000906,GRAMMAR_UNIT,GRAM-A1-152,Coordinación con pero,,,,NEAR_TRANSFER,A1-M08-I02-S2,A1-M08-I03-S2,A1-M08-I02,A1-M08-I03,CORE_OR_STRUCTURAL_ROUTE,TRANSFER_IN_CHANGED_CONTEXT,AS_OBJECT_POLICY_REQUIRES,,NONE,1.44,REQUIRED_SCHEDULE_EDGE_AUDITED,
REC-A1-002703,SEQ-A1-000906,GRAMMAR_UNIT,GRAM-A1-152,Coordinación con pero,,,,TERMINAL_CAPSTONE_RETURN,A1-M08-I03-S2,A1-M08-I04-S2,A1-M08-I03,A1-M08-I04,CORE_OR_STRUCTURAL_ROUTE,DELAYED_RETRIEVAL_OR_TERMINAL_INTEGRATION,AS_OBJECT_POLICY_REQUIRES,,NONE,1.44,REQUIRED_SCHEDULE_EDGE_AUDITED,"Late-A1 target: capstone return is terminal integration, not claimed as scientifically distant retrieval."
REC-A1-002704,SEQ-A1-000908,GRAMMAR_UNIT,GRAM-A1-162,Causal de motivación con sujeto agentivo,,,,LOCAL_REUSE,A1-M08-I02-S1,A1-M08-I02-S3,A1-M08-I02,A1-M08-I02,CORE_OR_STRUCTURAL_ROUTE,REEXPOSURE_OR_RETRIEVAL,AS_OBJECT_POLICY_REQUIRES,,NONE,1.44,REQUIRED_SCHEDULE_EDGE_AUDITED,
REC-A1-002705,SEQ-A1-000908,GRAMMAR_UNIT,GRAM-A1-162,Causal de motivación con sujeto agentivo,,,,NEAR_TRANSFER,A1-M08-I02-S3,A1-M08-I03-S3,A1-M08-I02,A1-M08-I03,CORE_OR_STRUCTURAL_ROUTE,TRANSFER_IN_CHANGED_CONTEXT,AS_OBJECT_POLICY_REQUIRES,,NONE,1.44,REQUIRED_SCHEDULE_EDGE_AUDITED,
REC-A1-002706,SEQ-A1-000908,GRAMMAR_UNIT,GRAM-A1-162,Causal de motivación con sujeto agentivo,,,,TERMINAL_CAPSTONE_RETURN,A1-M08-I03-S3,A1-M08-I04-S3,A1-M08-I03,A1-M08-I04,CORE_OR_STRUCTURAL_ROUTE,DELAYED_RETRIEVAL_OR_TERMINAL_INTEGRATION,AS_OBJECT_POLICY_REQUIRES,,NONE,1.44,REQUIRED_SCHEDULE_EDGE_AUDITED,"Late-A1 target: capstone return is terminal integration, not claimed as scientifically distant retrieval."
REC-A1-002707,SEQ-A1-000909,GRAMMAR_UNIT,GRAM-A1-163,Porque como nexo causal pospuesto,,,,LOCAL_REUSE,A1-M08-I02-S1,A1-M08-I02-S2,A1-M08-I02,A1-M08-I02,CORE_OR_STRUCTURAL_ROUTE,REEXPOSURE_OR_RETRIEVAL,AS_OBJECT_POLICY_REQUIRES,,NONE,1.44,REQUIRED_SCHEDULE_EDGE_AUDITED,
REC-A1-002708,SEQ-A1-000909,GRAMMAR_UNIT,GRAM-A1-163,Porque como nexo causal pospuesto,,,,NEAR_TRANSFER,A1-M08-I02-S2,A1-M08-I03-S4,A1-M08-I02,A1-M08-I03,CORE_OR_STRUCTURAL_ROUTE,TRANSFER_IN_CHANGED_CONTEXT,AS_OBJECT_POLICY_REQUIRES,,NONE,1.44,REQUIRED_SCHEDULE_EDGE_AUDITED,
REC-A1-002709,SEQ-A1-000909,GRAMMAR_UNIT,GRAM-A1-163,Porque como nexo causal pospuesto,,,,TERMINAL_CAPSTONE_RETURN,A1-M08-I03-S4,A1-M08-I04-S1,A1-M08-I03,A1-M08-I04,CORE_OR_STRUCTURAL_ROUTE,DELAYED_RETRIEVAL_OR_TERMINAL_INTEGRATION,AS_OBJECT_POLICY_REQUIRES,,NONE,1.44,REQUIRED_SCHEDULE_EDGE_AUDITED,"Late-A1 target: capstone return is terminal integration, not claimed as scientifically distant retrieval."
REC-A1-002710,SEQ-A1-000911,GRAMMAR_UNIT,GRAM-A1-165,Causales A1 en indicativo,,,,LOCAL_REUSE,A1-M08-I02-S1,A1-M08-I02-S3,A1-M08-I02,A1-M08-I02,CORE_OR_STRUCTURAL_ROUTE,REEXPOSURE_OR_RETRIEVAL,AS_OBJECT_POLICY_REQUIRES,,NONE,1.44,REQUIRED_SCHEDULE_EDGE_AUDITED,
REC-A1-002711,SEQ-A1-000911,GRAMMAR_UNIT,GRAM-A1-165,Causales A1 en indicativo,,,,NEAR_TRANSFER,A1-M08-I02-S3,A1-M08-I03-S1,A1-M08-I02,A1-M08-I03,CORE_OR_STRUCTURAL_ROUTE,TRANSFER_IN_CHANGED_CONTEXT,AS_OBJECT_POLICY_REQUIRES,,NONE,1.44,REQUIRED_SCHEDULE_EDGE_AUDITED,
REC-A1-002712,SEQ-A1-000911,GRAMMAR_UNIT,GRAM-A1-165,Causales A1 en indicativo,,,,TERMINAL_CAPSTONE_RETURN,A1-M08-I03-S1,A1-M08-I04-S2,A1-M08-I03,A1-M08-I04,CORE_OR_STRUCTURAL_ROUTE,DELAYED_RETRIEVAL_OR_TERMINAL_INTEGRATION,AS_OBJECT_POLICY_REQUIRES,,NONE,1.44,REQUIRED_SCHEDULE_EDGE_AUDITED,"Late-A1 target: capstone return is terminal integration, not claimed as scientifically distant retrieval."
REC-A1-002713,SEQ-A1-000913,MWU_SOURCE_UNIT,12B1-MWU-0193,está bien,,,12B1-MWU-0193,LOCAL_REUSE,A1-M08-I02-S1,A1-M08-I02-S2,A1-M08-I02,A1-M08-I02,CORE_OR_STRUCTURAL_ROUTE,REEXPOSURE_OR_RETRIEVAL,AS_OBJECT_POLICY_REQUIRES,,NONE,1.44,REQUIRED_SCHEDULE_EDGE_AUDITED,
REC-A1-002714,SEQ-A1-000913,MWU_SOURCE_UNIT,12B1-MWU-0193,está bien,,,12B1-MWU-0193,NEAR_TRANSFER,A1-M08-I02-S2,A1-M08-I03-S2,A1-M08-I02,A1-M08-I03,CORE_OR_STRUCTURAL_ROUTE,TRANSFER_IN_CHANGED_CONTEXT,AS_OBJECT_POLICY_REQUIRES,,NONE,1.44,REQUIRED_SCHEDULE_EDGE_AUDITED,
REC-A1-002715,SEQ-A1-000913,MWU_SOURCE_UNIT,12B1-MWU-0193,está bien,,,12B1-MWU-0193,TERMINAL_CAPSTONE_RETURN,A1-M08-I03-S2,A1-M08-I04-S3,A1-M08-I03,A1-M08-I04,CORE_OR_STRUCTURAL_ROUTE,DELAYED_RETRIEVAL_OR_TERMINAL_INTEGRATION,AS_OBJECT_POLICY_REQUIRES,,NONE,1.44,REQUIRED_SCHEDULE_EDGE_AUDITED,"Late-A1 target: capstone return is terminal integration, not claimed as scientifically distant retrieval."
REC-A1-002716,SEQ-A1-000914,MWU_SOURCE_UNIT,12B1-MWU-0194,"así, así",,,12B1-MWU-0194,LOCAL_REUSE,A1-M08-I02-S1,A1-M08-I02-S3,A1-M08-I02,A1-M08-I02,CORE_OR_STRUCTURAL_ROUTE,REEXPOSURE_OR_RETRIEVAL,AS_OBJECT_POLICY_REQUIRES,,NONE,1.44,REQUIRED_SCHEDULE_EDGE_AUDITED,
REC-A1-002717,SEQ-A1-000914,MWU_SOURCE_UNIT,12B1-MWU-0194,"así, así",,,12B1-MWU-0194,NEAR_TRANSFER,A1-M08-I02-S3,A1-M08-I03-S3,A1-M08-I02,A1-M08-I03,CORE_OR_STRUCTURAL_ROUTE,TRANSFER_IN_CHANGED_CONTEXT,AS_OBJECT_POLICY_REQUIRES,,NONE,1.44,REQUIRED_SCHEDULE_EDGE_AUDITED,
REC-A1-002718,SEQ-A1-000914,MWU_SOURCE_UNIT,12B1-MWU-0194,"así, así",,,12B1-MWU-0194,TERMINAL_CAPSTONE_RETURN,A1-M08-I03-S3,A1-M08-I04-S1,A1-M08-I03,A1-M08-I04,CORE_OR_STRUCTURAL_ROUTE,DELAYED_RETRIEVAL_OR_TERMINAL_INTEGRATION,AS_OBJECT_POLICY_REQUIRES,,NONE,1.44,REQUIRED_SCHEDULE_EDGE_AUDITED,"Late-A1 target: capstone return is terminal integration, not claimed as scientifically distant retrieval."
REC-A1-002719,SEQ-A1-000915,MWU_SOURCE_UNIT,12B1-MWU-0195,yo también,,,12B1-MWU-0195,LOCAL_REUSE,A1-M08-I02-S1,A1-M08-I02-S2,A1-M08-I02,A1-M08-I02,CORE_OR_STRUCTURAL_ROUTE,REEXPOSURE_OR_RETRIEVAL,AS_OBJECT_POLICY_REQUIRES,,NONE,1.44,REQUIRED_SCHEDULE_EDGE_AUDITED,
REC-A1-002720,SEQ-A1-000915,MWU_SOURCE_UNIT,12B1-MWU-0195,yo también,,,12B1-MWU-0195,NEAR_TRANSFER,A1-M08-I02-S2,A1-M08-I03-S4,A1-M08-I02,A1-M08-I03,CORE_OR_STRUCTURAL_ROUTE,TRANSFER_IN_CHANGED_CONTEXT,AS_OBJECT_POLICY_REQUIRES,,NONE,1.44,REQUIRED_SCHEDULE_EDGE_AUDITED,
REC-A1-002721,SEQ-A1-000915,MWU_SOURCE_UNIT,12B1-MWU-0195,yo también,,,12B1-MWU-0195,TERMINAL_CAPSTONE_RETURN,A1-M08-I03-S4,A1-M08-I04-S2,A1-M08-I03,A1-M08-I04,CORE_OR_STRUCTURAL_ROUTE,DELAYED_RETRIEVAL_OR_TERMINAL_INTEGRATION,AS_OBJECT_POLICY_REQUIRES,,NONE,1.44,REQUIRED_SCHEDULE_EDGE_AUDITED,"Late-A1 target: capstone return is terminal integration, not claimed as scientifically distant retrieval."
REC-A1-002722,SEQ-A1-000885,SENSE,SENSE-A1-000072,bien,LEX-A1-000072,SENSE-A1-000072,,LOCAL_REUSE,A1-M08-I02-S1,A1-M08-I02-S3,A1-M08-I02,A1-M08-I02,CORE_OR_STRUCTURAL_ROUTE,REEXPOSURE_OR_RETRIEVAL,CONTEXTUAL_OR_FUNCTION_BOUND,,NONE,1.44,REQUIRED_SCHEDULE_EDGE_AUDITED,
REC-A1-002723,SEQ-A1-000885,SENSE,SENSE-A1-000072,bien,LEX-A1-000072,SENSE-A1-000072,,NEAR_TRANSFER,A1-M08-I02-S3,A1-M08-I03-S1,A1-M08-I02,A1-M08-I03,CORE_OR_STRUCTURAL_ROUTE,TRANSFER_IN_CHANGED_CONTEXT,CONTEXTUAL_OR_FUNCTION_BOUND,,NONE,1.44,REQUIRED_SCHEDULE_EDGE_AUDITED,
REC-A1-002724,SEQ-A1-000885,SENSE,SENSE-A1-000072,bien,LEX-A1-000072,SENSE-A1-000072,,TERMINAL_CAPSTONE_RETURN,A1-M08-I03-S1,A1-M08-I04-S3,A1-M08-I03,A1-M08-I04,CORE_OR_STRUCTURAL_ROUTE,DELAYED_RETRIEVAL_OR_TERMINAL_INTEGRATION,CONTEXTUAL_OR_FUNCTION_BOUND,,NONE,1.44,REQUIRED_SCHEDULE_EDGE_AUDITED,"Late-A1 target: capstone return is terminal integration, not claimed as scientifically distant retrieval."
REC-A1-002725,SEQ-A1-000887,SENSE,SENSE-A1-000192,difícil,LEX-A1-000189,SENSE-A1-000192,,LOCAL_REUSE,A1-M08-I02-S1,A1-M08-I02-S2,A1-M08-I02,A1-M08-I02,CORE_OR_STRUCTURAL_ROUTE,REEXPOSURE_OR_RETRIEVAL,CONTEXTUAL_OR_FUNCTION_BOUND,,NONE,1.44,REQUIRED_SCHEDULE_EDGE_AUDITED,
REC-A1-002726,SEQ-A1-000887,SENSE,SENSE-A1-000192,difícil,LEX-A1-000189,SENSE-A1-000192,,NEAR_TRANSFER,A1-M08-I02-S2,A1-M08-I03-S2,A1-M08-I02,A1-M08-I03,CORE_OR_STRUCTURAL_ROUTE,TRANSFER_IN_CHANGED_CONTEXT,CONTEXTUAL_OR_FUNCTION_BOUND,,NONE,1.44,REQUIRED_SCHEDULE_EDGE_AUDITED,
REC-A1-002727,SEQ-A1-000887,SENSE,SENSE-A1-000192,difícil,LEX-A1-000189,SENSE-A1-000192,,TERMINAL_CAPSTONE_RETURN,A1-M08-I03-S2,A1-M08-I04-S1,A1-M08-I03,A1-M08-I04,CORE_OR_STRUCTURAL_ROUTE,DELAYED_RETRIEVAL_OR_TERMINAL_INTEGRATION,CONTEXTUAL_OR_FUNCTION_BOUND,,NONE,1.44,REQUIRED_SCHEDULE_EDGE_AUDITED,"Late-A1 target: capstone return is terminal integration, not claimed as scientifically distant retrieval."
REC-A1-002728,SEQ-A1-000889,SENSE,SENSE-A1-000347,mal,LEX-A1-000341,SENSE-A1-000347,,LOCAL_REUSE,A1-M08-I02-S1,A1-M08-I02-S3,A1-M08-I02,A1-M08-I02,CORE_OR_STRUCTURAL_ROUTE,REEXPOSURE_OR_RETRIEVAL,CONTEXTUAL_OR_FUNCTION_BOUND,,NONE,1.44,REQUIRED_SCHEDULE_EDGE_AUDITED,
REC-A1-002729,SEQ-A1-000889,SENSE,SENSE-A1-000347,mal,LEX-A1-000341,SENSE-A1-000347,,NEAR_TRANSFER,A1-M08-I02-S3,A1-M08-I03-S3,A1-M08-I02,A1-M08-I03,CORE_OR_STRUCTURAL_ROUTE,TRANSFER_IN_CHANGED_CONTEXT,CONTEXTUAL_OR_FUNCTION_BOUND,,NONE,1.44,REQUIRED_SCHEDULE_EDGE_AUDITED,
REC-A1-002730,SEQ-A1-000889,SENSE,SENSE-A1-000347,mal,LEX-A1-000341,SENSE-A1-000347,,TERMINAL_CAPSTONE_RETURN,A1-M08-I03-S3,A1-M08-I04-S2,A1-M08-I03,A1-M08-I04,CORE_OR_STRUCTURAL_ROUTE,DELAYED_RETRIEVAL_OR_TERMINAL_INTEGRATION,CONTEXTUAL_OR_FUNCTION_BOUND,,NONE,1.44,REQUIRED_SCHEDULE_EDGE_AUDITED,"Late-A1 target: capstone return is terminal integration, not claimed as scientifically distant retrieval."
REC-A1-002731,SEQ-A1-000891,SENSE,SENSE-A1-000413,o,LEX-A1-000406,SENSE-A1-000413,,LOCAL_REUSE,A1-M08-I02-S1,A1-M08-I02-S2,A1-M08-I02,A1-M08-I02,CORE_OR_STRUCTURAL_ROUTE,REEXPOSURE_OR_RETRIEVAL,CONTEXTUAL_OR_FUNCTION_BOUND,,NONE,1.44,REQUIRED_SCHEDULE_EDGE_AUDITED,
REC-A1-002732,SEQ-A1-000891,SENSE,SENSE-A1-000413,o,LEX-A1-000406,SENSE-A1-000413,,NEAR_TRANSFER,A1-M08-I02-S2,A1-M08-I03-S4,A1-M08-I02,A1-M08-I03,CORE_OR_STRUCTURAL_ROUTE,TRANSFER_IN_CHANGED_CONTEXT,CONTEXTUAL_OR_FUNCTION_BOUND,,NONE,1.44,REQUIRED_SCHEDULE_EDGE_AUDITED,
REC-A1-002733,SEQ-A1-000891,SENSE,SENSE-A1-000413,o,LEX-A1-000406,SENSE-A1-000413,,TERMINAL_CAPSTONE_RETURN,A1-M08-I03-S4,A1-M08-I04-S3,A1-M08-I03,A1-M08-I04,CORE_OR_STRUCTURAL_ROUTE,DELAYED_RETRIEVAL_OR_TERMINAL_INTEGRATION,CONTEXTUAL_OR_FUNCTION_BOUND,,NONE,1.44,REQUIRED_SCHEDULE_EDGE_AUDITED,"Late-A1 target: capstone return is terminal integration, not claimed as scientifically distant retrieval."
REC-A1-002734,SEQ-A1-000893,SENSE,SENSE-A1-000460,porque,LEX-A1-000452,SENSE-A1-000460,,LOCAL_REUSE,A1-M08-I02-S1,A1-M08-I02-S3,A1-M08-I02,A1-M08-I02,CORE_OR_STRUCTURAL_ROUTE,REEXPOSURE_OR_RETRIEVAL,CONTEXTUAL_OR_FUNCTION_BOUND,,NONE,1.44,REQUIRED_SCHEDULE_EDGE_AUDITED,
REC-A1-002735,SEQ-A1-000893,SENSE,SENSE-A1-000460,porque,LEX-A1-000452,SENSE-A1-000460,,NEAR_TRANSFER,A1-M08-I02-S3,A1-M08-I03-S1,A1-M08-I02,A1-M08-I03,CORE_OR_STRUCTURAL_ROUTE,TRANSFER_IN_CHANGED_CONTEXT,CONTEXTUAL_OR_FUNCTION_BOUND,,NONE,1.44,REQUIRED_SCHEDULE_EDGE_AUDITED,
REC-A1-002736,SEQ-A1-000893,SENSE,SENSE-A1-000460,porque,LEX-A1-000452,SENSE-A1-000460,,TERMINAL_CAPSTONE_RETURN,A1-M08-I03-S1,A1-M08-I04-S1,A1-M08-I03,A1-M08-I04,CORE_OR_STRUCTURAL_ROUTE,DELAYED_RETRIEVAL_OR_TERMINAL_INTEGRATION,CONTEXTUAL_OR_FUNCTION_BOUND,,NONE,1.44,REQUIRED_SCHEDULE_EDGE_AUDITED,"Late-A1 target: capstone return is terminal integration, not claimed as scientifically distant retrieval."
REC-A1-002737,SEQ-A1-000894,SENSE,SENSE-A1-000521,serio,LEX-A1-000512,SENSE-A1-000521,,LOCAL_REUSE,A1-M08-I02-S1,A1-M08-I02-S2,A1-M08-I02,A1-M08-I02,CORE_OR_STRUCTURAL_ROUTE,REEXPOSURE_OR_RETRIEVAL,CONTEXTUAL_OR_FUNCTION_BOUND,,NONE,1.44,REQUIRED_SCHEDULE_EDGE_AUDITED,
REC-A1-002738,SEQ-A1-000894,SENSE,SENSE-A1-000521,serio,LEX-A1-000512,SENSE-A1-000521,,NEAR_TRANSFER,A1-M08-I02-S2,A1-M08-I03-S2,A1-M08-I02,A1-M08-I03,CORE_OR_STRUCTURAL_ROUTE,TRANSFER_IN_CHANGED_CONTEXT,CONTEXTUAL_OR_FUNCTION_BOUND,,NONE,1.44,REQUIRED_SCHEDULE_EDGE_AUDITED,
REC-A1-002739,SEQ-A1-000894,SENSE,SENSE-A1-000521,serio,LEX-A1-000512,SENSE-A1-000521,,TERMINAL_CAPSTONE_RETURN,A1-M08-I03-S2,A1-M08-I04-S2,A1-M08-I03,A1-M08-I04,CORE_OR_STRUCTURAL_ROUTE,DELAYED_RETRIEVAL_OR_TERMINAL_INTEGRATION,CONTEXTUAL_OR_FUNCTION_BOUND,,NONE,1.44,REQUIRED_SCHEDULE_EDGE_AUDITED,"Late-A1 target: capstone return is terminal integration, not claimed as scientifically distant retrieval."
REC-A1-002740,SEQ-A1-000896,SENSE,SENSE-A1-000541,también,LEX-A1-000532,SENSE-A1-000541,,LOCAL_REUSE,A1-M08-I02-S1,A1-M08-I02-S3,A1-M08-I02,A1-M08-I02,CORE_OR_STRUCTURAL_ROUTE,REEXPOSURE_OR_RETRIEVAL,CONTEXTUAL_OR_FUNCTION_BOUND,,NONE,1.44,REQUIRED_SCHEDULE_EDGE_AUDITED,
REC-A1-002741,SEQ-A1-000896,SENSE,SENSE-A1-000541,también,LEX-A1-000532,SENSE-A1-000541,,NEAR_TRANSFER,A1-M08-I02-S3,A1-M08-I03-S3,A1-M08-I02,A1-M08-I03,CORE_OR_STRUCTURAL_ROUTE,TRANSFER_IN_CHANGED_CONTEXT,CONTEXTUAL_OR_FUNCTION_BOUND,,NONE,1.44,REQUIRED_SCHEDULE_EDGE_AUDITED,
REC-A1-002742,SEQ-A1-000896,SENSE,SENSE-A1-000541,también,LEX-A1-000532,SENSE-A1-000541,,TERMINAL_CAPSTONE_RETURN,A1-M08-I03-S3,A1-M08-I04-S3,A1-M08-I03,A1-M08-I04,CORE_OR_STRUCTURAL_ROUTE,DELAYED_RETRIEVAL_OR_TERMINAL_INTEGRATION,CONTEXTUAL_OR_FUNCTION_BOUND,,NONE,1.44,REQUIRED_SCHEDULE_EDGE_AUDITED,"Late-A1 target: capstone return is terminal integration, not claimed as scientifically distant retrieval."
REC-A1-002743,SEQ-A1-000898,SENSE,SENSE-A1-000606,y,LEX-A1-000597,SENSE-A1-000606,,LOCAL_REUSE,A1-M08-I02-S1,A1-M08-I02-S2,A1-M08-I02,A1-M08-I02,CORE_OR_STRUCTURAL_ROUTE,REEXPOSURE_OR_RETRIEVAL,CONTEXTUAL_OR_FUNCTION_BOUND,,NONE,1.44,REQUIRED_SCHEDULE_EDGE_AUDITED,
REC-A1-002744,SEQ-A1-000898,SENSE,SENSE-A1-000606,y,LEX-A1-000597,SENSE-A1-000606,,NEAR_TRANSFER,A1-M08-I02-S2,A1-M08-I03-S4,A1-M08-I02,A1-M08-I03,CORE_OR_STRUCTURAL_ROUTE,TRANSFER_IN_CHANGED_CONTEXT,CONTEXTUAL_OR_FUNCTION_BOUND,,NONE,1.44,REQUIRED_SCHEDULE_EDGE_AUDITED,
REC-A1-002745,SEQ-A1-000898,SENSE,SENSE-A1-000606,y,LEX-A1-000597,SENSE-A1-000606,,TERMINAL_CAPSTONE_RETURN,A1-M08-I03-S4,A1-M08-I04-S1,A1-M08-I03,A1-M08-I04,CORE_OR_STRUCTURAL_ROUTE,DELAYED_RETRIEVAL_OR_TERMINAL_INTEGRATION,CONTEXTUAL_OR_FUNCTION_BOUND,,NONE,1.44,REQUIRED_SCHEDULE_EDGE_AUDITED,"Late-A1 target: capstone return is terminal integration, not claimed as scientifically distant retrieval."
REC-A1-002746,SEQ-A1-000900,GRAMMAR_UNIT,GRAM-A1-072,Presencia de pronombre sujeto con valor contrastivo,,,,LOCAL_REUSE,A1-M08-I02-S2,A1-M08-I02-S3,A1-M08-I02,A1-M08-I02,CORE_OR_STRUCTURAL_ROUTE,REEXPOSURE_OR_RETRIEVAL,AS_OBJECT_POLICY_REQUIRES,,NONE,1.44,REQUIRED_SCHEDULE_EDGE_AUDITED,
REC-A1-002747,SEQ-A1-000900,GRAMMAR_UNIT,GRAM-A1-072,Presencia de pronombre sujeto con valor contrastivo,,,,NEAR_TRANSFER,A1-M08-I02-S3,A1-M08-I03-S1,A1-M08-I02,A1-M08-I03,CORE_OR_STRUCTURAL_ROUTE,TRANSFER_IN_CHANGED_CONTEXT,AS_OBJECT_POLICY_REQUIRES,,NONE,1.44,REQUIRED_SCHEDULE_EDGE_AUDITED,
REC-A1-002748,SEQ-A1-000900,GRAMMAR_UNIT,GRAM-A1-072,Presencia de pronombre sujeto con valor contrastivo,,,,TERMINAL_CAPSTONE_RETURN,A1-M08-I03-S1,A1-M08-I04-S2,A1-M08-I03,A1-M08-I04,CORE_OR_STRUCTURAL_ROUTE,DELAYED_RETRIEVAL_OR_TERMINAL_INTEGRATION,AS_OBJECT_POLICY_REQUIRES,,NONE,1.44,REQUIRED_SCHEDULE_EDGE_AUDITED,"Late-A1 target: capstone return is terminal integration, not claimed as scientifically distant retrieval."
REC-A1-002749,SEQ-A1-000901,GRAMMAR_UNIT,GRAM-A1-103,Sí y no como identificativos polares,,,,LOCAL_REUSE,A1-M08-I02-S2,A1-M08-I02-S3,A1-M08-I02,A1-M08-I02,CORE_OR_STRUCTURAL_ROUTE,REEXPOSURE_OR_RETRIEVAL,AS_OBJECT_POLICY_REQUIRES,,NONE,1.44,REQUIRED_SCHEDULE_EDGE_AUDITED,
REC-A1-002750,SEQ-A1-000901,GRAMMAR_UNIT,GRAM-A1-103,Sí y no como identificativos polares,,,,NEAR_TRANSFER,A1-M08-I02-S3,A1-M08-I03-S2,A1-M08-I02,A1-M08-I03,CORE_OR_STRUCTURAL_ROUTE,TRANSFER_IN_CHANGED_CONTEXT,AS_OBJECT_POLICY_REQUIRES,,NONE,1.44,REQUIRED_SCHEDULE_EDGE_AUDITED,
REC-A1-002751,SEQ-A1-000901,GRAMMAR_UNIT,GRAM-A1-103,Sí y no como identificativos polares,,,,TERMINAL_CAPSTONE_RETURN,A1-M08-I03-S2,A1-M08-I04-S3,A1-M08-I03,A1-M08-I04,CORE_OR_STRUCTURAL_ROUTE,DELAYED_RETRIEVAL_OR_TERMINAL_INTEGRATION,AS_OBJECT_POLICY_REQUIRES,,NONE,1.44,REQUIRED_SCHEDULE_EDGE_AUDITED,"Late-A1 target: capstone return is terminal integration, not claimed as scientifically distant retrieval."
REC-A1-002752,SEQ-A1-000902,GRAMMAR_UNIT,GRAM-A1-104,También y tampoco en respuestas/afirmación-negación,,,,LOCAL_REUSE,A1-M08-I02-S2,A1-M08-I02-S3,A1-M08-I02,A1-M08-I02,CORE_OR_STRUCTURAL_ROUTE,REEXPOSURE_OR_RETRIEVAL,AS_OBJECT_POLICY_REQUIRES,,NONE,1.44,REQUIRED_SCHEDULE_EDGE_AUDITED,
REC-A1-002753,SEQ-A1-000902,GRAMMAR_UNIT,GRAM-A1-104,También y tampoco en respuestas/afirmación-negación,,,,NEAR_TRANSFER,A1-M08-I02-S3,A1-M08-I03-S3,A1-M08-I02,A1-M08-I03,CORE_OR_STRUCTURAL_ROUTE,TRANSFER_IN_CHANGED_CONTEXT,AS_OBJECT_POLICY_REQUIRES,,NONE,1.44,REQUIRED_SCHEDULE_EDGE_AUDITED,
REC-A1-002754,SEQ-A1-000902,GRAMMAR_UNIT,GRAM-A1-104,También y tampoco en respuestas/afirmación-negación,,,,TERMINAL_CAPSTONE_RETURN,A1-M08-I03-S3,A1-M08-I04-S1,A1-M08-I03,A1-M08-I04,CORE_OR_STRUCTURAL_ROUTE,DELAYED_RETRIEVAL_OR_TERMINAL_INTEGRATION,AS_OBJECT_POLICY_REQUIRES,,NONE,1.44,REQUIRED_SCHEDULE_EDGE_AUDITED,"Late-A1 target: capstone return is terminal integration, not claimed as scientifically distant retrieval."
REC-A1-002755,SEQ-A1-000904,GRAMMAR_UNIT,GRAM-A1-132,Estar + bien/mal,,,,LOCAL_REUSE,A1-M08-I02-S2,A1-M08-I02-S3,A1-M08-I02,A1-M08-I02,CORE_OR_STRUCTURAL_ROUTE,REEXPOSURE_OR_RETRIEVAL,AS_OBJECT_POLICY_REQUIRES,,NONE,1.44,REQUIRED_SCHEDULE_EDGE_AUDITED,
REC-A1-002756,SEQ-A1-000904,GRAMMAR_UNIT,GRAM-A1-132,Estar + bien/mal,,,,NEAR_TRANSFER,A1-M08-I02-S3,A1-M08-I03-S4,A1-M08-I02,A1-M08-I03,CORE_OR_STRUCTURAL_ROUTE,TRANSFER_IN_CHANGED_CONTEXT,AS_OBJECT_POLICY_REQUIRES,,NONE,1.44,REQUIRED_SCHEDULE_EDGE_AUDITED,
REC-A1-002757,SEQ-A1-000904,GRAMMAR_UNIT,GRAM-A1-132,Estar + bien/mal,,,,TERMINAL_CAPSTONE_RETURN,A1-M08-I03-S4,A1-M08-I04-S2,A1-M08-I03,A1-M08-I04,CORE_OR_STRUCTURAL_ROUTE,DELAYED_RETRIEVAL_OR_TERMINAL_INTEGRATION,AS_OBJECT_POLICY_REQUIRES,,NONE,1.44,REQUIRED_SCHEDULE_EDGE_AUDITED,"Late-A1 target: capstone return is terminal integration, not claimed as scientifically distant retrieval."
REC-A1-002758,SEQ-A1-000905,GRAMMAR_UNIT,GRAM-A1-150,Coordinación negativa con ni,,,,LOCAL_REUSE,A1-M08-I02-S2,A1-M08-I02-S3,A1-M08-I02,A1-M08-I02,CORE_OR_STRUCTURAL_ROUTE,REEXPOSURE_OR_RETRIEVAL,AS_OBJECT_POLICY_REQUIRES,,NONE,1.44,REQUIRED_SCHEDULE_EDGE_AUDITED,
REC-A1-002759,SEQ-A1-000905,GRAMMAR_UNIT,GRAM-A1-150,Coordinación negativa con ni,,,,NEAR_TRANSFER,A1-M08-I02-S3,A1-M08-I03-S1,A1-M08-I02,A1-M08-I03,CORE_OR_STRUCTURAL_ROUTE,TRANSFER_IN_CHANGED_CONTEXT,AS_OBJECT_POLICY_REQUIRES,,NONE,1.44,REQUIRED_SCHEDULE_EDGE_AUDITED,
REC-A1-002760,SEQ-A1-000905,GRAMMAR_UNIT,GRAM-A1-150,Coordinación negativa con ni,,,,TERMINAL_CAPSTONE_RETURN,A1-M08-I03-S1,A1-M08-I04-S3,A1-M08-I03,A1-M08-I04,CORE_OR_STRUCTURAL_ROUTE,DELAYED_RETRIEVAL_OR_TERMINAL_INTEGRATION,AS_OBJECT_POLICY_REQUIRES,,NONE,1.44,REQUIRED_SCHEDULE_EDGE_AUDITED,"Late-A1 target: capstone return is terminal integration, not claimed as scientifically distant retrieval."
REC-A1-002761,SEQ-A1-000907,GRAMMAR_UNIT,GRAM-A1-161,Causal del enunciado en posición pospuesta,,,,LOCAL_REUSE,A1-M08-I02-S2,A1-M08-I02-S3,A1-M08-I02,A1-M08-I02,CORE_OR_STRUCTURAL_ROUTE,REEXPOSURE_OR_RETRIEVAL,AS_OBJECT_POLICY_REQUIRES,,NONE,1.44,REQUIRED_SCHEDULE_EDGE_AUDITED,
REC-A1-002762,SEQ-A1-000907,GRAMMAR_UNIT,GRAM-A1-161,Causal del enunciado en posición pospuesta,,,,NEAR_TRANSFER,A1-M08-I02-S3,A1-M08-I03-S2,A1-M08-I02,A1-M08-I03,CORE_OR_STRUCTURAL_ROUTE,TRANSFER_IN_CHANGED_CONTEXT,AS_OBJECT_POLICY_REQUIRES,,NONE,1.44,REQUIRED_SCHEDULE_EDGE_AUDITED,
REC-A1-002763,SEQ-A1-000907,GRAMMAR_UNIT,GRAM-A1-161,Causal del enunciado en posición pospuesta,,,,TERMINAL_CAPSTONE_RETURN,A1-M08-I03-S2,A1-M08-I04-S1,A1-M08-I03,A1-M08-I04,CORE_OR_STRUCTURAL_ROUTE,DELAYED_RETRIEVAL_OR_TERMINAL_INTEGRATION,AS_OBJECT_POLICY_REQUIRES,,NONE,1.44,REQUIRED_SCHEDULE_EDGE_AUDITED,"Late-A1 target: capstone return is terminal integration, not claimed as scientifically distant retrieval."
REC-A1-002764,SEQ-A1-000910,GRAMMAR_UNIT,GRAM-A1-164,Contraste por qué interrogativo / porque causal,,,,LOCAL_REUSE,A1-M08-I02-S2,A1-M08-I02-S3,A1-M08-I02,A1-M08-I02,CORE_OR_STRUCTURAL_ROUTE,REEXPOSURE_OR_RETRIEVAL,AS_OBJECT_POLICY_REQUIRES,,NONE,1.44,REQUIRED_SCHEDULE_EDGE_AUDITED,
REC-A1-002765,SEQ-A1-000910,GRAMMAR_UNIT,GRAM-A1-164,Contraste por qué interrogativo / porque causal,,,,NEAR_TRANSFER,A1-M08-I02-S3,A1-M08-I03-S3,A1-M08-I02,A1-M08-I03,CORE_OR_STRUCTURAL_ROUTE,TRANSFER_IN_CHANGED_CONTEXT,AS_OBJECT_POLICY_REQUIRES,,NONE,1.44,REQUIRED_SCHEDULE_EDGE_AUDITED,
REC-A1-002766,SEQ-A1-000910,GRAMMAR_UNIT,GRAM-A1-164,Contraste por qué interrogativo / porque causal,,,,TERMINAL_CAPSTONE_RETURN,A1-M08-I03-S3,A1-M08-I04-S2,A1-M08-I03,A1-M08-I04,CORE_OR_STRUCTURAL_ROUTE,DELAYED_RETRIEVAL_OR_TERMINAL_INTEGRATION,AS_OBJECT_POLICY_REQUIRES,,NONE,1.44,REQUIRED_SCHEDULE_EDGE_AUDITED,"Late-A1 target: capstone return is terminal integration, not claimed as scientifically distant retrieval."
REC-A1-002767,SEQ-A1-000912,MWU_SOURCE_UNIT,12B1-MWU-0152,de acuerdo,,,12B1-MWU-0152,LOCAL_REUSE,A1-M08-I02-S2,A1-M08-I02-S3,A1-M08-I02,A1-M08-I02,CORE_OR_STRUCTURAL_ROUTE,REEXPOSURE_OR_RETRIEVAL,AS_OBJECT_POLICY_REQUIRES,,NONE,1.44,REQUIRED_SCHEDULE_EDGE_AUDITED,
REC-A1-002768,SEQ-A1-000912,MWU_SOURCE_UNIT,12B1-MWU-0152,de acuerdo,,,12B1-MWU-0152,NEAR_TRANSFER,A1-M08-I02-S3,A1-M08-I03-S4,A1-M08-I02,A1-M08-I03,CORE_OR_STRUCTURAL_ROUTE,TRANSFER_IN_CHANGED_CONTEXT,AS_OBJECT_POLICY_REQUIRES,,NONE,1.44,REQUIRED_SCHEDULE_EDGE_AUDITED,
REC-A1-002769,SEQ-A1-000912,MWU_SOURCE_UNIT,12B1-MWU-0152,de acuerdo,,,12B1-MWU-0152,TERMINAL_CAPSTONE_RETURN,A1-M08-I03-S4,A1-M08-I04-S3,A1-M08-I03,A1-M08-I04,CORE_OR_STRUCTURAL_ROUTE,DELAYED_RETRIEVAL_OR_TERMINAL_INTEGRATION,AS_OBJECT_POLICY_REQUIRES,,NONE,1.44,REQUIRED_SCHEDULE_EDGE_AUDITED,"Late-A1 target: capstone return is terminal integration, not claimed as scientifically distant retrieval."
REC-A1-002770,SEQ-A1-000916,MWU_SOURCE_UNIT,12B1-MWU-0196,yo tampoco,,,12B1-MWU-0196,LOCAL_REUSE,A1-M08-I02-S2,A1-M08-I02-S3,A1-M08-I02,A1-M08-I02,CORE_OR_STRUCTURAL_ROUTE,REEXPOSURE_OR_RETRIEVAL,AS_OBJECT_POLICY_REQUIRES,,NONE,1.44,REQUIRED_SCHEDULE_EDGE_AUDITED,
REC-A1-002771,SEQ-A1-000916,MWU_SOURCE_UNIT,12B1-MWU-0196,yo tampoco,,,12B1-MWU-0196,NEAR_TRANSFER,A1-M08-I02-S3,A1-M08-I03-S1,A1-M08-I02,A1-M08-I03,CORE_OR_STRUCTURAL_ROUTE,TRANSFER_IN_CHANGED_CONTEXT,AS_OBJECT_POLICY_REQUIRES,,NONE,1.44,REQUIRED_SCHEDULE_EDGE_AUDITED,
REC-A1-002772,SEQ-A1-000916,MWU_SOURCE_UNIT,12B1-MWU-0196,yo tampoco,,,12B1-MWU-0196,TERMINAL_CAPSTONE_RETURN,A1-M08-I03-S1,A1-M08-I04-S1,A1-M08-I03,A1-M08-I04,CORE_OR_STRUCTURAL_ROUTE,DELAYED_RETRIEVAL_OR_TERMINAL_INTEGRATION,AS_OBJECT_POLICY_REQUIRES,,NONE,1.44,REQUIRED_SCHEDULE_EDGE_AUDITED,"Late-A1 target: capstone return is terminal integration, not claimed as scientifically distant retrieval."
REC-A1-002773,SEQ-A1-000917,MWU_SOURCE_UNIT,12B1-MWU-0198,"sí, pero",,,12B1-MWU-0198,LOCAL_REUSE,A1-M08-I02-S2,A1-M08-I02-S3,A1-M08-I02,A1-M08-I02,CORE_OR_STRUCTURAL_ROUTE,REEXPOSURE_OR_RETRIEVAL,AS_OBJECT_POLICY_REQUIRES,,NONE,1.44,REQUIRED_SCHEDULE_EDGE_AUDITED,
REC-A1-002774,SEQ-A1-000917,MWU_SOURCE_UNIT,12B1-MWU-0198,"sí, pero",,,12B1-MWU-0198,NEAR_TRANSFER,A1-M08-I02-S3,A1-M08-I03-S2,A1-M08-I02,A1-M08-I03,CORE_OR_STRUCTURAL_ROUTE,TRANSFER_IN_CHANGED_CONTEXT,AS_OBJECT_POLICY_REQUIRES,,NONE,1.44,REQUIRED_SCHEDULE_EDGE_AUDITED,
REC-A1-002775,SEQ-A1-000917,MWU_SOURCE_UNIT,12B1-MWU-0198,"sí, pero",,,12B1-MWU-0198,TERMINAL_CAPSTONE_RETURN,A1-M08-I03-S2,A1-M08-I04-S2,A1-M08-I03,A1-M08-I04,CORE_OR_STRUCTURAL_ROUTE,DELAYED_RETRIEVAL_OR_TERMINAL_INTEGRATION,AS_OBJECT_POLICY_REQUIRES,,NONE,1.44,REQUIRED_SCHEDULE_EDGE_AUDITED,"Late-A1 target: capstone return is terminal integration, not claimed as scientifically distant retrieval."
REC-A1-002776,SEQ-A1-000886,SENSE,SENSE-A1-000085,bueno,LEX-A1-000084,SENSE-A1-000085,,LOCAL_REUSE,A1-M08-I02-S2,A1-M08-I02-S3,A1-M08-I02,A1-M08-I02,CORE_OR_STRUCTURAL_ROUTE,REEXPOSURE_OR_RETRIEVAL,CONTEXTUAL_OR_FUNCTION_BOUND,,NONE,1.44,REQUIRED_SCHEDULE_EDGE_AUDITED,
REC-A1-002777,SEQ-A1-000886,SENSE,SENSE-A1-000085,bueno,LEX-A1-000084,SENSE-A1-000085,,NEAR_TRANSFER,A1-M08-I02-S3,A1-M08-I03-S3,A1-M08-I02,A1-M08-I03,CORE_OR_STRUCTURAL_ROUTE,TRANSFER_IN_CHANGED_CONTEXT,CONTEXTUAL_OR_FUNCTION_BOUND,,NONE,1.44,REQUIRED_SCHEDULE_EDGE_AUDITED,
REC-A1-002778,SEQ-A1-000886,SENSE,SENSE-A1-000085,bueno,LEX-A1-000084,SENSE-A1-000085,,TERMINAL_CAPSTONE_RETURN,A1-M08-I03-S3,A1-M08-I04-S3,A1-M08-I03,A1-M08-I04,CORE_OR_STRUCTURAL_ROUTE,DELAYED_RETRIEVAL_OR_TERMINAL_INTEGRATION,CONTEXTUAL_OR_FUNCTION_BOUND,,NONE,1.44,REQUIRED_SCHEDULE_EDGE_AUDITED,"Late-A1 target: capstone return is terminal integration, not claimed as scientifically distant retrieval."
REC-A1-002779,SEQ-A1-000888,SENSE,SENSE-A1-000222,entonces,LEX-A1-000218,SENSE-A1-000222,,LOCAL_REUSE,A1-M08-I02-S2,A1-M08-I02-S3,A1-M08-I02,A1-M08-I02,CORE_OR_STRUCTURAL_ROUTE,REEXPOSURE_OR_RETRIEVAL,CONTEXTUAL_OR_FUNCTION_BOUND,,NONE,1.44,REQUIRED_SCHEDULE_EDGE_AUDITED,
REC-A1-002780,SEQ-A1-000888,SENSE,SENSE-A1-000222,entonces,LEX-A1-000218,SENSE-A1-000222,,NEAR_TRANSFER,A1-M08-I02-S3,A1-M08-I03-S4,A1-M08-I02,A1-M08-I03,CORE_OR_STRUCTURAL_ROUTE,TRANSFER_IN_CHANGED_CONTEXT,CONTEXTUAL_OR_FUNCTION_BOUND,,NONE,1.44,REQUIRED_SCHEDULE_EDGE_AUDITED,
REC-A1-002781,SEQ-A1-000888,SENSE,SENSE-A1-000222,entonces,LEX-A1-000218,SENSE-A1-000222,,TERMINAL_CAPSTONE_RETURN,A1-M08-I03-S4,A1-M08-I04-S1,A1-M08-I03,A1-M08-I04,CORE_OR_STRUCTURAL_ROUTE,DELAYED_RETRIEVAL_OR_TERMINAL_INTEGRATION,CONTEXTUAL_OR_FUNCTION_BOUND,,NONE,1.44,REQUIRED_SCHEDULE_EDGE_AUDITED,"Late-A1 target: capstone return is terminal integration, not claimed as scientifically distant retrieval."
REC-A1-002782,SEQ-A1-000890,SENSE,SENSE-A1-000398,ni,LEX-A1-000391,SENSE-A1-000398,,LOCAL_REUSE,A1-M08-I02-S2,A1-M08-I02-S3,A1-M08-I02,A1-M08-I02,CORE_OR_STRUCTURAL_ROUTE,REEXPOSURE_OR_RETRIEVAL,CONTEXTUAL_OR_FUNCTION_BOUND,,NONE,1.44,REQUIRED_SCHEDULE_EDGE_AUDITED,
REC-A1-002783,SEQ-A1-000890,SENSE,SENSE-A1-000398,ni,LEX-A1-000391,SENSE-A1-000398,,NEAR_TRANSFER,A1-M08-I02-S3,A1-M08-I03-S1,A1-M08-I02,A1-M08-I03,CORE_OR_STRUCTURAL_ROUTE,TRANSFER_IN_CHANGED_CONTEXT,CONTEXTUAL_OR_FUNCTION_BOUND,,NONE,1.44,REQUIRED_SCHEDULE_EDGE_AUDITED,
REC-A1-002784,SEQ-A1-000890,SENSE,SENSE-A1-000398,ni,LEX-A1-000391,SENSE-A1-000398,,TERMINAL_CAPSTONE_RETURN,A1-M08-I03-S1,A1-M08-I04-S2,A1-M08-I03,A1-M08-I04,CORE_OR_STRUCTURAL_ROUTE,DELAYED_RETRIEVAL_OR_TERMINAL_INTEGRATION,CONTEXTUAL_OR_FUNCTION_BOUND,,NONE,1.44,REQUIRED_SCHEDULE_EDGE_AUDITED,"Late-A1 target: capstone return is terminal integration, not claimed as scientifically distant retrieval."
REC-A1-002785,SEQ-A1-000892,SENSE,SENSE-A1-000444,pero,LEX-A1-000436,SENSE-A1-000444,,LOCAL_REUSE,A1-M08-I02-S2,A1-M08-I02-S3,A1-M08-I02,A1-M08-I02,CORE_OR_STRUCTURAL_ROUTE,REEXPOSURE_OR_RETRIEVAL,CONTEXTUAL_OR_FUNCTION_BOUND,,NONE,1.44,REQUIRED_SCHEDULE_EDGE_AUDITED,
REC-A1-002786,SEQ-A1-000892,SENSE,SENSE-A1-000444,pero,LEX-A1-000436,SENSE-A1-000444,,NEAR_TRANSFER,A1-M08-I02-S3,A1-M08-I03-S2,A1-M08-I02,A1-M08-I03,CORE_OR_STRUCTURAL_ROUTE,TRANSFER_IN_CHANGED_CONTEXT,CONTEXTUAL_OR_FUNCTION_BOUND,,NONE,1.44,REQUIRED_SCHEDULE_EDGE_AUDITED,
REC-A1-002787,SEQ-A1-000892,SENSE,SENSE-A1-000444,pero,LEX-A1-000436,SENSE-A1-000444,,TERMINAL_CAPSTONE_RETURN,A1-M08-I03-S2,A1-M08-I04-S3,A1-M08-I03,A1-M08-I04,CORE_OR_STRUCTURAL_ROUTE,DELAYED_RETRIEVAL_OR_TERMINAL_INTEGRATION,CONTEXTUAL_OR_FUNCTION_BOUND,,NONE,1.44,REQUIRED_SCHEDULE_EDGE_AUDITED,"Late-A1 target: capstone return is terminal integration, not claimed as scientifically distant retrieval."
REC-A1-002788,SEQ-A1-000972,SENSE,SENSE-A1-000485,que,LEX-A1-000476,SENSE-A1-000485,,LOCAL_REUSE,A1-M08-I02-S2,A1-M08-I02-S3,A1-M08-I02,A1-M08-I02,CORE_OR_STRUCTURAL_ROUTE,REEXPOSURE_OR_RETRIEVAL,CONTEXTUAL_OR_FUNCTION_BOUND,,NONE,1.44,REQUIRED_SCHEDULE_EDGE_AUDITED,
REC-A1-002789,SEQ-A1-000972,SENSE,SENSE-A1-000485,que,LEX-A1-000476,SENSE-A1-000485,,NEAR_TRANSFER,A1-M08-I02-S3,A1-M08-I03-S3,A1-M08-I02,A1-M08-I03,CORE_OR_STRUCTURAL_ROUTE,TRANSFER_IN_CHANGED_CONTEXT,CONTEXTUAL_OR_FUNCTION_BOUND,,NONE,1.44,REQUIRED_SCHEDULE_EDGE_AUDITED,
REC-A1-002790,SEQ-A1-000972,SENSE,SENSE-A1-000485,que,LEX-A1-000476,SENSE-A1-000485,,TERMINAL_CAPSTONE_RETURN,A1-M08-I03-S3,A1-M08-I04-S1,A1-M08-I03,A1-M08-I04,CORE_OR_STRUCTURAL_ROUTE,DELAYED_RETRIEVAL_OR_TERMINAL_INTEGRATION,CONTEXTUAL_OR_FUNCTION_BOUND,,NONE,1.44,REQUIRED_SCHEDULE_EDGE_AUDITED,"Late-A1 target: capstone return is terminal integration, not claimed as scientifically distant retrieval."
REC-A1-002791,SEQ-A1-000895,SENSE,SENSE-A1-000533,sociable,LEX-A1-000524,SENSE-A1-000533,,LOCAL_REUSE,A1-M08-I02-S2,A1-M08-I02-S3,A1-M08-I02,A1-M08-I02,CORE_OR_STRUCTURAL_ROUTE,REEXPOSURE_OR_RETRIEVAL,CONTEXTUAL_OR_FUNCTION_BOUND,,NONE,1.44,REQUIRED_SCHEDULE_EDGE_AUDITED,
REC-A1-002792,SEQ-A1-000895,SENSE,SENSE-A1-000533,sociable,LEX-A1-000524,SENSE-A1-000533,,NEAR_TRANSFER,A1-M08-I02-S3,A1-M08-I03-S4,A1-M08-I02,A1-M08-I03,CORE_OR_STRUCTURAL_ROUTE,TRANSFER_IN_CHANGED_CONTEXT,CONTEXTUAL_OR_FUNCTION_BOUND,,NONE,1.44,REQUIRED_SCHEDULE_EDGE_AUDITED,
REC-A1-002793,SEQ-A1-000895,SENSE,SENSE-A1-000533,sociable,LEX-A1-000524,SENSE-A1-000533,,TERMINAL_CAPSTONE_RETURN,A1-M08-I03-S4,A1-M08-I04-S2,A1-M08-I03,A1-M08-I04,CORE_OR_STRUCTURAL_ROUTE,DELAYED_RETRIEVAL_OR_TERMINAL_INTEGRATION,CONTEXTUAL_OR_FUNCTION_BOUND,,NONE,1.44,REQUIRED_SCHEDULE_EDGE_AUDITED,"Late-A1 target: capstone return is terminal integration, not claimed as scientifically distant retrieval."
REC-A1-002794,SEQ-A1-000897,SENSE,SENSE-A1-000542,tampoco,LEX-A1-000533,SENSE-A1-000542,,LOCAL_REUSE,A1-M08-I02-S2,A1-M08-I02-S3,A1-M08-I02,A1-M08-I02,CORE_OR_STRUCTURAL_ROUTE,REEXPOSURE_OR_RETRIEVAL,CONTEXTUAL_OR_FUNCTION_BOUND,,NONE,1.44,REQUIRED_SCHEDULE_EDGE_AUDITED,
REC-A1-002795,SEQ-A1-000897,SENSE,SENSE-A1-000542,tampoco,LEX-A1-000533,SENSE-A1-000542,,NEAR_TRANSFER,A1-M08-I02-S3,A1-M08-I03-S1,A1-M08-I02,A1-M08-I03,CORE_OR_STRUCTURAL_ROUTE,TRANSFER_IN_CHANGED_CONTEXT,CONTEXTUAL_OR_FUNCTION_BOUND,,NONE,1.44,REQUIRED_SCHEDULE_EDGE_AUDITED,
REC-A1-002796,SEQ-A1-000897,SENSE,SENSE-A1-000542,tampoco,LEX-A1-000533,SENSE-A1-000542,,TERMINAL_CAPSTONE_RETURN,A1-M08-I03-S1,A1-M08-I04-S3,A1-M08-I03,A1-M08-I04,CORE_OR_STRUCTURAL_ROUTE,DELAYED_RETRIEVAL_OR_TERMINAL_INTEGRATION,CONTEXTUAL_OR_FUNCTION_BOUND,,NONE,1.44,REQUIRED_SCHEDULE_EDGE_AUDITED,"Late-A1 target: capstone return is terminal integration, not claimed as scientifically distant retrieval."
REC-A1-002797,SEQ-A1-000976,GRAMMAR_UNIT,GRAM-A1-085,Antecedente humano o no humano,,,,LOCAL_REUSE,A1-M08-I03-S1,A1-M08-I03-S2,A1-M08-I03,A1-M08-I03,CORE_OR_STRUCTURAL_ROUTE,REEXPOSURE_OR_RETRIEVAL,AS_OBJECT_POLICY_REQUIRES,,NONE,1.44,REQUIRED_SCHEDULE_EDGE_AUDITED,
REC-A1-002798,SEQ-A1-000976,GRAMMAR_UNIT,GRAM-A1-085,Antecedente humano o no humano,,,,NEAR_TRANSFER,A1-M08-I03-S2,A1-M08-I04-S1,A1-M08-I03,A1-M08-I04,CORE_OR_STRUCTURAL_ROUTE,TRANSFER_IN_CHANGED_CONTEXT,AS_OBJECT_POLICY_REQUIRES,,NONE,1.44,REQUIRED_SCHEDULE_EDGE_AUDITED,
REC-A1-002799,SEQ-A1-000976,GRAMMAR_UNIT,GRAM-A1-085,Antecedente humano o no humano,,,,TERMINAL_CAPSTONE_RETURN,A1-M08-I04-S1,A1-M08-I04-S2,A1-M08-I04,A1-M08-I04,CORE_OR_STRUCTURAL_ROUTE,DELAYED_RETRIEVAL_OR_TERMINAL_INTEGRATION,AS_OBJECT_POLICY_REQUIRES,,NONE,1.44,REQUIRED_SCHEDULE_EDGE_AUDITED,"Late-A1 target: capstone return is terminal integration, not claimed as scientifically distant retrieval."
REC-A1-002800,SEQ-A1-000953,GRAMMAR_UNIT,GRAM-A1-121,Relativa especificativa en indicativo como modificador del nombre,,,,LOCAL_REUSE,A1-M08-I03-S1,A1-M08-I03-S3,A1-M08-I03,A1-M08-I03,CORE_OR_STRUCTURAL_ROUTE,REEXPOSURE_OR_RETRIEVAL,AS_OBJECT_POLICY_REQUIRES,,NONE,1.44,REQUIRED_SCHEDULE_EDGE_AUDITED,
REC-A1-002801,SEQ-A1-000953,GRAMMAR_UNIT,GRAM-A1-121,Relativa especificativa en indicativo como modificador del nombre,,,,NEAR_TRANSFER,A1-M08-I03-S3,A1-M08-I04-S1,A1-M08-I03,A1-M08-I04,CORE_OR_STRUCTURAL_ROUTE,TRANSFER_IN_CHANGED_CONTEXT,AS_OBJECT_POLICY_REQUIRES,,NONE,1.44,REQUIRED_SCHEDULE_EDGE_AUDITED,
REC-A1-002802,SEQ-A1-000953,GRAMMAR_UNIT,GRAM-A1-121,Relativa especificativa en indicativo como modificador del nombre,,,,TERMINAL_CAPSTONE_RETURN,A1-M08-I04-S1,A1-M08-I04-S3,A1-M08-I04,A1-M08-I04,CORE_OR_STRUCTURAL_ROUTE,DELAYED_RETRIEVAL_OR_TERMINAL_INTEGRATION,AS_OBJECT_POLICY_REQUIRES,,NONE,1.44,REQUIRED_SCHEDULE_EDGE_AUDITED,"Late-A1 target: capstone return is terminal integration, not claimed as scientifically distant retrieval."
REC-A1-002803,SEQ-A1-000955,GRAMMAR_UNIT,GRAM-A1-159,Que relativo con antecedente expreso como sujeto u OD,,,,LOCAL_REUSE,A1-M08-I03-S1,A1-M08-I03-S4,A1-M08-I03,A1-M08-I03,CORE_OR_STRUCTURAL_ROUTE,REEXPOSURE_OR_RETRIEVAL,AS_OBJECT_POLICY_REQUIRES,,NONE,1.44,REQUIRED_SCHEDULE_EDGE_AUDITED,
REC-A1-002804,SEQ-A1-000955,GRAMMAR_UNIT,GRAM-A1-159,Que relativo con antecedente expreso como sujeto u OD,,,,NEAR_TRANSFER,A1-M08-I03-S4,A1-M08-I04-S2,A1-M08-I03,A1-M08-I04,CORE_OR_STRUCTURAL_ROUTE,TRANSFER_IN_CHANGED_CONTEXT,AS_OBJECT_POLICY_REQUIRES,,NONE,1.44,REQUIRED_SCHEDULE_EDGE_AUDITED,
REC-A1-002805,SEQ-A1-000955,GRAMMAR_UNIT,GRAM-A1-159,Que relativo con antecedente expreso como sujeto u OD,,,,TERMINAL_CAPSTONE_RETURN,A1-M08-I04-S2,A1-M08-I04-S3,A1-M08-I04,A1-M08-I04,CORE_OR_STRUCTURAL_ROUTE,DELAYED_RETRIEVAL_OR_TERMINAL_INTEGRATION,AS_OBJECT_POLICY_REQUIRES,,NONE,1.44,REQUIRED_SCHEDULE_EDGE_AUDITED,"Late-A1 target: capstone return is terminal integration, not claimed as scientifically distant retrieval."
REC-A1-002806,SEQ-A1-000958,MWU_SOURCE_UNIT,12B1-MWU-0064,escribir un mensaje electrónico,,,12B1-MWU-0064,LOCAL_REUSE,A1-M08-I03-S1,A1-M08-I03-S2,A1-M08-I03,A1-M08-I03,CORE_OR_STRUCTURAL_ROUTE,REEXPOSURE_OR_RETRIEVAL,AS_OBJECT_POLICY_REQUIRES,,NONE,1.44,REQUIRED_SCHEDULE_EDGE_AUDITED,
REC-A1-002807,SEQ-A1-000958,MWU_SOURCE_UNIT,12B1-MWU-0064,escribir un mensaje electrónico,,,12B1-MWU-0064,NEAR_TRANSFER,A1-M08-I03-S2,A1-M08-I04-S1,A1-M08-I03,A1-M08-I04,CORE_OR_STRUCTURAL_ROUTE,TRANSFER_IN_CHANGED_CONTEXT,AS_OBJECT_POLICY_REQUIRES,,NONE,1.44,REQUIRED_SCHEDULE_EDGE_AUDITED,
REC-A1-002808,SEQ-A1-000958,MWU_SOURCE_UNIT,12B1-MWU-0064,escribir un mensaje electrónico,,,12B1-MWU-0064,TERMINAL_CAPSTONE_RETURN,A1-M08-I04-S1,A1-M08-I04-S2,A1-M08-I04,A1-M08-I04,CORE_OR_STRUCTURAL_ROUTE,DELAYED_RETRIEVAL_OR_TERMINAL_INTEGRATION,AS_OBJECT_POLICY_REQUIRES,,NONE,1.44,REQUIRED_SCHEDULE_EDGE_AUDITED,"Late-A1 target: capstone return is terminal integration, not claimed as scientifically distant retrieval."
REC-A1-002809,SEQ-A1-000961,MWU_SOURCE_UNIT,12B1-MWU-0067,guión bajo,LEX-A1-000276,SENSE-A1-000281,12B1-MWU-0067,LOCAL_REUSE,A1-M08-I03-S1,A1-M08-I03-S3,A1-M08-I03,A1-M08-I03,CORE_OR_STRUCTURAL_ROUTE,REEXPOSURE_OR_RETRIEVAL,AS_OBJECT_POLICY_REQUIRES,,NONE,1.44,REQUIRED_SCHEDULE_EDGE_AUDITED,
REC-A1-002810,SEQ-A1-000961,MWU_SOURCE_UNIT,12B1-MWU-0067,guión bajo,LEX-A1-000276,SENSE-A1-000281,12B1-MWU-0067,NEAR_TRANSFER,A1-M08-I03-S3,A1-M08-I04-S1,A1-M08-I03,A1-M08-I04,CORE_OR_STRUCTURAL_ROUTE,TRANSFER_IN_CHANGED_CONTEXT,AS_OBJECT_POLICY_REQUIRES,,NONE,1.44,REQUIRED_SCHEDULE_EDGE_AUDITED,
REC-A1-002811,SEQ-A1-000961,MWU_SOURCE_UNIT,12B1-MWU-0067,guión bajo,LEX-A1-000276,SENSE-A1-000281,12B1-MWU-0067,TERMINAL_CAPSTONE_RETURN,A1-M08-I04-S1,A1-M08-I04-S3,A1-M08-I04,A1-M08-I04,CORE_OR_STRUCTURAL_ROUTE,DELAYED_RETRIEVAL_OR_TERMINAL_INTEGRATION,AS_OBJECT_POLICY_REQUIRES,,NONE,1.44,REQUIRED_SCHEDULE_EDGE_AUDITED,"Late-A1 target: capstone return is terminal integration, not claimed as scientifically distant retrieval."
REC-A1-002812,SEQ-A1-000965,MWU_SOURCE_UNIT,12B1-MWU-0132,ir a la sinagoga,,,12B1-MWU-0132,LOCAL_REUSE,A1-M08-I03-S1,A1-M08-I03-S4,A1-M08-I03,A1-M08-I03,CORE_OR_STRUCTURAL_ROUTE,REEXPOSURE_OR_RETRIEVAL,AS_OBJECT_POLICY_REQUIRES,,NONE,1.44,REQUIRED_SCHEDULE_EDGE_AUDITED,
REC-A1-002813,SEQ-A1-000965,MWU_SOURCE_UNIT,12B1-MWU-0132,ir a la sinagoga,,,12B1-MWU-0132,NEAR_TRANSFER,A1-M08-I03-S4,A1-M08-I04-S2,A1-M08-I03,A1-M08-I04,CORE_OR_STRUCTURAL_ROUTE,TRANSFER_IN_CHANGED_CONTEXT,AS_OBJECT_POLICY_REQUIRES,,NONE,1.44,REQUIRED_SCHEDULE_EDGE_AUDITED,
REC-A1-002814,SEQ-A1-000965,MWU_SOURCE_UNIT,12B1-MWU-0132,ir a la sinagoga,,,12B1-MWU-0132,TERMINAL_CAPSTONE_RETURN,A1-M08-I04-S2,A1-M08-I04-S3,A1-M08-I04,A1-M08-I04,CORE_OR_STRUCTURAL_ROUTE,DELAYED_RETRIEVAL_OR_TERMINAL_INTEGRATION,AS_OBJECT_POLICY_REQUIRES,,NONE,1.44,REQUIRED_SCHEDULE_EDGE_AUDITED,"Late-A1 target: capstone return is terminal integration, not claimed as scientifically distant retrieval."
REC-A1-002815,SEQ-A1-000919,SENSE,SENSE-A1-000083,budista,LEX-A1-000082,SENSE-A1-000083,,LOCAL_REUSE,A1-M08-I03-S1,A1-M08-I03-S2,A1-M08-I03,A1-M08-I03,CORE_OR_STRUCTURAL_ROUTE,REEXPOSURE_OR_RETRIEVAL,CONTEXTUAL_OR_FUNCTION_BOUND,,NONE,1.44,REQUIRED_SCHEDULE_EDGE_AUDITED,
REC-A1-002816,SEQ-A1-000919,SENSE,SENSE-A1-000083,budista,LEX-A1-000082,SENSE-A1-000083,,NEAR_TRANSFER,A1-M08-I03-S2,A1-M08-I04-S1,A1-M08-I03,A1-M08-I04,CORE_OR_STRUCTURAL_ROUTE,TRANSFER_IN_CHANGED_CONTEXT,CONTEXTUAL_OR_FUNCTION_BOUND,,NONE,1.44,REQUIRED_SCHEDULE_EDGE_AUDITED,
REC-A1-002817,SEQ-A1-000919,SENSE,SENSE-A1-000083,budista,LEX-A1-000082,SENSE-A1-000083,,TERMINAL_CAPSTONE_RETURN,A1-M08-I04-S1,A1-M08-I04-S2,A1-M08-I04,A1-M08-I04,CORE_OR_STRUCTURAL_ROUTE,DELAYED_RETRIEVAL_OR_TERMINAL_INTEGRATION,CONTEXTUAL_OR_FUNCTION_BOUND,,NONE,1.44,REQUIRED_SCHEDULE_EDGE_AUDITED,"Late-A1 target: capstone return is terminal integration, not claimed as scientifically distant retrieval."
REC-A1-002818,SEQ-A1-000922,SENSE,SENSE-A1-000119,catedral,LEX-A1-000117,SENSE-A1-000119,,LOCAL_REUSE,A1-M08-I03-S1,A1-M08-I03-S3,A1-M08-I03,A1-M08-I03,CORE_OR_STRUCTURAL_ROUTE,REEXPOSURE_OR_RETRIEVAL,CONTEXTUAL_OR_FUNCTION_BOUND,,NONE,1.44,REQUIRED_SCHEDULE_EDGE_AUDITED,
REC-A1-002819,SEQ-A1-000922,SENSE,SENSE-A1-000119,catedral,LEX-A1-000117,SENSE-A1-000119,,NEAR_TRANSFER,A1-M08-I03-S3,A1-M08-I04-S1,A1-M08-I03,A1-M08-I04,CORE_OR_STRUCTURAL_ROUTE,TRANSFER_IN_CHANGED_CONTEXT,CONTEXTUAL_OR_FUNCTION_BOUND,,NONE,1.44,REQUIRED_SCHEDULE_EDGE_AUDITED,
REC-A1-002820,SEQ-A1-000922,SENSE,SENSE-A1-000119,catedral,LEX-A1-000117,SENSE-A1-000119,,TERMINAL_CAPSTONE_RETURN,A1-M08-I04-S1,A1-M08-I04-S3,A1-M08-I04,A1-M08-I04,CORE_OR_STRUCTURAL_ROUTE,DELAYED_RETRIEVAL_OR_TERMINAL_INTEGRATION,CONTEXTUAL_OR_FUNCTION_BOUND,,NONE,1.44,REQUIRED_SCHEDULE_EDGE_AUDITED,"Late-A1 target: capstone return is terminal integration, not claimed as scientifically distant retrieval."
REC-A1-002821,SEQ-A1-000925,SENSE,SENSE-A1-000169,cristiano,LEX-A1-000167,SENSE-A1-000169,,LOCAL_REUSE,A1-M08-I03-S1,A1-M08-I03-S4,A1-M08-I03,A1-M08-I03,CORE_OR_STRUCTURAL_ROUTE,REEXPOSURE_OR_RETRIEVAL,CONTEXTUAL_OR_FUNCTION_BOUND,,NONE,1.44,REQUIRED_SCHEDULE_EDGE_AUDITED,
REC-A1-002822,SEQ-A1-000925,SENSE,SENSE-A1-000169,cristiano,LEX-A1-000167,SENSE-A1-000169,,NEAR_TRANSFER,A1-M08-I03-S4,A1-M08-I04-S2,A1-M08-I03,A1-M08-I04,CORE_OR_STRUCTURAL_ROUTE,TRANSFER_IN_CHANGED_CONTEXT,CONTEXTUAL_OR_FUNCTION_BOUND,,NONE,1.44,REQUIRED_SCHEDULE_EDGE_AUDITED,
REC-A1-002823,SEQ-A1-000925,SENSE,SENSE-A1-000169,cristiano,LEX-A1-000167,SENSE-A1-000169,,TERMINAL_CAPSTONE_RETURN,A1-M08-I04-S2,A1-M08-I04-S3,A1-M08-I04,A1-M08-I04,CORE_OR_STRUCTURAL_ROUTE,DELAYED_RETRIEVAL_OR_TERMINAL_INTEGRATION,CONTEXTUAL_OR_FUNCTION_BOUND,,NONE,1.44,REQUIRED_SCHEDULE_EDGE_AUDITED,"Late-A1 target: capstone return is terminal integration, not claimed as scientifically distant retrieval."
REC-A1-002824,SEQ-A1-000928,SENSE,SENSE-A1-000213,electrónico,LEX-A1-000209,SENSE-A1-000213,,LOCAL_REUSE,A1-M08-I03-S1,A1-M08-I03-S2,A1-M08-I03,A1-M08-I03,CORE_OR_STRUCTURAL_ROUTE,REEXPOSURE_OR_RETRIEVAL,CONTEXTUAL_OR_FUNCTION_BOUND,,NONE,1.44,REQUIRED_SCHEDULE_EDGE_AUDITED,
REC-A1-002825,SEQ-A1-000928,SENSE,SENSE-A1-000213,electrónico,LEX-A1-000209,SENSE-A1-000213,,NEAR_TRANSFER,A1-M08-I03-S2,A1-M08-I04-S1,A1-M08-I03,A1-M08-I04,CORE_OR_STRUCTURAL_ROUTE,TRANSFER_IN_CHANGED_CONTEXT,CONTEXTUAL_OR_FUNCTION_BOUND,,NONE,1.44,REQUIRED_SCHEDULE_EDGE_AUDITED,
REC-A1-002826,SEQ-A1-000928,SENSE,SENSE-A1-000213,electrónico,LEX-A1-000209,SENSE-A1-000213,,TERMINAL_CAPSTONE_RETURN,A1-M08-I04-S1,A1-M08-I04-S2,A1-M08-I04,A1-M08-I04,CORE_OR_STRUCTURAL_ROUTE,DELAYED_RETRIEVAL_OR_TERMINAL_INTEGRATION,CONTEXTUAL_OR_FUNCTION_BOUND,,NONE,1.44,REQUIRED_SCHEDULE_EDGE_AUDITED,"Late-A1 target: capstone return is terminal integration, not claimed as scientifically distant retrieval."
REC-A1-002827,SEQ-A1-000931,SENSE,SENSE-A1-000280,guion,LEX-A1-000275,SENSE-A1-000280,,LOCAL_REUSE,A1-M08-I03-S1,A1-M08-I03-S3,A1-M08-I03,A1-M08-I03,CORE_OR_STRUCTURAL_ROUTE,REEXPOSURE_OR_RETRIEVAL,CONTEXTUAL_OR_FUNCTION_BOUND,,NONE,1.44,REQUIRED_SCHEDULE_EDGE_AUDITED,
REC-A1-002828,SEQ-A1-000931,SENSE,SENSE-A1-000280,guion,LEX-A1-000275,SENSE-A1-000280,,NEAR_TRANSFER,A1-M08-I03-S3,A1-M08-I04-S1,A1-M08-I03,A1-M08-I04,CORE_OR_STRUCTURAL_ROUTE,TRANSFER_IN_CHANGED_CONTEXT,CONTEXTUAL_OR_FUNCTION_BOUND,,NONE,1.44,REQUIRED_SCHEDULE_EDGE_AUDITED,
REC-A1-002829,SEQ-A1-000931,SENSE,SENSE-A1-000280,guion,LEX-A1-000275,SENSE-A1-000280,,TERMINAL_CAPSTONE_RETURN,A1-M08-I04-S1,A1-M08-I04-S3,A1-M08-I04,A1-M08-I04,CORE_OR_STRUCTURAL_ROUTE,DELAYED_RETRIEVAL_OR_TERMINAL_INTEGRATION,CONTEXTUAL_OR_FUNCTION_BOUND,,NONE,1.44,REQUIRED_SCHEDULE_EDGE_AUDITED,"Late-A1 target: capstone return is terminal integration, not claimed as scientifically distant retrieval."
REC-A1-002830,SEQ-A1-000934,SENSE,SENSE-A1-000311,internet,LEX-A1-000305,SENSE-A1-000311,,LOCAL_REUSE,A1-M08-I03-S1,A1-M08-I03-S4,A1-M08-I03,A1-M08-I03,CORE_OR_STRUCTURAL_ROUTE,REEXPOSURE_OR_RETRIEVAL,CONTEXTUAL_OR_FUNCTION_BOUND,,NONE,1.44,REQUIRED_SCHEDULE_EDGE_AUDITED,
REC-A1-002831,SEQ-A1-000934,SENSE,SENSE-A1-000311,internet,LEX-A1-000305,SENSE-A1-000311,,NEAR_TRANSFER,A1-M08-I03-S4,A1-M08-I04-S2,A1-M08-I03,A1-M08-I04,CORE_OR_STRUCTURAL_ROUTE,TRANSFER_IN_CHANGED_CONTEXT,CONTEXTUAL_OR_FUNCTION_BOUND,,NONE,1.44,REQUIRED_SCHEDULE_EDGE_AUDITED,
REC-A1-002832,SEQ-A1-000934,SENSE,SENSE-A1-000311,internet,LEX-A1-000305,SENSE-A1-000311,,TERMINAL_CAPSTONE_RETURN,A1-M08-I04-S2,A1-M08-I04-S3,A1-M08-I04,A1-M08-I04,CORE_OR_STRUCTURAL_ROUTE,DELAYED_RETRIEVAL_OR_TERMINAL_INTEGRATION,CONTEXTUAL_OR_FUNCTION_BOUND,,NONE,1.44,REQUIRED_SCHEDULE_EDGE_AUDITED,"Late-A1 target: capstone return is terminal integration, not claimed as scientifically distant retrieval."
REC-A1-002833,SEQ-A1-000937,SENSE,SENSE-A1-000364,mensaje,LEX-A1-000358,SENSE-A1-000364,,LOCAL_REUSE,A1-M08-I03-S1,A1-M08-I03-S2,A1-M08-I03,A1-M08-I03,CORE_OR_STRUCTURAL_ROUTE,REEXPOSURE_OR_RETRIEVAL,CONTEXTUAL_OR_FUNCTION_BOUND,,NONE,1.44,REQUIRED_SCHEDULE_EDGE_AUDITED,
REC-A1-002834,SEQ-A1-000937,SENSE,SENSE-A1-000364,mensaje,LEX-A1-000358,SENSE-A1-000364,,NEAR_TRANSFER,A1-M08-I03-S2,A1-M08-I04-S1,A1-M08-I03,A1-M08-I04,CORE_OR_STRUCTURAL_ROUTE,TRANSFER_IN_CHANGED_CONTEXT,CONTEXTUAL_OR_FUNCTION_BOUND,,NONE,1.44,REQUIRED_SCHEDULE_EDGE_AUDITED,
REC-A1-002835,SEQ-A1-000937,SENSE,SENSE-A1-000364,mensaje,LEX-A1-000358,SENSE-A1-000364,,TERMINAL_CAPSTONE_RETURN,A1-M08-I04-S1,A1-M08-I04-S2,A1-M08-I04,A1-M08-I04,CORE_OR_STRUCTURAL_ROUTE,DELAYED_RETRIEVAL_OR_TERMINAL_INTEGRATION,CONTEXTUAL_OR_FUNCTION_BOUND,,NONE,1.44,REQUIRED_SCHEDULE_EDGE_AUDITED,"Late-A1 target: capstone return is terminal integration, not claimed as scientifically distant retrieval."
REC-A1-002836,SEQ-A1-000940,SENSE,SENSE-A1-000389,musulmán,LEX-A1-000382,SENSE-A1-000389,,LOCAL_REUSE,A1-M08-I03-S1,A1-M08-I03-S3,A1-M08-I03,A1-M08-I03,CORE_OR_STRUCTURAL_ROUTE,REEXPOSURE_OR_RETRIEVAL,CONTEXTUAL_OR_FUNCTION_BOUND,,NONE,1.44,REQUIRED_SCHEDULE_EDGE_AUDITED,
REC-A1-002837,SEQ-A1-000940,SENSE,SENSE-A1-000389,musulmán,LEX-A1-000382,SENSE-A1-000389,,NEAR_TRANSFER,A1-M08-I03-S3,A1-M08-I04-S1,A1-M08-I03,A1-M08-I04,CORE_OR_STRUCTURAL_ROUTE,TRANSFER_IN_CHANGED_CONTEXT,CONTEXTUAL_OR_FUNCTION_BOUND,,NONE,1.44,REQUIRED_SCHEDULE_EDGE_AUDITED,
REC-A1-002838,SEQ-A1-000940,SENSE,SENSE-A1-000389,musulmán,LEX-A1-000382,SENSE-A1-000389,,TERMINAL_CAPSTONE_RETURN,A1-M08-I04-S1,A1-M08-I04-S3,A1-M08-I04,A1-M08-I04,CORE_OR_STRUCTURAL_ROUTE,DELAYED_RETRIEVAL_OR_TERMINAL_INTEGRATION,CONTEXTUAL_OR_FUNCTION_BOUND,,NONE,1.44,REQUIRED_SCHEDULE_EDGE_AUDITED,"Late-A1 target: capstone return is terminal integration, not claimed as scientifically distant retrieval."
REC-A1-002839,SEQ-A1-000943,SENSE,SENSE-A1-000426,página,LEX-A1-000418,SENSE-A1-000426,,LOCAL_REUSE,A1-M08-I03-S1,A1-M08-I03-S4,A1-M08-I03,A1-M08-I03,CORE_OR_STRUCTURAL_ROUTE,REEXPOSURE_OR_RETRIEVAL,CONTEXTUAL_OR_FUNCTION_BOUND,,NONE,1.44,REQUIRED_SCHEDULE_EDGE_AUDITED,
REC-A1-002840,SEQ-A1-000943,SENSE,SENSE-A1-000426,página,LEX-A1-000418,SENSE-A1-000426,,NEAR_TRANSFER,A1-M08-I03-S4,A1-M08-I04-S2,A1-M08-I03,A1-M08-I04,CORE_OR_STRUCTURAL_ROUTE,TRANSFER_IN_CHANGED_CONTEXT,CONTEXTUAL_OR_FUNCTION_BOUND,,NONE,1.44,REQUIRED_SCHEDULE_EDGE_AUDITED,
REC-A1-002841,SEQ-A1-000943,SENSE,SENSE-A1-000426,página,LEX-A1-000418,SENSE-A1-000426,,TERMINAL_CAPSTONE_RETURN,A1-M08-I04-S2,A1-M08-I04-S3,A1-M08-I04,A1-M08-I04,CORE_OR_STRUCTURAL_ROUTE,DELAYED_RETRIEVAL_OR_TERMINAL_INTEGRATION,CONTEXTUAL_OR_FUNCTION_BOUND,,NONE,1.44,REQUIRED_SCHEDULE_EDGE_AUDITED,"Late-A1 target: capstone return is terminal integration, not claimed as scientifically distant retrieval."
REC-A1-002842,SEQ-A1-000945,SENSE,SENSE-A1-000463,postal,LEX-A1-000455,SENSE-A1-000463,,LOCAL_REUSE,A1-M08-I03-S1,A1-M08-I03-S2,A1-M08-I03,A1-M08-I03,CORE_OR_STRUCTURAL_ROUTE,REEXPOSURE_OR_RETRIEVAL,CONTEXTUAL_OR_FUNCTION_BOUND,,NONE,1.44,REQUIRED_SCHEDULE_EDGE_AUDITED,
REC-A1-002843,SEQ-A1-000945,SENSE,SENSE-A1-000463,postal,LEX-A1-000455,SENSE-A1-000463,,NEAR_TRANSFER,A1-M08-I03-S2,A1-M08-I04-S1,A1-M08-I03,A1-M08-I04,CORE_OR_STRUCTURAL_ROUTE,TRANSFER_IN_CHANGED_CONTEXT,CONTEXTUAL_OR_FUNCTION_BOUND,,NONE,1.44,REQUIRED_SCHEDULE_EDGE_AUDITED,
REC-A1-002844,SEQ-A1-000945,SENSE,SENSE-A1-000463,postal,LEX-A1-000455,SENSE-A1-000463,,TERMINAL_CAPSTONE_RETURN,A1-M08-I04-S1,A1-M08-I04-S2,A1-M08-I04,A1-M08-I04,CORE_OR_STRUCTURAL_ROUTE,DELAYED_RETRIEVAL_OR_TERMINAL_INTEGRATION,CONTEXTUAL_OR_FUNCTION_BOUND,,NONE,1.44,REQUIRED_SCHEDULE_EDGE_AUDITED,"Late-A1 target: capstone return is terminal integration, not claimed as scientifically distant retrieval."
REC-A1-002845,SEQ-A1-000948,SENSE,SENSE-A1-000495,religión,LEX-A1-000486,SENSE-A1-000495,,LOCAL_REUSE,A1-M08-I03-S1,A1-M08-I03-S3,A1-M08-I03,A1-M08-I03,CORE_OR_STRUCTURAL_ROUTE,REEXPOSURE_OR_RETRIEVAL,CONTEXTUAL_OR_FUNCTION_BOUND,,NONE,1.44,REQUIRED_SCHEDULE_EDGE_AUDITED,
REC-A1-002846,SEQ-A1-000948,SENSE,SENSE-A1-000495,religión,LEX-A1-000486,SENSE-A1-000495,,NEAR_TRANSFER,A1-M08-I03-S3,A1-M08-I04-S1,A1-M08-I03,A1-M08-I04,CORE_OR_STRUCTURAL_ROUTE,TRANSFER_IN_CHANGED_CONTEXT,CONTEXTUAL_OR_FUNCTION_BOUND,,NONE,1.44,REQUIRED_SCHEDULE_EDGE_AUDITED,
REC-A1-002847,SEQ-A1-000948,SENSE,SENSE-A1-000495,religión,LEX-A1-000486,SENSE-A1-000495,,TERMINAL_CAPSTONE_RETURN,A1-M08-I04-S1,A1-M08-I04-S3,A1-M08-I04,A1-M08-I04,CORE_OR_STRUCTURAL_ROUTE,DELAYED_RETRIEVAL_OR_TERMINAL_INTEGRATION,CONTEXTUAL_OR_FUNCTION_BOUND,,NONE,1.44,REQUIRED_SCHEDULE_EDGE_AUDITED,"Late-A1 target: capstone return is terminal integration, not claimed as scientifically distant retrieval."
REC-A1-002848,SEQ-A1-000951,SENSE,SENSE-A1-000591,vídeo,LEX-A1-000582,SENSE-A1-000591,,LOCAL_REUSE,A1-M08-I03-S1,A1-M08-I03-S4,A1-M08-I03,A1-M08-I03,CORE_OR_STRUCTURAL_ROUTE,REEXPOSURE_OR_RETRIEVAL,CONTEXTUAL_OR_FUNCTION_BOUND,,NONE,1.44,REQUIRED_SCHEDULE_EDGE_AUDITED,
REC-A1-002849,SEQ-A1-000951,SENSE,SENSE-A1-000591,vídeo,LEX-A1-000582,SENSE-A1-000591,,NEAR_TRANSFER,A1-M08-I03-S4,A1-M08-I04-S2,A1-M08-I03,A1-M08-I04,CORE_OR_STRUCTURAL_ROUTE,TRANSFER_IN_CHANGED_CONTEXT,CONTEXTUAL_OR_FUNCTION_BOUND,,NONE,1.44,REQUIRED_SCHEDULE_EDGE_AUDITED,
REC-A1-002850,SEQ-A1-000951,SENSE,SENSE-A1-000591,vídeo,LEX-A1-000582,SENSE-A1-000591,,TERMINAL_CAPSTONE_RETURN,A1-M08-I04-S2,A1-M08-I04-S3,A1-M08-I04,A1-M08-I04,CORE_OR_STRUCTURAL_ROUTE,DELAYED_RETRIEVAL_OR_TERMINAL_INTEGRATION,CONTEXTUAL_OR_FUNCTION_BOUND,,NONE,1.44,REQUIRED_SCHEDULE_EDGE_AUDITED,"Late-A1 target: capstone return is terminal integration, not claimed as scientifically distant retrieval."
REC-A1-002851,SEQ-A1-000974,GRAMMAR_UNIT,GRAM-A1-083,Que relativo invariable y átono,,,,LOCAL_REUSE,A1-M08-I03-S2,A1-M08-I03-S3,A1-M08-I03,A1-M08-I03,CORE_OR_STRUCTURAL_ROUTE,REEXPOSURE_OR_RETRIEVAL,AS_OBJECT_POLICY_REQUIRES,,NONE,1.44,REQUIRED_SCHEDULE_EDGE_AUDITED,
REC-A1-002852,SEQ-A1-000974,GRAMMAR_UNIT,GRAM-A1-083,Que relativo invariable y átono,,,,NEAR_TRANSFER,A1-M08-I03-S3,A1-M08-I04-S1,A1-M08-I03,A1-M08-I04,CORE_OR_STRUCTURAL_ROUTE,TRANSFER_IN_CHANGED_CONTEXT,AS_OBJECT_POLICY_REQUIRES,,NONE,1.44,REQUIRED_SCHEDULE_EDGE_AUDITED,
REC-A1-002853,SEQ-A1-000974,GRAMMAR_UNIT,GRAM-A1-083,Que relativo invariable y átono,,,,TERMINAL_CAPSTONE_RETURN,A1-M08-I04-S1,A1-M08-I04-S2,A1-M08-I04,A1-M08-I04,CORE_OR_STRUCTURAL_ROUTE,DELAYED_RETRIEVAL_OR_TERMINAL_INTEGRATION,AS_OBJECT_POLICY_REQUIRES,,NONE,1.44,REQUIRED_SCHEDULE_EDGE_AUDITED,"Late-A1 target: capstone return is terminal integration, not claimed as scientifically distant retrieval."
REC-A1-002854,SEQ-A1-000975,GRAMMAR_UNIT,GRAM-A1-084,Que en relativas especificativas con antecedente expreso,,,,LOCAL_REUSE,A1-M08-I03-S2,A1-M08-I03-S4,A1-M08-I03,A1-M08-I03,CORE_OR_STRUCTURAL_ROUTE,REEXPOSURE_OR_RETRIEVAL,AS_OBJECT_POLICY_REQUIRES,,NONE,1.44,REQUIRED_SCHEDULE_EDGE_AUDITED,
REC-A1-002855,SEQ-A1-000975,GRAMMAR_UNIT,GRAM-A1-084,Que en relativas especificativas con antecedente expreso,,,,NEAR_TRANSFER,A1-M08-I03-S4,A1-M08-I04-S1,A1-M08-I03,A1-M08-I04,CORE_OR_STRUCTURAL_ROUTE,TRANSFER_IN_CHANGED_CONTEXT,AS_OBJECT_POLICY_REQUIRES,,NONE,1.44,REQUIRED_SCHEDULE_EDGE_AUDITED,
REC-A1-002856,SEQ-A1-000975,GRAMMAR_UNIT,GRAM-A1-084,Que en relativas especificativas con antecedente expreso,,,,TERMINAL_CAPSTONE_RETURN,A1-M08-I04-S1,A1-M08-I04-S3,A1-M08-I04,A1-M08-I04,CORE_OR_STRUCTURAL_ROUTE,DELAYED_RETRIEVAL_OR_TERMINAL_INTEGRATION,AS_OBJECT_POLICY_REQUIRES,,NONE,1.44,REQUIRED_SCHEDULE_EDGE_AUDITED,"Late-A1 target: capstone return is terminal integration, not claimed as scientifically distant retrieval."
REC-A1-002857,SEQ-A1-000954,GRAMMAR_UNIT,GRAM-A1-158,Relativa especificativa/restrictiva con antecedente expreso,,,,LOCAL_REUSE,A1-M08-I03-S2,A1-M08-I03-S3,A1-M08-I03,A1-M08-I03,CORE_OR_STRUCTURAL_ROUTE,REEXPOSURE_OR_RETRIEVAL,AS_OBJECT_POLICY_REQUIRES,,NONE,1.44,REQUIRED_SCHEDULE_EDGE_AUDITED,
REC-A1-002858,SEQ-A1-000954,GRAMMAR_UNIT,GRAM-A1-158,Relativa especificativa/restrictiva con antecedente expreso,,,,NEAR_TRANSFER,A1-M08-I03-S3,A1-M08-I04-S2,A1-M08-I03,A1-M08-I04,CORE_OR_STRUCTURAL_ROUTE,TRANSFER_IN_CHANGED_CONTEXT,AS_OBJECT_POLICY_REQUIRES,,NONE,1.44,REQUIRED_SCHEDULE_EDGE_AUDITED,
REC-A1-002859,SEQ-A1-000954,GRAMMAR_UNIT,GRAM-A1-158,Relativa especificativa/restrictiva con antecedente expreso,,,,TERMINAL_CAPSTONE_RETURN,A1-M08-I04-S2,A1-M08-I04-S3,A1-M08-I04,A1-M08-I04,CORE_OR_STRUCTURAL_ROUTE,DELAYED_RETRIEVAL_OR_TERMINAL_INTEGRATION,AS_OBJECT_POLICY_REQUIRES,,NONE,1.44,REQUIRED_SCHEDULE_EDGE_AUDITED,"Late-A1 target: capstone return is terminal integration, not claimed as scientifically distant retrieval."
REC-A1-002860,SEQ-A1-000959,MWU_SOURCE_UNIT,12B1-MWU-0065,escribir una carta,,,12B1-MWU-0065,LOCAL_REUSE,A1-M08-I03-S2,A1-M08-I03-S4,A1-M08-I03,A1-M08-I03,CORE_OR_STRUCTURAL_ROUTE,REEXPOSURE_OR_RETRIEVAL,AS_OBJECT_POLICY_REQUIRES,,NONE,1.44,REQUIRED_SCHEDULE_EDGE_AUDITED,
REC-A1-002861,SEQ-A1-000959,MWU_SOURCE_UNIT,12B1-MWU-0065,escribir una carta,,,12B1-MWU-0065,NEAR_TRANSFER,A1-M08-I03-S4,A1-M08-I04-S1,A1-M08-I03,A1-M08-I04,CORE_OR_STRUCTURAL_ROUTE,TRANSFER_IN_CHANGED_CONTEXT,AS_OBJECT_POLICY_REQUIRES,,NONE,1.44,REQUIRED_SCHEDULE_EDGE_AUDITED,
REC-A1-002862,SEQ-A1-000959,MWU_SOURCE_UNIT,12B1-MWU-0065,escribir una carta,,,12B1-MWU-0065,TERMINAL_CAPSTONE_RETURN,A1-M08-I04-S1,A1-M08-I04-S2,A1-M08-I04,A1-M08-I04,CORE_OR_STRUCTURAL_ROUTE,DELAYED_RETRIEVAL_OR_TERMINAL_INTEGRATION,AS_OBJECT_POLICY_REQUIRES,,NONE,1.44,REQUIRED_SCHEDULE_EDGE_AUDITED,"Late-A1 target: capstone return is terminal integration, not claimed as scientifically distant retrieval."
REC-A1-002863,SEQ-A1-000962,MWU_SOURCE_UNIT,12B1-MWU-0069,página web,LEX-A1-000419,SENSE-A1-000427,12B1-MWU-0069,LOCAL_REUSE,A1-M08-I03-S2,A1-M08-I03-S3,A1-M08-I03,A1-M08-I03,CORE_OR_STRUCTURAL_ROUTE,REEXPOSURE_OR_RETRIEVAL,AS_OBJECT_POLICY_REQUIRES,,NONE,1.44,REQUIRED_SCHEDULE_EDGE_AUDITED,
REC-A1-002864,SEQ-A1-000962,MWU_SOURCE_UNIT,12B1-MWU-0069,página web,LEX-A1-000419,SENSE-A1-000427,12B1-MWU-0069,NEAR_TRANSFER,A1-M08-I03-S3,A1-M08-I04-S1,A1-M08-I03,A1-M08-I04,CORE_OR_STRUCTURAL_ROUTE,TRANSFER_IN_CHANGED_CONTEXT,AS_OBJECT_POLICY_REQUIRES,,NONE,1.44,REQUIRED_SCHEDULE_EDGE_AUDITED,
REC-A1-002865,SEQ-A1-000962,MWU_SOURCE_UNIT,12B1-MWU-0069,página web,LEX-A1-000419,SENSE-A1-000427,12B1-MWU-0069,TERMINAL_CAPSTONE_RETURN,A1-M08-I04-S1,A1-M08-I04-S3,A1-M08-I04,A1-M08-I04,CORE_OR_STRUCTURAL_ROUTE,DELAYED_RETRIEVAL_OR_TERMINAL_INTEGRATION,AS_OBJECT_POLICY_REQUIRES,,NONE,1.44,REQUIRED_SCHEDULE_EDGE_AUDITED,"Late-A1 target: capstone return is terminal integration, not claimed as scientifically distant retrieval."
REC-A1-002866,SEQ-A1-000963,MWU_SOURCE_UNIT,12B1-MWU-0130,ir a la iglesia,,,12B1-MWU-0130,LOCAL_REUSE,A1-M08-I03-S2,A1-M08-I03-S4,A1-M08-I03,A1-M08-I03,CORE_OR_STRUCTURAL_ROUTE,REEXPOSURE_OR_RETRIEVAL,AS_OBJECT_POLICY_REQUIRES,,NONE,1.44,REQUIRED_SCHEDULE_EDGE_AUDITED,
REC-A1-002867,SEQ-A1-000963,MWU_SOURCE_UNIT,12B1-MWU-0130,ir a la iglesia,,,12B1-MWU-0130,NEAR_TRANSFER,A1-M08-I03-S4,A1-M08-I04-S2,A1-M08-I03,A1-M08-I04,CORE_OR_STRUCTURAL_ROUTE,TRANSFER_IN_CHANGED_CONTEXT,AS_OBJECT_POLICY_REQUIRES,,NONE,1.44,REQUIRED_SCHEDULE_EDGE_AUDITED,
REC-A1-002868,SEQ-A1-000963,MWU_SOURCE_UNIT,12B1-MWU-0130,ir a la iglesia,,,12B1-MWU-0130,TERMINAL_CAPSTONE_RETURN,A1-M08-I04-S2,A1-M08-I04-S3,A1-M08-I04,A1-M08-I04,CORE_OR_STRUCTURAL_ROUTE,DELAYED_RETRIEVAL_OR_TERMINAL_INTEGRATION,AS_OBJECT_POLICY_REQUIRES,,NONE,1.44,REQUIRED_SCHEDULE_EDGE_AUDITED,"Late-A1 target: capstone return is terminal integration, not claimed as scientifically distant retrieval."
REC-A1-002869,SEQ-A1-000920,SENSE,SENSE-A1-000084,budista,LEX-A1-000083,SENSE-A1-000084,,LOCAL_REUSE,A1-M08-I03-S2,A1-M08-I03-S3,A1-M08-I03,A1-M08-I03,CORE_OR_STRUCTURAL_ROUTE,REEXPOSURE_OR_RETRIEVAL,CONTEXTUAL_OR_FUNCTION_BOUND,,NONE,1.44,REQUIRED_SCHEDULE_EDGE_AUDITED,
REC-A1-002870,SEQ-A1-000920,SENSE,SENSE-A1-000084,budista,LEX-A1-000083,SENSE-A1-000084,,NEAR_TRANSFER,A1-M08-I03-S3,A1-M08-I04-S1,A1-M08-I03,A1-M08-I04,CORE_OR_STRUCTURAL_ROUTE,TRANSFER_IN_CHANGED_CONTEXT,CONTEXTUAL_OR_FUNCTION_BOUND,,NONE,1.44,REQUIRED_SCHEDULE_EDGE_AUDITED,
REC-A1-002871,SEQ-A1-000920,SENSE,SENSE-A1-000084,budista,LEX-A1-000083,SENSE-A1-000084,,TERMINAL_CAPSTONE_RETURN,A1-M08-I04-S1,A1-M08-I04-S2,A1-M08-I04,A1-M08-I04,CORE_OR_STRUCTURAL_ROUTE,DELAYED_RETRIEVAL_OR_TERMINAL_INTEGRATION,CONTEXTUAL_OR_FUNCTION_BOUND,,NONE,1.44,REQUIRED_SCHEDULE_EDGE_AUDITED,"Late-A1 target: capstone return is terminal integration, not claimed as scientifically distant retrieval."
REC-A1-002872,SEQ-A1-000923,SENSE,SENSE-A1-000162,correo,LEX-A1-000160,SENSE-A1-000162,,LOCAL_REUSE,A1-M08-I03-S2,A1-M08-I03-S4,A1-M08-I03,A1-M08-I03,CORE_OR_STRUCTURAL_ROUTE,REEXPOSURE_OR_RETRIEVAL,CONTEXTUAL_OR_FUNCTION_BOUND,,NONE,1.44,REQUIRED_SCHEDULE_EDGE_AUDITED,
REC-A1-002873,SEQ-A1-000923,SENSE,SENSE-A1-000162,correo,LEX-A1-000160,SENSE-A1-000162,,NEAR_TRANSFER,A1-M08-I03-S4,A1-M08-I04-S1,A1-M08-I03,A1-M08-I04,CORE_OR_STRUCTURAL_ROUTE,TRANSFER_IN_CHANGED_CONTEXT,CONTEXTUAL_OR_FUNCTION_BOUND,,NONE,1.44,REQUIRED_SCHEDULE_EDGE_AUDITED,
REC-A1-002874,SEQ-A1-000923,SENSE,SENSE-A1-000162,correo,LEX-A1-000160,SENSE-A1-000162,,TERMINAL_CAPSTONE_RETURN,A1-M08-I04-S1,A1-M08-I04-S3,A1-M08-I04,A1-M08-I04,CORE_OR_STRUCTURAL_ROUTE,DELAYED_RETRIEVAL_OR_TERMINAL_INTEGRATION,CONTEXTUAL_OR_FUNCTION_BOUND,,NONE,1.44,REQUIRED_SCHEDULE_EDGE_AUDITED,"Late-A1 target: capstone return is terminal integration, not claimed as scientifically distant retrieval."
REC-A1-002875,SEQ-A1-000926,SENSE,SENSE-A1-000170,cristiano,LEX-A1-000168,SENSE-A1-000170,,LOCAL_REUSE,A1-M08-I03-S2,A1-M08-I03-S3,A1-M08-I03,A1-M08-I03,CORE_OR_STRUCTURAL_ROUTE,REEXPOSURE_OR_RETRIEVAL,CONTEXTUAL_OR_FUNCTION_BOUND,,NONE,1.44,REQUIRED_SCHEDULE_EDGE_AUDITED,
REC-A1-002876,SEQ-A1-000926,SENSE,SENSE-A1-000170,cristiano,LEX-A1-000168,SENSE-A1-000170,,NEAR_TRANSFER,A1-M08-I03-S3,A1-M08-I04-S2,A1-M08-I03,A1-M08-I04,CORE_OR_STRUCTURAL_ROUTE,TRANSFER_IN_CHANGED_CONTEXT,CONTEXTUAL_OR_FUNCTION_BOUND,,NONE,1.44,REQUIRED_SCHEDULE_EDGE_AUDITED,
REC-A1-002877,SEQ-A1-000926,SENSE,SENSE-A1-000170,cristiano,LEX-A1-000168,SENSE-A1-000170,,TERMINAL_CAPSTONE_RETURN,A1-M08-I04-S2,A1-M08-I04-S3,A1-M08-I04,A1-M08-I04,CORE_OR_STRUCTURAL_ROUTE,DELAYED_RETRIEVAL_OR_TERMINAL_INTEGRATION,CONTEXTUAL_OR_FUNCTION_BOUND,,NONE,1.44,REQUIRED_SCHEDULE_EDGE_AUDITED,"Late-A1 target: capstone return is terminal integration, not claimed as scientifically distant retrieval."
REC-A1-002878,SEQ-A1-000929,SENSE,SENSE-A1-000254,fax,LEX-A1-000250,SENSE-A1-000254,,LOCAL_REUSE,A1-M08-I03-S2,A1-M08-I03-S4,A1-M08-I03,A1-M08-I03,CORE_OR_STRUCTURAL_ROUTE,REEXPOSURE_OR_RETRIEVAL,CONTEXTUAL_OR_FUNCTION_BOUND,,NONE,1.44,REQUIRED_SCHEDULE_EDGE_AUDITED,
REC-A1-002879,SEQ-A1-000929,SENSE,SENSE-A1-000254,fax,LEX-A1-000250,SENSE-A1-000254,,NEAR_TRANSFER,A1-M08-I03-S4,A1-M08-I04-S1,A1-M08-I03,A1-M08-I04,CORE_OR_STRUCTURAL_ROUTE,TRANSFER_IN_CHANGED_CONTEXT,CONTEXTUAL_OR_FUNCTION_BOUND,,NONE,1.44,REQUIRED_SCHEDULE_EDGE_AUDITED,
REC-A1-002880,SEQ-A1-000929,SENSE,SENSE-A1-000254,fax,LEX-A1-000250,SENSE-A1-000254,,TERMINAL_CAPSTONE_RETURN,A1-M08-I04-S1,A1-M08-I04-S2,A1-M08-I04,A1-M08-I04,CORE_OR_STRUCTURAL_ROUTE,DELAYED_RETRIEVAL_OR_TERMINAL_INTEGRATION,CONTEXTUAL_OR_FUNCTION_BOUND,,NONE,1.44,REQUIRED_SCHEDULE_EDGE_AUDITED,"Late-A1 target: capstone return is terminal integration, not claimed as scientifically distant retrieval."
REC-A1-002881,SEQ-A1-000932,SENSE,SENSE-A1-000281,guión bajo,LEX-A1-000276,SENSE-A1-000281,,LOCAL_REUSE,A1-M08-I03-S2,A1-M08-I03-S3,A1-M08-I03,A1-M08-I03,CORE_OR_STRUCTURAL_ROUTE,REEXPOSURE_OR_RETRIEVAL,CONTEXTUAL_OR_FUNCTION_BOUND,,NONE,1.44,REQUIRED_SCHEDULE_EDGE_AUDITED,
REC-A1-002882,SEQ-A1-000932,SENSE,SENSE-A1-000281,guión bajo,LEX-A1-000276,SENSE-A1-000281,,NEAR_TRANSFER,A1-M08-I03-S3,A1-M08-I04-S1,A1-M08-I03,A1-M08-I04,CORE_OR_STRUCTURAL_ROUTE,TRANSFER_IN_CHANGED_CONTEXT,CONTEXTUAL_OR_FUNCTION_BOUND,,NONE,1.44,REQUIRED_SCHEDULE_EDGE_AUDITED,
REC-A1-002883,SEQ-A1-000932,SENSE,SENSE-A1-000281,guión bajo,LEX-A1-000276,SENSE-A1-000281,,TERMINAL_CAPSTONE_RETURN,A1-M08-I04-S1,A1-M08-I04-S3,A1-M08-I04,A1-M08-I04,CORE_OR_STRUCTURAL_ROUTE,DELAYED_RETRIEVAL_OR_TERMINAL_INTEGRATION,CONTEXTUAL_OR_FUNCTION_BOUND,,NONE,1.44,REQUIRED_SCHEDULE_EDGE_AUDITED,"Late-A1 target: capstone return is terminal integration, not claimed as scientifically distant retrieval."
REC-A1-002884,SEQ-A1-000935,SENSE,SENSE-A1-000322,judío,LEX-A1-000316,SENSE-A1-000322,,LOCAL_REUSE,A1-M08-I03-S2,A1-M08-I03-S4,A1-M08-I03,A1-M08-I03,CORE_OR_STRUCTURAL_ROUTE,REEXPOSURE_OR_RETRIEVAL,CONTEXTUAL_OR_FUNCTION_BOUND,,NONE,1.44,REQUIRED_SCHEDULE_EDGE_AUDITED,
REC-A1-002885,SEQ-A1-000935,SENSE,SENSE-A1-000322,judío,LEX-A1-000316,SENSE-A1-000322,,NEAR_TRANSFER,A1-M08-I03-S4,A1-M08-I04-S2,A1-M08-I03,A1-M08-I04,CORE_OR_STRUCTURAL_ROUTE,TRANSFER_IN_CHANGED_CONTEXT,CONTEXTUAL_OR_FUNCTION_BOUND,,NONE,1.44,REQUIRED_SCHEDULE_EDGE_AUDITED,
REC-A1-002886,SEQ-A1-000935,SENSE,SENSE-A1-000322,judío,LEX-A1-000316,SENSE-A1-000322,,TERMINAL_CAPSTONE_RETURN,A1-M08-I04-S2,A1-M08-I04-S3,A1-M08-I04,A1-M08-I04,CORE_OR_STRUCTURAL_ROUTE,DELAYED_RETRIEVAL_OR_TERMINAL_INTEGRATION,CONTEXTUAL_OR_FUNCTION_BOUND,,NONE,1.44,REQUIRED_SCHEDULE_EDGE_AUDITED,"Late-A1 target: capstone return is terminal integration, not claimed as scientifically distant retrieval."
REC-A1-002887,SEQ-A1-000938,SENSE,SENSE-A1-000375,mezquita,LEX-A1-000369,SENSE-A1-000375,,LOCAL_REUSE,A1-M08-I03-S2,A1-M08-I03-S3,A1-M08-I03,A1-M08-I03,CORE_OR_STRUCTURAL_ROUTE,REEXPOSURE_OR_RETRIEVAL,CONTEXTUAL_OR_FUNCTION_BOUND,,NONE,1.44,REQUIRED_SCHEDULE_EDGE_AUDITED,
REC-A1-002888,SEQ-A1-000938,SENSE,SENSE-A1-000375,mezquita,LEX-A1-000369,SENSE-A1-000375,,NEAR_TRANSFER,A1-M08-I03-S3,A1-M08-I04-S1,A1-M08-I03,A1-M08-I04,CORE_OR_STRUCTURAL_ROUTE,TRANSFER_IN_CHANGED_CONTEXT,CONTEXTUAL_OR_FUNCTION_BOUND,,NONE,1.44,REQUIRED_SCHEDULE_EDGE_AUDITED,
REC-A1-002889,SEQ-A1-000938,SENSE,SENSE-A1-000375,mezquita,LEX-A1-000369,SENSE-A1-000375,,TERMINAL_CAPSTONE_RETURN,A1-M08-I04-S1,A1-M08-I04-S2,A1-M08-I04,A1-M08-I04,CORE_OR_STRUCTURAL_ROUTE,DELAYED_RETRIEVAL_OR_TERMINAL_INTEGRATION,CONTEXTUAL_OR_FUNCTION_BOUND,,NONE,1.44,REQUIRED_SCHEDULE_EDGE_AUDITED,"Late-A1 target: capstone return is terminal integration, not claimed as scientifically distant retrieval."
REC-A1-002890,SEQ-A1-000941,SENSE,SENSE-A1-000390,musulmán,LEX-A1-000383,SENSE-A1-000390,,LOCAL_REUSE,A1-M08-I03-S2,A1-M08-I03-S4,A1-M08-I03,A1-M08-I03,CORE_OR_STRUCTURAL_ROUTE,REEXPOSURE_OR_RETRIEVAL,CONTEXTUAL_OR_FUNCTION_BOUND,,NONE,1.44,REQUIRED_SCHEDULE_EDGE_AUDITED,
REC-A1-002891,SEQ-A1-000941,SENSE,SENSE-A1-000390,musulmán,LEX-A1-000383,SENSE-A1-000390,,NEAR_TRANSFER,A1-M08-I03-S4,A1-M08-I04-S1,A1-M08-I03,A1-M08-I04,CORE_OR_STRUCTURAL_ROUTE,TRANSFER_IN_CHANGED_CONTEXT,CONTEXTUAL_OR_FUNCTION_BOUND,,NONE,1.44,REQUIRED_SCHEDULE_EDGE_AUDITED,
REC-A1-002892,SEQ-A1-000941,SENSE,SENSE-A1-000390,musulmán,LEX-A1-000383,SENSE-A1-000390,,TERMINAL_CAPSTONE_RETURN,A1-M08-I04-S1,A1-M08-I04-S3,A1-M08-I04,A1-M08-I04,CORE_OR_STRUCTURAL_ROUTE,DELAYED_RETRIEVAL_OR_TERMINAL_INTEGRATION,CONTEXTUAL_OR_FUNCTION_BOUND,,NONE,1.44,REQUIRED_SCHEDULE_EDGE_AUDITED,"Late-A1 target: capstone return is terminal integration, not claimed as scientifically distant retrieval."
REC-A1-002893,SEQ-A1-000944,SENSE,SENSE-A1-000427,página web,LEX-A1-000419,SENSE-A1-000427,,LOCAL_REUSE,A1-M08-I03-S2,A1-M08-I03-S3,A1-M08-I03,A1-M08-I03,CORE_OR_STRUCTURAL_ROUTE,REEXPOSURE_OR_RETRIEVAL,CONTEXTUAL_OR_FUNCTION_BOUND,,NONE,1.44,REQUIRED_SCHEDULE_EDGE_AUDITED,
REC-A1-002894,SEQ-A1-000944,SENSE,SENSE-A1-000427,página web,LEX-A1-000419,SENSE-A1-000427,,NEAR_TRANSFER,A1-M08-I03-S3,A1-M08-I04-S2,A1-M08-I03,A1-M08-I04,CORE_OR_STRUCTURAL_ROUTE,TRANSFER_IN_CHANGED_CONTEXT,CONTEXTUAL_OR_FUNCTION_BOUND,,NONE,1.44,REQUIRED_SCHEDULE_EDGE_AUDITED,
REC-A1-002895,SEQ-A1-000944,SENSE,SENSE-A1-000427,página web,LEX-A1-000419,SENSE-A1-000427,,TERMINAL_CAPSTONE_RETURN,A1-M08-I04-S2,A1-M08-I04-S3,A1-M08-I04,A1-M08-I04,CORE_OR_STRUCTURAL_ROUTE,DELAYED_RETRIEVAL_OR_TERMINAL_INTEGRATION,CONTEXTUAL_OR_FUNCTION_BOUND,,NONE,1.44,REQUIRED_SCHEDULE_EDGE_AUDITED,"Late-A1 target: capstone return is terminal integration, not claimed as scientifically distant retrieval."
REC-A1-002896,SEQ-A1-000946,SENSE,SENSE-A1-000469,presidente,LEX-A1-000461,SENSE-A1-000469,,LOCAL_REUSE,A1-M08-I03-S2,A1-M08-I03-S4,A1-M08-I03,A1-M08-I03,CORE_OR_STRUCTURAL_ROUTE,REEXPOSURE_OR_RETRIEVAL,CONTEXTUAL_OR_FUNCTION_BOUND,,NONE,1.44,REQUIRED_SCHEDULE_EDGE_AUDITED,
REC-A1-002897,SEQ-A1-000946,SENSE,SENSE-A1-000469,presidente,LEX-A1-000461,SENSE-A1-000469,,NEAR_TRANSFER,A1-M08-I03-S4,A1-M08-I04-S1,A1-M08-I03,A1-M08-I04,CORE_OR_STRUCTURAL_ROUTE,TRANSFER_IN_CHANGED_CONTEXT,CONTEXTUAL_OR_FUNCTION_BOUND,,NONE,1.44,REQUIRED_SCHEDULE_EDGE_AUDITED,
REC-A1-002898,SEQ-A1-000946,SENSE,SENSE-A1-000469,presidente,LEX-A1-000461,SENSE-A1-000469,,TERMINAL_CAPSTONE_RETURN,A1-M08-I04-S1,A1-M08-I04-S2,A1-M08-I04,A1-M08-I04,CORE_OR_STRUCTURAL_ROUTE,DELAYED_RETRIEVAL_OR_TERMINAL_INTEGRATION,CONTEXTUAL_OR_FUNCTION_BOUND,,NONE,1.44,REQUIRED_SCHEDULE_EDGE_AUDITED,"Late-A1 target: capstone return is terminal integration, not claimed as scientifically distant retrieval."
REC-A1-002899,SEQ-A1-000949,SENSE,SENSE-A1-000500,rey,LEX-A1-000491,SENSE-A1-000500,,LOCAL_REUSE,A1-M08-I03-S2,A1-M08-I03-S3,A1-M08-I03,A1-M08-I03,CORE_OR_STRUCTURAL_ROUTE,REEXPOSURE_OR_RETRIEVAL,CONTEXTUAL_OR_FUNCTION_BOUND,,NONE,1.44,REQUIRED_SCHEDULE_EDGE_AUDITED,
REC-A1-002900,SEQ-A1-000949,SENSE,SENSE-A1-000500,rey,LEX-A1-000491,SENSE-A1-000500,,NEAR_TRANSFER,A1-M08-I03-S3,A1-M08-I04-S1,A1-M08-I03,A1-M08-I04,CORE_OR_STRUCTURAL_ROUTE,TRANSFER_IN_CHANGED_CONTEXT,CONTEXTUAL_OR_FUNCTION_BOUND,,NONE,1.44,REQUIRED_SCHEDULE_EDGE_AUDITED,
REC-A1-002901,SEQ-A1-000949,SENSE,SENSE-A1-000500,rey,LEX-A1-000491,SENSE-A1-000500,,TERMINAL_CAPSTONE_RETURN,A1-M08-I04-S1,A1-M08-I04-S3,A1-M08-I04,A1-M08-I04,CORE_OR_STRUCTURAL_ROUTE,DELAYED_RETRIEVAL_OR_TERMINAL_INTEGRATION,CONTEXTUAL_OR_FUNCTION_BOUND,,NONE,1.44,REQUIRED_SCHEDULE_EDGE_AUDITED,"Late-A1 target: capstone return is terminal integration, not claimed as scientifically distant retrieval."
REC-A1-002902,SEQ-A1-000952,SENSE,SENSE-A1-000605,web,LEX-A1-000596,SENSE-A1-000605,,LOCAL_REUSE,A1-M08-I03-S2,A1-M08-I03-S4,A1-M08-I03,A1-M08-I03,CORE_OR_STRUCTURAL_ROUTE,REEXPOSURE_OR_RETRIEVAL,CONTEXTUAL_OR_FUNCTION_BOUND,,NONE,1.44,REQUIRED_SCHEDULE_EDGE_AUDITED,
REC-A1-002903,SEQ-A1-000952,SENSE,SENSE-A1-000605,web,LEX-A1-000596,SENSE-A1-000605,,NEAR_TRANSFER,A1-M08-I03-S4,A1-M08-I04-S2,A1-M08-I03,A1-M08-I04,CORE_OR_STRUCTURAL_ROUTE,TRANSFER_IN_CHANGED_CONTEXT,CONTEXTUAL_OR_FUNCTION_BOUND,,NONE,1.44,REQUIRED_SCHEDULE_EDGE_AUDITED,
REC-A1-002904,SEQ-A1-000952,SENSE,SENSE-A1-000605,web,LEX-A1-000596,SENSE-A1-000605,,TERMINAL_CAPSTONE_RETURN,A1-M08-I04-S2,A1-M08-I04-S3,A1-M08-I04,A1-M08-I04,CORE_OR_STRUCTURAL_ROUTE,DELAYED_RETRIEVAL_OR_TERMINAL_INTEGRATION,CONTEXTUAL_OR_FUNCTION_BOUND,,NONE,1.44,REQUIRED_SCHEDULE_EDGE_AUDITED,"Late-A1 target: capstone return is terminal integration, not claimed as scientifically distant retrieval."
REC-A1-002905,SEQ-A1-000977,GRAMMAR_UNIT,GRAM-A1-086,Que relativo como sujeto u OD,,,,LOCAL_REUSE,A1-M08-I03-S3,A1-M08-I03-S4,A1-M08-I03,A1-M08-I03,CORE_OR_STRUCTURAL_ROUTE,REEXPOSURE_OR_RETRIEVAL,AS_OBJECT_POLICY_REQUIRES,,NONE,1.44,REQUIRED_SCHEDULE_EDGE_AUDITED,
REC-A1-002906,SEQ-A1-000977,GRAMMAR_UNIT,GRAM-A1-086,Que relativo como sujeto u OD,,,,NEAR_TRANSFER,A1-M08-I03-S4,A1-M08-I04-S1,A1-M08-I03,A1-M08-I04,CORE_OR_STRUCTURAL_ROUTE,TRANSFER_IN_CHANGED_CONTEXT,AS_OBJECT_POLICY_REQUIRES,,NONE,1.44,REQUIRED_SCHEDULE_EDGE_AUDITED,
REC-A1-002907,SEQ-A1-000977,GRAMMAR_UNIT,GRAM-A1-086,Que relativo como sujeto u OD,,,,TERMINAL_CAPSTONE_RETURN,A1-M08-I04-S1,A1-M08-I04-S2,A1-M08-I04,A1-M08-I04,CORE_OR_STRUCTURAL_ROUTE,DELAYED_RETRIEVAL_OR_TERMINAL_INTEGRATION,AS_OBJECT_POLICY_REQUIRES,,NONE,1.44,REQUIRED_SCHEDULE_EDGE_AUDITED,"Late-A1 target: capstone return is terminal integration, not claimed as scientifically distant retrieval."
REC-A1-002908,SEQ-A1-000956,GRAMMAR_UNIT,GRAM-A1-160,Relativa A1 en presente de indicativo,,,,LOCAL_REUSE,A1-M08-I03-S3,A1-M08-I03-S4,A1-M08-I03,A1-M08-I03,CORE_OR_STRUCTURAL_ROUTE,REEXPOSURE_OR_RETRIEVAL,AS_OBJECT_POLICY_REQUIRES,,NONE,1.44,REQUIRED_SCHEDULE_EDGE_AUDITED,
REC-A1-002909,SEQ-A1-000956,GRAMMAR_UNIT,GRAM-A1-160,Relativa A1 en presente de indicativo,,,,NEAR_TRANSFER,A1-M08-I03-S4,A1-M08-I04-S1,A1-M08-I03,A1-M08-I04,CORE_OR_STRUCTURAL_ROUTE,TRANSFER_IN_CHANGED_CONTEXT,AS_OBJECT_POLICY_REQUIRES,,NONE,1.44,REQUIRED_SCHEDULE_EDGE_AUDITED,
REC-A1-002910,SEQ-A1-000956,GRAMMAR_UNIT,GRAM-A1-160,Relativa A1 en presente de indicativo,,,,TERMINAL_CAPSTONE_RETURN,A1-M08-I04-S1,A1-M08-I04-S3,A1-M08-I04,A1-M08-I04,CORE_OR_STRUCTURAL_ROUTE,DELAYED_RETRIEVAL_OR_TERMINAL_INTEGRATION,AS_OBJECT_POLICY_REQUIRES,,NONE,1.44,REQUIRED_SCHEDULE_EDGE_AUDITED,"Late-A1 target: capstone return is terminal integration, not claimed as scientifically distant retrieval."
REC-A1-002911,SEQ-A1-000957,MWU_SOURCE_UNIT,12B1-MWU-0003,correo electrónico,LEX-A1-000161,SENSE-A1-000163,12B1-MWU-0003,LOCAL_REUSE,A1-M08-I03-S3,A1-M08-I03-S4,A1-M08-I03,A1-M08-I03,CORE_OR_STRUCTURAL_ROUTE,REEXPOSURE_OR_RETRIEVAL,AS_OBJECT_POLICY_REQUIRES,,NONE,1.44,REQUIRED_SCHEDULE_EDGE_AUDITED,
REC-A1-002912,SEQ-A1-000957,MWU_SOURCE_UNIT,12B1-MWU-0003,correo electrónico,LEX-A1-000161,SENSE-A1-000163,12B1-MWU-0003,NEAR_TRANSFER,A1-M08-I03-S4,A1-M08-I04-S2,A1-M08-I03,A1-M08-I04,CORE_OR_STRUCTURAL_ROUTE,TRANSFER_IN_CHANGED_CONTEXT,AS_OBJECT_POLICY_REQUIRES,,NONE,1.44,REQUIRED_SCHEDULE_EDGE_AUDITED,
REC-A1-002913,SEQ-A1-000957,MWU_SOURCE_UNIT,12B1-MWU-0003,correo electrónico,LEX-A1-000161,SENSE-A1-000163,12B1-MWU-0003,TERMINAL_CAPSTONE_RETURN,A1-M08-I04-S2,A1-M08-I04-S3,A1-M08-I04,A1-M08-I04,CORE_OR_STRUCTURAL_ROUTE,DELAYED_RETRIEVAL_OR_TERMINAL_INTEGRATION,AS_OBJECT_POLICY_REQUIRES,,NONE,1.44,REQUIRED_SCHEDULE_EDGE_AUDITED,"Late-A1 target: capstone return is terminal integration, not claimed as scientifically distant retrieval."
REC-A1-002914,SEQ-A1-000960,MWU_SOURCE_UNIT,12B1-MWU-0066,escribir una postal,,,12B1-MWU-0066,LOCAL_REUSE,A1-M08-I03-S3,A1-M08-I03-S4,A1-M08-I03,A1-M08-I03,CORE_OR_STRUCTURAL_ROUTE,REEXPOSURE_OR_RETRIEVAL,AS_OBJECT_POLICY_REQUIRES,,NONE,1.44,REQUIRED_SCHEDULE_EDGE_AUDITED,
REC-A1-002915,SEQ-A1-000960,MWU_SOURCE_UNIT,12B1-MWU-0066,escribir una postal,,,12B1-MWU-0066,NEAR_TRANSFER,A1-M08-I03-S4,A1-M08-I04-S1,A1-M08-I03,A1-M08-I04,CORE_OR_STRUCTURAL_ROUTE,TRANSFER_IN_CHANGED_CONTEXT,AS_OBJECT_POLICY_REQUIRES,,NONE,1.44,REQUIRED_SCHEDULE_EDGE_AUDITED,
REC-A1-002916,SEQ-A1-000960,MWU_SOURCE_UNIT,12B1-MWU-0066,escribir una postal,,,12B1-MWU-0066,TERMINAL_CAPSTONE_RETURN,A1-M08-I04-S1,A1-M08-I04-S2,A1-M08-I04,A1-M08-I04,CORE_OR_STRUCTURAL_ROUTE,DELAYED_RETRIEVAL_OR_TERMINAL_INTEGRATION,AS_OBJECT_POLICY_REQUIRES,,NONE,1.44,REQUIRED_SCHEDULE_EDGE_AUDITED,"Late-A1 target: capstone return is terminal integration, not claimed as scientifically distant retrieval."
REC-A1-002917,SEQ-A1-000964,MWU_SOURCE_UNIT,12B1-MWU-0131,ir a la mezquita,,,12B1-MWU-0131,LOCAL_REUSE,A1-M08-I03-S3,A1-M08-I03-S4,A1-M08-I03,A1-M08-I03,CORE_OR_STRUCTURAL_ROUTE,REEXPOSURE_OR_RETRIEVAL,AS_OBJECT_POLICY_REQUIRES,,NONE,1.44,REQUIRED_SCHEDULE_EDGE_AUDITED,
REC-A1-002918,SEQ-A1-000964,MWU_SOURCE_UNIT,12B1-MWU-0131,ir a la mezquita,,,12B1-MWU-0131,NEAR_TRANSFER,A1-M08-I03-S4,A1-M08-I04-S1,A1-M08-I03,A1-M08-I04,CORE_OR_STRUCTURAL_ROUTE,TRANSFER_IN_CHANGED_CONTEXT,AS_OBJECT_POLICY_REQUIRES,,NONE,1.44,REQUIRED_SCHEDULE_EDGE_AUDITED,
REC-A1-002919,SEQ-A1-000964,MWU_SOURCE_UNIT,12B1-MWU-0131,ir a la mezquita,,,12B1-MWU-0131,TERMINAL_CAPSTONE_RETURN,A1-M08-I04-S1,A1-M08-I04-S3,A1-M08-I04,A1-M08-I04,CORE_OR_STRUCTURAL_ROUTE,DELAYED_RETRIEVAL_OR_TERMINAL_INTEGRATION,AS_OBJECT_POLICY_REQUIRES,,NONE,1.44,REQUIRED_SCHEDULE_EDGE_AUDITED,"Late-A1 target: capstone return is terminal integration, not claimed as scientifically distant retrieval."
REC-A1-002920,SEQ-A1-000918,SENSE,SENSE-A1-000052,arroba,LEX-A1-000052,SENSE-A1-000052,,LOCAL_REUSE,A1-M08-I03-S3,A1-M08-I03-S4,A1-M08-I03,A1-M08-I03,CORE_OR_STRUCTURAL_ROUTE,REEXPOSURE_OR_RETRIEVAL,CONTEXTUAL_OR_FUNCTION_BOUND,,NONE,1.44,REQUIRED_SCHEDULE_EDGE_AUDITED,
REC-A1-002921,SEQ-A1-000918,SENSE,SENSE-A1-000052,arroba,LEX-A1-000052,SENSE-A1-000052,,NEAR_TRANSFER,A1-M08-I03-S4,A1-M08-I04-S2,A1-M08-I03,A1-M08-I04,CORE_OR_STRUCTURAL_ROUTE,TRANSFER_IN_CHANGED_CONTEXT,CONTEXTUAL_OR_FUNCTION_BOUND,,NONE,1.44,REQUIRED_SCHEDULE_EDGE_AUDITED,
REC-A1-002922,SEQ-A1-000918,SENSE,SENSE-A1-000052,arroba,LEX-A1-000052,SENSE-A1-000052,,TERMINAL_CAPSTONE_RETURN,A1-M08-I04-S2,A1-M08-I04-S3,A1-M08-I04,A1-M08-I04,CORE_OR_STRUCTURAL_ROUTE,DELAYED_RETRIEVAL_OR_TERMINAL_INTEGRATION,CONTEXTUAL_OR_FUNCTION_BOUND,,NONE,1.44,REQUIRED_SCHEDULE_EDGE_AUDITED,"Late-A1 target: capstone return is terminal integration, not claimed as scientifically distant retrieval."
REC-A1-002923,SEQ-A1-000921,SENSE,SENSE-A1-000115,carta,LEX-A1-000113,SENSE-A1-000115,,LOCAL_REUSE,A1-M08-I03-S3,A1-M08-I03-S4,A1-M08-I03,A1-M08-I03,CORE_OR_STRUCTURAL_ROUTE,REEXPOSURE_OR_RETRIEVAL,CONTEXTUAL_OR_FUNCTION_BOUND,,NONE,1.44,REQUIRED_SCHEDULE_EDGE_AUDITED,
REC-A1-002924,SEQ-A1-000921,SENSE,SENSE-A1-000115,carta,LEX-A1-000113,SENSE-A1-000115,,NEAR_TRANSFER,A1-M08-I03-S4,A1-M08-I04-S1,A1-M08-I03,A1-M08-I04,CORE_OR_STRUCTURAL_ROUTE,TRANSFER_IN_CHANGED_CONTEXT,CONTEXTUAL_OR_FUNCTION_BOUND,,NONE,1.44,REQUIRED_SCHEDULE_EDGE_AUDITED,
REC-A1-002925,SEQ-A1-000921,SENSE,SENSE-A1-000115,carta,LEX-A1-000113,SENSE-A1-000115,,TERMINAL_CAPSTONE_RETURN,A1-M08-I04-S1,A1-M08-I04-S2,A1-M08-I04,A1-M08-I04,CORE_OR_STRUCTURAL_ROUTE,DELAYED_RETRIEVAL_OR_TERMINAL_INTEGRATION,CONTEXTUAL_OR_FUNCTION_BOUND,,NONE,1.44,REQUIRED_SCHEDULE_EDGE_AUDITED,"Late-A1 target: capstone return is terminal integration, not claimed as scientifically distant retrieval."
REC-A1-002926,SEQ-A1-000924,SENSE,SENSE-A1-000163,correo electrónico,LEX-A1-000161,SENSE-A1-000163,,LOCAL_REUSE,A1-M08-I03-S3,A1-M08-I03-S4,A1-M08-I03,A1-M08-I03,CORE_OR_STRUCTURAL_ROUTE,REEXPOSURE_OR_RETRIEVAL,CONTEXTUAL_OR_FUNCTION_BOUND,,NONE,1.44,REQUIRED_SCHEDULE_EDGE_AUDITED,
REC-A1-002927,SEQ-A1-000924,SENSE,SENSE-A1-000163,correo electrónico,LEX-A1-000161,SENSE-A1-000163,,NEAR_TRANSFER,A1-M08-I03-S4,A1-M08-I04-S1,A1-M08-I03,A1-M08-I04,CORE_OR_STRUCTURAL_ROUTE,TRANSFER_IN_CHANGED_CONTEXT,CONTEXTUAL_OR_FUNCTION_BOUND,,NONE,1.44,REQUIRED_SCHEDULE_EDGE_AUDITED,
REC-A1-002928,SEQ-A1-000924,SENSE,SENSE-A1-000163,correo electrónico,LEX-A1-000161,SENSE-A1-000163,,TERMINAL_CAPSTONE_RETURN,A1-M08-I04-S1,A1-M08-I04-S3,A1-M08-I04,A1-M08-I04,CORE_OR_STRUCTURAL_ROUTE,DELAYED_RETRIEVAL_OR_TERMINAL_INTEGRATION,CONTEXTUAL_OR_FUNCTION_BOUND,,NONE,1.44,REQUIRED_SCHEDULE_EDGE_AUDITED,"Late-A1 target: capstone return is terminal integration, not claimed as scientifically distant retrieval."
REC-A1-002929,SEQ-A1-000927,SENSE,SENSE-A1-000205,DVD,LEX-A1-000201,SENSE-A1-000205,,LOCAL_REUSE,A1-M08-I03-S3,A1-M08-I03-S4,A1-M08-I03,A1-M08-I03,CORE_OR_STRUCTURAL_ROUTE,REEXPOSURE_OR_RETRIEVAL,CONTEXTUAL_OR_FUNCTION_BOUND,,NONE,1.44,REQUIRED_SCHEDULE_EDGE_AUDITED,
REC-A1-002930,SEQ-A1-000927,SENSE,SENSE-A1-000205,DVD,LEX-A1-000201,SENSE-A1-000205,,NEAR_TRANSFER,A1-M08-I03-S4,A1-M08-I04-S2,A1-M08-I03,A1-M08-I04,CORE_OR_STRUCTURAL_ROUTE,TRANSFER_IN_CHANGED_CONTEXT,CONTEXTUAL_OR_FUNCTION_BOUND,,NONE,1.44,REQUIRED_SCHEDULE_EDGE_AUDITED,
REC-A1-002931,SEQ-A1-000927,SENSE,SENSE-A1-000205,DVD,LEX-A1-000201,SENSE-A1-000205,,TERMINAL_CAPSTONE_RETURN,A1-M08-I04-S2,A1-M08-I04-S3,A1-M08-I04,A1-M08-I04,CORE_OR_STRUCTURAL_ROUTE,DELAYED_RETRIEVAL_OR_TERMINAL_INTEGRATION,CONTEXTUAL_OR_FUNCTION_BOUND,,NONE,1.44,REQUIRED_SCHEDULE_EDGE_AUDITED,"Late-A1 target: capstone return is terminal integration, not claimed as scientifically distant retrieval."
REC-A1-002932,SEQ-A1-000930,SENSE,SENSE-A1-000262,foto,LEX-A1-000258,SENSE-A1-000262,,LOCAL_REUSE,A1-M08-I03-S3,A1-M08-I03-S4,A1-M08-I03,A1-M08-I03,CORE_OR_STRUCTURAL_ROUTE,REEXPOSURE_OR_RETRIEVAL,CONTEXTUAL_OR_FUNCTION_BOUND,,NONE,1.44,REQUIRED_SCHEDULE_EDGE_AUDITED,
REC-A1-002933,SEQ-A1-000930,SENSE,SENSE-A1-000262,foto,LEX-A1-000258,SENSE-A1-000262,,NEAR_TRANSFER,A1-M08-I03-S4,A1-M08-I04-S1,A1-M08-I03,A1-M08-I04,CORE_OR_STRUCTURAL_ROUTE,TRANSFER_IN_CHANGED_CONTEXT,CONTEXTUAL_OR_FUNCTION_BOUND,,NONE,1.44,REQUIRED_SCHEDULE_EDGE_AUDITED,
REC-A1-002934,SEQ-A1-000930,SENSE,SENSE-A1-000262,foto,LEX-A1-000258,SENSE-A1-000262,,TERMINAL_CAPSTONE_RETURN,A1-M08-I04-S1,A1-M08-I04-S2,A1-M08-I04,A1-M08-I04,CORE_OR_STRUCTURAL_ROUTE,DELAYED_RETRIEVAL_OR_TERMINAL_INTEGRATION,CONTEXTUAL_OR_FUNCTION_BOUND,,NONE,1.44,REQUIRED_SCHEDULE_EDGE_AUDITED,"Late-A1 target: capstone return is terminal integration, not claimed as scientifically distant retrieval."
REC-A1-002935,SEQ-A1-000933,SENSE,SENSE-A1-000302,iglesia,LEX-A1-000297,SENSE-A1-000302,,LOCAL_REUSE,A1-M08-I03-S3,A1-M08-I03-S4,A1-M08-I03,A1-M08-I03,CORE_OR_STRUCTURAL_ROUTE,REEXPOSURE_OR_RETRIEVAL,CONTEXTUAL_OR_FUNCTION_BOUND,,NONE,1.44,REQUIRED_SCHEDULE_EDGE_AUDITED,
REC-A1-002936,SEQ-A1-000933,SENSE,SENSE-A1-000302,iglesia,LEX-A1-000297,SENSE-A1-000302,,NEAR_TRANSFER,A1-M08-I03-S4,A1-M08-I04-S1,A1-M08-I03,A1-M08-I04,CORE_OR_STRUCTURAL_ROUTE,TRANSFER_IN_CHANGED_CONTEXT,CONTEXTUAL_OR_FUNCTION_BOUND,,NONE,1.44,REQUIRED_SCHEDULE_EDGE_AUDITED,
REC-A1-002937,SEQ-A1-000933,SENSE,SENSE-A1-000302,iglesia,LEX-A1-000297,SENSE-A1-000302,,TERMINAL_CAPSTONE_RETURN,A1-M08-I04-S1,A1-M08-I04-S3,A1-M08-I04,A1-M08-I04,CORE_OR_STRUCTURAL_ROUTE,DELAYED_RETRIEVAL_OR_TERMINAL_INTEGRATION,CONTEXTUAL_OR_FUNCTION_BOUND,,NONE,1.44,REQUIRED_SCHEDULE_EDGE_AUDITED,"Late-A1 target: capstone return is terminal integration, not claimed as scientifically distant retrieval."
REC-A1-002938,SEQ-A1-000936,SENSE,SENSE-A1-000323,judío,LEX-A1-000317,SENSE-A1-000323,,LOCAL_REUSE,A1-M08-I03-S3,A1-M08-I03-S4,A1-M08-I03,A1-M08-I03,CORE_OR_STRUCTURAL_ROUTE,REEXPOSURE_OR_RETRIEVAL,CONTEXTUAL_OR_FUNCTION_BOUND,,NONE,1.44,REQUIRED_SCHEDULE_EDGE_AUDITED,
REC-A1-002939,SEQ-A1-000936,SENSE,SENSE-A1-000323,judío,LEX-A1-000317,SENSE-A1-000323,,NEAR_TRANSFER,A1-M08-I03-S4,A1-M08-I04-S2,A1-M08-I03,A1-M08-I04,CORE_OR_STRUCTURAL_ROUTE,TRANSFER_IN_CHANGED_CONTEXT,CONTEXTUAL_OR_FUNCTION_BOUND,,NONE,1.44,REQUIRED_SCHEDULE_EDGE_AUDITED,
REC-A1-002940,SEQ-A1-000936,SENSE,SENSE-A1-000323,judío,LEX-A1-000317,SENSE-A1-000323,,TERMINAL_CAPSTONE_RETURN,A1-M08-I04-S2,A1-M08-I04-S3,A1-M08-I04,A1-M08-I04,CORE_OR_STRUCTURAL_ROUTE,DELAYED_RETRIEVAL_OR_TERMINAL_INTEGRATION,CONTEXTUAL_OR_FUNCTION_BOUND,,NONE,1.44,REQUIRED_SCHEDULE_EDGE_AUDITED,"Late-A1 target: capstone return is terminal integration, not claimed as scientifically distant retrieval."
REC-A1-002941,SEQ-A1-000939,SENSE,SENSE-A1-000380,monumento,LEX-A1-000374,SENSE-A1-000380,,LOCAL_REUSE,A1-M08-I03-S3,A1-M08-I03-S4,A1-M08-I03,A1-M08-I03,CORE_OR_STRUCTURAL_ROUTE,REEXPOSURE_OR_RETRIEVAL,CONTEXTUAL_OR_FUNCTION_BOUND,,NONE,1.44,REQUIRED_SCHEDULE_EDGE_AUDITED,
REC-A1-002942,SEQ-A1-000939,SENSE,SENSE-A1-000380,monumento,LEX-A1-000374,SENSE-A1-000380,,NEAR_TRANSFER,A1-M08-I03-S4,A1-M08-I04-S1,A1-M08-I03,A1-M08-I04,CORE_OR_STRUCTURAL_ROUTE,TRANSFER_IN_CHANGED_CONTEXT,CONTEXTUAL_OR_FUNCTION_BOUND,,NONE,1.44,REQUIRED_SCHEDULE_EDGE_AUDITED,
REC-A1-002943,SEQ-A1-000939,SENSE,SENSE-A1-000380,monumento,LEX-A1-000374,SENSE-A1-000380,,TERMINAL_CAPSTONE_RETURN,A1-M08-I04-S1,A1-M08-I04-S2,A1-M08-I04,A1-M08-I04,CORE_OR_STRUCTURAL_ROUTE,DELAYED_RETRIEVAL_OR_TERMINAL_INTEGRATION,CONTEXTUAL_OR_FUNCTION_BOUND,,NONE,1.44,REQUIRED_SCHEDULE_EDGE_AUDITED,"Late-A1 target: capstone return is terminal integration, not claimed as scientifically distant retrieval."
REC-A1-002944,SEQ-A1-000942,SENSE,SENSE-A1-000419,ordenador,LEX-A1-000412,SENSE-A1-000419,,LOCAL_REUSE,A1-M08-I03-S3,A1-M08-I03-S4,A1-M08-I03,A1-M08-I03,CORE_OR_STRUCTURAL_ROUTE,REEXPOSURE_OR_RETRIEVAL,CONTEXTUAL_OR_FUNCTION_BOUND,,NONE,1.44,REQUIRED_SCHEDULE_EDGE_AUDITED,
REC-A1-002945,SEQ-A1-000942,SENSE,SENSE-A1-000419,ordenador,LEX-A1-000412,SENSE-A1-000419,,NEAR_TRANSFER,A1-M08-I03-S4,A1-M08-I04-S1,A1-M08-I03,A1-M08-I04,CORE_OR_STRUCTURAL_ROUTE,TRANSFER_IN_CHANGED_CONTEXT,CONTEXTUAL_OR_FUNCTION_BOUND,,NONE,1.44,REQUIRED_SCHEDULE_EDGE_AUDITED,
REC-A1-002946,SEQ-A1-000942,SENSE,SENSE-A1-000419,ordenador,LEX-A1-000412,SENSE-A1-000419,,TERMINAL_CAPSTONE_RETURN,A1-M08-I04-S1,A1-M08-I04-S3,A1-M08-I04,A1-M08-I04,CORE_OR_STRUCTURAL_ROUTE,DELAYED_RETRIEVAL_OR_TERMINAL_INTEGRATION,CONTEXTUAL_OR_FUNCTION_BOUND,,NONE,1.44,REQUIRED_SCHEDULE_EDGE_AUDITED,"Late-A1 target: capstone return is terminal integration, not claimed as scientifically distant retrieval."
REC-A1-002947,SEQ-A1-000947,SENSE,SENSE-A1-000478,publicidad,LEX-A1-000469,SENSE-A1-000478,,LOCAL_REUSE,A1-M08-I03-S3,A1-M08-I03-S4,A1-M08-I03,A1-M08-I03,CORE_OR_STRUCTURAL_ROUTE,REEXPOSURE_OR_RETRIEVAL,CONTEXTUAL_OR_FUNCTION_BOUND,,NONE,1.44,REQUIRED_SCHEDULE_EDGE_AUDITED,
REC-A1-002948,SEQ-A1-000947,SENSE,SENSE-A1-000478,publicidad,LEX-A1-000469,SENSE-A1-000478,,NEAR_TRANSFER,A1-M08-I03-S4,A1-M08-I04-S2,A1-M08-I03,A1-M08-I04,CORE_OR_STRUCTURAL_ROUTE,TRANSFER_IN_CHANGED_CONTEXT,CONTEXTUAL_OR_FUNCTION_BOUND,,NONE,1.44,REQUIRED_SCHEDULE_EDGE_AUDITED,
REC-A1-002949,SEQ-A1-000947,SENSE,SENSE-A1-000478,publicidad,LEX-A1-000469,SENSE-A1-000478,,TERMINAL_CAPSTONE_RETURN,A1-M08-I04-S2,A1-M08-I04-S3,A1-M08-I04,A1-M08-I04,CORE_OR_STRUCTURAL_ROUTE,DELAYED_RETRIEVAL_OR_TERMINAL_INTEGRATION,CONTEXTUAL_OR_FUNCTION_BOUND,,NONE,1.44,REQUIRED_SCHEDULE_EDGE_AUDITED,"Late-A1 target: capstone return is terminal integration, not claimed as scientifically distant retrieval."
REC-A1-002950,SEQ-A1-000971,SENSE,SENSE-A1-000484,que,LEX-A1-000475,SENSE-A1-000484,,LOCAL_REUSE,A1-M08-I03-S3,A1-M08-I03-S4,A1-M08-I03,A1-M08-I03,CORE_OR_STRUCTURAL_ROUTE,REEXPOSURE_OR_RETRIEVAL,CONTEXTUAL_OR_FUNCTION_BOUND,,NONE,1.44,REQUIRED_SCHEDULE_EDGE_AUDITED,
REC-A1-002951,SEQ-A1-000971,SENSE,SENSE-A1-000484,que,LEX-A1-000475,SENSE-A1-000484,,NEAR_TRANSFER,A1-M08-I03-S4,A1-M08-I04-S1,A1-M08-I03,A1-M08-I04,CORE_OR_STRUCTURAL_ROUTE,TRANSFER_IN_CHANGED_CONTEXT,CONTEXTUAL_OR_FUNCTION_BOUND,,NONE,1.44,REQUIRED_SCHEDULE_EDGE_AUDITED,
REC-A1-002952,SEQ-A1-000971,SENSE,SENSE-A1-000484,que,LEX-A1-000475,SENSE-A1-000484,,TERMINAL_CAPSTONE_RETURN,A1-M08-I04-S1,A1-M08-I04-S2,A1-M08-I04,A1-M08-I04,CORE_OR_STRUCTURAL_ROUTE,DELAYED_RETRIEVAL_OR_TERMINAL_INTEGRATION,CONTEXTUAL_OR_FUNCTION_BOUND,,NONE,1.44,REQUIRED_SCHEDULE_EDGE_AUDITED,"Late-A1 target: capstone return is terminal integration, not claimed as scientifically distant retrieval."
REC-A1-002953,SEQ-A1-000950,SENSE,SENSE-A1-000530,sinagoga,LEX-A1-000521,SENSE-A1-000530,,LOCAL_REUSE,A1-M08-I03-S3,A1-M08-I03-S4,A1-M08-I03,A1-M08-I03,CORE_OR_STRUCTURAL_ROUTE,REEXPOSURE_OR_RETRIEVAL,CONTEXTUAL_OR_FUNCTION_BOUND,,NONE,1.44,REQUIRED_SCHEDULE_EDGE_AUDITED,
REC-A1-002954,SEQ-A1-000950,SENSE,SENSE-A1-000530,sinagoga,LEX-A1-000521,SENSE-A1-000530,,NEAR_TRANSFER,A1-M08-I03-S4,A1-M08-I04-S1,A1-M08-I03,A1-M08-I04,CORE_OR_STRUCTURAL_ROUTE,TRANSFER_IN_CHANGED_CONTEXT,CONTEXTUAL_OR_FUNCTION_BOUND,,NONE,1.44,REQUIRED_SCHEDULE_EDGE_AUDITED,
REC-A1-002955,SEQ-A1-000950,SENSE,SENSE-A1-000530,sinagoga,LEX-A1-000521,SENSE-A1-000530,,TERMINAL_CAPSTONE_RETURN,A1-M08-I04-S1,A1-M08-I04-S3,A1-M08-I04,A1-M08-I04,CORE_OR_STRUCTURAL_ROUTE,DELAYED_RETRIEVAL_OR_TERMINAL_INTEGRATION,CONTEXTUAL_OR_FUNCTION_BOUND,,NONE,1.44,REQUIRED_SCHEDULE_EDGE_AUDITED,"Late-A1 target: capstone return is terminal integration, not claimed as scientifically distant retrieval."
