record_id,object_type,item,surface_form,canonical_anchor_provisional,canonicalization_status,canonicalization_basis,pos_provisional,a1_inclusion_status,source_layer,source_id_primary,phase_origin,regional_status,region_scope,productive_default,cognate_status,english_anchor,orthographic_transparency,phonological_transparency_estimate,semantic_overlap,false_friend_risk,known_multi_assertion_or_sense_split,sense_count_status,curriculum_research_view,product_clearable_view_status,count_surface_form,count_mwu,count_named_entity,count_abbreviation,notes,curriculum_version
7G-ATOM-0001,ATOMIC_SURFACE_FORM,a,a,a,PROVISIONAL_IDENTITY_ANCHOR,NO_SAFE_COLLAPSE_APPLIED_BEFORE_PHASE14,PREP,A1_CORE_NORMATIVE,PCIC_BASE_A1,PCIC_BASE_A1/7C,PCIC_BASE_A1,,,,NO_OBVIOUS_PEDAGOGICAL_COGNATE_FIRST_PASS,,NOT_ASSESSED,NOT_ASSESSED,NOT_ASSESSED,NONE_IDENTIFIED,NO,NOT_YET_SENSE_NORMALIZED,INCLUDED,LEGAL_REVIEW_REQUIRED_NOT_CERTIFIED_FOR_REDISTRIBUTION,1,0,0,0,,1.20
7G-ATOM-0002,ATOMIC_SURFACE_FORM,abierto,abierto,abierto,PROVISIONAL_IDENTITY_ANCHOR,NO_SAFE_COLLAPSE_APPLIED_BEFORE_PHASE14,ADJ,A1_CORE_NORMATIVE,PCIC_BASE_A1,PCIC_BASE_A1/7C,PCIC_BASE_A1,,,,NO_OBVIOUS_PEDAGOGICAL_COGNATE_FIRST_PASS,,NOT_ASSESSED,NOT_ASSESSED,NOT_ASSESSED,NONE_IDENTIFIED,NO,NOT_YET_SENSE_NORMALIZED,INCLUDED,LEGAL_REVIEW_REQUIRED_NOT_CERTIFIED_FOR_REDISTRIBUTION,1,0,0,0,,1.20
7G-ATOM-0003,ATOMIC_SURFACE_FORM,abogado,abogado,abogado,PROVISIONAL_IDENTITY_ANCHOR,NO_SAFE_COLLAPSE_APPLIED_BEFORE_PHASE14,NOUN,A1_CORE_NORMATIVE,PCIC_BASE_A1,PCIC_BASE_A1/7C,PCIC_BASE_A1,,,,NO_OBVIOUS_PEDAGOGICAL_COGNATE_FIRST_PASS,,NOT_ASSESSED,NOT_ASSESSED,NOT_ASSESSED,NONE_IDENTIFIED,NO,NOT_YET_SENSE_NORMALIZED,INCLUDED,LEGAL_REVIEW_REQUIRED_NOT_CERTIFIED_FOR_REDISTRIBUTION,1,0,0,0,,1.20
7G-ATOM-0004,ATOMIC_SURFACE_FORM,abrir,abrir,abrir,LEMMA_EXPLICIT_VERB,PHASE6_VERB_LEMMA_INVENTORY,VERB,A1_CORE_NORMATIVE,PCIC_BASE_A1,PCIC_BASE_A1/7C,PCIC_BASE_A1,,,,NO_OBVIOUS_PEDAGOGICAL_COGNATE_FIRST_PASS,,NOT_ASSESSED,NOT_ASSESSED,NOT_ASSESSED,NONE_IDENTIFIED,NO,NOT_YET_SENSE_NORMALIZED,INCLUDED,LEGAL_REVIEW_REQUIRED_NOT_CERTIFIED_FOR_REDISTRIBUTION,1,0,0,0,,1.20
7G-ATOM-0005,ATOMIC_SURFACE_FORM,abuelo,abuelo,abuelo,PROVISIONAL_IDENTITY_ANCHOR,NO_SAFE_COLLAPSE_APPLIED_BEFORE_PHASE14,NOUN,A1_CORE_NORMATIVE,PCIC_BASE_A1,PCIC_BASE_A1/7C,PCIC_BASE_A1,,,,NO_OBVIOUS_PEDAGOGICAL_COGNATE_FIRST_PASS,,NOT_ASSESSED,NOT_ASSESSED,NOT_ASSESSED,NONE_IDENTIFIED,NO,NOT_YET_SENSE_NORMALIZED,INCLUDED,LEGAL_REVIEW_REQUIRED_NOT_CERTIFIED_FOR_REDISTRIBUTION,1,0,0,0,,1.20
7G-ATOM-0006,ATOMIC_SURFACE_FORM,acondicionado,acondicionado,acondicionado,PROVISIONAL_IDENTITY_ANCHOR,NO_SAFE_COLLAPSE_APPLIED_BEFORE_PHASE14,ADJ,A1_CORE_NORMATIVE,PCIC_BASE_A1,PCIC_BASE_A1/7C,PCIC_BASE_A1,,,,NO_OBVIOUS_PEDAGOGICAL_COGNATE_FIRST_PASS,,NOT_ASSESSED,NOT_ASSESSED,NOT_ASSESSED,NONE_IDENTIFIED,NO,NOT_YET_SENSE_NORMALIZED,INCLUDED,LEGAL_REVIEW_REQUIRED_NOT_CERTIFIED_FOR_REDISTRIBUTION,1,0,0,0,,1.20
7G-ATOM-0007,ATOMIC_SURFACE_FORM,actividad,actividad,actividad,PROVISIONAL_IDENTITY_ANCHOR,NO_SAFE_COLLAPSE_APPLIED_BEFORE_PHASE14,NOUN,A1_CORE_NORMATIVE,PCIC_BASE_A1,PCIC_BASE_A1/7C,PCIC_BASE_A1,,,,TRUE_COGNATE,activity,MEDIUM,LOW_PROVISIONAL,FULL,NONE,NO,NOT_YET_SENSE_NORMALIZED,INCLUDED,LEGAL_REVIEW_REQUIRED_NOT_CERTIFIED_FOR_REDISTRIBUTION,1,0,0,0,,1.20
7G-ATOM-0008,ATOMIC_SURFACE_FORM,actor,actor,actor,PROVISIONAL_IDENTITY_ANCHOR,NO_SAFE_COLLAPSE_APPLIED_BEFORE_PHASE14,NOUN,A1_CORE_NORMATIVE,PCIC_BASE_A1,PCIC_BASE_A1/7C,PCIC_BASE_A1,,,,TRUE_COGNATE,actor,VERY_HIGH,HIGH_PROVISIONAL,FULL,NONE,NO,NOT_YET_SENSE_NORMALIZED,INCLUDED,LEGAL_REVIEW_REQUIRED_NOT_CERTIFIED_FOR_REDISTRIBUTION,1,0,0,0,,1.20
7G-ATOM-0009,ATOMIC_SURFACE_FORM,actriz,actriz,actriz,PROVISIONAL_IDENTITY_ANCHOR,NO_SAFE_COLLAPSE_APPLIED_BEFORE_PHASE14,NOUN,A1_CORE_NORMATIVE,PCIC_BASE_A1,PCIC_BASE_A1/7C,PCIC_BASE_A1,,,,TRUE_COGNATE,actress,LOW,LOW_PROVISIONAL,FULL,NONE,NO,NOT_YET_SENSE_NORMALIZED,INCLUDED,LEGAL_REVIEW_REQUIRED_NOT_CERTIFIED_FOR_REDISTRIBUTION,1,0,0,0,,1.20
7G-ATOM-0010,ATOMIC_SURFACE_FORM,acá,acá,acá,PROVISIONAL_IDENTITY_ANCHOR,NO_SAFE_COLLAPSE_APPLIED_BEFORE_PHASE14,ADV_QUANT,A1_CORE_NORMATIVE,PCIC_BASE_A1,PCIC_BASE_A1/7C,PCIC_BASE_A1,A1_REGIONAL_RECEPTIVE,Hispanoamérica,TARGET_PROFILE_ONLY,NO_OBVIOUS_PEDAGOGICAL_COGNATE_FIRST_PASS,,NOT_ASSESSED,NOT_ASSESSED,NOT_ASSESSED,NONE_IDENTIFIED,NO,NOT_YET_SENSE_NORMALIZED,INCLUDED,LEGAL_REVIEW_REQUIRED_NOT_CERTIFIED_FOR_REDISTRIBUTION,1,0,0,0,,1.20
7G-ATOM-0011,ATOMIC_SURFACE_FORM,adiós,adiós,adiós,PROVISIONAL_IDENTITY_ANCHOR,NO_SAFE_COLLAPSE_APPLIED_BEFORE_PHASE14,FORMULA,A1_CORE_NORMATIVE,PCIC_BASE_A1,PCIC_BASE_A1/7C,PCIC_BASE_A1,,,,INTERNATIONALISM_OR_BORROWING,adios,VERY_HIGH,HIGH_PROVISIONAL,FULL,LOW,NO,NOT_YET_SENSE_NORMALIZED,INCLUDED,LEGAL_REVIEW_REQUIRED_NOT_CERTIFIED_FOR_REDISTRIBUTION,1,0,0,0,,1.20
7G-ATOM-0012,ATOMIC_SURFACE_FORM,aeropuerto,aeropuerto,aeropuerto,PROVISIONAL_IDENTITY_ANCHOR,NO_SAFE_COLLAPSE_APPLIED_BEFORE_PHASE14,NOUN,A1_CORE_NORMATIVE,PCIC_BASE_A1,PCIC_BASE_A1/7C,PCIC_BASE_A1,,,,PEDAGOGICAL_COGNATE_PARTIAL,airport,LOW,LOW_PROVISIONAL,PARTIAL,LOW,NO,NOT_YET_SENSE_NORMALIZED,INCLUDED,LEGAL_REVIEW_REQUIRED_NOT_CERTIFIED_FOR_REDISTRIBUTION,1,0,0,0,,1.20
7G-ATOM-0013,ATOMIC_SURFACE_FORM,agua,agua,agua,PROVISIONAL_IDENTITY_ANCHOR,NO_SAFE_COLLAPSE_APPLIED_BEFORE_PHASE14,NOUN,A1_CORE_NORMATIVE,PCIC_BASE_A1,PCIC_BASE_A1/7C,PCIC_BASE_A1,,,,PEDAGOGICAL_COGNATE_PARTIAL,aqua,HIGH,MEDIUM_PROVISIONAL,PARTIAL,LOW,NO,NOT_YET_SENSE_NORMALIZED,INCLUDED,LEGAL_REVIEW_REQUIRED_NOT_CERTIFIED_FOR_REDISTRIBUTION,1,0,0,0,,1.20
7G-ATOM-0014,ATOMIC_SURFACE_FORM,ahora,ahora,ahora,PROVISIONAL_IDENTITY_ANCHOR,NO_SAFE_COLLAPSE_APPLIED_BEFORE_PHASE14,ADV_QUANT,A1_CORE_NORMATIVE,PCIC_BASE_A1,PCIC_BASE_A1/7C,PCIC_BASE_A1,,,,NO_OBVIOUS_PEDAGOGICAL_COGNATE_FIRST_PASS,,NOT_ASSESSED,NOT_ASSESSED,NOT_ASSESSED,NONE_IDENTIFIED,NO,NOT_YET_SENSE_NORMALIZED,INCLUDED,LEGAL_REVIEW_REQUIRED_NOT_CERTIFIED_FOR_REDISTRIBUTION,1,0,0,0,,1.20
7G-ATOM-0015,ATOMIC_SURFACE_FORM,ahoy,ahoy,ahoy,PROVISIONAL_IDENTITY_ANCHOR,NO_SAFE_COLLAPSE_APPLIED_BEFORE_PHASE14,ADV,A1_REGIONAL_RECEPTIVE,7C_REGIONAL_VARIATION,7C_MIXED_SOURCES,7C_REGIONAL_VARIATION,A1_REGIONAL_RECEPTIVE,Hispanoamérica,NO,FALSE_FRIEND_OR_DECEPTIVE_OVERLAP,ahoy,VERY_HIGH,FORM_SIMILARITY_ONLY,DIVERGENT,HIGH,NO,NOT_YET_SENSE_NORMALIZED,INCLUDED,LEGAL_REVIEW_REQUIRED_NOT_CERTIFIED_FOR_REDISTRIBUTION,1,0,0,0,,1.20
7G-ATOM-0016,ATOMIC_SURFACE_FORM,ahí,ahí,ahí,PROVISIONAL_IDENTITY_ANCHOR,NO_SAFE_COLLAPSE_APPLIED_BEFORE_PHASE14,ADV_QUANT,A1_CORE_NORMATIVE,PCIC_BASE_A1,PCIC_BASE_A1/7C,PCIC_BASE_A1,,,,NO_OBVIOUS_PEDAGOGICAL_COGNATE_FIRST_PASS,,NOT_ASSESSED,NOT_ASSESSED,NOT_ASSESSED,NONE_IDENTIFIED,NO,NOT_YET_SENSE_NORMALIZED,INCLUDED,LEGAL_REVIEW_REQUIRED_NOT_CERTIFIED_FOR_REDISTRIBUTION,1,0,0,0,,1.20
7G-ATOM-0017,ATOMIC_SURFACE_FORM,aire,aire,aire,PROVISIONAL_IDENTITY_ANCHOR,NO_SAFE_COLLAPSE_APPLIED_BEFORE_PHASE14,NOUN,A1_CORE_NORMATIVE,PCIC_BASE_A1,PCIC_BASE_A1/7C,PCIC_BASE_A1,,,,TRUE_COGNATE,air,HIGH,MEDIUM_PROVISIONAL,FULL,NONE,NO,NOT_YET_SENSE_NORMALIZED,INCLUDED,LEGAL_REVIEW_REQUIRED_NOT_CERTIFIED_FOR_REDISTRIBUTION,1,0,0,0,,1.20
7G-ATOM-0018,ATOMIC_SURFACE_FORM,al,al,al,PROVISIONAL_IDENTITY_ANCHOR,NO_SAFE_COLLAPSE_APPLIED_BEFORE_PHASE14,CONTRACTION,A1_CORE_NORMATIVE,PCIC_BASE_A1,PCIC_BASE_A1/7C,PCIC_BASE_A1,,,,NO_OBVIOUS_PEDAGOGICAL_COGNATE_FIRST_PASS,,NOT_ASSESSED,NOT_ASSESSED,NOT_ASSESSED,NONE_IDENTIFIED,NO,NOT_YET_SENSE_NORMALIZED,INCLUDED,LEGAL_REVIEW_REQUIRED_NOT_CERTIFIED_FOR_REDISTRIBUTION,1,0,0,0,,1.20
7G-ATOM-0019,ATOMIC_SURFACE_FORM,alegre,alegre,alegre,PROVISIONAL_IDENTITY_ANCHOR,NO_SAFE_COLLAPSE_APPLIED_BEFORE_PHASE14,ADJ,A1_CORE_NORMATIVE,PCIC_BASE_A1,PCIC_BASE_A1/7C,PCIC_BASE_A1,,,,NO_OBVIOUS_PEDAGOGICAL_COGNATE_FIRST_PASS,,NOT_ASSESSED,NOT_ASSESSED,NOT_ASSESSED,NONE_IDENTIFIED,NO,NOT_YET_SENSE_NORMALIZED,INCLUDED,LEGAL_REVIEW_REQUIRED_NOT_CERTIFIED_FOR_REDISTRIBUTION,1,0,0,0,,1.20
7G-ATOM-0020,ATOMIC_SURFACE_FORM,alemán,alemán,alemán,PROVISIONAL_IDENTITY_ANCHOR,NO_SAFE_COLLAPSE_APPLIED_BEFORE_PHASE14,ADJ_NOUN,A1_CORE_NORMATIVE,PCIC_BASE_A1,PCIC_BASE_A1/7C,PCIC_BASE_A1,,,,NO_OBVIOUS_PEDAGOGICAL_COGNATE_FIRST_PASS,,NOT_ASSESSED,NOT_ASSESSED,NOT_ASSESSED,NONE_IDENTIFIED,YES,SPLIT_REQUIRED_OR_DOCUMENTED,INCLUDED,LEGAL_REVIEW_REQUIRED_NOT_CERTIFIED_FOR_REDISTRIBUTION,1,0,0,0,Explicitly documented as requiring multiple POS/sense/source assertions or later split.,1.20
7G-ATOM-0021,ATOMIC_SURFACE_FORM,allá,allá,allá,PROVISIONAL_IDENTITY_ANCHOR,NO_SAFE_COLLAPSE_APPLIED_BEFORE_PHASE14,ADV_QUANT,A1_CORE_NORMATIVE,PCIC_BASE_A1,PCIC_BASE_A1/7C,PCIC_BASE_A1,A1_REGIONAL_RECEPTIVE,Hispanoamérica,TARGET_PROFILE_ONLY,NO_OBVIOUS_PEDAGOGICAL_COGNATE_FIRST_PASS,,NOT_ASSESSED,NOT_ASSESSED,NOT_ASSESSED,NONE_IDENTIFIED,NO,NOT_YET_SENSE_NORMALIZED,INCLUDED,LEGAL_REVIEW_REQUIRED_NOT_CERTIFIED_FOR_REDISTRIBUTION,1,0,0,0,,1.20
7G-ATOM-0022,ATOMIC_SURFACE_FORM,allí,allí,allí,PROVISIONAL_IDENTITY_ANCHOR,NO_SAFE_COLLAPSE_APPLIED_BEFORE_PHASE14,ADV_QUANT,A1_CORE_NORMATIVE,PCIC_BASE_A1,PCIC_BASE_A1/7C,PCIC_BASE_A1,,,,NO_OBVIOUS_PEDAGOGICAL_COGNATE_FIRST_PASS,,NOT_ASSESSED,NOT_ASSESSED,NOT_ASSESSED,NONE_IDENTIFIED,NO,NOT_YET_SENSE_NORMALIZED,INCLUDED,LEGAL_REVIEW_REQUIRED_NOT_CERTIFIED_FOR_REDISTRIBUTION,1,0,0,0,,1.20
7G-ATOM-0023,ATOMIC_SURFACE_FORM,alquilar,alquilar,alquilar,LEMMA_EXPLICIT_VERB,PHASE6_VERB_LEMMA_INVENTORY,VERB,A1_CORE_NORMATIVE,PCIC_BASE_A1,PCIC_BASE_A1/7C,PCIC_BASE_A1,,,,NO_OBVIOUS_PEDAGOGICAL_COGNATE_FIRST_PASS,,NOT_ASSESSED,NOT_ASSESSED,NOT_ASSESSED,NONE_IDENTIFIED,NO,NOT_YET_SENSE_NORMALIZED,INCLUDED,LEGAL_REVIEW_REQUIRED_NOT_CERTIFIED_FOR_REDISTRIBUTION,1,0,0,0,,1.20
7G-ATOM-0024,ATOMIC_SURFACE_FORM,alto,alto,alto,PROVISIONAL_IDENTITY_ANCHOR,NO_SAFE_COLLAPSE_APPLIED_BEFORE_PHASE14,ADJ,A1_CORE_NORMATIVE,PCIC_BASE_A1,PCIC_BASE_A1/7C,PCIC_BASE_A1,,,,FALSE_FRIEND_OR_DECEPTIVE_OVERLAP,alto,VERY_HIGH,FORM_SIMILARITY_ONLY,DIVERGENT,HIGH,NO,NOT_YET_SENSE_NORMALIZED,INCLUDED,LEGAL_REVIEW_REQUIRED_NOT_CERTIFIED_FOR_REDISTRIBUTION,1,0,0,0,,1.20
7G-ATOM-0025,ATOMIC_SURFACE_FORM,amarillo,amarillo,amarillo,PROVISIONAL_IDENTITY_ANCHOR,NO_SAFE_COLLAPSE_APPLIED_BEFORE_PHASE14,ADJ,A1_CORE_NORMATIVE,PCIC_BASE_A1,PCIC_BASE_A1/7C,PCIC_BASE_A1,,,,NO_OBVIOUS_PEDAGOGICAL_COGNATE_FIRST_PASS,,NOT_ASSESSED,NOT_ASSESSED,NOT_ASSESSED,NONE_IDENTIFIED,NO,NOT_YET_SENSE_NORMALIZED,INCLUDED,LEGAL_REVIEW_REQUIRED_NOT_CERTIFIED_FOR_REDISTRIBUTION,1,0,0,0,,1.20
7G-ATOM-0026,ATOMIC_SURFACE_FORM,amigo,amigo,amigo,PROVISIONAL_IDENTITY_ANCHOR,NO_SAFE_COLLAPSE_APPLIED_BEFORE_PHASE14,NOUN,A1_CORE_NORMATIVE,PCIC_BASE_A1,PCIC_BASE_A1/7C,PCIC_BASE_A1,,,,INTERNATIONALISM_OR_BORROWING,amigo,VERY_HIGH,HIGH_PROVISIONAL,FULL,LOW,NO,NOT_YET_SENSE_NORMALIZED,INCLUDED,LEGAL_REVIEW_REQUIRED_NOT_CERTIFIED_FOR_REDISTRIBUTION,1,0,0,0,,1.20
7G-ATOM-0027,ATOMIC_SURFACE_FORM,andar,andar,andar,LEMMA_EXPLICIT_VERB,PHASE6_VERB_LEMMA_INVENTORY,VERB,A1_CORE_NORMATIVE,PCIC_BASE_A1,PCIC_BASE_A1/7C,PCIC_BASE_A1,,,,NO_OBVIOUS_PEDAGOGICAL_COGNATE_FIRST_PASS,,NOT_ASSESSED,NOT_ASSESSED,NOT_ASSESSED,NONE_IDENTIFIED,NO,NOT_YET_SENSE_NORMALIZED,INCLUDED,LEGAL_REVIEW_REQUIRED_NOT_CERTIFIED_FOR_REDISTRIBUTION,1,0,0,0,,1.20
7G-ATOM-0028,ATOMIC_SURFACE_FORM,animal,animal,animal,PROVISIONAL_IDENTITY_ANCHOR,NO_SAFE_COLLAPSE_APPLIED_BEFORE_PHASE14,NOUN,A1_CORE_NORMATIVE,PCIC_BASE_A1,PCIC_BASE_A1/7C,PCIC_BASE_A1,,,,TRUE_COGNATE,animal,VERY_HIGH,HIGH_PROVISIONAL,FULL,NONE,NO,NOT_YET_SENSE_NORMALIZED,INCLUDED,LEGAL_REVIEW_REQUIRED_NOT_CERTIFIED_FOR_REDISTRIBUTION,1,0,0,0,,1.20
7G-ATOM-0029,ATOMIC_SURFACE_FORM,anteojos,anteojos,anteojos,PROVISIONAL_IDENTITY_ANCHOR,NO_SAFE_COLLAPSE_APPLIED_BEFORE_PHASE14,NOUN_PL,A1_REGIONAL_RECEPTIVE,7C_REGIONAL_VARIATION,7C_MIXED_SOURCES,7C_REGIONAL_VARIATION,A1_REGIONAL_RECEPTIVE,Hispanoamérica,TARGET_PROFILE_ONLY,NO_OBVIOUS_PEDAGOGICAL_COGNATE_FIRST_PASS,,NOT_ASSESSED,NOT_ASSESSED,NOT_ASSESSED,NONE_IDENTIFIED,NO,NOT_YET_SENSE_NORMALIZED,INCLUDED,LEGAL_REVIEW_REQUIRED_NOT_CERTIFIED_FOR_REDISTRIBUTION,1,0,0,0,,1.20
7G-ATOM-0030,ATOMIC_SURFACE_FORM,antes,antes,antes,PROVISIONAL_IDENTITY_ANCHOR,NO_SAFE_COLLAPSE_APPLIED_BEFORE_PHASE14,ADV_QUANT,A1_CORE_NORMATIVE,PCIC_BASE_A1,PCIC_BASE_A1/7C,PCIC_BASE_A1,,,,NO_OBVIOUS_PEDAGOGICAL_COGNATE_FIRST_PASS,,NOT_ASSESSED,NOT_ASSESSED,NOT_ASSESSED,NONE_IDENTIFIED,NO,NOT_YET_SENSE_NORMALIZED,INCLUDED,LEGAL_REVIEW_REQUIRED_NOT_CERTIFIED_FOR_REDISTRIBUTION,1,0,0,0,,1.20
7G-ATOM-0031,ATOMIC_SURFACE_FORM,antipático,antipático,antipático,PROVISIONAL_IDENTITY_ANCHOR,NO_SAFE_COLLAPSE_APPLIED_BEFORE_PHASE14,ADJ,A1_CORE_NORMATIVE,PCIC_BASE_A1,PCIC_BASE_A1/7C,PCIC_BASE_A1,,,,FALSE_FRIEND_OR_DECEPTIVE_OVERLAP,antipathetic,MEDIUM,FORM_SIMILARITY_ONLY,DIVERGENT,MEDIUM,NO,NOT_YET_SENSE_NORMALIZED,INCLUDED,LEGAL_REVIEW_REQUIRED_NOT_CERTIFIED_FOR_REDISTRIBUTION,1,0,0,0,,1.20
7G-ATOM-0032,ATOMIC_SURFACE_FORM,aparcamiento,aparcamiento,aparcamiento,PROVISIONAL_IDENTITY_ANCHOR,NO_SAFE_COLLAPSE_APPLIED_BEFORE_PHASE14,NOUN,A1_CORE_NORMATIVE,PCIC_BASE_A1,PCIC_BASE_A1/7C,PCIC_BASE_A1,,,,NO_OBVIOUS_PEDAGOGICAL_COGNATE_FIRST_PASS,,NOT_ASSESSED,NOT_ASSESSED,NOT_ASSESSED,NONE_IDENTIFIED,NO,NOT_YET_SENSE_NORMALIZED,INCLUDED,LEGAL_REVIEW_REQUIRED_NOT_CERTIFIED_FOR_REDISTRIBUTION,1,0,0,0,,1.20
7G-ATOM-0033,ATOMIC_SURFACE_FORM,apartamento,apartamento,apartamento,PROVISIONAL_IDENTITY_ANCHOR,NO_SAFE_COLLAPSE_APPLIED_BEFORE_PHASE14,NOUN,A1_CORE_NORMATIVE,PCIC_BASE_A1,PCIC_BASE_A1/7C,PCIC_BASE_A1,,,,TRUE_COGNATE,apartment,HIGH,MEDIUM_PROVISIONAL,FULL,NONE,NO,NOT_YET_SENSE_NORMALIZED,INCLUDED,LEGAL_REVIEW_REQUIRED_NOT_CERTIFIED_FOR_REDISTRIBUTION,1,0,0,0,,1.20
7G-ATOM-0034,ATOMIC_SURFACE_FORM,apellido,apellido,apellido,PROVISIONAL_IDENTITY_ANCHOR,NO_SAFE_COLLAPSE_APPLIED_BEFORE_PHASE14,NOUN,A1_CORE_NORMATIVE,PCIC_BASE_A1,PCIC_BASE_A1/7C,PCIC_BASE_A1,,,,NO_OBVIOUS_PEDAGOGICAL_COGNATE_FIRST_PASS,,NOT_ASSESSED,NOT_ASSESSED,NOT_ASSESSED,NONE_IDENTIFIED,NO,NOT_YET_SENSE_NORMALIZED,INCLUDED,LEGAL_REVIEW_REQUIRED_NOT_CERTIFIED_FOR_REDISTRIBUTION,1,0,0,0,,1.20
7G-ATOM-0035,ATOMIC_SURFACE_FORM,aprender,aprender,aprender,LEMMA_EXPLICIT_VERB,PHASE6_VERB_LEMMA_INVENTORY,VERB,A1_CORE_NORMATIVE,PCIC_BASE_A1,PCIC_BASE_A1/7C,PCIC_BASE_A1,,,,NO_OBVIOUS_PEDAGOGICAL_COGNATE_FIRST_PASS,,NOT_ASSESSED,NOT_ASSESSED,NOT_ASSESSED,NONE_IDENTIFIED,NO,NOT_YET_SENSE_NORMALIZED,INCLUDED,LEGAL_REVIEW_REQUIRED_NOT_CERTIFIED_FOR_REDISTRIBUTION,1,0,0,0,,1.20
7G-ATOM-0036,ATOMIC_SURFACE_FORM,aquel,aquel,aquel,PROVISIONAL_IDENTITY_ANCHOR,NO_SAFE_COLLAPSE_APPLIED_BEFORE_PHASE14,FUNCTION_WORD,A1_CORE_NORMATIVE,PCIC_BASE_A1,PCIC_BASE_A1/7C,PCIC_BASE_A1,,,,NO_OBVIOUS_PEDAGOGICAL_COGNATE_FIRST_PASS,,NOT_ASSESSED,NOT_ASSESSED,NOT_ASSESSED,NONE_IDENTIFIED,NO,NOT_YET_SENSE_NORMALIZED,INCLUDED,LEGAL_REVIEW_REQUIRED_NOT_CERTIFIED_FOR_REDISTRIBUTION,1,0,0,0,,1.20
7G-ATOM-0037,ATOMIC_SURFACE_FORM,aquella,aquella,aquella,PROVISIONAL_IDENTITY_ANCHOR,NO_SAFE_COLLAPSE_APPLIED_BEFORE_PHASE14,DEMONSTRATIVE,A1_CORE_NORMATIVE,PCIC_BASE_A1,PCIC_BASE_A1/7C,PCIC_BASE_A1,,,,NO_OBVIOUS_PEDAGOGICAL_COGNATE_FIRST_PASS,,NOT_ASSESSED,NOT_ASSESSED,NOT_ASSESSED,NONE_IDENTIFIED,NO,NOT_YET_SENSE_NORMALIZED,INCLUDED,LEGAL_REVIEW_REQUIRED_NOT_CERTIFIED_FOR_REDISTRIBUTION,1,0,0,0,,1.20
7G-ATOM-0038,ATOMIC_SURFACE_FORM,aquellas,aquellas,aquellas,PROVISIONAL_IDENTITY_ANCHOR,NO_SAFE_COLLAPSE_APPLIED_BEFORE_PHASE14,DEMONSTRATIVE,A1_CORE_NORMATIVE,PCIC_BASE_A1,PCIC_BASE_A1/7C,PCIC_BASE_A1,,,,NO_OBVIOUS_PEDAGOGICAL_COGNATE_FIRST_PASS,,NOT_ASSESSED,NOT_ASSESSED,NOT_ASSESSED,NONE_IDENTIFIED,NO,NOT_YET_SENSE_NORMALIZED,INCLUDED,LEGAL_REVIEW_REQUIRED_NOT_CERTIFIED_FOR_REDISTRIBUTION,1,0,0,0,,1.20
7G-ATOM-0039,ATOMIC_SURFACE_FORM,aquello,aquello,aquello,PROVISIONAL_IDENTITY_ANCHOR,NO_SAFE_COLLAPSE_APPLIED_BEFORE_PHASE14,DEMONSTRATIVE,A1_CORE_NORMATIVE,PCIC_BASE_A1,PCIC_BASE_A1/7C,PCIC_BASE_A1,,,,NO_OBVIOUS_PEDAGOGICAL_COGNATE_FIRST_PASS,,NOT_ASSESSED,NOT_ASSESSED,NOT_ASSESSED,NONE_IDENTIFIED,NO,NOT_YET_SENSE_NORMALIZED,INCLUDED,LEGAL_REVIEW_REQUIRED_NOT_CERTIFIED_FOR_REDISTRIBUTION,1,0,0,0,,1.20
7G-ATOM-0040,ATOMIC_SURFACE_FORM,aquellos,aquellos,aquellos,PROVISIONAL_IDENTITY_ANCHOR,NO_SAFE_COLLAPSE_APPLIED_BEFORE_PHASE14,DEMONSTRATIVE,A1_CORE_NORMATIVE,PCIC_BASE_A1,PCIC_BASE_A1/7C,PCIC_BASE_A1,,,,NO_OBVIOUS_PEDAGOGICAL_COGNATE_FIRST_PASS,,NOT_ASSESSED,NOT_ASSESSED,NOT_ASSESSED,NONE_IDENTIFIED,NO,NOT_YET_SENSE_NORMALIZED,INCLUDED,LEGAL_REVIEW_REQUIRED_NOT_CERTIFIED_FOR_REDISTRIBUTION,1,0,0,0,,1.20
7G-ATOM-0041,ATOMIC_SURFACE_FORM,aquí,aquí,aquí,PROVISIONAL_IDENTITY_ANCHOR,NO_SAFE_COLLAPSE_APPLIED_BEFORE_PHASE14,ADV_QUANT,A1_CORE_NORMATIVE,PCIC_BASE_A1,PCIC_BASE_A1/7C,PCIC_BASE_A1,,,,NO_OBVIOUS_PEDAGOGICAL_COGNATE_FIRST_PASS,,NOT_ASSESSED,NOT_ASSESSED,NOT_ASSESSED,NONE_IDENTIFIED,NO,NOT_YET_SENSE_NORMALIZED,INCLUDED,LEGAL_REVIEW_REQUIRED_NOT_CERTIFIED_FOR_REDISTRIBUTION,1,0,0,0,,1.20
7G-ATOM-0042,ATOMIC_SURFACE_FORM,armario,armario,armario,PROVISIONAL_IDENTITY_ANCHOR,NO_SAFE_COLLAPSE_APPLIED_BEFORE_PHASE14,NOUN,A1_CORE_NORMATIVE,PCIC_BASE_A1,PCIC_BASE_A1/7C,PCIC_BASE_A1,,,,FALSE_FRIEND_OR_DECEPTIVE_OVERLAP,armory,LOW,FORM_SIMILARITY_ONLY,DIVERGENT,MEDIUM,NO,NOT_YET_SENSE_NORMALIZED,INCLUDED,LEGAL_REVIEW_REQUIRED_NOT_CERTIFIED_FOR_REDISTRIBUTION,1,0,0,0,,1.20
7G-ATOM-0043,ATOMIC_SURFACE_FORM,arroba,arroba,arroba,PROVISIONAL_IDENTITY_ANCHOR,NO_SAFE_COLLAPSE_APPLIED_BEFORE_PHASE14,NOUN,A1_CORE_NORMATIVE,PCIC_BASE_A1,PCIC_BASE_A1/7C,PCIC_BASE_A1,,,,NO_OBVIOUS_PEDAGOGICAL_COGNATE_FIRST_PASS,,NOT_ASSESSED,NOT_ASSESSED,NOT_ASSESSED,NONE_IDENTIFIED,NO,NOT_YET_SENSE_NORMALIZED,INCLUDED,LEGAL_REVIEW_REQUIRED_NOT_CERTIFIED_FOR_REDISTRIBUTION,1,0,0,0,,1.20
7G-ATOM-0044,ATOMIC_SURFACE_FORM,ascensor,ascensor,ascensor,PROVISIONAL_IDENTITY_ANCHOR,NO_SAFE_COLLAPSE_APPLIED_BEFORE_PHASE14,NOUN,A1_CORE_NORMATIVE,PCIC_BASE_A1,PCIC_BASE_A1/7C,PCIC_BASE_A1,,,,NO_OBVIOUS_PEDAGOGICAL_COGNATE_FIRST_PASS,,NOT_ASSESSED,NOT_ASSESSED,NOT_ASSESSED,NONE_IDENTIFIED,NO,NOT_YET_SENSE_NORMALIZED,INCLUDED,LEGAL_REVIEW_REQUIRED_NOT_CERTIFIED_FOR_REDISTRIBUTION,1,0,0,0,,1.20
7G-ATOM-0045,ATOMIC_SURFACE_FORM,autobús,autobús,autobús,PROVISIONAL_IDENTITY_ANCHOR,NO_SAFE_COLLAPSE_APPLIED_BEFORE_PHASE14,NOUN,A1_CORE_NORMATIVE,PCIC_BASE_A1,PCIC_BASE_A1/7C,PCIC_BASE_A1,,,,PEDAGOGICAL_COGNATE_PARTIAL,autobus,VERY_HIGH,HIGH_PROVISIONAL,PARTIAL,LOW,NO,NOT_YET_SENSE_NORMALIZED,INCLUDED,LEGAL_REVIEW_REQUIRED_NOT_CERTIFIED_FOR_REDISTRIBUTION,1,0,0,0,,1.20
7G-ATOM-0046,ATOMIC_SURFACE_FORM,avenida,avenida,avenida,PROVISIONAL_IDENTITY_ANCHOR,NO_SAFE_COLLAPSE_APPLIED_BEFORE_PHASE14,NOUN,A1_CORE_NORMATIVE,PCIC_BASE_A1,PCIC_BASE_A1/7C,PCIC_BASE_A1,,,,TRUE_COGNATE,avenue,LOW,LOW_PROVISIONAL,FULL,NONE,NO,NOT_YET_SENSE_NORMALIZED,INCLUDED,LEGAL_REVIEW_REQUIRED_NOT_CERTIFIED_FOR_REDISTRIBUTION,1,0,0,0,,1.20
7G-ATOM-0047,ATOMIC_SURFACE_FORM,avión,avión,avión,PROVISIONAL_IDENTITY_ANCHOR,NO_SAFE_COLLAPSE_APPLIED_BEFORE_PHASE14,NOUN,A1_CORE_NORMATIVE,PCIC_BASE_A1,PCIC_BASE_A1/7C,PCIC_BASE_A1,,,,NO_OBVIOUS_PEDAGOGICAL_COGNATE_FIRST_PASS,,NOT_ASSESSED,NOT_ASSESSED,NOT_ASSESSED,NONE_IDENTIFIED,NO,NOT_YET_SENSE_NORMALIZED,INCLUDED,LEGAL_REVIEW_REQUIRED_NOT_CERTIFIED_FOR_REDISTRIBUTION,1,0,0,0,,1.20
7G-ATOM-0048,ATOMIC_SURFACE_FORM,ayer,ayer,ayer,PROVISIONAL_IDENTITY_ANCHOR,NO_SAFE_COLLAPSE_APPLIED_BEFORE_PHASE14,ADV_QUANT,A1_CORE_NORMATIVE,PCIC_BASE_A1,PCIC_BASE_A1/7C,PCIC_BASE_A1,,,,NO_OBVIOUS_PEDAGOGICAL_COGNATE_FIRST_PASS,,NOT_ASSESSED,NOT_ASSESSED,NOT_ASSESSED,NONE_IDENTIFIED,NO,NOT_YET_SENSE_NORMALIZED,INCLUDED,LEGAL_REVIEW_REQUIRED_NOT_CERTIFIED_FOR_REDISTRIBUTION,1,0,0,0,,1.20
7G-ATOM-0049,ATOMIC_SURFACE_FORM,azul,azul,azul,PROVISIONAL_IDENTITY_ANCHOR,NO_SAFE_COLLAPSE_APPLIED_BEFORE_PHASE14,ADJ,A1_CORE_NORMATIVE,PCIC_BASE_A1,PCIC_BASE_A1/7C,PCIC_BASE_A1,,,,NO_OBVIOUS_PEDAGOGICAL_COGNATE_FIRST_PASS,,NOT_ASSESSED,NOT_ASSESSED,NOT_ASSESSED,NONE_IDENTIFIED,NO,NOT_YET_SENSE_NORMALIZED,INCLUDED,LEGAL_REVIEW_REQUIRED_NOT_CERTIFIED_FOR_REDISTRIBUTION,1,0,0,0,,1.20
7G-ATOM-0050,ATOMIC_SURFACE_FORM,año,año,año,PROVISIONAL_IDENTITY_ANCHOR,NO_SAFE_COLLAPSE_APPLIED_BEFORE_PHASE14,NOUN,A1_CORE_NORMATIVE,PCIC_BASE_A1,PCIC_BASE_A1/7C,PCIC_BASE_A1,,,,NO_OBVIOUS_PEDAGOGICAL_COGNATE_FIRST_PASS,,NOT_ASSESSED,NOT_ASSESSED,NOT_ASSESSED,NONE_IDENTIFIED,NO,NOT_YET_SENSE_NORMALIZED,INCLUDED,LEGAL_REVIEW_REQUIRED_NOT_CERTIFIED_FOR_REDISTRIBUTION,1,0,0,0,,1.20
7G-ATOM-0051,ATOMIC_SURFACE_FORM,años,años,año,COLLAPSED_TO_EXISTING_CANONICAL_ANCHOR,EXPLICIT_MORPHOLOGICAL_OR_ORTHOGRAPHIC_COLLAPSE_FROM_PRIOR_PHASES,NOUN,A1_CORE_NORMATIVE,7B_SURFACE_CORRECTION,PCIC_BASE_A1/7C,7B_SURFACE_CORRECTION,,,,NO_OBVIOUS_PEDAGOGICAL_COGNATE_FIRST_PASS,,NOT_ASSESSED,NOT_ASSESSED,NOT_ASSESSED,NONE_IDENTIFIED,NO,NOT_YET_SENSE_NORMALIZED,INCLUDED,LEGAL_REVIEW_REQUIRED_NOT_CERTIFIED_FOR_REDISTRIBUTION,1,0,0,0,,1.20
7G-ATOM-0052,ATOMIC_SURFACE_FORM,bailar,bailar,bailar,LEMMA_EXPLICIT_VERB,PHASE6_VERB_LEMMA_INVENTORY,VERB,A1_CORE_NORMATIVE,PCIC_BASE_A1,PCIC_BASE_A1/7C,PCIC_BASE_A1,,,,NO_OBVIOUS_PEDAGOGICAL_COGNATE_FIRST_PASS,,NOT_ASSESSED,NOT_ASSESSED,NOT_ASSESSED,NONE_IDENTIFIED,NO,NOT_YET_SENSE_NORMALIZED,INCLUDED,LEGAL_REVIEW_REQUIRED_NOT_CERTIFIED_FOR_REDISTRIBUTION,1,0,0,0,,1.20
7G-ATOM-0053,ATOMIC_SURFACE_FORM,bajo,bajo,bajo,PROVISIONAL_IDENTITY_ANCHOR,NO_SAFE_COLLAPSE_APPLIED_BEFORE_PHASE14,ADJ,A1_CORE_NORMATIVE,PCIC_BASE_A1,PCIC_BASE_A1/7C,PCIC_BASE_A1,,,,NO_OBVIOUS_PEDAGOGICAL_COGNATE_FIRST_PASS,,NOT_ASSESSED,NOT_ASSESSED,NOT_ASSESSED,NONE_IDENTIFIED,NO,NOT_YET_SENSE_NORMALIZED,INCLUDED,LEGAL_REVIEW_REQUIRED_NOT_CERTIFIED_FOR_REDISTRIBUTION,1,0,0,0,,1.20
7G-ATOM-0054,ATOMIC_SURFACE_FORM,baloncesto,baloncesto,baloncesto,PROVISIONAL_IDENTITY_ANCHOR,NO_SAFE_COLLAPSE_APPLIED_BEFORE_PHASE14,NOUN,A1_CORE_NORMATIVE,PCIC_BASE_A1,PCIC_BASE_A1/7C,PCIC_BASE_A1,,,,NO_OBVIOUS_PEDAGOGICAL_COGNATE_FIRST_PASS,,NOT_ASSESSED,NOT_ASSESSED,NOT_ASSESSED,NONE_IDENTIFIED,NO,NOT_YET_SENSE_NORMALIZED,INCLUDED,LEGAL_REVIEW_REQUIRED_NOT_CERTIFIED_FOR_REDISTRIBUTION,1,0,0,0,,1.20
7G-ATOM-0055,ATOMIC_SURFACE_FORM,banco,banco,banco,PROVISIONAL_IDENTITY_ANCHOR,NO_SAFE_COLLAPSE_APPLIED_BEFORE_PHASE14,NOUN,A1_CORE_NORMATIVE,PCIC_BASE_A1,PCIC_BASE_A1/7C,PCIC_BASE_A1,,,,TRUE_COGNATE,bank,MEDIUM,LOW_PROVISIONAL,FULL,NONE,NO,NOT_YET_SENSE_NORMALIZED,INCLUDED,LEGAL_REVIEW_REQUIRED_NOT_CERTIFIED_FOR_REDISTRIBUTION,1,0,0,0,,1.20
7G-ATOM-0056,ATOMIC_SURFACE_FORM,bar,bar,bar,PROVISIONAL_IDENTITY_ANCHOR,NO_SAFE_COLLAPSE_APPLIED_BEFORE_PHASE14,NOUN,A1_CORE_NORMATIVE,PCIC_BASE_A1,PCIC_BASE_A1/7C,PCIC_BASE_A1,,,,TRUE_COGNATE,bar,VERY_HIGH,HIGH_PROVISIONAL,FULL,NONE,NO,NOT_YET_SENSE_NORMALIZED,INCLUDED,LEGAL_REVIEW_REQUIRED_NOT_CERTIFIED_FOR_REDISTRIBUTION,1,0,0,0,,1.20
7G-ATOM-0057,ATOMIC_SURFACE_FORM,barato,barato,barato,PROVISIONAL_IDENTITY_ANCHOR,NO_SAFE_COLLAPSE_APPLIED_BEFORE_PHASE14,ADJ,A1_CORE_NORMATIVE,PCIC_BASE_A1,PCIC_BASE_A1/7C,PCIC_BASE_A1,,,,NO_OBVIOUS_PEDAGOGICAL_COGNATE_FIRST_PASS,,NOT_ASSESSED,NOT_ASSESSED,NOT_ASSESSED,NONE_IDENTIFIED,NO,NOT_YET_SENSE_NORMALIZED,INCLUDED,LEGAL_REVIEW_REQUIRED_NOT_CERTIFIED_FOR_REDISTRIBUTION,1,0,0,0,,1.20
7G-ATOM-0058,ATOMIC_SURFACE_FORM,barba,barba,barba,PROVISIONAL_IDENTITY_ANCHOR,NO_SAFE_COLLAPSE_APPLIED_BEFORE_PHASE14,NOUN,A1_CORE_NORMATIVE,PCIC_BASE_A1,PCIC_BASE_A1/7C,PCIC_BASE_A1,,,,NO_OBVIOUS_PEDAGOGICAL_COGNATE_FIRST_PASS,,NOT_ASSESSED,NOT_ASSESSED,NOT_ASSESSED,NONE_IDENTIFIED,NO,NOT_YET_SENSE_NORMALIZED,INCLUDED,LEGAL_REVIEW_REQUIRED_NOT_CERTIFIED_FOR_REDISTRIBUTION,1,0,0,0,,1.20
7G-ATOM-0059,ATOMIC_SURFACE_FORM,barco,barco,barco,PROVISIONAL_IDENTITY_ANCHOR,NO_SAFE_COLLAPSE_APPLIED_BEFORE_PHASE14,NOUN,A1_CORE_NORMATIVE,PCIC_BASE_A1,PCIC_BASE_A1/7C,PCIC_BASE_A1,,,,PEDAGOGICAL_COGNATE_PARTIAL,barque,LOW,LOW_PROVISIONAL,PARTIAL,LOW,NO,NOT_YET_SENSE_NORMALIZED,INCLUDED,LEGAL_REVIEW_REQUIRED_NOT_CERTIFIED_FOR_REDISTRIBUTION,1,0,0,0,,1.20
7G-ATOM-0060,ATOMIC_SURFACE_FORM,bastante,bastante,bastante,PROVISIONAL_IDENTITY_ANCHOR,NO_SAFE_COLLAPSE_APPLIED_BEFORE_PHASE14,ADV_QUANT,A1_CORE_NORMATIVE,PCIC_BASE_A1,PCIC_BASE_A1/7C,PCIC_BASE_A1,,,,NO_OBVIOUS_PEDAGOGICAL_COGNATE_FIRST_PASS,,NOT_ASSESSED,NOT_ASSESSED,NOT_ASSESSED,NONE_IDENTIFIED,NO,NOT_YET_SENSE_NORMALIZED,INCLUDED,LEGAL_REVIEW_REQUIRED_NOT_CERTIFIED_FOR_REDISTRIBUTION,1,0,0,0,,1.20
7G-ATOM-0061,ATOMIC_SURFACE_FORM,bañarse,bañarse,bañarse,LEMMA_EXPLICIT_VERB,PHASE6_VERB_LEMMA_INVENTORY,VERB,A1_CORE_NORMATIVE,PCIC_BASE_A1,PCIC_BASE_A1/7C,PCIC_BASE_A1,,,,NO_OBVIOUS_PEDAGOGICAL_COGNATE_FIRST_PASS,,NOT_ASSESSED,NOT_ASSESSED,NOT_ASSESSED,NONE_IDENTIFIED,NO,NOT_YET_SENSE_NORMALIZED,INCLUDED,LEGAL_REVIEW_REQUIRED_NOT_CERTIFIED_FOR_REDISTRIBUTION,1,0,0,0,,1.20
7G-ATOM-0062,ATOMIC_SURFACE_FORM,baño,baño,baño,PROVISIONAL_IDENTITY_ANCHOR,NO_SAFE_COLLAPSE_APPLIED_BEFORE_PHASE14,NOUN,A1_CORE_NORMATIVE,PCIC_BASE_A1,PCIC_BASE_A1/7C,PCIC_BASE_A1,,,,NO_OBVIOUS_PEDAGOGICAL_COGNATE_FIRST_PASS,,NOT_ASSESSED,NOT_ASSESSED,NOT_ASSESSED,NONE_IDENTIFIED,NO,NOT_YET_SENSE_NORMALIZED,INCLUDED,LEGAL_REVIEW_REQUIRED_NOT_CERTIFIED_FOR_REDISTRIBUTION,1,0,0,0,,1.20
7G-ATOM-0063,ATOMIC_SURFACE_FORM,beber,beber,beber,LEMMA_EXPLICIT_VERB,PHASE6_VERB_LEMMA_INVENTORY,VERB,A1_CORE_NORMATIVE,PCIC_BASE_A1,PCIC_BASE_A1/7C,PCIC_BASE_A1,,,,NO_OBVIOUS_PEDAGOGICAL_COGNATE_FIRST_PASS,,NOT_ASSESSED,NOT_ASSESSED,NOT_ASSESSED,NONE_IDENTIFIED,NO,NOT_YET_SENSE_NORMALIZED,INCLUDED,LEGAL_REVIEW_REQUIRED_NOT_CERTIFIED_FOR_REDISTRIBUTION,1,0,0,0,,1.20
7G-ATOM-0064,ATOMIC_SURFACE_FORM,biblioteca,biblioteca,biblioteca,PROVISIONAL_IDENTITY_ANCHOR,NO_SAFE_COLLAPSE_APPLIED_BEFORE_PHASE14,NOUN,A1_CORE_NORMATIVE,PCIC_BASE_A1,PCIC_BASE_A1/7C,PCIC_BASE_A1,,,,NO_OBVIOUS_PEDAGOGICAL_COGNATE_FIRST_PASS,,NOT_ASSESSED,NOT_ASSESSED,NOT_ASSESSED,NONE_IDENTIFIED,NO,NOT_YET_SENSE_NORMALIZED,INCLUDED,LEGAL_REVIEW_REQUIRED_NOT_CERTIFIED_FOR_REDISTRIBUTION,1,0,0,0,,1.20
7G-ATOM-0065,ATOMIC_SURFACE_FORM,bien,bien,bien,PROVISIONAL_IDENTITY_ANCHOR,NO_SAFE_COLLAPSE_APPLIED_BEFORE_PHASE14,ADV_QUANT,A1_CORE_NORMATIVE,PCIC_BASE_A1,PCIC_BASE_A1/7C,PCIC_BASE_A1,,,,NO_OBVIOUS_PEDAGOGICAL_COGNATE_FIRST_PASS,,NOT_ASSESSED,NOT_ASSESSED,NOT_ASSESSED,NONE_IDENTIFIED,NO,NOT_YET_SENSE_NORMALIZED,INCLUDED,LEGAL_REVIEW_REQUIRED_NOT_CERTIFIED_FOR_REDISTRIBUTION,1,0,0,0,,1.20
7G-ATOM-0066,ATOMIC_SURFACE_FORM,bigote,bigote,bigote,PROVISIONAL_IDENTITY_ANCHOR,NO_SAFE_COLLAPSE_APPLIED_BEFORE_PHASE14,NOUN,A1_CORE_NORMATIVE,PCIC_BASE_A1,PCIC_BASE_A1/7C,PCIC_BASE_A1,,,,FALSE_FRIEND_OR_DECEPTIVE_OVERLAP,bigot,HIGH,FORM_SIMILARITY_ONLY,DIVERGENT,HIGH,NO,NOT_YET_SENSE_NORMALIZED,INCLUDED,LEGAL_REVIEW_REQUIRED_NOT_CERTIFIED_FOR_REDISTRIBUTION,1,0,0,0,,1.20
7G-ATOM-0067,ATOMIC_SURFACE_FORM,billete,billete,billete,PROVISIONAL_IDENTITY_ANCHOR,NO_SAFE_COLLAPSE_APPLIED_BEFORE_PHASE14,NOUN,A1_CORE_NORMATIVE,PCIC_BASE_A1,PCIC_BASE_A1/7C,PCIC_BASE_A1,,,,NO_OBVIOUS_PEDAGOGICAL_COGNATE_FIRST_PASS,,NOT_ASSESSED,NOT_ASSESSED,NOT_ASSESSED,NONE_IDENTIFIED,NO,NOT_YET_SENSE_NORMALIZED,INCLUDED,LEGAL_REVIEW_REQUIRED_NOT_CERTIFIED_FOR_REDISTRIBUTION,1,0,0,0,,1.20
7G-ATOM-0068,ATOMIC_SURFACE_FORM,blanco,blanco,blanco,PROVISIONAL_IDENTITY_ANCHOR,NO_SAFE_COLLAPSE_APPLIED_BEFORE_PHASE14,ADJ,A1_CORE_NORMATIVE,PCIC_BASE_A1,PCIC_BASE_A1/7C,PCIC_BASE_A1,,,,FALSE_FRIEND_OR_DECEPTIVE_OVERLAP,blank,MEDIUM,FORM_SIMILARITY_ONLY,DIVERGENT,MEDIUM,NO,NOT_YET_SENSE_NORMALIZED,INCLUDED,LEGAL_REVIEW_REQUIRED_NOT_CERTIFIED_FOR_REDISTRIBUTION,1,0,0,0,,1.20
7G-ATOM-0069,ATOMIC_SURFACE_FORM,bocadillo,bocadillo,bocadillo,PROVISIONAL_IDENTITY_ANCHOR,NO_SAFE_COLLAPSE_APPLIED_BEFORE_PHASE14,NOUN,A1_CORE_NORMATIVE,PCIC_BASE_A1,PCIC_BASE_A1/7C,PCIC_BASE_A1,,,,NO_OBVIOUS_PEDAGOGICAL_COGNATE_FIRST_PASS,,NOT_ASSESSED,NOT_ASSESSED,NOT_ASSESSED,NONE_IDENTIFIED,NO,NOT_YET_SENSE_NORMALIZED,INCLUDED,LEGAL_REVIEW_REQUIRED_NOT_CERTIFIED_FOR_REDISTRIBUTION,1,0,0,0,,1.20
7G-ATOM-0070,ATOMIC_SURFACE_FORM,boleto,boleto,boleto,PROVISIONAL_IDENTITY_ANCHOR,NO_SAFE_COLLAPSE_APPLIED_BEFORE_PHASE14,NOUN,A1_REGIONAL_RECEPTIVE,7C_REGIONAL_VARIATION,7C_MIXED_SOURCES,7C_REGIONAL_VARIATION,A1_REGIONAL_RECEPTIVE,Hispanoamérica,TARGET_PROFILE_ONLY,NO_OBVIOUS_PEDAGOGICAL_COGNATE_FIRST_PASS,,NOT_ASSESSED,NOT_ASSESSED,NOT_ASSESSED,NONE_IDENTIFIED,NO,NOT_YET_SENSE_NORMALIZED,INCLUDED,LEGAL_REVIEW_REQUIRED_NOT_CERTIFIED_FOR_REDISTRIBUTION,1,0,0,0,,1.20
7G-ATOM-0071,ATOMIC_SURFACE_FORM,bolso,bolso,bolso,PROVISIONAL_IDENTITY_ANCHOR,NO_SAFE_COLLAPSE_APPLIED_BEFORE_PHASE14,NOUN,A1_CORE_NORMATIVE,PCIC_BASE_A1,PCIC_BASE_A1/7C,PCIC_BASE_A1,,,,NO_OBVIOUS_PEDAGOGICAL_COGNATE_FIRST_PASS,,NOT_ASSESSED,NOT_ASSESSED,NOT_ASSESSED,NONE_IDENTIFIED,NO,NOT_YET_SENSE_NORMALIZED,INCLUDED,LEGAL_REVIEW_REQUIRED_NOT_CERTIFIED_FOR_REDISTRIBUTION,1,0,0,0,,1.20
7G-ATOM-0072,ATOMIC_SURFACE_FORM,bolígrafo,bolígrafo,bolígrafo,PROVISIONAL_IDENTITY_ANCHOR,NO_SAFE_COLLAPSE_APPLIED_BEFORE_PHASE14,NOUN,A1_CORE_NORMATIVE,PCIC_BASE_A1,PCIC_BASE_A1/7C,PCIC_BASE_A1,,,,NO_OBVIOUS_PEDAGOGICAL_COGNATE_FIRST_PASS,,NOT_ASSESSED,NOT_ASSESSED,NOT_ASSESSED,NONE_IDENTIFIED,NO,NOT_YET_SENSE_NORMALIZED,INCLUDED,LEGAL_REVIEW_REQUIRED_NOT_CERTIFIED_FOR_REDISTRIBUTION,1,0,0,0,,1.20
7G-ATOM-0073,ATOMIC_SURFACE_FORM,bombero,bombero,bombero,PROVISIONAL_IDENTITY_ANCHOR,NO_SAFE_COLLAPSE_APPLIED_BEFORE_PHASE14,NOUN,A1_CORE_NORMATIVE,PCIC_BASE_A1,PCIC_BASE_A1/7C,PCIC_BASE_A1,,,,NO_OBVIOUS_PEDAGOGICAL_COGNATE_FIRST_PASS,,NOT_ASSESSED,NOT_ASSESSED,NOT_ASSESSED,NONE_IDENTIFIED,NO,NOT_YET_SENSE_NORMALIZED,INCLUDED,LEGAL_REVIEW_REQUIRED_NOT_CERTIFIED_FOR_REDISTRIBUTION,1,0,0,0,,1.20
7G-ATOM-0074,ATOMIC_SURFACE_FORM,bonito,bonito,bonito,PROVISIONAL_IDENTITY_ANCHOR,NO_SAFE_COLLAPSE_APPLIED_BEFORE_PHASE14,ADJ,A1_CORE_NORMATIVE,PCIC_BASE_A1,PCIC_BASE_A1/7C,PCIC_BASE_A1,,,,FALSE_FRIEND_OR_DECEPTIVE_OVERLAP,bonito,VERY_HIGH,FORM_SIMILARITY_ONLY,DIVERGENT,MEDIUM,NO,NOT_YET_SENSE_NORMALIZED,INCLUDED,LEGAL_REVIEW_REQUIRED_NOT_CERTIFIED_FOR_REDISTRIBUTION,1,0,0,0,,1.20
7G-ATOM-0075,ATOMIC_SURFACE_FORM,budista,budista,budista,PROVISIONAL_IDENTITY_ANCHOR,NO_SAFE_COLLAPSE_APPLIED_BEFORE_PHASE14,ADJ_NOUN,A1_CORE_NORMATIVE,PCIC_BASE_A1,PCIC_BASE_A1/7C,PCIC_BASE_A1,,,,TRUE_COGNATE,Buddhist,MEDIUM,LOW_PROVISIONAL,FULL,NONE,YES,SPLIT_REQUIRED_OR_DOCUMENTED,INCLUDED,LEGAL_REVIEW_REQUIRED_NOT_CERTIFIED_FOR_REDISTRIBUTION,1,0,0,0,Explicitly documented as requiring multiple POS/sense/source assertions or later split.,1.20
7G-ATOM-0076,ATOMIC_SURFACE_FORM,bueno,bueno,bueno,PROVISIONAL_IDENTITY_ANCHOR,NO_SAFE_COLLAPSE_APPLIED_BEFORE_PHASE14,ADJ,A1_CORE_NORMATIVE,PCIC_BASE_A1,PCIC_BASE_A1/7C,PCIC_BASE_A1,,,,NO_OBVIOUS_PEDAGOGICAL_COGNATE_FIRST_PASS,,NOT_ASSESSED,NOT_ASSESSED,NOT_ASSESSED,NONE_IDENTIFIED,NO,NOT_YET_SENSE_NORMALIZED,INCLUDED,LEGAL_REVIEW_REQUIRED_NOT_CERTIFIED_FOR_REDISTRIBUTION,1,0,0,0,,1.20
7G-ATOM-0077,ATOMIC_SURFACE_FORM,café,café,café,PROVISIONAL_IDENTITY_ANCHOR,NO_SAFE_COLLAPSE_APPLIED_BEFORE_PHASE14,NOUN,A1_CORE_NORMATIVE,PCIC_BASE_A1,PCIC_BASE_A1/7C,PCIC_BASE_A1,,,,TRUE_COGNATE,cafe,VERY_HIGH,HIGH_PROVISIONAL,FULL,NONE,YES,SPLIT_REQUIRED_OR_DOCUMENTED,INCLUDED,LEGAL_REVIEW_REQUIRED_NOT_CERTIFIED_FOR_REDISTRIBUTION,1,0,0,0,Explicitly documented as requiring multiple POS/sense/source assertions or later split. Beverage/establishment split flagged in Phase 1–6 audit.,1.20
7G-ATOM-0078,ATOMIC_SURFACE_FORM,calefacción,calefacción,calefacción,PROVISIONAL_IDENTITY_ANCHOR,NO_SAFE_COLLAPSE_APPLIED_BEFORE_PHASE14,NOUN,A1_CORE_NORMATIVE,PCIC_BASE_A1,PCIC_BASE_A1/7C,PCIC_BASE_A1,,,,NO_OBVIOUS_PEDAGOGICAL_COGNATE_FIRST_PASS,,NOT_ASSESSED,NOT_ASSESSED,NOT_ASSESSED,NONE_IDENTIFIED,NO,NOT_YET_SENSE_NORMALIZED,INCLUDED,LEGAL_REVIEW_REQUIRED_NOT_CERTIFIED_FOR_REDISTRIBUTION,1,0,0,0,,1.20
7G-ATOM-0079,ATOMIC_SURFACE_FORM,caliente,caliente,caliente,PROVISIONAL_IDENTITY_ANCHOR,NO_SAFE_COLLAPSE_APPLIED_BEFORE_PHASE14,ADJ,A1_CORE_NORMATIVE,PCIC_BASE_A1,PCIC_BASE_A1/7C,PCIC_BASE_A1,,,,NO_OBVIOUS_PEDAGOGICAL_COGNATE_FIRST_PASS,,NOT_ASSESSED,NOT_ASSESSED,NOT_ASSESSED,NONE_IDENTIFIED,NO,NOT_YET_SENSE_NORMALIZED,INCLUDED,LEGAL_REVIEW_REQUIRED_NOT_CERTIFIED_FOR_REDISTRIBUTION,1,0,0,0,,1.20
7G-ATOM-0080,ATOMIC_SURFACE_FORM,calle,calle,calle,PROVISIONAL_IDENTITY_ANCHOR,NO_SAFE_COLLAPSE_APPLIED_BEFORE_PHASE14,NOUN,A1_CORE_NORMATIVE,PCIC_BASE_A1,PCIC_BASE_A1/7C,PCIC_BASE_A1,,,,NO_OBVIOUS_PEDAGOGICAL_COGNATE_FIRST_PASS,,NOT_ASSESSED,NOT_ASSESSED,NOT_ASSESSED,NONE_IDENTIFIED,NO,NOT_YET_SENSE_NORMALIZED,INCLUDED,LEGAL_REVIEW_REQUIRED_NOT_CERTIFIED_FOR_REDISTRIBUTION,1,0,0,0,,1.20
7G-ATOM-0081,ATOMIC_SURFACE_FORM,calor,calor,calor,PROVISIONAL_IDENTITY_ANCHOR,NO_SAFE_COLLAPSE_APPLIED_BEFORE_PHASE14,NOUN,A1_CORE_NORMATIVE,PCIC_BASE_A1,PCIC_BASE_A1/7C,PCIC_BASE_A1,,,,PEDAGOGICAL_COGNATE_PARTIAL,calor,VERY_HIGH,HIGH_PROVISIONAL,PARTIAL,LOW,NO,NOT_YET_SENSE_NORMALIZED,INCLUDED,LEGAL_REVIEW_REQUIRED_NOT_CERTIFIED_FOR_REDISTRIBUTION,1,0,0,0,,1.20
7G-ATOM-0082,ATOMIC_SURFACE_FORM,cama,cama,cama,PROVISIONAL_IDENTITY_ANCHOR,NO_SAFE_COLLAPSE_APPLIED_BEFORE_PHASE14,NOUN,A1_CORE_NORMATIVE,PCIC_BASE_A1,PCIC_BASE_A1/7C,PCIC_BASE_A1,,,,NO_OBVIOUS_PEDAGOGICAL_COGNATE_FIRST_PASS,,NOT_ASSESSED,NOT_ASSESSED,NOT_ASSESSED,NONE_IDENTIFIED,NO,NOT_YET_SENSE_NORMALIZED,INCLUDED,LEGAL_REVIEW_REQUIRED_NOT_CERTIFIED_FOR_REDISTRIBUTION,1,0,0,0,,1.20
7G-ATOM-0083,ATOMIC_SURFACE_FORM,camarero,camarero,camarero,PROVISIONAL_IDENTITY_ANCHOR,NO_SAFE_COLLAPSE_APPLIED_BEFORE_PHASE14,NOUN,A1_CORE_NORMATIVE,PCIC_BASE_A1,PCIC_BASE_A1/7C,PCIC_BASE_A1,,,,NO_OBVIOUS_PEDAGOGICAL_COGNATE_FIRST_PASS,,NOT_ASSESSED,NOT_ASSESSED,NOT_ASSESSED,NONE_IDENTIFIED,NO,NOT_YET_SENSE_NORMALIZED,INCLUDED,LEGAL_REVIEW_REQUIRED_NOT_CERTIFIED_FOR_REDISTRIBUTION,1,0,0,0,,1.20
7G-ATOM-0084,ATOMIC_SURFACE_FORM,cambiar,cambiar,cambiar,LEMMA_EXPLICIT_VERB,PHASE6_VERB_LEMMA_INVENTORY,VERB,A1_CORE_NORMATIVE,PCIC_BASE_A1,PCIC_BASE_A1/7C,PCIC_BASE_A1,,,,NO_OBVIOUS_PEDAGOGICAL_COGNATE_FIRST_PASS,,NOT_ASSESSED,NOT_ASSESSED,NOT_ASSESSED,NONE_IDENTIFIED,NO,NOT_YET_SENSE_NORMALIZED,INCLUDED,LEGAL_REVIEW_REQUIRED_NOT_CERTIFIED_FOR_REDISTRIBUTION,1,0,0,0,,1.20
7G-ATOM-0085,ATOMIC_SURFACE_FORM,camisa,camisa,camisa,PROVISIONAL_IDENTITY_ANCHOR,NO_SAFE_COLLAPSE_APPLIED_BEFORE_PHASE14,NOUN,A1_CORE_NORMATIVE,PCIC_BASE_A1,PCIC_BASE_A1/7C,PCIC_BASE_A1,,,,PEDAGOGICAL_COGNATE_PARTIAL,chemise,LOW,LOW_PROVISIONAL,PARTIAL,LOW,NO,NOT_YET_SENSE_NORMALIZED,INCLUDED,LEGAL_REVIEW_REQUIRED_NOT_CERTIFIED_FOR_REDISTRIBUTION,1,0,0,0,,1.20
7G-ATOM-0086,ATOMIC_SURFACE_FORM,campin,campin,campin,PROVISIONAL_IDENTITY_ANCHOR,NO_SAFE_COLLAPSE_APPLIED_BEFORE_PHASE14,NOUN,A1_CORE_NORMATIVE,PCIC_BASE_A1,PCIC_BASE_A1/7C,PCIC_BASE_A1,,,,INTERNATIONALISM_OR_BORROWING,camping,HIGH,MEDIUM_PROVISIONAL,FULL,LOW,NO,NOT_YET_SENSE_NORMALIZED,INCLUDED,LEGAL_REVIEW_REQUIRED_NOT_CERTIFIED_FOR_REDISTRIBUTION,1,0,0,0,,1.20
7G-ATOM-0087,ATOMIC_SURFACE_FORM,campo,campo,campo,PROVISIONAL_IDENTITY_ANCHOR,NO_SAFE_COLLAPSE_APPLIED_BEFORE_PHASE14,NOUN,A1_CORE_NORMATIVE,PCIC_BASE_A1,PCIC_BASE_A1/7C,PCIC_BASE_A1,,,,FALSE_FRIEND_OR_DECEPTIVE_OVERLAP,camp,HIGH,FORM_SIMILARITY_ONLY,DIVERGENT,MEDIUM,NO,NOT_YET_SENSE_NORMALIZED,INCLUDED,LEGAL_REVIEW_REQUIRED_NOT_CERTIFIED_FOR_REDISTRIBUTION,1,0,0,0,,1.20
7G-ATOM-0088,ATOMIC_SURFACE_FORM,canción,canción,canción,PROVISIONAL_IDENTITY_ANCHOR,NO_SAFE_COLLAPSE_APPLIED_BEFORE_PHASE14,NOUN,A1_CORE_NORMATIVE,PCIC_BASE_A1,PCIC_BASE_A1/7C,PCIC_BASE_A1,,,,NO_OBVIOUS_PEDAGOGICAL_COGNATE_FIRST_PASS,,NOT_ASSESSED,NOT_ASSESSED,NOT_ASSESSED,NONE_IDENTIFIED,NO,NOT_YET_SENSE_NORMALIZED,INCLUDED,LEGAL_REVIEW_REQUIRED_NOT_CERTIFIED_FOR_REDISTRIBUTION,1,0,0,0,,1.20
7G-ATOM-0089,ATOMIC_SURFACE_FORM,cantante,cantante,cantante,PROVISIONAL_IDENTITY_ANCHOR,NO_SAFE_COLLAPSE_APPLIED_BEFORE_PHASE14,NOUN,A1_CORE_NORMATIVE,PCIC_BASE_A1,PCIC_BASE_A1/7C,PCIC_BASE_A1,,,,NO_OBVIOUS_PEDAGOGICAL_COGNATE_FIRST_PASS,,NOT_ASSESSED,NOT_ASSESSED,NOT_ASSESSED,NONE_IDENTIFIED,NO,NOT_YET_SENSE_NORMALIZED,INCLUDED,LEGAL_REVIEW_REQUIRED_NOT_CERTIFIED_FOR_REDISTRIBUTION,1,0,0,0,,1.20
7G-ATOM-0090,ATOMIC_SURFACE_FORM,cantar,cantar,cantar,LEMMA_EXPLICIT_VERB,PHASE6_VERB_LEMMA_INVENTORY,VERB,A1_CORE_NORMATIVE,PCIC_BASE_A1,PCIC_BASE_A1/7C,PCIC_BASE_A1,,,,PEDAGOGICAL_COGNATE_PARTIAL,chant,LOW,LOW_PROVISIONAL,PARTIAL,MEDIUM,NO,NOT_YET_SENSE_NORMALIZED,INCLUDED,LEGAL_REVIEW_REQUIRED_NOT_CERTIFIED_FOR_REDISTRIBUTION,1,0,0,0,,1.20
7G-ATOM-0091,ATOMIC_SURFACE_FORM,capital,capital,capital,PROVISIONAL_IDENTITY_ANCHOR,NO_SAFE_COLLAPSE_APPLIED_BEFORE_PHASE14,NOUN,A1_CORE_NORMATIVE,PCIC_BASE_A1,PCIC_BASE_A1/7C,PCIC_BASE_A1,,,,TRUE_COGNATE,capital,VERY_HIGH,HIGH_PROVISIONAL,FULL,NONE,NO,NOT_YET_SENSE_NORMALIZED,INCLUDED,LEGAL_REVIEW_REQUIRED_NOT_CERTIFIED_FOR_REDISTRIBUTION,1,0,0,0,,1.20
7G-ATOM-0092,ATOMIC_SURFACE_FORM,cara,cara,cara,PROVISIONAL_IDENTITY_ANCHOR,NO_SAFE_COLLAPSE_APPLIED_BEFORE_PHASE14,NOUN,A1_CORE_NORMATIVE,PCIC_BASE_A1,PCIC_BASE_A1/7C,PCIC_BASE_A1,,,,NO_OBVIOUS_PEDAGOGICAL_COGNATE_FIRST_PASS,,NOT_ASSESSED,NOT_ASSESSED,NOT_ASSESSED,NONE_IDENTIFIED,NO,NOT_YET_SENSE_NORMALIZED,INCLUDED,LEGAL_REVIEW_REQUIRED_NOT_CERTIFIED_FOR_REDISTRIBUTION,1,0,0,0,,1.20
7G-ATOM-0093,ATOMIC_SURFACE_FORM,carne,carne,carne,PROVISIONAL_IDENTITY_ANCHOR,NO_SAFE_COLLAPSE_APPLIED_BEFORE_PHASE14,NOUN,A1_CORE_NORMATIVE,PCIC_BASE_A1,PCIC_BASE_A1/7C,PCIC_BASE_A1,,,,NO_OBVIOUS_PEDAGOGICAL_COGNATE_FIRST_PASS,,NOT_ASSESSED,NOT_ASSESSED,NOT_ASSESSED,NONE_IDENTIFIED,NO,NOT_YET_SENSE_NORMALIZED,INCLUDED,LEGAL_REVIEW_REQUIRED_NOT_CERTIFIED_FOR_REDISTRIBUTION,1,0,0,0,,1.20
7G-ATOM-0094,ATOMIC_SURFACE_FORM,carné,carné,carné,PROVISIONAL_IDENTITY_ANCHOR,NO_SAFE_COLLAPSE_APPLIED_BEFORE_PHASE14,NOUN,A1_CORE_NORMATIVE,PCIC_BASE_A1,PCIC_BASE_A1/7C,PCIC_BASE_A1,,,,NO_OBVIOUS_PEDAGOGICAL_COGNATE_FIRST_PASS,,NOT_ASSESSED,NOT_ASSESSED,NOT_ASSESSED,NONE_IDENTIFIED,NO,NOT_YET_SENSE_NORMALIZED,INCLUDED,LEGAL_REVIEW_REQUIRED_NOT_CERTIFIED_FOR_REDISTRIBUTION,1,0,0,0,,1.20
7G-ATOM-0095,ATOMIC_SURFACE_FORM,caro,caro,caro,PROVISIONAL_IDENTITY_ANCHOR,NO_SAFE_COLLAPSE_APPLIED_BEFORE_PHASE14,ADJ,A1_CORE_NORMATIVE,PCIC_BASE_A1,PCIC_BASE_A1/7C,PCIC_BASE_A1,,,,NO_OBVIOUS_PEDAGOGICAL_COGNATE_FIRST_PASS,,NOT_ASSESSED,NOT_ASSESSED,NOT_ASSESSED,NONE_IDENTIFIED,NO,NOT_YET_SENSE_NORMALIZED,INCLUDED,LEGAL_REVIEW_REQUIRED_NOT_CERTIFIED_FOR_REDISTRIBUTION,1,0,0,0,,1.20
7G-ATOM-0096,ATOMIC_SURFACE_FORM,carretera,carretera,carretera,PROVISIONAL_IDENTITY_ANCHOR,NO_SAFE_COLLAPSE_APPLIED_BEFORE_PHASE14,NOUN,A1_CORE_NORMATIVE,PCIC_BASE_A1,PCIC_BASE_A1/7C,PCIC_BASE_A1,,,,NO_OBVIOUS_PEDAGOGICAL_COGNATE_FIRST_PASS,,NOT_ASSESSED,NOT_ASSESSED,NOT_ASSESSED,NONE_IDENTIFIED,NO,NOT_YET_SENSE_NORMALIZED,INCLUDED,LEGAL_REVIEW_REQUIRED_NOT_CERTIFIED_FOR_REDISTRIBUTION,1,0,0,0,,1.20
7G-ATOM-0097,ATOMIC_SURFACE_FORM,carro,carro,carro,PROVISIONAL_IDENTITY_ANCHOR,NO_SAFE_COLLAPSE_APPLIED_BEFORE_PHASE14,NOUN,A1_REGIONAL_RECEPTIVE,7C_REGIONAL_VARIATION,7C_MIXED_SOURCES,7C_REGIONAL_VARIATION,A1_REGIONAL_RECEPTIVE,Hispanoamérica,TARGET_PROFILE_ONLY,PEDAGOGICAL_COGNATE_PARTIAL,car,MEDIUM,LOW_PROVISIONAL,FULL,LOW,NO,NOT_YET_SENSE_NORMALIZED,INCLUDED,LEGAL_REVIEW_REQUIRED_NOT_CERTIFIED_FOR_REDISTRIBUTION,1,0,0,0,,1.20
7G-ATOM-0098,ATOMIC_SURFACE_FORM,carta,carta,carta,PROVISIONAL_IDENTITY_ANCHOR,NO_SAFE_COLLAPSE_APPLIED_BEFORE_PHASE14,NOUN,A1_CORE_NORMATIVE,PCIC_BASE_A1,PCIC_BASE_A1/7C,PCIC_BASE_A1,,,,SENSE_DEPENDENT_COGNATE,card,MEDIUM,LOW_PROVISIONAL,PARTIAL,MEDIUM,NO,NOT_YET_SENSE_NORMALIZED,INCLUDED,LEGAL_REVIEW_REQUIRED_NOT_CERTIFIED_FOR_REDISTRIBUTION,1,0,0,0,,1.20
7G-ATOM-0099,ATOMIC_SURFACE_FORM,cartera,cartera,cartera,PROVISIONAL_IDENTITY_ANCHOR,NO_SAFE_COLLAPSE_APPLIED_BEFORE_PHASE14,NOUN,A1_CORE_NORMATIVE,PCIC_BASE_A1,PCIC_BASE_A1/7C,PCIC_BASE_A1,,,,NO_OBVIOUS_PEDAGOGICAL_COGNATE_FIRST_PASS,,NOT_ASSESSED,NOT_ASSESSED,NOT_ASSESSED,NONE_IDENTIFIED,NO,NOT_YET_SENSE_NORMALIZED,INCLUDED,LEGAL_REVIEW_REQUIRED_NOT_CERTIFIED_FOR_REDISTRIBUTION,1,0,0,0,,1.20
7G-ATOM-0100,ATOMIC_SURFACE_FORM,casa,casa,casa,PROVISIONAL_IDENTITY_ANCHOR,NO_SAFE_COLLAPSE_APPLIED_BEFORE_PHASE14,NOUN,A1_CORE_NORMATIVE,PCIC_BASE_A1,PCIC_BASE_A1/7C,PCIC_BASE_A1,,,,NO_OBVIOUS_PEDAGOGICAL_COGNATE_FIRST_PASS,,NOT_ASSESSED,NOT_ASSESSED,NOT_ASSESSED,NONE_IDENTIFIED,NO,NOT_YET_SENSE_NORMALIZED,INCLUDED,LEGAL_REVIEW_REQUIRED_NOT_CERTIFIED_FOR_REDISTRIBUTION,1,0,0,0,,1.20
7G-ATOM-0101,ATOMIC_SURFACE_FORM,casado,casado,casado,PROVISIONAL_IDENTITY_ANCHOR,NO_SAFE_COLLAPSE_APPLIED_BEFORE_PHASE14,ADJ,A1_CORE_NORMATIVE,PCIC_BASE_A1,PCIC_BASE_A1/7C,PCIC_BASE_A1,,,,NO_OBVIOUS_PEDAGOGICAL_COGNATE_FIRST_PASS,,NOT_ASSESSED,NOT_ASSESSED,NOT_ASSESSED,NONE_IDENTIFIED,NO,NOT_YET_SENSE_NORMALIZED,INCLUDED,LEGAL_REVIEW_REQUIRED_NOT_CERTIFIED_FOR_REDISTRIBUTION,1,0,0,0,,1.20
7G-ATOM-0102,ATOMIC_SURFACE_FORM,catedral,catedral,catedral,PROVISIONAL_IDENTITY_ANCHOR,NO_SAFE_COLLAPSE_APPLIED_BEFORE_PHASE14,NOUN,A1_CORE_NORMATIVE,PCIC_BASE_A1,PCIC_BASE_A1/7C,PCIC_BASE_A1,,,,TRUE_COGNATE,cathedral,HIGH,MEDIUM_PROVISIONAL,FULL,NONE,NO,NOT_YET_SENSE_NORMALIZED,INCLUDED,LEGAL_REVIEW_REQUIRED_NOT_CERTIFIED_FOR_REDISTRIBUTION,1,0,0,0,,1.20
7G-ATOM-0103,ATOMIC_SURFACE_FORM,celular,celular,celular,PROVISIONAL_IDENTITY_ANCHOR,NO_SAFE_COLLAPSE_APPLIED_BEFORE_PHASE14,NOUN,A1_REGIONAL_RECEPTIVE,7C_REGIONAL_VARIATION,7C_MIXED_SOURCES,7C_REGIONAL_VARIATION,A1_REGIONAL_RECEPTIVE,Hispanoamérica,TARGET_PROFILE_ONLY,SENSE_DEPENDENT_COGNATE,cellular,HIGH,MEDIUM_PROVISIONAL,PARTIAL,HIGH,NO,NOT_YET_SENSE_NORMALIZED,INCLUDED,LEGAL_REVIEW_REQUIRED_NOT_CERTIFIED_FOR_REDISTRIBUTION,1,0,0,0,,1.20
7G-ATOM-0104,ATOMIC_SURFACE_FORM,cena,cena,cena,PROVISIONAL_IDENTITY_ANCHOR,NO_SAFE_COLLAPSE_APPLIED_BEFORE_PHASE14,NOUN,A1_CORE_NORMATIVE,PCIC_BASE_A1,PCIC_BASE_A1/7C,PCIC_BASE_A1,,,,NO_OBVIOUS_PEDAGOGICAL_COGNATE_FIRST_PASS,,NOT_ASSESSED,NOT_ASSESSED,NOT_ASSESSED,NONE_IDENTIFIED,NO,NOT_YET_SENSE_NORMALIZED,INCLUDED,LEGAL_REVIEW_REQUIRED_NOT_CERTIFIED_FOR_REDISTRIBUTION,1,0,0,0,,1.20
7G-ATOM-0105,ATOMIC_SURFACE_FORM,cenar,cenar,cenar,LEMMA_EXPLICIT_VERB,PHASE6_VERB_LEMMA_INVENTORY,VERB,A1_CORE_NORMATIVE,PCIC_BASE_A1,PCIC_BASE_A1/7C,PCIC_BASE_A1,,,,NO_OBVIOUS_PEDAGOGICAL_COGNATE_FIRST_PASS,,NOT_ASSESSED,NOT_ASSESSED,NOT_ASSESSED,NONE_IDENTIFIED,NO,NOT_YET_SENSE_NORMALIZED,INCLUDED,LEGAL_REVIEW_REQUIRED_NOT_CERTIFIED_FOR_REDISTRIBUTION,1,0,0,0,,1.20
7G-ATOM-0106,ATOMIC_SURFACE_FORM,centavo,centavo,centavo,PROVISIONAL_IDENTITY_ANCHOR,NO_SAFE_COLLAPSE_APPLIED_BEFORE_PHASE14,NOUN,A1_REGIONAL_RECEPTIVE,7C_REGIONAL_VARIATION,7C_MIXED_SOURCES,7C_REGIONAL_VARIATION,A1_REGIONAL_RECEPTIVE,Hispanoamérica,TARGET_PROFILE_ONLY,PEDAGOGICAL_COGNATE_PARTIAL,cent,LOW,LOW_PROVISIONAL,PARTIAL,LOW,NO,NOT_YET_SENSE_NORMALIZED,INCLUDED,LEGAL_REVIEW_REQUIRED_NOT_CERTIFIED_FOR_REDISTRIBUTION,1,0,0,0,,1.20
7G-ATOM-0107,ATOMIC_SURFACE_FORM,central,central,central,PROVISIONAL_IDENTITY_ANCHOR,NO_SAFE_COLLAPSE_APPLIED_BEFORE_PHASE14,ADJ,A1_CORE_NORMATIVE,PCIC_BASE_A1,PCIC_BASE_A1/7C,PCIC_BASE_A1,,,,TRUE_COGNATE,central,VERY_HIGH,HIGH_PROVISIONAL,FULL,NONE,NO,NOT_YET_SENSE_NORMALIZED,INCLUDED,LEGAL_REVIEW_REQUIRED_NOT_CERTIFIED_FOR_REDISTRIBUTION,1,0,0,0,,1.20
7G-ATOM-0108,ATOMIC_SURFACE_FORM,centro,centro,centro,PROVISIONAL_IDENTITY_ANCHOR,NO_SAFE_COLLAPSE_APPLIED_BEFORE_PHASE14,NOUN,A1_CORE_NORMATIVE,PCIC_BASE_A1,PCIC_BASE_A1/7C,PCIC_BASE_A1,,,,TRUE_COGNATE,center,MEDIUM,LOW_PROVISIONAL,FULL,NONE,NO,NOT_YET_SENSE_NORMALIZED,INCLUDED,LEGAL_REVIEW_REQUIRED_NOT_CERTIFIED_FOR_REDISTRIBUTION,1,0,0,0,,1.20
7G-ATOM-0109,ATOMIC_SURFACE_FORM,cerca,cerca,cerca,PROVISIONAL_IDENTITY_ANCHOR,NO_SAFE_COLLAPSE_APPLIED_BEFORE_PHASE14,ADV_QUANT,A1_CORE_NORMATIVE,PCIC_BASE_A1,PCIC_BASE_A1/7C,PCIC_BASE_A1,,,,NO_OBVIOUS_PEDAGOGICAL_COGNATE_FIRST_PASS,,NOT_ASSESSED,NOT_ASSESSED,NOT_ASSESSED,NONE_IDENTIFIED,NO,NOT_YET_SENSE_NORMALIZED,INCLUDED,LEGAL_REVIEW_REQUIRED_NOT_CERTIFIED_FOR_REDISTRIBUTION,1,0,0,0,,1.20
7G-ATOM-0110,ATOMIC_SURFACE_FORM,cerrado,cerrado,cerrado,PROVISIONAL_IDENTITY_ANCHOR,NO_SAFE_COLLAPSE_APPLIED_BEFORE_PHASE14,ADJ,A1_CORE_NORMATIVE,PCIC_BASE_A1,PCIC_BASE_A1/7C,PCIC_BASE_A1,,,,NO_OBVIOUS_PEDAGOGICAL_COGNATE_FIRST_PASS,,NOT_ASSESSED,NOT_ASSESSED,NOT_ASSESSED,NONE_IDENTIFIED,NO,NOT_YET_SENSE_NORMALIZED,INCLUDED,LEGAL_REVIEW_REQUIRED_NOT_CERTIFIED_FOR_REDISTRIBUTION,1,0,0,0,,1.20
7G-ATOM-0111,ATOMIC_SURFACE_FORM,cerrar,cerrar,cerrar,LEMMA_EXPLICIT_VERB,PHASE6_VERB_LEMMA_INVENTORY,VERB,A1_CORE_NORMATIVE,PCIC_BASE_A1,PCIC_BASE_A1/7C,PCIC_BASE_A1,,,,NO_OBVIOUS_PEDAGOGICAL_COGNATE_FIRST_PASS,,NOT_ASSESSED,NOT_ASSESSED,NOT_ASSESSED,NONE_IDENTIFIED,NO,NOT_YET_SENSE_NORMALIZED,INCLUDED,LEGAL_REVIEW_REQUIRED_NOT_CERTIFIED_FOR_REDISTRIBUTION,1,0,0,0,,1.20
7G-ATOM-0112,ATOMIC_SURFACE_FORM,cerveza,cerveza,cerveza,PROVISIONAL_IDENTITY_ANCHOR,NO_SAFE_COLLAPSE_APPLIED_BEFORE_PHASE14,NOUN,A1_CORE_NORMATIVE,PCIC_BASE_A1,PCIC_BASE_A1/7C,PCIC_BASE_A1,,,,NO_OBVIOUS_PEDAGOGICAL_COGNATE_FIRST_PASS,,NOT_ASSESSED,NOT_ASSESSED,NOT_ASSESSED,NONE_IDENTIFIED,NO,NOT_YET_SENSE_NORMALIZED,INCLUDED,LEGAL_REVIEW_REQUIRED_NOT_CERTIFIED_FOR_REDISTRIBUTION,1,0,0,0,,1.20
7G-ATOM-0113,ATOMIC_SURFACE_FORM,chao,chao,chao,PROVISIONAL_IDENTITY_ANCHOR,NO_SAFE_COLLAPSE_APPLIED_BEFORE_PHASE14,FORMULA,A1_CORE_NORMATIVE,PCIC_BASE_A1,PCIC_BASE_A1/7C,PCIC_BASE_A1,,,,INTERNATIONALISM_OR_BORROWING,ciao,HIGH,MEDIUM_PROVISIONAL,FULL,LOW,NO,NOT_YET_SENSE_NORMALIZED,INCLUDED,LEGAL_REVIEW_REQUIRED_NOT_CERTIFIED_FOR_REDISTRIBUTION,1,0,0,0,,1.20
7G-ATOM-0114,ATOMIC_SURFACE_FORM,chica,chica,chico,COLLAPSED_TO_EXISTING_CANONICAL_ANCHOR,EXPLICIT_MORPHOLOGICAL_OR_ORTHOGRAPHIC_COLLAPSE_FROM_PRIOR_PHASES,NOUN,A1_CORE_NORMATIVE,7B_SURFACE_CORRECTION,PCIC_BASE_A1/7C,7B_SURFACE_CORRECTION,,,,NO_OBVIOUS_PEDAGOGICAL_COGNATE_FIRST_PASS,,NOT_ASSESSED,NOT_ASSESSED,NOT_ASSESSED,NONE_IDENTIFIED,NO,NOT_YET_SENSE_NORMALIZED,INCLUDED,LEGAL_REVIEW_REQUIRED_NOT_CERTIFIED_FOR_REDISTRIBUTION,1,0,0,0,,1.20
7G-ATOM-0115,ATOMIC_SURFACE_FORM,chico,chico,chico,PROVISIONAL_IDENTITY_ANCHOR,NO_SAFE_COLLAPSE_APPLIED_BEFORE_PHASE14,NOUN,A1_CORE_NORMATIVE,PCIC_BASE_A1,PCIC_BASE_A1/7C,PCIC_BASE_A1,,,,NO_OBVIOUS_PEDAGOGICAL_COGNATE_FIRST_PASS,,NOT_ASSESSED,NOT_ASSESSED,NOT_ASSESSED,NONE_IDENTIFIED,NO,NOT_YET_SENSE_NORMALIZED,INCLUDED,LEGAL_REVIEW_REQUIRED_NOT_CERTIFIED_FOR_REDISTRIBUTION,1,0,0,0,,1.20
7G-ATOM-0116,ATOMIC_SURFACE_FORM,chofer,chofer,chofer,PROVISIONAL_IDENTITY_ANCHOR,NO_SAFE_COLLAPSE_APPLIED_BEFORE_PHASE14,NOUN_COMMON_GENDER,A1_REGIONAL_RECEPTIVE,7C_REGIONAL_VARIATION,7C_MIXED_SOURCES,7C_REGIONAL_VARIATION,A1_REGIONAL_RECEPTIVE,Hispanoamérica,TARGET_PROFILE_ONLY,PEDAGOGICAL_COGNATE_PARTIAL,chauffeur,LOW,LOW_PROVISIONAL,PARTIAL,LOW,NO,NOT_YET_SENSE_NORMALIZED,INCLUDED,LEGAL_REVIEW_REQUIRED_NOT_CERTIFIED_FOR_REDISTRIBUTION,1,0,0,0,,1.20
7G-ATOM-0117,ATOMIC_SURFACE_FORM,cine,cine,cine,PROVISIONAL_IDENTITY_ANCHOR,NO_SAFE_COLLAPSE_APPLIED_BEFORE_PHASE14,NOUN,A1_CORE_NORMATIVE,PCIC_BASE_A1,PCIC_BASE_A1/7C,PCIC_BASE_A1,,,,TRUE_COGNATE,cinema,MEDIUM,LOW_PROVISIONAL,FULL,NONE,NO,NOT_YET_SENSE_NORMALIZED,INCLUDED,LEGAL_REVIEW_REQUIRED_NOT_CERTIFIED_FOR_REDISTRIBUTION,1,0,0,0,,1.20
7G-ATOM-0118,ATOMIC_SURFACE_FORM,circo,circo,circo,PROVISIONAL_IDENTITY_ANCHOR,NO_SAFE_COLLAPSE_APPLIED_BEFORE_PHASE14,NOUN,A1_CORE_NORMATIVE,PCIC_BASE_A1,PCIC_BASE_A1/7C,PCIC_BASE_A1,,,,TRUE_COGNATE,circus,MEDIUM,LOW_PROVISIONAL,FULL,NONE,NO,NOT_YET_SENSE_NORMALIZED,INCLUDED,LEGAL_REVIEW_REQUIRED_NOT_CERTIFIED_FOR_REDISTRIBUTION,1,0,0,0,,1.20
7G-ATOM-0119,ATOMIC_SURFACE_FORM,ciudad,ciudad,ciudad,PROVISIONAL_IDENTITY_ANCHOR,NO_SAFE_COLLAPSE_APPLIED_BEFORE_PHASE14,NOUN,A1_CORE_NORMATIVE,PCIC_BASE_A1,PCIC_BASE_A1/7C,PCIC_BASE_A1,,,,NO_OBVIOUS_PEDAGOGICAL_COGNATE_FIRST_PASS,,NOT_ASSESSED,NOT_ASSESSED,NOT_ASSESSED,NONE_IDENTIFIED,NO,NOT_YET_SENSE_NORMALIZED,INCLUDED,LEGAL_REVIEW_REQUIRED_NOT_CERTIFIED_FOR_REDISTRIBUTION,1,0,0,0,,1.20
7G-ATOM-0120,ATOMIC_SURFACE_FORM,claro,claro,claro,PROVISIONAL_IDENTITY_ANCHOR,NO_SAFE_COLLAPSE_APPLIED_BEFORE_PHASE14,ADJ,A1_CORE_NORMATIVE,PCIC_BASE_A1,PCIC_BASE_A1/7C,PCIC_BASE_A1,,,,TRUE_COGNATE,clear,MEDIUM,LOW_PROVISIONAL,FULL,NONE,NO,NOT_YET_SENSE_NORMALIZED,INCLUDED,LEGAL_REVIEW_REQUIRED_NOT_CERTIFIED_FOR_REDISTRIBUTION,1,0,0,0,,1.20
7G-ATOM-0121,ATOMIC_SURFACE_FORM,clase,clase,clase,PROVISIONAL_IDENTITY_ANCHOR,NO_SAFE_COLLAPSE_APPLIED_BEFORE_PHASE14,NOUN,A1_CORE_NORMATIVE,PCIC_BASE_A1,PCIC_BASE_A1/7C,PCIC_BASE_A1,,,,TRUE_COGNATE,class,HIGH,MEDIUM_PROVISIONAL,FULL,NONE,NO,NOT_YET_SENSE_NORMALIZED,INCLUDED,LEGAL_REVIEW_REQUIRED_NOT_CERTIFIED_FOR_REDISTRIBUTION,1,0,0,0,,1.20
7G-ATOM-0122,ATOMIC_SURFACE_FORM,coche,coche,coche,PROVISIONAL_IDENTITY_ANCHOR,NO_SAFE_COLLAPSE_APPLIED_BEFORE_PHASE14,NOUN,A1_CORE_NORMATIVE,PCIC_BASE_A1,PCIC_BASE_A1/7C,PCIC_BASE_A1,,,,SENSE_DEPENDENT_COGNATE,coach,MEDIUM,LOW_PROVISIONAL,PARTIAL,MEDIUM,NO,NOT_YET_SENSE_NORMALIZED,INCLUDED,LEGAL_REVIEW_REQUIRED_NOT_CERTIFIED_FOR_REDISTRIBUTION,1,0,0,0,,1.20
7G-ATOM-0123,ATOMIC_SURFACE_FORM,cocina,cocina,cocina,PROVISIONAL_IDENTITY_ANCHOR,NO_SAFE_COLLAPSE_APPLIED_BEFORE_PHASE14,NOUN,A1_CORE_NORMATIVE,PCIC_BASE_A1,PCIC_BASE_A1/7C,PCIC_BASE_A1,,,,NO_OBVIOUS_PEDAGOGICAL_COGNATE_FIRST_PASS,,NOT_ASSESSED,NOT_ASSESSED,NOT_ASSESSED,NONE_IDENTIFIED,NO,NOT_YET_SENSE_NORMALIZED,INCLUDED,LEGAL_REVIEW_REQUIRED_NOT_CERTIFIED_FOR_REDISTRIBUTION,1,0,0,0,,1.20
7G-ATOM-0124,ATOMIC_SURFACE_FORM,colectivo,colectivo,colectivo,PROVISIONAL_IDENTITY_ANCHOR,NO_SAFE_COLLAPSE_APPLIED_BEFORE_PHASE14,NOUN,A1_REGIONAL_RECEPTIVE,7C_REGIONAL_VARIATION,7C_MIXED_SOURCES,7C_REGIONAL_VARIATION,A1_REGIONAL_RECEPTIVE,Southern South America / selected areas,TARGET_PROFILE_ONLY,FALSE_FRIEND_OR_DECEPTIVE_OVERLAP,collective,HIGH,FORM_SIMILARITY_ONLY,DIVERGENT,HIGH,NO,NOT_YET_SENSE_NORMALIZED,INCLUDED,LEGAL_REVIEW_REQUIRED_NOT_CERTIFIED_FOR_REDISTRIBUTION,1,0,0,0,,1.20
7G-ATOM-0125,ATOMIC_SURFACE_FORM,colegio,colegio,colegio,PROVISIONAL_IDENTITY_ANCHOR,NO_SAFE_COLLAPSE_APPLIED_BEFORE_PHASE14,NOUN,A1_CORE_NORMATIVE,PCIC_BASE_A1,PCIC_BASE_A1/7C,PCIC_BASE_A1,,,,FALSE_FRIEND_OR_DECEPTIVE_OVERLAP,college,LOW,FORM_SIMILARITY_ONLY,DIVERGENT,HIGH,NO,NOT_YET_SENSE_NORMALIZED,INCLUDED,LEGAL_REVIEW_REQUIRED_NOT_CERTIFIED_FOR_REDISTRIBUTION,1,0,0,0,,1.20
7G-ATOM-0126,ATOMIC_SURFACE_FORM,comer,comer,comer,LEMMA_EXPLICIT_VERB,PHASE6_VERB_LEMMA_INVENTORY,VERB,A1_CORE_NORMATIVE,PCIC_BASE_A1,PCIC_BASE_A1/7C,PCIC_BASE_A1,,,,NO_OBVIOUS_PEDAGOGICAL_COGNATE_FIRST_PASS,,NOT_ASSESSED,NOT_ASSESSED,NOT_ASSESSED,NONE_IDENTIFIED,NO,NOT_YET_SENSE_NORMALIZED,INCLUDED,LEGAL_REVIEW_REQUIRED_NOT_CERTIFIED_FOR_REDISTRIBUTION,1,0,0,0,,1.20
7G-ATOM-0127,ATOMIC_SURFACE_FORM,comercial,comercial,comercial,PROVISIONAL_IDENTITY_ANCHOR,NO_SAFE_COLLAPSE_APPLIED_BEFORE_PHASE14,ADJ,A1_CORE_NORMATIVE,PCIC_BASE_A1,PCIC_BASE_A1/7C,PCIC_BASE_A1,,,,TRUE_COGNATE,commercial,VERY_HIGH,HIGH_PROVISIONAL,FULL,NONE,NO,NOT_YET_SENSE_NORMALIZED,INCLUDED,LEGAL_REVIEW_REQUIRED_NOT_CERTIFIED_FOR_REDISTRIBUTION,1,0,0,0,,1.20
7G-ATOM-0128,ATOMIC_SURFACE_FORM,comida,comida,comida,PROVISIONAL_IDENTITY_ANCHOR,NO_SAFE_COLLAPSE_APPLIED_BEFORE_PHASE14,NOUN,A1_CORE_NORMATIVE,PCIC_BASE_A1,PCIC_BASE_A1/7C,PCIC_BASE_A1,,,,NO_OBVIOUS_PEDAGOGICAL_COGNATE_FIRST_PASS,,NOT_ASSESSED,NOT_ASSESSED,NOT_ASSESSED,NONE_IDENTIFIED,NO,NOT_YET_SENSE_NORMALIZED,INCLUDED,LEGAL_REVIEW_REQUIRED_NOT_CERTIFIED_FOR_REDISTRIBUTION,1,0,0,0,,1.20
7G-ATOM-0129,ATOMIC_SURFACE_FORM,compañero,compañero,compañero,PROVISIONAL_IDENTITY_ANCHOR,NO_SAFE_COLLAPSE_APPLIED_BEFORE_PHASE14,NOUN,A1_CORE_NORMATIVE,PCIC_BASE_A1,PCIC_BASE_A1/7C,PCIC_BASE_A1,,,,PEDAGOGICAL_COGNATE_PARTIAL,companion,MEDIUM,LOW_PROVISIONAL,PARTIAL,LOW,NO,NOT_YET_SENSE_NORMALIZED,INCLUDED,LEGAL_REVIEW_REQUIRED_NOT_CERTIFIED_FOR_REDISTRIBUTION,1,0,0,0,,1.20
7G-ATOM-0130,ATOMIC_SURFACE_FORM,comprador,comprador,comprador,PROVISIONAL_IDENTITY_ANCHOR,NO_SAFE_COLLAPSE_APPLIED_BEFORE_PHASE14,NOUN,A1_CORE_NORMATIVE,PCIC_BASE_A1,PCIC_BASE_A1/7C,PCIC_BASE_A1,,,,NO_OBVIOUS_PEDAGOGICAL_COGNATE_FIRST_PASS,,NOT_ASSESSED,NOT_ASSESSED,NOT_ASSESSED,NONE_IDENTIFIED,NO,NOT_YET_SENSE_NORMALIZED,INCLUDED,LEGAL_REVIEW_REQUIRED_NOT_CERTIFIED_FOR_REDISTRIBUTION,1,0,0,0,,1.20
7G-ATOM-0131,ATOMIC_SURFACE_FORM,comprar,comprar,comprar,LEMMA_EXPLICIT_VERB,PHASE6_VERB_LEMMA_INVENTORY,VERB,A1_CORE_NORMATIVE,PCIC_BASE_A1,PCIC_BASE_A1/7C,PCIC_BASE_A1,,,,FALSE_FRIEND_OR_DECEPTIVE_OVERLAP,compare,MEDIUM,FORM_SIMILARITY_ONLY,DIVERGENT,HIGH,NO,NOT_YET_SENSE_NORMALIZED,INCLUDED,LEGAL_REVIEW_REQUIRED_NOT_CERTIFIED_FOR_REDISTRIBUTION,1,0,0,0,,1.20
7G-ATOM-0132,ATOMIC_SURFACE_FORM,comprender,comprender,comprender,LEMMA_EXPLICIT_VERB,PHASE6_VERB_LEMMA_INVENTORY,VERB,A1_CORE_NORMATIVE,PCIC_BASE_A1,PCIC_BASE_A1/7C,PCIC_BASE_A1,,,,TRUE_COGNATE,comprehend,MEDIUM,LOW_PROVISIONAL,FULL,NONE,NO,NOT_YET_SENSE_NORMALIZED,INCLUDED,LEGAL_REVIEW_REQUIRED_NOT_CERTIFIED_FOR_REDISTRIBUTION,1,0,0,0,,1.20
7G-ATOM-0133,ATOMIC_SURFACE_FORM,computadora,computadora,computadora,PROVISIONAL_IDENTITY_ANCHOR,NO_SAFE_COLLAPSE_APPLIED_BEFORE_PHASE14,NOUN,A1_REGIONAL_RECEPTIVE,7C_REGIONAL_VARIATION,7C_MIXED_SOURCES,7C_REGIONAL_VARIATION,A1_REGIONAL_RECEPTIVE,Hispanoamérica,TARGET_PROFILE_ONLY,TRUE_COGNATE,computer,MEDIUM,LOW_PROVISIONAL,FULL,NONE,NO,NOT_YET_SENSE_NORMALIZED,INCLUDED,LEGAL_REVIEW_REQUIRED_NOT_CERTIFIED_FOR_REDISTRIBUTION,1,0,0,0,,1.20
7G-ATOM-0134,ATOMIC_SURFACE_FORM,comunicado,comunicado,comunicado,PROVISIONAL_IDENTITY_ANCHOR,NO_SAFE_COLLAPSE_APPLIED_BEFORE_PHASE14,ADJ,A1_CORE_NORMATIVE,PCIC_BASE_A1,PCIC_BASE_A1/7C,PCIC_BASE_A1,,,,PEDAGOGICAL_COGNATE_PARTIAL,communicated,MEDIUM,LOW_PROVISIONAL,PARTIAL,LOW,NO,NOT_YET_SENSE_NORMALIZED,INCLUDED,LEGAL_REVIEW_REQUIRED_NOT_CERTIFIED_FOR_REDISTRIBUTION,1,0,0,0,,1.20
7G-ATOM-0135,ATOMIC_SURFACE_FORM,con,con,con,PROVISIONAL_IDENTITY_ANCHOR,NO_SAFE_COLLAPSE_APPLIED_BEFORE_PHASE14,PREP,A1_CORE_NORMATIVE,PCIC_BASE_A1,PCIC_BASE_A1/7C,PCIC_BASE_A1,,,,NO_OBVIOUS_PEDAGOGICAL_COGNATE_FIRST_PASS,,NOT_ASSESSED,NOT_ASSESSED,NOT_ASSESSED,NONE_IDENTIFIED,NO,NOT_YET_SENSE_NORMALIZED,INCLUDED,LEGAL_REVIEW_REQUIRED_NOT_CERTIFIED_FOR_REDISTRIBUTION,1,0,0,0,,1.20
7G-ATOM-0136,ATOMIC_SURFACE_FORM,concierto,concierto,concierto,PROVISIONAL_IDENTITY_ANCHOR,NO_SAFE_COLLAPSE_APPLIED_BEFORE_PHASE14,NOUN,A1_CORE_NORMATIVE,PCIC_BASE_A1,PCIC_BASE_A1/7C,PCIC_BASE_A1,,,,TRUE_COGNATE,concert,HIGH,MEDIUM_PROVISIONAL,FULL,NONE,NO,NOT_YET_SENSE_NORMALIZED,INCLUDED,LEGAL_REVIEW_REQUIRED_NOT_CERTIFIED_FOR_REDISTRIBUTION,1,0,0,0,,1.20
7G-ATOM-0137,ATOMIC_SURFACE_FORM,conducir,conducir,conducir,LEMMA_EXPLICIT_VERB,PHASE6_VERB_LEMMA_INVENTORY,VERB,A1_CORE_NORMATIVE,PCIC_BASE_A1,PCIC_BASE_A1/7C,PCIC_BASE_A1,,,,FALSE_FRIEND_OR_DECEPTIVE_OVERLAP,conduct,HIGH,FORM_SIMILARITY_ONLY,DIVERGENT,MEDIUM,NO,NOT_YET_SENSE_NORMALIZED,INCLUDED,LEGAL_REVIEW_REQUIRED_NOT_CERTIFIED_FOR_REDISTRIBUTION,1,0,0,0,,1.20
7G-ATOM-0138,ATOMIC_SURFACE_FORM,conductor,conductor,conductor,PROVISIONAL_IDENTITY_ANCHOR,NO_SAFE_COLLAPSE_APPLIED_BEFORE_PHASE14,NOUN,A1_CORE_NORMATIVE,PCIC_BASE_A1,PCIC_BASE_A1/7C,PCIC_BASE_A1,,,,SENSE_DEPENDENT_COGNATE,conductor,VERY_HIGH,HIGH_PROVISIONAL,PARTIAL,HIGH,NO,NOT_YET_SENSE_NORMALIZED,INCLUDED,LEGAL_REVIEW_REQUIRED_NOT_CERTIFIED_FOR_REDISTRIBUTION,1,0,0,0,,1.20
7G-ATOM-0139,ATOMIC_SURFACE_FORM,conocer,conocer,conocer,LEMMA_EXPLICIT_VERB,PHASE6_VERB_LEMMA_INVENTORY,VERB,A1_CORE_NORMATIVE,PCIC_BASE_A1,PCIC_BASE_A1/7C,PCIC_BASE_A1,,,,NO_OBVIOUS_PEDAGOGICAL_COGNATE_FIRST_PASS,,NOT_ASSESSED,NOT_ASSESSED,NOT_ASSESSED,NONE_IDENTIFIED,NO,NOT_YET_SENSE_NORMALIZED,INCLUDED,LEGAL_REVIEW_REQUIRED_NOT_CERTIFIED_FOR_REDISTRIBUTION,1,0,0,0,,1.20
7G-ATOM-0140,ATOMIC_SURFACE_FORM,correo,correo,correo,PROVISIONAL_IDENTITY_ANCHOR,NO_SAFE_COLLAPSE_APPLIED_BEFORE_PHASE14,NOUN,A1_CORE_NORMATIVE,PCIC_BASE_A1,PCIC_BASE_A1/7C,PCIC_BASE_A1,,,,PEDAGOGICAL_COGNATE_PARTIAL,courier,LOW,LOW_PROVISIONAL,PARTIAL,LOW,NO,NOT_YET_SENSE_NORMALIZED,INCLUDED,LEGAL_REVIEW_REQUIRED_NOT_CERTIFIED_FOR_REDISTRIBUTION,1,0,0,0,,1.20
7G-ATOM-0141,ATOMIC_SURFACE_FORM,correr,correr,correr,LEMMA_EXPLICIT_VERB,PHASE6_VERB_LEMMA_INVENTORY,VERB,A1_CORE_NORMATIVE,PCIC_BASE_A1,PCIC_BASE_A1/7C,PCIC_BASE_A1,,,,NO_OBVIOUS_PEDAGOGICAL_COGNATE_FIRST_PASS,,NOT_ASSESSED,NOT_ASSESSED,NOT_ASSESSED,NONE_IDENTIFIED,NO,NOT_YET_SENSE_NORMALIZED,INCLUDED,LEGAL_REVIEW_REQUIRED_NOT_CERTIFIED_FOR_REDISTRIBUTION,1,0,0,0,,1.20
7G-ATOM-0142,ATOMIC_SURFACE_FORM,corto,corto,corto,PROVISIONAL_IDENTITY_ANCHOR,NO_SAFE_COLLAPSE_APPLIED_BEFORE_PHASE14,ADJ,A1_CORE_NORMATIVE,PCIC_BASE_A1,PCIC_BASE_A1/7C,PCIC_BASE_A1,,,,NO_OBVIOUS_PEDAGOGICAL_COGNATE_FIRST_PASS,,NOT_ASSESSED,NOT_ASSESSED,NOT_ASSESSED,NONE_IDENTIFIED,NO,NOT_YET_SENSE_NORMALIZED,INCLUDED,LEGAL_REVIEW_REQUIRED_NOT_CERTIFIED_FOR_REDISTRIBUTION,1,0,0,0,,1.20
7G-ATOM-0143,ATOMIC_SURFACE_FORM,costar,costar,costar,LEMMA_EXPLICIT_VERB,PHASE6_VERB_LEMMA_INVENTORY,VERB,A1_CORE_NORMATIVE,PCIC_BASE_A1,PCIC_BASE_A1/7C,PCIC_BASE_A1,,,,TRUE_COGNATE,cost,MEDIUM,LOW_PROVISIONAL,FULL,NONE,NO,NOT_YET_SENSE_NORMALIZED,INCLUDED,LEGAL_REVIEW_REQUIRED_NOT_CERTIFIED_FOR_REDISTRIBUTION,1,0,0,0,,1.20
7G-ATOM-0144,ATOMIC_SURFACE_FORM,creer,creer,creer,LEMMA_EXPLICIT_VERB,PHASE6_VERB_LEMMA_INVENTORY,VERB,A1_CORE_NORMATIVE,PCIC_BASE_A1,PCIC_BASE_A1/7C,PCIC_BASE_A1,,,,PEDAGOGICAL_COGNATE_PARTIAL,creed,HIGH,MEDIUM_PROVISIONAL,PARTIAL,MEDIUM,NO,NOT_YET_SENSE_NORMALIZED,INCLUDED,LEGAL_REVIEW_REQUIRED_NOT_CERTIFIED_FOR_REDISTRIBUTION,1,0,0,0,,1.20
7G-ATOM-0145,ATOMIC_SURFACE_FORM,cristiano,cristiano,cristiano,PROVISIONAL_IDENTITY_ANCHOR,NO_SAFE_COLLAPSE_APPLIED_BEFORE_PHASE14,ADJ_NOUN,A1_CORE_NORMATIVE,PCIC_BASE_A1,PCIC_BASE_A1/7C,PCIC_BASE_A1,,,,TRUE_COGNATE,Christian,HIGH,MEDIUM_PROVISIONAL,FULL,NONE,YES,SPLIT_REQUIRED_OR_DOCUMENTED,INCLUDED,LEGAL_REVIEW_REQUIRED_NOT_CERTIFIED_FOR_REDISTRIBUTION,1,0,0,0,Explicitly documented as requiring multiple POS/sense/source assertions or later split.,1.20
7G-ATOM-0146,ATOMIC_SURFACE_FORM,crédito,crédito,crédito,PROVISIONAL_IDENTITY_ANCHOR,NO_SAFE_COLLAPSE_APPLIED_BEFORE_PHASE14,NOUN,A1_CORE_NORMATIVE,PCIC_BASE_A1,PCIC_BASE_A1/7C,PCIC_BASE_A1,,,,TRUE_COGNATE,credit,HIGH,MEDIUM_PROVISIONAL,FULL,NONE,NO,NOT_YET_SENSE_NORMALIZED,INCLUDED,LEGAL_REVIEW_REQUIRED_NOT_CERTIFIED_FOR_REDISTRIBUTION,1,0,0,0,,1.20
7G-ATOM-0147,ATOMIC_SURFACE_FORM,cuarta,cuarta,cuarto,COLLAPSED_TO_EXISTING_CANONICAL_ANCHOR,EXPLICIT_6D_ORDINAL_LEMMA_SERIES,ORDINAL,A1_CORE_NORMATIVE,PCIC_BASE_A1,PCIC_BASE_A1/7C,PCIC_BASE_A1,,,,NO_OBVIOUS_PEDAGOGICAL_COGNATE_FIRST_PASS,,NOT_ASSESSED,NOT_ASSESSED,NOT_ASSESSED,NONE_IDENTIFIED,NO,NOT_YET_SENSE_NORMALIZED,INCLUDED,LEGAL_REVIEW_REQUIRED_NOT_CERTIFIED_FOR_REDISTRIBUTION,1,0,0,0,,1.20
7G-ATOM-0148,ATOMIC_SURFACE_FORM,cuarto,cuarto,cuarto,PROVISIONAL_IDENTITY_ANCHOR,NO_SAFE_COLLAPSE_APPLIED_BEFORE_PHASE14,NOUN|ORDINAL,A1_CORE_NORMATIVE,PCIC_BASE_A1,PCIC_BASE_A1/7C,PCIC_BASE_A1,,,,FALSE_FRIEND_OR_DECEPTIVE_OVERLAP,quart,MEDIUM,FORM_SIMILARITY_ONLY,DIVERGENT,MEDIUM,YES,SPLIT_REQUIRED_OR_DOCUMENTED,INCLUDED,LEGAL_REVIEW_REQUIRED_NOT_CERTIFIED_FOR_REDISTRIBUTION,1,0,0,0,Explicitly documented as requiring multiple POS/sense/source assertions or later split.,1.20
7G-ATOM-0149,ATOMIC_SURFACE_FORM,cuenta,cuenta,cuenta,PROVISIONAL_IDENTITY_ANCHOR,NO_SAFE_COLLAPSE_APPLIED_BEFORE_PHASE14,NOUN,A1_CORE_NORMATIVE,PCIC_BASE_A1,PCIC_BASE_A1/7C,PCIC_BASE_A1,,,,SENSE_DEPENDENT_COGNATE,count,LOW,LOW_PROVISIONAL,PARTIAL,MEDIUM,NO,NOT_YET_SENSE_NORMALIZED,INCLUDED,LEGAL_REVIEW_REQUIRED_NOT_CERTIFIED_FOR_REDISTRIBUTION,1,0,0,0,,1.20
7G-ATOM-0150,ATOMIC_SURFACE_FORM,cuál,cuál,cuál,PROVISIONAL_IDENTITY_ANCHOR,NO_SAFE_COLLAPSE_APPLIED_BEFORE_PHASE14,INTERROGATIVE,A1_CORE_NORMATIVE,PCIC_BASE_A1,PCIC_BASE_A1/7C,PCIC_BASE_A1,,,,NO_OBVIOUS_PEDAGOGICAL_COGNATE_FIRST_PASS,,NOT_ASSESSED,NOT_ASSESSED,NOT_ASSESSED,NONE_IDENTIFIED,NO,NOT_YET_SENSE_NORMALIZED,INCLUDED,LEGAL_REVIEW_REQUIRED_NOT_CERTIFIED_FOR_REDISTRIBUTION,1,0,0,0,,1.20
7G-ATOM-0151,ATOMIC_SURFACE_FORM,cuándo,cuándo,cuándo,PROVISIONAL_IDENTITY_ANCHOR,NO_SAFE_COLLAPSE_APPLIED_BEFORE_PHASE14,ADV_QUANT,A1_CORE_NORMATIVE,PCIC_BASE_A1,PCIC_BASE_A1/7C,PCIC_BASE_A1,,,,NO_OBVIOUS_PEDAGOGICAL_COGNATE_FIRST_PASS,,NOT_ASSESSED,NOT_ASSESSED,NOT_ASSESSED,NONE_IDENTIFIED,NO,NOT_YET_SENSE_NORMALIZED,INCLUDED,LEGAL_REVIEW_REQUIRED_NOT_CERTIFIED_FOR_REDISTRIBUTION,1,0,0,0,,1.20
7G-ATOM-0152,ATOMIC_SURFACE_FORM,cuánta,cuánta,cuánta,PROVISIONAL_IDENTITY_ANCHOR,NO_SAFE_COLLAPSE_APPLIED_BEFORE_PHASE14,INTERROGATIVE,A1_CORE_NORMATIVE,PCIC_BASE_A1,PCIC_BASE_A1/7C,PCIC_BASE_A1,,,,NO_OBVIOUS_PEDAGOGICAL_COGNATE_FIRST_PASS,,NOT_ASSESSED,NOT_ASSESSED,NOT_ASSESSED,NONE_IDENTIFIED,NO,NOT_YET_SENSE_NORMALIZED,INCLUDED,LEGAL_REVIEW_REQUIRED_NOT_CERTIFIED_FOR_REDISTRIBUTION,1,0,0,0,,1.20
7G-ATOM-0153,ATOMIC_SURFACE_FORM,cuántas,cuántas,cuántas,PROVISIONAL_IDENTITY_ANCHOR,NO_SAFE_COLLAPSE_APPLIED_BEFORE_PHASE14,INTERROGATIVE,A1_CORE_NORMATIVE,PCIC_BASE_A1,PCIC_BASE_A1/7C,PCIC_BASE_A1,,,,NO_OBVIOUS_PEDAGOGICAL_COGNATE_FIRST_PASS,,NOT_ASSESSED,NOT_ASSESSED,NOT_ASSESSED,NONE_IDENTIFIED,NO,NOT_YET_SENSE_NORMALIZED,INCLUDED,LEGAL_REVIEW_REQUIRED_NOT_CERTIFIED_FOR_REDISTRIBUTION,1,0,0,0,,1.20
7G-ATOM-0154,ATOMIC_SURFACE_FORM,cuánto,cuánto,cuánto,PROVISIONAL_IDENTITY_ANCHOR,NO_SAFE_COLLAPSE_APPLIED_BEFORE_PHASE14,INTERROGATIVE,A1_CORE_NORMATIVE,PCIC_BASE_A1,PCIC_BASE_A1/7C,PCIC_BASE_A1,,,,NO_OBVIOUS_PEDAGOGICAL_COGNATE_FIRST_PASS,,NOT_ASSESSED,NOT_ASSESSED,NOT_ASSESSED,NONE_IDENTIFIED,NO,NOT_YET_SENSE_NORMALIZED,INCLUDED,LEGAL_REVIEW_REQUIRED_NOT_CERTIFIED_FOR_REDISTRIBUTION,1,0,0,0,,1.20
7G-ATOM-0155,ATOMIC_SURFACE_FORM,cuántos,cuántos,cuántos,PROVISIONAL_IDENTITY_ANCHOR,NO_SAFE_COLLAPSE_APPLIED_BEFORE_PHASE14,INTERROGATIVE,A1_CORE_NORMATIVE,PCIC_BASE_A1,PCIC_BASE_A1/7C,PCIC_BASE_A1,,,,NO_OBVIOUS_PEDAGOGICAL_COGNATE_FIRST_PASS,,NOT_ASSESSED,NOT_ASSESSED,NOT_ASSESSED,NONE_IDENTIFIED,NO,NOT_YET_SENSE_NORMALIZED,INCLUDED,LEGAL_REVIEW_REQUIRED_NOT_CERTIFIED_FOR_REDISTRIBUTION,1,0,0,0,,1.20
7G-ATOM-0156,ATOMIC_SURFACE_FORM,céntimo,céntimo,céntimo,PROVISIONAL_IDENTITY_ANCHOR,NO_SAFE_COLLAPSE_APPLIED_BEFORE_PHASE14,NOUN,A1_CORE_NORMATIVE,PCIC_BASE_A1,PCIC_BASE_A1/7C,PCIC_BASE_A1,,,,PEDAGOGICAL_COGNATE_PARTIAL,cent,LOW,LOW_PROVISIONAL,PARTIAL,LOW,NO,NOT_YET_SENSE_NORMALIZED,INCLUDED,LEGAL_REVIEW_REQUIRED_NOT_CERTIFIED_FOR_REDISTRIBUTION,1,0,0,0,,1.20
7G-ATOM-0157,ATOMIC_SURFACE_FORM,céntrico,céntrico,céntrico,PROVISIONAL_IDENTITY_ANCHOR,NO_SAFE_COLLAPSE_APPLIED_BEFORE_PHASE14,ADJ,A1_CORE_NORMATIVE,PCIC_BASE_A1,PCIC_BASE_A1/7C,PCIC_BASE_A1,,,,PEDAGOGICAL_COGNATE_PARTIAL,centric,HIGH,MEDIUM_PROVISIONAL,PARTIAL,LOW,NO,NOT_YET_SENSE_NORMALIZED,INCLUDED,LEGAL_REVIEW_REQUIRED_NOT_CERTIFIED_FOR_REDISTRIBUTION,1,0,0,0,,1.20
7G-ATOM-0158,ATOMIC_SURFACE_FORM,código,código,código,PROVISIONAL_IDENTITY_ANCHOR,NO_SAFE_COLLAPSE_APPLIED_BEFORE_PHASE14,NOUN,A1_CORE_NORMATIVE,PCIC_BASE_A1,PCIC_BASE_A1/7C,PCIC_BASE_A1,,,,TRUE_COGNATE,code,LOW,LOW_PROVISIONAL,FULL,NONE,NO,NOT_YET_SENSE_NORMALIZED,INCLUDED,LEGAL_REVIEW_REQUIRED_NOT_CERTIFIED_FOR_REDISTRIBUTION,1,0,0,0,,1.20
7G-ATOM-0159,ATOMIC_SURFACE_FORM,cómo,cómo,cómo,PROVISIONAL_IDENTITY_ANCHOR,NO_SAFE_COLLAPSE_APPLIED_BEFORE_PHASE14,INTERROGATIVE,A1_CORE_NORMATIVE,PCIC_BASE_A1,PCIC_BASE_A1/7C,PCIC_BASE_A1,,,,NO_OBVIOUS_PEDAGOGICAL_COGNATE_FIRST_PASS,,NOT_ASSESSED,NOT_ASSESSED,NOT_ASSESSED,NONE_IDENTIFIED,NO,NOT_YET_SENSE_NORMALIZED,INCLUDED,LEGAL_REVIEW_REQUIRED_NOT_CERTIFIED_FOR_REDISTRIBUTION,1,0,0,0,,1.20
7G-ATOM-0160,ATOMIC_SURFACE_FORM,de,de,de,PROVISIONAL_IDENTITY_ANCHOR,NO_SAFE_COLLAPSE_APPLIED_BEFORE_PHASE14,PREP,A1_CORE_NORMATIVE,PCIC_BASE_A1,PCIC_BASE_A1/7C,PCIC_BASE_A1,,,,NO_OBVIOUS_PEDAGOGICAL_COGNATE_FIRST_PASS,,NOT_ASSESSED,NOT_ASSESSED,NOT_ASSESSED,NONE_IDENTIFIED,NO,NOT_YET_SENSE_NORMALIZED,INCLUDED,LEGAL_REVIEW_REQUIRED_NOT_CERTIFIED_FOR_REDISTRIBUTION,1,0,0,0,,1.20
7G-ATOM-0161,ATOMIC_SURFACE_FORM,dedicarse,dedicarse,dedicarse,LEMMA_EXPLICIT_VERB,PHASE6_VERB_LEMMA_INVENTORY,VERB,A1_CORE_NORMATIVE,PCIC_BASE_A1,PCIC_BASE_A1/7C,PCIC_BASE_A1,,,,TRUE_COGNATE,dedicate,HIGH,MEDIUM_PROVISIONAL,FULL,NONE,NO,NOT_YET_SENSE_NORMALIZED,INCLUDED,LEGAL_REVIEW_REQUIRED_NOT_CERTIFIED_FOR_REDISTRIBUTION,1,0,0,0,,1.20
7G-ATOM-0162,ATOMIC_SURFACE_FORM,del,del,del,PROVISIONAL_IDENTITY_ANCHOR,NO_SAFE_COLLAPSE_APPLIED_BEFORE_PHASE14,CONTRACTION,A1_CORE_NORMATIVE,PCIC_BASE_A1,PCIC_BASE_A1/7C,PCIC_BASE_A1,,,,NO_OBVIOUS_PEDAGOGICAL_COGNATE_FIRST_PASS,,NOT_ASSESSED,NOT_ASSESSED,NOT_ASSESSED,NONE_IDENTIFIED,NO,NOT_YET_SENSE_NORMALIZED,INCLUDED,LEGAL_REVIEW_REQUIRED_NOT_CERTIFIED_FOR_REDISTRIBUTION,1,0,0,0,,1.20
7G-ATOM-0163,ATOMIC_SURFACE_FORM,delgado,delgado,delgado,PROVISIONAL_IDENTITY_ANCHOR,NO_SAFE_COLLAPSE_APPLIED_BEFORE_PHASE14,ADJ,A1_CORE_NORMATIVE,PCIC_BASE_A1,PCIC_BASE_A1/7C,PCIC_BASE_A1,,,,NO_OBVIOUS_PEDAGOGICAL_COGNATE_FIRST_PASS,,NOT_ASSESSED,NOT_ASSESSED,NOT_ASSESSED,NONE_IDENTIFIED,NO,NOT_YET_SENSE_NORMALIZED,INCLUDED,LEGAL_REVIEW_REQUIRED_NOT_CERTIFIED_FOR_REDISTRIBUTION,1,0,0,0,,1.20
7G-ATOM-0164,ATOMIC_SURFACE_FORM,demasiado,demasiado,demasiado,PROVISIONAL_IDENTITY_ANCHOR,NO_SAFE_COLLAPSE_APPLIED_BEFORE_PHASE14,REGIONAL_FORM,A1_REGIONAL_RECEPTIVE,7C_REGIONAL_VARIATION,7C_MIXED_SOURCES,7C_REGIONAL_VARIATION,A1_REGIONAL_RECEPTIVE,Hispanoamérica,NO,NO_OBVIOUS_PEDAGOGICAL_COGNATE_FIRST_PASS,,NOT_ASSESSED,NOT_ASSESSED,NOT_ASSESSED,NONE_IDENTIFIED,NO,NOT_YET_SENSE_NORMALIZED,INCLUDED,LEGAL_REVIEW_REQUIRED_NOT_CERTIFIED_FOR_REDISTRIBUTION,1,0,0,0,,1.20
7G-ATOM-0165,ATOMIC_SURFACE_FORM,deporte,deporte,deporte,PROVISIONAL_IDENTITY_ANCHOR,NO_SAFE_COLLAPSE_APPLIED_BEFORE_PHASE14,NOUN,A1_CORE_NORMATIVE,PCIC_BASE_A1,PCIC_BASE_A1/7C,PCIC_BASE_A1,,,,FALSE_FRIEND_OR_DECEPTIVE_OVERLAP,deport,HIGH,FORM_SIMILARITY_ONLY,DIVERGENT,MEDIUM,NO,NOT_YET_SENSE_NORMALIZED,INCLUDED,LEGAL_REVIEW_REQUIRED_NOT_CERTIFIED_FOR_REDISTRIBUTION,1,0,0,0,,1.20
7G-ATOM-0166,ATOMIC_SURFACE_FORM,desayunar,desayunar,desayunar,LEMMA_EXPLICIT_VERB,PHASE6_VERB_LEMMA_INVENTORY,VERB,A1_CORE_NORMATIVE,PCIC_BASE_A1,PCIC_BASE_A1/7C,PCIC_BASE_A1,,,,NO_OBVIOUS_PEDAGOGICAL_COGNATE_FIRST_PASS,,NOT_ASSESSED,NOT_ASSESSED,NOT_ASSESSED,NONE_IDENTIFIED,NO,NOT_YET_SENSE_NORMALIZED,INCLUDED,LEGAL_REVIEW_REQUIRED_NOT_CERTIFIED_FOR_REDISTRIBUTION,1,0,0,0,,1.20
7G-ATOM-0167,ATOMIC_SURFACE_FORM,desayuno,desayuno,desayuno,PROVISIONAL_IDENTITY_ANCHOR,NO_SAFE_COLLAPSE_APPLIED_BEFORE_PHASE14,NOUN,A1_CORE_NORMATIVE,PCIC_BASE_A1,PCIC_BASE_A1/7C,PCIC_BASE_A1,,,,NO_OBVIOUS_PEDAGOGICAL_COGNATE_FIRST_PASS,,NOT_ASSESSED,NOT_ASSESSED,NOT_ASSESSED,NONE_IDENTIFIED,NO,NOT_YET_SENSE_NORMALIZED,INCLUDED,LEGAL_REVIEW_REQUIRED_NOT_CERTIFIED_FOR_REDISTRIBUTION,1,0,0,0,,1.20
7G-ATOM-0168,ATOMIC_SURFACE_FORM,despacio,despacio,despacio,PROVISIONAL_IDENTITY_ANCHOR,NO_SAFE_COLLAPSE_APPLIED_BEFORE_PHASE14,ADV_QUANT,A1_CORE_NORMATIVE,PCIC_BASE_A1,PCIC_BASE_A1/7C,PCIC_BASE_A1,,,,NO_OBVIOUS_PEDAGOGICAL_COGNATE_FIRST_PASS,,NOT_ASSESSED,NOT_ASSESSED,NOT_ASSESSED,NONE_IDENTIFIED,NO,NOT_YET_SENSE_NORMALIZED,INCLUDED,LEGAL_REVIEW_REQUIRED_NOT_CERTIFIED_FOR_REDISTRIBUTION,1,0,0,0,,1.20
7G-ATOM-0169,ATOMIC_SURFACE_FORM,después,después,después,PROVISIONAL_IDENTITY_ANCHOR,NO_SAFE_COLLAPSE_APPLIED_BEFORE_PHASE14,ADV_QUANT,A1_CORE_NORMATIVE,PCIC_BASE_A1,PCIC_BASE_A1/7C,PCIC_BASE_A1,,,,NO_OBVIOUS_PEDAGOGICAL_COGNATE_FIRST_PASS,,NOT_ASSESSED,NOT_ASSESSED,NOT_ASSESSED,NONE_IDENTIFIED,NO,NOT_YET_SENSE_NORMALIZED,INCLUDED,LEGAL_REVIEW_REQUIRED_NOT_CERTIFIED_FOR_REDISTRIBUTION,1,0,0,0,,1.20
7G-ATOM-0170,ATOMIC_SURFACE_FORM,diccionario,diccionario,diccionario,PROVISIONAL_IDENTITY_ANCHOR,NO_SAFE_COLLAPSE_APPLIED_BEFORE_PHASE14,NOUN,A1_CORE_NORMATIVE,PCIC_BASE_A1,PCIC_BASE_A1/7C,PCIC_BASE_A1,,,,TRUE_COGNATE,dictionary,MEDIUM,MEDIUM_PROVISIONAL,FULL,NONE,NO,NOT_YET_SENSE_NORMALIZED,INCLUDED,LEGAL_REVIEW_REQUIRED_NOT_CERTIFIED_FOR_REDISTRIBUTION,1,0,0,0,,1.20
7G-ATOM-0171,ATOMIC_SURFACE_FORM,diente,diente,diente,PROVISIONAL_IDENTITY_ANCHOR,NO_SAFE_COLLAPSE_APPLIED_BEFORE_PHASE14,NOUN,A1_CORE_NORMATIVE,PCIC_BASE_A1,PCIC_BASE_A1/7C,PCIC_BASE_A1,,,,NO_OBVIOUS_PEDAGOGICAL_COGNATE_FIRST_PASS,,NOT_ASSESSED,NOT_ASSESSED,NOT_ASSESSED,NONE_IDENTIFIED,NO,NOT_YET_SENSE_NORMALIZED,INCLUDED,LEGAL_REVIEW_REQUIRED_NOT_CERTIFIED_FOR_REDISTRIBUTION,1,0,0,0,,1.20
7G-ATOM-0172,ATOMIC_SURFACE_FORM,difícil,difícil,difícil,PROVISIONAL_IDENTITY_ANCHOR,NO_SAFE_COLLAPSE_APPLIED_BEFORE_PHASE14,ADJ,A1_CORE_NORMATIVE,PCIC_BASE_A1,PCIC_BASE_A1/7C,PCIC_BASE_A1,,,,PEDAGOGICAL_COGNATE_PARTIAL,difficult,MEDIUM,LOW_PROVISIONAL,PARTIAL,LOW,NO,NOT_YET_SENSE_NORMALIZED,INCLUDED,LEGAL_REVIEW_REQUIRED_NOT_CERTIFIED_FOR_REDISTRIBUTION,1,0,0,0,,1.20
7G-ATOM-0173,ATOMIC_SURFACE_FORM,dinero,dinero,dinero,PROVISIONAL_IDENTITY_ANCHOR,NO_SAFE_COLLAPSE_APPLIED_BEFORE_PHASE14,NOUN,A1_CORE_NORMATIVE,PCIC_BASE_A1,PCIC_BASE_A1/7C,PCIC_BASE_A1,,,,NO_OBVIOUS_PEDAGOGICAL_COGNATE_FIRST_PASS,,NOT_ASSESSED,NOT_ASSESSED,NOT_ASSESSED,NONE_IDENTIFIED,NO,NOT_YET_SENSE_NORMALIZED,INCLUDED,LEGAL_REVIEW_REQUIRED_NOT_CERTIFIED_FOR_REDISTRIBUTION,1,0,0,0,,1.20
7G-ATOM-0174,ATOMIC_SURFACE_FORM,dirección,dirección,dirección,PROVISIONAL_IDENTITY_ANCHOR,NO_SAFE_COLLAPSE_APPLIED_BEFORE_PHASE14,NOUN,A1_CORE_NORMATIVE,PCIC_BASE_A1,PCIC_BASE_A1/7C,PCIC_BASE_A1,,,,FALSE_FRIEND_OR_DECEPTIVE_OVERLAP,direction,HIGH,FORM_SIMILARITY_ONLY,DIVERGENT,HIGH,NO,NOT_YET_SENSE_NORMALIZED,INCLUDED,LEGAL_REVIEW_REQUIRED_NOT_CERTIFIED_FOR_REDISTRIBUTION,1,0,0,0,,1.20
7G-ATOM-0175,ATOMIC_SURFACE_FORM,director,director,director,PROVISIONAL_IDENTITY_ANCHOR,NO_SAFE_COLLAPSE_APPLIED_BEFORE_PHASE14,NOUN,A1_CORE_NORMATIVE,PCIC_BASE_A1,PCIC_BASE_A1/7C,PCIC_BASE_A1,,,,TRUE_COGNATE,director,VERY_HIGH,HIGH_PROVISIONAL,FULL,NONE,NO,NOT_YET_SENSE_NORMALIZED,INCLUDED,LEGAL_REVIEW_REQUIRED_NOT_CERTIFIED_FOR_REDISTRIBUTION,1,0,0,0,,1.20
7G-ATOM-0176,ATOMIC_SURFACE_FORM,discoteca,discoteca,discoteca,PROVISIONAL_IDENTITY_ANCHOR,NO_SAFE_COLLAPSE_APPLIED_BEFORE_PHASE14,NOUN,A1_CORE_NORMATIVE,PCIC_BASE_A1,PCIC_BASE_A1/7C,PCIC_BASE_A1,,,,TRUE_COGNATE,discotheque,MEDIUM,LOW_PROVISIONAL,FULL,NONE,NO,NOT_YET_SENSE_NORMALIZED,INCLUDED,LEGAL_REVIEW_REQUIRED_NOT_CERTIFIED_FOR_REDISTRIBUTION,1,0,0,0,,1.20
7G-ATOM-0177,ATOMIC_SURFACE_FORM,divorciado,divorciado,divorciado,PROVISIONAL_IDENTITY_ANCHOR,NO_SAFE_COLLAPSE_APPLIED_BEFORE_PHASE14,ADJ,A1_CORE_NORMATIVE,PCIC_BASE_A1,PCIC_BASE_A1/7C,PCIC_BASE_A1,,,,TRUE_COGNATE,divorced,MEDIUM,MEDIUM_PROVISIONAL,FULL,NONE,NO,NOT_YET_SENSE_NORMALIZED,INCLUDED,LEGAL_REVIEW_REQUIRED_NOT_CERTIFIED_FOR_REDISTRIBUTION,1,0,0,0,,1.20
7G-ATOM-0178,ATOMIC_SURFACE_FORM,doble,doble,doble,PROVISIONAL_IDENTITY_ANCHOR,NO_SAFE_COLLAPSE_APPLIED_BEFORE_PHASE14,ADJ,A1_CORE_NORMATIVE,PCIC_BASE_A1,PCIC_BASE_A1/7C,PCIC_BASE_A1,,,,TRUE_COGNATE,double,HIGH,MEDIUM_PROVISIONAL,FULL,NONE,NO,NOT_YET_SENSE_NORMALIZED,INCLUDED,LEGAL_REVIEW_REQUIRED_NOT_CERTIFIED_FOR_REDISTRIBUTION,1,0,0,0,,1.20
7G-ATOM-0179,ATOMIC_SURFACE_FORM,don,don,don,PROVISIONAL_IDENTITY_ANCHOR,NO_SAFE_COLLAPSE_APPLIED_BEFORE_PHASE14,TREATMENT,A1_CORE_NORMATIVE,PCIC_BASE_A1,PCIC_BASE_A1/7C,PCIC_BASE_A1,,,,NO_OBVIOUS_PEDAGOGICAL_COGNATE_FIRST_PASS,,NOT_ASSESSED,NOT_ASSESSED,NOT_ASSESSED,NONE_IDENTIFIED,NO,NOT_YET_SENSE_NORMALIZED,INCLUDED,LEGAL_REVIEW_REQUIRED_NOT_CERTIFIED_FOR_REDISTRIBUTION,1,0,0,0,,1.20
7G-ATOM-0180,ATOMIC_SURFACE_FORM,dormitorio,dormitorio,dormitorio,PROVISIONAL_IDENTITY_ANCHOR,NO_SAFE_COLLAPSE_APPLIED_BEFORE_PHASE14,NOUN,A1_CORE_NORMATIVE,PCIC_BASE_A1,PCIC_BASE_A1/7C,PCIC_BASE_A1,,,,TRUE_COGNATE,dormitory,HIGH,MEDIUM_PROVISIONAL,FULL,NONE,NO,NOT_YET_SENSE_NORMALIZED,INCLUDED,LEGAL_REVIEW_REQUIRED_NOT_CERTIFIED_FOR_REDISTRIBUTION,1,0,0,0,,1.20
7G-ATOM-0181,ATOMIC_SURFACE_FORM,doña,doña,doña,PROVISIONAL_IDENTITY_ANCHOR,NO_SAFE_COLLAPSE_APPLIED_BEFORE_PHASE14,TREATMENT,A1_CORE_NORMATIVE,PCIC_BASE_A1,PCIC_BASE_A1/7C,PCIC_BASE_A1,,,,NO_OBVIOUS_PEDAGOGICAL_COGNATE_FIRST_PASS,,NOT_ASSESSED,NOT_ASSESSED,NOT_ASSESSED,NONE_IDENTIFIED,NO,NOT_YET_SENSE_NORMALIZED,INCLUDED,LEGAL_REVIEW_REQUIRED_NOT_CERTIFIED_FOR_REDISTRIBUTION,1,0,0,0,,1.20
7G-ATOM-0182,ATOMIC_SURFACE_FORM,ducha,ducha,ducha,PROVISIONAL_IDENTITY_ANCHOR,NO_SAFE_COLLAPSE_APPLIED_BEFORE_PHASE14,NOUN,A1_CORE_NORMATIVE,PCIC_BASE_A1,PCIC_BASE_A1/7C,PCIC_BASE_A1,,,,FALSE_FRIEND_OR_DECEPTIVE_OVERLAP,douche,MEDIUM,FORM_SIMILARITY_ONLY,DIVERGENT,MEDIUM,NO,NOT_YET_SENSE_NORMALIZED,INCLUDED,LEGAL_REVIEW_REQUIRED_NOT_CERTIFIED_FOR_REDISTRIBUTION,1,0,0,0,,1.20
7G-ATOM-0183,ATOMIC_SURFACE_FORM,ducharse,ducharse,ducharse,LEMMA_EXPLICIT_VERB,PHASE6_VERB_LEMMA_INVENTORY,VERB,A1_CORE_NORMATIVE,PCIC_BASE_A1,PCIC_BASE_A1/7C,PCIC_BASE_A1,,,,NO_OBVIOUS_PEDAGOGICAL_COGNATE_FIRST_PASS,,NOT_ASSESSED,NOT_ASSESSED,NOT_ASSESSED,NONE_IDENTIFIED,NO,NOT_YET_SENSE_NORMALIZED,INCLUDED,LEGAL_REVIEW_REQUIRED_NOT_CERTIFIED_FOR_REDISTRIBUTION,1,0,0,0,,1.20
7G-ATOM-0184,ATOMIC_SURFACE_FORM,DVD,DVD,DVD,PROVISIONAL_IDENTITY_ANCHOR,NO_SAFE_COLLAPSE_APPLIED_BEFORE_PHASE14,NOUN,A1_CORE_NORMATIVE,PCIC_BASE_A1,PCIC_BASE_A1/7C,PCIC_BASE_A1,,,,TRUE_COGNATE,DVD,VERY_HIGH,HIGH_PROVISIONAL,FULL,NONE,NO,NOT_YET_SENSE_NORMALIZED,INCLUDED,LEGAL_REVIEW_REQUIRED_NOT_CERTIFIED_FOR_REDISTRIBUTION,1,0,0,0,,1.20
7G-ATOM-0185,ATOMIC_SURFACE_FORM,décima,décima,décimo,COLLAPSED_TO_EXISTING_CANONICAL_ANCHOR,EXPLICIT_6D_ORDINAL_LEMMA_SERIES,ORDINAL,A1_CORE_NORMATIVE,PCIC_BASE_A1,PCIC_BASE_A1/7C,PCIC_BASE_A1,,,,NO_OBVIOUS_PEDAGOGICAL_COGNATE_FIRST_PASS,,NOT_ASSESSED,NOT_ASSESSED,NOT_ASSESSED,NONE_IDENTIFIED,NO,NOT_YET_SENSE_NORMALIZED,INCLUDED,LEGAL_REVIEW_REQUIRED_NOT_CERTIFIED_FOR_REDISTRIBUTION,1,0,0,0,,1.20
7G-ATOM-0186,ATOMIC_SURFACE_FORM,décimo,décimo,décimo,PROVISIONAL_IDENTITY_ANCHOR,NO_SAFE_COLLAPSE_APPLIED_BEFORE_PHASE14,ORDINAL,A1_CORE_NORMATIVE,PCIC_BASE_A1,PCIC_BASE_A1/7C,PCIC_BASE_A1,,,,NO_OBVIOUS_PEDAGOGICAL_COGNATE_FIRST_PASS,,NOT_ASSESSED,NOT_ASSESSED,NOT_ASSESSED,NONE_IDENTIFIED,NO,NOT_YET_SENSE_NORMALIZED,INCLUDED,LEGAL_REVIEW_REQUIRED_NOT_CERTIFIED_FOR_REDISTRIBUTION,1,0,0,0,,1.20
7G-ATOM-0187,ATOMIC_SURFACE_FORM,día,día,día,PROVISIONAL_IDENTITY_ANCHOR,NO_SAFE_COLLAPSE_APPLIED_BEFORE_PHASE14,NOUN,A1_CORE_NORMATIVE,PCIC_BASE_A1,PCIC_BASE_A1/7C,PCIC_BASE_A1,,,,NO_OBVIOUS_PEDAGOGICAL_COGNATE_FIRST_PASS,,NOT_ASSESSED,NOT_ASSESSED,NOT_ASSESSED,NONE_IDENTIFIED,NO,NOT_YET_SENSE_NORMALIZED,INCLUDED,LEGAL_REVIEW_REQUIRED_NOT_CERTIFIED_FOR_REDISTRIBUTION,1,0,0,0,,1.20
7G-ATOM-0188,ATOMIC_SURFACE_FORM,dónde,dónde,dónde,PROVISIONAL_IDENTITY_ANCHOR,NO_SAFE_COLLAPSE_APPLIED_BEFORE_PHASE14,INTERROGATIVE,A1_CORE_NORMATIVE,PCIC_BASE_A1,PCIC_BASE_A1/7C,PCIC_BASE_A1,,,,NO_OBVIOUS_PEDAGOGICAL_COGNATE_FIRST_PASS,,NOT_ASSESSED,NOT_ASSESSED,NOT_ASSESSED,NONE_IDENTIFIED,NO,NOT_YET_SENSE_NORMALIZED,INCLUDED,LEGAL_REVIEW_REQUIRED_NOT_CERTIFIED_FOR_REDISTRIBUTION,1,0,0,0,,1.20
7G-ATOM-0189,ATOMIC_SURFACE_FORM,edad,edad,edad,PROVISIONAL_IDENTITY_ANCHOR,NO_SAFE_COLLAPSE_APPLIED_BEFORE_PHASE14,NOUN,A1_CORE_NORMATIVE,PCIC_BASE_A1,PCIC_BASE_A1/7C,PCIC_BASE_A1,,,,NO_OBVIOUS_PEDAGOGICAL_COGNATE_FIRST_PASS,,NOT_ASSESSED,NOT_ASSESSED,NOT_ASSESSED,NONE_IDENTIFIED,NO,NOT_YET_SENSE_NORMALIZED,INCLUDED,LEGAL_REVIEW_REQUIRED_NOT_CERTIFIED_FOR_REDISTRIBUTION,1,0,0,0,,1.20
7G-ATOM-0190,ATOMIC_SURFACE_FORM,edificio,edificio,edificio,PROVISIONAL_IDENTITY_ANCHOR,NO_SAFE_COLLAPSE_APPLIED_BEFORE_PHASE14,NOUN,A1_CORE_NORMATIVE,PCIC_BASE_A1,PCIC_BASE_A1/7C,PCIC_BASE_A1,,,,TRUE_COGNATE,edifice,HIGH,MEDIUM_PROVISIONAL,FULL,NONE,NO,NOT_YET_SENSE_NORMALIZED,INCLUDED,LEGAL_REVIEW_REQUIRED_NOT_CERTIFIED_FOR_REDISTRIBUTION,1,0,0,0,,1.20
7G-ATOM-0191,ATOMIC_SURFACE_FORM,eh,eh,eh,PROVISIONAL_IDENTITY_ANCHOR,NO_SAFE_COLLAPSE_APPLIED_BEFORE_PHASE14,FORMULA,A1_CORE_NORMATIVE,PCIC_BASE_A1,PCIC_BASE_A1/7C,PCIC_BASE_A1,,,,NO_OBVIOUS_PEDAGOGICAL_COGNATE_FIRST_PASS,,NOT_ASSESSED,NOT_ASSESSED,NOT_ASSESSED,NONE_IDENTIFIED,NO,NOT_YET_SENSE_NORMALIZED,INCLUDED,LEGAL_REVIEW_REQUIRED_NOT_CERTIFIED_FOR_REDISTRIBUTION,1,0,0,0,,1.20
7G-ATOM-0192,ATOMIC_SURFACE_FORM,ejercicio,ejercicio,ejercicio,PROVISIONAL_IDENTITY_ANCHOR,NO_SAFE_COLLAPSE_APPLIED_BEFORE_PHASE14,NOUN,A1_CORE_NORMATIVE,PCIC_BASE_A1,PCIC_BASE_A1/7C,PCIC_BASE_A1,,,,TRUE_COGNATE,exercise,LOW,LOW_PROVISIONAL,FULL,NONE,NO,NOT_YET_SENSE_NORMALIZED,INCLUDED,LEGAL_REVIEW_REQUIRED_NOT_CERTIFIED_FOR_REDISTRIBUTION,1,0,0,0,,1.20
7G-ATOM-0193,ATOMIC_SURFACE_FORM,el,el,el,PROVISIONAL_IDENTITY_ANCHOR,NO_SAFE_COLLAPSE_APPLIED_BEFORE_PHASE14,ARTICLE,A1_CORE_NORMATIVE,PCIC_BASE_A1,PCIC_BASE_A1/7C,PCIC_BASE_A1,,,,NO_OBVIOUS_PEDAGOGICAL_COGNATE_FIRST_PASS,,NOT_ASSESSED,NOT_ASSESSED,NOT_ASSESSED,NONE_IDENTIFIED,NO,NOT_YET_SENSE_NORMALIZED,INCLUDED,LEGAL_REVIEW_REQUIRED_NOT_CERTIFIED_FOR_REDISTRIBUTION,1,0,0,0,,1.20
7G-ATOM-0194,ATOMIC_SURFACE_FORM,electrónico,electrónico,electrónico,PROVISIONAL_IDENTITY_ANCHOR,NO_SAFE_COLLAPSE_APPLIED_BEFORE_PHASE14,ADJ,A1_CORE_NORMATIVE,PCIC_BASE_A1,PCIC_BASE_A1/7C,PCIC_BASE_A1,,,,TRUE_COGNATE,electronic,VERY_HIGH,HIGH_PROVISIONAL,FULL,NONE,NO,NOT_YET_SENSE_NORMALIZED,INCLUDED,LEGAL_REVIEW_REQUIRED_NOT_CERTIFIED_FOR_REDISTRIBUTION,1,0,0,0,,1.20
7G-ATOM-0195,ATOMIC_SURFACE_FORM,ella,ella,ella,PROVISIONAL_IDENTITY_ANCHOR,NO_SAFE_COLLAPSE_APPLIED_BEFORE_PHASE14,PRONOUN,A1_CORE_NORMATIVE,PCIC_BASE_A1,PCIC_BASE_A1/7C,PCIC_BASE_A1,,,,NO_OBVIOUS_PEDAGOGICAL_COGNATE_FIRST_PASS,,NOT_ASSESSED,NOT_ASSESSED,NOT_ASSESSED,NONE_IDENTIFIED,NO,NOT_YET_SENSE_NORMALIZED,INCLUDED,LEGAL_REVIEW_REQUIRED_NOT_CERTIFIED_FOR_REDISTRIBUTION,1,0,0,0,,1.20
7G-ATOM-0196,ATOMIC_SURFACE_FORM,ellas,ellas,ellas,PROVISIONAL_IDENTITY_ANCHOR,NO_SAFE_COLLAPSE_APPLIED_BEFORE_PHASE14,PRONOUN,A1_CORE_NORMATIVE,PCIC_BASE_A1,PCIC_BASE_A1/7C,PCIC_BASE_A1,,,,NO_OBVIOUS_PEDAGOGICAL_COGNATE_FIRST_PASS,,NOT_ASSESSED,NOT_ASSESSED,NOT_ASSESSED,NONE_IDENTIFIED,NO,NOT_YET_SENSE_NORMALIZED,INCLUDED,LEGAL_REVIEW_REQUIRED_NOT_CERTIFIED_FOR_REDISTRIBUTION,1,0,0,0,,1.20
7G-ATOM-0197,ATOMIC_SURFACE_FORM,ellos,ellos,ellos,PROVISIONAL_IDENTITY_ANCHOR,NO_SAFE_COLLAPSE_APPLIED_BEFORE_PHASE14,PRONOUN,A1_CORE_NORMATIVE,PCIC_BASE_A1,PCIC_BASE_A1/7C,PCIC_BASE_A1,,,,NO_OBVIOUS_PEDAGOGICAL_COGNATE_FIRST_PASS,,NOT_ASSESSED,NOT_ASSESSED,NOT_ASSESSED,NONE_IDENTIFIED,NO,NOT_YET_SENSE_NORMALIZED,INCLUDED,LEGAL_REVIEW_REQUIRED_NOT_CERTIFIED_FOR_REDISTRIBUTION,1,0,0,0,,1.20
7G-ATOM-0198,ATOMIC_SURFACE_FORM,empezar,empezar,empezar,LEMMA_EXPLICIT_VERB,PHASE6_VERB_LEMMA_INVENTORY,VERB,A1_CORE_NORMATIVE,PCIC_BASE_A1,PCIC_BASE_A1/7C,PCIC_BASE_A1,,,,NO_OBVIOUS_PEDAGOGICAL_COGNATE_FIRST_PASS,,NOT_ASSESSED,NOT_ASSESSED,NOT_ASSESSED,NONE_IDENTIFIED,NO,NOT_YET_SENSE_NORMALIZED,INCLUDED,LEGAL_REVIEW_REQUIRED_NOT_CERTIFIED_FOR_REDISTRIBUTION,1,0,0,0,,1.20
7G-ATOM-0199,ATOMIC_SURFACE_FORM,empresa,empresa,empresa,PROVISIONAL_IDENTITY_ANCHOR,NO_SAFE_COLLAPSE_APPLIED_BEFORE_PHASE14,NOUN,A1_CORE_NORMATIVE,PCIC_BASE_A1,PCIC_BASE_A1/7C,PCIC_BASE_A1,,,,PEDAGOGICAL_COGNATE_PARTIAL,enterprise,LOW,LOW_PROVISIONAL,PARTIAL,LOW,NO,NOT_YET_SENSE_NORMALIZED,INCLUDED,LEGAL_REVIEW_REQUIRED_NOT_CERTIFIED_FOR_REDISTRIBUTION,1,0,0,0,,1.20
7G-ATOM-0200,ATOMIC_SURFACE_FORM,en,en,en,PROVISIONAL_IDENTITY_ANCHOR,NO_SAFE_COLLAPSE_APPLIED_BEFORE_PHASE14,PREP,A1_CORE_NORMATIVE,PCIC_BASE_A1,PCIC_BASE_A1/7C,PCIC_BASE_A1,,,,NO_OBVIOUS_PEDAGOGICAL_COGNATE_FIRST_PASS,,NOT_ASSESSED,NOT_ASSESSED,NOT_ASSESSED,NONE_IDENTIFIED,NO,NOT_YET_SENSE_NORMALIZED,INCLUDED,LEGAL_REVIEW_REQUIRED_NOT_CERTIFIED_FOR_REDISTRIBUTION,1,0,0,0,,1.20
7G-ATOM-0201,ATOMIC_SURFACE_FORM,encantado,encantado,encantado,PROVISIONAL_IDENTITY_ANCHOR,NO_SAFE_COLLAPSE_APPLIED_BEFORE_PHASE14,FORMULA,A1_CORE_NORMATIVE,PCIC_BASE_A1,PCIC_BASE_A1/7C,PCIC_BASE_A1,,,,FALSE_FRIEND_OR_DECEPTIVE_OVERLAP,enchanted,MEDIUM,FORM_SIMILARITY_ONLY,DIVERGENT,HIGH,NO,NOT_YET_SENSE_NORMALIZED,INCLUDED,LEGAL_REVIEW_REQUIRED_NOT_CERTIFIED_FOR_REDISTRIBUTION,1,0,0,0,,1.20
7G-ATOM-0202,ATOMIC_SURFACE_FORM,enfermera,enfermera,enfermero,COLLAPSED_TO_EXISTING_CANONICAL_ANCHOR,EXPLICIT_MORPHOLOGICAL_OR_ORTHOGRAPHIC_COLLAPSE_FROM_PRIOR_PHASES,NOUN,A1_CORE_NORMATIVE,7B_SURFACE_CORRECTION,PCIC_BASE_A1/7C,7B_SURFACE_CORRECTION,,,,NO_OBVIOUS_PEDAGOGICAL_COGNATE_FIRST_PASS,,NOT_ASSESSED,NOT_ASSESSED,NOT_ASSESSED,NONE_IDENTIFIED,NO,NOT_YET_SENSE_NORMALIZED,INCLUDED,LEGAL_REVIEW_REQUIRED_NOT_CERTIFIED_FOR_REDISTRIBUTION,1,0,0,0,,1.20
7G-ATOM-0203,ATOMIC_SURFACE_FORM,enfermero,enfermero,enfermero,PROVISIONAL_IDENTITY_ANCHOR,NO_SAFE_COLLAPSE_APPLIED_BEFORE_PHASE14,NOUN,A1_CORE_NORMATIVE,PCIC_BASE_A1,PCIC_BASE_A1/7C,PCIC_BASE_A1,,,,NO_OBVIOUS_PEDAGOGICAL_COGNATE_FIRST_PASS,,NOT_ASSESSED,NOT_ASSESSED,NOT_ASSESSED,NONE_IDENTIFIED,NO,NOT_YET_SENSE_NORMALIZED,INCLUDED,LEGAL_REVIEW_REQUIRED_NOT_CERTIFIED_FOR_REDISTRIBUTION,1,0,0,0,,1.20
7G-ATOM-0204,ATOMIC_SURFACE_FORM,enfermo,enfermo,enfermo,PROVISIONAL_IDENTITY_ANCHOR,NO_SAFE_COLLAPSE_APPLIED_BEFORE_PHASE14,ADJ,A1_CORE_NORMATIVE,PCIC_BASE_A1,PCIC_BASE_A1/7C,PCIC_BASE_A1,,,,PEDAGOGICAL_COGNATE_PARTIAL,infirm,LOW,LOW_PROVISIONAL,PARTIAL,LOW,NO,NOT_YET_SENSE_NORMALIZED,INCLUDED,LEGAL_REVIEW_REQUIRED_NOT_CERTIFIED_FOR_REDISTRIBUTION,1,0,0,0,,1.20
7G-ATOM-0205,ATOMIC_SURFACE_FORM,ensalada,ensalada,ensalada,PROVISIONAL_IDENTITY_ANCHOR,NO_SAFE_COLLAPSE_APPLIED_BEFORE_PHASE14,NOUN,A1_CORE_NORMATIVE,PCIC_BASE_A1,PCIC_BASE_A1/7C,PCIC_BASE_A1,,,,TRUE_COGNATE,salad,MEDIUM,LOW_PROVISIONAL,FULL,NONE,NO,NOT_YET_SENSE_NORMALIZED,INCLUDED,LEGAL_REVIEW_REQUIRED_NOT_CERTIFIED_FOR_REDISTRIBUTION,1,0,0,0,,1.20
7G-ATOM-0206,ATOMIC_SURFACE_FORM,entender,entender,entender,LEMMA_EXPLICIT_VERB,PHASE6_VERB_LEMMA_INVENTORY,VERB,A1_CORE_NORMATIVE,PCIC_BASE_A1,PCIC_BASE_A1/7C,PCIC_BASE_A1,,,,NO_OBVIOUS_PEDAGOGICAL_COGNATE_FIRST_PASS,,NOT_ASSESSED,NOT_ASSESSED,NOT_ASSESSED,NONE_IDENTIFIED,NO,NOT_YET_SENSE_NORMALIZED,INCLUDED,LEGAL_REVIEW_REQUIRED_NOT_CERTIFIED_FOR_REDISTRIBUTION,1,0,0,0,,1.20
7G-ATOM-0207,ATOMIC_SURFACE_FORM,entonces,entonces,entonces,PROVISIONAL_IDENTITY_ANCHOR,NO_SAFE_COLLAPSE_APPLIED_BEFORE_PHASE14,ADV_QUANT,A1_CORE_NORMATIVE,PCIC_BASE_A1,PCIC_BASE_A1/7C,PCIC_BASE_A1,,,,NO_OBVIOUS_PEDAGOGICAL_COGNATE_FIRST_PASS,,NOT_ASSESSED,NOT_ASSESSED,NOT_ASSESSED,NONE_IDENTIFIED,NO,NOT_YET_SENSE_NORMALIZED,INCLUDED,LEGAL_REVIEW_REQUIRED_NOT_CERTIFIED_FOR_REDISTRIBUTION,1,0,0,0,,1.20
7G-ATOM-0208,ATOMIC_SURFACE_FORM,entrada,entrada,entrada,PROVISIONAL_IDENTITY_ANCHOR,NO_SAFE_COLLAPSE_APPLIED_BEFORE_PHASE14,NOUN,A1_CORE_NORMATIVE,PCIC_BASE_A1,PCIC_BASE_A1/7C,PCIC_BASE_A1,,,,PEDAGOGICAL_COGNATE_PARTIAL,entrance,MEDIUM,LOW_PROVISIONAL,PARTIAL,MEDIUM,NO,NOT_YET_SENSE_NORMALIZED,INCLUDED,LEGAL_REVIEW_REQUIRED_NOT_CERTIFIED_FOR_REDISTRIBUTION,1,0,0,0,,1.20
7G-ATOM-0209,ATOMIC_SURFACE_FORM,entrar,entrar,entrar,LEMMA_EXPLICIT_VERB,PHASE6_VERB_LEMMA_INVENTORY,VERB,A1_CORE_NORMATIVE,PCIC_BASE_A1,PCIC_BASE_A1/7C,PCIC_BASE_A1,,,,TRUE_COGNATE,enter,MEDIUM,LOW_PROVISIONAL,FULL,NONE,NO,NOT_YET_SENSE_NORMALIZED,INCLUDED,LEGAL_REVIEW_REQUIRED_NOT_CERTIFIED_FOR_REDISTRIBUTION,1,0,0,0,,1.20
7G-ATOM-0210,ATOMIC_SURFACE_FORM,entre,entre,entre,PROVISIONAL_IDENTITY_ANCHOR,NO_SAFE_COLLAPSE_APPLIED_BEFORE_PHASE14,PREP,A1_CORE_NORMATIVE,PCIC_BASE_A1,PCIC_BASE_A1/7C,PCIC_BASE_A1,,,,NO_OBVIOUS_PEDAGOGICAL_COGNATE_FIRST_PASS,,NOT_ASSESSED,NOT_ASSESSED,NOT_ASSESSED,NONE_IDENTIFIED,NO,NOT_YET_SENSE_NORMALIZED,INCLUDED,LEGAL_REVIEW_REQUIRED_NOT_CERTIFIED_FOR_REDISTRIBUTION,1,0,0,0,,1.20
7G-ATOM-0211,ATOMIC_SURFACE_FORM,esa,esa,esa,PROVISIONAL_IDENTITY_ANCHOR,NO_SAFE_COLLAPSE_APPLIED_BEFORE_PHASE14,DEMONSTRATIVE,A1_CORE_NORMATIVE,PCIC_BASE_A1,PCIC_BASE_A1/7C,PCIC_BASE_A1,,,,NO_OBVIOUS_PEDAGOGICAL_COGNATE_FIRST_PASS,,NOT_ASSESSED,NOT_ASSESSED,NOT_ASSESSED,NONE_IDENTIFIED,NO,NOT_YET_SENSE_NORMALIZED,INCLUDED,LEGAL_REVIEW_REQUIRED_NOT_CERTIFIED_FOR_REDISTRIBUTION,1,0,0,0,,1.20
7G-ATOM-0212,ATOMIC_SURFACE_FORM,esas,esas,esas,PROVISIONAL_IDENTITY_ANCHOR,NO_SAFE_COLLAPSE_APPLIED_BEFORE_PHASE14,DEMONSTRATIVE,A1_CORE_NORMATIVE,PCIC_BASE_A1,PCIC_BASE_A1/7C,PCIC_BASE_A1,,,,NO_OBVIOUS_PEDAGOGICAL_COGNATE_FIRST_PASS,,NOT_ASSESSED,NOT_ASSESSED,NOT_ASSESSED,NONE_IDENTIFIED,NO,NOT_YET_SENSE_NORMALIZED,INCLUDED,LEGAL_REVIEW_REQUIRED_NOT_CERTIFIED_FOR_REDISTRIBUTION,1,0,0,0,,1.20
7G-ATOM-0213,ATOMIC_SURFACE_FORM,escalera,escalera,escalera,PROVISIONAL_IDENTITY_ANCHOR,NO_SAFE_COLLAPSE_APPLIED_BEFORE_PHASE14,NOUN,A1_CORE_NORMATIVE,PCIC_BASE_A1,PCIC_BASE_A1/7C,PCIC_BASE_A1,,,,FALSE_FRIEND_OR_DECEPTIVE_OVERLAP,escalator,LOW,FORM_SIMILARITY_ONLY,DIVERGENT,MEDIUM,NO,NOT_YET_SENSE_NORMALIZED,INCLUDED,LEGAL_REVIEW_REQUIRED_NOT_CERTIFIED_FOR_REDISTRIBUTION,1,0,0,0,,1.20
7G-ATOM-0214,ATOMIC_SURFACE_FORM,escribir,escribir,escribir,LEMMA_EXPLICIT_VERB,PHASE6_VERB_LEMMA_INVENTORY,VERB,A1_CORE_NORMATIVE,PCIC_BASE_A1,PCIC_BASE_A1/7C,PCIC_BASE_A1,,,,NO_OBVIOUS_PEDAGOGICAL_COGNATE_FIRST_PASS,,NOT_ASSESSED,NOT_ASSESSED,NOT_ASSESSED,NONE_IDENTIFIED,NO,NOT_YET_SENSE_NORMALIZED,INCLUDED,LEGAL_REVIEW_REQUIRED_NOT_CERTIFIED_FOR_REDISTRIBUTION,1,0,0,0,,1.20
7G-ATOM-0215,ATOMIC_SURFACE_FORM,escuchar,escuchar,escuchar,LEMMA_EXPLICIT_VERB,PHASE6_VERB_LEMMA_INVENTORY,VERB,A1_CORE_NORMATIVE,PCIC_BASE_A1,PCIC_BASE_A1/7C,PCIC_BASE_A1,,,,NO_OBVIOUS_PEDAGOGICAL_COGNATE_FIRST_PASS,,NOT_ASSESSED,NOT_ASSESSED,NOT_ASSESSED,NONE_IDENTIFIED,NO,NOT_YET_SENSE_NORMALIZED,INCLUDED,LEGAL_REVIEW_REQUIRED_NOT_CERTIFIED_FOR_REDISTRIBUTION,1,0,0,0,,1.20
7G-ATOM-0216,ATOMIC_SURFACE_FORM,escuela,escuela,escuela,PROVISIONAL_IDENTITY_ANCHOR,NO_SAFE_COLLAPSE_APPLIED_BEFORE_PHASE14,NOUN,A1_CORE_NORMATIVE,PCIC_BASE_A1,PCIC_BASE_A1/7C,PCIC_BASE_A1,,,,NO_OBVIOUS_PEDAGOGICAL_COGNATE_FIRST_PASS,,NOT_ASSESSED,NOT_ASSESSED,NOT_ASSESSED,NONE_IDENTIFIED,NO,NOT_YET_SENSE_NORMALIZED,INCLUDED,LEGAL_REVIEW_REQUIRED_NOT_CERTIFIED_FOR_REDISTRIBUTION,1,0,0,0,,1.20
7G-ATOM-0217,ATOMIC_SURFACE_FORM,ese,ese,ese,PROVISIONAL_IDENTITY_ANCHOR,NO_SAFE_COLLAPSE_APPLIED_BEFORE_PHASE14,FUNCTION_WORD,A1_CORE_NORMATIVE,PCIC_BASE_A1,PCIC_BASE_A1/7C,PCIC_BASE_A1,,,,NO_OBVIOUS_PEDAGOGICAL_COGNATE_FIRST_PASS,,NOT_ASSESSED,NOT_ASSESSED,NOT_ASSESSED,NONE_IDENTIFIED,NO,NOT_YET_SENSE_NORMALIZED,INCLUDED,LEGAL_REVIEW_REQUIRED_NOT_CERTIFIED_FOR_REDISTRIBUTION,1,0,0,0,,1.20
7G-ATOM-0218,ATOMIC_SURFACE_FORM,eso,eso,eso,PROVISIONAL_IDENTITY_ANCHOR,NO_SAFE_COLLAPSE_APPLIED_BEFORE_PHASE14,DEMONSTRATIVE,A1_CORE_NORMATIVE,PCIC_BASE_A1,PCIC_BASE_A1/7C,PCIC_BASE_A1,,,,NO_OBVIOUS_PEDAGOGICAL_COGNATE_FIRST_PASS,,NOT_ASSESSED,NOT_ASSESSED,NOT_ASSESSED,NONE_IDENTIFIED,NO,NOT_YET_SENSE_NORMALIZED,INCLUDED,LEGAL_REVIEW_REQUIRED_NOT_CERTIFIED_FOR_REDISTRIBUTION,1,0,0,0,,1.20
7G-ATOM-0219,ATOMIC_SURFACE_FORM,esos,esos,esos,PROVISIONAL_IDENTITY_ANCHOR,NO_SAFE_COLLAPSE_APPLIED_BEFORE_PHASE14,DEMONSTRATIVE,A1_CORE_NORMATIVE,PCIC_BASE_A1,PCIC_BASE_A1/7C,PCIC_BASE_A1,,,,NO_OBVIOUS_PEDAGOGICAL_COGNATE_FIRST_PASS,,NOT_ASSESSED,NOT_ASSESSED,NOT_ASSESSED,NONE_IDENTIFIED,NO,NOT_YET_SENSE_NORMALIZED,INCLUDED,LEGAL_REVIEW_REQUIRED_NOT_CERTIFIED_FOR_REDISTRIBUTION,1,0,0,0,,1.20
7G-ATOM-0220,ATOMIC_SURFACE_FORM,español,español,español,PROVISIONAL_IDENTITY_ANCHOR,NO_SAFE_COLLAPSE_APPLIED_BEFORE_PHASE14,ADJ_NOUN,A1_CORE_NORMATIVE,PCIC_BASE_A1,PCIC_BASE_A1/7C,PCIC_BASE_A1,,,,NO_OBVIOUS_PEDAGOGICAL_COGNATE_FIRST_PASS,,NOT_ASSESSED,NOT_ASSESSED,NOT_ASSESSED,NONE_IDENTIFIED,YES,SPLIT_REQUIRED_OR_DOCUMENTED,INCLUDED,LEGAL_REVIEW_REQUIRED_NOT_CERTIFIED_FOR_REDISTRIBUTION,1,0,0,0,Explicitly documented as requiring multiple POS/sense/source assertions or later split.,1.20
7G-ATOM-0221,ATOMIC_SURFACE_FORM,esquiar,esquiar,esquiar,LEMMA_EXPLICIT_VERB,PHASE6_VERB_LEMMA_INVENTORY,VERB,A1_CORE_NORMATIVE,PCIC_BASE_A1,PCIC_BASE_A1/7C,PCIC_BASE_A1,,,,PEDAGOGICAL_COGNATE_PARTIAL,ski,LOW,LOW_PROVISIONAL,FULL,LOW,NO,NOT_YET_SENSE_NORMALIZED,INCLUDED,LEGAL_REVIEW_REQUIRED_NOT_CERTIFIED_FOR_REDISTRIBUTION,1,0,0,0,,1.20
7G-ATOM-0222,ATOMIC_SURFACE_FORM,esta,esta,esta,PROVISIONAL_IDENTITY_ANCHOR,NO_SAFE_COLLAPSE_APPLIED_BEFORE_PHASE14,DEMONSTRATIVE,A1_CORE_NORMATIVE,PCIC_BASE_A1,PCIC_BASE_A1/7C,PCIC_BASE_A1,,,,NO_OBVIOUS_PEDAGOGICAL_COGNATE_FIRST_PASS,,NOT_ASSESSED,NOT_ASSESSED,NOT_ASSESSED,NONE_IDENTIFIED,NO,NOT_YET_SENSE_NORMALIZED,INCLUDED,LEGAL_REVIEW_REQUIRED_NOT_CERTIFIED_FOR_REDISTRIBUTION,1,0,0,0,,1.20
7G-ATOM-0223,ATOMIC_SURFACE_FORM,estación,estación,estación,PROVISIONAL_IDENTITY_ANCHOR,NO_SAFE_COLLAPSE_APPLIED_BEFORE_PHASE14,NOUN,A1_CORE_NORMATIVE,PCIC_BASE_A1,PCIC_BASE_A1/7C,PCIC_BASE_A1,,,,TRUE_COGNATE,station,HIGH,MEDIUM_PROVISIONAL,FULL,NONE,NO,NOT_YET_SENSE_NORMALIZED,INCLUDED,LEGAL_REVIEW_REQUIRED_NOT_CERTIFIED_FOR_REDISTRIBUTION,1,0,0,0,,1.20
7G-ATOM-0224,ATOMIC_SURFACE_FORM,estampilla,estampilla,estampilla,PROVISIONAL_IDENTITY_ANCHOR,NO_SAFE_COLLAPSE_APPLIED_BEFORE_PHASE14,NOUN,A1_REGIONAL_RECEPTIVE,7C_REGIONAL_VARIATION,7C_MIXED_SOURCES,7C_REGIONAL_VARIATION,A1_REGIONAL_RECEPTIVE,Hispanoamérica,TARGET_PROFILE_ONLY,NO_OBVIOUS_PEDAGOGICAL_COGNATE_FIRST_PASS,,NOT_ASSESSED,NOT_ASSESSED,NOT_ASSESSED,NONE_IDENTIFIED,NO,NOT_YET_SENSE_NORMALIZED,INCLUDED,LEGAL_REVIEW_REQUIRED_NOT_CERTIFIED_FOR_REDISTRIBUTION,1,0,0,0,,1.20
7G-ATOM-0225,ATOMIC_SURFACE_FORM,estantería,estantería,estantería,PROVISIONAL_IDENTITY_ANCHOR,NO_SAFE_COLLAPSE_APPLIED_BEFORE_PHASE14,NOUN,A1_CORE_NORMATIVE,PCIC_BASE_A1,PCIC_BASE_A1/7C,PCIC_BASE_A1,,,,FALSE_FRIEND_OR_DECEPTIVE_OVERLAP,stationery,LOW,FORM_SIMILARITY_ONLY,DIVERGENT,MEDIUM,NO,NOT_YET_SENSE_NORMALIZED,INCLUDED,LEGAL_REVIEW_REQUIRED_NOT_CERTIFIED_FOR_REDISTRIBUTION,1,0,0,0,,1.20
7G-ATOM-0226,ATOMIC_SURFACE_FORM,estar,estar,estar,LEMMA_EXPLICIT_VERB,PHASE6_VERB_LEMMA_INVENTORY,VERB,A1_CORE_NORMATIVE,PCIC_BASE_A1,PCIC_BASE_A1/7C,PCIC_BASE_A1,,,,NO_OBVIOUS_PEDAGOGICAL_COGNATE_FIRST_PASS,,NOT_ASSESSED,NOT_ASSESSED,NOT_ASSESSED,NONE_IDENTIFIED,NO,NOT_YET_SENSE_NORMALIZED,INCLUDED,LEGAL_REVIEW_REQUIRED_NOT_CERTIFIED_FOR_REDISTRIBUTION,1,0,0,0,,1.20
7G-ATOM-0227,ATOMIC_SURFACE_FORM,estas,estas,estas,PROVISIONAL_IDENTITY_ANCHOR,NO_SAFE_COLLAPSE_APPLIED_BEFORE_PHASE14,DEMONSTRATIVE,A1_CORE_NORMATIVE,PCIC_BASE_A1,PCIC_BASE_A1/7C,PCIC_BASE_A1,,,,NO_OBVIOUS_PEDAGOGICAL_COGNATE_FIRST_PASS,,NOT_ASSESSED,NOT_ASSESSED,NOT_ASSESSED,NONE_IDENTIFIED,NO,NOT_YET_SENSE_NORMALIZED,INCLUDED,LEGAL_REVIEW_REQUIRED_NOT_CERTIFIED_FOR_REDISTRIBUTION,1,0,0,0,,1.20
7G-ATOM-0228,ATOMIC_SURFACE_FORM,este,este,este,PROVISIONAL_IDENTITY_ANCHOR,NO_SAFE_COLLAPSE_APPLIED_BEFORE_PHASE14,NOUN,A1_CORE_NORMATIVE,PCIC_BASE_A1,PCIC_BASE_A1/7C,PCIC_BASE_A1,,,,NO_OBVIOUS_PEDAGOGICAL_COGNATE_FIRST_PASS,,NOT_ASSESSED,NOT_ASSESSED,NOT_ASSESSED,NONE_IDENTIFIED,YES,SPLIT_REQUIRED_OR_DOCUMENTED,INCLUDED,LEGAL_REVIEW_REQUIRED_NOT_CERTIFIED_FOR_REDISTRIBUTION,1,0,0,0,Explicitly documented as requiring multiple POS/sense/source assertions or later split. Cardinal-point noun plus A1 demonstrative assertion.,1.20
7G-ATOM-0229,ATOMIC_SURFACE_FORM,esto,esto,esto,PROVISIONAL_IDENTITY_ANCHOR,NO_SAFE_COLLAPSE_APPLIED_BEFORE_PHASE14,FUNCTION_WORD,A1_CORE_NORMATIVE,PCIC_BASE_A1,PCIC_BASE_A1/7C,PCIC_BASE_A1,,,,NO_OBVIOUS_PEDAGOGICAL_COGNATE_FIRST_PASS,,NOT_ASSESSED,NOT_ASSESSED,NOT_ASSESSED,NONE_IDENTIFIED,NO,NOT_YET_SENSE_NORMALIZED,INCLUDED,LEGAL_REVIEW_REQUIRED_NOT_CERTIFIED_FOR_REDISTRIBUTION,1,0,0,0,,1.20
7G-ATOM-0230,ATOMIC_SURFACE_FORM,estos,estos,estos,PROVISIONAL_IDENTITY_ANCHOR,NO_SAFE_COLLAPSE_APPLIED_BEFORE_PHASE14,DEMONSTRATIVE,A1_CORE_NORMATIVE,PCIC_BASE_A1,PCIC_BASE_A1/7C,PCIC_BASE_A1,,,,NO_OBVIOUS_PEDAGOGICAL_COGNATE_FIRST_PASS,,NOT_ASSESSED,NOT_ASSESSED,NOT_ASSESSED,NONE_IDENTIFIED,NO,NOT_YET_SENSE_NORMALIZED,INCLUDED,LEGAL_REVIEW_REQUIRED_NOT_CERTIFIED_FOR_REDISTRIBUTION,1,0,0,0,,1.20
7G-ATOM-0231,ATOMIC_SURFACE_FORM,estudiante,estudiante,estudiante,PROVISIONAL_IDENTITY_ANCHOR,NO_SAFE_COLLAPSE_APPLIED_BEFORE_PHASE14,NOUN,A1_CORE_NORMATIVE,PCIC_BASE_A1,PCIC_BASE_A1/7C,PCIC_BASE_A1,,,,TRUE_COGNATE,student,MEDIUM,LOW_PROVISIONAL,FULL,NONE,NO,NOT_YET_SENSE_NORMALIZED,INCLUDED,LEGAL_REVIEW_REQUIRED_NOT_CERTIFIED_FOR_REDISTRIBUTION,1,0,0,0,,1.20
7G-ATOM-0232,ATOMIC_SURFACE_FORM,estudiar,estudiar,estudiar,LEMMA_EXPLICIT_VERB,PHASE6_VERB_LEMMA_INVENTORY,VERB,A1_CORE_NORMATIVE,PCIC_BASE_A1,PCIC_BASE_A1/7C,PCIC_BASE_A1,,,,TRUE_COGNATE,study,LOW,LOW_PROVISIONAL,FULL,NONE,NO,NOT_YET_SENSE_NORMALIZED,INCLUDED,LEGAL_REVIEW_REQUIRED_NOT_CERTIFIED_FOR_REDISTRIBUTION,1,0,0,0,,1.20
7G-ATOM-0233,ATOMIC_SURFACE_FORM,estudio,estudio,estudio,PROVISIONAL_IDENTITY_ANCHOR,NO_SAFE_COLLAPSE_APPLIED_BEFORE_PHASE14,NOUN,A1_CORE_NORMATIVE,PCIC_BASE_A1,PCIC_BASE_A1/7C,PCIC_BASE_A1,,,,SENSE_DEPENDENT_COGNATE,studio,HIGH,MEDIUM_PROVISIONAL,PARTIAL,MEDIUM,NO,NOT_YET_SENSE_NORMALIZED,INCLUDED,LEGAL_REVIEW_REQUIRED_NOT_CERTIFIED_FOR_REDISTRIBUTION,1,0,0,0,,1.20
7G-ATOM-0234,ATOMIC_SURFACE_FORM,euro,euro,euro,PROVISIONAL_IDENTITY_ANCHOR,NO_SAFE_COLLAPSE_APPLIED_BEFORE_PHASE14,NOUN,A1_CORE_NORMATIVE,PCIC_BASE_A1,PCIC_BASE_A1/7C,PCIC_BASE_A1,,,,TRUE_COGNATE,euro,VERY_HIGH,HIGH_PROVISIONAL,FULL,NONE,NO,NOT_YET_SENSE_NORMALIZED,INCLUDED,LEGAL_REVIEW_REQUIRED_NOT_CERTIFIED_FOR_REDISTRIBUTION,1,0,0,0,,1.20
7G-ATOM-0235,ATOMIC_SURFACE_FORM,examen,examen,examen,PROVISIONAL_IDENTITY_ANCHOR,NO_SAFE_COLLAPSE_APPLIED_BEFORE_PHASE14,NOUN,A1_CORE_NORMATIVE,PCIC_BASE_A1,PCIC_BASE_A1/7C,PCIC_BASE_A1,,,,TRUE_COGNATE,exam,MEDIUM,LOW_PROVISIONAL,FULL,NONE,NO,NOT_YET_SENSE_NORMALIZED,INCLUDED,LEGAL_REVIEW_REQUIRED_NOT_CERTIFIED_FOR_REDISTRIBUTION,1,0,0,0,,1.20
7G-ATOM-0236,ATOMIC_SURFACE_FORM,exposición,exposición,exposición,PROVISIONAL_IDENTITY_ANCHOR,NO_SAFE_COLLAPSE_APPLIED_BEFORE_PHASE14,NOUN,A1_CORE_NORMATIVE,PCIC_BASE_A1,PCIC_BASE_A1/7C,PCIC_BASE_A1,,,,SENSE_DEPENDENT_COGNATE,exposition,VERY_HIGH,HIGH_PROVISIONAL,PARTIAL,MEDIUM,NO,NOT_YET_SENSE_NORMALIZED,INCLUDED,LEGAL_REVIEW_REQUIRED_NOT_CERTIFIED_FOR_REDISTRIBUTION,1,0,0,0,,1.20
7G-ATOM-0237,ATOMIC_SURFACE_FORM,exterior,exterior,exterior,PROVISIONAL_IDENTITY_ANCHOR,NO_SAFE_COLLAPSE_APPLIED_BEFORE_PHASE14,ADJ,A1_CORE_NORMATIVE,PCIC_BASE_A1,PCIC_BASE_A1/7C,PCIC_BASE_A1,,,,TRUE_COGNATE,exterior,VERY_HIGH,HIGH_PROVISIONAL,FULL,NONE,NO,NOT_YET_SENSE_NORMALIZED,INCLUDED,LEGAL_REVIEW_REQUIRED_NOT_CERTIFIED_FOR_REDISTRIBUTION,1,0,0,0,,1.20
7G-ATOM-0238,ATOMIC_SURFACE_FORM,extranjero,extranjero,extranjero,PROVISIONAL_IDENTITY_ANCHOR,NO_SAFE_COLLAPSE_APPLIED_BEFORE_PHASE14,ADJ_NOUN,A1_CORE_NORMATIVE,PCIC_BASE_A1,PCIC_BASE_A1/7C,PCIC_BASE_A1,,,,NO_OBVIOUS_PEDAGOGICAL_COGNATE_FIRST_PASS,,NOT_ASSESSED,NOT_ASSESSED,NOT_ASSESSED,NONE_IDENTIFIED,YES,SPLIT_REQUIRED_OR_DOCUMENTED,INCLUDED,LEGAL_REVIEW_REQUIRED_NOT_CERTIFIED_FOR_REDISTRIBUTION,1,0,0,0,Explicitly documented as requiring multiple POS/sense/source assertions or later split.,1.20
7G-ATOM-0239,ATOMIC_SURFACE_FORM,falda,falda,falda,PROVISIONAL_IDENTITY_ANCHOR,NO_SAFE_COLLAPSE_APPLIED_BEFORE_PHASE14,NOUN,A1_CORE_NORMATIVE,PCIC_BASE_A1,PCIC_BASE_A1/7C,PCIC_BASE_A1,,,,NO_OBVIOUS_PEDAGOGICAL_COGNATE_FIRST_PASS,,NOT_ASSESSED,NOT_ASSESSED,NOT_ASSESSED,NONE_IDENTIFIED,NO,NOT_YET_SENSE_NORMALIZED,INCLUDED,LEGAL_REVIEW_REQUIRED_NOT_CERTIFIED_FOR_REDISTRIBUTION,1,0,0,0,,1.20
7G-ATOM-0240,ATOMIC_SURFACE_FORM,familia,familia,familia,PROVISIONAL_IDENTITY_ANCHOR,NO_SAFE_COLLAPSE_APPLIED_BEFORE_PHASE14,NOUN,A1_CORE_NORMATIVE,PCIC_BASE_A1,PCIC_BASE_A1/7C,PCIC_BASE_A1,,,,TRUE_COGNATE,family,MEDIUM,MEDIUM_PROVISIONAL,FULL,NONE,NO,NOT_YET_SENSE_NORMALIZED,INCLUDED,LEGAL_REVIEW_REQUIRED_NOT_CERTIFIED_FOR_REDISTRIBUTION,1,0,0,0,,1.20
7G-ATOM-0241,ATOMIC_SURFACE_FORM,farmacia,farmacia,farmacia,PROVISIONAL_IDENTITY_ANCHOR,NO_SAFE_COLLAPSE_APPLIED_BEFORE_PHASE14,NOUN,A1_CORE_NORMATIVE,PCIC_BASE_A1,PCIC_BASE_A1/7C,PCIC_BASE_A1,,,,TRUE_COGNATE,pharmacy,LOW,LOW_PROVISIONAL,FULL,NONE,NO,NOT_YET_SENSE_NORMALIZED,INCLUDED,LEGAL_REVIEW_REQUIRED_NOT_CERTIFIED_FOR_REDISTRIBUTION,1,0,0,0,,1.20
7G-ATOM-0242,ATOMIC_SURFACE_FORM,fax,fax,fax,PROVISIONAL_IDENTITY_ANCHOR,NO_SAFE_COLLAPSE_APPLIED_BEFORE_PHASE14,NOUN,A1_CORE_NORMATIVE,PCIC_BASE_A1,PCIC_BASE_A1/7C,PCIC_BASE_A1,,,,TRUE_COGNATE,fax,VERY_HIGH,HIGH_PROVISIONAL,FULL,NONE,NO,NOT_YET_SENSE_NORMALIZED,INCLUDED,LEGAL_REVIEW_REQUIRED_NOT_CERTIFIED_FOR_REDISTRIBUTION,1,0,0,0,,1.20
7G-ATOM-0243,ATOMIC_SURFACE_FORM,felicidades,felicidades,felicidades,PROVISIONAL_IDENTITY_ANCHOR,NO_SAFE_COLLAPSE_APPLIED_BEFORE_PHASE14,FORMULA,A1_CORE_NORMATIVE,PCIC_BASE_A1,PCIC_BASE_A1/7C,PCIC_BASE_A1,,,,NO_OBVIOUS_PEDAGOGICAL_COGNATE_FIRST_PASS,,NOT_ASSESSED,NOT_ASSESSED,NOT_ASSESSED,NONE_IDENTIFIED,NO,NOT_YET_SENSE_NORMALIZED,INCLUDED,LEGAL_REVIEW_REQUIRED_NOT_CERTIFIED_FOR_REDISTRIBUTION,1,0,0,0,,1.20
7G-ATOM-0244,ATOMIC_SURFACE_FORM,feo,feo,feo,PROVISIONAL_IDENTITY_ANCHOR,NO_SAFE_COLLAPSE_APPLIED_BEFORE_PHASE14,ADJ,A1_CORE_NORMATIVE,PCIC_BASE_A1,PCIC_BASE_A1/7C,PCIC_BASE_A1,,,,NO_OBVIOUS_PEDAGOGICAL_COGNATE_FIRST_PASS,,NOT_ASSESSED,NOT_ASSESSED,NOT_ASSESSED,NONE_IDENTIFIED,NO,NOT_YET_SENSE_NORMALIZED,INCLUDED,LEGAL_REVIEW_REQUIRED_NOT_CERTIFIED_FOR_REDISTRIBUTION,1,0,0,0,,1.20
7G-ATOM-0245,ATOMIC_SURFACE_FORM,fiesta,fiesta,fiesta,PROVISIONAL_IDENTITY_ANCHOR,NO_SAFE_COLLAPSE_APPLIED_BEFORE_PHASE14,NOUN,A1_CORE_NORMATIVE,PCIC_BASE_A1,PCIC_BASE_A1/7C,PCIC_BASE_A1,,,,PEDAGOGICAL_COGNATE_PARTIAL,feast,LOW,LOW_PROVISIONAL,PARTIAL,MEDIUM,NO,NOT_YET_SENSE_NORMALIZED,INCLUDED,LEGAL_REVIEW_REQUIRED_NOT_CERTIFIED_FOR_REDISTRIBUTION,1,0,0,0,,1.20
7G-ATOM-0246,ATOMIC_SURFACE_FORM,fijo,fijo,fijo,PROVISIONAL_IDENTITY_ANCHOR,NO_SAFE_COLLAPSE_APPLIED_BEFORE_PHASE14,ADJ,A1_CORE_NORMATIVE,PCIC_BASE_A1,PCIC_BASE_A1/7C,PCIC_BASE_A1,,,,TRUE_COGNATE,fixed,LOW,LOW_PROVISIONAL,FULL,NONE,NO,NOT_YET_SENSE_NORMALIZED,INCLUDED,LEGAL_REVIEW_REQUIRED_NOT_CERTIFIED_FOR_REDISTRIBUTION,1,0,0,0,,1.20
7G-ATOM-0247,ATOMIC_SURFACE_FORM,firmar,firmar,firmar,LEMMA_EXPLICIT_VERB,PHASE6_VERB_LEMMA_INVENTORY,VERB,A1_CORE_NORMATIVE,PCIC_BASE_A1,PCIC_BASE_A1/7C,PCIC_BASE_A1,,,,FALSE_FRIEND_OR_DECEPTIVE_OVERLAP,firm,MEDIUM,FORM_SIMILARITY_ONLY,DIVERGENT,HIGH,NO,NOT_YET_SENSE_NORMALIZED,INCLUDED,LEGAL_REVIEW_REQUIRED_NOT_CERTIFIED_FOR_REDISTRIBUTION,1,0,0,0,,1.20
7G-ATOM-0248,ATOMIC_SURFACE_FORM,flor,flor,flor,PROVISIONAL_IDENTITY_ANCHOR,NO_SAFE_COLLAPSE_APPLIED_BEFORE_PHASE14,NOUN,A1_CORE_NORMATIVE,PCIC_BASE_A1,PCIC_BASE_A1/7C,PCIC_BASE_A1,,,,TRUE_COGNATE,flower,MEDIUM,LOW_PROVISIONAL,FULL,NONE,NO,NOT_YET_SENSE_NORMALIZED,INCLUDED,LEGAL_REVIEW_REQUIRED_NOT_CERTIFIED_FOR_REDISTRIBUTION,1,0,0,0,,1.20
7G-ATOM-0249,ATOMIC_SURFACE_FORM,foto,foto,foto,PROVISIONAL_IDENTITY_ANCHOR,NO_SAFE_COLLAPSE_APPLIED_BEFORE_PHASE14,NOUN,A1_CORE_NORMATIVE,PCIC_BASE_A1,PCIC_BASE_A1/7C,PCIC_BASE_A1,,,,TRUE_COGNATE,photo,MEDIUM,LOW_PROVISIONAL,FULL,NONE,NO,NOT_YET_SENSE_NORMALIZED,INCLUDED,LEGAL_REVIEW_REQUIRED_NOT_CERTIFIED_FOR_REDISTRIBUTION,1,0,0,0,,1.20
7G-ATOM-0250,ATOMIC_SURFACE_FORM,fotocopia,fotocopia,fotocopia,PROVISIONAL_IDENTITY_ANCHOR,NO_SAFE_COLLAPSE_APPLIED_BEFORE_PHASE14,NOUN,A1_CORE_NORMATIVE,PCIC_BASE_A1,PCIC_BASE_A1/7C,PCIC_BASE_A1,,,,TRUE_COGNATE,photocopy,LOW,LOW_PROVISIONAL,FULL,NONE,NO,NOT_YET_SENSE_NORMALIZED,INCLUDED,LEGAL_REVIEW_REQUIRED_NOT_CERTIFIED_FOR_REDISTRIBUTION,1,0,0,0,,1.20
7G-ATOM-0251,ATOMIC_SURFACE_FORM,fruta,fruta,fruta,PROVISIONAL_IDENTITY_ANCHOR,NO_SAFE_COLLAPSE_APPLIED_BEFORE_PHASE14,NOUN,A1_CORE_NORMATIVE,PCIC_BASE_A1,PCIC_BASE_A1/7C,PCIC_BASE_A1,,,,TRUE_COGNATE,fruit,MEDIUM,LOW_PROVISIONAL,FULL,NONE,NO,NOT_YET_SENSE_NORMALIZED,INCLUDED,LEGAL_REVIEW_REQUIRED_NOT_CERTIFIED_FOR_REDISTRIBUTION,1,0,0,0,,1.20
7G-ATOM-0252,ATOMIC_SURFACE_FORM,frío,frío,frío,PROVISIONAL_IDENTITY_ANCHOR,NO_SAFE_COLLAPSE_APPLIED_BEFORE_PHASE14,ADJ_NOUN,A1_CORE_NORMATIVE,PCIC_BASE_A1,PCIC_BASE_A1/7C,PCIC_BASE_A1,,,,NO_OBVIOUS_PEDAGOGICAL_COGNATE_FIRST_PASS,,NOT_ASSESSED,NOT_ASSESSED,NOT_ASSESSED,NONE_IDENTIFIED,YES,SPLIT_REQUIRED_OR_DOCUMENTED,INCLUDED,LEGAL_REVIEW_REQUIRED_NOT_CERTIFIED_FOR_REDISTRIBUTION,1,0,0,0,Explicitly documented as requiring multiple POS/sense/source assertions or later split.,1.20
7G-ATOM-0253,ATOMIC_SURFACE_FORM,fácil,fácil,fácil,PROVISIONAL_IDENTITY_ANCHOR,NO_SAFE_COLLAPSE_APPLIED_BEFORE_PHASE14,ADJ,A1_CORE_NORMATIVE,PCIC_BASE_A1,PCIC_BASE_A1/7C,PCIC_BASE_A1,,,,PEDAGOGICAL_COGNATE_PARTIAL,facile,HIGH,MEDIUM_PROVISIONAL,PARTIAL,MEDIUM,NO,NOT_YET_SENSE_NORMALIZED,INCLUDED,LEGAL_REVIEW_REQUIRED_NOT_CERTIFIED_FOR_REDISTRIBUTION,1,0,0,0,,1.20
7G-ATOM-0254,ATOMIC_SURFACE_FORM,fútbol,fútbol,fútbol,PROVISIONAL_IDENTITY_ANCHOR,NO_SAFE_COLLAPSE_APPLIED_BEFORE_PHASE14,NOUN,A1_CORE_NORMATIVE,PCIC_BASE_A1,PCIC_BASE_A1/7C,PCIC_BASE_A1,,,,TRUE_COGNATE,football,LOW,LOW_PROVISIONAL,FULL,NONE,NO,NOT_YET_SENSE_NORMALIZED,INCLUDED,LEGAL_REVIEW_REQUIRED_NOT_CERTIFIED_FOR_REDISTRIBUTION,1,0,0,0,,1.20
7G-ATOM-0255,ATOMIC_SURFACE_FORM,gafa,gafa,gafa,PROVISIONAL_IDENTITY_ANCHOR,NO_SAFE_COLLAPSE_APPLIED_BEFORE_PHASE14,NOUN,A1_CORE_NORMATIVE,PCIC_BASE_A1,PCIC_BASE_A1/7C,PCIC_BASE_A1,,,,NO_OBVIOUS_PEDAGOGICAL_COGNATE_FIRST_PASS,,NOT_ASSESSED,NOT_ASSESSED,NOT_ASSESSED,NONE_IDENTIFIED,NO,NOT_YET_SENSE_NORMALIZED,INCLUDED,LEGAL_REVIEW_REQUIRED_NOT_CERTIFIED_FOR_REDISTRIBUTION,1,0,0,0,,1.20
7G-ATOM-0256,ATOMIC_SURFACE_FORM,gafas,gafas,gafa,COLLAPSED_TO_EXISTING_CANONICAL_ANCHOR,EXPLICIT_MORPHOLOGICAL_OR_ORTHOGRAPHIC_COLLAPSE_FROM_PRIOR_PHASES,NOUN,A1_CORE_NORMATIVE,7B_SURFACE_CORRECTION,PCIC_BASE_A1/7C,7B_SURFACE_CORRECTION,,,,NO_OBVIOUS_PEDAGOGICAL_COGNATE_FIRST_PASS,,NOT_ASSESSED,NOT_ASSESSED,NOT_ASSESSED,NONE_IDENTIFIED,NO,NOT_YET_SENSE_NORMALIZED,INCLUDED,LEGAL_REVIEW_REQUIRED_NOT_CERTIFIED_FOR_REDISTRIBUTION,1,0,0,0,,1.20
7G-ATOM-0257,ATOMIC_SURFACE_FORM,garaje,garaje,garaje,PROVISIONAL_IDENTITY_ANCHOR,NO_SAFE_COLLAPSE_APPLIED_BEFORE_PHASE14,NOUN,A1_CORE_NORMATIVE,PCIC_BASE_A1,PCIC_BASE_A1/7C,PCIC_BASE_A1,,,,TRUE_COGNATE,garage,HIGH,MEDIUM_PROVISIONAL,FULL,NONE,NO,NOT_YET_SENSE_NORMALIZED,INCLUDED,LEGAL_REVIEW_REQUIRED_NOT_CERTIFIED_FOR_REDISTRIBUTION,1,0,0,0,,1.20
7G-ATOM-0258,ATOMIC_SURFACE_FORM,gente,gente,gente,PROVISIONAL_IDENTITY_ANCHOR,NO_SAFE_COLLAPSE_APPLIED_BEFORE_PHASE14,NOUN,A1_CORE_NORMATIVE,PCIC_BASE_A1,PCIC_BASE_A1/7C,PCIC_BASE_A1,,,,NO_OBVIOUS_PEDAGOGICAL_COGNATE_FIRST_PASS,,NOT_ASSESSED,NOT_ASSESSED,NOT_ASSESSED,NONE_IDENTIFIED,NO,NOT_YET_SENSE_NORMALIZED,INCLUDED,LEGAL_REVIEW_REQUIRED_NOT_CERTIFIED_FOR_REDISTRIBUTION,1,0,0,0,,1.20
7G-ATOM-0259,ATOMIC_SURFACE_FORM,gimnasia,gimnasia,gimnasia,PROVISIONAL_IDENTITY_ANCHOR,NO_SAFE_COLLAPSE_APPLIED_BEFORE_PHASE14,NOUN,A1_CORE_NORMATIVE,PCIC_BASE_A1,PCIC_BASE_A1/7C,PCIC_BASE_A1,,,,TRUE_COGNATE,gymnastics,MEDIUM,LOW_PROVISIONAL,FULL,NONE,NO,NOT_YET_SENSE_NORMALIZED,INCLUDED,LEGAL_REVIEW_REQUIRED_NOT_CERTIFIED_FOR_REDISTRIBUTION,1,0,0,0,,1.20
7G-ATOM-0260,ATOMIC_SURFACE_FORM,goma,goma,goma,PROVISIONAL_IDENTITY_ANCHOR,NO_SAFE_COLLAPSE_APPLIED_BEFORE_PHASE14,NOUN,A1_CORE_NORMATIVE,PCIC_BASE_A1,PCIC_BASE_A1/7C,PCIC_BASE_A1,,,,FALSE_FRIEND_OR_DECEPTIVE_OVERLAP,gum,LOW,FORM_SIMILARITY_ONLY,DIVERGENT,MEDIUM,NO,NOT_YET_SENSE_NORMALIZED,INCLUDED,LEGAL_REVIEW_REQUIRED_NOT_CERTIFIED_FOR_REDISTRIBUTION,1,0,0,0,,1.20
7G-ATOM-0261,ATOMIC_SURFACE_FORM,gordo,gordo,gordo,PROVISIONAL_IDENTITY_ANCHOR,NO_SAFE_COLLAPSE_APPLIED_BEFORE_PHASE14,ADJ,A1_CORE_NORMATIVE,PCIC_BASE_A1,PCIC_BASE_A1/7C,PCIC_BASE_A1,,,,NO_OBVIOUS_PEDAGOGICAL_COGNATE_FIRST_PASS,,NOT_ASSESSED,NOT_ASSESSED,NOT_ASSESSED,NONE_IDENTIFIED,NO,NOT_YET_SENSE_NORMALIZED,INCLUDED,LEGAL_REVIEW_REQUIRED_NOT_CERTIFIED_FOR_REDISTRIBUTION,1,0,0,0,,1.20
7G-ATOM-0262,ATOMIC_SURFACE_FORM,gracias,gracias,gracias,PROVISIONAL_IDENTITY_ANCHOR,NO_SAFE_COLLAPSE_APPLIED_BEFORE_PHASE14,FORMULA,A1_CORE_NORMATIVE,PCIC_BASE_A1,PCIC_BASE_A1/7C,PCIC_BASE_A1,,,,NO_OBVIOUS_PEDAGOGICAL_COGNATE_FIRST_PASS,,NOT_ASSESSED,NOT_ASSESSED,NOT_ASSESSED,NONE_IDENTIFIED,NO,NOT_YET_SENSE_NORMALIZED,INCLUDED,LEGAL_REVIEW_REQUIRED_NOT_CERTIFIED_FOR_REDISTRIBUTION,1,0,0,0,,1.20
7G-ATOM-0263,ATOMIC_SURFACE_FORM,grande,grande,grande,PROVISIONAL_IDENTITY_ANCHOR,NO_SAFE_COLLAPSE_APPLIED_BEFORE_PHASE14,ADJ,A1_CORE_NORMATIVE,PCIC_BASE_A1,PCIC_BASE_A1/7C,PCIC_BASE_A1,,,,SENSE_DEPENDENT_COGNATE,grand,HIGH,MEDIUM_PROVISIONAL,PARTIAL,MEDIUM,NO,NOT_YET_SENSE_NORMALIZED,INCLUDED,LEGAL_REVIEW_REQUIRED_NOT_CERTIFIED_FOR_REDISTRIBUTION,1,0,0,0,,1.20
7G-ATOM-0264,ATOMIC_SURFACE_FORM,gris,gris,gris,PROVISIONAL_IDENTITY_ANCHOR,NO_SAFE_COLLAPSE_APPLIED_BEFORE_PHASE14,ADJ,A1_CORE_NORMATIVE,PCIC_BASE_A1,PCIC_BASE_A1/7C,PCIC_BASE_A1,,,,NO_OBVIOUS_PEDAGOGICAL_COGNATE_FIRST_PASS,,NOT_ASSESSED,NOT_ASSESSED,NOT_ASSESSED,NONE_IDENTIFIED,NO,NOT_YET_SENSE_NORMALIZED,INCLUDED,LEGAL_REVIEW_REQUIRED_NOT_CERTIFIED_FOR_REDISTRIBUTION,1,0,0,0,,1.20
7G-ATOM-0265,ATOMIC_SURFACE_FORM,guagua,guagua,guagua,PROVISIONAL_IDENTITY_ANCHOR,NO_SAFE_COLLAPSE_APPLIED_BEFORE_PHASE14,NOUN,A1_REGIONAL_RECEPTIVE,7C_REGIONAL_VARIATION,7C_MIXED_SOURCES,7C_REGIONAL_VARIATION,A1_REGIONAL_RECEPTIVE,Caribbean + selected areas,TARGET_PROFILE_ONLY,NO_OBVIOUS_PEDAGOGICAL_COGNATE_FIRST_PASS,,NOT_ASSESSED,NOT_ASSESSED,NOT_ASSESSED,NONE_IDENTIFIED,NO,NOT_YET_SENSE_NORMALIZED,INCLUDED,LEGAL_REVIEW_REQUIRED_NOT_CERTIFIED_FOR_REDISTRIBUTION,1,0,0,0,,1.20
7G-ATOM-0266,ATOMIC_SURFACE_FORM,guapo,guapo,guapo,PROVISIONAL_IDENTITY_ANCHOR,NO_SAFE_COLLAPSE_APPLIED_BEFORE_PHASE14,ADJ,A1_CORE_NORMATIVE,PCIC_BASE_A1,PCIC_BASE_A1/7C,PCIC_BASE_A1,,,,NO_OBVIOUS_PEDAGOGICAL_COGNATE_FIRST_PASS,,NOT_ASSESSED,NOT_ASSESSED,NOT_ASSESSED,NONE_IDENTIFIED,NO,NOT_YET_SENSE_NORMALIZED,INCLUDED,LEGAL_REVIEW_REQUIRED_NOT_CERTIFIED_FOR_REDISTRIBUTION,1,0,0,0,,1.20
7G-ATOM-0267,ATOMIC_SURFACE_FORM,guión,guión,guión,PROVISIONAL_IDENTITY_ANCHOR,NO_SAFE_COLLAPSE_APPLIED_BEFORE_PHASE14,NOUN,A1_CORE_NORMATIVE,PCIC_BASE_A1,PCIC_BASE_A1/7C,PCIC_BASE_A1,,,,NO_OBVIOUS_PEDAGOGICAL_COGNATE_FIRST_PASS,,NOT_ASSESSED,NOT_ASSESSED,NOT_ASSESSED,NONE_IDENTIFIED,NO,NOT_YET_SENSE_NORMALIZED,INCLUDED,LEGAL_REVIEW_REQUIRED_NOT_CERTIFIED_FOR_REDISTRIBUTION,1,0,0,0,,1.20
7G-ATOM-0268,ATOMIC_SURFACE_FORM,gustar,gustar,gustar,LEMMA_EXPLICIT_VERB,PHASE6_VERB_LEMMA_INVENTORY,VERB,A1_CORE_NORMATIVE,PCIC_BASE_A1,PCIC_BASE_A1/7C,PCIC_BASE_A1,,,,NO_OBVIOUS_PEDAGOGICAL_COGNATE_FIRST_PASS,,NOT_ASSESSED,NOT_ASSESSED,NOT_ASSESSED,NONE_IDENTIFIED,NO,NOT_YET_SENSE_NORMALIZED,INCLUDED,LEGAL_REVIEW_REQUIRED_NOT_CERTIFIED_FOR_REDISTRIBUTION,1,0,0,0,,1.20
7G-ATOM-0269,ATOMIC_SURFACE_FORM,haber,haber,haber,LEMMA_EXPLICIT_VERB,PHASE6_VERB_LEMMA_INVENTORY,VERB,A1_CORE_NORMATIVE,PCIC_BASE_A1,PCIC_BASE_A1/7C,PCIC_BASE_A1,,,,NO_OBVIOUS_PEDAGOGICAL_COGNATE_FIRST_PASS,,NOT_ASSESSED,NOT_ASSESSED,NOT_ASSESSED,NONE_IDENTIFIED,NO,NOT_YET_SENSE_NORMALIZED,INCLUDED,LEGAL_REVIEW_REQUIRED_NOT_CERTIFIED_FOR_REDISTRIBUTION,1,0,0,0,,1.20
7G-ATOM-0270,ATOMIC_SURFACE_FORM,habitación,habitación,habitación,PROVISIONAL_IDENTITY_ANCHOR,NO_SAFE_COLLAPSE_APPLIED_BEFORE_PHASE14,NOUN,A1_CORE_NORMATIVE,PCIC_BASE_A1,PCIC_BASE_A1/7C,PCIC_BASE_A1,,,,FALSE_FRIEND_OR_DECEPTIVE_OVERLAP,habitation,VERY_HIGH,FORM_SIMILARITY_ONLY,DIVERGENT,MEDIUM,NO,NOT_YET_SENSE_NORMALIZED,INCLUDED,LEGAL_REVIEW_REQUIRED_NOT_CERTIFIED_FOR_REDISTRIBUTION,1,0,0,0,,1.20
7G-ATOM-0271,ATOMIC_SURFACE_FORM,hablar,hablar,hablar,LEMMA_EXPLICIT_VERB,PHASE6_VERB_LEMMA_INVENTORY,VERB,A1_CORE_NORMATIVE,PCIC_BASE_A1,PCIC_BASE_A1/7C,PCIC_BASE_A1,,,,NO_OBVIOUS_PEDAGOGICAL_COGNATE_FIRST_PASS,,NOT_ASSESSED,NOT_ASSESSED,NOT_ASSESSED,NONE_IDENTIFIED,NO,NOT_YET_SENSE_NORMALIZED,INCLUDED,LEGAL_REVIEW_REQUIRED_NOT_CERTIFIED_FOR_REDISTRIBUTION,1,0,0,0,,1.20
7G-ATOM-0272,ATOMIC_SURFACE_FORM,hacer,hacer,hacer,LEMMA_EXPLICIT_VERB,PHASE6_VERB_LEMMA_INVENTORY,VERB,A1_CORE_NORMATIVE,PCIC_BASE_A1,PCIC_BASE_A1/7C,PCIC_BASE_A1,,,,NO_OBVIOUS_PEDAGOGICAL_COGNATE_FIRST_PASS,,NOT_ASSESSED,NOT_ASSESSED,NOT_ASSESSED,NONE_IDENTIFIED,NO,NOT_YET_SENSE_NORMALIZED,INCLUDED,LEGAL_REVIEW_REQUIRED_NOT_CERTIFIED_FOR_REDISTRIBUTION,1,0,0,0,,1.20
7G-ATOM-0273,ATOMIC_SURFACE_FORM,hamburguesa,hamburguesa,hamburguesa,PROVISIONAL_IDENTITY_ANCHOR,NO_SAFE_COLLAPSE_APPLIED_BEFORE_PHASE14,NOUN,A1_CORE_NORMATIVE,PCIC_BASE_A1,PCIC_BASE_A1/7C,PCIC_BASE_A1,,,,TRUE_COGNATE,hamburger,MEDIUM,MEDIUM_PROVISIONAL,FULL,NONE,NO,NOT_YET_SENSE_NORMALIZED,INCLUDED,LEGAL_REVIEW_REQUIRED_NOT_CERTIFIED_FOR_REDISTRIBUTION,1,0,0,0,,1.20
7G-ATOM-0274,ATOMIC_SURFACE_FORM,hasta,hasta,hasta,PROVISIONAL_IDENTITY_ANCHOR,NO_SAFE_COLLAPSE_APPLIED_BEFORE_PHASE14,PREP,A1_CORE_NORMATIVE,PCIC_BASE_A1,PCIC_BASE_A1/7C,PCIC_BASE_A1,,,,NO_OBVIOUS_PEDAGOGICAL_COGNATE_FIRST_PASS,,NOT_ASSESSED,NOT_ASSESSED,NOT_ASSESSED,NONE_IDENTIFIED,NO,NOT_YET_SENSE_NORMALIZED,INCLUDED,LEGAL_REVIEW_REQUIRED_NOT_CERTIFIED_FOR_REDISTRIBUTION,1,0,0,0,,1.20
7G-ATOM-0275,ATOMIC_SURFACE_FORM,hermano,hermano,hermano,PROVISIONAL_IDENTITY_ANCHOR,NO_SAFE_COLLAPSE_APPLIED_BEFORE_PHASE14,NOUN,A1_CORE_NORMATIVE,PCIC_BASE_A1,PCIC_BASE_A1/7C,PCIC_BASE_A1,,,,NO_OBVIOUS_PEDAGOGICAL_COGNATE_FIRST_PASS,,NOT_ASSESSED,NOT_ASSESSED,NOT_ASSESSED,NONE_IDENTIFIED,NO,NOT_YET_SENSE_NORMALIZED,INCLUDED,LEGAL_REVIEW_REQUIRED_NOT_CERTIFIED_FOR_REDISTRIBUTION,1,0,0,0,,1.20
7G-ATOM-0276,ATOMIC_SURFACE_FORM,hermoso,hermoso,hermoso,PROVISIONAL_IDENTITY_ANCHOR,NO_SAFE_COLLAPSE_APPLIED_BEFORE_PHASE14,ADJ,A1_CORE_NORMATIVE,PCIC_BASE_A1,PCIC_BASE_A1/7C,PCIC_BASE_A1,A1_REGIONAL_RECEPTIVE,Hispanoamérica,TARGET_PROFILE_ONLY,NO_OBVIOUS_PEDAGOGICAL_COGNATE_FIRST_PASS,,NOT_ASSESSED,NOT_ASSESSED,NOT_ASSESSED,NONE_IDENTIFIED,NO,NOT_YET_SENSE_NORMALIZED,INCLUDED,LEGAL_REVIEW_REQUIRED_NOT_CERTIFIED_FOR_REDISTRIBUTION,1,0,0,0,,1.20
7G-ATOM-0277,ATOMIC_SURFACE_FORM,hijo,hijo,hijo,PROVISIONAL_IDENTITY_ANCHOR,NO_SAFE_COLLAPSE_APPLIED_BEFORE_PHASE14,NOUN,A1_CORE_NORMATIVE,PCIC_BASE_A1,PCIC_BASE_A1/7C,PCIC_BASE_A1,,,,NO_OBVIOUS_PEDAGOGICAL_COGNATE_FIRST_PASS,,NOT_ASSESSED,NOT_ASSESSED,NOT_ASSESSED,NONE_IDENTIFIED,NO,NOT_YET_SENSE_NORMALIZED,INCLUDED,LEGAL_REVIEW_REQUIRED_NOT_CERTIFIED_FOR_REDISTRIBUTION,1,0,0,0,,1.20
7G-ATOM-0278,ATOMIC_SURFACE_FORM,hola,hola,hola,PROVISIONAL_IDENTITY_ANCHOR,NO_SAFE_COLLAPSE_APPLIED_BEFORE_PHASE14,FORMULA,A1_CORE_NORMATIVE,PCIC_BASE_A1,PCIC_BASE_A1/7C,PCIC_BASE_A1,,,,NO_OBVIOUS_PEDAGOGICAL_COGNATE_FIRST_PASS,,NOT_ASSESSED,NOT_ASSESSED,NOT_ASSESSED,NONE_IDENTIFIED,NO,NOT_YET_SENSE_NORMALIZED,INCLUDED,LEGAL_REVIEW_REQUIRED_NOT_CERTIFIED_FOR_REDISTRIBUTION,1,0,0,0,,1.20
7G-ATOM-0279,ATOMIC_SURFACE_FORM,hombre,hombre,hombre,PROVISIONAL_IDENTITY_ANCHOR,NO_SAFE_COLLAPSE_APPLIED_BEFORE_PHASE14,NOUN,A1_CORE_NORMATIVE,PCIC_BASE_A1,PCIC_BASE_A1/7C,PCIC_BASE_A1,,,,INTERNATIONALISM_OR_BORROWING,hombre,VERY_HIGH,HIGH_PROVISIONAL,FULL,LOW,NO,NOT_YET_SENSE_NORMALIZED,INCLUDED,LEGAL_REVIEW_REQUIRED_NOT_CERTIFIED_FOR_REDISTRIBUTION,1,0,0,0,,1.20
7G-ATOM-0280,ATOMIC_SURFACE_FORM,hora,hora,hora,PROVISIONAL_IDENTITY_ANCHOR,NO_SAFE_COLLAPSE_APPLIED_BEFORE_PHASE14,NOUN,A1_CORE_NORMATIVE,PCIC_BASE_A1,PCIC_BASE_A1/7C,PCIC_BASE_A1,,,,TRUE_COGNATE,hour,LOW,LOW_PROVISIONAL,FULL,NONE,NO,NOT_YET_SENSE_NORMALIZED,INCLUDED,LEGAL_REVIEW_REQUIRED_NOT_CERTIFIED_FOR_REDISTRIBUTION,1,0,0,0,,1.20
7G-ATOM-0281,ATOMIC_SURFACE_FORM,horario,horario,horario,PROVISIONAL_IDENTITY_ANCHOR,NO_SAFE_COLLAPSE_APPLIED_BEFORE_PHASE14,NOUN,A1_CORE_NORMATIVE,PCIC_BASE_A1,PCIC_BASE_A1/7C,PCIC_BASE_A1,,,,NO_OBVIOUS_PEDAGOGICAL_COGNATE_FIRST_PASS,,NOT_ASSESSED,NOT_ASSESSED,NOT_ASSESSED,NONE_IDENTIFIED,NO,NOT_YET_SENSE_NORMALIZED,INCLUDED,LEGAL_REVIEW_REQUIRED_NOT_CERTIFIED_FOR_REDISTRIBUTION,1,0,0,0,,1.20
7G-ATOM-0282,ATOMIC_SURFACE_FORM,hospital,hospital,hospital,PROVISIONAL_IDENTITY_ANCHOR,NO_SAFE_COLLAPSE_APPLIED_BEFORE_PHASE14,NOUN,A1_CORE_NORMATIVE,PCIC_BASE_A1,PCIC_BASE_A1/7C,PCIC_BASE_A1,,,,TRUE_COGNATE,hospital,VERY_HIGH,HIGH_PROVISIONAL,FULL,NONE,NO,NOT_YET_SENSE_NORMALIZED,INCLUDED,LEGAL_REVIEW_REQUIRED_NOT_CERTIFIED_FOR_REDISTRIBUTION,1,0,0,0,,1.20
7G-ATOM-0283,ATOMIC_SURFACE_FORM,hotel,hotel,hotel,PROVISIONAL_IDENTITY_ANCHOR,NO_SAFE_COLLAPSE_APPLIED_BEFORE_PHASE14,NOUN,A1_CORE_NORMATIVE,PCIC_BASE_A1,PCIC_BASE_A1/7C,PCIC_BASE_A1,,,,TRUE_COGNATE,hotel,VERY_HIGH,HIGH_PROVISIONAL,FULL,NONE,NO,NOT_YET_SENSE_NORMALIZED,INCLUDED,LEGAL_REVIEW_REQUIRED_NOT_CERTIFIED_FOR_REDISTRIBUTION,1,0,0,0,,1.20
7G-ATOM-0284,ATOMIC_SURFACE_FORM,hoy,hoy,hoy,PROVISIONAL_IDENTITY_ANCHOR,NO_SAFE_COLLAPSE_APPLIED_BEFORE_PHASE14,ADV_QUANT,A1_CORE_NORMATIVE,PCIC_BASE_A1,PCIC_BASE_A1/7C,PCIC_BASE_A1,,,,NO_OBVIOUS_PEDAGOGICAL_COGNATE_FIRST_PASS,,NOT_ASSESSED,NOT_ASSESSED,NOT_ASSESSED,NONE_IDENTIFIED,NO,NOT_YET_SENSE_NORMALIZED,INCLUDED,LEGAL_REVIEW_REQUIRED_NOT_CERTIFIED_FOR_REDISTRIBUTION,1,0,0,0,,1.20
7G-ATOM-0285,ATOMIC_SURFACE_FORM,huevo,huevo,huevo,PROVISIONAL_IDENTITY_ANCHOR,NO_SAFE_COLLAPSE_APPLIED_BEFORE_PHASE14,NOUN,A1_CORE_NORMATIVE,PCIC_BASE_A1,PCIC_BASE_A1/7C,PCIC_BASE_A1,,,,NO_OBVIOUS_PEDAGOGICAL_COGNATE_FIRST_PASS,,NOT_ASSESSED,NOT_ASSESSED,NOT_ASSESSED,NONE_IDENTIFIED,NO,NOT_YET_SENSE_NORMALIZED,INCLUDED,LEGAL_REVIEW_REQUIRED_NOT_CERTIFIED_FOR_REDISTRIBUTION,1,0,0,0,,1.20
7G-ATOM-0286,ATOMIC_SURFACE_FORM,ida,ida,ida,PROVISIONAL_IDENTITY_ANCHOR,NO_SAFE_COLLAPSE_APPLIED_BEFORE_PHASE14,NOUN,A1_CORE_NORMATIVE,PCIC_BASE_A1,PCIC_BASE_A1/7C,PCIC_BASE_A1,,,,NO_OBVIOUS_PEDAGOGICAL_COGNATE_FIRST_PASS,,NOT_ASSESSED,NOT_ASSESSED,NOT_ASSESSED,NONE_IDENTIFIED,NO,NOT_YET_SENSE_NORMALIZED,INCLUDED,LEGAL_REVIEW_REQUIRED_NOT_CERTIFIED_FOR_REDISTRIBUTION,1,0,0,0,,1.20
7G-ATOM-0287,ATOMIC_SURFACE_FORM,identidad,identidad,identidad,PROVISIONAL_IDENTITY_ANCHOR,NO_SAFE_COLLAPSE_APPLIED_BEFORE_PHASE14,NOUN,A1_CORE_NORMATIVE,PCIC_BASE_A1,PCIC_BASE_A1/7C,PCIC_BASE_A1,,,,TRUE_COGNATE,identity,MEDIUM,LOW_PROVISIONAL,FULL,NONE,NO,NOT_YET_SENSE_NORMALIZED,INCLUDED,LEGAL_REVIEW_REQUIRED_NOT_CERTIFIED_FOR_REDISTRIBUTION,1,0,0,0,,1.20
7G-ATOM-0288,ATOMIC_SURFACE_FORM,iglesia,iglesia,iglesia,PROVISIONAL_IDENTITY_ANCHOR,NO_SAFE_COLLAPSE_APPLIED_BEFORE_PHASE14,NOUN,A1_CORE_NORMATIVE,PCIC_BASE_A1,PCIC_BASE_A1/7C,PCIC_BASE_A1,,,,NO_OBVIOUS_PEDAGOGICAL_COGNATE_FIRST_PASS,,NOT_ASSESSED,NOT_ASSESSED,NOT_ASSESSED,NONE_IDENTIFIED,NO,NOT_YET_SENSE_NORMALIZED,INCLUDED,LEGAL_REVIEW_REQUIRED_NOT_CERTIFIED_FOR_REDISTRIBUTION,1,0,0,0,,1.20
7G-ATOM-0289,ATOMIC_SURFACE_FORM,individual,individual,individual,PROVISIONAL_IDENTITY_ANCHOR,NO_SAFE_COLLAPSE_APPLIED_BEFORE_PHASE14,ADJ,A1_CORE_NORMATIVE,PCIC_BASE_A1,PCIC_BASE_A1/7C,PCIC_BASE_A1,,,,TRUE_COGNATE,individual,VERY_HIGH,HIGH_PROVISIONAL,FULL,NONE,NO,NOT_YET_SENSE_NORMALIZED,INCLUDED,LEGAL_REVIEW_REQUIRED_NOT_CERTIFIED_FOR_REDISTRIBUTION,1,0,0,0,,1.20
7G-ATOM-0290,ATOMIC_SURFACE_FORM,información,información,información,PROVISIONAL_IDENTITY_ANCHOR,NO_SAFE_COLLAPSE_APPLIED_BEFORE_PHASE14,NOUN,A1_CORE_NORMATIVE,PCIC_BASE_A1,PCIC_BASE_A1/7C,PCIC_BASE_A1,,,,TRUE_COGNATE,information,VERY_HIGH,HIGH_PROVISIONAL,FULL,NONE,NO,NOT_YET_SENSE_NORMALIZED,INCLUDED,LEGAL_REVIEW_REQUIRED_NOT_CERTIFIED_FOR_REDISTRIBUTION,1,0,0,0,,1.20
7G-ATOM-0291,ATOMIC_SURFACE_FORM,ingeniero,ingeniero,ingeniero,PROVISIONAL_IDENTITY_ANCHOR,NO_SAFE_COLLAPSE_APPLIED_BEFORE_PHASE14,NOUN,A1_CORE_NORMATIVE,PCIC_BASE_A1,PCIC_BASE_A1/7C,PCIC_BASE_A1,,,,TRUE_COGNATE,engineer,LOW,LOW_PROVISIONAL,FULL,NONE,NO,NOT_YET_SENSE_NORMALIZED,INCLUDED,LEGAL_REVIEW_REQUIRED_NOT_CERTIFIED_FOR_REDISTRIBUTION,1,0,0,0,,1.20
7G-ATOM-0292,ATOMIC_SURFACE_FORM,instituto,instituto,instituto,PROVISIONAL_IDENTITY_ANCHOR,NO_SAFE_COLLAPSE_APPLIED_BEFORE_PHASE14,NOUN,A1_CORE_NORMATIVE,PCIC_BASE_A1,PCIC_BASE_A1/7C,PCIC_BASE_A1,,,,SENSE_DEPENDENT_COGNATE,institute,HIGH,MEDIUM_PROVISIONAL,PARTIAL,MEDIUM,NO,NOT_YET_SENSE_NORMALIZED,INCLUDED,LEGAL_REVIEW_REQUIRED_NOT_CERTIFIED_FOR_REDISTRIBUTION,1,0,0,0,,1.20
7G-ATOM-0293,ATOMIC_SURFACE_FORM,inteligente,inteligente,inteligente,PROVISIONAL_IDENTITY_ANCHOR,NO_SAFE_COLLAPSE_APPLIED_BEFORE_PHASE14,ADJ,A1_CORE_NORMATIVE,PCIC_BASE_A1,PCIC_BASE_A1/7C,PCIC_BASE_A1,,,,TRUE_COGNATE,intelligent,HIGH,MEDIUM_PROVISIONAL,FULL,NONE,NO,NOT_YET_SENSE_NORMALIZED,INCLUDED,LEGAL_REVIEW_REQUIRED_NOT_CERTIFIED_FOR_REDISTRIBUTION,1,0,0,0,,1.20
7G-ATOM-0294,ATOMIC_SURFACE_FORM,interesante,interesante,interesante,PROVISIONAL_IDENTITY_ANCHOR,NO_SAFE_COLLAPSE_APPLIED_BEFORE_PHASE14,ADJ,A1_CORE_NORMATIVE,PCIC_BASE_A1,PCIC_BASE_A1/7C,PCIC_BASE_A1,,,,TRUE_COGNATE,interesting,MEDIUM,LOW_PROVISIONAL,FULL,NONE,NO,NOT_YET_SENSE_NORMALIZED,INCLUDED,LEGAL_REVIEW_REQUIRED_NOT_CERTIFIED_FOR_REDISTRIBUTION,1,0,0,0,,1.20
7G-ATOM-0295,ATOMIC_SURFACE_FORM,interior,interior,interior,PROVISIONAL_IDENTITY_ANCHOR,NO_SAFE_COLLAPSE_APPLIED_BEFORE_PHASE14,ADJ,A1_CORE_NORMATIVE,PCIC_BASE_A1,PCIC_BASE_A1/7C,PCIC_BASE_A1,,,,TRUE_COGNATE,interior,VERY_HIGH,HIGH_PROVISIONAL,FULL,NONE,NO,NOT_YET_SENSE_NORMALIZED,INCLUDED,LEGAL_REVIEW_REQUIRED_NOT_CERTIFIED_FOR_REDISTRIBUTION,1,0,0,0,,1.20
7G-ATOM-0296,ATOMIC_SURFACE_FORM,Internet,Internet,Internet,PROVISIONAL_IDENTITY_ANCHOR,NO_SAFE_COLLAPSE_APPLIED_BEFORE_PHASE14,NOUN,A1_CORE_NORMATIVE,PCIC_BASE_A1,PCIC_BASE_A1/7C,PCIC_BASE_A1,,,,TRUE_COGNATE,Internet,VERY_HIGH,HIGH_PROVISIONAL,FULL,NONE,NO,NOT_YET_SENSE_NORMALIZED,INCLUDED,LEGAL_REVIEW_REQUIRED_NOT_CERTIFIED_FOR_REDISTRIBUTION,1,0,0,0,,1.20
7G-ATOM-0297,ATOMIC_SURFACE_FORM,invierno,invierno,invierno,PROVISIONAL_IDENTITY_ANCHOR,NO_SAFE_COLLAPSE_APPLIED_BEFORE_PHASE14,NOUN,A1_CORE_NORMATIVE,PCIC_BASE_A1,PCIC_BASE_A1/7C,PCIC_BASE_A1,,,,NO_OBVIOUS_PEDAGOGICAL_COGNATE_FIRST_PASS,,NOT_ASSESSED,NOT_ASSESSED,NOT_ASSESSED,NONE_IDENTIFIED,NO,NOT_YET_SENSE_NORMALIZED,INCLUDED,LEGAL_REVIEW_REQUIRED_NOT_CERTIFIED_FOR_REDISTRIBUTION,1,0,0,0,,1.20
7G-ATOM-0298,ATOMIC_SURFACE_FORM,ir,ir,ir,LEMMA_EXPLICIT_VERB,PHASE6_VERB_LEMMA_INVENTORY,VERB,A1_CORE_NORMATIVE,PCIC_BASE_A1,PCIC_BASE_A1/7C,PCIC_BASE_A1,,,,NO_OBVIOUS_PEDAGOGICAL_COGNATE_FIRST_PASS,,NOT_ASSESSED,NOT_ASSESSED,NOT_ASSESSED,NONE_IDENTIFIED,NO,NOT_YET_SENSE_NORMALIZED,INCLUDED,LEGAL_REVIEW_REQUIRED_NOT_CERTIFIED_FOR_REDISTRIBUTION,1,0,0,0,,1.20
7G-ATOM-0299,ATOMIC_SURFACE_FORM,jabón,jabón,jabón,PROVISIONAL_IDENTITY_ANCHOR,NO_SAFE_COLLAPSE_APPLIED_BEFORE_PHASE14,NOUN,A1_CORE_NORMATIVE,PCIC_BASE_A1,PCIC_BASE_A1/7C,PCIC_BASE_A1,,,,NO_OBVIOUS_PEDAGOGICAL_COGNATE_FIRST_PASS,,NOT_ASSESSED,NOT_ASSESSED,NOT_ASSESSED,NONE_IDENTIFIED,NO,NOT_YET_SENSE_NORMALIZED,INCLUDED,LEGAL_REVIEW_REQUIRED_NOT_CERTIFIED_FOR_REDISTRIBUTION,1,0,0,0,,1.20
7G-ATOM-0300,ATOMIC_SURFACE_FORM,japonés,japonés,japonés,PROVISIONAL_IDENTITY_ANCHOR,NO_SAFE_COLLAPSE_APPLIED_BEFORE_PHASE14,ADJ_NOUN,A1_CORE_NORMATIVE,PCIC_BASE_A1,PCIC_BASE_A1/7C,PCIC_BASE_A1,,,,TRUE_COGNATE,Japanese,HIGH,MEDIUM_PROVISIONAL,FULL,NONE,YES,SPLIT_REQUIRED_OR_DOCUMENTED,INCLUDED,LEGAL_REVIEW_REQUIRED_NOT_CERTIFIED_FOR_REDISTRIBUTION,1,0,0,0,Explicitly documented as requiring multiple POS/sense/source assertions or later split.,1.20
7G-ATOM-0301,ATOMIC_SURFACE_FORM,jardín,jardín,jardín,PROVISIONAL_IDENTITY_ANCHOR,NO_SAFE_COLLAPSE_APPLIED_BEFORE_PHASE14,NOUN,A1_CORE_NORMATIVE,PCIC_BASE_A1,PCIC_BASE_A1/7C,PCIC_BASE_A1,,,,PEDAGOGICAL_COGNATE_PARTIAL,garden,MEDIUM,LOW_PROVISIONAL,PARTIAL,LOW,NO,NOT_YET_SENSE_NORMALIZED,INCLUDED,LEGAL_REVIEW_REQUIRED_NOT_CERTIFIED_FOR_REDISTRIBUTION,1,0,0,0,,1.20
7G-ATOM-0302,ATOMIC_SURFACE_FORM,jefe,jefe,jefe,PROVISIONAL_IDENTITY_ANCHOR,NO_SAFE_COLLAPSE_APPLIED_BEFORE_PHASE14,NOUN,A1_CORE_NORMATIVE,PCIC_BASE_A1,PCIC_BASE_A1/7C,PCIC_BASE_A1,,,,NO_OBVIOUS_PEDAGOGICAL_COGNATE_FIRST_PASS,,NOT_ASSESSED,NOT_ASSESSED,NOT_ASSESSED,NONE_IDENTIFIED,NO,NOT_YET_SENSE_NORMALIZED,INCLUDED,LEGAL_REVIEW_REQUIRED_NOT_CERTIFIED_FOR_REDISTRIBUTION,1,0,0,0,,1.20
7G-ATOM-0303,ATOMIC_SURFACE_FORM,jersey,jersey,jersey,PROVISIONAL_IDENTITY_ANCHOR,NO_SAFE_COLLAPSE_APPLIED_BEFORE_PHASE14,NOUN,A1_CORE_NORMATIVE,PCIC_BASE_A1,PCIC_BASE_A1/7C,PCIC_BASE_A1,,,,SENSE_DEPENDENT_COGNATE,jersey,VERY_HIGH,HIGH_PROVISIONAL,PARTIAL,MEDIUM,NO,NOT_YET_SENSE_NORMALIZED,INCLUDED,LEGAL_REVIEW_REQUIRED_NOT_CERTIFIED_FOR_REDISTRIBUTION,1,0,0,0,,1.20
7G-ATOM-0304,ATOMIC_SURFACE_FORM,joven,joven,joven,PROVISIONAL_IDENTITY_ANCHOR,NO_SAFE_COLLAPSE_APPLIED_BEFORE_PHASE14,ADJ_NOUN,A1_CORE_NORMATIVE,PCIC_BASE_A1,PCIC_BASE_A1/7C,PCIC_BASE_A1,,,,NO_OBVIOUS_PEDAGOGICAL_COGNATE_FIRST_PASS,,NOT_ASSESSED,NOT_ASSESSED,NOT_ASSESSED,NONE_IDENTIFIED,YES,SPLIT_REQUIRED_OR_DOCUMENTED,INCLUDED,LEGAL_REVIEW_REQUIRED_NOT_CERTIFIED_FOR_REDISTRIBUTION,1,0,0,0,Explicitly documented as requiring multiple POS/sense/source assertions or later split.,1.20
7G-ATOM-0305,ATOMIC_SURFACE_FORM,judío,judío,judío,PROVISIONAL_IDENTITY_ANCHOR,NO_SAFE_COLLAPSE_APPLIED_BEFORE_PHASE14,ADJ_NOUN,A1_CORE_NORMATIVE,PCIC_BASE_A1,PCIC_BASE_A1/7C,PCIC_BASE_A1,,,,NO_OBVIOUS_PEDAGOGICAL_COGNATE_FIRST_PASS,,NOT_ASSESSED,NOT_ASSESSED,NOT_ASSESSED,NONE_IDENTIFIED,YES,SPLIT_REQUIRED_OR_DOCUMENTED,INCLUDED,LEGAL_REVIEW_REQUIRED_NOT_CERTIFIED_FOR_REDISTRIBUTION,1,0,0,0,Explicitly documented as requiring multiple POS/sense/source assertions or later split.,1.20
7G-ATOM-0306,ATOMIC_SURFACE_FORM,juego,juego,juego,PROVISIONAL_IDENTITY_ANCHOR,NO_SAFE_COLLAPSE_APPLIED_BEFORE_PHASE14,NOUN,A1_CORE_NORMATIVE,PCIC_BASE_A1,PCIC_BASE_A1/7C,PCIC_BASE_A1,,,,NO_OBVIOUS_PEDAGOGICAL_COGNATE_FIRST_PASS,,NOT_ASSESSED,NOT_ASSESSED,NOT_ASSESSED,NONE_IDENTIFIED,NO,NOT_YET_SENSE_NORMALIZED,INCLUDED,LEGAL_REVIEW_REQUIRED_NOT_CERTIFIED_FOR_REDISTRIBUTION,1,0,0,0,,1.20
7G-ATOM-0307,ATOMIC_SURFACE_FORM,jugar,jugar,jugar,LEMMA_EXPLICIT_VERB,PHASE6_VERB_LEMMA_INVENTORY,VERB,A1_CORE_NORMATIVE,PCIC_BASE_A1,PCIC_BASE_A1/7C,PCIC_BASE_A1,,,,NO_OBVIOUS_PEDAGOGICAL_COGNATE_FIRST_PASS,,NOT_ASSESSED,NOT_ASSESSED,NOT_ASSESSED,NONE_IDENTIFIED,NO,NOT_YET_SENSE_NORMALIZED,INCLUDED,LEGAL_REVIEW_REQUIRED_NOT_CERTIFIED_FOR_REDISTRIBUTION,1,0,0,0,,1.20
7G-ATOM-0308,ATOMIC_SURFACE_FORM,kilómetro,kilómetro,kilómetro,PROVISIONAL_IDENTITY_ANCHOR,NO_SAFE_COLLAPSE_APPLIED_BEFORE_PHASE14,NOUN,A1_CORE_NORMATIVE,PCIC_BASE_A1,PCIC_BASE_A1/7C,PCIC_BASE_A1,,,,TRUE_COGNATE,kilometer,HIGH,MEDIUM_PROVISIONAL,FULL,NONE,NO,NOT_YET_SENSE_NORMALIZED,INCLUDED,LEGAL_REVIEW_REQUIRED_NOT_CERTIFIED_FOR_REDISTRIBUTION,1,0,0,0,,1.20
7G-ATOM-0309,ATOMIC_SURFACE_FORM,la,la,la,PROVISIONAL_IDENTITY_ANCHOR,NO_SAFE_COLLAPSE_APPLIED_BEFORE_PHASE14,ARTICLE,A1_CORE_NORMATIVE,PCIC_BASE_A1,PCIC_BASE_A1/7C,PCIC_BASE_A1,,,,NO_OBVIOUS_PEDAGOGICAL_COGNATE_FIRST_PASS,,NOT_ASSESSED,NOT_ASSESSED,NOT_ASSESSED,NONE_IDENTIFIED,NO,NOT_YET_SENSE_NORMALIZED,INCLUDED,LEGAL_REVIEW_REQUIRED_NOT_CERTIFIED_FOR_REDISTRIBUTION,1,0,0,0,,1.20
7G-ATOM-0310,ATOMIC_SURFACE_FORM,largo,largo,largo,PROVISIONAL_IDENTITY_ANCHOR,NO_SAFE_COLLAPSE_APPLIED_BEFORE_PHASE14,ADJ,A1_CORE_NORMATIVE,PCIC_BASE_A1,PCIC_BASE_A1/7C,PCIC_BASE_A1,,,,FALSE_FRIEND_OR_DECEPTIVE_OVERLAP,large,HIGH,FORM_SIMILARITY_ONLY,DIVERGENT,HIGH,NO,NOT_YET_SENSE_NORMALIZED,INCLUDED,LEGAL_REVIEW_REQUIRED_NOT_CERTIFIED_FOR_REDISTRIBUTION,1,0,0,0,,1.20
7G-ATOM-0311,ATOMIC_SURFACE_FORM,las,las,las,PROVISIONAL_IDENTITY_ANCHOR,NO_SAFE_COLLAPSE_APPLIED_BEFORE_PHASE14,ARTICLE,A1_CORE_NORMATIVE,PCIC_BASE_A1,PCIC_BASE_A1/7C,PCIC_BASE_A1,,,,NO_OBVIOUS_PEDAGOGICAL_COGNATE_FIRST_PASS,,NOT_ASSESSED,NOT_ASSESSED,NOT_ASSESSED,NONE_IDENTIFIED,NO,NOT_YET_SENSE_NORMALIZED,INCLUDED,LEGAL_REVIEW_REQUIRED_NOT_CERTIFIED_FOR_REDISTRIBUTION,1,0,0,0,,1.20
7G-ATOM-0312,ATOMIC_SURFACE_FORM,lavabo,lavabo,lavabo,PROVISIONAL_IDENTITY_ANCHOR,NO_SAFE_COLLAPSE_APPLIED_BEFORE_PHASE14,NOUN,A1_CORE_NORMATIVE,PCIC_BASE_A1,PCIC_BASE_A1/7C,PCIC_BASE_A1,,,,FALSE_FRIEND_OR_DECEPTIVE_OVERLAP,lavatory,MEDIUM,FORM_SIMILARITY_ONLY,DIVERGENT,MEDIUM,NO,NOT_YET_SENSE_NORMALIZED,INCLUDED,LEGAL_REVIEW_REQUIRED_NOT_CERTIFIED_FOR_REDISTRIBUTION,1,0,0,0,,1.20
7G-ATOM-0313,ATOMIC_SURFACE_FORM,lavarse,lavarse,lavarse,LEMMA_EXPLICIT_VERB,PHASE6_VERB_LEMMA_INVENTORY,VERB,A1_CORE_NORMATIVE,PCIC_BASE_A1,PCIC_BASE_A1/7C,PCIC_BASE_A1,,,,NO_OBVIOUS_PEDAGOGICAL_COGNATE_FIRST_PASS,,NOT_ASSESSED,NOT_ASSESSED,NOT_ASSESSED,NONE_IDENTIFIED,NO,NOT_YET_SENSE_NORMALIZED,INCLUDED,LEGAL_REVIEW_REQUIRED_NOT_CERTIFIED_FOR_REDISTRIBUTION,1,0,0,0,,1.20
7G-ATOM-0314,ATOMIC_SURFACE_FORM,lección,lección,lección,PROVISIONAL_IDENTITY_ANCHOR,NO_SAFE_COLLAPSE_APPLIED_BEFORE_PHASE14,NOUN,A1_CORE_NORMATIVE,PCIC_BASE_A1,PCIC_BASE_A1/7C,PCIC_BASE_A1,,,,TRUE_COGNATE,lesson,LOW,LOW_PROVISIONAL,FULL,NONE,NO,NOT_YET_SENSE_NORMALIZED,INCLUDED,LEGAL_REVIEW_REQUIRED_NOT_CERTIFIED_FOR_REDISTRIBUTION,1,0,0,0,,1.20
7G-ATOM-0315,ATOMIC_SURFACE_FORM,leche,leche,leche,PROVISIONAL_IDENTITY_ANCHOR,NO_SAFE_COLLAPSE_APPLIED_BEFORE_PHASE14,NOUN,A1_CORE_NORMATIVE,PCIC_BASE_A1,PCIC_BASE_A1/7C,PCIC_BASE_A1,,,,NO_OBVIOUS_PEDAGOGICAL_COGNATE_FIRST_PASS,,NOT_ASSESSED,NOT_ASSESSED,NOT_ASSESSED,NONE_IDENTIFIED,NO,NOT_YET_SENSE_NORMALIZED,INCLUDED,LEGAL_REVIEW_REQUIRED_NOT_CERTIFIED_FOR_REDISTRIBUTION,1,0,0,0,,1.20
7G-ATOM-0316,ATOMIC_SURFACE_FORM,leer,leer,leer,LEMMA_EXPLICIT_VERB,PHASE6_VERB_LEMMA_INVENTORY,VERB,A1_CORE_NORMATIVE,PCIC_BASE_A1,PCIC_BASE_A1/7C,PCIC_BASE_A1,,,,NO_OBVIOUS_PEDAGOGICAL_COGNATE_FIRST_PASS,,NOT_ASSESSED,NOT_ASSESSED,NOT_ASSESSED,NONE_IDENTIFIED,NO,NOT_YET_SENSE_NORMALIZED,INCLUDED,LEGAL_REVIEW_REQUIRED_NOT_CERTIFIED_FOR_REDISTRIBUTION,1,0,0,0,,1.20
7G-ATOM-0317,ATOMIC_SURFACE_FORM,lejos,lejos,lejos,PROVISIONAL_IDENTITY_ANCHOR,NO_SAFE_COLLAPSE_APPLIED_BEFORE_PHASE14,ADV_QUANT,A1_CORE_NORMATIVE,PCIC_BASE_A1,PCIC_BASE_A1/7C,PCIC_BASE_A1,,,,NO_OBVIOUS_PEDAGOGICAL_COGNATE_FIRST_PASS,,NOT_ASSESSED,NOT_ASSESSED,NOT_ASSESSED,NONE_IDENTIFIED,NO,NOT_YET_SENSE_NORMALIZED,INCLUDED,LEGAL_REVIEW_REQUIRED_NOT_CERTIFIED_FOR_REDISTRIBUTION,1,0,0,0,,1.20
7G-ATOM-0318,ATOMIC_SURFACE_FORM,lento,lento,lento,PROVISIONAL_IDENTITY_ANCHOR,NO_SAFE_COLLAPSE_APPLIED_BEFORE_PHASE14,ADJ,A1_CORE_NORMATIVE,PCIC_BASE_A1,PCIC_BASE_A1/7C,PCIC_BASE_A1,,,,PEDAGOGICAL_COGNATE_PARTIAL,lento,VERY_HIGH,HIGH_PROVISIONAL,PARTIAL,LOW,NO,NOT_YET_SENSE_NORMALIZED,INCLUDED,LEGAL_REVIEW_REQUIRED_NOT_CERTIFIED_FOR_REDISTRIBUTION,1,0,0,0,,1.20
7G-ATOM-0319,ATOMIC_SURFACE_FORM,levantarse,levantarse,levantarse,LEMMA_EXPLICIT_VERB,PHASE6_VERB_LEMMA_INVENTORY,VERB,A1_CORE_NORMATIVE,PCIC_BASE_A1,PCIC_BASE_A1/7C,PCIC_BASE_A1,,,,NO_OBVIOUS_PEDAGOGICAL_COGNATE_FIRST_PASS,,NOT_ASSESSED,NOT_ASSESSED,NOT_ASSESSED,NONE_IDENTIFIED,NO,NOT_YET_SENSE_NORMALIZED,INCLUDED,LEGAL_REVIEW_REQUIRED_NOT_CERTIFIED_FOR_REDISTRIBUTION,1,0,0,0,,1.20
7G-ATOM-0320,ATOMIC_SURFACE_FORM,libro,libro,libro,PROVISIONAL_IDENTITY_ANCHOR,NO_SAFE_COLLAPSE_APPLIED_BEFORE_PHASE14,NOUN,A1_CORE_NORMATIVE,PCIC_BASE_A1,PCIC_BASE_A1/7C,PCIC_BASE_A1,,,,NO_OBVIOUS_PEDAGOGICAL_COGNATE_FIRST_PASS,,NOT_ASSESSED,NOT_ASSESSED,NOT_ASSESSED,NONE_IDENTIFIED,NO,NOT_YET_SENSE_NORMALIZED,INCLUDED,LEGAL_REVIEW_REQUIRED_NOT_CERTIFIED_FOR_REDISTRIBUTION,1,0,0,0,,1.20
7G-ATOM-0321,ATOMIC_SURFACE_FORM,lindo,lindo,lindo,PROVISIONAL_IDENTITY_ANCHOR,NO_SAFE_COLLAPSE_APPLIED_BEFORE_PHASE14,ADJ,A1_CORE_NORMATIVE,PCIC_BASE_A1,PCIC_BASE_A1/7C,PCIC_BASE_A1,A1_REGIONAL_RECEPTIVE,Hispanoamérica,TARGET_PROFILE_ONLY,NO_OBVIOUS_PEDAGOGICAL_COGNATE_FIRST_PASS,,NOT_ASSESSED,NOT_ASSESSED,NOT_ASSESSED,NONE_IDENTIFIED,NO,NOT_YET_SENSE_NORMALIZED,INCLUDED,LEGAL_REVIEW_REQUIRED_NOT_CERTIFIED_FOR_REDISTRIBUTION,1,0,0,0,,1.20
7G-ATOM-0322,ATOMIC_SURFACE_FORM,llamarse,llamarse,llamarse,LEMMA_EXPLICIT_VERB,PHASE6_VERB_LEMMA_INVENTORY,VERB,A1_CORE_NORMATIVE,PCIC_BASE_A1,PCIC_BASE_A1/7C,PCIC_BASE_A1,,,,NO_OBVIOUS_PEDAGOGICAL_COGNATE_FIRST_PASS,,NOT_ASSESSED,NOT_ASSESSED,NOT_ASSESSED,NONE_IDENTIFIED,NO,NOT_YET_SENSE_NORMALIZED,INCLUDED,LEGAL_REVIEW_REQUIRED_NOT_CERTIFIED_FOR_REDISTRIBUTION,1,0,0,0,,1.20
7G-ATOM-0323,ATOMIC_SURFACE_FORM,llave,llave,llave,PROVISIONAL_IDENTITY_ANCHOR,NO_SAFE_COLLAPSE_APPLIED_BEFORE_PHASE14,NOUN,A1_CORE_NORMATIVE,PCIC_BASE_A1,PCIC_BASE_A1/7C,PCIC_BASE_A1,,,,NO_OBVIOUS_PEDAGOGICAL_COGNATE_FIRST_PASS,,NOT_ASSESSED,NOT_ASSESSED,NOT_ASSESSED,NONE_IDENTIFIED,NO,NOT_YET_SENSE_NORMALIZED,INCLUDED,LEGAL_REVIEW_REQUIRED_NOT_CERTIFIED_FOR_REDISTRIBUTION,1,0,0,0,,1.20
7G-ATOM-0324,ATOMIC_SURFACE_FORM,llaves,llaves,llave,COLLAPSED_TO_EXISTING_CANONICAL_ANCHOR,EXPLICIT_MORPHOLOGICAL_OR_ORTHOGRAPHIC_COLLAPSE_FROM_PRIOR_PHASES,NOUN,A1_CORE_NORMATIVE,7B_SURFACE_CORRECTION,PCIC_BASE_A1/7C,7B_SURFACE_CORRECTION,,,,NO_OBVIOUS_PEDAGOGICAL_COGNATE_FIRST_PASS,,NOT_ASSESSED,NOT_ASSESSED,NOT_ASSESSED,NONE_IDENTIFIED,NO,NOT_YET_SENSE_NORMALIZED,INCLUDED,LEGAL_REVIEW_REQUIRED_NOT_CERTIFIED_FOR_REDISTRIBUTION,1,0,0,0,,1.20
7G-ATOM-0325,ATOMIC_SURFACE_FORM,llegar,llegar,llegar,LEMMA_EXPLICIT_VERB,PHASE6_VERB_LEMMA_INVENTORY,VERB,A1_CORE_NORMATIVE,PCIC_BASE_A1,PCIC_BASE_A1/7C,PCIC_BASE_A1,,,,NO_OBVIOUS_PEDAGOGICAL_COGNATE_FIRST_PASS,,NOT_ASSESSED,NOT_ASSESSED,NOT_ASSESSED,NONE_IDENTIFIED,NO,NOT_YET_SENSE_NORMALIZED,INCLUDED,LEGAL_REVIEW_REQUIRED_NOT_CERTIFIED_FOR_REDISTRIBUTION,1,0,0,0,,1.20
7G-ATOM-0326,ATOMIC_SURFACE_FORM,llevar,llevar,llevar,LEMMA_EXPLICIT_VERB,PHASE6_VERB_LEMMA_INVENTORY,VERB,A1_CORE_NORMATIVE,PCIC_BASE_A1,PCIC_BASE_A1/7C,PCIC_BASE_A1,,,,NO_OBVIOUS_PEDAGOGICAL_COGNATE_FIRST_PASS,,NOT_ASSESSED,NOT_ASSESSED,NOT_ASSESSED,NONE_IDENTIFIED,NO,NOT_YET_SENSE_NORMALIZED,INCLUDED,LEGAL_REVIEW_REQUIRED_NOT_CERTIFIED_FOR_REDISTRIBUTION,1,0,0,0,,1.20
7G-ATOM-0327,ATOMIC_SURFACE_FORM,llover,llover,llover,LEMMA_EXPLICIT_VERB,PHASE6_VERB_LEMMA_INVENTORY,VERB,A1_CORE_NORMATIVE,PCIC_BASE_A1,PCIC_BASE_A1/7C,PCIC_BASE_A1,,,,NO_OBVIOUS_PEDAGOGICAL_COGNATE_FIRST_PASS,,NOT_ASSESSED,NOT_ASSESSED,NOT_ASSESSED,NONE_IDENTIFIED,NO,NOT_YET_SENSE_NORMALIZED,INCLUDED,LEGAL_REVIEW_REQUIRED_NOT_CERTIFIED_FOR_REDISTRIBUTION,1,0,0,0,,1.20
7G-ATOM-0328,ATOMIC_SURFACE_FORM,los,los,los,PROVISIONAL_IDENTITY_ANCHOR,NO_SAFE_COLLAPSE_APPLIED_BEFORE_PHASE14,ARTICLE,A1_CORE_NORMATIVE,PCIC_BASE_A1,PCIC_BASE_A1/7C,PCIC_BASE_A1,,,,NO_OBVIOUS_PEDAGOGICAL_COGNATE_FIRST_PASS,,NOT_ASSESSED,NOT_ASSESSED,NOT_ASSESSED,NONE_IDENTIFIED,NO,NOT_YET_SENSE_NORMALIZED,INCLUDED,LEGAL_REVIEW_REQUIRED_NOT_CERTIFIED_FOR_REDISTRIBUTION,1,0,0,0,,1.20
7G-ATOM-0329,ATOMIC_SURFACE_FORM,lugar,lugar,lugar,PROVISIONAL_IDENTITY_ANCHOR,NO_SAFE_COLLAPSE_APPLIED_BEFORE_PHASE14,NOUN,A1_CORE_NORMATIVE,PCIC_BASE_A1,PCIC_BASE_A1/7C,PCIC_BASE_A1,,,,NO_OBVIOUS_PEDAGOGICAL_COGNATE_FIRST_PASS,,NOT_ASSESSED,NOT_ASSESSED,NOT_ASSESSED,NONE_IDENTIFIED,NO,NOT_YET_SENSE_NORMALIZED,INCLUDED,LEGAL_REVIEW_REQUIRED_NOT_CERTIFIED_FOR_REDISTRIBUTION,1,0,0,0,,1.20
7G-ATOM-0330,ATOMIC_SURFACE_FORM,lápiz,lápiz,lápiz,PROVISIONAL_IDENTITY_ANCHOR,NO_SAFE_COLLAPSE_APPLIED_BEFORE_PHASE14,NOUN,A1_CORE_NORMATIVE,PCIC_BASE_A1,PCIC_BASE_A1/7C,PCIC_BASE_A1,,,,NO_OBVIOUS_PEDAGOGICAL_COGNATE_FIRST_PASS,,NOT_ASSESSED,NOT_ASSESSED,NOT_ASSESSED,NONE_IDENTIFIED,NO,NOT_YET_SENSE_NORMALIZED,INCLUDED,LEGAL_REVIEW_REQUIRED_NOT_CERTIFIED_FOR_REDISTRIBUTION,1,0,0,0,,1.20
7G-ATOM-0331,ATOMIC_SURFACE_FORM,madre,madre,madre,PROVISIONAL_IDENTITY_ANCHOR,NO_SAFE_COLLAPSE_APPLIED_BEFORE_PHASE14,NOUN,A1_CORE_NORMATIVE,PCIC_BASE_A1,PCIC_BASE_A1/7C,PCIC_BASE_A1,,,,NO_OBVIOUS_PEDAGOGICAL_COGNATE_FIRST_PASS,,NOT_ASSESSED,NOT_ASSESSED,NOT_ASSESSED,NONE_IDENTIFIED,NO,NOT_YET_SENSE_NORMALIZED,INCLUDED,LEGAL_REVIEW_REQUIRED_NOT_CERTIFIED_FOR_REDISTRIBUTION,1,0,0,0,,1.20
7G-ATOM-0332,ATOMIC_SURFACE_FORM,mal,mal,mal,PROVISIONAL_IDENTITY_ANCHOR,NO_SAFE_COLLAPSE_APPLIED_BEFORE_PHASE14,ADV_QUANT,A1_CORE_NORMATIVE,PCIC_BASE_A1,PCIC_BASE_A1/7C,PCIC_BASE_A1,,,,NO_OBVIOUS_PEDAGOGICAL_COGNATE_FIRST_PASS,,NOT_ASSESSED,NOT_ASSESSED,NOT_ASSESSED,NONE_IDENTIFIED,NO,NOT_YET_SENSE_NORMALIZED,INCLUDED,LEGAL_REVIEW_REQUIRED_NOT_CERTIFIED_FOR_REDISTRIBUTION,1,0,0,0,,1.20
7G-ATOM-0333,ATOMIC_SURFACE_FORM,maleta,maleta,maleta,PROVISIONAL_IDENTITY_ANCHOR,NO_SAFE_COLLAPSE_APPLIED_BEFORE_PHASE14,NOUN,A1_CORE_NORMATIVE,PCIC_BASE_A1,PCIC_BASE_A1/7C,PCIC_BASE_A1,,,,NO_OBVIOUS_PEDAGOGICAL_COGNATE_FIRST_PASS,,NOT_ASSESSED,NOT_ASSESSED,NOT_ASSESSED,NONE_IDENTIFIED,NO,NOT_YET_SENSE_NORMALIZED,INCLUDED,LEGAL_REVIEW_REQUIRED_NOT_CERTIFIED_FOR_REDISTRIBUTION,1,0,0,0,,1.20
7G-ATOM-0334,ATOMIC_SURFACE_FORM,malo,malo,malo,PROVISIONAL_IDENTITY_ANCHOR,NO_SAFE_COLLAPSE_APPLIED_BEFORE_PHASE14,ADJ,A1_CORE_NORMATIVE,PCIC_BASE_A1,PCIC_BASE_A1/7C,PCIC_BASE_A1,,,,NO_OBVIOUS_PEDAGOGICAL_COGNATE_FIRST_PASS,,NOT_ASSESSED,NOT_ASSESSED,NOT_ASSESSED,NONE_IDENTIFIED,NO,NOT_YET_SENSE_NORMALIZED,INCLUDED,LEGAL_REVIEW_REQUIRED_NOT_CERTIFIED_FOR_REDISTRIBUTION,1,0,0,0,,1.20
7G-ATOM-0335,ATOMIC_SURFACE_FORM,mano,mano,mano,PROVISIONAL_IDENTITY_ANCHOR,NO_SAFE_COLLAPSE_APPLIED_BEFORE_PHASE14,NOUN,A1_CORE_NORMATIVE,PCIC_BASE_A1,PCIC_BASE_A1/7C,PCIC_BASE_A1,,,,NO_OBVIOUS_PEDAGOGICAL_COGNATE_FIRST_PASS,,NOT_ASSESSED,NOT_ASSESSED,NOT_ASSESSED,NONE_IDENTIFIED,NO,NOT_YET_SENSE_NORMALIZED,INCLUDED,LEGAL_REVIEW_REQUIRED_NOT_CERTIFIED_FOR_REDISTRIBUTION,1,0,0,0,,1.20
7G-ATOM-0336,ATOMIC_SURFACE_FORM,mapa,mapa,mapa,PROVISIONAL_IDENTITY_ANCHOR,NO_SAFE_COLLAPSE_APPLIED_BEFORE_PHASE14,NOUN,A1_CORE_NORMATIVE,PCIC_BASE_A1,PCIC_BASE_A1/7C,PCIC_BASE_A1,,,,TRUE_COGNATE,map,HIGH,MEDIUM_PROVISIONAL,FULL,NONE,NO,NOT_YET_SENSE_NORMALIZED,INCLUDED,LEGAL_REVIEW_REQUIRED_NOT_CERTIFIED_FOR_REDISTRIBUTION,1,0,0,0,,1.20
7G-ATOM-0337,ATOMIC_SURFACE_FORM,mar,mar,mar,PROVISIONAL_IDENTITY_ANCHOR,NO_SAFE_COLLAPSE_APPLIED_BEFORE_PHASE14,NOUN,A1_CORE_NORMATIVE,PCIC_BASE_A1,PCIC_BASE_A1/7C,PCIC_BASE_A1,,,,NO_OBVIOUS_PEDAGOGICAL_COGNATE_FIRST_PASS,,NOT_ASSESSED,NOT_ASSESSED,NOT_ASSESSED,NONE_IDENTIFIED,NO,NOT_YET_SENSE_NORMALIZED,INCLUDED,LEGAL_REVIEW_REQUIRED_NOT_CERTIFIED_FOR_REDISTRIBUTION,1,0,0,0,,1.20
7G-ATOM-0338,ATOMIC_SURFACE_FORM,marido,marido,marido,PROVISIONAL_IDENTITY_ANCHOR,NO_SAFE_COLLAPSE_APPLIED_BEFORE_PHASE14,NOUN,A1_CORE_NORMATIVE,PCIC_BASE_A1,PCIC_BASE_A1/7C,PCIC_BASE_A1,,,,FALSE_FRIEND_OR_DECEPTIVE_OVERLAP,married,LOW,FORM_SIMILARITY_ONLY,DIVERGENT,MEDIUM,NO,NOT_YET_SENSE_NORMALIZED,INCLUDED,LEGAL_REVIEW_REQUIRED_NOT_CERTIFIED_FOR_REDISTRIBUTION,1,0,0,0,,1.20
7G-ATOM-0339,ATOMIC_SURFACE_FORM,marroquí,marroquí,marroquí,PROVISIONAL_IDENTITY_ANCHOR,NO_SAFE_COLLAPSE_APPLIED_BEFORE_PHASE14,ADJ_NOUN,A1_CORE_NORMATIVE,PCIC_BASE_A1,PCIC_BASE_A1/7C,PCIC_BASE_A1,,,,TRUE_COGNATE,Moroccan,LOW,LOW_PROVISIONAL,FULL,NONE,YES,SPLIT_REQUIRED_OR_DOCUMENTED,INCLUDED,LEGAL_REVIEW_REQUIRED_NOT_CERTIFIED_FOR_REDISTRIBUTION,1,0,0,0,Explicitly documented as requiring multiple POS/sense/source assertions or later split.,1.20
7G-ATOM-0340,ATOMIC_SURFACE_FORM,marrón,marrón,marrón,PROVISIONAL_IDENTITY_ANCHOR,NO_SAFE_COLLAPSE_APPLIED_BEFORE_PHASE14,ADJ,A1_CORE_NORMATIVE,PCIC_BASE_A1,PCIC_BASE_A1/7C,PCIC_BASE_A1,,,,FALSE_FRIEND_OR_DECEPTIVE_OVERLAP,maroon,HIGH,FORM_SIMILARITY_ONLY,DIVERGENT,MEDIUM,NO,NOT_YET_SENSE_NORMALIZED,INCLUDED,LEGAL_REVIEW_REQUIRED_NOT_CERTIFIED_FOR_REDISTRIBUTION,1,0,0,0,,1.20
7G-ATOM-0341,ATOMIC_SURFACE_FORM,mañana,mañana,mañana,PROVISIONAL_IDENTITY_ANCHOR,NO_SAFE_COLLAPSE_APPLIED_BEFORE_PHASE14,ADV_QUANT|NOUN,A1_CORE_NORMATIVE,PCIC_BASE_A1,PCIC_BASE_A1/7C,PCIC_BASE_A1,,,,NO_OBVIOUS_PEDAGOGICAL_COGNATE_FIRST_PASS,,NOT_ASSESSED,NOT_ASSESSED,NOT_ASSESSED,NONE_IDENTIFIED,YES,SPLIT_REQUIRED_OR_DOCUMENTED,INCLUDED,LEGAL_REVIEW_REQUIRED_NOT_CERTIFIED_FOR_REDISTRIBUTION,1,0,0,0,Explicitly documented as requiring multiple POS/sense/source assertions or later split.,1.20
7G-ATOM-0342,ATOMIC_SURFACE_FORM,me,me,me,PROVISIONAL_IDENTITY_ANCHOR,NO_SAFE_COLLAPSE_APPLIED_BEFORE_PHASE14,CLITIC,A1_CORE_NORMATIVE,PCIC_BASE_A1,PCIC_BASE_A1/7C,PCIC_BASE_A1,,,,NO_OBVIOUS_PEDAGOGICAL_COGNATE_FIRST_PASS,,NOT_ASSESSED,NOT_ASSESSED,NOT_ASSESSED,NONE_IDENTIFIED,NO,NOT_YET_SENSE_NORMALIZED,INCLUDED,LEGAL_REVIEW_REQUIRED_NOT_CERTIFIED_FOR_REDISTRIBUTION,1,0,0,0,,1.20
7G-ATOM-0343,ATOMIC_SURFACE_FORM,menos,menos,menos,PROVISIONAL_IDENTITY_ANCHOR,NO_SAFE_COLLAPSE_APPLIED_BEFORE_PHASE14,ADV_QUANT,A1_CORE_NORMATIVE,PCIC_BASE_A1,PCIC_BASE_A1/7C,PCIC_BASE_A1,,,,NO_OBVIOUS_PEDAGOGICAL_COGNATE_FIRST_PASS,,NOT_ASSESSED,NOT_ASSESSED,NOT_ASSESSED,NONE_IDENTIFIED,NO,NOT_YET_SENSE_NORMALIZED,INCLUDED,LEGAL_REVIEW_REQUIRED_NOT_CERTIFIED_FOR_REDISTRIBUTION,1,0,0,0,,1.20
7G-ATOM-0344,ATOMIC_SURFACE_FORM,mensaje,mensaje,mensaje,PROVISIONAL_IDENTITY_ANCHOR,NO_SAFE_COLLAPSE_APPLIED_BEFORE_PHASE14,NOUN,A1_CORE_NORMATIVE,PCIC_BASE_A1,PCIC_BASE_A1/7C,PCIC_BASE_A1,,,,TRUE_COGNATE,message,MEDIUM,MEDIUM_PROVISIONAL,FULL,NONE,NO,NOT_YET_SENSE_NORMALIZED,INCLUDED,LEGAL_REVIEW_REQUIRED_NOT_CERTIFIED_FOR_REDISTRIBUTION,1,0,0,0,,1.20
7G-ATOM-0345,ATOMIC_SURFACE_FORM,menú,menú,menú,PROVISIONAL_IDENTITY_ANCHOR,NO_SAFE_COLLAPSE_APPLIED_BEFORE_PHASE14,NOUN,A1_CORE_NORMATIVE,PCIC_BASE_A1,PCIC_BASE_A1/7C,PCIC_BASE_A1,,,,TRUE_COGNATE,menu,VERY_HIGH,HIGH_PROVISIONAL,FULL,NONE,NO,NOT_YET_SENSE_NORMALIZED,INCLUDED,LEGAL_REVIEW_REQUIRED_NOT_CERTIFIED_FOR_REDISTRIBUTION,1,0,0,0,,1.20
7G-ATOM-0346,ATOMIC_SURFACE_FORM,mercado,mercado,mercado,PROVISIONAL_IDENTITY_ANCHOR,NO_SAFE_COLLAPSE_APPLIED_BEFORE_PHASE14,NOUN,A1_CORE_NORMATIVE,PCIC_BASE_A1,PCIC_BASE_A1/7C,PCIC_BASE_A1,,,,PEDAGOGICAL_COGNATE_PARTIAL,market,LOW,LOW_PROVISIONAL,PARTIAL,LOW,NO,NOT_YET_SENSE_NORMALIZED,INCLUDED,LEGAL_REVIEW_REQUIRED_NOT_CERTIFIED_FOR_REDISTRIBUTION,1,0,0,0,,1.20
7G-ATOM-0347,ATOMIC_SURFACE_FORM,merendar,merendar,merendar,LEMMA_EXPLICIT_VERB,PHASE6_VERB_LEMMA_INVENTORY,VERB,A1_CORE_NORMATIVE,PCIC_BASE_A1,PCIC_BASE_A1/7C,PCIC_BASE_A1,,,,NO_OBVIOUS_PEDAGOGICAL_COGNATE_FIRST_PASS,,NOT_ASSESSED,NOT_ASSESSED,NOT_ASSESSED,NONE_IDENTIFIED,NO,NOT_YET_SENSE_NORMALIZED,INCLUDED,LEGAL_REVIEW_REQUIRED_NOT_CERTIFIED_FOR_REDISTRIBUTION,1,0,0,0,,1.20
7G-ATOM-0348,ATOMIC_SURFACE_FORM,merienda,merienda,merienda,PROVISIONAL_IDENTITY_ANCHOR,NO_SAFE_COLLAPSE_APPLIED_BEFORE_PHASE14,NOUN,A1_CORE_NORMATIVE,PCIC_BASE_A1,PCIC_BASE_A1/7C,PCIC_BASE_A1,,,,NO_OBVIOUS_PEDAGOGICAL_COGNATE_FIRST_PASS,,NOT_ASSESSED,NOT_ASSESSED,NOT_ASSESSED,NONE_IDENTIFIED,NO,NOT_YET_SENSE_NORMALIZED,INCLUDED,LEGAL_REVIEW_REQUIRED_NOT_CERTIFIED_FOR_REDISTRIBUTION,1,0,0,0,,1.20
7G-ATOM-0349,ATOMIC_SURFACE_FORM,mes,mes,mes,PROVISIONAL_IDENTITY_ANCHOR,NO_SAFE_COLLAPSE_APPLIED_BEFORE_PHASE14,NOUN,A1_CORE_NORMATIVE,PCIC_BASE_A1,PCIC_BASE_A1/7C,PCIC_BASE_A1,,,,NO_OBVIOUS_PEDAGOGICAL_COGNATE_FIRST_PASS,,NOT_ASSESSED,NOT_ASSESSED,NOT_ASSESSED,NONE_IDENTIFIED,NO,NOT_YET_SENSE_NORMALIZED,INCLUDED,LEGAL_REVIEW_REQUIRED_NOT_CERTIFIED_FOR_REDISTRIBUTION,1,0,0,0,,1.20
7G-ATOM-0350,ATOMIC_SURFACE_FORM,mesa,mesa,mesa,PROVISIONAL_IDENTITY_ANCHOR,NO_SAFE_COLLAPSE_APPLIED_BEFORE_PHASE14,NOUN,A1_CORE_NORMATIVE,PCIC_BASE_A1,PCIC_BASE_A1/7C,PCIC_BASE_A1,,,,FALSE_FRIEND_OR_DECEPTIVE_OVERLAP,mesa,VERY_HIGH,FORM_SIMILARITY_ONLY,DIVERGENT,MEDIUM,NO,NOT_YET_SENSE_NORMALIZED,INCLUDED,LEGAL_REVIEW_REQUIRED_NOT_CERTIFIED_FOR_REDISTRIBUTION,1,0,0,0,,1.20
7G-ATOM-0351,ATOMIC_SURFACE_FORM,mesero,mesero,mesero,PROVISIONAL_IDENTITY_ANCHOR,NO_SAFE_COLLAPSE_APPLIED_BEFORE_PHASE14,NOUN,A1_REGIONAL_RECEPTIVE,7C_REGIONAL_VARIATION,7C_MIXED_SOURCES,7C_REGIONAL_VARIATION,A1_REGIONAL_RECEPTIVE,Hispanoamérica,TARGET_PROFILE_ONLY,NO_OBVIOUS_PEDAGOGICAL_COGNATE_FIRST_PASS,,NOT_ASSESSED,NOT_ASSESSED,NOT_ASSESSED,NONE_IDENTIFIED,NO,NOT_YET_SENSE_NORMALIZED,INCLUDED,LEGAL_REVIEW_REQUIRED_NOT_CERTIFIED_FOR_REDISTRIBUTION,1,0,0,0,,1.20
7G-ATOM-0352,ATOMIC_SURFACE_FORM,metro,metro,metro,PROVISIONAL_IDENTITY_ANCHOR,NO_SAFE_COLLAPSE_APPLIED_BEFORE_PHASE14,NOUN,A1_CORE_NORMATIVE,PCIC_BASE_A1,PCIC_BASE_A1/7C,PCIC_BASE_A1,,,,TRUE_COGNATE,metro,VERY_HIGH,HIGH_PROVISIONAL,FULL,NONE,NO,NOT_YET_SENSE_NORMALIZED,INCLUDED,LEGAL_REVIEW_REQUIRED_NOT_CERTIFIED_FOR_REDISTRIBUTION,1,0,0,0,,1.20
7G-ATOM-0353,ATOMIC_SURFACE_FORM,mexicano,mexicano,mexicano,PROVISIONAL_IDENTITY_ANCHOR,NO_SAFE_COLLAPSE_APPLIED_BEFORE_PHASE14,ADJ_NOUN,A1_CORE_NORMATIVE,PCIC_BASE_A1,PCIC_BASE_A1/7C,PCIC_BASE_A1,,,,TRUE_COGNATE,Mexican,HIGH,MEDIUM_PROVISIONAL,FULL,NONE,YES,SPLIT_REQUIRED_OR_DOCUMENTED,INCLUDED,LEGAL_REVIEW_REQUIRED_NOT_CERTIFIED_FOR_REDISTRIBUTION,1,0,0,0,Explicitly documented as requiring multiple POS/sense/source assertions or later split.,1.20
7G-ATOM-0354,ATOMIC_SURFACE_FORM,mezquita,mezquita,mezquita,PROVISIONAL_IDENTITY_ANCHOR,NO_SAFE_COLLAPSE_APPLIED_BEFORE_PHASE14,NOUN,A1_CORE_NORMATIVE,PCIC_BASE_A1,PCIC_BASE_A1/7C,PCIC_BASE_A1,,,,NO_OBVIOUS_PEDAGOGICAL_COGNATE_FIRST_PASS,,NOT_ASSESSED,NOT_ASSESSED,NOT_ASSESSED,NONE_IDENTIFIED,NO,NOT_YET_SENSE_NORMALIZED,INCLUDED,LEGAL_REVIEW_REQUIRED_NOT_CERTIFIED_FOR_REDISTRIBUTION,1,0,0,0,,1.20
7G-ATOM-0355,ATOMIC_SURFACE_FORM,mi,mi,mi,PROVISIONAL_IDENTITY_ANCHOR,NO_SAFE_COLLAPSE_APPLIED_BEFORE_PHASE14,FUNCTION_WORD,A1_CORE_NORMATIVE,PCIC_BASE_A1,PCIC_BASE_A1/7C,PCIC_BASE_A1,,,,NO_OBVIOUS_PEDAGOGICAL_COGNATE_FIRST_PASS,,NOT_ASSESSED,NOT_ASSESSED,NOT_ASSESSED,NONE_IDENTIFIED,NO,NOT_YET_SENSE_NORMALIZED,INCLUDED,LEGAL_REVIEW_REQUIRED_NOT_CERTIFIED_FOR_REDISTRIBUTION,1,0,0,0,,1.20
7G-ATOM-0356,ATOMIC_SURFACE_FORM,minuto,minuto,minuto,PROVISIONAL_IDENTITY_ANCHOR,NO_SAFE_COLLAPSE_APPLIED_BEFORE_PHASE14,NOUN,A1_CORE_NORMATIVE,PCIC_BASE_A1,PCIC_BASE_A1/7C,PCIC_BASE_A1,,,,TRUE_COGNATE,minute,HIGH,MEDIUM_PROVISIONAL,FULL,NONE,NO,NOT_YET_SENSE_NORMALIZED,INCLUDED,LEGAL_REVIEW_REQUIRED_NOT_CERTIFIED_FOR_REDISTRIBUTION,1,0,0,0,,1.20
7G-ATOM-0357,ATOMIC_SURFACE_FORM,mis,mis,mis,PROVISIONAL_IDENTITY_ANCHOR,NO_SAFE_COLLAPSE_APPLIED_BEFORE_PHASE14,POSSESSIVE_DET,A1_CORE_NORMATIVE,PCIC_BASE_A1,PCIC_BASE_A1/7C,PCIC_BASE_A1,,,,NO_OBVIOUS_PEDAGOGICAL_COGNATE_FIRST_PASS,,NOT_ASSESSED,NOT_ASSESSED,NOT_ASSESSED,NONE_IDENTIFIED,NO,NOT_YET_SENSE_NORMALIZED,INCLUDED,LEGAL_REVIEW_REQUIRED_NOT_CERTIFIED_FOR_REDISTRIBUTION,1,0,0,0,,1.20
7G-ATOM-0358,ATOMIC_SURFACE_FORM,momento,momento,momento,PROVISIONAL_IDENTITY_ANCHOR,NO_SAFE_COLLAPSE_APPLIED_BEFORE_PHASE14,NOUN,A1_CORE_NORMATIVE,PCIC_BASE_A1,PCIC_BASE_A1/7C,PCIC_BASE_A1,,,,TRUE_COGNATE,moment,HIGH,MEDIUM_PROVISIONAL,FULL,NONE,NO,NOT_YET_SENSE_NORMALIZED,INCLUDED,LEGAL_REVIEW_REQUIRED_NOT_CERTIFIED_FOR_REDISTRIBUTION,1,0,0,0,,1.20
7G-ATOM-0359,ATOMIC_SURFACE_FORM,montaña,montaña,montaña,PROVISIONAL_IDENTITY_ANCHOR,NO_SAFE_COLLAPSE_APPLIED_BEFORE_PHASE14,NOUN,A1_CORE_NORMATIVE,PCIC_BASE_A1,PCIC_BASE_A1/7C,PCIC_BASE_A1,,,,PEDAGOGICAL_COGNATE_PARTIAL,mountain,MEDIUM,LOW_PROVISIONAL,PARTIAL,LOW,NO,NOT_YET_SENSE_NORMALIZED,INCLUDED,LEGAL_REVIEW_REQUIRED_NOT_CERTIFIED_FOR_REDISTRIBUTION,1,0,0,0,,1.20
7G-ATOM-0360,ATOMIC_SURFACE_FORM,monumento,monumento,monumento,PROVISIONAL_IDENTITY_ANCHOR,NO_SAFE_COLLAPSE_APPLIED_BEFORE_PHASE14,NOUN,A1_CORE_NORMATIVE,PCIC_BASE_A1,PCIC_BASE_A1/7C,PCIC_BASE_A1,,,,TRUE_COGNATE,monument,HIGH,MEDIUM_PROVISIONAL,FULL,NONE,NO,NOT_YET_SENSE_NORMALIZED,INCLUDED,LEGAL_REVIEW_REQUIRED_NOT_CERTIFIED_FOR_REDISTRIBUTION,1,0,0,0,,1.20
7G-ATOM-0361,ATOMIC_SURFACE_FORM,moreno,moreno,moreno,PROVISIONAL_IDENTITY_ANCHOR,NO_SAFE_COLLAPSE_APPLIED_BEFORE_PHASE14,ADJ,A1_CORE_NORMATIVE,PCIC_BASE_A1,PCIC_BASE_A1/7C,PCIC_BASE_A1,,,,NO_OBVIOUS_PEDAGOGICAL_COGNATE_FIRST_PASS,,NOT_ASSESSED,NOT_ASSESSED,NOT_ASSESSED,NONE_IDENTIFIED,NO,NOT_YET_SENSE_NORMALIZED,INCLUDED,LEGAL_REVIEW_REQUIRED_NOT_CERTIFIED_FOR_REDISTRIBUTION,1,0,0,0,,1.20
7G-ATOM-0362,ATOMIC_SURFACE_FORM,mucho,mucho,mucho,PROVISIONAL_IDENTITY_ANCHOR,NO_SAFE_COLLAPSE_APPLIED_BEFORE_PHASE14,ADV_QUANT,A1_CORE_NORMATIVE,PCIC_BASE_A1,PCIC_BASE_A1/7C,PCIC_BASE_A1,,,,NO_OBVIOUS_PEDAGOGICAL_COGNATE_FIRST_PASS,,NOT_ASSESSED,NOT_ASSESSED,NOT_ASSESSED,NONE_IDENTIFIED,NO,NOT_YET_SENSE_NORMALIZED,INCLUDED,LEGAL_REVIEW_REQUIRED_NOT_CERTIFIED_FOR_REDISTRIBUTION,1,0,0,0,,1.20
7G-ATOM-0363,ATOMIC_SURFACE_FORM,muchos,muchos,mucho,COLLAPSED_TO_EXISTING_CANONICAL_ANCHOR,EXPLICIT_MORPHOLOGICAL_OR_ORTHOGRAPHIC_COLLAPSE_FROM_PRIOR_PHASES,QUANT,A1_CORE_NORMATIVE,7B_SURFACE_CORRECTION,PCIC_BASE_A1/7C,7B_SURFACE_CORRECTION,,,,NO_OBVIOUS_PEDAGOGICAL_COGNATE_FIRST_PASS,,NOT_ASSESSED,NOT_ASSESSED,NOT_ASSESSED,NONE_IDENTIFIED,NO,NOT_YET_SENSE_NORMALIZED,INCLUDED,LEGAL_REVIEW_REQUIRED_NOT_CERTIFIED_FOR_REDISTRIBUTION,1,0,0,0,,1.20
7G-ATOM-0364,ATOMIC_SURFACE_FORM,mujer,mujer,mujer,PROVISIONAL_IDENTITY_ANCHOR,NO_SAFE_COLLAPSE_APPLIED_BEFORE_PHASE14,NOUN,A1_CORE_NORMATIVE,PCIC_BASE_A1,PCIC_BASE_A1/7C,PCIC_BASE_A1,,,,NO_OBVIOUS_PEDAGOGICAL_COGNATE_FIRST_PASS,,NOT_ASSESSED,NOT_ASSESSED,NOT_ASSESSED,NONE_IDENTIFIED,YES,SPLIT_REQUIRED_OR_DOCUMENTED,INCLUDED,LEGAL_REVIEW_REQUIRED_NOT_CERTIFIED_FOR_REDISTRIBUTION,1,0,0,0,Explicitly documented as requiring multiple POS/sense/source assertions or later split. At least two curricular senses flagged in Phase 1–6 audit.,1.20
7G-ATOM-0365,ATOMIC_SURFACE_FORM,museo,museo,museo,PROVISIONAL_IDENTITY_ANCHOR,NO_SAFE_COLLAPSE_APPLIED_BEFORE_PHASE14,NOUN,A1_CORE_NORMATIVE,PCIC_BASE_A1,PCIC_BASE_A1/7C,PCIC_BASE_A1,,,,TRUE_COGNATE,museum,MEDIUM,LOW_PROVISIONAL,FULL,NONE,NO,NOT_YET_SENSE_NORMALIZED,INCLUDED,LEGAL_REVIEW_REQUIRED_NOT_CERTIFIED_FOR_REDISTRIBUTION,1,0,0,0,,1.20
7G-ATOM-0366,ATOMIC_SURFACE_FORM,musulmán,musulmán,musulmán,PROVISIONAL_IDENTITY_ANCHOR,NO_SAFE_COLLAPSE_APPLIED_BEFORE_PHASE14,ADJ_NOUN,A1_CORE_NORMATIVE,PCIC_BASE_A1,PCIC_BASE_A1/7C,PCIC_BASE_A1,,,,TRUE_COGNATE,Muslim,LOW,LOW_PROVISIONAL,FULL,NONE,YES,SPLIT_REQUIRED_OR_DOCUMENTED,INCLUDED,LEGAL_REVIEW_REQUIRED_NOT_CERTIFIED_FOR_REDISTRIBUTION,1,0,0,0,Explicitly documented as requiring multiple POS/sense/source assertions or later split.,1.20
7G-ATOM-0367,ATOMIC_SURFACE_FORM,muy,muy,muy,PROVISIONAL_IDENTITY_ANCHOR,NO_SAFE_COLLAPSE_APPLIED_BEFORE_PHASE14,ADV_QUANT,A1_CORE_NORMATIVE,PCIC_BASE_A1,PCIC_BASE_A1/7C,PCIC_BASE_A1,,,,NO_OBVIOUS_PEDAGOGICAL_COGNATE_FIRST_PASS,,NOT_ASSESSED,NOT_ASSESSED,NOT_ASSESSED,NONE_IDENTIFIED,NO,NOT_YET_SENSE_NORMALIZED,INCLUDED,LEGAL_REVIEW_REQUIRED_NOT_CERTIFIED_FOR_REDISTRIBUTION,1,0,0,0,,1.20
7G-ATOM-0368,ATOMIC_SURFACE_FORM,más,más,más,PROVISIONAL_IDENTITY_ANCHOR,NO_SAFE_COLLAPSE_APPLIED_BEFORE_PHASE14,ADV_QUANT,A1_CORE_NORMATIVE,PCIC_BASE_A1,PCIC_BASE_A1/7C,PCIC_BASE_A1,,,,NO_OBVIOUS_PEDAGOGICAL_COGNATE_FIRST_PASS,,NOT_ASSESSED,NOT_ASSESSED,NOT_ASSESSED,NONE_IDENTIFIED,NO,NOT_YET_SENSE_NORMALIZED,INCLUDED,LEGAL_REVIEW_REQUIRED_NOT_CERTIFIED_FOR_REDISTRIBUTION,1,0,0,0,,1.20
7G-ATOM-0369,ATOMIC_SURFACE_FORM,médico,médico,médico,PROVISIONAL_IDENTITY_ANCHOR,NO_SAFE_COLLAPSE_APPLIED_BEFORE_PHASE14,NOUN,A1_CORE_NORMATIVE,PCIC_BASE_A1,PCIC_BASE_A1/7C,PCIC_BASE_A1,,,,PEDAGOGICAL_COGNATE_PARTIAL,medic,HIGH,MEDIUM_PROVISIONAL,PARTIAL,MEDIUM,NO,NOT_YET_SENSE_NORMALIZED,INCLUDED,LEGAL_REVIEW_REQUIRED_NOT_CERTIFIED_FOR_REDISTRIBUTION,1,0,0,0,,1.20
7G-ATOM-0370,ATOMIC_SURFACE_FORM,móvil,móvil,móvil,PROVISIONAL_IDENTITY_ANCHOR,NO_SAFE_COLLAPSE_APPLIED_BEFORE_PHASE14,ADJ_NOUN|NOUN,A1_CORE_NORMATIVE,PCIC_BASE_A1,PCIC_BASE_A1/7C,PCIC_BASE_A1,,,,SENSE_DEPENDENT_COGNATE,mobile,MEDIUM,LOW_PROVISIONAL,PARTIAL,MEDIUM,YES,SPLIT_REQUIRED_OR_DOCUMENTED,INCLUDED,LEGAL_REVIEW_REQUIRED_NOT_CERTIFIED_FOR_REDISTRIBUTION,1,0,0,0,Explicitly documented as requiring multiple POS/sense/source assertions or later split.,1.20
7G-ATOM-0371,ATOMIC_SURFACE_FORM,música,música,música,PROVISIONAL_IDENTITY_ANCHOR,NO_SAFE_COLLAPSE_APPLIED_BEFORE_PHASE14,NOUN,A1_CORE_NORMATIVE,PCIC_BASE_A1,PCIC_BASE_A1/7C,PCIC_BASE_A1,,,,TRUE_COGNATE,music,HIGH,MEDIUM_PROVISIONAL,FULL,NONE,NO,NOT_YET_SENSE_NORMALIZED,INCLUDED,LEGAL_REVIEW_REQUIRED_NOT_CERTIFIED_FOR_REDISTRIBUTION,1,0,0,0,,1.20
7G-ATOM-0372,ATOMIC_SURFACE_FORM,nacionalidad,nacionalidad,nacionalidad,PROVISIONAL_IDENTITY_ANCHOR,NO_SAFE_COLLAPSE_APPLIED_BEFORE_PHASE14,NOUN,A1_CORE_NORMATIVE,PCIC_BASE_A1,PCIC_BASE_A1/7C,PCIC_BASE_A1,,,,TRUE_COGNATE,nationality,MEDIUM,LOW_PROVISIONAL,FULL,NONE,NO,NOT_YET_SENSE_NORMALIZED,INCLUDED,LEGAL_REVIEW_REQUIRED_NOT_CERTIFIED_FOR_REDISTRIBUTION,1,0,0,0,,1.20
7G-ATOM-0373,ATOMIC_SURFACE_FORM,nadar,nadar,nadar,LEMMA_EXPLICIT_VERB,PHASE6_VERB_LEMMA_INVENTORY,VERB,A1_CORE_NORMATIVE,PCIC_BASE_A1,PCIC_BASE_A1/7C,PCIC_BASE_A1,,,,NO_OBVIOUS_PEDAGOGICAL_COGNATE_FIRST_PASS,,NOT_ASSESSED,NOT_ASSESSED,NOT_ASSESSED,NONE_IDENTIFIED,NO,NOT_YET_SENSE_NORMALIZED,INCLUDED,LEGAL_REVIEW_REQUIRED_NOT_CERTIFIED_FOR_REDISTRIBUTION,1,0,0,0,,1.20
7G-ATOM-0374,ATOMIC_SURFACE_FORM,naranja,naranja,naranja,PROVISIONAL_IDENTITY_ANCHOR,NO_SAFE_COLLAPSE_APPLIED_BEFORE_PHASE14,ADJ,A1_CORE_NORMATIVE,PCIC_BASE_A1,PCIC_BASE_A1/7C,PCIC_BASE_A1,,,,NO_OBVIOUS_PEDAGOGICAL_COGNATE_FIRST_PASS,,NOT_ASSESSED,NOT_ASSESSED,NOT_ASSESSED,NONE_IDENTIFIED,NO,NOT_YET_SENSE_NORMALIZED,INCLUDED,LEGAL_REVIEW_REQUIRED_NOT_CERTIFIED_FOR_REDISTRIBUTION,1,0,0,0,,1.20
7G-ATOM-0375,ATOMIC_SURFACE_FORM,nariz,nariz,nariz,PROVISIONAL_IDENTITY_ANCHOR,NO_SAFE_COLLAPSE_APPLIED_BEFORE_PHASE14,NOUN,A1_CORE_NORMATIVE,PCIC_BASE_A1,PCIC_BASE_A1/7C,PCIC_BASE_A1,,,,NO_OBVIOUS_PEDAGOGICAL_COGNATE_FIRST_PASS,,NOT_ASSESSED,NOT_ASSESSED,NOT_ASSESSED,NONE_IDENTIFIED,NO,NOT_YET_SENSE_NORMALIZED,INCLUDED,LEGAL_REVIEW_REQUIRED_NOT_CERTIFIED_FOR_REDISTRIBUTION,1,0,0,0,,1.20
7G-ATOM-0376,ATOMIC_SURFACE_FORM,negro,negro,negro,PROVISIONAL_IDENTITY_ANCHOR,NO_SAFE_COLLAPSE_APPLIED_BEFORE_PHASE14,ADJ,A1_CORE_NORMATIVE,PCIC_BASE_A1,PCIC_BASE_A1/7C,PCIC_BASE_A1,,,,FALSE_FRIEND_OR_DECEPTIVE_OVERLAP,Negro,VERY_HIGH,FORM_SIMILARITY_ONLY,DIVERGENT,HIGH,NO,NOT_YET_SENSE_NORMALIZED,INCLUDED,LEGAL_REVIEW_REQUIRED_NOT_CERTIFIED_FOR_REDISTRIBUTION,1,0,0,0,,1.20
7G-ATOM-0377,ATOMIC_SURFACE_FORM,nevar,nevar,nevar,LEMMA_EXPLICIT_VERB,PHASE6_VERB_LEMMA_INVENTORY,VERB,A1_CORE_NORMATIVE,PCIC_BASE_A1,PCIC_BASE_A1/7C,PCIC_BASE_A1,,,,NO_OBVIOUS_PEDAGOGICAL_COGNATE_FIRST_PASS,,NOT_ASSESSED,NOT_ASSESSED,NOT_ASSESSED,NONE_IDENTIFIED,NO,NOT_YET_SENSE_NORMALIZED,INCLUDED,LEGAL_REVIEW_REQUIRED_NOT_CERTIFIED_FOR_REDISTRIBUTION,1,0,0,0,,1.20
7G-ATOM-0378,ATOMIC_SURFACE_FORM,ni,ni,ni,PROVISIONAL_IDENTITY_ANCHOR,NO_SAFE_COLLAPSE_APPLIED_BEFORE_PHASE14,CONJ_CONNECTOR,A1_CORE_NORMATIVE,PCIC_BASE_A1,PCIC_BASE_A1/7C,PCIC_BASE_A1,,,,NO_OBVIOUS_PEDAGOGICAL_COGNATE_FIRST_PASS,,NOT_ASSESSED,NOT_ASSESSED,NOT_ASSESSED,NONE_IDENTIFIED,NO,NOT_YET_SENSE_NORMALIZED,INCLUDED,LEGAL_REVIEW_REQUIRED_NOT_CERTIFIED_FOR_REDISTRIBUTION,1,0,0,0,,1.20
7G-ATOM-0379,ATOMIC_SURFACE_FORM,nieto,nieto,nieto,PROVISIONAL_IDENTITY_ANCHOR,NO_SAFE_COLLAPSE_APPLIED_BEFORE_PHASE14,NOUN,A1_CORE_NORMATIVE,PCIC_BASE_A1,PCIC_BASE_A1/7C,PCIC_BASE_A1,,,,NO_OBVIOUS_PEDAGOGICAL_COGNATE_FIRST_PASS,,NOT_ASSESSED,NOT_ASSESSED,NOT_ASSESSED,NONE_IDENTIFIED,NO,NOT_YET_SENSE_NORMALIZED,INCLUDED,LEGAL_REVIEW_REQUIRED_NOT_CERTIFIED_FOR_REDISTRIBUTION,1,0,0,0,,1.20
7G-ATOM-0380,ATOMIC_SURFACE_FORM,niña,niña,niño,COLLAPSED_TO_EXISTING_CANONICAL_ANCHOR,EXPLICIT_MORPHOLOGICAL_OR_ORTHOGRAPHIC_COLLAPSE_FROM_PRIOR_PHASES,NOUN,A1_CORE_NORMATIVE,7B_SURFACE_CORRECTION,PCIC_BASE_A1/7C,7B_SURFACE_CORRECTION,,,,NO_OBVIOUS_PEDAGOGICAL_COGNATE_FIRST_PASS,,NOT_ASSESSED,NOT_ASSESSED,NOT_ASSESSED,NONE_IDENTIFIED,NO,NOT_YET_SENSE_NORMALIZED,INCLUDED,LEGAL_REVIEW_REQUIRED_NOT_CERTIFIED_FOR_REDISTRIBUTION,1,0,0,0,,1.20
7G-ATOM-0381,ATOMIC_SURFACE_FORM,niño,niño,niño,PROVISIONAL_IDENTITY_ANCHOR,NO_SAFE_COLLAPSE_APPLIED_BEFORE_PHASE14,NOUN,A1_CORE_NORMATIVE,PCIC_BASE_A1,PCIC_BASE_A1/7C,PCIC_BASE_A1,,,,NO_OBVIOUS_PEDAGOGICAL_COGNATE_FIRST_PASS,,NOT_ASSESSED,NOT_ASSESSED,NOT_ASSESSED,NONE_IDENTIFIED,NO,NOT_YET_SENSE_NORMALIZED,INCLUDED,LEGAL_REVIEW_REQUIRED_NOT_CERTIFIED_FOR_REDISTRIBUTION,1,0,0,0,,1.20
7G-ATOM-0382,ATOMIC_SURFACE_FORM,no,no,no,PROVISIONAL_IDENTITY_ANCHOR,NO_SAFE_COLLAPSE_APPLIED_BEFORE_PHASE14,ADV_QUANT,A1_CORE_NORMATIVE,PCIC_BASE_A1,PCIC_BASE_A1/7C,PCIC_BASE_A1,,,,NO_OBVIOUS_PEDAGOGICAL_COGNATE_FIRST_PASS,,NOT_ASSESSED,NOT_ASSESSED,NOT_ASSESSED,NONE_IDENTIFIED,NO,NOT_YET_SENSE_NORMALIZED,INCLUDED,LEGAL_REVIEW_REQUIRED_NOT_CERTIFIED_FOR_REDISTRIBUTION,1,0,0,0,,1.20
7G-ATOM-0383,ATOMIC_SURFACE_FORM,noche,noche,noche,PROVISIONAL_IDENTITY_ANCHOR,NO_SAFE_COLLAPSE_APPLIED_BEFORE_PHASE14,NOUN,A1_CORE_NORMATIVE,PCIC_BASE_A1,PCIC_BASE_A1/7C,PCIC_BASE_A1,,,,NO_OBVIOUS_PEDAGOGICAL_COGNATE_FIRST_PASS,,NOT_ASSESSED,NOT_ASSESSED,NOT_ASSESSED,NONE_IDENTIFIED,NO,NOT_YET_SENSE_NORMALIZED,INCLUDED,LEGAL_REVIEW_REQUIRED_NOT_CERTIFIED_FOR_REDISTRIBUTION,1,0,0,0,,1.20
7G-ATOM-0384,ATOMIC_SURFACE_FORM,nombre,nombre,nombre,PROVISIONAL_IDENTITY_ANCHOR,NO_SAFE_COLLAPSE_APPLIED_BEFORE_PHASE14,NOUN,A1_CORE_NORMATIVE,PCIC_BASE_A1,PCIC_BASE_A1/7C,PCIC_BASE_A1,,,,FALSE_FRIEND_OR_DECEPTIVE_OVERLAP,number,LOW,FORM_SIMILARITY_ONLY,DIVERGENT,MEDIUM,NO,NOT_YET_SENSE_NORMALIZED,INCLUDED,LEGAL_REVIEW_REQUIRED_NOT_CERTIFIED_FOR_REDISTRIBUTION,1,0,0,0,,1.20
7G-ATOM-0385,ATOMIC_SURFACE_FORM,normalmente,normalmente,normalmente,PROVISIONAL_IDENTITY_ANCHOR,NO_SAFE_COLLAPSE_APPLIED_BEFORE_PHASE14,ADV_QUANT,A1_CORE_NORMATIVE,PCIC_BASE_A1,PCIC_BASE_A1/7C,PCIC_BASE_A1,,,,NO_OBVIOUS_PEDAGOGICAL_COGNATE_FIRST_PASS,,NOT_ASSESSED,NOT_ASSESSED,NOT_ASSESSED,NONE_IDENTIFIED,NO,NOT_YET_SENSE_NORMALIZED,INCLUDED,LEGAL_REVIEW_REQUIRED_NOT_CERTIFIED_FOR_REDISTRIBUTION,1,0,0,0,,1.20
7G-ATOM-0386,ATOMIC_SURFACE_FORM,norte,norte,norte,PROVISIONAL_IDENTITY_ANCHOR,NO_SAFE_COLLAPSE_APPLIED_BEFORE_PHASE14,NOUN,A1_CORE_NORMATIVE,PCIC_BASE_A1,PCIC_BASE_A1/7C,PCIC_BASE_A1,,,,TRUE_COGNATE,north,HIGH,MEDIUM_PROVISIONAL,FULL,NONE,NO,NOT_YET_SENSE_NORMALIZED,INCLUDED,LEGAL_REVIEW_REQUIRED_NOT_CERTIFIED_FOR_REDISTRIBUTION,1,0,0,0,,1.20
7G-ATOM-0387,ATOMIC_SURFACE_FORM,nosotras,nosotras,nosotras,PROVISIONAL_IDENTITY_ANCHOR,NO_SAFE_COLLAPSE_APPLIED_BEFORE_PHASE14,PRONOUN,A1_CORE_NORMATIVE,PCIC_BASE_A1,PCIC_BASE_A1/7C,PCIC_BASE_A1,,,,NO_OBVIOUS_PEDAGOGICAL_COGNATE_FIRST_PASS,,NOT_ASSESSED,NOT_ASSESSED,NOT_ASSESSED,NONE_IDENTIFIED,NO,NOT_YET_SENSE_NORMALIZED,INCLUDED,LEGAL_REVIEW_REQUIRED_NOT_CERTIFIED_FOR_REDISTRIBUTION,1,0,0,0,,1.20
7G-ATOM-0388,ATOMIC_SURFACE_FORM,nosotros,nosotros,nosotros,PROVISIONAL_IDENTITY_ANCHOR,NO_SAFE_COLLAPSE_APPLIED_BEFORE_PHASE14,PRONOUN,A1_CORE_NORMATIVE,PCIC_BASE_A1,PCIC_BASE_A1/7C,PCIC_BASE_A1,,,,NO_OBVIOUS_PEDAGOGICAL_COGNATE_FIRST_PASS,,NOT_ASSESSED,NOT_ASSESSED,NOT_ASSESSED,NONE_IDENTIFIED,NO,NOT_YET_SENSE_NORMALIZED,INCLUDED,LEGAL_REVIEW_REQUIRED_NOT_CERTIFIED_FOR_REDISTRIBUTION,1,0,0,0,,1.20
7G-ATOM-0389,ATOMIC_SURFACE_FORM,novena,novena,noveno,COLLAPSED_TO_EXISTING_CANONICAL_ANCHOR,EXPLICIT_6D_ORDINAL_LEMMA_SERIES,ORDINAL,A1_CORE_NORMATIVE,PCIC_BASE_A1,PCIC_BASE_A1/7C,PCIC_BASE_A1,,,,NO_OBVIOUS_PEDAGOGICAL_COGNATE_FIRST_PASS,,NOT_ASSESSED,NOT_ASSESSED,NOT_ASSESSED,NONE_IDENTIFIED,NO,NOT_YET_SENSE_NORMALIZED,INCLUDED,LEGAL_REVIEW_REQUIRED_NOT_CERTIFIED_FOR_REDISTRIBUTION,1,0,0,0,,1.20
7G-ATOM-0390,ATOMIC_SURFACE_FORM,noveno,noveno,noveno,PROVISIONAL_IDENTITY_ANCHOR,NO_SAFE_COLLAPSE_APPLIED_BEFORE_PHASE14,ORDINAL,A1_CORE_NORMATIVE,PCIC_BASE_A1,PCIC_BASE_A1/7C,PCIC_BASE_A1,,,,NO_OBVIOUS_PEDAGOGICAL_COGNATE_FIRST_PASS,,NOT_ASSESSED,NOT_ASSESSED,NOT_ASSESSED,NONE_IDENTIFIED,NO,NOT_YET_SENSE_NORMALIZED,INCLUDED,LEGAL_REVIEW_REQUIRED_NOT_CERTIFIED_FOR_REDISTRIBUTION,1,0,0,0,,1.20
7G-ATOM-0391,ATOMIC_SURFACE_FORM,novio,novio,novio,PROVISIONAL_IDENTITY_ANCHOR,NO_SAFE_COLLAPSE_APPLIED_BEFORE_PHASE14,NOUN,A1_CORE_NORMATIVE,PCIC_BASE_A1,PCIC_BASE_A1/7C,PCIC_BASE_A1,,,,NO_OBVIOUS_PEDAGOGICAL_COGNATE_FIRST_PASS,,NOT_ASSESSED,NOT_ASSESSED,NOT_ASSESSED,NONE_IDENTIFIED,NO,NOT_YET_SENSE_NORMALIZED,INCLUDED,LEGAL_REVIEW_REQUIRED_NOT_CERTIFIED_FOR_REDISTRIBUTION,1,0,0,0,,1.20
7G-ATOM-0392,ATOMIC_SURFACE_FORM,nuestra,nuestra,nuestra,PROVISIONAL_IDENTITY_ANCHOR,NO_SAFE_COLLAPSE_APPLIED_BEFORE_PHASE14,POSSESSIVE_DET,A1_CORE_NORMATIVE,PCIC_BASE_A1,PCIC_BASE_A1/7C,PCIC_BASE_A1,,,,NO_OBVIOUS_PEDAGOGICAL_COGNATE_FIRST_PASS,,NOT_ASSESSED,NOT_ASSESSED,NOT_ASSESSED,NONE_IDENTIFIED,NO,NOT_YET_SENSE_NORMALIZED,INCLUDED,LEGAL_REVIEW_REQUIRED_NOT_CERTIFIED_FOR_REDISTRIBUTION,1,0,0,0,,1.20
7G-ATOM-0393,ATOMIC_SURFACE_FORM,nuestras,nuestras,nuestras,PROVISIONAL_IDENTITY_ANCHOR,NO_SAFE_COLLAPSE_APPLIED_BEFORE_PHASE14,POSSESSIVE_DET,A1_CORE_NORMATIVE,PCIC_BASE_A1,PCIC_BASE_A1/7C,PCIC_BASE_A1,,,,NO_OBVIOUS_PEDAGOGICAL_COGNATE_FIRST_PASS,,NOT_ASSESSED,NOT_ASSESSED,NOT_ASSESSED,NONE_IDENTIFIED,NO,NOT_YET_SENSE_NORMALIZED,INCLUDED,LEGAL_REVIEW_REQUIRED_NOT_CERTIFIED_FOR_REDISTRIBUTION,1,0,0,0,,1.20
7G-ATOM-0394,ATOMIC_SURFACE_FORM,nuestro,nuestro,nuestro,PROVISIONAL_IDENTITY_ANCHOR,NO_SAFE_COLLAPSE_APPLIED_BEFORE_PHASE14,POSSESSIVE_DET,A1_CORE_NORMATIVE,PCIC_BASE_A1,PCIC_BASE_A1/7C,PCIC_BASE_A1,,,,NO_OBVIOUS_PEDAGOGICAL_COGNATE_FIRST_PASS,,NOT_ASSESSED,NOT_ASSESSED,NOT_ASSESSED,NONE_IDENTIFIED,NO,NOT_YET_SENSE_NORMALIZED,INCLUDED,LEGAL_REVIEW_REQUIRED_NOT_CERTIFIED_FOR_REDISTRIBUTION,1,0,0,0,,1.20
7G-ATOM-0395,ATOMIC_SURFACE_FORM,nuestros,nuestros,nuestros,PROVISIONAL_IDENTITY_ANCHOR,NO_SAFE_COLLAPSE_APPLIED_BEFORE_PHASE14,POSSESSIVE_DET,A1_CORE_NORMATIVE,PCIC_BASE_A1,PCIC_BASE_A1/7C,PCIC_BASE_A1,,,,NO_OBVIOUS_PEDAGOGICAL_COGNATE_FIRST_PASS,,NOT_ASSESSED,NOT_ASSESSED,NOT_ASSESSED,NONE_IDENTIFIED,NO,NOT_YET_SENSE_NORMALIZED,INCLUDED,LEGAL_REVIEW_REQUIRED_NOT_CERTIFIED_FOR_REDISTRIBUTION,1,0,0,0,,1.20
7G-ATOM-0396,ATOMIC_SURFACE_FORM,nuevo,nuevo,nuevo,PROVISIONAL_IDENTITY_ANCHOR,NO_SAFE_COLLAPSE_APPLIED_BEFORE_PHASE14,ADJ,A1_CORE_NORMATIVE,PCIC_BASE_A1,PCIC_BASE_A1/7C,PCIC_BASE_A1,,,,NO_OBVIOUS_PEDAGOGICAL_COGNATE_FIRST_PASS,,NOT_ASSESSED,NOT_ASSESSED,NOT_ASSESSED,NONE_IDENTIFIED,NO,NOT_YET_SENSE_NORMALIZED,INCLUDED,LEGAL_REVIEW_REQUIRED_NOT_CERTIFIED_FOR_REDISTRIBUTION,1,0,0,0,,1.20
7G-ATOM-0397,ATOMIC_SURFACE_FORM,nunca,nunca,nunca,PROVISIONAL_IDENTITY_ANCHOR,NO_SAFE_COLLAPSE_APPLIED_BEFORE_PHASE14,ADV_QUANT,A1_CORE_NORMATIVE,PCIC_BASE_A1,PCIC_BASE_A1/7C,PCIC_BASE_A1,,,,NO_OBVIOUS_PEDAGOGICAL_COGNATE_FIRST_PASS,,NOT_ASSESSED,NOT_ASSESSED,NOT_ASSESSED,NONE_IDENTIFIED,NO,NOT_YET_SENSE_NORMALIZED,INCLUDED,LEGAL_REVIEW_REQUIRED_NOT_CERTIFIED_FOR_REDISTRIBUTION,1,0,0,0,,1.20
7G-ATOM-0398,ATOMIC_SURFACE_FORM,número,número,número,PROVISIONAL_IDENTITY_ANCHOR,NO_SAFE_COLLAPSE_APPLIED_BEFORE_PHASE14,NOUN,A1_CORE_NORMATIVE,PCIC_BASE_A1,PCIC_BASE_A1/7C,PCIC_BASE_A1,,,,TRUE_COGNATE,number,MEDIUM,LOW_PROVISIONAL,FULL,NONE,NO,NOT_YET_SENSE_NORMALIZED,INCLUDED,LEGAL_REVIEW_REQUIRED_NOT_CERTIFIED_FOR_REDISTRIBUTION,1,0,0,0,,1.20
7G-ATOM-0399,ATOMIC_SURFACE_FORM,o,o,o,PROVISIONAL_IDENTITY_ANCHOR,NO_SAFE_COLLAPSE_APPLIED_BEFORE_PHASE14,CONJ_CONNECTOR,A1_CORE_NORMATIVE,PCIC_BASE_A1,PCIC_BASE_A1/7C,PCIC_BASE_A1,,,,NO_OBVIOUS_PEDAGOGICAL_COGNATE_FIRST_PASS,,NOT_ASSESSED,NOT_ASSESSED,NOT_ASSESSED,NONE_IDENTIFIED,NO,NOT_YET_SENSE_NORMALIZED,INCLUDED,LEGAL_REVIEW_REQUIRED_NOT_CERTIFIED_FOR_REDISTRIBUTION,1,0,0,0,,1.20
7G-ATOM-0400,ATOMIC_SURFACE_FORM,octava,octava,octavo,COLLAPSED_TO_EXISTING_CANONICAL_ANCHOR,EXPLICIT_6D_ORDINAL_LEMMA_SERIES,ORDINAL,A1_CORE_NORMATIVE,PCIC_BASE_A1,PCIC_BASE_A1/7C,PCIC_BASE_A1,,,,NO_OBVIOUS_PEDAGOGICAL_COGNATE_FIRST_PASS,,NOT_ASSESSED,NOT_ASSESSED,NOT_ASSESSED,NONE_IDENTIFIED,NO,NOT_YET_SENSE_NORMALIZED,INCLUDED,LEGAL_REVIEW_REQUIRED_NOT_CERTIFIED_FOR_REDISTRIBUTION,1,0,0,0,,1.20
7G-ATOM-0401,ATOMIC_SURFACE_FORM,octavo,octavo,octavo,PROVISIONAL_IDENTITY_ANCHOR,NO_SAFE_COLLAPSE_APPLIED_BEFORE_PHASE14,ORDINAL,A1_CORE_NORMATIVE,PCIC_BASE_A1,PCIC_BASE_A1/7C,PCIC_BASE_A1,,,,FALSE_FRIEND_OR_DECEPTIVE_OVERLAP,octave,HIGH,FORM_SIMILARITY_ONLY,DIVERGENT,MEDIUM,NO,NOT_YET_SENSE_NORMALIZED,INCLUDED,LEGAL_REVIEW_REQUIRED_NOT_CERTIFIED_FOR_REDISTRIBUTION,1,0,0,0,,1.20
7G-ATOM-0402,ATOMIC_SURFACE_FORM,oeste,oeste,oeste,PROVISIONAL_IDENTITY_ANCHOR,NO_SAFE_COLLAPSE_APPLIED_BEFORE_PHASE14,NOUN,A1_CORE_NORMATIVE,PCIC_BASE_A1,PCIC_BASE_A1/7C,PCIC_BASE_A1,,,,NO_OBVIOUS_PEDAGOGICAL_COGNATE_FIRST_PASS,,NOT_ASSESSED,NOT_ASSESSED,NOT_ASSESSED,NONE_IDENTIFIED,NO,NOT_YET_SENSE_NORMALIZED,INCLUDED,LEGAL_REVIEW_REQUIRED_NOT_CERTIFIED_FOR_REDISTRIBUTION,1,0,0,0,,1.20
7G-ATOM-0403,ATOMIC_SURFACE_FORM,oficina,oficina,oficina,PROVISIONAL_IDENTITY_ANCHOR,NO_SAFE_COLLAPSE_APPLIED_BEFORE_PHASE14,NOUN,A1_CORE_NORMATIVE,PCIC_BASE_A1,PCIC_BASE_A1/7C,PCIC_BASE_A1,,,,TRUE_COGNATE,office,LOW,LOW_PROVISIONAL,FULL,NONE,NO,NOT_YET_SENSE_NORMALIZED,INCLUDED,LEGAL_REVIEW_REQUIRED_NOT_CERTIFIED_FOR_REDISTRIBUTION,1,0,0,0,,1.20
7G-ATOM-0404,ATOMIC_SURFACE_FORM,ojo,ojo,ojo,PROVISIONAL_IDENTITY_ANCHOR,NO_SAFE_COLLAPSE_APPLIED_BEFORE_PHASE14,NOUN,A1_CORE_NORMATIVE,PCIC_BASE_A1,PCIC_BASE_A1/7C,PCIC_BASE_A1,,,,NO_OBVIOUS_PEDAGOGICAL_COGNATE_FIRST_PASS,,NOT_ASSESSED,NOT_ASSESSED,NOT_ASSESSED,NONE_IDENTIFIED,NO,NOT_YET_SENSE_NORMALIZED,INCLUDED,LEGAL_REVIEW_REQUIRED_NOT_CERTIFIED_FOR_REDISTRIBUTION,1,0,0,0,,1.20
7G-ATOM-0405,ATOMIC_SURFACE_FORM,okay,okay,okay,PROVISIONAL_IDENTITY_ANCHOR,NO_SAFE_COLLAPSE_APPLIED_BEFORE_PHASE14,DISCOURSE_MARKER,A1_REGIONAL_RECEPTIVE,7C_REGIONAL_VARIATION,7C_MIXED_SOURCES,7C_REGIONAL_VARIATION,A1_REGIONAL_RECEPTIVE,Hispanoamérica,TARGET_PROFILE_ONLY,TRUE_COGNATE,okay,VERY_HIGH,HIGH_PROVISIONAL,FULL,NONE,NO,NOT_YET_SENSE_NORMALIZED,INCLUDED,LEGAL_REVIEW_REQUIRED_NOT_CERTIFIED_FOR_REDISTRIBUTION,1,0,0,0,,1.20
7G-ATOM-0406,ATOMIC_SURFACE_FORM,ordenador,ordenador,ordenador,PROVISIONAL_IDENTITY_ANCHOR,NO_SAFE_COLLAPSE_APPLIED_BEFORE_PHASE14,NOUN,A1_CORE_NORMATIVE,PCIC_BASE_A1,PCIC_BASE_A1/7C,PCIC_BASE_A1,,,,NO_OBVIOUS_PEDAGOGICAL_COGNATE_FIRST_PASS,,NOT_ASSESSED,NOT_ASSESSED,NOT_ASSESSED,NONE_IDENTIFIED,NO,NOT_YET_SENSE_NORMALIZED,INCLUDED,LEGAL_REVIEW_REQUIRED_NOT_CERTIFIED_FOR_REDISTRIBUTION,1,0,0,0,,1.20
7G-ATOM-0407,ATOMIC_SURFACE_FORM,oscuro,oscuro,oscuro,PROVISIONAL_IDENTITY_ANCHOR,NO_SAFE_COLLAPSE_APPLIED_BEFORE_PHASE14,ADJ,A1_CORE_NORMATIVE,PCIC_BASE_A1,PCIC_BASE_A1/7C,PCIC_BASE_A1,,,,NO_OBVIOUS_PEDAGOGICAL_COGNATE_FIRST_PASS,,NOT_ASSESSED,NOT_ASSESSED,NOT_ASSESSED,NONE_IDENTIFIED,NO,NOT_YET_SENSE_NORMALIZED,INCLUDED,LEGAL_REVIEW_REQUIRED_NOT_CERTIFIED_FOR_REDISTRIBUTION,1,0,0,0,,1.20
7G-ATOM-0408,ATOMIC_SURFACE_FORM,otoño,otoño,otoño,PROVISIONAL_IDENTITY_ANCHOR,NO_SAFE_COLLAPSE_APPLIED_BEFORE_PHASE14,NOUN,A1_CORE_NORMATIVE,PCIC_BASE_A1,PCIC_BASE_A1/7C,PCIC_BASE_A1,,,,NO_OBVIOUS_PEDAGOGICAL_COGNATE_FIRST_PASS,,NOT_ASSESSED,NOT_ASSESSED,NOT_ASSESSED,NONE_IDENTIFIED,NO,NOT_YET_SENSE_NORMALIZED,INCLUDED,LEGAL_REVIEW_REQUIRED_NOT_CERTIFIED_FOR_REDISTRIBUTION,1,0,0,0,,1.20
7G-ATOM-0409,ATOMIC_SURFACE_FORM,padre,padre,padre,PROVISIONAL_IDENTITY_ANCHOR,NO_SAFE_COLLAPSE_APPLIED_BEFORE_PHASE14,NOUN,A1_CORE_NORMATIVE,PCIC_BASE_A1,PCIC_BASE_A1/7C,PCIC_BASE_A1,,,,INTERNATIONALISM_OR_BORROWING,padre,VERY_HIGH,HIGH_PROVISIONAL,PARTIAL,LOW,NO,NOT_YET_SENSE_NORMALIZED,INCLUDED,LEGAL_REVIEW_REQUIRED_NOT_CERTIFIED_FOR_REDISTRIBUTION,1,0,0,0,,1.20
7G-ATOM-0410,ATOMIC_SURFACE_FORM,padres,padres,padres,PROVISIONAL_IDENTITY_ANCHOR,NO_SAFE_COLLAPSE_APPLIED_BEFORE_PHASE14,NOUN,A1_CORE_NORMATIVE,7B_SURFACE_CORRECTION,PCIC_BASE_A1/7C,7B_SURFACE_CORRECTION,,,,NO_OBVIOUS_PEDAGOGICAL_COGNATE_FIRST_PASS,,NOT_ASSESSED,NOT_ASSESSED,NOT_ASSESSED,NONE_IDENTIFIED,NO,NOT_YET_SENSE_NORMALIZED,INCLUDED,LEGAL_REVIEW_REQUIRED_NOT_CERTIFIED_FOR_REDISTRIBUTION,1,0,0,0,,1.20
7G-ATOM-0411,ATOMIC_SURFACE_FORM,paella,paella,paella,PROVISIONAL_IDENTITY_ANCHOR,NO_SAFE_COLLAPSE_APPLIED_BEFORE_PHASE14,NOUN,A1_CORE_NORMATIVE,PCIC_BASE_A1,PCIC_BASE_A1/7C,PCIC_BASE_A1,,,,PEDAGOGICAL_COGNATE_PARTIAL,paella,VERY_HIGH,HIGH_PROVISIONAL,PARTIAL,LOW,NO,NOT_YET_SENSE_NORMALIZED,INCLUDED,LEGAL_REVIEW_REQUIRED_NOT_CERTIFIED_FOR_REDISTRIBUTION,1,0,0,0,,1.20
7G-ATOM-0412,ATOMIC_SURFACE_FORM,pagar,pagar,pagar,LEMMA_EXPLICIT_VERB,PHASE6_VERB_LEMMA_INVENTORY,VERB,A1_CORE_NORMATIVE,PCIC_BASE_A1,PCIC_BASE_A1/7C,PCIC_BASE_A1,,,,NO_OBVIOUS_PEDAGOGICAL_COGNATE_FIRST_PASS,,NOT_ASSESSED,NOT_ASSESSED,NOT_ASSESSED,NONE_IDENTIFIED,NO,NOT_YET_SENSE_NORMALIZED,INCLUDED,LEGAL_REVIEW_REQUIRED_NOT_CERTIFIED_FOR_REDISTRIBUTION,1,0,0,0,,1.20
7G-ATOM-0413,ATOMIC_SURFACE_FORM,pan,pan,pan,PROVISIONAL_IDENTITY_ANCHOR,NO_SAFE_COLLAPSE_APPLIED_BEFORE_PHASE14,NOUN,A1_CORE_NORMATIVE,PCIC_BASE_A1,PCIC_BASE_A1/7C,PCIC_BASE_A1,,,,FALSE_FRIEND_OR_DECEPTIVE_OVERLAP,pan,VERY_HIGH,FORM_SIMILARITY_ONLY,DIVERGENT,HIGH,NO,NOT_YET_SENSE_NORMALIZED,INCLUDED,LEGAL_REVIEW_REQUIRED_NOT_CERTIFIED_FOR_REDISTRIBUTION,1,0,0,0,,1.20
7G-ATOM-0414,ATOMIC_SURFACE_FORM,pantalones,pantalones,pantalón,COLLAPSED_TO_EXISTING_CANONICAL_ANCHOR,EXPLICIT_MORPHOLOGICAL_OR_ORTHOGRAPHIC_COLLAPSE_FROM_PRIOR_PHASES,NOUN,A1_CORE_NORMATIVE,7B_SURFACE_CORRECTION,PCIC_BASE_A1/7C,7B_SURFACE_CORRECTION,,,,NO_OBVIOUS_PEDAGOGICAL_COGNATE_FIRST_PASS,,NOT_ASSESSED,NOT_ASSESSED,NOT_ASSESSED,NONE_IDENTIFIED,NO,NOT_YET_SENSE_NORMALIZED,INCLUDED,LEGAL_REVIEW_REQUIRED_NOT_CERTIFIED_FOR_REDISTRIBUTION,1,0,0,0,,1.20
7G-ATOM-0415,ATOMIC_SURFACE_FORM,pantalón,pantalón,pantalón,PROVISIONAL_IDENTITY_ANCHOR,NO_SAFE_COLLAPSE_APPLIED_BEFORE_PHASE14,NOUN,A1_CORE_NORMATIVE,PCIC_BASE_A1,PCIC_BASE_A1/7C,PCIC_BASE_A1,,,,NO_OBVIOUS_PEDAGOGICAL_COGNATE_FIRST_PASS,,NOT_ASSESSED,NOT_ASSESSED,NOT_ASSESSED,NONE_IDENTIFIED,NO,NOT_YET_SENSE_NORMALIZED,INCLUDED,LEGAL_REVIEW_REQUIRED_NOT_CERTIFIED_FOR_REDISTRIBUTION,1,0,0,0,,1.20
7G-ATOM-0416,ATOMIC_SURFACE_FORM,papel,papel,papel,PROVISIONAL_IDENTITY_ANCHOR,NO_SAFE_COLLAPSE_APPLIED_BEFORE_PHASE14,NOUN,A1_CORE_NORMATIVE,PCIC_BASE_A1,PCIC_BASE_A1/7C,PCIC_BASE_A1,,,,TRUE_COGNATE,paper,HIGH,MEDIUM_PROVISIONAL,FULL,NONE,NO,NOT_YET_SENSE_NORMALIZED,INCLUDED,LEGAL_REVIEW_REQUIRED_NOT_CERTIFIED_FOR_REDISTRIBUTION,1,0,0,0,,1.20
7G-ATOM-0417,ATOMIC_SURFACE_FORM,para,para,para,PROVISIONAL_IDENTITY_ANCHOR,NO_SAFE_COLLAPSE_APPLIED_BEFORE_PHASE14,PREP,A1_CORE_NORMATIVE,PCIC_BASE_A1,PCIC_BASE_A1/7C,PCIC_BASE_A1,,,,NO_OBVIOUS_PEDAGOGICAL_COGNATE_FIRST_PASS,,NOT_ASSESSED,NOT_ASSESSED,NOT_ASSESSED,NONE_IDENTIFIED,NO,NOT_YET_SENSE_NORMALIZED,INCLUDED,LEGAL_REVIEW_REQUIRED_NOT_CERTIFIED_FOR_REDISTRIBUTION,1,0,0,0,,1.20
7G-ATOM-0418,ATOMIC_SURFACE_FORM,parada,parada,parada,PROVISIONAL_IDENTITY_ANCHOR,NO_SAFE_COLLAPSE_APPLIED_BEFORE_PHASE14,NOUN,A1_CORE_NORMATIVE,PCIC_BASE_A1,PCIC_BASE_A1/7C,PCIC_BASE_A1,,,,FALSE_FRIEND_OR_DECEPTIVE_OVERLAP,parade,HIGH,FORM_SIMILARITY_ONLY,DIVERGENT,MEDIUM,NO,NOT_YET_SENSE_NORMALIZED,INCLUDED,LEGAL_REVIEW_REQUIRED_NOT_CERTIFIED_FOR_REDISTRIBUTION,1,0,0,0,,1.20
7G-ATOM-0419,ATOMIC_SURFACE_FORM,pareja,pareja,pareja,PROVISIONAL_IDENTITY_ANCHOR,NO_SAFE_COLLAPSE_APPLIED_BEFORE_PHASE14,NOUN,A1_CORE_NORMATIVE,PCIC_BASE_A1,PCIC_BASE_A1/7C,PCIC_BASE_A1,,,,PEDAGOGICAL_COGNATE_PARTIAL,pair,LOW,LOW_PROVISIONAL,PARTIAL,LOW,NO,NOT_YET_SENSE_NORMALIZED,INCLUDED,LEGAL_REVIEW_REQUIRED_NOT_CERTIFIED_FOR_REDISTRIBUTION,1,0,0,0,,1.20
7G-ATOM-0420,ATOMIC_SURFACE_FORM,parque,parque,parque,PROVISIONAL_IDENTITY_ANCHOR,NO_SAFE_COLLAPSE_APPLIED_BEFORE_PHASE14,NOUN,A1_CORE_NORMATIVE,PCIC_BASE_A1,PCIC_BASE_A1/7C,PCIC_BASE_A1,,,,TRUE_COGNATE,park,LOW,LOW_PROVISIONAL,FULL,NONE,NO,NOT_YET_SENSE_NORMALIZED,INCLUDED,LEGAL_REVIEW_REQUIRED_NOT_CERTIFIED_FOR_REDISTRIBUTION,1,0,0,0,,1.20
7G-ATOM-0421,ATOMIC_SURFACE_FORM,parqueadero,parqueadero,parqueadero,PROVISIONAL_IDENTITY_ANCHOR,NO_SAFE_COLLAPSE_APPLIED_BEFORE_PHASE14,NOUN,A1_REGIONAL_RECEPTIVE,7C_REGIONAL_VARIATION,7C_MIXED_SOURCES,7C_REGIONAL_VARIATION,A1_REGIONAL_RECEPTIVE,Northern/South American regional subset,TARGET_PROFILE_ONLY,NO_OBVIOUS_PEDAGOGICAL_COGNATE_FIRST_PASS,,NOT_ASSESSED,NOT_ASSESSED,NOT_ASSESSED,NONE_IDENTIFIED,NO,NOT_YET_SENSE_NORMALIZED,INCLUDED,LEGAL_REVIEW_REQUIRED_NOT_CERTIFIED_FOR_REDISTRIBUTION,1,0,0,0,,1.20
7G-ATOM-0422,ATOMIC_SURFACE_FORM,pasaporte,pasaporte,pasaporte,PROVISIONAL_IDENTITY_ANCHOR,NO_SAFE_COLLAPSE_APPLIED_BEFORE_PHASE14,NOUN,A1_CORE_NORMATIVE,PCIC_BASE_A1,PCIC_BASE_A1/7C,PCIC_BASE_A1,,,,TRUE_COGNATE,passport,HIGH,MEDIUM_PROVISIONAL,FULL,NONE,NO,NOT_YET_SENSE_NORMALIZED,INCLUDED,LEGAL_REVIEW_REQUIRED_NOT_CERTIFIED_FOR_REDISTRIBUTION,1,0,0,0,,1.20
7G-ATOM-0423,ATOMIC_SURFACE_FORM,paseo,paseo,paseo,PROVISIONAL_IDENTITY_ANCHOR,NO_SAFE_COLLAPSE_APPLIED_BEFORE_PHASE14,NOUN,A1_CORE_NORMATIVE,PCIC_BASE_A1,PCIC_BASE_A1/7C,PCIC_BASE_A1,,,,INTERNATIONALISM_OR_BORROWING,paseo,VERY_HIGH,HIGH_PROVISIONAL,PARTIAL,LOW,NO,NOT_YET_SENSE_NORMALIZED,INCLUDED,LEGAL_REVIEW_REQUIRED_NOT_CERTIFIED_FOR_REDISTRIBUTION,1,0,0,0,,1.20
7G-ATOM-0424,ATOMIC_SURFACE_FORM,país,país,país,PROVISIONAL_IDENTITY_ANCHOR,NO_SAFE_COLLAPSE_APPLIED_BEFORE_PHASE14,NOUN,A1_CORE_NORMATIVE,PCIC_BASE_A1,PCIC_BASE_A1/7C,PCIC_BASE_A1,,,,NO_OBVIOUS_PEDAGOGICAL_COGNATE_FIRST_PASS,,NOT_ASSESSED,NOT_ASSESSED,NOT_ASSESSED,NONE_IDENTIFIED,NO,NOT_YET_SENSE_NORMALIZED,INCLUDED,LEGAL_REVIEW_REQUIRED_NOT_CERTIFIED_FOR_REDISTRIBUTION,1,0,0,0,,1.20
7G-ATOM-0425,ATOMIC_SURFACE_FORM,pelo,pelo,pelo,PROVISIONAL_IDENTITY_ANCHOR,NO_SAFE_COLLAPSE_APPLIED_BEFORE_PHASE14,NOUN,A1_CORE_NORMATIVE,PCIC_BASE_A1,PCIC_BASE_A1/7C,PCIC_BASE_A1,,,,NO_OBVIOUS_PEDAGOGICAL_COGNATE_FIRST_PASS,,NOT_ASSESSED,NOT_ASSESSED,NOT_ASSESSED,NONE_IDENTIFIED,NO,NOT_YET_SENSE_NORMALIZED,INCLUDED,LEGAL_REVIEW_REQUIRED_NOT_CERTIFIED_FOR_REDISTRIBUTION,1,0,0,0,,1.20
7G-ATOM-0426,ATOMIC_SURFACE_FORM,película,película,película,PROVISIONAL_IDENTITY_ANCHOR,NO_SAFE_COLLAPSE_APPLIED_BEFORE_PHASE14,NOUN,A1_CORE_NORMATIVE,PCIC_BASE_A1,PCIC_BASE_A1/7C,PCIC_BASE_A1,,,,NO_OBVIOUS_PEDAGOGICAL_COGNATE_FIRST_PASS,,NOT_ASSESSED,NOT_ASSESSED,NOT_ASSESSED,NONE_IDENTIFIED,NO,NOT_YET_SENSE_NORMALIZED,INCLUDED,LEGAL_REVIEW_REQUIRED_NOT_CERTIFIED_FOR_REDISTRIBUTION,1,0,0,0,,1.20
7G-ATOM-0427,ATOMIC_SURFACE_FORM,pequeño,pequeño,pequeño,PROVISIONAL_IDENTITY_ANCHOR,NO_SAFE_COLLAPSE_APPLIED_BEFORE_PHASE14,ADJ,A1_CORE_NORMATIVE,PCIC_BASE_A1,PCIC_BASE_A1/7C,PCIC_BASE_A1,,,,NO_OBVIOUS_PEDAGOGICAL_COGNATE_FIRST_PASS,,NOT_ASSESSED,NOT_ASSESSED,NOT_ASSESSED,NONE_IDENTIFIED,NO,NOT_YET_SENSE_NORMALIZED,INCLUDED,LEGAL_REVIEW_REQUIRED_NOT_CERTIFIED_FOR_REDISTRIBUTION,1,0,0,0,,1.20
7G-ATOM-0428,ATOMIC_SURFACE_FORM,perdón,perdón,perdón,PROVISIONAL_IDENTITY_ANCHOR,NO_SAFE_COLLAPSE_APPLIED_BEFORE_PHASE14,FORMULA,A1_CORE_NORMATIVE,PCIC_BASE_A1,PCIC_BASE_A1/7C,PCIC_BASE_A1,,,,NO_OBVIOUS_PEDAGOGICAL_COGNATE_FIRST_PASS,,NOT_ASSESSED,NOT_ASSESSED,NOT_ASSESSED,NONE_IDENTIFIED,NO,NOT_YET_SENSE_NORMALIZED,INCLUDED,LEGAL_REVIEW_REQUIRED_NOT_CERTIFIED_FOR_REDISTRIBUTION,1,0,0,0,,1.20
7G-ATOM-0429,ATOMIC_SURFACE_FORM,periódico,periódico,periódico,PROVISIONAL_IDENTITY_ANCHOR,NO_SAFE_COLLAPSE_APPLIED_BEFORE_PHASE14,NOUN,A1_CORE_NORMATIVE,PCIC_BASE_A1,PCIC_BASE_A1/7C,PCIC_BASE_A1,,,,FALSE_FRIEND_OR_DECEPTIVE_OVERLAP,periodic,HIGH,FORM_SIMILARITY_ONLY,DIVERGENT,HIGH,NO,NOT_YET_SENSE_NORMALIZED,INCLUDED,LEGAL_REVIEW_REQUIRED_NOT_CERTIFIED_FOR_REDISTRIBUTION,1,0,0,0,,1.20
7G-ATOM-0430,ATOMIC_SURFACE_FORM,pero,pero,pero,PROVISIONAL_IDENTITY_ANCHOR,NO_SAFE_COLLAPSE_APPLIED_BEFORE_PHASE14,CONJ_CONNECTOR,A1_CORE_NORMATIVE,PCIC_BASE_A1,PCIC_BASE_A1/7C,PCIC_BASE_A1,,,,NO_OBVIOUS_PEDAGOGICAL_COGNATE_FIRST_PASS,,NOT_ASSESSED,NOT_ASSESSED,NOT_ASSESSED,NONE_IDENTIFIED,NO,NOT_YET_SENSE_NORMALIZED,INCLUDED,LEGAL_REVIEW_REQUIRED_NOT_CERTIFIED_FOR_REDISTRIBUTION,1,0,0,0,,1.20
7G-ATOM-0431,ATOMIC_SURFACE_FORM,pescado,pescado,pescado,PROVISIONAL_IDENTITY_ANCHOR,NO_SAFE_COLLAPSE_APPLIED_BEFORE_PHASE14,NOUN,A1_CORE_NORMATIVE,PCIC_BASE_A1,PCIC_BASE_A1/7C,PCIC_BASE_A1,,,,NO_OBVIOUS_PEDAGOGICAL_COGNATE_FIRST_PASS,,NOT_ASSESSED,NOT_ASSESSED,NOT_ASSESSED,NONE_IDENTIFIED,NO,NOT_YET_SENSE_NORMALIZED,INCLUDED,LEGAL_REVIEW_REQUIRED_NOT_CERTIFIED_FOR_REDISTRIBUTION,1,0,0,0,,1.20
7G-ATOM-0432,ATOMIC_SURFACE_FORM,piso,piso,piso,PROVISIONAL_IDENTITY_ANCHOR,NO_SAFE_COLLAPSE_APPLIED_BEFORE_PHASE14,NOUN,A1_CORE_NORMATIVE,PCIC_BASE_A1,PCIC_BASE_A1/7C,PCIC_BASE_A1,,,,NO_OBVIOUS_PEDAGOGICAL_COGNATE_FIRST_PASS,,NOT_ASSESSED,NOT_ASSESSED,NOT_ASSESSED,NONE_IDENTIFIED,NO,NOT_YET_SENSE_NORMALIZED,INCLUDED,LEGAL_REVIEW_REQUIRED_NOT_CERTIFIED_FOR_REDISTRIBUTION,1,0,0,0,,1.20
7G-ATOM-0433,ATOMIC_SURFACE_FORM,pizarra,pizarra,pizarra,PROVISIONAL_IDENTITY_ANCHOR,NO_SAFE_COLLAPSE_APPLIED_BEFORE_PHASE14,NOUN,A1_CORE_NORMATIVE,PCIC_BASE_A1,PCIC_BASE_A1/7C,PCIC_BASE_A1,,,,NO_OBVIOUS_PEDAGOGICAL_COGNATE_FIRST_PASS,,NOT_ASSESSED,NOT_ASSESSED,NOT_ASSESSED,NONE_IDENTIFIED,NO,NOT_YET_SENSE_NORMALIZED,INCLUDED,LEGAL_REVIEW_REQUIRED_NOT_CERTIFIED_FOR_REDISTRIBUTION,1,0,0,0,,1.20
7G-ATOM-0434,ATOMIC_SURFACE_FORM,pizarrón,pizarrón,pizarrón,PROVISIONAL_IDENTITY_ANCHOR,NO_SAFE_COLLAPSE_APPLIED_BEFORE_PHASE14,NOUN,A1_REGIONAL_RECEPTIVE,7C_REGIONAL_VARIATION,7C_MIXED_SOURCES,7C_REGIONAL_VARIATION,A1_REGIONAL_RECEPTIVE,Hispanoamérica,TARGET_PROFILE_ONLY,NO_OBVIOUS_PEDAGOGICAL_COGNATE_FIRST_PASS,,NOT_ASSESSED,NOT_ASSESSED,NOT_ASSESSED,NONE_IDENTIFIED,NO,NOT_YET_SENSE_NORMALIZED,INCLUDED,LEGAL_REVIEW_REQUIRED_NOT_CERTIFIED_FOR_REDISTRIBUTION,1,0,0,0,,1.20
7G-ATOM-0435,ATOMIC_SURFACE_FORM,plano,plano,plano,PROVISIONAL_IDENTITY_ANCHOR,NO_SAFE_COLLAPSE_APPLIED_BEFORE_PHASE14,NOUN,A1_CORE_NORMATIVE,PCIC_BASE_A1,PCIC_BASE_A1/7C,PCIC_BASE_A1,,,,SENSE_DEPENDENT_COGNATE,plan,HIGH,MEDIUM_PROVISIONAL,PARTIAL,MEDIUM,NO,NOT_YET_SENSE_NORMALIZED,INCLUDED,LEGAL_REVIEW_REQUIRED_NOT_CERTIFIED_FOR_REDISTRIBUTION,1,0,0,0,,1.20
7G-ATOM-0436,ATOMIC_SURFACE_FORM,planta,planta,planta,PROVISIONAL_IDENTITY_ANCHOR,NO_SAFE_COLLAPSE_APPLIED_BEFORE_PHASE14,NOUN,A1_CORE_NORMATIVE,PCIC_BASE_A1,PCIC_BASE_A1/7C,PCIC_BASE_A1,,,,SENSE_DEPENDENT_COGNATE,plant,HIGH,MEDIUM_PROVISIONAL,PARTIAL,MEDIUM,NO,NOT_YET_SENSE_NORMALIZED,INCLUDED,LEGAL_REVIEW_REQUIRED_NOT_CERTIFIED_FOR_REDISTRIBUTION,1,0,0,0,,1.20
7G-ATOM-0437,ATOMIC_SURFACE_FORM,playa,playa,playa,PROVISIONAL_IDENTITY_ANCHOR,NO_SAFE_COLLAPSE_APPLIED_BEFORE_PHASE14,NOUN,A1_CORE_NORMATIVE,PCIC_BASE_A1,PCIC_BASE_A1/7C,PCIC_BASE_A1,,,,FALSE_FRIEND_OR_DECEPTIVE_OVERLAP,playa,VERY_HIGH,FORM_SIMILARITY_ONLY,DIVERGENT,MEDIUM,NO,NOT_YET_SENSE_NORMALIZED,INCLUDED,LEGAL_REVIEW_REQUIRED_NOT_CERTIFIED_FOR_REDISTRIBUTION,1,0,0,0,,1.20
7G-ATOM-0438,ATOMIC_SURFACE_FORM,plaza,plaza,plaza,PROVISIONAL_IDENTITY_ANCHOR,NO_SAFE_COLLAPSE_APPLIED_BEFORE_PHASE14,NOUN,A1_CORE_NORMATIVE,PCIC_BASE_A1,PCIC_BASE_A1/7C,PCIC_BASE_A1,,,,TRUE_COGNATE,plaza,VERY_HIGH,HIGH_PROVISIONAL,FULL,NONE,NO,NOT_YET_SENSE_NORMALIZED,INCLUDED,LEGAL_REVIEW_REQUIRED_NOT_CERTIFIED_FOR_REDISTRIBUTION,1,0,0,0,,1.20
7G-ATOM-0439,ATOMIC_SURFACE_FORM,poco,poco,poco,PROVISIONAL_IDENTITY_ANCHOR,NO_SAFE_COLLAPSE_APPLIED_BEFORE_PHASE14,ADV_QUANT,A1_CORE_NORMATIVE,PCIC_BASE_A1,PCIC_BASE_A1/7C,PCIC_BASE_A1,,,,NO_OBVIOUS_PEDAGOGICAL_COGNATE_FIRST_PASS,,NOT_ASSESSED,NOT_ASSESSED,NOT_ASSESSED,NONE_IDENTIFIED,NO,NOT_YET_SENSE_NORMALIZED,INCLUDED,LEGAL_REVIEW_REQUIRED_NOT_CERTIFIED_FOR_REDISTRIBUTION,1,0,0,0,,1.20
7G-ATOM-0440,ATOMIC_SURFACE_FORM,pocos,pocos,poco,COLLAPSED_TO_EXISTING_CANONICAL_ANCHOR,EXPLICIT_MORPHOLOGICAL_OR_ORTHOGRAPHIC_COLLAPSE_FROM_PRIOR_PHASES,QUANT,A1_CORE_NORMATIVE,7B_SURFACE_CORRECTION,PCIC_BASE_A1/7C,7B_SURFACE_CORRECTION,,,,NO_OBVIOUS_PEDAGOGICAL_COGNATE_FIRST_PASS,,NOT_ASSESSED,NOT_ASSESSED,NOT_ASSESSED,NONE_IDENTIFIED,NO,NOT_YET_SENSE_NORMALIZED,INCLUDED,LEGAL_REVIEW_REQUIRED_NOT_CERTIFIED_FOR_REDISTRIBUTION,1,0,0,0,,1.20
7G-ATOM-0441,ATOMIC_SURFACE_FORM,poder,poder,poder,LEMMA_EXPLICIT_VERB,PHASE6_VERB_LEMMA_INVENTORY,VERB,A1_CORE_NORMATIVE,PCIC_BASE_A1,PCIC_BASE_A1/7C,PCIC_BASE_A1,,,,NO_OBVIOUS_PEDAGOGICAL_COGNATE_FIRST_PASS,,NOT_ASSESSED,NOT_ASSESSED,NOT_ASSESSED,NONE_IDENTIFIED,NO,NOT_YET_SENSE_NORMALIZED,INCLUDED,LEGAL_REVIEW_REQUIRED_NOT_CERTIFIED_FOR_REDISTRIBUTION,1,0,0,0,,1.20
7G-ATOM-0442,ATOMIC_SURFACE_FORM,policía,policía,policía,PROVISIONAL_IDENTITY_ANCHOR,NO_SAFE_COLLAPSE_APPLIED_BEFORE_PHASE14,NOUN,A1_CORE_NORMATIVE,PCIC_BASE_A1,PCIC_BASE_A1/7C,PCIC_BASE_A1,,,,TRUE_COGNATE,police,MEDIUM,MEDIUM_PROVISIONAL,FULL,NONE,NO,NOT_YET_SENSE_NORMALIZED,INCLUDED,LEGAL_REVIEW_REQUIRED_NOT_CERTIFIED_FOR_REDISTRIBUTION,1,0,0,0,,1.20
7G-ATOM-0443,ATOMIC_SURFACE_FORM,porque,porque,porque,PROVISIONAL_IDENTITY_ANCHOR,NO_SAFE_COLLAPSE_APPLIED_BEFORE_PHASE14,CONJ_CONNECTOR,A1_CORE_NORMATIVE,PCIC_BASE_A1,PCIC_BASE_A1/7C,PCIC_BASE_A1,,,,NO_OBVIOUS_PEDAGOGICAL_COGNATE_FIRST_PASS,,NOT_ASSESSED,NOT_ASSESSED,NOT_ASSESSED,NONE_IDENTIFIED,NO,NOT_YET_SENSE_NORMALIZED,INCLUDED,LEGAL_REVIEW_REQUIRED_NOT_CERTIFIED_FOR_REDISTRIBUTION,1,0,0,0,,1.20
7G-ATOM-0444,ATOMIC_SURFACE_FORM,posible,posible,posible,PROVISIONAL_IDENTITY_ANCHOR,NO_SAFE_COLLAPSE_APPLIED_BEFORE_PHASE14,ADJ,A1_CORE_NORMATIVE,PCIC_BASE_A1,PCIC_BASE_A1/7C,PCIC_BASE_A1,,,,TRUE_COGNATE,possible,HIGH,MEDIUM_PROVISIONAL,FULL,NONE,NO,NOT_YET_SENSE_NORMALIZED,INCLUDED,LEGAL_REVIEW_REQUIRED_NOT_CERTIFIED_FOR_REDISTRIBUTION,1,0,0,0,,1.20
7G-ATOM-0445,ATOMIC_SURFACE_FORM,postal,postal,postal,PROVISIONAL_IDENTITY_ANCHOR,NO_SAFE_COLLAPSE_APPLIED_BEFORE_PHASE14,ADJ_NOUN|NOUN,A1_CORE_NORMATIVE,PCIC_BASE_A1,PCIC_BASE_A1/7C,PCIC_BASE_A1,,,,SENSE_DEPENDENT_COGNATE,postal,VERY_HIGH,HIGH_PROVISIONAL,PARTIAL,MEDIUM,YES,SPLIT_REQUIRED_OR_DOCUMENTED,INCLUDED,LEGAL_REVIEW_REQUIRED_NOT_CERTIFIED_FOR_REDISTRIBUTION,1,0,0,0,Explicitly documented as requiring multiple POS/sense/source assertions or later split.,1.20
7G-ATOM-0446,ATOMIC_SURFACE_FORM,postre,postre,postre,PROVISIONAL_IDENTITY_ANCHOR,NO_SAFE_COLLAPSE_APPLIED_BEFORE_PHASE14,NOUN,A1_CORE_NORMATIVE,PCIC_BASE_A1,PCIC_BASE_A1/7C,PCIC_BASE_A1,,,,NO_OBVIOUS_PEDAGOGICAL_COGNATE_FIRST_PASS,,NOT_ASSESSED,NOT_ASSESSED,NOT_ASSESSED,NONE_IDENTIFIED,NO,NOT_YET_SENSE_NORMALIZED,INCLUDED,LEGAL_REVIEW_REQUIRED_NOT_CERTIFIED_FOR_REDISTRIBUTION,1,0,0,0,,1.20
7G-ATOM-0447,ATOMIC_SURFACE_FORM,practicar,practicar,practicar,LEMMA_EXPLICIT_VERB,PHASE6_VERB_LEMMA_INVENTORY,VERB,A1_CORE_NORMATIVE,PCIC_BASE_A1,PCIC_BASE_A1/7C,PCIC_BASE_A1,,,,TRUE_COGNATE,practice,HIGH,MEDIUM_PROVISIONAL,FULL,NONE,NO,NOT_YET_SENSE_NORMALIZED,INCLUDED,LEGAL_REVIEW_REQUIRED_NOT_CERTIFIED_FOR_REDISTRIBUTION,1,0,0,0,,1.20
7G-ATOM-0448,ATOMIC_SURFACE_FORM,precio,precio,precio,PROVISIONAL_IDENTITY_ANCHOR,NO_SAFE_COLLAPSE_APPLIED_BEFORE_PHASE14,NOUN,A1_CORE_NORMATIVE,PCIC_BASE_A1,PCIC_BASE_A1/7C,PCIC_BASE_A1,,,,TRUE_COGNATE,price,LOW,LOW_PROVISIONAL,FULL,NONE,NO,NOT_YET_SENSE_NORMALIZED,INCLUDED,LEGAL_REVIEW_REQUIRED_NOT_CERTIFIED_FOR_REDISTRIBUTION,1,0,0,0,,1.20
7G-ATOM-0449,ATOMIC_SURFACE_FORM,preferir,preferir,preferir,LEMMA_EXPLICIT_VERB,PHASE6_VERB_LEMMA_INVENTORY,VERB,A1_CORE_NORMATIVE,PCIC_BASE_A1,PCIC_BASE_A1/7C,PCIC_BASE_A1,,,,TRUE_COGNATE,prefer,HIGH,MEDIUM_PROVISIONAL,FULL,NONE,NO,NOT_YET_SENSE_NORMALIZED,INCLUDED,LEGAL_REVIEW_REQUIRED_NOT_CERTIFIED_FOR_REDISTRIBUTION,1,0,0,0,,1.20
7G-ATOM-0450,ATOMIC_SURFACE_FORM,pregunta,pregunta,pregunta,PROVISIONAL_IDENTITY_ANCHOR,NO_SAFE_COLLAPSE_APPLIED_BEFORE_PHASE14,NOUN,A1_CORE_NORMATIVE,PCIC_BASE_A1,PCIC_BASE_A1/7C,PCIC_BASE_A1,,,,NO_OBVIOUS_PEDAGOGICAL_COGNATE_FIRST_PASS,,NOT_ASSESSED,NOT_ASSESSED,NOT_ASSESSED,NONE_IDENTIFIED,NO,NOT_YET_SENSE_NORMALIZED,INCLUDED,LEGAL_REVIEW_REQUIRED_NOT_CERTIFIED_FOR_REDISTRIBUTION,1,0,0,0,,1.20
7G-ATOM-0451,ATOMIC_SURFACE_FORM,presidente,presidente,presidente,PROVISIONAL_IDENTITY_ANCHOR,NO_SAFE_COLLAPSE_APPLIED_BEFORE_PHASE14,NOUN,A1_CORE_NORMATIVE,PCIC_BASE_A1,PCIC_BASE_A1/7C,PCIC_BASE_A1,,,,TRUE_COGNATE,president,VERY_HIGH,HIGH_PROVISIONAL,FULL,NONE,NO,NOT_YET_SENSE_NORMALIZED,INCLUDED,LEGAL_REVIEW_REQUIRED_NOT_CERTIFIED_FOR_REDISTRIBUTION,1,0,0,0,,1.20
7G-ATOM-0452,ATOMIC_SURFACE_FORM,primavera,primavera,primavera,PROVISIONAL_IDENTITY_ANCHOR,NO_SAFE_COLLAPSE_APPLIED_BEFORE_PHASE14,NOUN,A1_CORE_NORMATIVE,PCIC_BASE_A1,PCIC_BASE_A1/7C,PCIC_BASE_A1,,,,NO_OBVIOUS_PEDAGOGICAL_COGNATE_FIRST_PASS,,NOT_ASSESSED,NOT_ASSESSED,NOT_ASSESSED,NONE_IDENTIFIED,NO,NOT_YET_SENSE_NORMALIZED,INCLUDED,LEGAL_REVIEW_REQUIRED_NOT_CERTIFIED_FOR_REDISTRIBUTION,1,0,0,0,,1.20
7G-ATOM-0453,ATOMIC_SURFACE_FORM,primer,primer,primero,COLLAPSED_TO_EXISTING_CANONICAL_ANCHOR,EXPLICIT_6D_ORDINAL_LEMMA_SERIES,ORDINAL,A1_CORE_NORMATIVE,7B_SURFACE_CORRECTION,PCIC_BASE_A1/7C,7B_SURFACE_CORRECTION,,,,NO_OBVIOUS_PEDAGOGICAL_COGNATE_FIRST_PASS,,NOT_ASSESSED,NOT_ASSESSED,NOT_ASSESSED,NONE_IDENTIFIED,NO,NOT_YET_SENSE_NORMALIZED,INCLUDED,LEGAL_REVIEW_REQUIRED_NOT_CERTIFIED_FOR_REDISTRIBUTION,1,0,0,0,,1.20
7G-ATOM-0454,ATOMIC_SURFACE_FORM,primera,primera,primero,COLLAPSED_TO_EXISTING_CANONICAL_ANCHOR,EXPLICIT_6D_ORDINAL_LEMMA_SERIES,ORDINAL,A1_CORE_NORMATIVE,PCIC_BASE_A1,PCIC_BASE_A1/7C,PCIC_BASE_A1,,,,NO_OBVIOUS_PEDAGOGICAL_COGNATE_FIRST_PASS,,NOT_ASSESSED,NOT_ASSESSED,NOT_ASSESSED,NONE_IDENTIFIED,NO,NOT_YET_SENSE_NORMALIZED,INCLUDED,LEGAL_REVIEW_REQUIRED_NOT_CERTIFIED_FOR_REDISTRIBUTION,1,0,0,0,,1.20
7G-ATOM-0455,ATOMIC_SURFACE_FORM,primero,primero,primero,PROVISIONAL_IDENTITY_ANCHOR,NO_SAFE_COLLAPSE_APPLIED_BEFORE_PHASE14,ORDINAL,A1_CORE_NORMATIVE,PCIC_BASE_A1,PCIC_BASE_A1/7C,PCIC_BASE_A1,,,,NO_OBVIOUS_PEDAGOGICAL_COGNATE_FIRST_PASS,,NOT_ASSESSED,NOT_ASSESSED,NOT_ASSESSED,NONE_IDENTIFIED,NO,NOT_YET_SENSE_NORMALIZED,INCLUDED,LEGAL_REVIEW_REQUIRED_NOT_CERTIFIED_FOR_REDISTRIBUTION,1,0,0,0,,1.20
7G-ATOM-0456,ATOMIC_SURFACE_FORM,primo,primo,primo,PROVISIONAL_IDENTITY_ANCHOR,NO_SAFE_COLLAPSE_APPLIED_BEFORE_PHASE14,NOUN,A1_CORE_NORMATIVE,PCIC_BASE_A1,PCIC_BASE_A1/7C,PCIC_BASE_A1,,,,FALSE_FRIEND_OR_DECEPTIVE_OVERLAP,primo,VERY_HIGH,FORM_SIMILARITY_ONLY,DIVERGENT,HIGH,NO,NOT_YET_SENSE_NORMALIZED,INCLUDED,LEGAL_REVIEW_REQUIRED_NOT_CERTIFIED_FOR_REDISTRIBUTION,1,0,0,0,,1.20
7G-ATOM-0457,ATOMIC_SURFACE_FORM,profesión,profesión,profesión,PROVISIONAL_IDENTITY_ANCHOR,NO_SAFE_COLLAPSE_APPLIED_BEFORE_PHASE14,NOUN,A1_CORE_NORMATIVE,PCIC_BASE_A1,PCIC_BASE_A1/7C,PCIC_BASE_A1,,,,TRUE_COGNATE,profession,VERY_HIGH,HIGH_PROVISIONAL,FULL,NONE,NO,NOT_YET_SENSE_NORMALIZED,INCLUDED,LEGAL_REVIEW_REQUIRED_NOT_CERTIFIED_FOR_REDISTRIBUTION,1,0,0,0,,1.20
7G-ATOM-0458,ATOMIC_SURFACE_FORM,profesor,profesor,profesor,PROVISIONAL_IDENTITY_ANCHOR,NO_SAFE_COLLAPSE_APPLIED_BEFORE_PHASE14,NOUN,A1_CORE_NORMATIVE,PCIC_BASE_A1,PCIC_BASE_A1/7C,PCIC_BASE_A1,,,,TRUE_COGNATE,professor,HIGH,MEDIUM_PROVISIONAL,FULL,NONE,NO,NOT_YET_SENSE_NORMALIZED,INCLUDED,LEGAL_REVIEW_REQUIRED_NOT_CERTIFIED_FOR_REDISTRIBUTION,1,0,0,0,,1.20
7G-ATOM-0459,ATOMIC_SURFACE_FORM,pronto,pronto,pronto,PROVISIONAL_IDENTITY_ANCHOR,NO_SAFE_COLLAPSE_APPLIED_BEFORE_PHASE14,ADV_QUANT,A1_CORE_NORMATIVE,PCIC_BASE_A1,PCIC_BASE_A1/7C,PCIC_BASE_A1,,,,NO_OBVIOUS_PEDAGOGICAL_COGNATE_FIRST_PASS,,NOT_ASSESSED,NOT_ASSESSED,NOT_ASSESSED,NONE_IDENTIFIED,NO,NOT_YET_SENSE_NORMALIZED,INCLUDED,LEGAL_REVIEW_REQUIRED_NOT_CERTIFIED_FOR_REDISTRIBUTION,1,0,0,0,,1.20
7G-ATOM-0460,ATOMIC_SURFACE_FORM,publicidad,publicidad,publicidad,PROVISIONAL_IDENTITY_ANCHOR,NO_SAFE_COLLAPSE_APPLIED_BEFORE_PHASE14,NOUN,A1_CORE_NORMATIVE,PCIC_BASE_A1,PCIC_BASE_A1/7C,PCIC_BASE_A1,,,,SENSE_DEPENDENT_COGNATE,publicity,MEDIUM,MEDIUM_PROVISIONAL,PARTIAL,HIGH,NO,NOT_YET_SENSE_NORMALIZED,INCLUDED,LEGAL_REVIEW_REQUIRED_NOT_CERTIFIED_FOR_REDISTRIBUTION,1,0,0,0,,1.20
7G-ATOM-0461,ATOMIC_SURFACE_FORM,pueblo,pueblo,pueblo,PROVISIONAL_IDENTITY_ANCHOR,NO_SAFE_COLLAPSE_APPLIED_BEFORE_PHASE14,NOUN,A1_CORE_NORMATIVE,PCIC_BASE_A1,PCIC_BASE_A1/7C,PCIC_BASE_A1,,,,SENSE_DEPENDENT_COGNATE,pueblo,VERY_HIGH,HIGH_PROVISIONAL,PARTIAL,MEDIUM,NO,NOT_YET_SENSE_NORMALIZED,INCLUDED,LEGAL_REVIEW_REQUIRED_NOT_CERTIFIED_FOR_REDISTRIBUTION,1,0,0,0,,1.20
7G-ATOM-0462,ATOMIC_SURFACE_FORM,puerta,puerta,puerta,PROVISIONAL_IDENTITY_ANCHOR,NO_SAFE_COLLAPSE_APPLIED_BEFORE_PHASE14,NOUN,A1_CORE_NORMATIVE,PCIC_BASE_A1,PCIC_BASE_A1/7C,PCIC_BASE_A1,,,,NO_OBVIOUS_PEDAGOGICAL_COGNATE_FIRST_PASS,,NOT_ASSESSED,NOT_ASSESSED,NOT_ASSESSED,NONE_IDENTIFIED,NO,NOT_YET_SENSE_NORMALIZED,INCLUDED,LEGAL_REVIEW_REQUIRED_NOT_CERTIFIED_FOR_REDISTRIBUTION,1,0,0,0,,1.20
7G-ATOM-0463,ATOMIC_SURFACE_FORM,puerto,puerto,puerto,PROVISIONAL_IDENTITY_ANCHOR,NO_SAFE_COLLAPSE_APPLIED_BEFORE_PHASE14,NOUN,A1_CORE_NORMATIVE,PCIC_BASE_A1,PCIC_BASE_A1/7C,PCIC_BASE_A1,,,,TRUE_COGNATE,port,LOW,LOW_PROVISIONAL,FULL,NONE,NO,NOT_YET_SENSE_NORMALIZED,INCLUDED,LEGAL_REVIEW_REQUIRED_NOT_CERTIFIED_FOR_REDISTRIBUTION,1,0,0,0,,1.20
7G-ATOM-0464,ATOMIC_SURFACE_FORM,punto,punto,punto,PROVISIONAL_IDENTITY_ANCHOR,NO_SAFE_COLLAPSE_APPLIED_BEFORE_PHASE14,NOUN,A1_CORE_NORMATIVE,PCIC_BASE_A1,PCIC_BASE_A1/7C,PCIC_BASE_A1,,,,TRUE_COGNATE,point,LOW,LOW_PROVISIONAL,FULL,NONE,NO,NOT_YET_SENSE_NORMALIZED,INCLUDED,LEGAL_REVIEW_REQUIRED_NOT_CERTIFIED_FOR_REDISTRIBUTION,1,0,0,0,,1.20
7G-ATOM-0465,ATOMIC_SURFACE_FORM,página,página,página,PROVISIONAL_IDENTITY_ANCHOR,NO_SAFE_COLLAPSE_APPLIED_BEFORE_PHASE14,NOUN,A1_CORE_NORMATIVE,PCIC_BASE_A1,PCIC_BASE_A1/7C,PCIC_BASE_A1,,,,TRUE_COGNATE,page,LOW,LOW_PROVISIONAL,FULL,NONE,NO,NOT_YET_SENSE_NORMALIZED,INCLUDED,LEGAL_REVIEW_REQUIRED_NOT_CERTIFIED_FOR_REDISTRIBUTION,1,0,0,0,,1.20
7G-ATOM-0466,ATOMIC_SURFACE_FORM,que,que,que,PROVISIONAL_IDENTITY_ANCHOR,NO_SAFE_COLLAPSE_APPLIED_BEFORE_PHASE14,CONJ_CONNECTOR,A1_CORE_NORMATIVE,PCIC_BASE_A1,PCIC_BASE_A1/7C,PCIC_BASE_A1,,,,NO_OBVIOUS_PEDAGOGICAL_COGNATE_FIRST_PASS,,NOT_ASSESSED,NOT_ASSESSED,NOT_ASSESSED,NONE_IDENTIFIED,YES,SPLIT_REQUIRED_OR_DOCUMENTED,INCLUDED,LEGAL_REVIEW_REQUIRED_NOT_CERTIFIED_FOR_REDISTRIBUTION,1,0,0,0,Explicitly documented as requiring multiple POS/sense/source assertions or later split. At least relative and completive grammatical assertions in A1.,1.20
7G-ATOM-0467,ATOMIC_SURFACE_FORM,querer,querer,querer,LEMMA_EXPLICIT_VERB,PHASE6_VERB_LEMMA_INVENTORY,VERB,A1_CORE_NORMATIVE,PCIC_BASE_A1,PCIC_BASE_A1/7C,PCIC_BASE_A1,,,,NO_OBVIOUS_PEDAGOGICAL_COGNATE_FIRST_PASS,,NOT_ASSESSED,NOT_ASSESSED,NOT_ASSESSED,NONE_IDENTIFIED,NO,NOT_YET_SENSE_NORMALIZED,INCLUDED,LEGAL_REVIEW_REQUIRED_NOT_CERTIFIED_FOR_REDISTRIBUTION,1,0,0,0,,1.20
7G-ATOM-0468,ATOMIC_SURFACE_FORM,quinta,quinta,quinto,COLLAPSED_TO_EXISTING_CANONICAL_ANCHOR,EXPLICIT_6D_ORDINAL_LEMMA_SERIES,ORDINAL,A1_CORE_NORMATIVE,PCIC_BASE_A1,PCIC_BASE_A1/7C,PCIC_BASE_A1,,,,NO_OBVIOUS_PEDAGOGICAL_COGNATE_FIRST_PASS,,NOT_ASSESSED,NOT_ASSESSED,NOT_ASSESSED,NONE_IDENTIFIED,NO,NOT_YET_SENSE_NORMALIZED,INCLUDED,LEGAL_REVIEW_REQUIRED_NOT_CERTIFIED_FOR_REDISTRIBUTION,1,0,0,0,,1.20
7G-ATOM-0469,ATOMIC_SURFACE_FORM,quinto,quinto,quinto,PROVISIONAL_IDENTITY_ANCHOR,NO_SAFE_COLLAPSE_APPLIED_BEFORE_PHASE14,ORDINAL,A1_CORE_NORMATIVE,PCIC_BASE_A1,PCIC_BASE_A1/7C,PCIC_BASE_A1,,,,NO_OBVIOUS_PEDAGOGICAL_COGNATE_FIRST_PASS,,NOT_ASSESSED,NOT_ASSESSED,NOT_ASSESSED,NONE_IDENTIFIED,NO,NOT_YET_SENSE_NORMALIZED,INCLUDED,LEGAL_REVIEW_REQUIRED_NOT_CERTIFIED_FOR_REDISTRIBUTION,1,0,0,0,,1.20
7G-ATOM-0470,ATOMIC_SURFACE_FORM,quiosco,quiosco,quiosco,PROVISIONAL_IDENTITY_ANCHOR,NO_SAFE_COLLAPSE_APPLIED_BEFORE_PHASE14,NOUN,A1_CORE_NORMATIVE,PCIC_BASE_A1,PCIC_BASE_A1/7C,PCIC_BASE_A1,,,,TRUE_COGNATE,kiosk,LOW,LOW_PROVISIONAL,FULL,NONE,NO,NOT_YET_SENSE_NORMALIZED,INCLUDED,LEGAL_REVIEW_REQUIRED_NOT_CERTIFIED_FOR_REDISTRIBUTION,1,0,0,0,,1.20
7G-ATOM-0471,ATOMIC_SURFACE_FORM,quizá,quizá,quizá,PROVISIONAL_IDENTITY_ANCHOR,NO_SAFE_COLLAPSE_APPLIED_BEFORE_PHASE14,ADV_QUANT,A1_CORE_NORMATIVE,PCIC_BASE_A1,PCIC_BASE_A1/7C,PCIC_BASE_A1,,,,NO_OBVIOUS_PEDAGOGICAL_COGNATE_FIRST_PASS,,NOT_ASSESSED,NOT_ASSESSED,NOT_ASSESSED,NONE_IDENTIFIED,NO,NOT_YET_SENSE_NORMALIZED,INCLUDED,LEGAL_REVIEW_REQUIRED_NOT_CERTIFIED_FOR_REDISTRIBUTION,1,0,0,0,,1.20
7G-ATOM-0472,ATOMIC_SURFACE_FORM,quizás,quizás,quizás,PROVISIONAL_IDENTITY_ANCHOR,NO_SAFE_COLLAPSE_APPLIED_BEFORE_PHASE14,ADV_QUANT,A1_CORE_NORMATIVE,PCIC_BASE_A1,PCIC_BASE_A1/7C,PCIC_BASE_A1,,,,NO_OBVIOUS_PEDAGOGICAL_COGNATE_FIRST_PASS,,NOT_ASSESSED,NOT_ASSESSED,NOT_ASSESSED,NONE_IDENTIFIED,NO,NOT_YET_SENSE_NORMALIZED,INCLUDED,LEGAL_REVIEW_REQUIRED_NOT_CERTIFIED_FOR_REDISTRIBUTION,1,0,0,0,,1.20
7G-ATOM-0473,ATOMIC_SURFACE_FORM,quién,quién,quién,PROVISIONAL_IDENTITY_ANCHOR,NO_SAFE_COLLAPSE_APPLIED_BEFORE_PHASE14,INTERROGATIVE,A1_CORE_NORMATIVE,PCIC_BASE_A1,PCIC_BASE_A1/7C,PCIC_BASE_A1,,,,NO_OBVIOUS_PEDAGOGICAL_COGNATE_FIRST_PASS,,NOT_ASSESSED,NOT_ASSESSED,NOT_ASSESSED,NONE_IDENTIFIED,NO,NOT_YET_SENSE_NORMALIZED,INCLUDED,LEGAL_REVIEW_REQUIRED_NOT_CERTIFIED_FOR_REDISTRIBUTION,1,0,0,0,,1.20
7G-ATOM-0474,ATOMIC_SURFACE_FORM,qué,qué,qué,PROVISIONAL_IDENTITY_ANCHOR,NO_SAFE_COLLAPSE_APPLIED_BEFORE_PHASE14,INTERROGATIVE,A1_CORE_NORMATIVE,PCIC_BASE_A1,PCIC_BASE_A1/7C,PCIC_BASE_A1,,,,NO_OBVIOUS_PEDAGOGICAL_COGNATE_FIRST_PASS,,NOT_ASSESSED,NOT_ASSESSED,NOT_ASSESSED,NONE_IDENTIFIED,NO,NOT_YET_SENSE_NORMALIZED,INCLUDED,LEGAL_REVIEW_REQUIRED_NOT_CERTIFIED_FOR_REDISTRIBUTION,1,0,0,0,,1.20
7G-ATOM-0475,ATOMIC_SURFACE_FORM,radio,radio,radio,PROVISIONAL_IDENTITY_ANCHOR,NO_SAFE_COLLAPSE_APPLIED_BEFORE_PHASE14,NOUN,A1_CORE_NORMATIVE,PCIC_BASE_A1,PCIC_BASE_A1/7C,PCIC_BASE_A1,,,,TRUE_COGNATE,radio,VERY_HIGH,HIGH_PROVISIONAL,FULL,NONE,NO,NOT_YET_SENSE_NORMALIZED,INCLUDED,LEGAL_REVIEW_REQUIRED_NOT_CERTIFIED_FOR_REDISTRIBUTION,1,0,0,0,,1.20
7G-ATOM-0476,ATOMIC_SURFACE_FORM,regular,regular,regular,PROVISIONAL_IDENTITY_ANCHOR,NO_SAFE_COLLAPSE_APPLIED_BEFORE_PHASE14,ADJ,A1_CORE_NORMATIVE,PCIC_BASE_A1,PCIC_BASE_A1/7C,PCIC_BASE_A1,,,,SENSE_DEPENDENT_COGNATE,regular,VERY_HIGH,HIGH_PROVISIONAL,PARTIAL,MEDIUM,NO,NOT_YET_SENSE_NORMALIZED,INCLUDED,LEGAL_REVIEW_REQUIRED_NOT_CERTIFIED_FOR_REDISTRIBUTION,1,0,0,0,,1.20
7G-ATOM-0477,ATOMIC_SURFACE_FORM,reina,reina,reina,PROVISIONAL_IDENTITY_ANCHOR,NO_SAFE_COLLAPSE_APPLIED_BEFORE_PHASE14,NOUN,A1_CORE_NORMATIVE,PCIC_BASE_A1,PCIC_BASE_A1/7C,PCIC_BASE_A1,,,,NO_OBVIOUS_PEDAGOGICAL_COGNATE_FIRST_PASS,,NOT_ASSESSED,NOT_ASSESSED,NOT_ASSESSED,NONE_IDENTIFIED,NO,NOT_YET_SENSE_NORMALIZED,INCLUDED,LEGAL_REVIEW_REQUIRED_NOT_CERTIFIED_FOR_REDISTRIBUTION,1,0,0,0,,1.20
7G-ATOM-0478,ATOMIC_SURFACE_FORM,religión,religión,religión,PROVISIONAL_IDENTITY_ANCHOR,NO_SAFE_COLLAPSE_APPLIED_BEFORE_PHASE14,NOUN,A1_CORE_NORMATIVE,PCIC_BASE_A1,PCIC_BASE_A1/7C,PCIC_BASE_A1,,,,TRUE_COGNATE,religion,VERY_HIGH,HIGH_PROVISIONAL,FULL,NONE,NO,NOT_YET_SENSE_NORMALIZED,INCLUDED,LEGAL_REVIEW_REQUIRED_NOT_CERTIFIED_FOR_REDISTRIBUTION,1,0,0,0,,1.20
7G-ATOM-0479,ATOMIC_SURFACE_FORM,reloj,reloj,reloj,PROVISIONAL_IDENTITY_ANCHOR,NO_SAFE_COLLAPSE_APPLIED_BEFORE_PHASE14,NOUN,A1_CORE_NORMATIVE,PCIC_BASE_A1,PCIC_BASE_A1/7C,PCIC_BASE_A1,,,,NO_OBVIOUS_PEDAGOGICAL_COGNATE_FIRST_PASS,,NOT_ASSESSED,NOT_ASSESSED,NOT_ASSESSED,NONE_IDENTIFIED,NO,NOT_YET_SENSE_NORMALIZED,INCLUDED,LEGAL_REVIEW_REQUIRED_NOT_CERTIFIED_FOR_REDISTRIBUTION,1,0,0,0,,1.20
7G-ATOM-0480,ATOMIC_SURFACE_FORM,repetir,repetir,repetir,LEMMA_EXPLICIT_VERB,PHASE6_VERB_LEMMA_INVENTORY,VERB,A1_CORE_NORMATIVE,PCIC_BASE_A1,PCIC_BASE_A1/7C,PCIC_BASE_A1,,,,TRUE_COGNATE,repeat,LOW,LOW_PROVISIONAL,FULL,NONE,NO,NOT_YET_SENSE_NORMALIZED,INCLUDED,LEGAL_REVIEW_REQUIRED_NOT_CERTIFIED_FOR_REDISTRIBUTION,1,0,0,0,,1.20
7G-ATOM-0481,ATOMIC_SURFACE_FORM,restaurante,restaurante,restaurante,PROVISIONAL_IDENTITY_ANCHOR,NO_SAFE_COLLAPSE_APPLIED_BEFORE_PHASE14,NOUN,A1_CORE_NORMATIVE,PCIC_BASE_A1,PCIC_BASE_A1/7C,PCIC_BASE_A1,,,,TRUE_COGNATE,restaurant,VERY_HIGH,HIGH_PROVISIONAL,FULL,NONE,NO,NOT_YET_SENSE_NORMALIZED,INCLUDED,LEGAL_REVIEW_REQUIRED_NOT_CERTIFIED_FOR_REDISTRIBUTION,1,0,0,0,,1.20
7G-ATOM-0482,ATOMIC_SURFACE_FORM,revista,revista,revista,PROVISIONAL_IDENTITY_ANCHOR,NO_SAFE_COLLAPSE_APPLIED_BEFORE_PHASE14,NOUN,A1_CORE_NORMATIVE,PCIC_BASE_A1,PCIC_BASE_A1/7C,PCIC_BASE_A1,,,,FALSE_FRIEND_OR_DECEPTIVE_OVERLAP,revise,MEDIUM,FORM_SIMILARITY_ONLY,DIVERGENT,MEDIUM,NO,NOT_YET_SENSE_NORMALIZED,INCLUDED,LEGAL_REVIEW_REQUIRED_NOT_CERTIFIED_FOR_REDISTRIBUTION,1,0,0,0,,1.20
7G-ATOM-0483,ATOMIC_SURFACE_FORM,rey,rey,rey,PROVISIONAL_IDENTITY_ANCHOR,NO_SAFE_COLLAPSE_APPLIED_BEFORE_PHASE14,NOUN,A1_CORE_NORMATIVE,PCIC_BASE_A1,PCIC_BASE_A1/7C,PCIC_BASE_A1,,,,NO_OBVIOUS_PEDAGOGICAL_COGNATE_FIRST_PASS,,NOT_ASSESSED,NOT_ASSESSED,NOT_ASSESSED,NONE_IDENTIFIED,NO,NOT_YET_SENSE_NORMALIZED,INCLUDED,LEGAL_REVIEW_REQUIRED_NOT_CERTIFIED_FOR_REDISTRIBUTION,1,0,0,0,,1.20
7G-ATOM-0484,ATOMIC_SURFACE_FORM,rojo,rojo,rojo,PROVISIONAL_IDENTITY_ANCHOR,NO_SAFE_COLLAPSE_APPLIED_BEFORE_PHASE14,ADJ,A1_CORE_NORMATIVE,PCIC_BASE_A1,PCIC_BASE_A1/7C,PCIC_BASE_A1,,,,NO_OBVIOUS_PEDAGOGICAL_COGNATE_FIRST_PASS,,NOT_ASSESSED,NOT_ASSESSED,NOT_ASSESSED,NONE_IDENTIFIED,NO,NOT_YET_SENSE_NORMALIZED,INCLUDED,LEGAL_REVIEW_REQUIRED_NOT_CERTIFIED_FOR_REDISTRIBUTION,1,0,0,0,,1.20
7G-ATOM-0485,ATOMIC_SURFACE_FORM,rubio,rubio,rubio,PROVISIONAL_IDENTITY_ANCHOR,NO_SAFE_COLLAPSE_APPLIED_BEFORE_PHASE14,ADJ,A1_CORE_NORMATIVE,PCIC_BASE_A1,PCIC_BASE_A1/7C,PCIC_BASE_A1,,,,NO_OBVIOUS_PEDAGOGICAL_COGNATE_FIRST_PASS,,NOT_ASSESSED,NOT_ASSESSED,NOT_ASSESSED,NONE_IDENTIFIED,NO,NOT_YET_SENSE_NORMALIZED,INCLUDED,LEGAL_REVIEW_REQUIRED_NOT_CERTIFIED_FOR_REDISTRIBUTION,1,0,0,0,,1.20
7G-ATOM-0486,ATOMIC_SURFACE_FORM,rápido,rápido,rápido,PROVISIONAL_IDENTITY_ANCHOR,NO_SAFE_COLLAPSE_APPLIED_BEFORE_PHASE14,ADJ,A1_CORE_NORMATIVE,PCIC_BASE_A1,PCIC_BASE_A1/7C,PCIC_BASE_A1,,,,NO_OBVIOUS_PEDAGOGICAL_COGNATE_FIRST_PASS,,NOT_ASSESSED,NOT_ASSESSED,NOT_ASSESSED,NONE_IDENTIFIED,NO,NOT_YET_SENSE_NORMALIZED,INCLUDED,LEGAL_REVIEW_REQUIRED_NOT_CERTIFIED_FOR_REDISTRIBUTION,1,0,0,0,,1.20
7G-ATOM-0487,ATOMIC_SURFACE_FORM,río,río,río,PROVISIONAL_IDENTITY_ANCHOR,NO_SAFE_COLLAPSE_APPLIED_BEFORE_PHASE14,NOUN,A1_CORE_NORMATIVE,PCIC_BASE_A1,PCIC_BASE_A1/7C,PCIC_BASE_A1,,,,NO_OBVIOUS_PEDAGOGICAL_COGNATE_FIRST_PASS,,NOT_ASSESSED,NOT_ASSESSED,NOT_ASSESSED,NONE_IDENTIFIED,NO,NOT_YET_SENSE_NORMALIZED,INCLUDED,LEGAL_REVIEW_REQUIRED_NOT_CERTIFIED_FOR_REDISTRIBUTION,1,0,0,0,,1.20
7G-ATOM-0488,ATOMIC_SURFACE_FORM,saber,saber,saber,LEMMA_EXPLICIT_VERB,PHASE6_VERB_LEMMA_INVENTORY,VERB,A1_CORE_NORMATIVE,PCIC_BASE_A1,PCIC_BASE_A1/7C,PCIC_BASE_A1,,,,NO_OBVIOUS_PEDAGOGICAL_COGNATE_FIRST_PASS,,NOT_ASSESSED,NOT_ASSESSED,NOT_ASSESSED,NONE_IDENTIFIED,NO,NOT_YET_SENSE_NORMALIZED,INCLUDED,LEGAL_REVIEW_REQUIRED_NOT_CERTIFIED_FOR_REDISTRIBUTION,1,0,0,0,,1.20
7G-ATOM-0489,ATOMIC_SURFACE_FORM,sala,sala,sala,PROVISIONAL_IDENTITY_ANCHOR,NO_SAFE_COLLAPSE_APPLIED_BEFORE_PHASE14,NOUN,A1_CORE_NORMATIVE,PCIC_BASE_A1,PCIC_BASE_A1/7C,PCIC_BASE_A1,,,,NO_OBVIOUS_PEDAGOGICAL_COGNATE_FIRST_PASS,,NOT_ASSESSED,NOT_ASSESSED,NOT_ASSESSED,NONE_IDENTIFIED,NO,NOT_YET_SENSE_NORMALIZED,INCLUDED,LEGAL_REVIEW_REQUIRED_NOT_CERTIFIED_FOR_REDISTRIBUTION,1,0,0,0,,1.20
7G-ATOM-0490,ATOMIC_SURFACE_FORM,salida,salida,salida,PROVISIONAL_IDENTITY_ANCHOR,NO_SAFE_COLLAPSE_APPLIED_BEFORE_PHASE14,NOUN,A1_CORE_NORMATIVE,PCIC_BASE_A1,PCIC_BASE_A1/7C,PCIC_BASE_A1,,,,NO_OBVIOUS_PEDAGOGICAL_COGNATE_FIRST_PASS,,NOT_ASSESSED,NOT_ASSESSED,NOT_ASSESSED,NONE_IDENTIFIED,NO,NOT_YET_SENSE_NORMALIZED,INCLUDED,LEGAL_REVIEW_REQUIRED_NOT_CERTIFIED_FOR_REDISTRIBUTION,1,0,0,0,,1.20
7G-ATOM-0491,ATOMIC_SURFACE_FORM,salir,salir,salir,LEMMA_EXPLICIT_VERB,PHASE6_VERB_LEMMA_INVENTORY,VERB,A1_CORE_NORMATIVE,PCIC_BASE_A1,PCIC_BASE_A1/7C,PCIC_BASE_A1,,,,NO_OBVIOUS_PEDAGOGICAL_COGNATE_FIRST_PASS,,NOT_ASSESSED,NOT_ASSESSED,NOT_ASSESSED,NONE_IDENTIFIED,NO,NOT_YET_SENSE_NORMALIZED,INCLUDED,LEGAL_REVIEW_REQUIRED_NOT_CERTIFIED_FOR_REDISTRIBUTION,1,0,0,0,,1.20
7G-ATOM-0492,ATOMIC_SURFACE_FORM,salud,salud,salud,PROVISIONAL_IDENTITY_ANCHOR,NO_SAFE_COLLAPSE_APPLIED_BEFORE_PHASE14,FORMULA,A1_CORE_NORMATIVE,PCIC_BASE_A1,PCIC_BASE_A1/7C,PCIC_BASE_A1,,,,NO_OBVIOUS_PEDAGOGICAL_COGNATE_FIRST_PASS,,NOT_ASSESSED,NOT_ASSESSED,NOT_ASSESSED,NONE_IDENTIFIED,NO,NOT_YET_SENSE_NORMALIZED,INCLUDED,LEGAL_REVIEW_REQUIRED_NOT_CERTIFIED_FOR_REDISTRIBUTION,1,0,0,0,,1.20
7G-ATOM-0493,ATOMIC_SURFACE_FORM,salón,salón,salón,PROVISIONAL_IDENTITY_ANCHOR,NO_SAFE_COLLAPSE_APPLIED_BEFORE_PHASE14,NOUN,A1_CORE_NORMATIVE,PCIC_BASE_A1,PCIC_BASE_A1/7C,PCIC_BASE_A1,,,,SENSE_DEPENDENT_COGNATE,salon,VERY_HIGH,HIGH_PROVISIONAL,PARTIAL,MEDIUM,NO,NOT_YET_SENSE_NORMALIZED,INCLUDED,LEGAL_REVIEW_REQUIRED_NOT_CERTIFIED_FOR_REDISTRIBUTION,1,0,0,0,,1.20
7G-ATOM-0494,ATOMIC_SURFACE_FORM,se,se,se,PROVISIONAL_IDENTITY_ANCHOR,NO_SAFE_COLLAPSE_APPLIED_BEFORE_PHASE14,CLITIC,A1_CORE_NORMATIVE,PCIC_BASE_A1,PCIC_BASE_A1/7C,PCIC_BASE_A1,,,,NO_OBVIOUS_PEDAGOGICAL_COGNATE_FIRST_PASS,,NOT_ASSESSED,NOT_ASSESSED,NOT_ASSESSED,NONE_IDENTIFIED,NO,NOT_YET_SENSE_NORMALIZED,INCLUDED,LEGAL_REVIEW_REQUIRED_NOT_CERTIFIED_FOR_REDISTRIBUTION,1,0,0,0,,1.20
7G-ATOM-0495,ATOMIC_SURFACE_FORM,segunda,segunda,segundo,COLLAPSED_TO_EXISTING_CANONICAL_ANCHOR,EXPLICIT_6D_ORDINAL_LEMMA_SERIES,ORDINAL,A1_CORE_NORMATIVE,PCIC_BASE_A1,PCIC_BASE_A1/7C,PCIC_BASE_A1,,,,NO_OBVIOUS_PEDAGOGICAL_COGNATE_FIRST_PASS,,NOT_ASSESSED,NOT_ASSESSED,NOT_ASSESSED,NONE_IDENTIFIED,NO,NOT_YET_SENSE_NORMALIZED,INCLUDED,LEGAL_REVIEW_REQUIRED_NOT_CERTIFIED_FOR_REDISTRIBUTION,1,0,0,0,,1.20
7G-ATOM-0496,ATOMIC_SURFACE_FORM,segundo,segundo,segundo,PROVISIONAL_IDENTITY_ANCHOR,NO_SAFE_COLLAPSE_APPLIED_BEFORE_PHASE14,ORDINAL,A1_CORE_NORMATIVE,PCIC_BASE_A1,PCIC_BASE_A1/7C,PCIC_BASE_A1,,,,NO_OBVIOUS_PEDAGOGICAL_COGNATE_FIRST_PASS,,NOT_ASSESSED,NOT_ASSESSED,NOT_ASSESSED,NONE_IDENTIFIED,NO,NOT_YET_SENSE_NORMALIZED,INCLUDED,LEGAL_REVIEW_REQUIRED_NOT_CERTIFIED_FOR_REDISTRIBUTION,1,0,0,0,,1.20
7G-ATOM-0497,ATOMIC_SURFACE_FORM,sello,sello,sello,PROVISIONAL_IDENTITY_ANCHOR,NO_SAFE_COLLAPSE_APPLIED_BEFORE_PHASE14,NOUN,A1_CORE_NORMATIVE,PCIC_BASE_A1,PCIC_BASE_A1/7C,PCIC_BASE_A1,,,,PEDAGOGICAL_COGNATE_PARTIAL,seal,MEDIUM,LOW_PROVISIONAL,PARTIAL,LOW,NO,NOT_YET_SENSE_NORMALIZED,INCLUDED,LEGAL_REVIEW_REQUIRED_NOT_CERTIFIED_FOR_REDISTRIBUTION,1,0,0,0,,1.20
7G-ATOM-0498,ATOMIC_SURFACE_FORM,semana,semana,semana,PROVISIONAL_IDENTITY_ANCHOR,NO_SAFE_COLLAPSE_APPLIED_BEFORE_PHASE14,NOUN,A1_CORE_NORMATIVE,PCIC_BASE_A1,PCIC_BASE_A1/7C,PCIC_BASE_A1,,,,NO_OBVIOUS_PEDAGOGICAL_COGNATE_FIRST_PASS,,NOT_ASSESSED,NOT_ASSESSED,NOT_ASSESSED,NONE_IDENTIFIED,NO,NOT_YET_SENSE_NORMALIZED,INCLUDED,LEGAL_REVIEW_REQUIRED_NOT_CERTIFIED_FOR_REDISTRIBUTION,1,0,0,0,,1.20
7G-ATOM-0499,ATOMIC_SURFACE_FORM,separado,separado,separado,PROVISIONAL_IDENTITY_ANCHOR,NO_SAFE_COLLAPSE_APPLIED_BEFORE_PHASE14,ADJ,A1_CORE_NORMATIVE,PCIC_BASE_A1,PCIC_BASE_A1/7C,PCIC_BASE_A1,,,,TRUE_COGNATE,separated,MEDIUM,LOW_PROVISIONAL,FULL,NONE,NO,NOT_YET_SENSE_NORMALIZED,INCLUDED,LEGAL_REVIEW_REQUIRED_NOT_CERTIFIED_FOR_REDISTRIBUTION,1,0,0,0,,1.20
7G-ATOM-0500,ATOMIC_SURFACE_FORM,ser,ser,ser,LEMMA_EXPLICIT_VERB,PHASE6_VERB_LEMMA_INVENTORY,VERB,A1_CORE_NORMATIVE,PCIC_BASE_A1,PCIC_BASE_A1/7C,PCIC_BASE_A1,,,,NO_OBVIOUS_PEDAGOGICAL_COGNATE_FIRST_PASS,,NOT_ASSESSED,NOT_ASSESSED,NOT_ASSESSED,NONE_IDENTIFIED,NO,NOT_YET_SENSE_NORMALIZED,INCLUDED,LEGAL_REVIEW_REQUIRED_NOT_CERTIFIED_FOR_REDISTRIBUTION,1,0,0,0,,1.20
7G-ATOM-0501,ATOMIC_SURFACE_FORM,serio,serio,serio,PROVISIONAL_IDENTITY_ANCHOR,NO_SAFE_COLLAPSE_APPLIED_BEFORE_PHASE14,ADJ,A1_CORE_NORMATIVE,PCIC_BASE_A1,PCIC_BASE_A1/7C,PCIC_BASE_A1,,,,TRUE_COGNATE,serious,MEDIUM,MEDIUM_PROVISIONAL,FULL,NONE,NO,NOT_YET_SENSE_NORMALIZED,INCLUDED,LEGAL_REVIEW_REQUIRED_NOT_CERTIFIED_FOR_REDISTRIBUTION,1,0,0,0,,1.20
7G-ATOM-0502,ATOMIC_SURFACE_FORM,sexta,sexta,sexto,COLLAPSED_TO_EXISTING_CANONICAL_ANCHOR,EXPLICIT_6D_ORDINAL_LEMMA_SERIES,ORDINAL,A1_CORE_NORMATIVE,PCIC_BASE_A1,PCIC_BASE_A1/7C,PCIC_BASE_A1,,,,NO_OBVIOUS_PEDAGOGICAL_COGNATE_FIRST_PASS,,NOT_ASSESSED,NOT_ASSESSED,NOT_ASSESSED,NONE_IDENTIFIED,NO,NOT_YET_SENSE_NORMALIZED,INCLUDED,LEGAL_REVIEW_REQUIRED_NOT_CERTIFIED_FOR_REDISTRIBUTION,1,0,0,0,,1.20
7G-ATOM-0503,ATOMIC_SURFACE_FORM,sexto,sexto,sexto,PROVISIONAL_IDENTITY_ANCHOR,NO_SAFE_COLLAPSE_APPLIED_BEFORE_PHASE14,ORDINAL,A1_CORE_NORMATIVE,PCIC_BASE_A1,PCIC_BASE_A1/7C,PCIC_BASE_A1,,,,NO_OBVIOUS_PEDAGOGICAL_COGNATE_FIRST_PASS,,NOT_ASSESSED,NOT_ASSESSED,NOT_ASSESSED,NONE_IDENTIFIED,NO,NOT_YET_SENSE_NORMALIZED,INCLUDED,LEGAL_REVIEW_REQUIRED_NOT_CERTIFIED_FOR_REDISTRIBUTION,1,0,0,0,,1.20
7G-ATOM-0504,ATOMIC_SURFACE_FORM,señor,señor,señor,PROVISIONAL_IDENTITY_ANCHOR,NO_SAFE_COLLAPSE_APPLIED_BEFORE_PHASE14,NOUN,A1_CORE_NORMATIVE,PCIC_BASE_A1,PCIC_BASE_A1/7C,PCIC_BASE_A1,,,,INTERNATIONALISM_OR_BORROWING,senor,VERY_HIGH,HIGH_PROVISIONAL,FULL,LOW,NO,NOT_YET_SENSE_NORMALIZED,INCLUDED,LEGAL_REVIEW_REQUIRED_NOT_CERTIFIED_FOR_REDISTRIBUTION,1,0,0,0,,1.20
7G-ATOM-0505,ATOMIC_SURFACE_FORM,señora,señora,señora,PROVISIONAL_IDENTITY_ANCHOR,NO_SAFE_COLLAPSE_APPLIED_BEFORE_PHASE14,NOUN,A1_CORE_NORMATIVE,PCIC_BASE_A1,PCIC_BASE_A1/7C,PCIC_BASE_A1,,,,NO_OBVIOUS_PEDAGOGICAL_COGNATE_FIRST_PASS,,NOT_ASSESSED,NOT_ASSESSED,NOT_ASSESSED,NONE_IDENTIFIED,NO,NOT_YET_SENSE_NORMALIZED,INCLUDED,LEGAL_REVIEW_REQUIRED_NOT_CERTIFIED_FOR_REDISTRIBUTION,1,0,0,0,,1.20
7G-ATOM-0506,ATOMIC_SURFACE_FORM,señores,señores,señor,COLLAPSED_TO_EXISTING_CANONICAL_ANCHOR,EXPLICIT_MORPHOLOGICAL_OR_ORTHOGRAPHIC_COLLAPSE_FROM_PRIOR_PHASES,NOUN,A1_CORE_NORMATIVE,7B_SURFACE_CORRECTION,PCIC_BASE_A1/7C,7B_SURFACE_CORRECTION,,,,NO_OBVIOUS_PEDAGOGICAL_COGNATE_FIRST_PASS,,NOT_ASSESSED,NOT_ASSESSED,NOT_ASSESSED,NONE_IDENTIFIED,NO,NOT_YET_SENSE_NORMALIZED,INCLUDED,LEGAL_REVIEW_REQUIRED_NOT_CERTIFIED_FOR_REDISTRIBUTION,1,0,0,0,,1.20
7G-ATOM-0507,ATOMIC_SURFACE_FORM,siempre,siempre,siempre,PROVISIONAL_IDENTITY_ANCHOR,NO_SAFE_COLLAPSE_APPLIED_BEFORE_PHASE14,ADV_QUANT,A1_CORE_NORMATIVE,PCIC_BASE_A1,PCIC_BASE_A1/7C,PCIC_BASE_A1,,,,NO_OBVIOUS_PEDAGOGICAL_COGNATE_FIRST_PASS,,NOT_ASSESSED,NOT_ASSESSED,NOT_ASSESSED,NONE_IDENTIFIED,NO,NOT_YET_SENSE_NORMALIZED,INCLUDED,LEGAL_REVIEW_REQUIRED_NOT_CERTIFIED_FOR_REDISTRIBUTION,1,0,0,0,,1.20
7G-ATOM-0508,ATOMIC_SURFACE_FORM,silencio,silencio,silencio,PROVISIONAL_IDENTITY_ANCHOR,NO_SAFE_COLLAPSE_APPLIED_BEFORE_PHASE14,FORMULA,A1_CORE_NORMATIVE,PCIC_BASE_A1,PCIC_BASE_A1/7C,PCIC_BASE_A1,,,,TRUE_COGNATE,silence,HIGH,MEDIUM_PROVISIONAL,FULL,NONE,NO,NOT_YET_SENSE_NORMALIZED,INCLUDED,LEGAL_REVIEW_REQUIRED_NOT_CERTIFIED_FOR_REDISTRIBUTION,1,0,0,0,,1.20
7G-ATOM-0509,ATOMIC_SURFACE_FORM,silla,silla,silla,PROVISIONAL_IDENTITY_ANCHOR,NO_SAFE_COLLAPSE_APPLIED_BEFORE_PHASE14,NOUN,A1_CORE_NORMATIVE,PCIC_BASE_A1,PCIC_BASE_A1/7C,PCIC_BASE_A1,,,,NO_OBVIOUS_PEDAGOGICAL_COGNATE_FIRST_PASS,,NOT_ASSESSED,NOT_ASSESSED,NOT_ASSESSED,NONE_IDENTIFIED,NO,NOT_YET_SENSE_NORMALIZED,INCLUDED,LEGAL_REVIEW_REQUIRED_NOT_CERTIFIED_FOR_REDISTRIBUTION,1,0,0,0,,1.20
7G-ATOM-0510,ATOMIC_SURFACE_FORM,sillón,sillón,sillón,PROVISIONAL_IDENTITY_ANCHOR,NO_SAFE_COLLAPSE_APPLIED_BEFORE_PHASE14,NOUN,A1_CORE_NORMATIVE,PCIC_BASE_A1,PCIC_BASE_A1/7C,PCIC_BASE_A1,,,,NO_OBVIOUS_PEDAGOGICAL_COGNATE_FIRST_PASS,,NOT_ASSESSED,NOT_ASSESSED,NOT_ASSESSED,NONE_IDENTIFIED,NO,NOT_YET_SENSE_NORMALIZED,INCLUDED,LEGAL_REVIEW_REQUIRED_NOT_CERTIFIED_FOR_REDISTRIBUTION,1,0,0,0,,1.20
7G-ATOM-0511,ATOMIC_SURFACE_FORM,simpático,simpático,simpático,PROVISIONAL_IDENTITY_ANCHOR,NO_SAFE_COLLAPSE_APPLIED_BEFORE_PHASE14,ADJ,A1_CORE_NORMATIVE,PCIC_BASE_A1,PCIC_BASE_A1/7C,PCIC_BASE_A1,,,,FALSE_FRIEND_OR_DECEPTIVE_OVERLAP,sympathetic,LOW,FORM_SIMILARITY_ONLY,DIVERGENT,HIGH,NO,NOT_YET_SENSE_NORMALIZED,INCLUDED,LEGAL_REVIEW_REQUIRED_NOT_CERTIFIED_FOR_REDISTRIBUTION,1,0,0,0,,1.20
7G-ATOM-0512,ATOMIC_SURFACE_FORM,sin,sin,sin,PROVISIONAL_IDENTITY_ANCHOR,NO_SAFE_COLLAPSE_APPLIED_BEFORE_PHASE14,PREP,A1_CORE_NORMATIVE,PCIC_BASE_A1,PCIC_BASE_A1/7C,PCIC_BASE_A1,,,,NO_OBVIOUS_PEDAGOGICAL_COGNATE_FIRST_PASS,,NOT_ASSESSED,NOT_ASSESSED,NOT_ASSESSED,NONE_IDENTIFIED,NO,NOT_YET_SENSE_NORMALIZED,INCLUDED,LEGAL_REVIEW_REQUIRED_NOT_CERTIFIED_FOR_REDISTRIBUTION,1,0,0,0,,1.20
7G-ATOM-0513,ATOMIC_SURFACE_FORM,sinagoga,sinagoga,sinagoga,PROVISIONAL_IDENTITY_ANCHOR,NO_SAFE_COLLAPSE_APPLIED_BEFORE_PHASE14,NOUN,A1_CORE_NORMATIVE,PCIC_BASE_A1,PCIC_BASE_A1/7C,PCIC_BASE_A1,,,,TRUE_COGNATE,synagogue,MEDIUM,LOW_PROVISIONAL,FULL,NONE,NO,NOT_YET_SENSE_NORMALIZED,INCLUDED,LEGAL_REVIEW_REQUIRED_NOT_CERTIFIED_FOR_REDISTRIBUTION,1,0,0,0,,1.20
7G-ATOM-0514,ATOMIC_SURFACE_FORM,sobre,sobre,sobre,PROVISIONAL_IDENTITY_ANCHOR,NO_SAFE_COLLAPSE_APPLIED_BEFORE_PHASE14,NOUN,A1_CORE_NORMATIVE,PCIC_BASE_A1,PCIC_BASE_A1/7C,PCIC_BASE_A1,,,,NO_OBVIOUS_PEDAGOGICAL_COGNATE_FIRST_PASS,,NOT_ASSESSED,NOT_ASSESSED,NOT_ASSESSED,NONE_IDENTIFIED,NO,NOT_YET_SENSE_NORMALIZED,INCLUDED,LEGAL_REVIEW_REQUIRED_NOT_CERTIFIED_FOR_REDISTRIBUTION,1,0,0,0,,1.20
7G-ATOM-0515,ATOMIC_SURFACE_FORM,sobrino,sobrino,sobrino,PROVISIONAL_IDENTITY_ANCHOR,NO_SAFE_COLLAPSE_APPLIED_BEFORE_PHASE14,NOUN,A1_CORE_NORMATIVE,PCIC_BASE_A1,PCIC_BASE_A1/7C,PCIC_BASE_A1,,,,NO_OBVIOUS_PEDAGOGICAL_COGNATE_FIRST_PASS,,NOT_ASSESSED,NOT_ASSESSED,NOT_ASSESSED,NONE_IDENTIFIED,NO,NOT_YET_SENSE_NORMALIZED,INCLUDED,LEGAL_REVIEW_REQUIRED_NOT_CERTIFIED_FOR_REDISTRIBUTION,1,0,0,0,,1.20
7G-ATOM-0516,ATOMIC_SURFACE_FORM,sociable,sociable,sociable,PROVISIONAL_IDENTITY_ANCHOR,NO_SAFE_COLLAPSE_APPLIED_BEFORE_PHASE14,ADJ,A1_CORE_NORMATIVE,PCIC_BASE_A1,PCIC_BASE_A1/7C,PCIC_BASE_A1,,,,TRUE_COGNATE,sociable,VERY_HIGH,HIGH_PROVISIONAL,FULL,NONE,NO,NOT_YET_SENSE_NORMALIZED,INCLUDED,LEGAL_REVIEW_REQUIRED_NOT_CERTIFIED_FOR_REDISTRIBUTION,1,0,0,0,,1.20
7G-ATOM-0517,ATOMIC_SURFACE_FORM,sofá,sofá,sofá,PROVISIONAL_IDENTITY_ANCHOR,NO_SAFE_COLLAPSE_APPLIED_BEFORE_PHASE14,NOUN,A1_CORE_NORMATIVE,PCIC_BASE_A1,PCIC_BASE_A1/7C,PCIC_BASE_A1,,,,TRUE_COGNATE,sofa,VERY_HIGH,HIGH_PROVISIONAL,FULL,NONE,NO,NOT_YET_SENSE_NORMALIZED,INCLUDED,LEGAL_REVIEW_REQUIRED_NOT_CERTIFIED_FOR_REDISTRIBUTION,1,0,0,0,,1.20
7G-ATOM-0518,ATOMIC_SURFACE_FORM,sol,sol,sol,PROVISIONAL_IDENTITY_ANCHOR,NO_SAFE_COLLAPSE_APPLIED_BEFORE_PHASE14,NOUN,A1_CORE_NORMATIVE,PCIC_BASE_A1,PCIC_BASE_A1/7C,PCIC_BASE_A1,,,,FALSE_FRIEND_OR_DECEPTIVE_OVERLAP,sol,VERY_HIGH,FORM_SIMILARITY_ONLY,DIVERGENT,MEDIUM,NO,NOT_YET_SENSE_NORMALIZED,INCLUDED,LEGAL_REVIEW_REQUIRED_NOT_CERTIFIED_FOR_REDISTRIBUTION,1,0,0,0,,1.20
7G-ATOM-0519,ATOMIC_SURFACE_FORM,soltero,soltero,soltero,PROVISIONAL_IDENTITY_ANCHOR,NO_SAFE_COLLAPSE_APPLIED_BEFORE_PHASE14,ADJ,A1_CORE_NORMATIVE,PCIC_BASE_A1,PCIC_BASE_A1/7C,PCIC_BASE_A1,,,,NO_OBVIOUS_PEDAGOGICAL_COGNATE_FIRST_PASS,,NOT_ASSESSED,NOT_ASSESSED,NOT_ASSESSED,NONE_IDENTIFIED,NO,NOT_YET_SENSE_NORMALIZED,INCLUDED,LEGAL_REVIEW_REQUIRED_NOT_CERTIFIED_FOR_REDISTRIBUTION,1,0,0,0,,1.20
7G-ATOM-0520,ATOMIC_SURFACE_FORM,sopa,sopa,sopa,PROVISIONAL_IDENTITY_ANCHOR,NO_SAFE_COLLAPSE_APPLIED_BEFORE_PHASE14,NOUN,A1_CORE_NORMATIVE,PCIC_BASE_A1,PCIC_BASE_A1/7C,PCIC_BASE_A1,,,,FALSE_FRIEND_OR_DECEPTIVE_OVERLAP,soap,LOW,FORM_SIMILARITY_ONLY,DIVERGENT,HIGH,NO,NOT_YET_SENSE_NORMALIZED,INCLUDED,LEGAL_REVIEW_REQUIRED_NOT_CERTIFIED_FOR_REDISTRIBUTION,1,0,0,0,,1.20
7G-ATOM-0521,ATOMIC_SURFACE_FORM,su,su,su,PROVISIONAL_IDENTITY_ANCHOR,NO_SAFE_COLLAPSE_APPLIED_BEFORE_PHASE14,POSSESSIVE_DET,A1_CORE_NORMATIVE,PCIC_BASE_A1,PCIC_BASE_A1/7C,PCIC_BASE_A1,,,,NO_OBVIOUS_PEDAGOGICAL_COGNATE_FIRST_PASS,,NOT_ASSESSED,NOT_ASSESSED,NOT_ASSESSED,NONE_IDENTIFIED,NO,NOT_YET_SENSE_NORMALIZED,INCLUDED,LEGAL_REVIEW_REQUIRED_NOT_CERTIFIED_FOR_REDISTRIBUTION,1,0,0,0,,1.20
7G-ATOM-0522,ATOMIC_SURFACE_FORM,supermercado,supermercado,supermercado,PROVISIONAL_IDENTITY_ANCHOR,NO_SAFE_COLLAPSE_APPLIED_BEFORE_PHASE14,NOUN,A1_CORE_NORMATIVE,PCIC_BASE_A1,PCIC_BASE_A1/7C,PCIC_BASE_A1,,,,TRUE_COGNATE,supermarket,LOW,LOW_PROVISIONAL,FULL,NONE,NO,NOT_YET_SENSE_NORMALIZED,INCLUDED,LEGAL_REVIEW_REQUIRED_NOT_CERTIFIED_FOR_REDISTRIBUTION,1,0,0,0,,1.20
7G-ATOM-0523,ATOMIC_SURFACE_FORM,sur,sur,sur,PROVISIONAL_IDENTITY_ANCHOR,NO_SAFE_COLLAPSE_APPLIED_BEFORE_PHASE14,NOUN,A1_CORE_NORMATIVE,PCIC_BASE_A1,PCIC_BASE_A1/7C,PCIC_BASE_A1,,,,NO_OBVIOUS_PEDAGOGICAL_COGNATE_FIRST_PASS,,NOT_ASSESSED,NOT_ASSESSED,NOT_ASSESSED,NONE_IDENTIFIED,NO,NOT_YET_SENSE_NORMALIZED,INCLUDED,LEGAL_REVIEW_REQUIRED_NOT_CERTIFIED_FOR_REDISTRIBUTION,1,0,0,0,,1.20
7G-ATOM-0524,ATOMIC_SURFACE_FORM,sus,sus,sus,PROVISIONAL_IDENTITY_ANCHOR,NO_SAFE_COLLAPSE_APPLIED_BEFORE_PHASE14,POSSESSIVE_DET,A1_CORE_NORMATIVE,PCIC_BASE_A1,PCIC_BASE_A1/7C,PCIC_BASE_A1,,,,NO_OBVIOUS_PEDAGOGICAL_COGNATE_FIRST_PASS,,NOT_ASSESSED,NOT_ASSESSED,NOT_ASSESSED,NONE_IDENTIFIED,NO,NOT_YET_SENSE_NORMALIZED,INCLUDED,LEGAL_REVIEW_REQUIRED_NOT_CERTIFIED_FOR_REDISTRIBUTION,1,0,0,0,,1.20
7G-ATOM-0525,ATOMIC_SURFACE_FORM,sándwich,sándwich,sándwich,PROVISIONAL_IDENTITY_ANCHOR,NO_SAFE_COLLAPSE_APPLIED_BEFORE_PHASE14,NOUN,A1_CORE_NORMATIVE,PCIC_BASE_A1,PCIC_BASE_A1/7C,PCIC_BASE_A1,,,,TRUE_COGNATE,sandwich,VERY_HIGH,HIGH_PROVISIONAL,FULL,NONE,NO,NOT_YET_SENSE_NORMALIZED,INCLUDED,LEGAL_REVIEW_REQUIRED_NOT_CERTIFIED_FOR_REDISTRIBUTION,1,0,0,0,,1.20
7G-ATOM-0526,ATOMIC_SURFACE_FORM,séptima,séptima,séptimo,COLLAPSED_TO_EXISTING_CANONICAL_ANCHOR,EXPLICIT_6D_ORDINAL_LEMMA_SERIES,ORDINAL,A1_CORE_NORMATIVE,PCIC_BASE_A1,PCIC_BASE_A1/7C,PCIC_BASE_A1,,,,NO_OBVIOUS_PEDAGOGICAL_COGNATE_FIRST_PASS,,NOT_ASSESSED,NOT_ASSESSED,NOT_ASSESSED,NONE_IDENTIFIED,NO,NOT_YET_SENSE_NORMALIZED,INCLUDED,LEGAL_REVIEW_REQUIRED_NOT_CERTIFIED_FOR_REDISTRIBUTION,1,0,0,0,,1.20
7G-ATOM-0527,ATOMIC_SURFACE_FORM,séptimo,séptimo,séptimo,PROVISIONAL_IDENTITY_ANCHOR,NO_SAFE_COLLAPSE_APPLIED_BEFORE_PHASE14,ORDINAL,A1_CORE_NORMATIVE,PCIC_BASE_A1,PCIC_BASE_A1/7C,PCIC_BASE_A1,,,,NO_OBVIOUS_PEDAGOGICAL_COGNATE_FIRST_PASS,,NOT_ASSESSED,NOT_ASSESSED,NOT_ASSESSED,NONE_IDENTIFIED,NO,NOT_YET_SENSE_NORMALIZED,INCLUDED,LEGAL_REVIEW_REQUIRED_NOT_CERTIFIED_FOR_REDISTRIBUTION,1,0,0,0,,1.20
7G-ATOM-0528,ATOMIC_SURFACE_FORM,sí,sí,sí,PROVISIONAL_IDENTITY_ANCHOR,NO_SAFE_COLLAPSE_APPLIED_BEFORE_PHASE14,ADV_QUANT,A1_CORE_NORMATIVE,PCIC_BASE_A1,PCIC_BASE_A1/7C,PCIC_BASE_A1,,,,NO_OBVIOUS_PEDAGOGICAL_COGNATE_FIRST_PASS,,NOT_ASSESSED,NOT_ASSESSED,NOT_ASSESSED,NONE_IDENTIFIED,NO,NOT_YET_SENSE_NORMALIZED,INCLUDED,LEGAL_REVIEW_REQUIRED_NOT_CERTIFIED_FOR_REDISTRIBUTION,1,0,0,0,,1.20
7G-ATOM-0529,ATOMIC_SURFACE_FORM,también,también,también,PROVISIONAL_IDENTITY_ANCHOR,NO_SAFE_COLLAPSE_APPLIED_BEFORE_PHASE14,ADV_QUANT,A1_CORE_NORMATIVE,PCIC_BASE_A1,PCIC_BASE_A1/7C,PCIC_BASE_A1,,,,NO_OBVIOUS_PEDAGOGICAL_COGNATE_FIRST_PASS,,NOT_ASSESSED,NOT_ASSESSED,NOT_ASSESSED,NONE_IDENTIFIED,NO,NOT_YET_SENSE_NORMALIZED,INCLUDED,LEGAL_REVIEW_REQUIRED_NOT_CERTIFIED_FOR_REDISTRIBUTION,1,0,0,0,,1.20
7G-ATOM-0530,ATOMIC_SURFACE_FORM,tampoco,tampoco,tampoco,PROVISIONAL_IDENTITY_ANCHOR,NO_SAFE_COLLAPSE_APPLIED_BEFORE_PHASE14,ADV_QUANT,A1_CORE_NORMATIVE,PCIC_BASE_A1,PCIC_BASE_A1/7C,PCIC_BASE_A1,,,,NO_OBVIOUS_PEDAGOGICAL_COGNATE_FIRST_PASS,,NOT_ASSESSED,NOT_ASSESSED,NOT_ASSESSED,NONE_IDENTIFIED,NO,NOT_YET_SENSE_NORMALIZED,INCLUDED,LEGAL_REVIEW_REQUIRED_NOT_CERTIFIED_FOR_REDISTRIBUTION,1,0,0,0,,1.20
7G-ATOM-0531,ATOMIC_SURFACE_FORM,tarde,tarde,tarde,PROVISIONAL_IDENTITY_ANCHOR,NO_SAFE_COLLAPSE_APPLIED_BEFORE_PHASE14,ADV_QUANT|NOUN,A1_CORE_NORMATIVE,PCIC_BASE_A1,PCIC_BASE_A1/7C,PCIC_BASE_A1,,,,NO_OBVIOUS_PEDAGOGICAL_COGNATE_FIRST_PASS,,NOT_ASSESSED,NOT_ASSESSED,NOT_ASSESSED,NONE_IDENTIFIED,YES,SPLIT_REQUIRED_OR_DOCUMENTED,INCLUDED,LEGAL_REVIEW_REQUIRED_NOT_CERTIFIED_FOR_REDISTRIBUTION,1,0,0,0,Explicitly documented as requiring multiple POS/sense/source assertions or later split.,1.20
7G-ATOM-0532,ATOMIC_SURFACE_FORM,tarjeta,tarjeta,tarjeta,PROVISIONAL_IDENTITY_ANCHOR,NO_SAFE_COLLAPSE_APPLIED_BEFORE_PHASE14,NOUN,A1_CORE_NORMATIVE,PCIC_BASE_A1,PCIC_BASE_A1/7C,PCIC_BASE_A1,,,,NO_OBVIOUS_PEDAGOGICAL_COGNATE_FIRST_PASS,,NOT_ASSESSED,NOT_ASSESSED,NOT_ASSESSED,NONE_IDENTIFIED,NO,NOT_YET_SENSE_NORMALIZED,INCLUDED,LEGAL_REVIEW_REQUIRED_NOT_CERTIFIED_FOR_REDISTRIBUTION,1,0,0,0,,1.20
7G-ATOM-0533,ATOMIC_SURFACE_FORM,taxi,taxi,taxi,PROVISIONAL_IDENTITY_ANCHOR,NO_SAFE_COLLAPSE_APPLIED_BEFORE_PHASE14,NOUN,A1_CORE_NORMATIVE,PCIC_BASE_A1,PCIC_BASE_A1/7C,PCIC_BASE_A1,,,,TRUE_COGNATE,taxi,VERY_HIGH,HIGH_PROVISIONAL,FULL,NONE,NO,NOT_YET_SENSE_NORMALIZED,INCLUDED,LEGAL_REVIEW_REQUIRED_NOT_CERTIFIED_FOR_REDISTRIBUTION,1,0,0,0,,1.20
7G-ATOM-0534,ATOMIC_SURFACE_FORM,taxista,taxista,taxista,PROVISIONAL_IDENTITY_ANCHOR,NO_SAFE_COLLAPSE_APPLIED_BEFORE_PHASE14,NOUN,A1_CORE_NORMATIVE,PCIC_BASE_A1,PCIC_BASE_A1/7C,PCIC_BASE_A1,,,,PEDAGOGICAL_COGNATE_PARTIAL,taxi,LOW,LOW_PROVISIONAL,PARTIAL,LOW,NO,NOT_YET_SENSE_NORMALIZED,INCLUDED,LEGAL_REVIEW_REQUIRED_NOT_CERTIFIED_FOR_REDISTRIBUTION,1,0,0,0,,1.20
7G-ATOM-0535,ATOMIC_SURFACE_FORM,teatro,teatro,teatro,PROVISIONAL_IDENTITY_ANCHOR,NO_SAFE_COLLAPSE_APPLIED_BEFORE_PHASE14,NOUN,A1_CORE_NORMATIVE,PCIC_BASE_A1,PCIC_BASE_A1/7C,PCIC_BASE_A1,,,,TRUE_COGNATE,theater,LOW,LOW_PROVISIONAL,FULL,NONE,NO,NOT_YET_SENSE_NORMALIZED,INCLUDED,LEGAL_REVIEW_REQUIRED_NOT_CERTIFIED_FOR_REDISTRIBUTION,1,0,0,0,,1.20
7G-ATOM-0536,ATOMIC_SURFACE_FORM,televisión,televisión,televisión,PROVISIONAL_IDENTITY_ANCHOR,NO_SAFE_COLLAPSE_APPLIED_BEFORE_PHASE14,NOUN,A1_CORE_NORMATIVE,PCIC_BASE_A1,PCIC_BASE_A1/7C,PCIC_BASE_A1,,,,TRUE_COGNATE,television,VERY_HIGH,HIGH_PROVISIONAL,FULL,NONE,NO,NOT_YET_SENSE_NORMALIZED,INCLUDED,LEGAL_REVIEW_REQUIRED_NOT_CERTIFIED_FOR_REDISTRIBUTION,1,0,0,0,,1.20
7G-ATOM-0537,ATOMIC_SURFACE_FORM,teléfono,teléfono,teléfono,PROVISIONAL_IDENTITY_ANCHOR,NO_SAFE_COLLAPSE_APPLIED_BEFORE_PHASE14,NOUN,A1_CORE_NORMATIVE,PCIC_BASE_A1,PCIC_BASE_A1/7C,PCIC_BASE_A1,,,,TRUE_COGNATE,telephone,MEDIUM,LOW_PROVISIONAL,FULL,NONE,NO,NOT_YET_SENSE_NORMALIZED,INCLUDED,LEGAL_REVIEW_REQUIRED_NOT_CERTIFIED_FOR_REDISTRIBUTION,1,0,0,0,,1.20
7G-ATOM-0538,ATOMIC_SURFACE_FORM,temprano,temprano,temprano,PROVISIONAL_IDENTITY_ANCHOR,NO_SAFE_COLLAPSE_APPLIED_BEFORE_PHASE14,ADV_QUANT,A1_CORE_NORMATIVE,PCIC_BASE_A1,PCIC_BASE_A1/7C,PCIC_BASE_A1,,,,NO_OBVIOUS_PEDAGOGICAL_COGNATE_FIRST_PASS,,NOT_ASSESSED,NOT_ASSESSED,NOT_ASSESSED,NONE_IDENTIFIED,NO,NOT_YET_SENSE_NORMALIZED,INCLUDED,LEGAL_REVIEW_REQUIRED_NOT_CERTIFIED_FOR_REDISTRIBUTION,1,0,0,0,,1.20
7G-ATOM-0539,ATOMIC_SURFACE_FORM,tener,tener,tener,LEMMA_EXPLICIT_VERB,PHASE6_VERB_LEMMA_INVENTORY,VERB,A1_CORE_NORMATIVE,PCIC_BASE_A1,PCIC_BASE_A1/7C,PCIC_BASE_A1,,,,NO_OBVIOUS_PEDAGOGICAL_COGNATE_FIRST_PASS,,NOT_ASSESSED,NOT_ASSESSED,NOT_ASSESSED,NONE_IDENTIFIED,NO,NOT_YET_SENSE_NORMALIZED,INCLUDED,LEGAL_REVIEW_REQUIRED_NOT_CERTIFIED_FOR_REDISTRIBUTION,1,0,0,0,,1.20
7G-ATOM-0540,ATOMIC_SURFACE_FORM,tenis,tenis,tenis,PROVISIONAL_IDENTITY_ANCHOR,NO_SAFE_COLLAPSE_APPLIED_BEFORE_PHASE14,NOUN,A1_CORE_NORMATIVE,PCIC_BASE_A1,PCIC_BASE_A1/7C,PCIC_BASE_A1,,,,TRUE_COGNATE,tennis,HIGH,MEDIUM_PROVISIONAL,FULL,NONE,NO,NOT_YET_SENSE_NORMALIZED,INCLUDED,LEGAL_REVIEW_REQUIRED_NOT_CERTIFIED_FOR_REDISTRIBUTION,1,0,0,0,,1.20
7G-ATOM-0541,ATOMIC_SURFACE_FORM,tercera,tercera,tercero,COLLAPSED_TO_EXISTING_CANONICAL_ANCHOR,EXPLICIT_6D_ORDINAL_LEMMA_SERIES,ORDINAL,A1_CORE_NORMATIVE,PCIC_BASE_A1,PCIC_BASE_A1/7C,PCIC_BASE_A1,,,,NO_OBVIOUS_PEDAGOGICAL_COGNATE_FIRST_PASS,,NOT_ASSESSED,NOT_ASSESSED,NOT_ASSESSED,NONE_IDENTIFIED,NO,NOT_YET_SENSE_NORMALIZED,INCLUDED,LEGAL_REVIEW_REQUIRED_NOT_CERTIFIED_FOR_REDISTRIBUTION,1,0,0,0,,1.20
7G-ATOM-0542,ATOMIC_SURFACE_FORM,tercero,tercero,tercero,PROVISIONAL_IDENTITY_ANCHOR,NO_SAFE_COLLAPSE_APPLIED_BEFORE_PHASE14,ORDINAL,A1_CORE_NORMATIVE,PCIC_BASE_A1,PCIC_BASE_A1/7C,PCIC_BASE_A1,,,,NO_OBVIOUS_PEDAGOGICAL_COGNATE_FIRST_PASS,,NOT_ASSESSED,NOT_ASSESSED,NOT_ASSESSED,NONE_IDENTIFIED,NO,NOT_YET_SENSE_NORMALIZED,INCLUDED,LEGAL_REVIEW_REQUIRED_NOT_CERTIFIED_FOR_REDISTRIBUTION,1,0,0,0,,1.20
7G-ATOM-0543,ATOMIC_SURFACE_FORM,terminar,terminar,terminar,LEMMA_EXPLICIT_VERB,PHASE6_VERB_LEMMA_INVENTORY,VERB,A1_CORE_NORMATIVE,PCIC_BASE_A1,PCIC_BASE_A1/7C,PCIC_BASE_A1,,,,PEDAGOGICAL_COGNATE_PARTIAL,terminate,HIGH,MEDIUM_PROVISIONAL,PARTIAL,MEDIUM,NO,NOT_YET_SENSE_NORMALIZED,INCLUDED,LEGAL_REVIEW_REQUIRED_NOT_CERTIFIED_FOR_REDISTRIBUTION,1,0,0,0,,1.20
7G-ATOM-0544,ATOMIC_SURFACE_FORM,terraza,terraza,terraza,PROVISIONAL_IDENTITY_ANCHOR,NO_SAFE_COLLAPSE_APPLIED_BEFORE_PHASE14,NOUN,A1_CORE_NORMATIVE,PCIC_BASE_A1,PCIC_BASE_A1/7C,PCIC_BASE_A1,,,,TRUE_COGNATE,terrace,MEDIUM,MEDIUM_PROVISIONAL,FULL,NONE,NO,NOT_YET_SENSE_NORMALIZED,INCLUDED,LEGAL_REVIEW_REQUIRED_NOT_CERTIFIED_FOR_REDISTRIBUTION,1,0,0,0,,1.20
7G-ATOM-0545,ATOMIC_SURFACE_FORM,tiempo,tiempo,tiempo,PROVISIONAL_IDENTITY_ANCHOR,NO_SAFE_COLLAPSE_APPLIED_BEFORE_PHASE14,NOUN,A1_CORE_NORMATIVE,PCIC_BASE_A1,PCIC_BASE_A1/7C,PCIC_BASE_A1,,,,FALSE_FRIEND_OR_DECEPTIVE_OVERLAP,tempo,HIGH,FORM_SIMILARITY_ONLY,DIVERGENT,MEDIUM,NO,NOT_YET_SENSE_NORMALIZED,INCLUDED,LEGAL_REVIEW_REQUIRED_NOT_CERTIFIED_FOR_REDISTRIBUTION,1,0,0,0,,1.20
7G-ATOM-0546,ATOMIC_SURFACE_FORM,tienda,tienda,tienda,PROVISIONAL_IDENTITY_ANCHOR,NO_SAFE_COLLAPSE_APPLIED_BEFORE_PHASE14,NOUN,A1_CORE_NORMATIVE,PCIC_BASE_A1,PCIC_BASE_A1/7C,PCIC_BASE_A1,,,,NO_OBVIOUS_PEDAGOGICAL_COGNATE_FIRST_PASS,,NOT_ASSESSED,NOT_ASSESSED,NOT_ASSESSED,NONE_IDENTIFIED,NO,NOT_YET_SENSE_NORMALIZED,INCLUDED,LEGAL_REVIEW_REQUIRED_NOT_CERTIFIED_FOR_REDISTRIBUTION,1,0,0,0,,1.20
7G-ATOM-0547,ATOMIC_SURFACE_FORM,tortilla,tortilla,tortilla,PROVISIONAL_IDENTITY_ANCHOR,NO_SAFE_COLLAPSE_APPLIED_BEFORE_PHASE14,NOUN,A1_CORE_NORMATIVE,PCIC_BASE_A1,PCIC_BASE_A1/7C,PCIC_BASE_A1,,,,SENSE_DEPENDENT_COGNATE,tortilla,VERY_HIGH,HIGH_PROVISIONAL,PARTIAL,MEDIUM,NO,NOT_YET_SENSE_NORMALIZED,INCLUDED,LEGAL_REVIEW_REQUIRED_NOT_CERTIFIED_FOR_REDISTRIBUTION,1,0,0,0,,1.20
7G-ATOM-0548,ATOMIC_SURFACE_FORM,trabajador,trabajador,trabajador,PROVISIONAL_IDENTITY_ANCHOR,NO_SAFE_COLLAPSE_APPLIED_BEFORE_PHASE14,ADJ,A1_CORE_NORMATIVE,PCIC_BASE_A1,PCIC_BASE_A1/7C,PCIC_BASE_A1,,,,NO_OBVIOUS_PEDAGOGICAL_COGNATE_FIRST_PASS,,NOT_ASSESSED,NOT_ASSESSED,NOT_ASSESSED,NONE_IDENTIFIED,NO,NOT_YET_SENSE_NORMALIZED,INCLUDED,LEGAL_REVIEW_REQUIRED_NOT_CERTIFIED_FOR_REDISTRIBUTION,1,0,0,0,,1.20
7G-ATOM-0549,ATOMIC_SURFACE_FORM,trabajar,trabajar,trabajar,LEMMA_EXPLICIT_VERB,PHASE6_VERB_LEMMA_INVENTORY,VERB,A1_CORE_NORMATIVE,PCIC_BASE_A1,PCIC_BASE_A1/7C,PCIC_BASE_A1,,,,NO_OBVIOUS_PEDAGOGICAL_COGNATE_FIRST_PASS,,NOT_ASSESSED,NOT_ASSESSED,NOT_ASSESSED,NONE_IDENTIFIED,NO,NOT_YET_SENSE_NORMALIZED,INCLUDED,LEGAL_REVIEW_REQUIRED_NOT_CERTIFIED_FOR_REDISTRIBUTION,1,0,0,0,,1.20
7G-ATOM-0550,ATOMIC_SURFACE_FORM,trabajo,trabajo,trabajo,PROVISIONAL_IDENTITY_ANCHOR,NO_SAFE_COLLAPSE_APPLIED_BEFORE_PHASE14,NOUN,A1_CORE_NORMATIVE,PCIC_BASE_A1,PCIC_BASE_A1/7C,PCIC_BASE_A1,,,,NO_OBVIOUS_PEDAGOGICAL_COGNATE_FIRST_PASS,,NOT_ASSESSED,NOT_ASSESSED,NOT_ASSESSED,NONE_IDENTIFIED,NO,NOT_YET_SENSE_NORMALIZED,INCLUDED,LEGAL_REVIEW_REQUIRED_NOT_CERTIFIED_FOR_REDISTRIBUTION,1,0,0,0,,1.20
7G-ATOM-0551,ATOMIC_SURFACE_FORM,tren,tren,tren,PROVISIONAL_IDENTITY_ANCHOR,NO_SAFE_COLLAPSE_APPLIED_BEFORE_PHASE14,NOUN,A1_CORE_NORMATIVE,PCIC_BASE_A1,PCIC_BASE_A1/7C,PCIC_BASE_A1,,,,TRUE_COGNATE,train,MEDIUM,LOW_PROVISIONAL,FULL,NONE,NO,NOT_YET_SENSE_NORMALIZED,INCLUDED,LEGAL_REVIEW_REQUIRED_NOT_CERTIFIED_FOR_REDISTRIBUTION,1,0,0,0,,1.20
7G-ATOM-0552,ATOMIC_SURFACE_FORM,tu,tu,tu,PROVISIONAL_IDENTITY_ANCHOR,NO_SAFE_COLLAPSE_APPLIED_BEFORE_PHASE14,POSSESSIVE_DET,A1_CORE_NORMATIVE,PCIC_BASE_A1,PCIC_BASE_A1/7C,PCIC_BASE_A1,,,,NO_OBVIOUS_PEDAGOGICAL_COGNATE_FIRST_PASS,,NOT_ASSESSED,NOT_ASSESSED,NOT_ASSESSED,NONE_IDENTIFIED,NO,NOT_YET_SENSE_NORMALIZED,INCLUDED,LEGAL_REVIEW_REQUIRED_NOT_CERTIFIED_FOR_REDISTRIBUTION,1,0,0,0,,1.20
7G-ATOM-0553,ATOMIC_SURFACE_FORM,turismo,turismo,turismo,PROVISIONAL_IDENTITY_ANCHOR,NO_SAFE_COLLAPSE_APPLIED_BEFORE_PHASE14,NOUN,A1_CORE_NORMATIVE,PCIC_BASE_A1,PCIC_BASE_A1/7C,PCIC_BASE_A1,,,,TRUE_COGNATE,tourism,MEDIUM,MEDIUM_PROVISIONAL,FULL,NONE,NO,NOT_YET_SENSE_NORMALIZED,INCLUDED,LEGAL_REVIEW_REQUIRED_NOT_CERTIFIED_FOR_REDISTRIBUTION,1,0,0,0,,1.20
7G-ATOM-0554,ATOMIC_SURFACE_FORM,turista,turista,turista,PROVISIONAL_IDENTITY_ANCHOR,NO_SAFE_COLLAPSE_APPLIED_BEFORE_PHASE14,NOUN,A1_CORE_NORMATIVE,PCIC_BASE_A1,PCIC_BASE_A1/7C,PCIC_BASE_A1,,,,TRUE_COGNATE,tourist,MEDIUM,MEDIUM_PROVISIONAL,FULL,NONE,NO,NOT_YET_SENSE_NORMALIZED,INCLUDED,LEGAL_REVIEW_REQUIRED_NOT_CERTIFIED_FOR_REDISTRIBUTION,1,0,0,0,,1.20
7G-ATOM-0555,ATOMIC_SURFACE_FORM,tus,tus,tus,PROVISIONAL_IDENTITY_ANCHOR,NO_SAFE_COLLAPSE_APPLIED_BEFORE_PHASE14,POSSESSIVE_DET,A1_CORE_NORMATIVE,PCIC_BASE_A1,PCIC_BASE_A1/7C,PCIC_BASE_A1,,,,NO_OBVIOUS_PEDAGOGICAL_COGNATE_FIRST_PASS,,NOT_ASSESSED,NOT_ASSESSED,NOT_ASSESSED,NONE_IDENTIFIED,NO,NOT_YET_SENSE_NORMALIZED,INCLUDED,LEGAL_REVIEW_REQUIRED_NOT_CERTIFIED_FOR_REDISTRIBUTION,1,0,0,0,,1.20
7G-ATOM-0556,ATOMIC_SURFACE_FORM,té,té,té,PROVISIONAL_IDENTITY_ANCHOR,NO_SAFE_COLLAPSE_APPLIED_BEFORE_PHASE14,NOUN,A1_CORE_NORMATIVE,PCIC_BASE_A1,PCIC_BASE_A1/7C,PCIC_BASE_A1,,,,TRUE_COGNATE,tea,MEDIUM,LOW_PROVISIONAL,FULL,NONE,NO,NOT_YET_SENSE_NORMALIZED,INCLUDED,LEGAL_REVIEW_REQUIRED_NOT_CERTIFIED_FOR_REDISTRIBUTION,1,0,0,0,,1.20
7G-ATOM-0557,ATOMIC_SURFACE_FORM,tímido,tímido,tímido,PROVISIONAL_IDENTITY_ANCHOR,NO_SAFE_COLLAPSE_APPLIED_BEFORE_PHASE14,ADJ,A1_CORE_NORMATIVE,PCIC_BASE_A1,PCIC_BASE_A1/7C,PCIC_BASE_A1,,,,TRUE_COGNATE,timid,HIGH,MEDIUM_PROVISIONAL,FULL,NONE,NO,NOT_YET_SENSE_NORMALIZED,INCLUDED,LEGAL_REVIEW_REQUIRED_NOT_CERTIFIED_FOR_REDISTRIBUTION,1,0,0,0,,1.20
7G-ATOM-0558,ATOMIC_SURFACE_FORM,tío,tío,tío,PROVISIONAL_IDENTITY_ANCHOR,NO_SAFE_COLLAPSE_APPLIED_BEFORE_PHASE14,NOUN,A1_CORE_NORMATIVE,PCIC_BASE_A1,PCIC_BASE_A1/7C,PCIC_BASE_A1,,,,NO_OBVIOUS_PEDAGOGICAL_COGNATE_FIRST_PASS,,NOT_ASSESSED,NOT_ASSESSED,NOT_ASSESSED,NONE_IDENTIFIED,NO,NOT_YET_SENSE_NORMALIZED,INCLUDED,LEGAL_REVIEW_REQUIRED_NOT_CERTIFIED_FOR_REDISTRIBUTION,1,0,0,0,,1.20
7G-ATOM-0559,ATOMIC_SURFACE_FORM,tú,tú,tú,PROVISIONAL_IDENTITY_ANCHOR,NO_SAFE_COLLAPSE_APPLIED_BEFORE_PHASE14,PRONOUN,A1_CORE_NORMATIVE,PCIC_BASE_A1,PCIC_BASE_A1/7C,PCIC_BASE_A1,,,,NO_OBVIOUS_PEDAGOGICAL_COGNATE_FIRST_PASS,,NOT_ASSESSED,NOT_ASSESSED,NOT_ASSESSED,NONE_IDENTIFIED,NO,NOT_YET_SENSE_NORMALIZED,INCLUDED,LEGAL_REVIEW_REQUIRED_NOT_CERTIFIED_FOR_REDISTRIBUTION,1,0,0,0,,1.20
7G-ATOM-0560,ATOMIC_SURFACE_FORM,un,un,un,PROVISIONAL_IDENTITY_ANCHOR,NO_SAFE_COLLAPSE_APPLIED_BEFORE_PHASE14,ARTICLE,A1_CORE_NORMATIVE,PCIC_BASE_A1,PCIC_BASE_A1/7C,PCIC_BASE_A1,,,,NO_OBVIOUS_PEDAGOGICAL_COGNATE_FIRST_PASS,,NOT_ASSESSED,NOT_ASSESSED,NOT_ASSESSED,NONE_IDENTIFIED,NO,NOT_YET_SENSE_NORMALIZED,INCLUDED,LEGAL_REVIEW_REQUIRED_NOT_CERTIFIED_FOR_REDISTRIBUTION,1,0,0,0,,1.20
7G-ATOM-0561,ATOMIC_SURFACE_FORM,una,una,una,PROVISIONAL_IDENTITY_ANCHOR,NO_SAFE_COLLAPSE_APPLIED_BEFORE_PHASE14,ARTICLE,A1_CORE_NORMATIVE,PCIC_BASE_A1,PCIC_BASE_A1/7C,PCIC_BASE_A1,,,,NO_OBVIOUS_PEDAGOGICAL_COGNATE_FIRST_PASS,,NOT_ASSESSED,NOT_ASSESSED,NOT_ASSESSED,NONE_IDENTIFIED,NO,NOT_YET_SENSE_NORMALIZED,INCLUDED,LEGAL_REVIEW_REQUIRED_NOT_CERTIFIED_FOR_REDISTRIBUTION,1,0,0,0,,1.20
7G-ATOM-0562,ATOMIC_SURFACE_FORM,unas,unas,unas,PROVISIONAL_IDENTITY_ANCHOR,NO_SAFE_COLLAPSE_APPLIED_BEFORE_PHASE14,ARTICLE,A1_CORE_NORMATIVE,PCIC_BASE_A1,PCIC_BASE_A1/7C,PCIC_BASE_A1,,,,NO_OBVIOUS_PEDAGOGICAL_COGNATE_FIRST_PASS,,NOT_ASSESSED,NOT_ASSESSED,NOT_ASSESSED,NONE_IDENTIFIED,NO,NOT_YET_SENSE_NORMALIZED,INCLUDED,LEGAL_REVIEW_REQUIRED_NOT_CERTIFIED_FOR_REDISTRIBUTION,1,0,0,0,,1.20
7G-ATOM-0563,ATOMIC_SURFACE_FORM,unidad,unidad,unidad,PROVISIONAL_IDENTITY_ANCHOR,NO_SAFE_COLLAPSE_APPLIED_BEFORE_PHASE14,NOUN,A1_CORE_NORMATIVE,PCIC_BASE_A1,PCIC_BASE_A1/7C,PCIC_BASE_A1,,,,TRUE_COGNATE,unit,LOW,LOW_PROVISIONAL,FULL,NONE,NO,NOT_YET_SENSE_NORMALIZED,INCLUDED,LEGAL_REVIEW_REQUIRED_NOT_CERTIFIED_FOR_REDISTRIBUTION,1,0,0,0,,1.20
7G-ATOM-0564,ATOMIC_SURFACE_FORM,universidad,universidad,universidad,PROVISIONAL_IDENTITY_ANCHOR,NO_SAFE_COLLAPSE_APPLIED_BEFORE_PHASE14,NOUN,A1_CORE_NORMATIVE,PCIC_BASE_A1,PCIC_BASE_A1/7C,PCIC_BASE_A1,,,,TRUE_COGNATE,university,MEDIUM,MEDIUM_PROVISIONAL,FULL,NONE,NO,NOT_YET_SENSE_NORMALIZED,INCLUDED,LEGAL_REVIEW_REQUIRED_NOT_CERTIFIED_FOR_REDISTRIBUTION,1,0,0,0,,1.20
7G-ATOM-0565,ATOMIC_SURFACE_FORM,unos,unos,unos,PROVISIONAL_IDENTITY_ANCHOR,NO_SAFE_COLLAPSE_APPLIED_BEFORE_PHASE14,ARTICLE,A1_CORE_NORMATIVE,PCIC_BASE_A1,PCIC_BASE_A1/7C,PCIC_BASE_A1,,,,NO_OBVIOUS_PEDAGOGICAL_COGNATE_FIRST_PASS,,NOT_ASSESSED,NOT_ASSESSED,NOT_ASSESSED,NONE_IDENTIFIED,NO,NOT_YET_SENSE_NORMALIZED,INCLUDED,LEGAL_REVIEW_REQUIRED_NOT_CERTIFIED_FOR_REDISTRIBUTION,1,0,0,0,,1.20
7G-ATOM-0566,ATOMIC_SURFACE_FORM,usted,usted,usted,PROVISIONAL_IDENTITY_ANCHOR,NO_SAFE_COLLAPSE_APPLIED_BEFORE_PHASE14,PRONOUN,A1_CORE_NORMATIVE,PCIC_BASE_A1,PCIC_BASE_A1/7C,PCIC_BASE_A1,,,,NO_OBVIOUS_PEDAGOGICAL_COGNATE_FIRST_PASS,,NOT_ASSESSED,NOT_ASSESSED,NOT_ASSESSED,NONE_IDENTIFIED,NO,NOT_YET_SENSE_NORMALIZED,INCLUDED,LEGAL_REVIEW_REQUIRED_NOT_CERTIFIED_FOR_REDISTRIBUTION,1,0,0,0,,1.20
7G-ATOM-0567,ATOMIC_SURFACE_FORM,ustedes,ustedes,ustedes,PROVISIONAL_IDENTITY_ANCHOR,NO_SAFE_COLLAPSE_APPLIED_BEFORE_PHASE14,PRONOUN,A1_CORE_NORMATIVE,PCIC_BASE_A1,PCIC_BASE_A1/7C,PCIC_BASE_A1,A1_REGIONAL_RECEPTIVE,Hispanoamérica + southern Spain + Canary Islands,TARGET_PROFILE_ONLY,NO_OBVIOUS_PEDAGOGICAL_COGNATE_FIRST_PASS,,NOT_ASSESSED,NOT_ASSESSED,NOT_ASSESSED,NONE_IDENTIFIED,NO,NOT_YET_SENSE_NORMALIZED,INCLUDED,LEGAL_REVIEW_REQUIRED_NOT_CERTIFIED_FOR_REDISTRIBUTION,1,0,0,0,,1.20
7G-ATOM-0568,ATOMIC_SURFACE_FORM,vacaciones,vacaciones,vacaciones,PROVISIONAL_IDENTITY_ANCHOR,NO_SAFE_COLLAPSE_APPLIED_BEFORE_PHASE14,NOUN,A1_CORE_NORMATIVE,PCIC_BASE_A1,PCIC_BASE_A1/7C,PCIC_BASE_A1,,,,TRUE_COGNATE,vacation,MEDIUM,MEDIUM_PROVISIONAL,FULL,NONE,NO,NOT_YET_SENSE_NORMALIZED,INCLUDED,LEGAL_REVIEW_REQUIRED_NOT_CERTIFIED_FOR_REDISTRIBUTION,1,0,0,0,,1.20
7G-ATOM-0569,ATOMIC_SURFACE_FORM,vaquero,vaquero,vaquero,PROVISIONAL_IDENTITY_ANCHOR,NO_SAFE_COLLAPSE_APPLIED_BEFORE_PHASE14,NOUN,A1_CORE_NORMATIVE,PCIC_BASE_A1,PCIC_BASE_A1/7C,PCIC_BASE_A1,,,,FALSE_FRIEND_OR_DECEPTIVE_OVERLAP,vaquero,VERY_HIGH,FORM_SIMILARITY_ONLY,DIVERGENT,HIGH,NO,NOT_YET_SENSE_NORMALIZED,INCLUDED,LEGAL_REVIEW_REQUIRED_NOT_CERTIFIED_FOR_REDISTRIBUTION,1,0,0,0,,1.20
7G-ATOM-0570,ATOMIC_SURFACE_FORM,vaqueros,vaqueros,vaquero,COLLAPSED_TO_EXISTING_CANONICAL_ANCHOR,EXPLICIT_MORPHOLOGICAL_OR_ORTHOGRAPHIC_COLLAPSE_FROM_PRIOR_PHASES,NOUN,A1_CORE_NORMATIVE,7B_SURFACE_CORRECTION,PCIC_BASE_A1/7C,7B_SURFACE_CORRECTION,,,,NO_OBVIOUS_PEDAGOGICAL_COGNATE_FIRST_PASS,,NOT_ASSESSED,NOT_ASSESSED,NOT_ASSESSED,NONE_IDENTIFIED,NO,NOT_YET_SENSE_NORMALIZED,INCLUDED,LEGAL_REVIEW_REQUIRED_NOT_CERTIFIED_FOR_REDISTRIBUTION,1,0,0,0,,1.20
7G-ATOM-0571,ATOMIC_SURFACE_FORM,vendedor,vendedor,vendedor,PROVISIONAL_IDENTITY_ANCHOR,NO_SAFE_COLLAPSE_APPLIED_BEFORE_PHASE14,NOUN,A1_CORE_NORMATIVE,PCIC_BASE_A1,PCIC_BASE_A1/7C,PCIC_BASE_A1,,,,PEDAGOGICAL_COGNATE_PARTIAL,vendor,HIGH,MEDIUM_PROVISIONAL,PARTIAL,LOW,NO,NOT_YET_SENSE_NORMALIZED,INCLUDED,LEGAL_REVIEW_REQUIRED_NOT_CERTIFIED_FOR_REDISTRIBUTION,1,0,0,0,,1.20
7G-ATOM-0572,ATOMIC_SURFACE_FORM,vender,vender,vender,LEMMA_EXPLICIT_VERB,PHASE6_VERB_LEMMA_INVENTORY,VERB,A1_CORE_NORMATIVE,PCIC_BASE_A1,PCIC_BASE_A1/7C,PCIC_BASE_A1,,,,PEDAGOGICAL_COGNATE_PARTIAL,vend,MEDIUM,LOW_PROVISIONAL,FULL,LOW,NO,NOT_YET_SENSE_NORMALIZED,INCLUDED,LEGAL_REVIEW_REQUIRED_NOT_CERTIFIED_FOR_REDISTRIBUTION,1,0,0,0,,1.20
7G-ATOM-0573,ATOMIC_SURFACE_FORM,venir,venir,venir,LEMMA_EXPLICIT_VERB,PHASE6_VERB_LEMMA_INVENTORY,VERB,A1_CORE_NORMATIVE,PCIC_BASE_A1,PCIC_BASE_A1/7C,PCIC_BASE_A1,,,,NO_OBVIOUS_PEDAGOGICAL_COGNATE_FIRST_PASS,,NOT_ASSESSED,NOT_ASSESSED,NOT_ASSESSED,NONE_IDENTIFIED,NO,NOT_YET_SENSE_NORMALIZED,INCLUDED,LEGAL_REVIEW_REQUIRED_NOT_CERTIFIED_FOR_REDISTRIBUTION,1,0,0,0,,1.20
7G-ATOM-0574,ATOMIC_SURFACE_FORM,ventana,ventana,ventana,PROVISIONAL_IDENTITY_ANCHOR,NO_SAFE_COLLAPSE_APPLIED_BEFORE_PHASE14,NOUN,A1_CORE_NORMATIVE,PCIC_BASE_A1,PCIC_BASE_A1/7C,PCIC_BASE_A1,,,,NO_OBVIOUS_PEDAGOGICAL_COGNATE_FIRST_PASS,,NOT_ASSESSED,NOT_ASSESSED,NOT_ASSESSED,NONE_IDENTIFIED,NO,NOT_YET_SENSE_NORMALIZED,INCLUDED,LEGAL_REVIEW_REQUIRED_NOT_CERTIFIED_FOR_REDISTRIBUTION,1,0,0,0,,1.20
7G-ATOM-0575,ATOMIC_SURFACE_FORM,ver,ver,ver,LEMMA_EXPLICIT_VERB,PHASE6_VERB_LEMMA_INVENTORY,VERB,A1_CORE_NORMATIVE,PCIC_BASE_A1,PCIC_BASE_A1/7C,PCIC_BASE_A1,,,,NO_OBVIOUS_PEDAGOGICAL_COGNATE_FIRST_PASS,,NOT_ASSESSED,NOT_ASSESSED,NOT_ASSESSED,NONE_IDENTIFIED,NO,NOT_YET_SENSE_NORMALIZED,INCLUDED,LEGAL_REVIEW_REQUIRED_NOT_CERTIFIED_FOR_REDISTRIBUTION,1,0,0,0,,1.20
7G-ATOM-0576,ATOMIC_SURFACE_FORM,verano,verano,verano,PROVISIONAL_IDENTITY_ANCHOR,NO_SAFE_COLLAPSE_APPLIED_BEFORE_PHASE14,NOUN,A1_CORE_NORMATIVE,PCIC_BASE_A1,PCIC_BASE_A1/7C,PCIC_BASE_A1,,,,NO_OBVIOUS_PEDAGOGICAL_COGNATE_FIRST_PASS,,NOT_ASSESSED,NOT_ASSESSED,NOT_ASSESSED,NONE_IDENTIFIED,NO,NOT_YET_SENSE_NORMALIZED,INCLUDED,LEGAL_REVIEW_REQUIRED_NOT_CERTIFIED_FOR_REDISTRIBUTION,1,0,0,0,,1.20
7G-ATOM-0577,ATOMIC_SURFACE_FORM,verde,verde,verde,PROVISIONAL_IDENTITY_ANCHOR,NO_SAFE_COLLAPSE_APPLIED_BEFORE_PHASE14,ADJ,A1_CORE_NORMATIVE,PCIC_BASE_A1,PCIC_BASE_A1/7C,PCIC_BASE_A1,,,,NO_OBVIOUS_PEDAGOGICAL_COGNATE_FIRST_PASS,,NOT_ASSESSED,NOT_ASSESSED,NOT_ASSESSED,NONE_IDENTIFIED,NO,NOT_YET_SENSE_NORMALIZED,INCLUDED,LEGAL_REVIEW_REQUIRED_NOT_CERTIFIED_FOR_REDISTRIBUTION,1,0,0,0,,1.20
7G-ATOM-0578,ATOMIC_SURFACE_FORM,verdura,verdura,verdura,PROVISIONAL_IDENTITY_ANCHOR,NO_SAFE_COLLAPSE_APPLIED_BEFORE_PHASE14,NOUN,A1_CORE_NORMATIVE,PCIC_BASE_A1,PCIC_BASE_A1/7C,PCIC_BASE_A1,,,,PEDAGOGICAL_COGNATE_PARTIAL,verdure,HIGH,MEDIUM_PROVISIONAL,PARTIAL,LOW,NO,NOT_YET_SENSE_NORMALIZED,INCLUDED,LEGAL_REVIEW_REQUIRED_NOT_CERTIFIED_FOR_REDISTRIBUTION,1,0,0,0,,1.20
7G-ATOM-0579,ATOMIC_SURFACE_FORM,viajar,viajar,viajar,LEMMA_EXPLICIT_VERB,PHASE6_VERB_LEMMA_INVENTORY,VERB,A1_CORE_NORMATIVE,PCIC_BASE_A1,PCIC_BASE_A1/7C,PCIC_BASE_A1,,,,NO_OBVIOUS_PEDAGOGICAL_COGNATE_FIRST_PASS,,NOT_ASSESSED,NOT_ASSESSED,NOT_ASSESSED,NONE_IDENTIFIED,NO,NOT_YET_SENSE_NORMALIZED,INCLUDED,LEGAL_REVIEW_REQUIRED_NOT_CERTIFIED_FOR_REDISTRIBUTION,1,0,0,0,,1.20
7G-ATOM-0580,ATOMIC_SURFACE_FORM,video,video,vídeo,COLLAPSED_TO_EXISTING_CANONICAL_ANCHOR,EXPLICIT_7C_SAME_LEXEME_ORTHOGRAPHIC_PROSODIC_VARIANT,NOUN,A1_REGIONAL_RECEPTIVE,7C_REGIONAL_VARIATION,7C_MIXED_SOURCES,7C_REGIONAL_VARIATION,A1_REGIONAL_RECEPTIVE,Americas,TARGET_PROFILE_ONLY,TRUE_COGNATE,video,VERY_HIGH,HIGH_PROVISIONAL,FULL,NONE,NO,NOT_YET_SENSE_NORMALIZED,INCLUDED,LEGAL_REVIEW_REQUIRED_NOT_CERTIFIED_FOR_REDISTRIBUTION,1,0,0,0,,1.20
7G-ATOM-0581,ATOMIC_SURFACE_FORM,viejo,viejo,viejo,PROVISIONAL_IDENTITY_ANCHOR,NO_SAFE_COLLAPSE_APPLIED_BEFORE_PHASE14,ADJ|ADJ_NOUN,A1_CORE_NORMATIVE,PCIC_BASE_A1,PCIC_BASE_A1/7C,PCIC_BASE_A1,,,,NO_OBVIOUS_PEDAGOGICAL_COGNATE_FIRST_PASS,,NOT_ASSESSED,NOT_ASSESSED,NOT_ASSESSED,NONE_IDENTIFIED,YES,SPLIT_REQUIRED_OR_DOCUMENTED,INCLUDED,LEGAL_REVIEW_REQUIRED_NOT_CERTIFIED_FOR_REDISTRIBUTION,1,0,0,0,Explicitly documented as requiring multiple POS/sense/source assertions or later split.,1.20
7G-ATOM-0582,ATOMIC_SURFACE_FORM,viento,viento,viento,PROVISIONAL_IDENTITY_ANCHOR,NO_SAFE_COLLAPSE_APPLIED_BEFORE_PHASE14,NOUN,A1_CORE_NORMATIVE,PCIC_BASE_A1,PCIC_BASE_A1/7C,PCIC_BASE_A1,,,,NO_OBVIOUS_PEDAGOGICAL_COGNATE_FIRST_PASS,,NOT_ASSESSED,NOT_ASSESSED,NOT_ASSESSED,NONE_IDENTIFIED,NO,NOT_YET_SENSE_NORMALIZED,INCLUDED,LEGAL_REVIEW_REQUIRED_NOT_CERTIFIED_FOR_REDISTRIBUTION,1,0,0,0,,1.20
7G-ATOM-0583,ATOMIC_SURFACE_FORM,vino,vino,vino,PROVISIONAL_IDENTITY_ANCHOR,NO_SAFE_COLLAPSE_APPLIED_BEFORE_PHASE14,NOUN,A1_CORE_NORMATIVE,PCIC_BASE_A1,PCIC_BASE_A1/7C,PCIC_BASE_A1,,,,PEDAGOGICAL_COGNATE_PARTIAL,wine,LOW,LOW_PROVISIONAL,PARTIAL,LOW,NO,NOT_YET_SENSE_NORMALIZED,INCLUDED,LEGAL_REVIEW_REQUIRED_NOT_CERTIFIED_FOR_REDISTRIBUTION,1,0,0,0,,1.20
7G-ATOM-0584,ATOMIC_SURFACE_FORM,viudo,viudo,viudo,PROVISIONAL_IDENTITY_ANCHOR,NO_SAFE_COLLAPSE_APPLIED_BEFORE_PHASE14,ADJ,A1_CORE_NORMATIVE,PCIC_BASE_A1,PCIC_BASE_A1/7C,PCIC_BASE_A1,,,,PEDAGOGICAL_COGNATE_PARTIAL,widow,LOW,LOW_PROVISIONAL,PARTIAL,LOW,NO,NOT_YET_SENSE_NORMALIZED,INCLUDED,LEGAL_REVIEW_REQUIRED_NOT_CERTIFIED_FOR_REDISTRIBUTION,1,0,0,0,,1.20
7G-ATOM-0585,ATOMIC_SURFACE_FORM,vivir,vivir,vivir,LEMMA_EXPLICIT_VERB,PHASE6_VERB_LEMMA_INVENTORY,VERB,A1_CORE_NORMATIVE,PCIC_BASE_A1,PCIC_BASE_A1/7C,PCIC_BASE_A1,,,,NO_OBVIOUS_PEDAGOGICAL_COGNATE_FIRST_PASS,,NOT_ASSESSED,NOT_ASSESSED,NOT_ASSESSED,NONE_IDENTIFIED,NO,NOT_YET_SENSE_NORMALIZED,INCLUDED,LEGAL_REVIEW_REQUIRED_NOT_CERTIFIED_FOR_REDISTRIBUTION,1,0,0,0,,1.20
7G-ATOM-0586,ATOMIC_SURFACE_FORM,volver,volver,volver,LEMMA_EXPLICIT_VERB,PHASE6_VERB_LEMMA_INVENTORY,VERB,A1_CORE_NORMATIVE,PCIC_BASE_A1,PCIC_BASE_A1/7C,PCIC_BASE_A1,,,,NO_OBVIOUS_PEDAGOGICAL_COGNATE_FIRST_PASS,,NOT_ASSESSED,NOT_ASSESSED,NOT_ASSESSED,NONE_IDENTIFIED,NO,NOT_YET_SENSE_NORMALIZED,INCLUDED,LEGAL_REVIEW_REQUIRED_NOT_CERTIFIED_FOR_REDISTRIBUTION,1,0,0,0,,1.20
7G-ATOM-0587,ATOMIC_SURFACE_FORM,vos,vos,vos,PROVISIONAL_IDENTITY_ANCHOR,NO_SAFE_COLLAPSE_APPLIED_BEFORE_PHASE14,PRONOUN,A1_CORE_NORMATIVE,PCIC_BASE_A1,PCIC_BASE_A1/7C,PCIC_BASE_A1,A1_REGIONAL_RECEPTIVE,Voseo zones of Hispanoamérica,TARGET_PROFILE_ONLY,NO_OBVIOUS_PEDAGOGICAL_COGNATE_FIRST_PASS,,NOT_ASSESSED,NOT_ASSESSED,NOT_ASSESSED,NONE_IDENTIFIED,NO,NOT_YET_SENSE_NORMALIZED,INCLUDED,LEGAL_REVIEW_REQUIRED_NOT_CERTIFIED_FOR_REDISTRIBUTION,1,0,0,0,,1.20
7G-ATOM-0588,ATOMIC_SURFACE_FORM,vosotras,vosotras,vosotras,PROVISIONAL_IDENTITY_ANCHOR,NO_SAFE_COLLAPSE_APPLIED_BEFORE_PHASE14,PRONOUN,A1_CORE_NORMATIVE,PCIC_BASE_A1,PCIC_BASE_A1/7C,PCIC_BASE_A1,,,,NO_OBVIOUS_PEDAGOGICAL_COGNATE_FIRST_PASS,,NOT_ASSESSED,NOT_ASSESSED,NOT_ASSESSED,NONE_IDENTIFIED,NO,NOT_YET_SENSE_NORMALIZED,INCLUDED,LEGAL_REVIEW_REQUIRED_NOT_CERTIFIED_FOR_REDISTRIBUTION,1,0,0,0,,1.20
7G-ATOM-0589,ATOMIC_SURFACE_FORM,vosotros,vosotros,vosotros,PROVISIONAL_IDENTITY_ANCHOR,NO_SAFE_COLLAPSE_APPLIED_BEFORE_PHASE14,PRONOUN,A1_CORE_NORMATIVE,PCIC_BASE_A1,PCIC_BASE_A1/7C,PCIC_BASE_A1,,,,NO_OBVIOUS_PEDAGOGICAL_COGNATE_FIRST_PASS,,NOT_ASSESSED,NOT_ASSESSED,NOT_ASSESSED,NONE_IDENTIFIED,NO,NOT_YET_SENSE_NORMALIZED,INCLUDED,LEGAL_REVIEW_REQUIRED_NOT_CERTIFIED_FOR_REDISTRIBUTION,1,0,0,0,,1.20
7G-ATOM-0590,ATOMIC_SURFACE_FORM,vuelta,vuelta,vuelta,PROVISIONAL_IDENTITY_ANCHOR,NO_SAFE_COLLAPSE_APPLIED_BEFORE_PHASE14,NOUN,A1_CORE_NORMATIVE,PCIC_BASE_A1,PCIC_BASE_A1/7C,PCIC_BASE_A1,,,,NO_OBVIOUS_PEDAGOGICAL_COGNATE_FIRST_PASS,,NOT_ASSESSED,NOT_ASSESSED,NOT_ASSESSED,NONE_IDENTIFIED,NO,NOT_YET_SENSE_NORMALIZED,INCLUDED,LEGAL_REVIEW_REQUIRED_NOT_CERTIFIED_FOR_REDISTRIBUTION,1,0,0,0,,1.20
7G-ATOM-0591,ATOMIC_SURFACE_FORM,vuestra,vuestra,vuestra,PROVISIONAL_IDENTITY_ANCHOR,NO_SAFE_COLLAPSE_APPLIED_BEFORE_PHASE14,POSSESSIVE_DET,A1_CORE_NORMATIVE,PCIC_BASE_A1,PCIC_BASE_A1/7C,PCIC_BASE_A1,,,,NO_OBVIOUS_PEDAGOGICAL_COGNATE_FIRST_PASS,,NOT_ASSESSED,NOT_ASSESSED,NOT_ASSESSED,NONE_IDENTIFIED,NO,NOT_YET_SENSE_NORMALIZED,INCLUDED,LEGAL_REVIEW_REQUIRED_NOT_CERTIFIED_FOR_REDISTRIBUTION,1,0,0,0,,1.20
7G-ATOM-0592,ATOMIC_SURFACE_FORM,vuestras,vuestras,vuestras,PROVISIONAL_IDENTITY_ANCHOR,NO_SAFE_COLLAPSE_APPLIED_BEFORE_PHASE14,POSSESSIVE_DET,A1_CORE_NORMATIVE,PCIC_BASE_A1,PCIC_BASE_A1/7C,PCIC_BASE_A1,,,,NO_OBVIOUS_PEDAGOGICAL_COGNATE_FIRST_PASS,,NOT_ASSESSED,NOT_ASSESSED,NOT_ASSESSED,NONE_IDENTIFIED,NO,NOT_YET_SENSE_NORMALIZED,INCLUDED,LEGAL_REVIEW_REQUIRED_NOT_CERTIFIED_FOR_REDISTRIBUTION,1,0,0,0,,1.20
7G-ATOM-0593,ATOMIC_SURFACE_FORM,vuestro,vuestro,vuestro,PROVISIONAL_IDENTITY_ANCHOR,NO_SAFE_COLLAPSE_APPLIED_BEFORE_PHASE14,POSSESSIVE_DET,A1_CORE_NORMATIVE,PCIC_BASE_A1,PCIC_BASE_A1/7C,PCIC_BASE_A1,,,,NO_OBVIOUS_PEDAGOGICAL_COGNATE_FIRST_PASS,,NOT_ASSESSED,NOT_ASSESSED,NOT_ASSESSED,NONE_IDENTIFIED,NO,NOT_YET_SENSE_NORMALIZED,INCLUDED,LEGAL_REVIEW_REQUIRED_NOT_CERTIFIED_FOR_REDISTRIBUTION,1,0,0,0,,1.20
7G-ATOM-0594,ATOMIC_SURFACE_FORM,vuestros,vuestros,vuestros,PROVISIONAL_IDENTITY_ANCHOR,NO_SAFE_COLLAPSE_APPLIED_BEFORE_PHASE14,POSSESSIVE_DET,A1_CORE_NORMATIVE,PCIC_BASE_A1,PCIC_BASE_A1/7C,PCIC_BASE_A1,,,,NO_OBVIOUS_PEDAGOGICAL_COGNATE_FIRST_PASS,,NOT_ASSESSED,NOT_ASSESSED,NOT_ASSESSED,NONE_IDENTIFIED,NO,NOT_YET_SENSE_NORMALIZED,INCLUDED,LEGAL_REVIEW_REQUIRED_NOT_CERTIFIED_FOR_REDISTRIBUTION,1,0,0,0,,1.20
7G-ATOM-0595,ATOMIC_SURFACE_FORM,vídeo,vídeo,vídeo,PROVISIONAL_IDENTITY_ANCHOR,NO_SAFE_COLLAPSE_APPLIED_BEFORE_PHASE14,NOUN,A1_CORE_NORMATIVE,PCIC_BASE_A1,PCIC_BASE_A1/7C,PCIC_BASE_A1,,,,TRUE_COGNATE,video,VERY_HIGH,HIGH_PROVISIONAL,FULL,NONE,NO,NOT_YET_SENSE_NORMALIZED,INCLUDED,LEGAL_REVIEW_REQUIRED_NOT_CERTIFIED_FOR_REDISTRIBUTION,1,0,0,0,,1.20
7G-ATOM-0596,ATOMIC_SURFACE_FORM,web,web,web,PROVISIONAL_IDENTITY_ANCHOR,NO_SAFE_COLLAPSE_APPLIED_BEFORE_PHASE14,NOUN,A1_CORE_NORMATIVE,PCIC_BASE_A1,PCIC_BASE_A1/7C,PCIC_BASE_A1,,,,TRUE_COGNATE,web,VERY_HIGH,HIGH_PROVISIONAL,FULL,NONE,NO,NOT_YET_SENSE_NORMALIZED,INCLUDED,LEGAL_REVIEW_REQUIRED_NOT_CERTIFIED_FOR_REDISTRIBUTION,1,0,0,0,,1.20
7G-ATOM-0597,ATOMIC_SURFACE_FORM,y,y,y,PROVISIONAL_IDENTITY_ANCHOR,NO_SAFE_COLLAPSE_APPLIED_BEFORE_PHASE14,CONJ_CONNECTOR,A1_CORE_NORMATIVE,PCIC_BASE_A1,PCIC_BASE_A1/7C,PCIC_BASE_A1,,,,NO_OBVIOUS_PEDAGOGICAL_COGNATE_FIRST_PASS,,NOT_ASSESSED,NOT_ASSESSED,NOT_ASSESSED,NONE_IDENTIFIED,NO,NOT_YET_SENSE_NORMALIZED,INCLUDED,LEGAL_REVIEW_REQUIRED_NOT_CERTIFIED_FOR_REDISTRIBUTION,1,0,0,0,,1.20
7G-ATOM-0598,ATOMIC_SURFACE_FORM,yo,yo,yo,PROVISIONAL_IDENTITY_ANCHOR,NO_SAFE_COLLAPSE_APPLIED_BEFORE_PHASE14,FUNCTION_WORD,A1_CORE_NORMATIVE,PCIC_BASE_A1,PCIC_BASE_A1/7C,PCIC_BASE_A1,,,,NO_OBVIOUS_PEDAGOGICAL_COGNATE_FIRST_PASS,,NOT_ASSESSED,NOT_ASSESSED,NOT_ASSESSED,NONE_IDENTIFIED,NO,NOT_YET_SENSE_NORMALIZED,INCLUDED,LEGAL_REVIEW_REQUIRED_NOT_CERTIFIED_FOR_REDISTRIBUTION,1,0,0,0,,1.20
7G-ATOM-0599,ATOMIC_SURFACE_FORM,zapato,zapato,zapato,PROVISIONAL_IDENTITY_ANCHOR,NO_SAFE_COLLAPSE_APPLIED_BEFORE_PHASE14,NOUN,A1_CORE_NORMATIVE,PCIC_BASE_A1,PCIC_BASE_A1/7C,PCIC_BASE_A1,,,,NO_OBVIOUS_PEDAGOGICAL_COGNATE_FIRST_PASS,,NOT_ASSESSED,NOT_ASSESSED,NOT_ASSESSED,NONE_IDENTIFIED,NO,NOT_YET_SENSE_NORMALIZED,INCLUDED,LEGAL_REVIEW_REQUIRED_NOT_CERTIFIED_FOR_REDISTRIBUTION,1,0,0,0,,1.20
7G-ATOM-0600,ATOMIC_SURFACE_FORM,zapatos,zapatos,zapato,COLLAPSED_TO_EXISTING_CANONICAL_ANCHOR,EXPLICIT_MORPHOLOGICAL_OR_ORTHOGRAPHIC_COLLAPSE_FROM_PRIOR_PHASES,NOUN,A1_CORE_NORMATIVE,7B_SURFACE_CORRECTION,PCIC_BASE_A1/7C,7B_SURFACE_CORRECTION,,,,NO_OBVIOUS_PEDAGOGICAL_COGNATE_FIRST_PASS,,NOT_ASSESSED,NOT_ASSESSED,NOT_ASSESSED,NONE_IDENTIFIED,NO,NOT_YET_SENSE_NORMALIZED,INCLUDED,LEGAL_REVIEW_REQUIRED_NOT_CERTIFIED_FOR_REDISTRIBUTION,1,0,0,0,,1.20
7G-ATOM-0601,ATOMIC_SURFACE_FORM,árbol,árbol,árbol,PROVISIONAL_IDENTITY_ANCHOR,NO_SAFE_COLLAPSE_APPLIED_BEFORE_PHASE14,NOUN,A1_CORE_NORMATIVE,PCIC_BASE_A1,PCIC_BASE_A1/7C,PCIC_BASE_A1,,,,PEDAGOGICAL_COGNATE_PARTIAL,arbor,HIGH,MEDIUM_PROVISIONAL,PARTIAL,LOW,NO,NOT_YET_SENSE_NORMALIZED,INCLUDED,LEGAL_REVIEW_REQUIRED_NOT_CERTIFIED_FOR_REDISTRIBUTION,1,0,0,0,,1.20
7G-ATOM-0602,ATOMIC_SURFACE_FORM,él,él,él,PROVISIONAL_IDENTITY_ANCHOR,NO_SAFE_COLLAPSE_APPLIED_BEFORE_PHASE14,PRONOUN,A1_CORE_NORMATIVE,PCIC_BASE_A1,PCIC_BASE_A1/7C,PCIC_BASE_A1,,,,NO_OBVIOUS_PEDAGOGICAL_COGNATE_FIRST_PASS,,NOT_ASSESSED,NOT_ASSESSED,NOT_ASSESSED,NONE_IDENTIFIED,NO,NOT_YET_SENSE_NORMALIZED,INCLUDED,LEGAL_REVIEW_REQUIRED_NOT_CERTIFIED_FOR_REDISTRIBUTION,1,0,0,0,,1.20
7G-MWU-0001,MWU_CHUNK,carné de conducir,,carné de conducir,MWU_CANONICAL_PROVISIONAL,EXACT_PHASE6_RECONSTRUCTION,MWU,A1_CORE_NORMATIVE,6A_NOCIONES_ESPECIFICAS,PCIC-09,6A_NOCIONES_ESPECIFICAS,,,,NOT_ASSESSED_FOR_MWU_IN_7D,,NOT_ASSESSED,NOT_ASSESSED,NOT_ASSESSED,NOT_ASSESSED,NO,MWU_SENSE_NORMALIZATION_PENDING_PHASE14,INCLUDED,LEGAL_REVIEW_REQUIRED_NOT_CERTIFIED_FOR_REDISTRIBUTION,0,1,0,0,,1.20
7G-MWU-0002,MWU_CHUNK,carné de identidad,,carné de identidad,MWU_CANONICAL_PROVISIONAL,EXACT_PHASE6_RECONSTRUCTION,MWU,A1_CORE_NORMATIVE,6A_NOCIONES_ESPECIFICAS,PCIC-09,6A_NOCIONES_ESPECIFICAS,,,,NOT_ASSESSED_FOR_MWU_IN_7D,,NOT_ASSESSED,NOT_ASSESSED,NOT_ASSESSED,NOT_ASSESSED,NO,MWU_SENSE_NORMALIZATION_PENDING_PHASE14,INCLUDED,LEGAL_REVIEW_REQUIRED_NOT_CERTIFIED_FOR_REDISTRIBUTION,0,1,0,0,,1.20
7G-MWU-0003,MWU_CHUNK,correo electrónico,,correo electrónico,MWU_CANONICAL_PROVISIONAL,EXACT_PHASE6_RECONSTRUCTION,MWU,A1_CORE_NORMATIVE,6A_NOCIONES_ESPECIFICAS,PCIC-09,6A_NOCIONES_ESPECIFICAS,,,,NOT_ASSESSED_FOR_MWU_IN_7D,,NOT_ASSESSED,NOT_ASSESSED,NOT_ASSESSED,NOT_ASSESSED,NO,MWU_SENSE_NORMALIZATION_PENDING_PHASE14,INCLUDED,LEGAL_REVIEW_REQUIRED_NOT_CERTIFIED_FOR_REDISTRIBUTION,0,1,0,0,,1.20
7G-MWU-0004,MWU_CHUNK,código postal,,código postal,MWU_CANONICAL_PROVISIONAL,EXACT_PHASE6_RECONSTRUCTION,MWU,A1_CORE_NORMATIVE,6A_NOCIONES_ESPECIFICAS,PCIC-09,6A_NOCIONES_ESPECIFICAS,,,,NOT_ASSESSED_FOR_MWU_IN_7D,,NOT_ASSESSED,NOT_ASSESSED,NOT_ASSESSED,NOT_ASSESSED,NO,MWU_SENSE_NORMALIZATION_PENDING_PHASE14,INCLUDED,LEGAL_REVIEW_REQUIRED_NOT_CERTIFIED_FOR_REDISTRIBUTION,0,1,0,0,,1.20
7G-MWU-0005,MWU_CHUNK,estado civil,,estado civil,MWU_CANONICAL_PROVISIONAL,EXACT_PHASE6_RECONSTRUCTION,MWU,A1_CORE_NORMATIVE,6A_NOCIONES_ESPECIFICAS,PCIC-09,6A_NOCIONES_ESPECIFICAS,,,,NOT_ASSESSED_FOR_MWU_IN_7D,,NOT_ASSESSED,NOT_ASSESSED,NOT_ASSESSED,NOT_ASSESSED,NO,MWU_SENSE_NORMALIZATION_PENDING_PHASE14,INCLUDED,LEGAL_REVIEW_REQUIRED_NOT_CERTIFIED_FOR_REDISTRIBUTION,0,1,0,0,,1.20
7G-MWU-0006,MWU_CHUNK,fecha de nacimiento,,fecha de nacimiento,MWU_CANONICAL_PROVISIONAL,EXACT_PHASE6_RECONSTRUCTION,MWU,A1_CORE_NORMATIVE,6A_NOCIONES_ESPECIFICAS,PCIC-09,6A_NOCIONES_ESPECIFICAS,,,,NOT_ASSESSED_FOR_MWU_IN_7D,,NOT_ASSESSED,NOT_ASSESSED,NOT_ASSESSED,NOT_ASSESSED,NO,MWU_SENSE_NORMALIZATION_PENDING_PHASE14,INCLUDED,LEGAL_REVIEW_REQUIRED_NOT_CERTIFIED_FOR_REDISTRIBUTION,0,1,0,0,,1.20
7G-MWU-0007,MWU_CHUNK,lugar de nacimiento,,lugar de nacimiento,MWU_CANONICAL_PROVISIONAL,EXACT_PHASE6_RECONSTRUCTION,MWU,A1_CORE_NORMATIVE,6A_NOCIONES_ESPECIFICAS,PCIC-09,6A_NOCIONES_ESPECIFICAS,,,,NOT_ASSESSED_FOR_MWU_IN_7D,,NOT_ASSESSED,NOT_ASSESSED,NOT_ASSESSED,NOT_ASSESSED,NO,MWU_SENSE_NORMALIZATION_PENDING_PHASE14,INCLUDED,LEGAL_REVIEW_REQUIRED_NOT_CERTIFIED_FOR_REDISTRIBUTION,0,1,0,0,,1.20
7G-MWU-0008,MWU_CHUNK,número de teléfono,,número de teléfono,MWU_CANONICAL_PROVISIONAL,EXACT_PHASE6_RECONSTRUCTION,MWU,A1_CORE_NORMATIVE,6A_NOCIONES_ESPECIFICAS,PCIC-09,6A_NOCIONES_ESPECIFICAS,,,,NOT_ASSESSED_FOR_MWU_IN_7D,,NOT_ASSESSED,NOT_ASSESSED,NOT_ASSESSED,NOT_ASSESSED,NO,MWU_SENSE_NORMALIZATION_PENDING_PHASE14,INCLUDED,LEGAL_REVIEW_REQUIRED_NOT_CERTIFIED_FOR_REDISTRIBUTION,0,1,0,0,,1.20
7G-MWU-0009,MWU_CHUNK,tarjeta de crédito,,tarjeta de crédito,MWU_CANONICAL_PROVISIONAL,EXACT_PHASE6_RECONSTRUCTION,MWU,A1_CORE_NORMATIVE,6A_NOCIONES_ESPECIFICAS,PCIC-09,6A_NOCIONES_ESPECIFICAS,,,,NOT_ASSESSED_FOR_MWU_IN_7D,,NOT_ASSESSED,NOT_ASSESSED,NOT_ASSESSED,NOT_ASSESSED,NO,MWU_SENSE_NORMALIZATION_PENDING_PHASE14,INCLUDED,LEGAL_REVIEW_REQUIRED_NOT_CERTIFIED_FOR_REDISTRIBUTION,0,1,0,0,,1.20
7G-MWU-0010,MWU_CHUNK,agua con gas,,agua con gas,MWU_CANONICAL_PROVISIONAL,EXACT_PHASE6_RECONSTRUCTION,MWU,A1_CORE_NORMATIVE,6A_NOCIONES_ESPECIFICAS,PCIC-09,6A_NOCIONES_ESPECIFICAS,,,,NOT_ASSESSED_FOR_MWU_IN_7D,,NOT_ASSESSED,NOT_ASSESSED,NOT_ASSESSED,NOT_ASSESSED,NO,MWU_SENSE_NORMALIZATION_PENDING_PHASE14,INCLUDED,LEGAL_REVIEW_REQUIRED_NOT_CERTIFIED_FOR_REDISTRIBUTION,0,1,0,0,,1.20
7G-MWU-0011,MWU_CHUNK,agua mineral,,agua mineral,MWU_CANONICAL_PROVISIONAL,EXACT_PHASE6_RECONSTRUCTION,MWU,A1_CORE_NORMATIVE,6A_NOCIONES_ESPECIFICAS,PCIC-09,6A_NOCIONES_ESPECIFICAS,,,,NOT_ASSESSED_FOR_MWU_IN_7D,,NOT_ASSESSED,NOT_ASSESSED,NOT_ASSESSED,NOT_ASSESSED,NO,MWU_SENSE_NORMALIZATION_PENDING_PHASE14,INCLUDED,LEGAL_REVIEW_REQUIRED_NOT_CERTIFIED_FOR_REDISTRIBUTION,0,1,0,0,,1.20
7G-MWU-0012,MWU_CHUNK,agua sin gas,,agua sin gas,MWU_CANONICAL_PROVISIONAL,EXACT_PHASE6_RECONSTRUCTION,MWU,A1_CORE_NORMATIVE,6A_NOCIONES_ESPECIFICAS,PCIC-09,6A_NOCIONES_ESPECIFICAS,,,,NOT_ASSESSED_FOR_MWU_IN_7D,,NOT_ASSESSED,NOT_ASSESSED,NOT_ASSESSED,NOT_ASSESSED,NO,MWU_SENSE_NORMALIZATION_PENDING_PHASE14,INCLUDED,LEGAL_REVIEW_REQUIRED_NOT_CERTIFIED_FOR_REDISTRIBUTION,0,1,0,0,,1.20
7G-MWU-0013,MWU_CHUNK,café con leche,,café con leche,MWU_CANONICAL_PROVISIONAL,EXACT_PHASE6_RECONSTRUCTION,MWU,A1_CORE_NORMATIVE,6A_NOCIONES_ESPECIFICAS,PCIC-09,6A_NOCIONES_ESPECIFICAS,,,,NOT_ASSESSED_FOR_MWU_IN_7D,,NOT_ASSESSED,NOT_ASSESSED,NOT_ASSESSED,NOT_ASSESSED,NO,MWU_SENSE_NORMALIZATION_PENDING_PHASE14,INCLUDED,LEGAL_REVIEW_REQUIRED_NOT_CERTIFIED_FOR_REDISTRIBUTION,0,1,0,0,,1.20
7G-MWU-0014,MWU_CHUNK,café cortado,,café cortado,MWU_CANONICAL_PROVISIONAL,EXACT_PHASE6_RECONSTRUCTION,MWU,A1_CORE_NORMATIVE,6A_NOCIONES_ESPECIFICAS,PCIC-09,6A_NOCIONES_ESPECIFICAS,,,,NOT_ASSESSED_FOR_MWU_IN_7D,,NOT_ASSESSED,NOT_ASSESSED,NOT_ASSESSED,NOT_ASSESSED,NO,MWU_SENSE_NORMALIZATION_PENDING_PHASE14,INCLUDED,LEGAL_REVIEW_REQUIRED_NOT_CERTIFIED_FOR_REDISTRIBUTION,0,1,0,0,,1.20
7G-MWU-0015,MWU_CHUNK,café solo,,café solo,MWU_CANONICAL_PROVISIONAL,EXACT_PHASE6_RECONSTRUCTION,MWU,A1_CORE_NORMATIVE,6A_NOCIONES_ESPECIFICAS,PCIC-09,6A_NOCIONES_ESPECIFICAS,,,,NOT_ASSESSED_FOR_MWU_IN_7D,,NOT_ASSESSED,NOT_ASSESSED,NOT_ASSESSED,NOT_ASSESSED,NO,MWU_SENSE_NORMALIZATION_PENDING_PHASE14,INCLUDED,LEGAL_REVIEW_REQUIRED_NOT_CERTIFIED_FOR_REDISTRIBUTION,0,1,0,0,,1.20
7G-MWU-0016,MWU_CHUNK,primer plato,,primer plato,MWU_CANONICAL_PROVISIONAL,EXACT_PHASE6_RECONSTRUCTION,MWU,A1_CORE_NORMATIVE,6A_NOCIONES_ESPECIFICAS,PCIC-09,6A_NOCIONES_ESPECIFICAS,,,,NOT_ASSESSED_FOR_MWU_IN_7D,,NOT_ASSESSED,NOT_ASSESSED,NOT_ASSESSED,NOT_ASSESSED,NO,MWU_SENSE_NORMALIZATION_PENDING_PHASE14,INCLUDED,LEGAL_REVIEW_REQUIRED_NOT_CERTIFIED_FOR_REDISTRIBUTION,0,1,0,0,,1.20
7G-MWU-0017,MWU_CHUNK,segundo plato,,segundo plato,MWU_CANONICAL_PROVISIONAL,EXACT_PHASE6_RECONSTRUCTION,MWU,A1_CORE_NORMATIVE,6A_NOCIONES_ESPECIFICAS,PCIC-09,6A_NOCIONES_ESPECIFICAS,,,,NOT_ASSESSED_FOR_MWU_IN_7D,,NOT_ASSESSED,NOT_ASSESSED,NOT_ASSESSED,NOT_ASSESSED,NO,MWU_SENSE_NORMALIZATION_PENDING_PHASE14,INCLUDED,LEGAL_REVIEW_REQUIRED_NOT_CERTIFIED_FOR_REDISTRIBUTION,0,1,0,0,,1.20
7G-MWU-0018,MWU_CHUNK,vino blanco,,vino blanco,MWU_CANONICAL_PROVISIONAL,EXACT_PHASE6_RECONSTRUCTION,MWU,A1_CORE_NORMATIVE,6A_NOCIONES_ESPECIFICAS,PCIC-09,6A_NOCIONES_ESPECIFICAS,,,,NOT_ASSESSED_FOR_MWU_IN_7D,,NOT_ASSESSED,NOT_ASSESSED,NOT_ASSESSED,NOT_ASSESSED,NO,MWU_SENSE_NORMALIZATION_PENDING_PHASE14,INCLUDED,LEGAL_REVIEW_REQUIRED_NOT_CERTIFIED_FOR_REDISTRIBUTION,0,1,0,0,,1.20
7G-MWU-0019,MWU_CHUNK,vino tinto,,vino tinto,MWU_CANONICAL_PROVISIONAL,EXACT_PHASE6_RECONSTRUCTION,MWU,A1_CORE_NORMATIVE,6A_NOCIONES_ESPECIFICAS,PCIC-09,6A_NOCIONES_ESPECIFICAS,,,,NOT_ASSESSED_FOR_MWU_IN_7D,,NOT_ASSESSED,NOT_ASSESSED,NOT_ASSESSED,NOT_ASSESSED,NO,MWU_SENSE_NORMALIZATION_PENDING_PHASE14,INCLUDED,LEGAL_REVIEW_REQUIRED_NOT_CERTIFIED_FOR_REDISTRIBUTION,0,1,0,0,,1.20
7G-MWU-0020,MWU_CHUNK,clase de español,,clase de español,MWU_CANONICAL_PROVISIONAL,EXACT_PHASE6_RECONSTRUCTION,MWU,A1_CORE_NORMATIVE,6A_NOCIONES_ESPECIFICAS,PCIC-09,6A_NOCIONES_ESPECIFICAS,,,,NOT_ASSESSED_FOR_MWU_IN_7D,,NOT_ASSESSED,NOT_ASSESSED,NOT_ASSESSED,NOT_ASSESSED,NO,MWU_SENSE_NORMALIZATION_PENDING_PHASE14,INCLUDED,LEGAL_REVIEW_REQUIRED_NOT_CERTIFIED_FOR_REDISTRIBUTION,0,1,0,0,,1.20
7G-MWU-0021,MWU_CHUNK,clase de historia,,clase de historia,MWU_CANONICAL_PROVISIONAL,EXACT_PHASE6_RECONSTRUCTION,MWU,A1_CORE_NORMATIVE,6A_NOCIONES_ESPECIFICAS,PCIC-09,6A_NOCIONES_ESPECIFICAS,,,,NOT_ASSESSED_FOR_MWU_IN_7D,,NOT_ASSESSED,NOT_ASSESSED,NOT_ASSESSED,NOT_ASSESSED,NO,MWU_SENSE_NORMALIZATION_PENDING_PHASE14,INCLUDED,LEGAL_REVIEW_REQUIRED_NOT_CERTIFIED_FOR_REDISTRIBUTION,0,1,0,0,,1.20
7G-MWU-0022,MWU_CHUNK,clase de matemáticas,,clase de matemáticas,MWU_CANONICAL_PROVISIONAL,EXACT_PHASE6_RECONSTRUCTION,MWU,A1_CORE_NORMATIVE,6A_NOCIONES_ESPECIFICAS,PCIC-09,6A_NOCIONES_ESPECIFICAS,,,,NOT_ASSESSED_FOR_MWU_IN_7D,,NOT_ASSESSED,NOT_ASSESSED,NOT_ASSESSED,NOT_ASSESSED,NO,MWU_SENSE_NORMALIZATION_PENDING_PHASE14,INCLUDED,LEGAL_REVIEW_REQUIRED_NOT_CERTIFIED_FOR_REDISTRIBUTION,0,1,0,0,,1.20
7G-MWU-0023,MWU_CHUNK,en grupos,,en grupos,MWU_CANONICAL_PROVISIONAL,EXACT_PHASE6_RECONSTRUCTION,MWU,A1_CORE_NORMATIVE,6A_NOCIONES_ESPECIFICAS,PCIC-09,6A_NOCIONES_ESPECIFICAS,,,,NOT_ASSESSED_FOR_MWU_IN_7D,,NOT_ASSESSED,NOT_ASSESSED,NOT_ASSESSED,NOT_ASSESSED,NO,MWU_SENSE_NORMALIZATION_PENDING_PHASE14,INCLUDED,LEGAL_REVIEW_REQUIRED_NOT_CERTIFIED_FOR_REDISTRIBUTION,0,1,0,0,,1.20
7G-MWU-0024,MWU_CHUNK,en parejas,,en parejas,MWU_CANONICAL_PROVISIONAL,EXACT_PHASE6_RECONSTRUCTION,MWU,A1_CORE_NORMATIVE,6A_NOCIONES_ESPECIFICAS,PCIC-09,6A_NOCIONES_ESPECIFICAS,,,,NOT_ASSESSED_FOR_MWU_IN_7D,,NOT_ASSESSED,NOT_ASSESSED,NOT_ASSESSED,NOT_ASSESSED,NO,MWU_SENSE_NORMALIZATION_PENDING_PHASE14,INCLUDED,LEGAL_REVIEW_REQUIRED_NOT_CERTIFIED_FOR_REDISTRIBUTION,0,1,0,0,,1.20
7G-MWU-0025,MWU_CHUNK,hacer los deberes,,hacer los deberes,MWU_CANONICAL_PROVISIONAL,EXACT_PHASE6_RECONSTRUCTION,MWU,A1_CORE_NORMATIVE,6A_NOCIONES_ESPECIFICAS,PCIC-09,6A_NOCIONES_ESPECIFICAS,,,,NOT_ASSESSED_FOR_MWU_IN_7D,,NOT_ASSESSED,NOT_ASSESSED,NOT_ASSESSED,NOT_ASSESSED,NO,MWU_SENSE_NORMALIZATION_PENDING_PHASE14,INCLUDED,LEGAL_REVIEW_REQUIRED_NOT_CERTIFIED_FOR_REDISTRIBUTION,0,1,0,0,,1.20
7G-MWU-0026,MWU_CHUNK,hacer un ejercicio,,hacer un ejercicio,MWU_CANONICAL_PROVISIONAL,EXACT_PHASE6_RECONSTRUCTION,MWU,A1_CORE_NORMATIVE,6A_NOCIONES_ESPECIFICAS,PCIC-09,6A_NOCIONES_ESPECIFICAS,,,,NOT_ASSESSED_FOR_MWU_IN_7D,,NOT_ASSESSED,NOT_ASSESSED,NOT_ASSESSED,NOT_ASSESSED,NO,MWU_SENSE_NORMALIZATION_PENDING_PHASE14,INCLUDED,LEGAL_REVIEW_REQUIRED_NOT_CERTIFIED_FOR_REDISTRIBUTION,0,1,0,0,,1.20
7G-MWU-0027,MWU_CHUNK,hacer un examen,,hacer un examen,MWU_CANONICAL_PROVISIONAL,EXACT_PHASE6_RECONSTRUCTION,MWU,A1_CORE_NORMATIVE,6A_NOCIONES_ESPECIFICAS,PCIC-09,6A_NOCIONES_ESPECIFICAS,,,,NOT_ASSESSED_FOR_MWU_IN_7D,,NOT_ASSESSED,NOT_ASSESSED,NOT_ASSESSED,NOT_ASSESSED,NO,MWU_SENSE_NORMALIZATION_PENDING_PHASE14,INCLUDED,LEGAL_REVIEW_REQUIRED_NOT_CERTIFIED_FOR_REDISTRIBUTION,0,1,0,0,,1.20
7G-MWU-0028,MWU_CHUNK,hacer una actividad,,hacer una actividad,MWU_CANONICAL_PROVISIONAL,EXACT_PHASE6_RECONSTRUCTION,MWU,A1_CORE_NORMATIVE,6A_NOCIONES_ESPECIFICAS,PCIC-09,6A_NOCIONES_ESPECIFICAS,,,,NOT_ASSESSED_FOR_MWU_IN_7D,,NOT_ASSESSED,NOT_ASSESSED,NOT_ASSESSED,NOT_ASSESSED,NO,MWU_SENSE_NORMALIZATION_PENDING_PHASE14,INCLUDED,LEGAL_REVIEW_REQUIRED_NOT_CERTIFIED_FOR_REDISTRIBUTION,0,1,0,0,,1.20
7G-MWU-0029,MWU_CHUNK,ir a clase,,ir a clase,MWU_CANONICAL_PROVISIONAL,EXACT_PHASE6_RECONSTRUCTION,MWU,A1_CORE_NORMATIVE,6A_NOCIONES_ESPECIFICAS,PCIC-09,6A_NOCIONES_ESPECIFICAS,,,,NOT_ASSESSED_FOR_MWU_IN_7D,,NOT_ASSESSED,NOT_ASSESSED,NOT_ASSESSED,NOT_ASSESSED,NO,MWU_SENSE_NORMALIZATION_PENDING_PHASE14,INCLUDED,LEGAL_REVIEW_REQUIRED_NOT_CERTIFIED_FOR_REDISTRIBUTION,0,1,0,0,,1.20
7G-MWU-0030,MWU_CHUNK,tener un examen,,tener un examen,MWU_CANONICAL_PROVISIONAL,EXACT_PHASE6_RECONSTRUCTION,MWU,A1_CORE_NORMATIVE,6A_NOCIONES_ESPECIFICAS,PCIC-09,6A_NOCIONES_ESPECIFICAS,,,,NOT_ASSESSED_FOR_MWU_IN_7D,,NOT_ASSESSED,NOT_ASSESSED,NOT_ASSESSED,NOT_ASSESSED,NO,MWU_SENSE_NORMALIZATION_PENDING_PHASE14,INCLUDED,LEGAL_REVIEW_REQUIRED_NOT_CERTIFIED_FOR_REDISTRIBUTION,0,1,0,0,,1.20
7G-MWU-0031,MWU_CHUNK,ama de casa,,ama de casa,MWU_CANONICAL_PROVISIONAL,EXACT_PHASE6_RECONSTRUCTION,MWU,A1_CORE_NORMATIVE,6A_NOCIONES_ESPECIFICAS,PCIC-09,6A_NOCIONES_ESPECIFICAS,,,,NOT_ASSESSED_FOR_MWU_IN_7D,,NOT_ASSESSED,NOT_ASSESSED,NOT_ASSESSED,NOT_ASSESSED,NO,MWU_SENSE_NORMALIZATION_PENDING_PHASE14,INCLUDED,LEGAL_REVIEW_REQUIRED_NOT_CERTIFIED_FOR_REDISTRIBUTION,0,1,0,0,,1.20
7G-MWU-0032,MWU_CHUNK,dedicarse a,,dedicarse a,MWU_CANONICAL_PROVISIONAL,EXACT_PHASE6_RECONSTRUCTION,MWU,A1_CORE_NORMATIVE,6A_NOCIONES_ESPECIFICAS,PCIC-09,6A_NOCIONES_ESPECIFICAS,,,,NOT_ASSESSED_FOR_MWU_IN_7D,,NOT_ASSESSED,NOT_ASSESSED,NOT_ASSESSED,NOT_ASSESSED,NO,MWU_SENSE_NORMALIZATION_PENDING_PHASE14,INCLUDED,LEGAL_REVIEW_REQUIRED_NOT_CERTIFIED_FOR_REDISTRIBUTION,0,1,0,0,,1.20
7G-MWU-0033,MWU_CHUNK,estar en paro,,estar en paro,MWU_CANONICAL_PROVISIONAL,EXACT_PHASE6_RECONSTRUCTION,MWU,A1_CORE_NORMATIVE,6A_NOCIONES_ESPECIFICAS,PCIC-09,6A_NOCIONES_ESPECIFICAS,,,,NOT_ASSESSED_FOR_MWU_IN_7D,,NOT_ASSESSED,NOT_ASSESSED,NOT_ASSESSED,NOT_ASSESSED,NO,MWU_SENSE_NORMALIZATION_PENDING_PHASE14,INCLUDED,LEGAL_REVIEW_REQUIRED_NOT_CERTIFIED_FOR_REDISTRIBUTION,0,1,0,0,,1.20
7G-MWU-0034,MWU_CHUNK,ser trabajador,,ser trabajador,MWU_CANONICAL_PROVISIONAL,EXACT_PHASE6_RECONSTRUCTION,MWU,A1_CORE_NORMATIVE,6A_NOCIONES_ESPECIFICAS,PCIC-09,6A_NOCIONES_ESPECIFICAS,,,,NOT_ASSESSED_FOR_MWU_IN_7D,,NOT_ASSESSED,NOT_ASSESSED,NOT_ASSESSED,NOT_ASSESSED,NO,MWU_SENSE_NORMALIZATION_PENDING_PHASE14,INCLUDED,LEGAL_REVIEW_REQUIRED_NOT_CERTIFIED_FOR_REDISTRIBUTION,0,1,0,0,,1.20
7G-MWU-0035,MWU_CHUNK,tener trabajo,,tener trabajo,MWU_CANONICAL_PROVISIONAL,EXACT_PHASE6_RECONSTRUCTION,MWU,A1_CORE_NORMATIVE,6A_NOCIONES_ESPECIFICAS,PCIC-09,6A_NOCIONES_ESPECIFICAS,,,,NOT_ASSESSED_FOR_MWU_IN_7D,,NOT_ASSESSED,NOT_ASSESSED,NOT_ASSESSED,NOT_ASSESSED,NO,MWU_SENSE_NORMALIZATION_PENDING_PHASE14,INCLUDED,LEGAL_REVIEW_REQUIRED_NOT_CERTIFIED_FOR_REDISTRIBUTION,0,1,0,0,,1.20
7G-MWU-0036,MWU_CHUNK,tener vacaciones,,tener vacaciones,MWU_CANONICAL_PROVISIONAL,EXACT_PHASE6_RECONSTRUCTION,MWU,A1_CORE_NORMATIVE,6A_NOCIONES_ESPECIFICAS,PCIC-09,6A_NOCIONES_ESPECIFICAS,,,,NOT_ASSESSED_FOR_MWU_IN_7D,,NOT_ASSESSED,NOT_ASSESSED,NOT_ASSESSED,NOT_ASSESSED,NO,MWU_SENSE_NORMALIZATION_PENDING_PHASE14,INCLUDED,LEGAL_REVIEW_REQUIRED_NOT_CERTIFIED_FOR_REDISTRIBUTION,0,1,0,0,,1.20
7G-MWU-0037,MWU_CHUNK,compañero de juego,,compañero de juego,MWU_CANONICAL_PROVISIONAL,EXACT_PHASE6_RECONSTRUCTION,MWU,A1_CORE_NORMATIVE,6A_NOCIONES_ESPECIFICAS,PCIC-09,6A_NOCIONES_ESPECIFICAS,,,,NOT_ASSESSED_FOR_MWU_IN_7D,,NOT_ASSESSED,NOT_ASSESSED,NOT_ASSESSED,NOT_ASSESSED,NO,MWU_SENSE_NORMALIZATION_PENDING_PHASE14,INCLUDED,LEGAL_REVIEW_REQUIRED_NOT_CERTIFIED_FOR_REDISTRIBUTION,0,1,0,0,,1.20
7G-MWU-0038,MWU_CHUNK,escuchar la radio,,escuchar la radio,MWU_CANONICAL_PROVISIONAL,EXACT_PHASE6_RECONSTRUCTION,MWU,A1_CORE_NORMATIVE,6A_NOCIONES_ESPECIFICAS,PCIC-09,6A_NOCIONES_ESPECIFICAS,,,,NOT_ASSESSED_FOR_MWU_IN_7D,,NOT_ASSESSED,NOT_ASSESSED,NOT_ASSESSED,NOT_ASSESSED,NO,MWU_SENSE_NORMALIZATION_PENDING_PHASE14,INCLUDED,LEGAL_REVIEW_REQUIRED_NOT_CERTIFIED_FOR_REDISTRIBUTION,0,1,0,0,,1.20
7G-MWU-0039,MWU_CHUNK,escuchar música,,escuchar música,MWU_CANONICAL_PROVISIONAL,EXACT_PHASE6_RECONSTRUCTION,MWU,A1_CORE_NORMATIVE,6A_NOCIONES_ESPECIFICAS,PCIC-09,6A_NOCIONES_ESPECIFICAS,,,,NOT_ASSESSED_FOR_MWU_IN_7D,,NOT_ASSESSED,NOT_ASSESSED,NOT_ASSESSED,NOT_ASSESSED,NO,MWU_SENSE_NORMALIZATION_PENDING_PHASE14,INCLUDED,LEGAL_REVIEW_REQUIRED_NOT_CERTIFIED_FOR_REDISTRIBUTION,0,1,0,0,,1.20
7G-MWU-0040,MWU_CHUNK,escuchar una canción,,escuchar una canción,MWU_CANONICAL_PROVISIONAL,EXACT_PHASE6_RECONSTRUCTION,MWU,A1_CORE_NORMATIVE,6A_NOCIONES_ESPECIFICAS,PCIC-09,6A_NOCIONES_ESPECIFICAS,,,,NOT_ASSESSED_FOR_MWU_IN_7D,,NOT_ASSESSED,NOT_ASSESSED,NOT_ASSESSED,NOT_ASSESSED,NO,MWU_SENSE_NORMALIZATION_PENDING_PHASE14,INCLUDED,LEGAL_REVIEW_REQUIRED_NOT_CERTIFIED_FOR_REDISTRIBUTION,0,1,0,0,,1.20
7G-MWU-0041,MWU_CHUNK,hacer deporte,,hacer deporte,MWU_CANONICAL_PROVISIONAL,EXACT_PHASE6_RECONSTRUCTION,MWU,A1_CORE_NORMATIVE,6A_NOCIONES_ESPECIFICAS,PCIC-09,6A_NOCIONES_ESPECIFICAS,,,,NOT_ASSESSED_FOR_MWU_IN_7D,,NOT_ASSESSED,NOT_ASSESSED,NOT_ASSESSED,NOT_ASSESSED,NO,MWU_SENSE_NORMALIZATION_PENDING_PHASE14,INCLUDED,LEGAL_REVIEW_REQUIRED_NOT_CERTIFIED_FOR_REDISTRIBUTION,0,1,0,0,,1.20
7G-MWU-0042,MWU_CHUNK,hacer ejercicio,,hacer ejercicio,MWU_CANONICAL_PROVISIONAL,EXACT_PHASE6_RECONSTRUCTION,MWU,A1_CORE_NORMATIVE,6A_NOCIONES_ESPECIFICAS,PCIC-09,6A_NOCIONES_ESPECIFICAS,,,,NOT_ASSESSED_FOR_MWU_IN_7D,,NOT_ASSESSED,NOT_ASSESSED,NOT_ASSESSED,NOT_ASSESSED,NO,MWU_SENSE_NORMALIZATION_PENDING_PHASE14,INCLUDED,LEGAL_REVIEW_REQUIRED_NOT_CERTIFIED_FOR_REDISTRIBUTION,0,1,0,0,,1.20
7G-MWU-0043,MWU_CHUNK,hacer gimnasia,,hacer gimnasia,MWU_CANONICAL_PROVISIONAL,EXACT_PHASE6_RECONSTRUCTION,MWU,A1_CORE_NORMATIVE,6A_NOCIONES_ESPECIFICAS,PCIC-09,6A_NOCIONES_ESPECIFICAS,,,,NOT_ASSESSED_FOR_MWU_IN_7D,,NOT_ASSESSED,NOT_ASSESSED,NOT_ASSESSED,NOT_ASSESSED,NO,MWU_SENSE_NORMALIZATION_PENDING_PHASE14,INCLUDED,LEGAL_REVIEW_REQUIRED_NOT_CERTIFIED_FOR_REDISTRIBUTION,0,1,0,0,,1.20
7G-MWU-0044,MWU_CHUNK,ir a un bar,,ir a un bar,MWU_CANONICAL_PROVISIONAL,EXACT_PHASE6_RECONSTRUCTION,MWU,A1_CORE_NORMATIVE,6A_NOCIONES_ESPECIFICAS,PCIC-09,6A_NOCIONES_ESPECIFICAS,,,,NOT_ASSESSED_FOR_MWU_IN_7D,,NOT_ASSESSED,NOT_ASSESSED,NOT_ASSESSED,NOT_ASSESSED,NO,MWU_SENSE_NORMALIZATION_PENDING_PHASE14,INCLUDED,LEGAL_REVIEW_REQUIRED_NOT_CERTIFIED_FOR_REDISTRIBUTION,0,1,0,0,,1.20
7G-MWU-0045,MWU_CHUNK,ir a un café,,ir a un café,MWU_CANONICAL_PROVISIONAL,EXACT_PHASE6_RECONSTRUCTION,MWU,A1_CORE_NORMATIVE,6A_NOCIONES_ESPECIFICAS,PCIC-09,6A_NOCIONES_ESPECIFICAS,,,,NOT_ASSESSED_FOR_MWU_IN_7D,,NOT_ASSESSED,NOT_ASSESSED,NOT_ASSESSED,NOT_ASSESSED,NO,MWU_SENSE_NORMALIZATION_PENDING_PHASE14,INCLUDED,LEGAL_REVIEW_REQUIRED_NOT_CERTIFIED_FOR_REDISTRIBUTION,0,1,0,0,,1.20
7G-MWU-0046,MWU_CHUNK,ir a un concierto,,ir a un concierto,MWU_CANONICAL_PROVISIONAL,EXACT_PHASE6_RECONSTRUCTION,MWU,A1_CORE_NORMATIVE,6A_NOCIONES_ESPECIFICAS,PCIC-09,6A_NOCIONES_ESPECIFICAS,,,,NOT_ASSESSED_FOR_MWU_IN_7D,,NOT_ASSESSED,NOT_ASSESSED,NOT_ASSESSED,NOT_ASSESSED,NO,MWU_SENSE_NORMALIZATION_PENDING_PHASE14,INCLUDED,LEGAL_REVIEW_REQUIRED_NOT_CERTIFIED_FOR_REDISTRIBUTION,0,1,0,0,,1.20
7G-MWU-0047,MWU_CHUNK,ir a un museo,,ir a un museo,MWU_CANONICAL_PROVISIONAL,EXACT_PHASE6_RECONSTRUCTION,MWU,A1_CORE_NORMATIVE,6A_NOCIONES_ESPECIFICAS,PCIC-09,6A_NOCIONES_ESPECIFICAS,,,,NOT_ASSESSED_FOR_MWU_IN_7D,,NOT_ASSESSED,NOT_ASSESSED,NOT_ASSESSED,NOT_ASSESSED,NO,MWU_SENSE_NORMALIZATION_PENDING_PHASE14,INCLUDED,LEGAL_REVIEW_REQUIRED_NOT_CERTIFIED_FOR_REDISTRIBUTION,0,1,0,0,,1.20
7G-MWU-0048,MWU_CHUNK,ir a un restaurante,,ir a un restaurante,MWU_CANONICAL_PROVISIONAL,EXACT_PHASE6_RECONSTRUCTION,MWU,A1_CORE_NORMATIVE,6A_NOCIONES_ESPECIFICAS,PCIC-09,6A_NOCIONES_ESPECIFICAS,,,,NOT_ASSESSED_FOR_MWU_IN_7D,,NOT_ASSESSED,NOT_ASSESSED,NOT_ASSESSED,NOT_ASSESSED,NO,MWU_SENSE_NORMALIZATION_PENDING_PHASE14,INCLUDED,LEGAL_REVIEW_REQUIRED_NOT_CERTIFIED_FOR_REDISTRIBUTION,0,1,0,0,,1.20
7G-MWU-0049,MWU_CHUNK,ir a una discoteca,,ir a una discoteca,MWU_CANONICAL_PROVISIONAL,EXACT_PHASE6_RECONSTRUCTION,MWU,A1_CORE_NORMATIVE,6A_NOCIONES_ESPECIFICAS,PCIC-09,6A_NOCIONES_ESPECIFICAS,,,,NOT_ASSESSED_FOR_MWU_IN_7D,,NOT_ASSESSED,NOT_ASSESSED,NOT_ASSESSED,NOT_ASSESSED,NO,MWU_SENSE_NORMALIZATION_PENDING_PHASE14,INCLUDED,LEGAL_REVIEW_REQUIRED_NOT_CERTIFIED_FOR_REDISTRIBUTION,0,1,0,0,,1.20
7G-MWU-0050,MWU_CHUNK,ir al cine,,ir al cine,MWU_CANONICAL_PROVISIONAL,EXACT_PHASE6_RECONSTRUCTION,MWU,A1_CORE_NORMATIVE,6A_NOCIONES_ESPECIFICAS,PCIC-09,6A_NOCIONES_ESPECIFICAS,,,,NOT_ASSESSED_FOR_MWU_IN_7D,,NOT_ASSESSED,NOT_ASSESSED,NOT_ASSESSED,NOT_ASSESSED,NO,MWU_SENSE_NORMALIZATION_PENDING_PHASE14,INCLUDED,LEGAL_REVIEW_REQUIRED_NOT_CERTIFIED_FOR_REDISTRIBUTION,0,1,0,0,,1.20
7G-MWU-0051,MWU_CHUNK,ir al circo,,ir al circo,MWU_CANONICAL_PROVISIONAL,EXACT_PHASE6_RECONSTRUCTION,MWU,A1_CORE_NORMATIVE,6A_NOCIONES_ESPECIFICAS,PCIC-09,6A_NOCIONES_ESPECIFICAS,,,,NOT_ASSESSED_FOR_MWU_IN_7D,,NOT_ASSESSED,NOT_ASSESSED,NOT_ASSESSED,NOT_ASSESSED,NO,MWU_SENSE_NORMALIZATION_PENDING_PHASE14,INCLUDED,LEGAL_REVIEW_REQUIRED_NOT_CERTIFIED_FOR_REDISTRIBUTION,0,1,0,0,,1.20
7G-MWU-0052,MWU_CHUNK,ir al parque,,ir al parque,MWU_CANONICAL_PROVISIONAL,EXACT_PHASE6_RECONSTRUCTION,MWU,A1_CORE_NORMATIVE,6A_NOCIONES_ESPECIFICAS,PCIC-09,6A_NOCIONES_ESPECIFICAS,,,,NOT_ASSESSED_FOR_MWU_IN_7D,,NOT_ASSESSED,NOT_ASSESSED,NOT_ASSESSED,NOT_ASSESSED,NO,MWU_SENSE_NORMALIZATION_PENDING_PHASE14,INCLUDED,LEGAL_REVIEW_REQUIRED_NOT_CERTIFIED_FOR_REDISTRIBUTION,0,1,0,0,,1.20
7G-MWU-0053,MWU_CHUNK,ir al teatro,,ir al teatro,MWU_CANONICAL_PROVISIONAL,EXACT_PHASE6_RECONSTRUCTION,MWU,A1_CORE_NORMATIVE,6A_NOCIONES_ESPECIFICAS,PCIC-09,6A_NOCIONES_ESPECIFICAS,,,,NOT_ASSESSED_FOR_MWU_IN_7D,,NOT_ASSESSED,NOT_ASSESSED,NOT_ASSESSED,NOT_ASSESSED,NO,MWU_SENSE_NORMALIZATION_PENDING_PHASE14,INCLUDED,LEGAL_REVIEW_REQUIRED_NOT_CERTIFIED_FOR_REDISTRIBUTION,0,1,0,0,,1.20
7G-MWU-0054,MWU_CHUNK,jugar al baloncesto,,jugar al baloncesto,MWU_CANONICAL_PROVISIONAL,EXACT_PHASE6_RECONSTRUCTION,MWU,A1_CORE_NORMATIVE,6A_NOCIONES_ESPECIFICAS,PCIC-09,6A_NOCIONES_ESPECIFICAS,,,,NOT_ASSESSED_FOR_MWU_IN_7D,,NOT_ASSESSED,NOT_ASSESSED,NOT_ASSESSED,NOT_ASSESSED,NO,MWU_SENSE_NORMALIZATION_PENDING_PHASE14,INCLUDED,LEGAL_REVIEW_REQUIRED_NOT_CERTIFIED_FOR_REDISTRIBUTION,0,1,0,0,,1.20
7G-MWU-0055,MWU_CHUNK,jugar al fútbol,,jugar al fútbol,MWU_CANONICAL_PROVISIONAL,EXACT_PHASE6_RECONSTRUCTION,MWU,A1_CORE_NORMATIVE,6A_NOCIONES_ESPECIFICAS,PCIC-09,6A_NOCIONES_ESPECIFICAS,,,,NOT_ASSESSED_FOR_MWU_IN_7D,,NOT_ASSESSED,NOT_ASSESSED,NOT_ASSESSED,NOT_ASSESSED,NO,MWU_SENSE_NORMALIZATION_PENDING_PHASE14,INCLUDED,LEGAL_REVIEW_REQUIRED_NOT_CERTIFIED_FOR_REDISTRIBUTION,0,1,0,0,,1.20
7G-MWU-0056,MWU_CHUNK,jugar al tenis,,jugar al tenis,MWU_CANONICAL_PROVISIONAL,EXACT_PHASE6_RECONSTRUCTION,MWU,A1_CORE_NORMATIVE,6A_NOCIONES_ESPECIFICAS,PCIC-09,6A_NOCIONES_ESPECIFICAS,,,,NOT_ASSESSED_FOR_MWU_IN_7D,,NOT_ASSESSED,NOT_ASSESSED,NOT_ASSESSED,NOT_ASSESSED,NO,MWU_SENSE_NORMALIZATION_PENDING_PHASE14,INCLUDED,LEGAL_REVIEW_REQUIRED_NOT_CERTIFIED_FOR_REDISTRIBUTION,0,1,0,0,,1.20
7G-MWU-0057,MWU_CHUNK,leer el periódico,,leer el periódico,MWU_CANONICAL_PROVISIONAL,EXACT_PHASE6_RECONSTRUCTION,MWU,A1_CORE_NORMATIVE,6A_NOCIONES_ESPECIFICAS,PCIC-09,6A_NOCIONES_ESPECIFICAS,,,,NOT_ASSESSED_FOR_MWU_IN_7D,,NOT_ASSESSED,NOT_ASSESSED,NOT_ASSESSED,NOT_ASSESSED,NO,MWU_SENSE_NORMALIZATION_PENDING_PHASE14,INCLUDED,LEGAL_REVIEW_REQUIRED_NOT_CERTIFIED_FOR_REDISTRIBUTION,0,1,0,0,,1.20
7G-MWU-0058,MWU_CHUNK,leer un libro,,leer un libro,MWU_CANONICAL_PROVISIONAL,EXACT_PHASE6_RECONSTRUCTION,MWU,A1_CORE_NORMATIVE,6A_NOCIONES_ESPECIFICAS,PCIC-09,6A_NOCIONES_ESPECIFICAS,,,,NOT_ASSESSED_FOR_MWU_IN_7D,,NOT_ASSESSED,NOT_ASSESSED,NOT_ASSESSED,NOT_ASSESSED,NO,MWU_SENSE_NORMALIZATION_PENDING_PHASE14,INCLUDED,LEGAL_REVIEW_REQUIRED_NOT_CERTIFIED_FOR_REDISTRIBUTION,0,1,0,0,,1.20
7G-MWU-0059,MWU_CHUNK,leer una revista,,leer una revista,MWU_CANONICAL_PROVISIONAL,EXACT_PHASE6_RECONSTRUCTION,MWU,A1_CORE_NORMATIVE,6A_NOCIONES_ESPECIFICAS,PCIC-09,6A_NOCIONES_ESPECIFICAS,,,,NOT_ASSESSED_FOR_MWU_IN_7D,,NOT_ASSESSED,NOT_ASSESSED,NOT_ASSESSED,NOT_ASSESSED,NO,MWU_SENSE_NORMALIZATION_PENDING_PHASE14,INCLUDED,LEGAL_REVIEW_REQUIRED_NOT_CERTIFIED_FOR_REDISTRIBUTION,0,1,0,0,,1.20
7G-MWU-0060,MWU_CHUNK,oficina de información,,oficina de información,MWU_CANONICAL_PROVISIONAL,EXACT_PHASE6_RECONSTRUCTION,MWU,A1_CORE_NORMATIVE,6A_NOCIONES_ESPECIFICAS,PCIC-09,6A_NOCIONES_ESPECIFICAS,,,,NOT_ASSESSED_FOR_MWU_IN_7D,,NOT_ASSESSED,NOT_ASSESSED,NOT_ASSESSED,NOT_ASSESSED,NO,MWU_SENSE_NORMALIZATION_PENDING_PHASE14,INCLUDED,LEGAL_REVIEW_REQUIRED_NOT_CERTIFIED_FOR_REDISTRIBUTION,0,1,0,0,,1.20
7G-MWU-0061,MWU_CHUNK,oficina de turismo,,oficina de turismo,MWU_CANONICAL_PROVISIONAL,EXACT_PHASE6_RECONSTRUCTION,MWU,A1_CORE_NORMATIVE,6A_NOCIONES_ESPECIFICAS,PCIC-09,6A_NOCIONES_ESPECIFICAS,,,,NOT_ASSESSED_FOR_MWU_IN_7D,,NOT_ASSESSED,NOT_ASSESSED,NOT_ASSESSED,NOT_ASSESSED,NO,MWU_SENSE_NORMALIZATION_PENDING_PHASE14,INCLUDED,LEGAL_REVIEW_REQUIRED_NOT_CERTIFIED_FOR_REDISTRIBUTION,0,1,0,0,,1.20
7G-MWU-0062,MWU_CHUNK,ver la televisión,,ver la televisión,MWU_CANONICAL_PROVISIONAL,EXACT_PHASE6_RECONSTRUCTION,MWU,A1_CORE_NORMATIVE,6A_NOCIONES_ESPECIFICAS,PCIC-09,6A_NOCIONES_ESPECIFICAS,,,,NOT_ASSESSED_FOR_MWU_IN_7D,,NOT_ASSESSED,NOT_ASSESSED,NOT_ASSESSED,NOT_ASSESSED,NO,MWU_SENSE_NORMALIZATION_PENDING_PHASE14,INCLUDED,LEGAL_REVIEW_REQUIRED_NOT_CERTIFIED_FOR_REDISTRIBUTION,0,1,0,0,,1.20
7G-MWU-0063,MWU_CHUNK,ver una película,,ver una película,MWU_CANONICAL_PROVISIONAL,EXACT_PHASE6_RECONSTRUCTION,MWU,A1_CORE_NORMATIVE,6A_NOCIONES_ESPECIFICAS,PCIC-09,6A_NOCIONES_ESPECIFICAS,,,,NOT_ASSESSED_FOR_MWU_IN_7D,,NOT_ASSESSED,NOT_ASSESSED,NOT_ASSESSED,NOT_ASSESSED,NO,MWU_SENSE_NORMALIZATION_PENDING_PHASE14,INCLUDED,LEGAL_REVIEW_REQUIRED_NOT_CERTIFIED_FOR_REDISTRIBUTION,0,1,0,0,,1.20
7G-MWU-0064,MWU_CHUNK,escribir un mensaje electrónico,,escribir un mensaje electrónico,MWU_CANONICAL_PROVISIONAL,EXACT_PHASE6_RECONSTRUCTION,MWU,A1_CORE_NORMATIVE,6A_NOCIONES_ESPECIFICAS,PCIC-09,6A_NOCIONES_ESPECIFICAS,,,,NOT_ASSESSED_FOR_MWU_IN_7D,,NOT_ASSESSED,NOT_ASSESSED,NOT_ASSESSED,NOT_ASSESSED,NO,MWU_SENSE_NORMALIZATION_PENDING_PHASE14,INCLUDED,LEGAL_REVIEW_REQUIRED_NOT_CERTIFIED_FOR_REDISTRIBUTION,0,1,0,0,,1.20
7G-MWU-0065,MWU_CHUNK,escribir una carta,,escribir una carta,MWU_CANONICAL_PROVISIONAL,EXACT_PHASE6_RECONSTRUCTION,MWU,A1_CORE_NORMATIVE,6A_NOCIONES_ESPECIFICAS,PCIC-09,6A_NOCIONES_ESPECIFICAS,,,,NOT_ASSESSED_FOR_MWU_IN_7D,,NOT_ASSESSED,NOT_ASSESSED,NOT_ASSESSED,NOT_ASSESSED,NO,MWU_SENSE_NORMALIZATION_PENDING_PHASE14,INCLUDED,LEGAL_REVIEW_REQUIRED_NOT_CERTIFIED_FOR_REDISTRIBUTION,0,1,0,0,,1.20
7G-MWU-0066,MWU_CHUNK,escribir una postal,,escribir una postal,MWU_CANONICAL_PROVISIONAL,EXACT_PHASE6_RECONSTRUCTION,MWU,A1_CORE_NORMATIVE,6A_NOCIONES_ESPECIFICAS,PCIC-09,6A_NOCIONES_ESPECIFICAS,,,,NOT_ASSESSED_FOR_MWU_IN_7D,,NOT_ASSESSED,NOT_ASSESSED,NOT_ASSESSED,NOT_ASSESSED,NO,MWU_SENSE_NORMALIZATION_PENDING_PHASE14,INCLUDED,LEGAL_REVIEW_REQUIRED_NOT_CERTIFIED_FOR_REDISTRIBUTION,0,1,0,0,,1.20
7G-MWU-0067,MWU_CHUNK,guión bajo,,guión bajo,MWU_CANONICAL_PROVISIONAL,EXACT_PHASE6_RECONSTRUCTION,MWU,A1_CORE_NORMATIVE,6A_NOCIONES_ESPECIFICAS,PCIC-09,6A_NOCIONES_ESPECIFICAS,,,,NOT_ASSESSED_FOR_MWU_IN_7D,,NOT_ASSESSED,NOT_ASSESSED,NOT_ASSESSED,NOT_ASSESSED,NO,MWU_SENSE_NORMALIZATION_PENDING_PHASE14,INCLUDED,LEGAL_REVIEW_REQUIRED_NOT_CERTIFIED_FOR_REDISTRIBUTION,0,1,0,0,,1.20
7G-MWU-0068,MWU_CHUNK,leer un periódico,,leer un periódico,MWU_CANONICAL_PROVISIONAL,EXACT_PHASE6_RECONSTRUCTION,MWU,A1_CORE_NORMATIVE,6A_NOCIONES_ESPECIFICAS,PCIC-09,6A_NOCIONES_ESPECIFICAS,,,,NOT_ASSESSED_FOR_MWU_IN_7D,,NOT_ASSESSED,NOT_ASSESSED,NOT_ASSESSED,NOT_ASSESSED,NO,MWU_SENSE_NORMALIZATION_PENDING_PHASE14,INCLUDED,LEGAL_REVIEW_REQUIRED_NOT_CERTIFIED_FOR_REDISTRIBUTION,0,1,0,0,,1.20
7G-MWU-0069,MWU_CHUNK,página web,,página web,MWU_CANONICAL_PROVISIONAL,EXACT_PHASE6_RECONSTRUCTION,MWU,A1_CORE_NORMATIVE,6A_NOCIONES_ESPECIFICAS,PCIC-09,6A_NOCIONES_ESPECIFICAS,,,,NOT_ASSESSED_FOR_MWU_IN_7D,,NOT_ASSESSED,NOT_ASSESSED,NOT_ASSESSED,NOT_ASSESSED,NO,MWU_SENSE_NORMALIZATION_PENDING_PHASE14,INCLUDED,LEGAL_REVIEW_REQUIRED_NOT_CERTIFIED_FOR_REDISTRIBUTION,0,1,0,0,,1.20
7G-MWU-0070,MWU_CHUNK,teléfono fijo,,teléfono fijo,MWU_CANONICAL_PROVISIONAL,EXACT_PHASE6_RECONSTRUCTION,MWU,A1_CORE_NORMATIVE,6A_NOCIONES_ESPECIFICAS,PCIC-09,6A_NOCIONES_ESPECIFICAS,,,,NOT_ASSESSED_FOR_MWU_IN_7D,,NOT_ASSESSED,NOT_ASSESSED,NOT_ASSESSED,NOT_ASSESSED,NO,MWU_SENSE_NORMALIZATION_PENDING_PHASE14,INCLUDED,LEGAL_REVIEW_REQUIRED_NOT_CERTIFIED_FOR_REDISTRIBUTION,0,1,0,0,,1.20
7G-MWU-0071,MWU_CHUNK,teléfono móvil,,teléfono móvil,MWU_CANONICAL_PROVISIONAL,EXACT_PHASE6_RECONSTRUCTION,MWU,A1_CORE_NORMATIVE,6A_NOCIONES_ESPECIFICAS,PCIC-09,6A_NOCIONES_ESPECIFICAS,,,,NOT_ASSESSED_FOR_MWU_IN_7D,,NOT_ASSESSED,NOT_ASSESSED,NOT_ASSESSED,NOT_ASSESSED,NO,MWU_SENSE_NORMALIZATION_PENDING_PHASE14,INCLUDED,LEGAL_REVIEW_REQUIRED_NOT_CERTIFIED_FOR_REDISTRIBUTION,0,1,0,0,,1.20
7G-MWU-0072,MWU_CHUNK,aire acondicionado,,aire acondicionado,MWU_CANONICAL_PROVISIONAL,EXACT_PHASE6_RECONSTRUCTION,MWU,A1_CORE_NORMATIVE,6A_NOCIONES_ESPECIFICAS,PCIC-09,6A_NOCIONES_ESPECIFICAS,,,,NOT_ASSESSED_FOR_MWU_IN_7D,,NOT_ASSESSED,NOT_ASSESSED,NOT_ASSESSED,NOT_ASSESSED,NO,MWU_SENSE_NORMALIZATION_PENDING_PHASE14,INCLUDED,LEGAL_REVIEW_REQUIRED_NOT_CERTIFIED_FOR_REDISTRIBUTION,0,1,0,0,,1.20
7G-MWU-0073,MWU_CHUNK,alquilar un apartamento,,alquilar un apartamento,MWU_CANONICAL_PROVISIONAL,EXACT_PHASE6_RECONSTRUCTION,MWU,A1_CORE_NORMATIVE,6A_NOCIONES_ESPECIFICAS,PCIC-09,6A_NOCIONES_ESPECIFICAS,,,,NOT_ASSESSED_FOR_MWU_IN_7D,,NOT_ASSESSED,NOT_ASSESSED,NOT_ASSESSED,NOT_ASSESSED,NO,MWU_SENSE_NORMALIZATION_PENDING_PHASE14,INCLUDED,LEGAL_REVIEW_REQUIRED_NOT_CERTIFIED_FOR_REDISTRIBUTION,0,1,0,0,,1.20
7G-MWU-0074,MWU_CHUNK,alquilar un piso,,alquilar un piso,MWU_CANONICAL_PROVISIONAL,EXACT_PHASE6_RECONSTRUCTION,MWU,A1_CORE_NORMATIVE,6A_NOCIONES_ESPECIFICAS,PCIC-09,6A_NOCIONES_ESPECIFICAS,,,,NOT_ASSESSED_FOR_MWU_IN_7D,,NOT_ASSESSED,NOT_ASSESSED,NOT_ASSESSED,NOT_ASSESSED,NO,MWU_SENSE_NORMALIZATION_PENDING_PHASE14,INCLUDED,LEGAL_REVIEW_REQUIRED_NOT_CERTIFIED_FOR_REDISTRIBUTION,0,1,0,0,,1.20
7G-MWU-0075,MWU_CHUNK,bien comunicado,,bien comunicado,MWU_CANONICAL_PROVISIONAL,EXACT_PHASE6_RECONSTRUCTION,MWU,A1_CORE_NORMATIVE,6A_NOCIONES_ESPECIFICAS,PCIC-09,6A_NOCIONES_ESPECIFICAS,,,,NOT_ASSESSED_FOR_MWU_IN_7D,,NOT_ASSESSED,NOT_ASSESSED,NOT_ASSESSED,NOT_ASSESSED,NO,MWU_SENSE_NORMALIZATION_PENDING_PHASE14,INCLUDED,LEGAL_REVIEW_REQUIRED_NOT_CERTIFIED_FOR_REDISTRIBUTION,0,1,0,0,,1.20
7G-MWU-0076,MWU_CHUNK,calefacción central,,calefacción central,MWU_CANONICAL_PROVISIONAL,EXACT_PHASE6_RECONSTRUCTION,MWU,A1_CORE_NORMATIVE,6A_NOCIONES_ESPECIFICAS,PCIC-09,6A_NOCIONES_ESPECIFICAS,,,,NOT_ASSESSED_FOR_MWU_IN_7D,,NOT_ASSESSED,NOT_ASSESSED,NOT_ASSESSED,NOT_ASSESSED,NO,MWU_SENSE_NORMALIZATION_PENDING_PHASE14,INCLUDED,LEGAL_REVIEW_REQUIRED_NOT_CERTIFIED_FOR_REDISTRIBUTION,0,1,0,0,,1.20
7G-MWU-0077,MWU_CHUNK,calefacción individual,,calefacción individual,MWU_CANONICAL_PROVISIONAL,EXACT_PHASE6_RECONSTRUCTION,MWU,A1_CORE_NORMATIVE,6A_NOCIONES_ESPECIFICAS,PCIC-09,6A_NOCIONES_ESPECIFICAS,,,,NOT_ASSESSED_FOR_MWU_IN_7D,,NOT_ASSESSED,NOT_ASSESSED,NOT_ASSESSED,NOT_ASSESSED,NO,MWU_SENSE_NORMALIZATION_PENDING_PHASE14,INCLUDED,LEGAL_REVIEW_REQUIRED_NOT_CERTIFIED_FOR_REDISTRIBUTION,0,1,0,0,,1.20
7G-MWU-0078,MWU_CHUNK,comprar un apartamento,,comprar un apartamento,MWU_CANONICAL_PROVISIONAL,EXACT_PHASE6_RECONSTRUCTION,MWU,A1_CORE_NORMATIVE,6A_NOCIONES_ESPECIFICAS,PCIC-09,6A_NOCIONES_ESPECIFICAS,,,,NOT_ASSESSED_FOR_MWU_IN_7D,,NOT_ASSESSED,NOT_ASSESSED,NOT_ASSESSED,NOT_ASSESSED,NO,MWU_SENSE_NORMALIZATION_PENDING_PHASE14,INCLUDED,LEGAL_REVIEW_REQUIRED_NOT_CERTIFIED_FOR_REDISTRIBUTION,0,1,0,0,,1.20
7G-MWU-0079,MWU_CHUNK,comprar un piso,,comprar un piso,MWU_CANONICAL_PROVISIONAL,EXACT_PHASE6_RECONSTRUCTION,MWU,A1_CORE_NORMATIVE,6A_NOCIONES_ESPECIFICAS,PCIC-09,6A_NOCIONES_ESPECIFICAS,,,,NOT_ASSESSED_FOR_MWU_IN_7D,,NOT_ASSESSED,NOT_ASSESSED,NOT_ASSESSED,NOT_ASSESSED,NO,MWU_SENSE_NORMALIZATION_PENDING_PHASE14,INCLUDED,LEGAL_REVIEW_REQUIRED_NOT_CERTIFIED_FOR_REDISTRIBUTION,0,1,0,0,,1.20
7G-MWU-0080,MWU_CHUNK,cuarto de baño,,cuarto de baño,MWU_CANONICAL_PROVISIONAL,EXACT_PHASE6_RECONSTRUCTION,MWU,A1_CORE_NORMATIVE,6A_NOCIONES_ESPECIFICAS,PCIC-09,6A_NOCIONES_ESPECIFICAS,,,,NOT_ASSESSED_FOR_MWU_IN_7D,,NOT_ASSESSED,NOT_ASSESSED,NOT_ASSESSED,NOT_ASSESSED,NO,MWU_SENSE_NORMALIZATION_PENDING_PHASE14,INCLUDED,LEGAL_REVIEW_REQUIRED_NOT_CERTIFIED_FOR_REDISTRIBUTION,0,1,0,0,,1.20
7G-MWU-0081,MWU_CHUNK,mal comunicado,,mal comunicado,MWU_CANONICAL_PROVISIONAL,EXACT_PHASE6_RECONSTRUCTION,MWU,A1_CORE_NORMATIVE,6A_NOCIONES_ESPECIFICAS,PCIC-09,6A_NOCIONES_ESPECIFICAS,,,,NOT_ASSESSED_FOR_MWU_IN_7D,,NOT_ASSESSED,NOT_ASSESSED,NOT_ASSESSED,NOT_ASSESSED,NO,MWU_SENSE_NORMALIZATION_PENDING_PHASE14,INCLUDED,LEGAL_REVIEW_REQUIRED_NOT_CERTIFIED_FOR_REDISTRIBUTION,0,1,0,0,,1.20
7G-MWU-0082,MWU_CHUNK,sala de estar,,sala de estar,MWU_CANONICAL_PROVISIONAL,EXACT_PHASE6_RECONSTRUCTION,MWU,A1_CORE_NORMATIVE,6A_NOCIONES_ESPECIFICAS,PCIC-09,6A_NOCIONES_ESPECIFICAS,,,,NOT_ASSESSED_FOR_MWU_IN_7D,,NOT_ASSESSED,NOT_ASSESSED,NOT_ASSESSED,NOT_ASSESSED,NO,MWU_SENSE_NORMALIZATION_PENDING_PHASE14,INCLUDED,LEGAL_REVIEW_REQUIRED_NOT_CERTIFIED_FOR_REDISTRIBUTION,0,1,0,0,,1.20
7G-MWU-0083,MWU_CHUNK,tener ascensor,,tener ascensor,MWU_CANONICAL_PROVISIONAL,EXACT_PHASE6_RECONSTRUCTION,MWU,A1_CORE_NORMATIVE,6A_NOCIONES_ESPECIFICAS,PCIC-09,6A_NOCIONES_ESPECIFICAS,,,,NOT_ASSESSED_FOR_MWU_IN_7D,,NOT_ASSESSED,NOT_ASSESSED,NOT_ASSESSED,NOT_ASSESSED,NO,MWU_SENSE_NORMALIZATION_PENDING_PHASE14,INCLUDED,LEGAL_REVIEW_REQUIRED_NOT_CERTIFIED_FOR_REDISTRIBUTION,0,1,0,0,,1.20
7G-MWU-0084,MWU_CHUNK,tener teléfono,,tener teléfono,MWU_CANONICAL_PROVISIONAL,EXACT_PHASE6_RECONSTRUCTION,MWU,A1_CORE_NORMATIVE,6A_NOCIONES_ESPECIFICAS,PCIC-09,6A_NOCIONES_ESPECIFICAS,,,,NOT_ASSESSED_FOR_MWU_IN_7D,,NOT_ASSESSED,NOT_ASSESSED,NOT_ASSESSED,NOT_ASSESSED,NO,MWU_SENSE_NORMALIZATION_PENDING_PHASE14,INCLUDED,LEGAL_REVIEW_REQUIRED_NOT_CERTIFIED_FOR_REDISTRIBUTION,0,1,0,0,,1.20
7G-MWU-0085,MWU_CHUNK,vender un apartamento,,vender un apartamento,MWU_CANONICAL_PROVISIONAL,EXACT_PHASE6_RECONSTRUCTION,MWU,A1_CORE_NORMATIVE,6A_NOCIONES_ESPECIFICAS,PCIC-09,6A_NOCIONES_ESPECIFICAS,,,,NOT_ASSESSED_FOR_MWU_IN_7D,,NOT_ASSESSED,NOT_ASSESSED,NOT_ASSESSED,NOT_ASSESSED,NO,MWU_SENSE_NORMALIZATION_PENDING_PHASE14,INCLUDED,LEGAL_REVIEW_REQUIRED_NOT_CERTIFIED_FOR_REDISTRIBUTION,0,1,0,0,,1.20
7G-MWU-0086,MWU_CHUNK,vender un piso,,vender un piso,MWU_CANONICAL_PROVISIONAL,EXACT_PHASE6_RECONSTRUCTION,MWU,A1_CORE_NORMATIVE,6A_NOCIONES_ESPECIFICAS,PCIC-09,6A_NOCIONES_ESPECIFICAS,,,,NOT_ASSESSED_FOR_MWU_IN_7D,,NOT_ASSESSED,NOT_ASSESSED,NOT_ASSESSED,NOT_ASSESSED,NO,MWU_SENSE_NORMALIZATION_PENDING_PHASE14,INCLUDED,LEGAL_REVIEW_REQUIRED_NOT_CERTIFIED_FOR_REDISTRIBUTION,0,1,0,0,,1.20
7G-MWU-0087,MWU_CHUNK,vivir en un apartamento,,vivir en un apartamento,MWU_CANONICAL_PROVISIONAL,EXACT_PHASE6_RECONSTRUCTION,MWU,A1_CORE_NORMATIVE,6A_NOCIONES_ESPECIFICAS,PCIC-09,6A_NOCIONES_ESPECIFICAS,,,,NOT_ASSESSED_FOR_MWU_IN_7D,,NOT_ASSESSED,NOT_ASSESSED,NOT_ASSESSED,NOT_ASSESSED,NO,MWU_SENSE_NORMALIZATION_PENDING_PHASE14,INCLUDED,LEGAL_REVIEW_REQUIRED_NOT_CERTIFIED_FOR_REDISTRIBUTION,0,1,0,0,,1.20
7G-MWU-0088,MWU_CHUNK,vivir en un piso,,vivir en un piso,MWU_CANONICAL_PROVISIONAL,EXACT_PHASE6_RECONSTRUCTION,MWU,A1_CORE_NORMATIVE,6A_NOCIONES_ESPECIFICAS,PCIC-09,6A_NOCIONES_ESPECIFICAS,,,,NOT_ASSESSED_FOR_MWU_IN_7D,,NOT_ASSESSED,NOT_ASSESSED,NOT_ASSESSED,NOT_ASSESSED,NO,MWU_SENSE_NORMALIZATION_PENDING_PHASE14,INCLUDED,LEGAL_REVIEW_REQUIRED_NOT_CERTIFIED_FOR_REDISTRIBUTION,0,1,0,0,,1.20
7G-MWU-0089,MWU_CHUNK,vivir en una casa,,vivir en una casa,MWU_CANONICAL_PROVISIONAL,EXACT_PHASE6_RECONSTRUCTION,MWU,A1_CORE_NORMATIVE,6A_NOCIONES_ESPECIFICAS,PCIC-09,6A_NOCIONES_ESPECIFICAS,,,,NOT_ASSESSED_FOR_MWU_IN_7D,,NOT_ASSESSED,NOT_ASSESSED,NOT_ASSESSED,NOT_ASSESSED,NO,MWU_SENSE_NORMALIZATION_PENDING_PHASE14,INCLUDED,LEGAL_REVIEW_REQUIRED_NOT_CERTIFIED_FOR_REDISTRIBUTION,0,1,0,0,,1.20
7G-MWU-0090,MWU_CHUNK,cambiar dinero,,cambiar dinero,MWU_CANONICAL_PROVISIONAL,EXACT_PHASE6_RECONSTRUCTION,MWU,A1_CORE_NORMATIVE,6A_NOCIONES_ESPECIFICAS,PCIC-09,6A_NOCIONES_ESPECIFICAS,,,,NOT_ASSESSED_FOR_MWU_IN_7D,,NOT_ASSESSED,NOT_ASSESSED,NOT_ASSESSED,NOT_ASSESSED,NO,MWU_SENSE_NORMALIZATION_PENDING_PHASE14,INCLUDED,LEGAL_REVIEW_REQUIRED_NOT_CERTIFIED_FOR_REDISTRIBUTION,0,1,0,0,,1.20
7G-MWU-0091,MWU_CHUNK,pagar con tarjeta,,pagar con tarjeta,MWU_CANONICAL_PROVISIONAL,EXACT_PHASE6_RECONSTRUCTION,MWU,A1_CORE_NORMATIVE,6A_NOCIONES_ESPECIFICAS,PCIC-09,6A_NOCIONES_ESPECIFICAS,,,,NOT_ASSESSED_FOR_MWU_IN_7D,,NOT_ASSESSED,NOT_ASSESSED,NOT_ASSESSED,NOT_ASSESSED,NO,MWU_SENSE_NORMALIZATION_PENDING_PHASE14,INCLUDED,LEGAL_REVIEW_REQUIRED_NOT_CERTIFIED_FOR_REDISTRIBUTION,0,1,0,0,,1.20
7G-MWU-0092,MWU_CHUNK,estar enfermo,,estar enfermo,MWU_CANONICAL_PROVISIONAL,EXACT_PHASE6_RECONSTRUCTION,MWU,A1_CORE_NORMATIVE,6A_NOCIONES_ESPECIFICAS,PCIC-09,6A_NOCIONES_ESPECIFICAS,,,,NOT_ASSESSED_FOR_MWU_IN_7D,,NOT_ASSESSED,NOT_ASSESSED,NOT_ASSESSED,NOT_ASSESSED,NO,MWU_SENSE_NORMALIZATION_PENDING_PHASE14,INCLUDED,LEGAL_REVIEW_REQUIRED_NOT_CERTIFIED_FOR_REDISTRIBUTION,0,1,0,0,,1.20
7G-MWU-0093,MWU_CHUNK,estar malo,,estar malo,MWU_CANONICAL_PROVISIONAL,EXACT_PHASE6_RECONSTRUCTION,MWU,A1_CORE_NORMATIVE,6A_NOCIONES_ESPECIFICAS,PCIC-09,6A_NOCIONES_ESPECIFICAS,,,,NOT_ASSESSED_FOR_MWU_IN_7D,,NOT_ASSESSED,NOT_ASSESSED,NOT_ASSESSED,NOT_ASSESSED,NO,MWU_SENSE_NORMALIZATION_PENDING_PHASE14,INCLUDED,LEGAL_REVIEW_REQUIRED_NOT_CERTIFIED_FOR_REDISTRIBUTION,0,1,0,0,,1.20
7G-MWU-0094,MWU_CHUNK,ir al hospital,,ir al hospital,MWU_CANONICAL_PROVISIONAL,EXACT_PHASE6_RECONSTRUCTION,MWU,A1_CORE_NORMATIVE,6A_NOCIONES_ESPECIFICAS,PCIC-09,6A_NOCIONES_ESPECIFICAS,,,,NOT_ASSESSED_FOR_MWU_IN_7D,,NOT_ASSESSED,NOT_ASSESSED,NOT_ASSESSED,NOT_ASSESSED,NO,MWU_SENSE_NORMALIZATION_PENDING_PHASE14,INCLUDED,LEGAL_REVIEW_REQUIRED_NOT_CERTIFIED_FOR_REDISTRIBUTION,0,1,0,0,,1.20
7G-MWU-0095,MWU_CHUNK,ir al médico,,ir al médico,MWU_CANONICAL_PROVISIONAL,EXACT_PHASE6_RECONSTRUCTION,MWU,A1_CORE_NORMATIVE,6A_NOCIONES_ESPECIFICAS,PCIC-09,6A_NOCIONES_ESPECIFICAS,,,,NOT_ASSESSED_FOR_MWU_IN_7D,,NOT_ASSESSED,NOT_ASSESSED,NOT_ASSESSED,NOT_ASSESSED,NO,MWU_SENSE_NORMALIZATION_PENDING_PHASE14,INCLUDED,LEGAL_REVIEW_REQUIRED_NOT_CERTIFIED_FOR_REDISTRIBUTION,0,1,0,0,,1.20
7G-MWU-0096,MWU_CHUNK,lavarse el pelo,,lavarse el pelo,MWU_CANONICAL_PROVISIONAL,EXACT_PHASE6_RECONSTRUCTION,MWU,A1_CORE_NORMATIVE,6A_NOCIONES_ESPECIFICAS,PCIC-09,6A_NOCIONES_ESPECIFICAS,,,,NOT_ASSESSED_FOR_MWU_IN_7D,,NOT_ASSESSED,NOT_ASSESSED,NOT_ASSESSED,NOT_ASSESSED,NO,MWU_SENSE_NORMALIZATION_PENDING_PHASE14,INCLUDED,LEGAL_REVIEW_REQUIRED_NOT_CERTIFIED_FOR_REDISTRIBUTION,0,1,0,0,,1.20
7G-MWU-0097,MWU_CHUNK,lavarse la cara,,lavarse la cara,MWU_CANONICAL_PROVISIONAL,EXACT_PHASE6_RECONSTRUCTION,MWU,A1_CORE_NORMATIVE,6A_NOCIONES_ESPECIFICAS,PCIC-09,6A_NOCIONES_ESPECIFICAS,,,,NOT_ASSESSED_FOR_MWU_IN_7D,,NOT_ASSESSED,NOT_ASSESSED,NOT_ASSESSED,NOT_ASSESSED,NO,MWU_SENSE_NORMALIZATION_PENDING_PHASE14,INCLUDED,LEGAL_REVIEW_REQUIRED_NOT_CERTIFIED_FOR_REDISTRIBUTION,0,1,0,0,,1.20
7G-MWU-0098,MWU_CHUNK,lavarse las manos,,lavarse las manos,MWU_CANONICAL_PROVISIONAL,EXACT_PHASE6_RECONSTRUCTION,MWU,A1_CORE_NORMATIVE,6A_NOCIONES_ESPECIFICAS,PCIC-09,6A_NOCIONES_ESPECIFICAS,,,,NOT_ASSESSED_FOR_MWU_IN_7D,,NOT_ASSESSED,NOT_ASSESSED,NOT_ASSESSED,NOT_ASSESSED,NO,MWU_SENSE_NORMALIZATION_PENDING_PHASE14,INCLUDED,LEGAL_REVIEW_REQUIRED_NOT_CERTIFIED_FOR_REDISTRIBUTION,0,1,0,0,,1.20
7G-MWU-0099,MWU_CHUNK,lavarse los dientes,,lavarse los dientes,MWU_CANONICAL_PROVISIONAL,EXACT_PHASE6_RECONSTRUCTION,MWU,A1_CORE_NORMATIVE,6A_NOCIONES_ESPECIFICAS,PCIC-09,6A_NOCIONES_ESPECIFICAS,,,,NOT_ASSESSED_FOR_MWU_IN_7D,,NOT_ASSESSED,NOT_ASSESSED,NOT_ASSESSED,NOT_ASSESSED,NO,MWU_SENSE_NORMALIZATION_PENDING_PHASE14,INCLUDED,LEGAL_REVIEW_REQUIRED_NOT_CERTIFIED_FOR_REDISTRIBUTION,0,1,0,0,,1.20
7G-MWU-0100,MWU_CHUNK,comprar un billete de ida,,comprar un billete de ida,MWU_CANONICAL_PROVISIONAL,EXACT_PHASE6_RECONSTRUCTION,MWU,A1_CORE_NORMATIVE,6A_NOCIONES_ESPECIFICAS,PCIC-09,6A_NOCIONES_ESPECIFICAS,,,,NOT_ASSESSED_FOR_MWU_IN_7D,,NOT_ASSESSED,NOT_ASSESSED,NOT_ASSESSED,NOT_ASSESSED,NO,MWU_SENSE_NORMALIZATION_PENDING_PHASE14,INCLUDED,LEGAL_REVIEW_REQUIRED_NOT_CERTIFIED_FOR_REDISTRIBUTION,0,1,0,0,,1.20
7G-MWU-0101,MWU_CHUNK,comprar un billete de ida y vuelta,,comprar un billete de ida y vuelta,MWU_CANONICAL_PROVISIONAL,EXACT_PHASE6_RECONSTRUCTION,MWU,A1_CORE_NORMATIVE,6A_NOCIONES_ESPECIFICAS,PCIC-09,6A_NOCIONES_ESPECIFICAS,,,,NOT_ASSESSED_FOR_MWU_IN_7D,,NOT_ASSESSED,NOT_ASSESSED,NOT_ASSESSED,NOT_ASSESSED,NO,MWU_SENSE_NORMALIZATION_PENDING_PHASE14,INCLUDED,LEGAL_REVIEW_REQUIRED_NOT_CERTIFIED_FOR_REDISTRIBUTION,0,1,0,0,,1.20
7G-MWU-0102,MWU_CHUNK,estación de autobuses,,estación de autobuses,MWU_CANONICAL_PROVISIONAL,EXACT_PHASE6_RECONSTRUCTION,MWU,A1_CORE_NORMATIVE,6A_NOCIONES_ESPECIFICAS,PCIC-09,6A_NOCIONES_ESPECIFICAS,,,,NOT_ASSESSED_FOR_MWU_IN_7D,,NOT_ASSESSED,NOT_ASSESSED,NOT_ASSESSED,NOT_ASSESSED,NO,MWU_SENSE_NORMALIZATION_PENDING_PHASE14,INCLUDED,LEGAL_REVIEW_REQUIRED_NOT_CERTIFIED_FOR_REDISTRIBUTION,0,1,0,0,,1.20
7G-MWU-0103,MWU_CHUNK,estación de metro,,estación de metro,MWU_CANONICAL_PROVISIONAL,EXACT_PHASE6_RECONSTRUCTION,MWU,A1_CORE_NORMATIVE,6A_NOCIONES_ESPECIFICAS,PCIC-09,6A_NOCIONES_ESPECIFICAS,,,,NOT_ASSESSED_FOR_MWU_IN_7D,,NOT_ASSESSED,NOT_ASSESSED,NOT_ASSESSED,NOT_ASSESSED,NO,MWU_SENSE_NORMALIZATION_PENDING_PHASE14,INCLUDED,LEGAL_REVIEW_REQUIRED_NOT_CERTIFIED_FOR_REDISTRIBUTION,0,1,0,0,,1.20
7G-MWU-0104,MWU_CHUNK,estación de tren,,estación de tren,MWU_CANONICAL_PROVISIONAL,EXACT_PHASE6_RECONSTRUCTION,MWU,A1_CORE_NORMATIVE,6A_NOCIONES_ESPECIFICAS,PCIC-09,6A_NOCIONES_ESPECIFICAS,,,,NOT_ASSESSED_FOR_MWU_IN_7D,,NOT_ASSESSED,NOT_ASSESSED,NOT_ASSESSED,NOT_ASSESSED,NO,MWU_SENSE_NORMALIZATION_PENDING_PHASE14,INCLUDED,LEGAL_REVIEW_REQUIRED_NOT_CERTIFIED_FOR_REDISTRIBUTION,0,1,0,0,,1.20
7G-MWU-0105,MWU_CHUNK,habitación con aire acondicionado,,habitación con aire acondicionado,MWU_CANONICAL_PROVISIONAL,EXACT_PHASE6_RECONSTRUCTION,MWU,A1_CORE_NORMATIVE,6A_NOCIONES_ESPECIFICAS,PCIC-09,6A_NOCIONES_ESPECIFICAS,,,,NOT_ASSESSED_FOR_MWU_IN_7D,,NOT_ASSESSED,NOT_ASSESSED,NOT_ASSESSED,NOT_ASSESSED,NO,MWU_SENSE_NORMALIZATION_PENDING_PHASE14,INCLUDED,LEGAL_REVIEW_REQUIRED_NOT_CERTIFIED_FOR_REDISTRIBUTION,0,1,0,0,,1.20
7G-MWU-0106,MWU_CHUNK,habitación con baño,,habitación con baño,MWU_CANONICAL_PROVISIONAL,EXACT_PHASE6_RECONSTRUCTION,MWU,A1_CORE_NORMATIVE,6A_NOCIONES_ESPECIFICAS,PCIC-09,6A_NOCIONES_ESPECIFICAS,,,,NOT_ASSESSED_FOR_MWU_IN_7D,,NOT_ASSESSED,NOT_ASSESSED,NOT_ASSESSED,NOT_ASSESSED,NO,MWU_SENSE_NORMALIZATION_PENDING_PHASE14,INCLUDED,LEGAL_REVIEW_REQUIRED_NOT_CERTIFIED_FOR_REDISTRIBUTION,0,1,0,0,,1.20
7G-MWU-0107,MWU_CHUNK,habitación con televisión,,habitación con televisión,MWU_CANONICAL_PROVISIONAL,EXACT_PHASE6_RECONSTRUCTION,MWU,A1_CORE_NORMATIVE,6A_NOCIONES_ESPECIFICAS,PCIC-09,6A_NOCIONES_ESPECIFICAS,,,,NOT_ASSESSED_FOR_MWU_IN_7D,,NOT_ASSESSED,NOT_ASSESSED,NOT_ASSESSED,NOT_ASSESSED,NO,MWU_SENSE_NORMALIZATION_PENDING_PHASE14,INCLUDED,LEGAL_REVIEW_REQUIRED_NOT_CERTIFIED_FOR_REDISTRIBUTION,0,1,0,0,,1.20
7G-MWU-0108,MWU_CHUNK,habitación con teléfono,,habitación con teléfono,MWU_CANONICAL_PROVISIONAL,EXACT_PHASE6_RECONSTRUCTION,MWU,A1_CORE_NORMATIVE,6A_NOCIONES_ESPECIFICAS,PCIC-09,6A_NOCIONES_ESPECIFICAS,,,,NOT_ASSESSED_FOR_MWU_IN_7D,,NOT_ASSESSED,NOT_ASSESSED,NOT_ASSESSED,NOT_ASSESSED,NO,MWU_SENSE_NORMALIZATION_PENDING_PHASE14,INCLUDED,LEGAL_REVIEW_REQUIRED_NOT_CERTIFIED_FOR_REDISTRIBUTION,0,1,0,0,,1.20
7G-MWU-0109,MWU_CHUNK,habitación doble,,habitación doble,MWU_CANONICAL_PROVISIONAL,EXACT_PHASE6_RECONSTRUCTION,MWU,A1_CORE_NORMATIVE,6A_NOCIONES_ESPECIFICAS,PCIC-09,6A_NOCIONES_ESPECIFICAS,,,,NOT_ASSESSED_FOR_MWU_IN_7D,,NOT_ASSESSED,NOT_ASSESSED,NOT_ASSESSED,NOT_ASSESSED,NO,MWU_SENSE_NORMALIZATION_PENDING_PHASE14,INCLUDED,LEGAL_REVIEW_REQUIRED_NOT_CERTIFIED_FOR_REDISTRIBUTION,0,1,0,0,,1.20
7G-MWU-0110,MWU_CHUNK,habitación individual,,habitación individual,MWU_CANONICAL_PROVISIONAL,EXACT_PHASE6_RECONSTRUCTION,MWU,A1_CORE_NORMATIVE,6A_NOCIONES_ESPECIFICAS,PCIC-09,6A_NOCIONES_ESPECIFICAS,,,,NOT_ASSESSED_FOR_MWU_IN_7D,,NOT_ASSESSED,NOT_ASSESSED,NOT_ASSESSED,NOT_ASSESSED,NO,MWU_SENSE_NORMALIZATION_PENDING_PHASE14,INCLUDED,LEGAL_REVIEW_REQUIRED_NOT_CERTIFIED_FOR_REDISTRIBUTION,0,1,0,0,,1.20
7G-MWU-0111,MWU_CHUNK,ir a la montaña,,ir a la montaña,MWU_CANONICAL_PROVISIONAL,EXACT_PHASE6_RECONSTRUCTION,MWU,A1_CORE_NORMATIVE,6A_NOCIONES_ESPECIFICAS,PCIC-09,6A_NOCIONES_ESPECIFICAS,,,,NOT_ASSESSED_FOR_MWU_IN_7D,,NOT_ASSESSED,NOT_ASSESSED,NOT_ASSESSED,NOT_ASSESSED,NO,MWU_SENSE_NORMALIZATION_PENDING_PHASE14,INCLUDED,LEGAL_REVIEW_REQUIRED_NOT_CERTIFIED_FOR_REDISTRIBUTION,0,1,0,0,,1.20
7G-MWU-0112,MWU_CHUNK,ir a la playa,,ir a la playa,MWU_CANONICAL_PROVISIONAL,EXACT_PHASE6_RECONSTRUCTION,MWU,A1_CORE_NORMATIVE,6A_NOCIONES_ESPECIFICAS,PCIC-09,6A_NOCIONES_ESPECIFICAS,,,,NOT_ASSESSED_FOR_MWU_IN_7D,,NOT_ASSESSED,NOT_ASSESSED,NOT_ASSESSED,NOT_ASSESSED,NO,MWU_SENSE_NORMALIZATION_PENDING_PHASE14,INCLUDED,LEGAL_REVIEW_REQUIRED_NOT_CERTIFIED_FOR_REDISTRIBUTION,0,1,0,0,,1.20
7G-MWU-0113,MWU_CHUNK,ir andando,,ir andando,MWU_CANONICAL_PROVISIONAL,EXACT_PHASE6_RECONSTRUCTION,MWU,A1_CORE_NORMATIVE,6A_NOCIONES_ESPECIFICAS,PCIC-09,6A_NOCIONES_ESPECIFICAS,,,,NOT_ASSESSED_FOR_MWU_IN_7D,,NOT_ASSESSED,NOT_ASSESSED,NOT_ASSESSED,NOT_ASSESSED,NO,MWU_SENSE_NORMALIZATION_PENDING_PHASE14,INCLUDED,LEGAL_REVIEW_REQUIRED_NOT_CERTIFIED_FOR_REDISTRIBUTION,0,1,0,0,,1.20
7G-MWU-0114,MWU_CHUNK,ir en autobús,,ir en autobús,MWU_CANONICAL_PROVISIONAL,EXACT_PHASE6_RECONSTRUCTION,MWU,A1_CORE_NORMATIVE,6A_NOCIONES_ESPECIFICAS,PCIC-09,6A_NOCIONES_ESPECIFICAS,,,,NOT_ASSESSED_FOR_MWU_IN_7D,,NOT_ASSESSED,NOT_ASSESSED,NOT_ASSESSED,NOT_ASSESSED,NO,MWU_SENSE_NORMALIZATION_PENDING_PHASE14,INCLUDED,LEGAL_REVIEW_REQUIRED_NOT_CERTIFIED_FOR_REDISTRIBUTION,0,1,0,0,,1.20
7G-MWU-0115,MWU_CHUNK,ir en avión,,ir en avión,MWU_CANONICAL_PROVISIONAL,EXACT_PHASE6_RECONSTRUCTION,MWU,A1_CORE_NORMATIVE,6A_NOCIONES_ESPECIFICAS,PCIC-09,6A_NOCIONES_ESPECIFICAS,,,,NOT_ASSESSED_FOR_MWU_IN_7D,,NOT_ASSESSED,NOT_ASSESSED,NOT_ASSESSED,NOT_ASSESSED,NO,MWU_SENSE_NORMALIZATION_PENDING_PHASE14,INCLUDED,LEGAL_REVIEW_REQUIRED_NOT_CERTIFIED_FOR_REDISTRIBUTION,0,1,0,0,,1.20
7G-MWU-0116,MWU_CHUNK,ir en barco,,ir en barco,MWU_CANONICAL_PROVISIONAL,EXACT_PHASE6_RECONSTRUCTION,MWU,A1_CORE_NORMATIVE,6A_NOCIONES_ESPECIFICAS,PCIC-09,6A_NOCIONES_ESPECIFICAS,,,,NOT_ASSESSED_FOR_MWU_IN_7D,,NOT_ASSESSED,NOT_ASSESSED,NOT_ASSESSED,NOT_ASSESSED,NO,MWU_SENSE_NORMALIZATION_PENDING_PHASE14,INCLUDED,LEGAL_REVIEW_REQUIRED_NOT_CERTIFIED_FOR_REDISTRIBUTION,0,1,0,0,,1.20
7G-MWU-0117,MWU_CHUNK,ir en coche,,ir en coche,MWU_CANONICAL_PROVISIONAL,EXACT_PHASE6_RECONSTRUCTION,MWU,A1_CORE_NORMATIVE,6A_NOCIONES_ESPECIFICAS,PCIC-09,6A_NOCIONES_ESPECIFICAS,,,,NOT_ASSESSED_FOR_MWU_IN_7D,,NOT_ASSESSED,NOT_ASSESSED,NOT_ASSESSED,NOT_ASSESSED,NO,MWU_SENSE_NORMALIZATION_PENDING_PHASE14,INCLUDED,LEGAL_REVIEW_REQUIRED_NOT_CERTIFIED_FOR_REDISTRIBUTION,0,1,0,0,,1.20
7G-MWU-0118,MWU_CHUNK,ir en metro,,ir en metro,MWU_CANONICAL_PROVISIONAL,EXACT_PHASE6_RECONSTRUCTION,MWU,A1_CORE_NORMATIVE,6A_NOCIONES_ESPECIFICAS,PCIC-09,6A_NOCIONES_ESPECIFICAS,,,,NOT_ASSESSED_FOR_MWU_IN_7D,,NOT_ASSESSED,NOT_ASSESSED,NOT_ASSESSED,NOT_ASSESSED,NO,MWU_SENSE_NORMALIZATION_PENDING_PHASE14,INCLUDED,LEGAL_REVIEW_REQUIRED_NOT_CERTIFIED_FOR_REDISTRIBUTION,0,1,0,0,,1.20
7G-MWU-0119,MWU_CHUNK,ir en taxi,,ir en taxi,MWU_CANONICAL_PROVISIONAL,EXACT_PHASE6_RECONSTRUCTION,MWU,A1_CORE_NORMATIVE,6A_NOCIONES_ESPECIFICAS,PCIC-09,6A_NOCIONES_ESPECIFICAS,,,,NOT_ASSESSED_FOR_MWU_IN_7D,,NOT_ASSESSED,NOT_ASSESSED,NOT_ASSESSED,NOT_ASSESSED,NO,MWU_SENSE_NORMALIZATION_PENDING_PHASE14,INCLUDED,LEGAL_REVIEW_REQUIRED_NOT_CERTIFIED_FOR_REDISTRIBUTION,0,1,0,0,,1.20
7G-MWU-0120,MWU_CHUNK,ir en tren,,ir en tren,MWU_CANONICAL_PROVISIONAL,EXACT_PHASE6_RECONSTRUCTION,MWU,A1_CORE_NORMATIVE,6A_NOCIONES_ESPECIFICAS,PCIC-09,6A_NOCIONES_ESPECIFICAS,,,,NOT_ASSESSED_FOR_MWU_IN_7D,,NOT_ASSESSED,NOT_ASSESSED,NOT_ASSESSED,NOT_ASSESSED,NO,MWU_SENSE_NORMALIZATION_PENDING_PHASE14,INCLUDED,LEGAL_REVIEW_REQUIRED_NOT_CERTIFIED_FOR_REDISTRIBUTION,0,1,0,0,,1.20
7G-MWU-0121,MWU_CHUNK,oficina de información y turismo,,oficina de información y turismo,MWU_CANONICAL_PROVISIONAL,EXACT_PHASE6_RECONSTRUCTION,MWU,A1_CORE_NORMATIVE,6A_NOCIONES_ESPECIFICAS,PCIC-09,6A_NOCIONES_ESPECIFICAS,,,,NOT_ASSESSED_FOR_MWU_IN_7D,,NOT_ASSESSED,NOT_ASSESSED,NOT_ASSESSED,NOT_ASSESSED,NO,MWU_SENSE_NORMALIZATION_PENDING_PHASE14,INCLUDED,LEGAL_REVIEW_REQUIRED_NOT_CERTIFIED_FOR_REDISTRIBUTION,0,1,0,0,,1.20
7G-MWU-0122,MWU_CHUNK,parada de autobús,,parada de autobús,MWU_CANONICAL_PROVISIONAL,EXACT_PHASE6_RECONSTRUCTION,MWU,A1_CORE_NORMATIVE,6A_NOCIONES_ESPECIFICAS,PCIC-09,6A_NOCIONES_ESPECIFICAS,,,,NOT_ASSESSED_FOR_MWU_IN_7D,,NOT_ASSESSED,NOT_ASSESSED,NOT_ASSESSED,NOT_ASSESSED,NO,MWU_SENSE_NORMALIZATION_PENDING_PHASE14,INCLUDED,LEGAL_REVIEW_REQUIRED_NOT_CERTIFIED_FOR_REDISTRIBUTION,0,1,0,0,,1.20
7G-MWU-0123,MWU_CHUNK,parada de metro,,parada de metro,MWU_CANONICAL_PROVISIONAL,EXACT_PHASE6_RECONSTRUCTION,MWU,A1_CORE_NORMATIVE,6A_NOCIONES_ESPECIFICAS,PCIC-09,6A_NOCIONES_ESPECIFICAS,,,,NOT_ASSESSED_FOR_MWU_IN_7D,,NOT_ASSESSED,NOT_ASSESSED,NOT_ASSESSED,NOT_ASSESSED,NO,MWU_SENSE_NORMALIZATION_PENDING_PHASE14,INCLUDED,LEGAL_REVIEW_REQUIRED_NOT_CERTIFIED_FOR_REDISTRIBUTION,0,1,0,0,,1.20
7G-MWU-0124,MWU_CHUNK,parada de taxi,,parada de taxi,MWU_CANONICAL_PROVISIONAL,EXACT_PHASE6_RECONSTRUCTION,MWU,A1_CORE_NORMATIVE,6A_NOCIONES_ESPECIFICAS,PCIC-09,6A_NOCIONES_ESPECIFICAS,,,,NOT_ASSESSED_FOR_MWU_IN_7D,,NOT_ASSESSED,NOT_ASSESSED,NOT_ASSESSED,NOT_ASSESSED,NO,MWU_SENSE_NORMALIZATION_PENDING_PHASE14,INCLUDED,LEGAL_REVIEW_REQUIRED_NOT_CERTIFIED_FOR_REDISTRIBUTION,0,1,0,0,,1.20
7G-MWU-0125,MWU_CHUNK,viajar en avión,,viajar en avión,MWU_CANONICAL_PROVISIONAL,EXACT_PHASE6_RECONSTRUCTION,MWU,A1_CORE_NORMATIVE,6A_NOCIONES_ESPECIFICAS,PCIC-09,6A_NOCIONES_ESPECIFICAS,,,,NOT_ASSESSED_FOR_MWU_IN_7D,,NOT_ASSESSED,NOT_ASSESSED,NOT_ASSESSED,NOT_ASSESSED,NO,MWU_SENSE_NORMALIZATION_PENDING_PHASE14,INCLUDED,LEGAL_REVIEW_REQUIRED_NOT_CERTIFIED_FOR_REDISTRIBUTION,0,1,0,0,,1.20
7G-MWU-0126,MWU_CHUNK,viajar en barco,,viajar en barco,MWU_CANONICAL_PROVISIONAL,EXACT_PHASE6_RECONSTRUCTION,MWU,A1_CORE_NORMATIVE,6A_NOCIONES_ESPECIFICAS,PCIC-09,6A_NOCIONES_ESPECIFICAS,,,,NOT_ASSESSED_FOR_MWU_IN_7D,,NOT_ASSESSED,NOT_ASSESSED,NOT_ASSESSED,NOT_ASSESSED,NO,MWU_SENSE_NORMALIZATION_PENDING_PHASE14,INCLUDED,LEGAL_REVIEW_REQUIRED_NOT_CERTIFIED_FOR_REDISTRIBUTION,0,1,0,0,,1.20
7G-MWU-0127,MWU_CHUNK,ser bonito,,ser bonito,MWU_CANONICAL_PROVISIONAL,EXACT_PHASE6_RECONSTRUCTION,MWU,A1_CORE_NORMATIVE,6A_NOCIONES_ESPECIFICAS,PCIC-09,6A_NOCIONES_ESPECIFICAS,,,,NOT_ASSESSED_FOR_MWU_IN_7D,,NOT_ASSESSED,NOT_ASSESSED,NOT_ASSESSED,NOT_ASSESSED,NO,MWU_SENSE_NORMALIZATION_PENDING_PHASE14,INCLUDED,LEGAL_REVIEW_REQUIRED_NOT_CERTIFIED_FOR_REDISTRIBUTION,0,1,0,0,,1.20
7G-MWU-0128,MWU_CHUNK,ser feo,,ser feo,MWU_CANONICAL_PROVISIONAL,EXACT_PHASE6_RECONSTRUCTION,MWU,A1_CORE_NORMATIVE,6A_NOCIONES_ESPECIFICAS,PCIC-09,6A_NOCIONES_ESPECIFICAS,,,,NOT_ASSESSED_FOR_MWU_IN_7D,,NOT_ASSESSED,NOT_ASSESSED,NOT_ASSESSED,NOT_ASSESSED,NO,MWU_SENSE_NORMALIZATION_PENDING_PHASE14,INCLUDED,LEGAL_REVIEW_REQUIRED_NOT_CERTIFIED_FOR_REDISTRIBUTION,0,1,0,0,,1.20
7G-MWU-0129,MWU_CHUNK,ser interesante,,ser interesante,MWU_CANONICAL_PROVISIONAL,EXACT_PHASE6_RECONSTRUCTION,MWU,A1_CORE_NORMATIVE,6A_NOCIONES_ESPECIFICAS,PCIC-09,6A_NOCIONES_ESPECIFICAS,,,,NOT_ASSESSED_FOR_MWU_IN_7D,,NOT_ASSESSED,NOT_ASSESSED,NOT_ASSESSED,NOT_ASSESSED,NO,MWU_SENSE_NORMALIZATION_PENDING_PHASE14,INCLUDED,LEGAL_REVIEW_REQUIRED_NOT_CERTIFIED_FOR_REDISTRIBUTION,0,1,0,0,,1.20
7G-MWU-0130,MWU_CHUNK,ir a la iglesia,,ir a la iglesia,MWU_CANONICAL_PROVISIONAL,EXACT_PHASE6_RECONSTRUCTION,MWU,A1_CORE_NORMATIVE,6A_NOCIONES_ESPECIFICAS,PCIC-09,6A_NOCIONES_ESPECIFICAS,,,,NOT_ASSESSED_FOR_MWU_IN_7D,,NOT_ASSESSED,NOT_ASSESSED,NOT_ASSESSED,NOT_ASSESSED,NO,MWU_SENSE_NORMALIZATION_PENDING_PHASE14,INCLUDED,LEGAL_REVIEW_REQUIRED_NOT_CERTIFIED_FOR_REDISTRIBUTION,0,1,0,0,,1.20
7G-MWU-0131,MWU_CHUNK,ir a la mezquita,,ir a la mezquita,MWU_CANONICAL_PROVISIONAL,EXACT_PHASE6_RECONSTRUCTION,MWU,A1_CORE_NORMATIVE,6A_NOCIONES_ESPECIFICAS,PCIC-09,6A_NOCIONES_ESPECIFICAS,,,,NOT_ASSESSED_FOR_MWU_IN_7D,,NOT_ASSESSED,NOT_ASSESSED,NOT_ASSESSED,NOT_ASSESSED,NO,MWU_SENSE_NORMALIZATION_PENDING_PHASE14,INCLUDED,LEGAL_REVIEW_REQUIRED_NOT_CERTIFIED_FOR_REDISTRIBUTION,0,1,0,0,,1.20
7G-MWU-0132,MWU_CHUNK,ir a la sinagoga,,ir a la sinagoga,MWU_CANONICAL_PROVISIONAL,EXACT_PHASE6_RECONSTRUCTION,MWU,A1_CORE_NORMATIVE,6A_NOCIONES_ESPECIFICAS,PCIC-09,6A_NOCIONES_ESPECIFICAS,,,,NOT_ASSESSED_FOR_MWU_IN_7D,,NOT_ASSESSED,NOT_ASSESSED,NOT_ASSESSED,NOT_ASSESSED,NO,MWU_SENSE_NORMALIZATION_PENDING_PHASE14,INCLUDED,LEGAL_REVIEW_REQUIRED_NOT_CERTIFIED_FOR_REDISTRIBUTION,0,1,0,0,,1.20
7G-MWU-0133,MWU_CHUNK,centro comercial,,centro comercial,MWU_CANONICAL_PROVISIONAL,EXACT_PHASE6_RECONSTRUCTION,MWU,A1_CORE_NORMATIVE,6A_NOCIONES_ESPECIFICAS,PCIC-09,6A_NOCIONES_ESPECIFICAS,,,,NOT_ASSESSED_FOR_MWU_IN_7D,,NOT_ASSESSED,NOT_ASSESSED,NOT_ASSESSED,NOT_ASSESSED,NO,MWU_SENSE_NORMALIZATION_PENDING_PHASE14,INCLUDED,LEGAL_REVIEW_REQUIRED_NOT_CERTIFIED_FOR_REDISTRIBUTION,0,1,0,0,,1.20
7G-MWU-0134,MWU_CHUNK,hacer buen tiempo,,hacer buen tiempo,MWU_CANONICAL_PROVISIONAL,EXACT_PHASE6_RECONSTRUCTION,MWU,A1_CORE_NORMATIVE,6A_NOCIONES_ESPECIFICAS,PCIC-09,6A_NOCIONES_ESPECIFICAS,,,,NOT_ASSESSED_FOR_MWU_IN_7D,,NOT_ASSESSED,NOT_ASSESSED,NOT_ASSESSED,NOT_ASSESSED,NO,MWU_SENSE_NORMALIZATION_PENDING_PHASE14,INCLUDED,LEGAL_REVIEW_REQUIRED_NOT_CERTIFIED_FOR_REDISTRIBUTION,0,1,0,0,,1.20
7G-MWU-0135,MWU_CHUNK,hacer calor,,hacer calor,MWU_CANONICAL_PROVISIONAL,EXACT_PHASE6_RECONSTRUCTION,MWU,A1_CORE_NORMATIVE,6A_NOCIONES_ESPECIFICAS,PCIC-09,6A_NOCIONES_ESPECIFICAS,,,,NOT_ASSESSED_FOR_MWU_IN_7D,,NOT_ASSESSED,NOT_ASSESSED,NOT_ASSESSED,NOT_ASSESSED,NO,MWU_SENSE_NORMALIZATION_PENDING_PHASE14,INCLUDED,LEGAL_REVIEW_REQUIRED_NOT_CERTIFIED_FOR_REDISTRIBUTION,0,1,0,0,,1.20
7G-MWU-0136,MWU_CHUNK,hacer frío,,hacer frío,MWU_CANONICAL_PROVISIONAL,EXACT_PHASE6_RECONSTRUCTION,MWU,A1_CORE_NORMATIVE,6A_NOCIONES_ESPECIFICAS,PCIC-09,6A_NOCIONES_ESPECIFICAS,,,,NOT_ASSESSED_FOR_MWU_IN_7D,,NOT_ASSESSED,NOT_ASSESSED,NOT_ASSESSED,NOT_ASSESSED,NO,MWU_SENSE_NORMALIZATION_PENDING_PHASE14,INCLUDED,LEGAL_REVIEW_REQUIRED_NOT_CERTIFIED_FOR_REDISTRIBUTION,0,1,0,0,,1.20
7G-MWU-0137,MWU_CHUNK,hacer mal tiempo,,hacer mal tiempo,MWU_CANONICAL_PROVISIONAL,EXACT_PHASE6_RECONSTRUCTION,MWU,A1_CORE_NORMATIVE,6A_NOCIONES_ESPECIFICAS,PCIC-09,6A_NOCIONES_ESPECIFICAS,,,,NOT_ASSESSED_FOR_MWU_IN_7D,,NOT_ASSESSED,NOT_ASSESSED,NOT_ASSESSED,NOT_ASSESSED,NO,MWU_SENSE_NORMALIZATION_PENDING_PHASE14,INCLUDED,LEGAL_REVIEW_REQUIRED_NOT_CERTIFIED_FOR_REDISTRIBUTION,0,1,0,0,,1.20
7G-MWU-0138,MWU_CHUNK,hacer sol,,hacer sol,MWU_CANONICAL_PROVISIONAL,EXACT_PHASE6_RECONSTRUCTION,MWU,A1_CORE_NORMATIVE,6A_NOCIONES_ESPECIFICAS,PCIC-09,6A_NOCIONES_ESPECIFICAS,,,,NOT_ASSESSED_FOR_MWU_IN_7D,,NOT_ASSESSED,NOT_ASSESSED,NOT_ASSESSED,NOT_ASSESSED,NO,MWU_SENSE_NORMALIZATION_PENDING_PHASE14,INCLUDED,LEGAL_REVIEW_REQUIRED_NOT_CERTIFIED_FOR_REDISTRIBUTION,0,1,0,0,,1.20
7G-MWU-0139,MWU_CHUNK,hacer viento,,hacer viento,MWU_CANONICAL_PROVISIONAL,EXACT_PHASE6_RECONSTRUCTION,MWU,A1_CORE_NORMATIVE,6A_NOCIONES_ESPECIFICAS,PCIC-09,6A_NOCIONES_ESPECIFICAS,,,,NOT_ASSESSED_FOR_MWU_IN_7D,,NOT_ASSESSED,NOT_ASSESSED,NOT_ASSESSED,NOT_ASSESSED,NO,MWU_SENSE_NORMALIZATION_PENDING_PHASE14,INCLUDED,LEGAL_REVIEW_REQUIRED_NOT_CERTIFIED_FOR_REDISTRIBUTION,0,1,0,0,,1.20
7G-MWU-0140,MWU_CHUNK,parada de taxis,,parada de taxis,MWU_CANONICAL_PROVISIONAL,EXACT_PHASE6_RECONSTRUCTION,MWU,A1_CORE_NORMATIVE,6A_NOCIONES_ESPECIFICAS,PCIC-09,6A_NOCIONES_ESPECIFICAS,,,,NOT_ASSESSED_FOR_MWU_IN_7D,,NOT_ASSESSED,NOT_ASSESSED,NOT_ASSESSED,NOT_ASSESSED,NO,MWU_SENSE_NORMALIZATION_PENDING_PHASE14,INCLUDED,LEGAL_REVIEW_REQUIRED_NOT_CERTIFIED_FOR_REDISTRIBUTION,0,1,0,0,,1.20
7G-MWU-0141,MWU_CHUNK,a la derecha,,a la derecha,MWU_CANONICAL_PROVISIONAL,EXACT_PHASE6_RECONSTRUCTION,MWU,A1_CORE_NORMATIVE,6B_NOCIONES_GENERALES,PCIC-08,6B_NOCIONES_GENERALES,,,,NOT_ASSESSED_FOR_MWU_IN_7D,,NOT_ASSESSED,NOT_ASSESSED,NOT_ASSESSED,NOT_ASSESSED,NO,MWU_SENSE_NORMALIZATION_PENDING_PHASE14,INCLUDED,LEGAL_REVIEW_REQUIRED_NOT_CERTIFIED_FOR_REDISTRIBUTION,0,1,0,0,,1.20
7G-MWU-0142,MWU_CHUNK,a la izquierda,,a la izquierda,MWU_CANONICAL_PROVISIONAL,EXACT_PHASE6_RECONSTRUCTION,MWU,A1_CORE_NORMATIVE,6B_NOCIONES_GENERALES,PCIC-08,6B_NOCIONES_GENERALES,,,,NOT_ASSESSED_FOR_MWU_IN_7D,,NOT_ASSESSED,NOT_ASSESSED,NOT_ASSESSED,NOT_ASSESSED,NO,MWU_SENSE_NORMALIZATION_PENDING_PHASE14,INCLUDED,LEGAL_REVIEW_REQUIRED_NOT_CERTIFIED_FOR_REDISTRIBUTION,0,1,0,0,,1.20
7G-MWU-0143,MWU_CHUNK,a mediodía,,a mediodía,MWU_CANONICAL_PROVISIONAL,EXACT_PHASE6_RECONSTRUCTION,MWU,A1_CORE_NORMATIVE,6B_NOCIONES_GENERALES,PCIC-08,6B_NOCIONES_GENERALES,,,,NOT_ASSESSED_FOR_MWU_IN_7D,,NOT_ASSESSED,NOT_ASSESSED,NOT_ASSESSED,NOT_ASSESSED,NO,MWU_SENSE_NORMALIZATION_PENDING_PHASE14,INCLUDED,LEGAL_REVIEW_REQUIRED_NOT_CERTIFIED_FOR_REDISTRIBUTION,0,1,0,0,,1.20
7G-MWU-0144,MWU_CHUNK,a pie,,a pie,MWU_CANONICAL_PROVISIONAL,EXACT_PHASE6_RECONSTRUCTION,MWU,A1_CORE_NORMATIVE,6B_NOCIONES_GENERALES,PCIC-08,6B_NOCIONES_GENERALES,,,,NOT_ASSESSED_FOR_MWU_IN_7D,,NOT_ASSESSED,NOT_ASSESSED,NOT_ASSESSED,NOT_ASSESSED,NO,MWU_SENSE_NORMALIZATION_PENDING_PHASE14,INCLUDED,LEGAL_REVIEW_REQUIRED_NOT_CERTIFIED_FOR_REDISTRIBUTION,0,1,0,0,,1.20
7G-MWU-0145,MWU_CHUNK,a veces,,a veces,MWU_CANONICAL_PROVISIONAL,EXACT_PHASE6_RECONSTRUCTION,MWU,A1_CORE_NORMATIVE,6B_NOCIONES_GENERALES,PCIC-08,6B_NOCIONES_GENERALES,,,,NOT_ASSESSED_FOR_MWU_IN_7D,,NOT_ASSESSED,NOT_ASSESSED,NOT_ASSESSED,NOT_ASSESSED,NO,MWU_SENSE_NORMALIZATION_PENDING_PHASE14,INCLUDED,LEGAL_REVIEW_REQUIRED_NOT_CERTIFIED_FOR_REDISTRIBUTION,0,1,0,0,,1.20
7G-MWU-0146,MWU_CHUNK,al este,,al este,MWU_CANONICAL_PROVISIONAL,EXACT_PHASE6_RECONSTRUCTION,MWU,A1_CORE_NORMATIVE,6B_NOCIONES_GENERALES,PCIC-08,6B_NOCIONES_GENERALES,,,,NOT_ASSESSED_FOR_MWU_IN_7D,,NOT_ASSESSED,NOT_ASSESSED,NOT_ASSESSED,NOT_ASSESSED,NO,MWU_SENSE_NORMALIZATION_PENDING_PHASE14,INCLUDED,LEGAL_REVIEW_REQUIRED_NOT_CERTIFIED_FOR_REDISTRIBUTION,0,1,0,0,,1.20
7G-MWU-0147,MWU_CHUNK,al final,,al final,MWU_CANONICAL_PROVISIONAL,EXACT_PHASE6_RECONSTRUCTION,MWU,A1_CORE_NORMATIVE,6B_NOCIONES_GENERALES,PCIC-08,6B_NOCIONES_GENERALES,,,,NOT_ASSESSED_FOR_MWU_IN_7D,,NOT_ASSESSED,NOT_ASSESSED,NOT_ASSESSED,NOT_ASSESSED,NO,MWU_SENSE_NORMALIZATION_PENDING_PHASE14,INCLUDED,LEGAL_REVIEW_REQUIRED_NOT_CERTIFIED_FOR_REDISTRIBUTION,0,1,0,0,,1.20
7G-MWU-0148,MWU_CHUNK,al lado,,al lado,MWU_CANONICAL_PROVISIONAL,EXACT_PHASE6_RECONSTRUCTION,MWU,A1_CORE_NORMATIVE,6B_NOCIONES_GENERALES,PCIC-08,6B_NOCIONES_GENERALES,,,,NOT_ASSESSED_FOR_MWU_IN_7D,,NOT_ASSESSED,NOT_ASSESSED,NOT_ASSESSED,NOT_ASSESSED,NO,MWU_SENSE_NORMALIZATION_PENDING_PHASE14,INCLUDED,LEGAL_REVIEW_REQUIRED_NOT_CERTIFIED_FOR_REDISTRIBUTION,0,1,0,0,,1.20
7G-MWU-0149,MWU_CHUNK,al norte,,al norte,MWU_CANONICAL_PROVISIONAL,EXACT_PHASE6_RECONSTRUCTION,MWU,A1_CORE_NORMATIVE,6B_NOCIONES_GENERALES,PCIC-08,6B_NOCIONES_GENERALES,,,,NOT_ASSESSED_FOR_MWU_IN_7D,,NOT_ASSESSED,NOT_ASSESSED,NOT_ASSESSED,NOT_ASSESSED,NO,MWU_SENSE_NORMALIZATION_PENDING_PHASE14,INCLUDED,LEGAL_REVIEW_REQUIRED_NOT_CERTIFIED_FOR_REDISTRIBUTION,0,1,0,0,,1.20
7G-MWU-0150,MWU_CHUNK,al oeste,,al oeste,MWU_CANONICAL_PROVISIONAL,EXACT_PHASE6_RECONSTRUCTION,MWU,A1_CORE_NORMATIVE,6B_NOCIONES_GENERALES,PCIC-08,6B_NOCIONES_GENERALES,,,,NOT_ASSESSED_FOR_MWU_IN_7D,,NOT_ASSESSED,NOT_ASSESSED,NOT_ASSESSED,NOT_ASSESSED,NO,MWU_SENSE_NORMALIZATION_PENDING_PHASE14,INCLUDED,LEGAL_REVIEW_REQUIRED_NOT_CERTIFIED_FOR_REDISTRIBUTION,0,1,0,0,,1.20
7G-MWU-0151,MWU_CHUNK,al sur,,al sur,MWU_CANONICAL_PROVISIONAL,EXACT_PHASE6_RECONSTRUCTION,MWU,A1_CORE_NORMATIVE,6B_NOCIONES_GENERALES,PCIC-08,6B_NOCIONES_GENERALES,,,,NOT_ASSESSED_FOR_MWU_IN_7D,,NOT_ASSESSED,NOT_ASSESSED,NOT_ASSESSED,NOT_ASSESSED,NO,MWU_SENSE_NORMALIZATION_PENDING_PHASE14,INCLUDED,LEGAL_REVIEW_REQUIRED_NOT_CERTIFIED_FOR_REDISTRIBUTION,0,1,0,0,,1.20
7G-MWU-0152,MWU_CHUNK,de acuerdo,,de acuerdo,MWU_CANONICAL_PROVISIONAL,EXACT_PHASE6_RECONSTRUCTION,MWU,A1_CORE_NORMATIVE,6B_NOCIONES_GENERALES,PCIC-08,6B_NOCIONES_GENERALES,,,,NOT_ASSESSED_FOR_MWU_IN_7D,,NOT_ASSESSED,NOT_ASSESSED,NOT_ASSESSED,NOT_ASSESSED,NO,MWU_SENSE_NORMALIZATION_PENDING_PHASE14,INCLUDED,LEGAL_REVIEW_REQUIRED_NOT_CERTIFIED_FOR_REDISTRIBUTION,0,1,0,0,,1.20
7G-MWU-0153,MWU_CHUNK,el fin de semana,,el fin de semana,MWU_CANONICAL_PROVISIONAL,EXACT_PHASE6_RECONSTRUCTION,MWU,A1_CORE_NORMATIVE,6B_NOCIONES_GENERALES,PCIC-08,6B_NOCIONES_GENERALES,,,,NOT_ASSESSED_FOR_MWU_IN_7D,,NOT_ASSESSED,NOT_ASSESSED,NOT_ASSESSED,NOT_ASSESSED,NO,MWU_SENSE_NORMALIZATION_PENDING_PHASE14,INCLUDED,LEGAL_REVIEW_REQUIRED_NOT_CERTIFIED_FOR_REDISTRIBUTION,0,1,0,0,,1.20
7G-MWU-0154,MWU_CHUNK,en autobús,,en autobús,MWU_CANONICAL_PROVISIONAL,EXACT_PHASE6_RECONSTRUCTION,MWU,A1_CORE_NORMATIVE,6B_NOCIONES_GENERALES,PCIC-08,6B_NOCIONES_GENERALES,,,,NOT_ASSESSED_FOR_MWU_IN_7D,,NOT_ASSESSED,NOT_ASSESSED,NOT_ASSESSED,NOT_ASSESSED,NO,MWU_SENSE_NORMALIZATION_PENDING_PHASE14,INCLUDED,LEGAL_REVIEW_REQUIRED_NOT_CERTIFIED_FOR_REDISTRIBUTION,0,1,0,0,,1.20
7G-MWU-0155,MWU_CHUNK,en avión,,en avión,MWU_CANONICAL_PROVISIONAL,EXACT_PHASE6_RECONSTRUCTION,MWU,A1_CORE_NORMATIVE,6B_NOCIONES_GENERALES,PCIC-08,6B_NOCIONES_GENERALES,,,,NOT_ASSESSED_FOR_MWU_IN_7D,,NOT_ASSESSED,NOT_ASSESSED,NOT_ASSESSED,NOT_ASSESSED,NO,MWU_SENSE_NORMALIZATION_PENDING_PHASE14,INCLUDED,LEGAL_REVIEW_REQUIRED_NOT_CERTIFIED_FOR_REDISTRIBUTION,0,1,0,0,,1.20
7G-MWU-0156,MWU_CHUNK,en barco,,en barco,MWU_CANONICAL_PROVISIONAL,EXACT_PHASE6_RECONSTRUCTION,MWU,A1_CORE_NORMATIVE,6B_NOCIONES_GENERALES,PCIC-08,6B_NOCIONES_GENERALES,,,,NOT_ASSESSED_FOR_MWU_IN_7D,,NOT_ASSESSED,NOT_ASSESSED,NOT_ASSESSED,NOT_ASSESSED,NO,MWU_SENSE_NORMALIZATION_PENDING_PHASE14,INCLUDED,LEGAL_REVIEW_REQUIRED_NOT_CERTIFIED_FOR_REDISTRIBUTION,0,1,0,0,,1.20
7G-MWU-0157,MWU_CHUNK,en coche,,en coche,MWU_CANONICAL_PROVISIONAL,EXACT_PHASE6_RECONSTRUCTION,MWU,A1_CORE_NORMATIVE,6B_NOCIONES_GENERALES,PCIC-08,6B_NOCIONES_GENERALES,,,,NOT_ASSESSED_FOR_MWU_IN_7D,,NOT_ASSESSED,NOT_ASSESSED,NOT_ASSESSED,NOT_ASSESSED,NO,MWU_SENSE_NORMALIZATION_PENDING_PHASE14,INCLUDED,LEGAL_REVIEW_REQUIRED_NOT_CERTIFIED_FOR_REDISTRIBUTION,0,1,0,0,,1.20
7G-MWU-0158,MWU_CHUNK,en el centro,,en el centro,MWU_CANONICAL_PROVISIONAL,EXACT_PHASE6_RECONSTRUCTION,MWU,A1_CORE_NORMATIVE,6B_NOCIONES_GENERALES,PCIC-08,6B_NOCIONES_GENERALES,,,,NOT_ASSESSED_FOR_MWU_IN_7D,,NOT_ASSESSED,NOT_ASSESSED,NOT_ASSESSED,NOT_ASSESSED,NO,MWU_SENSE_NORMALIZATION_PENDING_PHASE14,INCLUDED,LEGAL_REVIEW_REQUIRED_NOT_CERTIFIED_FOR_REDISTRIBUTION,0,1,0,0,,1.20
7G-MWU-0159,MWU_CHUNK,en la mañana,,en la mañana,MWU_CANONICAL_PROVISIONAL,EXACT_PHASE6_RECONSTRUCTION,MWU,A1_CORE_NORMATIVE,6B_NOCIONES_GENERALES,PCIC-08,6B_NOCIONES_GENERALES,A1_REGIONAL_RECEPTIVE,Hispanoamérica,TARGET_PROFILE_ONLY,NOT_ASSESSED_FOR_MWU_IN_7D,,NOT_ASSESSED,NOT_ASSESSED,NOT_ASSESSED,NOT_ASSESSED,NO,MWU_SENSE_NORMALIZATION_PENDING_PHASE14,INCLUDED,LEGAL_REVIEW_REQUIRED_NOT_CERTIFIED_FOR_REDISTRIBUTION,0,1,0,0,,1.20
7G-MWU-0160,MWU_CHUNK,en la noche,,en la noche,MWU_CANONICAL_PROVISIONAL,EXACT_PHASE6_RECONSTRUCTION,MWU,A1_CORE_NORMATIVE,6B_NOCIONES_GENERALES,PCIC-08,6B_NOCIONES_GENERALES,A1_REGIONAL_RECEPTIVE,Hispanoamérica,TARGET_PROFILE_ONLY,NOT_ASSESSED_FOR_MWU_IN_7D,,NOT_ASSESSED,NOT_ASSESSED,NOT_ASSESSED,NOT_ASSESSED,NO,MWU_SENSE_NORMALIZATION_PENDING_PHASE14,INCLUDED,LEGAL_REVIEW_REQUIRED_NOT_CERTIFIED_FOR_REDISTRIBUTION,0,1,0,0,,1.20
7G-MWU-0161,MWU_CHUNK,en la tarde,,en la tarde,MWU_CANONICAL_PROVISIONAL,EXACT_PHASE6_RECONSTRUCTION,MWU,A1_CORE_NORMATIVE,6B_NOCIONES_GENERALES,PCIC-08,6B_NOCIONES_GENERALES,A1_REGIONAL_RECEPTIVE,Hispanoamérica,TARGET_PROFILE_ONLY,NOT_ASSESSED_FOR_MWU_IN_7D,,NOT_ASSESSED,NOT_ASSESSED,NOT_ASSESSED,NOT_ASSESSED,NO,MWU_SENSE_NORMALIZATION_PENDING_PHASE14,INCLUDED,LEGAL_REVIEW_REQUIRED_NOT_CERTIFIED_FOR_REDISTRIBUTION,0,1,0,0,,1.20
7G-MWU-0162,MWU_CHUNK,en metro,,en metro,MWU_CANONICAL_PROVISIONAL,EXACT_PHASE6_RECONSTRUCTION,MWU,A1_CORE_NORMATIVE,6B_NOCIONES_GENERALES,PCIC-08,6B_NOCIONES_GENERALES,,,,NOT_ASSESSED_FOR_MWU_IN_7D,,NOT_ASSESSED,NOT_ASSESSED,NOT_ASSESSED,NOT_ASSESSED,NO,MWU_SENSE_NORMALIZATION_PENDING_PHASE14,INCLUDED,LEGAL_REVIEW_REQUIRED_NOT_CERTIFIED_FOR_REDISTRIBUTION,0,1,0,0,,1.20
7G-MWU-0163,MWU_CHUNK,en tren,,en tren,MWU_CANONICAL_PROVISIONAL,EXACT_PHASE6_RECONSTRUCTION,MWU,A1_CORE_NORMATIVE,6B_NOCIONES_GENERALES,PCIC-08,6B_NOCIONES_GENERALES,,,,NOT_ASSESSED_FOR_MWU_IN_7D,,NOT_ASSESSED,NOT_ASSESSED,NOT_ASSESSED,NOT_ASSESSED,NO,MWU_SENSE_NORMALIZATION_PENDING_PHASE14,INCLUDED,LEGAL_REVIEW_REQUIRED_NOT_CERTIFIED_FOR_REDISTRIBUTION,0,1,0,0,,1.20
7G-MWU-0164,MWU_CHUNK,estar abierto,,estar abierto,MWU_CANONICAL_PROVISIONAL,EXACT_PHASE6_RECONSTRUCTION,MWU,A1_CORE_NORMATIVE,6B_NOCIONES_GENERALES,PCIC-08,6B_NOCIONES_GENERALES,,,,NOT_ASSESSED_FOR_MWU_IN_7D,,NOT_ASSESSED,NOT_ASSESSED,NOT_ASSESSED,NOT_ASSESSED,NO,MWU_SENSE_NORMALIZATION_PENDING_PHASE14,INCLUDED,LEGAL_REVIEW_REQUIRED_NOT_CERTIFIED_FOR_REDISTRIBUTION,0,1,0,0,,1.20
7G-MWU-0165,MWU_CHUNK,estar cerrado,,estar cerrado,MWU_CANONICAL_PROVISIONAL,EXACT_PHASE6_RECONSTRUCTION,MWU,A1_CORE_NORMATIVE,6B_NOCIONES_GENERALES,PCIC-08,6B_NOCIONES_GENERALES,,,,NOT_ASSESSED_FOR_MWU_IN_7D,,NOT_ASSESSED,NOT_ASSESSED,NOT_ASSESSED,NOT_ASSESSED,NO,MWU_SENSE_NORMALIZATION_PENDING_PHASE14,INCLUDED,LEGAL_REVIEW_REQUIRED_NOT_CERTIFIED_FOR_REDISTRIBUTION,0,1,0,0,,1.20
7G-MWU-0166,MWU_CHUNK,llegar pronto,,llegar pronto,MWU_CANONICAL_PROVISIONAL,EXACT_PHASE6_RECONSTRUCTION,MWU,A1_CORE_NORMATIVE,6B_NOCIONES_GENERALES,PCIC-08,6B_NOCIONES_GENERALES,,,,NOT_ASSESSED_FOR_MWU_IN_7D,,NOT_ASSESSED,NOT_ASSESSED,NOT_ASSESSED,NOT_ASSESSED,NO,MWU_SENSE_NORMALIZATION_PENDING_PHASE14,INCLUDED,LEGAL_REVIEW_REQUIRED_NOT_CERTIFIED_FOR_REDISTRIBUTION,0,1,0,0,,1.20
7G-MWU-0167,MWU_CHUNK,llegar tarde,,llegar tarde,MWU_CANONICAL_PROVISIONAL,EXACT_PHASE6_RECONSTRUCTION,MWU,A1_CORE_NORMATIVE,6B_NOCIONES_GENERALES,PCIC-08,6B_NOCIONES_GENERALES,,,,NOT_ASSESSED_FOR_MWU_IN_7D,,NOT_ASSESSED,NOT_ASSESSED,NOT_ASSESSED,NOT_ASSESSED,NO,MWU_SENSE_NORMALIZATION_PENDING_PHASE14,INCLUDED,LEGAL_REVIEW_REQUIRED_NOT_CERTIFIED_FOR_REDISTRIBUTION,0,1,0,0,,1.20
7G-MWU-0168,MWU_CHUNK,llegar temprano,,llegar temprano,MWU_CANONICAL_PROVISIONAL,EXACT_PHASE6_RECONSTRUCTION,MWU,A1_CORE_NORMATIVE,6B_NOCIONES_GENERALES,PCIC-08,6B_NOCIONES_GENERALES,,,,NOT_ASSESSED_FOR_MWU_IN_7D,,NOT_ASSESSED,NOT_ASSESSED,NOT_ASSESSED,NOT_ASSESSED,NO,MWU_SENSE_NORMALIZATION_PENDING_PHASE14,INCLUDED,LEGAL_REVIEW_REQUIRED_NOT_CERTIFIED_FOR_REDISTRIBUTION,0,1,0,0,,1.20
7G-MWU-0169,MWU_CHUNK,muy bien,,muy bien,MWU_CANONICAL_PROVISIONAL,EXACT_PHASE6_RECONSTRUCTION,MWU,A1_CORE_NORMATIVE,6B_NOCIONES_GENERALES,PCIC-08,6B_NOCIONES_GENERALES,,,,NOT_ASSESSED_FOR_MWU_IN_7D,,NOT_ASSESSED,NOT_ASSESSED,NOT_ASSESSED,NOT_ASSESSED,NO,MWU_SENSE_NORMALIZATION_PENDING_PHASE14,INCLUDED,LEGAL_REVIEW_REQUIRED_NOT_CERTIFIED_FOR_REDISTRIBUTION,0,1,0,0,,1.20
7G-MWU-0170,MWU_CHUNK,muy mal,,muy mal,MWU_CANONICAL_PROVISIONAL,EXACT_PHASE6_RECONSTRUCTION,MWU,A1_CORE_NORMATIVE,6B_NOCIONES_GENERALES,PCIC-08,6B_NOCIONES_GENERALES,,,,NOT_ASSESSED_FOR_MWU_IN_7D,,NOT_ASSESSED,NOT_ASSESSED,NOT_ASSESSED,NOT_ASSESSED,NO,MWU_SENSE_NORMALIZATION_PENDING_PHASE14,INCLUDED,LEGAL_REVIEW_REQUIRED_NOT_CERTIFIED_FOR_REDISTRIBUTION,0,1,0,0,,1.20
7G-MWU-0171,MWU_CHUNK,más o menos,,más o menos,MWU_CANONICAL_PROVISIONAL,EXACT_PHASE6_RECONSTRUCTION,MWU,A1_CORE_NORMATIVE,6B_NOCIONES_GENERALES,PCIC-08,6B_NOCIONES_GENERALES,,,,NOT_ASSESSED_FOR_MWU_IN_7D,,NOT_ASSESSED,NOT_ASSESSED,NOT_ASSESSED,NOT_ASSESSED,NO,MWU_SENSE_NORMALIZATION_PENDING_PHASE14,INCLUDED,LEGAL_REVIEW_REQUIRED_NOT_CERTIFIED_FOR_REDISTRIBUTION,0,1,0,0,,1.20
7G-MWU-0172,MWU_CHUNK,por la mañana,,por la mañana,MWU_CANONICAL_PROVISIONAL,EXACT_PHASE6_RECONSTRUCTION,MWU,A1_CORE_NORMATIVE,6B_NOCIONES_GENERALES,PCIC-08,6B_NOCIONES_GENERALES,,,,NOT_ASSESSED_FOR_MWU_IN_7D,,NOT_ASSESSED,NOT_ASSESSED,NOT_ASSESSED,NOT_ASSESSED,NO,MWU_SENSE_NORMALIZATION_PENDING_PHASE14,INCLUDED,LEGAL_REVIEW_REQUIRED_NOT_CERTIFIED_FOR_REDISTRIBUTION,0,1,0,0,,1.20
7G-MWU-0173,MWU_CHUNK,por la noche,,por la noche,MWU_CANONICAL_PROVISIONAL,EXACT_PHASE6_RECONSTRUCTION,MWU,A1_CORE_NORMATIVE,6B_NOCIONES_GENERALES,PCIC-08,6B_NOCIONES_GENERALES,,,,NOT_ASSESSED_FOR_MWU_IN_7D,,NOT_ASSESSED,NOT_ASSESSED,NOT_ASSESSED,NOT_ASSESSED,NO,MWU_SENSE_NORMALIZATION_PENDING_PHASE14,INCLUDED,LEGAL_REVIEW_REQUIRED_NOT_CERTIFIED_FOR_REDISTRIBUTION,0,1,0,0,,1.20
7G-MWU-0174,MWU_CHUNK,por la tarde,,por la tarde,MWU_CANONICAL_PROVISIONAL,EXACT_PHASE6_RECONSTRUCTION,MWU,A1_CORE_NORMATIVE,6B_NOCIONES_GENERALES,PCIC-08,6B_NOCIONES_GENERALES,,,,NOT_ASSESSED_FOR_MWU_IN_7D,,NOT_ASSESSED,NOT_ASSESSED,NOT_ASSESSED,NOT_ASSESSED,NO,MWU_SENSE_NORMALIZATION_PENDING_PHASE14,INCLUDED,LEGAL_REVIEW_REQUIRED_NOT_CERTIFIED_FOR_REDISTRIBUTION,0,1,0,0,,1.20
7G-MWU-0175,MWU_CHUNK,salir pronto,,salir pronto,MWU_CANONICAL_PROVISIONAL,EXACT_PHASE6_RECONSTRUCTION,MWU,A1_CORE_NORMATIVE,6B_NOCIONES_GENERALES,PCIC-08,6B_NOCIONES_GENERALES,,,,NOT_ASSESSED_FOR_MWU_IN_7D,,NOT_ASSESSED,NOT_ASSESSED,NOT_ASSESSED,NOT_ASSESSED,NO,MWU_SENSE_NORMALIZATION_PENDING_PHASE14,INCLUDED,LEGAL_REVIEW_REQUIRED_NOT_CERTIFIED_FOR_REDISTRIBUTION,0,1,0,0,,1.20
7G-MWU-0176,MWU_CHUNK,salir tarde,,salir tarde,MWU_CANONICAL_PROVISIONAL,EXACT_PHASE6_RECONSTRUCTION,MWU,A1_CORE_NORMATIVE,6B_NOCIONES_GENERALES,PCIC-08,6B_NOCIONES_GENERALES,,,,NOT_ASSESSED_FOR_MWU_IN_7D,,NOT_ASSESSED,NOT_ASSESSED,NOT_ASSESSED,NOT_ASSESSED,NO,MWU_SENSE_NORMALIZATION_PENDING_PHASE14,INCLUDED,LEGAL_REVIEW_REQUIRED_NOT_CERTIFIED_FOR_REDISTRIBUTION,0,1,0,0,,1.20
7G-MWU-0177,MWU_CHUNK,salir temprano,,salir temprano,MWU_CANONICAL_PROVISIONAL,EXACT_PHASE6_RECONSTRUCTION,MWU,A1_CORE_NORMATIVE,6B_NOCIONES_GENERALES,PCIC-08,6B_NOCIONES_GENERALES,,,,NOT_ASSESSED_FOR_MWU_IN_7D,,NOT_ASSESSED,NOT_ASSESSED,NOT_ASSESSED,NOT_ASSESSED,NO,MWU_SENSE_NORMALIZATION_PENDING_PHASE14,INCLUDED,LEGAL_REVIEW_REQUIRED_NOT_CERTIFIED_FOR_REDISTRIBUTION,0,1,0,0,,1.20
7G-MWU-0178,MWU_CHUNK,ser bueno,,ser bueno,MWU_CANONICAL_PROVISIONAL,EXACT_PHASE6_RECONSTRUCTION,MWU,A1_CORE_NORMATIVE,6B_NOCIONES_GENERALES,PCIC-08,6B_NOCIONES_GENERALES,,,,NOT_ASSESSED_FOR_MWU_IN_7D,,NOT_ASSESSED,NOT_ASSESSED,NOT_ASSESSED,NOT_ASSESSED,NO,MWU_SENSE_NORMALIZATION_PENDING_PHASE14,INCLUDED,LEGAL_REVIEW_REQUIRED_NOT_CERTIFIED_FOR_REDISTRIBUTION,0,1,0,0,,1.20
7G-MWU-0179,MWU_CHUNK,ser de,,ser de,MWU_CANONICAL_PROVISIONAL,EXACT_PHASE6_RECONSTRUCTION,MWU,A1_CORE_NORMATIVE,6B_NOCIONES_GENERALES,PCIC-08,6B_NOCIONES_GENERALES,,,,NOT_ASSESSED_FOR_MWU_IN_7D,,NOT_ASSESSED,NOT_ASSESSED,NOT_ASSESSED,NOT_ASSESSED,NO,MWU_SENSE_NORMALIZATION_PENDING_PHASE14,INCLUDED,LEGAL_REVIEW_REQUIRED_NOT_CERTIFIED_FOR_REDISTRIBUTION,0,1,0,0,,1.20
7G-MWU-0180,MWU_CHUNK,ser difícil,,ser difícil,MWU_CANONICAL_PROVISIONAL,EXACT_PHASE6_RECONSTRUCTION,MWU,A1_CORE_NORMATIVE,6B_NOCIONES_GENERALES,PCIC-08,6B_NOCIONES_GENERALES,,,,NOT_ASSESSED_FOR_MWU_IN_7D,,NOT_ASSESSED,NOT_ASSESSED,NOT_ASSESSED,NOT_ASSESSED,NO,MWU_SENSE_NORMALIZATION_PENDING_PHASE14,INCLUDED,LEGAL_REVIEW_REQUIRED_NOT_CERTIFIED_FOR_REDISTRIBUTION,0,1,0,0,,1.20
7G-MWU-0181,MWU_CHUNK,ser malo,,ser malo,MWU_CANONICAL_PROVISIONAL,EXACT_PHASE6_RECONSTRUCTION,MWU,A1_CORE_NORMATIVE,6B_NOCIONES_GENERALES,PCIC-08,6B_NOCIONES_GENERALES,,,,NOT_ASSESSED_FOR_MWU_IN_7D,,NOT_ASSESSED,NOT_ASSESSED,NOT_ASSESSED,NOT_ASSESSED,NO,MWU_SENSE_NORMALIZATION_PENDING_PHASE14,INCLUDED,LEGAL_REVIEW_REQUIRED_NOT_CERTIFIED_FOR_REDISTRIBUTION,0,1,0,0,,1.20
7G-MWU-0182,MWU_CHUNK,ser posible,,ser posible,MWU_CANONICAL_PROVISIONAL,EXACT_PHASE6_RECONSTRUCTION,MWU,A1_CORE_NORMATIVE,6B_NOCIONES_GENERALES,PCIC-08,6B_NOCIONES_GENERALES,,,,NOT_ASSESSED_FOR_MWU_IN_7D,,NOT_ASSESSED,NOT_ASSESSED,NOT_ASSESSED,NOT_ASSESSED,NO,MWU_SENSE_NORMALIZATION_PENDING_PHASE14,INCLUDED,LEGAL_REVIEW_REQUIRED_NOT_CERTIFIED_FOR_REDISTRIBUTION,0,1,0,0,,1.20
7G-MWU-0183,MWU_CHUNK,ser pronto,,ser pronto,MWU_CANONICAL_PROVISIONAL,EXACT_PHASE6_RECONSTRUCTION,MWU,A1_CORE_NORMATIVE,6B_NOCIONES_GENERALES,PCIC-08,6B_NOCIONES_GENERALES,,,,NOT_ASSESSED_FOR_MWU_IN_7D,,NOT_ASSESSED,NOT_ASSESSED,NOT_ASSESSED,NOT_ASSESSED,NO,MWU_SENSE_NORMALIZATION_PENDING_PHASE14,INCLUDED,LEGAL_REVIEW_REQUIRED_NOT_CERTIFIED_FOR_REDISTRIBUTION,0,1,0,0,,1.20
7G-MWU-0184,MWU_CHUNK,ser tarde,,ser tarde,MWU_CANONICAL_PROVISIONAL,EXACT_PHASE6_RECONSTRUCTION,MWU,A1_CORE_NORMATIVE,6B_NOCIONES_GENERALES,PCIC-08,6B_NOCIONES_GENERALES,,,,NOT_ASSESSED_FOR_MWU_IN_7D,,NOT_ASSESSED,NOT_ASSESSED,NOT_ASSESSED,NOT_ASSESSED,NO,MWU_SENSE_NORMALIZATION_PENDING_PHASE14,INCLUDED,LEGAL_REVIEW_REQUIRED_NOT_CERTIFIED_FOR_REDISTRIBUTION,0,1,0,0,,1.20
7G-MWU-0185,MWU_CHUNK,ser temprano,,ser temprano,MWU_CANONICAL_PROVISIONAL,EXACT_PHASE6_RECONSTRUCTION,MWU,A1_CORE_NORMATIVE,6B_NOCIONES_GENERALES,PCIC-08,6B_NOCIONES_GENERALES,,,,NOT_ASSESSED_FOR_MWU_IN_7D,,NOT_ASSESSED,NOT_ASSESSED,NOT_ASSESSED,NOT_ASSESSED,NO,MWU_SENSE_NORMALIZATION_PENDING_PHASE14,INCLUDED,LEGAL_REVIEW_REQUIRED_NOT_CERTIFIED_FOR_REDISTRIBUTION,0,1,0,0,,1.20
7G-MWU-0186,MWU_CHUNK,todo recto,,todo recto,MWU_CANONICAL_PROVISIONAL,EXACT_PHASE6_RECONSTRUCTION,MWU,A1_CORE_NORMATIVE,6B_NOCIONES_GENERALES,PCIC-08,6B_NOCIONES_GENERALES,,,,NOT_ASSESSED_FOR_MWU_IN_7D,,NOT_ASSESSED,NOT_ASSESSED,NOT_ASSESSED,NOT_ASSESSED,NO,MWU_SENSE_NORMALIZATION_PENDING_PHASE14,INCLUDED,LEGAL_REVIEW_REQUIRED_NOT_CERTIFIED_FOR_REDISTRIBUTION,0,1,0,0,,1.20
7G-MWU-0187,MWU_CHUNK,todos los días,,todos los días,MWU_CANONICAL_PROVISIONAL,EXACT_PHASE6_RECONSTRUCTION,MWU,A1_CORE_NORMATIVE,6B_NOCIONES_GENERALES,PCIC-08,6B_NOCIONES_GENERALES,,,,NOT_ASSESSED_FOR_MWU_IN_7D,,NOT_ASSESSED,NOT_ASSESSED,NOT_ASSESSED,NOT_ASSESSED,NO,MWU_SENSE_NORMALIZATION_PENDING_PHASE14,INCLUDED,LEGAL_REVIEW_REQUIRED_NOT_CERTIFIED_FOR_REDISTRIBUTION,0,1,0,0,,1.20
7G-MWU-0188,MWU_CHUNK,un poco,,un poco,MWU_CANONICAL_PROVISIONAL,EXACT_PHASE6_RECONSTRUCTION,MWU,A1_CORE_NORMATIVE,6B_NOCIONES_GENERALES,PCIC-08,6B_NOCIONES_GENERALES,,,,NOT_ASSESSED_FOR_MWU_IN_7D,,NOT_ASSESSED,NOT_ASSESSED,NOT_ASSESSED,NOT_ASSESSED,NO,MWU_SENSE_NORMALIZATION_PENDING_PHASE14,INCLUDED,LEGAL_REVIEW_REQUIRED_NOT_CERTIFIED_FOR_REDISTRIBUTION,0,1,0,0,,1.20
7G-MWU-0189,MWU_CHUNK,de dónde,,de dónde,MWU_CANONICAL_PROVISIONAL,EXACT_PHASE6_RECONSTRUCTION,MWU,A1_CORE_NORMATIVE,6C_FUNCIONES,PCIC-05,6C_FUNCIONES,,,,NOT_ASSESSED_FOR_MWU_IN_7D,,NOT_ASSESSED,NOT_ASSESSED,NOT_ASSESSED,NOT_ASSESSED,NO,MWU_SENSE_NORMALIZATION_PENDING_PHASE14,INCLUDED,LEGAL_REVIEW_REQUIRED_NOT_CERTIFIED_FOR_REDISTRIBUTION,0,1,0,0,,1.20
7G-MWU-0190,MWU_CHUNK,por qué,,por qué,MWU_CANONICAL_PROVISIONAL,EXACT_PHASE6_RECONSTRUCTION,MWU,A1_CORE_NORMATIVE,6C_FUNCIONES,PCIC-05,6C_FUNCIONES,,,,NOT_ASSESSED_FOR_MWU_IN_7D,,NOT_ASSESSED,NOT_ASSESSED,NOT_ASSESSED,NOT_ASSESSED,NO,MWU_SENSE_NORMALIZATION_PENDING_PHASE14,INCLUDED,LEGAL_REVIEW_REQUIRED_NOT_CERTIFIED_FOR_REDISTRIBUTION,0,1,0,0,,1.20
7G-MWU-0191,MWU_CHUNK,¿y tú?,,¿y tú?,MWU_CANONICAL_PROVISIONAL,EXACT_PHASE6_RECONSTRUCTION,MWU,A1_CORE_NORMATIVE,6C_FUNCIONES,PCIC-05,6C_FUNCIONES,,,,NOT_ASSESSED_FOR_MWU_IN_7D,,NOT_ASSESSED,NOT_ASSESSED,NOT_ASSESSED,NOT_ASSESSED,NO,MWU_SENSE_NORMALIZATION_PENDING_PHASE14,INCLUDED,LEGAL_REVIEW_REQUIRED_NOT_CERTIFIED_FOR_REDISTRIBUTION,0,1,0,0,,1.20
7G-MWU-0192,MWU_CHUNK,creo que,,creo que,MWU_CANONICAL_PROVISIONAL,EXACT_PHASE6_RECONSTRUCTION,MWU,A1_CORE_NORMATIVE,6C_FUNCIONES,PCIC-05,6C_FUNCIONES,,,,NOT_ASSESSED_FOR_MWU_IN_7D,,NOT_ASSESSED,NOT_ASSESSED,NOT_ASSESSED,NOT_ASSESSED,NO,MWU_SENSE_NORMALIZATION_PENDING_PHASE14,INCLUDED,LEGAL_REVIEW_REQUIRED_NOT_CERTIFIED_FOR_REDISTRIBUTION,0,1,0,0,,1.20
7G-MWU-0193,MWU_CHUNK,está bien,,está bien,MWU_CANONICAL_PROVISIONAL,EXACT_PHASE6_RECONSTRUCTION,MWU,A1_CORE_NORMATIVE,6C_FUNCIONES,PCIC-05,6C_FUNCIONES,,,,NOT_ASSESSED_FOR_MWU_IN_7D,,NOT_ASSESSED,NOT_ASSESSED,NOT_ASSESSED,NOT_ASSESSED,NO,MWU_SENSE_NORMALIZATION_PENDING_PHASE14,INCLUDED,LEGAL_REVIEW_REQUIRED_NOT_CERTIFIED_FOR_REDISTRIBUTION,0,1,0,0,,1.20
7G-MWU-0194,MWU_CHUNK,"así, así",,"así, así",MWU_CANONICAL_PROVISIONAL,EXACT_PHASE6_RECONSTRUCTION,MWU,A1_CORE_NORMATIVE,6C_FUNCIONES,PCIC-05,6C_FUNCIONES,,,,NOT_ASSESSED_FOR_MWU_IN_7D,,NOT_ASSESSED,NOT_ASSESSED,NOT_ASSESSED,NOT_ASSESSED,NO,MWU_SENSE_NORMALIZATION_PENDING_PHASE14,INCLUDED,LEGAL_REVIEW_REQUIRED_NOT_CERTIFIED_FOR_REDISTRIBUTION,0,1,0,0,,1.20
7G-MWU-0195,MWU_CHUNK,yo también,,yo también,MWU_CANONICAL_PROVISIONAL,EXACT_PHASE6_RECONSTRUCTION,MWU,A1_CORE_NORMATIVE,6C_FUNCIONES,PCIC-05,6C_FUNCIONES,,,,NOT_ASSESSED_FOR_MWU_IN_7D,,NOT_ASSESSED,NOT_ASSESSED,NOT_ASSESSED,NOT_ASSESSED,NO,MWU_SENSE_NORMALIZATION_PENDING_PHASE14,INCLUDED,LEGAL_REVIEW_REQUIRED_NOT_CERTIFIED_FOR_REDISTRIBUTION,0,1,0,0,,1.20
7G-MWU-0196,MWU_CHUNK,yo tampoco,,yo tampoco,MWU_CANONICAL_PROVISIONAL,EXACT_PHASE6_RECONSTRUCTION,MWU,A1_CORE_NORMATIVE,6C_FUNCIONES,PCIC-05,6C_FUNCIONES,,,,NOT_ASSESSED_FOR_MWU_IN_7D,,NOT_ASSESSED,NOT_ASSESSED,NOT_ASSESSED,NOT_ASSESSED,NO,MWU_SENSE_NORMALIZATION_PENDING_PHASE14,INCLUDED,LEGAL_REVIEW_REQUIRED_NOT_CERTIFIED_FOR_REDISTRIBUTION,0,1,0,0,,1.20
7G-MWU-0197,MWU_CHUNK,no sé,,no sé,MWU_CANONICAL_PROVISIONAL,EXACT_PHASE6_RECONSTRUCTION,MWU,A1_CORE_NORMATIVE,6C_FUNCIONES,PCIC-05,6C_FUNCIONES,,,,NOT_ASSESSED_FOR_MWU_IN_7D,,NOT_ASSESSED,NOT_ASSESSED,NOT_ASSESSED,NOT_ASSESSED,NO,MWU_SENSE_NORMALIZATION_PENDING_PHASE14,INCLUDED,LEGAL_REVIEW_REQUIRED_NOT_CERTIFIED_FOR_REDISTRIBUTION,0,1,0,0,,1.20
7G-MWU-0198,MWU_CHUNK,"sí, pero",,"sí, pero",MWU_CANONICAL_PROVISIONAL,EXACT_PHASE6_RECONSTRUCTION,MWU,A1_CORE_NORMATIVE,6C_FUNCIONES,PCIC-05,6C_FUNCIONES,,,,NOT_ASSESSED_FOR_MWU_IN_7D,,NOT_ASSESSED,NOT_ASSESSED,NOT_ASSESSED,NOT_ASSESSED,NO,MWU_SENSE_NORMALIZATION_PENDING_PHASE14,INCLUDED,LEGAL_REVIEW_REQUIRED_NOT_CERTIFIED_FOR_REDISTRIBUTION,0,1,0,0,,1.20
7G-MWU-0199,MWU_CHUNK,por favor,,por favor,MWU_CANONICAL_PROVISIONAL,EXACT_PHASE6_RECONSTRUCTION,MWU,A1_CORE_NORMATIVE,6C_FUNCIONES,PCIC-05,6C_FUNCIONES,,,,NOT_ASSESSED_FOR_MWU_IN_7D,,NOT_ASSESSED,NOT_ASSESSED,NOT_ASSESSED,NOT_ASSESSED,NO,MWU_SENSE_NORMALIZATION_PENDING_PHASE14,INCLUDED,LEGAL_REVIEW_REQUIRED_NOT_CERTIFIED_FOR_REDISTRIBUTION,0,1,0,0,,1.20
7G-MWU-0200,MWU_CHUNK,"silencio, por favor",,"silencio, por favor",MWU_CANONICAL_PROVISIONAL,EXACT_PHASE6_RECONSTRUCTION,MWU,A1_CORE_NORMATIVE,6C_FUNCIONES,PCIC-05,6C_FUNCIONES,,,,NOT_ASSESSED_FOR_MWU_IN_7D,,NOT_ASSESSED,NOT_ASSESSED,NOT_ASSESSED,NOT_ASSESSED,NO,MWU_SENSE_NORMALIZATION_PENDING_PHASE14,INCLUDED,LEGAL_REVIEW_REQUIRED_NOT_CERTIFIED_FOR_REDISTRIBUTION,0,1,0,0,,1.20
7G-MWU-0201,MWU_CHUNK,"más despacio, por favor",,"más despacio, por favor",MWU_CANONICAL_PROVISIONAL,EXACT_PHASE6_RECONSTRUCTION,MWU,A1_CORE_NORMATIVE,6C_FUNCIONES,PCIC-05,6C_FUNCIONES,,,,NOT_ASSESSED_FOR_MWU_IN_7D,,NOT_ASSESSED,NOT_ASSESSED,NOT_ASSESSED,NOT_ASSESSED,NO,MWU_SENSE_NORMALIZATION_PENDING_PHASE14,INCLUDED,LEGAL_REVIEW_REQUIRED_NOT_CERTIFIED_FOR_REDISTRIBUTION,0,1,0,0,,1.20
7G-MWU-0202,MWU_CHUNK,"más alto, por favor",,"más alto, por favor",MWU_CANONICAL_PROVISIONAL,EXACT_PHASE6_RECONSTRUCTION,MWU,A1_CORE_NORMATIVE,6C_FUNCIONES,PCIC-05,6C_FUNCIONES,,,,NOT_ASSESSED_FOR_MWU_IN_7D,,NOT_ASSESSED,NOT_ASSESSED,NOT_ASSESSED,NOT_ASSESSED,NO,MWU_SENSE_NORMALIZATION_PENDING_PHASE14,INCLUDED,LEGAL_REVIEW_REQUIRED_NOT_CERTIFIED_FOR_REDISTRIBUTION,0,1,0,0,,1.20
7G-MWU-0203,MWU_CHUNK,¿puedes repetir?,,¿puedes repetir?,MWU_CANONICAL_PROVISIONAL,EXACT_PHASE6_RECONSTRUCTION,MWU,A1_CORE_NORMATIVE,6C_FUNCIONES,PCIC-05,6C_FUNCIONES,,,,NOT_ASSESSED_FOR_MWU_IN_7D,,NOT_ASSESSED,NOT_ASSESSED,NOT_ASSESSED,NOT_ASSESSED,NO,MWU_SENSE_NORMALIZATION_PENDING_PHASE14,INCLUDED,LEGAL_REVIEW_REQUIRED_NOT_CERTIFIED_FOR_REDISTRIBUTION,0,1,0,0,,1.20
7G-MWU-0204,MWU_CHUNK,"sí, sí",,"sí, sí",MWU_CANONICAL_PROVISIONAL,EXACT_PHASE6_RECONSTRUCTION,MWU,A1_CORE_NORMATIVE,6C_FUNCIONES,PCIC-05,6C_FUNCIONES,,,,NOT_ASSESSED_FOR_MWU_IN_7D,,NOT_ASSESSED,NOT_ASSESSED,NOT_ASSESSED,NOT_ASSESSED,NO,MWU_SENSE_NORMALIZATION_PENDING_PHASE14,INCLUDED,LEGAL_REVIEW_REQUIRED_NOT_CERTIFIED_FOR_REDISTRIBUTION,0,1,0,0,,1.20
7G-MWU-0205,MWU_CHUNK,lo siento,,lo siento,MWU_CANONICAL_PROVISIONAL,EXACT_PHASE6_RECONSTRUCTION,MWU,A1_CORE_NORMATIVE,6C_FUNCIONES,PCIC-05,6C_FUNCIONES,,,,NOT_ASSESSED_FOR_MWU_IN_7D,,NOT_ASSESSED,NOT_ASSESSED,NOT_ASSESSED,NOT_ASSESSED,NO,MWU_SENSE_NORMALIZATION_PENDING_PHASE14,INCLUDED,LEGAL_REVIEW_REQUIRED_NOT_CERTIFIED_FOR_REDISTRIBUTION,0,1,0,0,,1.20
7G-MWU-0206,MWU_CHUNK,"sí, gracias",,"sí, gracias",MWU_CANONICAL_PROVISIONAL,EXACT_PHASE6_RECONSTRUCTION,MWU,A1_CORE_NORMATIVE,6C_FUNCIONES,PCIC-05,6C_FUNCIONES,,,,NOT_ASSESSED_FOR_MWU_IN_7D,,NOT_ASSESSED,NOT_ASSESSED,NOT_ASSESSED,NOT_ASSESSED,NO,MWU_SENSE_NORMALIZATION_PENDING_PHASE14,INCLUDED,LEGAL_REVIEW_REQUIRED_NOT_CERTIFIED_FOR_REDISTRIBUTION,0,1,0,0,,1.20
7G-MWU-0207,MWU_CHUNK,"no, gracias",,"no, gracias",MWU_CANONICAL_PROVISIONAL,EXACT_PHASE6_RECONSTRUCTION,MWU,A1_CORE_NORMATIVE,6C_FUNCIONES,PCIC-05,6C_FUNCIONES,,,,NOT_ASSESSED_FOR_MWU_IN_7D,,NOT_ASSESSED,NOT_ASSESSED,NOT_ASSESSED,NOT_ASSESSED,NO,MWU_SENSE_NORMALIZATION_PENDING_PHASE14,INCLUDED,LEGAL_REVIEW_REQUIRED_NOT_CERTIFIED_FOR_REDISTRIBUTION,0,1,0,0,,1.20
7G-MWU-0208,MWU_CHUNK,buenos días,,buenos días,MWU_CANONICAL_PROVISIONAL,EXACT_PHASE6_RECONSTRUCTION,MWU,A1_CORE_NORMATIVE,6C_FUNCIONES,PCIC-05,6C_FUNCIONES,,,,NOT_ASSESSED_FOR_MWU_IN_7D,,NOT_ASSESSED,NOT_ASSESSED,NOT_ASSESSED,NOT_ASSESSED,NO,MWU_SENSE_NORMALIZATION_PENDING_PHASE14,INCLUDED,LEGAL_REVIEW_REQUIRED_NOT_CERTIFIED_FOR_REDISTRIBUTION,0,1,0,0,,1.20
7G-MWU-0209,MWU_CHUNK,buenas tardes,,buenas tardes,MWU_CANONICAL_PROVISIONAL,EXACT_PHASE6_RECONSTRUCTION,MWU,A1_CORE_NORMATIVE,6C_FUNCIONES,PCIC-05,6C_FUNCIONES,,,,NOT_ASSESSED_FOR_MWU_IN_7D,,NOT_ASSESSED,NOT_ASSESSED,NOT_ASSESSED,NOT_ASSESSED,NO,MWU_SENSE_NORMALIZATION_PENDING_PHASE14,INCLUDED,LEGAL_REVIEW_REQUIRED_NOT_CERTIFIED_FOR_REDISTRIBUTION,0,1,0,0,,1.20
7G-MWU-0210,MWU_CHUNK,buenas noches,,buenas noches,MWU_CANONICAL_PROVISIONAL,EXACT_PHASE6_RECONSTRUCTION,MWU,A1_CORE_NORMATIVE,6C_FUNCIONES,PCIC-05,6C_FUNCIONES,,,,NOT_ASSESSED_FOR_MWU_IN_7D,,NOT_ASSESSED,NOT_ASSESSED,NOT_ASSESSED,NOT_ASSESSED,NO,MWU_SENSE_NORMALIZATION_PENDING_PHASE14,INCLUDED,LEGAL_REVIEW_REQUIRED_NOT_CERTIFIED_FOR_REDISTRIBUTION,0,1,0,0,,1.20
7G-MWU-0211,MWU_CHUNK,"hola, ¿qué tal?",,"hola, ¿qué tal?",MWU_CANONICAL_PROVISIONAL,EXACT_PHASE6_RECONSTRUCTION,MWU,A1_CORE_NORMATIVE,6C_FUNCIONES,PCIC-05,6C_FUNCIONES,,,,NOT_ASSESSED_FOR_MWU_IN_7D,,NOT_ASSESSED,NOT_ASSESSED,NOT_ASSESSED,NOT_ASSESSED,NO,MWU_SENSE_NORMALIZATION_PENDING_PHASE14,INCLUDED,LEGAL_REVIEW_REQUIRED_NOT_CERTIFIED_FOR_REDISTRIBUTION,0,1,0,0,,1.20
7G-MWU-0212,MWU_CHUNK,muchas gracias,,muchas gracias,MWU_CANONICAL_PROVISIONAL,EXACT_PHASE6_RECONSTRUCTION,MWU,A1_CORE_NORMATIVE,6C_FUNCIONES,PCIC-05,6C_FUNCIONES,,,,NOT_ASSESSED_FOR_MWU_IN_7D,,NOT_ASSESSED,NOT_ASSESSED,NOT_ASSESSED,NOT_ASSESSED,NO,MWU_SENSE_NORMALIZATION_PENDING_PHASE14,INCLUDED,LEGAL_REVIEW_REQUIRED_NOT_CERTIFIED_FOR_REDISTRIBUTION,0,1,0,0,,1.20
7G-MWU-0213,MWU_CHUNK,hasta mañana,,hasta mañana,MWU_CANONICAL_PROVISIONAL,EXACT_PHASE6_RECONSTRUCTION,MWU,A1_CORE_NORMATIVE,6C_FUNCIONES,PCIC-05,6C_FUNCIONES,,,,NOT_ASSESSED_FOR_MWU_IN_7D,,NOT_ASSESSED,NOT_ASSESSED,NOT_ASSESSED,NOT_ASSESSED,NO,MWU_SENSE_NORMALIZATION_PENDING_PHASE14,INCLUDED,LEGAL_REVIEW_REQUIRED_NOT_CERTIFIED_FOR_REDISTRIBUTION,0,1,0,0,,1.20
7G-MWU-0214,MWU_CHUNK,"sí, soy yo",,"sí, soy yo",MWU_CANONICAL_PROVISIONAL,EXACT_PHASE6_RECONSTRUCTION,MWU,A1_CORE_NORMATIVE,6C_FUNCIONES,PCIC-05,6C_FUNCIONES,,,,NOT_ASSESSED_FOR_MWU_IN_7D,,NOT_ASSESSED,NOT_ASSESSED,NOT_ASSESSED,NOT_ASSESSED,NO,MWU_SENSE_NORMALIZATION_PENDING_PHASE14,INCLUDED,LEGAL_REVIEW_REQUIRED_NOT_CERTIFIED_FOR_REDISTRIBUTION,0,1,0,0,,1.20
7G-NAME-001,NAMED_ENTITY_EXAMPLE,Bali,Bali,Bali,EXCLUDED_FROM_LEXEME_COUNT,NAMED_ENTITY_EXAMPLE_POLICY,PROPER_NAME,EXAMPLE_ONLY,6A-I Identity,PCIC-09,6A-I Identity,,,NO,NOT_APPLICABLE,,NOT_APPLICABLE,NOT_APPLICABLE,NOT_APPLICABLE,NOT_APPLICABLE,NO,NOT_APPLICABLE,EXAMPLE_ONLY,LEGAL_REVIEW_REQUIRED_NOT_CERTIFIED_FOR_REDISTRIBUTION,0,0,1,0,Does not inflate lexical baseline.,1.20
7G-NAME-002,NAMED_ENTITY_EXAMPLE,Laos,Laos,Laos,EXCLUDED_FROM_LEXEME_COUNT,NAMED_ENTITY_EXAMPLE_POLICY,PROPER_NAME,EXAMPLE_ONLY,6A-I Identity,PCIC-09,6A-I Identity,,,NO,NOT_APPLICABLE,,NOT_APPLICABLE,NOT_APPLICABLE,NOT_APPLICABLE,NOT_APPLICABLE,NO,NOT_APPLICABLE,EXAMPLE_ONLY,LEGAL_REVIEW_REQUIRED_NOT_CERTIFIED_FOR_REDISTRIBUTION,0,0,1,0,Does not inflate lexical baseline.,1.20
7G-NAME-003,NAMED_ENTITY_EXAMPLE,Mozambique,Mozambique,Mozambique,EXCLUDED_FROM_LEXEME_COUNT,NAMED_ENTITY_EXAMPLE_POLICY,PROPER_NAME,EXAMPLE_ONLY,6A-I Identity,PCIC-09,6A-I Identity,,,NO,NOT_APPLICABLE,,NOT_APPLICABLE,NOT_APPLICABLE,NOT_APPLICABLE,NOT_APPLICABLE,NO,NOT_APPLICABLE,EXAMPLE_ONLY,LEGAL_REVIEW_REQUIRED_NOT_CERTIFIED_FOR_REDISTRIBUTION,0,0,1,0,Does not inflate lexical baseline.,1.20
7G-NAME-004,NAMED_ENTITY_EXAMPLE,Madrid,Madrid,Madrid,EXCLUDED_FROM_LEXEME_COUNT,NAMED_ENTITY_EXAMPLE_POLICY,PROPER_NAME,EXAMPLE_ONLY,6A-II Travel,PCIC-09,6A-II Travel,,,NO,NOT_APPLICABLE,,NOT_APPLICABLE,NOT_APPLICABLE,NOT_APPLICABLE,NOT_APPLICABLE,NO,NOT_APPLICABLE,EXAMPLE_ONLY,LEGAL_REVIEW_REQUIRED_NOT_CERTIFIED_FOR_REDISTRIBUTION,0,0,1,0,Does not inflate lexical baseline.,1.20
7G-ABBR-001,ABBREVIATION,Sr.,Sr.,Sr.,SEPARATE_ABBREVIATION_LEDGER,PHASE6D_AND_7B_POLICY,ABBREVIATION,A1_EXPLICIT_ABBREVIATION,6D Grammar,PCIC-02,6D Grammar,,,CONTEXT_DEPENDENT,NOT_APPLICABLE,,NOT_APPLICABLE,NOT_APPLICABLE,NOT_APPLICABLE,NOT_APPLICABLE,NO,NOT_APPLICABLE,INCLUDED_SEPARATE,LEGAL_REVIEW_REQUIRED_NOT_CERTIFIED_FOR_REDISTRIBUTION,0,0,0,1,Does not inflate 602 atomic surface count.,1.20
7G-ABBR-002,ABBREVIATION,Sra.,Sra.,Sra.,SEPARATE_ABBREVIATION_LEDGER,PHASE6D_AND_7B_POLICY,ABBREVIATION,A1_EXPLICIT_ABBREVIATION,6D Grammar,PCIC-02,6D Grammar,,,CONTEXT_DEPENDENT,NOT_APPLICABLE,,NOT_APPLICABLE,NOT_APPLICABLE,NOT_APPLICABLE,NOT_APPLICABLE,NO,NOT_APPLICABLE,INCLUDED_SEPARATE,LEGAL_REVIEW_REQUIRED_NOT_CERTIFIED_FOR_REDISTRIBUTION,0,0,0,1,Does not inflate 602 atomic surface count.,1.20
7G-ABBR-003,ABBREVIATION,TV,TV,TV,SEPARATE_ABBREVIATION_LEDGER,PHASE6D_AND_7B_POLICY,ABBREVIATION,A1_EXPLICIT_ABBREVIATION,7B audit,PCIC-09,7B audit,,,CONTEXT_DEPENDENT,NOT_APPLICABLE,,NOT_APPLICABLE,NOT_APPLICABLE,NOT_APPLICABLE,NOT_APPLICABLE,NO,NOT_APPLICABLE,INCLUDED_SEPARATE,LEGAL_REVIEW_REQUIRED_NOT_CERTIFIED_FOR_REDISTRIBUTION,0,0,0,1,Does not inflate 602 atomic surface count.,1.20
