edge_id,target_type,target_id,introduction_story,return_stage,return_story,relation_scope,evidence_demand,expected_receptive,expected_productive,mastery_claim,notes
REC-A1-000001,SENSE,SENSE-A1-000015,A1-M01-I05-S1,FIRST_RETURN,A1-M01-I05-S2,SAME_ISLAND,PRESERVE_TARGET_MODE_POLICY,REQUIRED,CONTEXTUAL_OR_FUNCTION_BOUND,NONE,Return scheduling requirement; exposure is not mastery.
REC-A1-000002,SENSE,SENSE-A1-000015,A1-M01-I05-S1,SECOND_RETURN,A1-M01-I05-S3,SAME_ISLAND,PRESERVE_TARGET_MODE_POLICY,REQUIRED,CONTEXTUAL_OR_FUNCTION_BOUND,NONE,Return scheduling requirement; exposure is not mastery.
REC-A1-000003,SENSE,SENSE-A1-000015,A1-M01-I05-S1,THIRD_RETURN,A1-M02-I05-S3,CROSS_MODULE,PRESERVE_TARGET_MODE_POLICY,REQUIRED,CONTEXTUAL_OR_FUNCTION_BOUND,NONE,Return scheduling requirement; exposure is not mastery.
REC-A1-000004,SENSE,SENSE-A1-000133,A1-M01-I05-S1,FIRST_RETURN,A1-M01-I05-S2,SAME_ISLAND,PRESERVE_TARGET_MODE_POLICY,REQUIRED,CONTEXTUAL_OR_FUNCTION_BOUND,NONE,Return scheduling requirement; exposure is not mastery.
REC-A1-000005,SENSE,SENSE-A1-000133,A1-M01-I05-S1,SECOND_RETURN,A1-M01-I05-S3,SAME_ISLAND,PRESERVE_TARGET_MODE_POLICY,REQUIRED,CONTEXTUAL_OR_FUNCTION_BOUND,NONE,Return scheduling requirement; exposure is not mastery.
REC-A1-000006,SENSE,SENSE-A1-000133,A1-M01-I05-S1,THIRD_RETURN,A1-M02-I05-S3,CROSS_MODULE,PRESERVE_TARGET_MODE_POLICY,REQUIRED,CONTEXTUAL_OR_FUNCTION_BOUND,NONE,Return scheduling requirement; exposure is not mastery.
REC-A1-000007,SENSE,SENSE-A1-000208,A1-M01-I05-S1,FIRST_RETURN,A1-M01-I05-S2,SAME_ISLAND,PRESERVE_TARGET_MODE_POLICY,REQUIRED,CONTEXTUAL_OR_FUNCTION_BOUND,NONE,Return scheduling requirement; exposure is not mastery.
REC-A1-000008,SENSE,SENSE-A1-000208,A1-M01-I05-S1,SECOND_RETURN,A1-M01-I05-S3,SAME_ISLAND,PRESERVE_TARGET_MODE_POLICY,REQUIRED,CONTEXTUAL_OR_FUNCTION_BOUND,NONE,Return scheduling requirement; exposure is not mastery.
REC-A1-000009,SENSE,SENSE-A1-000208,A1-M01-I05-S1,THIRD_RETURN,A1-M02-I05-S3,CROSS_MODULE,PRESERVE_TARGET_MODE_POLICY,REQUIRED,CONTEXTUAL_OR_FUNCTION_BOUND,NONE,Return scheduling requirement; exposure is not mastery.
REC-A1-000010,SENSE,SENSE-A1-000217,A1-M01-I05-S1,FIRST_RETURN,A1-M01-I05-S2,SAME_ISLAND,PRESERVE_TARGET_MODE_POLICY,REQUIRED,CONTEXTUAL_OR_FUNCTION_BOUND,NONE,Return scheduling requirement; exposure is not mastery.
REC-A1-000011,SENSE,SENSE-A1-000217,A1-M01-I05-S1,SECOND_RETURN,A1-M01-I05-S3,SAME_ISLAND,PRESERVE_TARGET_MODE_POLICY,REQUIRED,CONTEXTUAL_OR_FUNCTION_BOUND,NONE,Return scheduling requirement; exposure is not mastery.
REC-A1-000012,SENSE,SENSE-A1-000217,A1-M01-I05-S1,THIRD_RETURN,A1-M02-I05-S3,CROSS_MODULE,PRESERVE_TARGET_MODE_POLICY,REQUIRED,CONTEXTUAL_OR_FUNCTION_BOUND,NONE,Return scheduling requirement; exposure is not mastery.
REC-A1-000013,SENSE,SENSE-A1-000275,A1-M01-I05-S1,FIRST_RETURN,A1-M01-I05-S2,SAME_ISLAND,PRESERVE_TARGET_MODE_POLICY,REQUIRED,CONTEXTUAL_OR_FUNCTION_BOUND,NONE,Return scheduling requirement; exposure is not mastery.
REC-A1-000014,SENSE,SENSE-A1-000275,A1-M01-I05-S1,SECOND_RETURN,A1-M01-I05-S3,SAME_ISLAND,PRESERVE_TARGET_MODE_POLICY,REQUIRED,CONTEXTUAL_OR_FUNCTION_BOUND,NONE,Return scheduling requirement; exposure is not mastery.
REC-A1-000015,SENSE,SENSE-A1-000275,A1-M01-I05-S1,THIRD_RETURN,A1-M02-I05-S3,CROSS_MODULE,PRESERVE_TARGET_MODE_POLICY,REQUIRED,CONTEXTUAL_OR_FUNCTION_BOUND,NONE,Return scheduling requirement; exposure is not mastery.
REC-A1-000016,SENSE,SENSE-A1-000292,A1-M01-I05-S1,FIRST_RETURN,A1-M01-I05-S2,SAME_ISLAND,PRESERVE_TARGET_MODE_POLICY,REQUIRED,CONTEXTUAL_OR_FUNCTION_BOUND,NONE,Return scheduling requirement; exposure is not mastery.
REC-A1-000017,SENSE,SENSE-A1-000292,A1-M01-I05-S1,SECOND_RETURN,A1-M01-I05-S3,SAME_ISLAND,PRESERVE_TARGET_MODE_POLICY,REQUIRED,CONTEXTUAL_OR_FUNCTION_BOUND,NONE,Return scheduling requirement; exposure is not mastery.
REC-A1-000018,SENSE,SENSE-A1-000292,A1-M01-I05-S1,THIRD_RETURN,A1-M02-I05-S3,CROSS_MODULE,PRESERVE_TARGET_MODE_POLICY,REQUIRED,CONTEXTUAL_OR_FUNCTION_BOUND,NONE,Return scheduling requirement; exposure is not mastery.
REC-A1-000019,SENSE,SENSE-A1-000442,A1-M01-I05-S1,FIRST_RETURN,A1-M01-I05-S2,SAME_ISLAND,PRESERVE_TARGET_MODE_POLICY,REQUIRED,CONTEXTUAL_OR_FUNCTION_BOUND,NONE,Return scheduling requirement; exposure is not mastery.
REC-A1-000020,SENSE,SENSE-A1-000442,A1-M01-I05-S1,SECOND_RETURN,A1-M01-I05-S3,SAME_ISLAND,PRESERVE_TARGET_MODE_POLICY,REQUIRED,CONTEXTUAL_OR_FUNCTION_BOUND,NONE,Return scheduling requirement; exposure is not mastery.
REC-A1-000021,SENSE,SENSE-A1-000442,A1-M01-I05-S1,THIRD_RETURN,A1-M02-I05-S3,CROSS_MODULE,PRESERVE_TARGET_MODE_POLICY,REQUIRED,CONTEXTUAL_OR_FUNCTION_BOUND,NONE,Return scheduling requirement; exposure is not mastery.
REC-A1-000022,SENSE,SENSE-A1-000510,A1-M01-I05-S1,FIRST_RETURN,A1-M01-I05-S2,SAME_ISLAND,PRESERVE_TARGET_MODE_POLICY,REQUIRED,CONTEXTUAL_OR_FUNCTION_BOUND,NONE,Return scheduling requirement; exposure is not mastery.
REC-A1-000023,SENSE,SENSE-A1-000510,A1-M01-I05-S1,SECOND_RETURN,A1-M01-I05-S3,SAME_ISLAND,PRESERVE_TARGET_MODE_POLICY,REQUIRED,CONTEXTUAL_OR_FUNCTION_BOUND,NONE,Return scheduling requirement; exposure is not mastery.
REC-A1-000024,SENSE,SENSE-A1-000510,A1-M01-I05-S1,THIRD_RETURN,A1-M02-I05-S3,CROSS_MODULE,PRESERVE_TARGET_MODE_POLICY,REQUIRED,CONTEXTUAL_OR_FUNCTION_BOUND,NONE,Return scheduling requirement; exposure is not mastery.
REC-A1-000025,GRAMMAR_UNIT,GRAM-A1-004,A1-M01-I05-S1,FIRST_RETURN,A1-M01-I05-S2,SAME_ISLAND,PRESERVE_TARGET_MODE_POLICY,REQUIRED,FUNCTION_OR_TASK_BOUND,NONE,Return scheduling requirement; exposure is not mastery.
REC-A1-000026,GRAMMAR_UNIT,GRAM-A1-004,A1-M01-I05-S1,SECOND_RETURN,A1-M01-I05-S3,SAME_ISLAND,PRESERVE_TARGET_MODE_POLICY,REQUIRED,FUNCTION_OR_TASK_BOUND,NONE,Return scheduling requirement; exposure is not mastery.
REC-A1-000027,GRAMMAR_UNIT,GRAM-A1-004,A1-M01-I05-S1,THIRD_RETURN,A1-M02-I05-S3,CROSS_MODULE,PRESERVE_TARGET_MODE_POLICY,REQUIRED,FUNCTION_OR_TASK_BOUND,NONE,Return scheduling requirement; exposure is not mastery.
REC-A1-000028,GRAMMAR_UNIT,GRAM-A1-124,A1-M01-I05-S1,FIRST_RETURN,A1-M01-I05-S2,SAME_ISLAND,PRESERVE_TARGET_MODE_POLICY,REQUIRED,FUNCTION_OR_TASK_BOUND,NONE,Return scheduling requirement; exposure is not mastery.
REC-A1-000029,GRAMMAR_UNIT,GRAM-A1-124,A1-M01-I05-S1,SECOND_RETURN,A1-M01-I05-S3,SAME_ISLAND,PRESERVE_TARGET_MODE_POLICY,REQUIRED,FUNCTION_OR_TASK_BOUND,NONE,Return scheduling requirement; exposure is not mastery.
REC-A1-000030,GRAMMAR_UNIT,GRAM-A1-124,A1-M01-I05-S1,THIRD_RETURN,A1-M02-I05-S3,CROSS_MODULE,PRESERVE_TARGET_MODE_POLICY,REQUIRED,FUNCTION_OR_TASK_BOUND,NONE,Return scheduling requirement; exposure is not mastery.
REC-A1-000031,MWU_SOURCE_UNIT,12B1-MWU-0208,A1-M01-I05-S1,FIRST_RETURN,A1-M01-I05-S2,SAME_ISLAND,PRESERVE_TARGET_MODE_POLICY,REQUIRED,CONTEXTUAL_OR_FUNCTION_BOUND,NONE,Return scheduling requirement; exposure is not mastery.
REC-A1-000032,MWU_SOURCE_UNIT,12B1-MWU-0208,A1-M01-I05-S1,SECOND_RETURN,A1-M01-I05-S3,SAME_ISLAND,PRESERVE_TARGET_MODE_POLICY,REQUIRED,CONTEXTUAL_OR_FUNCTION_BOUND,NONE,Return scheduling requirement; exposure is not mastery.
REC-A1-000033,MWU_SOURCE_UNIT,12B1-MWU-0208,A1-M01-I05-S1,THIRD_RETURN,A1-M02-I05-S3,CROSS_MODULE,PRESERVE_TARGET_MODE_POLICY,REQUIRED,CONTEXTUAL_OR_FUNCTION_BOUND,NONE,Return scheduling requirement; exposure is not mastery.
REC-A1-000034,MWU_SOURCE_UNIT,12B1-MWU-0209,A1-M01-I05-S1,FIRST_RETURN,A1-M01-I05-S2,SAME_ISLAND,PRESERVE_TARGET_MODE_POLICY,REQUIRED,CONTEXTUAL_OR_FUNCTION_BOUND,NONE,Return scheduling requirement; exposure is not mastery.
REC-A1-000035,MWU_SOURCE_UNIT,12B1-MWU-0209,A1-M01-I05-S1,SECOND_RETURN,A1-M01-I05-S3,SAME_ISLAND,PRESERVE_TARGET_MODE_POLICY,REQUIRED,CONTEXTUAL_OR_FUNCTION_BOUND,NONE,Return scheduling requirement; exposure is not mastery.
REC-A1-000036,MWU_SOURCE_UNIT,12B1-MWU-0209,A1-M01-I05-S1,THIRD_RETURN,A1-M02-I05-S3,CROSS_MODULE,PRESERVE_TARGET_MODE_POLICY,REQUIRED,CONTEXTUAL_OR_FUNCTION_BOUND,NONE,Return scheduling requirement; exposure is not mastery.
REC-A1-000037,MWU_SOURCE_UNIT,12B1-MWU-0210,A1-M01-I05-S1,FIRST_RETURN,A1-M01-I05-S2,SAME_ISLAND,PRESERVE_TARGET_MODE_POLICY,REQUIRED,CONTEXTUAL_OR_FUNCTION_BOUND,NONE,Return scheduling requirement; exposure is not mastery.
REC-A1-000038,MWU_SOURCE_UNIT,12B1-MWU-0210,A1-M01-I05-S1,SECOND_RETURN,A1-M01-I05-S3,SAME_ISLAND,PRESERVE_TARGET_MODE_POLICY,REQUIRED,CONTEXTUAL_OR_FUNCTION_BOUND,NONE,Return scheduling requirement; exposure is not mastery.
REC-A1-000039,MWU_SOURCE_UNIT,12B1-MWU-0210,A1-M01-I05-S1,THIRD_RETURN,A1-M02-I05-S3,CROSS_MODULE,PRESERVE_TARGET_MODE_POLICY,REQUIRED,CONTEXTUAL_OR_FUNCTION_BOUND,NONE,Return scheduling requirement; exposure is not mastery.
REC-A1-000040,MWU_SOURCE_UNIT,12B1-MWU-0211,A1-M01-I05-S1,FIRST_RETURN,A1-M01-I05-S2,SAME_ISLAND,PRESERVE_TARGET_MODE_POLICY,REQUIRED,CONTEXTUAL_OR_FUNCTION_BOUND,NONE,Return scheduling requirement; exposure is not mastery.
REC-A1-000041,MWU_SOURCE_UNIT,12B1-MWU-0211,A1-M01-I05-S1,SECOND_RETURN,A1-M01-I05-S3,SAME_ISLAND,PRESERVE_TARGET_MODE_POLICY,REQUIRED,CONTEXTUAL_OR_FUNCTION_BOUND,NONE,Return scheduling requirement; exposure is not mastery.
REC-A1-000042,MWU_SOURCE_UNIT,12B1-MWU-0211,A1-M01-I05-S1,THIRD_RETURN,A1-M02-I05-S3,CROSS_MODULE,PRESERVE_TARGET_MODE_POLICY,REQUIRED,CONTEXTUAL_OR_FUNCTION_BOUND,NONE,Return scheduling requirement; exposure is not mastery.
REC-A1-000043,MWU_SOURCE_UNIT,12B1-MWU-0213,A1-M01-I05-S1,FIRST_RETURN,A1-M01-I05-S2,SAME_ISLAND,PRESERVE_TARGET_MODE_POLICY,REQUIRED,CONTEXTUAL_OR_FUNCTION_BOUND,NONE,Return scheduling requirement; exposure is not mastery.
REC-A1-000044,MWU_SOURCE_UNIT,12B1-MWU-0213,A1-M01-I05-S1,SECOND_RETURN,A1-M01-I05-S3,SAME_ISLAND,PRESERVE_TARGET_MODE_POLICY,REQUIRED,CONTEXTUAL_OR_FUNCTION_BOUND,NONE,Return scheduling requirement; exposure is not mastery.
REC-A1-000045,MWU_SOURCE_UNIT,12B1-MWU-0213,A1-M01-I05-S1,THIRD_RETURN,A1-M02-I05-S3,CROSS_MODULE,PRESERVE_TARGET_MODE_POLICY,REQUIRED,CONTEXTUAL_OR_FUNCTION_BOUND,NONE,Return scheduling requirement; exposure is not mastery.
REC-A1-000046,SENSE,SENSE-A1-000046,A1-M01-I05-S1,FIRST_RETURN,A1-M01-I05-S2,SAME_ISLAND,PRESERVE_TARGET_MODE_POLICY,REQUIRED,CONTEXTUAL_OR_FUNCTION_BOUND,NONE,Return scheduling requirement; exposure is not mastery.
REC-A1-000047,SENSE,SENSE-A1-000046,A1-M01-I05-S1,SECOND_RETURN,A1-M01-I05-S3,SAME_ISLAND,PRESERVE_TARGET_MODE_POLICY,REQUIRED,CONTEXTUAL_OR_FUNCTION_BOUND,NONE,Return scheduling requirement; exposure is not mastery.
REC-A1-000048,SENSE,SENSE-A1-000046,A1-M01-I05-S1,THIRD_RETURN,A1-M02-I05-S3,CROSS_MODULE,PRESERVE_TARGET_MODE_POLICY,REQUIRED,CONTEXTUAL_OR_FUNCTION_BOUND,NONE,Return scheduling requirement; exposure is not mastery.
REC-A1-000049,SENSE,SENSE-A1-000200,A1-M01-I05-S3,FIRST_RETURN,A1-M01-I05-S4,SAME_ISLAND,PRESERVE_TARGET_MODE_POLICY,REQUIRED,CONTEXTUAL_OR_FUNCTION_BOUND,NONE,Return scheduling requirement; exposure is not mastery.
REC-A1-000050,SENSE,SENSE-A1-000200,A1-M01-I05-S3,SECOND_RETURN,A1-M02-I05-S1,CROSS_MODULE,PRESERVE_TARGET_MODE_POLICY,REQUIRED,CONTEXTUAL_OR_FUNCTION_BOUND,NONE,Return scheduling requirement; exposure is not mastery.
REC-A1-000051,SENSE,SENSE-A1-000200,A1-M01-I05-S3,THIRD_RETURN,A1-M03-I05-S1,CROSS_MODULE,PRESERVE_TARGET_MODE_POLICY,REQUIRED,CONTEXTUAL_OR_FUNCTION_BOUND,NONE,Return scheduling requirement; exposure is not mastery.
REC-A1-000052,SENSE,SENSE-A1-000210,A1-M01-I05-S1,FIRST_RETURN,A1-M01-I05-S2,SAME_ISLAND,PRESERVE_TARGET_MODE_POLICY,REQUIRED,CONTEXTUAL_OR_FUNCTION_BOUND,NONE,Return scheduling requirement; exposure is not mastery.
REC-A1-000053,SENSE,SENSE-A1-000210,A1-M01-I05-S1,SECOND_RETURN,A1-M01-I05-S3,SAME_ISLAND,PRESERVE_TARGET_MODE_POLICY,REQUIRED,CONTEXTUAL_OR_FUNCTION_BOUND,NONE,Return scheduling requirement; exposure is not mastery.
REC-A1-000054,SENSE,SENSE-A1-000210,A1-M01-I05-S1,THIRD_RETURN,A1-M02-I05-S3,CROSS_MODULE,PRESERVE_TARGET_MODE_POLICY,REQUIRED,CONTEXTUAL_OR_FUNCTION_BOUND,NONE,Return scheduling requirement; exposure is not mastery.
REC-A1-000055,SENSE,SENSE-A1-000211,A1-M01-I05-S3,FIRST_RETURN,A1-M01-I05-S4,SAME_ISLAND,PRESERVE_TARGET_MODE_POLICY,REQUIRED,CONTEXTUAL_OR_FUNCTION_BOUND,NONE,Return scheduling requirement; exposure is not mastery.
REC-A1-000056,SENSE,SENSE-A1-000211,A1-M01-I05-S3,SECOND_RETURN,A1-M02-I05-S1,CROSS_MODULE,PRESERVE_TARGET_MODE_POLICY,REQUIRED,CONTEXTUAL_OR_FUNCTION_BOUND,NONE,Return scheduling requirement; exposure is not mastery.
REC-A1-000057,SENSE,SENSE-A1-000211,A1-M01-I05-S3,THIRD_RETURN,A1-M03-I05-S1,CROSS_MODULE,PRESERVE_TARGET_MODE_POLICY,REQUIRED,CONTEXTUAL_OR_FUNCTION_BOUND,NONE,Return scheduling requirement; exposure is not mastery.
REC-A1-000058,SENSE,SENSE-A1-000235,A1-M01-I05-S3,FIRST_RETURN,A1-M01-I05-S4,SAME_ISLAND,PRESERVE_TARGET_MODE_POLICY,REQUIRED,CONTEXTUAL_OR_FUNCTION_BOUND,NONE,Return scheduling requirement; exposure is not mastery.
REC-A1-000059,SENSE,SENSE-A1-000235,A1-M01-I05-S3,SECOND_RETURN,A1-M02-I05-S1,CROSS_MODULE,PRESERVE_TARGET_MODE_POLICY,REQUIRED,CONTEXTUAL_OR_FUNCTION_BOUND,NONE,Return scheduling requirement; exposure is not mastery.
REC-A1-000060,SENSE,SENSE-A1-000235,A1-M01-I05-S3,THIRD_RETURN,A1-M03-I05-S1,CROSS_MODULE,PRESERVE_TARGET_MODE_POLICY,REQUIRED,CONTEXTUAL_OR_FUNCTION_BOUND,NONE,Return scheduling requirement; exposure is not mastery.
REC-A1-000061,SENSE,SENSE-A1-000255,A1-M01-I05-S1,FIRST_RETURN,A1-M01-I05-S2,SAME_ISLAND,PRESERVE_TARGET_MODE_POLICY,REQUIRED,CONTEXTUAL_OR_FUNCTION_BOUND,NONE,Return scheduling requirement; exposure is not mastery.
REC-A1-000062,SENSE,SENSE-A1-000255,A1-M01-I05-S1,SECOND_RETURN,A1-M01-I05-S3,SAME_ISLAND,PRESERVE_TARGET_MODE_POLICY,REQUIRED,CONTEXTUAL_OR_FUNCTION_BOUND,NONE,Return scheduling requirement; exposure is not mastery.
REC-A1-000063,SENSE,SENSE-A1-000255,A1-M01-I05-S1,THIRD_RETURN,A1-M02-I05-S3,CROSS_MODULE,PRESERVE_TARGET_MODE_POLICY,REQUIRED,CONTEXTUAL_OR_FUNCTION_BOUND,NONE,Return scheduling requirement; exposure is not mastery.
REC-A1-000064,SENSE,SENSE-A1-000339,A1-M01-I05-S3,FIRST_RETURN,A1-M01-I05-S4,SAME_ISLAND,PRESERVE_TARGET_MODE_POLICY,REQUIRED,CONTEXTUAL_OR_FUNCTION_BOUND,NONE,Return scheduling requirement; exposure is not mastery.
REC-A1-000065,SENSE,SENSE-A1-000339,A1-M01-I05-S3,SECOND_RETURN,A1-M02-I05-S1,CROSS_MODULE,PRESERVE_TARGET_MODE_POLICY,REQUIRED,CONTEXTUAL_OR_FUNCTION_BOUND,NONE,Return scheduling requirement; exposure is not mastery.
REC-A1-000066,SENSE,SENSE-A1-000339,A1-M01-I05-S3,THIRD_RETURN,A1-M03-I05-S1,CROSS_MODULE,PRESERVE_TARGET_MODE_POLICY,REQUIRED,CONTEXTUAL_OR_FUNCTION_BOUND,NONE,Return scheduling requirement; exposure is not mastery.
REC-A1-000067,SENSE,SENSE-A1-000345,A1-M01-I05-S1,FIRST_RETURN,A1-M01-I05-S2,SAME_ISLAND,PRESERVE_TARGET_MODE_POLICY,REQUIRED,CONTEXTUAL_OR_FUNCTION_BOUND,NONE,Return scheduling requirement; exposure is not mastery.
REC-A1-000068,SENSE,SENSE-A1-000345,A1-M01-I05-S1,SECOND_RETURN,A1-M01-I05-S3,SAME_ISLAND,PRESERVE_TARGET_MODE_POLICY,REQUIRED,CONTEXTUAL_OR_FUNCTION_BOUND,NONE,Return scheduling requirement; exposure is not mastery.
REC-A1-000069,SENSE,SENSE-A1-000345,A1-M01-I05-S1,THIRD_RETURN,A1-M02-I05-S3,CROSS_MODULE,PRESERVE_TARGET_MODE_POLICY,REQUIRED,CONTEXTUAL_OR_FUNCTION_BOUND,NONE,Return scheduling requirement; exposure is not mastery.
REC-A1-000070,SENSE,SENSE-A1-000403,A1-M01-I05-S3,FIRST_RETURN,A1-M01-I05-S4,SAME_ISLAND,PRESERVE_TARGET_MODE_POLICY,REQUIRED,CONTEXTUAL_OR_FUNCTION_BOUND,NONE,Return scheduling requirement; exposure is not mastery.
REC-A1-000071,SENSE,SENSE-A1-000403,A1-M01-I05-S3,SECOND_RETURN,A1-M02-I05-S1,CROSS_MODULE,PRESERVE_TARGET_MODE_POLICY,REQUIRED,CONTEXTUAL_OR_FUNCTION_BOUND,NONE,Return scheduling requirement; exposure is not mastery.
REC-A1-000072,SENSE,SENSE-A1-000403,A1-M01-I05-S3,THIRD_RETURN,A1-M03-I05-S1,CROSS_MODULE,PRESERVE_TARGET_MODE_POLICY,REQUIRED,CONTEXTUAL_OR_FUNCTION_BOUND,NONE,Return scheduling requirement; exposure is not mastery.
REC-A1-000073,SENSE,SENSE-A1-000406,A1-M01-I05-S1,FIRST_RETURN,A1-M01-I05-S2,SAME_ISLAND,PRESERVE_TARGET_MODE_POLICY,REQUIRED,CONTEXTUAL_OR_FUNCTION_BOUND,NONE,Return scheduling requirement; exposure is not mastery.
REC-A1-000074,SENSE,SENSE-A1-000406,A1-M01-I05-S1,SECOND_RETURN,A1-M01-I05-S3,SAME_ISLAND,PRESERVE_TARGET_MODE_POLICY,REQUIRED,CONTEXTUAL_OR_FUNCTION_BOUND,NONE,Return scheduling requirement; exposure is not mastery.
REC-A1-000075,SENSE,SENSE-A1-000406,A1-M01-I05-S1,THIRD_RETURN,A1-M02-I05-S3,CROSS_MODULE,PRESERVE_TARGET_MODE_POLICY,REQUIRED,CONTEXTUAL_OR_FUNCTION_BOUND,NONE,Return scheduling requirement; exposure is not mastery.
REC-A1-000076,SENSE,SENSE-A1-000517,A1-M01-I05-S1,FIRST_RETURN,A1-M01-I05-S2,SAME_ISLAND,PRESERVE_TARGET_MODE_POLICY,REQUIRED,CONTEXTUAL_OR_FUNCTION_BOUND,NONE,Return scheduling requirement; exposure is not mastery.
REC-A1-000077,SENSE,SENSE-A1-000517,A1-M01-I05-S1,SECOND_RETURN,A1-M01-I05-S3,SAME_ISLAND,PRESERVE_TARGET_MODE_POLICY,REQUIRED,CONTEXTUAL_OR_FUNCTION_BOUND,NONE,Return scheduling requirement; exposure is not mastery.
REC-A1-000078,SENSE,SENSE-A1-000517,A1-M01-I05-S1,THIRD_RETURN,A1-M02-I05-S3,CROSS_MODULE,PRESERVE_TARGET_MODE_POLICY,REQUIRED,CONTEXTUAL_OR_FUNCTION_BOUND,NONE,Return scheduling requirement; exposure is not mastery.
REC-A1-000079,SENSE,SENSE-A1-000520,A1-M01-I05-S3,FIRST_RETURN,A1-M01-I05-S4,SAME_ISLAND,PRESERVE_TARGET_MODE_POLICY,REQUIRED,CONTEXTUAL_OR_FUNCTION_BOUND,NONE,Return scheduling requirement; exposure is not mastery.
REC-A1-000080,SENSE,SENSE-A1-000520,A1-M01-I05-S3,SECOND_RETURN,A1-M02-I05-S1,CROSS_MODULE,PRESERVE_TARGET_MODE_POLICY,REQUIRED,CONTEXTUAL_OR_FUNCTION_BOUND,NONE,Return scheduling requirement; exposure is not mastery.
REC-A1-000081,SENSE,SENSE-A1-000520,A1-M01-I05-S3,THIRD_RETURN,A1-M03-I05-S1,CROSS_MODULE,PRESERVE_TARGET_MODE_POLICY,REQUIRED,CONTEXTUAL_OR_FUNCTION_BOUND,NONE,Return scheduling requirement; exposure is not mastery.
REC-A1-000082,SENSE,SENSE-A1-000572,A1-M01-I05-S3,FIRST_RETURN,A1-M01-I05-S4,SAME_ISLAND,PRESERVE_TARGET_MODE_POLICY,REQUIRED,CONTEXTUAL_OR_FUNCTION_BOUND,NONE,Return scheduling requirement; exposure is not mastery.
REC-A1-000083,SENSE,SENSE-A1-000572,A1-M01-I05-S3,SECOND_RETURN,A1-M02-I05-S1,CROSS_MODULE,PRESERVE_TARGET_MODE_POLICY,REQUIRED,CONTEXTUAL_OR_FUNCTION_BOUND,NONE,Return scheduling requirement; exposure is not mastery.
REC-A1-000084,SENSE,SENSE-A1-000572,A1-M01-I05-S3,THIRD_RETURN,A1-M03-I05-S1,CROSS_MODULE,PRESERVE_TARGET_MODE_POLICY,REQUIRED,CONTEXTUAL_OR_FUNCTION_BOUND,NONE,Return scheduling requirement; exposure is not mastery.
REC-A1-000085,SENSE,SENSE-A1-000575,A1-M01-I05-S1,FIRST_RETURN,A1-M01-I05-S2,SAME_ISLAND,PRESERVE_TARGET_MODE_POLICY,REQUIRED,CONTEXTUAL_OR_FUNCTION_BOUND,NONE,Return scheduling requirement; exposure is not mastery.
REC-A1-000086,SENSE,SENSE-A1-000575,A1-M01-I05-S1,SECOND_RETURN,A1-M01-I05-S3,SAME_ISLAND,PRESERVE_TARGET_MODE_POLICY,REQUIRED,CONTEXTUAL_OR_FUNCTION_BOUND,NONE,Return scheduling requirement; exposure is not mastery.
REC-A1-000087,SENSE,SENSE-A1-000575,A1-M01-I05-S1,THIRD_RETURN,A1-M02-I05-S3,CROSS_MODULE,PRESERVE_TARGET_MODE_POLICY,REQUIRED,CONTEXTUAL_OR_FUNCTION_BOUND,NONE,Return scheduling requirement; exposure is not mastery.
REC-A1-000088,SENSE,SENSE-A1-000579,A1-M01-I05-S3,FIRST_RETURN,A1-M01-I05-S4,SAME_ISLAND,PRESERVE_TARGET_MODE_POLICY,REQUIRED,CONTEXTUAL_OR_FUNCTION_BOUND,NONE,Return scheduling requirement; exposure is not mastery.
REC-A1-000089,SENSE,SENSE-A1-000579,A1-M01-I05-S3,SECOND_RETURN,A1-M02-I05-S1,CROSS_MODULE,PRESERVE_TARGET_MODE_POLICY,REQUIRED,CONTEXTUAL_OR_FUNCTION_BOUND,NONE,Return scheduling requirement; exposure is not mastery.
REC-A1-000090,SENSE,SENSE-A1-000579,A1-M01-I05-S3,THIRD_RETURN,A1-M03-I05-S1,CROSS_MODULE,PRESERVE_TARGET_MODE_POLICY,REQUIRED,CONTEXTUAL_OR_FUNCTION_BOUND,NONE,Return scheduling requirement; exposure is not mastery.
REC-A1-000091,SENSE,SENSE-A1-000601,A1-M01-I05-S1,FIRST_RETURN,A1-M01-I05-S2,SAME_ISLAND,PRESERVE_TARGET_MODE_POLICY,REQUIRED,TARGET_PROFILE_ONLY,NONE,Return scheduling requirement; exposure is not mastery.
REC-A1-000092,SENSE,SENSE-A1-000601,A1-M01-I05-S1,SECOND_RETURN,A1-M01-I05-S3,SAME_ISLAND,PRESERVE_TARGET_MODE_POLICY,REQUIRED,TARGET_PROFILE_ONLY,NONE,Return scheduling requirement; exposure is not mastery.
REC-A1-000093,SENSE,SENSE-A1-000601,A1-M01-I05-S1,THIRD_RETURN,A1-M02-I05-S3,CROSS_MODULE,PRESERVE_TARGET_MODE_POLICY,REQUIRED,TARGET_PROFILE_ONLY,NONE,Return scheduling requirement; exposure is not mastery.
REC-A1-000094,SENSE,SENSE-A1-000602,A1-M01-I05-S3,FIRST_RETURN,A1-M01-I05-S4,SAME_ISLAND,PRESERVE_TARGET_MODE_POLICY,REQUIRED,DEFERRED_WITHIN_A1_OR_TARGET_PROFILE,NONE,Return scheduling requirement; exposure is not mastery.
REC-A1-000095,SENSE,SENSE-A1-000602,A1-M01-I05-S3,SECOND_RETURN,A1-M02-I05-S1,CROSS_MODULE,PRESERVE_TARGET_MODE_POLICY,REQUIRED,DEFERRED_WITHIN_A1_OR_TARGET_PROFILE,NONE,Return scheduling requirement; exposure is not mastery.
REC-A1-000096,SENSE,SENSE-A1-000602,A1-M01-I05-S3,THIRD_RETURN,A1-M03-I05-S1,CROSS_MODULE,PRESERVE_TARGET_MODE_POLICY,REQUIRED,DEFERRED_WITHIN_A1_OR_TARGET_PROFILE,NONE,Return scheduling requirement; exposure is not mastery.
REC-A1-000097,SENSE,SENSE-A1-000607,A1-M01-I05-S1,FIRST_RETURN,A1-M01-I05-S2,SAME_ISLAND,PRESERVE_TARGET_MODE_POLICY,REQUIRED,CONTEXTUAL_OR_FUNCTION_BOUND,NONE,Return scheduling requirement; exposure is not mastery.
REC-A1-000098,SENSE,SENSE-A1-000607,A1-M01-I05-S1,SECOND_RETURN,A1-M01-I05-S3,SAME_ISLAND,PRESERVE_TARGET_MODE_POLICY,REQUIRED,CONTEXTUAL_OR_FUNCTION_BOUND,NONE,Return scheduling requirement; exposure is not mastery.
REC-A1-000099,SENSE,SENSE-A1-000607,A1-M01-I05-S1,THIRD_RETURN,A1-M02-I05-S3,CROSS_MODULE,PRESERVE_TARGET_MODE_POLICY,REQUIRED,CONTEXTUAL_OR_FUNCTION_BOUND,NONE,Return scheduling requirement; exposure is not mastery.
REC-A1-000100,GRAMMAR_UNIT,GRAM-A1-001,A1-M01-I05-S1,FIRST_RETURN,A1-M01-I05-S2,SAME_ISLAND,PRESERVE_TARGET_MODE_POLICY,REQUIRED,FUNCTION_OR_TASK_BOUND,NONE,Return scheduling requirement; exposure is not mastery.
REC-A1-000101,GRAMMAR_UNIT,GRAM-A1-001,A1-M01-I05-S1,SECOND_RETURN,A1-M01-I05-S3,SAME_ISLAND,PRESERVE_TARGET_MODE_POLICY,REQUIRED,FUNCTION_OR_TASK_BOUND,NONE,Return scheduling requirement; exposure is not mastery.
REC-A1-000102,GRAMMAR_UNIT,GRAM-A1-001,A1-M01-I05-S1,THIRD_RETURN,A1-M02-I05-S3,CROSS_MODULE,PRESERVE_TARGET_MODE_POLICY,REQUIRED,FUNCTION_OR_TASK_BOUND,NONE,Return scheduling requirement; exposure is not mastery.
REC-A1-000103,GRAMMAR_UNIT,GRAM-A1-002,A1-M01-I05-S1,FIRST_RETURN,A1-M01-I05-S2,SAME_ISLAND,PRESERVE_TARGET_MODE_POLICY,REQUIRED,FUNCTION_OR_TASK_BOUND,NONE,Return scheduling requirement; exposure is not mastery.
REC-A1-000104,GRAMMAR_UNIT,GRAM-A1-002,A1-M01-I05-S1,SECOND_RETURN,A1-M01-I05-S3,SAME_ISLAND,PRESERVE_TARGET_MODE_POLICY,REQUIRED,FUNCTION_OR_TASK_BOUND,NONE,Return scheduling requirement; exposure is not mastery.
REC-A1-000105,GRAMMAR_UNIT,GRAM-A1-002,A1-M01-I05-S1,THIRD_RETURN,A1-M02-I05-S3,CROSS_MODULE,PRESERVE_TARGET_MODE_POLICY,REQUIRED,FUNCTION_OR_TASK_BOUND,NONE,Return scheduling requirement; exposure is not mastery.
REC-A1-000106,GRAMMAR_UNIT,GRAM-A1-003,A1-M01-I05-S1,FIRST_RETURN,A1-M01-I05-S2,SAME_ISLAND,PRESERVE_TARGET_MODE_POLICY,REQUIRED,FUNCTION_OR_TASK_BOUND,NONE,Return scheduling requirement; exposure is not mastery.
REC-A1-000107,GRAMMAR_UNIT,GRAM-A1-003,A1-M01-I05-S1,SECOND_RETURN,A1-M01-I05-S3,SAME_ISLAND,PRESERVE_TARGET_MODE_POLICY,REQUIRED,FUNCTION_OR_TASK_BOUND,NONE,Return scheduling requirement; exposure is not mastery.
REC-A1-000108,GRAMMAR_UNIT,GRAM-A1-003,A1-M01-I05-S1,THIRD_RETURN,A1-M02-I05-S3,CROSS_MODULE,PRESERVE_TARGET_MODE_POLICY,REQUIRED,FUNCTION_OR_TASK_BOUND,NONE,Return scheduling requirement; exposure is not mastery.
REC-A1-000109,GRAMMAR_UNIT,GRAM-A1-031,A1-M01-I05-S3,FIRST_RETURN,A1-M01-I05-S4,SAME_ISLAND,PRESERVE_TARGET_MODE_POLICY,REQUIRED,FUNCTION_OR_TASK_BOUND,NONE,Return scheduling requirement; exposure is not mastery.
REC-A1-000110,GRAMMAR_UNIT,GRAM-A1-031,A1-M01-I05-S3,SECOND_RETURN,A1-M02-I05-S1,CROSS_MODULE,PRESERVE_TARGET_MODE_POLICY,REQUIRED,FUNCTION_OR_TASK_BOUND,NONE,Return scheduling requirement; exposure is not mastery.
REC-A1-000111,GRAMMAR_UNIT,GRAM-A1-031,A1-M01-I05-S3,THIRD_RETURN,A1-M03-I05-S1,CROSS_MODULE,PRESERVE_TARGET_MODE_POLICY,REQUIRED,FUNCTION_OR_TASK_BOUND,NONE,Return scheduling requirement; exposure is not mastery.
REC-A1-000112,GRAMMAR_UNIT,GRAM-A1-033,A1-M01-I05-S3,FIRST_RETURN,A1-M01-I05-S4,SAME_ISLAND,PRESERVE_TARGET_MODE_POLICY,REQUIRED,FUNCTION_OR_TASK_BOUND,NONE,Return scheduling requirement; exposure is not mastery.
REC-A1-000113,GRAMMAR_UNIT,GRAM-A1-033,A1-M01-I05-S3,SECOND_RETURN,A1-M02-I05-S1,CROSS_MODULE,PRESERVE_TARGET_MODE_POLICY,REQUIRED,FUNCTION_OR_TASK_BOUND,NONE,Return scheduling requirement; exposure is not mastery.
REC-A1-000114,GRAMMAR_UNIT,GRAM-A1-033,A1-M01-I05-S3,THIRD_RETURN,A1-M03-I05-S1,CROSS_MODULE,PRESERVE_TARGET_MODE_POLICY,REQUIRED,FUNCTION_OR_TASK_BOUND,NONE,Return scheduling requirement; exposure is not mastery.
REC-A1-000115,GRAMMAR_UNIT,GRAM-A1-042,A1-M01-I05-S3,FIRST_RETURN,A1-M01-I05-S4,SAME_ISLAND,PRESERVE_TARGET_MODE_POLICY,REQUIRED,FUNCTION_OR_TASK_BOUND,NONE,Return scheduling requirement; exposure is not mastery.
REC-A1-000116,GRAMMAR_UNIT,GRAM-A1-042,A1-M01-I05-S3,SECOND_RETURN,A1-M02-I05-S1,CROSS_MODULE,PRESERVE_TARGET_MODE_POLICY,REQUIRED,FUNCTION_OR_TASK_BOUND,NONE,Return scheduling requirement; exposure is not mastery.
REC-A1-000117,GRAMMAR_UNIT,GRAM-A1-042,A1-M01-I05-S3,THIRD_RETURN,A1-M03-I05-S1,CROSS_MODULE,PRESERVE_TARGET_MODE_POLICY,REQUIRED,FUNCTION_OR_TASK_BOUND,NONE,Return scheduling requirement; exposure is not mastery.
REC-A1-000118,GRAMMAR_UNIT,GRAM-A1-067,A1-M01-I05-S1,FIRST_RETURN,A1-M01-I05-S2,SAME_ISLAND,PRESERVE_TARGET_MODE_POLICY,REQUIRED,FUNCTION_OR_TASK_BOUND,NONE,Return scheduling requirement; exposure is not mastery.
REC-A1-000119,GRAMMAR_UNIT,GRAM-A1-067,A1-M01-I05-S1,SECOND_RETURN,A1-M01-I05-S3,SAME_ISLAND,PRESERVE_TARGET_MODE_POLICY,REQUIRED,FUNCTION_OR_TASK_BOUND,NONE,Return scheduling requirement; exposure is not mastery.
REC-A1-000120,GRAMMAR_UNIT,GRAM-A1-067,A1-M01-I05-S1,THIRD_RETURN,A1-M02-I05-S3,CROSS_MODULE,PRESERVE_TARGET_MODE_POLICY,REQUIRED,FUNCTION_OR_TASK_BOUND,NONE,Return scheduling requirement; exposure is not mastery.
REC-A1-000121,GRAMMAR_UNIT,GRAM-A1-074,A1-M01-I05-S3,FIRST_RETURN,A1-M01-I05-S4,SAME_ISLAND,PRESERVE_TARGET_MODE_POLICY,REQUIRED,FUNCTION_OR_TASK_BOUND,NONE,Return scheduling requirement; exposure is not mastery.
REC-A1-000122,GRAMMAR_UNIT,GRAM-A1-074,A1-M01-I05-S3,SECOND_RETURN,A1-M02-I05-S1,CROSS_MODULE,PRESERVE_TARGET_MODE_POLICY,REQUIRED,FUNCTION_OR_TASK_BOUND,NONE,Return scheduling requirement; exposure is not mastery.
REC-A1-000123,GRAMMAR_UNIT,GRAM-A1-074,A1-M01-I05-S3,THIRD_RETURN,A1-M03-I05-S1,CROSS_MODULE,PRESERVE_TARGET_MODE_POLICY,REQUIRED,FUNCTION_OR_TASK_BOUND,NONE,Return scheduling requirement; exposure is not mastery.
REC-A1-000124,GRAMMAR_UNIT,GRAM-A1-089,A1-M01-I05-S1,FIRST_RETURN,A1-M01-I05-S2,SAME_ISLAND,PRESERVE_TARGET_MODE_POLICY,REQUIRED,FUNCTION_OR_TASK_BOUND,NONE,Return scheduling requirement; exposure is not mastery.
REC-A1-000125,GRAMMAR_UNIT,GRAM-A1-089,A1-M01-I05-S1,SECOND_RETURN,A1-M01-I05-S3,SAME_ISLAND,PRESERVE_TARGET_MODE_POLICY,REQUIRED,FUNCTION_OR_TASK_BOUND,NONE,Return scheduling requirement; exposure is not mastery.
REC-A1-000126,GRAMMAR_UNIT,GRAM-A1-089,A1-M01-I05-S1,THIRD_RETURN,A1-M02-I05-S3,CROSS_MODULE,PRESERVE_TARGET_MODE_POLICY,REQUIRED,FUNCTION_OR_TASK_BOUND,NONE,Return scheduling requirement; exposure is not mastery.
REC-A1-000127,GRAMMAR_UNIT,GRAM-A1-090,A1-M01-I05-S3,FIRST_RETURN,A1-M01-I05-S4,SAME_ISLAND,PRESERVE_TARGET_MODE_POLICY,REQUIRED,FUNCTION_OR_TASK_BOUND,NONE,Return scheduling requirement; exposure is not mastery.
REC-A1-000128,GRAMMAR_UNIT,GRAM-A1-090,A1-M01-I05-S3,SECOND_RETURN,A1-M02-I05-S1,CROSS_MODULE,PRESERVE_TARGET_MODE_POLICY,REQUIRED,FUNCTION_OR_TASK_BOUND,NONE,Return scheduling requirement; exposure is not mastery.
REC-A1-000129,GRAMMAR_UNIT,GRAM-A1-090,A1-M01-I05-S3,THIRD_RETURN,A1-M03-I05-S1,CROSS_MODULE,PRESERVE_TARGET_MODE_POLICY,REQUIRED,FUNCTION_OR_TASK_BOUND,NONE,Return scheduling requirement; exposure is not mastery.
REC-A1-000130,GRAMMAR_UNIT,GRAM-A1-127,A1-M01-I05-S1,FIRST_RETURN,A1-M01-I05-S2,SAME_ISLAND,PRESERVE_TARGET_MODE_POLICY,REQUIRED,FUNCTION_OR_TASK_BOUND,NONE,Return scheduling requirement; exposure is not mastery.
REC-A1-000131,GRAMMAR_UNIT,GRAM-A1-127,A1-M01-I05-S1,SECOND_RETURN,A1-M01-I05-S3,SAME_ISLAND,PRESERVE_TARGET_MODE_POLICY,REQUIRED,FUNCTION_OR_TASK_BOUND,NONE,Return scheduling requirement; exposure is not mastery.
REC-A1-000132,GRAMMAR_UNIT,GRAM-A1-127,A1-M01-I05-S1,THIRD_RETURN,A1-M02-I05-S3,CROSS_MODULE,PRESERVE_TARGET_MODE_POLICY,REQUIRED,FUNCTION_OR_TASK_BOUND,NONE,Return scheduling requirement; exposure is not mastery.
REC-A1-000133,GRAMMAR_UNIT,GRAM-A1-130,A1-M01-I05-S3,FIRST_RETURN,A1-M01-I05-S4,SAME_ISLAND,PRESERVE_TARGET_MODE_POLICY,REQUIRED,FUNCTION_OR_TASK_BOUND,NONE,Return scheduling requirement; exposure is not mastery.
REC-A1-000134,GRAMMAR_UNIT,GRAM-A1-130,A1-M01-I05-S3,SECOND_RETURN,A1-M02-I05-S1,CROSS_MODULE,PRESERVE_TARGET_MODE_POLICY,REQUIRED,FUNCTION_OR_TASK_BOUND,NONE,Return scheduling requirement; exposure is not mastery.
REC-A1-000135,GRAMMAR_UNIT,GRAM-A1-130,A1-M01-I05-S3,THIRD_RETURN,A1-M03-I05-S1,CROSS_MODULE,PRESERVE_TARGET_MODE_POLICY,REQUIRED,FUNCTION_OR_TASK_BOUND,NONE,Return scheduling requirement; exposure is not mastery.
REC-A1-000136,MWU_SOURCE_UNIT,12B1-MWU-0005,A1-M01-I05-S3,FIRST_RETURN,A1-M01-I05-S4,SAME_ISLAND,PRESERVE_TARGET_MODE_POLICY,REQUIRED,CONTEXTUAL_OR_FUNCTION_BOUND,NONE,Return scheduling requirement; exposure is not mastery.
REC-A1-000137,MWU_SOURCE_UNIT,12B1-MWU-0005,A1-M01-I05-S3,SECOND_RETURN,A1-M02-I05-S1,CROSS_MODULE,PRESERVE_TARGET_MODE_POLICY,REQUIRED,CONTEXTUAL_OR_FUNCTION_BOUND,NONE,Return scheduling requirement; exposure is not mastery.
REC-A1-000138,MWU_SOURCE_UNIT,12B1-MWU-0005,A1-M01-I05-S3,THIRD_RETURN,A1-M03-I05-S1,CROSS_MODULE,PRESERVE_TARGET_MODE_POLICY,REQUIRED,CONTEXTUAL_OR_FUNCTION_BOUND,NONE,Return scheduling requirement; exposure is not mastery.
REC-A1-000139,MWU_SOURCE_UNIT,12B1-MWU-0006,A1-M01-I05-S1,FIRST_RETURN,A1-M01-I05-S2,SAME_ISLAND,PRESERVE_TARGET_MODE_POLICY,REQUIRED,CONTEXTUAL_OR_FUNCTION_BOUND,NONE,Return scheduling requirement; exposure is not mastery.
REC-A1-000140,MWU_SOURCE_UNIT,12B1-MWU-0006,A1-M01-I05-S1,SECOND_RETURN,A1-M01-I05-S3,SAME_ISLAND,PRESERVE_TARGET_MODE_POLICY,REQUIRED,CONTEXTUAL_OR_FUNCTION_BOUND,NONE,Return scheduling requirement; exposure is not mastery.
REC-A1-000141,MWU_SOURCE_UNIT,12B1-MWU-0006,A1-M01-I05-S1,THIRD_RETURN,A1-M02-I05-S3,CROSS_MODULE,PRESERVE_TARGET_MODE_POLICY,REQUIRED,CONTEXTUAL_OR_FUNCTION_BOUND,NONE,Return scheduling requirement; exposure is not mastery.
REC-A1-000142,MWU_SOURCE_UNIT,12B1-MWU-0007,A1-M01-I05-S3,FIRST_RETURN,A1-M01-I05-S4,SAME_ISLAND,PRESERVE_TARGET_MODE_POLICY,REQUIRED,CONTEXTUAL_OR_FUNCTION_BOUND,NONE,Return scheduling requirement; exposure is not mastery.
REC-A1-000143,MWU_SOURCE_UNIT,12B1-MWU-0007,A1-M01-I05-S3,SECOND_RETURN,A1-M02-I05-S1,CROSS_MODULE,PRESERVE_TARGET_MODE_POLICY,REQUIRED,CONTEXTUAL_OR_FUNCTION_BOUND,NONE,Return scheduling requirement; exposure is not mastery.
REC-A1-000144,MWU_SOURCE_UNIT,12B1-MWU-0007,A1-M01-I05-S3,THIRD_RETURN,A1-M03-I05-S1,CROSS_MODULE,PRESERVE_TARGET_MODE_POLICY,REQUIRED,CONTEXTUAL_OR_FUNCTION_BOUND,NONE,Return scheduling requirement; exposure is not mastery.
REC-A1-000145,MWU_SOURCE_UNIT,12B1-MWU-0179,A1-M01-I05-S1,FIRST_RETURN,A1-M01-I05-S2,SAME_ISLAND,PRESERVE_TARGET_MODE_POLICY,REQUIRED,CONTEXTUAL_OR_FUNCTION_BOUND,NONE,Return scheduling requirement; exposure is not mastery.
REC-A1-000146,MWU_SOURCE_UNIT,12B1-MWU-0179,A1-M01-I05-S1,SECOND_RETURN,A1-M01-I05-S3,SAME_ISLAND,PRESERVE_TARGET_MODE_POLICY,REQUIRED,CONTEXTUAL_OR_FUNCTION_BOUND,NONE,Return scheduling requirement; exposure is not mastery.
REC-A1-000147,MWU_SOURCE_UNIT,12B1-MWU-0179,A1-M01-I05-S1,THIRD_RETURN,A1-M02-I05-S3,CROSS_MODULE,PRESERVE_TARGET_MODE_POLICY,REQUIRED,CONTEXTUAL_OR_FUNCTION_BOUND,NONE,Return scheduling requirement; exposure is not mastery.
REC-A1-000148,MWU_SOURCE_UNIT,12B1-MWU-0189,A1-M01-I05-S1,FIRST_RETURN,A1-M01-I05-S2,SAME_ISLAND,PRESERVE_TARGET_MODE_POLICY,REQUIRED,CONTEXTUAL_OR_FUNCTION_BOUND,NONE,Return scheduling requirement; exposure is not mastery.
REC-A1-000149,MWU_SOURCE_UNIT,12B1-MWU-0189,A1-M01-I05-S1,SECOND_RETURN,A1-M01-I05-S3,SAME_ISLAND,PRESERVE_TARGET_MODE_POLICY,REQUIRED,CONTEXTUAL_OR_FUNCTION_BOUND,NONE,Return scheduling requirement; exposure is not mastery.
REC-A1-000150,MWU_SOURCE_UNIT,12B1-MWU-0189,A1-M01-I05-S1,THIRD_RETURN,A1-M02-I05-S3,CROSS_MODULE,PRESERVE_TARGET_MODE_POLICY,REQUIRED,CONTEXTUAL_OR_FUNCTION_BOUND,NONE,Return scheduling requirement; exposure is not mastery.
REC-A1-000151,MWU_SOURCE_UNIT,12B1-MWU-0214,A1-M01-I05-S3,FIRST_RETURN,A1-M01-I05-S4,SAME_ISLAND,PRESERVE_TARGET_MODE_POLICY,REQUIRED,CONTEXTUAL_OR_FUNCTION_BOUND,NONE,Return scheduling requirement; exposure is not mastery.
REC-A1-000152,MWU_SOURCE_UNIT,12B1-MWU-0214,A1-M01-I05-S3,SECOND_RETURN,A1-M02-I05-S1,CROSS_MODULE,PRESERVE_TARGET_MODE_POLICY,REQUIRED,CONTEXTUAL_OR_FUNCTION_BOUND,NONE,Return scheduling requirement; exposure is not mastery.
REC-A1-000153,MWU_SOURCE_UNIT,12B1-MWU-0214,A1-M01-I05-S3,THIRD_RETURN,A1-M03-I05-S1,CROSS_MODULE,PRESERVE_TARGET_MODE_POLICY,REQUIRED,CONTEXTUAL_OR_FUNCTION_BOUND,NONE,Return scheduling requirement; exposure is not mastery.
REC-A1-000154,SENSE,SENSE-A1-000029,A1-M01-I05-S3,FIRST_RETURN,A1-M01-I05-S4,SAME_ISLAND,PRESERVE_TARGET_MODE_POLICY,REQUIRED,CONTEXTUAL_OR_FUNCTION_BOUND,NONE,Return scheduling requirement; exposure is not mastery.
REC-A1-000155,SENSE,SENSE-A1-000029,A1-M01-I05-S3,SECOND_RETURN,A1-M02-I05-S1,CROSS_MODULE,PRESERVE_TARGET_MODE_POLICY,REQUIRED,CONTEXTUAL_OR_FUNCTION_BOUND,NONE,Return scheduling requirement; exposure is not mastery.
REC-A1-000156,SENSE,SENSE-A1-000029,A1-M01-I05-S3,THIRD_RETURN,A1-M03-I05-S1,CROSS_MODULE,PRESERVE_TARGET_MODE_POLICY,REQUIRED,CONTEXTUAL_OR_FUNCTION_BOUND,NONE,Return scheduling requirement; exposure is not mastery.
REC-A1-000157,SENSE,SENSE-A1-000030,A1-M01-I05-S3,FIRST_RETURN,A1-M01-I05-S4,SAME_ISLAND,PRESERVE_TARGET_MODE_POLICY,REQUIRED,CONTEXTUAL_OR_FUNCTION_BOUND,NONE,Return scheduling requirement; exposure is not mastery.
REC-A1-000158,SENSE,SENSE-A1-000030,A1-M01-I05-S3,SECOND_RETURN,A1-M02-I05-S1,CROSS_MODULE,PRESERVE_TARGET_MODE_POLICY,REQUIRED,CONTEXTUAL_OR_FUNCTION_BOUND,NONE,Return scheduling requirement; exposure is not mastery.
REC-A1-000159,SENSE,SENSE-A1-000030,A1-M01-I05-S3,THIRD_RETURN,A1-M03-I05-S1,CROSS_MODULE,PRESERVE_TARGET_MODE_POLICY,REQUIRED,CONTEXTUAL_OR_FUNCTION_BOUND,NONE,Return scheduling requirement; exposure is not mastery.
REC-A1-000160,SENSE,SENSE-A1-000109,A1-M01-I05-S2,FIRST_RETURN,A1-M01-I05-S3,SAME_ISLAND,PRESERVE_TARGET_MODE_POLICY,REQUIRED,CONTEXTUAL_OR_FUNCTION_BOUND,NONE,Return scheduling requirement; exposure is not mastery.
REC-A1-000161,SENSE,SENSE-A1-000109,A1-M01-I05-S2,SECOND_RETURN,A1-M01-I05-S4,SAME_ISLAND,PRESERVE_TARGET_MODE_POLICY,REQUIRED,CONTEXTUAL_OR_FUNCTION_BOUND,NONE,Return scheduling requirement; exposure is not mastery.
REC-A1-000162,SENSE,SENSE-A1-000109,A1-M01-I05-S2,THIRD_RETURN,A1-M02-I05-S2,CROSS_MODULE,PRESERVE_TARGET_MODE_POLICY,REQUIRED,CONTEXTUAL_OR_FUNCTION_BOUND,NONE,Return scheduling requirement; exposure is not mastery.
REC-A1-000163,SENSE,SENSE-A1-000111,A1-M01-I05-S3,FIRST_RETURN,A1-M01-I05-S4,SAME_ISLAND,PRESERVE_TARGET_MODE_POLICY,REQUIRED,CONTEXTUAL_OR_FUNCTION_BOUND,NONE,Return scheduling requirement; exposure is not mastery.
REC-A1-000164,SENSE,SENSE-A1-000111,A1-M01-I05-S3,SECOND_RETURN,A1-M02-I05-S1,CROSS_MODULE,PRESERVE_TARGET_MODE_POLICY,REQUIRED,CONTEXTUAL_OR_FUNCTION_BOUND,NONE,Return scheduling requirement; exposure is not mastery.
REC-A1-000165,SENSE,SENSE-A1-000111,A1-M01-I05-S3,THIRD_RETURN,A1-M03-I05-S1,CROSS_MODULE,PRESERVE_TARGET_MODE_POLICY,REQUIRED,CONTEXTUAL_OR_FUNCTION_BOUND,NONE,Return scheduling requirement; exposure is not mastery.
REC-A1-000166,SENSE,SENSE-A1-000143,A1-M01-I05-S3,FIRST_RETURN,A1-M01-I05-S4,SAME_ISLAND,PRESERVE_TARGET_MODE_POLICY,REQUIRED,CONTEXTUAL_OR_FUNCTION_BOUND,NONE,Return scheduling requirement; exposure is not mastery.
REC-A1-000167,SENSE,SENSE-A1-000143,A1-M01-I05-S3,SECOND_RETURN,A1-M02-I05-S1,CROSS_MODULE,PRESERVE_TARGET_MODE_POLICY,REQUIRED,CONTEXTUAL_OR_FUNCTION_BOUND,NONE,Return scheduling requirement; exposure is not mastery.
REC-A1-000168,SENSE,SENSE-A1-000143,A1-M01-I05-S3,THIRD_RETURN,A1-M03-I05-S1,CROSS_MODULE,PRESERVE_TARGET_MODE_POLICY,REQUIRED,CONTEXTUAL_OR_FUNCTION_BOUND,NONE,Return scheduling requirement; exposure is not mastery.
REC-A1-000169,SENSE,SENSE-A1-000144,A1-M01-I05-S3,FIRST_RETURN,A1-M01-I05-S4,SAME_ISLAND,PRESERVE_TARGET_MODE_POLICY,REQUIRED,CONTEXTUAL_OR_FUNCTION_BOUND,NONE,Return scheduling requirement; exposure is not mastery.
REC-A1-000170,SENSE,SENSE-A1-000144,A1-M01-I05-S3,SECOND_RETURN,A1-M02-I05-S1,CROSS_MODULE,PRESERVE_TARGET_MODE_POLICY,REQUIRED,CONTEXTUAL_OR_FUNCTION_BOUND,NONE,Return scheduling requirement; exposure is not mastery.
REC-A1-000171,SENSE,SENSE-A1-000144,A1-M01-I05-S3,THIRD_RETURN,A1-M03-I05-S1,CROSS_MODULE,PRESERVE_TARGET_MODE_POLICY,REQUIRED,CONTEXTUAL_OR_FUNCTION_BOUND,NONE,Return scheduling requirement; exposure is not mastery.
REC-A1-000172,SENSE,SENSE-A1-000150,A1-M01-I05-S2,FIRST_RETURN,A1-M01-I05-S3,SAME_ISLAND,PRESERVE_TARGET_MODE_POLICY,REQUIRED,CONTEXTUAL_OR_FUNCTION_BOUND,NONE,Return scheduling requirement; exposure is not mastery.
REC-A1-000173,SENSE,SENSE-A1-000150,A1-M01-I05-S2,SECOND_RETURN,A1-M01-I05-S4,SAME_ISLAND,PRESERVE_TARGET_MODE_POLICY,REQUIRED,CONTEXTUAL_OR_FUNCTION_BOUND,NONE,Return scheduling requirement; exposure is not mastery.
REC-A1-000174,SENSE,SENSE-A1-000150,A1-M01-I05-S2,THIRD_RETURN,A1-M02-I05-S2,CROSS_MODULE,PRESERVE_TARGET_MODE_POLICY,REQUIRED,CONTEXTUAL_OR_FUNCTION_BOUND,NONE,Return scheduling requirement; exposure is not mastery.
REC-A1-000175,SENSE,SENSE-A1-000171,A1-M01-I05-S3,FIRST_RETURN,A1-M01-I05-S4,SAME_ISLAND,PRESERVE_TARGET_MODE_POLICY,REQUIRED,CONTEXTUAL_OR_FUNCTION_BOUND,NONE,Return scheduling requirement; exposure is not mastery.
REC-A1-000176,SENSE,SENSE-A1-000171,A1-M01-I05-S3,SECOND_RETURN,A1-M02-I05-S1,CROSS_MODULE,PRESERVE_TARGET_MODE_POLICY,REQUIRED,CONTEXTUAL_OR_FUNCTION_BOUND,NONE,Return scheduling requirement; exposure is not mastery.
REC-A1-000177,SENSE,SENSE-A1-000171,A1-M01-I05-S3,THIRD_RETURN,A1-M03-I05-S1,CROSS_MODULE,PRESERVE_TARGET_MODE_POLICY,REQUIRED,CONTEXTUAL_OR_FUNCTION_BOUND,NONE,Return scheduling requirement; exposure is not mastery.
REC-A1-000178,SENSE,SENSE-A1-000173,A1-M01-I05-S2,FIRST_RETURN,A1-M01-I05-S3,SAME_ISLAND,PRESERVE_TARGET_MODE_POLICY,REQUIRED,CONTEXTUAL_OR_FUNCTION_BOUND,NONE,Return scheduling requirement; exposure is not mastery.
REC-A1-000179,SENSE,SENSE-A1-000173,A1-M01-I05-S2,SECOND_RETURN,A1-M01-I05-S4,SAME_ISLAND,PRESERVE_TARGET_MODE_POLICY,REQUIRED,CONTEXTUAL_OR_FUNCTION_BOUND,NONE,Return scheduling requirement; exposure is not mastery.
REC-A1-000180,SENSE,SENSE-A1-000173,A1-M01-I05-S2,THIRD_RETURN,A1-M02-I05-S2,CROSS_MODULE,PRESERVE_TARGET_MODE_POLICY,REQUIRED,CONTEXTUAL_OR_FUNCTION_BOUND,NONE,Return scheduling requirement; exposure is not mastery.
REC-A1-000181,SENSE,SENSE-A1-000178,A1-M01-I05-S3,FIRST_RETURN,A1-M01-I05-S4,SAME_ISLAND,PRESERVE_TARGET_MODE_POLICY,REQUIRED,CONTEXTUAL_OR_FUNCTION_BOUND,NONE,Return scheduling requirement; exposure is not mastery.
REC-A1-000182,SENSE,SENSE-A1-000178,A1-M01-I05-S3,SECOND_RETURN,A1-M02-I05-S1,CROSS_MODULE,PRESERVE_TARGET_MODE_POLICY,REQUIRED,CONTEXTUAL_OR_FUNCTION_BOUND,NONE,Return scheduling requirement; exposure is not mastery.
REC-A1-000183,SENSE,SENSE-A1-000178,A1-M01-I05-S3,THIRD_RETURN,A1-M03-I05-S1,CROSS_MODULE,PRESERVE_TARGET_MODE_POLICY,REQUIRED,CONTEXTUAL_OR_FUNCTION_BOUND,NONE,Return scheduling requirement; exposure is not mastery.
REC-A1-000184,SENSE,SENSE-A1-000194,A1-M01-I05-S3,FIRST_RETURN,A1-M01-I05-S4,SAME_ISLAND,PRESERVE_TARGET_MODE_POLICY,REQUIRED,CONTEXTUAL_OR_FUNCTION_BOUND,NONE,Return scheduling requirement; exposure is not mastery.
REC-A1-000185,SENSE,SENSE-A1-000194,A1-M01-I05-S3,SECOND_RETURN,A1-M02-I05-S1,CROSS_MODULE,PRESERVE_TARGET_MODE_POLICY,REQUIRED,CONTEXTUAL_OR_FUNCTION_BOUND,NONE,Return scheduling requirement; exposure is not mastery.
REC-A1-000186,SENSE,SENSE-A1-000194,A1-M01-I05-S3,THIRD_RETURN,A1-M03-I05-S1,CROSS_MODULE,PRESERVE_TARGET_MODE_POLICY,REQUIRED,CONTEXTUAL_OR_FUNCTION_BOUND,NONE,Return scheduling requirement; exposure is not mastery.
REC-A1-000187,SENSE,SENSE-A1-000201,A1-M01-I05-S2,FIRST_RETURN,A1-M01-I05-S3,SAME_ISLAND,PRESERVE_TARGET_MODE_POLICY,REQUIRED,CONTEXTUAL_OR_FUNCTION_BOUND,NONE,Return scheduling requirement; exposure is not mastery.
REC-A1-000188,SENSE,SENSE-A1-000201,A1-M01-I05-S2,SECOND_RETURN,A1-M01-I05-S4,SAME_ISLAND,PRESERVE_TARGET_MODE_POLICY,REQUIRED,CONTEXTUAL_OR_FUNCTION_BOUND,NONE,Return scheduling requirement; exposure is not mastery.
REC-A1-000189,SENSE,SENSE-A1-000201,A1-M01-I05-S2,THIRD_RETURN,A1-M02-I05-S2,CROSS_MODULE,PRESERVE_TARGET_MODE_POLICY,REQUIRED,CONTEXTUAL_OR_FUNCTION_BOUND,NONE,Return scheduling requirement; exposure is not mastery.
REC-A1-000190,SENSE,SENSE-A1-000206,A1-M01-I05-S3,FIRST_RETURN,A1-M01-I05-S4,SAME_ISLAND,PRESERVE_TARGET_MODE_POLICY,REQUIRED,CONTEXTUAL_OR_FUNCTION_BOUND,NONE,Return scheduling requirement; exposure is not mastery.
REC-A1-000191,SENSE,SENSE-A1-000206,A1-M01-I05-S3,SECOND_RETURN,A1-M02-I05-S1,CROSS_MODULE,PRESERVE_TARGET_MODE_POLICY,REQUIRED,CONTEXTUAL_OR_FUNCTION_BOUND,NONE,Return scheduling requirement; exposure is not mastery.
REC-A1-000192,SENSE,SENSE-A1-000206,A1-M01-I05-S3,THIRD_RETURN,A1-M03-I05-S1,CROSS_MODULE,PRESERVE_TARGET_MODE_POLICY,REQUIRED,CONTEXTUAL_OR_FUNCTION_BOUND,NONE,Return scheduling requirement; exposure is not mastery.
REC-A1-000193,SENSE,SENSE-A1-000231,A1-M01-I05-S3,FIRST_RETURN,A1-M01-I05-S4,SAME_ISLAND,PRESERVE_TARGET_MODE_POLICY,REQUIRED,CONTEXTUAL_OR_FUNCTION_BOUND,NONE,Return scheduling requirement; exposure is not mastery.
REC-A1-000194,SENSE,SENSE-A1-000231,A1-M01-I05-S3,SECOND_RETURN,A1-M02-I05-S1,CROSS_MODULE,PRESERVE_TARGET_MODE_POLICY,REQUIRED,CONTEXTUAL_OR_FUNCTION_BOUND,NONE,Return scheduling requirement; exposure is not mastery.
REC-A1-000195,SENSE,SENSE-A1-000231,A1-M01-I05-S3,THIRD_RETURN,A1-M03-I05-S1,CROSS_MODULE,PRESERVE_TARGET_MODE_POLICY,REQUIRED,CONTEXTUAL_OR_FUNCTION_BOUND,NONE,Return scheduling requirement; exposure is not mastery.
REC-A1-000196,SENSE,SENSE-A1-000232,A1-M01-I05-S2,FIRST_RETURN,A1-M01-I05-S3,SAME_ISLAND,PRESERVE_TARGET_MODE_POLICY,REQUIRED,CONTEXTUAL_OR_FUNCTION_BOUND,NONE,Return scheduling requirement; exposure is not mastery.
REC-A1-000197,SENSE,SENSE-A1-000232,A1-M01-I05-S2,SECOND_RETURN,A1-M01-I05-S4,SAME_ISLAND,PRESERVE_TARGET_MODE_POLICY,REQUIRED,CONTEXTUAL_OR_FUNCTION_BOUND,NONE,Return scheduling requirement; exposure is not mastery.
REC-A1-000198,SENSE,SENSE-A1-000232,A1-M01-I05-S2,THIRD_RETURN,A1-M02-I05-S2,CROSS_MODULE,PRESERVE_TARGET_MODE_POLICY,REQUIRED,CONTEXTUAL_OR_FUNCTION_BOUND,NONE,Return scheduling requirement; exposure is not mastery.
REC-A1-000199,SENSE,SENSE-A1-000248,A1-M01-I05-S3,FIRST_RETURN,A1-M01-I05-S4,SAME_ISLAND,PRESERVE_TARGET_MODE_POLICY,REQUIRED,CONTEXTUAL_OR_FUNCTION_BOUND,NONE,Return scheduling requirement; exposure is not mastery.
REC-A1-000200,SENSE,SENSE-A1-000248,A1-M01-I05-S3,SECOND_RETURN,A1-M02-I05-S1,CROSS_MODULE,PRESERVE_TARGET_MODE_POLICY,REQUIRED,CONTEXTUAL_OR_FUNCTION_BOUND,NONE,Return scheduling requirement; exposure is not mastery.
REC-A1-000201,SENSE,SENSE-A1-000248,A1-M01-I05-S3,THIRD_RETURN,A1-M03-I05-S1,CROSS_MODULE,PRESERVE_TARGET_MODE_POLICY,REQUIRED,CONTEXTUAL_OR_FUNCTION_BOUND,NONE,Return scheduling requirement; exposure is not mastery.
REC-A1-000202,SENSE,SENSE-A1-000249,A1-M01-I05-S3,FIRST_RETURN,A1-M01-I05-S4,SAME_ISLAND,PRESERVE_TARGET_MODE_POLICY,REQUIRED,CONTEXTUAL_OR_FUNCTION_BOUND,NONE,Return scheduling requirement; exposure is not mastery.
REC-A1-000203,SENSE,SENSE-A1-000249,A1-M01-I05-S3,SECOND_RETURN,A1-M02-I05-S1,CROSS_MODULE,PRESERVE_TARGET_MODE_POLICY,REQUIRED,CONTEXTUAL_OR_FUNCTION_BOUND,NONE,Return scheduling requirement; exposure is not mastery.
REC-A1-000204,SENSE,SENSE-A1-000249,A1-M01-I05-S3,THIRD_RETURN,A1-M03-I05-S1,CROSS_MODULE,PRESERVE_TARGET_MODE_POLICY,REQUIRED,CONTEXTUAL_OR_FUNCTION_BOUND,NONE,Return scheduling requirement; exposure is not mastery.
REC-A1-000205,SENSE,SENSE-A1-000259,A1-M01-I05-S2,FIRST_RETURN,A1-M01-I05-S3,SAME_ISLAND,PRESERVE_TARGET_MODE_POLICY,REQUIRED,CONTEXTUAL_OR_FUNCTION_BOUND,NONE,Return scheduling requirement; exposure is not mastery.
REC-A1-000206,SENSE,SENSE-A1-000259,A1-M01-I05-S2,SECOND_RETURN,A1-M01-I05-S4,SAME_ISLAND,PRESERVE_TARGET_MODE_POLICY,REQUIRED,CONTEXTUAL_OR_FUNCTION_BOUND,NONE,Return scheduling requirement; exposure is not mastery.
REC-A1-000207,SENSE,SENSE-A1-000259,A1-M01-I05-S2,THIRD_RETURN,A1-M02-I05-S2,CROSS_MODULE,PRESERVE_TARGET_MODE_POLICY,REQUIRED,CONTEXTUAL_OR_FUNCTION_BOUND,NONE,Return scheduling requirement; exposure is not mastery.
REC-A1-000208,SENSE,SENSE-A1-000301,A1-M01-I05-S3,FIRST_RETURN,A1-M01-I05-S4,SAME_ISLAND,PRESERVE_TARGET_MODE_POLICY,REQUIRED,CONTEXTUAL_OR_FUNCTION_BOUND,NONE,Return scheduling requirement; exposure is not mastery.
REC-A1-000209,SENSE,SENSE-A1-000301,A1-M01-I05-S3,SECOND_RETURN,A1-M02-I05-S1,CROSS_MODULE,PRESERVE_TARGET_MODE_POLICY,REQUIRED,CONTEXTUAL_OR_FUNCTION_BOUND,NONE,Return scheduling requirement; exposure is not mastery.
REC-A1-000210,SENSE,SENSE-A1-000301,A1-M01-I05-S3,THIRD_RETURN,A1-M03-I05-S1,CROSS_MODULE,PRESERVE_TARGET_MODE_POLICY,REQUIRED,CONTEXTUAL_OR_FUNCTION_BOUND,NONE,Return scheduling requirement; exposure is not mastery.
REC-A1-000211,SENSE,SENSE-A1-000315,A1-M01-I05-S3,FIRST_RETURN,A1-M01-I05-S4,SAME_ISLAND,PRESERVE_TARGET_MODE_POLICY,REQUIRED,CONTEXTUAL_OR_FUNCTION_BOUND,NONE,Return scheduling requirement; exposure is not mastery.
REC-A1-000212,SENSE,SENSE-A1-000315,A1-M01-I05-S3,SECOND_RETURN,A1-M02-I05-S1,CROSS_MODULE,PRESERVE_TARGET_MODE_POLICY,REQUIRED,CONTEXTUAL_OR_FUNCTION_BOUND,NONE,Return scheduling requirement; exposure is not mastery.
REC-A1-000213,SENSE,SENSE-A1-000315,A1-M01-I05-S3,THIRD_RETURN,A1-M03-I05-S1,CROSS_MODULE,PRESERVE_TARGET_MODE_POLICY,REQUIRED,CONTEXTUAL_OR_FUNCTION_BOUND,NONE,Return scheduling requirement; exposure is not mastery.
REC-A1-000214,SENSE,SENSE-A1-000316,A1-M01-I05-S2,FIRST_RETURN,A1-M01-I05-S3,SAME_ISLAND,PRESERVE_TARGET_MODE_POLICY,REQUIRED,CONTEXTUAL_OR_FUNCTION_BOUND,NONE,Return scheduling requirement; exposure is not mastery.
REC-A1-000215,SENSE,SENSE-A1-000316,A1-M01-I05-S2,SECOND_RETURN,A1-M01-I05-S4,SAME_ISLAND,PRESERVE_TARGET_MODE_POLICY,REQUIRED,CONTEXTUAL_OR_FUNCTION_BOUND,NONE,Return scheduling requirement; exposure is not mastery.
REC-A1-000216,SENSE,SENSE-A1-000316,A1-M01-I05-S2,THIRD_RETURN,A1-M02-I05-S2,CROSS_MODULE,PRESERVE_TARGET_MODE_POLICY,REQUIRED,CONTEXTUAL_OR_FUNCTION_BOUND,NONE,Return scheduling requirement; exposure is not mastery.
REC-A1-000217,SENSE,SENSE-A1-000357,A1-M01-I05-S3,FIRST_RETURN,A1-M01-I05-S4,SAME_ISLAND,PRESERVE_TARGET_MODE_POLICY,REQUIRED,CONTEXTUAL_OR_FUNCTION_BOUND,NONE,Return scheduling requirement; exposure is not mastery.
REC-A1-000218,SENSE,SENSE-A1-000357,A1-M01-I05-S3,SECOND_RETURN,A1-M02-I05-S1,CROSS_MODULE,PRESERVE_TARGET_MODE_POLICY,REQUIRED,CONTEXTUAL_OR_FUNCTION_BOUND,NONE,Return scheduling requirement; exposure is not mastery.
REC-A1-000219,SENSE,SENSE-A1-000357,A1-M01-I05-S3,THIRD_RETURN,A1-M03-I05-S1,CROSS_MODULE,PRESERVE_TARGET_MODE_POLICY,REQUIRED,CONTEXTUAL_OR_FUNCTION_BOUND,NONE,Return scheduling requirement; exposure is not mastery.
REC-A1-000220,SENSE,SENSE-A1-000358,A1-M01-I05-S3,FIRST_RETURN,A1-M01-I05-S4,SAME_ISLAND,PRESERVE_TARGET_MODE_POLICY,REQUIRED,CONTEXTUAL_OR_FUNCTION_BOUND,NONE,Return scheduling requirement; exposure is not mastery.
REC-A1-000221,SENSE,SENSE-A1-000358,A1-M01-I05-S3,SECOND_RETURN,A1-M02-I05-S1,CROSS_MODULE,PRESERVE_TARGET_MODE_POLICY,REQUIRED,CONTEXTUAL_OR_FUNCTION_BOUND,NONE,Return scheduling requirement; exposure is not mastery.
REC-A1-000222,SENSE,SENSE-A1-000358,A1-M01-I05-S3,THIRD_RETURN,A1-M03-I05-S1,CROSS_MODULE,PRESERVE_TARGET_MODE_POLICY,REQUIRED,CONTEXTUAL_OR_FUNCTION_BOUND,NONE,Return scheduling requirement; exposure is not mastery.
REC-A1-000223,SENSE,SENSE-A1-000373,A1-M01-I05-S2,FIRST_RETURN,A1-M01-I05-S3,SAME_ISLAND,PRESERVE_TARGET_MODE_POLICY,REQUIRED,CONTEXTUAL_OR_FUNCTION_BOUND,NONE,Return scheduling requirement; exposure is not mastery.
REC-A1-000224,SENSE,SENSE-A1-000373,A1-M01-I05-S2,SECOND_RETURN,A1-M01-I05-S4,SAME_ISLAND,PRESERVE_TARGET_MODE_POLICY,REQUIRED,CONTEXTUAL_OR_FUNCTION_BOUND,NONE,Return scheduling requirement; exposure is not mastery.
REC-A1-000225,SENSE,SENSE-A1-000373,A1-M01-I05-S2,THIRD_RETURN,A1-M02-I05-S2,CROSS_MODULE,PRESERVE_TARGET_MODE_POLICY,REQUIRED,CONTEXTUAL_OR_FUNCTION_BOUND,NONE,Return scheduling requirement; exposure is not mastery.
REC-A1-000226,SENSE,SENSE-A1-000374,A1-M01-I05-S3,FIRST_RETURN,A1-M01-I05-S4,SAME_ISLAND,PRESERVE_TARGET_MODE_POLICY,REQUIRED,CONTEXTUAL_OR_FUNCTION_BOUND,NONE,Return scheduling requirement; exposure is not mastery.
REC-A1-000227,SENSE,SENSE-A1-000374,A1-M01-I05-S3,SECOND_RETURN,A1-M02-I05-S1,CROSS_MODULE,PRESERVE_TARGET_MODE_POLICY,REQUIRED,CONTEXTUAL_OR_FUNCTION_BOUND,NONE,Return scheduling requirement; exposure is not mastery.
REC-A1-000228,SENSE,SENSE-A1-000374,A1-M01-I05-S3,THIRD_RETURN,A1-M03-I05-S1,CROSS_MODULE,PRESERVE_TARGET_MODE_POLICY,REQUIRED,CONTEXTUAL_OR_FUNCTION_BOUND,NONE,Return scheduling requirement; exposure is not mastery.
REC-A1-000229,SENSE,SENSE-A1-000383,A1-M01-I05-S3,FIRST_RETURN,A1-M01-I05-S4,SAME_ISLAND,PRESERVE_TARGET_MODE_POLICY,REQUIRED,CONTEXTUAL_OR_FUNCTION_BOUND,NONE,Return scheduling requirement; exposure is not mastery.
REC-A1-000230,SENSE,SENSE-A1-000383,A1-M01-I05-S3,SECOND_RETURN,A1-M02-I05-S1,CROSS_MODULE,PRESERVE_TARGET_MODE_POLICY,REQUIRED,CONTEXTUAL_OR_FUNCTION_BOUND,NONE,Return scheduling requirement; exposure is not mastery.
REC-A1-000231,SENSE,SENSE-A1-000383,A1-M01-I05-S3,THIRD_RETURN,A1-M03-I05-S1,CROSS_MODULE,PRESERVE_TARGET_MODE_POLICY,REQUIRED,CONTEXTUAL_OR_FUNCTION_BOUND,NONE,Return scheduling requirement; exposure is not mastery.
REC-A1-000232,SENSE,SENSE-A1-000392,A1-M01-I05-S2,FIRST_RETURN,A1-M01-I05-S3,SAME_ISLAND,PRESERVE_TARGET_MODE_POLICY,REQUIRED,CONTEXTUAL_OR_FUNCTION_BOUND,NONE,Return scheduling requirement; exposure is not mastery.
REC-A1-000233,SENSE,SENSE-A1-000392,A1-M01-I05-S2,SECOND_RETURN,A1-M01-I05-S4,SAME_ISLAND,PRESERVE_TARGET_MODE_POLICY,REQUIRED,CONTEXTUAL_OR_FUNCTION_BOUND,NONE,Return scheduling requirement; exposure is not mastery.
REC-A1-000234,SENSE,SENSE-A1-000392,A1-M01-I05-S2,THIRD_RETURN,A1-M02-I05-S2,CROSS_MODULE,PRESERVE_TARGET_MODE_POLICY,REQUIRED,CONTEXTUAL_OR_FUNCTION_BOUND,NONE,Return scheduling requirement; exposure is not mastery.
REC-A1-000235,SENSE,SENSE-A1-000411,A1-M01-I05-S3,FIRST_RETURN,A1-M01-I05-S4,SAME_ISLAND,PRESERVE_TARGET_MODE_POLICY,REQUIRED,CONTEXTUAL_OR_FUNCTION_BOUND,NONE,Return scheduling requirement; exposure is not mastery.
REC-A1-000236,SENSE,SENSE-A1-000411,A1-M01-I05-S3,SECOND_RETURN,A1-M02-I05-S1,CROSS_MODULE,PRESERVE_TARGET_MODE_POLICY,REQUIRED,CONTEXTUAL_OR_FUNCTION_BOUND,NONE,Return scheduling requirement; exposure is not mastery.
REC-A1-000237,SENSE,SENSE-A1-000411,A1-M01-I05-S3,THIRD_RETURN,A1-M03-I05-S1,CROSS_MODULE,PRESERVE_TARGET_MODE_POLICY,REQUIRED,CONTEXTUAL_OR_FUNCTION_BOUND,NONE,Return scheduling requirement; exposure is not mastery.
REC-A1-000238,SENSE,SENSE-A1-000428,A1-M01-I05-S3,FIRST_RETURN,A1-M01-I05-S4,SAME_ISLAND,PRESERVE_TARGET_MODE_POLICY,REQUIRED,CONTEXTUAL_OR_FUNCTION_BOUND,NONE,Return scheduling requirement; exposure is not mastery.
REC-A1-000239,SENSE,SENSE-A1-000428,A1-M01-I05-S3,SECOND_RETURN,A1-M02-I05-S1,CROSS_MODULE,PRESERVE_TARGET_MODE_POLICY,REQUIRED,CONTEXTUAL_OR_FUNCTION_BOUND,NONE,Return scheduling requirement; exposure is not mastery.
REC-A1-000240,SENSE,SENSE-A1-000428,A1-M01-I05-S3,THIRD_RETURN,A1-M03-I05-S1,CROSS_MODULE,PRESERVE_TARGET_MODE_POLICY,REQUIRED,CONTEXTUAL_OR_FUNCTION_BOUND,NONE,Return scheduling requirement; exposure is not mastery.
REC-A1-000241,SENSE,SENSE-A1-000483,A1-M01-I05-S3,FIRST_RETURN,A1-M01-I05-S4,SAME_ISLAND,PRESERVE_TARGET_MODE_POLICY,REQUIRED,CONTEXTUAL_OR_FUNCTION_BOUND,NONE,Return scheduling requirement; exposure is not mastery.
REC-A1-000242,SENSE,SENSE-A1-000483,A1-M01-I05-S3,SECOND_RETURN,A1-M02-I05-S1,CROSS_MODULE,PRESERVE_TARGET_MODE_POLICY,REQUIRED,CONTEXTUAL_OR_FUNCTION_BOUND,NONE,Return scheduling requirement; exposure is not mastery.
REC-A1-000243,SENSE,SENSE-A1-000483,A1-M01-I05-S3,THIRD_RETURN,A1-M03-I05-S1,CROSS_MODULE,PRESERVE_TARGET_MODE_POLICY,REQUIRED,CONTEXTUAL_OR_FUNCTION_BOUND,NONE,Return scheduling requirement; exposure is not mastery.
REC-A1-000244,SENSE,SENSE-A1-000487,A1-M01-I05-S2,FIRST_RETURN,A1-M01-I05-S3,SAME_ISLAND,PRESERVE_TARGET_MODE_POLICY,REQUIRED,CONTEXTUAL_OR_FUNCTION_BOUND,NONE,Return scheduling requirement; exposure is not mastery.
REC-A1-000245,SENSE,SENSE-A1-000487,A1-M01-I05-S2,SECOND_RETURN,A1-M01-I05-S4,SAME_ISLAND,PRESERVE_TARGET_MODE_POLICY,REQUIRED,CONTEXTUAL_OR_FUNCTION_BOUND,NONE,Return scheduling requirement; exposure is not mastery.
REC-A1-000246,SENSE,SENSE-A1-000487,A1-M01-I05-S2,THIRD_RETURN,A1-M02-I05-S2,CROSS_MODULE,PRESERVE_TARGET_MODE_POLICY,REQUIRED,CONTEXTUAL_OR_FUNCTION_BOUND,NONE,Return scheduling requirement; exposure is not mastery.
REC-A1-000247,SENSE,SENSE-A1-000551,A1-M01-I05-S3,FIRST_RETURN,A1-M01-I05-S4,SAME_ISLAND,PRESERVE_TARGET_MODE_POLICY,REQUIRED,CONTEXTUAL_OR_FUNCTION_BOUND,NONE,Return scheduling requirement; exposure is not mastery.
REC-A1-000248,SENSE,SENSE-A1-000551,A1-M01-I05-S3,SECOND_RETURN,A1-M02-I05-S1,CROSS_MODULE,PRESERVE_TARGET_MODE_POLICY,REQUIRED,CONTEXTUAL_OR_FUNCTION_BOUND,NONE,Return scheduling requirement; exposure is not mastery.
REC-A1-000249,SENSE,SENSE-A1-000551,A1-M01-I05-S3,THIRD_RETURN,A1-M03-I05-S1,CROSS_MODULE,PRESERVE_TARGET_MODE_POLICY,REQUIRED,CONTEXTUAL_OR_FUNCTION_BOUND,NONE,Return scheduling requirement; exposure is not mastery.
REC-A1-000250,SENSE,SENSE-A1-000552,A1-M01-I05-S2,FIRST_RETURN,A1-M01-I05-S3,SAME_ISLAND,PRESERVE_TARGET_MODE_POLICY,REQUIRED,CONTEXTUAL_OR_FUNCTION_BOUND,NONE,Return scheduling requirement; exposure is not mastery.
REC-A1-000251,SENSE,SENSE-A1-000552,A1-M01-I05-S2,SECOND_RETURN,A1-M01-I05-S4,SAME_ISLAND,PRESERVE_TARGET_MODE_POLICY,REQUIRED,CONTEXTUAL_OR_FUNCTION_BOUND,NONE,Return scheduling requirement; exposure is not mastery.
REC-A1-000252,SENSE,SENSE-A1-000552,A1-M01-I05-S2,THIRD_RETURN,A1-M02-I05-S2,CROSS_MODULE,PRESERVE_TARGET_MODE_POLICY,REQUIRED,CONTEXTUAL_OR_FUNCTION_BOUND,NONE,Return scheduling requirement; exposure is not mastery.
REC-A1-000253,SENSE,SENSE-A1-000553,A1-M01-I05-S3,FIRST_RETURN,A1-M01-I05-S4,SAME_ISLAND,PRESERVE_TARGET_MODE_POLICY,REQUIRED,CONTEXTUAL_OR_FUNCTION_BOUND,NONE,Return scheduling requirement; exposure is not mastery.
REC-A1-000254,SENSE,SENSE-A1-000553,A1-M01-I05-S3,SECOND_RETURN,A1-M02-I05-S1,CROSS_MODULE,PRESERVE_TARGET_MODE_POLICY,REQUIRED,CONTEXTUAL_OR_FUNCTION_BOUND,NONE,Return scheduling requirement; exposure is not mastery.
REC-A1-000255,SENSE,SENSE-A1-000553,A1-M01-I05-S3,THIRD_RETURN,A1-M03-I05-S1,CROSS_MODULE,PRESERVE_TARGET_MODE_POLICY,REQUIRED,CONTEXTUAL_OR_FUNCTION_BOUND,NONE,Return scheduling requirement; exposure is not mastery.
REC-A1-000256,GRAMMAR_UNIT,GRAM-A1-005,A1-M01-I05-S3,FIRST_RETURN,A1-M01-I05-S4,SAME_ISLAND,PRESERVE_TARGET_MODE_POLICY,REQUIRED,FUNCTION_OR_TASK_BOUND,NONE,Return scheduling requirement; exposure is not mastery.
REC-A1-000257,GRAMMAR_UNIT,GRAM-A1-005,A1-M01-I05-S3,SECOND_RETURN,A1-M02-I05-S1,CROSS_MODULE,PRESERVE_TARGET_MODE_POLICY,REQUIRED,FUNCTION_OR_TASK_BOUND,NONE,Return scheduling requirement; exposure is not mastery.
REC-A1-000258,GRAMMAR_UNIT,GRAM-A1-005,A1-M01-I05-S3,THIRD_RETURN,A1-M03-I05-S1,CROSS_MODULE,PRESERVE_TARGET_MODE_POLICY,REQUIRED,FUNCTION_OR_TASK_BOUND,NONE,Return scheduling requirement; exposure is not mastery.
REC-A1-000259,GRAMMAR_UNIT,GRAM-A1-006,A1-M01-I05-S3,FIRST_RETURN,A1-M01-I05-S4,SAME_ISLAND,PRESERVE_TARGET_MODE_POLICY,REQUIRED,FUNCTION_OR_TASK_BOUND,NONE,Return scheduling requirement; exposure is not mastery.
REC-A1-000260,GRAMMAR_UNIT,GRAM-A1-006,A1-M01-I05-S3,SECOND_RETURN,A1-M02-I05-S1,CROSS_MODULE,PRESERVE_TARGET_MODE_POLICY,REQUIRED,FUNCTION_OR_TASK_BOUND,NONE,Return scheduling requirement; exposure is not mastery.
REC-A1-000261,GRAMMAR_UNIT,GRAM-A1-006,A1-M01-I05-S3,THIRD_RETURN,A1-M03-I05-S1,CROSS_MODULE,PRESERVE_TARGET_MODE_POLICY,REQUIRED,FUNCTION_OR_TASK_BOUND,NONE,Return scheduling requirement; exposure is not mastery.
REC-A1-000262,GRAMMAR_UNIT,GRAM-A1-023,A1-M01-I05-S3,FIRST_RETURN,A1-M01-I05-S4,SAME_ISLAND,PRESERVE_TARGET_MODE_POLICY,REQUIRED,FUNCTION_OR_TASK_BOUND,NONE,Return scheduling requirement; exposure is not mastery.
REC-A1-000263,GRAMMAR_UNIT,GRAM-A1-023,A1-M01-I05-S3,SECOND_RETURN,A1-M02-I05-S1,CROSS_MODULE,PRESERVE_TARGET_MODE_POLICY,REQUIRED,FUNCTION_OR_TASK_BOUND,NONE,Return scheduling requirement; exposure is not mastery.
REC-A1-000264,GRAMMAR_UNIT,GRAM-A1-023,A1-M01-I05-S3,THIRD_RETURN,A1-M03-I05-S1,CROSS_MODULE,PRESERVE_TARGET_MODE_POLICY,REQUIRED,FUNCTION_OR_TASK_BOUND,NONE,Return scheduling requirement; exposure is not mastery.
REC-A1-000265,GRAMMAR_UNIT,GRAM-A1-025,A1-M01-I05-S3,FIRST_RETURN,A1-M01-I05-S4,SAME_ISLAND,PRESERVE_TARGET_MODE_POLICY,REQUIRED,FUNCTION_OR_TASK_BOUND,NONE,Return scheduling requirement; exposure is not mastery.
REC-A1-000266,GRAMMAR_UNIT,GRAM-A1-025,A1-M01-I05-S3,SECOND_RETURN,A1-M02-I05-S1,CROSS_MODULE,PRESERVE_TARGET_MODE_POLICY,REQUIRED,FUNCTION_OR_TASK_BOUND,NONE,Return scheduling requirement; exposure is not mastery.
REC-A1-000267,GRAMMAR_UNIT,GRAM-A1-025,A1-M01-I05-S3,THIRD_RETURN,A1-M03-I05-S1,CROSS_MODULE,PRESERVE_TARGET_MODE_POLICY,REQUIRED,FUNCTION_OR_TASK_BOUND,NONE,Return scheduling requirement; exposure is not mastery.
REC-A1-000268,GRAMMAR_UNIT,GRAM-A1-069,A1-M01-I05-S2,FIRST_RETURN,A1-M01-I05-S3,SAME_ISLAND,PRESERVE_TARGET_MODE_POLICY,REQUIRED,FUNCTION_OR_TASK_BOUND,NONE,Return scheduling requirement; exposure is not mastery.
REC-A1-000269,GRAMMAR_UNIT,GRAM-A1-069,A1-M01-I05-S2,SECOND_RETURN,A1-M01-I05-S4,SAME_ISLAND,PRESERVE_TARGET_MODE_POLICY,REQUIRED,FUNCTION_OR_TASK_BOUND,NONE,Return scheduling requirement; exposure is not mastery.
REC-A1-000270,GRAMMAR_UNIT,GRAM-A1-069,A1-M01-I05-S2,THIRD_RETURN,A1-M02-I05-S2,CROSS_MODULE,PRESERVE_TARGET_MODE_POLICY,REQUIRED,FUNCTION_OR_TASK_BOUND,NONE,Return scheduling requirement; exposure is not mastery.
REC-A1-000271,GRAMMAR_UNIT,GRAM-A1-070,A1-M01-I05-S3,FIRST_RETURN,A1-M01-I05-S4,SAME_ISLAND,PRESERVE_TARGET_MODE_POLICY,REQUIRED,FUNCTION_OR_TASK_BOUND,NONE,Return scheduling requirement; exposure is not mastery.
REC-A1-000272,GRAMMAR_UNIT,GRAM-A1-070,A1-M01-I05-S3,SECOND_RETURN,A1-M02-I05-S1,CROSS_MODULE,PRESERVE_TARGET_MODE_POLICY,REQUIRED,FUNCTION_OR_TASK_BOUND,NONE,Return scheduling requirement; exposure is not mastery.
REC-A1-000273,GRAMMAR_UNIT,GRAM-A1-070,A1-M01-I05-S3,THIRD_RETURN,A1-M03-I05-S1,CROSS_MODULE,PRESERVE_TARGET_MODE_POLICY,REQUIRED,FUNCTION_OR_TASK_BOUND,NONE,Return scheduling requirement; exposure is not mastery.
REC-A1-000274,GRAMMAR_UNIT,GRAM-A1-071,A1-M01-I05-S3,FIRST_RETURN,A1-M01-I05-S4,SAME_ISLAND,PRESERVE_TARGET_MODE_POLICY,REQUIRED,FUNCTION_OR_TASK_BOUND,NONE,Return scheduling requirement; exposure is not mastery.
REC-A1-000275,GRAMMAR_UNIT,GRAM-A1-071,A1-M01-I05-S3,SECOND_RETURN,A1-M02-I05-S1,CROSS_MODULE,PRESERVE_TARGET_MODE_POLICY,REQUIRED,FUNCTION_OR_TASK_BOUND,NONE,Return scheduling requirement; exposure is not mastery.
REC-A1-000276,GRAMMAR_UNIT,GRAM-A1-071,A1-M01-I05-S3,THIRD_RETURN,A1-M03-I05-S1,CROSS_MODULE,PRESERVE_TARGET_MODE_POLICY,REQUIRED,FUNCTION_OR_TASK_BOUND,NONE,Return scheduling requirement; exposure is not mastery.
REC-A1-000277,GRAMMAR_UNIT,GRAM-A1-076,A1-M01-I05-S3,FIRST_RETURN,A1-M01-I05-S4,SAME_ISLAND,PRESERVE_TARGET_MODE_POLICY,REQUIRED,FUNCTION_OR_TASK_BOUND,NONE,Return scheduling requirement; exposure is not mastery.
REC-A1-000278,GRAMMAR_UNIT,GRAM-A1-076,A1-M01-I05-S3,SECOND_RETURN,A1-M02-I05-S1,CROSS_MODULE,PRESERVE_TARGET_MODE_POLICY,REQUIRED,FUNCTION_OR_TASK_BOUND,NONE,Return scheduling requirement; exposure is not mastery.
REC-A1-000279,GRAMMAR_UNIT,GRAM-A1-076,A1-M01-I05-S3,THIRD_RETURN,A1-M03-I05-S1,CROSS_MODULE,PRESERVE_TARGET_MODE_POLICY,REQUIRED,FUNCTION_OR_TASK_BOUND,NONE,Return scheduling requirement; exposure is not mastery.
REC-A1-000280,GRAMMAR_UNIT,GRAM-A1-087,A1-M01-I05-S3,FIRST_RETURN,A1-M01-I05-S4,SAME_ISLAND,PRESERVE_TARGET_MODE_POLICY,REQUIRED,FUNCTION_OR_TASK_BOUND,NONE,Return scheduling requirement; exposure is not mastery.
REC-A1-000281,GRAMMAR_UNIT,GRAM-A1-087,A1-M01-I05-S3,SECOND_RETURN,A1-M02-I05-S1,CROSS_MODULE,PRESERVE_TARGET_MODE_POLICY,REQUIRED,FUNCTION_OR_TASK_BOUND,NONE,Return scheduling requirement; exposure is not mastery.
REC-A1-000282,GRAMMAR_UNIT,GRAM-A1-087,A1-M01-I05-S3,THIRD_RETURN,A1-M03-I05-S1,CROSS_MODULE,PRESERVE_TARGET_MODE_POLICY,REQUIRED,FUNCTION_OR_TASK_BOUND,NONE,Return scheduling requirement; exposure is not mastery.
REC-A1-000283,GRAMMAR_UNIT,GRAM-A1-109,A1-M01-I05-S2,FIRST_RETURN,A1-M01-I05-S3,SAME_ISLAND,PRESERVE_TARGET_MODE_POLICY,REQUIRED,FUNCTION_OR_TASK_BOUND,NONE,Return scheduling requirement; exposure is not mastery.
REC-A1-000284,GRAMMAR_UNIT,GRAM-A1-109,A1-M01-I05-S2,SECOND_RETURN,A1-M01-I05-S4,SAME_ISLAND,PRESERVE_TARGET_MODE_POLICY,REQUIRED,FUNCTION_OR_TASK_BOUND,NONE,Return scheduling requirement; exposure is not mastery.
REC-A1-000285,GRAMMAR_UNIT,GRAM-A1-109,A1-M01-I05-S2,THIRD_RETURN,A1-M02-I05-S2,CROSS_MODULE,PRESERVE_TARGET_MODE_POLICY,REQUIRED,FUNCTION_OR_TASK_BOUND,NONE,Return scheduling requirement; exposure is not mastery.
REC-A1-000286,GRAMMAR_UNIT,GRAM-A1-111,A1-M01-I05-S3,FIRST_RETURN,A1-M01-I05-S4,SAME_ISLAND,PRESERVE_TARGET_MODE_POLICY,REQUIRED,FUNCTION_OR_TASK_BOUND,NONE,Return scheduling requirement; exposure is not mastery.
REC-A1-000287,GRAMMAR_UNIT,GRAM-A1-111,A1-M01-I05-S3,SECOND_RETURN,A1-M02-I05-S1,CROSS_MODULE,PRESERVE_TARGET_MODE_POLICY,REQUIRED,FUNCTION_OR_TASK_BOUND,NONE,Return scheduling requirement; exposure is not mastery.
REC-A1-000288,GRAMMAR_UNIT,GRAM-A1-111,A1-M01-I05-S3,THIRD_RETURN,A1-M03-I05-S1,CROSS_MODULE,PRESERVE_TARGET_MODE_POLICY,REQUIRED,FUNCTION_OR_TASK_BOUND,NONE,Return scheduling requirement; exposure is not mastery.
REC-A1-000289,GRAMMAR_UNIT,GRAM-A1-128,A1-M01-I05-S2,FIRST_RETURN,A1-M01-I05-S3,SAME_ISLAND,PRESERVE_TARGET_MODE_POLICY,REQUIRED,FUNCTION_OR_TASK_BOUND,NONE,Return scheduling requirement; exposure is not mastery.
REC-A1-000290,GRAMMAR_UNIT,GRAM-A1-128,A1-M01-I05-S2,SECOND_RETURN,A1-M01-I05-S4,SAME_ISLAND,PRESERVE_TARGET_MODE_POLICY,REQUIRED,FUNCTION_OR_TASK_BOUND,NONE,Return scheduling requirement; exposure is not mastery.
REC-A1-000291,GRAMMAR_UNIT,GRAM-A1-128,A1-M01-I05-S2,THIRD_RETURN,A1-M02-I05-S2,CROSS_MODULE,PRESERVE_TARGET_MODE_POLICY,REQUIRED,FUNCTION_OR_TASK_BOUND,NONE,Return scheduling requirement; exposure is not mastery.
REC-A1-000292,GRAMMAR_UNIT,GRAM-A1-145,A1-M01-I05-S2,FIRST_RETURN,A1-M01-I05-S3,SAME_ISLAND,PRESERVE_TARGET_MODE_POLICY,REQUIRED,FUNCTION_OR_TASK_BOUND,NONE,Return scheduling requirement; exposure is not mastery.
REC-A1-000293,GRAMMAR_UNIT,GRAM-A1-145,A1-M01-I05-S2,SECOND_RETURN,A1-M01-I05-S4,SAME_ISLAND,PRESERVE_TARGET_MODE_POLICY,REQUIRED,FUNCTION_OR_TASK_BOUND,NONE,Return scheduling requirement; exposure is not mastery.
REC-A1-000294,GRAMMAR_UNIT,GRAM-A1-145,A1-M01-I05-S2,THIRD_RETURN,A1-M02-I05-S2,CROSS_MODULE,PRESERVE_TARGET_MODE_POLICY,REQUIRED,FUNCTION_OR_TASK_BOUND,NONE,Return scheduling requirement; exposure is not mastery.
REC-A1-000295,GRAMMAR_UNIT,GRAM-A1-149,A1-M01-I05-S2,FIRST_RETURN,A1-M01-I05-S3,SAME_ISLAND,PRESERVE_TARGET_MODE_POLICY,REQUIRED,FUNCTION_OR_TASK_BOUND,NONE,Return scheduling requirement; exposure is not mastery.
REC-A1-000296,GRAMMAR_UNIT,GRAM-A1-149,A1-M01-I05-S2,SECOND_RETURN,A1-M01-I05-S4,SAME_ISLAND,PRESERVE_TARGET_MODE_POLICY,REQUIRED,FUNCTION_OR_TASK_BOUND,NONE,Return scheduling requirement; exposure is not mastery.
REC-A1-000297,GRAMMAR_UNIT,GRAM-A1-149,A1-M01-I05-S2,THIRD_RETURN,A1-M02-I05-S2,CROSS_MODULE,PRESERVE_TARGET_MODE_POLICY,REQUIRED,FUNCTION_OR_TASK_BOUND,NONE,Return scheduling requirement; exposure is not mastery.
REC-A1-000298,MWU_SOURCE_UNIT,12B1-MWU-0002,A1-M01-I05-S3,FIRST_RETURN,A1-M01-I05-S4,SAME_ISLAND,PRESERVE_TARGET_MODE_POLICY,REQUIRED,CONTEXTUAL_OR_FUNCTION_BOUND,NONE,Return scheduling requirement; exposure is not mastery.
REC-A1-000299,MWU_SOURCE_UNIT,12B1-MWU-0002,A1-M01-I05-S3,SECOND_RETURN,A1-M02-I05-S1,CROSS_MODULE,PRESERVE_TARGET_MODE_POLICY,REQUIRED,CONTEXTUAL_OR_FUNCTION_BOUND,NONE,Return scheduling requirement; exposure is not mastery.
REC-A1-000300,MWU_SOURCE_UNIT,12B1-MWU-0002,A1-M01-I05-S3,THIRD_RETURN,A1-M03-I05-S1,CROSS_MODULE,PRESERVE_TARGET_MODE_POLICY,REQUIRED,CONTEXTUAL_OR_FUNCTION_BOUND,NONE,Return scheduling requirement; exposure is not mastery.
REC-A1-000301,MWU_SOURCE_UNIT,12B1-MWU-0004,A1-M01-I05-S2,FIRST_RETURN,A1-M01-I05-S3,SAME_ISLAND,PRESERVE_TARGET_MODE_POLICY,REQUIRED,CONTEXTUAL_OR_FUNCTION_BOUND,NONE,Return scheduling requirement; exposure is not mastery.
REC-A1-000302,MWU_SOURCE_UNIT,12B1-MWU-0004,A1-M01-I05-S2,SECOND_RETURN,A1-M01-I05-S4,SAME_ISLAND,PRESERVE_TARGET_MODE_POLICY,REQUIRED,CONTEXTUAL_OR_FUNCTION_BOUND,NONE,Return scheduling requirement; exposure is not mastery.
REC-A1-000303,MWU_SOURCE_UNIT,12B1-MWU-0004,A1-M01-I05-S2,THIRD_RETURN,A1-M02-I05-S2,CROSS_MODULE,PRESERVE_TARGET_MODE_POLICY,REQUIRED,CONTEXTUAL_OR_FUNCTION_BOUND,NONE,Return scheduling requirement; exposure is not mastery.
REC-A1-000304,MWU_SOURCE_UNIT,12B1-MWU-0008,A1-M01-I05-S3,FIRST_RETURN,A1-M01-I05-S4,SAME_ISLAND,PRESERVE_TARGET_MODE_POLICY,REQUIRED,CONTEXTUAL_OR_FUNCTION_BOUND,NONE,Return scheduling requirement; exposure is not mastery.
REC-A1-000305,MWU_SOURCE_UNIT,12B1-MWU-0008,A1-M01-I05-S3,SECOND_RETURN,A1-M02-I05-S1,CROSS_MODULE,PRESERVE_TARGET_MODE_POLICY,REQUIRED,CONTEXTUAL_OR_FUNCTION_BOUND,NONE,Return scheduling requirement; exposure is not mastery.
REC-A1-000306,MWU_SOURCE_UNIT,12B1-MWU-0008,A1-M01-I05-S3,THIRD_RETURN,A1-M03-I05-S1,CROSS_MODULE,PRESERVE_TARGET_MODE_POLICY,REQUIRED,CONTEXTUAL_OR_FUNCTION_BOUND,NONE,Return scheduling requirement; exposure is not mastery.
REC-A1-000307,MWU_SOURCE_UNIT,12B1-MWU-0070,A1-M01-I05-S3,FIRST_RETURN,A1-M01-I05-S4,SAME_ISLAND,PRESERVE_TARGET_MODE_POLICY,REQUIRED,CONTEXTUAL_OR_FUNCTION_BOUND,NONE,Return scheduling requirement; exposure is not mastery.
REC-A1-000308,MWU_SOURCE_UNIT,12B1-MWU-0070,A1-M01-I05-S3,SECOND_RETURN,A1-M02-I05-S1,CROSS_MODULE,PRESERVE_TARGET_MODE_POLICY,REQUIRED,CONTEXTUAL_OR_FUNCTION_BOUND,NONE,Return scheduling requirement; exposure is not mastery.
REC-A1-000309,MWU_SOURCE_UNIT,12B1-MWU-0070,A1-M01-I05-S3,THIRD_RETURN,A1-M03-I05-S1,CROSS_MODULE,PRESERVE_TARGET_MODE_POLICY,REQUIRED,CONTEXTUAL_OR_FUNCTION_BOUND,NONE,Return scheduling requirement; exposure is not mastery.
REC-A1-000310,MWU_SOURCE_UNIT,12B1-MWU-0071,A1-M01-I05-S2,FIRST_RETURN,A1-M01-I05-S3,SAME_ISLAND,PRESERVE_TARGET_MODE_POLICY,REQUIRED,CONTEXTUAL_OR_FUNCTION_BOUND,NONE,Return scheduling requirement; exposure is not mastery.
REC-A1-000311,MWU_SOURCE_UNIT,12B1-MWU-0071,A1-M01-I05-S2,SECOND_RETURN,A1-M01-I05-S4,SAME_ISLAND,PRESERVE_TARGET_MODE_POLICY,REQUIRED,CONTEXTUAL_OR_FUNCTION_BOUND,NONE,Return scheduling requirement; exposure is not mastery.
REC-A1-000312,MWU_SOURCE_UNIT,12B1-MWU-0071,A1-M01-I05-S2,THIRD_RETURN,A1-M02-I05-S2,CROSS_MODULE,PRESERVE_TARGET_MODE_POLICY,REQUIRED,CONTEXTUAL_OR_FUNCTION_BOUND,NONE,Return scheduling requirement; exposure is not mastery.
REC-A1-000313,SENSE,SENSE-A1-000154,A1-M01-I05-S4,FIRST_RETURN,A1-M02-I05-S1,CROSS_MODULE,PRESERVE_TARGET_MODE_POLICY,REQUIRED,CONTEXTUAL_OR_FUNCTION_BOUND,NONE,Return scheduling requirement; exposure is not mastery.
REC-A1-000314,SENSE,SENSE-A1-000154,A1-M01-I05-S4,SECOND_RETURN,A1-M02-I05-S3,CROSS_MODULE,PRESERVE_TARGET_MODE_POLICY,REQUIRED,CONTEXTUAL_OR_FUNCTION_BOUND,NONE,Return scheduling requirement; exposure is not mastery.
REC-A1-000315,SENSE,SENSE-A1-000154,A1-M01-I05-S4,THIRD_RETURN,A1-M02-I06-S1,CROSS_MODULE,PRESERVE_TARGET_MODE_POLICY,REQUIRED,CONTEXTUAL_OR_FUNCTION_BOUND,NONE,Return scheduling requirement; exposure is not mastery.
REC-A1-000316,SENSE,SENSE-A1-000187,A1-M01-I05-S4,FIRST_RETURN,A1-M02-I05-S1,CROSS_MODULE,PRESERVE_TARGET_MODE_POLICY,REQUIRED,CONTEXTUAL_OR_FUNCTION_BOUND,NONE,Return scheduling requirement; exposure is not mastery.
REC-A1-000317,SENSE,SENSE-A1-000187,A1-M01-I05-S4,SECOND_RETURN,A1-M02-I05-S3,CROSS_MODULE,PRESERVE_TARGET_MODE_POLICY,REQUIRED,CONTEXTUAL_OR_FUNCTION_BOUND,NONE,Return scheduling requirement; exposure is not mastery.
REC-A1-000318,SENSE,SENSE-A1-000187,A1-M01-I05-S4,THIRD_RETURN,A1-M02-I06-S1,CROSS_MODULE,PRESERVE_TARGET_MODE_POLICY,REQUIRED,CONTEXTUAL_OR_FUNCTION_BOUND,NONE,Return scheduling requirement; exposure is not mastery.
REC-A1-000319,SENSE,SENSE-A1-000221,A1-M01-I05-S4,FIRST_RETURN,A1-M02-I05-S1,CROSS_MODULE,PRESERVE_TARGET_MODE_POLICY,REQUIRED,CONTEXTUAL_OR_FUNCTION_BOUND,NONE,Return scheduling requirement; exposure is not mastery.
REC-A1-000320,SENSE,SENSE-A1-000221,A1-M01-I05-S4,SECOND_RETURN,A1-M02-I05-S3,CROSS_MODULE,PRESERVE_TARGET_MODE_POLICY,REQUIRED,CONTEXTUAL_OR_FUNCTION_BOUND,NONE,Return scheduling requirement; exposure is not mastery.
REC-A1-000321,SENSE,SENSE-A1-000221,A1-M01-I05-S4,THIRD_RETURN,A1-M02-I06-S1,CROSS_MODULE,PRESERVE_TARGET_MODE_POLICY,REQUIRED,CONTEXTUAL_OR_FUNCTION_BOUND,NONE,Return scheduling requirement; exposure is not mastery.
REC-A1-000322,SENSE,SENSE-A1-000285,A1-M01-I05-S4,FIRST_RETURN,A1-M02-I05-S1,CROSS_MODULE,PRESERVE_TARGET_MODE_POLICY,REQUIRED,CONTEXTUAL_OR_FUNCTION_BOUND,NONE,Return scheduling requirement; exposure is not mastery.
REC-A1-000323,SENSE,SENSE-A1-000285,A1-M01-I05-S4,SECOND_RETURN,A1-M02-I05-S3,CROSS_MODULE,PRESERVE_TARGET_MODE_POLICY,REQUIRED,CONTEXTUAL_OR_FUNCTION_BOUND,NONE,Return scheduling requirement; exposure is not mastery.
REC-A1-000324,SENSE,SENSE-A1-000285,A1-M01-I05-S4,THIRD_RETURN,A1-M02-I06-S1,CROSS_MODULE,PRESERVE_TARGET_MODE_POLICY,REQUIRED,CONTEXTUAL_OR_FUNCTION_BOUND,NONE,Return scheduling requirement; exposure is not mastery.
REC-A1-000325,SENSE,SENSE-A1-000401,A1-M01-I05-S4,FIRST_RETURN,A1-M02-I05-S1,CROSS_MODULE,PRESERVE_TARGET_MODE_POLICY,REQUIRED,CONTEXTUAL_OR_FUNCTION_BOUND,NONE,Return scheduling requirement; exposure is not mastery.
REC-A1-000326,SENSE,SENSE-A1-000401,A1-M01-I05-S4,SECOND_RETURN,A1-M02-I05-S3,CROSS_MODULE,PRESERVE_TARGET_MODE_POLICY,REQUIRED,CONTEXTUAL_OR_FUNCTION_BOUND,NONE,Return scheduling requirement; exposure is not mastery.
REC-A1-000327,SENSE,SENSE-A1-000401,A1-M01-I05-S4,THIRD_RETURN,A1-M02-I06-S1,CROSS_MODULE,PRESERVE_TARGET_MODE_POLICY,REQUIRED,CONTEXTUAL_OR_FUNCTION_BOUND,NONE,Return scheduling requirement; exposure is not mastery.
REC-A1-000328,SENSE,SENSE-A1-000418,A1-M01-I05-S4,FIRST_RETURN,A1-M02-I05-S1,CROSS_MODULE,PRESERVE_TARGET_MODE_POLICY,REQUIRED,TARGET_PROFILE_ONLY,NONE,Return scheduling requirement; exposure is not mastery.
REC-A1-000329,SENSE,SENSE-A1-000418,A1-M01-I05-S4,SECOND_RETURN,A1-M02-I05-S3,CROSS_MODULE,PRESERVE_TARGET_MODE_POLICY,REQUIRED,TARGET_PROFILE_ONLY,NONE,Return scheduling requirement; exposure is not mastery.
REC-A1-000330,SENSE,SENSE-A1-000418,A1-M01-I05-S4,THIRD_RETURN,A1-M02-I06-S1,CROSS_MODULE,PRESERVE_TARGET_MODE_POLICY,REQUIRED,TARGET_PROFILE_ONLY,NONE,Return scheduling requirement; exposure is not mastery.
REC-A1-000331,SENSE,SENSE-A1-000468,A1-M01-I05-S4,FIRST_RETURN,A1-M02-I05-S1,CROSS_MODULE,PRESERVE_TARGET_MODE_POLICY,REQUIRED,CONTEXTUAL_OR_FUNCTION_BOUND,NONE,Return scheduling requirement; exposure is not mastery.
REC-A1-000332,SENSE,SENSE-A1-000468,A1-M01-I05-S4,SECOND_RETURN,A1-M02-I05-S3,CROSS_MODULE,PRESERVE_TARGET_MODE_POLICY,REQUIRED,CONTEXTUAL_OR_FUNCTION_BOUND,NONE,Return scheduling requirement; exposure is not mastery.
REC-A1-000333,SENSE,SENSE-A1-000468,A1-M01-I05-S4,THIRD_RETURN,A1-M02-I06-S1,CROSS_MODULE,PRESERVE_TARGET_MODE_POLICY,REQUIRED,CONTEXTUAL_OR_FUNCTION_BOUND,NONE,Return scheduling requirement; exposure is not mastery.
REC-A1-000334,SENSE,SENSE-A1-000497,A1-M01-I05-S4,FIRST_RETURN,A1-M02-I05-S1,CROSS_MODULE,PRESERVE_TARGET_MODE_POLICY,REQUIRED,CONTEXTUAL_OR_FUNCTION_BOUND,NONE,Return scheduling requirement; exposure is not mastery.
REC-A1-000335,SENSE,SENSE-A1-000497,A1-M01-I05-S4,SECOND_RETURN,A1-M02-I05-S3,CROSS_MODULE,PRESERVE_TARGET_MODE_POLICY,REQUIRED,CONTEXTUAL_OR_FUNCTION_BOUND,NONE,Return scheduling requirement; exposure is not mastery.
REC-A1-000336,SENSE,SENSE-A1-000497,A1-M01-I05-S4,THIRD_RETURN,A1-M02-I06-S1,CROSS_MODULE,PRESERVE_TARGET_MODE_POLICY,REQUIRED,CONTEXTUAL_OR_FUNCTION_BOUND,NONE,Return scheduling requirement; exposure is not mastery.
REC-A1-000337,SENSE,SENSE-A1-000523,A1-M01-I05-S4,FIRST_RETURN,A1-M02-I05-S1,CROSS_MODULE,PRESERVE_TARGET_MODE_POLICY,REQUIRED,CONTEXTUAL_OR_FUNCTION_BOUND,NONE,Return scheduling requirement; exposure is not mastery.
REC-A1-000338,SENSE,SENSE-A1-000523,A1-M01-I05-S4,SECOND_RETURN,A1-M02-I05-S3,CROSS_MODULE,PRESERVE_TARGET_MODE_POLICY,REQUIRED,CONTEXTUAL_OR_FUNCTION_BOUND,NONE,Return scheduling requirement; exposure is not mastery.
REC-A1-000339,SENSE,SENSE-A1-000523,A1-M01-I05-S4,THIRD_RETURN,A1-M02-I06-S1,CROSS_MODULE,PRESERVE_TARGET_MODE_POLICY,REQUIRED,CONTEXTUAL_OR_FUNCTION_BOUND,NONE,Return scheduling requirement; exposure is not mastery.
REC-A1-000340,SENSE,SENSE-A1-000525,A1-M01-I05-S4,FIRST_RETURN,A1-M02-I05-S1,CROSS_MODULE,PRESERVE_TARGET_MODE_POLICY,REQUIRED,CONTEXTUAL_OR_FUNCTION_BOUND,NONE,Return scheduling requirement; exposure is not mastery.
REC-A1-000341,SENSE,SENSE-A1-000525,A1-M01-I05-S4,SECOND_RETURN,A1-M02-I05-S3,CROSS_MODULE,PRESERVE_TARGET_MODE_POLICY,REQUIRED,CONTEXTUAL_OR_FUNCTION_BOUND,NONE,Return scheduling requirement; exposure is not mastery.
REC-A1-000342,SENSE,SENSE-A1-000525,A1-M01-I05-S4,THIRD_RETURN,A1-M02-I06-S1,CROSS_MODULE,PRESERVE_TARGET_MODE_POLICY,REQUIRED,CONTEXTUAL_OR_FUNCTION_BOUND,NONE,Return scheduling requirement; exposure is not mastery.
REC-A1-000343,GRAMMAR_UNIT,GRAM-A1-142,A1-M01-I05-S4,FIRST_RETURN,A1-M02-I05-S1,CROSS_MODULE,PRESERVE_TARGET_MODE_POLICY,REQUIRED,FUNCTION_OR_TASK_BOUND,NONE,Return scheduling requirement; exposure is not mastery.
REC-A1-000344,GRAMMAR_UNIT,GRAM-A1-142,A1-M01-I05-S4,SECOND_RETURN,A1-M02-I05-S3,CROSS_MODULE,PRESERVE_TARGET_MODE_POLICY,REQUIRED,FUNCTION_OR_TASK_BOUND,NONE,Return scheduling requirement; exposure is not mastery.
REC-A1-000345,GRAMMAR_UNIT,GRAM-A1-142,A1-M01-I05-S4,THIRD_RETURN,A1-M02-I06-S1,CROSS_MODULE,PRESERVE_TARGET_MODE_POLICY,REQUIRED,FUNCTION_OR_TASK_BOUND,NONE,Return scheduling requirement; exposure is not mastery.
REC-A1-000346,GRAMMAR_UNIT,GRAM-A1-143,A1-M01-I05-S4,FIRST_RETURN,A1-M02-I05-S1,CROSS_MODULE,PRESERVE_TARGET_MODE_POLICY,REQUIRED,FUNCTION_OR_TASK_BOUND,NONE,Return scheduling requirement; exposure is not mastery.
REC-A1-000347,GRAMMAR_UNIT,GRAM-A1-143,A1-M01-I05-S4,SECOND_RETURN,A1-M02-I05-S3,CROSS_MODULE,PRESERVE_TARGET_MODE_POLICY,REQUIRED,FUNCTION_OR_TASK_BOUND,NONE,Return scheduling requirement; exposure is not mastery.
REC-A1-000348,GRAMMAR_UNIT,GRAM-A1-143,A1-M01-I05-S4,THIRD_RETURN,A1-M02-I06-S1,CROSS_MODULE,PRESERVE_TARGET_MODE_POLICY,REQUIRED,FUNCTION_OR_TASK_BOUND,NONE,Return scheduling requirement; exposure is not mastery.
REC-A1-000349,GRAMMAR_UNIT,GRAM-A1-144,A1-M01-I05-S4,FIRST_RETURN,A1-M02-I05-S1,CROSS_MODULE,PRESERVE_TARGET_MODE_POLICY,REQUIRED,FUNCTION_OR_TASK_BOUND,NONE,Return scheduling requirement; exposure is not mastery.
REC-A1-000350,GRAMMAR_UNIT,GRAM-A1-144,A1-M01-I05-S4,SECOND_RETURN,A1-M02-I05-S3,CROSS_MODULE,PRESERVE_TARGET_MODE_POLICY,REQUIRED,FUNCTION_OR_TASK_BOUND,NONE,Return scheduling requirement; exposure is not mastery.
REC-A1-000351,GRAMMAR_UNIT,GRAM-A1-144,A1-M01-I05-S4,THIRD_RETURN,A1-M02-I06-S1,CROSS_MODULE,PRESERVE_TARGET_MODE_POLICY,REQUIRED,FUNCTION_OR_TASK_BOUND,NONE,Return scheduling requirement; exposure is not mastery.
REC-A1-000352,MWU_SOURCE_UNIT,12B1-MWU-0197,A1-M01-I05-S4,FIRST_RETURN,A1-M02-I05-S1,CROSS_MODULE,PRESERVE_TARGET_MODE_POLICY,REQUIRED,CONTEXTUAL_OR_FUNCTION_BOUND,NONE,Return scheduling requirement; exposure is not mastery.
REC-A1-000353,MWU_SOURCE_UNIT,12B1-MWU-0197,A1-M01-I05-S4,SECOND_RETURN,A1-M02-I05-S3,CROSS_MODULE,PRESERVE_TARGET_MODE_POLICY,REQUIRED,CONTEXTUAL_OR_FUNCTION_BOUND,NONE,Return scheduling requirement; exposure is not mastery.
REC-A1-000354,MWU_SOURCE_UNIT,12B1-MWU-0197,A1-M01-I05-S4,THIRD_RETURN,A1-M02-I06-S1,CROSS_MODULE,PRESERVE_TARGET_MODE_POLICY,REQUIRED,CONTEXTUAL_OR_FUNCTION_BOUND,NONE,Return scheduling requirement; exposure is not mastery.
REC-A1-000355,MWU_SOURCE_UNIT,12B1-MWU-0199,A1-M01-I05-S4,FIRST_RETURN,A1-M02-I05-S1,CROSS_MODULE,PRESERVE_TARGET_MODE_POLICY,REQUIRED,CONTEXTUAL_OR_FUNCTION_BOUND,NONE,Return scheduling requirement; exposure is not mastery.
REC-A1-000356,MWU_SOURCE_UNIT,12B1-MWU-0199,A1-M01-I05-S4,SECOND_RETURN,A1-M02-I05-S3,CROSS_MODULE,PRESERVE_TARGET_MODE_POLICY,REQUIRED,CONTEXTUAL_OR_FUNCTION_BOUND,NONE,Return scheduling requirement; exposure is not mastery.
REC-A1-000357,MWU_SOURCE_UNIT,12B1-MWU-0199,A1-M01-I05-S4,THIRD_RETURN,A1-M02-I06-S1,CROSS_MODULE,PRESERVE_TARGET_MODE_POLICY,REQUIRED,CONTEXTUAL_OR_FUNCTION_BOUND,NONE,Return scheduling requirement; exposure is not mastery.
REC-A1-000358,MWU_SOURCE_UNIT,12B1-MWU-0200,A1-M01-I05-S4,FIRST_RETURN,A1-M02-I05-S1,CROSS_MODULE,PRESERVE_TARGET_MODE_POLICY,REQUIRED,CONTEXTUAL_OR_FUNCTION_BOUND,NONE,Return scheduling requirement; exposure is not mastery.
REC-A1-000359,MWU_SOURCE_UNIT,12B1-MWU-0200,A1-M01-I05-S4,SECOND_RETURN,A1-M02-I05-S3,CROSS_MODULE,PRESERVE_TARGET_MODE_POLICY,REQUIRED,CONTEXTUAL_OR_FUNCTION_BOUND,NONE,Return scheduling requirement; exposure is not mastery.
REC-A1-000360,MWU_SOURCE_UNIT,12B1-MWU-0200,A1-M01-I05-S4,THIRD_RETURN,A1-M02-I06-S1,CROSS_MODULE,PRESERVE_TARGET_MODE_POLICY,REQUIRED,CONTEXTUAL_OR_FUNCTION_BOUND,NONE,Return scheduling requirement; exposure is not mastery.
REC-A1-000361,MWU_SOURCE_UNIT,12B1-MWU-0201,A1-M01-I05-S4,FIRST_RETURN,A1-M02-I05-S1,CROSS_MODULE,PRESERVE_TARGET_MODE_POLICY,REQUIRED,CONTEXTUAL_OR_FUNCTION_BOUND,NONE,Return scheduling requirement; exposure is not mastery.
REC-A1-000362,MWU_SOURCE_UNIT,12B1-MWU-0201,A1-M01-I05-S4,SECOND_RETURN,A1-M02-I05-S3,CROSS_MODULE,PRESERVE_TARGET_MODE_POLICY,REQUIRED,CONTEXTUAL_OR_FUNCTION_BOUND,NONE,Return scheduling requirement; exposure is not mastery.
REC-A1-000363,MWU_SOURCE_UNIT,12B1-MWU-0201,A1-M01-I05-S4,THIRD_RETURN,A1-M02-I06-S1,CROSS_MODULE,PRESERVE_TARGET_MODE_POLICY,REQUIRED,CONTEXTUAL_OR_FUNCTION_BOUND,NONE,Return scheduling requirement; exposure is not mastery.
REC-A1-000364,MWU_SOURCE_UNIT,12B1-MWU-0202,A1-M01-I05-S4,FIRST_RETURN,A1-M02-I05-S1,CROSS_MODULE,PRESERVE_TARGET_MODE_POLICY,REQUIRED,CONTEXTUAL_OR_FUNCTION_BOUND,NONE,Return scheduling requirement; exposure is not mastery.
REC-A1-000365,MWU_SOURCE_UNIT,12B1-MWU-0202,A1-M01-I05-S4,SECOND_RETURN,A1-M02-I05-S3,CROSS_MODULE,PRESERVE_TARGET_MODE_POLICY,REQUIRED,CONTEXTUAL_OR_FUNCTION_BOUND,NONE,Return scheduling requirement; exposure is not mastery.
REC-A1-000366,MWU_SOURCE_UNIT,12B1-MWU-0202,A1-M01-I05-S4,THIRD_RETURN,A1-M02-I06-S1,CROSS_MODULE,PRESERVE_TARGET_MODE_POLICY,REQUIRED,CONTEXTUAL_OR_FUNCTION_BOUND,NONE,Return scheduling requirement; exposure is not mastery.
REC-A1-000367,MWU_SOURCE_UNIT,12B1-MWU-0203,A1-M01-I05-S4,FIRST_RETURN,A1-M02-I05-S1,CROSS_MODULE,PRESERVE_TARGET_MODE_POLICY,REQUIRED,CONTEXTUAL_OR_FUNCTION_BOUND,NONE,Return scheduling requirement; exposure is not mastery.
REC-A1-000368,MWU_SOURCE_UNIT,12B1-MWU-0203,A1-M01-I05-S4,SECOND_RETURN,A1-M02-I05-S3,CROSS_MODULE,PRESERVE_TARGET_MODE_POLICY,REQUIRED,CONTEXTUAL_OR_FUNCTION_BOUND,NONE,Return scheduling requirement; exposure is not mastery.
REC-A1-000369,MWU_SOURCE_UNIT,12B1-MWU-0203,A1-M01-I05-S4,THIRD_RETURN,A1-M02-I06-S1,CROSS_MODULE,PRESERVE_TARGET_MODE_POLICY,REQUIRED,CONTEXTUAL_OR_FUNCTION_BOUND,NONE,Return scheduling requirement; exposure is not mastery.
REC-A1-000370,MWU_SOURCE_UNIT,12B1-MWU-0205,A1-M01-I05-S4,FIRST_RETURN,A1-M02-I05-S1,CROSS_MODULE,PRESERVE_TARGET_MODE_POLICY,REQUIRED,CONTEXTUAL_OR_FUNCTION_BOUND,NONE,Return scheduling requirement; exposure is not mastery.
REC-A1-000371,MWU_SOURCE_UNIT,12B1-MWU-0205,A1-M01-I05-S4,SECOND_RETURN,A1-M02-I05-S3,CROSS_MODULE,PRESERVE_TARGET_MODE_POLICY,REQUIRED,CONTEXTUAL_OR_FUNCTION_BOUND,NONE,Return scheduling requirement; exposure is not mastery.
REC-A1-000372,MWU_SOURCE_UNIT,12B1-MWU-0205,A1-M01-I05-S4,THIRD_RETURN,A1-M02-I06-S1,CROSS_MODULE,PRESERVE_TARGET_MODE_POLICY,REQUIRED,CONTEXTUAL_OR_FUNCTION_BOUND,NONE,Return scheduling requirement; exposure is not mastery.
REC-A1-000373,MWU_SOURCE_UNIT,12B1-MWU-0206,A1-M01-I05-S4,FIRST_RETURN,A1-M02-I05-S1,CROSS_MODULE,PRESERVE_TARGET_MODE_POLICY,REQUIRED,CONTEXTUAL_OR_FUNCTION_BOUND,NONE,Return scheduling requirement; exposure is not mastery.
REC-A1-000374,MWU_SOURCE_UNIT,12B1-MWU-0206,A1-M01-I05-S4,SECOND_RETURN,A1-M02-I05-S3,CROSS_MODULE,PRESERVE_TARGET_MODE_POLICY,REQUIRED,CONTEXTUAL_OR_FUNCTION_BOUND,NONE,Return scheduling requirement; exposure is not mastery.
REC-A1-000375,MWU_SOURCE_UNIT,12B1-MWU-0206,A1-M01-I05-S4,THIRD_RETURN,A1-M02-I06-S1,CROSS_MODULE,PRESERVE_TARGET_MODE_POLICY,REQUIRED,CONTEXTUAL_OR_FUNCTION_BOUND,NONE,Return scheduling requirement; exposure is not mastery.
REC-A1-000376,MWU_SOURCE_UNIT,12B1-MWU-0207,A1-M01-I05-S4,FIRST_RETURN,A1-M02-I05-S1,CROSS_MODULE,PRESERVE_TARGET_MODE_POLICY,REQUIRED,CONTEXTUAL_OR_FUNCTION_BOUND,NONE,Return scheduling requirement; exposure is not mastery.
REC-A1-000377,MWU_SOURCE_UNIT,12B1-MWU-0207,A1-M01-I05-S4,SECOND_RETURN,A1-M02-I05-S3,CROSS_MODULE,PRESERVE_TARGET_MODE_POLICY,REQUIRED,CONTEXTUAL_OR_FUNCTION_BOUND,NONE,Return scheduling requirement; exposure is not mastery.
REC-A1-000378,MWU_SOURCE_UNIT,12B1-MWU-0207,A1-M01-I05-S4,THIRD_RETURN,A1-M02-I06-S1,CROSS_MODULE,PRESERVE_TARGET_MODE_POLICY,REQUIRED,CONTEXTUAL_OR_FUNCTION_BOUND,NONE,Return scheduling requirement; exposure is not mastery.
REC-A1-000379,MWU_SOURCE_UNIT,12B1-MWU-0212,A1-M01-I05-S4,FIRST_RETURN,A1-M02-I05-S1,CROSS_MODULE,PRESERVE_TARGET_MODE_POLICY,REQUIRED,CONTEXTUAL_OR_FUNCTION_BOUND,NONE,Return scheduling requirement; exposure is not mastery.
REC-A1-000380,MWU_SOURCE_UNIT,12B1-MWU-0212,A1-M01-I05-S4,SECOND_RETURN,A1-M02-I05-S3,CROSS_MODULE,PRESERVE_TARGET_MODE_POLICY,REQUIRED,CONTEXTUAL_OR_FUNCTION_BOUND,NONE,Return scheduling requirement; exposure is not mastery.
REC-A1-000381,MWU_SOURCE_UNIT,12B1-MWU-0212,A1-M01-I05-S4,THIRD_RETURN,A1-M02-I06-S1,CROSS_MODULE,PRESERVE_TARGET_MODE_POLICY,REQUIRED,CONTEXTUAL_OR_FUNCTION_BOUND,NONE,Return scheduling requirement; exposure is not mastery.
REC-A1-000382,SENSE,SENSE-A1-000010,A1-M02-I05-S1,FIRST_RETURN,A1-M02-I05-S2,SAME_ISLAND,PRESERVE_TARGET_MODE_POLICY,REQUIRED,CONTEXTUAL_OR_FUNCTION_BOUND,NONE,Return scheduling requirement; exposure is not mastery.
REC-A1-000383,SENSE,SENSE-A1-000010,A1-M02-I05-S1,SECOND_RETURN,A1-M02-I06-S2,SAME_MODULE_CROSS_ISLAND,PRESERVE_TARGET_MODE_POLICY,REQUIRED,CONTEXTUAL_OR_FUNCTION_BOUND,NONE,Return scheduling requirement; exposure is not mastery.
REC-A1-000384,SENSE,SENSE-A1-000010,A1-M02-I05-S1,THIRD_RETURN,A1-M03-I05-S2,CROSS_MODULE,PRESERVE_TARGET_MODE_POLICY,REQUIRED,CONTEXTUAL_OR_FUNCTION_BOUND,NONE,Return scheduling requirement; exposure is not mastery.
REC-A1-000385,SENSE,SENSE-A1-000035,A1-M02-I05-S1,FIRST_RETURN,A1-M02-I05-S2,SAME_ISLAND,PRESERVE_TARGET_MODE_POLICY,REQUIRED,CONTEXTUAL_OR_FUNCTION_BOUND,NONE,Return scheduling requirement; exposure is not mastery.
REC-A1-000386,SENSE,SENSE-A1-000035,A1-M02-I05-S1,SECOND_RETURN,A1-M02-I06-S2,SAME_MODULE_CROSS_ISLAND,PRESERVE_TARGET_MODE_POLICY,REQUIRED,CONTEXTUAL_OR_FUNCTION_BOUND,NONE,Return scheduling requirement; exposure is not mastery.
REC-A1-000387,SENSE,SENSE-A1-000035,A1-M02-I05-S1,THIRD_RETURN,A1-M03-I05-S2,CROSS_MODULE,PRESERVE_TARGET_MODE_POLICY,REQUIRED,CONTEXTUAL_OR_FUNCTION_BOUND,NONE,Return scheduling requirement; exposure is not mastery.
REC-A1-000388,SENSE,SENSE-A1-000118,A1-M02-I05-S1,FIRST_RETURN,A1-M02-I05-S2,SAME_ISLAND,PRESERVE_TARGET_MODE_POLICY,REQUIRED,CONTEXTUAL_OR_FUNCTION_BOUND,NONE,Return scheduling requirement; exposure is not mastery.
REC-A1-000389,SENSE,SENSE-A1-000118,A1-M02-I05-S1,SECOND_RETURN,A1-M02-I06-S2,SAME_MODULE_CROSS_ISLAND,PRESERVE_TARGET_MODE_POLICY,REQUIRED,CONTEXTUAL_OR_FUNCTION_BOUND,NONE,Return scheduling requirement; exposure is not mastery.
REC-A1-000390,SENSE,SENSE-A1-000118,A1-M02-I05-S1,THIRD_RETURN,A1-M03-I05-S2,CROSS_MODULE,PRESERVE_TARGET_MODE_POLICY,REQUIRED,CONTEXTUAL_OR_FUNCTION_BOUND,NONE,Return scheduling requirement; exposure is not mastery.
REC-A1-000391,SENSE,SENSE-A1-000134,A1-M02-I05-S1,FIRST_RETURN,A1-M02-I05-S2,SAME_ISLAND,PRESERVE_TARGET_MODE_POLICY,REQUIRED,CONTEXTUAL_OR_FUNCTION_BOUND,NONE,Return scheduling requirement; exposure is not mastery.
REC-A1-000392,SENSE,SENSE-A1-000134,A1-M02-I05-S1,SECOND_RETURN,A1-M02-I06-S2,SAME_MODULE_CROSS_ISLAND,PRESERVE_TARGET_MODE_POLICY,REQUIRED,CONTEXTUAL_OR_FUNCTION_BOUND,NONE,Return scheduling requirement; exposure is not mastery.
REC-A1-000393,SENSE,SENSE-A1-000134,A1-M02-I05-S1,THIRD_RETURN,A1-M03-I05-S2,CROSS_MODULE,PRESERVE_TARGET_MODE_POLICY,REQUIRED,CONTEXTUAL_OR_FUNCTION_BOUND,NONE,Return scheduling requirement; exposure is not mastery.
REC-A1-000394,SENSE,SENSE-A1-000157,A1-M02-I05-S1,FIRST_RETURN,A1-M02-I05-S2,SAME_ISLAND,PRESERVE_TARGET_MODE_POLICY,REQUIRED,CONTEXTUAL_OR_FUNCTION_BOUND,NONE,Return scheduling requirement; exposure is not mastery.
REC-A1-000395,SENSE,SENSE-A1-000157,A1-M02-I05-S1,SECOND_RETURN,A1-M02-I06-S2,SAME_MODULE_CROSS_ISLAND,PRESERVE_TARGET_MODE_POLICY,REQUIRED,CONTEXTUAL_OR_FUNCTION_BOUND,NONE,Return scheduling requirement; exposure is not mastery.
REC-A1-000396,SENSE,SENSE-A1-000157,A1-M02-I05-S1,THIRD_RETURN,A1-M03-I05-S2,CROSS_MODULE,PRESERVE_TARGET_MODE_POLICY,REQUIRED,CONTEXTUAL_OR_FUNCTION_BOUND,NONE,Return scheduling requirement; exposure is not mastery.
REC-A1-000397,SENSE,SENSE-A1-000252,A1-M02-I05-S1,FIRST_RETURN,A1-M02-I05-S2,SAME_ISLAND,PRESERVE_TARGET_MODE_POLICY,REQUIRED,CONTEXTUAL_OR_FUNCTION_BOUND,NONE,Return scheduling requirement; exposure is not mastery.
REC-A1-000398,SENSE,SENSE-A1-000252,A1-M02-I05-S1,SECOND_RETURN,A1-M02-I06-S2,SAME_MODULE_CROSS_ISLAND,PRESERVE_TARGET_MODE_POLICY,REQUIRED,CONTEXTUAL_OR_FUNCTION_BOUND,NONE,Return scheduling requirement; exposure is not mastery.
REC-A1-000399,SENSE,SENSE-A1-000252,A1-M02-I05-S1,THIRD_RETURN,A1-M03-I05-S2,CROSS_MODULE,PRESERVE_TARGET_MODE_POLICY,REQUIRED,CONTEXTUAL_OR_FUNCTION_BOUND,NONE,Return scheduling requirement; exposure is not mastery.
REC-A1-000400,SENSE,SENSE-A1-000271,A1-M02-I05-S1,FIRST_RETURN,A1-M02-I05-S2,SAME_ISLAND,PRESERVE_TARGET_MODE_POLICY,REQUIRED,CONTEXTUAL_OR_FUNCTION_BOUND,NONE,Return scheduling requirement; exposure is not mastery.
REC-A1-000401,SENSE,SENSE-A1-000271,A1-M02-I05-S1,SECOND_RETURN,A1-M02-I06-S2,SAME_MODULE_CROSS_ISLAND,PRESERVE_TARGET_MODE_POLICY,REQUIRED,CONTEXTUAL_OR_FUNCTION_BOUND,NONE,Return scheduling requirement; exposure is not mastery.
REC-A1-000402,SENSE,SENSE-A1-000271,A1-M02-I05-S1,THIRD_RETURN,A1-M03-I05-S2,CROSS_MODULE,PRESERVE_TARGET_MODE_POLICY,REQUIRED,CONTEXTUAL_OR_FUNCTION_BOUND,NONE,Return scheduling requirement; exposure is not mastery.
REC-A1-000403,SENSE,SENSE-A1-000289,A1-M02-I05-S1,FIRST_RETURN,A1-M02-I05-S2,SAME_ISLAND,PRESERVE_TARGET_MODE_POLICY,REQUIRED,CONTEXTUAL_OR_FUNCTION_BOUND,NONE,Return scheduling requirement; exposure is not mastery.
REC-A1-000404,SENSE,SENSE-A1-000289,A1-M02-I05-S1,SECOND_RETURN,A1-M02-I06-S2,SAME_MODULE_CROSS_ISLAND,PRESERVE_TARGET_MODE_POLICY,REQUIRED,CONTEXTUAL_OR_FUNCTION_BOUND,NONE,Return scheduling requirement; exposure is not mastery.
REC-A1-000405,SENSE,SENSE-A1-000289,A1-M02-I05-S1,THIRD_RETURN,A1-M03-I05-S2,CROSS_MODULE,PRESERVE_TARGET_MODE_POLICY,REQUIRED,CONTEXTUAL_OR_FUNCTION_BOUND,NONE,Return scheduling requirement; exposure is not mastery.
REC-A1-000406,SENSE,SENSE-A1-000291,A1-M02-I05-S1,FIRST_RETURN,A1-M02-I05-S2,SAME_ISLAND,PRESERVE_TARGET_MODE_POLICY,REQUIRED,CONTEXTUAL_OR_FUNCTION_BOUND,NONE,Return scheduling requirement; exposure is not mastery.
REC-A1-000407,SENSE,SENSE-A1-000291,A1-M02-I05-S1,SECOND_RETURN,A1-M02-I06-S2,SAME_MODULE_CROSS_ISLAND,PRESERVE_TARGET_MODE_POLICY,REQUIRED,CONTEXTUAL_OR_FUNCTION_BOUND,NONE,Return scheduling requirement; exposure is not mastery.
REC-A1-000408,SENSE,SENSE-A1-000291,A1-M02-I05-S1,THIRD_RETURN,A1-M03-I05-S2,CROSS_MODULE,PRESERVE_TARGET_MODE_POLICY,REQUIRED,CONTEXTUAL_OR_FUNCTION_BOUND,NONE,Return scheduling requirement; exposure is not mastery.
REC-A1-000409,SENSE,SENSE-A1-000293,A1-M02-I05-S1,FIRST_RETURN,A1-M02-I05-S2,SAME_ISLAND,PRESERVE_TARGET_MODE_POLICY,REQUIRED,CONTEXTUAL_OR_FUNCTION_BOUND,NONE,Return scheduling requirement; exposure is not mastery.
REC-A1-000410,SENSE,SENSE-A1-000293,A1-M02-I05-S1,SECOND_RETURN,A1-M02-I06-S2,SAME_MODULE_CROSS_ISLAND,PRESERVE_TARGET_MODE_POLICY,REQUIRED,CONTEXTUAL_OR_FUNCTION_BOUND,NONE,Return scheduling requirement; exposure is not mastery.
REC-A1-000411,SENSE,SENSE-A1-000293,A1-M02-I05-S1,THIRD_RETURN,A1-M03-I05-S2,CROSS_MODULE,PRESERVE_TARGET_MODE_POLICY,REQUIRED,CONTEXTUAL_OR_FUNCTION_BOUND,NONE,Return scheduling requirement; exposure is not mastery.
REC-A1-000412,SENSE,SENSE-A1-000321,A1-M02-I05-S1,FIRST_RETURN,A1-M02-I05-S2,SAME_ISLAND,PRESERVE_TARGET_MODE_POLICY,REQUIRED,CONTEXTUAL_OR_FUNCTION_BOUND,NONE,Return scheduling requirement; exposure is not mastery.
REC-A1-000413,SENSE,SENSE-A1-000321,A1-M02-I05-S1,SECOND_RETURN,A1-M02-I06-S2,SAME_MODULE_CROSS_ISLAND,PRESERVE_TARGET_MODE_POLICY,REQUIRED,CONTEXTUAL_OR_FUNCTION_BOUND,NONE,Return scheduling requirement; exposure is not mastery.
REC-A1-000414,SENSE,SENSE-A1-000321,A1-M02-I05-S1,THIRD_RETURN,A1-M03-I05-S2,CROSS_MODULE,PRESERVE_TARGET_MODE_POLICY,REQUIRED,CONTEXTUAL_OR_FUNCTION_BOUND,NONE,Return scheduling requirement; exposure is not mastery.
REC-A1-000415,SENSE,SENSE-A1-000346,A1-M02-I05-S1,FIRST_RETURN,A1-M02-I05-S2,SAME_ISLAND,PRESERVE_TARGET_MODE_POLICY,REQUIRED,CONTEXTUAL_OR_FUNCTION_BOUND,NONE,Return scheduling requirement; exposure is not mastery.
REC-A1-000416,SENSE,SENSE-A1-000346,A1-M02-I05-S1,SECOND_RETURN,A1-M02-I06-S2,SAME_MODULE_CROSS_ISLAND,PRESERVE_TARGET_MODE_POLICY,REQUIRED,CONTEXTUAL_OR_FUNCTION_BOUND,NONE,Return scheduling requirement; exposure is not mastery.
REC-A1-000417,SENSE,SENSE-A1-000346,A1-M02-I05-S1,THIRD_RETURN,A1-M03-I05-S2,CROSS_MODULE,PRESERVE_TARGET_MODE_POLICY,REQUIRED,CONTEXTUAL_OR_FUNCTION_BOUND,NONE,Return scheduling requirement; exposure is not mastery.
REC-A1-000418,SENSE,SENSE-A1-000355,A1-M02-I05-S1,FIRST_RETURN,A1-M02-I05-S2,SAME_ISLAND,PRESERVE_TARGET_MODE_POLICY,REQUIRED,CONTEXTUAL_OR_FUNCTION_BOUND,NONE,Return scheduling requirement; exposure is not mastery.
REC-A1-000419,SENSE,SENSE-A1-000355,A1-M02-I05-S1,SECOND_RETURN,A1-M02-I06-S2,SAME_MODULE_CROSS_ISLAND,PRESERVE_TARGET_MODE_POLICY,REQUIRED,CONTEXTUAL_OR_FUNCTION_BOUND,NONE,Return scheduling requirement; exposure is not mastery.
REC-A1-000420,SENSE,SENSE-A1-000355,A1-M02-I05-S1,THIRD_RETURN,A1-M03-I05-S2,CROSS_MODULE,PRESERVE_TARGET_MODE_POLICY,REQUIRED,CONTEXTUAL_OR_FUNCTION_BOUND,NONE,Return scheduling requirement; exposure is not mastery.
REC-A1-000421,SENSE,SENSE-A1-000376,A1-M02-I05-S1,FIRST_RETURN,A1-M02-I05-S2,SAME_ISLAND,PRESERVE_TARGET_MODE_POLICY,REQUIRED,CONTEXTUAL_OR_FUNCTION_BOUND,NONE,Return scheduling requirement; exposure is not mastery.
REC-A1-000422,SENSE,SENSE-A1-000376,A1-M02-I05-S1,SECOND_RETURN,A1-M02-I06-S2,SAME_MODULE_CROSS_ISLAND,PRESERVE_TARGET_MODE_POLICY,REQUIRED,CONTEXTUAL_OR_FUNCTION_BOUND,NONE,Return scheduling requirement; exposure is not mastery.
REC-A1-000423,SENSE,SENSE-A1-000376,A1-M02-I05-S1,THIRD_RETURN,A1-M03-I05-S2,CROSS_MODULE,PRESERVE_TARGET_MODE_POLICY,REQUIRED,CONTEXTUAL_OR_FUNCTION_BOUND,NONE,Return scheduling requirement; exposure is not mastery.
REC-A1-000424,SENSE,SENSE-A1-000385,A1-M02-I05-S1,FIRST_RETURN,A1-M02-I05-S2,SAME_ISLAND,PRESERVE_TARGET_MODE_POLICY,REQUIRED,CONTEXTUAL_OR_FUNCTION_BOUND,NONE,Return scheduling requirement; exposure is not mastery.
REC-A1-000425,SENSE,SENSE-A1-000385,A1-M02-I05-S1,SECOND_RETURN,A1-M02-I06-S2,SAME_MODULE_CROSS_ISLAND,PRESERVE_TARGET_MODE_POLICY,REQUIRED,CONTEXTUAL_OR_FUNCTION_BOUND,NONE,Return scheduling requirement; exposure is not mastery.
REC-A1-000426,SENSE,SENSE-A1-000385,A1-M02-I05-S1,THIRD_RETURN,A1-M03-I05-S2,CROSS_MODULE,PRESERVE_TARGET_MODE_POLICY,REQUIRED,CONTEXTUAL_OR_FUNCTION_BOUND,NONE,Return scheduling requirement; exposure is not mastery.
REC-A1-000427,SENSE,SENSE-A1-000386,A1-M02-I05-S1,FIRST_RETURN,A1-M02-I05-S2,SAME_ISLAND,PRESERVE_TARGET_MODE_POLICY,REQUIRED,CONTEXTUAL_OR_FUNCTION_BOUND,NONE,Return scheduling requirement; exposure is not mastery.
REC-A1-000428,SENSE,SENSE-A1-000386,A1-M02-I05-S1,SECOND_RETURN,A1-M02-I06-S2,SAME_MODULE_CROSS_ISLAND,PRESERVE_TARGET_MODE_POLICY,REQUIRED,CONTEXTUAL_OR_FUNCTION_BOUND,NONE,Return scheduling requirement; exposure is not mastery.
REC-A1-000429,SENSE,SENSE-A1-000386,A1-M02-I05-S1,THIRD_RETURN,A1-M03-I05-S2,CROSS_MODULE,PRESERVE_TARGET_MODE_POLICY,REQUIRED,CONTEXTUAL_OR_FUNCTION_BOUND,NONE,Return scheduling requirement; exposure is not mastery.
REC-A1-000430,SENSE,SENSE-A1-000399,A1-M02-I05-S1,FIRST_RETURN,A1-M02-I05-S2,SAME_ISLAND,PRESERVE_TARGET_MODE_POLICY,REQUIRED,CONTEXTUAL_OR_FUNCTION_BOUND,NONE,Return scheduling requirement; exposure is not mastery.
REC-A1-000431,SENSE,SENSE-A1-000399,A1-M02-I05-S1,SECOND_RETURN,A1-M02-I06-S2,SAME_MODULE_CROSS_ISLAND,PRESERVE_TARGET_MODE_POLICY,REQUIRED,CONTEXTUAL_OR_FUNCTION_BOUND,NONE,Return scheduling requirement; exposure is not mastery.
REC-A1-000432,SENSE,SENSE-A1-000399,A1-M02-I05-S1,THIRD_RETURN,A1-M03-I05-S2,CROSS_MODULE,PRESERVE_TARGET_MODE_POLICY,REQUIRED,CONTEXTUAL_OR_FUNCTION_BOUND,NONE,Return scheduling requirement; exposure is not mastery.
REC-A1-000433,SENSE,SENSE-A1-000400,A1-M02-I05-S1,FIRST_RETURN,A1-M02-I05-S2,SAME_ISLAND,PRESERVE_TARGET_MODE_POLICY,REQUIRED,CONTEXTUAL_OR_FUNCTION_BOUND,NONE,Return scheduling requirement; exposure is not mastery.
REC-A1-000434,SENSE,SENSE-A1-000400,A1-M02-I05-S1,SECOND_RETURN,A1-M02-I06-S2,SAME_MODULE_CROSS_ISLAND,PRESERVE_TARGET_MODE_POLICY,REQUIRED,CONTEXTUAL_OR_FUNCTION_BOUND,NONE,Return scheduling requirement; exposure is not mastery.
REC-A1-000435,SENSE,SENSE-A1-000400,A1-M02-I05-S1,THIRD_RETURN,A1-M03-I05-S2,CROSS_MODULE,PRESERVE_TARGET_MODE_POLICY,REQUIRED,CONTEXTUAL_OR_FUNCTION_BOUND,NONE,Return scheduling requirement; exposure is not mastery.
REC-A1-000436,SENSE,SENSE-A1-000409,A1-M02-I05-S1,FIRST_RETURN,A1-M02-I05-S2,SAME_ISLAND,PRESERVE_TARGET_MODE_POLICY,REQUIRED,CONTEXTUAL_OR_FUNCTION_BOUND,NONE,Return scheduling requirement; exposure is not mastery.
REC-A1-000437,SENSE,SENSE-A1-000409,A1-M02-I05-S1,SECOND_RETURN,A1-M02-I06-S2,SAME_MODULE_CROSS_ISLAND,PRESERVE_TARGET_MODE_POLICY,REQUIRED,CONTEXTUAL_OR_FUNCTION_BOUND,NONE,Return scheduling requirement; exposure is not mastery.
REC-A1-000438,SENSE,SENSE-A1-000409,A1-M02-I05-S1,THIRD_RETURN,A1-M03-I05-S2,CROSS_MODULE,PRESERVE_TARGET_MODE_POLICY,REQUIRED,CONTEXTUAL_OR_FUNCTION_BOUND,NONE,Return scheduling requirement; exposure is not mastery.
REC-A1-000439,SENSE,SENSE-A1-000422,A1-M02-I05-S1,FIRST_RETURN,A1-M02-I05-S2,SAME_ISLAND,PRESERVE_TARGET_MODE_POLICY,REQUIRED,CONTEXTUAL_OR_FUNCTION_BOUND,NONE,Return scheduling requirement; exposure is not mastery.
REC-A1-000440,SENSE,SENSE-A1-000422,A1-M02-I05-S1,SECOND_RETURN,A1-M02-I06-S2,SAME_MODULE_CROSS_ISLAND,PRESERVE_TARGET_MODE_POLICY,REQUIRED,CONTEXTUAL_OR_FUNCTION_BOUND,NONE,Return scheduling requirement; exposure is not mastery.
REC-A1-000441,SENSE,SENSE-A1-000422,A1-M02-I05-S1,THIRD_RETURN,A1-M03-I05-S2,CROSS_MODULE,PRESERVE_TARGET_MODE_POLICY,REQUIRED,CONTEXTUAL_OR_FUNCTION_BOUND,NONE,Return scheduling requirement; exposure is not mastery.
REC-A1-000442,SENSE,SENSE-A1-000423,A1-M02-I05-S1,FIRST_RETURN,A1-M02-I05-S2,SAME_ISLAND,PRESERVE_TARGET_MODE_POLICY,REQUIRED,CONTEXTUAL_OR_FUNCTION_BOUND,NONE,Return scheduling requirement; exposure is not mastery.
REC-A1-000443,SENSE,SENSE-A1-000423,A1-M02-I05-S1,SECOND_RETURN,A1-M02-I06-S2,SAME_MODULE_CROSS_ISLAND,PRESERVE_TARGET_MODE_POLICY,REQUIRED,CONTEXTUAL_OR_FUNCTION_BOUND,NONE,Return scheduling requirement; exposure is not mastery.
REC-A1-000444,SENSE,SENSE-A1-000423,A1-M02-I05-S1,THIRD_RETURN,A1-M03-I05-S2,CROSS_MODULE,PRESERVE_TARGET_MODE_POLICY,REQUIRED,CONTEXTUAL_OR_FUNCTION_BOUND,NONE,Return scheduling requirement; exposure is not mastery.
REC-A1-000445,SENSE,SENSE-A1-000474,A1-M02-I05-S1,FIRST_RETURN,A1-M02-I05-S2,SAME_ISLAND,PRESERVE_TARGET_MODE_POLICY,REQUIRED,CONTEXTUAL_OR_FUNCTION_BOUND,NONE,Return scheduling requirement; exposure is not mastery.
REC-A1-000446,SENSE,SENSE-A1-000474,A1-M02-I05-S1,SECOND_RETURN,A1-M02-I06-S2,SAME_MODULE_CROSS_ISLAND,PRESERVE_TARGET_MODE_POLICY,REQUIRED,CONTEXTUAL_OR_FUNCTION_BOUND,NONE,Return scheduling requirement; exposure is not mastery.
REC-A1-000447,SENSE,SENSE-A1-000474,A1-M02-I05-S1,THIRD_RETURN,A1-M03-I05-S2,CROSS_MODULE,PRESERVE_TARGET_MODE_POLICY,REQUIRED,CONTEXTUAL_OR_FUNCTION_BOUND,NONE,Return scheduling requirement; exposure is not mastery.
REC-A1-000448,SENSE,SENSE-A1-000518,A1-M02-I05-S1,FIRST_RETURN,A1-M02-I05-S2,SAME_ISLAND,PRESERVE_TARGET_MODE_POLICY,REQUIRED,CONTEXTUAL_OR_FUNCTION_BOUND,NONE,Return scheduling requirement; exposure is not mastery.
REC-A1-000449,SENSE,SENSE-A1-000518,A1-M02-I05-S1,SECOND_RETURN,A1-M02-I06-S2,SAME_MODULE_CROSS_ISLAND,PRESERVE_TARGET_MODE_POLICY,REQUIRED,CONTEXTUAL_OR_FUNCTION_BOUND,NONE,Return scheduling requirement; exposure is not mastery.
REC-A1-000450,SENSE,SENSE-A1-000518,A1-M02-I05-S1,THIRD_RETURN,A1-M03-I05-S2,CROSS_MODULE,PRESERVE_TARGET_MODE_POLICY,REQUIRED,CONTEXTUAL_OR_FUNCTION_BOUND,NONE,Return scheduling requirement; exposure is not mastery.
REC-A1-000451,SENSE,SENSE-A1-000532,A1-M02-I05-S1,FIRST_RETURN,A1-M02-I05-S2,SAME_ISLAND,PRESERVE_TARGET_MODE_POLICY,REQUIRED,CONTEXTUAL_OR_FUNCTION_BOUND,NONE,Return scheduling requirement; exposure is not mastery.
REC-A1-000452,SENSE,SENSE-A1-000532,A1-M02-I05-S1,SECOND_RETURN,A1-M02-I06-S2,SAME_MODULE_CROSS_ISLAND,PRESERVE_TARGET_MODE_POLICY,REQUIRED,CONTEXTUAL_OR_FUNCTION_BOUND,NONE,Return scheduling requirement; exposure is not mastery.
REC-A1-000453,SENSE,SENSE-A1-000532,A1-M02-I05-S1,THIRD_RETURN,A1-M03-I05-S2,CROSS_MODULE,PRESERVE_TARGET_MODE_POLICY,REQUIRED,CONTEXTUAL_OR_FUNCTION_BOUND,NONE,Return scheduling requirement; exposure is not mastery.
REC-A1-000454,SENSE,SENSE-A1-000536,A1-M02-I05-S1,FIRST_RETURN,A1-M02-I05-S2,SAME_ISLAND,PRESERVE_TARGET_MODE_POLICY,REQUIRED,CONTEXTUAL_OR_FUNCTION_BOUND,NONE,Return scheduling requirement; exposure is not mastery.
REC-A1-000455,SENSE,SENSE-A1-000536,A1-M02-I05-S1,SECOND_RETURN,A1-M02-I06-S2,SAME_MODULE_CROSS_ISLAND,PRESERVE_TARGET_MODE_POLICY,REQUIRED,CONTEXTUAL_OR_FUNCTION_BOUND,NONE,Return scheduling requirement; exposure is not mastery.
REC-A1-000456,SENSE,SENSE-A1-000536,A1-M02-I05-S1,THIRD_RETURN,A1-M03-I05-S2,CROSS_MODULE,PRESERVE_TARGET_MODE_POLICY,REQUIRED,CONTEXTUAL_OR_FUNCTION_BOUND,NONE,Return scheduling requirement; exposure is not mastery.
REC-A1-000457,SENSE,SENSE-A1-000538,A1-M02-I05-S1,FIRST_RETURN,A1-M02-I05-S2,SAME_ISLAND,PRESERVE_TARGET_MODE_POLICY,REQUIRED,CONTEXTUAL_OR_FUNCTION_BOUND,NONE,Return scheduling requirement; exposure is not mastery.
REC-A1-000458,SENSE,SENSE-A1-000538,A1-M02-I05-S1,SECOND_RETURN,A1-M02-I06-S2,SAME_MODULE_CROSS_ISLAND,PRESERVE_TARGET_MODE_POLICY,REQUIRED,CONTEXTUAL_OR_FUNCTION_BOUND,NONE,Return scheduling requirement; exposure is not mastery.
REC-A1-000459,SENSE,SENSE-A1-000538,A1-M02-I05-S1,THIRD_RETURN,A1-M03-I05-S2,CROSS_MODULE,PRESERVE_TARGET_MODE_POLICY,REQUIRED,CONTEXTUAL_OR_FUNCTION_BOUND,NONE,Return scheduling requirement; exposure is not mastery.
REC-A1-000460,SENSE,SENSE-A1-000564,A1-M02-I05-S1,FIRST_RETURN,A1-M02-I05-S2,SAME_ISLAND,PRESERVE_TARGET_MODE_POLICY,REQUIRED,CONTEXTUAL_OR_FUNCTION_BOUND,NONE,Return scheduling requirement; exposure is not mastery.
REC-A1-000461,SENSE,SENSE-A1-000564,A1-M02-I05-S1,SECOND_RETURN,A1-M02-I06-S2,SAME_MODULE_CROSS_ISLAND,PRESERVE_TARGET_MODE_POLICY,REQUIRED,CONTEXTUAL_OR_FUNCTION_BOUND,NONE,Return scheduling requirement; exposure is not mastery.
REC-A1-000462,SENSE,SENSE-A1-000564,A1-M02-I05-S1,THIRD_RETURN,A1-M03-I05-S2,CROSS_MODULE,PRESERVE_TARGET_MODE_POLICY,REQUIRED,CONTEXTUAL_OR_FUNCTION_BOUND,NONE,Return scheduling requirement; exposure is not mastery.
REC-A1-000463,SENSE,SENSE-A1-000571,A1-M02-I05-S1,FIRST_RETURN,A1-M02-I05-S2,SAME_ISLAND,PRESERVE_TARGET_MODE_POLICY,REQUIRED,CONTEXTUAL_OR_FUNCTION_BOUND,NONE,Return scheduling requirement; exposure is not mastery.
REC-A1-000464,SENSE,SENSE-A1-000571,A1-M02-I05-S1,SECOND_RETURN,A1-M02-I06-S2,SAME_MODULE_CROSS_ISLAND,PRESERVE_TARGET_MODE_POLICY,REQUIRED,CONTEXTUAL_OR_FUNCTION_BOUND,NONE,Return scheduling requirement; exposure is not mastery.
REC-A1-000465,SENSE,SENSE-A1-000571,A1-M02-I05-S1,THIRD_RETURN,A1-M03-I05-S2,CROSS_MODULE,PRESERVE_TARGET_MODE_POLICY,REQUIRED,CONTEXTUAL_OR_FUNCTION_BOUND,NONE,Return scheduling requirement; exposure is not mastery.
REC-A1-000466,SENSE,SENSE-A1-000593,A1-M02-I05-S1,FIRST_RETURN,A1-M02-I05-S2,SAME_ISLAND,PRESERVE_TARGET_MODE_POLICY,REQUIRED,CONTEXTUAL_OR_FUNCTION_BOUND,NONE,Return scheduling requirement; exposure is not mastery.
REC-A1-000467,SENSE,SENSE-A1-000593,A1-M02-I05-S1,SECOND_RETURN,A1-M02-I06-S2,SAME_MODULE_CROSS_ISLAND,PRESERVE_TARGET_MODE_POLICY,REQUIRED,CONTEXTUAL_OR_FUNCTION_BOUND,NONE,Return scheduling requirement; exposure is not mastery.
REC-A1-000468,SENSE,SENSE-A1-000593,A1-M02-I05-S1,THIRD_RETURN,A1-M03-I05-S2,CROSS_MODULE,PRESERVE_TARGET_MODE_POLICY,REQUIRED,CONTEXTUAL_OR_FUNCTION_BOUND,NONE,Return scheduling requirement; exposure is not mastery.
REC-A1-000469,SENSE,SENSE-A1-000598,A1-M02-I05-S1,FIRST_RETURN,A1-M02-I05-S2,SAME_ISLAND,PRESERVE_TARGET_MODE_POLICY,REQUIRED,CONTEXTUAL_OR_FUNCTION_BOUND,NONE,Return scheduling requirement; exposure is not mastery.
REC-A1-000470,SENSE,SENSE-A1-000598,A1-M02-I05-S1,SECOND_RETURN,A1-M02-I06-S2,SAME_MODULE_CROSS_ISLAND,PRESERVE_TARGET_MODE_POLICY,REQUIRED,CONTEXTUAL_OR_FUNCTION_BOUND,NONE,Return scheduling requirement; exposure is not mastery.
REC-A1-000471,SENSE,SENSE-A1-000598,A1-M02-I05-S1,THIRD_RETURN,A1-M03-I05-S2,CROSS_MODULE,PRESERVE_TARGET_MODE_POLICY,REQUIRED,CONTEXTUAL_OR_FUNCTION_BOUND,NONE,Return scheduling requirement; exposure is not mastery.
REC-A1-000472,SENSE,SENSE-A1-000604,A1-M02-I05-S1,FIRST_RETURN,A1-M02-I05-S2,SAME_ISLAND,PRESERVE_TARGET_MODE_POLICY,REQUIRED,CONTEXTUAL_OR_FUNCTION_BOUND,NONE,Return scheduling requirement; exposure is not mastery.
REC-A1-000473,SENSE,SENSE-A1-000604,A1-M02-I05-S1,SECOND_RETURN,A1-M02-I06-S2,SAME_MODULE_CROSS_ISLAND,PRESERVE_TARGET_MODE_POLICY,REQUIRED,CONTEXTUAL_OR_FUNCTION_BOUND,NONE,Return scheduling requirement; exposure is not mastery.
REC-A1-000474,SENSE,SENSE-A1-000604,A1-M02-I05-S1,THIRD_RETURN,A1-M03-I05-S2,CROSS_MODULE,PRESERVE_TARGET_MODE_POLICY,REQUIRED,CONTEXTUAL_OR_FUNCTION_BOUND,NONE,Return scheduling requirement; exposure is not mastery.
REC-A1-000475,GRAMMAR_UNIT,GRAM-A1-009,A1-M02-I05-S1,FIRST_RETURN,A1-M02-I05-S2,SAME_ISLAND,PRESERVE_TARGET_MODE_POLICY,REQUIRED,FUNCTION_OR_TASK_BOUND,NONE,Return scheduling requirement; exposure is not mastery.
REC-A1-000476,GRAMMAR_UNIT,GRAM-A1-009,A1-M02-I05-S1,SECOND_RETURN,A1-M02-I06-S2,SAME_MODULE_CROSS_ISLAND,PRESERVE_TARGET_MODE_POLICY,REQUIRED,FUNCTION_OR_TASK_BOUND,NONE,Return scheduling requirement; exposure is not mastery.
REC-A1-000477,GRAMMAR_UNIT,GRAM-A1-009,A1-M02-I05-S1,THIRD_RETURN,A1-M03-I05-S2,CROSS_MODULE,PRESERVE_TARGET_MODE_POLICY,REQUIRED,FUNCTION_OR_TASK_BOUND,NONE,Return scheduling requirement; exposure is not mastery.
REC-A1-000478,GRAMMAR_UNIT,GRAM-A1-013,A1-M02-I05-S1,FIRST_RETURN,A1-M02-I05-S2,SAME_ISLAND,PRESERVE_TARGET_MODE_POLICY,REQUIRED,FUNCTION_OR_TASK_BOUND,NONE,Return scheduling requirement; exposure is not mastery.
REC-A1-000479,GRAMMAR_UNIT,GRAM-A1-013,A1-M02-I05-S1,SECOND_RETURN,A1-M02-I06-S2,SAME_MODULE_CROSS_ISLAND,PRESERVE_TARGET_MODE_POLICY,REQUIRED,FUNCTION_OR_TASK_BOUND,NONE,Return scheduling requirement; exposure is not mastery.
REC-A1-000480,GRAMMAR_UNIT,GRAM-A1-013,A1-M02-I05-S1,THIRD_RETURN,A1-M03-I05-S2,CROSS_MODULE,PRESERVE_TARGET_MODE_POLICY,REQUIRED,FUNCTION_OR_TASK_BOUND,NONE,Return scheduling requirement; exposure is not mastery.
REC-A1-000481,GRAMMAR_UNIT,GRAM-A1-017,A1-M02-I05-S1,FIRST_RETURN,A1-M02-I05-S2,SAME_ISLAND,PRESERVE_TARGET_MODE_POLICY,REQUIRED,FUNCTION_OR_TASK_BOUND,NONE,Return scheduling requirement; exposure is not mastery.
REC-A1-000482,GRAMMAR_UNIT,GRAM-A1-017,A1-M02-I05-S1,SECOND_RETURN,A1-M02-I06-S2,SAME_MODULE_CROSS_ISLAND,PRESERVE_TARGET_MODE_POLICY,REQUIRED,FUNCTION_OR_TASK_BOUND,NONE,Return scheduling requirement; exposure is not mastery.
REC-A1-000483,GRAMMAR_UNIT,GRAM-A1-017,A1-M02-I05-S1,THIRD_RETURN,A1-M03-I05-S2,CROSS_MODULE,PRESERVE_TARGET_MODE_POLICY,REQUIRED,FUNCTION_OR_TASK_BOUND,NONE,Return scheduling requirement; exposure is not mastery.
REC-A1-000484,GRAMMAR_UNIT,GRAM-A1-034,A1-M02-I05-S1,FIRST_RETURN,A1-M02-I05-S2,SAME_ISLAND,PRESERVE_TARGET_MODE_POLICY,REQUIRED,FUNCTION_OR_TASK_BOUND,NONE,Return scheduling requirement; exposure is not mastery.
REC-A1-000485,GRAMMAR_UNIT,GRAM-A1-034,A1-M02-I05-S1,SECOND_RETURN,A1-M02-I06-S2,SAME_MODULE_CROSS_ISLAND,PRESERVE_TARGET_MODE_POLICY,REQUIRED,FUNCTION_OR_TASK_BOUND,NONE,Return scheduling requirement; exposure is not mastery.
REC-A1-000486,GRAMMAR_UNIT,GRAM-A1-034,A1-M02-I05-S1,THIRD_RETURN,A1-M03-I05-S2,CROSS_MODULE,PRESERVE_TARGET_MODE_POLICY,REQUIRED,FUNCTION_OR_TASK_BOUND,NONE,Return scheduling requirement; exposure is not mastery.
REC-A1-000487,GRAMMAR_UNIT,GRAM-A1-035,A1-M02-I05-S1,FIRST_RETURN,A1-M02-I05-S2,SAME_ISLAND,PRESERVE_TARGET_MODE_POLICY,REQUIRED,FUNCTION_OR_TASK_BOUND,NONE,Return scheduling requirement; exposure is not mastery.
REC-A1-000488,GRAMMAR_UNIT,GRAM-A1-035,A1-M02-I05-S1,SECOND_RETURN,A1-M02-I06-S2,SAME_MODULE_CROSS_ISLAND,PRESERVE_TARGET_MODE_POLICY,REQUIRED,FUNCTION_OR_TASK_BOUND,NONE,Return scheduling requirement; exposure is not mastery.
REC-A1-000489,GRAMMAR_UNIT,GRAM-A1-035,A1-M02-I05-S1,THIRD_RETURN,A1-M03-I05-S2,CROSS_MODULE,PRESERVE_TARGET_MODE_POLICY,REQUIRED,FUNCTION_OR_TASK_BOUND,NONE,Return scheduling requirement; exposure is not mastery.
REC-A1-000490,GRAMMAR_UNIT,GRAM-A1-052,A1-M02-I05-S1,FIRST_RETURN,A1-M02-I05-S2,SAME_ISLAND,PRESERVE_TARGET_MODE_POLICY,REQUIRED,FUNCTION_OR_TASK_BOUND,NONE,Return scheduling requirement; exposure is not mastery.
REC-A1-000491,GRAMMAR_UNIT,GRAM-A1-052,A1-M02-I05-S1,SECOND_RETURN,A1-M02-I06-S2,SAME_MODULE_CROSS_ISLAND,PRESERVE_TARGET_MODE_POLICY,REQUIRED,FUNCTION_OR_TASK_BOUND,NONE,Return scheduling requirement; exposure is not mastery.
REC-A1-000492,GRAMMAR_UNIT,GRAM-A1-052,A1-M02-I05-S1,THIRD_RETURN,A1-M03-I05-S2,CROSS_MODULE,PRESERVE_TARGET_MODE_POLICY,REQUIRED,FUNCTION_OR_TASK_BOUND,NONE,Return scheduling requirement; exposure is not mastery.
REC-A1-000493,GRAMMAR_UNIT,GRAM-A1-053,A1-M02-I05-S1,FIRST_RETURN,A1-M02-I05-S2,SAME_ISLAND,PRESERVE_TARGET_MODE_POLICY,REQUIRED,FUNCTION_OR_TASK_BOUND,NONE,Return scheduling requirement; exposure is not mastery.
REC-A1-000494,GRAMMAR_UNIT,GRAM-A1-053,A1-M02-I05-S1,SECOND_RETURN,A1-M02-I06-S2,SAME_MODULE_CROSS_ISLAND,PRESERVE_TARGET_MODE_POLICY,REQUIRED,FUNCTION_OR_TASK_BOUND,NONE,Return scheduling requirement; exposure is not mastery.
REC-A1-000495,GRAMMAR_UNIT,GRAM-A1-053,A1-M02-I05-S1,THIRD_RETURN,A1-M03-I05-S2,CROSS_MODULE,PRESERVE_TARGET_MODE_POLICY,REQUIRED,FUNCTION_OR_TASK_BOUND,NONE,Return scheduling requirement; exposure is not mastery.
REC-A1-000496,GRAMMAR_UNIT,GRAM-A1-054,A1-M02-I05-S1,FIRST_RETURN,A1-M02-I05-S2,SAME_ISLAND,PRESERVE_TARGET_MODE_POLICY,REQUIRED,FUNCTION_OR_TASK_BOUND,NONE,Return scheduling requirement; exposure is not mastery.
REC-A1-000497,GRAMMAR_UNIT,GRAM-A1-054,A1-M02-I05-S1,SECOND_RETURN,A1-M02-I06-S2,SAME_MODULE_CROSS_ISLAND,PRESERVE_TARGET_MODE_POLICY,REQUIRED,FUNCTION_OR_TASK_BOUND,NONE,Return scheduling requirement; exposure is not mastery.
REC-A1-000498,GRAMMAR_UNIT,GRAM-A1-054,A1-M02-I05-S1,THIRD_RETURN,A1-M03-I05-S2,CROSS_MODULE,PRESERVE_TARGET_MODE_POLICY,REQUIRED,FUNCTION_OR_TASK_BOUND,NONE,Return scheduling requirement; exposure is not mastery.
REC-A1-000499,GRAMMAR_UNIT,GRAM-A1-056,A1-M02-I05-S1,FIRST_RETURN,A1-M02-I05-S2,SAME_ISLAND,PRESERVE_TARGET_MODE_POLICY,REQUIRED,FUNCTION_OR_TASK_BOUND,NONE,Return scheduling requirement; exposure is not mastery.
REC-A1-000500,GRAMMAR_UNIT,GRAM-A1-056,A1-M02-I05-S1,SECOND_RETURN,A1-M02-I06-S2,SAME_MODULE_CROSS_ISLAND,PRESERVE_TARGET_MODE_POLICY,REQUIRED,FUNCTION_OR_TASK_BOUND,NONE,Return scheduling requirement; exposure is not mastery.
REC-A1-000501,GRAMMAR_UNIT,GRAM-A1-056,A1-M02-I05-S1,THIRD_RETURN,A1-M03-I05-S2,CROSS_MODULE,PRESERVE_TARGET_MODE_POLICY,REQUIRED,FUNCTION_OR_TASK_BOUND,NONE,Return scheduling requirement; exposure is not mastery.
REC-A1-000502,GRAMMAR_UNIT,GRAM-A1-057,A1-M02-I05-S1,FIRST_RETURN,A1-M02-I05-S2,SAME_ISLAND,PRESERVE_TARGET_MODE_POLICY,REQUIRED,FUNCTION_OR_TASK_BOUND,NONE,Return scheduling requirement; exposure is not mastery.
REC-A1-000503,GRAMMAR_UNIT,GRAM-A1-057,A1-M02-I05-S1,SECOND_RETURN,A1-M02-I06-S2,SAME_MODULE_CROSS_ISLAND,PRESERVE_TARGET_MODE_POLICY,REQUIRED,FUNCTION_OR_TASK_BOUND,NONE,Return scheduling requirement; exposure is not mastery.
REC-A1-000504,GRAMMAR_UNIT,GRAM-A1-057,A1-M02-I05-S1,THIRD_RETURN,A1-M03-I05-S2,CROSS_MODULE,PRESERVE_TARGET_MODE_POLICY,REQUIRED,FUNCTION_OR_TASK_BOUND,NONE,Return scheduling requirement; exposure is not mastery.
REC-A1-000505,GRAMMAR_UNIT,GRAM-A1-058,A1-M02-I05-S1,FIRST_RETURN,A1-M02-I05-S2,SAME_ISLAND,PRESERVE_TARGET_MODE_POLICY,REQUIRED,FUNCTION_OR_TASK_BOUND,NONE,Return scheduling requirement; exposure is not mastery.
REC-A1-000506,GRAMMAR_UNIT,GRAM-A1-058,A1-M02-I05-S1,SECOND_RETURN,A1-M02-I06-S2,SAME_MODULE_CROSS_ISLAND,PRESERVE_TARGET_MODE_POLICY,REQUIRED,FUNCTION_OR_TASK_BOUND,NONE,Return scheduling requirement; exposure is not mastery.
REC-A1-000507,GRAMMAR_UNIT,GRAM-A1-058,A1-M02-I05-S1,THIRD_RETURN,A1-M03-I05-S2,CROSS_MODULE,PRESERVE_TARGET_MODE_POLICY,REQUIRED,FUNCTION_OR_TASK_BOUND,NONE,Return scheduling requirement; exposure is not mastery.
REC-A1-000508,GRAMMAR_UNIT,GRAM-A1-068,A1-M02-I05-S1,FIRST_RETURN,A1-M02-I05-S2,SAME_ISLAND,PRESERVE_TARGET_MODE_POLICY,REQUIRED,FUNCTION_OR_TASK_BOUND,NONE,Return scheduling requirement; exposure is not mastery.
REC-A1-000509,GRAMMAR_UNIT,GRAM-A1-068,A1-M02-I05-S1,SECOND_RETURN,A1-M02-I06-S2,SAME_MODULE_CROSS_ISLAND,PRESERVE_TARGET_MODE_POLICY,REQUIRED,FUNCTION_OR_TASK_BOUND,NONE,Return scheduling requirement; exposure is not mastery.
REC-A1-000510,GRAMMAR_UNIT,GRAM-A1-068,A1-M02-I05-S1,THIRD_RETURN,A1-M03-I05-S2,CROSS_MODULE,PRESERVE_TARGET_MODE_POLICY,REQUIRED,FUNCTION_OR_TASK_BOUND,NONE,Return scheduling requirement; exposure is not mastery.
REC-A1-000511,MWU_SOURCE_UNIT,12B1-MWU-0031,A1-M02-I05-S1,FIRST_RETURN,A1-M02-I05-S2,SAME_ISLAND,PRESERVE_TARGET_MODE_POLICY,REQUIRED,CONTEXTUAL_OR_FUNCTION_BOUND,NONE,Return scheduling requirement; exposure is not mastery.
REC-A1-000512,MWU_SOURCE_UNIT,12B1-MWU-0031,A1-M02-I05-S1,SECOND_RETURN,A1-M02-I06-S2,SAME_MODULE_CROSS_ISLAND,PRESERVE_TARGET_MODE_POLICY,REQUIRED,CONTEXTUAL_OR_FUNCTION_BOUND,NONE,Return scheduling requirement; exposure is not mastery.
REC-A1-000513,MWU_SOURCE_UNIT,12B1-MWU-0031,A1-M02-I05-S1,THIRD_RETURN,A1-M03-I05-S2,CROSS_MODULE,PRESERVE_TARGET_MODE_POLICY,REQUIRED,CONTEXTUAL_OR_FUNCTION_BOUND,NONE,Return scheduling requirement; exposure is not mastery.
REC-A1-000514,SENSE,SENSE-A1-000034,A1-M02-I05-S2,FIRST_RETURN,A1-M02-I05-S3,SAME_ISLAND,PRESERVE_TARGET_MODE_POLICY,REQUIRED,CONTEXTUAL_OR_FUNCTION_BOUND,NONE,Return scheduling requirement; exposure is not mastery.
REC-A1-000515,SENSE,SENSE-A1-000034,A1-M02-I05-S2,SECOND_RETURN,A1-M02-I06-S1,SAME_MODULE_CROSS_ISLAND,PRESERVE_TARGET_MODE_POLICY,REQUIRED,CONTEXTUAL_OR_FUNCTION_BOUND,NONE,Return scheduling requirement; exposure is not mastery.
REC-A1-000516,SENSE,SENSE-A1-000034,A1-M02-I05-S2,THIRD_RETURN,A1-M03-I05-S3,CROSS_MODULE,PRESERVE_TARGET_MODE_POLICY,REQUIRED,CONTEXTUAL_OR_FUNCTION_BOUND,NONE,Return scheduling requirement; exposure is not mastery.
REC-A1-000517,SENSE,SENSE-A1-000041,A1-M02-I05-S2,FIRST_RETURN,A1-M02-I05-S3,SAME_ISLAND,PRESERVE_TARGET_MODE_POLICY,REQUIRED,TARGET_PROFILE_ONLY,NONE,Return scheduling requirement; exposure is not mastery.
REC-A1-000518,SENSE,SENSE-A1-000041,A1-M02-I05-S2,SECOND_RETURN,A1-M02-I06-S1,SAME_MODULE_CROSS_ISLAND,PRESERVE_TARGET_MODE_POLICY,REQUIRED,TARGET_PROFILE_ONLY,NONE,Return scheduling requirement; exposure is not mastery.
REC-A1-000519,SENSE,SENSE-A1-000041,A1-M02-I05-S2,THIRD_RETURN,A1-M03-I05-S3,CROSS_MODULE,PRESERVE_TARGET_MODE_POLICY,REQUIRED,TARGET_PROFILE_ONLY,NONE,Return scheduling requirement; exposure is not mastery.
REC-A1-000520,SENSE,SENSE-A1-000060,A1-M02-I05-S2,FIRST_RETURN,A1-M02-I05-S3,SAME_ISLAND,PRESERVE_TARGET_MODE_POLICY,REQUIRED,CONTEXTUAL_OR_FUNCTION_BOUND,NONE,Return scheduling requirement; exposure is not mastery.
REC-A1-000521,SENSE,SENSE-A1-000060,A1-M02-I05-S2,SECOND_RETURN,A1-M02-I06-S1,SAME_MODULE_CROSS_ISLAND,PRESERVE_TARGET_MODE_POLICY,REQUIRED,CONTEXTUAL_OR_FUNCTION_BOUND,NONE,Return scheduling requirement; exposure is not mastery.
REC-A1-000522,SENSE,SENSE-A1-000060,A1-M02-I05-S2,THIRD_RETURN,A1-M03-I05-S3,CROSS_MODULE,PRESERVE_TARGET_MODE_POLICY,REQUIRED,CONTEXTUAL_OR_FUNCTION_BOUND,NONE,Return scheduling requirement; exposure is not mastery.
REC-A1-000523,SENSE,SENSE-A1-000067,A1-M02-I05-S2,FIRST_RETURN,A1-M02-I05-S3,SAME_ISLAND,PRESERVE_TARGET_MODE_POLICY,REQUIRED,CONTEXTUAL_OR_FUNCTION_BOUND,NONE,Return scheduling requirement; exposure is not mastery.
REC-A1-000524,SENSE,SENSE-A1-000067,A1-M02-I05-S2,SECOND_RETURN,A1-M02-I06-S1,SAME_MODULE_CROSS_ISLAND,PRESERVE_TARGET_MODE_POLICY,REQUIRED,CONTEXTUAL_OR_FUNCTION_BOUND,NONE,Return scheduling requirement; exposure is not mastery.
REC-A1-000525,SENSE,SENSE-A1-000067,A1-M02-I05-S2,THIRD_RETURN,A1-M03-I05-S3,CROSS_MODULE,PRESERVE_TARGET_MODE_POLICY,REQUIRED,CONTEXTUAL_OR_FUNCTION_BOUND,NONE,Return scheduling requirement; exposure is not mastery.
REC-A1-000526,SENSE,SENSE-A1-000073,A1-M02-I05-S2,FIRST_RETURN,A1-M02-I05-S3,SAME_ISLAND,PRESERVE_TARGET_MODE_POLICY,REQUIRED,CONTEXTUAL_OR_FUNCTION_BOUND,NONE,Return scheduling requirement; exposure is not mastery.
REC-A1-000527,SENSE,SENSE-A1-000073,A1-M02-I05-S2,SECOND_RETURN,A1-M02-I06-S1,SAME_MODULE_CROSS_ISLAND,PRESERVE_TARGET_MODE_POLICY,REQUIRED,CONTEXTUAL_OR_FUNCTION_BOUND,NONE,Return scheduling requirement; exposure is not mastery.
REC-A1-000528,SENSE,SENSE-A1-000073,A1-M02-I05-S2,THIRD_RETURN,A1-M03-I05-S3,CROSS_MODULE,PRESERVE_TARGET_MODE_POLICY,REQUIRED,CONTEXTUAL_OR_FUNCTION_BOUND,NONE,Return scheduling requirement; exposure is not mastery.
REC-A1-000529,SENSE,SENSE-A1-000107,A1-M02-I05-S2,FIRST_RETURN,A1-M02-I05-S3,SAME_ISLAND,PRESERVE_TARGET_MODE_POLICY,REQUIRED,CONTEXTUAL_OR_FUNCTION_BOUND,NONE,Return scheduling requirement; exposure is not mastery.
REC-A1-000530,SENSE,SENSE-A1-000107,A1-M02-I05-S2,SECOND_RETURN,A1-M02-I06-S1,SAME_MODULE_CROSS_ISLAND,PRESERVE_TARGET_MODE_POLICY,REQUIRED,CONTEXTUAL_OR_FUNCTION_BOUND,NONE,Return scheduling requirement; exposure is not mastery.
REC-A1-000531,SENSE,SENSE-A1-000107,A1-M02-I05-S2,THIRD_RETURN,A1-M03-I05-S3,CROSS_MODULE,PRESERVE_TARGET_MODE_POLICY,REQUIRED,CONTEXTUAL_OR_FUNCTION_BOUND,NONE,Return scheduling requirement; exposure is not mastery.
REC-A1-000532,SENSE,SENSE-A1-000139,A1-M02-I05-S2,FIRST_RETURN,A1-M02-I05-S3,SAME_ISLAND,PRESERVE_TARGET_MODE_POLICY,REQUIRED,CONTEXTUAL_OR_FUNCTION_BOUND,NONE,Return scheduling requirement; exposure is not mastery.
REC-A1-000533,SENSE,SENSE-A1-000139,A1-M02-I05-S2,SECOND_RETURN,A1-M02-I06-S1,SAME_MODULE_CROSS_ISLAND,PRESERVE_TARGET_MODE_POLICY,REQUIRED,CONTEXTUAL_OR_FUNCTION_BOUND,NONE,Return scheduling requirement; exposure is not mastery.
REC-A1-000534,SENSE,SENSE-A1-000139,A1-M02-I05-S2,THIRD_RETURN,A1-M03-I05-S3,CROSS_MODULE,PRESERVE_TARGET_MODE_POLICY,REQUIRED,CONTEXTUAL_OR_FUNCTION_BOUND,NONE,Return scheduling requirement; exposure is not mastery.
REC-A1-000535,SENSE,SENSE-A1-000165,A1-M02-I05-S2,FIRST_RETURN,A1-M02-I05-S3,SAME_ISLAND,PRESERVE_TARGET_MODE_POLICY,REQUIRED,CONTEXTUAL_OR_FUNCTION_BOUND,NONE,Return scheduling requirement; exposure is not mastery.
REC-A1-000536,SENSE,SENSE-A1-000165,A1-M02-I05-S2,SECOND_RETURN,A1-M02-I06-S1,SAME_MODULE_CROSS_ISLAND,PRESERVE_TARGET_MODE_POLICY,REQUIRED,CONTEXTUAL_OR_FUNCTION_BOUND,NONE,Return scheduling requirement; exposure is not mastery.
REC-A1-000537,SENSE,SENSE-A1-000165,A1-M02-I05-S2,THIRD_RETURN,A1-M03-I05-S3,CROSS_MODULE,PRESERVE_TARGET_MODE_POLICY,REQUIRED,CONTEXTUAL_OR_FUNCTION_BOUND,NONE,Return scheduling requirement; exposure is not mastery.
REC-A1-000538,SENSE,SENSE-A1-000181,A1-M02-I05-S2,FIRST_RETURN,A1-M02-I05-S3,SAME_ISLAND,PRESERVE_TARGET_MODE_POLICY,REQUIRED,CONTEXTUAL_OR_FUNCTION_BOUND,NONE,Return scheduling requirement; exposure is not mastery.
REC-A1-000539,SENSE,SENSE-A1-000181,A1-M02-I05-S2,SECOND_RETURN,A1-M02-I06-S1,SAME_MODULE_CROSS_ISLAND,PRESERVE_TARGET_MODE_POLICY,REQUIRED,CONTEXTUAL_OR_FUNCTION_BOUND,NONE,Return scheduling requirement; exposure is not mastery.
REC-A1-000540,SENSE,SENSE-A1-000181,A1-M02-I05-S2,THIRD_RETURN,A1-M03-I05-S3,CROSS_MODULE,PRESERVE_TARGET_MODE_POLICY,REQUIRED,CONTEXTUAL_OR_FUNCTION_BOUND,NONE,Return scheduling requirement; exposure is not mastery.
REC-A1-000541,SENSE,SENSE-A1-000257,A1-M02-I05-S2,FIRST_RETURN,A1-M02-I05-S3,SAME_ISLAND,PRESERVE_TARGET_MODE_POLICY,REQUIRED,CONTEXTUAL_OR_FUNCTION_BOUND,NONE,Return scheduling requirement; exposure is not mastery.
REC-A1-000542,SENSE,SENSE-A1-000257,A1-M02-I05-S2,SECOND_RETURN,A1-M02-I06-S1,SAME_MODULE_CROSS_ISLAND,PRESERVE_TARGET_MODE_POLICY,REQUIRED,CONTEXTUAL_OR_FUNCTION_BOUND,NONE,Return scheduling requirement; exposure is not mastery.
REC-A1-000543,SENSE,SENSE-A1-000257,A1-M02-I05-S2,THIRD_RETURN,A1-M03-I05-S3,CROSS_MODULE,PRESERVE_TARGET_MODE_POLICY,REQUIRED,CONTEXTUAL_OR_FUNCTION_BOUND,NONE,Return scheduling requirement; exposure is not mastery.
REC-A1-000544,SENSE,SENSE-A1-000269,A1-M02-I05-S2,FIRST_RETURN,A1-M02-I05-S3,SAME_ISLAND,PRESERVE_TARGET_MODE_POLICY,REQUIRED,CONTEXTUAL_OR_FUNCTION_BOUND,NONE,Return scheduling requirement; exposure is not mastery.
REC-A1-000545,SENSE,SENSE-A1-000269,A1-M02-I05-S2,SECOND_RETURN,A1-M02-I06-S1,SAME_MODULE_CROSS_ISLAND,PRESERVE_TARGET_MODE_POLICY,REQUIRED,CONTEXTUAL_OR_FUNCTION_BOUND,NONE,Return scheduling requirement; exposure is not mastery.
REC-A1-000546,SENSE,SENSE-A1-000269,A1-M02-I05-S2,THIRD_RETURN,A1-M03-I05-S3,CROSS_MODULE,PRESERVE_TARGET_MODE_POLICY,REQUIRED,CONTEXTUAL_OR_FUNCTION_BOUND,NONE,Return scheduling requirement; exposure is not mastery.
REC-A1-000547,SENSE,SENSE-A1-000274,A1-M02-I05-S2,FIRST_RETURN,A1-M02-I05-S3,SAME_ISLAND,PRESERVE_TARGET_MODE_POLICY,REQUIRED,CONTEXTUAL_OR_FUNCTION_BOUND,NONE,Return scheduling requirement; exposure is not mastery.
REC-A1-000548,SENSE,SENSE-A1-000274,A1-M02-I05-S2,SECOND_RETURN,A1-M02-I06-S1,SAME_MODULE_CROSS_ISLAND,PRESERVE_TARGET_MODE_POLICY,REQUIRED,CONTEXTUAL_OR_FUNCTION_BOUND,NONE,Return scheduling requirement; exposure is not mastery.
REC-A1-000549,SENSE,SENSE-A1-000274,A1-M02-I05-S2,THIRD_RETURN,A1-M03-I05-S3,CROSS_MODULE,PRESERVE_TARGET_MODE_POLICY,REQUIRED,CONTEXTUAL_OR_FUNCTION_BOUND,NONE,Return scheduling requirement; exposure is not mastery.
REC-A1-000550,SENSE,SENSE-A1-000276,A1-M02-I05-S2,FIRST_RETURN,A1-M02-I05-S3,SAME_ISLAND,PRESERVE_TARGET_MODE_POLICY,REQUIRED,CONTEXTUAL_OR_FUNCTION_BOUND,NONE,Return scheduling requirement; exposure is not mastery.
REC-A1-000551,SENSE,SENSE-A1-000276,A1-M02-I05-S2,SECOND_RETURN,A1-M02-I06-S1,SAME_MODULE_CROSS_ISLAND,PRESERVE_TARGET_MODE_POLICY,REQUIRED,CONTEXTUAL_OR_FUNCTION_BOUND,NONE,Return scheduling requirement; exposure is not mastery.
REC-A1-000552,SENSE,SENSE-A1-000276,A1-M02-I05-S2,THIRD_RETURN,A1-M03-I05-S3,CROSS_MODULE,PRESERVE_TARGET_MODE_POLICY,REQUIRED,CONTEXTUAL_OR_FUNCTION_BOUND,NONE,Return scheduling requirement; exposure is not mastery.
REC-A1-000553,SENSE,SENSE-A1-000279,A1-M02-I05-S2,FIRST_RETURN,A1-M02-I05-S3,SAME_ISLAND,PRESERVE_TARGET_MODE_POLICY,REQUIRED,CONTEXTUAL_OR_FUNCTION_BOUND,NONE,Return scheduling requirement; exposure is not mastery.
REC-A1-000554,SENSE,SENSE-A1-000279,A1-M02-I05-S2,SECOND_RETURN,A1-M02-I06-S1,SAME_MODULE_CROSS_ISLAND,PRESERVE_TARGET_MODE_POLICY,REQUIRED,CONTEXTUAL_OR_FUNCTION_BOUND,NONE,Return scheduling requirement; exposure is not mastery.
REC-A1-000555,SENSE,SENSE-A1-000279,A1-M02-I05-S2,THIRD_RETURN,A1-M03-I05-S3,CROSS_MODULE,PRESERVE_TARGET_MODE_POLICY,REQUIRED,CONTEXTUAL_OR_FUNCTION_BOUND,NONE,Return scheduling requirement; exposure is not mastery.
REC-A1-000556,SENSE,SENSE-A1-000290,A1-M02-I05-S2,FIRST_RETURN,A1-M02-I05-S3,SAME_ISLAND,PRESERVE_TARGET_MODE_POLICY,REQUIRED,TARGET_PROFILE_ONLY,NONE,Return scheduling requirement; exposure is not mastery.
REC-A1-000557,SENSE,SENSE-A1-000290,A1-M02-I05-S2,SECOND_RETURN,A1-M02-I06-S1,SAME_MODULE_CROSS_ISLAND,PRESERVE_TARGET_MODE_POLICY,REQUIRED,TARGET_PROFILE_ONLY,NONE,Return scheduling requirement; exposure is not mastery.
REC-A1-000558,SENSE,SENSE-A1-000290,A1-M02-I05-S2,THIRD_RETURN,A1-M03-I05-S3,CROSS_MODULE,PRESERVE_TARGET_MODE_POLICY,REQUIRED,TARGET_PROFILE_ONLY,NONE,Return scheduling requirement; exposure is not mastery.
REC-A1-000559,SENSE,SENSE-A1-000320,A1-M02-I05-S2,FIRST_RETURN,A1-M02-I05-S3,SAME_ISLAND,PRESERVE_TARGET_MODE_POLICY,REQUIRED,CONTEXTUAL_OR_FUNCTION_BOUND,NONE,Return scheduling requirement; exposure is not mastery.
REC-A1-000560,SENSE,SENSE-A1-000320,A1-M02-I05-S2,SECOND_RETURN,A1-M02-I06-S1,SAME_MODULE_CROSS_ISLAND,PRESERVE_TARGET_MODE_POLICY,REQUIRED,CONTEXTUAL_OR_FUNCTION_BOUND,NONE,Return scheduling requirement; exposure is not mastery.
REC-A1-000561,SENSE,SENSE-A1-000320,A1-M02-I05-S2,THIRD_RETURN,A1-M03-I05-S3,CROSS_MODULE,PRESERVE_TARGET_MODE_POLICY,REQUIRED,CONTEXTUAL_OR_FUNCTION_BOUND,NONE,Return scheduling requirement; exposure is not mastery.
REC-A1-000562,SENSE,SENSE-A1-000328,A1-M02-I05-S2,FIRST_RETURN,A1-M02-I05-S3,SAME_ISLAND,PRESERVE_TARGET_MODE_POLICY,REQUIRED,CONTEXTUAL_OR_FUNCTION_BOUND,NONE,Return scheduling requirement; exposure is not mastery.
REC-A1-000563,SENSE,SENSE-A1-000328,A1-M02-I05-S2,SECOND_RETURN,A1-M02-I06-S1,SAME_MODULE_CROSS_ISLAND,PRESERVE_TARGET_MODE_POLICY,REQUIRED,CONTEXTUAL_OR_FUNCTION_BOUND,NONE,Return scheduling requirement; exposure is not mastery.
REC-A1-000564,SENSE,SENSE-A1-000328,A1-M02-I05-S2,THIRD_RETURN,A1-M03-I05-S3,CROSS_MODULE,PRESERVE_TARGET_MODE_POLICY,REQUIRED,CONTEXTUAL_OR_FUNCTION_BOUND,NONE,Return scheduling requirement; exposure is not mastery.
REC-A1-000565,SENSE,SENSE-A1-000338,A1-M02-I05-S2,FIRST_RETURN,A1-M02-I05-S3,SAME_ISLAND,PRESERVE_TARGET_MODE_POLICY,REQUIRED,TARGET_PROFILE_ONLY,NONE,Return scheduling requirement; exposure is not mastery.
REC-A1-000566,SENSE,SENSE-A1-000338,A1-M02-I05-S2,SECOND_RETURN,A1-M02-I06-S1,SAME_MODULE_CROSS_ISLAND,PRESERVE_TARGET_MODE_POLICY,REQUIRED,TARGET_PROFILE_ONLY,NONE,Return scheduling requirement; exposure is not mastery.
REC-A1-000567,SENSE,SENSE-A1-000338,A1-M02-I05-S2,THIRD_RETURN,A1-M03-I05-S3,CROSS_MODULE,PRESERVE_TARGET_MODE_POLICY,REQUIRED,TARGET_PROFILE_ONLY,NONE,Return scheduling requirement; exposure is not mastery.
REC-A1-000568,SENSE,SENSE-A1-000342,A1-M02-I05-S2,FIRST_RETURN,A1-M02-I05-S3,SAME_ISLAND,PRESERVE_TARGET_MODE_POLICY,REQUIRED,CONTEXTUAL_OR_FUNCTION_BOUND,NONE,Return scheduling requirement; exposure is not mastery.
REC-A1-000569,SENSE,SENSE-A1-000342,A1-M02-I05-S2,SECOND_RETURN,A1-M02-I06-S1,SAME_MODULE_CROSS_ISLAND,PRESERVE_TARGET_MODE_POLICY,REQUIRED,CONTEXTUAL_OR_FUNCTION_BOUND,NONE,Return scheduling requirement; exposure is not mastery.
REC-A1-000570,SENSE,SENSE-A1-000342,A1-M02-I05-S2,THIRD_RETURN,A1-M03-I05-S3,CROSS_MODULE,PRESERVE_TARGET_MODE_POLICY,REQUIRED,CONTEXTUAL_OR_FUNCTION_BOUND,NONE,Return scheduling requirement; exposure is not mastery.
REC-A1-000571,SENSE,SENSE-A1-000381,A1-M02-I05-S2,FIRST_RETURN,A1-M02-I05-S3,SAME_ISLAND,PRESERVE_TARGET_MODE_POLICY,REQUIRED,CONTEXTUAL_OR_FUNCTION_BOUND,NONE,Return scheduling requirement; exposure is not mastery.
REC-A1-000572,SENSE,SENSE-A1-000381,A1-M02-I05-S2,SECOND_RETURN,A1-M02-I06-S1,SAME_MODULE_CROSS_ISLAND,PRESERVE_TARGET_MODE_POLICY,REQUIRED,CONTEXTUAL_OR_FUNCTION_BOUND,NONE,Return scheduling requirement; exposure is not mastery.
REC-A1-000573,SENSE,SENSE-A1-000381,A1-M02-I05-S2,THIRD_RETURN,A1-M03-I05-S3,CROSS_MODULE,PRESERVE_TARGET_MODE_POLICY,REQUIRED,CONTEXTUAL_OR_FUNCTION_BOUND,NONE,Return scheduling requirement; exposure is not mastery.
REC-A1-000574,SENSE,SENSE-A1-000382,A1-M02-I05-S2,FIRST_RETURN,A1-M02-I05-S3,SAME_ISLAND,PRESERVE_TARGET_MODE_POLICY,REQUIRED,CONTEXTUAL_OR_FUNCTION_BOUND,NONE,Return scheduling requirement; exposure is not mastery.
REC-A1-000575,SENSE,SENSE-A1-000382,A1-M02-I05-S2,SECOND_RETURN,A1-M02-I06-S1,SAME_MODULE_CROSS_ISLAND,PRESERVE_TARGET_MODE_POLICY,REQUIRED,CONTEXTUAL_OR_FUNCTION_BOUND,NONE,Return scheduling requirement; exposure is not mastery.
REC-A1-000576,SENSE,SENSE-A1-000382,A1-M02-I05-S2,THIRD_RETURN,A1-M03-I05-S3,CROSS_MODULE,PRESERVE_TARGET_MODE_POLICY,REQUIRED,CONTEXTUAL_OR_FUNCTION_BOUND,NONE,Return scheduling requirement; exposure is not mastery.
REC-A1-000577,SENSE,SENSE-A1-000395,A1-M02-I05-S2,FIRST_RETURN,A1-M02-I05-S3,SAME_ISLAND,PRESERVE_TARGET_MODE_POLICY,REQUIRED,CONTEXTUAL_OR_FUNCTION_BOUND,NONE,Return scheduling requirement; exposure is not mastery.
REC-A1-000578,SENSE,SENSE-A1-000395,A1-M02-I05-S2,SECOND_RETURN,A1-M02-I06-S1,SAME_MODULE_CROSS_ISLAND,PRESERVE_TARGET_MODE_POLICY,REQUIRED,CONTEXTUAL_OR_FUNCTION_BOUND,NONE,Return scheduling requirement; exposure is not mastery.
REC-A1-000579,SENSE,SENSE-A1-000395,A1-M02-I05-S2,THIRD_RETURN,A1-M03-I05-S3,CROSS_MODULE,PRESERVE_TARGET_MODE_POLICY,REQUIRED,CONTEXTUAL_OR_FUNCTION_BOUND,NONE,Return scheduling requirement; exposure is not mastery.
REC-A1-000580,SENSE,SENSE-A1-000417,A1-M02-I05-S2,FIRST_RETURN,A1-M02-I05-S3,SAME_ISLAND,PRESERVE_TARGET_MODE_POLICY,REQUIRED,CONTEXTUAL_OR_FUNCTION_BOUND,NONE,Return scheduling requirement; exposure is not mastery.
REC-A1-000581,SENSE,SENSE-A1-000417,A1-M02-I05-S2,SECOND_RETURN,A1-M02-I06-S1,SAME_MODULE_CROSS_ISLAND,PRESERVE_TARGET_MODE_POLICY,REQUIRED,CONTEXTUAL_OR_FUNCTION_BOUND,NONE,Return scheduling requirement; exposure is not mastery.
REC-A1-000582,SENSE,SENSE-A1-000417,A1-M02-I05-S2,THIRD_RETURN,A1-M03-I05-S3,CROSS_MODULE,PRESERVE_TARGET_MODE_POLICY,REQUIRED,CONTEXTUAL_OR_FUNCTION_BOUND,NONE,Return scheduling requirement; exposure is not mastery.
REC-A1-000583,SENSE,SENSE-A1-000420,A1-M02-I05-S2,FIRST_RETURN,A1-M02-I05-S3,SAME_ISLAND,PRESERVE_TARGET_MODE_POLICY,REQUIRED,CONTEXTUAL_OR_FUNCTION_BOUND,NONE,Return scheduling requirement; exposure is not mastery.
REC-A1-000584,SENSE,SENSE-A1-000420,A1-M02-I05-S2,SECOND_RETURN,A1-M02-I06-S1,SAME_MODULE_CROSS_ISLAND,PRESERVE_TARGET_MODE_POLICY,REQUIRED,CONTEXTUAL_OR_FUNCTION_BOUND,NONE,Return scheduling requirement; exposure is not mastery.
REC-A1-000585,SENSE,SENSE-A1-000420,A1-M02-I05-S2,THIRD_RETURN,A1-M03-I05-S3,CROSS_MODULE,PRESERVE_TARGET_MODE_POLICY,REQUIRED,CONTEXTUAL_OR_FUNCTION_BOUND,NONE,Return scheduling requirement; exposure is not mastery.
REC-A1-000586,SENSE,SENSE-A1-000440,A1-M02-I05-S2,FIRST_RETURN,A1-M02-I05-S3,SAME_ISLAND,PRESERVE_TARGET_MODE_POLICY,REQUIRED,CONTEXTUAL_OR_FUNCTION_BOUND,NONE,Return scheduling requirement; exposure is not mastery.
REC-A1-000587,SENSE,SENSE-A1-000440,A1-M02-I05-S2,SECOND_RETURN,A1-M02-I06-S1,SAME_MODULE_CROSS_ISLAND,PRESERVE_TARGET_MODE_POLICY,REQUIRED,CONTEXTUAL_OR_FUNCTION_BOUND,NONE,Return scheduling requirement; exposure is not mastery.
REC-A1-000588,SENSE,SENSE-A1-000440,A1-M02-I05-S2,THIRD_RETURN,A1-M03-I05-S3,CROSS_MODULE,PRESERVE_TARGET_MODE_POLICY,REQUIRED,CONTEXTUAL_OR_FUNCTION_BOUND,NONE,Return scheduling requirement; exposure is not mastery.
REC-A1-000589,SENSE,SENSE-A1-000441,A1-M02-I05-S2,FIRST_RETURN,A1-M02-I05-S3,SAME_ISLAND,PRESERVE_TARGET_MODE_POLICY,REQUIRED,CONTEXTUAL_OR_FUNCTION_BOUND,NONE,Return scheduling requirement; exposure is not mastery.
REC-A1-000590,SENSE,SENSE-A1-000441,A1-M02-I05-S2,SECOND_RETURN,A1-M02-I06-S1,SAME_MODULE_CROSS_ISLAND,PRESERVE_TARGET_MODE_POLICY,REQUIRED,CONTEXTUAL_OR_FUNCTION_BOUND,NONE,Return scheduling requirement; exposure is not mastery.
REC-A1-000591,SENSE,SENSE-A1-000441,A1-M02-I05-S2,THIRD_RETURN,A1-M03-I05-S3,CROSS_MODULE,PRESERVE_TARGET_MODE_POLICY,REQUIRED,CONTEXTUAL_OR_FUNCTION_BOUND,NONE,Return scheduling requirement; exposure is not mastery.
REC-A1-000592,SENSE,SENSE-A1-000503,A1-M02-I05-S2,FIRST_RETURN,A1-M02-I05-S3,SAME_ISLAND,PRESERVE_TARGET_MODE_POLICY,REQUIRED,CONTEXTUAL_OR_FUNCTION_BOUND,NONE,Return scheduling requirement; exposure is not mastery.
REC-A1-000593,SENSE,SENSE-A1-000503,A1-M02-I05-S2,SECOND_RETURN,A1-M02-I06-S1,SAME_MODULE_CROSS_ISLAND,PRESERVE_TARGET_MODE_POLICY,REQUIRED,CONTEXTUAL_OR_FUNCTION_BOUND,NONE,Return scheduling requirement; exposure is not mastery.
REC-A1-000594,SENSE,SENSE-A1-000503,A1-M02-I05-S2,THIRD_RETURN,A1-M03-I05-S3,CROSS_MODULE,PRESERVE_TARGET_MODE_POLICY,REQUIRED,CONTEXTUAL_OR_FUNCTION_BOUND,NONE,Return scheduling requirement; exposure is not mastery.
REC-A1-000595,SENSE,SENSE-A1-000592,A1-M02-I05-S2,FIRST_RETURN,A1-M02-I05-S3,SAME_ISLAND,PRESERVE_TARGET_MODE_POLICY,REQUIRED,CONTEXTUAL_OR_FUNCTION_BOUND,NONE,Return scheduling requirement; exposure is not mastery.
REC-A1-000596,SENSE,SENSE-A1-000592,A1-M02-I05-S2,SECOND_RETURN,A1-M02-I06-S1,SAME_MODULE_CROSS_ISLAND,PRESERVE_TARGET_MODE_POLICY,REQUIRED,CONTEXTUAL_OR_FUNCTION_BOUND,NONE,Return scheduling requirement; exposure is not mastery.
REC-A1-000597,SENSE,SENSE-A1-000592,A1-M02-I05-S2,THIRD_RETURN,A1-M03-I05-S3,CROSS_MODULE,PRESERVE_TARGET_MODE_POLICY,REQUIRED,CONTEXTUAL_OR_FUNCTION_BOUND,NONE,Return scheduling requirement; exposure is not mastery.
REC-A1-000598,GRAMMAR_UNIT,GRAM-A1-010,A1-M02-I05-S2,FIRST_RETURN,A1-M02-I05-S3,SAME_ISLAND,PRESERVE_TARGET_MODE_POLICY,REQUIRED,FUNCTION_OR_TASK_BOUND,NONE,Return scheduling requirement; exposure is not mastery.
REC-A1-000599,GRAMMAR_UNIT,GRAM-A1-010,A1-M02-I05-S2,SECOND_RETURN,A1-M02-I06-S1,SAME_MODULE_CROSS_ISLAND,PRESERVE_TARGET_MODE_POLICY,REQUIRED,FUNCTION_OR_TASK_BOUND,NONE,Return scheduling requirement; exposure is not mastery.
REC-A1-000600,GRAMMAR_UNIT,GRAM-A1-010,A1-M02-I05-S2,THIRD_RETURN,A1-M03-I05-S3,CROSS_MODULE,PRESERVE_TARGET_MODE_POLICY,REQUIRED,FUNCTION_OR_TASK_BOUND,NONE,Return scheduling requirement; exposure is not mastery.
REC-A1-000601,GRAMMAR_UNIT,GRAM-A1-011,A1-M02-I05-S2,FIRST_RETURN,A1-M02-I05-S3,SAME_ISLAND,PRESERVE_TARGET_MODE_POLICY,REQUIRED,FUNCTION_OR_TASK_BOUND,NONE,Return scheduling requirement; exposure is not mastery.
REC-A1-000602,GRAMMAR_UNIT,GRAM-A1-011,A1-M02-I05-S2,SECOND_RETURN,A1-M02-I06-S1,SAME_MODULE_CROSS_ISLAND,PRESERVE_TARGET_MODE_POLICY,REQUIRED,FUNCTION_OR_TASK_BOUND,NONE,Return scheduling requirement; exposure is not mastery.
REC-A1-000603,GRAMMAR_UNIT,GRAM-A1-011,A1-M02-I05-S2,THIRD_RETURN,A1-M03-I05-S3,CROSS_MODULE,PRESERVE_TARGET_MODE_POLICY,REQUIRED,FUNCTION_OR_TASK_BOUND,NONE,Return scheduling requirement; exposure is not mastery.
REC-A1-000604,GRAMMAR_UNIT,GRAM-A1-012,A1-M02-I05-S2,FIRST_RETURN,A1-M02-I05-S3,SAME_ISLAND,PRESERVE_TARGET_MODE_POLICY,REQUIRED,FUNCTION_OR_TASK_BOUND,NONE,Return scheduling requirement; exposure is not mastery.
REC-A1-000605,GRAMMAR_UNIT,GRAM-A1-012,A1-M02-I05-S2,SECOND_RETURN,A1-M02-I06-S1,SAME_MODULE_CROSS_ISLAND,PRESERVE_TARGET_MODE_POLICY,REQUIRED,FUNCTION_OR_TASK_BOUND,NONE,Return scheduling requirement; exposure is not mastery.
REC-A1-000606,GRAMMAR_UNIT,GRAM-A1-012,A1-M02-I05-S2,THIRD_RETURN,A1-M03-I05-S3,CROSS_MODULE,PRESERVE_TARGET_MODE_POLICY,REQUIRED,FUNCTION_OR_TASK_BOUND,NONE,Return scheduling requirement; exposure is not mastery.
REC-A1-000607,GRAMMAR_UNIT,GRAM-A1-018,A1-M02-I05-S2,FIRST_RETURN,A1-M02-I05-S3,SAME_ISLAND,PRESERVE_TARGET_MODE_POLICY,REQUIRED,FUNCTION_OR_TASK_BOUND,NONE,Return scheduling requirement; exposure is not mastery.
REC-A1-000608,GRAMMAR_UNIT,GRAM-A1-018,A1-M02-I05-S2,SECOND_RETURN,A1-M02-I06-S1,SAME_MODULE_CROSS_ISLAND,PRESERVE_TARGET_MODE_POLICY,REQUIRED,FUNCTION_OR_TASK_BOUND,NONE,Return scheduling requirement; exposure is not mastery.
REC-A1-000609,GRAMMAR_UNIT,GRAM-A1-018,A1-M02-I05-S2,THIRD_RETURN,A1-M03-I05-S3,CROSS_MODULE,PRESERVE_TARGET_MODE_POLICY,REQUIRED,FUNCTION_OR_TASK_BOUND,NONE,Return scheduling requirement; exposure is not mastery.
REC-A1-000610,GRAMMAR_UNIT,GRAM-A1-019,A1-M02-I05-S2,FIRST_RETURN,A1-M02-I05-S3,SAME_ISLAND,PRESERVE_TARGET_MODE_POLICY,REQUIRED,FUNCTION_OR_TASK_BOUND,NONE,Return scheduling requirement; exposure is not mastery.
REC-A1-000611,GRAMMAR_UNIT,GRAM-A1-019,A1-M02-I05-S2,SECOND_RETURN,A1-M02-I06-S1,SAME_MODULE_CROSS_ISLAND,PRESERVE_TARGET_MODE_POLICY,REQUIRED,FUNCTION_OR_TASK_BOUND,NONE,Return scheduling requirement; exposure is not mastery.
REC-A1-000612,GRAMMAR_UNIT,GRAM-A1-019,A1-M02-I05-S2,THIRD_RETURN,A1-M03-I05-S3,CROSS_MODULE,PRESERVE_TARGET_MODE_POLICY,REQUIRED,FUNCTION_OR_TASK_BOUND,NONE,Return scheduling requirement; exposure is not mastery.
REC-A1-000613,GRAMMAR_UNIT,GRAM-A1-020,A1-M02-I05-S2,FIRST_RETURN,A1-M02-I05-S3,SAME_ISLAND,PRESERVE_TARGET_MODE_POLICY,REQUIRED,FUNCTION_OR_TASK_BOUND,NONE,Return scheduling requirement; exposure is not mastery.
REC-A1-000614,GRAMMAR_UNIT,GRAM-A1-020,A1-M02-I05-S2,SECOND_RETURN,A1-M02-I06-S1,SAME_MODULE_CROSS_ISLAND,PRESERVE_TARGET_MODE_POLICY,REQUIRED,FUNCTION_OR_TASK_BOUND,NONE,Return scheduling requirement; exposure is not mastery.
REC-A1-000615,GRAMMAR_UNIT,GRAM-A1-020,A1-M02-I05-S2,THIRD_RETURN,A1-M03-I05-S3,CROSS_MODULE,PRESERVE_TARGET_MODE_POLICY,REQUIRED,FUNCTION_OR_TASK_BOUND,NONE,Return scheduling requirement; exposure is not mastery.
REC-A1-000616,GRAMMAR_UNIT,GRAM-A1-021,A1-M02-I05-S2,FIRST_RETURN,A1-M02-I05-S3,SAME_ISLAND,PRESERVE_TARGET_MODE_POLICY,REQUIRED,FUNCTION_OR_TASK_BOUND,NONE,Return scheduling requirement; exposure is not mastery.
REC-A1-000617,GRAMMAR_UNIT,GRAM-A1-021,A1-M02-I05-S2,SECOND_RETURN,A1-M02-I06-S1,SAME_MODULE_CROSS_ISLAND,PRESERVE_TARGET_MODE_POLICY,REQUIRED,FUNCTION_OR_TASK_BOUND,NONE,Return scheduling requirement; exposure is not mastery.
REC-A1-000618,GRAMMAR_UNIT,GRAM-A1-021,A1-M02-I05-S2,THIRD_RETURN,A1-M03-I05-S3,CROSS_MODULE,PRESERVE_TARGET_MODE_POLICY,REQUIRED,FUNCTION_OR_TASK_BOUND,NONE,Return scheduling requirement; exposure is not mastery.
REC-A1-000619,GRAMMAR_UNIT,GRAM-A1-024,A1-M02-I05-S2,FIRST_RETURN,A1-M02-I05-S3,SAME_ISLAND,PRESERVE_TARGET_MODE_POLICY,REQUIRED,FUNCTION_OR_TASK_BOUND,NONE,Return scheduling requirement; exposure is not mastery.
REC-A1-000620,GRAMMAR_UNIT,GRAM-A1-024,A1-M02-I05-S2,SECOND_RETURN,A1-M02-I06-S1,SAME_MODULE_CROSS_ISLAND,PRESERVE_TARGET_MODE_POLICY,REQUIRED,FUNCTION_OR_TASK_BOUND,NONE,Return scheduling requirement; exposure is not mastery.
REC-A1-000621,GRAMMAR_UNIT,GRAM-A1-024,A1-M02-I05-S2,THIRD_RETURN,A1-M03-I05-S3,CROSS_MODULE,PRESERVE_TARGET_MODE_POLICY,REQUIRED,FUNCTION_OR_TASK_BOUND,NONE,Return scheduling requirement; exposure is not mastery.
REC-A1-000622,GRAMMAR_UNIT,GRAM-A1-029,A1-M02-I05-S2,FIRST_RETURN,A1-M02-I05-S3,SAME_ISLAND,PRESERVE_TARGET_MODE_POLICY,REQUIRED,FUNCTION_OR_TASK_BOUND,NONE,Return scheduling requirement; exposure is not mastery.
REC-A1-000623,GRAMMAR_UNIT,GRAM-A1-029,A1-M02-I05-S2,SECOND_RETURN,A1-M02-I06-S1,SAME_MODULE_CROSS_ISLAND,PRESERVE_TARGET_MODE_POLICY,REQUIRED,FUNCTION_OR_TASK_BOUND,NONE,Return scheduling requirement; exposure is not mastery.
REC-A1-000624,GRAMMAR_UNIT,GRAM-A1-029,A1-M02-I05-S2,THIRD_RETURN,A1-M03-I05-S3,CROSS_MODULE,PRESERVE_TARGET_MODE_POLICY,REQUIRED,FUNCTION_OR_TASK_BOUND,NONE,Return scheduling requirement; exposure is not mastery.
REC-A1-000625,GRAMMAR_UNIT,GRAM-A1-117,A1-M02-I05-S2,FIRST_RETURN,A1-M02-I05-S3,SAME_ISLAND,PRESERVE_TARGET_MODE_POLICY,REQUIRED,FUNCTION_OR_TASK_BOUND,NONE,Return scheduling requirement; exposure is not mastery.
REC-A1-000626,GRAMMAR_UNIT,GRAM-A1-117,A1-M02-I05-S2,SECOND_RETURN,A1-M02-I06-S1,SAME_MODULE_CROSS_ISLAND,PRESERVE_TARGET_MODE_POLICY,REQUIRED,FUNCTION_OR_TASK_BOUND,NONE,Return scheduling requirement; exposure is not mastery.
REC-A1-000627,GRAMMAR_UNIT,GRAM-A1-117,A1-M02-I05-S2,THIRD_RETURN,A1-M03-I05-S3,CROSS_MODULE,PRESERVE_TARGET_MODE_POLICY,REQUIRED,FUNCTION_OR_TASK_BOUND,NONE,Return scheduling requirement; exposure is not mastery.
REC-A1-000628,GRAMMAR_UNIT,GRAM-A1-118,A1-M02-I05-S2,FIRST_RETURN,A1-M02-I05-S3,SAME_ISLAND,PRESERVE_TARGET_MODE_POLICY,REQUIRED,FUNCTION_OR_TASK_BOUND,NONE,Return scheduling requirement; exposure is not mastery.
REC-A1-000629,GRAMMAR_UNIT,GRAM-A1-118,A1-M02-I05-S2,SECOND_RETURN,A1-M02-I06-S1,SAME_MODULE_CROSS_ISLAND,PRESERVE_TARGET_MODE_POLICY,REQUIRED,FUNCTION_OR_TASK_BOUND,NONE,Return scheduling requirement; exposure is not mastery.
REC-A1-000630,GRAMMAR_UNIT,GRAM-A1-118,A1-M02-I05-S2,THIRD_RETURN,A1-M03-I05-S3,CROSS_MODULE,PRESERVE_TARGET_MODE_POLICY,REQUIRED,FUNCTION_OR_TASK_BOUND,NONE,Return scheduling requirement; exposure is not mastery.
REC-A1-000631,GRAMMAR_UNIT,GRAM-A1-133,A1-M02-I05-S2,FIRST_RETURN,A1-M02-I05-S3,SAME_ISLAND,PRESERVE_TARGET_MODE_POLICY,REQUIRED,FUNCTION_OR_TASK_BOUND,NONE,Return scheduling requirement; exposure is not mastery.
REC-A1-000632,GRAMMAR_UNIT,GRAM-A1-133,A1-M02-I05-S2,SECOND_RETURN,A1-M02-I06-S1,SAME_MODULE_CROSS_ISLAND,PRESERVE_TARGET_MODE_POLICY,REQUIRED,FUNCTION_OR_TASK_BOUND,NONE,Return scheduling requirement; exposure is not mastery.
REC-A1-000633,GRAMMAR_UNIT,GRAM-A1-133,A1-M02-I05-S2,THIRD_RETURN,A1-M03-I05-S3,CROSS_MODULE,PRESERVE_TARGET_MODE_POLICY,REQUIRED,FUNCTION_OR_TASK_BOUND,NONE,Return scheduling requirement; exposure is not mastery.
REC-A1-000634,GRAMMAR_UNIT,GRAM-A1-134,A1-M02-I05-S2,FIRST_RETURN,A1-M02-I05-S3,SAME_ISLAND,PRESERVE_TARGET_MODE_POLICY,REQUIRED,FUNCTION_OR_TASK_BOUND,NONE,Return scheduling requirement; exposure is not mastery.
REC-A1-000635,GRAMMAR_UNIT,GRAM-A1-134,A1-M02-I05-S2,SECOND_RETURN,A1-M02-I06-S1,SAME_MODULE_CROSS_ISLAND,PRESERVE_TARGET_MODE_POLICY,REQUIRED,FUNCTION_OR_TASK_BOUND,NONE,Return scheduling requirement; exposure is not mastery.
REC-A1-000636,GRAMMAR_UNIT,GRAM-A1-134,A1-M02-I05-S2,THIRD_RETURN,A1-M03-I05-S3,CROSS_MODULE,PRESERVE_TARGET_MODE_POLICY,REQUIRED,FUNCTION_OR_TASK_BOUND,NONE,Return scheduling requirement; exposure is not mastery.
REC-A1-000637,GRAMMAR_UNIT,GRAM-A1-135,A1-M02-I05-S2,FIRST_RETURN,A1-M02-I05-S3,SAME_ISLAND,PRESERVE_TARGET_MODE_POLICY,REQUIRED,FUNCTION_OR_TASK_BOUND,NONE,Return scheduling requirement; exposure is not mastery.
REC-A1-000638,GRAMMAR_UNIT,GRAM-A1-135,A1-M02-I05-S2,SECOND_RETURN,A1-M02-I06-S1,SAME_MODULE_CROSS_ISLAND,PRESERVE_TARGET_MODE_POLICY,REQUIRED,FUNCTION_OR_TASK_BOUND,NONE,Return scheduling requirement; exposure is not mastery.
REC-A1-000639,GRAMMAR_UNIT,GRAM-A1-135,A1-M02-I05-S2,THIRD_RETURN,A1-M03-I05-S3,CROSS_MODULE,PRESERVE_TARGET_MODE_POLICY,REQUIRED,FUNCTION_OR_TASK_BOUND,NONE,Return scheduling requirement; exposure is not mastery.
REC-A1-000640,GRAMMAR_UNIT,GRAM-A1-141,A1-M02-I05-S2,FIRST_RETURN,A1-M02-I05-S3,SAME_ISLAND,PRESERVE_TARGET_MODE_POLICY,REQUIRED,FUNCTION_OR_TASK_BOUND,NONE,Return scheduling requirement; exposure is not mastery.
REC-A1-000641,GRAMMAR_UNIT,GRAM-A1-141,A1-M02-I05-S2,SECOND_RETURN,A1-M02-I06-S1,SAME_MODULE_CROSS_ISLAND,PRESERVE_TARGET_MODE_POLICY,REQUIRED,FUNCTION_OR_TASK_BOUND,NONE,Return scheduling requirement; exposure is not mastery.
REC-A1-000642,GRAMMAR_UNIT,GRAM-A1-141,A1-M02-I05-S2,THIRD_RETURN,A1-M03-I05-S3,CROSS_MODULE,PRESERVE_TARGET_MODE_POLICY,REQUIRED,FUNCTION_OR_TASK_BOUND,NONE,Return scheduling requirement; exposure is not mastery.
REC-A1-000643,GRAMMAR_UNIT,GRAM-A1-147,A1-M02-I05-S2,FIRST_RETURN,A1-M02-I05-S3,SAME_ISLAND,PRESERVE_TARGET_MODE_POLICY,REQUIRED,FUNCTION_OR_TASK_BOUND,NONE,Return scheduling requirement; exposure is not mastery.
REC-A1-000644,GRAMMAR_UNIT,GRAM-A1-147,A1-M02-I05-S2,SECOND_RETURN,A1-M02-I06-S1,SAME_MODULE_CROSS_ISLAND,PRESERVE_TARGET_MODE_POLICY,REQUIRED,FUNCTION_OR_TASK_BOUND,NONE,Return scheduling requirement; exposure is not mastery.
REC-A1-000645,GRAMMAR_UNIT,GRAM-A1-147,A1-M02-I05-S2,THIRD_RETURN,A1-M03-I05-S3,CROSS_MODULE,PRESERVE_TARGET_MODE_POLICY,REQUIRED,FUNCTION_OR_TASK_BOUND,NONE,Return scheduling requirement; exposure is not mastery.
REC-A1-000646,MWU_SOURCE_UNIT,12B1-MWU-0034,A1-M02-I05-S2,FIRST_RETURN,A1-M02-I05-S3,SAME_ISLAND,PRESERVE_TARGET_MODE_POLICY,REQUIRED,CONTEXTUAL_OR_FUNCTION_BOUND,NONE,Return scheduling requirement; exposure is not mastery.
REC-A1-000647,MWU_SOURCE_UNIT,12B1-MWU-0034,A1-M02-I05-S2,SECOND_RETURN,A1-M02-I06-S1,SAME_MODULE_CROSS_ISLAND,PRESERVE_TARGET_MODE_POLICY,REQUIRED,CONTEXTUAL_OR_FUNCTION_BOUND,NONE,Return scheduling requirement; exposure is not mastery.
REC-A1-000648,MWU_SOURCE_UNIT,12B1-MWU-0034,A1-M02-I05-S2,THIRD_RETURN,A1-M03-I05-S3,CROSS_MODULE,PRESERVE_TARGET_MODE_POLICY,REQUIRED,CONTEXTUAL_OR_FUNCTION_BOUND,NONE,Return scheduling requirement; exposure is not mastery.
REC-A1-000649,MWU_SOURCE_UNIT,12B1-MWU-0127,A1-M02-I05-S2,FIRST_RETURN,A1-M02-I05-S3,SAME_ISLAND,PRESERVE_TARGET_MODE_POLICY,REQUIRED,CONTEXTUAL_OR_FUNCTION_BOUND,NONE,Return scheduling requirement; exposure is not mastery.
REC-A1-000650,MWU_SOURCE_UNIT,12B1-MWU-0127,A1-M02-I05-S2,SECOND_RETURN,A1-M02-I06-S1,SAME_MODULE_CROSS_ISLAND,PRESERVE_TARGET_MODE_POLICY,REQUIRED,CONTEXTUAL_OR_FUNCTION_BOUND,NONE,Return scheduling requirement; exposure is not mastery.
REC-A1-000651,MWU_SOURCE_UNIT,12B1-MWU-0127,A1-M02-I05-S2,THIRD_RETURN,A1-M03-I05-S3,CROSS_MODULE,PRESERVE_TARGET_MODE_POLICY,REQUIRED,CONTEXTUAL_OR_FUNCTION_BOUND,NONE,Return scheduling requirement; exposure is not mastery.
REC-A1-000652,MWU_SOURCE_UNIT,12B1-MWU-0128,A1-M02-I05-S2,FIRST_RETURN,A1-M02-I05-S3,SAME_ISLAND,PRESERVE_TARGET_MODE_POLICY,REQUIRED,CONTEXTUAL_OR_FUNCTION_BOUND,NONE,Return scheduling requirement; exposure is not mastery.
REC-A1-000653,MWU_SOURCE_UNIT,12B1-MWU-0128,A1-M02-I05-S2,SECOND_RETURN,A1-M02-I06-S1,SAME_MODULE_CROSS_ISLAND,PRESERVE_TARGET_MODE_POLICY,REQUIRED,CONTEXTUAL_OR_FUNCTION_BOUND,NONE,Return scheduling requirement; exposure is not mastery.
REC-A1-000654,MWU_SOURCE_UNIT,12B1-MWU-0128,A1-M02-I05-S2,THIRD_RETURN,A1-M03-I05-S3,CROSS_MODULE,PRESERVE_TARGET_MODE_POLICY,REQUIRED,CONTEXTUAL_OR_FUNCTION_BOUND,NONE,Return scheduling requirement; exposure is not mastery.
REC-A1-000655,MWU_SOURCE_UNIT,12B1-MWU-0178,A1-M02-I05-S2,FIRST_RETURN,A1-M02-I05-S3,SAME_ISLAND,PRESERVE_TARGET_MODE_POLICY,REQUIRED,CONTEXTUAL_OR_FUNCTION_BOUND,NONE,Return scheduling requirement; exposure is not mastery.
REC-A1-000656,MWU_SOURCE_UNIT,12B1-MWU-0178,A1-M02-I05-S2,SECOND_RETURN,A1-M02-I06-S1,SAME_MODULE_CROSS_ISLAND,PRESERVE_TARGET_MODE_POLICY,REQUIRED,CONTEXTUAL_OR_FUNCTION_BOUND,NONE,Return scheduling requirement; exposure is not mastery.
REC-A1-000657,MWU_SOURCE_UNIT,12B1-MWU-0178,A1-M02-I05-S2,THIRD_RETURN,A1-M03-I05-S3,CROSS_MODULE,PRESERVE_TARGET_MODE_POLICY,REQUIRED,CONTEXTUAL_OR_FUNCTION_BOUND,NONE,Return scheduling requirement; exposure is not mastery.
REC-A1-000658,MWU_SOURCE_UNIT,12B1-MWU-0181,A1-M02-I05-S2,FIRST_RETURN,A1-M02-I05-S3,SAME_ISLAND,PRESERVE_TARGET_MODE_POLICY,REQUIRED,CONTEXTUAL_OR_FUNCTION_BOUND,NONE,Return scheduling requirement; exposure is not mastery.
REC-A1-000659,MWU_SOURCE_UNIT,12B1-MWU-0181,A1-M02-I05-S2,SECOND_RETURN,A1-M02-I06-S1,SAME_MODULE_CROSS_ISLAND,PRESERVE_TARGET_MODE_POLICY,REQUIRED,CONTEXTUAL_OR_FUNCTION_BOUND,NONE,Return scheduling requirement; exposure is not mastery.
REC-A1-000660,MWU_SOURCE_UNIT,12B1-MWU-0181,A1-M02-I05-S2,THIRD_RETURN,A1-M03-I05-S3,CROSS_MODULE,PRESERVE_TARGET_MODE_POLICY,REQUIRED,CONTEXTUAL_OR_FUNCTION_BOUND,NONE,Return scheduling requirement; exposure is not mastery.
REC-A1-000661,SENSE,SENSE-A1-000012,A1-M02-I06-S1,FIRST_RETURN,A1-M02-I06-S2,SAME_ISLAND,PRESERVE_TARGET_MODE_POLICY,REQUIRED,CONTEXTUAL_OR_FUNCTION_BOUND,NONE,Return scheduling requirement; exposure is not mastery.
REC-A1-000662,SENSE,SENSE-A1-000012,A1-M02-I06-S1,SECOND_RETURN,A1-M03-I05-S1,CROSS_MODULE,PRESERVE_TARGET_MODE_POLICY,REQUIRED,CONTEXTUAL_OR_FUNCTION_BOUND,NONE,Return scheduling requirement; exposure is not mastery.
REC-A1-000663,SENSE,SENSE-A1-000012,A1-M02-I06-S1,THIRD_RETURN,A1-M03-I06-S1,CROSS_MODULE,PRESERVE_TARGET_MODE_POLICY,REQUIRED,CONTEXTUAL_OR_FUNCTION_BOUND,NONE,Return scheduling requirement; exposure is not mastery.
REC-A1-000664,SENSE,SENSE-A1-000025,A1-M02-I06-S1,FIRST_RETURN,A1-M02-I06-S2,SAME_ISLAND,PRESERVE_TARGET_MODE_POLICY,REQUIRED,CONTEXTUAL_OR_FUNCTION_BOUND,NONE,Return scheduling requirement; exposure is not mastery.
REC-A1-000665,SENSE,SENSE-A1-000025,A1-M02-I06-S1,SECOND_RETURN,A1-M03-I05-S1,CROSS_MODULE,PRESERVE_TARGET_MODE_POLICY,REQUIRED,CONTEXTUAL_OR_FUNCTION_BOUND,NONE,Return scheduling requirement; exposure is not mastery.
REC-A1-000666,SENSE,SENSE-A1-000025,A1-M02-I06-S1,THIRD_RETURN,A1-M03-I06-S1,CROSS_MODULE,PRESERVE_TARGET_MODE_POLICY,REQUIRED,CONTEXTUAL_OR_FUNCTION_BOUND,NONE,Return scheduling requirement; exposure is not mastery.
REC-A1-000667,SENSE,SENSE-A1-000051,A1-M02-I06-S1,FIRST_RETURN,A1-M02-I06-S2,SAME_ISLAND,PRESERVE_TARGET_MODE_POLICY,REQUIRED,CONTEXTUAL_OR_FUNCTION_BOUND,NONE,Return scheduling requirement; exposure is not mastery.
REC-A1-000668,SENSE,SENSE-A1-000051,A1-M02-I06-S1,SECOND_RETURN,A1-M03-I05-S1,CROSS_MODULE,PRESERVE_TARGET_MODE_POLICY,REQUIRED,CONTEXTUAL_OR_FUNCTION_BOUND,NONE,Return scheduling requirement; exposure is not mastery.
REC-A1-000669,SENSE,SENSE-A1-000051,A1-M02-I06-S1,THIRD_RETURN,A1-M03-I06-S1,CROSS_MODULE,PRESERVE_TARGET_MODE_POLICY,REQUIRED,CONTEXTUAL_OR_FUNCTION_BOUND,NONE,Return scheduling requirement; exposure is not mastery.
REC-A1-000670,SENSE,SENSE-A1-000064,A1-M02-I06-S1,FIRST_RETURN,A1-M02-I06-S2,SAME_ISLAND,PRESERVE_TARGET_MODE_POLICY,REQUIRED,CONTEXTUAL_OR_FUNCTION_BOUND,NONE,Return scheduling requirement; exposure is not mastery.
REC-A1-000671,SENSE,SENSE-A1-000064,A1-M02-I06-S1,SECOND_RETURN,A1-M03-I05-S1,CROSS_MODULE,PRESERVE_TARGET_MODE_POLICY,REQUIRED,CONTEXTUAL_OR_FUNCTION_BOUND,NONE,Return scheduling requirement; exposure is not mastery.
REC-A1-000672,SENSE,SENSE-A1-000064,A1-M02-I06-S1,THIRD_RETURN,A1-M03-I06-S1,CROSS_MODULE,PRESERVE_TARGET_MODE_POLICY,REQUIRED,CONTEXTUAL_OR_FUNCTION_BOUND,NONE,Return scheduling requirement; exposure is not mastery.
REC-A1-000673,SENSE,SENSE-A1-000091,A1-M02-I06-S1,FIRST_RETURN,A1-M02-I06-S2,SAME_ISLAND,PRESERVE_TARGET_MODE_POLICY,REQUIRED,CONTEXTUAL_OR_FUNCTION_BOUND,NONE,Return scheduling requirement; exposure is not mastery.
REC-A1-000674,SENSE,SENSE-A1-000091,A1-M02-I06-S1,SECOND_RETURN,A1-M03-I05-S1,CROSS_MODULE,PRESERVE_TARGET_MODE_POLICY,REQUIRED,CONTEXTUAL_OR_FUNCTION_BOUND,NONE,Return scheduling requirement; exposure is not mastery.
REC-A1-000675,SENSE,SENSE-A1-000091,A1-M02-I06-S1,THIRD_RETURN,A1-M03-I06-S1,CROSS_MODULE,PRESERVE_TARGET_MODE_POLICY,REQUIRED,CONTEXTUAL_OR_FUNCTION_BOUND,NONE,Return scheduling requirement; exposure is not mastery.
REC-A1-000676,SENSE,SENSE-A1-000092,A1-M02-I06-S1,FIRST_RETURN,A1-M02-I06-S2,SAME_ISLAND,PRESERVE_TARGET_MODE_POLICY,REQUIRED,CONTEXTUAL_OR_FUNCTION_BOUND,NONE,Return scheduling requirement; exposure is not mastery.
REC-A1-000677,SENSE,SENSE-A1-000092,A1-M02-I06-S1,SECOND_RETURN,A1-M03-I05-S1,CROSS_MODULE,PRESERVE_TARGET_MODE_POLICY,REQUIRED,CONTEXTUAL_OR_FUNCTION_BOUND,NONE,Return scheduling requirement; exposure is not mastery.
REC-A1-000678,SENSE,SENSE-A1-000092,A1-M02-I06-S1,THIRD_RETURN,A1-M03-I06-S1,CROSS_MODULE,PRESERVE_TARGET_MODE_POLICY,REQUIRED,CONTEXTUAL_OR_FUNCTION_BOUND,NONE,Return scheduling requirement; exposure is not mastery.
REC-A1-000679,SENSE,SENSE-A1-000093,A1-M02-I06-S1,FIRST_RETURN,A1-M02-I06-S2,SAME_ISLAND,PRESERVE_TARGET_MODE_POLICY,REQUIRED,CONTEXTUAL_OR_FUNCTION_BOUND,NONE,Return scheduling requirement; exposure is not mastery.
REC-A1-000680,SENSE,SENSE-A1-000093,A1-M02-I06-S1,SECOND_RETURN,A1-M03-I05-S1,CROSS_MODULE,PRESERVE_TARGET_MODE_POLICY,REQUIRED,CONTEXTUAL_OR_FUNCTION_BOUND,NONE,Return scheduling requirement; exposure is not mastery.
REC-A1-000681,SENSE,SENSE-A1-000093,A1-M02-I06-S1,THIRD_RETURN,A1-M03-I06-S1,CROSS_MODULE,PRESERVE_TARGET_MODE_POLICY,REQUIRED,CONTEXTUAL_OR_FUNCTION_BOUND,NONE,Return scheduling requirement; exposure is not mastery.
REC-A1-000682,SENSE,SENSE-A1-000097,A1-M02-I06-S1,FIRST_RETURN,A1-M02-I06-S2,SAME_ISLAND,PRESERVE_TARGET_MODE_POLICY,REQUIRED,CONTEXTUAL_OR_FUNCTION_BOUND,NONE,Return scheduling requirement; exposure is not mastery.
REC-A1-000683,SENSE,SENSE-A1-000097,A1-M02-I06-S1,SECOND_RETURN,A1-M03-I05-S1,CROSS_MODULE,PRESERVE_TARGET_MODE_POLICY,REQUIRED,CONTEXTUAL_OR_FUNCTION_BOUND,NONE,Return scheduling requirement; exposure is not mastery.
REC-A1-000684,SENSE,SENSE-A1-000097,A1-M02-I06-S1,THIRD_RETURN,A1-M03-I06-S1,CROSS_MODULE,PRESERVE_TARGET_MODE_POLICY,REQUIRED,CONTEXTUAL_OR_FUNCTION_BOUND,NONE,Return scheduling requirement; exposure is not mastery.
REC-A1-000685,SENSE,SENSE-A1-000117,A1-M02-I06-S1,FIRST_RETURN,A1-M02-I06-S2,SAME_ISLAND,PRESERVE_TARGET_MODE_POLICY,REQUIRED,CONTEXTUAL_OR_FUNCTION_BOUND,NONE,Return scheduling requirement; exposure is not mastery.
REC-A1-000686,SENSE,SENSE-A1-000117,A1-M02-I06-S1,SECOND_RETURN,A1-M03-I05-S1,CROSS_MODULE,PRESERVE_TARGET_MODE_POLICY,REQUIRED,CONTEXTUAL_OR_FUNCTION_BOUND,NONE,Return scheduling requirement; exposure is not mastery.
REC-A1-000687,SENSE,SENSE-A1-000117,A1-M02-I06-S1,THIRD_RETURN,A1-M03-I06-S1,CROSS_MODULE,PRESERVE_TARGET_MODE_POLICY,REQUIRED,CONTEXTUAL_OR_FUNCTION_BOUND,NONE,Return scheduling requirement; exposure is not mastery.
REC-A1-000688,SENSE,SENSE-A1-000125,A1-M02-I06-S1,FIRST_RETURN,A1-M02-I06-S2,SAME_ISLAND,PRESERVE_TARGET_MODE_POLICY,REQUIRED,CONTEXTUAL_OR_FUNCTION_BOUND,NONE,Return scheduling requirement; exposure is not mastery.
REC-A1-000689,SENSE,SENSE-A1-000125,A1-M02-I06-S1,SECOND_RETURN,A1-M03-I05-S1,CROSS_MODULE,PRESERVE_TARGET_MODE_POLICY,REQUIRED,CONTEXTUAL_OR_FUNCTION_BOUND,NONE,Return scheduling requirement; exposure is not mastery.
REC-A1-000690,SENSE,SENSE-A1-000125,A1-M02-I06-S1,THIRD_RETURN,A1-M03-I06-S1,CROSS_MODULE,PRESERVE_TARGET_MODE_POLICY,REQUIRED,CONTEXTUAL_OR_FUNCTION_BOUND,NONE,Return scheduling requirement; exposure is not mastery.
REC-A1-000691,SENSE,SENSE-A1-000142,A1-M02-I06-S1,FIRST_RETURN,A1-M02-I06-S2,SAME_ISLAND,PRESERVE_TARGET_MODE_POLICY,REQUIRED,CONTEXTUAL_OR_FUNCTION_BOUND,NONE,Return scheduling requirement; exposure is not mastery.
REC-A1-000692,SENSE,SENSE-A1-000142,A1-M02-I06-S1,SECOND_RETURN,A1-M03-I05-S1,CROSS_MODULE,PRESERVE_TARGET_MODE_POLICY,REQUIRED,CONTEXTUAL_OR_FUNCTION_BOUND,NONE,Return scheduling requirement; exposure is not mastery.
REC-A1-000693,SENSE,SENSE-A1-000142,A1-M02-I06-S1,THIRD_RETURN,A1-M03-I06-S1,CROSS_MODULE,PRESERVE_TARGET_MODE_POLICY,REQUIRED,CONTEXTUAL_OR_FUNCTION_BOUND,NONE,Return scheduling requirement; exposure is not mastery.
REC-A1-000694,SENSE,SENSE-A1-000174,A1-M02-I06-S1,FIRST_RETURN,A1-M02-I06-S2,SAME_ISLAND,PRESERVE_TARGET_MODE_POLICY,REQUIRED,CONTEXTUAL_OR_FUNCTION_BOUND,NONE,Return scheduling requirement; exposure is not mastery.
REC-A1-000695,SENSE,SENSE-A1-000174,A1-M02-I06-S1,SECOND_RETURN,A1-M03-I05-S1,CROSS_MODULE,PRESERVE_TARGET_MODE_POLICY,REQUIRED,CONTEXTUAL_OR_FUNCTION_BOUND,NONE,Return scheduling requirement; exposure is not mastery.
REC-A1-000696,SENSE,SENSE-A1-000174,A1-M02-I06-S1,THIRD_RETURN,A1-M03-I06-S1,CROSS_MODULE,PRESERVE_TARGET_MODE_POLICY,REQUIRED,CONTEXTUAL_OR_FUNCTION_BOUND,NONE,Return scheduling requirement; exposure is not mastery.
REC-A1-000697,SENSE,SENSE-A1-000176,A1-M02-I06-S1,FIRST_RETURN,A1-M02-I06-S2,SAME_ISLAND,PRESERVE_TARGET_MODE_POLICY,REQUIRED,CONTEXTUAL_OR_FUNCTION_BOUND,NONE,Return scheduling requirement; exposure is not mastery.
REC-A1-000698,SENSE,SENSE-A1-000176,A1-M02-I06-S1,SECOND_RETURN,A1-M03-I05-S1,CROSS_MODULE,PRESERVE_TARGET_MODE_POLICY,REQUIRED,CONTEXTUAL_OR_FUNCTION_BOUND,NONE,Return scheduling requirement; exposure is not mastery.
REC-A1-000699,SENSE,SENSE-A1-000176,A1-M02-I06-S1,THIRD_RETURN,A1-M03-I06-S1,CROSS_MODULE,PRESERVE_TARGET_MODE_POLICY,REQUIRED,CONTEXTUAL_OR_FUNCTION_BOUND,NONE,Return scheduling requirement; exposure is not mastery.
REC-A1-000700,SENSE,SENSE-A1-000202,A1-M02-I06-S1,FIRST_RETURN,A1-M02-I06-S2,SAME_ISLAND,PRESERVE_TARGET_MODE_POLICY,REQUIRED,CONTEXTUAL_OR_FUNCTION_BOUND,NONE,Return scheduling requirement; exposure is not mastery.
REC-A1-000701,SENSE,SENSE-A1-000202,A1-M02-I06-S1,SECOND_RETURN,A1-M03-I05-S1,CROSS_MODULE,PRESERVE_TARGET_MODE_POLICY,REQUIRED,CONTEXTUAL_OR_FUNCTION_BOUND,NONE,Return scheduling requirement; exposure is not mastery.
REC-A1-000702,SENSE,SENSE-A1-000202,A1-M02-I06-S1,THIRD_RETURN,A1-M03-I06-S1,CROSS_MODULE,PRESERVE_TARGET_MODE_POLICY,REQUIRED,CONTEXTUAL_OR_FUNCTION_BOUND,NONE,Return scheduling requirement; exposure is not mastery.
REC-A1-000703,SENSE,SENSE-A1-000203,A1-M02-I06-S1,FIRST_RETURN,A1-M02-I06-S2,SAME_ISLAND,PRESERVE_TARGET_MODE_POLICY,REQUIRED,CONTEXTUAL_OR_FUNCTION_BOUND,NONE,Return scheduling requirement; exposure is not mastery.
REC-A1-000704,SENSE,SENSE-A1-000203,A1-M02-I06-S1,SECOND_RETURN,A1-M03-I05-S1,CROSS_MODULE,PRESERVE_TARGET_MODE_POLICY,REQUIRED,CONTEXTUAL_OR_FUNCTION_BOUND,NONE,Return scheduling requirement; exposure is not mastery.
REC-A1-000705,SENSE,SENSE-A1-000203,A1-M02-I06-S1,THIRD_RETURN,A1-M03-I06-S1,CROSS_MODULE,PRESERVE_TARGET_MODE_POLICY,REQUIRED,CONTEXTUAL_OR_FUNCTION_BOUND,NONE,Return scheduling requirement; exposure is not mastery.
REC-A1-000706,SENSE,SENSE-A1-000207,A1-M02-I06-S1,FIRST_RETURN,A1-M02-I06-S2,SAME_ISLAND,PRESERVE_TARGET_MODE_POLICY,REQUIRED,CONTEXTUAL_OR_FUNCTION_BOUND,NONE,Return scheduling requirement; exposure is not mastery.
REC-A1-000707,SENSE,SENSE-A1-000207,A1-M02-I06-S1,SECOND_RETURN,A1-M03-I05-S1,CROSS_MODULE,PRESERVE_TARGET_MODE_POLICY,REQUIRED,CONTEXTUAL_OR_FUNCTION_BOUND,NONE,Return scheduling requirement; exposure is not mastery.
REC-A1-000708,SENSE,SENSE-A1-000207,A1-M02-I06-S1,THIRD_RETURN,A1-M03-I06-S1,CROSS_MODULE,PRESERVE_TARGET_MODE_POLICY,REQUIRED,CONTEXTUAL_OR_FUNCTION_BOUND,NONE,Return scheduling requirement; exposure is not mastery.
REC-A1-000709,SENSE,SENSE-A1-000237,A1-M02-I06-S1,FIRST_RETURN,A1-M02-I06-S2,SAME_ISLAND,PRESERVE_TARGET_MODE_POLICY,REQUIRED,CONTEXTUAL_OR_FUNCTION_BOUND,NONE,Return scheduling requirement; exposure is not mastery.
REC-A1-000710,SENSE,SENSE-A1-000237,A1-M02-I06-S1,SECOND_RETURN,A1-M03-I05-S1,CROSS_MODULE,PRESERVE_TARGET_MODE_POLICY,REQUIRED,CONTEXTUAL_OR_FUNCTION_BOUND,NONE,Return scheduling requirement; exposure is not mastery.
REC-A1-000711,SENSE,SENSE-A1-000237,A1-M02-I06-S1,THIRD_RETURN,A1-M03-I06-S1,CROSS_MODULE,PRESERVE_TARGET_MODE_POLICY,REQUIRED,CONTEXTUAL_OR_FUNCTION_BOUND,NONE,Return scheduling requirement; exposure is not mastery.
REC-A1-000712,SENSE,SENSE-A1-000283,A1-M02-I06-S1,FIRST_RETURN,A1-M02-I06-S2,SAME_ISLAND,PRESERVE_TARGET_MODE_POLICY,REQUIRED,CONTEXTUAL_OR_FUNCTION_BOUND,NONE,Return scheduling requirement; exposure is not mastery.
REC-A1-000713,SENSE,SENSE-A1-000283,A1-M02-I06-S1,SECOND_RETURN,A1-M03-I05-S1,CROSS_MODULE,PRESERVE_TARGET_MODE_POLICY,REQUIRED,CONTEXTUAL_OR_FUNCTION_BOUND,NONE,Return scheduling requirement; exposure is not mastery.
REC-A1-000714,SENSE,SENSE-A1-000283,A1-M02-I06-S1,THIRD_RETURN,A1-M03-I06-S1,CROSS_MODULE,PRESERVE_TARGET_MODE_POLICY,REQUIRED,CONTEXTUAL_OR_FUNCTION_BOUND,NONE,Return scheduling requirement; exposure is not mastery.
REC-A1-000715,SENSE,SENSE-A1-000304,A1-M02-I06-S1,FIRST_RETURN,A1-M02-I06-S2,SAME_ISLAND,PRESERVE_TARGET_MODE_POLICY,REQUIRED,CONTEXTUAL_OR_FUNCTION_BOUND,NONE,Return scheduling requirement; exposure is not mastery.
REC-A1-000716,SENSE,SENSE-A1-000304,A1-M02-I06-S1,SECOND_RETURN,A1-M03-I05-S1,CROSS_MODULE,PRESERVE_TARGET_MODE_POLICY,REQUIRED,CONTEXTUAL_OR_FUNCTION_BOUND,NONE,Return scheduling requirement; exposure is not mastery.
REC-A1-000717,SENSE,SENSE-A1-000304,A1-M02-I06-S1,THIRD_RETURN,A1-M03-I06-S1,CROSS_MODULE,PRESERVE_TARGET_MODE_POLICY,REQUIRED,CONTEXTUAL_OR_FUNCTION_BOUND,NONE,Return scheduling requirement; exposure is not mastery.
REC-A1-000718,SENSE,SENSE-A1-000310,A1-M02-I06-S1,FIRST_RETURN,A1-M02-I06-S2,SAME_ISLAND,PRESERVE_TARGET_MODE_POLICY,REQUIRED,CONTEXTUAL_OR_FUNCTION_BOUND,NONE,Return scheduling requirement; exposure is not mastery.
REC-A1-000719,SENSE,SENSE-A1-000310,A1-M02-I06-S1,SECOND_RETURN,A1-M03-I05-S1,CROSS_MODULE,PRESERVE_TARGET_MODE_POLICY,REQUIRED,CONTEXTUAL_OR_FUNCTION_BOUND,NONE,Return scheduling requirement; exposure is not mastery.
REC-A1-000720,SENSE,SENSE-A1-000310,A1-M02-I06-S1,THIRD_RETURN,A1-M03-I06-S1,CROSS_MODULE,PRESERVE_TARGET_MODE_POLICY,REQUIRED,CONTEXTUAL_OR_FUNCTION_BOUND,NONE,Return scheduling requirement; exposure is not mastery.
REC-A1-000721,SENSE,SENSE-A1-000317,A1-M02-I06-S1,FIRST_RETURN,A1-M02-I06-S2,SAME_ISLAND,PRESERVE_TARGET_MODE_POLICY,REQUIRED,CONTEXTUAL_OR_FUNCTION_BOUND,NONE,Return scheduling requirement; exposure is not mastery.
REC-A1-000722,SENSE,SENSE-A1-000317,A1-M02-I06-S1,SECOND_RETURN,A1-M03-I05-S1,CROSS_MODULE,PRESERVE_TARGET_MODE_POLICY,REQUIRED,CONTEXTUAL_OR_FUNCTION_BOUND,NONE,Return scheduling requirement; exposure is not mastery.
REC-A1-000723,SENSE,SENSE-A1-000317,A1-M02-I06-S1,THIRD_RETURN,A1-M03-I06-S1,CROSS_MODULE,PRESERVE_TARGET_MODE_POLICY,REQUIRED,CONTEXTUAL_OR_FUNCTION_BOUND,NONE,Return scheduling requirement; exposure is not mastery.
REC-A1-000724,SENSE,SENSE-A1-000340,A1-M02-I06-S1,FIRST_RETURN,A1-M02-I06-S2,SAME_ISLAND,PRESERVE_TARGET_MODE_POLICY,REQUIRED,CONTEXTUAL_OR_FUNCTION_BOUND,NONE,Return scheduling requirement; exposure is not mastery.
REC-A1-000725,SENSE,SENSE-A1-000340,A1-M02-I06-S1,SECOND_RETURN,A1-M03-I05-S1,CROSS_MODULE,PRESERVE_TARGET_MODE_POLICY,REQUIRED,CONTEXTUAL_OR_FUNCTION_BOUND,NONE,Return scheduling requirement; exposure is not mastery.
REC-A1-000726,SENSE,SENSE-A1-000340,A1-M02-I06-S1,THIRD_RETURN,A1-M03-I06-S1,CROSS_MODULE,PRESERVE_TARGET_MODE_POLICY,REQUIRED,CONTEXTUAL_OR_FUNCTION_BOUND,NONE,Return scheduling requirement; exposure is not mastery.
REC-A1-000727,SENSE,SENSE-A1-000480,A1-M02-I06-S1,FIRST_RETURN,A1-M02-I06-S2,SAME_ISLAND,PRESERVE_TARGET_MODE_POLICY,REQUIRED,CONTEXTUAL_OR_FUNCTION_BOUND,NONE,Return scheduling requirement; exposure is not mastery.
REC-A1-000728,SENSE,SENSE-A1-000480,A1-M02-I06-S1,SECOND_RETURN,A1-M03-I05-S1,CROSS_MODULE,PRESERVE_TARGET_MODE_POLICY,REQUIRED,CONTEXTUAL_OR_FUNCTION_BOUND,NONE,Return scheduling requirement; exposure is not mastery.
REC-A1-000729,SENSE,SENSE-A1-000480,A1-M02-I06-S1,THIRD_RETURN,A1-M03-I06-S1,CROSS_MODULE,PRESERVE_TARGET_MODE_POLICY,REQUIRED,CONTEXTUAL_OR_FUNCTION_BOUND,NONE,Return scheduling requirement; exposure is not mastery.
REC-A1-000730,SENSE,SENSE-A1-000505,A1-M02-I06-S1,FIRST_RETURN,A1-M02-I06-S2,SAME_ISLAND,PRESERVE_TARGET_MODE_POLICY,REQUIRED,CONTEXTUAL_OR_FUNCTION_BOUND,NONE,Return scheduling requirement; exposure is not mastery.
REC-A1-000731,SENSE,SENSE-A1-000505,A1-M02-I06-S1,SECOND_RETURN,A1-M03-I05-S1,CROSS_MODULE,PRESERVE_TARGET_MODE_POLICY,REQUIRED,CONTEXTUAL_OR_FUNCTION_BOUND,NONE,Return scheduling requirement; exposure is not mastery.
REC-A1-000732,SENSE,SENSE-A1-000505,A1-M02-I06-S1,THIRD_RETURN,A1-M03-I06-S1,CROSS_MODULE,PRESERVE_TARGET_MODE_POLICY,REQUIRED,CONTEXTUAL_OR_FUNCTION_BOUND,NONE,Return scheduling requirement; exposure is not mastery.
REC-A1-000733,SENSE,SENSE-A1-000506,A1-M02-I06-S1,FIRST_RETURN,A1-M02-I06-S2,SAME_ISLAND,PRESERVE_TARGET_MODE_POLICY,REQUIRED,CONTEXTUAL_OR_FUNCTION_BOUND,NONE,Return scheduling requirement; exposure is not mastery.
REC-A1-000734,SENSE,SENSE-A1-000506,A1-M02-I06-S1,SECOND_RETURN,A1-M03-I05-S1,CROSS_MODULE,PRESERVE_TARGET_MODE_POLICY,REQUIRED,CONTEXTUAL_OR_FUNCTION_BOUND,NONE,Return scheduling requirement; exposure is not mastery.
REC-A1-000735,SENSE,SENSE-A1-000506,A1-M02-I06-S1,THIRD_RETURN,A1-M03-I06-S1,CROSS_MODULE,PRESERVE_TARGET_MODE_POLICY,REQUIRED,CONTEXTUAL_OR_FUNCTION_BOUND,NONE,Return scheduling requirement; exposure is not mastery.
REC-A1-000736,SENSE,SENSE-A1-000509,A1-M02-I06-S1,FIRST_RETURN,A1-M02-I06-S2,SAME_ISLAND,PRESERVE_TARGET_MODE_POLICY,REQUIRED,CONTEXTUAL_OR_FUNCTION_BOUND,NONE,Return scheduling requirement; exposure is not mastery.
REC-A1-000737,SENSE,SENSE-A1-000509,A1-M02-I06-S1,SECOND_RETURN,A1-M03-I05-S1,CROSS_MODULE,PRESERVE_TARGET_MODE_POLICY,REQUIRED,CONTEXTUAL_OR_FUNCTION_BOUND,NONE,Return scheduling requirement; exposure is not mastery.
REC-A1-000738,SENSE,SENSE-A1-000509,A1-M02-I06-S1,THIRD_RETURN,A1-M03-I06-S1,CROSS_MODULE,PRESERVE_TARGET_MODE_POLICY,REQUIRED,CONTEXTUAL_OR_FUNCTION_BOUND,NONE,Return scheduling requirement; exposure is not mastery.
REC-A1-000739,SENSE,SENSE-A1-000526,A1-M02-I06-S1,FIRST_RETURN,A1-M02-I06-S2,SAME_ISLAND,PRESERVE_TARGET_MODE_POLICY,REQUIRED,CONTEXTUAL_OR_FUNCTION_BOUND,NONE,Return scheduling requirement; exposure is not mastery.
REC-A1-000740,SENSE,SENSE-A1-000526,A1-M02-I06-S1,SECOND_RETURN,A1-M03-I05-S1,CROSS_MODULE,PRESERVE_TARGET_MODE_POLICY,REQUIRED,CONTEXTUAL_OR_FUNCTION_BOUND,NONE,Return scheduling requirement; exposure is not mastery.
REC-A1-000741,SENSE,SENSE-A1-000526,A1-M02-I06-S1,THIRD_RETURN,A1-M03-I06-S1,CROSS_MODULE,PRESERVE_TARGET_MODE_POLICY,REQUIRED,CONTEXTUAL_OR_FUNCTION_BOUND,NONE,Return scheduling requirement; exposure is not mastery.
REC-A1-000742,SENSE,SENSE-A1-000527,A1-M02-I06-S1,FIRST_RETURN,A1-M02-I06-S2,SAME_ISLAND,PRESERVE_TARGET_MODE_POLICY,REQUIRED,CONTEXTUAL_OR_FUNCTION_BOUND,NONE,Return scheduling requirement; exposure is not mastery.
REC-A1-000743,SENSE,SENSE-A1-000527,A1-M02-I06-S1,SECOND_RETURN,A1-M03-I05-S1,CROSS_MODULE,PRESERVE_TARGET_MODE_POLICY,REQUIRED,CONTEXTUAL_OR_FUNCTION_BOUND,NONE,Return scheduling requirement; exposure is not mastery.
REC-A1-000744,SENSE,SENSE-A1-000527,A1-M02-I06-S1,THIRD_RETURN,A1-M03-I06-S1,CROSS_MODULE,PRESERVE_TARGET_MODE_POLICY,REQUIRED,CONTEXTUAL_OR_FUNCTION_BOUND,NONE,Return scheduling requirement; exposure is not mastery.
REC-A1-000745,SENSE,SENSE-A1-000534,A1-M02-I06-S1,FIRST_RETURN,A1-M02-I06-S2,SAME_ISLAND,PRESERVE_TARGET_MODE_POLICY,REQUIRED,CONTEXTUAL_OR_FUNCTION_BOUND,NONE,Return scheduling requirement; exposure is not mastery.
REC-A1-000746,SENSE,SENSE-A1-000534,A1-M02-I06-S1,SECOND_RETURN,A1-M03-I05-S1,CROSS_MODULE,PRESERVE_TARGET_MODE_POLICY,REQUIRED,CONTEXTUAL_OR_FUNCTION_BOUND,NONE,Return scheduling requirement; exposure is not mastery.
REC-A1-000747,SENSE,SENSE-A1-000534,A1-M02-I06-S1,THIRD_RETURN,A1-M03-I06-S1,CROSS_MODULE,PRESERVE_TARGET_MODE_POLICY,REQUIRED,CONTEXTUAL_OR_FUNCTION_BOUND,NONE,Return scheduling requirement; exposure is not mastery.
REC-A1-000748,SENSE,SENSE-A1-000585,A1-M02-I06-S1,FIRST_RETURN,A1-M02-I06-S2,SAME_ISLAND,PRESERVE_TARGET_MODE_POLICY,REQUIRED,CONTEXTUAL_OR_FUNCTION_BOUND,NONE,Return scheduling requirement; exposure is not mastery.
REC-A1-000749,SENSE,SENSE-A1-000585,A1-M02-I06-S1,SECOND_RETURN,A1-M03-I05-S1,CROSS_MODULE,PRESERVE_TARGET_MODE_POLICY,REQUIRED,CONTEXTUAL_OR_FUNCTION_BOUND,NONE,Return scheduling requirement; exposure is not mastery.
REC-A1-000750,SENSE,SENSE-A1-000585,A1-M02-I06-S1,THIRD_RETURN,A1-M03-I06-S1,CROSS_MODULE,PRESERVE_TARGET_MODE_POLICY,REQUIRED,CONTEXTUAL_OR_FUNCTION_BOUND,NONE,Return scheduling requirement; exposure is not mastery.
REC-A1-000751,SENSE,SENSE-A1-000599,A1-M02-I06-S1,FIRST_RETURN,A1-M02-I06-S2,SAME_ISLAND,PRESERVE_TARGET_MODE_POLICY,REQUIRED,CONTEXTUAL_OR_FUNCTION_BOUND,NONE,Return scheduling requirement; exposure is not mastery.
REC-A1-000752,SENSE,SENSE-A1-000599,A1-M02-I06-S1,SECOND_RETURN,A1-M03-I05-S1,CROSS_MODULE,PRESERVE_TARGET_MODE_POLICY,REQUIRED,CONTEXTUAL_OR_FUNCTION_BOUND,NONE,Return scheduling requirement; exposure is not mastery.
REC-A1-000753,SENSE,SENSE-A1-000599,A1-M02-I06-S1,THIRD_RETURN,A1-M03-I06-S1,CROSS_MODULE,PRESERVE_TARGET_MODE_POLICY,REQUIRED,CONTEXTUAL_OR_FUNCTION_BOUND,NONE,Return scheduling requirement; exposure is not mastery.
REC-A1-000754,GRAMMAR_UNIT,GRAM-A1-037,A1-M02-I06-S1,FIRST_RETURN,A1-M02-I06-S2,SAME_ISLAND,PRESERVE_TARGET_MODE_POLICY,REQUIRED,FUNCTION_OR_TASK_BOUND,NONE,Return scheduling requirement; exposure is not mastery.
REC-A1-000755,GRAMMAR_UNIT,GRAM-A1-037,A1-M02-I06-S1,SECOND_RETURN,A1-M03-I05-S1,CROSS_MODULE,PRESERVE_TARGET_MODE_POLICY,REQUIRED,FUNCTION_OR_TASK_BOUND,NONE,Return scheduling requirement; exposure is not mastery.
REC-A1-000756,GRAMMAR_UNIT,GRAM-A1-037,A1-M02-I06-S1,THIRD_RETURN,A1-M03-I06-S1,CROSS_MODULE,PRESERVE_TARGET_MODE_POLICY,REQUIRED,FUNCTION_OR_TASK_BOUND,NONE,Return scheduling requirement; exposure is not mastery.
REC-A1-000757,GRAMMAR_UNIT,GRAM-A1-038,A1-M02-I06-S1,FIRST_RETURN,A1-M02-I06-S2,SAME_ISLAND,PRESERVE_TARGET_MODE_POLICY,REQUIRED,FUNCTION_OR_TASK_BOUND,NONE,Return scheduling requirement; exposure is not mastery.
REC-A1-000758,GRAMMAR_UNIT,GRAM-A1-038,A1-M02-I06-S1,SECOND_RETURN,A1-M03-I05-S1,CROSS_MODULE,PRESERVE_TARGET_MODE_POLICY,REQUIRED,FUNCTION_OR_TASK_BOUND,NONE,Return scheduling requirement; exposure is not mastery.
REC-A1-000759,GRAMMAR_UNIT,GRAM-A1-038,A1-M02-I06-S1,THIRD_RETURN,A1-M03-I06-S1,CROSS_MODULE,PRESERVE_TARGET_MODE_POLICY,REQUIRED,FUNCTION_OR_TASK_BOUND,NONE,Return scheduling requirement; exposure is not mastery.
REC-A1-000760,GRAMMAR_UNIT,GRAM-A1-045,A1-M02-I06-S1,FIRST_RETURN,A1-M02-I06-S2,SAME_ISLAND,PRESERVE_TARGET_MODE_POLICY,REQUIRED,FUNCTION_OR_TASK_BOUND,NONE,Return scheduling requirement; exposure is not mastery.
REC-A1-000761,GRAMMAR_UNIT,GRAM-A1-045,A1-M02-I06-S1,SECOND_RETURN,A1-M03-I05-S1,CROSS_MODULE,PRESERVE_TARGET_MODE_POLICY,REQUIRED,FUNCTION_OR_TASK_BOUND,NONE,Return scheduling requirement; exposure is not mastery.
REC-A1-000762,GRAMMAR_UNIT,GRAM-A1-045,A1-M02-I06-S1,THIRD_RETURN,A1-M03-I06-S1,CROSS_MODULE,PRESERVE_TARGET_MODE_POLICY,REQUIRED,FUNCTION_OR_TASK_BOUND,NONE,Return scheduling requirement; exposure is not mastery.
REC-A1-000763,GRAMMAR_UNIT,GRAM-A1-059,A1-M02-I06-S1,FIRST_RETURN,A1-M02-I06-S2,SAME_ISLAND,PRESERVE_TARGET_MODE_POLICY,REQUIRED,FUNCTION_OR_TASK_BOUND,NONE,Return scheduling requirement; exposure is not mastery.
REC-A1-000764,GRAMMAR_UNIT,GRAM-A1-059,A1-M02-I06-S1,SECOND_RETURN,A1-M03-I05-S1,CROSS_MODULE,PRESERVE_TARGET_MODE_POLICY,REQUIRED,FUNCTION_OR_TASK_BOUND,NONE,Return scheduling requirement; exposure is not mastery.
REC-A1-000765,GRAMMAR_UNIT,GRAM-A1-059,A1-M02-I06-S1,THIRD_RETURN,A1-M03-I06-S1,CROSS_MODULE,PRESERVE_TARGET_MODE_POLICY,REQUIRED,FUNCTION_OR_TASK_BOUND,NONE,Return scheduling requirement; exposure is not mastery.
REC-A1-000766,GRAMMAR_UNIT,GRAM-A1-073,A1-M02-I06-S1,FIRST_RETURN,A1-M02-I06-S2,SAME_ISLAND,PRESERVE_TARGET_MODE_POLICY,REQUIRED,FUNCTION_OR_TASK_BOUND,NONE,Return scheduling requirement; exposure is not mastery.
REC-A1-000767,GRAMMAR_UNIT,GRAM-A1-073,A1-M02-I06-S1,SECOND_RETURN,A1-M03-I05-S1,CROSS_MODULE,PRESERVE_TARGET_MODE_POLICY,REQUIRED,FUNCTION_OR_TASK_BOUND,NONE,Return scheduling requirement; exposure is not mastery.
REC-A1-000768,GRAMMAR_UNIT,GRAM-A1-073,A1-M02-I06-S1,THIRD_RETURN,A1-M03-I06-S1,CROSS_MODULE,PRESERVE_TARGET_MODE_POLICY,REQUIRED,FUNCTION_OR_TASK_BOUND,NONE,Return scheduling requirement; exposure is not mastery.
REC-A1-000769,GRAMMAR_UNIT,GRAM-A1-077,A1-M02-I06-S1,FIRST_RETURN,A1-M02-I06-S2,SAME_ISLAND,PRESERVE_TARGET_MODE_POLICY,REQUIRED,FUNCTION_OR_TASK_BOUND,NONE,Return scheduling requirement; exposure is not mastery.
REC-A1-000770,GRAMMAR_UNIT,GRAM-A1-077,A1-M02-I06-S1,SECOND_RETURN,A1-M03-I05-S1,CROSS_MODULE,PRESERVE_TARGET_MODE_POLICY,REQUIRED,FUNCTION_OR_TASK_BOUND,NONE,Return scheduling requirement; exposure is not mastery.
REC-A1-000771,GRAMMAR_UNIT,GRAM-A1-077,A1-M02-I06-S1,THIRD_RETURN,A1-M03-I06-S1,CROSS_MODULE,PRESERVE_TARGET_MODE_POLICY,REQUIRED,FUNCTION_OR_TASK_BOUND,NONE,Return scheduling requirement; exposure is not mastery.
REC-A1-000772,GRAMMAR_UNIT,GRAM-A1-078,A1-M02-I06-S1,FIRST_RETURN,A1-M02-I06-S2,SAME_ISLAND,PRESERVE_TARGET_MODE_POLICY,REQUIRED,FUNCTION_OR_TASK_BOUND,NONE,Return scheduling requirement; exposure is not mastery.
REC-A1-000773,GRAMMAR_UNIT,GRAM-A1-078,A1-M02-I06-S1,SECOND_RETURN,A1-M03-I05-S1,CROSS_MODULE,PRESERVE_TARGET_MODE_POLICY,REQUIRED,FUNCTION_OR_TASK_BOUND,NONE,Return scheduling requirement; exposure is not mastery.
REC-A1-000774,GRAMMAR_UNIT,GRAM-A1-078,A1-M02-I06-S1,THIRD_RETURN,A1-M03-I06-S1,CROSS_MODULE,PRESERVE_TARGET_MODE_POLICY,REQUIRED,FUNCTION_OR_TASK_BOUND,NONE,Return scheduling requirement; exposure is not mastery.
REC-A1-000775,GRAMMAR_UNIT,GRAM-A1-146,A1-M02-I06-S1,FIRST_RETURN,A1-M02-I06-S2,SAME_ISLAND,PRESERVE_TARGET_MODE_POLICY,REQUIRED,FUNCTION_OR_TASK_BOUND,NONE,Return scheduling requirement; exposure is not mastery.
REC-A1-000776,GRAMMAR_UNIT,GRAM-A1-146,A1-M02-I06-S1,SECOND_RETURN,A1-M03-I05-S1,CROSS_MODULE,PRESERVE_TARGET_MODE_POLICY,REQUIRED,FUNCTION_OR_TASK_BOUND,NONE,Return scheduling requirement; exposure is not mastery.
REC-A1-000777,GRAMMAR_UNIT,GRAM-A1-146,A1-M02-I06-S1,THIRD_RETURN,A1-M03-I06-S1,CROSS_MODULE,PRESERVE_TARGET_MODE_POLICY,REQUIRED,FUNCTION_OR_TASK_BOUND,NONE,Return scheduling requirement; exposure is not mastery.
REC-A1-000778,MWU_SOURCE_UNIT,12B1-MWU-0072,A1-M02-I06-S1,FIRST_RETURN,A1-M02-I06-S2,SAME_ISLAND,PRESERVE_TARGET_MODE_POLICY,REQUIRED,CONTEXTUAL_OR_FUNCTION_BOUND,NONE,Return scheduling requirement; exposure is not mastery.
REC-A1-000779,MWU_SOURCE_UNIT,12B1-MWU-0072,A1-M02-I06-S1,SECOND_RETURN,A1-M03-I05-S1,CROSS_MODULE,PRESERVE_TARGET_MODE_POLICY,REQUIRED,CONTEXTUAL_OR_FUNCTION_BOUND,NONE,Return scheduling requirement; exposure is not mastery.
REC-A1-000780,MWU_SOURCE_UNIT,12B1-MWU-0072,A1-M02-I06-S1,THIRD_RETURN,A1-M03-I06-S1,CROSS_MODULE,PRESERVE_TARGET_MODE_POLICY,REQUIRED,CONTEXTUAL_OR_FUNCTION_BOUND,NONE,Return scheduling requirement; exposure is not mastery.
REC-A1-000781,MWU_SOURCE_UNIT,12B1-MWU-0076,A1-M02-I06-S1,FIRST_RETURN,A1-M02-I06-S2,SAME_ISLAND,PRESERVE_TARGET_MODE_POLICY,REQUIRED,CONTEXTUAL_OR_FUNCTION_BOUND,NONE,Return scheduling requirement; exposure is not mastery.
REC-A1-000782,MWU_SOURCE_UNIT,12B1-MWU-0076,A1-M02-I06-S1,SECOND_RETURN,A1-M03-I05-S1,CROSS_MODULE,PRESERVE_TARGET_MODE_POLICY,REQUIRED,CONTEXTUAL_OR_FUNCTION_BOUND,NONE,Return scheduling requirement; exposure is not mastery.
REC-A1-000783,MWU_SOURCE_UNIT,12B1-MWU-0076,A1-M02-I06-S1,THIRD_RETURN,A1-M03-I06-S1,CROSS_MODULE,PRESERVE_TARGET_MODE_POLICY,REQUIRED,CONTEXTUAL_OR_FUNCTION_BOUND,NONE,Return scheduling requirement; exposure is not mastery.
REC-A1-000784,MWU_SOURCE_UNIT,12B1-MWU-0077,A1-M02-I06-S1,FIRST_RETURN,A1-M02-I06-S2,SAME_ISLAND,PRESERVE_TARGET_MODE_POLICY,REQUIRED,CONTEXTUAL_OR_FUNCTION_BOUND,NONE,Return scheduling requirement; exposure is not mastery.
REC-A1-000785,MWU_SOURCE_UNIT,12B1-MWU-0077,A1-M02-I06-S1,SECOND_RETURN,A1-M03-I05-S1,CROSS_MODULE,PRESERVE_TARGET_MODE_POLICY,REQUIRED,CONTEXTUAL_OR_FUNCTION_BOUND,NONE,Return scheduling requirement; exposure is not mastery.
REC-A1-000786,MWU_SOURCE_UNIT,12B1-MWU-0077,A1-M02-I06-S1,THIRD_RETURN,A1-M03-I06-S1,CROSS_MODULE,PRESERVE_TARGET_MODE_POLICY,REQUIRED,CONTEXTUAL_OR_FUNCTION_BOUND,NONE,Return scheduling requirement; exposure is not mastery.
REC-A1-000787,MWU_SOURCE_UNIT,12B1-MWU-0080,A1-M02-I06-S1,FIRST_RETURN,A1-M02-I06-S2,SAME_ISLAND,PRESERVE_TARGET_MODE_POLICY,REQUIRED,CONTEXTUAL_OR_FUNCTION_BOUND,NONE,Return scheduling requirement; exposure is not mastery.
REC-A1-000788,MWU_SOURCE_UNIT,12B1-MWU-0080,A1-M02-I06-S1,SECOND_RETURN,A1-M03-I05-S1,CROSS_MODULE,PRESERVE_TARGET_MODE_POLICY,REQUIRED,CONTEXTUAL_OR_FUNCTION_BOUND,NONE,Return scheduling requirement; exposure is not mastery.
REC-A1-000789,MWU_SOURCE_UNIT,12B1-MWU-0080,A1-M02-I06-S1,THIRD_RETURN,A1-M03-I06-S1,CROSS_MODULE,PRESERVE_TARGET_MODE_POLICY,REQUIRED,CONTEXTUAL_OR_FUNCTION_BOUND,NONE,Return scheduling requirement; exposure is not mastery.
REC-A1-000790,MWU_SOURCE_UNIT,12B1-MWU-0082,A1-M02-I06-S1,FIRST_RETURN,A1-M02-I06-S2,SAME_ISLAND,PRESERVE_TARGET_MODE_POLICY,REQUIRED,CONTEXTUAL_OR_FUNCTION_BOUND,NONE,Return scheduling requirement; exposure is not mastery.
REC-A1-000791,MWU_SOURCE_UNIT,12B1-MWU-0082,A1-M02-I06-S1,SECOND_RETURN,A1-M03-I05-S1,CROSS_MODULE,PRESERVE_TARGET_MODE_POLICY,REQUIRED,CONTEXTUAL_OR_FUNCTION_BOUND,NONE,Return scheduling requirement; exposure is not mastery.
REC-A1-000792,MWU_SOURCE_UNIT,12B1-MWU-0082,A1-M02-I06-S1,THIRD_RETURN,A1-M03-I06-S1,CROSS_MODULE,PRESERVE_TARGET_MODE_POLICY,REQUIRED,CONTEXTUAL_OR_FUNCTION_BOUND,NONE,Return scheduling requirement; exposure is not mastery.
REC-A1-000793,MWU_SOURCE_UNIT,12B1-MWU-0083,A1-M02-I06-S1,FIRST_RETURN,A1-M02-I06-S2,SAME_ISLAND,PRESERVE_TARGET_MODE_POLICY,REQUIRED,CONTEXTUAL_OR_FUNCTION_BOUND,NONE,Return scheduling requirement; exposure is not mastery.
REC-A1-000794,MWU_SOURCE_UNIT,12B1-MWU-0083,A1-M02-I06-S1,SECOND_RETURN,A1-M03-I05-S1,CROSS_MODULE,PRESERVE_TARGET_MODE_POLICY,REQUIRED,CONTEXTUAL_OR_FUNCTION_BOUND,NONE,Return scheduling requirement; exposure is not mastery.
REC-A1-000795,MWU_SOURCE_UNIT,12B1-MWU-0083,A1-M02-I06-S1,THIRD_RETURN,A1-M03-I06-S1,CROSS_MODULE,PRESERVE_TARGET_MODE_POLICY,REQUIRED,CONTEXTUAL_OR_FUNCTION_BOUND,NONE,Return scheduling requirement; exposure is not mastery.
REC-A1-000796,MWU_SOURCE_UNIT,12B1-MWU-0084,A1-M02-I06-S1,FIRST_RETURN,A1-M02-I06-S2,SAME_ISLAND,PRESERVE_TARGET_MODE_POLICY,REQUIRED,CONTEXTUAL_OR_FUNCTION_BOUND,NONE,Return scheduling requirement; exposure is not mastery.
REC-A1-000797,MWU_SOURCE_UNIT,12B1-MWU-0084,A1-M02-I06-S1,SECOND_RETURN,A1-M03-I05-S1,CROSS_MODULE,PRESERVE_TARGET_MODE_POLICY,REQUIRED,CONTEXTUAL_OR_FUNCTION_BOUND,NONE,Return scheduling requirement; exposure is not mastery.
REC-A1-000798,MWU_SOURCE_UNIT,12B1-MWU-0084,A1-M02-I06-S1,THIRD_RETURN,A1-M03-I06-S1,CROSS_MODULE,PRESERVE_TARGET_MODE_POLICY,REQUIRED,CONTEXTUAL_OR_FUNCTION_BOUND,NONE,Return scheduling requirement; exposure is not mastery.
REC-A1-000799,MWU_SOURCE_UNIT,12B1-MWU-0087,A1-M02-I06-S1,FIRST_RETURN,A1-M02-I06-S2,SAME_ISLAND,PRESERVE_TARGET_MODE_POLICY,REQUIRED,CONTEXTUAL_OR_FUNCTION_BOUND,NONE,Return scheduling requirement; exposure is not mastery.
REC-A1-000800,MWU_SOURCE_UNIT,12B1-MWU-0087,A1-M02-I06-S1,SECOND_RETURN,A1-M03-I05-S1,CROSS_MODULE,PRESERVE_TARGET_MODE_POLICY,REQUIRED,CONTEXTUAL_OR_FUNCTION_BOUND,NONE,Return scheduling requirement; exposure is not mastery.
REC-A1-000801,MWU_SOURCE_UNIT,12B1-MWU-0087,A1-M02-I06-S1,THIRD_RETURN,A1-M03-I06-S1,CROSS_MODULE,PRESERVE_TARGET_MODE_POLICY,REQUIRED,CONTEXTUAL_OR_FUNCTION_BOUND,NONE,Return scheduling requirement; exposure is not mastery.
REC-A1-000802,MWU_SOURCE_UNIT,12B1-MWU-0088,A1-M02-I06-S1,FIRST_RETURN,A1-M02-I06-S2,SAME_ISLAND,PRESERVE_TARGET_MODE_POLICY,REQUIRED,CONTEXTUAL_OR_FUNCTION_BOUND,NONE,Return scheduling requirement; exposure is not mastery.
REC-A1-000803,MWU_SOURCE_UNIT,12B1-MWU-0088,A1-M02-I06-S1,SECOND_RETURN,A1-M03-I05-S1,CROSS_MODULE,PRESERVE_TARGET_MODE_POLICY,REQUIRED,CONTEXTUAL_OR_FUNCTION_BOUND,NONE,Return scheduling requirement; exposure is not mastery.
REC-A1-000804,MWU_SOURCE_UNIT,12B1-MWU-0088,A1-M02-I06-S1,THIRD_RETURN,A1-M03-I06-S1,CROSS_MODULE,PRESERVE_TARGET_MODE_POLICY,REQUIRED,CONTEXTUAL_OR_FUNCTION_BOUND,NONE,Return scheduling requirement; exposure is not mastery.
REC-A1-000805,MWU_SOURCE_UNIT,12B1-MWU-0089,A1-M02-I06-S1,FIRST_RETURN,A1-M02-I06-S2,SAME_ISLAND,PRESERVE_TARGET_MODE_POLICY,REQUIRED,CONTEXTUAL_OR_FUNCTION_BOUND,NONE,Return scheduling requirement; exposure is not mastery.
REC-A1-000806,MWU_SOURCE_UNIT,12B1-MWU-0089,A1-M02-I06-S1,SECOND_RETURN,A1-M03-I05-S1,CROSS_MODULE,PRESERVE_TARGET_MODE_POLICY,REQUIRED,CONTEXTUAL_OR_FUNCTION_BOUND,NONE,Return scheduling requirement; exposure is not mastery.
REC-A1-000807,MWU_SOURCE_UNIT,12B1-MWU-0089,A1-M02-I06-S1,THIRD_RETURN,A1-M03-I06-S1,CROSS_MODULE,PRESERVE_TARGET_MODE_POLICY,REQUIRED,CONTEXTUAL_OR_FUNCTION_BOUND,NONE,Return scheduling requirement; exposure is not mastery.
REC-A1-000808,SENSE,SENSE-A1-000008,A1-M02-I06-S2,FIRST_RETURN,A1-M03-I05-S1,CROSS_MODULE,PRESERVE_TARGET_MODE_POLICY,REQUIRED,CONTEXTUAL_OR_FUNCTION_BOUND,NONE,Return scheduling requirement; exposure is not mastery.
REC-A1-000809,SENSE,SENSE-A1-000008,A1-M02-I06-S2,SECOND_RETURN,A1-M03-I05-S2,CROSS_MODULE,PRESERVE_TARGET_MODE_POLICY,REQUIRED,CONTEXTUAL_OR_FUNCTION_BOUND,NONE,Return scheduling requirement; exposure is not mastery.
REC-A1-000810,SENSE,SENSE-A1-000008,A1-M02-I06-S2,THIRD_RETURN,A1-M04-I05-S3,CROSS_MODULE,PRESERVE_TARGET_MODE_POLICY,REQUIRED,CONTEXTUAL_OR_FUNCTION_BOUND,NONE,Return scheduling requirement; exposure is not mastery.
REC-A1-000811,SENSE,SENSE-A1-000081,A1-M02-I06-S2,FIRST_RETURN,A1-M03-I05-S1,CROSS_MODULE,PRESERVE_TARGET_MODE_POLICY,REQUIRED,CONTEXTUAL_OR_FUNCTION_BOUND,NONE,Return scheduling requirement; exposure is not mastery.
REC-A1-000812,SENSE,SENSE-A1-000081,A1-M02-I06-S2,SECOND_RETURN,A1-M03-I05-S2,CROSS_MODULE,PRESERVE_TARGET_MODE_POLICY,REQUIRED,CONTEXTUAL_OR_FUNCTION_BOUND,NONE,Return scheduling requirement; exposure is not mastery.
REC-A1-000813,SENSE,SENSE-A1-000081,A1-M02-I06-S2,THIRD_RETURN,A1-M04-I05-S3,CROSS_MODULE,PRESERVE_TARGET_MODE_POLICY,REQUIRED,CONTEXTUAL_OR_FUNCTION_BOUND,NONE,Return scheduling requirement; exposure is not mastery.
REC-A1-000814,SENSE,SENSE-A1-000151,A1-M02-I06-S2,FIRST_RETURN,A1-M03-I05-S1,CROSS_MODULE,PRESERVE_TARGET_MODE_POLICY,REQUIRED,CONTEXTUAL_OR_FUNCTION_BOUND,NONE,Return scheduling requirement; exposure is not mastery.
REC-A1-000815,SENSE,SENSE-A1-000151,A1-M02-I06-S2,SECOND_RETURN,A1-M03-I05-S2,CROSS_MODULE,PRESERVE_TARGET_MODE_POLICY,REQUIRED,CONTEXTUAL_OR_FUNCTION_BOUND,NONE,Return scheduling requirement; exposure is not mastery.
REC-A1-000816,SENSE,SENSE-A1-000151,A1-M02-I06-S2,THIRD_RETURN,A1-M04-I05-S3,CROSS_MODULE,PRESERVE_TARGET_MODE_POLICY,REQUIRED,CONTEXTUAL_OR_FUNCTION_BOUND,NONE,Return scheduling requirement; exposure is not mastery.
REC-A1-000817,SENSE,SENSE-A1-000152,A1-M02-I06-S2,FIRST_RETURN,A1-M03-I05-S1,CROSS_MODULE,PRESERVE_TARGET_MODE_POLICY,REQUIRED,CONTEXTUAL_OR_FUNCTION_BOUND,NONE,Return scheduling requirement; exposure is not mastery.
REC-A1-000818,SENSE,SENSE-A1-000152,A1-M02-I06-S2,SECOND_RETURN,A1-M03-I05-S2,CROSS_MODULE,PRESERVE_TARGET_MODE_POLICY,REQUIRED,CONTEXTUAL_OR_FUNCTION_BOUND,NONE,Return scheduling requirement; exposure is not mastery.
REC-A1-000819,SENSE,SENSE-A1-000152,A1-M02-I06-S2,THIRD_RETURN,A1-M04-I05-S3,CROSS_MODULE,PRESERVE_TARGET_MODE_POLICY,REQUIRED,CONTEXTUAL_OR_FUNCTION_BOUND,NONE,Return scheduling requirement; exposure is not mastery.
REC-A1-000820,SENSE,SENSE-A1-000180,A1-M02-I06-S2,FIRST_RETURN,A1-M03-I05-S1,CROSS_MODULE,PRESERVE_TARGET_MODE_POLICY,REQUIRED,CONTEXTUAL_OR_FUNCTION_BOUND,NONE,Return scheduling requirement; exposure is not mastery.
REC-A1-000821,SENSE,SENSE-A1-000180,A1-M02-I06-S2,SECOND_RETURN,A1-M03-I05-S2,CROSS_MODULE,PRESERVE_TARGET_MODE_POLICY,REQUIRED,CONTEXTUAL_OR_FUNCTION_BOUND,NONE,Return scheduling requirement; exposure is not mastery.
REC-A1-000822,SENSE,SENSE-A1-000180,A1-M02-I06-S2,THIRD_RETURN,A1-M04-I05-S3,CROSS_MODULE,PRESERVE_TARGET_MODE_POLICY,REQUIRED,CONTEXTUAL_OR_FUNCTION_BOUND,NONE,Return scheduling requirement; exposure is not mastery.
REC-A1-000823,SENSE,SENSE-A1-000195,A1-M02-I06-S2,FIRST_RETURN,A1-M03-I05-S1,CROSS_MODULE,PRESERVE_TARGET_MODE_POLICY,REQUIRED,CONTEXTUAL_OR_FUNCTION_BOUND,NONE,Return scheduling requirement; exposure is not mastery.
REC-A1-000824,SENSE,SENSE-A1-000195,A1-M02-I06-S2,SECOND_RETURN,A1-M03-I05-S2,CROSS_MODULE,PRESERVE_TARGET_MODE_POLICY,REQUIRED,CONTEXTUAL_OR_FUNCTION_BOUND,NONE,Return scheduling requirement; exposure is not mastery.
REC-A1-000825,SENSE,SENSE-A1-000195,A1-M02-I06-S2,THIRD_RETURN,A1-M04-I05-S3,CROSS_MODULE,PRESERVE_TARGET_MODE_POLICY,REQUIRED,CONTEXTUAL_OR_FUNCTION_BOUND,NONE,Return scheduling requirement; exposure is not mastery.
REC-A1-000826,SENSE,SENSE-A1-000215,A1-M02-I06-S2,FIRST_RETURN,A1-M03-I05-S1,CROSS_MODULE,PRESERVE_TARGET_MODE_POLICY,REQUIRED,CONTEXTUAL_OR_FUNCTION_BOUND,NONE,Return scheduling requirement; exposure is not mastery.
REC-A1-000827,SENSE,SENSE-A1-000215,A1-M02-I06-S2,SECOND_RETURN,A1-M03-I05-S2,CROSS_MODULE,PRESERVE_TARGET_MODE_POLICY,REQUIRED,CONTEXTUAL_OR_FUNCTION_BOUND,NONE,Return scheduling requirement; exposure is not mastery.
REC-A1-000828,SENSE,SENSE-A1-000215,A1-M02-I06-S2,THIRD_RETURN,A1-M04-I05-S3,CROSS_MODULE,PRESERVE_TARGET_MODE_POLICY,REQUIRED,CONTEXTUAL_OR_FUNCTION_BOUND,NONE,Return scheduling requirement; exposure is not mastery.
REC-A1-000829,SENSE,SENSE-A1-000218,A1-M02-I06-S2,FIRST_RETURN,A1-M03-I05-S1,CROSS_MODULE,PRESERVE_TARGET_MODE_POLICY,REQUIRED,CONTEXTUAL_OR_FUNCTION_BOUND,NONE,Return scheduling requirement; exposure is not mastery.
REC-A1-000830,SENSE,SENSE-A1-000218,A1-M02-I06-S2,SECOND_RETURN,A1-M03-I05-S2,CROSS_MODULE,PRESERVE_TARGET_MODE_POLICY,REQUIRED,CONTEXTUAL_OR_FUNCTION_BOUND,NONE,Return scheduling requirement; exposure is not mastery.
REC-A1-000831,SENSE,SENSE-A1-000218,A1-M02-I06-S2,THIRD_RETURN,A1-M04-I05-S3,CROSS_MODULE,PRESERVE_TARGET_MODE_POLICY,REQUIRED,CONTEXTUAL_OR_FUNCTION_BOUND,NONE,Return scheduling requirement; exposure is not mastery.
REC-A1-000832,SENSE,SENSE-A1-000243,A1-M02-I06-S2,FIRST_RETURN,A1-M03-I05-S1,CROSS_MODULE,PRESERVE_TARGET_MODE_POLICY,REQUIRED,CONTEXTUAL_OR_FUNCTION_BOUND,NONE,Return scheduling requirement; exposure is not mastery.
REC-A1-000833,SENSE,SENSE-A1-000243,A1-M02-I06-S2,SECOND_RETURN,A1-M03-I05-S2,CROSS_MODULE,PRESERVE_TARGET_MODE_POLICY,REQUIRED,CONTEXTUAL_OR_FUNCTION_BOUND,NONE,Return scheduling requirement; exposure is not mastery.
REC-A1-000834,SENSE,SENSE-A1-000243,A1-M02-I06-S2,THIRD_RETURN,A1-M04-I05-S3,CROSS_MODULE,PRESERVE_TARGET_MODE_POLICY,REQUIRED,CONTEXTUAL_OR_FUNCTION_BOUND,NONE,Return scheduling requirement; exposure is not mastery.
REC-A1-000835,SENSE,SENSE-A1-000260,A1-M02-I06-S2,FIRST_RETURN,A1-M03-I05-S1,CROSS_MODULE,PRESERVE_TARGET_MODE_POLICY,REQUIRED,CONTEXTUAL_OR_FUNCTION_BOUND,NONE,Return scheduling requirement; exposure is not mastery.
REC-A1-000836,SENSE,SENSE-A1-000260,A1-M02-I06-S2,SECOND_RETURN,A1-M03-I05-S2,CROSS_MODULE,PRESERVE_TARGET_MODE_POLICY,REQUIRED,CONTEXTUAL_OR_FUNCTION_BOUND,NONE,Return scheduling requirement; exposure is not mastery.
REC-A1-000837,SENSE,SENSE-A1-000260,A1-M02-I06-S2,THIRD_RETURN,A1-M04-I05-S3,CROSS_MODULE,PRESERVE_TARGET_MODE_POLICY,REQUIRED,CONTEXTUAL_OR_FUNCTION_BOUND,NONE,Return scheduling requirement; exposure is not mastery.
REC-A1-000838,SENSE,SENSE-A1-000306,A1-M02-I06-S2,FIRST_RETURN,A1-M03-I05-S1,CROSS_MODULE,PRESERVE_TARGET_MODE_POLICY,REQUIRED,CONTEXTUAL_OR_FUNCTION_BOUND,NONE,Return scheduling requirement; exposure is not mastery.
REC-A1-000839,SENSE,SENSE-A1-000306,A1-M02-I06-S2,SECOND_RETURN,A1-M03-I05-S2,CROSS_MODULE,PRESERVE_TARGET_MODE_POLICY,REQUIRED,CONTEXTUAL_OR_FUNCTION_BOUND,NONE,Return scheduling requirement; exposure is not mastery.
REC-A1-000840,SENSE,SENSE-A1-000306,A1-M02-I06-S2,THIRD_RETURN,A1-M04-I05-S3,CROSS_MODULE,PRESERVE_TARGET_MODE_POLICY,REQUIRED,CONTEXTUAL_OR_FUNCTION_BOUND,NONE,Return scheduling requirement; exposure is not mastery.
REC-A1-000841,SENSE,SENSE-A1-000318,A1-M02-I06-S2,FIRST_RETURN,A1-M03-I05-S1,CROSS_MODULE,PRESERVE_TARGET_MODE_POLICY,REQUIRED,CONTEXTUAL_OR_FUNCTION_BOUND,NONE,Return scheduling requirement; exposure is not mastery.
REC-A1-000842,SENSE,SENSE-A1-000318,A1-M02-I06-S2,SECOND_RETURN,A1-M03-I05-S2,CROSS_MODULE,PRESERVE_TARGET_MODE_POLICY,REQUIRED,CONTEXTUAL_OR_FUNCTION_BOUND,NONE,Return scheduling requirement; exposure is not mastery.
REC-A1-000843,SENSE,SENSE-A1-000318,A1-M02-I06-S2,THIRD_RETURN,A1-M04-I05-S3,CROSS_MODULE,PRESERVE_TARGET_MODE_POLICY,REQUIRED,CONTEXTUAL_OR_FUNCTION_BOUND,NONE,Return scheduling requirement; exposure is not mastery.
REC-A1-000844,SENSE,SENSE-A1-000362,A1-M02-I06-S2,FIRST_RETURN,A1-M03-I05-S1,CROSS_MODULE,PRESERVE_TARGET_MODE_POLICY,REQUIRED,CONTEXTUAL_OR_FUNCTION_BOUND,NONE,Return scheduling requirement; exposure is not mastery.
REC-A1-000845,SENSE,SENSE-A1-000362,A1-M02-I06-S2,SECOND_RETURN,A1-M03-I05-S2,CROSS_MODULE,PRESERVE_TARGET_MODE_POLICY,REQUIRED,CONTEXTUAL_OR_FUNCTION_BOUND,NONE,Return scheduling requirement; exposure is not mastery.
REC-A1-000846,SENSE,SENSE-A1-000362,A1-M02-I06-S2,THIRD_RETURN,A1-M04-I05-S3,CROSS_MODULE,PRESERVE_TARGET_MODE_POLICY,REQUIRED,CONTEXTUAL_OR_FUNCTION_BOUND,NONE,Return scheduling requirement; exposure is not mastery.
REC-A1-000847,SENSE,SENSE-A1-000416,A1-M02-I06-S2,FIRST_RETURN,A1-M03-I05-S1,CROSS_MODULE,PRESERVE_TARGET_MODE_POLICY,REQUIRED,CONTEXTUAL_OR_FUNCTION_BOUND,NONE,Return scheduling requirement; exposure is not mastery.
REC-A1-000848,SENSE,SENSE-A1-000416,A1-M02-I06-S2,SECOND_RETURN,A1-M03-I05-S2,CROSS_MODULE,PRESERVE_TARGET_MODE_POLICY,REQUIRED,CONTEXTUAL_OR_FUNCTION_BOUND,NONE,Return scheduling requirement; exposure is not mastery.
REC-A1-000849,SENSE,SENSE-A1-000416,A1-M02-I06-S2,THIRD_RETURN,A1-M04-I05-S3,CROSS_MODULE,PRESERVE_TARGET_MODE_POLICY,REQUIRED,CONTEXTUAL_OR_FUNCTION_BOUND,NONE,Return scheduling requirement; exposure is not mastery.
REC-A1-000850,SENSE,SENSE-A1-000455,A1-M02-I06-S2,FIRST_RETURN,A1-M03-I05-S1,CROSS_MODULE,PRESERVE_TARGET_MODE_POLICY,REQUIRED,CONTEXTUAL_OR_FUNCTION_BOUND,NONE,Return scheduling requirement; exposure is not mastery.
REC-A1-000851,SENSE,SENSE-A1-000455,A1-M02-I06-S2,SECOND_RETURN,A1-M03-I05-S2,CROSS_MODULE,PRESERVE_TARGET_MODE_POLICY,REQUIRED,CONTEXTUAL_OR_FUNCTION_BOUND,NONE,Return scheduling requirement; exposure is not mastery.
REC-A1-000852,SENSE,SENSE-A1-000455,A1-M02-I06-S2,THIRD_RETURN,A1-M04-I05-S3,CROSS_MODULE,PRESERVE_TARGET_MODE_POLICY,REQUIRED,CONTEXTUAL_OR_FUNCTION_BOUND,NONE,Return scheduling requirement; exposure is not mastery.
REC-A1-000853,SENSE,SENSE-A1-000475,A1-M02-I06-S2,FIRST_RETURN,A1-M03-I05-S1,CROSS_MODULE,PRESERVE_TARGET_MODE_POLICY,REQUIRED,CONTEXTUAL_OR_FUNCTION_BOUND,NONE,Return scheduling requirement; exposure is not mastery.
REC-A1-000854,SENSE,SENSE-A1-000475,A1-M02-I06-S2,SECOND_RETURN,A1-M03-I05-S2,CROSS_MODULE,PRESERVE_TARGET_MODE_POLICY,REQUIRED,CONTEXTUAL_OR_FUNCTION_BOUND,NONE,Return scheduling requirement; exposure is not mastery.
REC-A1-000855,SENSE,SENSE-A1-000475,A1-M02-I06-S2,THIRD_RETURN,A1-M04-I05-S3,CROSS_MODULE,PRESERVE_TARGET_MODE_POLICY,REQUIRED,CONTEXTUAL_OR_FUNCTION_BOUND,NONE,Return scheduling requirement; exposure is not mastery.
REC-A1-000856,SENSE,SENSE-A1-000567,A1-M02-I06-S2,FIRST_RETURN,A1-M03-I05-S1,CROSS_MODULE,PRESERVE_TARGET_MODE_POLICY,REQUIRED,CONTEXTUAL_OR_FUNCTION_BOUND,NONE,Return scheduling requirement; exposure is not mastery.
REC-A1-000857,SENSE,SENSE-A1-000567,A1-M02-I06-S2,SECOND_RETURN,A1-M03-I05-S2,CROSS_MODULE,PRESERVE_TARGET_MODE_POLICY,REQUIRED,CONTEXTUAL_OR_FUNCTION_BOUND,NONE,Return scheduling requirement; exposure is not mastery.
REC-A1-000858,SENSE,SENSE-A1-000567,A1-M02-I06-S2,THIRD_RETURN,A1-M04-I05-S3,CROSS_MODULE,PRESERVE_TARGET_MODE_POLICY,REQUIRED,CONTEXTUAL_OR_FUNCTION_BOUND,NONE,Return scheduling requirement; exposure is not mastery.
REC-A1-000859,SENSE,SENSE-A1-000568,A1-M02-I06-S2,FIRST_RETURN,A1-M03-I05-S1,CROSS_MODULE,PRESERVE_TARGET_MODE_POLICY,REQUIRED,CONTEXTUAL_OR_FUNCTION_BOUND,NONE,Return scheduling requirement; exposure is not mastery.
REC-A1-000860,SENSE,SENSE-A1-000568,A1-M02-I06-S2,SECOND_RETURN,A1-M03-I05-S2,CROSS_MODULE,PRESERVE_TARGET_MODE_POLICY,REQUIRED,CONTEXTUAL_OR_FUNCTION_BOUND,NONE,Return scheduling requirement; exposure is not mastery.
REC-A1-000861,SENSE,SENSE-A1-000568,A1-M02-I06-S2,THIRD_RETURN,A1-M04-I05-S3,CROSS_MODULE,PRESERVE_TARGET_MODE_POLICY,REQUIRED,CONTEXTUAL_OR_FUNCTION_BOUND,NONE,Return scheduling requirement; exposure is not mastery.
REC-A1-000862,SENSE,SENSE-A1-000569,A1-M02-I06-S2,FIRST_RETURN,A1-M03-I05-S1,CROSS_MODULE,PRESERVE_TARGET_MODE_POLICY,REQUIRED,CONTEXTUAL_OR_FUNCTION_BOUND,NONE,Return scheduling requirement; exposure is not mastery.
REC-A1-000863,SENSE,SENSE-A1-000569,A1-M02-I06-S2,SECOND_RETURN,A1-M03-I05-S2,CROSS_MODULE,PRESERVE_TARGET_MODE_POLICY,REQUIRED,CONTEXTUAL_OR_FUNCTION_BOUND,NONE,Return scheduling requirement; exposure is not mastery.
REC-A1-000864,SENSE,SENSE-A1-000569,A1-M02-I06-S2,THIRD_RETURN,A1-M04-I05-S3,CROSS_MODULE,PRESERVE_TARGET_MODE_POLICY,REQUIRED,CONTEXTUAL_OR_FUNCTION_BOUND,NONE,Return scheduling requirement; exposure is not mastery.
REC-A1-000865,SENSE,SENSE-A1-000582,A1-M02-I06-S2,FIRST_RETURN,A1-M03-I05-S1,CROSS_MODULE,PRESERVE_TARGET_MODE_POLICY,REQUIRED,CONTEXTUAL_OR_FUNCTION_BOUND,NONE,Return scheduling requirement; exposure is not mastery.
REC-A1-000866,SENSE,SENSE-A1-000582,A1-M02-I06-S2,SECOND_RETURN,A1-M03-I05-S2,CROSS_MODULE,PRESERVE_TARGET_MODE_POLICY,REQUIRED,CONTEXTUAL_OR_FUNCTION_BOUND,NONE,Return scheduling requirement; exposure is not mastery.
REC-A1-000867,SENSE,SENSE-A1-000582,A1-M02-I06-S2,THIRD_RETURN,A1-M04-I05-S3,CROSS_MODULE,PRESERVE_TARGET_MODE_POLICY,REQUIRED,CONTEXTUAL_OR_FUNCTION_BOUND,NONE,Return scheduling requirement; exposure is not mastery.
REC-A1-000868,GRAMMAR_UNIT,GRAM-A1-055,A1-M02-I06-S2,FIRST_RETURN,A1-M03-I05-S1,CROSS_MODULE,PRESERVE_TARGET_MODE_POLICY,REQUIRED,FUNCTION_OR_TASK_BOUND,NONE,Return scheduling requirement; exposure is not mastery.
REC-A1-000869,GRAMMAR_UNIT,GRAM-A1-055,A1-M02-I06-S2,SECOND_RETURN,A1-M03-I05-S2,CROSS_MODULE,PRESERVE_TARGET_MODE_POLICY,REQUIRED,FUNCTION_OR_TASK_BOUND,NONE,Return scheduling requirement; exposure is not mastery.
REC-A1-000870,GRAMMAR_UNIT,GRAM-A1-055,A1-M02-I06-S2,THIRD_RETURN,A1-M04-I05-S3,CROSS_MODULE,PRESERVE_TARGET_MODE_POLICY,REQUIRED,FUNCTION_OR_TASK_BOUND,NONE,Return scheduling requirement; exposure is not mastery.
REC-A1-000871,MWU_SOURCE_UNIT,12B1-MWU-0032,A1-M02-I06-S2,FIRST_RETURN,A1-M03-I05-S1,CROSS_MODULE,PRESERVE_TARGET_MODE_POLICY,REQUIRED,CONTEXTUAL_OR_FUNCTION_BOUND,NONE,Return scheduling requirement; exposure is not mastery.
REC-A1-000872,MWU_SOURCE_UNIT,12B1-MWU-0032,A1-M02-I06-S2,SECOND_RETURN,A1-M03-I05-S2,CROSS_MODULE,PRESERVE_TARGET_MODE_POLICY,REQUIRED,CONTEXTUAL_OR_FUNCTION_BOUND,NONE,Return scheduling requirement; exposure is not mastery.
REC-A1-000873,MWU_SOURCE_UNIT,12B1-MWU-0032,A1-M02-I06-S2,THIRD_RETURN,A1-M04-I05-S3,CROSS_MODULE,PRESERVE_TARGET_MODE_POLICY,REQUIRED,CONTEXTUAL_OR_FUNCTION_BOUND,NONE,Return scheduling requirement; exposure is not mastery.
REC-A1-000874,MWU_SOURCE_UNIT,12B1-MWU-0033,A1-M02-I06-S2,FIRST_RETURN,A1-M03-I05-S1,CROSS_MODULE,PRESERVE_TARGET_MODE_POLICY,REQUIRED,CONTEXTUAL_OR_FUNCTION_BOUND,NONE,Return scheduling requirement; exposure is not mastery.
REC-A1-000875,MWU_SOURCE_UNIT,12B1-MWU-0033,A1-M02-I06-S2,SECOND_RETURN,A1-M03-I05-S2,CROSS_MODULE,PRESERVE_TARGET_MODE_POLICY,REQUIRED,CONTEXTUAL_OR_FUNCTION_BOUND,NONE,Return scheduling requirement; exposure is not mastery.
REC-A1-000876,MWU_SOURCE_UNIT,12B1-MWU-0033,A1-M02-I06-S2,THIRD_RETURN,A1-M04-I05-S3,CROSS_MODULE,PRESERVE_TARGET_MODE_POLICY,REQUIRED,CONTEXTUAL_OR_FUNCTION_BOUND,NONE,Return scheduling requirement; exposure is not mastery.
REC-A1-000877,MWU_SOURCE_UNIT,12B1-MWU-0035,A1-M02-I06-S2,FIRST_RETURN,A1-M03-I05-S1,CROSS_MODULE,PRESERVE_TARGET_MODE_POLICY,REQUIRED,CONTEXTUAL_OR_FUNCTION_BOUND,NONE,Return scheduling requirement; exposure is not mastery.
REC-A1-000878,MWU_SOURCE_UNIT,12B1-MWU-0035,A1-M02-I06-S2,SECOND_RETURN,A1-M03-I05-S2,CROSS_MODULE,PRESERVE_TARGET_MODE_POLICY,REQUIRED,CONTEXTUAL_OR_FUNCTION_BOUND,NONE,Return scheduling requirement; exposure is not mastery.
REC-A1-000879,MWU_SOURCE_UNIT,12B1-MWU-0035,A1-M02-I06-S2,THIRD_RETURN,A1-M04-I05-S3,CROSS_MODULE,PRESERVE_TARGET_MODE_POLICY,REQUIRED,CONTEXTUAL_OR_FUNCTION_BOUND,NONE,Return scheduling requirement; exposure is not mastery.
REC-A1-000880,SENSE,SENSE-A1-000004,A1-M03-I05-S1,FIRST_RETURN,A1-M03-I05-S2,SAME_ISLAND,PRESERVE_TARGET_MODE_POLICY,REQUIRED,CONTEXTUAL_OR_FUNCTION_BOUND,NONE,Return scheduling requirement; exposure is not mastery.
REC-A1-000881,SENSE,SENSE-A1-000004,A1-M03-I05-S1,SECOND_RETURN,A1-M03-I05-S3,SAME_ISLAND,PRESERVE_TARGET_MODE_POLICY,REQUIRED,CONTEXTUAL_OR_FUNCTION_BOUND,NONE,Return scheduling requirement; exposure is not mastery.
REC-A1-000882,SENSE,SENSE-A1-000004,A1-M03-I05-S1,THIRD_RETURN,A1-M04-I05-S1,CROSS_MODULE,PRESERVE_TARGET_MODE_POLICY,REQUIRED,CONTEXTUAL_OR_FUNCTION_BOUND,NONE,Return scheduling requirement; exposure is not mastery.
REC-A1-000883,SENSE,SENSE-A1-000006,A1-M03-I05-S3,FIRST_RETURN,A1-M03-I06-S1,SAME_MODULE_CROSS_ISLAND,PRESERVE_TARGET_MODE_POLICY,REQUIRED,CONTEXTUAL_OR_FUNCTION_BOUND,NONE,Return scheduling requirement; exposure is not mastery.
REC-A1-000884,SENSE,SENSE-A1-000006,A1-M03-I05-S3,SECOND_RETURN,A1-M03-I06-S2,SAME_MODULE_CROSS_ISLAND,PRESERVE_TARGET_MODE_POLICY,REQUIRED,CONTEXTUAL_OR_FUNCTION_BOUND,NONE,Return scheduling requirement; exposure is not mastery.
REC-A1-000885,SENSE,SENSE-A1-000006,A1-M03-I05-S3,THIRD_RETURN,A1-M04-I05-S2,CROSS_MODULE,PRESERVE_TARGET_MODE_POLICY,REQUIRED,CONTEXTUAL_OR_FUNCTION_BOUND,NONE,Return scheduling requirement; exposure is not mastery.
REC-A1-000886,SENSE,SENSE-A1-000022,A1-M03-I05-S1,FIRST_RETURN,A1-M03-I05-S2,SAME_ISLAND,PRESERVE_TARGET_MODE_POLICY,REQUIRED,CONTEXTUAL_OR_FUNCTION_BOUND,NONE,Return scheduling requirement; exposure is not mastery.
REC-A1-000887,SENSE,SENSE-A1-000022,A1-M03-I05-S1,SECOND_RETURN,A1-M03-I05-S3,SAME_ISLAND,PRESERVE_TARGET_MODE_POLICY,REQUIRED,CONTEXTUAL_OR_FUNCTION_BOUND,NONE,Return scheduling requirement; exposure is not mastery.
REC-A1-000888,SENSE,SENSE-A1-000022,A1-M03-I05-S1,THIRD_RETURN,A1-M04-I05-S1,CROSS_MODULE,PRESERVE_TARGET_MODE_POLICY,REQUIRED,CONTEXTUAL_OR_FUNCTION_BOUND,NONE,Return scheduling requirement; exposure is not mastery.
REC-A1-000889,SENSE,SENSE-A1-000023,A1-M03-I05-S1,FIRST_RETURN,A1-M03-I05-S2,SAME_ISLAND,PRESERVE_TARGET_MODE_POLICY,REQUIRED,NOT_REQUIRED,NONE,Return scheduling requirement; exposure is not mastery.
REC-A1-000890,SENSE,SENSE-A1-000023,A1-M03-I05-S1,SECOND_RETURN,A1-M03-I05-S3,SAME_ISLAND,PRESERVE_TARGET_MODE_POLICY,REQUIRED,NOT_REQUIRED,NONE,Return scheduling requirement; exposure is not mastery.
REC-A1-000891,SENSE,SENSE-A1-000023,A1-M03-I05-S1,THIRD_RETURN,A1-M04-I05-S1,CROSS_MODULE,PRESERVE_TARGET_MODE_POLICY,REQUIRED,NOT_REQUIRED,NONE,Return scheduling requirement; exposure is not mastery.
REC-A1-000892,SENSE,SENSE-A1-000040,A1-M03-I05-S1,FIRST_RETURN,A1-M03-I05-S2,SAME_ISLAND,PRESERVE_TARGET_MODE_POLICY,REQUIRED,CONTEXTUAL_OR_FUNCTION_BOUND,NONE,Return scheduling requirement; exposure is not mastery.
REC-A1-000893,SENSE,SENSE-A1-000040,A1-M03-I05-S1,SECOND_RETURN,A1-M03-I05-S3,SAME_ISLAND,PRESERVE_TARGET_MODE_POLICY,REQUIRED,CONTEXTUAL_OR_FUNCTION_BOUND,NONE,Return scheduling requirement; exposure is not mastery.
REC-A1-000894,SENSE,SENSE-A1-000040,A1-M03-I05-S1,THIRD_RETURN,A1-M04-I05-S1,CROSS_MODULE,PRESERVE_TARGET_MODE_POLICY,REQUIRED,CONTEXTUAL_OR_FUNCTION_BOUND,NONE,Return scheduling requirement; exposure is not mastery.
REC-A1-000895,SENSE,SENSE-A1-000057,A1-M03-I05-S3,FIRST_RETURN,A1-M03-I06-S1,SAME_MODULE_CROSS_ISLAND,PRESERVE_TARGET_MODE_POLICY,REQUIRED,CONTEXTUAL_OR_FUNCTION_BOUND,NONE,Return scheduling requirement; exposure is not mastery.
REC-A1-000896,SENSE,SENSE-A1-000057,A1-M03-I05-S3,SECOND_RETURN,A1-M03-I06-S2,SAME_MODULE_CROSS_ISLAND,PRESERVE_TARGET_MODE_POLICY,REQUIRED,CONTEXTUAL_OR_FUNCTION_BOUND,NONE,Return scheduling requirement; exposure is not mastery.
REC-A1-000897,SENSE,SENSE-A1-000057,A1-M03-I05-S3,THIRD_RETURN,A1-M04-I05-S2,CROSS_MODULE,PRESERVE_TARGET_MODE_POLICY,REQUIRED,CONTEXTUAL_OR_FUNCTION_BOUND,NONE,Return scheduling requirement; exposure is not mastery.
REC-A1-000898,SENSE,SENSE-A1-000172,A1-M03-I05-S3,FIRST_RETURN,A1-M03-I06-S1,SAME_MODULE_CROSS_ISLAND,PRESERVE_TARGET_MODE_POLICY,REQUIRED,CONTEXTUAL_OR_FUNCTION_BOUND,NONE,Return scheduling requirement; exposure is not mastery.
REC-A1-000899,SENSE,SENSE-A1-000172,A1-M03-I05-S3,SECOND_RETURN,A1-M03-I06-S2,SAME_MODULE_CROSS_ISLAND,PRESERVE_TARGET_MODE_POLICY,REQUIRED,CONTEXTUAL_OR_FUNCTION_BOUND,NONE,Return scheduling requirement; exposure is not mastery.
REC-A1-000900,SENSE,SENSE-A1-000172,A1-M03-I05-S3,THIRD_RETURN,A1-M04-I05-S2,CROSS_MODULE,PRESERVE_TARGET_MODE_POLICY,REQUIRED,CONTEXTUAL_OR_FUNCTION_BOUND,NONE,Return scheduling requirement; exposure is not mastery.
REC-A1-000901,SENSE,SENSE-A1-000175,A1-M03-I05-S1,FIRST_RETURN,A1-M03-I05-S2,SAME_ISLAND,PRESERVE_TARGET_MODE_POLICY,REQUIRED,CONTEXTUAL_OR_FUNCTION_BOUND,NONE,Return scheduling requirement; exposure is not mastery.
REC-A1-000902,SENSE,SENSE-A1-000175,A1-M03-I05-S1,SECOND_RETURN,A1-M03-I05-S3,SAME_ISLAND,PRESERVE_TARGET_MODE_POLICY,REQUIRED,CONTEXTUAL_OR_FUNCTION_BOUND,NONE,Return scheduling requirement; exposure is not mastery.
REC-A1-000903,SENSE,SENSE-A1-000175,A1-M03-I05-S1,THIRD_RETURN,A1-M04-I05-S1,CROSS_MODULE,PRESERVE_TARGET_MODE_POLICY,REQUIRED,CONTEXTUAL_OR_FUNCTION_BOUND,NONE,Return scheduling requirement; exposure is not mastery.
REC-A1-000904,SENSE,SENSE-A1-000179,A1-M03-I05-S1,FIRST_RETURN,A1-M03-I05-S2,SAME_ISLAND,PRESERVE_TARGET_MODE_POLICY,REQUIRED,CONTEXTUAL_OR_FUNCTION_BOUND,NONE,Return scheduling requirement; exposure is not mastery.
REC-A1-000905,SENSE,SENSE-A1-000179,A1-M03-I05-S1,SECOND_RETURN,A1-M03-I05-S3,SAME_ISLAND,PRESERVE_TARGET_MODE_POLICY,REQUIRED,CONTEXTUAL_OR_FUNCTION_BOUND,NONE,Return scheduling requirement; exposure is not mastery.
REC-A1-000906,SENSE,SENSE-A1-000179,A1-M03-I05-S1,THIRD_RETURN,A1-M04-I05-S1,CROSS_MODULE,PRESERVE_TARGET_MODE_POLICY,REQUIRED,CONTEXTUAL_OR_FUNCTION_BOUND,NONE,Return scheduling requirement; exposure is not mastery.
REC-A1-000907,SENSE,SENSE-A1-000189,A1-M03-I05-S1,FIRST_RETURN,A1-M03-I05-S2,SAME_ISLAND,PRESERVE_TARGET_MODE_POLICY,REQUIRED,CONTEXTUAL_OR_FUNCTION_BOUND,NONE,Return scheduling requirement; exposure is not mastery.
REC-A1-000908,SENSE,SENSE-A1-000189,A1-M03-I05-S1,SECOND_RETURN,A1-M03-I05-S3,SAME_ISLAND,PRESERVE_TARGET_MODE_POLICY,REQUIRED,CONTEXTUAL_OR_FUNCTION_BOUND,NONE,Return scheduling requirement; exposure is not mastery.
REC-A1-000909,SENSE,SENSE-A1-000189,A1-M03-I05-S1,THIRD_RETURN,A1-M04-I05-S1,CROSS_MODULE,PRESERVE_TARGET_MODE_POLICY,REQUIRED,CONTEXTUAL_OR_FUNCTION_BOUND,NONE,Return scheduling requirement; exposure is not mastery.
REC-A1-000910,SENSE,SENSE-A1-000212,A1-M03-I05-S3,FIRST_RETURN,A1-M03-I06-S1,SAME_MODULE_CROSS_ISLAND,PRESERVE_TARGET_MODE_POLICY,REQUIRED,CONTEXTUAL_OR_FUNCTION_BOUND,NONE,Return scheduling requirement; exposure is not mastery.
REC-A1-000911,SENSE,SENSE-A1-000212,A1-M03-I05-S3,SECOND_RETURN,A1-M03-I06-S2,SAME_MODULE_CROSS_ISLAND,PRESERVE_TARGET_MODE_POLICY,REQUIRED,CONTEXTUAL_OR_FUNCTION_BOUND,NONE,Return scheduling requirement; exposure is not mastery.
REC-A1-000912,SENSE,SENSE-A1-000212,A1-M03-I05-S3,THIRD_RETURN,A1-M04-I05-S2,CROSS_MODULE,PRESERVE_TARGET_MODE_POLICY,REQUIRED,CONTEXTUAL_OR_FUNCTION_BOUND,NONE,Return scheduling requirement; exposure is not mastery.
REC-A1-000913,SENSE,SENSE-A1-000288,A1-M03-I05-S1,FIRST_RETURN,A1-M03-I05-S2,SAME_ISLAND,PRESERVE_TARGET_MODE_POLICY,REQUIRED,CONTEXTUAL_OR_FUNCTION_BOUND,NONE,Return scheduling requirement; exposure is not mastery.
REC-A1-000914,SENSE,SENSE-A1-000288,A1-M03-I05-S1,SECOND_RETURN,A1-M03-I05-S3,SAME_ISLAND,PRESERVE_TARGET_MODE_POLICY,REQUIRED,CONTEXTUAL_OR_FUNCTION_BOUND,NONE,Return scheduling requirement; exposure is not mastery.
REC-A1-000915,SENSE,SENSE-A1-000288,A1-M03-I05-S1,THIRD_RETURN,A1-M04-I05-S1,CROSS_MODULE,PRESERVE_TARGET_MODE_POLICY,REQUIRED,CONTEXTUAL_OR_FUNCTION_BOUND,NONE,Return scheduling requirement; exposure is not mastery.
REC-A1-000916,SENSE,SENSE-A1-000294,A1-M03-I05-S1,FIRST_RETURN,A1-M03-I05-S2,SAME_ISLAND,PRESERVE_TARGET_MODE_POLICY,REQUIRED,CONTEXTUAL_OR_FUNCTION_BOUND,NONE,Return scheduling requirement; exposure is not mastery.
REC-A1-000917,SENSE,SENSE-A1-000294,A1-M03-I05-S1,SECOND_RETURN,A1-M03-I05-S3,SAME_ISLAND,PRESERVE_TARGET_MODE_POLICY,REQUIRED,CONTEXTUAL_OR_FUNCTION_BOUND,NONE,Return scheduling requirement; exposure is not mastery.
REC-A1-000918,SENSE,SENSE-A1-000294,A1-M03-I05-S1,THIRD_RETURN,A1-M04-I05-S1,CROSS_MODULE,PRESERVE_TARGET_MODE_POLICY,REQUIRED,CONTEXTUAL_OR_FUNCTION_BOUND,NONE,Return scheduling requirement; exposure is not mastery.
REC-A1-000919,SENSE,SENSE-A1-000298,A1-M03-I05-S3,FIRST_RETURN,A1-M03-I06-S1,SAME_MODULE_CROSS_ISLAND,PRESERVE_TARGET_MODE_POLICY,REQUIRED,CONTEXTUAL_OR_FUNCTION_BOUND,NONE,Return scheduling requirement; exposure is not mastery.
REC-A1-000920,SENSE,SENSE-A1-000298,A1-M03-I05-S3,SECOND_RETURN,A1-M03-I06-S2,SAME_MODULE_CROSS_ISLAND,PRESERVE_TARGET_MODE_POLICY,REQUIRED,CONTEXTUAL_OR_FUNCTION_BOUND,NONE,Return scheduling requirement; exposure is not mastery.
REC-A1-000921,SENSE,SENSE-A1-000298,A1-M03-I05-S3,THIRD_RETURN,A1-M04-I05-S2,CROSS_MODULE,PRESERVE_TARGET_MODE_POLICY,REQUIRED,CONTEXTUAL_OR_FUNCTION_BOUND,NONE,Return scheduling requirement; exposure is not mastery.
REC-A1-000922,SENSE,SENSE-A1-000351,A1-M03-I05-S1,FIRST_RETURN,A1-M03-I05-S2,SAME_ISLAND,PRESERVE_TARGET_MODE_POLICY,REQUIRED,CONTEXTUAL_OR_FUNCTION_BOUND,NONE,Return scheduling requirement; exposure is not mastery.
REC-A1-000923,SENSE,SENSE-A1-000351,A1-M03-I05-S1,SECOND_RETURN,A1-M03-I05-S3,SAME_ISLAND,PRESERVE_TARGET_MODE_POLICY,REQUIRED,CONTEXTUAL_OR_FUNCTION_BOUND,NONE,Return scheduling requirement; exposure is not mastery.
REC-A1-000924,SENSE,SENSE-A1-000351,A1-M03-I05-S1,THIRD_RETURN,A1-M04-I05-S1,CROSS_MODULE,PRESERVE_TARGET_MODE_POLICY,REQUIRED,CONTEXTUAL_OR_FUNCTION_BOUND,NONE,Return scheduling requirement; exposure is not mastery.
REC-A1-000925,SENSE,SENSE-A1-000369,A1-M03-I05-S1,FIRST_RETURN,A1-M03-I05-S2,SAME_ISLAND,PRESERVE_TARGET_MODE_POLICY,REQUIRED,CONTEXTUAL_OR_FUNCTION_BOUND,NONE,Return scheduling requirement; exposure is not mastery.
REC-A1-000926,SENSE,SENSE-A1-000369,A1-M03-I05-S1,SECOND_RETURN,A1-M03-I05-S3,SAME_ISLAND,PRESERVE_TARGET_MODE_POLICY,REQUIRED,CONTEXTUAL_OR_FUNCTION_BOUND,NONE,Return scheduling requirement; exposure is not mastery.
REC-A1-000927,SENSE,SENSE-A1-000369,A1-M03-I05-S1,THIRD_RETURN,A1-M04-I05-S1,CROSS_MODULE,PRESERVE_TARGET_MODE_POLICY,REQUIRED,CONTEXTUAL_OR_FUNCTION_BOUND,NONE,Return scheduling requirement; exposure is not mastery.
REC-A1-000928,SENSE,SENSE-A1-000378,A1-M03-I05-S1,FIRST_RETURN,A1-M03-I05-S2,SAME_ISLAND,PRESERVE_TARGET_MODE_POLICY,REQUIRED,CONTEXTUAL_OR_FUNCTION_BOUND,NONE,Return scheduling requirement; exposure is not mastery.
REC-A1-000929,SENSE,SENSE-A1-000378,A1-M03-I05-S1,SECOND_RETURN,A1-M03-I05-S3,SAME_ISLAND,PRESERVE_TARGET_MODE_POLICY,REQUIRED,CONTEXTUAL_OR_FUNCTION_BOUND,NONE,Return scheduling requirement; exposure is not mastery.
REC-A1-000930,SENSE,SENSE-A1-000378,A1-M03-I05-S1,THIRD_RETURN,A1-M04-I05-S1,CROSS_MODULE,PRESERVE_TARGET_MODE_POLICY,REQUIRED,CONTEXTUAL_OR_FUNCTION_BOUND,NONE,Return scheduling requirement; exposure is not mastery.
REC-A1-000931,SENSE,SENSE-A1-000402,A1-M03-I05-S1,FIRST_RETURN,A1-M03-I05-S2,SAME_ISLAND,PRESERVE_TARGET_MODE_POLICY,REQUIRED,CONTEXTUAL_OR_FUNCTION_BOUND,NONE,Return scheduling requirement; exposure is not mastery.
REC-A1-000932,SENSE,SENSE-A1-000402,A1-M03-I05-S1,SECOND_RETURN,A1-M03-I05-S3,SAME_ISLAND,PRESERVE_TARGET_MODE_POLICY,REQUIRED,CONTEXTUAL_OR_FUNCTION_BOUND,NONE,Return scheduling requirement; exposure is not mastery.
REC-A1-000933,SENSE,SENSE-A1-000402,A1-M03-I05-S1,THIRD_RETURN,A1-M04-I05-S1,CROSS_MODULE,PRESERVE_TARGET_MODE_POLICY,REQUIRED,CONTEXTUAL_OR_FUNCTION_BOUND,NONE,Return scheduling requirement; exposure is not mastery.
REC-A1-000934,SENSE,SENSE-A1-000407,A1-M03-I05-S3,FIRST_RETURN,A1-M03-I06-S1,SAME_MODULE_CROSS_ISLAND,PRESERVE_TARGET_MODE_POLICY,REQUIRED,CONTEXTUAL_OR_FUNCTION_BOUND,NONE,Return scheduling requirement; exposure is not mastery.
REC-A1-000935,SENSE,SENSE-A1-000407,A1-M03-I05-S3,SECOND_RETURN,A1-M03-I06-S2,SAME_MODULE_CROSS_ISLAND,PRESERVE_TARGET_MODE_POLICY,REQUIRED,CONTEXTUAL_OR_FUNCTION_BOUND,NONE,Return scheduling requirement; exposure is not mastery.
REC-A1-000936,SENSE,SENSE-A1-000407,A1-M03-I05-S3,THIRD_RETURN,A1-M04-I05-S2,CROSS_MODULE,PRESERVE_TARGET_MODE_POLICY,REQUIRED,CONTEXTUAL_OR_FUNCTION_BOUND,NONE,Return scheduling requirement; exposure is not mastery.
REC-A1-000937,SENSE,SENSE-A1-000414,A1-M03-I05-S1,FIRST_RETURN,A1-M03-I05-S2,SAME_ISLAND,PRESERVE_TARGET_MODE_POLICY,REQUIRED,CONTEXTUAL_OR_FUNCTION_BOUND,NONE,Return scheduling requirement; exposure is not mastery.
REC-A1-000938,SENSE,SENSE-A1-000414,A1-M03-I05-S1,SECOND_RETURN,A1-M03-I05-S3,SAME_ISLAND,PRESERVE_TARGET_MODE_POLICY,REQUIRED,CONTEXTUAL_OR_FUNCTION_BOUND,NONE,Return scheduling requirement; exposure is not mastery.
REC-A1-000939,SENSE,SENSE-A1-000414,A1-M03-I05-S1,THIRD_RETURN,A1-M04-I05-S1,CROSS_MODULE,PRESERVE_TARGET_MODE_POLICY,REQUIRED,CONTEXTUAL_OR_FUNCTION_BOUND,NONE,Return scheduling requirement; exposure is not mastery.
REC-A1-000940,SENSE,SENSE-A1-000456,A1-M03-I05-S1,FIRST_RETURN,A1-M03-I05-S2,SAME_ISLAND,PRESERVE_TARGET_MODE_POLICY,REQUIRED,CONTEXTUAL_OR_FUNCTION_BOUND,NONE,Return scheduling requirement; exposure is not mastery.
REC-A1-000941,SENSE,SENSE-A1-000456,A1-M03-I05-S1,SECOND_RETURN,A1-M03-I05-S3,SAME_ISLAND,PRESERVE_TARGET_MODE_POLICY,REQUIRED,CONTEXTUAL_OR_FUNCTION_BOUND,NONE,Return scheduling requirement; exposure is not mastery.
REC-A1-000942,SENSE,SENSE-A1-000456,A1-M03-I05-S1,THIRD_RETURN,A1-M04-I05-S1,CROSS_MODULE,PRESERVE_TARGET_MODE_POLICY,REQUIRED,CONTEXTUAL_OR_FUNCTION_BOUND,NONE,Return scheduling requirement; exposure is not mastery.
REC-A1-000943,SENSE,SENSE-A1-000457,A1-M03-I05-S3,FIRST_RETURN,A1-M03-I06-S1,SAME_MODULE_CROSS_ISLAND,PRESERVE_TARGET_MODE_POLICY,REQUIRED,CONTEXTUAL_OR_FUNCTION_BOUND,NONE,Return scheduling requirement; exposure is not mastery.
REC-A1-000944,SENSE,SENSE-A1-000457,A1-M03-I05-S3,SECOND_RETURN,A1-M03-I06-S2,SAME_MODULE_CROSS_ISLAND,PRESERVE_TARGET_MODE_POLICY,REQUIRED,CONTEXTUAL_OR_FUNCTION_BOUND,NONE,Return scheduling requirement; exposure is not mastery.
REC-A1-000945,SENSE,SENSE-A1-000457,A1-M03-I05-S3,THIRD_RETURN,A1-M04-I05-S2,CROSS_MODULE,PRESERVE_TARGET_MODE_POLICY,REQUIRED,CONTEXTUAL_OR_FUNCTION_BOUND,NONE,Return scheduling requirement; exposure is not mastery.
REC-A1-000946,SENSE,SENSE-A1-000458,A1-M03-I05-S1,FIRST_RETURN,A1-M03-I05-S2,SAME_ISLAND,PRESERVE_TARGET_MODE_POLICY,REQUIRED,CONTEXTUAL_OR_FUNCTION_BOUND,NONE,Return scheduling requirement; exposure is not mastery.
REC-A1-000947,SENSE,SENSE-A1-000458,A1-M03-I05-S1,SECOND_RETURN,A1-M03-I05-S3,SAME_ISLAND,PRESERVE_TARGET_MODE_POLICY,REQUIRED,CONTEXTUAL_OR_FUNCTION_BOUND,NONE,Return scheduling requirement; exposure is not mastery.
REC-A1-000948,SENSE,SENSE-A1-000458,A1-M03-I05-S1,THIRD_RETURN,A1-M04-I05-S1,CROSS_MODULE,PRESERVE_TARGET_MODE_POLICY,REQUIRED,CONTEXTUAL_OR_FUNCTION_BOUND,NONE,Return scheduling requirement; exposure is not mastery.
REC-A1-000949,SENSE,SENSE-A1-000473,A1-M03-I05-S1,FIRST_RETURN,A1-M03-I05-S2,SAME_ISLAND,PRESERVE_TARGET_MODE_POLICY,REQUIRED,CONTEXTUAL_OR_FUNCTION_BOUND,NONE,Return scheduling requirement; exposure is not mastery.
REC-A1-000950,SENSE,SENSE-A1-000473,A1-M03-I05-S1,SECOND_RETURN,A1-M03-I05-S3,SAME_ISLAND,PRESERVE_TARGET_MODE_POLICY,REQUIRED,CONTEXTUAL_OR_FUNCTION_BOUND,NONE,Return scheduling requirement; exposure is not mastery.
REC-A1-000951,SENSE,SENSE-A1-000473,A1-M03-I05-S1,THIRD_RETURN,A1-M04-I05-S1,CROSS_MODULE,PRESERVE_TARGET_MODE_POLICY,REQUIRED,CONTEXTUAL_OR_FUNCTION_BOUND,NONE,Return scheduling requirement; exposure is not mastery.
REC-A1-000952,SENSE,SENSE-A1-000488,A1-M03-I05-S3,FIRST_RETURN,A1-M03-I06-S1,SAME_MODULE_CROSS_ISLAND,PRESERVE_TARGET_MODE_POLICY,REQUIRED,CONTEXTUAL_OR_FUNCTION_BOUND,NONE,Return scheduling requirement; exposure is not mastery.
REC-A1-000953,SENSE,SENSE-A1-000488,A1-M03-I05-S3,SECOND_RETURN,A1-M03-I06-S2,SAME_MODULE_CROSS_ISLAND,PRESERVE_TARGET_MODE_POLICY,REQUIRED,CONTEXTUAL_OR_FUNCTION_BOUND,NONE,Return scheduling requirement; exposure is not mastery.
REC-A1-000954,SENSE,SENSE-A1-000488,A1-M03-I05-S3,THIRD_RETURN,A1-M04-I05-S2,CROSS_MODULE,PRESERVE_TARGET_MODE_POLICY,REQUIRED,CONTEXTUAL_OR_FUNCTION_BOUND,NONE,Return scheduling requirement; exposure is not mastery.
REC-A1-000955,SENSE,SENSE-A1-000496,A1-M03-I05-S1,FIRST_RETURN,A1-M03-I05-S2,SAME_ISLAND,PRESERVE_TARGET_MODE_POLICY,REQUIRED,CONTEXTUAL_OR_FUNCTION_BOUND,NONE,Return scheduling requirement; exposure is not mastery.
REC-A1-000956,SENSE,SENSE-A1-000496,A1-M03-I05-S1,SECOND_RETURN,A1-M03-I05-S3,SAME_ISLAND,PRESERVE_TARGET_MODE_POLICY,REQUIRED,CONTEXTUAL_OR_FUNCTION_BOUND,NONE,Return scheduling requirement; exposure is not mastery.
REC-A1-000957,SENSE,SENSE-A1-000496,A1-M03-I05-S1,THIRD_RETURN,A1-M04-I05-S1,CROSS_MODULE,PRESERVE_TARGET_MODE_POLICY,REQUIRED,CONTEXTUAL_OR_FUNCTION_BOUND,NONE,Return scheduling requirement; exposure is not mastery.
REC-A1-000958,SENSE,SENSE-A1-000513,A1-M03-I05-S1,FIRST_RETURN,A1-M03-I05-S2,SAME_ISLAND,PRESERVE_TARGET_MODE_POLICY,REQUIRED,CONTEXTUAL_OR_FUNCTION_BOUND,NONE,Return scheduling requirement; exposure is not mastery.
REC-A1-000959,SENSE,SENSE-A1-000513,A1-M03-I05-S1,SECOND_RETURN,A1-M03-I05-S3,SAME_ISLAND,PRESERVE_TARGET_MODE_POLICY,REQUIRED,CONTEXTUAL_OR_FUNCTION_BOUND,NONE,Return scheduling requirement; exposure is not mastery.
REC-A1-000960,SENSE,SENSE-A1-000513,A1-M03-I05-S1,THIRD_RETURN,A1-M04-I05-S1,CROSS_MODULE,PRESERVE_TARGET_MODE_POLICY,REQUIRED,CONTEXTUAL_OR_FUNCTION_BOUND,NONE,Return scheduling requirement; exposure is not mastery.
REC-A1-000961,SENSE,SENSE-A1-000516,A1-M03-I05-S3,FIRST_RETURN,A1-M03-I06-S1,SAME_MODULE_CROSS_ISLAND,PRESERVE_TARGET_MODE_POLICY,REQUIRED,CONTEXTUAL_OR_FUNCTION_BOUND,NONE,Return scheduling requirement; exposure is not mastery.
REC-A1-000962,SENSE,SENSE-A1-000516,A1-M03-I05-S3,SECOND_RETURN,A1-M03-I06-S2,SAME_MODULE_CROSS_ISLAND,PRESERVE_TARGET_MODE_POLICY,REQUIRED,CONTEXTUAL_OR_FUNCTION_BOUND,NONE,Return scheduling requirement; exposure is not mastery.
REC-A1-000963,SENSE,SENSE-A1-000516,A1-M03-I05-S3,THIRD_RETURN,A1-M04-I05-S2,CROSS_MODULE,PRESERVE_TARGET_MODE_POLICY,REQUIRED,CONTEXTUAL_OR_FUNCTION_BOUND,NONE,Return scheduling requirement; exposure is not mastery.
REC-A1-000964,SENSE,SENSE-A1-000519,A1-M03-I05-S1,FIRST_RETURN,A1-M03-I05-S2,SAME_ISLAND,PRESERVE_TARGET_MODE_POLICY,REQUIRED,CONTEXTUAL_OR_FUNCTION_BOUND,NONE,Return scheduling requirement; exposure is not mastery.
REC-A1-000965,SENSE,SENSE-A1-000519,A1-M03-I05-S1,SECOND_RETURN,A1-M03-I05-S3,SAME_ISLAND,PRESERVE_TARGET_MODE_POLICY,REQUIRED,CONTEXTUAL_OR_FUNCTION_BOUND,NONE,Return scheduling requirement; exposure is not mastery.
REC-A1-000966,SENSE,SENSE-A1-000519,A1-M03-I05-S1,THIRD_RETURN,A1-M04-I05-S1,CROSS_MODULE,PRESERVE_TARGET_MODE_POLICY,REQUIRED,CONTEXTUAL_OR_FUNCTION_BOUND,NONE,Return scheduling requirement; exposure is not mastery.
REC-A1-000967,SENSE,SENSE-A1-000522,A1-M03-I05-S1,FIRST_RETURN,A1-M03-I05-S2,SAME_ISLAND,PRESERVE_TARGET_MODE_POLICY,REQUIRED,CONTEXTUAL_OR_FUNCTION_BOUND,NONE,Return scheduling requirement; exposure is not mastery.
REC-A1-000968,SENSE,SENSE-A1-000522,A1-M03-I05-S1,SECOND_RETURN,A1-M03-I05-S3,SAME_ISLAND,PRESERVE_TARGET_MODE_POLICY,REQUIRED,CONTEXTUAL_OR_FUNCTION_BOUND,NONE,Return scheduling requirement; exposure is not mastery.
REC-A1-000969,SENSE,SENSE-A1-000522,A1-M03-I05-S1,THIRD_RETURN,A1-M04-I05-S1,CROSS_MODULE,PRESERVE_TARGET_MODE_POLICY,REQUIRED,CONTEXTUAL_OR_FUNCTION_BOUND,NONE,Return scheduling requirement; exposure is not mastery.
REC-A1-000970,SENSE,SENSE-A1-000544,A1-M03-I05-S3,FIRST_RETURN,A1-M03-I06-S1,SAME_MODULE_CROSS_ISLAND,PRESERVE_TARGET_MODE_POLICY,REQUIRED,CONTEXTUAL_OR_FUNCTION_BOUND,NONE,Return scheduling requirement; exposure is not mastery.
REC-A1-000971,SENSE,SENSE-A1-000544,A1-M03-I05-S3,SECOND_RETURN,A1-M03-I06-S2,SAME_MODULE_CROSS_ISLAND,PRESERVE_TARGET_MODE_POLICY,REQUIRED,CONTEXTUAL_OR_FUNCTION_BOUND,NONE,Return scheduling requirement; exposure is not mastery.
REC-A1-000972,SENSE,SENSE-A1-000544,A1-M03-I05-S3,THIRD_RETURN,A1-M04-I05-S2,CROSS_MODULE,PRESERVE_TARGET_MODE_POLICY,REQUIRED,CONTEXTUAL_OR_FUNCTION_BOUND,NONE,Return scheduling requirement; exposure is not mastery.
REC-A1-000973,SENSE,SENSE-A1-000558,A1-M03-I05-S1,FIRST_RETURN,A1-M03-I05-S2,SAME_ISLAND,PRESERVE_TARGET_MODE_POLICY,REQUIRED,CONTEXTUAL_OR_FUNCTION_BOUND,NONE,Return scheduling requirement; exposure is not mastery.
REC-A1-000974,SENSE,SENSE-A1-000558,A1-M03-I05-S1,SECOND_RETURN,A1-M03-I05-S3,SAME_ISLAND,PRESERVE_TARGET_MODE_POLICY,REQUIRED,CONTEXTUAL_OR_FUNCTION_BOUND,NONE,Return scheduling requirement; exposure is not mastery.
REC-A1-000975,SENSE,SENSE-A1-000558,A1-M03-I05-S1,THIRD_RETURN,A1-M04-I05-S1,CROSS_MODULE,PRESERVE_TARGET_MODE_POLICY,REQUIRED,CONTEXTUAL_OR_FUNCTION_BOUND,NONE,Return scheduling requirement; exposure is not mastery.
REC-A1-000976,SENSE,SENSE-A1-000561,A1-M03-I05-S1,FIRST_RETURN,A1-M03-I05-S2,SAME_ISLAND,PRESERVE_TARGET_MODE_POLICY,REQUIRED,CONTEXTUAL_OR_FUNCTION_BOUND,NONE,Return scheduling requirement; exposure is not mastery.
REC-A1-000977,SENSE,SENSE-A1-000561,A1-M03-I05-S1,SECOND_RETURN,A1-M03-I05-S3,SAME_ISLAND,PRESERVE_TARGET_MODE_POLICY,REQUIRED,CONTEXTUAL_OR_FUNCTION_BOUND,NONE,Return scheduling requirement; exposure is not mastery.
REC-A1-000978,SENSE,SENSE-A1-000561,A1-M03-I05-S1,THIRD_RETURN,A1-M04-I05-S1,CROSS_MODULE,PRESERVE_TARGET_MODE_POLICY,REQUIRED,CONTEXTUAL_OR_FUNCTION_BOUND,NONE,Return scheduling requirement; exposure is not mastery.
REC-A1-000979,GRAMMAR_UNIT,GRAM-A1-008,A1-M03-I05-S1,FIRST_RETURN,A1-M03-I05-S2,SAME_ISLAND,PRESERVE_TARGET_MODE_POLICY,REQUIRED,FUNCTION_OR_TASK_BOUND,NONE,Return scheduling requirement; exposure is not mastery.
REC-A1-000980,GRAMMAR_UNIT,GRAM-A1-008,A1-M03-I05-S1,SECOND_RETURN,A1-M03-I05-S3,SAME_ISLAND,PRESERVE_TARGET_MODE_POLICY,REQUIRED,FUNCTION_OR_TASK_BOUND,NONE,Return scheduling requirement; exposure is not mastery.
REC-A1-000981,GRAMMAR_UNIT,GRAM-A1-008,A1-M03-I05-S1,THIRD_RETURN,A1-M04-I05-S1,CROSS_MODULE,PRESERVE_TARGET_MODE_POLICY,REQUIRED,FUNCTION_OR_TASK_BOUND,NONE,Return scheduling requirement; exposure is not mastery.
REC-A1-000982,GRAMMAR_UNIT,GRAM-A1-060,A1-M03-I05-S1,FIRST_RETURN,A1-M03-I05-S2,SAME_ISLAND,PRESERVE_TARGET_MODE_POLICY,REQUIRED,FUNCTION_OR_TASK_BOUND,NONE,Return scheduling requirement; exposure is not mastery.
REC-A1-000983,GRAMMAR_UNIT,GRAM-A1-060,A1-M03-I05-S1,SECOND_RETURN,A1-M03-I05-S3,SAME_ISLAND,PRESERVE_TARGET_MODE_POLICY,REQUIRED,FUNCTION_OR_TASK_BOUND,NONE,Return scheduling requirement; exposure is not mastery.
REC-A1-000984,GRAMMAR_UNIT,GRAM-A1-060,A1-M03-I05-S1,THIRD_RETURN,A1-M04-I05-S1,CROSS_MODULE,PRESERVE_TARGET_MODE_POLICY,REQUIRED,FUNCTION_OR_TASK_BOUND,NONE,Return scheduling requirement; exposure is not mastery.
REC-A1-000985,GRAMMAR_UNIT,GRAM-A1-061,A1-M03-I05-S1,FIRST_RETURN,A1-M03-I05-S2,SAME_ISLAND,PRESERVE_TARGET_MODE_POLICY,REQUIRED,FUNCTION_OR_TASK_BOUND,NONE,Return scheduling requirement; exposure is not mastery.
REC-A1-000986,GRAMMAR_UNIT,GRAM-A1-061,A1-M03-I05-S1,SECOND_RETURN,A1-M03-I05-S3,SAME_ISLAND,PRESERVE_TARGET_MODE_POLICY,REQUIRED,FUNCTION_OR_TASK_BOUND,NONE,Return scheduling requirement; exposure is not mastery.
REC-A1-000987,GRAMMAR_UNIT,GRAM-A1-061,A1-M03-I05-S1,THIRD_RETURN,A1-M04-I05-S1,CROSS_MODULE,PRESERVE_TARGET_MODE_POLICY,REQUIRED,FUNCTION_OR_TASK_BOUND,NONE,Return scheduling requirement; exposure is not mastery.
REC-A1-000988,GRAMMAR_UNIT,GRAM-A1-062,A1-M03-I05-S1,FIRST_RETURN,A1-M03-I05-S2,SAME_ISLAND,PRESERVE_TARGET_MODE_POLICY,REQUIRED,FUNCTION_OR_TASK_BOUND,NONE,Return scheduling requirement; exposure is not mastery.
REC-A1-000989,GRAMMAR_UNIT,GRAM-A1-062,A1-M03-I05-S1,SECOND_RETURN,A1-M03-I05-S3,SAME_ISLAND,PRESERVE_TARGET_MODE_POLICY,REQUIRED,FUNCTION_OR_TASK_BOUND,NONE,Return scheduling requirement; exposure is not mastery.
REC-A1-000990,GRAMMAR_UNIT,GRAM-A1-062,A1-M03-I05-S1,THIRD_RETURN,A1-M04-I05-S1,CROSS_MODULE,PRESERVE_TARGET_MODE_POLICY,REQUIRED,FUNCTION_OR_TASK_BOUND,NONE,Return scheduling requirement; exposure is not mastery.
REC-A1-000991,GRAMMAR_UNIT,GRAM-A1-063,A1-M03-I05-S1,FIRST_RETURN,A1-M03-I05-S2,SAME_ISLAND,PRESERVE_TARGET_MODE_POLICY,REQUIRED,FUNCTION_OR_TASK_BOUND,NONE,Return scheduling requirement; exposure is not mastery.
REC-A1-000992,GRAMMAR_UNIT,GRAM-A1-063,A1-M03-I05-S1,SECOND_RETURN,A1-M03-I05-S3,SAME_ISLAND,PRESERVE_TARGET_MODE_POLICY,REQUIRED,FUNCTION_OR_TASK_BOUND,NONE,Return scheduling requirement; exposure is not mastery.
REC-A1-000993,GRAMMAR_UNIT,GRAM-A1-063,A1-M03-I05-S1,THIRD_RETURN,A1-M04-I05-S1,CROSS_MODULE,PRESERVE_TARGET_MODE_POLICY,REQUIRED,FUNCTION_OR_TASK_BOUND,NONE,Return scheduling requirement; exposure is not mastery.
REC-A1-000994,GRAMMAR_UNIT,GRAM-A1-097,A1-M03-I05-S3,FIRST_RETURN,A1-M03-I06-S1,SAME_MODULE_CROSS_ISLAND,PRESERVE_TARGET_MODE_POLICY,REQUIRED,FUNCTION_OR_TASK_BOUND,NONE,Return scheduling requirement; exposure is not mastery.
REC-A1-000995,GRAMMAR_UNIT,GRAM-A1-097,A1-M03-I05-S3,SECOND_RETURN,A1-M03-I06-S2,SAME_MODULE_CROSS_ISLAND,PRESERVE_TARGET_MODE_POLICY,REQUIRED,FUNCTION_OR_TASK_BOUND,NONE,Return scheduling requirement; exposure is not mastery.
REC-A1-000996,GRAMMAR_UNIT,GRAM-A1-097,A1-M03-I05-S3,THIRD_RETURN,A1-M04-I05-S2,CROSS_MODULE,PRESERVE_TARGET_MODE_POLICY,REQUIRED,FUNCTION_OR_TASK_BOUND,NONE,Return scheduling requirement; exposure is not mastery.
REC-A1-000997,GRAMMAR_UNIT,GRAM-A1-098,A1-M03-I05-S3,FIRST_RETURN,A1-M03-I06-S1,SAME_MODULE_CROSS_ISLAND,PRESERVE_TARGET_MODE_POLICY,REQUIRED,FUNCTION_OR_TASK_BOUND,NONE,Return scheduling requirement; exposure is not mastery.
REC-A1-000998,GRAMMAR_UNIT,GRAM-A1-098,A1-M03-I05-S3,SECOND_RETURN,A1-M03-I06-S2,SAME_MODULE_CROSS_ISLAND,PRESERVE_TARGET_MODE_POLICY,REQUIRED,FUNCTION_OR_TASK_BOUND,NONE,Return scheduling requirement; exposure is not mastery.
REC-A1-000999,GRAMMAR_UNIT,GRAM-A1-098,A1-M03-I05-S3,THIRD_RETURN,A1-M04-I05-S2,CROSS_MODULE,PRESERVE_TARGET_MODE_POLICY,REQUIRED,FUNCTION_OR_TASK_BOUND,NONE,Return scheduling requirement; exposure is not mastery.
REC-A1-001000,GRAMMAR_UNIT,GRAM-A1-129,A1-M03-I05-S3,FIRST_RETURN,A1-M03-I06-S1,SAME_MODULE_CROSS_ISLAND,PRESERVE_TARGET_MODE_POLICY,REQUIRED,FUNCTION_OR_TASK_BOUND,NONE,Return scheduling requirement; exposure is not mastery.
REC-A1-001001,GRAMMAR_UNIT,GRAM-A1-129,A1-M03-I05-S3,SECOND_RETURN,A1-M03-I06-S2,SAME_MODULE_CROSS_ISLAND,PRESERVE_TARGET_MODE_POLICY,REQUIRED,FUNCTION_OR_TASK_BOUND,NONE,Return scheduling requirement; exposure is not mastery.
REC-A1-001002,GRAMMAR_UNIT,GRAM-A1-129,A1-M03-I05-S3,THIRD_RETURN,A1-M04-I05-S2,CROSS_MODULE,PRESERVE_TARGET_MODE_POLICY,REQUIRED,FUNCTION_OR_TASK_BOUND,NONE,Return scheduling requirement; exposure is not mastery.
REC-A1-001003,MWU_SOURCE_UNIT,12B1-MWU-0143,A1-M03-I05-S1,FIRST_RETURN,A1-M03-I05-S2,SAME_ISLAND,PRESERVE_TARGET_MODE_POLICY,REQUIRED,CONTEXTUAL_OR_FUNCTION_BOUND,NONE,Return scheduling requirement; exposure is not mastery.
REC-A1-001004,MWU_SOURCE_UNIT,12B1-MWU-0143,A1-M03-I05-S1,SECOND_RETURN,A1-M03-I05-S3,SAME_ISLAND,PRESERVE_TARGET_MODE_POLICY,REQUIRED,CONTEXTUAL_OR_FUNCTION_BOUND,NONE,Return scheduling requirement; exposure is not mastery.
REC-A1-001005,MWU_SOURCE_UNIT,12B1-MWU-0143,A1-M03-I05-S1,THIRD_RETURN,A1-M04-I05-S1,CROSS_MODULE,PRESERVE_TARGET_MODE_POLICY,REQUIRED,CONTEXTUAL_OR_FUNCTION_BOUND,NONE,Return scheduling requirement; exposure is not mastery.
REC-A1-001006,MWU_SOURCE_UNIT,12B1-MWU-0145,A1-M03-I05-S1,FIRST_RETURN,A1-M03-I05-S2,SAME_ISLAND,PRESERVE_TARGET_MODE_POLICY,REQUIRED,CONTEXTUAL_OR_FUNCTION_BOUND,NONE,Return scheduling requirement; exposure is not mastery.
REC-A1-001007,MWU_SOURCE_UNIT,12B1-MWU-0145,A1-M03-I05-S1,SECOND_RETURN,A1-M03-I05-S3,SAME_ISLAND,PRESERVE_TARGET_MODE_POLICY,REQUIRED,CONTEXTUAL_OR_FUNCTION_BOUND,NONE,Return scheduling requirement; exposure is not mastery.
REC-A1-001008,MWU_SOURCE_UNIT,12B1-MWU-0145,A1-M03-I05-S1,THIRD_RETURN,A1-M04-I05-S1,CROSS_MODULE,PRESERVE_TARGET_MODE_POLICY,REQUIRED,CONTEXTUAL_OR_FUNCTION_BOUND,NONE,Return scheduling requirement; exposure is not mastery.
REC-A1-001009,MWU_SOURCE_UNIT,12B1-MWU-0153,A1-M03-I05-S3,FIRST_RETURN,A1-M03-I06-S1,SAME_MODULE_CROSS_ISLAND,PRESERVE_TARGET_MODE_POLICY,REQUIRED,CONTEXTUAL_OR_FUNCTION_BOUND,NONE,Return scheduling requirement; exposure is not mastery.
REC-A1-001010,MWU_SOURCE_UNIT,12B1-MWU-0153,A1-M03-I05-S3,SECOND_RETURN,A1-M03-I06-S2,SAME_MODULE_CROSS_ISLAND,PRESERVE_TARGET_MODE_POLICY,REQUIRED,CONTEXTUAL_OR_FUNCTION_BOUND,NONE,Return scheduling requirement; exposure is not mastery.
REC-A1-001011,MWU_SOURCE_UNIT,12B1-MWU-0153,A1-M03-I05-S3,THIRD_RETURN,A1-M04-I05-S2,CROSS_MODULE,PRESERVE_TARGET_MODE_POLICY,REQUIRED,CONTEXTUAL_OR_FUNCTION_BOUND,NONE,Return scheduling requirement; exposure is not mastery.
REC-A1-001012,MWU_SOURCE_UNIT,12B1-MWU-0159,A1-M03-I05-S1,FIRST_RETURN,A1-M03-I05-S2,SAME_ISLAND,PRESERVE_TARGET_MODE_POLICY,REQUIRED,TARGET_PROFILE_ONLY,NONE,Return scheduling requirement; exposure is not mastery.
REC-A1-001013,MWU_SOURCE_UNIT,12B1-MWU-0159,A1-M03-I05-S1,SECOND_RETURN,A1-M03-I05-S3,SAME_ISLAND,PRESERVE_TARGET_MODE_POLICY,REQUIRED,TARGET_PROFILE_ONLY,NONE,Return scheduling requirement; exposure is not mastery.
REC-A1-001014,MWU_SOURCE_UNIT,12B1-MWU-0159,A1-M03-I05-S1,THIRD_RETURN,A1-M04-I05-S1,CROSS_MODULE,PRESERVE_TARGET_MODE_POLICY,REQUIRED,TARGET_PROFILE_ONLY,NONE,Return scheduling requirement; exposure is not mastery.
REC-A1-001015,MWU_SOURCE_UNIT,12B1-MWU-0160,A1-M03-I05-S1,FIRST_RETURN,A1-M03-I05-S2,SAME_ISLAND,PRESERVE_TARGET_MODE_POLICY,REQUIRED,TARGET_PROFILE_ONLY,NONE,Return scheduling requirement; exposure is not mastery.
REC-A1-001016,MWU_SOURCE_UNIT,12B1-MWU-0160,A1-M03-I05-S1,SECOND_RETURN,A1-M03-I05-S3,SAME_ISLAND,PRESERVE_TARGET_MODE_POLICY,REQUIRED,TARGET_PROFILE_ONLY,NONE,Return scheduling requirement; exposure is not mastery.
REC-A1-001017,MWU_SOURCE_UNIT,12B1-MWU-0160,A1-M03-I05-S1,THIRD_RETURN,A1-M04-I05-S1,CROSS_MODULE,PRESERVE_TARGET_MODE_POLICY,REQUIRED,TARGET_PROFILE_ONLY,NONE,Return scheduling requirement; exposure is not mastery.
REC-A1-001018,MWU_SOURCE_UNIT,12B1-MWU-0161,A1-M03-I05-S3,FIRST_RETURN,A1-M03-I06-S1,SAME_MODULE_CROSS_ISLAND,PRESERVE_TARGET_MODE_POLICY,REQUIRED,TARGET_PROFILE_ONLY,NONE,Return scheduling requirement; exposure is not mastery.
REC-A1-001019,MWU_SOURCE_UNIT,12B1-MWU-0161,A1-M03-I05-S3,SECOND_RETURN,A1-M03-I06-S2,SAME_MODULE_CROSS_ISLAND,PRESERVE_TARGET_MODE_POLICY,REQUIRED,TARGET_PROFILE_ONLY,NONE,Return scheduling requirement; exposure is not mastery.
REC-A1-001020,MWU_SOURCE_UNIT,12B1-MWU-0161,A1-M03-I05-S3,THIRD_RETURN,A1-M04-I05-S2,CROSS_MODULE,PRESERVE_TARGET_MODE_POLICY,REQUIRED,TARGET_PROFILE_ONLY,NONE,Return scheduling requirement; exposure is not mastery.
REC-A1-001021,MWU_SOURCE_UNIT,12B1-MWU-0172,A1-M03-I05-S1,FIRST_RETURN,A1-M03-I05-S2,SAME_ISLAND,PRESERVE_TARGET_MODE_POLICY,REQUIRED,CONTEXTUAL_OR_FUNCTION_BOUND,NONE,Return scheduling requirement; exposure is not mastery.
REC-A1-001022,MWU_SOURCE_UNIT,12B1-MWU-0172,A1-M03-I05-S1,SECOND_RETURN,A1-M03-I05-S3,SAME_ISLAND,PRESERVE_TARGET_MODE_POLICY,REQUIRED,CONTEXTUAL_OR_FUNCTION_BOUND,NONE,Return scheduling requirement; exposure is not mastery.
REC-A1-001023,MWU_SOURCE_UNIT,12B1-MWU-0172,A1-M03-I05-S1,THIRD_RETURN,A1-M04-I05-S1,CROSS_MODULE,PRESERVE_TARGET_MODE_POLICY,REQUIRED,CONTEXTUAL_OR_FUNCTION_BOUND,NONE,Return scheduling requirement; exposure is not mastery.
REC-A1-001024,MWU_SOURCE_UNIT,12B1-MWU-0173,A1-M03-I05-S1,FIRST_RETURN,A1-M03-I05-S2,SAME_ISLAND,PRESERVE_TARGET_MODE_POLICY,REQUIRED,CONTEXTUAL_OR_FUNCTION_BOUND,NONE,Return scheduling requirement; exposure is not mastery.
REC-A1-001025,MWU_SOURCE_UNIT,12B1-MWU-0173,A1-M03-I05-S1,SECOND_RETURN,A1-M03-I05-S3,SAME_ISLAND,PRESERVE_TARGET_MODE_POLICY,REQUIRED,CONTEXTUAL_OR_FUNCTION_BOUND,NONE,Return scheduling requirement; exposure is not mastery.
REC-A1-001026,MWU_SOURCE_UNIT,12B1-MWU-0173,A1-M03-I05-S1,THIRD_RETURN,A1-M04-I05-S1,CROSS_MODULE,PRESERVE_TARGET_MODE_POLICY,REQUIRED,CONTEXTUAL_OR_FUNCTION_BOUND,NONE,Return scheduling requirement; exposure is not mastery.
REC-A1-001027,MWU_SOURCE_UNIT,12B1-MWU-0174,A1-M03-I05-S3,FIRST_RETURN,A1-M03-I06-S1,SAME_MODULE_CROSS_ISLAND,PRESERVE_TARGET_MODE_POLICY,REQUIRED,CONTEXTUAL_OR_FUNCTION_BOUND,NONE,Return scheduling requirement; exposure is not mastery.
REC-A1-001028,MWU_SOURCE_UNIT,12B1-MWU-0174,A1-M03-I05-S3,SECOND_RETURN,A1-M03-I06-S2,SAME_MODULE_CROSS_ISLAND,PRESERVE_TARGET_MODE_POLICY,REQUIRED,CONTEXTUAL_OR_FUNCTION_BOUND,NONE,Return scheduling requirement; exposure is not mastery.
REC-A1-001029,MWU_SOURCE_UNIT,12B1-MWU-0174,A1-M03-I05-S3,THIRD_RETURN,A1-M04-I05-S2,CROSS_MODULE,PRESERVE_TARGET_MODE_POLICY,REQUIRED,CONTEXTUAL_OR_FUNCTION_BOUND,NONE,Return scheduling requirement; exposure is not mastery.
REC-A1-001030,MWU_SOURCE_UNIT,12B1-MWU-0187,A1-M03-I05-S1,FIRST_RETURN,A1-M03-I05-S2,SAME_ISLAND,PRESERVE_TARGET_MODE_POLICY,REQUIRED,CONTEXTUAL_OR_FUNCTION_BOUND,NONE,Return scheduling requirement; exposure is not mastery.
REC-A1-001031,MWU_SOURCE_UNIT,12B1-MWU-0187,A1-M03-I05-S1,SECOND_RETURN,A1-M03-I05-S3,SAME_ISLAND,PRESERVE_TARGET_MODE_POLICY,REQUIRED,CONTEXTUAL_OR_FUNCTION_BOUND,NONE,Return scheduling requirement; exposure is not mastery.
REC-A1-001032,MWU_SOURCE_UNIT,12B1-MWU-0187,A1-M03-I05-S1,THIRD_RETURN,A1-M04-I05-S1,CROSS_MODULE,PRESERVE_TARGET_MODE_POLICY,REQUIRED,CONTEXTUAL_OR_FUNCTION_BOUND,NONE,Return scheduling requirement; exposure is not mastery.
REC-A1-001033,SENSE,SENSE-A1-000042,A1-M03-I05-S2,FIRST_RETURN,A1-M03-I05-S3,SAME_ISLAND,PRESERVE_TARGET_MODE_POLICY,REQUIRED,CONTEXTUAL_OR_FUNCTION_BOUND,NONE,Return scheduling requirement; exposure is not mastery.
REC-A1-001034,SENSE,SENSE-A1-000042,A1-M03-I05-S2,SECOND_RETURN,A1-M03-I06-S1,SAME_MODULE_CROSS_ISLAND,PRESERVE_TARGET_MODE_POLICY,REQUIRED,CONTEXTUAL_OR_FUNCTION_BOUND,NONE,Return scheduling requirement; exposure is not mastery.
REC-A1-001035,SENSE,SENSE-A1-000042,A1-M03-I05-S2,THIRD_RETURN,A1-M04-I05-S4,CROSS_MODULE,PRESERVE_TARGET_MODE_POLICY,REQUIRED,CONTEXTUAL_OR_FUNCTION_BOUND,NONE,Return scheduling requirement; exposure is not mastery.
REC-A1-001036,SENSE,SENSE-A1-000062,A1-M03-I05-S3,FIRST_RETURN,A1-M03-I06-S1,SAME_MODULE_CROSS_ISLAND,PRESERVE_TARGET_MODE_POLICY,REQUIRED,CONTEXTUAL_OR_FUNCTION_BOUND,NONE,Return scheduling requirement; exposure is not mastery.
REC-A1-001037,SENSE,SENSE-A1-000062,A1-M03-I05-S3,SECOND_RETURN,A1-M03-I06-S2,SAME_MODULE_CROSS_ISLAND,PRESERVE_TARGET_MODE_POLICY,REQUIRED,CONTEXTUAL_OR_FUNCTION_BOUND,NONE,Return scheduling requirement; exposure is not mastery.
REC-A1-001038,SENSE,SENSE-A1-000062,A1-M03-I05-S3,THIRD_RETURN,A1-M04-I05-S2,CROSS_MODULE,PRESERVE_TARGET_MODE_POLICY,REQUIRED,CONTEXTUAL_OR_FUNCTION_BOUND,NONE,Return scheduling requirement; exposure is not mastery.
REC-A1-001039,SENSE,SENSE-A1-000070,A1-M03-I05-S2,FIRST_RETURN,A1-M03-I05-S3,SAME_ISLAND,PRESERVE_TARGET_MODE_POLICY,REQUIRED,CONTEXTUAL_OR_FUNCTION_BOUND,NONE,Return scheduling requirement; exposure is not mastery.
REC-A1-001040,SENSE,SENSE-A1-000070,A1-M03-I05-S2,SECOND_RETURN,A1-M03-I06-S1,SAME_MODULE_CROSS_ISLAND,PRESERVE_TARGET_MODE_POLICY,REQUIRED,CONTEXTUAL_OR_FUNCTION_BOUND,NONE,Return scheduling requirement; exposure is not mastery.
REC-A1-001041,SENSE,SENSE-A1-000070,A1-M03-I05-S2,THIRD_RETURN,A1-M04-I05-S4,CROSS_MODULE,PRESERVE_TARGET_MODE_POLICY,REQUIRED,CONTEXTUAL_OR_FUNCTION_BOUND,NONE,Return scheduling requirement; exposure is not mastery.
REC-A1-001042,SENSE,SENSE-A1-000122,A1-M03-I05-S3,FIRST_RETURN,A1-M03-I06-S1,SAME_MODULE_CROSS_ISLAND,PRESERVE_TARGET_MODE_POLICY,REQUIRED,CONTEXTUAL_OR_FUNCTION_BOUND,NONE,Return scheduling requirement; exposure is not mastery.
REC-A1-001043,SENSE,SENSE-A1-000122,A1-M03-I05-S3,SECOND_RETURN,A1-M03-I06-S2,SAME_MODULE_CROSS_ISLAND,PRESERVE_TARGET_MODE_POLICY,REQUIRED,CONTEXTUAL_OR_FUNCTION_BOUND,NONE,Return scheduling requirement; exposure is not mastery.
REC-A1-001044,SENSE,SENSE-A1-000122,A1-M03-I05-S3,THIRD_RETURN,A1-M04-I05-S2,CROSS_MODULE,PRESERVE_TARGET_MODE_POLICY,REQUIRED,CONTEXTUAL_OR_FUNCTION_BOUND,NONE,Return scheduling requirement; exposure is not mastery.
REC-A1-001045,SENSE,SENSE-A1-000147,A1-M03-I05-S2,FIRST_RETURN,A1-M03-I05-S3,SAME_ISLAND,PRESERVE_TARGET_MODE_POLICY,REQUIRED,CONTEXTUAL_OR_FUNCTION_BOUND,NONE,Return scheduling requirement; exposure is not mastery.
REC-A1-001046,SENSE,SENSE-A1-000147,A1-M03-I05-S2,SECOND_RETURN,A1-M03-I06-S1,SAME_MODULE_CROSS_ISLAND,PRESERVE_TARGET_MODE_POLICY,REQUIRED,CONTEXTUAL_OR_FUNCTION_BOUND,NONE,Return scheduling requirement; exposure is not mastery.
REC-A1-001047,SENSE,SENSE-A1-000147,A1-M03-I05-S2,THIRD_RETURN,A1-M04-I05-S4,CROSS_MODULE,PRESERVE_TARGET_MODE_POLICY,REQUIRED,CONTEXTUAL_OR_FUNCTION_BOUND,NONE,Return scheduling requirement; exposure is not mastery.
REC-A1-001048,SENSE,SENSE-A1-000185,A1-M03-I05-S3,FIRST_RETURN,A1-M03-I06-S1,SAME_MODULE_CROSS_ISLAND,PRESERVE_TARGET_MODE_POLICY,REQUIRED,CONTEXTUAL_OR_FUNCTION_BOUND,NONE,Return scheduling requirement; exposure is not mastery.
REC-A1-001049,SENSE,SENSE-A1-000185,A1-M03-I05-S3,SECOND_RETURN,A1-M03-I06-S2,SAME_MODULE_CROSS_ISLAND,PRESERVE_TARGET_MODE_POLICY,REQUIRED,CONTEXTUAL_OR_FUNCTION_BOUND,NONE,Return scheduling requirement; exposure is not mastery.
REC-A1-001050,SENSE,SENSE-A1-000185,A1-M03-I05-S3,THIRD_RETURN,A1-M04-I05-S2,CROSS_MODULE,PRESERVE_TARGET_MODE_POLICY,REQUIRED,CONTEXTUAL_OR_FUNCTION_BOUND,NONE,Return scheduling requirement; exposure is not mastery.
REC-A1-001051,SENSE,SENSE-A1-000188,A1-M03-I05-S2,FIRST_RETURN,A1-M03-I05-S3,SAME_ISLAND,PRESERVE_TARGET_MODE_POLICY,REQUIRED,CONTEXTUAL_OR_FUNCTION_BOUND,NONE,Return scheduling requirement; exposure is not mastery.
REC-A1-001052,SENSE,SENSE-A1-000188,A1-M03-I05-S2,SECOND_RETURN,A1-M03-I06-S1,SAME_MODULE_CROSS_ISLAND,PRESERVE_TARGET_MODE_POLICY,REQUIRED,CONTEXTUAL_OR_FUNCTION_BOUND,NONE,Return scheduling requirement; exposure is not mastery.
REC-A1-001053,SENSE,SENSE-A1-000188,A1-M03-I05-S2,THIRD_RETURN,A1-M04-I05-S4,CROSS_MODULE,PRESERVE_TARGET_MODE_POLICY,REQUIRED,CONTEXTUAL_OR_FUNCTION_BOUND,NONE,Return scheduling requirement; exposure is not mastery.
REC-A1-001054,SENSE,SENSE-A1-000191,A1-M03-I05-S3,FIRST_RETURN,A1-M03-I06-S1,SAME_MODULE_CROSS_ISLAND,PRESERVE_TARGET_MODE_POLICY,REQUIRED,CONTEXTUAL_OR_FUNCTION_BOUND,NONE,Return scheduling requirement; exposure is not mastery.
REC-A1-001055,SENSE,SENSE-A1-000191,A1-M03-I05-S3,SECOND_RETURN,A1-M03-I06-S2,SAME_MODULE_CROSS_ISLAND,PRESERVE_TARGET_MODE_POLICY,REQUIRED,CONTEXTUAL_OR_FUNCTION_BOUND,NONE,Return scheduling requirement; exposure is not mastery.
REC-A1-001056,SENSE,SENSE-A1-000191,A1-M03-I05-S3,THIRD_RETURN,A1-M04-I05-S2,CROSS_MODULE,PRESERVE_TARGET_MODE_POLICY,REQUIRED,CONTEXTUAL_OR_FUNCTION_BOUND,NONE,Return scheduling requirement; exposure is not mastery.
REC-A1-001057,SENSE,SENSE-A1-000204,A1-M03-I05-S2,FIRST_RETURN,A1-M03-I05-S3,SAME_ISLAND,PRESERVE_TARGET_MODE_POLICY,REQUIRED,CONTEXTUAL_OR_FUNCTION_BOUND,NONE,Return scheduling requirement; exposure is not mastery.
REC-A1-001058,SENSE,SENSE-A1-000204,A1-M03-I05-S2,SECOND_RETURN,A1-M03-I06-S1,SAME_MODULE_CROSS_ISLAND,PRESERVE_TARGET_MODE_POLICY,REQUIRED,CONTEXTUAL_OR_FUNCTION_BOUND,NONE,Return scheduling requirement; exposure is not mastery.
REC-A1-001059,SENSE,SENSE-A1-000204,A1-M03-I05-S2,THIRD_RETURN,A1-M04-I05-S4,CROSS_MODULE,PRESERVE_TARGET_MODE_POLICY,REQUIRED,CONTEXTUAL_OR_FUNCTION_BOUND,NONE,Return scheduling requirement; exposure is not mastery.
REC-A1-001060,SENSE,SENSE-A1-000219,A1-M03-I05-S3,FIRST_RETURN,A1-M03-I06-S1,SAME_MODULE_CROSS_ISLAND,PRESERVE_TARGET_MODE_POLICY,REQUIRED,CONTEXTUAL_OR_FUNCTION_BOUND,NONE,Return scheduling requirement; exposure is not mastery.
REC-A1-001061,SENSE,SENSE-A1-000219,A1-M03-I05-S3,SECOND_RETURN,A1-M03-I06-S2,SAME_MODULE_CROSS_ISLAND,PRESERVE_TARGET_MODE_POLICY,REQUIRED,CONTEXTUAL_OR_FUNCTION_BOUND,NONE,Return scheduling requirement; exposure is not mastery.
REC-A1-001062,SENSE,SENSE-A1-000219,A1-M03-I05-S3,THIRD_RETURN,A1-M04-I05-S2,CROSS_MODULE,PRESERVE_TARGET_MODE_POLICY,REQUIRED,CONTEXTUAL_OR_FUNCTION_BOUND,NONE,Return scheduling requirement; exposure is not mastery.
REC-A1-001063,SENSE,SENSE-A1-000286,A1-M03-I05-S2,FIRST_RETURN,A1-M03-I05-S3,SAME_ISLAND,PRESERVE_TARGET_MODE_POLICY,REQUIRED,CONTEXTUAL_OR_FUNCTION_BOUND,NONE,Return scheduling requirement; exposure is not mastery.
REC-A1-001064,SENSE,SENSE-A1-000286,A1-M03-I05-S2,SECOND_RETURN,A1-M03-I06-S1,SAME_MODULE_CROSS_ISLAND,PRESERVE_TARGET_MODE_POLICY,REQUIRED,CONTEXTUAL_OR_FUNCTION_BOUND,NONE,Return scheduling requirement; exposure is not mastery.
REC-A1-001065,SENSE,SENSE-A1-000286,A1-M03-I05-S2,THIRD_RETURN,A1-M04-I05-S4,CROSS_MODULE,PRESERVE_TARGET_MODE_POLICY,REQUIRED,CONTEXTUAL_OR_FUNCTION_BOUND,NONE,Return scheduling requirement; exposure is not mastery.
REC-A1-001066,SENSE,SENSE-A1-000314,A1-M03-I05-S3,FIRST_RETURN,A1-M03-I06-S1,SAME_MODULE_CROSS_ISLAND,PRESERVE_TARGET_MODE_POLICY,REQUIRED,CONTEXTUAL_OR_FUNCTION_BOUND,NONE,Return scheduling requirement; exposure is not mastery.
REC-A1-001067,SENSE,SENSE-A1-000314,A1-M03-I05-S3,SECOND_RETURN,A1-M03-I06-S2,SAME_MODULE_CROSS_ISLAND,PRESERVE_TARGET_MODE_POLICY,REQUIRED,CONTEXTUAL_OR_FUNCTION_BOUND,NONE,Return scheduling requirement; exposure is not mastery.
REC-A1-001068,SENSE,SENSE-A1-000314,A1-M03-I05-S3,THIRD_RETURN,A1-M04-I05-S2,CROSS_MODULE,PRESERVE_TARGET_MODE_POLICY,REQUIRED,CONTEXTUAL_OR_FUNCTION_BOUND,NONE,Return scheduling requirement; exposure is not mastery.
REC-A1-001069,SENSE,SENSE-A1-000330,A1-M03-I05-S2,FIRST_RETURN,A1-M03-I05-S3,SAME_ISLAND,PRESERVE_TARGET_MODE_POLICY,REQUIRED,CONTEXTUAL_OR_FUNCTION_BOUND,NONE,Return scheduling requirement; exposure is not mastery.
REC-A1-001070,SENSE,SENSE-A1-000330,A1-M03-I05-S2,SECOND_RETURN,A1-M03-I06-S1,SAME_MODULE_CROSS_ISLAND,PRESERVE_TARGET_MODE_POLICY,REQUIRED,CONTEXTUAL_OR_FUNCTION_BOUND,NONE,Return scheduling requirement; exposure is not mastery.
REC-A1-001071,SENSE,SENSE-A1-000330,A1-M03-I05-S2,THIRD_RETURN,A1-M04-I05-S4,CROSS_MODULE,PRESERVE_TARGET_MODE_POLICY,REQUIRED,CONTEXTUAL_OR_FUNCTION_BOUND,NONE,Return scheduling requirement; exposure is not mastery.
REC-A1-001072,SENSE,SENSE-A1-000336,A1-M03-I05-S3,FIRST_RETURN,A1-M03-I06-S1,SAME_MODULE_CROSS_ISLAND,PRESERVE_TARGET_MODE_POLICY,REQUIRED,CONTEXTUAL_OR_FUNCTION_BOUND,NONE,Return scheduling requirement; exposure is not mastery.
REC-A1-001073,SENSE,SENSE-A1-000336,A1-M03-I05-S3,SECOND_RETURN,A1-M03-I06-S2,SAME_MODULE_CROSS_ISLAND,PRESERVE_TARGET_MODE_POLICY,REQUIRED,CONTEXTUAL_OR_FUNCTION_BOUND,NONE,Return scheduling requirement; exposure is not mastery.
REC-A1-001074,SENSE,SENSE-A1-000336,A1-M03-I05-S3,THIRD_RETURN,A1-M04-I05-S2,CROSS_MODULE,PRESERVE_TARGET_MODE_POLICY,REQUIRED,CONTEXTUAL_OR_FUNCTION_BOUND,NONE,Return scheduling requirement; exposure is not mastery.
REC-A1-001075,SENSE,SENSE-A1-000352,A1-M03-I05-S2,FIRST_RETURN,A1-M03-I05-S3,SAME_ISLAND,PRESERVE_TARGET_MODE_POLICY,REQUIRED,CONTEXTUAL_OR_FUNCTION_BOUND,NONE,Return scheduling requirement; exposure is not mastery.
REC-A1-001076,SENSE,SENSE-A1-000352,A1-M03-I05-S2,SECOND_RETURN,A1-M03-I06-S1,SAME_MODULE_CROSS_ISLAND,PRESERVE_TARGET_MODE_POLICY,REQUIRED,CONTEXTUAL_OR_FUNCTION_BOUND,NONE,Return scheduling requirement; exposure is not mastery.
REC-A1-001077,SENSE,SENSE-A1-000352,A1-M03-I05-S2,THIRD_RETURN,A1-M04-I05-S4,CROSS_MODULE,PRESERVE_TARGET_MODE_POLICY,REQUIRED,CONTEXTUAL_OR_FUNCTION_BOUND,NONE,Return scheduling requirement; exposure is not mastery.
REC-A1-001078,SENSE,SENSE-A1-000367,A1-M03-I05-S3,FIRST_RETURN,A1-M03-I06-S1,SAME_MODULE_CROSS_ISLAND,PRESERVE_TARGET_MODE_POLICY,REQUIRED,CONTEXTUAL_OR_FUNCTION_BOUND,NONE,Return scheduling requirement; exposure is not mastery.
REC-A1-001079,SENSE,SENSE-A1-000367,A1-M03-I05-S3,SECOND_RETURN,A1-M03-I06-S2,SAME_MODULE_CROSS_ISLAND,PRESERVE_TARGET_MODE_POLICY,REQUIRED,CONTEXTUAL_OR_FUNCTION_BOUND,NONE,Return scheduling requirement; exposure is not mastery.
REC-A1-001080,SENSE,SENSE-A1-000367,A1-M03-I05-S3,THIRD_RETURN,A1-M04-I05-S2,CROSS_MODULE,PRESERVE_TARGET_MODE_POLICY,REQUIRED,CONTEXTUAL_OR_FUNCTION_BOUND,NONE,Return scheduling requirement; exposure is not mastery.
REC-A1-001081,SENSE,SENSE-A1-000404,A1-M03-I05-S2,FIRST_RETURN,A1-M03-I05-S3,SAME_ISLAND,PRESERVE_TARGET_MODE_POLICY,REQUIRED,CONTEXTUAL_OR_FUNCTION_BOUND,NONE,Return scheduling requirement; exposure is not mastery.
REC-A1-001082,SENSE,SENSE-A1-000404,A1-M03-I05-S2,SECOND_RETURN,A1-M03-I06-S1,SAME_MODULE_CROSS_ISLAND,PRESERVE_TARGET_MODE_POLICY,REQUIRED,CONTEXTUAL_OR_FUNCTION_BOUND,NONE,Return scheduling requirement; exposure is not mastery.
REC-A1-001083,SENSE,SENSE-A1-000404,A1-M03-I05-S2,THIRD_RETURN,A1-M04-I05-S4,CROSS_MODULE,PRESERVE_TARGET_MODE_POLICY,REQUIRED,CONTEXTUAL_OR_FUNCTION_BOUND,NONE,Return scheduling requirement; exposure is not mastery.
REC-A1-001084,SENSE,SENSE-A1-000412,A1-M03-I05-S3,FIRST_RETURN,A1-M03-I06-S1,SAME_MODULE_CROSS_ISLAND,PRESERVE_TARGET_MODE_POLICY,REQUIRED,CONTEXTUAL_OR_FUNCTION_BOUND,NONE,Return scheduling requirement; exposure is not mastery.
REC-A1-001085,SENSE,SENSE-A1-000412,A1-M03-I05-S3,SECOND_RETURN,A1-M03-I06-S2,SAME_MODULE_CROSS_ISLAND,PRESERVE_TARGET_MODE_POLICY,REQUIRED,CONTEXTUAL_OR_FUNCTION_BOUND,NONE,Return scheduling requirement; exposure is not mastery.
REC-A1-001086,SENSE,SENSE-A1-000412,A1-M03-I05-S3,THIRD_RETURN,A1-M04-I05-S2,CROSS_MODULE,PRESERVE_TARGET_MODE_POLICY,REQUIRED,CONTEXTUAL_OR_FUNCTION_BOUND,NONE,Return scheduling requirement; exposure is not mastery.
REC-A1-001087,SENSE,SENSE-A1-000512,A1-M03-I05-S2,FIRST_RETURN,A1-M03-I05-S3,SAME_ISLAND,PRESERVE_TARGET_MODE_POLICY,REQUIRED,CONTEXTUAL_OR_FUNCTION_BOUND,NONE,Return scheduling requirement; exposure is not mastery.
REC-A1-001088,SENSE,SENSE-A1-000512,A1-M03-I05-S2,SECOND_RETURN,A1-M03-I06-S1,SAME_MODULE_CROSS_ISLAND,PRESERVE_TARGET_MODE_POLICY,REQUIRED,CONTEXTUAL_OR_FUNCTION_BOUND,NONE,Return scheduling requirement; exposure is not mastery.
REC-A1-001089,SENSE,SENSE-A1-000512,A1-M03-I05-S2,THIRD_RETURN,A1-M04-I05-S4,CROSS_MODULE,PRESERVE_TARGET_MODE_POLICY,REQUIRED,CONTEXTUAL_OR_FUNCTION_BOUND,NONE,Return scheduling requirement; exposure is not mastery.
REC-A1-001090,SENSE,SENSE-A1-000524,A1-M03-I05-S3,FIRST_RETURN,A1-M03-I06-S1,SAME_MODULE_CROSS_ISLAND,PRESERVE_TARGET_MODE_POLICY,REQUIRED,CONTEXTUAL_OR_FUNCTION_BOUND,NONE,Return scheduling requirement; exposure is not mastery.
REC-A1-001091,SENSE,SENSE-A1-000524,A1-M03-I05-S3,SECOND_RETURN,A1-M03-I06-S2,SAME_MODULE_CROSS_ISLAND,PRESERVE_TARGET_MODE_POLICY,REQUIRED,CONTEXTUAL_OR_FUNCTION_BOUND,NONE,Return scheduling requirement; exposure is not mastery.
REC-A1-001092,SENSE,SENSE-A1-000524,A1-M03-I05-S3,THIRD_RETURN,A1-M04-I05-S2,CROSS_MODULE,PRESERVE_TARGET_MODE_POLICY,REQUIRED,CONTEXTUAL_OR_FUNCTION_BOUND,NONE,Return scheduling requirement; exposure is not mastery.
REC-A1-001093,GRAMMAR_UNIT,GRAM-A1-081,A1-M03-I05-S3,FIRST_RETURN,A1-M03-I06-S1,SAME_MODULE_CROSS_ISLAND,PRESERVE_TARGET_MODE_POLICY,REQUIRED,FUNCTION_OR_TASK_BOUND,NONE,Return scheduling requirement; exposure is not mastery.
REC-A1-001094,GRAMMAR_UNIT,GRAM-A1-081,A1-M03-I05-S3,SECOND_RETURN,A1-M03-I06-S2,SAME_MODULE_CROSS_ISLAND,PRESERVE_TARGET_MODE_POLICY,REQUIRED,FUNCTION_OR_TASK_BOUND,NONE,Return scheduling requirement; exposure is not mastery.
REC-A1-001095,GRAMMAR_UNIT,GRAM-A1-081,A1-M03-I05-S3,THIRD_RETURN,A1-M04-I05-S2,CROSS_MODULE,PRESERVE_TARGET_MODE_POLICY,REQUIRED,FUNCTION_OR_TASK_BOUND,NONE,Return scheduling requirement; exposure is not mastery.
REC-A1-001096,GRAMMAR_UNIT,GRAM-A1-082,A1-M03-I05-S2,FIRST_RETURN,A1-M03-I05-S3,SAME_ISLAND,PRESERVE_TARGET_MODE_POLICY,REQUIRED,FUNCTION_OR_TASK_BOUND,NONE,Return scheduling requirement; exposure is not mastery.
REC-A1-001097,GRAMMAR_UNIT,GRAM-A1-082,A1-M03-I05-S2,SECOND_RETURN,A1-M03-I06-S1,SAME_MODULE_CROSS_ISLAND,PRESERVE_TARGET_MODE_POLICY,REQUIRED,FUNCTION_OR_TASK_BOUND,NONE,Return scheduling requirement; exposure is not mastery.
REC-A1-001098,GRAMMAR_UNIT,GRAM-A1-082,A1-M03-I05-S2,THIRD_RETURN,A1-M04-I05-S4,CROSS_MODULE,PRESERVE_TARGET_MODE_POLICY,REQUIRED,FUNCTION_OR_TASK_BOUND,NONE,Return scheduling requirement; exposure is not mastery.
REC-A1-001099,GRAMMAR_UNIT,GRAM-A1-108,A1-M03-I05-S3,FIRST_RETURN,A1-M03-I06-S1,SAME_MODULE_CROSS_ISLAND,PRESERVE_TARGET_MODE_POLICY,REQUIRED,FUNCTION_OR_TASK_BOUND,NONE,Return scheduling requirement; exposure is not mastery.
REC-A1-001100,GRAMMAR_UNIT,GRAM-A1-108,A1-M03-I05-S3,SECOND_RETURN,A1-M03-I06-S2,SAME_MODULE_CROSS_ISLAND,PRESERVE_TARGET_MODE_POLICY,REQUIRED,FUNCTION_OR_TASK_BOUND,NONE,Return scheduling requirement; exposure is not mastery.
REC-A1-001101,GRAMMAR_UNIT,GRAM-A1-108,A1-M03-I05-S3,THIRD_RETURN,A1-M04-I05-S2,CROSS_MODULE,PRESERVE_TARGET_MODE_POLICY,REQUIRED,FUNCTION_OR_TASK_BOUND,NONE,Return scheduling requirement; exposure is not mastery.
REC-A1-001102,GRAMMAR_UNIT,GRAM-A1-110,A1-M03-I05-S3,FIRST_RETURN,A1-M03-I06-S1,SAME_MODULE_CROSS_ISLAND,PRESERVE_TARGET_MODE_POLICY,REQUIRED,FUNCTION_OR_TASK_BOUND,NONE,Return scheduling requirement; exposure is not mastery.
REC-A1-001103,GRAMMAR_UNIT,GRAM-A1-110,A1-M03-I05-S3,SECOND_RETURN,A1-M03-I06-S2,SAME_MODULE_CROSS_ISLAND,PRESERVE_TARGET_MODE_POLICY,REQUIRED,FUNCTION_OR_TASK_BOUND,NONE,Return scheduling requirement; exposure is not mastery.
REC-A1-001104,GRAMMAR_UNIT,GRAM-A1-110,A1-M03-I05-S3,THIRD_RETURN,A1-M04-I05-S2,CROSS_MODULE,PRESERVE_TARGET_MODE_POLICY,REQUIRED,FUNCTION_OR_TASK_BOUND,NONE,Return scheduling requirement; exposure is not mastery.
REC-A1-001105,GRAMMAR_UNIT,GRAM-A1-112,A1-M03-I05-S2,FIRST_RETURN,A1-M03-I05-S3,SAME_ISLAND,PRESERVE_TARGET_MODE_POLICY,REQUIRED,FUNCTION_OR_TASK_BOUND,NONE,Return scheduling requirement; exposure is not mastery.
REC-A1-001106,GRAMMAR_UNIT,GRAM-A1-112,A1-M03-I05-S2,SECOND_RETURN,A1-M03-I06-S1,SAME_MODULE_CROSS_ISLAND,PRESERVE_TARGET_MODE_POLICY,REQUIRED,FUNCTION_OR_TASK_BOUND,NONE,Return scheduling requirement; exposure is not mastery.
REC-A1-001107,GRAMMAR_UNIT,GRAM-A1-112,A1-M03-I05-S2,THIRD_RETURN,A1-M04-I05-S4,CROSS_MODULE,PRESERVE_TARGET_MODE_POLICY,REQUIRED,FUNCTION_OR_TASK_BOUND,NONE,Return scheduling requirement; exposure is not mastery.
REC-A1-001108,GRAMMAR_UNIT,GRAM-A1-113,A1-M03-I05-S2,FIRST_RETURN,A1-M03-I05-S3,SAME_ISLAND,PRESERVE_TARGET_MODE_POLICY,REQUIRED,FUNCTION_OR_TASK_BOUND,NONE,Return scheduling requirement; exposure is not mastery.
REC-A1-001109,GRAMMAR_UNIT,GRAM-A1-113,A1-M03-I05-S2,SECOND_RETURN,A1-M03-I06-S1,SAME_MODULE_CROSS_ISLAND,PRESERVE_TARGET_MODE_POLICY,REQUIRED,FUNCTION_OR_TASK_BOUND,NONE,Return scheduling requirement; exposure is not mastery.
REC-A1-001110,GRAMMAR_UNIT,GRAM-A1-113,A1-M03-I05-S2,THIRD_RETURN,A1-M04-I05-S4,CROSS_MODULE,PRESERVE_TARGET_MODE_POLICY,REQUIRED,FUNCTION_OR_TASK_BOUND,NONE,Return scheduling requirement; exposure is not mastery.
REC-A1-001111,GRAMMAR_UNIT,GRAM-A1-123,A1-M03-I05-S2,FIRST_RETURN,A1-M03-I05-S3,SAME_ISLAND,PRESERVE_TARGET_MODE_POLICY,REQUIRED,FUNCTION_OR_TASK_BOUND,NONE,Return scheduling requirement; exposure is not mastery.
REC-A1-001112,GRAMMAR_UNIT,GRAM-A1-123,A1-M03-I05-S2,SECOND_RETURN,A1-M03-I06-S1,SAME_MODULE_CROSS_ISLAND,PRESERVE_TARGET_MODE_POLICY,REQUIRED,FUNCTION_OR_TASK_BOUND,NONE,Return scheduling requirement; exposure is not mastery.
REC-A1-001113,GRAMMAR_UNIT,GRAM-A1-123,A1-M03-I05-S2,THIRD_RETURN,A1-M04-I05-S4,CROSS_MODULE,PRESERVE_TARGET_MODE_POLICY,REQUIRED,FUNCTION_OR_TASK_BOUND,NONE,Return scheduling requirement; exposure is not mastery.
REC-A1-001114,GRAMMAR_UNIT,GRAM-A1-140,A1-M03-I05-S3,FIRST_RETURN,A1-M03-I06-S1,SAME_MODULE_CROSS_ISLAND,PRESERVE_TARGET_MODE_POLICY,REQUIRED,FUNCTION_OR_TASK_BOUND,NONE,Return scheduling requirement; exposure is not mastery.
REC-A1-001115,GRAMMAR_UNIT,GRAM-A1-140,A1-M03-I05-S3,SECOND_RETURN,A1-M03-I06-S2,SAME_MODULE_CROSS_ISLAND,PRESERVE_TARGET_MODE_POLICY,REQUIRED,FUNCTION_OR_TASK_BOUND,NONE,Return scheduling requirement; exposure is not mastery.
REC-A1-001116,GRAMMAR_UNIT,GRAM-A1-140,A1-M03-I05-S3,THIRD_RETURN,A1-M04-I05-S2,CROSS_MODULE,PRESERVE_TARGET_MODE_POLICY,REQUIRED,FUNCTION_OR_TASK_BOUND,NONE,Return scheduling requirement; exposure is not mastery.
REC-A1-001117,MWU_SOURCE_UNIT,12B1-MWU-0092,A1-M03-I05-S3,FIRST_RETURN,A1-M03-I06-S1,SAME_MODULE_CROSS_ISLAND,PRESERVE_TARGET_MODE_POLICY,REQUIRED,CONTEXTUAL_OR_FUNCTION_BOUND,NONE,Return scheduling requirement; exposure is not mastery.
REC-A1-001118,MWU_SOURCE_UNIT,12B1-MWU-0092,A1-M03-I05-S3,SECOND_RETURN,A1-M03-I06-S2,SAME_MODULE_CROSS_ISLAND,PRESERVE_TARGET_MODE_POLICY,REQUIRED,CONTEXTUAL_OR_FUNCTION_BOUND,NONE,Return scheduling requirement; exposure is not mastery.
REC-A1-001119,MWU_SOURCE_UNIT,12B1-MWU-0092,A1-M03-I05-S3,THIRD_RETURN,A1-M04-I05-S2,CROSS_MODULE,PRESERVE_TARGET_MODE_POLICY,REQUIRED,CONTEXTUAL_OR_FUNCTION_BOUND,NONE,Return scheduling requirement; exposure is not mastery.
REC-A1-001120,MWU_SOURCE_UNIT,12B1-MWU-0093,A1-M03-I05-S2,FIRST_RETURN,A1-M03-I05-S3,SAME_ISLAND,PRESERVE_TARGET_MODE_POLICY,REQUIRED,CONTEXTUAL_OR_FUNCTION_BOUND,NONE,Return scheduling requirement; exposure is not mastery.
REC-A1-001121,MWU_SOURCE_UNIT,12B1-MWU-0093,A1-M03-I05-S2,SECOND_RETURN,A1-M03-I06-S1,SAME_MODULE_CROSS_ISLAND,PRESERVE_TARGET_MODE_POLICY,REQUIRED,CONTEXTUAL_OR_FUNCTION_BOUND,NONE,Return scheduling requirement; exposure is not mastery.
REC-A1-001122,MWU_SOURCE_UNIT,12B1-MWU-0093,A1-M03-I05-S2,THIRD_RETURN,A1-M04-I05-S4,CROSS_MODULE,PRESERVE_TARGET_MODE_POLICY,REQUIRED,CONTEXTUAL_OR_FUNCTION_BOUND,NONE,Return scheduling requirement; exposure is not mastery.
REC-A1-001123,MWU_SOURCE_UNIT,12B1-MWU-0096,A1-M03-I05-S3,FIRST_RETURN,A1-M03-I06-S1,SAME_MODULE_CROSS_ISLAND,PRESERVE_TARGET_MODE_POLICY,REQUIRED,CONTEXTUAL_OR_FUNCTION_BOUND,NONE,Return scheduling requirement; exposure is not mastery.
REC-A1-001124,MWU_SOURCE_UNIT,12B1-MWU-0096,A1-M03-I05-S3,SECOND_RETURN,A1-M03-I06-S2,SAME_MODULE_CROSS_ISLAND,PRESERVE_TARGET_MODE_POLICY,REQUIRED,CONTEXTUAL_OR_FUNCTION_BOUND,NONE,Return scheduling requirement; exposure is not mastery.
REC-A1-001125,MWU_SOURCE_UNIT,12B1-MWU-0096,A1-M03-I05-S3,THIRD_RETURN,A1-M04-I05-S2,CROSS_MODULE,PRESERVE_TARGET_MODE_POLICY,REQUIRED,CONTEXTUAL_OR_FUNCTION_BOUND,NONE,Return scheduling requirement; exposure is not mastery.
REC-A1-001126,MWU_SOURCE_UNIT,12B1-MWU-0097,A1-M03-I05-S2,FIRST_RETURN,A1-M03-I05-S3,SAME_ISLAND,PRESERVE_TARGET_MODE_POLICY,REQUIRED,CONTEXTUAL_OR_FUNCTION_BOUND,NONE,Return scheduling requirement; exposure is not mastery.
REC-A1-001127,MWU_SOURCE_UNIT,12B1-MWU-0097,A1-M03-I05-S2,SECOND_RETURN,A1-M03-I06-S1,SAME_MODULE_CROSS_ISLAND,PRESERVE_TARGET_MODE_POLICY,REQUIRED,CONTEXTUAL_OR_FUNCTION_BOUND,NONE,Return scheduling requirement; exposure is not mastery.
REC-A1-001128,MWU_SOURCE_UNIT,12B1-MWU-0097,A1-M03-I05-S2,THIRD_RETURN,A1-M04-I05-S4,CROSS_MODULE,PRESERVE_TARGET_MODE_POLICY,REQUIRED,CONTEXTUAL_OR_FUNCTION_BOUND,NONE,Return scheduling requirement; exposure is not mastery.
REC-A1-001129,MWU_SOURCE_UNIT,12B1-MWU-0098,A1-M03-I05-S3,FIRST_RETURN,A1-M03-I06-S1,SAME_MODULE_CROSS_ISLAND,PRESERVE_TARGET_MODE_POLICY,REQUIRED,CONTEXTUAL_OR_FUNCTION_BOUND,NONE,Return scheduling requirement; exposure is not mastery.
REC-A1-001130,MWU_SOURCE_UNIT,12B1-MWU-0098,A1-M03-I05-S3,SECOND_RETURN,A1-M03-I06-S2,SAME_MODULE_CROSS_ISLAND,PRESERVE_TARGET_MODE_POLICY,REQUIRED,CONTEXTUAL_OR_FUNCTION_BOUND,NONE,Return scheduling requirement; exposure is not mastery.
REC-A1-001131,MWU_SOURCE_UNIT,12B1-MWU-0098,A1-M03-I05-S3,THIRD_RETURN,A1-M04-I05-S2,CROSS_MODULE,PRESERVE_TARGET_MODE_POLICY,REQUIRED,CONTEXTUAL_OR_FUNCTION_BOUND,NONE,Return scheduling requirement; exposure is not mastery.
REC-A1-001132,MWU_SOURCE_UNIT,12B1-MWU-0099,A1-M03-I05-S2,FIRST_RETURN,A1-M03-I05-S3,SAME_ISLAND,PRESERVE_TARGET_MODE_POLICY,REQUIRED,CONTEXTUAL_OR_FUNCTION_BOUND,NONE,Return scheduling requirement; exposure is not mastery.
REC-A1-001133,MWU_SOURCE_UNIT,12B1-MWU-0099,A1-M03-I05-S2,SECOND_RETURN,A1-M03-I06-S1,SAME_MODULE_CROSS_ISLAND,PRESERVE_TARGET_MODE_POLICY,REQUIRED,CONTEXTUAL_OR_FUNCTION_BOUND,NONE,Return scheduling requirement; exposure is not mastery.
REC-A1-001134,MWU_SOURCE_UNIT,12B1-MWU-0099,A1-M03-I05-S2,THIRD_RETURN,A1-M04-I05-S4,CROSS_MODULE,PRESERVE_TARGET_MODE_POLICY,REQUIRED,CONTEXTUAL_OR_FUNCTION_BOUND,NONE,Return scheduling requirement; exposure is not mastery.
REC-A1-001135,SENSE,SENSE-A1-000009,A1-M03-I06-S1,FIRST_RETURN,A1-M03-I06-S2,SAME_ISLAND,PRESERVE_TARGET_MODE_POLICY,REQUIRED,CONTEXTUAL_OR_FUNCTION_BOUND,NONE,Return scheduling requirement; exposure is not mastery.
REC-A1-001136,SENSE,SENSE-A1-000009,A1-M03-I06-S1,SECOND_RETURN,A1-M04-I05-S1,CROSS_MODULE,PRESERVE_TARGET_MODE_POLICY,REQUIRED,CONTEXTUAL_OR_FUNCTION_BOUND,NONE,Return scheduling requirement; exposure is not mastery.
REC-A1-001137,SENSE,SENSE-A1-000009,A1-M03-I06-S1,THIRD_RETURN,A1-M05-I05-S2,CROSS_MODULE,PRESERVE_TARGET_MODE_POLICY,REQUIRED,CONTEXTUAL_OR_FUNCTION_BOUND,NONE,Return scheduling requirement; exposure is not mastery.
REC-A1-001138,SENSE,SENSE-A1-000013,A1-M03-I06-S1,FIRST_RETURN,A1-M03-I06-S2,SAME_ISLAND,PRESERVE_TARGET_MODE_POLICY,REQUIRED,CONTEXTUAL_OR_FUNCTION_BOUND,NONE,Return scheduling requirement; exposure is not mastery.
REC-A1-001139,SENSE,SENSE-A1-000013,A1-M03-I06-S1,SECOND_RETURN,A1-M04-I05-S1,CROSS_MODULE,PRESERVE_TARGET_MODE_POLICY,REQUIRED,CONTEXTUAL_OR_FUNCTION_BOUND,NONE,Return scheduling requirement; exposure is not mastery.
REC-A1-001140,SENSE,SENSE-A1-000013,A1-M03-I06-S1,THIRD_RETURN,A1-M05-I05-S2,CROSS_MODULE,PRESERVE_TARGET_MODE_POLICY,REQUIRED,CONTEXTUAL_OR_FUNCTION_BOUND,NONE,Return scheduling requirement; exposure is not mastery.
REC-A1-001141,SENSE,SENSE-A1-000047,A1-M03-I06-S1,FIRST_RETURN,A1-M03-I06-S2,SAME_ISLAND,PRESERVE_TARGET_MODE_POLICY,REQUIRED,CONTEXTUAL_OR_FUNCTION_BOUND,NONE,Return scheduling requirement; exposure is not mastery.
REC-A1-001142,SENSE,SENSE-A1-000047,A1-M03-I06-S1,SECOND_RETURN,A1-M04-I05-S1,CROSS_MODULE,PRESERVE_TARGET_MODE_POLICY,REQUIRED,CONTEXTUAL_OR_FUNCTION_BOUND,NONE,Return scheduling requirement; exposure is not mastery.
REC-A1-001143,SENSE,SENSE-A1-000047,A1-M03-I06-S1,THIRD_RETURN,A1-M05-I05-S2,CROSS_MODULE,PRESERVE_TARGET_MODE_POLICY,REQUIRED,CONTEXTUAL_OR_FUNCTION_BOUND,NONE,Return scheduling requirement; exposure is not mastery.
REC-A1-001144,SENSE,SENSE-A1-000071,A1-M03-I06-S1,FIRST_RETURN,A1-M03-I06-S2,SAME_ISLAND,PRESERVE_TARGET_MODE_POLICY,REQUIRED,CONTEXTUAL_OR_FUNCTION_BOUND,NONE,Return scheduling requirement; exposure is not mastery.
REC-A1-001145,SENSE,SENSE-A1-000071,A1-M03-I06-S1,SECOND_RETURN,A1-M04-I05-S1,CROSS_MODULE,PRESERVE_TARGET_MODE_POLICY,REQUIRED,CONTEXTUAL_OR_FUNCTION_BOUND,NONE,Return scheduling requirement; exposure is not mastery.
REC-A1-001146,SENSE,SENSE-A1-000071,A1-M03-I06-S1,THIRD_RETURN,A1-M05-I05-S2,CROSS_MODULE,PRESERVE_TARGET_MODE_POLICY,REQUIRED,CONTEXTUAL_OR_FUNCTION_BOUND,NONE,Return scheduling requirement; exposure is not mastery.
REC-A1-001147,SENSE,SENSE-A1-000079,A1-M03-I06-S1,FIRST_RETURN,A1-M03-I06-S2,SAME_ISLAND,PRESERVE_TARGET_MODE_POLICY,REQUIRED,CONTEXTUAL_OR_FUNCTION_BOUND,NONE,Return scheduling requirement; exposure is not mastery.
REC-A1-001148,SENSE,SENSE-A1-000079,A1-M03-I06-S1,SECOND_RETURN,A1-M04-I05-S1,CROSS_MODULE,PRESERVE_TARGET_MODE_POLICY,REQUIRED,CONTEXTUAL_OR_FUNCTION_BOUND,NONE,Return scheduling requirement; exposure is not mastery.
REC-A1-001149,SENSE,SENSE-A1-000079,A1-M03-I06-S1,THIRD_RETURN,A1-M05-I05-S2,CROSS_MODULE,PRESERVE_TARGET_MODE_POLICY,REQUIRED,CONTEXTUAL_OR_FUNCTION_BOUND,NONE,Return scheduling requirement; exposure is not mastery.
REC-A1-001150,SENSE,SENSE-A1-000131,A1-M03-I06-S1,FIRST_RETURN,A1-M03-I06-S2,SAME_ISLAND,PRESERVE_TARGET_MODE_POLICY,REQUIRED,CONTEXTUAL_OR_FUNCTION_BOUND,NONE,Return scheduling requirement; exposure is not mastery.
REC-A1-001151,SENSE,SENSE-A1-000131,A1-M03-I06-S1,SECOND_RETURN,A1-M04-I05-S1,CROSS_MODULE,PRESERVE_TARGET_MODE_POLICY,REQUIRED,CONTEXTUAL_OR_FUNCTION_BOUND,NONE,Return scheduling requirement; exposure is not mastery.
REC-A1-001152,SENSE,SENSE-A1-000131,A1-M03-I06-S1,THIRD_RETURN,A1-M05-I05-S2,CROSS_MODULE,PRESERVE_TARGET_MODE_POLICY,REQUIRED,CONTEXTUAL_OR_FUNCTION_BOUND,NONE,Return scheduling requirement; exposure is not mastery.
REC-A1-001153,SENSE,SENSE-A1-000140,A1-M03-I06-S1,FIRST_RETURN,A1-M03-I06-S2,SAME_ISLAND,PRESERVE_TARGET_MODE_POLICY,REQUIRED,CONTEXTUAL_OR_FUNCTION_BOUND,NONE,Return scheduling requirement; exposure is not mastery.
REC-A1-001154,SENSE,SENSE-A1-000140,A1-M03-I06-S1,SECOND_RETURN,A1-M04-I05-S1,CROSS_MODULE,PRESERVE_TARGET_MODE_POLICY,REQUIRED,CONTEXTUAL_OR_FUNCTION_BOUND,NONE,Return scheduling requirement; exposure is not mastery.
REC-A1-001155,SENSE,SENSE-A1-000140,A1-M03-I06-S1,THIRD_RETURN,A1-M05-I05-S2,CROSS_MODULE,PRESERVE_TARGET_MODE_POLICY,REQUIRED,CONTEXTUAL_OR_FUNCTION_BOUND,NONE,Return scheduling requirement; exposure is not mastery.
REC-A1-001156,SENSE,SENSE-A1-000146,A1-M03-I06-S1,FIRST_RETURN,A1-M03-I06-S2,SAME_ISLAND,PRESERVE_TARGET_MODE_POLICY,REQUIRED,CONTEXTUAL_OR_FUNCTION_BOUND,NONE,Return scheduling requirement; exposure is not mastery.
REC-A1-001157,SENSE,SENSE-A1-000146,A1-M03-I06-S1,SECOND_RETURN,A1-M04-I05-S1,CROSS_MODULE,PRESERVE_TARGET_MODE_POLICY,REQUIRED,CONTEXTUAL_OR_FUNCTION_BOUND,NONE,Return scheduling requirement; exposure is not mastery.
REC-A1-001158,SENSE,SENSE-A1-000146,A1-M03-I06-S1,THIRD_RETURN,A1-M05-I05-S2,CROSS_MODULE,PRESERVE_TARGET_MODE_POLICY,REQUIRED,CONTEXTUAL_OR_FUNCTION_BOUND,NONE,Return scheduling requirement; exposure is not mastery.
REC-A1-001159,SENSE,SENSE-A1-000155,A1-M03-I06-S1,FIRST_RETURN,A1-M03-I06-S2,SAME_ISLAND,PRESERVE_TARGET_MODE_POLICY,REQUIRED,TARGET_PROFILE_ONLY,NONE,Return scheduling requirement; exposure is not mastery.
REC-A1-001160,SENSE,SENSE-A1-000155,A1-M03-I06-S1,SECOND_RETURN,A1-M04-I05-S1,CROSS_MODULE,PRESERVE_TARGET_MODE_POLICY,REQUIRED,TARGET_PROFILE_ONLY,NONE,Return scheduling requirement; exposure is not mastery.
REC-A1-001161,SENSE,SENSE-A1-000155,A1-M03-I06-S1,THIRD_RETURN,A1-M05-I05-S2,CROSS_MODULE,PRESERVE_TARGET_MODE_POLICY,REQUIRED,TARGET_PROFILE_ONLY,NONE,Return scheduling requirement; exposure is not mastery.
REC-A1-001162,SENSE,SENSE-A1-000190,A1-M03-I06-S1,FIRST_RETURN,A1-M03-I06-S2,SAME_ISLAND,PRESERVE_TARGET_MODE_POLICY,REQUIRED,CONTEXTUAL_OR_FUNCTION_BOUND,NONE,Return scheduling requirement; exposure is not mastery.
REC-A1-001163,SENSE,SENSE-A1-000190,A1-M03-I06-S1,SECOND_RETURN,A1-M04-I05-S1,CROSS_MODULE,PRESERVE_TARGET_MODE_POLICY,REQUIRED,CONTEXTUAL_OR_FUNCTION_BOUND,NONE,Return scheduling requirement; exposure is not mastery.
REC-A1-001164,SENSE,SENSE-A1-000190,A1-M03-I06-S1,THIRD_RETURN,A1-M05-I05-S2,CROSS_MODULE,PRESERVE_TARGET_MODE_POLICY,REQUIRED,CONTEXTUAL_OR_FUNCTION_BOUND,NONE,Return scheduling requirement; exposure is not mastery.
REC-A1-001165,SENSE,SENSE-A1-000214,A1-M03-I06-S1,FIRST_RETURN,A1-M03-I06-S2,SAME_ISLAND,PRESERVE_TARGET_MODE_POLICY,REQUIRED,CONTEXTUAL_OR_FUNCTION_BOUND,NONE,Return scheduling requirement; exposure is not mastery.
REC-A1-001166,SENSE,SENSE-A1-000214,A1-M03-I06-S1,SECOND_RETURN,A1-M04-I05-S1,CROSS_MODULE,PRESERVE_TARGET_MODE_POLICY,REQUIRED,CONTEXTUAL_OR_FUNCTION_BOUND,NONE,Return scheduling requirement; exposure is not mastery.
REC-A1-001167,SENSE,SENSE-A1-000214,A1-M03-I06-S1,THIRD_RETURN,A1-M05-I05-S2,CROSS_MODULE,PRESERVE_TARGET_MODE_POLICY,REQUIRED,CONTEXTUAL_OR_FUNCTION_BOUND,NONE,Return scheduling requirement; exposure is not mastery.
REC-A1-001168,SENSE,SENSE-A1-000224,A1-M03-I06-S1,FIRST_RETURN,A1-M03-I06-S2,SAME_ISLAND,PRESERVE_TARGET_MODE_POLICY,REQUIRED,CONTEXTUAL_OR_FUNCTION_BOUND,NONE,Return scheduling requirement; exposure is not mastery.
REC-A1-001169,SENSE,SENSE-A1-000224,A1-M03-I06-S1,SECOND_RETURN,A1-M04-I05-S1,CROSS_MODULE,PRESERVE_TARGET_MODE_POLICY,REQUIRED,CONTEXTUAL_OR_FUNCTION_BOUND,NONE,Return scheduling requirement; exposure is not mastery.
REC-A1-001170,SENSE,SENSE-A1-000224,A1-M03-I06-S1,THIRD_RETURN,A1-M05-I05-S2,CROSS_MODULE,PRESERVE_TARGET_MODE_POLICY,REQUIRED,CONTEXTUAL_OR_FUNCTION_BOUND,NONE,Return scheduling requirement; exposure is not mastery.
REC-A1-001171,SENSE,SENSE-A1-000227,A1-M03-I06-S1,FIRST_RETURN,A1-M03-I06-S2,SAME_ISLAND,PRESERVE_TARGET_MODE_POLICY,REQUIRED,CONTEXTUAL_OR_FUNCTION_BOUND,NONE,Return scheduling requirement; exposure is not mastery.
REC-A1-001172,SENSE,SENSE-A1-000227,A1-M03-I06-S1,SECOND_RETURN,A1-M04-I05-S1,CROSS_MODULE,PRESERVE_TARGET_MODE_POLICY,REQUIRED,CONTEXTUAL_OR_FUNCTION_BOUND,NONE,Return scheduling requirement; exposure is not mastery.
REC-A1-001173,SENSE,SENSE-A1-000227,A1-M03-I06-S1,THIRD_RETURN,A1-M05-I05-S2,CROSS_MODULE,PRESERVE_TARGET_MODE_POLICY,REQUIRED,CONTEXTUAL_OR_FUNCTION_BOUND,NONE,Return scheduling requirement; exposure is not mastery.
REC-A1-001174,SENSE,SENSE-A1-000229,A1-M03-I06-S1,FIRST_RETURN,A1-M03-I06-S2,SAME_ISLAND,PRESERVE_TARGET_MODE_POLICY,REQUIRED,CONTEXTUAL_OR_FUNCTION_BOUND,NONE,Return scheduling requirement; exposure is not mastery.
REC-A1-001175,SENSE,SENSE-A1-000229,A1-M03-I06-S1,SECOND_RETURN,A1-M04-I05-S1,CROSS_MODULE,PRESERVE_TARGET_MODE_POLICY,REQUIRED,CONTEXTUAL_OR_FUNCTION_BOUND,NONE,Return scheduling requirement; exposure is not mastery.
REC-A1-001176,SENSE,SENSE-A1-000229,A1-M03-I06-S1,THIRD_RETURN,A1-M05-I05-S2,CROSS_MODULE,PRESERVE_TARGET_MODE_POLICY,REQUIRED,CONTEXTUAL_OR_FUNCTION_BOUND,NONE,Return scheduling requirement; exposure is not mastery.
REC-A1-001177,SENSE,SENSE-A1-000241,A1-M03-I06-S1,FIRST_RETURN,A1-M03-I06-S2,SAME_ISLAND,PRESERVE_TARGET_MODE_POLICY,REQUIRED,CONTEXTUAL_OR_FUNCTION_BOUND,NONE,Return scheduling requirement; exposure is not mastery.
REC-A1-001178,SENSE,SENSE-A1-000241,A1-M03-I06-S1,SECOND_RETURN,A1-M04-I05-S1,CROSS_MODULE,PRESERVE_TARGET_MODE_POLICY,REQUIRED,CONTEXTUAL_OR_FUNCTION_BOUND,NONE,Return scheduling requirement; exposure is not mastery.
REC-A1-001179,SENSE,SENSE-A1-000241,A1-M03-I06-S1,THIRD_RETURN,A1-M05-I05-S2,CROSS_MODULE,PRESERVE_TARGET_MODE_POLICY,REQUIRED,CONTEXTUAL_OR_FUNCTION_BOUND,NONE,Return scheduling requirement; exposure is not mastery.
REC-A1-001180,SENSE,SENSE-A1-000242,A1-M03-I06-S1,FIRST_RETURN,A1-M03-I06-S2,SAME_ISLAND,PRESERVE_TARGET_MODE_POLICY,REQUIRED,CONTEXTUAL_OR_FUNCTION_BOUND,NONE,Return scheduling requirement; exposure is not mastery.
REC-A1-001181,SENSE,SENSE-A1-000242,A1-M03-I06-S1,SECOND_RETURN,A1-M04-I05-S1,CROSS_MODULE,PRESERVE_TARGET_MODE_POLICY,REQUIRED,CONTEXTUAL_OR_FUNCTION_BOUND,NONE,Return scheduling requirement; exposure is not mastery.
REC-A1-001182,SENSE,SENSE-A1-000242,A1-M03-I06-S1,THIRD_RETURN,A1-M05-I05-S2,CROSS_MODULE,PRESERVE_TARGET_MODE_POLICY,REQUIRED,CONTEXTUAL_OR_FUNCTION_BOUND,NONE,Return scheduling requirement; exposure is not mastery.
REC-A1-001183,SENSE,SENSE-A1-000245,A1-M03-I06-S1,FIRST_RETURN,A1-M03-I06-S2,SAME_ISLAND,PRESERVE_TARGET_MODE_POLICY,REQUIRED,CONTEXTUAL_OR_FUNCTION_BOUND,NONE,Return scheduling requirement; exposure is not mastery.
REC-A1-001184,SENSE,SENSE-A1-000245,A1-M03-I06-S1,SECOND_RETURN,A1-M04-I05-S1,CROSS_MODULE,PRESERVE_TARGET_MODE_POLICY,REQUIRED,CONTEXTUAL_OR_FUNCTION_BOUND,NONE,Return scheduling requirement; exposure is not mastery.
REC-A1-001185,SENSE,SENSE-A1-000245,A1-M03-I06-S1,THIRD_RETURN,A1-M05-I05-S2,CROSS_MODULE,PRESERVE_TARGET_MODE_POLICY,REQUIRED,CONTEXTUAL_OR_FUNCTION_BOUND,NONE,Return scheduling requirement; exposure is not mastery.
REC-A1-001186,SENSE,SENSE-A1-000263,A1-M03-I06-S1,FIRST_RETURN,A1-M03-I06-S2,SAME_ISLAND,PRESERVE_TARGET_MODE_POLICY,REQUIRED,CONTEXTUAL_OR_FUNCTION_BOUND,NONE,Return scheduling requirement; exposure is not mastery.
REC-A1-001187,SENSE,SENSE-A1-000263,A1-M03-I06-S1,SECOND_RETURN,A1-M04-I05-S1,CROSS_MODULE,PRESERVE_TARGET_MODE_POLICY,REQUIRED,CONTEXTUAL_OR_FUNCTION_BOUND,NONE,Return scheduling requirement; exposure is not mastery.
REC-A1-001188,SENSE,SENSE-A1-000263,A1-M03-I06-S1,THIRD_RETURN,A1-M05-I05-S2,CROSS_MODULE,PRESERVE_TARGET_MODE_POLICY,REQUIRED,CONTEXTUAL_OR_FUNCTION_BOUND,NONE,Return scheduling requirement; exposure is not mastery.
REC-A1-001189,SENSE,SENSE-A1-000273,A1-M03-I06-S1,FIRST_RETURN,A1-M03-I06-S2,SAME_ISLAND,PRESERVE_TARGET_MODE_POLICY,REQUIRED,CONTEXTUAL_OR_FUNCTION_BOUND,NONE,Return scheduling requirement; exposure is not mastery.
REC-A1-001190,SENSE,SENSE-A1-000273,A1-M03-I06-S1,SECOND_RETURN,A1-M04-I05-S1,CROSS_MODULE,PRESERVE_TARGET_MODE_POLICY,REQUIRED,CONTEXTUAL_OR_FUNCTION_BOUND,NONE,Return scheduling requirement; exposure is not mastery.
REC-A1-001191,SENSE,SENSE-A1-000273,A1-M03-I06-S1,THIRD_RETURN,A1-M05-I05-S2,CROSS_MODULE,PRESERVE_TARGET_MODE_POLICY,REQUIRED,CONTEXTUAL_OR_FUNCTION_BOUND,NONE,Return scheduling requirement; exposure is not mastery.
REC-A1-001192,SENSE,SENSE-A1-000307,A1-M03-I06-S1,FIRST_RETURN,A1-M03-I06-S2,SAME_ISLAND,PRESERVE_TARGET_MODE_POLICY,REQUIRED,CONTEXTUAL_OR_FUNCTION_BOUND,NONE,Return scheduling requirement; exposure is not mastery.
REC-A1-001193,SENSE,SENSE-A1-000307,A1-M03-I06-S1,SECOND_RETURN,A1-M04-I05-S1,CROSS_MODULE,PRESERVE_TARGET_MODE_POLICY,REQUIRED,CONTEXTUAL_OR_FUNCTION_BOUND,NONE,Return scheduling requirement; exposure is not mastery.
REC-A1-001194,SENSE,SENSE-A1-000307,A1-M03-I06-S1,THIRD_RETURN,A1-M05-I05-S2,CROSS_MODULE,PRESERVE_TARGET_MODE_POLICY,REQUIRED,CONTEXTUAL_OR_FUNCTION_BOUND,NONE,Return scheduling requirement; exposure is not mastery.
REC-A1-001195,SENSE,SENSE-A1-000327,A1-M03-I06-S1,FIRST_RETURN,A1-M03-I06-S2,SAME_ISLAND,PRESERVE_TARGET_MODE_POLICY,REQUIRED,CONTEXTUAL_OR_FUNCTION_BOUND,NONE,Return scheduling requirement; exposure is not mastery.
REC-A1-001196,SENSE,SENSE-A1-000327,A1-M03-I06-S1,SECOND_RETURN,A1-M04-I05-S1,CROSS_MODULE,PRESERVE_TARGET_MODE_POLICY,REQUIRED,CONTEXTUAL_OR_FUNCTION_BOUND,NONE,Return scheduling requirement; exposure is not mastery.
REC-A1-001197,SENSE,SENSE-A1-000327,A1-M03-I06-S1,THIRD_RETURN,A1-M05-I05-S2,CROSS_MODULE,PRESERVE_TARGET_MODE_POLICY,REQUIRED,CONTEXTUAL_OR_FUNCTION_BOUND,NONE,Return scheduling requirement; exposure is not mastery.
REC-A1-001198,SENSE,SENSE-A1-000331,A1-M03-I06-S1,FIRST_RETURN,A1-M03-I06-S2,SAME_ISLAND,PRESERVE_TARGET_MODE_POLICY,REQUIRED,CONTEXTUAL_OR_FUNCTION_BOUND,NONE,Return scheduling requirement; exposure is not mastery.
REC-A1-001199,SENSE,SENSE-A1-000331,A1-M03-I06-S1,SECOND_RETURN,A1-M04-I05-S1,CROSS_MODULE,PRESERVE_TARGET_MODE_POLICY,REQUIRED,CONTEXTUAL_OR_FUNCTION_BOUND,NONE,Return scheduling requirement; exposure is not mastery.
REC-A1-001200,SENSE,SENSE-A1-000331,A1-M03-I06-S1,THIRD_RETURN,A1-M05-I05-S2,CROSS_MODULE,PRESERVE_TARGET_MODE_POLICY,REQUIRED,CONTEXTUAL_OR_FUNCTION_BOUND,NONE,Return scheduling requirement; exposure is not mastery.
REC-A1-001201,SENSE,SENSE-A1-000333,A1-M03-I06-S1,FIRST_RETURN,A1-M03-I06-S2,SAME_ISLAND,PRESERVE_TARGET_MODE_POLICY,REQUIRED,CONTEXTUAL_OR_FUNCTION_BOUND,NONE,Return scheduling requirement; exposure is not mastery.
REC-A1-001202,SENSE,SENSE-A1-000333,A1-M03-I06-S1,SECOND_RETURN,A1-M04-I05-S1,CROSS_MODULE,PRESERVE_TARGET_MODE_POLICY,REQUIRED,CONTEXTUAL_OR_FUNCTION_BOUND,NONE,Return scheduling requirement; exposure is not mastery.
REC-A1-001203,SENSE,SENSE-A1-000333,A1-M03-I06-S1,THIRD_RETURN,A1-M05-I05-S2,CROSS_MODULE,PRESERVE_TARGET_MODE_POLICY,REQUIRED,CONTEXTUAL_OR_FUNCTION_BOUND,NONE,Return scheduling requirement; exposure is not mastery.
REC-A1-001204,SENSE,SENSE-A1-000431,A1-M03-I06-S1,FIRST_RETURN,A1-M03-I06-S2,SAME_ISLAND,PRESERVE_TARGET_MODE_POLICY,REQUIRED,CONTEXTUAL_OR_FUNCTION_BOUND,NONE,Return scheduling requirement; exposure is not mastery.
REC-A1-001205,SENSE,SENSE-A1-000431,A1-M03-I06-S1,SECOND_RETURN,A1-M04-I05-S1,CROSS_MODULE,PRESERVE_TARGET_MODE_POLICY,REQUIRED,CONTEXTUAL_OR_FUNCTION_BOUND,NONE,Return scheduling requirement; exposure is not mastery.
REC-A1-001206,SENSE,SENSE-A1-000431,A1-M03-I06-S1,THIRD_RETURN,A1-M05-I05-S2,CROSS_MODULE,PRESERVE_TARGET_MODE_POLICY,REQUIRED,CONTEXTUAL_OR_FUNCTION_BOUND,NONE,Return scheduling requirement; exposure is not mastery.
REC-A1-001207,SENSE,SENSE-A1-000447,A1-M03-I06-S1,FIRST_RETURN,A1-M03-I06-S2,SAME_ISLAND,PRESERVE_TARGET_MODE_POLICY,REQUIRED,CONTEXTUAL_OR_FUNCTION_BOUND,NONE,Return scheduling requirement; exposure is not mastery.
REC-A1-001208,SENSE,SENSE-A1-000447,A1-M03-I06-S1,SECOND_RETURN,A1-M04-I05-S1,CROSS_MODULE,PRESERVE_TARGET_MODE_POLICY,REQUIRED,CONTEXTUAL_OR_FUNCTION_BOUND,NONE,Return scheduling requirement; exposure is not mastery.
REC-A1-001209,SENSE,SENSE-A1-000447,A1-M03-I06-S1,THIRD_RETURN,A1-M05-I05-S2,CROSS_MODULE,PRESERVE_TARGET_MODE_POLICY,REQUIRED,CONTEXTUAL_OR_FUNCTION_BOUND,NONE,Return scheduling requirement; exposure is not mastery.
REC-A1-001210,SENSE,SENSE-A1-000448,A1-M03-I06-S1,FIRST_RETURN,A1-M03-I06-S2,SAME_ISLAND,PRESERVE_TARGET_MODE_POLICY,REQUIRED,TARGET_PROFILE_ONLY,NONE,Return scheduling requirement; exposure is not mastery.
REC-A1-001211,SENSE,SENSE-A1-000448,A1-M03-I06-S1,SECOND_RETURN,A1-M04-I05-S1,CROSS_MODULE,PRESERVE_TARGET_MODE_POLICY,REQUIRED,TARGET_PROFILE_ONLY,NONE,Return scheduling requirement; exposure is not mastery.
REC-A1-001212,SENSE,SENSE-A1-000448,A1-M03-I06-S1,THIRD_RETURN,A1-M05-I05-S2,CROSS_MODULE,PRESERVE_TARGET_MODE_POLICY,REQUIRED,TARGET_PROFILE_ONLY,NONE,Return scheduling requirement; exposure is not mastery.
REC-A1-001213,SENSE,SENSE-A1-000476,A1-M03-I06-S1,FIRST_RETURN,A1-M03-I06-S2,SAME_ISLAND,PRESERVE_TARGET_MODE_POLICY,REQUIRED,CONTEXTUAL_OR_FUNCTION_BOUND,NONE,Return scheduling requirement; exposure is not mastery.
REC-A1-001214,SENSE,SENSE-A1-000476,A1-M03-I06-S1,SECOND_RETURN,A1-M04-I05-S1,CROSS_MODULE,PRESERVE_TARGET_MODE_POLICY,REQUIRED,CONTEXTUAL_OR_FUNCTION_BOUND,NONE,Return scheduling requirement; exposure is not mastery.
REC-A1-001215,SENSE,SENSE-A1-000476,A1-M03-I06-S1,THIRD_RETURN,A1-M05-I05-S2,CROSS_MODULE,PRESERVE_TARGET_MODE_POLICY,REQUIRED,CONTEXTUAL_OR_FUNCTION_BOUND,NONE,Return scheduling requirement; exposure is not mastery.
REC-A1-001216,SENSE,SENSE-A1-000508,A1-M03-I06-S1,FIRST_RETURN,A1-M03-I06-S2,SAME_ISLAND,PRESERVE_TARGET_MODE_POLICY,REQUIRED,CONTEXTUAL_OR_FUNCTION_BOUND,NONE,Return scheduling requirement; exposure is not mastery.
REC-A1-001217,SENSE,SENSE-A1-000508,A1-M03-I06-S1,SECOND_RETURN,A1-M04-I05-S1,CROSS_MODULE,PRESERVE_TARGET_MODE_POLICY,REQUIRED,CONTEXTUAL_OR_FUNCTION_BOUND,NONE,Return scheduling requirement; exposure is not mastery.
REC-A1-001218,SENSE,SENSE-A1-000508,A1-M03-I06-S1,THIRD_RETURN,A1-M05-I05-S2,CROSS_MODULE,PRESERVE_TARGET_MODE_POLICY,REQUIRED,CONTEXTUAL_OR_FUNCTION_BOUND,NONE,Return scheduling requirement; exposure is not mastery.
REC-A1-001219,SENSE,SENSE-A1-000559,A1-M03-I06-S1,FIRST_RETURN,A1-M03-I06-S2,SAME_ISLAND,PRESERVE_TARGET_MODE_POLICY,REQUIRED,CONTEXTUAL_OR_FUNCTION_BOUND,NONE,Return scheduling requirement; exposure is not mastery.
REC-A1-001220,SENSE,SENSE-A1-000559,A1-M03-I06-S1,SECOND_RETURN,A1-M04-I05-S1,CROSS_MODULE,PRESERVE_TARGET_MODE_POLICY,REQUIRED,CONTEXTUAL_OR_FUNCTION_BOUND,NONE,Return scheduling requirement; exposure is not mastery.
REC-A1-001221,SENSE,SENSE-A1-000559,A1-M03-I06-S1,THIRD_RETURN,A1-M05-I05-S2,CROSS_MODULE,PRESERVE_TARGET_MODE_POLICY,REQUIRED,CONTEXTUAL_OR_FUNCTION_BOUND,NONE,Return scheduling requirement; exposure is not mastery.
REC-A1-001222,SENSE,SENSE-A1-000577,A1-M03-I06-S1,FIRST_RETURN,A1-M03-I06-S2,SAME_ISLAND,PRESERVE_TARGET_MODE_POLICY,REQUIRED,CONTEXTUAL_OR_FUNCTION_BOUND,NONE,Return scheduling requirement; exposure is not mastery.
REC-A1-001223,SENSE,SENSE-A1-000577,A1-M03-I06-S1,SECOND_RETURN,A1-M04-I05-S1,CROSS_MODULE,PRESERVE_TARGET_MODE_POLICY,REQUIRED,CONTEXTUAL_OR_FUNCTION_BOUND,NONE,Return scheduling requirement; exposure is not mastery.
REC-A1-001224,SENSE,SENSE-A1-000577,A1-M03-I06-S1,THIRD_RETURN,A1-M05-I05-S2,CROSS_MODULE,PRESERVE_TARGET_MODE_POLICY,REQUIRED,CONTEXTUAL_OR_FUNCTION_BOUND,NONE,Return scheduling requirement; exposure is not mastery.
REC-A1-001225,SENSE,SENSE-A1-000578,A1-M03-I06-S1,FIRST_RETURN,A1-M03-I06-S2,SAME_ISLAND,PRESERVE_TARGET_MODE_POLICY,REQUIRED,CONTEXTUAL_OR_FUNCTION_BOUND,NONE,Return scheduling requirement; exposure is not mastery.
REC-A1-001226,SENSE,SENSE-A1-000578,A1-M03-I06-S1,SECOND_RETURN,A1-M04-I05-S1,CROSS_MODULE,PRESERVE_TARGET_MODE_POLICY,REQUIRED,CONTEXTUAL_OR_FUNCTION_BOUND,NONE,Return scheduling requirement; exposure is not mastery.
REC-A1-001227,SENSE,SENSE-A1-000578,A1-M03-I06-S1,THIRD_RETURN,A1-M05-I05-S2,CROSS_MODULE,PRESERVE_TARGET_MODE_POLICY,REQUIRED,CONTEXTUAL_OR_FUNCTION_BOUND,NONE,Return scheduling requirement; exposure is not mastery.
REC-A1-001228,GRAMMAR_UNIT,GRAM-A1-115,A1-M03-I06-S1,FIRST_RETURN,A1-M03-I06-S2,SAME_ISLAND,PRESERVE_TARGET_MODE_POLICY,REQUIRED,FUNCTION_OR_TASK_BOUND,NONE,Return scheduling requirement; exposure is not mastery.
REC-A1-001229,GRAMMAR_UNIT,GRAM-A1-115,A1-M03-I06-S1,SECOND_RETURN,A1-M04-I05-S1,CROSS_MODULE,PRESERVE_TARGET_MODE_POLICY,REQUIRED,FUNCTION_OR_TASK_BOUND,NONE,Return scheduling requirement; exposure is not mastery.
REC-A1-001230,GRAMMAR_UNIT,GRAM-A1-115,A1-M03-I06-S1,THIRD_RETURN,A1-M05-I05-S2,CROSS_MODULE,PRESERVE_TARGET_MODE_POLICY,REQUIRED,FUNCTION_OR_TASK_BOUND,NONE,Return scheduling requirement; exposure is not mastery.
REC-A1-001231,MWU_SOURCE_UNIT,12B1-MWU-0020,A1-M03-I06-S1,FIRST_RETURN,A1-M03-I06-S2,SAME_ISLAND,PRESERVE_TARGET_MODE_POLICY,REQUIRED,CONTEXTUAL_OR_FUNCTION_BOUND,NONE,Return scheduling requirement; exposure is not mastery.
REC-A1-001232,MWU_SOURCE_UNIT,12B1-MWU-0020,A1-M03-I06-S1,SECOND_RETURN,A1-M04-I05-S1,CROSS_MODULE,PRESERVE_TARGET_MODE_POLICY,REQUIRED,CONTEXTUAL_OR_FUNCTION_BOUND,NONE,Return scheduling requirement; exposure is not mastery.
REC-A1-001233,MWU_SOURCE_UNIT,12B1-MWU-0020,A1-M03-I06-S1,THIRD_RETURN,A1-M05-I05-S2,CROSS_MODULE,PRESERVE_TARGET_MODE_POLICY,REQUIRED,CONTEXTUAL_OR_FUNCTION_BOUND,NONE,Return scheduling requirement; exposure is not mastery.
REC-A1-001234,MWU_SOURCE_UNIT,12B1-MWU-0021,A1-M03-I06-S1,FIRST_RETURN,A1-M03-I06-S2,SAME_ISLAND,PRESERVE_TARGET_MODE_POLICY,REQUIRED,CONTEXTUAL_OR_FUNCTION_BOUND,NONE,Return scheduling requirement; exposure is not mastery.
REC-A1-001235,MWU_SOURCE_UNIT,12B1-MWU-0021,A1-M03-I06-S1,SECOND_RETURN,A1-M04-I05-S1,CROSS_MODULE,PRESERVE_TARGET_MODE_POLICY,REQUIRED,CONTEXTUAL_OR_FUNCTION_BOUND,NONE,Return scheduling requirement; exposure is not mastery.
REC-A1-001236,MWU_SOURCE_UNIT,12B1-MWU-0021,A1-M03-I06-S1,THIRD_RETURN,A1-M05-I05-S2,CROSS_MODULE,PRESERVE_TARGET_MODE_POLICY,REQUIRED,CONTEXTUAL_OR_FUNCTION_BOUND,NONE,Return scheduling requirement; exposure is not mastery.
REC-A1-001237,MWU_SOURCE_UNIT,12B1-MWU-0022,A1-M03-I06-S1,FIRST_RETURN,A1-M03-I06-S2,SAME_ISLAND,PRESERVE_TARGET_MODE_POLICY,REQUIRED,CONTEXTUAL_OR_FUNCTION_BOUND,NONE,Return scheduling requirement; exposure is not mastery.
REC-A1-001238,MWU_SOURCE_UNIT,12B1-MWU-0022,A1-M03-I06-S1,SECOND_RETURN,A1-M04-I05-S1,CROSS_MODULE,PRESERVE_TARGET_MODE_POLICY,REQUIRED,CONTEXTUAL_OR_FUNCTION_BOUND,NONE,Return scheduling requirement; exposure is not mastery.
REC-A1-001239,MWU_SOURCE_UNIT,12B1-MWU-0022,A1-M03-I06-S1,THIRD_RETURN,A1-M05-I05-S2,CROSS_MODULE,PRESERVE_TARGET_MODE_POLICY,REQUIRED,CONTEXTUAL_OR_FUNCTION_BOUND,NONE,Return scheduling requirement; exposure is not mastery.
REC-A1-001240,MWU_SOURCE_UNIT,12B1-MWU-0023,A1-M03-I06-S1,FIRST_RETURN,A1-M03-I06-S2,SAME_ISLAND,PRESERVE_TARGET_MODE_POLICY,REQUIRED,CONTEXTUAL_OR_FUNCTION_BOUND,NONE,Return scheduling requirement; exposure is not mastery.
REC-A1-001241,MWU_SOURCE_UNIT,12B1-MWU-0023,A1-M03-I06-S1,SECOND_RETURN,A1-M04-I05-S1,CROSS_MODULE,PRESERVE_TARGET_MODE_POLICY,REQUIRED,CONTEXTUAL_OR_FUNCTION_BOUND,NONE,Return scheduling requirement; exposure is not mastery.
REC-A1-001242,MWU_SOURCE_UNIT,12B1-MWU-0023,A1-M03-I06-S1,THIRD_RETURN,A1-M05-I05-S2,CROSS_MODULE,PRESERVE_TARGET_MODE_POLICY,REQUIRED,CONTEXTUAL_OR_FUNCTION_BOUND,NONE,Return scheduling requirement; exposure is not mastery.
REC-A1-001243,MWU_SOURCE_UNIT,12B1-MWU-0024,A1-M03-I06-S1,FIRST_RETURN,A1-M03-I06-S2,SAME_ISLAND,PRESERVE_TARGET_MODE_POLICY,REQUIRED,CONTEXTUAL_OR_FUNCTION_BOUND,NONE,Return scheduling requirement; exposure is not mastery.
REC-A1-001244,MWU_SOURCE_UNIT,12B1-MWU-0024,A1-M03-I06-S1,SECOND_RETURN,A1-M04-I05-S1,CROSS_MODULE,PRESERVE_TARGET_MODE_POLICY,REQUIRED,CONTEXTUAL_OR_FUNCTION_BOUND,NONE,Return scheduling requirement; exposure is not mastery.
REC-A1-001245,MWU_SOURCE_UNIT,12B1-MWU-0024,A1-M03-I06-S1,THIRD_RETURN,A1-M05-I05-S2,CROSS_MODULE,PRESERVE_TARGET_MODE_POLICY,REQUIRED,CONTEXTUAL_OR_FUNCTION_BOUND,NONE,Return scheduling requirement; exposure is not mastery.
REC-A1-001246,MWU_SOURCE_UNIT,12B1-MWU-0025,A1-M03-I06-S1,FIRST_RETURN,A1-M03-I06-S2,SAME_ISLAND,PRESERVE_TARGET_MODE_POLICY,REQUIRED,CONTEXTUAL_OR_FUNCTION_BOUND,NONE,Return scheduling requirement; exposure is not mastery.
REC-A1-001247,MWU_SOURCE_UNIT,12B1-MWU-0025,A1-M03-I06-S1,SECOND_RETURN,A1-M04-I05-S1,CROSS_MODULE,PRESERVE_TARGET_MODE_POLICY,REQUIRED,CONTEXTUAL_OR_FUNCTION_BOUND,NONE,Return scheduling requirement; exposure is not mastery.
REC-A1-001248,MWU_SOURCE_UNIT,12B1-MWU-0025,A1-M03-I06-S1,THIRD_RETURN,A1-M05-I05-S2,CROSS_MODULE,PRESERVE_TARGET_MODE_POLICY,REQUIRED,CONTEXTUAL_OR_FUNCTION_BOUND,NONE,Return scheduling requirement; exposure is not mastery.
REC-A1-001249,MWU_SOURCE_UNIT,12B1-MWU-0026,A1-M03-I06-S1,FIRST_RETURN,A1-M03-I06-S2,SAME_ISLAND,PRESERVE_TARGET_MODE_POLICY,REQUIRED,CONTEXTUAL_OR_FUNCTION_BOUND,NONE,Return scheduling requirement; exposure is not mastery.
REC-A1-001250,MWU_SOURCE_UNIT,12B1-MWU-0026,A1-M03-I06-S1,SECOND_RETURN,A1-M04-I05-S1,CROSS_MODULE,PRESERVE_TARGET_MODE_POLICY,REQUIRED,CONTEXTUAL_OR_FUNCTION_BOUND,NONE,Return scheduling requirement; exposure is not mastery.
REC-A1-001251,MWU_SOURCE_UNIT,12B1-MWU-0026,A1-M03-I06-S1,THIRD_RETURN,A1-M05-I05-S2,CROSS_MODULE,PRESERVE_TARGET_MODE_POLICY,REQUIRED,CONTEXTUAL_OR_FUNCTION_BOUND,NONE,Return scheduling requirement; exposure is not mastery.
REC-A1-001252,MWU_SOURCE_UNIT,12B1-MWU-0027,A1-M03-I06-S1,FIRST_RETURN,A1-M03-I06-S2,SAME_ISLAND,PRESERVE_TARGET_MODE_POLICY,REQUIRED,CONTEXTUAL_OR_FUNCTION_BOUND,NONE,Return scheduling requirement; exposure is not mastery.
REC-A1-001253,MWU_SOURCE_UNIT,12B1-MWU-0027,A1-M03-I06-S1,SECOND_RETURN,A1-M04-I05-S1,CROSS_MODULE,PRESERVE_TARGET_MODE_POLICY,REQUIRED,CONTEXTUAL_OR_FUNCTION_BOUND,NONE,Return scheduling requirement; exposure is not mastery.
REC-A1-001254,MWU_SOURCE_UNIT,12B1-MWU-0027,A1-M03-I06-S1,THIRD_RETURN,A1-M05-I05-S2,CROSS_MODULE,PRESERVE_TARGET_MODE_POLICY,REQUIRED,CONTEXTUAL_OR_FUNCTION_BOUND,NONE,Return scheduling requirement; exposure is not mastery.
REC-A1-001255,MWU_SOURCE_UNIT,12B1-MWU-0028,A1-M03-I06-S1,FIRST_RETURN,A1-M03-I06-S2,SAME_ISLAND,PRESERVE_TARGET_MODE_POLICY,REQUIRED,CONTEXTUAL_OR_FUNCTION_BOUND,NONE,Return scheduling requirement; exposure is not mastery.
REC-A1-001256,MWU_SOURCE_UNIT,12B1-MWU-0028,A1-M03-I06-S1,SECOND_RETURN,A1-M04-I05-S1,CROSS_MODULE,PRESERVE_TARGET_MODE_POLICY,REQUIRED,CONTEXTUAL_OR_FUNCTION_BOUND,NONE,Return scheduling requirement; exposure is not mastery.
REC-A1-001257,MWU_SOURCE_UNIT,12B1-MWU-0028,A1-M03-I06-S1,THIRD_RETURN,A1-M05-I05-S2,CROSS_MODULE,PRESERVE_TARGET_MODE_POLICY,REQUIRED,CONTEXTUAL_OR_FUNCTION_BOUND,NONE,Return scheduling requirement; exposure is not mastery.
REC-A1-001258,MWU_SOURCE_UNIT,12B1-MWU-0029,A1-M03-I06-S1,FIRST_RETURN,A1-M03-I06-S2,SAME_ISLAND,PRESERVE_TARGET_MODE_POLICY,REQUIRED,CONTEXTUAL_OR_FUNCTION_BOUND,NONE,Return scheduling requirement; exposure is not mastery.
REC-A1-001259,MWU_SOURCE_UNIT,12B1-MWU-0029,A1-M03-I06-S1,SECOND_RETURN,A1-M04-I05-S1,CROSS_MODULE,PRESERVE_TARGET_MODE_POLICY,REQUIRED,CONTEXTUAL_OR_FUNCTION_BOUND,NONE,Return scheduling requirement; exposure is not mastery.
REC-A1-001260,MWU_SOURCE_UNIT,12B1-MWU-0029,A1-M03-I06-S1,THIRD_RETURN,A1-M05-I05-S2,CROSS_MODULE,PRESERVE_TARGET_MODE_POLICY,REQUIRED,CONTEXTUAL_OR_FUNCTION_BOUND,NONE,Return scheduling requirement; exposure is not mastery.
REC-A1-001261,MWU_SOURCE_UNIT,12B1-MWU-0030,A1-M03-I06-S1,FIRST_RETURN,A1-M03-I06-S2,SAME_ISLAND,PRESERVE_TARGET_MODE_POLICY,REQUIRED,CONTEXTUAL_OR_FUNCTION_BOUND,NONE,Return scheduling requirement; exposure is not mastery.
REC-A1-001262,MWU_SOURCE_UNIT,12B1-MWU-0030,A1-M03-I06-S1,SECOND_RETURN,A1-M04-I05-S1,CROSS_MODULE,PRESERVE_TARGET_MODE_POLICY,REQUIRED,CONTEXTUAL_OR_FUNCTION_BOUND,NONE,Return scheduling requirement; exposure is not mastery.
REC-A1-001263,MWU_SOURCE_UNIT,12B1-MWU-0030,A1-M03-I06-S1,THIRD_RETURN,A1-M05-I05-S2,CROSS_MODULE,PRESERVE_TARGET_MODE_POLICY,REQUIRED,CONTEXTUAL_OR_FUNCTION_BOUND,NONE,Return scheduling requirement; exposure is not mastery.
REC-A1-001264,SENSE,SENSE-A1-000120,A1-M03-I06-S2,FIRST_RETURN,A1-M04-I05-S1,CROSS_MODULE,PRESERVE_TARGET_MODE_POLICY,REQUIRED,TARGET_PROFILE_ONLY,NONE,Return scheduling requirement; exposure is not mastery.
REC-A1-001265,SENSE,SENSE-A1-000120,A1-M03-I06-S2,SECOND_RETURN,A1-M04-I05-S2,CROSS_MODULE,PRESERVE_TARGET_MODE_POLICY,REQUIRED,TARGET_PROFILE_ONLY,NONE,Return scheduling requirement; exposure is not mastery.
REC-A1-001266,SENSE,SENSE-A1-000120,A1-M03-I06-S2,THIRD_RETURN,A1-M04-I05-S4,CROSS_MODULE,PRESERVE_TARGET_MODE_POLICY,REQUIRED,TARGET_PROFILE_ONLY,NONE,Return scheduling requirement; exposure is not mastery.
REC-A1-001267,SENSE,SENSE-A1-000161,A1-M03-I06-S2,FIRST_RETURN,A1-M04-I05-S1,CROSS_MODULE,PRESERVE_TARGET_MODE_POLICY,REQUIRED,CONTEXTUAL_OR_FUNCTION_BOUND,NONE,Return scheduling requirement; exposure is not mastery.
REC-A1-001268,SENSE,SENSE-A1-000161,A1-M03-I06-S2,SECOND_RETURN,A1-M04-I05-S2,CROSS_MODULE,PRESERVE_TARGET_MODE_POLICY,REQUIRED,CONTEXTUAL_OR_FUNCTION_BOUND,NONE,Return scheduling requirement; exposure is not mastery.
REC-A1-001269,SENSE,SENSE-A1-000161,A1-M03-I06-S2,THIRD_RETURN,A1-M04-I05-S4,CROSS_MODULE,PRESERVE_TARGET_MODE_POLICY,REQUIRED,CONTEXTUAL_OR_FUNCTION_BOUND,NONE,Return scheduling requirement; exposure is not mastery.
REC-A1-001270,SENSE,SENSE-A1-000209,A1-M03-I06-S2,FIRST_RETURN,A1-M04-I05-S1,CROSS_MODULE,PRESERVE_TARGET_MODE_POLICY,REQUIRED,CONTEXTUAL_OR_FUNCTION_BOUND,NONE,Return scheduling requirement; exposure is not mastery.
REC-A1-001271,SENSE,SENSE-A1-000209,A1-M03-I06-S2,SECOND_RETURN,A1-M04-I05-S2,CROSS_MODULE,PRESERVE_TARGET_MODE_POLICY,REQUIRED,CONTEXTUAL_OR_FUNCTION_BOUND,NONE,Return scheduling requirement; exposure is not mastery.
REC-A1-001272,SENSE,SENSE-A1-000209,A1-M03-I06-S2,THIRD_RETURN,A1-M04-I05-S4,CROSS_MODULE,PRESERVE_TARGET_MODE_POLICY,REQUIRED,CONTEXTUAL_OR_FUNCTION_BOUND,NONE,Return scheduling requirement; exposure is not mastery.
REC-A1-001273,SENSE,SENSE-A1-000454,A1-M03-I06-S2,FIRST_RETURN,A1-M04-I05-S1,CROSS_MODULE,PRESERVE_TARGET_MODE_POLICY,REQUIRED,CONTEXTUAL_OR_FUNCTION_BOUND,NONE,Return scheduling requirement; exposure is not mastery.
REC-A1-001274,SENSE,SENSE-A1-000454,A1-M03-I06-S2,SECOND_RETURN,A1-M04-I05-S2,CROSS_MODULE,PRESERVE_TARGET_MODE_POLICY,REQUIRED,CONTEXTUAL_OR_FUNCTION_BOUND,NONE,Return scheduling requirement; exposure is not mastery.
REC-A1-001275,SENSE,SENSE-A1-000454,A1-M03-I06-S2,THIRD_RETURN,A1-M04-I05-S4,CROSS_MODULE,PRESERVE_TARGET_MODE_POLICY,REQUIRED,CONTEXTUAL_OR_FUNCTION_BOUND,NONE,Return scheduling requirement; exposure is not mastery.
REC-A1-001276,SENSE,SENSE-A1-000465,A1-M03-I06-S2,FIRST_RETURN,A1-M04-I05-S1,CROSS_MODULE,PRESERVE_TARGET_MODE_POLICY,REQUIRED,CONTEXTUAL_OR_FUNCTION_BOUND,NONE,Return scheduling requirement; exposure is not mastery.
REC-A1-001277,SENSE,SENSE-A1-000465,A1-M03-I06-S2,SECOND_RETURN,A1-M04-I05-S2,CROSS_MODULE,PRESERVE_TARGET_MODE_POLICY,REQUIRED,CONTEXTUAL_OR_FUNCTION_BOUND,NONE,Return scheduling requirement; exposure is not mastery.
REC-A1-001278,SENSE,SENSE-A1-000465,A1-M03-I06-S2,THIRD_RETURN,A1-M04-I05-S4,CROSS_MODULE,PRESERVE_TARGET_MODE_POLICY,REQUIRED,CONTEXTUAL_OR_FUNCTION_BOUND,NONE,Return scheduling requirement; exposure is not mastery.
REC-A1-001279,SENSE,SENSE-A1-000504,A1-M03-I06-S2,FIRST_RETURN,A1-M04-I05-S1,CROSS_MODULE,PRESERVE_TARGET_MODE_POLICY,REQUIRED,CONTEXTUAL_OR_FUNCTION_BOUND,NONE,Return scheduling requirement; exposure is not mastery.
REC-A1-001280,SENSE,SENSE-A1-000504,A1-M03-I06-S2,SECOND_RETURN,A1-M04-I05-S2,CROSS_MODULE,PRESERVE_TARGET_MODE_POLICY,REQUIRED,CONTEXTUAL_OR_FUNCTION_BOUND,NONE,Return scheduling requirement; exposure is not mastery.
REC-A1-001281,SENSE,SENSE-A1-000504,A1-M03-I06-S2,THIRD_RETURN,A1-M04-I05-S4,CROSS_MODULE,PRESERVE_TARGET_MODE_POLICY,REQUIRED,CONTEXTUAL_OR_FUNCTION_BOUND,NONE,Return scheduling requirement; exposure is not mastery.
REC-A1-001282,GRAMMAR_UNIT,GRAM-A1-039,A1-M03-I06-S2,FIRST_RETURN,A1-M04-I05-S1,CROSS_MODULE,PRESERVE_TARGET_MODE_POLICY,REQUIRED,FUNCTION_OR_TASK_BOUND,NONE,Return scheduling requirement; exposure is not mastery.
REC-A1-001283,GRAMMAR_UNIT,GRAM-A1-039,A1-M03-I06-S2,SECOND_RETURN,A1-M04-I05-S2,CROSS_MODULE,PRESERVE_TARGET_MODE_POLICY,REQUIRED,FUNCTION_OR_TASK_BOUND,NONE,Return scheduling requirement; exposure is not mastery.
REC-A1-001284,GRAMMAR_UNIT,GRAM-A1-039,A1-M03-I06-S2,THIRD_RETURN,A1-M04-I05-S4,CROSS_MODULE,PRESERVE_TARGET_MODE_POLICY,REQUIRED,FUNCTION_OR_TASK_BOUND,NONE,Return scheduling requirement; exposure is not mastery.
REC-A1-001285,GRAMMAR_UNIT,GRAM-A1-114,A1-M03-I06-S2,FIRST_RETURN,A1-M04-I05-S1,CROSS_MODULE,PRESERVE_TARGET_MODE_POLICY,REQUIRED,FUNCTION_OR_TASK_BOUND,NONE,Return scheduling requirement; exposure is not mastery.
REC-A1-001286,GRAMMAR_UNIT,GRAM-A1-114,A1-M03-I06-S2,SECOND_RETURN,A1-M04-I05-S2,CROSS_MODULE,PRESERVE_TARGET_MODE_POLICY,REQUIRED,FUNCTION_OR_TASK_BOUND,NONE,Return scheduling requirement; exposure is not mastery.
REC-A1-001287,GRAMMAR_UNIT,GRAM-A1-114,A1-M03-I06-S2,THIRD_RETURN,A1-M04-I05-S4,CROSS_MODULE,PRESERVE_TARGET_MODE_POLICY,REQUIRED,FUNCTION_OR_TASK_BOUND,NONE,Return scheduling requirement; exposure is not mastery.
REC-A1-001288,GRAMMAR_UNIT,GRAM-A1-136,A1-M03-I06-S2,FIRST_RETURN,A1-M04-I05-S1,CROSS_MODULE,PRESERVE_TARGET_MODE_POLICY,REQUIRED,FUNCTION_OR_TASK_BOUND,NONE,Return scheduling requirement; exposure is not mastery.
REC-A1-001289,GRAMMAR_UNIT,GRAM-A1-136,A1-M03-I06-S2,SECOND_RETURN,A1-M04-I05-S2,CROSS_MODULE,PRESERVE_TARGET_MODE_POLICY,REQUIRED,FUNCTION_OR_TASK_BOUND,NONE,Return scheduling requirement; exposure is not mastery.
REC-A1-001290,GRAMMAR_UNIT,GRAM-A1-136,A1-M03-I06-S2,THIRD_RETURN,A1-M04-I05-S4,CROSS_MODULE,PRESERVE_TARGET_MODE_POLICY,REQUIRED,FUNCTION_OR_TASK_BOUND,NONE,Return scheduling requirement; exposure is not mastery.
REC-A1-001291,GRAMMAR_UNIT,GRAM-A1-137,A1-M03-I06-S2,FIRST_RETURN,A1-M04-I05-S1,CROSS_MODULE,PRESERVE_TARGET_MODE_POLICY,REQUIRED,FUNCTION_OR_TASK_BOUND,NONE,Return scheduling requirement; exposure is not mastery.
REC-A1-001292,GRAMMAR_UNIT,GRAM-A1-137,A1-M03-I06-S2,SECOND_RETURN,A1-M04-I05-S2,CROSS_MODULE,PRESERVE_TARGET_MODE_POLICY,REQUIRED,FUNCTION_OR_TASK_BOUND,NONE,Return scheduling requirement; exposure is not mastery.
REC-A1-001293,GRAMMAR_UNIT,GRAM-A1-137,A1-M03-I06-S2,THIRD_RETURN,A1-M04-I05-S4,CROSS_MODULE,PRESERVE_TARGET_MODE_POLICY,REQUIRED,FUNCTION_OR_TASK_BOUND,NONE,Return scheduling requirement; exposure is not mastery.
REC-A1-001294,GRAMMAR_UNIT,GRAM-A1-148,A1-M03-I06-S2,FIRST_RETURN,A1-M04-I05-S1,CROSS_MODULE,PRESERVE_TARGET_MODE_POLICY,REQUIRED,FUNCTION_OR_TASK_BOUND,NONE,Return scheduling requirement; exposure is not mastery.
REC-A1-001295,GRAMMAR_UNIT,GRAM-A1-148,A1-M03-I06-S2,SECOND_RETURN,A1-M04-I05-S2,CROSS_MODULE,PRESERVE_TARGET_MODE_POLICY,REQUIRED,FUNCTION_OR_TASK_BOUND,NONE,Return scheduling requirement; exposure is not mastery.
REC-A1-001296,GRAMMAR_UNIT,GRAM-A1-148,A1-M03-I06-S2,THIRD_RETURN,A1-M04-I05-S4,CROSS_MODULE,PRESERVE_TARGET_MODE_POLICY,REQUIRED,FUNCTION_OR_TASK_BOUND,NONE,Return scheduling requirement; exposure is not mastery.
REC-A1-001297,SENSE,SENSE-A1-000011,A1-M04-I05-S1,FIRST_RETURN,A1-M04-I05-S2,SAME_ISLAND,PRESERVE_TARGET_MODE_POLICY,REQUIRED,TARGET_PROFILE_ONLY,NONE,Return scheduling requirement; exposure is not mastery.
REC-A1-001298,SENSE,SENSE-A1-000011,A1-M04-I05-S1,SECOND_RETURN,A1-M04-I05-S3,SAME_ISLAND,PRESERVE_TARGET_MODE_POLICY,REQUIRED,TARGET_PROFILE_ONLY,NONE,Return scheduling requirement; exposure is not mastery.
REC-A1-001299,SENSE,SENSE-A1-000011,A1-M04-I05-S1,THIRD_RETURN,A1-M05-I05-S1,CROSS_MODULE,PRESERVE_TARGET_MODE_POLICY,REQUIRED,TARGET_PROFILE_ONLY,NONE,Return scheduling requirement; exposure is not mastery.
REC-A1-001300,SENSE,SENSE-A1-000021,A1-M04-I05-S1,FIRST_RETURN,A1-M04-I05-S2,SAME_ISLAND,PRESERVE_TARGET_MODE_POLICY,REQUIRED,CONTEXTUAL_OR_FUNCTION_BOUND,NONE,Return scheduling requirement; exposure is not mastery.
REC-A1-001301,SENSE,SENSE-A1-000021,A1-M04-I05-S1,SECOND_RETURN,A1-M04-I05-S3,SAME_ISLAND,PRESERVE_TARGET_MODE_POLICY,REQUIRED,CONTEXTUAL_OR_FUNCTION_BOUND,NONE,Return scheduling requirement; exposure is not mastery.
REC-A1-001302,SENSE,SENSE-A1-000021,A1-M04-I05-S1,THIRD_RETURN,A1-M05-I05-S1,CROSS_MODULE,PRESERVE_TARGET_MODE_POLICY,REQUIRED,CONTEXTUAL_OR_FUNCTION_BOUND,NONE,Return scheduling requirement; exposure is not mastery.
REC-A1-001303,SENSE,SENSE-A1-000027,A1-M04-I05-S1,FIRST_RETURN,A1-M04-I05-S2,SAME_ISLAND,PRESERVE_TARGET_MODE_POLICY,REQUIRED,CONTEXTUAL_OR_FUNCTION_BOUND,NONE,Return scheduling requirement; exposure is not mastery.
REC-A1-001304,SENSE,SENSE-A1-000027,A1-M04-I05-S1,SECOND_RETURN,A1-M04-I05-S3,SAME_ISLAND,PRESERVE_TARGET_MODE_POLICY,REQUIRED,CONTEXTUAL_OR_FUNCTION_BOUND,NONE,Return scheduling requirement; exposure is not mastery.
REC-A1-001305,SENSE,SENSE-A1-000027,A1-M04-I05-S1,THIRD_RETURN,A1-M05-I05-S1,CROSS_MODULE,PRESERVE_TARGET_MODE_POLICY,REQUIRED,CONTEXTUAL_OR_FUNCTION_BOUND,NONE,Return scheduling requirement; exposure is not mastery.
REC-A1-001306,SENSE,SENSE-A1-000031,A1-M04-I05-S1,FIRST_RETURN,A1-M04-I05-S2,SAME_ISLAND,PRESERVE_TARGET_MODE_POLICY,REQUIRED,TARGET_PROFILE_ONLY,NONE,Return scheduling requirement; exposure is not mastery.
REC-A1-001307,SENSE,SENSE-A1-000031,A1-M04-I05-S1,SECOND_RETURN,A1-M04-I05-S3,SAME_ISLAND,PRESERVE_TARGET_MODE_POLICY,REQUIRED,TARGET_PROFILE_ONLY,NONE,Return scheduling requirement; exposure is not mastery.
REC-A1-001308,SENSE,SENSE-A1-000031,A1-M04-I05-S1,THIRD_RETURN,A1-M05-I05-S1,CROSS_MODULE,PRESERVE_TARGET_MODE_POLICY,REQUIRED,TARGET_PROFILE_ONLY,NONE,Return scheduling requirement; exposure is not mastery.
REC-A1-001309,SENSE,SENSE-A1-000032,A1-M04-I05-S1,FIRST_RETURN,A1-M04-I05-S2,SAME_ISLAND,PRESERVE_TARGET_MODE_POLICY,REQUIRED,CONTEXTUAL_OR_FUNCTION_BOUND,NONE,Return scheduling requirement; exposure is not mastery.
REC-A1-001310,SENSE,SENSE-A1-000032,A1-M04-I05-S1,SECOND_RETURN,A1-M04-I05-S3,SAME_ISLAND,PRESERVE_TARGET_MODE_POLICY,REQUIRED,CONTEXTUAL_OR_FUNCTION_BOUND,NONE,Return scheduling requirement; exposure is not mastery.
REC-A1-001311,SENSE,SENSE-A1-000032,A1-M04-I05-S1,THIRD_RETURN,A1-M05-I05-S1,CROSS_MODULE,PRESERVE_TARGET_MODE_POLICY,REQUIRED,CONTEXTUAL_OR_FUNCTION_BOUND,NONE,Return scheduling requirement; exposure is not mastery.
REC-A1-001312,SENSE,SENSE-A1-000048,A1-M04-I05-S1,FIRST_RETURN,A1-M04-I05-S2,SAME_ISLAND,PRESERVE_TARGET_MODE_POLICY,REQUIRED,CONTEXTUAL_OR_FUNCTION_BOUND,NONE,Return scheduling requirement; exposure is not mastery.
REC-A1-001313,SENSE,SENSE-A1-000048,A1-M04-I05-S1,SECOND_RETURN,A1-M04-I05-S3,SAME_ISLAND,PRESERVE_TARGET_MODE_POLICY,REQUIRED,CONTEXTUAL_OR_FUNCTION_BOUND,NONE,Return scheduling requirement; exposure is not mastery.
REC-A1-001314,SENSE,SENSE-A1-000048,A1-M04-I05-S1,THIRD_RETURN,A1-M05-I05-S1,CROSS_MODULE,PRESERVE_TARGET_MODE_POLICY,REQUIRED,CONTEXTUAL_OR_FUNCTION_BOUND,NONE,Return scheduling requirement; exposure is not mastery.
REC-A1-001315,SENSE,SENSE-A1-000049,A1-M04-I05-S1,FIRST_RETURN,A1-M04-I05-S2,SAME_ISLAND,PRESERVE_TARGET_MODE_POLICY,REQUIRED,CONTEXTUAL_OR_FUNCTION_BOUND,NONE,Return scheduling requirement; exposure is not mastery.
REC-A1-001316,SENSE,SENSE-A1-000049,A1-M04-I05-S1,SECOND_RETURN,A1-M04-I05-S3,SAME_ISLAND,PRESERVE_TARGET_MODE_POLICY,REQUIRED,CONTEXTUAL_OR_FUNCTION_BOUND,NONE,Return scheduling requirement; exposure is not mastery.
REC-A1-001317,SENSE,SENSE-A1-000049,A1-M04-I05-S1,THIRD_RETURN,A1-M05-I05-S1,CROSS_MODULE,PRESERVE_TARGET_MODE_POLICY,REQUIRED,CONTEXTUAL_OR_FUNCTION_BOUND,NONE,Return scheduling requirement; exposure is not mastery.
REC-A1-001318,SENSE,SENSE-A1-000055,A1-M04-I05-S1,FIRST_RETURN,A1-M04-I05-S2,SAME_ISLAND,PRESERVE_TARGET_MODE_POLICY,REQUIRED,CONTEXTUAL_OR_FUNCTION_BOUND,NONE,Return scheduling requirement; exposure is not mastery.
REC-A1-001319,SENSE,SENSE-A1-000055,A1-M04-I05-S1,SECOND_RETURN,A1-M04-I05-S3,SAME_ISLAND,PRESERVE_TARGET_MODE_POLICY,REQUIRED,CONTEXTUAL_OR_FUNCTION_BOUND,NONE,Return scheduling requirement; exposure is not mastery.
REC-A1-001320,SENSE,SENSE-A1-000055,A1-M04-I05-S1,THIRD_RETURN,A1-M05-I05-S1,CROSS_MODULE,PRESERVE_TARGET_MODE_POLICY,REQUIRED,CONTEXTUAL_OR_FUNCTION_BOUND,NONE,Return scheduling requirement; exposure is not mastery.
REC-A1-001321,SENSE,SENSE-A1-000106,A1-M04-I05-S1,FIRST_RETURN,A1-M04-I05-S2,SAME_ISLAND,PRESERVE_TARGET_MODE_POLICY,REQUIRED,CONTEXTUAL_OR_FUNCTION_BOUND,NONE,Return scheduling requirement; exposure is not mastery.
REC-A1-001322,SENSE,SENSE-A1-000106,A1-M04-I05-S1,SECOND_RETURN,A1-M04-I05-S3,SAME_ISLAND,PRESERVE_TARGET_MODE_POLICY,REQUIRED,CONTEXTUAL_OR_FUNCTION_BOUND,NONE,Return scheduling requirement; exposure is not mastery.
REC-A1-001323,SENSE,SENSE-A1-000106,A1-M04-I05-S1,THIRD_RETURN,A1-M05-I05-S1,CROSS_MODULE,PRESERVE_TARGET_MODE_POLICY,REQUIRED,CONTEXTUAL_OR_FUNCTION_BOUND,NONE,Return scheduling requirement; exposure is not mastery.
REC-A1-001324,SENSE,SENSE-A1-000126,A1-M04-I05-S1,FIRST_RETURN,A1-M04-I05-S2,SAME_ISLAND,PRESERVE_TARGET_MODE_POLICY,REQUIRED,CONTEXTUAL_OR_FUNCTION_BOUND,NONE,Return scheduling requirement; exposure is not mastery.
REC-A1-001325,SENSE,SENSE-A1-000126,A1-M04-I05-S1,SECOND_RETURN,A1-M04-I05-S3,SAME_ISLAND,PRESERVE_TARGET_MODE_POLICY,REQUIRED,CONTEXTUAL_OR_FUNCTION_BOUND,NONE,Return scheduling requirement; exposure is not mastery.
REC-A1-001326,SENSE,SENSE-A1-000126,A1-M04-I05-S1,THIRD_RETURN,A1-M05-I05-S1,CROSS_MODULE,PRESERVE_TARGET_MODE_POLICY,REQUIRED,CONTEXTUAL_OR_FUNCTION_BOUND,NONE,Return scheduling requirement; exposure is not mastery.
REC-A1-001327,SENSE,SENSE-A1-000138,A1-M04-I05-S1,FIRST_RETURN,A1-M04-I05-S2,SAME_ISLAND,PRESERVE_TARGET_MODE_POLICY,REQUIRED,CONTEXTUAL_OR_FUNCTION_BOUND,NONE,Return scheduling requirement; exposure is not mastery.
REC-A1-001328,SENSE,SENSE-A1-000138,A1-M04-I05-S1,SECOND_RETURN,A1-M04-I05-S3,SAME_ISLAND,PRESERVE_TARGET_MODE_POLICY,REQUIRED,CONTEXTUAL_OR_FUNCTION_BOUND,NONE,Return scheduling requirement; exposure is not mastery.
REC-A1-001329,SENSE,SENSE-A1-000138,A1-M04-I05-S1,THIRD_RETURN,A1-M05-I05-S1,CROSS_MODULE,PRESERVE_TARGET_MODE_POLICY,REQUIRED,CONTEXTUAL_OR_FUNCTION_BOUND,NONE,Return scheduling requirement; exposure is not mastery.
REC-A1-001330,SENSE,SENSE-A1-000225,A1-M04-I05-S1,FIRST_RETURN,A1-M04-I05-S2,SAME_ISLAND,PRESERVE_TARGET_MODE_POLICY,REQUIRED,CONTEXTUAL_OR_FUNCTION_BOUND,NONE,Return scheduling requirement; exposure is not mastery.
REC-A1-001331,SENSE,SENSE-A1-000225,A1-M04-I05-S1,SECOND_RETURN,A1-M04-I05-S3,SAME_ISLAND,PRESERVE_TARGET_MODE_POLICY,REQUIRED,CONTEXTUAL_OR_FUNCTION_BOUND,NONE,Return scheduling requirement; exposure is not mastery.
REC-A1-001332,SENSE,SENSE-A1-000225,A1-M04-I05-S1,THIRD_RETURN,A1-M05-I05-S1,CROSS_MODULE,PRESERVE_TARGET_MODE_POLICY,REQUIRED,CONTEXTUAL_OR_FUNCTION_BOUND,NONE,Return scheduling requirement; exposure is not mastery.
REC-A1-001333,SENSE,SENSE-A1-000230,A1-M04-I05-S1,FIRST_RETURN,A1-M04-I05-S2,SAME_ISLAND,PRESERVE_TARGET_MODE_POLICY,REQUIRED,CONTEXTUAL_OR_FUNCTION_BOUND,NONE,Return scheduling requirement; exposure is not mastery.
REC-A1-001334,SENSE,SENSE-A1-000230,A1-M04-I05-S1,SECOND_RETURN,A1-M04-I05-S3,SAME_ISLAND,PRESERVE_TARGET_MODE_POLICY,REQUIRED,CONTEXTUAL_OR_FUNCTION_BOUND,NONE,Return scheduling requirement; exposure is not mastery.
REC-A1-001335,SENSE,SENSE-A1-000230,A1-M04-I05-S1,THIRD_RETURN,A1-M05-I05-S1,CROSS_MODULE,PRESERVE_TARGET_MODE_POLICY,REQUIRED,CONTEXTUAL_OR_FUNCTION_BOUND,NONE,Return scheduling requirement; exposure is not mastery.
REC-A1-001336,SENSE,SENSE-A1-000239,A1-M04-I05-S1,FIRST_RETURN,A1-M04-I05-S2,SAME_ISLAND,PRESERVE_TARGET_MODE_POLICY,REQUIRED,CONTEXTUAL_OR_FUNCTION_BOUND,NONE,Return scheduling requirement; exposure is not mastery.
REC-A1-001337,SENSE,SENSE-A1-000239,A1-M04-I05-S1,SECOND_RETURN,A1-M04-I05-S3,SAME_ISLAND,PRESERVE_TARGET_MODE_POLICY,REQUIRED,CONTEXTUAL_OR_FUNCTION_BOUND,NONE,Return scheduling requirement; exposure is not mastery.
REC-A1-001338,SENSE,SENSE-A1-000239,A1-M04-I05-S1,THIRD_RETURN,A1-M05-I05-S1,CROSS_MODULE,PRESERVE_TARGET_MODE_POLICY,REQUIRED,CONTEXTUAL_OR_FUNCTION_BOUND,NONE,Return scheduling requirement; exposure is not mastery.
REC-A1-001339,SENSE,SENSE-A1-000334,A1-M04-I05-S1,FIRST_RETURN,A1-M04-I05-S2,SAME_ISLAND,PRESERVE_TARGET_MODE_POLICY,REQUIRED,CONTEXTUAL_OR_FUNCTION_BOUND,NONE,Return scheduling requirement; exposure is not mastery.
REC-A1-001340,SENSE,SENSE-A1-000334,A1-M04-I05-S1,SECOND_RETURN,A1-M04-I05-S3,SAME_ISLAND,PRESERVE_TARGET_MODE_POLICY,REQUIRED,CONTEXTUAL_OR_FUNCTION_BOUND,NONE,Return scheduling requirement; exposure is not mastery.
REC-A1-001341,SENSE,SENSE-A1-000334,A1-M04-I05-S1,THIRD_RETURN,A1-M05-I05-S1,CROSS_MODULE,PRESERVE_TARGET_MODE_POLICY,REQUIRED,CONTEXTUAL_OR_FUNCTION_BOUND,NONE,Return scheduling requirement; exposure is not mastery.
REC-A1-001342,SENSE,SENSE-A1-000344,A1-M04-I05-S1,FIRST_RETURN,A1-M04-I05-S2,SAME_ISLAND,PRESERVE_TARGET_MODE_POLICY,REQUIRED,CONTEXTUAL_OR_FUNCTION_BOUND,NONE,Return scheduling requirement; exposure is not mastery.
REC-A1-001343,SENSE,SENSE-A1-000344,A1-M04-I05-S1,SECOND_RETURN,A1-M04-I05-S3,SAME_ISLAND,PRESERVE_TARGET_MODE_POLICY,REQUIRED,CONTEXTUAL_OR_FUNCTION_BOUND,NONE,Return scheduling requirement; exposure is not mastery.
REC-A1-001344,SENSE,SENSE-A1-000344,A1-M04-I05-S1,THIRD_RETURN,A1-M05-I05-S1,CROSS_MODULE,PRESERVE_TARGET_MODE_POLICY,REQUIRED,CONTEXTUAL_OR_FUNCTION_BOUND,NONE,Return scheduling requirement; exposure is not mastery.
REC-A1-001345,SENSE,SENSE-A1-000353,A1-M04-I05-S1,FIRST_RETURN,A1-M04-I05-S2,SAME_ISLAND,PRESERVE_TARGET_MODE_POLICY,REQUIRED,CONTEXTUAL_OR_FUNCTION_BOUND,NONE,Return scheduling requirement; exposure is not mastery.
REC-A1-001346,SENSE,SENSE-A1-000353,A1-M04-I05-S1,SECOND_RETURN,A1-M04-I05-S3,SAME_ISLAND,PRESERVE_TARGET_MODE_POLICY,REQUIRED,CONTEXTUAL_OR_FUNCTION_BOUND,NONE,Return scheduling requirement; exposure is not mastery.
REC-A1-001347,SENSE,SENSE-A1-000353,A1-M04-I05-S1,THIRD_RETURN,A1-M05-I05-S1,CROSS_MODULE,PRESERVE_TARGET_MODE_POLICY,REQUIRED,CONTEXTUAL_OR_FUNCTION_BOUND,NONE,Return scheduling requirement; exposure is not mastery.
REC-A1-001348,SENSE,SENSE-A1-000449,A1-M04-I05-S1,FIRST_RETURN,A1-M04-I05-S2,SAME_ISLAND,PRESERVE_TARGET_MODE_POLICY,REQUIRED,CONTEXTUAL_OR_FUNCTION_BOUND,NONE,Return scheduling requirement; exposure is not mastery.
REC-A1-001349,SENSE,SENSE-A1-000449,A1-M04-I05-S1,SECOND_RETURN,A1-M04-I05-S3,SAME_ISLAND,PRESERVE_TARGET_MODE_POLICY,REQUIRED,CONTEXTUAL_OR_FUNCTION_BOUND,NONE,Return scheduling requirement; exposure is not mastery.
REC-A1-001350,SENSE,SENSE-A1-000449,A1-M04-I05-S1,THIRD_RETURN,A1-M05-I05-S1,CROSS_MODULE,PRESERVE_TARGET_MODE_POLICY,REQUIRED,CONTEXTUAL_OR_FUNCTION_BOUND,NONE,Return scheduling requirement; exposure is not mastery.
REC-A1-001351,SENSE,SENSE-A1-000452,A1-M04-I05-S1,FIRST_RETURN,A1-M04-I05-S2,SAME_ISLAND,PRESERVE_TARGET_MODE_POLICY,REQUIRED,CONTEXTUAL_OR_FUNCTION_BOUND,NONE,Return scheduling requirement; exposure is not mastery.
REC-A1-001352,SENSE,SENSE-A1-000452,A1-M04-I05-S1,SECOND_RETURN,A1-M04-I05-S3,SAME_ISLAND,PRESERVE_TARGET_MODE_POLICY,REQUIRED,CONTEXTUAL_OR_FUNCTION_BOUND,NONE,Return scheduling requirement; exposure is not mastery.
REC-A1-001353,SENSE,SENSE-A1-000452,A1-M04-I05-S1,THIRD_RETURN,A1-M05-I05-S1,CROSS_MODULE,PRESERVE_TARGET_MODE_POLICY,REQUIRED,CONTEXTUAL_OR_FUNCTION_BOUND,NONE,Return scheduling requirement; exposure is not mastery.
REC-A1-001354,GRAMMAR_UNIT,GRAM-A1-007,A1-M04-I05-S1,FIRST_RETURN,A1-M04-I05-S2,SAME_ISLAND,PRESERVE_TARGET_MODE_POLICY,REQUIRED,FUNCTION_OR_TASK_BOUND,NONE,Return scheduling requirement; exposure is not mastery.
REC-A1-001355,GRAMMAR_UNIT,GRAM-A1-007,A1-M04-I05-S1,SECOND_RETURN,A1-M04-I05-S3,SAME_ISLAND,PRESERVE_TARGET_MODE_POLICY,REQUIRED,FUNCTION_OR_TASK_BOUND,NONE,Return scheduling requirement; exposure is not mastery.
REC-A1-001356,GRAMMAR_UNIT,GRAM-A1-007,A1-M04-I05-S1,THIRD_RETURN,A1-M05-I05-S1,CROSS_MODULE,PRESERVE_TARGET_MODE_POLICY,REQUIRED,FUNCTION_OR_TASK_BOUND,NONE,Return scheduling requirement; exposure is not mastery.
REC-A1-001357,GRAMMAR_UNIT,GRAM-A1-043,A1-M04-I05-S1,FIRST_RETURN,A1-M04-I05-S2,SAME_ISLAND,PRESERVE_TARGET_MODE_POLICY,REQUIRED,FUNCTION_OR_TASK_BOUND,NONE,Return scheduling requirement; exposure is not mastery.
REC-A1-001358,GRAMMAR_UNIT,GRAM-A1-043,A1-M04-I05-S1,SECOND_RETURN,A1-M04-I05-S3,SAME_ISLAND,PRESERVE_TARGET_MODE_POLICY,REQUIRED,FUNCTION_OR_TASK_BOUND,NONE,Return scheduling requirement; exposure is not mastery.
REC-A1-001359,GRAMMAR_UNIT,GRAM-A1-043,A1-M04-I05-S1,THIRD_RETURN,A1-M05-I05-S1,CROSS_MODULE,PRESERVE_TARGET_MODE_POLICY,REQUIRED,FUNCTION_OR_TASK_BOUND,NONE,Return scheduling requirement; exposure is not mastery.
REC-A1-001360,GRAMMAR_UNIT,GRAM-A1-046,A1-M04-I05-S1,FIRST_RETURN,A1-M04-I05-S2,SAME_ISLAND,PRESERVE_TARGET_MODE_POLICY,REQUIRED,FUNCTION_OR_TASK_BOUND,NONE,Return scheduling requirement; exposure is not mastery.
REC-A1-001361,GRAMMAR_UNIT,GRAM-A1-046,A1-M04-I05-S1,SECOND_RETURN,A1-M04-I05-S3,SAME_ISLAND,PRESERVE_TARGET_MODE_POLICY,REQUIRED,FUNCTION_OR_TASK_BOUND,NONE,Return scheduling requirement; exposure is not mastery.
REC-A1-001362,GRAMMAR_UNIT,GRAM-A1-046,A1-M04-I05-S1,THIRD_RETURN,A1-M05-I05-S1,CROSS_MODULE,PRESERVE_TARGET_MODE_POLICY,REQUIRED,FUNCTION_OR_TASK_BOUND,NONE,Return scheduling requirement; exposure is not mastery.
REC-A1-001363,GRAMMAR_UNIT,GRAM-A1-047,A1-M04-I05-S1,FIRST_RETURN,A1-M04-I05-S2,SAME_ISLAND,PRESERVE_TARGET_MODE_POLICY,REQUIRED,FUNCTION_OR_TASK_BOUND,NONE,Return scheduling requirement; exposure is not mastery.
REC-A1-001364,GRAMMAR_UNIT,GRAM-A1-047,A1-M04-I05-S1,SECOND_RETURN,A1-M04-I05-S3,SAME_ISLAND,PRESERVE_TARGET_MODE_POLICY,REQUIRED,FUNCTION_OR_TASK_BOUND,NONE,Return scheduling requirement; exposure is not mastery.
REC-A1-001365,GRAMMAR_UNIT,GRAM-A1-047,A1-M04-I05-S1,THIRD_RETURN,A1-M05-I05-S1,CROSS_MODULE,PRESERVE_TARGET_MODE_POLICY,REQUIRED,FUNCTION_OR_TASK_BOUND,NONE,Return scheduling requirement; exposure is not mastery.
REC-A1-001366,GRAMMAR_UNIT,GRAM-A1-048,A1-M04-I05-S1,FIRST_RETURN,A1-M04-I05-S2,SAME_ISLAND,PRESERVE_TARGET_MODE_POLICY,REQUIRED,FUNCTION_OR_TASK_BOUND,NONE,Return scheduling requirement; exposure is not mastery.
REC-A1-001367,GRAMMAR_UNIT,GRAM-A1-048,A1-M04-I05-S1,SECOND_RETURN,A1-M04-I05-S3,SAME_ISLAND,PRESERVE_TARGET_MODE_POLICY,REQUIRED,FUNCTION_OR_TASK_BOUND,NONE,Return scheduling requirement; exposure is not mastery.
REC-A1-001368,GRAMMAR_UNIT,GRAM-A1-048,A1-M04-I05-S1,THIRD_RETURN,A1-M05-I05-S1,CROSS_MODULE,PRESERVE_TARGET_MODE_POLICY,REQUIRED,FUNCTION_OR_TASK_BOUND,NONE,Return scheduling requirement; exposure is not mastery.
REC-A1-001369,GRAMMAR_UNIT,GRAM-A1-049,A1-M04-I05-S1,FIRST_RETURN,A1-M04-I05-S2,SAME_ISLAND,PRESERVE_TARGET_MODE_POLICY,REQUIRED,FUNCTION_OR_TASK_BOUND,NONE,Return scheduling requirement; exposure is not mastery.
REC-A1-001370,GRAMMAR_UNIT,GRAM-A1-049,A1-M04-I05-S1,SECOND_RETURN,A1-M04-I05-S3,SAME_ISLAND,PRESERVE_TARGET_MODE_POLICY,REQUIRED,FUNCTION_OR_TASK_BOUND,NONE,Return scheduling requirement; exposure is not mastery.
REC-A1-001371,GRAMMAR_UNIT,GRAM-A1-049,A1-M04-I05-S1,THIRD_RETURN,A1-M05-I05-S1,CROSS_MODULE,PRESERVE_TARGET_MODE_POLICY,REQUIRED,FUNCTION_OR_TASK_BOUND,NONE,Return scheduling requirement; exposure is not mastery.
REC-A1-001372,GRAMMAR_UNIT,GRAM-A1-050,A1-M04-I05-S1,FIRST_RETURN,A1-M04-I05-S2,SAME_ISLAND,PRESERVE_TARGET_MODE_POLICY,REQUIRED,FUNCTION_OR_TASK_BOUND,NONE,Return scheduling requirement; exposure is not mastery.
REC-A1-001373,GRAMMAR_UNIT,GRAM-A1-050,A1-M04-I05-S1,SECOND_RETURN,A1-M04-I05-S3,SAME_ISLAND,PRESERVE_TARGET_MODE_POLICY,REQUIRED,FUNCTION_OR_TASK_BOUND,NONE,Return scheduling requirement; exposure is not mastery.
REC-A1-001374,GRAMMAR_UNIT,GRAM-A1-050,A1-M04-I05-S1,THIRD_RETURN,A1-M05-I05-S1,CROSS_MODULE,PRESERVE_TARGET_MODE_POLICY,REQUIRED,FUNCTION_OR_TASK_BOUND,NONE,Return scheduling requirement; exposure is not mastery.
REC-A1-001375,GRAMMAR_UNIT,GRAM-A1-051,A1-M04-I05-S1,FIRST_RETURN,A1-M04-I05-S2,SAME_ISLAND,PRESERVE_TARGET_MODE_POLICY,REQUIRED,FUNCTION_OR_TASK_BOUND,NONE,Return scheduling requirement; exposure is not mastery.
REC-A1-001376,GRAMMAR_UNIT,GRAM-A1-051,A1-M04-I05-S1,SECOND_RETURN,A1-M04-I05-S3,SAME_ISLAND,PRESERVE_TARGET_MODE_POLICY,REQUIRED,FUNCTION_OR_TASK_BOUND,NONE,Return scheduling requirement; exposure is not mastery.
REC-A1-001377,GRAMMAR_UNIT,GRAM-A1-051,A1-M04-I05-S1,THIRD_RETURN,A1-M05-I05-S1,CROSS_MODULE,PRESERVE_TARGET_MODE_POLICY,REQUIRED,FUNCTION_OR_TASK_BOUND,NONE,Return scheduling requirement; exposure is not mastery.
REC-A1-001378,GRAMMAR_UNIT,GRAM-A1-092,A1-M04-I05-S1,FIRST_RETURN,A1-M04-I05-S2,SAME_ISLAND,PRESERVE_TARGET_MODE_POLICY,REQUIRED,FUNCTION_OR_TASK_BOUND,NONE,Return scheduling requirement; exposure is not mastery.
REC-A1-001379,GRAMMAR_UNIT,GRAM-A1-092,A1-M04-I05-S1,SECOND_RETURN,A1-M04-I05-S3,SAME_ISLAND,PRESERVE_TARGET_MODE_POLICY,REQUIRED,FUNCTION_OR_TASK_BOUND,NONE,Return scheduling requirement; exposure is not mastery.
REC-A1-001380,GRAMMAR_UNIT,GRAM-A1-092,A1-M04-I05-S1,THIRD_RETURN,A1-M05-I05-S1,CROSS_MODULE,PRESERVE_TARGET_MODE_POLICY,REQUIRED,FUNCTION_OR_TASK_BOUND,NONE,Return scheduling requirement; exposure is not mastery.
REC-A1-001381,GRAMMAR_UNIT,GRAM-A1-094,A1-M04-I05-S1,FIRST_RETURN,A1-M04-I05-S2,SAME_ISLAND,PRESERVE_TARGET_MODE_POLICY,REQUIRED,FUNCTION_OR_TASK_BOUND,NONE,Return scheduling requirement; exposure is not mastery.
REC-A1-001382,GRAMMAR_UNIT,GRAM-A1-094,A1-M04-I05-S1,SECOND_RETURN,A1-M04-I05-S3,SAME_ISLAND,PRESERVE_TARGET_MODE_POLICY,REQUIRED,FUNCTION_OR_TASK_BOUND,NONE,Return scheduling requirement; exposure is not mastery.
REC-A1-001383,GRAMMAR_UNIT,GRAM-A1-094,A1-M04-I05-S1,THIRD_RETURN,A1-M05-I05-S1,CROSS_MODULE,PRESERVE_TARGET_MODE_POLICY,REQUIRED,FUNCTION_OR_TASK_BOUND,NONE,Return scheduling requirement; exposure is not mastery.
REC-A1-001384,GRAMMAR_UNIT,GRAM-A1-096,A1-M04-I05-S1,FIRST_RETURN,A1-M04-I05-S2,SAME_ISLAND,PRESERVE_TARGET_MODE_POLICY,REQUIRED,FUNCTION_OR_TASK_BOUND,NONE,Return scheduling requirement; exposure is not mastery.
REC-A1-001385,GRAMMAR_UNIT,GRAM-A1-096,A1-M04-I05-S1,SECOND_RETURN,A1-M04-I05-S3,SAME_ISLAND,PRESERVE_TARGET_MODE_POLICY,REQUIRED,FUNCTION_OR_TASK_BOUND,NONE,Return scheduling requirement; exposure is not mastery.
REC-A1-001386,GRAMMAR_UNIT,GRAM-A1-096,A1-M04-I05-S1,THIRD_RETURN,A1-M05-I05-S1,CROSS_MODULE,PRESERVE_TARGET_MODE_POLICY,REQUIRED,FUNCTION_OR_TASK_BOUND,NONE,Return scheduling requirement; exposure is not mastery.
REC-A1-001387,GRAMMAR_UNIT,GRAM-A1-106,A1-M04-I05-S1,FIRST_RETURN,A1-M04-I05-S2,SAME_ISLAND,PRESERVE_TARGET_MODE_POLICY,REQUIRED,FUNCTION_OR_TASK_BOUND,NONE,Return scheduling requirement; exposure is not mastery.
REC-A1-001388,GRAMMAR_UNIT,GRAM-A1-106,A1-M04-I05-S1,SECOND_RETURN,A1-M04-I05-S3,SAME_ISLAND,PRESERVE_TARGET_MODE_POLICY,REQUIRED,FUNCTION_OR_TASK_BOUND,NONE,Return scheduling requirement; exposure is not mastery.
REC-A1-001389,GRAMMAR_UNIT,GRAM-A1-106,A1-M04-I05-S1,THIRD_RETURN,A1-M05-I05-S1,CROSS_MODULE,PRESERVE_TARGET_MODE_POLICY,REQUIRED,FUNCTION_OR_TASK_BOUND,NONE,Return scheduling requirement; exposure is not mastery.
REC-A1-001390,GRAMMAR_UNIT,GRAM-A1-120,A1-M04-I05-S1,FIRST_RETURN,A1-M04-I05-S2,SAME_ISLAND,PRESERVE_TARGET_MODE_POLICY,REQUIRED,FUNCTION_OR_TASK_BOUND,NONE,Return scheduling requirement; exposure is not mastery.
REC-A1-001391,GRAMMAR_UNIT,GRAM-A1-120,A1-M04-I05-S1,SECOND_RETURN,A1-M04-I05-S3,SAME_ISLAND,PRESERVE_TARGET_MODE_POLICY,REQUIRED,FUNCTION_OR_TASK_BOUND,NONE,Return scheduling requirement; exposure is not mastery.
REC-A1-001392,GRAMMAR_UNIT,GRAM-A1-120,A1-M04-I05-S1,THIRD_RETURN,A1-M05-I05-S1,CROSS_MODULE,PRESERVE_TARGET_MODE_POLICY,REQUIRED,FUNCTION_OR_TASK_BOUND,NONE,Return scheduling requirement; exposure is not mastery.
REC-A1-001393,GRAMMAR_UNIT,GRAM-A1-131,A1-M04-I05-S1,FIRST_RETURN,A1-M04-I05-S2,SAME_ISLAND,PRESERVE_TARGET_MODE_POLICY,REQUIRED,FUNCTION_OR_TASK_BOUND,NONE,Return scheduling requirement; exposure is not mastery.
REC-A1-001394,GRAMMAR_UNIT,GRAM-A1-131,A1-M04-I05-S1,SECOND_RETURN,A1-M04-I05-S3,SAME_ISLAND,PRESERVE_TARGET_MODE_POLICY,REQUIRED,FUNCTION_OR_TASK_BOUND,NONE,Return scheduling requirement; exposure is not mastery.
REC-A1-001395,GRAMMAR_UNIT,GRAM-A1-131,A1-M04-I05-S1,THIRD_RETURN,A1-M05-I05-S1,CROSS_MODULE,PRESERVE_TARGET_MODE_POLICY,REQUIRED,FUNCTION_OR_TASK_BOUND,NONE,Return scheduling requirement; exposure is not mastery.
REC-A1-001396,MWU_SOURCE_UNIT,12B1-MWU-0146,A1-M04-I05-S1,FIRST_RETURN,A1-M04-I05-S2,SAME_ISLAND,PRESERVE_TARGET_MODE_POLICY,REQUIRED,CONTEXTUAL_OR_FUNCTION_BOUND,NONE,Return scheduling requirement; exposure is not mastery.
REC-A1-001397,MWU_SOURCE_UNIT,12B1-MWU-0146,A1-M04-I05-S1,SECOND_RETURN,A1-M04-I05-S3,SAME_ISLAND,PRESERVE_TARGET_MODE_POLICY,REQUIRED,CONTEXTUAL_OR_FUNCTION_BOUND,NONE,Return scheduling requirement; exposure is not mastery.
REC-A1-001398,MWU_SOURCE_UNIT,12B1-MWU-0146,A1-M04-I05-S1,THIRD_RETURN,A1-M05-I05-S1,CROSS_MODULE,PRESERVE_TARGET_MODE_POLICY,REQUIRED,CONTEXTUAL_OR_FUNCTION_BOUND,NONE,Return scheduling requirement; exposure is not mastery.
REC-A1-001399,MWU_SOURCE_UNIT,12B1-MWU-0148,A1-M04-I05-S1,FIRST_RETURN,A1-M04-I05-S2,SAME_ISLAND,PRESERVE_TARGET_MODE_POLICY,REQUIRED,CONTEXTUAL_OR_FUNCTION_BOUND,NONE,Return scheduling requirement; exposure is not mastery.
REC-A1-001400,MWU_SOURCE_UNIT,12B1-MWU-0148,A1-M04-I05-S1,SECOND_RETURN,A1-M04-I05-S3,SAME_ISLAND,PRESERVE_TARGET_MODE_POLICY,REQUIRED,CONTEXTUAL_OR_FUNCTION_BOUND,NONE,Return scheduling requirement; exposure is not mastery.
REC-A1-001401,MWU_SOURCE_UNIT,12B1-MWU-0148,A1-M04-I05-S1,THIRD_RETURN,A1-M05-I05-S1,CROSS_MODULE,PRESERVE_TARGET_MODE_POLICY,REQUIRED,CONTEXTUAL_OR_FUNCTION_BOUND,NONE,Return scheduling requirement; exposure is not mastery.
REC-A1-001402,MWU_SOURCE_UNIT,12B1-MWU-0149,A1-M04-I05-S1,FIRST_RETURN,A1-M04-I05-S2,SAME_ISLAND,PRESERVE_TARGET_MODE_POLICY,REQUIRED,CONTEXTUAL_OR_FUNCTION_BOUND,NONE,Return scheduling requirement; exposure is not mastery.
REC-A1-001403,MWU_SOURCE_UNIT,12B1-MWU-0149,A1-M04-I05-S1,SECOND_RETURN,A1-M04-I05-S3,SAME_ISLAND,PRESERVE_TARGET_MODE_POLICY,REQUIRED,CONTEXTUAL_OR_FUNCTION_BOUND,NONE,Return scheduling requirement; exposure is not mastery.
REC-A1-001404,MWU_SOURCE_UNIT,12B1-MWU-0149,A1-M04-I05-S1,THIRD_RETURN,A1-M05-I05-S1,CROSS_MODULE,PRESERVE_TARGET_MODE_POLICY,REQUIRED,CONTEXTUAL_OR_FUNCTION_BOUND,NONE,Return scheduling requirement; exposure is not mastery.
REC-A1-001405,MWU_SOURCE_UNIT,12B1-MWU-0150,A1-M04-I05-S1,FIRST_RETURN,A1-M04-I05-S2,SAME_ISLAND,PRESERVE_TARGET_MODE_POLICY,REQUIRED,CONTEXTUAL_OR_FUNCTION_BOUND,NONE,Return scheduling requirement; exposure is not mastery.
REC-A1-001406,MWU_SOURCE_UNIT,12B1-MWU-0150,A1-M04-I05-S1,SECOND_RETURN,A1-M04-I05-S3,SAME_ISLAND,PRESERVE_TARGET_MODE_POLICY,REQUIRED,CONTEXTUAL_OR_FUNCTION_BOUND,NONE,Return scheduling requirement; exposure is not mastery.
REC-A1-001407,MWU_SOURCE_UNIT,12B1-MWU-0150,A1-M04-I05-S1,THIRD_RETURN,A1-M05-I05-S1,CROSS_MODULE,PRESERVE_TARGET_MODE_POLICY,REQUIRED,CONTEXTUAL_OR_FUNCTION_BOUND,NONE,Return scheduling requirement; exposure is not mastery.
REC-A1-001408,MWU_SOURCE_UNIT,12B1-MWU-0151,A1-M04-I05-S1,FIRST_RETURN,A1-M04-I05-S2,SAME_ISLAND,PRESERVE_TARGET_MODE_POLICY,REQUIRED,CONTEXTUAL_OR_FUNCTION_BOUND,NONE,Return scheduling requirement; exposure is not mastery.
REC-A1-001409,MWU_SOURCE_UNIT,12B1-MWU-0151,A1-M04-I05-S1,SECOND_RETURN,A1-M04-I05-S3,SAME_ISLAND,PRESERVE_TARGET_MODE_POLICY,REQUIRED,CONTEXTUAL_OR_FUNCTION_BOUND,NONE,Return scheduling requirement; exposure is not mastery.
REC-A1-001410,MWU_SOURCE_UNIT,12B1-MWU-0151,A1-M04-I05-S1,THIRD_RETURN,A1-M05-I05-S1,CROSS_MODULE,PRESERVE_TARGET_MODE_POLICY,REQUIRED,CONTEXTUAL_OR_FUNCTION_BOUND,NONE,Return scheduling requirement; exposure is not mastery.
REC-A1-001411,MWU_SOURCE_UNIT,12B1-MWU-0158,A1-M04-I05-S1,FIRST_RETURN,A1-M04-I05-S2,SAME_ISLAND,PRESERVE_TARGET_MODE_POLICY,REQUIRED,CONTEXTUAL_OR_FUNCTION_BOUND,NONE,Return scheduling requirement; exposure is not mastery.
REC-A1-001412,MWU_SOURCE_UNIT,12B1-MWU-0158,A1-M04-I05-S1,SECOND_RETURN,A1-M04-I05-S3,SAME_ISLAND,PRESERVE_TARGET_MODE_POLICY,REQUIRED,CONTEXTUAL_OR_FUNCTION_BOUND,NONE,Return scheduling requirement; exposure is not mastery.
REC-A1-001413,MWU_SOURCE_UNIT,12B1-MWU-0158,A1-M04-I05-S1,THIRD_RETURN,A1-M05-I05-S1,CROSS_MODULE,PRESERVE_TARGET_MODE_POLICY,REQUIRED,CONTEXTUAL_OR_FUNCTION_BOUND,NONE,Return scheduling requirement; exposure is not mastery.
REC-A1-001414,SENSE,SENSE-A1-000001,A1-M04-I05-S2,FIRST_RETURN,A1-M04-I05-S3,SAME_ISLAND,PRESERVE_TARGET_MODE_POLICY,REQUIRED,CONTEXTUAL_OR_FUNCTION_BOUND,NONE,Return scheduling requirement; exposure is not mastery.
REC-A1-001415,SENSE,SENSE-A1-000001,A1-M04-I05-S2,SECOND_RETURN,A1-M04-I05-S4,SAME_ISLAND,PRESERVE_TARGET_MODE_POLICY,REQUIRED,CONTEXTUAL_OR_FUNCTION_BOUND,NONE,Return scheduling requirement; exposure is not mastery.
REC-A1-001416,SENSE,SENSE-A1-000001,A1-M04-I05-S2,THIRD_RETURN,A1-M06-I05-S3,CROSS_MODULE,PRESERVE_TARGET_MODE_POLICY,REQUIRED,CONTEXTUAL_OR_FUNCTION_BOUND,NONE,Return scheduling requirement; exposure is not mastery.
REC-A1-001417,SENSE,SENSE-A1-000002,A1-M04-I05-S2,FIRST_RETURN,A1-M04-I05-S3,SAME_ISLAND,PRESERVE_TARGET_MODE_POLICY,REQUIRED,CONTEXTUAL_OR_FUNCTION_BOUND,NONE,Return scheduling requirement; exposure is not mastery.
REC-A1-001418,SENSE,SENSE-A1-000002,A1-M04-I05-S2,SECOND_RETURN,A1-M04-I05-S4,SAME_ISLAND,PRESERVE_TARGET_MODE_POLICY,REQUIRED,CONTEXTUAL_OR_FUNCTION_BOUND,NONE,Return scheduling requirement; exposure is not mastery.
REC-A1-001419,SENSE,SENSE-A1-000002,A1-M04-I05-S2,THIRD_RETURN,A1-M06-I05-S3,CROSS_MODULE,PRESERVE_TARGET_MODE_POLICY,REQUIRED,CONTEXTUAL_OR_FUNCTION_BOUND,NONE,Return scheduling requirement; exposure is not mastery.
REC-A1-001420,SENSE,SENSE-A1-000003,A1-M04-I05-S2,FIRST_RETURN,A1-M04-I05-S3,SAME_ISLAND,PRESERVE_TARGET_MODE_POLICY,REQUIRED,CONTEXTUAL_OR_FUNCTION_BOUND,NONE,Return scheduling requirement; exposure is not mastery.
REC-A1-001421,SENSE,SENSE-A1-000003,A1-M04-I05-S2,SECOND_RETURN,A1-M04-I05-S4,SAME_ISLAND,PRESERVE_TARGET_MODE_POLICY,REQUIRED,CONTEXTUAL_OR_FUNCTION_BOUND,NONE,Return scheduling requirement; exposure is not mastery.
REC-A1-001422,SENSE,SENSE-A1-000003,A1-M04-I05-S2,THIRD_RETURN,A1-M06-I05-S3,CROSS_MODULE,PRESERVE_TARGET_MODE_POLICY,REQUIRED,CONTEXTUAL_OR_FUNCTION_BOUND,NONE,Return scheduling requirement; exposure is not mastery.
REC-A1-001423,SENSE,SENSE-A1-000005,A1-M04-I05-S2,FIRST_RETURN,A1-M04-I05-S3,SAME_ISLAND,PRESERVE_TARGET_MODE_POLICY,REQUIRED,CONTEXTUAL_OR_FUNCTION_BOUND,NONE,Return scheduling requirement; exposure is not mastery.
REC-A1-001424,SENSE,SENSE-A1-000005,A1-M04-I05-S2,SECOND_RETURN,A1-M04-I05-S4,SAME_ISLAND,PRESERVE_TARGET_MODE_POLICY,REQUIRED,CONTEXTUAL_OR_FUNCTION_BOUND,NONE,Return scheduling requirement; exposure is not mastery.
REC-A1-001425,SENSE,SENSE-A1-000005,A1-M04-I05-S2,THIRD_RETURN,A1-M06-I05-S3,CROSS_MODULE,PRESERVE_TARGET_MODE_POLICY,REQUIRED,CONTEXTUAL_OR_FUNCTION_BOUND,NONE,Return scheduling requirement; exposure is not mastery.
REC-A1-001426,SENSE,SENSE-A1-000038,A1-M04-I05-S2,FIRST_RETURN,A1-M04-I05-S3,SAME_ISLAND,PRESERVE_TARGET_MODE_POLICY,REQUIRED,CONTEXTUAL_OR_FUNCTION_BOUND,NONE,Return scheduling requirement; exposure is not mastery.
REC-A1-001427,SENSE,SENSE-A1-000038,A1-M04-I05-S2,SECOND_RETURN,A1-M04-I05-S4,SAME_ISLAND,PRESERVE_TARGET_MODE_POLICY,REQUIRED,CONTEXTUAL_OR_FUNCTION_BOUND,NONE,Return scheduling requirement; exposure is not mastery.
REC-A1-001428,SENSE,SENSE-A1-000038,A1-M04-I05-S2,THIRD_RETURN,A1-M06-I05-S3,CROSS_MODULE,PRESERVE_TARGET_MODE_POLICY,REQUIRED,CONTEXTUAL_OR_FUNCTION_BOUND,NONE,Return scheduling requirement; exposure is not mastery.
REC-A1-001429,SENSE,SENSE-A1-000095,A1-M04-I05-S2,FIRST_RETURN,A1-M04-I05-S3,SAME_ISLAND,PRESERVE_TARGET_MODE_POLICY,REQUIRED,CONTEXTUAL_OR_FUNCTION_BOUND,NONE,Return scheduling requirement; exposure is not mastery.
REC-A1-001430,SENSE,SENSE-A1-000095,A1-M04-I05-S2,SECOND_RETURN,A1-M04-I05-S4,SAME_ISLAND,PRESERVE_TARGET_MODE_POLICY,REQUIRED,CONTEXTUAL_OR_FUNCTION_BOUND,NONE,Return scheduling requirement; exposure is not mastery.
REC-A1-001431,SENSE,SENSE-A1-000095,A1-M04-I05-S2,THIRD_RETURN,A1-M06-I05-S3,CROSS_MODULE,PRESERVE_TARGET_MODE_POLICY,REQUIRED,CONTEXTUAL_OR_FUNCTION_BOUND,NONE,Return scheduling requirement; exposure is not mastery.
REC-A1-001432,SENSE,SENSE-A1-000113,A1-M04-I05-S2,FIRST_RETURN,A1-M04-I05-S3,SAME_ISLAND,PRESERVE_TARGET_MODE_POLICY,REQUIRED,CONTEXTUAL_OR_FUNCTION_BOUND,NONE,Return scheduling requirement; exposure is not mastery.
REC-A1-001433,SENSE,SENSE-A1-000113,A1-M04-I05-S2,SECOND_RETURN,A1-M04-I05-S4,SAME_ISLAND,PRESERVE_TARGET_MODE_POLICY,REQUIRED,CONTEXTUAL_OR_FUNCTION_BOUND,NONE,Return scheduling requirement; exposure is not mastery.
REC-A1-001434,SENSE,SENSE-A1-000113,A1-M04-I05-S2,THIRD_RETURN,A1-M06-I05-S3,CROSS_MODULE,PRESERVE_TARGET_MODE_POLICY,REQUIRED,CONTEXTUAL_OR_FUNCTION_BOUND,NONE,Return scheduling requirement; exposure is not mastery.
REC-A1-001435,SENSE,SENSE-A1-000114,A1-M04-I05-S2,FIRST_RETURN,A1-M04-I05-S3,SAME_ISLAND,PRESERVE_TARGET_MODE_POLICY,REQUIRED,TARGET_PROFILE_ONLY,NONE,Return scheduling requirement; exposure is not mastery.
REC-A1-001436,SENSE,SENSE-A1-000114,A1-M04-I05-S2,SECOND_RETURN,A1-M04-I05-S4,SAME_ISLAND,PRESERVE_TARGET_MODE_POLICY,REQUIRED,TARGET_PROFILE_ONLY,NONE,Return scheduling requirement; exposure is not mastery.
REC-A1-001437,SENSE,SENSE-A1-000114,A1-M04-I05-S2,THIRD_RETURN,A1-M06-I05-S3,CROSS_MODULE,PRESERVE_TARGET_MODE_POLICY,REQUIRED,TARGET_PROFILE_ONLY,NONE,Return scheduling requirement; exposure is not mastery.
REC-A1-001438,SENSE,SENSE-A1-000129,A1-M04-I05-S2,FIRST_RETURN,A1-M04-I05-S3,SAME_ISLAND,PRESERVE_TARGET_MODE_POLICY,REQUIRED,CONTEXTUAL_OR_FUNCTION_BOUND,NONE,Return scheduling requirement; exposure is not mastery.
REC-A1-001439,SENSE,SENSE-A1-000129,A1-M04-I05-S2,SECOND_RETURN,A1-M04-I05-S4,SAME_ISLAND,PRESERVE_TARGET_MODE_POLICY,REQUIRED,CONTEXTUAL_OR_FUNCTION_BOUND,NONE,Return scheduling requirement; exposure is not mastery.
REC-A1-001440,SENSE,SENSE-A1-000129,A1-M04-I05-S2,THIRD_RETURN,A1-M06-I05-S3,CROSS_MODULE,PRESERVE_TARGET_MODE_POLICY,REQUIRED,CONTEXTUAL_OR_FUNCTION_BOUND,NONE,Return scheduling requirement; exposure is not mastery.
REC-A1-001441,SENSE,SENSE-A1-000135,A1-M04-I05-S2,FIRST_RETURN,A1-M04-I05-S3,SAME_ISLAND,PRESERVE_TARGET_MODE_POLICY,REQUIRED,TARGET_PROFILE_ONLY,NONE,Return scheduling requirement; exposure is not mastery.
REC-A1-001442,SENSE,SENSE-A1-000135,A1-M04-I05-S2,SECOND_RETURN,A1-M04-I05-S4,SAME_ISLAND,PRESERVE_TARGET_MODE_POLICY,REQUIRED,TARGET_PROFILE_ONLY,NONE,Return scheduling requirement; exposure is not mastery.
REC-A1-001443,SENSE,SENSE-A1-000135,A1-M04-I05-S2,THIRD_RETURN,A1-M06-I05-S3,CROSS_MODULE,PRESERVE_TARGET_MODE_POLICY,REQUIRED,TARGET_PROFILE_ONLY,NONE,Return scheduling requirement; exposure is not mastery.
REC-A1-001444,SENSE,SENSE-A1-000145,A1-M04-I05-S2,FIRST_RETURN,A1-M04-I05-S3,SAME_ISLAND,PRESERVE_TARGET_MODE_POLICY,REQUIRED,TARGET_PROFILE_ONLY,NONE,Return scheduling requirement; exposure is not mastery.
REC-A1-001445,SENSE,SENSE-A1-000145,A1-M04-I05-S2,SECOND_RETURN,A1-M04-I05-S4,SAME_ISLAND,PRESERVE_TARGET_MODE_POLICY,REQUIRED,TARGET_PROFILE_ONLY,NONE,Return scheduling requirement; exposure is not mastery.
REC-A1-001446,SENSE,SENSE-A1-000145,A1-M04-I05-S2,THIRD_RETURN,A1-M06-I05-S3,CROSS_MODULE,PRESERVE_TARGET_MODE_POLICY,REQUIRED,TARGET_PROFILE_ONLY,NONE,Return scheduling requirement; exposure is not mastery.
REC-A1-001447,SENSE,SENSE-A1-000216,A1-M04-I05-S2,FIRST_RETURN,A1-M04-I05-S3,SAME_ISLAND,PRESERVE_TARGET_MODE_POLICY,REQUIRED,CONTEXTUAL_OR_FUNCTION_BOUND,NONE,Return scheduling requirement; exposure is not mastery.
REC-A1-001448,SENSE,SENSE-A1-000216,A1-M04-I05-S2,SECOND_RETURN,A1-M04-I05-S4,SAME_ISLAND,PRESERVE_TARGET_MODE_POLICY,REQUIRED,CONTEXTUAL_OR_FUNCTION_BOUND,NONE,Return scheduling requirement; exposure is not mastery.
REC-A1-001449,SENSE,SENSE-A1-000216,A1-M04-I05-S2,THIRD_RETURN,A1-M06-I05-S3,CROSS_MODULE,PRESERVE_TARGET_MODE_POLICY,REQUIRED,CONTEXTUAL_OR_FUNCTION_BOUND,NONE,Return scheduling requirement; exposure is not mastery.
REC-A1-001450,SENSE,SENSE-A1-000240,A1-M04-I05-S2,FIRST_RETURN,A1-M04-I05-S3,SAME_ISLAND,PRESERVE_TARGET_MODE_POLICY,REQUIRED,CONTEXTUAL_OR_FUNCTION_BOUND,NONE,Return scheduling requirement; exposure is not mastery.
REC-A1-001451,SENSE,SENSE-A1-000240,A1-M04-I05-S2,SECOND_RETURN,A1-M04-I05-S4,SAME_ISLAND,PRESERVE_TARGET_MODE_POLICY,REQUIRED,CONTEXTUAL_OR_FUNCTION_BOUND,NONE,Return scheduling requirement; exposure is not mastery.
REC-A1-001452,SENSE,SENSE-A1-000240,A1-M04-I05-S2,THIRD_RETURN,A1-M06-I05-S3,CROSS_MODULE,PRESERVE_TARGET_MODE_POLICY,REQUIRED,CONTEXTUAL_OR_FUNCTION_BOUND,NONE,Return scheduling requirement; exposure is not mastery.
REC-A1-001453,SENSE,SENSE-A1-000278,A1-M04-I05-S2,FIRST_RETURN,A1-M04-I05-S3,SAME_ISLAND,PRESERVE_TARGET_MODE_POLICY,REQUIRED,TARGET_PROFILE_ONLY,NONE,Return scheduling requirement; exposure is not mastery.
REC-A1-001454,SENSE,SENSE-A1-000278,A1-M04-I05-S2,SECOND_RETURN,A1-M04-I05-S4,SAME_ISLAND,PRESERVE_TARGET_MODE_POLICY,REQUIRED,TARGET_PROFILE_ONLY,NONE,Return scheduling requirement; exposure is not mastery.
REC-A1-001455,SENSE,SENSE-A1-000278,A1-M04-I05-S2,THIRD_RETURN,A1-M06-I05-S3,CROSS_MODULE,PRESERVE_TARGET_MODE_POLICY,REQUIRED,TARGET_PROFILE_ONLY,NONE,Return scheduling requirement; exposure is not mastery.
REC-A1-001456,SENSE,SENSE-A1-000326,A1-M04-I05-S2,FIRST_RETURN,A1-M04-I05-S3,SAME_ISLAND,PRESERVE_TARGET_MODE_POLICY,REQUIRED,CONTEXTUAL_OR_FUNCTION_BOUND,NONE,Return scheduling requirement; exposure is not mastery.
REC-A1-001457,SENSE,SENSE-A1-000326,A1-M04-I05-S2,SECOND_RETURN,A1-M04-I05-S4,SAME_ISLAND,PRESERVE_TARGET_MODE_POLICY,REQUIRED,CONTEXTUAL_OR_FUNCTION_BOUND,NONE,Return scheduling requirement; exposure is not mastery.
REC-A1-001458,SENSE,SENSE-A1-000326,A1-M04-I05-S2,THIRD_RETURN,A1-M06-I05-S3,CROSS_MODULE,PRESERVE_TARGET_MODE_POLICY,REQUIRED,CONTEXTUAL_OR_FUNCTION_BOUND,NONE,Return scheduling requirement; exposure is not mastery.
REC-A1-001459,SENSE,SENSE-A1-000335,A1-M04-I05-S2,FIRST_RETURN,A1-M04-I05-S3,SAME_ISLAND,PRESERVE_TARGET_MODE_POLICY,REQUIRED,CONTEXTUAL_OR_FUNCTION_BOUND,NONE,Return scheduling requirement; exposure is not mastery.
REC-A1-001460,SENSE,SENSE-A1-000335,A1-M04-I05-S2,SECOND_RETURN,A1-M04-I05-S4,SAME_ISLAND,PRESERVE_TARGET_MODE_POLICY,REQUIRED,CONTEXTUAL_OR_FUNCTION_BOUND,NONE,Return scheduling requirement; exposure is not mastery.
REC-A1-001461,SENSE,SENSE-A1-000335,A1-M04-I05-S2,THIRD_RETURN,A1-M06-I05-S3,CROSS_MODULE,PRESERVE_TARGET_MODE_POLICY,REQUIRED,CONTEXTUAL_OR_FUNCTION_BOUND,NONE,Return scheduling requirement; exposure is not mastery.
REC-A1-001462,SENSE,SENSE-A1-000405,A1-M04-I05-S2,FIRST_RETURN,A1-M04-I05-S3,SAME_ISLAND,PRESERVE_TARGET_MODE_POLICY,REQUIRED,CONTEXTUAL_OR_FUNCTION_BOUND,NONE,Return scheduling requirement; exposure is not mastery.
REC-A1-001463,SENSE,SENSE-A1-000405,A1-M04-I05-S2,SECOND_RETURN,A1-M04-I05-S4,SAME_ISLAND,PRESERVE_TARGET_MODE_POLICY,REQUIRED,CONTEXTUAL_OR_FUNCTION_BOUND,NONE,Return scheduling requirement; exposure is not mastery.
REC-A1-001464,SENSE,SENSE-A1-000405,A1-M04-I05-S2,THIRD_RETURN,A1-M06-I05-S3,CROSS_MODULE,PRESERVE_TARGET_MODE_POLICY,REQUIRED,CONTEXTUAL_OR_FUNCTION_BOUND,NONE,Return scheduling requirement; exposure is not mastery.
REC-A1-001465,SENSE,SENSE-A1-000415,A1-M04-I05-S2,FIRST_RETURN,A1-M04-I05-S3,SAME_ISLAND,PRESERVE_TARGET_MODE_POLICY,REQUIRED,CONTEXTUAL_OR_FUNCTION_BOUND,NONE,Return scheduling requirement; exposure is not mastery.
REC-A1-001466,SENSE,SENSE-A1-000415,A1-M04-I05-S2,SECOND_RETURN,A1-M04-I05-S4,SAME_ISLAND,PRESERVE_TARGET_MODE_POLICY,REQUIRED,CONTEXTUAL_OR_FUNCTION_BOUND,NONE,Return scheduling requirement; exposure is not mastery.
REC-A1-001467,SENSE,SENSE-A1-000415,A1-M04-I05-S2,THIRD_RETURN,A1-M06-I05-S3,CROSS_MODULE,PRESERVE_TARGET_MODE_POLICY,REQUIRED,CONTEXTUAL_OR_FUNCTION_BOUND,NONE,Return scheduling requirement; exposure is not mastery.
REC-A1-001468,SENSE,SENSE-A1-000479,A1-M04-I05-S2,FIRST_RETURN,A1-M04-I05-S3,SAME_ISLAND,PRESERVE_TARGET_MODE_POLICY,REQUIRED,CONTEXTUAL_OR_FUNCTION_BOUND,NONE,Return scheduling requirement; exposure is not mastery.
REC-A1-001469,SENSE,SENSE-A1-000479,A1-M04-I05-S2,SECOND_RETURN,A1-M04-I05-S4,SAME_ISLAND,PRESERVE_TARGET_MODE_POLICY,REQUIRED,CONTEXTUAL_OR_FUNCTION_BOUND,NONE,Return scheduling requirement; exposure is not mastery.
REC-A1-001470,SENSE,SENSE-A1-000479,A1-M04-I05-S2,THIRD_RETURN,A1-M06-I05-S3,CROSS_MODULE,PRESERVE_TARGET_MODE_POLICY,REQUIRED,CONTEXTUAL_OR_FUNCTION_BOUND,NONE,Return scheduling requirement; exposure is not mastery.
REC-A1-001471,SENSE,SENSE-A1-000482,A1-M04-I05-S2,FIRST_RETURN,A1-M04-I05-S3,SAME_ISLAND,PRESERVE_TARGET_MODE_POLICY,REQUIRED,CONTEXTUAL_OR_FUNCTION_BOUND,NONE,Return scheduling requirement; exposure is not mastery.
REC-A1-001472,SENSE,SENSE-A1-000482,A1-M04-I05-S2,SECOND_RETURN,A1-M04-I05-S4,SAME_ISLAND,PRESERVE_TARGET_MODE_POLICY,REQUIRED,CONTEXTUAL_OR_FUNCTION_BOUND,NONE,Return scheduling requirement; exposure is not mastery.
REC-A1-001473,SENSE,SENSE-A1-000482,A1-M04-I05-S2,THIRD_RETURN,A1-M06-I05-S3,CROSS_MODULE,PRESERVE_TARGET_MODE_POLICY,REQUIRED,CONTEXTUAL_OR_FUNCTION_BOUND,NONE,Return scheduling requirement; exposure is not mastery.
REC-A1-001474,SENSE,SENSE-A1-000493,A1-M04-I05-S2,FIRST_RETURN,A1-M04-I05-S3,SAME_ISLAND,PRESERVE_TARGET_MODE_POLICY,REQUIRED,CONTEXTUAL_OR_FUNCTION_BOUND,NONE,Return scheduling requirement; exposure is not mastery.
REC-A1-001475,SENSE,SENSE-A1-000493,A1-M04-I05-S2,SECOND_RETURN,A1-M04-I05-S4,SAME_ISLAND,PRESERVE_TARGET_MODE_POLICY,REQUIRED,CONTEXTUAL_OR_FUNCTION_BOUND,NONE,Return scheduling requirement; exposure is not mastery.
REC-A1-001476,SENSE,SENSE-A1-000493,A1-M04-I05-S2,THIRD_RETURN,A1-M06-I05-S3,CROSS_MODULE,PRESERVE_TARGET_MODE_POLICY,REQUIRED,CONTEXTUAL_OR_FUNCTION_BOUND,NONE,Return scheduling requirement; exposure is not mastery.
REC-A1-001477,SENSE,SENSE-A1-000540,A1-M04-I05-S2,FIRST_RETURN,A1-M04-I05-S3,SAME_ISLAND,PRESERVE_TARGET_MODE_POLICY,REQUIRED,CONTEXTUAL_OR_FUNCTION_BOUND,NONE,Return scheduling requirement; exposure is not mastery.
REC-A1-001478,SENSE,SENSE-A1-000540,A1-M04-I05-S2,SECOND_RETURN,A1-M04-I05-S4,SAME_ISLAND,PRESERVE_TARGET_MODE_POLICY,REQUIRED,CONTEXTUAL_OR_FUNCTION_BOUND,NONE,Return scheduling requirement; exposure is not mastery.
REC-A1-001479,SENSE,SENSE-A1-000540,A1-M04-I05-S2,THIRD_RETURN,A1-M06-I05-S3,CROSS_MODULE,PRESERVE_TARGET_MODE_POLICY,REQUIRED,CONTEXTUAL_OR_FUNCTION_BOUND,NONE,Return scheduling requirement; exposure is not mastery.
REC-A1-001480,SENSE,SENSE-A1-000565,A1-M04-I05-S2,FIRST_RETURN,A1-M04-I05-S3,SAME_ISLAND,PRESERVE_TARGET_MODE_POLICY,REQUIRED,CONTEXTUAL_OR_FUNCTION_BOUND,NONE,Return scheduling requirement; exposure is not mastery.
REC-A1-001481,SENSE,SENSE-A1-000565,A1-M04-I05-S2,SECOND_RETURN,A1-M04-I05-S4,SAME_ISLAND,PRESERVE_TARGET_MODE_POLICY,REQUIRED,CONTEXTUAL_OR_FUNCTION_BOUND,NONE,Return scheduling requirement; exposure is not mastery.
REC-A1-001482,SENSE,SENSE-A1-000565,A1-M04-I05-S2,THIRD_RETURN,A1-M06-I05-S3,CROSS_MODULE,PRESERVE_TARGET_MODE_POLICY,REQUIRED,CONTEXTUAL_OR_FUNCTION_BOUND,NONE,Return scheduling requirement; exposure is not mastery.
REC-A1-001483,GRAMMAR_UNIT,GRAM-A1-032,A1-M04-I05-S2,FIRST_RETURN,A1-M04-I05-S3,SAME_ISLAND,PRESERVE_TARGET_MODE_POLICY,REQUIRED,FUNCTION_OR_TASK_BOUND,NONE,Return scheduling requirement; exposure is not mastery.
REC-A1-001484,GRAMMAR_UNIT,GRAM-A1-032,A1-M04-I05-S2,SECOND_RETURN,A1-M04-I05-S4,SAME_ISLAND,PRESERVE_TARGET_MODE_POLICY,REQUIRED,FUNCTION_OR_TASK_BOUND,NONE,Return scheduling requirement; exposure is not mastery.
REC-A1-001485,GRAMMAR_UNIT,GRAM-A1-032,A1-M04-I05-S2,THIRD_RETURN,A1-M06-I05-S3,CROSS_MODULE,PRESERVE_TARGET_MODE_POLICY,REQUIRED,FUNCTION_OR_TASK_BOUND,NONE,Return scheduling requirement; exposure is not mastery.
REC-A1-001486,GRAMMAR_UNIT,GRAM-A1-095,A1-M04-I05-S2,FIRST_RETURN,A1-M04-I05-S3,SAME_ISLAND,PRESERVE_TARGET_MODE_POLICY,REQUIRED,FUNCTION_OR_TASK_BOUND,NONE,Return scheduling requirement; exposure is not mastery.
REC-A1-001487,GRAMMAR_UNIT,GRAM-A1-095,A1-M04-I05-S2,SECOND_RETURN,A1-M04-I05-S4,SAME_ISLAND,PRESERVE_TARGET_MODE_POLICY,REQUIRED,FUNCTION_OR_TASK_BOUND,NONE,Return scheduling requirement; exposure is not mastery.
REC-A1-001488,GRAMMAR_UNIT,GRAM-A1-095,A1-M04-I05-S2,THIRD_RETURN,A1-M06-I05-S3,CROSS_MODULE,PRESERVE_TARGET_MODE_POLICY,REQUIRED,FUNCTION_OR_TASK_BOUND,NONE,Return scheduling requirement; exposure is not mastery.
REC-A1-001489,MWU_SOURCE_UNIT,12B1-MWU-0113,A1-M04-I05-S2,FIRST_RETURN,A1-M04-I05-S3,SAME_ISLAND,PRESERVE_TARGET_MODE_POLICY,REQUIRED,CONTEXTUAL_OR_FUNCTION_BOUND,NONE,Return scheduling requirement; exposure is not mastery.
REC-A1-001490,MWU_SOURCE_UNIT,12B1-MWU-0113,A1-M04-I05-S2,SECOND_RETURN,A1-M04-I05-S4,SAME_ISLAND,PRESERVE_TARGET_MODE_POLICY,REQUIRED,CONTEXTUAL_OR_FUNCTION_BOUND,NONE,Return scheduling requirement; exposure is not mastery.
REC-A1-001491,MWU_SOURCE_UNIT,12B1-MWU-0113,A1-M04-I05-S2,THIRD_RETURN,A1-M06-I05-S3,CROSS_MODULE,PRESERVE_TARGET_MODE_POLICY,REQUIRED,CONTEXTUAL_OR_FUNCTION_BOUND,NONE,Return scheduling requirement; exposure is not mastery.
REC-A1-001492,MWU_SOURCE_UNIT,12B1-MWU-0141,A1-M04-I05-S2,FIRST_RETURN,A1-M04-I05-S3,SAME_ISLAND,PRESERVE_TARGET_MODE_POLICY,REQUIRED,CONTEXTUAL_OR_FUNCTION_BOUND,NONE,Return scheduling requirement; exposure is not mastery.
REC-A1-001493,MWU_SOURCE_UNIT,12B1-MWU-0141,A1-M04-I05-S2,SECOND_RETURN,A1-M04-I05-S4,SAME_ISLAND,PRESERVE_TARGET_MODE_POLICY,REQUIRED,CONTEXTUAL_OR_FUNCTION_BOUND,NONE,Return scheduling requirement; exposure is not mastery.
REC-A1-001494,MWU_SOURCE_UNIT,12B1-MWU-0141,A1-M04-I05-S2,THIRD_RETURN,A1-M06-I05-S3,CROSS_MODULE,PRESERVE_TARGET_MODE_POLICY,REQUIRED,CONTEXTUAL_OR_FUNCTION_BOUND,NONE,Return scheduling requirement; exposure is not mastery.
REC-A1-001495,MWU_SOURCE_UNIT,12B1-MWU-0142,A1-M04-I05-S2,FIRST_RETURN,A1-M04-I05-S3,SAME_ISLAND,PRESERVE_TARGET_MODE_POLICY,REQUIRED,CONTEXTUAL_OR_FUNCTION_BOUND,NONE,Return scheduling requirement; exposure is not mastery.
REC-A1-001496,MWU_SOURCE_UNIT,12B1-MWU-0142,A1-M04-I05-S2,SECOND_RETURN,A1-M04-I05-S4,SAME_ISLAND,PRESERVE_TARGET_MODE_POLICY,REQUIRED,CONTEXTUAL_OR_FUNCTION_BOUND,NONE,Return scheduling requirement; exposure is not mastery.
REC-A1-001497,MWU_SOURCE_UNIT,12B1-MWU-0142,A1-M04-I05-S2,THIRD_RETURN,A1-M06-I05-S3,CROSS_MODULE,PRESERVE_TARGET_MODE_POLICY,REQUIRED,CONTEXTUAL_OR_FUNCTION_BOUND,NONE,Return scheduling requirement; exposure is not mastery.
REC-A1-001498,MWU_SOURCE_UNIT,12B1-MWU-0144,A1-M04-I05-S2,FIRST_RETURN,A1-M04-I05-S3,SAME_ISLAND,PRESERVE_TARGET_MODE_POLICY,REQUIRED,CONTEXTUAL_OR_FUNCTION_BOUND,NONE,Return scheduling requirement; exposure is not mastery.
REC-A1-001499,MWU_SOURCE_UNIT,12B1-MWU-0144,A1-M04-I05-S2,SECOND_RETURN,A1-M04-I05-S4,SAME_ISLAND,PRESERVE_TARGET_MODE_POLICY,REQUIRED,CONTEXTUAL_OR_FUNCTION_BOUND,NONE,Return scheduling requirement; exposure is not mastery.
REC-A1-001500,MWU_SOURCE_UNIT,12B1-MWU-0144,A1-M04-I05-S2,THIRD_RETURN,A1-M06-I05-S3,CROSS_MODULE,PRESERVE_TARGET_MODE_POLICY,REQUIRED,CONTEXTUAL_OR_FUNCTION_BOUND,NONE,Return scheduling requirement; exposure is not mastery.
REC-A1-001501,MWU_SOURCE_UNIT,12B1-MWU-0186,A1-M04-I05-S2,FIRST_RETURN,A1-M04-I05-S3,SAME_ISLAND,PRESERVE_TARGET_MODE_POLICY,REQUIRED,CONTEXTUAL_OR_FUNCTION_BOUND,NONE,Return scheduling requirement; exposure is not mastery.
REC-A1-001502,MWU_SOURCE_UNIT,12B1-MWU-0186,A1-M04-I05-S2,SECOND_RETURN,A1-M04-I05-S4,SAME_ISLAND,PRESERVE_TARGET_MODE_POLICY,REQUIRED,CONTEXTUAL_OR_FUNCTION_BOUND,NONE,Return scheduling requirement; exposure is not mastery.
REC-A1-001503,MWU_SOURCE_UNIT,12B1-MWU-0186,A1-M04-I05-S2,THIRD_RETURN,A1-M06-I05-S3,CROSS_MODULE,PRESERVE_TARGET_MODE_POLICY,REQUIRED,CONTEXTUAL_OR_FUNCTION_BOUND,NONE,Return scheduling requirement; exposure is not mastery.
REC-A1-001504,SENSE,SENSE-A1-000007,A1-M04-I05-S3,FIRST_RETURN,A1-M04-I05-S4,SAME_ISLAND,PRESERVE_TARGET_MODE_POLICY,REQUIRED,CONTEXTUAL_OR_FUNCTION_BOUND,NONE,Return scheduling requirement; exposure is not mastery.
REC-A1-001505,SENSE,SENSE-A1-000007,A1-M04-I05-S3,SECOND_RETURN,A1-M05-I05-S1,CROSS_MODULE,PRESERVE_TARGET_MODE_POLICY,REQUIRED,CONTEXTUAL_OR_FUNCTION_BOUND,NONE,Return scheduling requirement; exposure is not mastery.
REC-A1-001506,SENSE,SENSE-A1-000007,A1-M04-I05-S3,THIRD_RETURN,A1-M05-I05-S3,CROSS_MODULE,PRESERVE_TARGET_MODE_POLICY,REQUIRED,CONTEXTUAL_OR_FUNCTION_BOUND,NONE,Return scheduling requirement; exposure is not mastery.
REC-A1-001507,SENSE,SENSE-A1-000063,A1-M04-I05-S3,FIRST_RETURN,A1-M04-I05-S4,SAME_ISLAND,PRESERVE_TARGET_MODE_POLICY,REQUIRED,CONTEXTUAL_OR_FUNCTION_BOUND,NONE,Return scheduling requirement; exposure is not mastery.
REC-A1-001508,SENSE,SENSE-A1-000063,A1-M04-I05-S3,SECOND_RETURN,A1-M05-I05-S1,CROSS_MODULE,PRESERVE_TARGET_MODE_POLICY,REQUIRED,CONTEXTUAL_OR_FUNCTION_BOUND,NONE,Return scheduling requirement; exposure is not mastery.
REC-A1-001509,SENSE,SENSE-A1-000063,A1-M04-I05-S3,THIRD_RETURN,A1-M05-I05-S3,CROSS_MODULE,PRESERVE_TARGET_MODE_POLICY,REQUIRED,CONTEXTUAL_OR_FUNCTION_BOUND,NONE,Return scheduling requirement; exposure is not mastery.
REC-A1-001510,SENSE,SENSE-A1-000127,A1-M04-I05-S3,FIRST_RETURN,A1-M04-I05-S4,SAME_ISLAND,PRESERVE_TARGET_MODE_POLICY,REQUIRED,CONTEXTUAL_OR_FUNCTION_BOUND,NONE,Return scheduling requirement; exposure is not mastery.
REC-A1-001511,SENSE,SENSE-A1-000127,A1-M04-I05-S3,SECOND_RETURN,A1-M05-I05-S1,CROSS_MODULE,PRESERVE_TARGET_MODE_POLICY,REQUIRED,CONTEXTUAL_OR_FUNCTION_BOUND,NONE,Return scheduling requirement; exposure is not mastery.
REC-A1-001512,SENSE,SENSE-A1-000127,A1-M04-I05-S3,THIRD_RETURN,A1-M05-I05-S3,CROSS_MODULE,PRESERVE_TARGET_MODE_POLICY,REQUIRED,CONTEXTUAL_OR_FUNCTION_BOUND,NONE,Return scheduling requirement; exposure is not mastery.
REC-A1-001513,SENSE,SENSE-A1-000130,A1-M04-I05-S3,FIRST_RETURN,A1-M04-I05-S4,SAME_ISLAND,PRESERVE_TARGET_MODE_POLICY,REQUIRED,CONTEXTUAL_OR_FUNCTION_BOUND,NONE,Return scheduling requirement; exposure is not mastery.
REC-A1-001514,SENSE,SENSE-A1-000130,A1-M04-I05-S3,SECOND_RETURN,A1-M05-I05-S1,CROSS_MODULE,PRESERVE_TARGET_MODE_POLICY,REQUIRED,CONTEXTUAL_OR_FUNCTION_BOUND,NONE,Return scheduling requirement; exposure is not mastery.
REC-A1-001515,SENSE,SENSE-A1-000130,A1-M04-I05-S3,THIRD_RETURN,A1-M05-I05-S3,CROSS_MODULE,PRESERVE_TARGET_MODE_POLICY,REQUIRED,CONTEXTUAL_OR_FUNCTION_BOUND,NONE,Return scheduling requirement; exposure is not mastery.
REC-A1-001516,SENSE,SENSE-A1-000223,A1-M04-I05-S3,FIRST_RETURN,A1-M04-I05-S4,SAME_ISLAND,PRESERVE_TARGET_MODE_POLICY,REQUIRED,CONTEXTUAL_OR_FUNCTION_BOUND,NONE,Return scheduling requirement; exposure is not mastery.
REC-A1-001517,SENSE,SENSE-A1-000223,A1-M04-I05-S3,SECOND_RETURN,A1-M05-I05-S1,CROSS_MODULE,PRESERVE_TARGET_MODE_POLICY,REQUIRED,CONTEXTUAL_OR_FUNCTION_BOUND,NONE,Return scheduling requirement; exposure is not mastery.
REC-A1-001518,SENSE,SENSE-A1-000223,A1-M04-I05-S3,THIRD_RETURN,A1-M05-I05-S3,CROSS_MODULE,PRESERVE_TARGET_MODE_POLICY,REQUIRED,CONTEXTUAL_OR_FUNCTION_BOUND,NONE,Return scheduling requirement; exposure is not mastery.
REC-A1-001519,SENSE,SENSE-A1-000236,A1-M04-I05-S3,FIRST_RETURN,A1-M04-I05-S4,SAME_ISLAND,PRESERVE_TARGET_MODE_POLICY,REQUIRED,TARGET_PROFILE_ONLY,NONE,Return scheduling requirement; exposure is not mastery.
REC-A1-001520,SENSE,SENSE-A1-000236,A1-M04-I05-S3,SECOND_RETURN,A1-M05-I05-S1,CROSS_MODULE,PRESERVE_TARGET_MODE_POLICY,REQUIRED,TARGET_PROFILE_ONLY,NONE,Return scheduling requirement; exposure is not mastery.
REC-A1-001521,SENSE,SENSE-A1-000236,A1-M04-I05-S3,THIRD_RETURN,A1-M05-I05-S3,CROSS_MODULE,PRESERVE_TARGET_MODE_POLICY,REQUIRED,TARGET_PROFILE_ONLY,NONE,Return scheduling requirement; exposure is not mastery.
REC-A1-001522,SENSE,SENSE-A1-000247,A1-M04-I05-S3,FIRST_RETURN,A1-M04-I05-S4,SAME_ISLAND,PRESERVE_TARGET_MODE_POLICY,REQUIRED,CONTEXTUAL_OR_FUNCTION_BOUND,NONE,Return scheduling requirement; exposure is not mastery.
REC-A1-001523,SENSE,SENSE-A1-000247,A1-M04-I05-S3,SECOND_RETURN,A1-M05-I05-S1,CROSS_MODULE,PRESERVE_TARGET_MODE_POLICY,REQUIRED,CONTEXTUAL_OR_FUNCTION_BOUND,NONE,Return scheduling requirement; exposure is not mastery.
REC-A1-001524,SENSE,SENSE-A1-000247,A1-M04-I05-S3,THIRD_RETURN,A1-M05-I05-S3,CROSS_MODULE,PRESERVE_TARGET_MODE_POLICY,REQUIRED,CONTEXTUAL_OR_FUNCTION_BOUND,NONE,Return scheduling requirement; exposure is not mastery.
REC-A1-001525,SENSE,SENSE-A1-000253,A1-M04-I05-S3,FIRST_RETURN,A1-M04-I05-S4,SAME_ISLAND,PRESERVE_TARGET_MODE_POLICY,REQUIRED,CONTEXTUAL_OR_FUNCTION_BOUND,NONE,Return scheduling requirement; exposure is not mastery.
REC-A1-001526,SENSE,SENSE-A1-000253,A1-M04-I05-S3,SECOND_RETURN,A1-M05-I05-S1,CROSS_MODULE,PRESERVE_TARGET_MODE_POLICY,REQUIRED,CONTEXTUAL_OR_FUNCTION_BOUND,NONE,Return scheduling requirement; exposure is not mastery.
REC-A1-001527,SENSE,SENSE-A1-000253,A1-M04-I05-S3,THIRD_RETURN,A1-M05-I05-S3,CROSS_MODULE,PRESERVE_TARGET_MODE_POLICY,REQUIRED,CONTEXTUAL_OR_FUNCTION_BOUND,NONE,Return scheduling requirement; exposure is not mastery.
REC-A1-001528,SENSE,SENSE-A1-000296,A1-M04-I05-S3,FIRST_RETURN,A1-M04-I05-S4,SAME_ISLAND,PRESERVE_TARGET_MODE_POLICY,REQUIRED,CONTEXTUAL_OR_FUNCTION_BOUND,NONE,Return scheduling requirement; exposure is not mastery.
REC-A1-001529,SENSE,SENSE-A1-000296,A1-M04-I05-S3,SECOND_RETURN,A1-M05-I05-S1,CROSS_MODULE,PRESERVE_TARGET_MODE_POLICY,REQUIRED,CONTEXTUAL_OR_FUNCTION_BOUND,NONE,Return scheduling requirement; exposure is not mastery.
REC-A1-001530,SENSE,SENSE-A1-000296,A1-M04-I05-S3,THIRD_RETURN,A1-M05-I05-S3,CROSS_MODULE,PRESERVE_TARGET_MODE_POLICY,REQUIRED,CONTEXTUAL_OR_FUNCTION_BOUND,NONE,Return scheduling requirement; exposure is not mastery.
REC-A1-001531,SENSE,SENSE-A1-000305,A1-M04-I05-S3,FIRST_RETURN,A1-M04-I05-S4,SAME_ISLAND,PRESERVE_TARGET_MODE_POLICY,REQUIRED,CONTEXTUAL_OR_FUNCTION_BOUND,NONE,Return scheduling requirement; exposure is not mastery.
REC-A1-001532,SENSE,SENSE-A1-000305,A1-M04-I05-S3,SECOND_RETURN,A1-M05-I05-S1,CROSS_MODULE,PRESERVE_TARGET_MODE_POLICY,REQUIRED,CONTEXTUAL_OR_FUNCTION_BOUND,NONE,Return scheduling requirement; exposure is not mastery.
REC-A1-001533,SENSE,SENSE-A1-000305,A1-M04-I05-S3,THIRD_RETURN,A1-M05-I05-S3,CROSS_MODULE,PRESERVE_TARGET_MODE_POLICY,REQUIRED,CONTEXTUAL_OR_FUNCTION_BOUND,NONE,Return scheduling requirement; exposure is not mastery.
REC-A1-001534,SENSE,SENSE-A1-000436,A1-M04-I05-S3,FIRST_RETURN,A1-M04-I05-S4,SAME_ISLAND,PRESERVE_TARGET_MODE_POLICY,REQUIRED,TARGET_PROFILE_ONLY,NONE,Return scheduling requirement; exposure is not mastery.
REC-A1-001535,SENSE,SENSE-A1-000436,A1-M04-I05-S3,SECOND_RETURN,A1-M05-I05-S1,CROSS_MODULE,PRESERVE_TARGET_MODE_POLICY,REQUIRED,TARGET_PROFILE_ONLY,NONE,Return scheduling requirement; exposure is not mastery.
REC-A1-001536,SENSE,SENSE-A1-000436,A1-M04-I05-S3,THIRD_RETURN,A1-M05-I05-S3,CROSS_MODULE,PRESERVE_TARGET_MODE_POLICY,REQUIRED,TARGET_PROFILE_ONLY,NONE,Return scheduling requirement; exposure is not mastery.
REC-A1-001537,SENSE,SENSE-A1-000450,A1-M04-I05-S3,FIRST_RETURN,A1-M04-I05-S4,SAME_ISLAND,PRESERVE_TARGET_MODE_POLICY,REQUIRED,CONTEXTUAL_OR_FUNCTION_BOUND,NONE,Return scheduling requirement; exposure is not mastery.
REC-A1-001538,SENSE,SENSE-A1-000450,A1-M04-I05-S3,SECOND_RETURN,A1-M05-I05-S1,CROSS_MODULE,PRESERVE_TARGET_MODE_POLICY,REQUIRED,CONTEXTUAL_OR_FUNCTION_BOUND,NONE,Return scheduling requirement; exposure is not mastery.
REC-A1-001539,SENSE,SENSE-A1-000450,A1-M04-I05-S3,THIRD_RETURN,A1-M05-I05-S3,CROSS_MODULE,PRESERVE_TARGET_MODE_POLICY,REQUIRED,CONTEXTUAL_OR_FUNCTION_BOUND,NONE,Return scheduling requirement; exposure is not mastery.
REC-A1-001540,SENSE,SENSE-A1-000462,A1-M04-I05-S3,FIRST_RETURN,A1-M04-I05-S4,SAME_ISLAND,PRESERVE_TARGET_MODE_POLICY,REQUIRED,CONTEXTUAL_OR_FUNCTION_BOUND,NONE,Return scheduling requirement; exposure is not mastery.
REC-A1-001541,SENSE,SENSE-A1-000462,A1-M04-I05-S3,SECOND_RETURN,A1-M05-I05-S1,CROSS_MODULE,PRESERVE_TARGET_MODE_POLICY,REQUIRED,CONTEXTUAL_OR_FUNCTION_BOUND,NONE,Return scheduling requirement; exposure is not mastery.
REC-A1-001542,SENSE,SENSE-A1-000462,A1-M04-I05-S3,THIRD_RETURN,A1-M05-I05-S3,CROSS_MODULE,PRESERVE_TARGET_MODE_POLICY,REQUIRED,CONTEXTUAL_OR_FUNCTION_BOUND,NONE,Return scheduling requirement; exposure is not mastery.
REC-A1-001543,SENSE,SENSE-A1-000489,A1-M04-I05-S3,FIRST_RETURN,A1-M04-I05-S4,SAME_ISLAND,PRESERVE_TARGET_MODE_POLICY,REQUIRED,CONTEXTUAL_OR_FUNCTION_BOUND,NONE,Return scheduling requirement; exposure is not mastery.
REC-A1-001544,SENSE,SENSE-A1-000489,A1-M04-I05-S3,SECOND_RETURN,A1-M05-I05-S1,CROSS_MODULE,PRESERVE_TARGET_MODE_POLICY,REQUIRED,CONTEXTUAL_OR_FUNCTION_BOUND,NONE,Return scheduling requirement; exposure is not mastery.
REC-A1-001545,SENSE,SENSE-A1-000489,A1-M04-I05-S3,THIRD_RETURN,A1-M05-I05-S3,CROSS_MODULE,PRESERVE_TARGET_MODE_POLICY,REQUIRED,CONTEXTUAL_OR_FUNCTION_BOUND,NONE,Return scheduling requirement; exposure is not mastery.
REC-A1-001546,SENSE,SENSE-A1-000507,A1-M04-I05-S3,FIRST_RETURN,A1-M04-I05-S4,SAME_ISLAND,PRESERVE_TARGET_MODE_POLICY,REQUIRED,CONTEXTUAL_OR_FUNCTION_BOUND,NONE,Return scheduling requirement; exposure is not mastery.
REC-A1-001547,SENSE,SENSE-A1-000507,A1-M04-I05-S3,SECOND_RETURN,A1-M05-I05-S1,CROSS_MODULE,PRESERVE_TARGET_MODE_POLICY,REQUIRED,CONTEXTUAL_OR_FUNCTION_BOUND,NONE,Return scheduling requirement; exposure is not mastery.
REC-A1-001548,SENSE,SENSE-A1-000507,A1-M04-I05-S3,THIRD_RETURN,A1-M05-I05-S3,CROSS_MODULE,PRESERVE_TARGET_MODE_POLICY,REQUIRED,CONTEXTUAL_OR_FUNCTION_BOUND,NONE,Return scheduling requirement; exposure is not mastery.
REC-A1-001549,SENSE,SENSE-A1-000515,A1-M04-I05-S3,FIRST_RETURN,A1-M04-I05-S4,SAME_ISLAND,PRESERVE_TARGET_MODE_POLICY,REQUIRED,CONTEXTUAL_OR_FUNCTION_BOUND,NONE,Return scheduling requirement; exposure is not mastery.
REC-A1-001550,SENSE,SENSE-A1-000515,A1-M04-I05-S3,SECOND_RETURN,A1-M05-I05-S1,CROSS_MODULE,PRESERVE_TARGET_MODE_POLICY,REQUIRED,CONTEXTUAL_OR_FUNCTION_BOUND,NONE,Return scheduling requirement; exposure is not mastery.
REC-A1-001551,SENSE,SENSE-A1-000515,A1-M04-I05-S3,THIRD_RETURN,A1-M05-I05-S3,CROSS_MODULE,PRESERVE_TARGET_MODE_POLICY,REQUIRED,CONTEXTUAL_OR_FUNCTION_BOUND,NONE,Return scheduling requirement; exposure is not mastery.
REC-A1-001552,SENSE,SENSE-A1-000531,A1-M04-I05-S3,FIRST_RETURN,A1-M04-I05-S4,SAME_ISLAND,PRESERVE_TARGET_MODE_POLICY,REQUIRED,CONTEXTUAL_OR_FUNCTION_BOUND,NONE,Return scheduling requirement; exposure is not mastery.
REC-A1-001553,SENSE,SENSE-A1-000531,A1-M04-I05-S3,SECOND_RETURN,A1-M05-I05-S1,CROSS_MODULE,PRESERVE_TARGET_MODE_POLICY,REQUIRED,CONTEXTUAL_OR_FUNCTION_BOUND,NONE,Return scheduling requirement; exposure is not mastery.
REC-A1-001554,SENSE,SENSE-A1-000531,A1-M04-I05-S3,THIRD_RETURN,A1-M05-I05-S3,CROSS_MODULE,PRESERVE_TARGET_MODE_POLICY,REQUIRED,CONTEXTUAL_OR_FUNCTION_BOUND,NONE,Return scheduling requirement; exposure is not mastery.
REC-A1-001555,MWU_SOURCE_UNIT,12B1-MWU-0060,A1-M04-I05-S3,FIRST_RETURN,A1-M04-I05-S4,SAME_ISLAND,PRESERVE_TARGET_MODE_POLICY,REQUIRED,CONTEXTUAL_OR_FUNCTION_BOUND,NONE,Return scheduling requirement; exposure is not mastery.
REC-A1-001556,MWU_SOURCE_UNIT,12B1-MWU-0060,A1-M04-I05-S3,SECOND_RETURN,A1-M05-I05-S1,CROSS_MODULE,PRESERVE_TARGET_MODE_POLICY,REQUIRED,CONTEXTUAL_OR_FUNCTION_BOUND,NONE,Return scheduling requirement; exposure is not mastery.
REC-A1-001557,MWU_SOURCE_UNIT,12B1-MWU-0060,A1-M04-I05-S3,THIRD_RETURN,A1-M05-I05-S3,CROSS_MODULE,PRESERVE_TARGET_MODE_POLICY,REQUIRED,CONTEXTUAL_OR_FUNCTION_BOUND,NONE,Return scheduling requirement; exposure is not mastery.
REC-A1-001558,MWU_SOURCE_UNIT,12B1-MWU-0061,A1-M04-I05-S3,FIRST_RETURN,A1-M04-I05-S4,SAME_ISLAND,PRESERVE_TARGET_MODE_POLICY,REQUIRED,CONTEXTUAL_OR_FUNCTION_BOUND,NONE,Return scheduling requirement; exposure is not mastery.
REC-A1-001559,MWU_SOURCE_UNIT,12B1-MWU-0061,A1-M04-I05-S3,SECOND_RETURN,A1-M05-I05-S1,CROSS_MODULE,PRESERVE_TARGET_MODE_POLICY,REQUIRED,CONTEXTUAL_OR_FUNCTION_BOUND,NONE,Return scheduling requirement; exposure is not mastery.
REC-A1-001560,MWU_SOURCE_UNIT,12B1-MWU-0061,A1-M04-I05-S3,THIRD_RETURN,A1-M05-I05-S3,CROSS_MODULE,PRESERVE_TARGET_MODE_POLICY,REQUIRED,CONTEXTUAL_OR_FUNCTION_BOUND,NONE,Return scheduling requirement; exposure is not mastery.
REC-A1-001561,MWU_SOURCE_UNIT,12B1-MWU-0094,A1-M04-I05-S3,FIRST_RETURN,A1-M04-I05-S4,SAME_ISLAND,PRESERVE_TARGET_MODE_POLICY,REQUIRED,CONTEXTUAL_OR_FUNCTION_BOUND,NONE,Return scheduling requirement; exposure is not mastery.
REC-A1-001562,MWU_SOURCE_UNIT,12B1-MWU-0094,A1-M04-I05-S3,SECOND_RETURN,A1-M05-I05-S1,CROSS_MODULE,PRESERVE_TARGET_MODE_POLICY,REQUIRED,CONTEXTUAL_OR_FUNCTION_BOUND,NONE,Return scheduling requirement; exposure is not mastery.
REC-A1-001563,MWU_SOURCE_UNIT,12B1-MWU-0094,A1-M04-I05-S3,THIRD_RETURN,A1-M05-I05-S3,CROSS_MODULE,PRESERVE_TARGET_MODE_POLICY,REQUIRED,CONTEXTUAL_OR_FUNCTION_BOUND,NONE,Return scheduling requirement; exposure is not mastery.
REC-A1-001564,MWU_SOURCE_UNIT,12B1-MWU-0095,A1-M04-I05-S3,FIRST_RETURN,A1-M04-I05-S4,SAME_ISLAND,PRESERVE_TARGET_MODE_POLICY,REQUIRED,CONTEXTUAL_OR_FUNCTION_BOUND,NONE,Return scheduling requirement; exposure is not mastery.
REC-A1-001565,MWU_SOURCE_UNIT,12B1-MWU-0095,A1-M04-I05-S3,SECOND_RETURN,A1-M05-I05-S1,CROSS_MODULE,PRESERVE_TARGET_MODE_POLICY,REQUIRED,CONTEXTUAL_OR_FUNCTION_BOUND,NONE,Return scheduling requirement; exposure is not mastery.
REC-A1-001566,MWU_SOURCE_UNIT,12B1-MWU-0095,A1-M04-I05-S3,THIRD_RETURN,A1-M05-I05-S3,CROSS_MODULE,PRESERVE_TARGET_MODE_POLICY,REQUIRED,CONTEXTUAL_OR_FUNCTION_BOUND,NONE,Return scheduling requirement; exposure is not mastery.
REC-A1-001567,MWU_SOURCE_UNIT,12B1-MWU-0121,A1-M04-I05-S3,FIRST_RETURN,A1-M04-I05-S4,SAME_ISLAND,PRESERVE_TARGET_MODE_POLICY,REQUIRED,CONTEXTUAL_OR_FUNCTION_BOUND,NONE,Return scheduling requirement; exposure is not mastery.
REC-A1-001568,MWU_SOURCE_UNIT,12B1-MWU-0121,A1-M04-I05-S3,SECOND_RETURN,A1-M05-I05-S1,CROSS_MODULE,PRESERVE_TARGET_MODE_POLICY,REQUIRED,CONTEXTUAL_OR_FUNCTION_BOUND,NONE,Return scheduling requirement; exposure is not mastery.
REC-A1-001569,MWU_SOURCE_UNIT,12B1-MWU-0121,A1-M04-I05-S3,THIRD_RETURN,A1-M05-I05-S3,CROSS_MODULE,PRESERVE_TARGET_MODE_POLICY,REQUIRED,CONTEXTUAL_OR_FUNCTION_BOUND,NONE,Return scheduling requirement; exposure is not mastery.
REC-A1-001570,MWU_SOURCE_UNIT,12B1-MWU-0164,A1-M04-I05-S3,FIRST_RETURN,A1-M04-I05-S4,SAME_ISLAND,PRESERVE_TARGET_MODE_POLICY,REQUIRED,CONTEXTUAL_OR_FUNCTION_BOUND,NONE,Return scheduling requirement; exposure is not mastery.
REC-A1-001571,MWU_SOURCE_UNIT,12B1-MWU-0164,A1-M04-I05-S3,SECOND_RETURN,A1-M05-I05-S1,CROSS_MODULE,PRESERVE_TARGET_MODE_POLICY,REQUIRED,CONTEXTUAL_OR_FUNCTION_BOUND,NONE,Return scheduling requirement; exposure is not mastery.
REC-A1-001572,MWU_SOURCE_UNIT,12B1-MWU-0164,A1-M04-I05-S3,THIRD_RETURN,A1-M05-I05-S3,CROSS_MODULE,PRESERVE_TARGET_MODE_POLICY,REQUIRED,CONTEXTUAL_OR_FUNCTION_BOUND,NONE,Return scheduling requirement; exposure is not mastery.
REC-A1-001573,MWU_SOURCE_UNIT,12B1-MWU-0165,A1-M04-I05-S3,FIRST_RETURN,A1-M04-I05-S4,SAME_ISLAND,PRESERVE_TARGET_MODE_POLICY,REQUIRED,CONTEXTUAL_OR_FUNCTION_BOUND,NONE,Return scheduling requirement; exposure is not mastery.
REC-A1-001574,MWU_SOURCE_UNIT,12B1-MWU-0165,A1-M04-I05-S3,SECOND_RETURN,A1-M05-I05-S1,CROSS_MODULE,PRESERVE_TARGET_MODE_POLICY,REQUIRED,CONTEXTUAL_OR_FUNCTION_BOUND,NONE,Return scheduling requirement; exposure is not mastery.
REC-A1-001575,MWU_SOURCE_UNIT,12B1-MWU-0165,A1-M04-I05-S3,THIRD_RETURN,A1-M05-I05-S3,CROSS_MODULE,PRESERVE_TARGET_MODE_POLICY,REQUIRED,CONTEXTUAL_OR_FUNCTION_BOUND,NONE,Return scheduling requirement; exposure is not mastery.
REC-A1-001576,SENSE,SENSE-A1-000016,A1-M04-I05-S4,FIRST_RETURN,A1-M05-I05-S1,CROSS_MODULE,PRESERVE_TARGET_MODE_POLICY,REQUIRED,CONTEXTUAL_OR_FUNCTION_BOUND,NONE,Return scheduling requirement; exposure is not mastery.
REC-A1-001577,SENSE,SENSE-A1-000016,A1-M04-I05-S4,SECOND_RETURN,A1-M05-I05-S2,CROSS_MODULE,PRESERVE_TARGET_MODE_POLICY,REQUIRED,CONTEXTUAL_OR_FUNCTION_BOUND,NONE,Return scheduling requirement; exposure is not mastery.
REC-A1-001578,SENSE,SENSE-A1-000016,A1-M04-I05-S4,THIRD_RETURN,A1-M07-I05-S2,CROSS_MODULE,PRESERVE_TARGET_MODE_POLICY,REQUIRED,CONTEXTUAL_OR_FUNCTION_BOUND,NONE,Return scheduling requirement; exposure is not mastery.
REC-A1-001579,SENSE,SENSE-A1-000044,A1-M04-I05-S4,FIRST_RETURN,A1-M05-I05-S1,CROSS_MODULE,PRESERVE_TARGET_MODE_POLICY,REQUIRED,CONTEXTUAL_OR_FUNCTION_BOUND,NONE,Return scheduling requirement; exposure is not mastery.
REC-A1-001580,SENSE,SENSE-A1-000044,A1-M04-I05-S4,SECOND_RETURN,A1-M05-I05-S2,CROSS_MODULE,PRESERVE_TARGET_MODE_POLICY,REQUIRED,CONTEXTUAL_OR_FUNCTION_BOUND,NONE,Return scheduling requirement; exposure is not mastery.
REC-A1-001581,SENSE,SENSE-A1-000044,A1-M04-I05-S4,THIRD_RETURN,A1-M07-I05-S2,CROSS_MODULE,PRESERVE_TARGET_MODE_POLICY,REQUIRED,CONTEXTUAL_OR_FUNCTION_BOUND,NONE,Return scheduling requirement; exposure is not mastery.
REC-A1-001582,SENSE,SENSE-A1-000054,A1-M04-I05-S4,FIRST_RETURN,A1-M05-I05-S1,CROSS_MODULE,PRESERVE_TARGET_MODE_POLICY,REQUIRED,CONTEXTUAL_OR_FUNCTION_BOUND,NONE,Return scheduling requirement; exposure is not mastery.
REC-A1-001583,SENSE,SENSE-A1-000054,A1-M04-I05-S4,SECOND_RETURN,A1-M05-I05-S2,CROSS_MODULE,PRESERVE_TARGET_MODE_POLICY,REQUIRED,CONTEXTUAL_OR_FUNCTION_BOUND,NONE,Return scheduling requirement; exposure is not mastery.
REC-A1-001584,SENSE,SENSE-A1-000054,A1-M04-I05-S4,THIRD_RETURN,A1-M07-I05-S2,CROSS_MODULE,PRESERVE_TARGET_MODE_POLICY,REQUIRED,CONTEXTUAL_OR_FUNCTION_BOUND,NONE,Return scheduling requirement; exposure is not mastery.
REC-A1-001585,SENSE,SENSE-A1-000074,A1-M04-I05-S4,FIRST_RETURN,A1-M05-I05-S1,CROSS_MODULE,PRESERVE_TARGET_MODE_POLICY,REQUIRED,CONTEXTUAL_OR_FUNCTION_BOUND,NONE,Return scheduling requirement; exposure is not mastery.
REC-A1-001586,SENSE,SENSE-A1-000074,A1-M04-I05-S4,SECOND_RETURN,A1-M05-I05-S2,CROSS_MODULE,PRESERVE_TARGET_MODE_POLICY,REQUIRED,CONTEXTUAL_OR_FUNCTION_BOUND,NONE,Return scheduling requirement; exposure is not mastery.
REC-A1-001587,SENSE,SENSE-A1-000074,A1-M04-I05-S4,THIRD_RETURN,A1-M07-I05-S2,CROSS_MODULE,PRESERVE_TARGET_MODE_POLICY,REQUIRED,CONTEXTUAL_OR_FUNCTION_BOUND,NONE,Return scheduling requirement; exposure is not mastery.
REC-A1-001588,SENSE,SENSE-A1-000078,A1-M04-I05-S4,FIRST_RETURN,A1-M05-I05-S1,CROSS_MODULE,PRESERVE_TARGET_MODE_POLICY,REQUIRED,TARGET_PROFILE_ONLY,NONE,Return scheduling requirement; exposure is not mastery.
REC-A1-001589,SENSE,SENSE-A1-000078,A1-M04-I05-S4,SECOND_RETURN,A1-M05-I05-S2,CROSS_MODULE,PRESERVE_TARGET_MODE_POLICY,REQUIRED,TARGET_PROFILE_ONLY,NONE,Return scheduling requirement; exposure is not mastery.
REC-A1-001590,SENSE,SENSE-A1-000078,A1-M04-I05-S4,THIRD_RETURN,A1-M07-I05-S2,CROSS_MODULE,PRESERVE_TARGET_MODE_POLICY,REQUIRED,TARGET_PROFILE_ONLY,NONE,Return scheduling requirement; exposure is not mastery.
REC-A1-001591,SENSE,SENSE-A1-000141,A1-M04-I05-S4,FIRST_RETURN,A1-M05-I05-S1,CROSS_MODULE,PRESERVE_TARGET_MODE_POLICY,REQUIRED,CONTEXTUAL_OR_FUNCTION_BOUND,NONE,Return scheduling requirement; exposure is not mastery.
REC-A1-001592,SENSE,SENSE-A1-000141,A1-M04-I05-S4,SECOND_RETURN,A1-M05-I05-S2,CROSS_MODULE,PRESERVE_TARGET_MODE_POLICY,REQUIRED,CONTEXTUAL_OR_FUNCTION_BOUND,NONE,Return scheduling requirement; exposure is not mastery.
REC-A1-001593,SENSE,SENSE-A1-000141,A1-M04-I05-S4,THIRD_RETURN,A1-M07-I05-S2,CROSS_MODULE,PRESERVE_TARGET_MODE_POLICY,REQUIRED,CONTEXTUAL_OR_FUNCTION_BOUND,NONE,Return scheduling requirement; exposure is not mastery.
REC-A1-001594,SENSE,SENSE-A1-000159,A1-M04-I05-S4,FIRST_RETURN,A1-M05-I05-S1,CROSS_MODULE,PRESERVE_TARGET_MODE_POLICY,REQUIRED,CONTEXTUAL_OR_FUNCTION_BOUND,NONE,Return scheduling requirement; exposure is not mastery.
REC-A1-001595,SENSE,SENSE-A1-000159,A1-M04-I05-S4,SECOND_RETURN,A1-M05-I05-S2,CROSS_MODULE,PRESERVE_TARGET_MODE_POLICY,REQUIRED,CONTEXTUAL_OR_FUNCTION_BOUND,NONE,Return scheduling requirement; exposure is not mastery.
REC-A1-001596,SENSE,SENSE-A1-000159,A1-M04-I05-S4,THIRD_RETURN,A1-M07-I05-S2,CROSS_MODULE,PRESERVE_TARGET_MODE_POLICY,REQUIRED,CONTEXTUAL_OR_FUNCTION_BOUND,NONE,Return scheduling requirement; exposure is not mastery.
REC-A1-001597,SENSE,SENSE-A1-000160,A1-M04-I05-S4,FIRST_RETURN,A1-M05-I05-S1,CROSS_MODULE,PRESERVE_TARGET_MODE_POLICY,REQUIRED,CONTEXTUAL_OR_FUNCTION_BOUND,NONE,Return scheduling requirement; exposure is not mastery.
REC-A1-001598,SENSE,SENSE-A1-000160,A1-M04-I05-S4,SECOND_RETURN,A1-M05-I05-S2,CROSS_MODULE,PRESERVE_TARGET_MODE_POLICY,REQUIRED,CONTEXTUAL_OR_FUNCTION_BOUND,NONE,Return scheduling requirement; exposure is not mastery.
REC-A1-001599,SENSE,SENSE-A1-000160,A1-M04-I05-S4,THIRD_RETURN,A1-M07-I05-S2,CROSS_MODULE,PRESERVE_TARGET_MODE_POLICY,REQUIRED,CONTEXTUAL_OR_FUNCTION_BOUND,NONE,Return scheduling requirement; exposure is not mastery.
REC-A1-001600,SENSE,SENSE-A1-000234,A1-M04-I05-S4,FIRST_RETURN,A1-M05-I05-S1,CROSS_MODULE,PRESERVE_TARGET_MODE_POLICY,REQUIRED,CONTEXTUAL_OR_FUNCTION_BOUND,NONE,Return scheduling requirement; exposure is not mastery.
REC-A1-001601,SENSE,SENSE-A1-000234,A1-M04-I05-S4,SECOND_RETURN,A1-M05-I05-S2,CROSS_MODULE,PRESERVE_TARGET_MODE_POLICY,REQUIRED,CONTEXTUAL_OR_FUNCTION_BOUND,NONE,Return scheduling requirement; exposure is not mastery.
REC-A1-001602,SENSE,SENSE-A1-000234,A1-M04-I05-S4,THIRD_RETURN,A1-M07-I05-S2,CROSS_MODULE,PRESERVE_TARGET_MODE_POLICY,REQUIRED,CONTEXTUAL_OR_FUNCTION_BOUND,NONE,Return scheduling requirement; exposure is not mastery.
REC-A1-001603,SENSE,SENSE-A1-000295,A1-M04-I05-S4,FIRST_RETURN,A1-M05-I05-S1,CROSS_MODULE,PRESERVE_TARGET_MODE_POLICY,REQUIRED,CONTEXTUAL_OR_FUNCTION_BOUND,NONE,Return scheduling requirement; exposure is not mastery.
REC-A1-001604,SENSE,SENSE-A1-000295,A1-M04-I05-S4,SECOND_RETURN,A1-M05-I05-S2,CROSS_MODULE,PRESERVE_TARGET_MODE_POLICY,REQUIRED,CONTEXTUAL_OR_FUNCTION_BOUND,NONE,Return scheduling requirement; exposure is not mastery.
REC-A1-001605,SENSE,SENSE-A1-000295,A1-M04-I05-S4,THIRD_RETURN,A1-M07-I05-S2,CROSS_MODULE,PRESERVE_TARGET_MODE_POLICY,REQUIRED,CONTEXTUAL_OR_FUNCTION_BOUND,NONE,Return scheduling requirement; exposure is not mastery.
REC-A1-001606,SENSE,SENSE-A1-000300,A1-M04-I05-S4,FIRST_RETURN,A1-M05-I05-S1,CROSS_MODULE,PRESERVE_TARGET_MODE_POLICY,REQUIRED,CONTEXTUAL_OR_FUNCTION_BOUND,NONE,Return scheduling requirement; exposure is not mastery.
REC-A1-001607,SENSE,SENSE-A1-000300,A1-M04-I05-S4,SECOND_RETURN,A1-M05-I05-S2,CROSS_MODULE,PRESERVE_TARGET_MODE_POLICY,REQUIRED,CONTEXTUAL_OR_FUNCTION_BOUND,NONE,Return scheduling requirement; exposure is not mastery.
REC-A1-001608,SENSE,SENSE-A1-000300,A1-M04-I05-S4,THIRD_RETURN,A1-M07-I05-S2,CROSS_MODULE,PRESERVE_TARGET_MODE_POLICY,REQUIRED,CONTEXTUAL_OR_FUNCTION_BOUND,NONE,Return scheduling requirement; exposure is not mastery.
REC-A1-001609,SENSE,SENSE-A1-000372,A1-M04-I05-S4,FIRST_RETURN,A1-M05-I05-S1,CROSS_MODULE,PRESERVE_TARGET_MODE_POLICY,REQUIRED,CONTEXTUAL_OR_FUNCTION_BOUND,NONE,Return scheduling requirement; exposure is not mastery.
REC-A1-001610,SENSE,SENSE-A1-000372,A1-M04-I05-S4,SECOND_RETURN,A1-M05-I05-S2,CROSS_MODULE,PRESERVE_TARGET_MODE_POLICY,REQUIRED,CONTEXTUAL_OR_FUNCTION_BOUND,NONE,Return scheduling requirement; exposure is not mastery.
REC-A1-001611,SENSE,SENSE-A1-000372,A1-M04-I05-S4,THIRD_RETURN,A1-M07-I05-S2,CROSS_MODULE,PRESERVE_TARGET_MODE_POLICY,REQUIRED,CONTEXTUAL_OR_FUNCTION_BOUND,NONE,Return scheduling requirement; exposure is not mastery.
REC-A1-001612,SENSE,SENSE-A1-000433,A1-M04-I05-S4,FIRST_RETURN,A1-M05-I05-S1,CROSS_MODULE,PRESERVE_TARGET_MODE_POLICY,REQUIRED,CONTEXTUAL_OR_FUNCTION_BOUND,NONE,Return scheduling requirement; exposure is not mastery.
REC-A1-001613,SENSE,SENSE-A1-000433,A1-M04-I05-S4,SECOND_RETURN,A1-M05-I05-S2,CROSS_MODULE,PRESERVE_TARGET_MODE_POLICY,REQUIRED,CONTEXTUAL_OR_FUNCTION_BOUND,NONE,Return scheduling requirement; exposure is not mastery.
REC-A1-001614,SENSE,SENSE-A1-000433,A1-M04-I05-S4,THIRD_RETURN,A1-M07-I05-S2,CROSS_MODULE,PRESERVE_TARGET_MODE_POLICY,REQUIRED,CONTEXTUAL_OR_FUNCTION_BOUND,NONE,Return scheduling requirement; exposure is not mastery.
REC-A1-001615,SENSE,SENSE-A1-000547,A1-M04-I05-S4,FIRST_RETURN,A1-M05-I05-S1,CROSS_MODULE,PRESERVE_TARGET_MODE_POLICY,REQUIRED,CONTEXTUAL_OR_FUNCTION_BOUND,NONE,Return scheduling requirement; exposure is not mastery.
REC-A1-001616,SENSE,SENSE-A1-000547,A1-M04-I05-S4,SECOND_RETURN,A1-M05-I05-S2,CROSS_MODULE,PRESERVE_TARGET_MODE_POLICY,REQUIRED,CONTEXTUAL_OR_FUNCTION_BOUND,NONE,Return scheduling requirement; exposure is not mastery.
REC-A1-001617,SENSE,SENSE-A1-000547,A1-M04-I05-S4,THIRD_RETURN,A1-M07-I05-S2,CROSS_MODULE,PRESERVE_TARGET_MODE_POLICY,REQUIRED,CONTEXTUAL_OR_FUNCTION_BOUND,NONE,Return scheduling requirement; exposure is not mastery.
REC-A1-001618,SENSE,SENSE-A1-000548,A1-M04-I05-S4,FIRST_RETURN,A1-M05-I05-S1,CROSS_MODULE,PRESERVE_TARGET_MODE_POLICY,REQUIRED,CONTEXTUAL_OR_FUNCTION_BOUND,NONE,Return scheduling requirement; exposure is not mastery.
REC-A1-001619,SENSE,SENSE-A1-000548,A1-M04-I05-S4,SECOND_RETURN,A1-M05-I05-S2,CROSS_MODULE,PRESERVE_TARGET_MODE_POLICY,REQUIRED,CONTEXTUAL_OR_FUNCTION_BOUND,NONE,Return scheduling requirement; exposure is not mastery.
REC-A1-001620,SENSE,SENSE-A1-000548,A1-M04-I05-S4,THIRD_RETURN,A1-M07-I05-S2,CROSS_MODULE,PRESERVE_TARGET_MODE_POLICY,REQUIRED,CONTEXTUAL_OR_FUNCTION_BOUND,NONE,Return scheduling requirement; exposure is not mastery.
REC-A1-001621,SENSE,SENSE-A1-000570,A1-M04-I05-S4,FIRST_RETURN,A1-M05-I05-S1,CROSS_MODULE,PRESERVE_TARGET_MODE_POLICY,REQUIRED,CONTEXTUAL_OR_FUNCTION_BOUND,NONE,Return scheduling requirement; exposure is not mastery.
REC-A1-001622,SENSE,SENSE-A1-000570,A1-M04-I05-S4,SECOND_RETURN,A1-M05-I05-S2,CROSS_MODULE,PRESERVE_TARGET_MODE_POLICY,REQUIRED,CONTEXTUAL_OR_FUNCTION_BOUND,NONE,Return scheduling requirement; exposure is not mastery.
REC-A1-001623,SENSE,SENSE-A1-000570,A1-M04-I05-S4,THIRD_RETURN,A1-M07-I05-S2,CROSS_MODULE,PRESERVE_TARGET_MODE_POLICY,REQUIRED,CONTEXTUAL_OR_FUNCTION_BOUND,NONE,Return scheduling requirement; exposure is not mastery.
REC-A1-001624,SENSE,SENSE-A1-000603,A1-M04-I05-S4,FIRST_RETURN,A1-M05-I05-S1,CROSS_MODULE,PRESERVE_TARGET_MODE_POLICY,REQUIRED,CONTEXTUAL_OR_FUNCTION_BOUND,NONE,Return scheduling requirement; exposure is not mastery.
REC-A1-001625,SENSE,SENSE-A1-000603,A1-M04-I05-S4,SECOND_RETURN,A1-M05-I05-S2,CROSS_MODULE,PRESERVE_TARGET_MODE_POLICY,REQUIRED,CONTEXTUAL_OR_FUNCTION_BOUND,NONE,Return scheduling requirement; exposure is not mastery.
REC-A1-001626,SENSE,SENSE-A1-000603,A1-M04-I05-S4,THIRD_RETURN,A1-M07-I05-S2,CROSS_MODULE,PRESERVE_TARGET_MODE_POLICY,REQUIRED,CONTEXTUAL_OR_FUNCTION_BOUND,NONE,Return scheduling requirement; exposure is not mastery.
REC-A1-001627,MWU_SOURCE_UNIT,12B1-MWU-0100,A1-M04-I05-S4,FIRST_RETURN,A1-M05-I05-S1,CROSS_MODULE,PRESERVE_TARGET_MODE_POLICY,REQUIRED,CONTEXTUAL_OR_FUNCTION_BOUND,NONE,Return scheduling requirement; exposure is not mastery.
REC-A1-001628,MWU_SOURCE_UNIT,12B1-MWU-0100,A1-M04-I05-S4,SECOND_RETURN,A1-M05-I05-S2,CROSS_MODULE,PRESERVE_TARGET_MODE_POLICY,REQUIRED,CONTEXTUAL_OR_FUNCTION_BOUND,NONE,Return scheduling requirement; exposure is not mastery.
REC-A1-001629,MWU_SOURCE_UNIT,12B1-MWU-0100,A1-M04-I05-S4,THIRD_RETURN,A1-M07-I05-S2,CROSS_MODULE,PRESERVE_TARGET_MODE_POLICY,REQUIRED,CONTEXTUAL_OR_FUNCTION_BOUND,NONE,Return scheduling requirement; exposure is not mastery.
REC-A1-001630,MWU_SOURCE_UNIT,12B1-MWU-0101,A1-M04-I05-S4,FIRST_RETURN,A1-M05-I05-S1,CROSS_MODULE,PRESERVE_TARGET_MODE_POLICY,REQUIRED,CONTEXTUAL_OR_FUNCTION_BOUND,NONE,Return scheduling requirement; exposure is not mastery.
REC-A1-001631,MWU_SOURCE_UNIT,12B1-MWU-0101,A1-M04-I05-S4,SECOND_RETURN,A1-M05-I05-S2,CROSS_MODULE,PRESERVE_TARGET_MODE_POLICY,REQUIRED,CONTEXTUAL_OR_FUNCTION_BOUND,NONE,Return scheduling requirement; exposure is not mastery.
REC-A1-001632,MWU_SOURCE_UNIT,12B1-MWU-0101,A1-M04-I05-S4,THIRD_RETURN,A1-M07-I05-S2,CROSS_MODULE,PRESERVE_TARGET_MODE_POLICY,REQUIRED,CONTEXTUAL_OR_FUNCTION_BOUND,NONE,Return scheduling requirement; exposure is not mastery.
REC-A1-001633,MWU_SOURCE_UNIT,12B1-MWU-0102,A1-M04-I05-S4,FIRST_RETURN,A1-M05-I05-S1,CROSS_MODULE,PRESERVE_TARGET_MODE_POLICY,REQUIRED,CONTEXTUAL_OR_FUNCTION_BOUND,NONE,Return scheduling requirement; exposure is not mastery.
REC-A1-001634,MWU_SOURCE_UNIT,12B1-MWU-0102,A1-M04-I05-S4,SECOND_RETURN,A1-M05-I05-S2,CROSS_MODULE,PRESERVE_TARGET_MODE_POLICY,REQUIRED,CONTEXTUAL_OR_FUNCTION_BOUND,NONE,Return scheduling requirement; exposure is not mastery.
REC-A1-001635,MWU_SOURCE_UNIT,12B1-MWU-0102,A1-M04-I05-S4,THIRD_RETURN,A1-M07-I05-S2,CROSS_MODULE,PRESERVE_TARGET_MODE_POLICY,REQUIRED,CONTEXTUAL_OR_FUNCTION_BOUND,NONE,Return scheduling requirement; exposure is not mastery.
REC-A1-001636,MWU_SOURCE_UNIT,12B1-MWU-0103,A1-M04-I05-S4,FIRST_RETURN,A1-M05-I05-S1,CROSS_MODULE,PRESERVE_TARGET_MODE_POLICY,REQUIRED,CONTEXTUAL_OR_FUNCTION_BOUND,NONE,Return scheduling requirement; exposure is not mastery.
REC-A1-001637,MWU_SOURCE_UNIT,12B1-MWU-0103,A1-M04-I05-S4,SECOND_RETURN,A1-M05-I05-S2,CROSS_MODULE,PRESERVE_TARGET_MODE_POLICY,REQUIRED,CONTEXTUAL_OR_FUNCTION_BOUND,NONE,Return scheduling requirement; exposure is not mastery.
REC-A1-001638,MWU_SOURCE_UNIT,12B1-MWU-0103,A1-M04-I05-S4,THIRD_RETURN,A1-M07-I05-S2,CROSS_MODULE,PRESERVE_TARGET_MODE_POLICY,REQUIRED,CONTEXTUAL_OR_FUNCTION_BOUND,NONE,Return scheduling requirement; exposure is not mastery.
REC-A1-001639,MWU_SOURCE_UNIT,12B1-MWU-0104,A1-M04-I05-S4,FIRST_RETURN,A1-M05-I05-S1,CROSS_MODULE,PRESERVE_TARGET_MODE_POLICY,REQUIRED,CONTEXTUAL_OR_FUNCTION_BOUND,NONE,Return scheduling requirement; exposure is not mastery.
REC-A1-001640,MWU_SOURCE_UNIT,12B1-MWU-0104,A1-M04-I05-S4,SECOND_RETURN,A1-M05-I05-S2,CROSS_MODULE,PRESERVE_TARGET_MODE_POLICY,REQUIRED,CONTEXTUAL_OR_FUNCTION_BOUND,NONE,Return scheduling requirement; exposure is not mastery.
REC-A1-001641,MWU_SOURCE_UNIT,12B1-MWU-0104,A1-M04-I05-S4,THIRD_RETURN,A1-M07-I05-S2,CROSS_MODULE,PRESERVE_TARGET_MODE_POLICY,REQUIRED,CONTEXTUAL_OR_FUNCTION_BOUND,NONE,Return scheduling requirement; exposure is not mastery.
REC-A1-001642,MWU_SOURCE_UNIT,12B1-MWU-0122,A1-M04-I05-S4,FIRST_RETURN,A1-M05-I05-S1,CROSS_MODULE,PRESERVE_TARGET_MODE_POLICY,REQUIRED,CONTEXTUAL_OR_FUNCTION_BOUND,NONE,Return scheduling requirement; exposure is not mastery.
REC-A1-001643,MWU_SOURCE_UNIT,12B1-MWU-0122,A1-M04-I05-S4,SECOND_RETURN,A1-M05-I05-S2,CROSS_MODULE,PRESERVE_TARGET_MODE_POLICY,REQUIRED,CONTEXTUAL_OR_FUNCTION_BOUND,NONE,Return scheduling requirement; exposure is not mastery.
REC-A1-001644,MWU_SOURCE_UNIT,12B1-MWU-0122,A1-M04-I05-S4,THIRD_RETURN,A1-M07-I05-S2,CROSS_MODULE,PRESERVE_TARGET_MODE_POLICY,REQUIRED,CONTEXTUAL_OR_FUNCTION_BOUND,NONE,Return scheduling requirement; exposure is not mastery.
REC-A1-001645,MWU_SOURCE_UNIT,12B1-MWU-0123,A1-M04-I05-S4,FIRST_RETURN,A1-M05-I05-S1,CROSS_MODULE,PRESERVE_TARGET_MODE_POLICY,REQUIRED,CONTEXTUAL_OR_FUNCTION_BOUND,NONE,Return scheduling requirement; exposure is not mastery.
REC-A1-001646,MWU_SOURCE_UNIT,12B1-MWU-0123,A1-M04-I05-S4,SECOND_RETURN,A1-M05-I05-S2,CROSS_MODULE,PRESERVE_TARGET_MODE_POLICY,REQUIRED,CONTEXTUAL_OR_FUNCTION_BOUND,NONE,Return scheduling requirement; exposure is not mastery.
REC-A1-001647,MWU_SOURCE_UNIT,12B1-MWU-0123,A1-M04-I05-S4,THIRD_RETURN,A1-M07-I05-S2,CROSS_MODULE,PRESERVE_TARGET_MODE_POLICY,REQUIRED,CONTEXTUAL_OR_FUNCTION_BOUND,NONE,Return scheduling requirement; exposure is not mastery.
REC-A1-001648,MWU_SOURCE_UNIT,12B1-MWU-0124,A1-M04-I05-S4,FIRST_RETURN,A1-M05-I05-S1,CROSS_MODULE,PRESERVE_TARGET_MODE_POLICY,REQUIRED,CONTEXTUAL_OR_FUNCTION_BOUND,NONE,Return scheduling requirement; exposure is not mastery.
REC-A1-001649,MWU_SOURCE_UNIT,12B1-MWU-0124,A1-M04-I05-S4,SECOND_RETURN,A1-M05-I05-S2,CROSS_MODULE,PRESERVE_TARGET_MODE_POLICY,REQUIRED,CONTEXTUAL_OR_FUNCTION_BOUND,NONE,Return scheduling requirement; exposure is not mastery.
REC-A1-001650,MWU_SOURCE_UNIT,12B1-MWU-0124,A1-M04-I05-S4,THIRD_RETURN,A1-M07-I05-S2,CROSS_MODULE,PRESERVE_TARGET_MODE_POLICY,REQUIRED,CONTEXTUAL_OR_FUNCTION_BOUND,NONE,Return scheduling requirement; exposure is not mastery.
REC-A1-001651,MWU_SOURCE_UNIT,12B1-MWU-0140,A1-M04-I05-S4,FIRST_RETURN,A1-M05-I05-S1,CROSS_MODULE,PRESERVE_TARGET_MODE_POLICY,REQUIRED,CONTEXTUAL_OR_FUNCTION_BOUND,NONE,Return scheduling requirement; exposure is not mastery.
REC-A1-001652,MWU_SOURCE_UNIT,12B1-MWU-0140,A1-M04-I05-S4,SECOND_RETURN,A1-M05-I05-S2,CROSS_MODULE,PRESERVE_TARGET_MODE_POLICY,REQUIRED,CONTEXTUAL_OR_FUNCTION_BOUND,NONE,Return scheduling requirement; exposure is not mastery.
REC-A1-001653,MWU_SOURCE_UNIT,12B1-MWU-0140,A1-M04-I05-S4,THIRD_RETURN,A1-M07-I05-S2,CROSS_MODULE,PRESERVE_TARGET_MODE_POLICY,REQUIRED,CONTEXTUAL_OR_FUNCTION_BOUND,NONE,Return scheduling requirement; exposure is not mastery.
REC-A1-001654,MWU_SOURCE_UNIT,12B1-MWU-0154,A1-M04-I05-S4,FIRST_RETURN,A1-M05-I05-S1,CROSS_MODULE,PRESERVE_TARGET_MODE_POLICY,REQUIRED,CONTEXTUAL_OR_FUNCTION_BOUND,NONE,Return scheduling requirement; exposure is not mastery.
REC-A1-001655,MWU_SOURCE_UNIT,12B1-MWU-0154,A1-M04-I05-S4,SECOND_RETURN,A1-M05-I05-S2,CROSS_MODULE,PRESERVE_TARGET_MODE_POLICY,REQUIRED,CONTEXTUAL_OR_FUNCTION_BOUND,NONE,Return scheduling requirement; exposure is not mastery.
REC-A1-001656,MWU_SOURCE_UNIT,12B1-MWU-0154,A1-M04-I05-S4,THIRD_RETURN,A1-M07-I05-S2,CROSS_MODULE,PRESERVE_TARGET_MODE_POLICY,REQUIRED,CONTEXTUAL_OR_FUNCTION_BOUND,NONE,Return scheduling requirement; exposure is not mastery.
REC-A1-001657,MWU_SOURCE_UNIT,12B1-MWU-0162,A1-M04-I05-S4,FIRST_RETURN,A1-M05-I05-S1,CROSS_MODULE,PRESERVE_TARGET_MODE_POLICY,REQUIRED,CONTEXTUAL_OR_FUNCTION_BOUND,NONE,Return scheduling requirement; exposure is not mastery.
REC-A1-001658,MWU_SOURCE_UNIT,12B1-MWU-0162,A1-M04-I05-S4,SECOND_RETURN,A1-M05-I05-S2,CROSS_MODULE,PRESERVE_TARGET_MODE_POLICY,REQUIRED,CONTEXTUAL_OR_FUNCTION_BOUND,NONE,Return scheduling requirement; exposure is not mastery.
REC-A1-001659,MWU_SOURCE_UNIT,12B1-MWU-0162,A1-M04-I05-S4,THIRD_RETURN,A1-M07-I05-S2,CROSS_MODULE,PRESERVE_TARGET_MODE_POLICY,REQUIRED,CONTEXTUAL_OR_FUNCTION_BOUND,NONE,Return scheduling requirement; exposure is not mastery.
REC-A1-001660,MWU_SOURCE_UNIT,12B1-MWU-0163,A1-M04-I05-S4,FIRST_RETURN,A1-M05-I05-S1,CROSS_MODULE,PRESERVE_TARGET_MODE_POLICY,REQUIRED,CONTEXTUAL_OR_FUNCTION_BOUND,NONE,Return scheduling requirement; exposure is not mastery.
REC-A1-001661,MWU_SOURCE_UNIT,12B1-MWU-0163,A1-M04-I05-S4,SECOND_RETURN,A1-M05-I05-S2,CROSS_MODULE,PRESERVE_TARGET_MODE_POLICY,REQUIRED,CONTEXTUAL_OR_FUNCTION_BOUND,NONE,Return scheduling requirement; exposure is not mastery.
REC-A1-001662,MWU_SOURCE_UNIT,12B1-MWU-0163,A1-M04-I05-S4,THIRD_RETURN,A1-M07-I05-S2,CROSS_MODULE,PRESERVE_TARGET_MODE_POLICY,REQUIRED,CONTEXTUAL_OR_FUNCTION_BOUND,NONE,Return scheduling requirement; exposure is not mastery.
REC-A1-001663,SENSE,SENSE-A1-000017,A1-M05-I05-S1,FIRST_RETURN,A1-M05-I05-S2,SAME_ISLAND,PRESERVE_TARGET_MODE_POLICY,REQUIRED,CONTEXTUAL_OR_FUNCTION_BOUND,NONE,Return scheduling requirement; exposure is not mastery.
REC-A1-001664,SENSE,SENSE-A1-000017,A1-M05-I05-S1,SECOND_RETURN,A1-M05-I05-S3,SAME_ISLAND,PRESERVE_TARGET_MODE_POLICY,REQUIRED,CONTEXTUAL_OR_FUNCTION_BOUND,NONE,Return scheduling requirement; exposure is not mastery.
REC-A1-001665,SENSE,SENSE-A1-000017,A1-M05-I05-S1,THIRD_RETURN,A1-M07-I05-S3,CROSS_MODULE,PRESERVE_TARGET_MODE_POLICY,REQUIRED,CONTEXTUAL_OR_FUNCTION_BOUND,NONE,Return scheduling requirement; exposure is not mastery.
REC-A1-001666,SENSE,SENSE-A1-000018,A1-M05-I05-S1,FIRST_RETURN,A1-M05-I05-S2,SAME_ISLAND,PRESERVE_TARGET_MODE_POLICY,REQUIRED,CONTEXTUAL_OR_FUNCTION_BOUND,NONE,Return scheduling requirement; exposure is not mastery.
REC-A1-001667,SENSE,SENSE-A1-000018,A1-M05-I05-S1,SECOND_RETURN,A1-M05-I05-S3,SAME_ISLAND,PRESERVE_TARGET_MODE_POLICY,REQUIRED,CONTEXTUAL_OR_FUNCTION_BOUND,NONE,Return scheduling requirement; exposure is not mastery.
REC-A1-001668,SENSE,SENSE-A1-000018,A1-M05-I05-S1,THIRD_RETURN,A1-M07-I05-S3,CROSS_MODULE,PRESERVE_TARGET_MODE_POLICY,REQUIRED,CONTEXTUAL_OR_FUNCTION_BOUND,NONE,Return scheduling requirement; exposure is not mastery.
REC-A1-001669,SENSE,SENSE-A1-000019,A1-M05-I05-S1,FIRST_RETURN,A1-M05-I05-S2,SAME_ISLAND,PRESERVE_TARGET_MODE_POLICY,REQUIRED,CONTEXTUAL_OR_FUNCTION_BOUND,NONE,Return scheduling requirement; exposure is not mastery.
REC-A1-001670,SENSE,SENSE-A1-000019,A1-M05-I05-S1,SECOND_RETURN,A1-M05-I05-S3,SAME_ISLAND,PRESERVE_TARGET_MODE_POLICY,REQUIRED,CONTEXTUAL_OR_FUNCTION_BOUND,NONE,Return scheduling requirement; exposure is not mastery.
REC-A1-001671,SENSE,SENSE-A1-000019,A1-M05-I05-S1,THIRD_RETURN,A1-M07-I05-S3,CROSS_MODULE,PRESERVE_TARGET_MODE_POLICY,REQUIRED,CONTEXTUAL_OR_FUNCTION_BOUND,NONE,Return scheduling requirement; exposure is not mastery.
REC-A1-001672,SENSE,SENSE-A1-000020,A1-M05-I05-S1,FIRST_RETURN,A1-M05-I05-S2,SAME_ISLAND,PRESERVE_TARGET_MODE_POLICY,REQUIRED,CONTEXTUAL_OR_FUNCTION_BOUND,NONE,Return scheduling requirement; exposure is not mastery.
REC-A1-001673,SENSE,SENSE-A1-000020,A1-M05-I05-S1,SECOND_RETURN,A1-M05-I05-S3,SAME_ISLAND,PRESERVE_TARGET_MODE_POLICY,REQUIRED,CONTEXTUAL_OR_FUNCTION_BOUND,NONE,Return scheduling requirement; exposure is not mastery.
REC-A1-001674,SENSE,SENSE-A1-000020,A1-M05-I05-S1,THIRD_RETURN,A1-M07-I05-S3,CROSS_MODULE,PRESERVE_TARGET_MODE_POLICY,REQUIRED,CONTEXTUAL_OR_FUNCTION_BOUND,NONE,Return scheduling requirement; exposure is not mastery.
REC-A1-001675,SENSE,SENSE-A1-000077,A1-M05-I05-S1,FIRST_RETURN,A1-M05-I05-S2,SAME_ISLAND,PRESERVE_TARGET_MODE_POLICY,REQUIRED,CONTEXTUAL_OR_FUNCTION_BOUND,NONE,Return scheduling requirement; exposure is not mastery.
REC-A1-001676,SENSE,SENSE-A1-000077,A1-M05-I05-S1,SECOND_RETURN,A1-M05-I05-S3,SAME_ISLAND,PRESERVE_TARGET_MODE_POLICY,REQUIRED,CONTEXTUAL_OR_FUNCTION_BOUND,NONE,Return scheduling requirement; exposure is not mastery.
REC-A1-001677,SENSE,SENSE-A1-000077,A1-M05-I05-S1,THIRD_RETURN,A1-M07-I05-S3,CROSS_MODULE,PRESERVE_TARGET_MODE_POLICY,REQUIRED,CONTEXTUAL_OR_FUNCTION_BOUND,NONE,Return scheduling requirement; exposure is not mastery.
REC-A1-001678,SENSE,SENSE-A1-000086,A1-M05-I05-S1,FIRST_RETURN,A1-M05-I05-S2,SAME_ISLAND,PRESERVE_TARGET_MODE_POLICY,REQUIRED,CONTEXTUAL_OR_FUNCTION_BOUND,NONE,Return scheduling requirement; exposure is not mastery.
REC-A1-001679,SENSE,SENSE-A1-000086,A1-M05-I05-S1,SECOND_RETURN,A1-M05-I05-S3,SAME_ISLAND,PRESERVE_TARGET_MODE_POLICY,REQUIRED,CONTEXTUAL_OR_FUNCTION_BOUND,NONE,Return scheduling requirement; exposure is not mastery.
REC-A1-001680,SENSE,SENSE-A1-000086,A1-M05-I05-S1,THIRD_RETURN,A1-M07-I05-S3,CROSS_MODULE,PRESERVE_TARGET_MODE_POLICY,REQUIRED,CONTEXTUAL_OR_FUNCTION_BOUND,NONE,Return scheduling requirement; exposure is not mastery.
REC-A1-001681,SENSE,SENSE-A1-000088,A1-M05-I05-S1,FIRST_RETURN,A1-M05-I05-S2,SAME_ISLAND,PRESERVE_TARGET_MODE_POLICY,REQUIRED,CONTEXTUAL_OR_FUNCTION_BOUND,NONE,Return scheduling requirement; exposure is not mastery.
REC-A1-001682,SENSE,SENSE-A1-000088,A1-M05-I05-S1,SECOND_RETURN,A1-M05-I05-S3,SAME_ISLAND,PRESERVE_TARGET_MODE_POLICY,REQUIRED,CONTEXTUAL_OR_FUNCTION_BOUND,NONE,Return scheduling requirement; exposure is not mastery.
REC-A1-001683,SENSE,SENSE-A1-000088,A1-M05-I05-S1,THIRD_RETURN,A1-M07-I05-S3,CROSS_MODULE,PRESERVE_TARGET_MODE_POLICY,REQUIRED,CONTEXTUAL_OR_FUNCTION_BOUND,NONE,Return scheduling requirement; exposure is not mastery.
REC-A1-001684,SENSE,SENSE-A1-000089,A1-M05-I05-S1,FIRST_RETURN,A1-M05-I05-S2,SAME_ISLAND,PRESERVE_TARGET_MODE_POLICY,REQUIRED,CONTEXTUAL_OR_FUNCTION_BOUND,NONE,Return scheduling requirement; exposure is not mastery.
REC-A1-001685,SENSE,SENSE-A1-000089,A1-M05-I05-S1,SECOND_RETURN,A1-M05-I05-S3,SAME_ISLAND,PRESERVE_TARGET_MODE_POLICY,REQUIRED,CONTEXTUAL_OR_FUNCTION_BOUND,NONE,Return scheduling requirement; exposure is not mastery.
REC-A1-001686,SENSE,SENSE-A1-000089,A1-M05-I05-S1,THIRD_RETURN,A1-M07-I05-S3,CROSS_MODULE,PRESERVE_TARGET_MODE_POLICY,REQUIRED,CONTEXTUAL_OR_FUNCTION_BOUND,NONE,Return scheduling requirement; exposure is not mastery.
REC-A1-001687,SENSE,SENSE-A1-000090,A1-M05-I05-S1,FIRST_RETURN,A1-M05-I05-S2,SAME_ISLAND,PRESERVE_TARGET_MODE_POLICY,REQUIRED,CONTEXTUAL_OR_FUNCTION_BOUND,NONE,Return scheduling requirement; exposure is not mastery.
REC-A1-001688,SENSE,SENSE-A1-000090,A1-M05-I05-S1,SECOND_RETURN,A1-M05-I05-S3,SAME_ISLAND,PRESERVE_TARGET_MODE_POLICY,REQUIRED,CONTEXTUAL_OR_FUNCTION_BOUND,NONE,Return scheduling requirement; exposure is not mastery.
REC-A1-001689,SENSE,SENSE-A1-000090,A1-M05-I05-S1,THIRD_RETURN,A1-M07-I05-S3,CROSS_MODULE,PRESERVE_TARGET_MODE_POLICY,REQUIRED,CONTEXTUAL_OR_FUNCTION_BOUND,NONE,Return scheduling requirement; exposure is not mastery.
REC-A1-001690,SENSE,SENSE-A1-000108,A1-M05-I05-S1,FIRST_RETURN,A1-M05-I05-S2,SAME_ISLAND,PRESERVE_TARGET_MODE_POLICY,REQUIRED,CONTEXTUAL_OR_FUNCTION_BOUND,NONE,Return scheduling requirement; exposure is not mastery.
REC-A1-001691,SENSE,SENSE-A1-000108,A1-M05-I05-S1,SECOND_RETURN,A1-M05-I05-S3,SAME_ISLAND,PRESERVE_TARGET_MODE_POLICY,REQUIRED,CONTEXTUAL_OR_FUNCTION_BOUND,NONE,Return scheduling requirement; exposure is not mastery.
REC-A1-001692,SENSE,SENSE-A1-000108,A1-M05-I05-S1,THIRD_RETURN,A1-M07-I05-S3,CROSS_MODULE,PRESERVE_TARGET_MODE_POLICY,REQUIRED,CONTEXTUAL_OR_FUNCTION_BOUND,NONE,Return scheduling requirement; exposure is not mastery.
REC-A1-001693,SENSE,SENSE-A1-000132,A1-M05-I05-S1,FIRST_RETURN,A1-M05-I05-S2,SAME_ISLAND,PRESERVE_TARGET_MODE_POLICY,REQUIRED,CONTEXTUAL_OR_FUNCTION_BOUND,NONE,Return scheduling requirement; exposure is not mastery.
REC-A1-001694,SENSE,SENSE-A1-000132,A1-M05-I05-S1,SECOND_RETURN,A1-M05-I05-S3,SAME_ISLAND,PRESERVE_TARGET_MODE_POLICY,REQUIRED,CONTEXTUAL_OR_FUNCTION_BOUND,NONE,Return scheduling requirement; exposure is not mastery.
REC-A1-001695,SENSE,SENSE-A1-000132,A1-M05-I05-S1,THIRD_RETURN,A1-M07-I05-S3,CROSS_MODULE,PRESERVE_TARGET_MODE_POLICY,REQUIRED,CONTEXTUAL_OR_FUNCTION_BOUND,NONE,Return scheduling requirement; exposure is not mastery.
REC-A1-001696,SENSE,SENSE-A1-000220,A1-M05-I05-S1,FIRST_RETURN,A1-M05-I05-S2,SAME_ISLAND,PRESERVE_TARGET_MODE_POLICY,REQUIRED,CONTEXTUAL_OR_FUNCTION_BOUND,NONE,Return scheduling requirement; exposure is not mastery.
REC-A1-001697,SENSE,SENSE-A1-000220,A1-M05-I05-S1,SECOND_RETURN,A1-M05-I05-S3,SAME_ISLAND,PRESERVE_TARGET_MODE_POLICY,REQUIRED,CONTEXTUAL_OR_FUNCTION_BOUND,NONE,Return scheduling requirement; exposure is not mastery.
REC-A1-001698,SENSE,SENSE-A1-000220,A1-M05-I05-S1,THIRD_RETURN,A1-M07-I05-S3,CROSS_MODULE,PRESERVE_TARGET_MODE_POLICY,REQUIRED,CONTEXTUAL_OR_FUNCTION_BOUND,NONE,Return scheduling requirement; exposure is not mastery.
REC-A1-001699,SENSE,SENSE-A1-000267,A1-M05-I05-S1,FIRST_RETURN,A1-M05-I05-S2,SAME_ISLAND,PRESERVE_TARGET_MODE_POLICY,REQUIRED,CONTEXTUAL_OR_FUNCTION_BOUND,NONE,Return scheduling requirement; exposure is not mastery.
REC-A1-001700,SENSE,SENSE-A1-000267,A1-M05-I05-S1,SECOND_RETURN,A1-M05-I05-S3,SAME_ISLAND,PRESERVE_TARGET_MODE_POLICY,REQUIRED,CONTEXTUAL_OR_FUNCTION_BOUND,NONE,Return scheduling requirement; exposure is not mastery.
REC-A1-001701,SENSE,SENSE-A1-000267,A1-M05-I05-S1,THIRD_RETURN,A1-M07-I05-S3,CROSS_MODULE,PRESERVE_TARGET_MODE_POLICY,REQUIRED,CONTEXTUAL_OR_FUNCTION_BOUND,NONE,Return scheduling requirement; exposure is not mastery.
REC-A1-001702,SENSE,SENSE-A1-000287,A1-M05-I05-S1,FIRST_RETURN,A1-M05-I05-S2,SAME_ISLAND,PRESERVE_TARGET_MODE_POLICY,REQUIRED,CONTEXTUAL_OR_FUNCTION_BOUND,NONE,Return scheduling requirement; exposure is not mastery.
REC-A1-001703,SENSE,SENSE-A1-000287,A1-M05-I05-S1,SECOND_RETURN,A1-M05-I05-S3,SAME_ISLAND,PRESERVE_TARGET_MODE_POLICY,REQUIRED,CONTEXTUAL_OR_FUNCTION_BOUND,NONE,Return scheduling requirement; exposure is not mastery.
REC-A1-001704,SENSE,SENSE-A1-000287,A1-M05-I05-S1,THIRD_RETURN,A1-M07-I05-S3,CROSS_MODULE,PRESERVE_TARGET_MODE_POLICY,REQUIRED,CONTEXTUAL_OR_FUNCTION_BOUND,NONE,Return scheduling requirement; exposure is not mastery.
REC-A1-001705,SENSE,SENSE-A1-000299,A1-M05-I05-S1,FIRST_RETURN,A1-M05-I05-S2,SAME_ISLAND,PRESERVE_TARGET_MODE_POLICY,REQUIRED,CONTEXTUAL_OR_FUNCTION_BOUND,NONE,Return scheduling requirement; exposure is not mastery.
REC-A1-001706,SENSE,SENSE-A1-000299,A1-M05-I05-S1,SECOND_RETURN,A1-M05-I05-S3,SAME_ISLAND,PRESERVE_TARGET_MODE_POLICY,REQUIRED,CONTEXTUAL_OR_FUNCTION_BOUND,NONE,Return scheduling requirement; exposure is not mastery.
REC-A1-001707,SENSE,SENSE-A1-000299,A1-M05-I05-S1,THIRD_RETURN,A1-M07-I05-S3,CROSS_MODULE,PRESERVE_TARGET_MODE_POLICY,REQUIRED,CONTEXTUAL_OR_FUNCTION_BOUND,NONE,Return scheduling requirement; exposure is not mastery.
REC-A1-001708,SENSE,SENSE-A1-000332,A1-M05-I05-S1,FIRST_RETURN,A1-M05-I05-S2,SAME_ISLAND,PRESERVE_TARGET_MODE_POLICY,REQUIRED,CONTEXTUAL_OR_FUNCTION_BOUND,NONE,Return scheduling requirement; exposure is not mastery.
REC-A1-001709,SENSE,SENSE-A1-000332,A1-M05-I05-S1,SECOND_RETURN,A1-M05-I05-S3,SAME_ISLAND,PRESERVE_TARGET_MODE_POLICY,REQUIRED,CONTEXTUAL_OR_FUNCTION_BOUND,NONE,Return scheduling requirement; exposure is not mastery.
REC-A1-001710,SENSE,SENSE-A1-000332,A1-M05-I05-S1,THIRD_RETURN,A1-M07-I05-S3,CROSS_MODULE,PRESERVE_TARGET_MODE_POLICY,REQUIRED,CONTEXTUAL_OR_FUNCTION_BOUND,NONE,Return scheduling requirement; exposure is not mastery.
REC-A1-001711,SENSE,SENSE-A1-000424,A1-M05-I05-S1,FIRST_RETURN,A1-M05-I05-S2,SAME_ISLAND,PRESERVE_TARGET_MODE_POLICY,REQUIRED,CONTEXTUAL_OR_FUNCTION_BOUND,NONE,Return scheduling requirement; exposure is not mastery.
REC-A1-001712,SENSE,SENSE-A1-000424,A1-M05-I05-S1,SECOND_RETURN,A1-M05-I05-S3,SAME_ISLAND,PRESERVE_TARGET_MODE_POLICY,REQUIRED,CONTEXTUAL_OR_FUNCTION_BOUND,NONE,Return scheduling requirement; exposure is not mastery.
REC-A1-001713,SENSE,SENSE-A1-000424,A1-M05-I05-S1,THIRD_RETURN,A1-M07-I05-S3,CROSS_MODULE,PRESERVE_TARGET_MODE_POLICY,REQUIRED,CONTEXTUAL_OR_FUNCTION_BOUND,NONE,Return scheduling requirement; exposure is not mastery.
REC-A1-001714,SENSE,SENSE-A1-000429,A1-M05-I05-S1,FIRST_RETURN,A1-M05-I05-S2,SAME_ISLAND,PRESERVE_TARGET_MODE_POLICY,REQUIRED,CONTEXTUAL_OR_FUNCTION_BOUND,NONE,Return scheduling requirement; exposure is not mastery.
REC-A1-001715,SENSE,SENSE-A1-000429,A1-M05-I05-S1,SECOND_RETURN,A1-M05-I05-S3,SAME_ISLAND,PRESERVE_TARGET_MODE_POLICY,REQUIRED,CONTEXTUAL_OR_FUNCTION_BOUND,NONE,Return scheduling requirement; exposure is not mastery.
REC-A1-001716,SENSE,SENSE-A1-000429,A1-M05-I05-S1,THIRD_RETURN,A1-M07-I05-S3,CROSS_MODULE,PRESERVE_TARGET_MODE_POLICY,REQUIRED,CONTEXTUAL_OR_FUNCTION_BOUND,NONE,Return scheduling requirement; exposure is not mastery.
REC-A1-001717,SENSE,SENSE-A1-000445,A1-M05-I05-S1,FIRST_RETURN,A1-M05-I05-S2,SAME_ISLAND,PRESERVE_TARGET_MODE_POLICY,REQUIRED,CONTEXTUAL_OR_FUNCTION_BOUND,NONE,Return scheduling requirement; exposure is not mastery.
REC-A1-001718,SENSE,SENSE-A1-000445,A1-M05-I05-S1,SECOND_RETURN,A1-M05-I05-S3,SAME_ISLAND,PRESERVE_TARGET_MODE_POLICY,REQUIRED,CONTEXTUAL_OR_FUNCTION_BOUND,NONE,Return scheduling requirement; exposure is not mastery.
REC-A1-001719,SENSE,SENSE-A1-000445,A1-M05-I05-S1,THIRD_RETURN,A1-M07-I05-S3,CROSS_MODULE,PRESERVE_TARGET_MODE_POLICY,REQUIRED,CONTEXTUAL_OR_FUNCTION_BOUND,NONE,Return scheduling requirement; exposure is not mastery.
REC-A1-001720,SENSE,SENSE-A1-000511,A1-M05-I05-S1,FIRST_RETURN,A1-M05-I05-S2,SAME_ISLAND,PRESERVE_TARGET_MODE_POLICY,REQUIRED,CONTEXTUAL_OR_FUNCTION_BOUND,NONE,Return scheduling requirement; exposure is not mastery.
REC-A1-001721,SENSE,SENSE-A1-000511,A1-M05-I05-S1,SECOND_RETURN,A1-M05-I05-S3,SAME_ISLAND,PRESERVE_TARGET_MODE_POLICY,REQUIRED,CONTEXTUAL_OR_FUNCTION_BOUND,NONE,Return scheduling requirement; exposure is not mastery.
REC-A1-001722,SENSE,SENSE-A1-000511,A1-M05-I05-S1,THIRD_RETURN,A1-M07-I05-S3,CROSS_MODULE,PRESERVE_TARGET_MODE_POLICY,REQUIRED,CONTEXTUAL_OR_FUNCTION_BOUND,NONE,Return scheduling requirement; exposure is not mastery.
REC-A1-001723,SENSE,SENSE-A1-000529,A1-M05-I05-S1,FIRST_RETURN,A1-M05-I05-S2,SAME_ISLAND,PRESERVE_TARGET_MODE_POLICY,REQUIRED,CONTEXTUAL_OR_FUNCTION_BOUND,NONE,Return scheduling requirement; exposure is not mastery.
REC-A1-001724,SENSE,SENSE-A1-000529,A1-M05-I05-S1,SECOND_RETURN,A1-M05-I05-S3,SAME_ISLAND,PRESERVE_TARGET_MODE_POLICY,REQUIRED,CONTEXTUAL_OR_FUNCTION_BOUND,NONE,Return scheduling requirement; exposure is not mastery.
REC-A1-001725,SENSE,SENSE-A1-000529,A1-M05-I05-S1,THIRD_RETURN,A1-M07-I05-S3,CROSS_MODULE,PRESERVE_TARGET_MODE_POLICY,REQUIRED,CONTEXTUAL_OR_FUNCTION_BOUND,NONE,Return scheduling requirement; exposure is not mastery.
REC-A1-001726,SENSE,SENSE-A1-000549,A1-M05-I05-S1,FIRST_RETURN,A1-M05-I05-S2,SAME_ISLAND,PRESERVE_TARGET_MODE_POLICY,REQUIRED,CONTEXTUAL_OR_FUNCTION_BOUND,NONE,Return scheduling requirement; exposure is not mastery.
REC-A1-001727,SENSE,SENSE-A1-000549,A1-M05-I05-S1,SECOND_RETURN,A1-M05-I05-S3,SAME_ISLAND,PRESERVE_TARGET_MODE_POLICY,REQUIRED,CONTEXTUAL_OR_FUNCTION_BOUND,NONE,Return scheduling requirement; exposure is not mastery.
REC-A1-001728,SENSE,SENSE-A1-000549,A1-M05-I05-S1,THIRD_RETURN,A1-M07-I05-S3,CROSS_MODULE,PRESERVE_TARGET_MODE_POLICY,REQUIRED,CONTEXTUAL_OR_FUNCTION_BOUND,NONE,Return scheduling requirement; exposure is not mastery.
REC-A1-001729,SENSE,SENSE-A1-000589,A1-M05-I05-S1,FIRST_RETURN,A1-M05-I05-S2,SAME_ISLAND,PRESERVE_TARGET_MODE_POLICY,REQUIRED,CONTEXTUAL_OR_FUNCTION_BOUND,NONE,Return scheduling requirement; exposure is not mastery.
REC-A1-001730,SENSE,SENSE-A1-000589,A1-M05-I05-S1,SECOND_RETURN,A1-M05-I05-S3,SAME_ISLAND,PRESERVE_TARGET_MODE_POLICY,REQUIRED,CONTEXTUAL_OR_FUNCTION_BOUND,NONE,Return scheduling requirement; exposure is not mastery.
REC-A1-001731,SENSE,SENSE-A1-000589,A1-M05-I05-S1,THIRD_RETURN,A1-M07-I05-S3,CROSS_MODULE,PRESERVE_TARGET_MODE_POLICY,REQUIRED,CONTEXTUAL_OR_FUNCTION_BOUND,NONE,Return scheduling requirement; exposure is not mastery.
REC-A1-001732,SENSE,SENSE-A1-000596,A1-M05-I05-S1,FIRST_RETURN,A1-M05-I05-S2,SAME_ISLAND,PRESERVE_TARGET_MODE_POLICY,REQUIRED,CONTEXTUAL_OR_FUNCTION_BOUND,NONE,Return scheduling requirement; exposure is not mastery.
REC-A1-001733,SENSE,SENSE-A1-000596,A1-M05-I05-S1,SECOND_RETURN,A1-M05-I05-S3,SAME_ISLAND,PRESERVE_TARGET_MODE_POLICY,REQUIRED,CONTEXTUAL_OR_FUNCTION_BOUND,NONE,Return scheduling requirement; exposure is not mastery.
REC-A1-001734,SENSE,SENSE-A1-000596,A1-M05-I05-S1,THIRD_RETURN,A1-M07-I05-S3,CROSS_MODULE,PRESERVE_TARGET_MODE_POLICY,REQUIRED,CONTEXTUAL_OR_FUNCTION_BOUND,NONE,Return scheduling requirement; exposure is not mastery.
REC-A1-001735,SENSE,SENSE-A1-000597,A1-M05-I05-S1,FIRST_RETURN,A1-M05-I05-S2,SAME_ISLAND,PRESERVE_TARGET_MODE_POLICY,REQUIRED,CONTEXTUAL_OR_FUNCTION_BOUND,NONE,Return scheduling requirement; exposure is not mastery.
REC-A1-001736,SENSE,SENSE-A1-000597,A1-M05-I05-S1,SECOND_RETURN,A1-M05-I05-S3,SAME_ISLAND,PRESERVE_TARGET_MODE_POLICY,REQUIRED,CONTEXTUAL_OR_FUNCTION_BOUND,NONE,Return scheduling requirement; exposure is not mastery.
REC-A1-001737,SENSE,SENSE-A1-000597,A1-M05-I05-S1,THIRD_RETURN,A1-M07-I05-S3,CROSS_MODULE,PRESERVE_TARGET_MODE_POLICY,REQUIRED,CONTEXTUAL_OR_FUNCTION_BOUND,NONE,Return scheduling requirement; exposure is not mastery.
REC-A1-001738,GRAMMAR_UNIT,GRAM-A1-014,A1-M05-I05-S1,FIRST_RETURN,A1-M05-I05-S2,SAME_ISLAND,PRESERVE_TARGET_MODE_POLICY,REQUIRED,FUNCTION_OR_TASK_BOUND,NONE,Return scheduling requirement; exposure is not mastery.
REC-A1-001739,GRAMMAR_UNIT,GRAM-A1-014,A1-M05-I05-S1,SECOND_RETURN,A1-M05-I05-S3,SAME_ISLAND,PRESERVE_TARGET_MODE_POLICY,REQUIRED,FUNCTION_OR_TASK_BOUND,NONE,Return scheduling requirement; exposure is not mastery.
REC-A1-001740,GRAMMAR_UNIT,GRAM-A1-014,A1-M05-I05-S1,THIRD_RETURN,A1-M07-I05-S3,CROSS_MODULE,PRESERVE_TARGET_MODE_POLICY,REQUIRED,FUNCTION_OR_TASK_BOUND,NONE,Return scheduling requirement; exposure is not mastery.
REC-A1-001741,GRAMMAR_UNIT,GRAM-A1-015,A1-M05-I05-S1,FIRST_RETURN,A1-M05-I05-S2,SAME_ISLAND,PRESERVE_TARGET_MODE_POLICY,REQUIRED,FUNCTION_OR_TASK_BOUND,NONE,Return scheduling requirement; exposure is not mastery.
REC-A1-001742,GRAMMAR_UNIT,GRAM-A1-015,A1-M05-I05-S1,SECOND_RETURN,A1-M05-I05-S3,SAME_ISLAND,PRESERVE_TARGET_MODE_POLICY,REQUIRED,FUNCTION_OR_TASK_BOUND,NONE,Return scheduling requirement; exposure is not mastery.
REC-A1-001743,GRAMMAR_UNIT,GRAM-A1-015,A1-M05-I05-S1,THIRD_RETURN,A1-M07-I05-S3,CROSS_MODULE,PRESERVE_TARGET_MODE_POLICY,REQUIRED,FUNCTION_OR_TASK_BOUND,NONE,Return scheduling requirement; exposure is not mastery.
REC-A1-001744,GRAMMAR_UNIT,GRAM-A1-040,A1-M05-I05-S1,FIRST_RETURN,A1-M05-I05-S2,SAME_ISLAND,PRESERVE_TARGET_MODE_POLICY,REQUIRED,FUNCTION_OR_TASK_BOUND,NONE,Return scheduling requirement; exposure is not mastery.
REC-A1-001745,GRAMMAR_UNIT,GRAM-A1-040,A1-M05-I05-S1,SECOND_RETURN,A1-M05-I05-S3,SAME_ISLAND,PRESERVE_TARGET_MODE_POLICY,REQUIRED,FUNCTION_OR_TASK_BOUND,NONE,Return scheduling requirement; exposure is not mastery.
REC-A1-001746,GRAMMAR_UNIT,GRAM-A1-040,A1-M05-I05-S1,THIRD_RETURN,A1-M07-I05-S3,CROSS_MODULE,PRESERVE_TARGET_MODE_POLICY,REQUIRED,FUNCTION_OR_TASK_BOUND,NONE,Return scheduling requirement; exposure is not mastery.
REC-A1-001747,GRAMMAR_UNIT,GRAM-A1-041,A1-M05-I05-S1,FIRST_RETURN,A1-M05-I05-S2,SAME_ISLAND,PRESERVE_TARGET_MODE_POLICY,REQUIRED,FUNCTION_OR_TASK_BOUND,NONE,Return scheduling requirement; exposure is not mastery.
REC-A1-001748,GRAMMAR_UNIT,GRAM-A1-041,A1-M05-I05-S1,SECOND_RETURN,A1-M05-I05-S3,SAME_ISLAND,PRESERVE_TARGET_MODE_POLICY,REQUIRED,FUNCTION_OR_TASK_BOUND,NONE,Return scheduling requirement; exposure is not mastery.
REC-A1-001749,GRAMMAR_UNIT,GRAM-A1-041,A1-M05-I05-S1,THIRD_RETURN,A1-M07-I05-S3,CROSS_MODULE,PRESERVE_TARGET_MODE_POLICY,REQUIRED,FUNCTION_OR_TASK_BOUND,NONE,Return scheduling requirement; exposure is not mastery.
REC-A1-001750,GRAMMAR_UNIT,GRAM-A1-064,A1-M05-I05-S1,FIRST_RETURN,A1-M05-I05-S2,SAME_ISLAND,PRESERVE_TARGET_MODE_POLICY,REQUIRED,FUNCTION_OR_TASK_BOUND,NONE,Return scheduling requirement; exposure is not mastery.
REC-A1-001751,GRAMMAR_UNIT,GRAM-A1-064,A1-M05-I05-S1,SECOND_RETURN,A1-M05-I05-S3,SAME_ISLAND,PRESERVE_TARGET_MODE_POLICY,REQUIRED,FUNCTION_OR_TASK_BOUND,NONE,Return scheduling requirement; exposure is not mastery.
REC-A1-001752,GRAMMAR_UNIT,GRAM-A1-064,A1-M05-I05-S1,THIRD_RETURN,A1-M07-I05-S3,CROSS_MODULE,PRESERVE_TARGET_MODE_POLICY,REQUIRED,FUNCTION_OR_TASK_BOUND,NONE,Return scheduling requirement; exposure is not mastery.
REC-A1-001753,MWU_SOURCE_UNIT,12B1-MWU-0010,A1-M05-I05-S1,FIRST_RETURN,A1-M05-I05-S2,SAME_ISLAND,PRESERVE_TARGET_MODE_POLICY,REQUIRED,CONTEXTUAL_OR_FUNCTION_BOUND,NONE,Return scheduling requirement; exposure is not mastery.
REC-A1-001754,MWU_SOURCE_UNIT,12B1-MWU-0010,A1-M05-I05-S1,SECOND_RETURN,A1-M05-I05-S3,SAME_ISLAND,PRESERVE_TARGET_MODE_POLICY,REQUIRED,CONTEXTUAL_OR_FUNCTION_BOUND,NONE,Return scheduling requirement; exposure is not mastery.
REC-A1-001755,MWU_SOURCE_UNIT,12B1-MWU-0010,A1-M05-I05-S1,THIRD_RETURN,A1-M07-I05-S3,CROSS_MODULE,PRESERVE_TARGET_MODE_POLICY,REQUIRED,CONTEXTUAL_OR_FUNCTION_BOUND,NONE,Return scheduling requirement; exposure is not mastery.
REC-A1-001756,MWU_SOURCE_UNIT,12B1-MWU-0011,A1-M05-I05-S1,FIRST_RETURN,A1-M05-I05-S2,SAME_ISLAND,PRESERVE_TARGET_MODE_POLICY,REQUIRED,CONTEXTUAL_OR_FUNCTION_BOUND,NONE,Return scheduling requirement; exposure is not mastery.
REC-A1-001757,MWU_SOURCE_UNIT,12B1-MWU-0011,A1-M05-I05-S1,SECOND_RETURN,A1-M05-I05-S3,SAME_ISLAND,PRESERVE_TARGET_MODE_POLICY,REQUIRED,CONTEXTUAL_OR_FUNCTION_BOUND,NONE,Return scheduling requirement; exposure is not mastery.
REC-A1-001758,MWU_SOURCE_UNIT,12B1-MWU-0011,A1-M05-I05-S1,THIRD_RETURN,A1-M07-I05-S3,CROSS_MODULE,PRESERVE_TARGET_MODE_POLICY,REQUIRED,CONTEXTUAL_OR_FUNCTION_BOUND,NONE,Return scheduling requirement; exposure is not mastery.
REC-A1-001759,MWU_SOURCE_UNIT,12B1-MWU-0012,A1-M05-I05-S1,FIRST_RETURN,A1-M05-I05-S2,SAME_ISLAND,PRESERVE_TARGET_MODE_POLICY,REQUIRED,CONTEXTUAL_OR_FUNCTION_BOUND,NONE,Return scheduling requirement; exposure is not mastery.
REC-A1-001760,MWU_SOURCE_UNIT,12B1-MWU-0012,A1-M05-I05-S1,SECOND_RETURN,A1-M05-I05-S3,SAME_ISLAND,PRESERVE_TARGET_MODE_POLICY,REQUIRED,CONTEXTUAL_OR_FUNCTION_BOUND,NONE,Return scheduling requirement; exposure is not mastery.
REC-A1-001761,MWU_SOURCE_UNIT,12B1-MWU-0012,A1-M05-I05-S1,THIRD_RETURN,A1-M07-I05-S3,CROSS_MODULE,PRESERVE_TARGET_MODE_POLICY,REQUIRED,CONTEXTUAL_OR_FUNCTION_BOUND,NONE,Return scheduling requirement; exposure is not mastery.
REC-A1-001762,MWU_SOURCE_UNIT,12B1-MWU-0013,A1-M05-I05-S1,FIRST_RETURN,A1-M05-I05-S2,SAME_ISLAND,PRESERVE_TARGET_MODE_POLICY,REQUIRED,CONTEXTUAL_OR_FUNCTION_BOUND,NONE,Return scheduling requirement; exposure is not mastery.
REC-A1-001763,MWU_SOURCE_UNIT,12B1-MWU-0013,A1-M05-I05-S1,SECOND_RETURN,A1-M05-I05-S3,SAME_ISLAND,PRESERVE_TARGET_MODE_POLICY,REQUIRED,CONTEXTUAL_OR_FUNCTION_BOUND,NONE,Return scheduling requirement; exposure is not mastery.
REC-A1-001764,MWU_SOURCE_UNIT,12B1-MWU-0013,A1-M05-I05-S1,THIRD_RETURN,A1-M07-I05-S3,CROSS_MODULE,PRESERVE_TARGET_MODE_POLICY,REQUIRED,CONTEXTUAL_OR_FUNCTION_BOUND,NONE,Return scheduling requirement; exposure is not mastery.
REC-A1-001765,MWU_SOURCE_UNIT,12B1-MWU-0014,A1-M05-I05-S1,FIRST_RETURN,A1-M05-I05-S2,SAME_ISLAND,PRESERVE_TARGET_MODE_POLICY,REQUIRED,CONTEXTUAL_OR_FUNCTION_BOUND,NONE,Return scheduling requirement; exposure is not mastery.
REC-A1-001766,MWU_SOURCE_UNIT,12B1-MWU-0014,A1-M05-I05-S1,SECOND_RETURN,A1-M05-I05-S3,SAME_ISLAND,PRESERVE_TARGET_MODE_POLICY,REQUIRED,CONTEXTUAL_OR_FUNCTION_BOUND,NONE,Return scheduling requirement; exposure is not mastery.
REC-A1-001767,MWU_SOURCE_UNIT,12B1-MWU-0014,A1-M05-I05-S1,THIRD_RETURN,A1-M07-I05-S3,CROSS_MODULE,PRESERVE_TARGET_MODE_POLICY,REQUIRED,CONTEXTUAL_OR_FUNCTION_BOUND,NONE,Return scheduling requirement; exposure is not mastery.
REC-A1-001768,MWU_SOURCE_UNIT,12B1-MWU-0015,A1-M05-I05-S1,FIRST_RETURN,A1-M05-I05-S2,SAME_ISLAND,PRESERVE_TARGET_MODE_POLICY,REQUIRED,CONTEXTUAL_OR_FUNCTION_BOUND,NONE,Return scheduling requirement; exposure is not mastery.
REC-A1-001769,MWU_SOURCE_UNIT,12B1-MWU-0015,A1-M05-I05-S1,SECOND_RETURN,A1-M05-I05-S3,SAME_ISLAND,PRESERVE_TARGET_MODE_POLICY,REQUIRED,CONTEXTUAL_OR_FUNCTION_BOUND,NONE,Return scheduling requirement; exposure is not mastery.
REC-A1-001770,MWU_SOURCE_UNIT,12B1-MWU-0015,A1-M05-I05-S1,THIRD_RETURN,A1-M07-I05-S3,CROSS_MODULE,PRESERVE_TARGET_MODE_POLICY,REQUIRED,CONTEXTUAL_OR_FUNCTION_BOUND,NONE,Return scheduling requirement; exposure is not mastery.
REC-A1-001771,MWU_SOURCE_UNIT,12B1-MWU-0018,A1-M05-I05-S1,FIRST_RETURN,A1-M05-I05-S2,SAME_ISLAND,PRESERVE_TARGET_MODE_POLICY,REQUIRED,CONTEXTUAL_OR_FUNCTION_BOUND,NONE,Return scheduling requirement; exposure is not mastery.
REC-A1-001772,MWU_SOURCE_UNIT,12B1-MWU-0018,A1-M05-I05-S1,SECOND_RETURN,A1-M05-I05-S3,SAME_ISLAND,PRESERVE_TARGET_MODE_POLICY,REQUIRED,CONTEXTUAL_OR_FUNCTION_BOUND,NONE,Return scheduling requirement; exposure is not mastery.
REC-A1-001773,MWU_SOURCE_UNIT,12B1-MWU-0018,A1-M05-I05-S1,THIRD_RETURN,A1-M07-I05-S3,CROSS_MODULE,PRESERVE_TARGET_MODE_POLICY,REQUIRED,CONTEXTUAL_OR_FUNCTION_BOUND,NONE,Return scheduling requirement; exposure is not mastery.
REC-A1-001774,MWU_SOURCE_UNIT,12B1-MWU-0019,A1-M05-I05-S1,FIRST_RETURN,A1-M05-I05-S2,SAME_ISLAND,PRESERVE_TARGET_MODE_POLICY,REQUIRED,CONTEXTUAL_OR_FUNCTION_BOUND,NONE,Return scheduling requirement; exposure is not mastery.
REC-A1-001775,MWU_SOURCE_UNIT,12B1-MWU-0019,A1-M05-I05-S1,SECOND_RETURN,A1-M05-I05-S3,SAME_ISLAND,PRESERVE_TARGET_MODE_POLICY,REQUIRED,CONTEXTUAL_OR_FUNCTION_BOUND,NONE,Return scheduling requirement; exposure is not mastery.
REC-A1-001776,MWU_SOURCE_UNIT,12B1-MWU-0019,A1-M05-I05-S1,THIRD_RETURN,A1-M07-I05-S3,CROSS_MODULE,PRESERVE_TARGET_MODE_POLICY,REQUIRED,CONTEXTUAL_OR_FUNCTION_BOUND,NONE,Return scheduling requirement; exposure is not mastery.
REC-A1-001777,SENSE,SENSE-A1-000065,A1-M05-I05-S2,FIRST_RETURN,A1-M05-I05-S3,SAME_ISLAND,PRESERVE_TARGET_MODE_POLICY,REQUIRED,CONTEXTUAL_OR_FUNCTION_BOUND,NONE,Return scheduling requirement; exposure is not mastery.
REC-A1-001778,SENSE,SENSE-A1-000065,A1-M05-I05-S2,SECOND_RETURN,A1-M06-I05-S1,CROSS_MODULE,PRESERVE_TARGET_MODE_POLICY,REQUIRED,CONTEXTUAL_OR_FUNCTION_BOUND,NONE,Return scheduling requirement; exposure is not mastery.
REC-A1-001779,SENSE,SENSE-A1-000065,A1-M05-I05-S2,THIRD_RETURN,A1-M06-I05-S3,CROSS_MODULE,PRESERVE_TARGET_MODE_POLICY,REQUIRED,CONTEXTUAL_OR_FUNCTION_BOUND,NONE,Return scheduling requirement; exposure is not mastery.
REC-A1-001780,SENSE,SENSE-A1-000087,A1-M05-I05-S2,FIRST_RETURN,A1-M05-I05-S3,SAME_ISLAND,PRESERVE_TARGET_MODE_POLICY,REQUIRED,CONTEXTUAL_OR_FUNCTION_BOUND,NONE,Return scheduling requirement; exposure is not mastery.
REC-A1-001781,SENSE,SENSE-A1-000087,A1-M05-I05-S2,SECOND_RETURN,A1-M06-I05-S1,CROSS_MODULE,PRESERVE_TARGET_MODE_POLICY,REQUIRED,CONTEXTUAL_OR_FUNCTION_BOUND,NONE,Return scheduling requirement; exposure is not mastery.
REC-A1-001782,SENSE,SENSE-A1-000087,A1-M05-I05-S2,THIRD_RETURN,A1-M06-I05-S3,CROSS_MODULE,PRESERVE_TARGET_MODE_POLICY,REQUIRED,CONTEXTUAL_OR_FUNCTION_BOUND,NONE,Return scheduling requirement; exposure is not mastery.
REC-A1-001783,SENSE,SENSE-A1-000098,A1-M05-I05-S2,FIRST_RETURN,A1-M05-I05-S3,SAME_ISLAND,PRESERVE_TARGET_MODE_POLICY,REQUIRED,CONTEXTUAL_OR_FUNCTION_BOUND,NONE,Return scheduling requirement; exposure is not mastery.
REC-A1-001784,SENSE,SENSE-A1-000098,A1-M05-I05-S2,SECOND_RETURN,A1-M06-I05-S1,CROSS_MODULE,PRESERVE_TARGET_MODE_POLICY,REQUIRED,CONTEXTUAL_OR_FUNCTION_BOUND,NONE,Return scheduling requirement; exposure is not mastery.
REC-A1-001785,SENSE,SENSE-A1-000098,A1-M05-I05-S2,THIRD_RETURN,A1-M06-I05-S3,CROSS_MODULE,PRESERVE_TARGET_MODE_POLICY,REQUIRED,CONTEXTUAL_OR_FUNCTION_BOUND,NONE,Return scheduling requirement; exposure is not mastery.
REC-A1-001786,SENSE,SENSE-A1-000121,A1-M05-I05-S2,FIRST_RETURN,A1-M05-I05-S3,SAME_ISLAND,PRESERVE_TARGET_MODE_POLICY,REQUIRED,CONTEXTUAL_OR_FUNCTION_BOUND,NONE,Return scheduling requirement; exposure is not mastery.
REC-A1-001787,SENSE,SENSE-A1-000121,A1-M05-I05-S2,SECOND_RETURN,A1-M06-I05-S1,CROSS_MODULE,PRESERVE_TARGET_MODE_POLICY,REQUIRED,CONTEXTUAL_OR_FUNCTION_BOUND,NONE,Return scheduling requirement; exposure is not mastery.
REC-A1-001788,SENSE,SENSE-A1-000121,A1-M05-I05-S2,THIRD_RETURN,A1-M06-I05-S3,CROSS_MODULE,PRESERVE_TARGET_MODE_POLICY,REQUIRED,CONTEXTUAL_OR_FUNCTION_BOUND,NONE,Return scheduling requirement; exposure is not mastery.
REC-A1-001789,SENSE,SENSE-A1-000149,A1-M05-I05-S2,FIRST_RETURN,A1-M05-I05-S3,SAME_ISLAND,PRESERVE_TARGET_MODE_POLICY,REQUIRED,CONTEXTUAL_OR_FUNCTION_BOUND,NONE,Return scheduling requirement; exposure is not mastery.
REC-A1-001790,SENSE,SENSE-A1-000149,A1-M05-I05-S2,SECOND_RETURN,A1-M06-I05-S1,CROSS_MODULE,PRESERVE_TARGET_MODE_POLICY,REQUIRED,CONTEXTUAL_OR_FUNCTION_BOUND,NONE,Return scheduling requirement; exposure is not mastery.
REC-A1-001791,SENSE,SENSE-A1-000149,A1-M05-I05-S2,THIRD_RETURN,A1-M06-I05-S3,CROSS_MODULE,PRESERVE_TARGET_MODE_POLICY,REQUIRED,CONTEXTUAL_OR_FUNCTION_BOUND,NONE,Return scheduling requirement; exposure is not mastery.
REC-A1-001792,SENSE,SENSE-A1-000186,A1-M05-I05-S2,FIRST_RETURN,A1-M05-I05-S3,SAME_ISLAND,PRESERVE_TARGET_MODE_POLICY,REQUIRED,CONTEXTUAL_OR_FUNCTION_BOUND,NONE,Return scheduling requirement; exposure is not mastery.
REC-A1-001793,SENSE,SENSE-A1-000186,A1-M05-I05-S2,SECOND_RETURN,A1-M06-I05-S1,CROSS_MODULE,PRESERVE_TARGET_MODE_POLICY,REQUIRED,CONTEXTUAL_OR_FUNCTION_BOUND,NONE,Return scheduling requirement; exposure is not mastery.
REC-A1-001794,SENSE,SENSE-A1-000186,A1-M05-I05-S2,THIRD_RETURN,A1-M06-I05-S3,CROSS_MODULE,PRESERVE_TARGET_MODE_POLICY,REQUIRED,CONTEXTUAL_OR_FUNCTION_BOUND,NONE,Return scheduling requirement; exposure is not mastery.
REC-A1-001795,SENSE,SENSE-A1-000365,A1-M05-I05-S2,FIRST_RETURN,A1-M05-I05-S3,SAME_ISLAND,PRESERVE_TARGET_MODE_POLICY,REQUIRED,CONTEXTUAL_OR_FUNCTION_BOUND,NONE,Return scheduling requirement; exposure is not mastery.
REC-A1-001796,SENSE,SENSE-A1-000365,A1-M05-I05-S2,SECOND_RETURN,A1-M06-I05-S1,CROSS_MODULE,PRESERVE_TARGET_MODE_POLICY,REQUIRED,CONTEXTUAL_OR_FUNCTION_BOUND,NONE,Return scheduling requirement; exposure is not mastery.
REC-A1-001797,SENSE,SENSE-A1-000365,A1-M05-I05-S2,THIRD_RETURN,A1-M06-I05-S3,CROSS_MODULE,PRESERVE_TARGET_MODE_POLICY,REQUIRED,CONTEXTUAL_OR_FUNCTION_BOUND,NONE,Return scheduling requirement; exposure is not mastery.
REC-A1-001798,SENSE,SENSE-A1-000368,A1-M05-I05-S2,FIRST_RETURN,A1-M05-I05-S3,SAME_ISLAND,PRESERVE_TARGET_MODE_POLICY,REQUIRED,CONTEXTUAL_OR_FUNCTION_BOUND,NONE,Return scheduling requirement; exposure is not mastery.
REC-A1-001799,SENSE,SENSE-A1-000368,A1-M05-I05-S2,SECOND_RETURN,A1-M06-I05-S1,CROSS_MODULE,PRESERVE_TARGET_MODE_POLICY,REQUIRED,CONTEXTUAL_OR_FUNCTION_BOUND,NONE,Return scheduling requirement; exposure is not mastery.
REC-A1-001800,SENSE,SENSE-A1-000368,A1-M05-I05-S2,THIRD_RETURN,A1-M06-I05-S3,CROSS_MODULE,PRESERVE_TARGET_MODE_POLICY,REQUIRED,CONTEXTUAL_OR_FUNCTION_BOUND,NONE,Return scheduling requirement; exposure is not mastery.
REC-A1-001801,SENSE,SENSE-A1-000370,A1-M05-I05-S2,FIRST_RETURN,A1-M05-I05-S3,SAME_ISLAND,PRESERVE_TARGET_MODE_POLICY,REQUIRED,CONTEXTUAL_OR_FUNCTION_BOUND,NONE,Return scheduling requirement; exposure is not mastery.
REC-A1-001802,SENSE,SENSE-A1-000370,A1-M05-I05-S2,SECOND_RETURN,A1-M06-I05-S1,CROSS_MODULE,PRESERVE_TARGET_MODE_POLICY,REQUIRED,CONTEXTUAL_OR_FUNCTION_BOUND,NONE,Return scheduling requirement; exposure is not mastery.
REC-A1-001803,SENSE,SENSE-A1-000370,A1-M05-I05-S2,THIRD_RETURN,A1-M06-I05-S3,CROSS_MODULE,PRESERVE_TARGET_MODE_POLICY,REQUIRED,CONTEXTUAL_OR_FUNCTION_BOUND,NONE,Return scheduling requirement; exposure is not mastery.
REC-A1-001804,SENSE,SENSE-A1-000371,A1-M05-I05-S2,FIRST_RETURN,A1-M05-I05-S3,SAME_ISLAND,PRESERVE_TARGET_MODE_POLICY,REQUIRED,TARGET_PROFILE_ONLY,NONE,Return scheduling requirement; exposure is not mastery.
REC-A1-001805,SENSE,SENSE-A1-000371,A1-M05-I05-S2,SECOND_RETURN,A1-M06-I05-S1,CROSS_MODULE,PRESERVE_TARGET_MODE_POLICY,REQUIRED,TARGET_PROFILE_ONLY,NONE,Return scheduling requirement; exposure is not mastery.
REC-A1-001806,SENSE,SENSE-A1-000371,A1-M05-I05-S2,THIRD_RETURN,A1-M06-I05-S3,CROSS_MODULE,PRESERVE_TARGET_MODE_POLICY,REQUIRED,TARGET_PROFILE_ONLY,NONE,Return scheduling requirement; exposure is not mastery.
REC-A1-001807,SENSE,SENSE-A1-000464,A1-M05-I05-S2,FIRST_RETURN,A1-M05-I05-S3,SAME_ISLAND,PRESERVE_TARGET_MODE_POLICY,REQUIRED,CONTEXTUAL_OR_FUNCTION_BOUND,NONE,Return scheduling requirement; exposure is not mastery.
REC-A1-001808,SENSE,SENSE-A1-000464,A1-M05-I05-S2,SECOND_RETURN,A1-M06-I05-S1,CROSS_MODULE,PRESERVE_TARGET_MODE_POLICY,REQUIRED,CONTEXTUAL_OR_FUNCTION_BOUND,NONE,Return scheduling requirement; exposure is not mastery.
REC-A1-001809,SENSE,SENSE-A1-000464,A1-M05-I05-S2,THIRD_RETURN,A1-M06-I05-S3,CROSS_MODULE,PRESERVE_TARGET_MODE_POLICY,REQUIRED,CONTEXTUAL_OR_FUNCTION_BOUND,NONE,Return scheduling requirement; exposure is not mastery.
REC-A1-001810,SENSE,SENSE-A1-000472,A1-M05-I05-S2,FIRST_RETURN,A1-M05-I05-S3,SAME_ISLAND,PRESERVE_TARGET_MODE_POLICY,REQUIRED,CONTEXTUAL_OR_FUNCTION_BOUND,NONE,Return scheduling requirement; exposure is not mastery.
REC-A1-001811,SENSE,SENSE-A1-000472,A1-M05-I05-S2,SECOND_RETURN,A1-M06-I05-S1,CROSS_MODULE,PRESERVE_TARGET_MODE_POLICY,REQUIRED,CONTEXTUAL_OR_FUNCTION_BOUND,NONE,Return scheduling requirement; exposure is not mastery.
REC-A1-001812,SENSE,SENSE-A1-000472,A1-M05-I05-S2,THIRD_RETURN,A1-M06-I05-S3,CROSS_MODULE,PRESERVE_TARGET_MODE_POLICY,REQUIRED,CONTEXTUAL_OR_FUNCTION_BOUND,NONE,Return scheduling requirement; exposure is not mastery.
REC-A1-001813,SENSE,SENSE-A1-000498,A1-M05-I05-S2,FIRST_RETURN,A1-M05-I05-S3,SAME_ISLAND,PRESERVE_TARGET_MODE_POLICY,REQUIRED,CONTEXTUAL_OR_FUNCTION_BOUND,NONE,Return scheduling requirement; exposure is not mastery.
REC-A1-001814,SENSE,SENSE-A1-000498,A1-M05-I05-S2,SECOND_RETURN,A1-M06-I05-S1,CROSS_MODULE,PRESERVE_TARGET_MODE_POLICY,REQUIRED,CONTEXTUAL_OR_FUNCTION_BOUND,NONE,Return scheduling requirement; exposure is not mastery.
REC-A1-001815,SENSE,SENSE-A1-000498,A1-M05-I05-S2,THIRD_RETURN,A1-M06-I05-S3,CROSS_MODULE,PRESERVE_TARGET_MODE_POLICY,REQUIRED,CONTEXTUAL_OR_FUNCTION_BOUND,NONE,Return scheduling requirement; exposure is not mastery.
REC-A1-001816,SENSE,SENSE-A1-000514,A1-M05-I05-S2,FIRST_RETURN,A1-M05-I05-S3,SAME_ISLAND,PRESERVE_TARGET_MODE_POLICY,REQUIRED,CONTEXTUAL_OR_FUNCTION_BOUND,NONE,Return scheduling requirement; exposure is not mastery.
REC-A1-001817,SENSE,SENSE-A1-000514,A1-M05-I05-S2,SECOND_RETURN,A1-M06-I05-S1,CROSS_MODULE,PRESERVE_TARGET_MODE_POLICY,REQUIRED,CONTEXTUAL_OR_FUNCTION_BOUND,NONE,Return scheduling requirement; exposure is not mastery.
REC-A1-001818,SENSE,SENSE-A1-000514,A1-M05-I05-S2,THIRD_RETURN,A1-M06-I05-S3,CROSS_MODULE,PRESERVE_TARGET_MODE_POLICY,REQUIRED,CONTEXTUAL_OR_FUNCTION_BOUND,NONE,Return scheduling requirement; exposure is not mastery.
REC-A1-001819,SENSE,SENSE-A1-000537,A1-M05-I05-S2,FIRST_RETURN,A1-M05-I05-S3,SAME_ISLAND,PRESERVE_TARGET_MODE_POLICY,REQUIRED,CONTEXTUAL_OR_FUNCTION_BOUND,NONE,Return scheduling requirement; exposure is not mastery.
REC-A1-001820,SENSE,SENSE-A1-000537,A1-M05-I05-S2,SECOND_RETURN,A1-M06-I05-S1,CROSS_MODULE,PRESERVE_TARGET_MODE_POLICY,REQUIRED,CONTEXTUAL_OR_FUNCTION_BOUND,NONE,Return scheduling requirement; exposure is not mastery.
REC-A1-001821,SENSE,SENSE-A1-000537,A1-M05-I05-S2,THIRD_RETURN,A1-M06-I05-S3,CROSS_MODULE,PRESERVE_TARGET_MODE_POLICY,REQUIRED,CONTEXTUAL_OR_FUNCTION_BOUND,NONE,Return scheduling requirement; exposure is not mastery.
REC-A1-001822,SENSE,SENSE-A1-000566,A1-M05-I05-S2,FIRST_RETURN,A1-M05-I05-S3,SAME_ISLAND,PRESERVE_TARGET_MODE_POLICY,REQUIRED,CONTEXTUAL_OR_FUNCTION_BOUND,NONE,Return scheduling requirement; exposure is not mastery.
REC-A1-001823,SENSE,SENSE-A1-000566,A1-M05-I05-S2,SECOND_RETURN,A1-M06-I05-S1,CROSS_MODULE,PRESERVE_TARGET_MODE_POLICY,REQUIRED,CONTEXTUAL_OR_FUNCTION_BOUND,NONE,Return scheduling requirement; exposure is not mastery.
REC-A1-001824,SENSE,SENSE-A1-000566,A1-M05-I05-S2,THIRD_RETURN,A1-M06-I05-S3,CROSS_MODULE,PRESERVE_TARGET_MODE_POLICY,REQUIRED,CONTEXTUAL_OR_FUNCTION_BOUND,NONE,Return scheduling requirement; exposure is not mastery.
REC-A1-001825,SENSE,SENSE-A1-000595,A1-M05-I05-S2,FIRST_RETURN,A1-M05-I05-S3,SAME_ISLAND,PRESERVE_TARGET_MODE_POLICY,REQUIRED,CONTEXTUAL_OR_FUNCTION_BOUND,NONE,Return scheduling requirement; exposure is not mastery.
REC-A1-001826,SENSE,SENSE-A1-000595,A1-M05-I05-S2,SECOND_RETURN,A1-M06-I05-S1,CROSS_MODULE,PRESERVE_TARGET_MODE_POLICY,REQUIRED,CONTEXTUAL_OR_FUNCTION_BOUND,NONE,Return scheduling requirement; exposure is not mastery.
REC-A1-001827,SENSE,SENSE-A1-000595,A1-M05-I05-S2,THIRD_RETURN,A1-M06-I05-S3,CROSS_MODULE,PRESERVE_TARGET_MODE_POLICY,REQUIRED,CONTEXTUAL_OR_FUNCTION_BOUND,NONE,Return scheduling requirement; exposure is not mastery.
REC-A1-001828,MWU_SOURCE_UNIT,12B1-MWU-0016,A1-M05-I05-S2,FIRST_RETURN,A1-M05-I05-S3,SAME_ISLAND,PRESERVE_TARGET_MODE_POLICY,REQUIRED,CONTEXTUAL_OR_FUNCTION_BOUND,NONE,Return scheduling requirement; exposure is not mastery.
REC-A1-001829,MWU_SOURCE_UNIT,12B1-MWU-0016,A1-M05-I05-S2,SECOND_RETURN,A1-M06-I05-S1,CROSS_MODULE,PRESERVE_TARGET_MODE_POLICY,REQUIRED,CONTEXTUAL_OR_FUNCTION_BOUND,NONE,Return scheduling requirement; exposure is not mastery.
REC-A1-001830,MWU_SOURCE_UNIT,12B1-MWU-0016,A1-M05-I05-S2,THIRD_RETURN,A1-M06-I05-S3,CROSS_MODULE,PRESERVE_TARGET_MODE_POLICY,REQUIRED,CONTEXTUAL_OR_FUNCTION_BOUND,NONE,Return scheduling requirement; exposure is not mastery.
REC-A1-001831,MWU_SOURCE_UNIT,12B1-MWU-0017,A1-M05-I05-S2,FIRST_RETURN,A1-M05-I05-S3,SAME_ISLAND,PRESERVE_TARGET_MODE_POLICY,REQUIRED,CONTEXTUAL_OR_FUNCTION_BOUND,NONE,Return scheduling requirement; exposure is not mastery.
REC-A1-001832,MWU_SOURCE_UNIT,12B1-MWU-0017,A1-M05-I05-S2,SECOND_RETURN,A1-M06-I05-S1,CROSS_MODULE,PRESERVE_TARGET_MODE_POLICY,REQUIRED,CONTEXTUAL_OR_FUNCTION_BOUND,NONE,Return scheduling requirement; exposure is not mastery.
REC-A1-001833,MWU_SOURCE_UNIT,12B1-MWU-0017,A1-M05-I05-S2,THIRD_RETURN,A1-M06-I05-S3,CROSS_MODULE,PRESERVE_TARGET_MODE_POLICY,REQUIRED,CONTEXTUAL_OR_FUNCTION_BOUND,NONE,Return scheduling requirement; exposure is not mastery.
REC-A1-001834,MWU_SOURCE_UNIT,12B1-MWU-0044,A1-M05-I05-S2,FIRST_RETURN,A1-M05-I05-S3,SAME_ISLAND,PRESERVE_TARGET_MODE_POLICY,REQUIRED,CONTEXTUAL_OR_FUNCTION_BOUND,NONE,Return scheduling requirement; exposure is not mastery.
REC-A1-001835,MWU_SOURCE_UNIT,12B1-MWU-0044,A1-M05-I05-S2,SECOND_RETURN,A1-M06-I05-S1,CROSS_MODULE,PRESERVE_TARGET_MODE_POLICY,REQUIRED,CONTEXTUAL_OR_FUNCTION_BOUND,NONE,Return scheduling requirement; exposure is not mastery.
REC-A1-001836,MWU_SOURCE_UNIT,12B1-MWU-0044,A1-M05-I05-S2,THIRD_RETURN,A1-M06-I05-S3,CROSS_MODULE,PRESERVE_TARGET_MODE_POLICY,REQUIRED,CONTEXTUAL_OR_FUNCTION_BOUND,NONE,Return scheduling requirement; exposure is not mastery.
REC-A1-001837,MWU_SOURCE_UNIT,12B1-MWU-0045,A1-M05-I05-S2,FIRST_RETURN,A1-M05-I05-S3,SAME_ISLAND,PRESERVE_TARGET_MODE_POLICY,REQUIRED,CONTEXTUAL_OR_FUNCTION_BOUND,NONE,Return scheduling requirement; exposure is not mastery.
REC-A1-001838,MWU_SOURCE_UNIT,12B1-MWU-0045,A1-M05-I05-S2,SECOND_RETURN,A1-M06-I05-S1,CROSS_MODULE,PRESERVE_TARGET_MODE_POLICY,REQUIRED,CONTEXTUAL_OR_FUNCTION_BOUND,NONE,Return scheduling requirement; exposure is not mastery.
REC-A1-001839,MWU_SOURCE_UNIT,12B1-MWU-0045,A1-M05-I05-S2,THIRD_RETURN,A1-M06-I05-S3,CROSS_MODULE,PRESERVE_TARGET_MODE_POLICY,REQUIRED,CONTEXTUAL_OR_FUNCTION_BOUND,NONE,Return scheduling requirement; exposure is not mastery.
REC-A1-001840,MWU_SOURCE_UNIT,12B1-MWU-0048,A1-M05-I05-S2,FIRST_RETURN,A1-M05-I05-S3,SAME_ISLAND,PRESERVE_TARGET_MODE_POLICY,REQUIRED,CONTEXTUAL_OR_FUNCTION_BOUND,NONE,Return scheduling requirement; exposure is not mastery.
REC-A1-001841,MWU_SOURCE_UNIT,12B1-MWU-0048,A1-M05-I05-S2,SECOND_RETURN,A1-M06-I05-S1,CROSS_MODULE,PRESERVE_TARGET_MODE_POLICY,REQUIRED,CONTEXTUAL_OR_FUNCTION_BOUND,NONE,Return scheduling requirement; exposure is not mastery.
REC-A1-001842,MWU_SOURCE_UNIT,12B1-MWU-0048,A1-M05-I05-S2,THIRD_RETURN,A1-M06-I05-S3,CROSS_MODULE,PRESERVE_TARGET_MODE_POLICY,REQUIRED,CONTEXTUAL_OR_FUNCTION_BOUND,NONE,Return scheduling requirement; exposure is not mastery.
REC-A1-001843,SENSE,SENSE-A1-000066,A1-M05-I05-S3,FIRST_RETURN,A1-M06-I05-S1,CROSS_MODULE,PRESERVE_TARGET_MODE_POLICY,REQUIRED,CONTEXTUAL_OR_FUNCTION_BOUND,NONE,Return scheduling requirement; exposure is not mastery.
REC-A1-001844,SENSE,SENSE-A1-000066,A1-M05-I05-S3,SECOND_RETURN,A1-M06-I05-S2,CROSS_MODULE,PRESERVE_TARGET_MODE_POLICY,REQUIRED,CONTEXTUAL_OR_FUNCTION_BOUND,NONE,Return scheduling requirement; exposure is not mastery.
REC-A1-001845,SENSE,SENSE-A1-000066,A1-M05-I05-S3,THIRD_RETURN,A1-M07-I05-S1,CROSS_MODULE,PRESERVE_TARGET_MODE_POLICY,REQUIRED,CONTEXTUAL_OR_FUNCTION_BOUND,NONE,Return scheduling requirement; exposure is not mastery.
REC-A1-001846,SENSE,SENSE-A1-000099,A1-M05-I05-S3,FIRST_RETURN,A1-M06-I05-S1,CROSS_MODULE,PRESERVE_TARGET_MODE_POLICY,REQUIRED,CONTEXTUAL_OR_FUNCTION_BOUND,NONE,Return scheduling requirement; exposure is not mastery.
REC-A1-001847,SENSE,SENSE-A1-000099,A1-M05-I05-S3,SECOND_RETURN,A1-M06-I05-S2,CROSS_MODULE,PRESERVE_TARGET_MODE_POLICY,REQUIRED,CONTEXTUAL_OR_FUNCTION_BOUND,NONE,Return scheduling requirement; exposure is not mastery.
REC-A1-001848,SENSE,SENSE-A1-000099,A1-M05-I05-S3,THIRD_RETURN,A1-M07-I05-S1,CROSS_MODULE,PRESERVE_TARGET_MODE_POLICY,REQUIRED,CONTEXTUAL_OR_FUNCTION_BOUND,NONE,Return scheduling requirement; exposure is not mastery.
REC-A1-001849,SENSE,SENSE-A1-000112,A1-M05-I05-S3,FIRST_RETURN,A1-M06-I05-S1,CROSS_MODULE,PRESERVE_TARGET_MODE_POLICY,REQUIRED,CONTEXTUAL_OR_FUNCTION_BOUND,NONE,Return scheduling requirement; exposure is not mastery.
REC-A1-001850,SENSE,SENSE-A1-000112,A1-M05-I05-S3,SECOND_RETURN,A1-M06-I05-S2,CROSS_MODULE,PRESERVE_TARGET_MODE_POLICY,REQUIRED,CONTEXTUAL_OR_FUNCTION_BOUND,NONE,Return scheduling requirement; exposure is not mastery.
REC-A1-001851,SENSE,SENSE-A1-000112,A1-M05-I05-S3,THIRD_RETURN,A1-M07-I05-S1,CROSS_MODULE,PRESERVE_TARGET_MODE_POLICY,REQUIRED,CONTEXTUAL_OR_FUNCTION_BOUND,NONE,Return scheduling requirement; exposure is not mastery.
REC-A1-001852,SENSE,SENSE-A1-000123,A1-M05-I05-S3,FIRST_RETURN,A1-M06-I05-S1,CROSS_MODULE,PRESERVE_TARGET_MODE_POLICY,REQUIRED,TARGET_PROFILE_ONLY,NONE,Return scheduling requirement; exposure is not mastery.
REC-A1-001853,SENSE,SENSE-A1-000123,A1-M05-I05-S3,SECOND_RETURN,A1-M06-I05-S2,CROSS_MODULE,PRESERVE_TARGET_MODE_POLICY,REQUIRED,TARGET_PROFILE_ONLY,NONE,Return scheduling requirement; exposure is not mastery.
REC-A1-001854,SENSE,SENSE-A1-000123,A1-M05-I05-S3,THIRD_RETURN,A1-M07-I05-S1,CROSS_MODULE,PRESERVE_TARGET_MODE_POLICY,REQUIRED,TARGET_PROFILE_ONLY,NONE,Return scheduling requirement; exposure is not mastery.
REC-A1-001855,SENSE,SENSE-A1-000124,A1-M05-I05-S3,FIRST_RETURN,A1-M06-I05-S1,CROSS_MODULE,PRESERVE_TARGET_MODE_POLICY,REQUIRED,CONTEXTUAL_OR_FUNCTION_BOUND,NONE,Return scheduling requirement; exposure is not mastery.
REC-A1-001856,SENSE,SENSE-A1-000124,A1-M05-I05-S3,SECOND_RETURN,A1-M06-I05-S2,CROSS_MODULE,PRESERVE_TARGET_MODE_POLICY,REQUIRED,CONTEXTUAL_OR_FUNCTION_BOUND,NONE,Return scheduling requirement; exposure is not mastery.
REC-A1-001857,SENSE,SENSE-A1-000124,A1-M05-I05-S3,THIRD_RETURN,A1-M07-I05-S1,CROSS_MODULE,PRESERVE_TARGET_MODE_POLICY,REQUIRED,CONTEXTUAL_OR_FUNCTION_BOUND,NONE,Return scheduling requirement; exposure is not mastery.
REC-A1-001858,SENSE,SENSE-A1-000166,A1-M05-I05-S3,FIRST_RETURN,A1-M06-I05-S1,CROSS_MODULE,PRESERVE_TARGET_MODE_POLICY,REQUIRED,CONTEXTUAL_OR_FUNCTION_BOUND,NONE,Return scheduling requirement; exposure is not mastery.
REC-A1-001859,SENSE,SENSE-A1-000166,A1-M05-I05-S3,SECOND_RETURN,A1-M06-I05-S2,CROSS_MODULE,PRESERVE_TARGET_MODE_POLICY,REQUIRED,CONTEXTUAL_OR_FUNCTION_BOUND,NONE,Return scheduling requirement; exposure is not mastery.
REC-A1-001860,SENSE,SENSE-A1-000166,A1-M05-I05-S3,THIRD_RETURN,A1-M07-I05-S1,CROSS_MODULE,PRESERVE_TARGET_MODE_POLICY,REQUIRED,CONTEXTUAL_OR_FUNCTION_BOUND,NONE,Return scheduling requirement; exposure is not mastery.
REC-A1-001861,SENSE,SENSE-A1-000167,A1-M05-I05-S3,FIRST_RETURN,A1-M06-I05-S1,CROSS_MODULE,PRESERVE_TARGET_MODE_POLICY,REQUIRED,CONTEXTUAL_OR_FUNCTION_BOUND,NONE,Return scheduling requirement; exposure is not mastery.
REC-A1-001862,SENSE,SENSE-A1-000167,A1-M05-I05-S3,SECOND_RETURN,A1-M06-I05-S2,CROSS_MODULE,PRESERVE_TARGET_MODE_POLICY,REQUIRED,CONTEXTUAL_OR_FUNCTION_BOUND,NONE,Return scheduling requirement; exposure is not mastery.
REC-A1-001863,SENSE,SENSE-A1-000167,A1-M05-I05-S3,THIRD_RETURN,A1-M07-I05-S1,CROSS_MODULE,PRESERVE_TARGET_MODE_POLICY,REQUIRED,CONTEXTUAL_OR_FUNCTION_BOUND,NONE,Return scheduling requirement; exposure is not mastery.
REC-A1-001864,SENSE,SENSE-A1-000177,A1-M05-I05-S3,FIRST_RETURN,A1-M06-I05-S1,CROSS_MODULE,PRESERVE_TARGET_MODE_POLICY,REQUIRED,CONTEXTUAL_OR_FUNCTION_BOUND,NONE,Return scheduling requirement; exposure is not mastery.
REC-A1-001865,SENSE,SENSE-A1-000177,A1-M05-I05-S3,SECOND_RETURN,A1-M06-I05-S2,CROSS_MODULE,PRESERVE_TARGET_MODE_POLICY,REQUIRED,CONTEXTUAL_OR_FUNCTION_BOUND,NONE,Return scheduling requirement; exposure is not mastery.
REC-A1-001866,SENSE,SENSE-A1-000177,A1-M05-I05-S3,THIRD_RETURN,A1-M07-I05-S1,CROSS_MODULE,PRESERVE_TARGET_MODE_POLICY,REQUIRED,CONTEXTUAL_OR_FUNCTION_BOUND,NONE,Return scheduling requirement; exposure is not mastery.
REC-A1-001867,SENSE,SENSE-A1-000193,A1-M05-I05-S3,FIRST_RETURN,A1-M06-I05-S1,CROSS_MODULE,PRESERVE_TARGET_MODE_POLICY,REQUIRED,CONTEXTUAL_OR_FUNCTION_BOUND,NONE,Return scheduling requirement; exposure is not mastery.
REC-A1-001868,SENSE,SENSE-A1-000193,A1-M05-I05-S3,SECOND_RETURN,A1-M06-I05-S2,CROSS_MODULE,PRESERVE_TARGET_MODE_POLICY,REQUIRED,CONTEXTUAL_OR_FUNCTION_BOUND,NONE,Return scheduling requirement; exposure is not mastery.
REC-A1-001869,SENSE,SENSE-A1-000193,A1-M05-I05-S3,THIRD_RETURN,A1-M07-I05-S1,CROSS_MODULE,PRESERVE_TARGET_MODE_POLICY,REQUIRED,CONTEXTUAL_OR_FUNCTION_BOUND,NONE,Return scheduling requirement; exposure is not mastery.
REC-A1-001870,SENSE,SENSE-A1-000244,A1-M05-I05-S3,FIRST_RETURN,A1-M06-I05-S1,CROSS_MODULE,PRESERVE_TARGET_MODE_POLICY,REQUIRED,CONTEXTUAL_OR_FUNCTION_BOUND,NONE,Return scheduling requirement; exposure is not mastery.
REC-A1-001871,SENSE,SENSE-A1-000244,A1-M05-I05-S3,SECOND_RETURN,A1-M06-I05-S2,CROSS_MODULE,PRESERVE_TARGET_MODE_POLICY,REQUIRED,CONTEXTUAL_OR_FUNCTION_BOUND,NONE,Return scheduling requirement; exposure is not mastery.
REC-A1-001872,SENSE,SENSE-A1-000244,A1-M05-I05-S3,THIRD_RETURN,A1-M07-I05-S1,CROSS_MODULE,PRESERVE_TARGET_MODE_POLICY,REQUIRED,CONTEXTUAL_OR_FUNCTION_BOUND,NONE,Return scheduling requirement; exposure is not mastery.
REC-A1-001873,SENSE,SENSE-A1-000425,A1-M05-I05-S3,FIRST_RETURN,A1-M06-I05-S1,CROSS_MODULE,PRESERVE_TARGET_MODE_POLICY,REQUIRED,CONTEXTUAL_OR_FUNCTION_BOUND,NONE,Return scheduling requirement; exposure is not mastery.
REC-A1-001874,SENSE,SENSE-A1-000425,A1-M05-I05-S3,SECOND_RETURN,A1-M06-I05-S2,CROSS_MODULE,PRESERVE_TARGET_MODE_POLICY,REQUIRED,CONTEXTUAL_OR_FUNCTION_BOUND,NONE,Return scheduling requirement; exposure is not mastery.
REC-A1-001875,SENSE,SENSE-A1-000425,A1-M05-I05-S3,THIRD_RETURN,A1-M07-I05-S1,CROSS_MODULE,PRESERVE_TARGET_MODE_POLICY,REQUIRED,CONTEXTUAL_OR_FUNCTION_BOUND,NONE,Return scheduling requirement; exposure is not mastery.
REC-A1-001876,SENSE,SENSE-A1-000466,A1-M05-I05-S3,FIRST_RETURN,A1-M06-I05-S1,CROSS_MODULE,PRESERVE_TARGET_MODE_POLICY,REQUIRED,CONTEXTUAL_OR_FUNCTION_BOUND,NONE,Return scheduling requirement; exposure is not mastery.
REC-A1-001877,SENSE,SENSE-A1-000466,A1-M05-I05-S3,SECOND_RETURN,A1-M06-I05-S2,CROSS_MODULE,PRESERVE_TARGET_MODE_POLICY,REQUIRED,CONTEXTUAL_OR_FUNCTION_BOUND,NONE,Return scheduling requirement; exposure is not mastery.
REC-A1-001878,SENSE,SENSE-A1-000466,A1-M05-I05-S3,THIRD_RETURN,A1-M07-I05-S1,CROSS_MODULE,PRESERVE_TARGET_MODE_POLICY,REQUIRED,CONTEXTUAL_OR_FUNCTION_BOUND,NONE,Return scheduling requirement; exposure is not mastery.
REC-A1-001879,SENSE,SENSE-A1-000545,A1-M05-I05-S3,FIRST_RETURN,A1-M06-I05-S1,CROSS_MODULE,PRESERVE_TARGET_MODE_POLICY,REQUIRED,CONTEXTUAL_OR_FUNCTION_BOUND,NONE,Return scheduling requirement; exposure is not mastery.
REC-A1-001880,SENSE,SENSE-A1-000545,A1-M05-I05-S3,SECOND_RETURN,A1-M06-I05-S2,CROSS_MODULE,PRESERVE_TARGET_MODE_POLICY,REQUIRED,CONTEXTUAL_OR_FUNCTION_BOUND,NONE,Return scheduling requirement; exposure is not mastery.
REC-A1-001881,SENSE,SENSE-A1-000545,A1-M05-I05-S3,THIRD_RETURN,A1-M07-I05-S1,CROSS_MODULE,PRESERVE_TARGET_MODE_POLICY,REQUIRED,CONTEXTUAL_OR_FUNCTION_BOUND,NONE,Return scheduling requirement; exposure is not mastery.
REC-A1-001882,SENSE,SENSE-A1-000546,A1-M05-I05-S3,FIRST_RETURN,A1-M06-I05-S1,CROSS_MODULE,PRESERVE_TARGET_MODE_POLICY,REQUIRED,CONTEXTUAL_OR_FUNCTION_BOUND,NONE,Return scheduling requirement; exposure is not mastery.
REC-A1-001883,SENSE,SENSE-A1-000546,A1-M05-I05-S3,SECOND_RETURN,A1-M06-I05-S2,CROSS_MODULE,PRESERVE_TARGET_MODE_POLICY,REQUIRED,CONTEXTUAL_OR_FUNCTION_BOUND,NONE,Return scheduling requirement; exposure is not mastery.
REC-A1-001884,SENSE,SENSE-A1-000546,A1-M05-I05-S3,THIRD_RETURN,A1-M07-I05-S1,CROSS_MODULE,PRESERVE_TARGET_MODE_POLICY,REQUIRED,CONTEXTUAL_OR_FUNCTION_BOUND,NONE,Return scheduling requirement; exposure is not mastery.
REC-A1-001885,GRAMMAR_UNIT,GRAM-A1-016,A1-M05-I05-S3,FIRST_RETURN,A1-M06-I05-S1,CROSS_MODULE,PRESERVE_TARGET_MODE_POLICY,REQUIRED,FUNCTION_OR_TASK_BOUND,NONE,Return scheduling requirement; exposure is not mastery.
REC-A1-001886,GRAMMAR_UNIT,GRAM-A1-016,A1-M05-I05-S3,SECOND_RETURN,A1-M06-I05-S2,CROSS_MODULE,PRESERVE_TARGET_MODE_POLICY,REQUIRED,FUNCTION_OR_TASK_BOUND,NONE,Return scheduling requirement; exposure is not mastery.
REC-A1-001887,GRAMMAR_UNIT,GRAM-A1-016,A1-M05-I05-S3,THIRD_RETURN,A1-M07-I05-S1,CROSS_MODULE,PRESERVE_TARGET_MODE_POLICY,REQUIRED,FUNCTION_OR_TASK_BOUND,NONE,Return scheduling requirement; exposure is not mastery.
REC-A1-001888,GRAMMAR_UNIT,GRAM-A1-065,A1-M05-I05-S3,FIRST_RETURN,A1-M06-I05-S1,CROSS_MODULE,PRESERVE_TARGET_MODE_POLICY,REQUIRED,FUNCTION_OR_TASK_BOUND,NONE,Return scheduling requirement; exposure is not mastery.
REC-A1-001889,GRAMMAR_UNIT,GRAM-A1-065,A1-M05-I05-S3,SECOND_RETURN,A1-M06-I05-S2,CROSS_MODULE,PRESERVE_TARGET_MODE_POLICY,REQUIRED,FUNCTION_OR_TASK_BOUND,NONE,Return scheduling requirement; exposure is not mastery.
REC-A1-001890,GRAMMAR_UNIT,GRAM-A1-065,A1-M05-I05-S3,THIRD_RETURN,A1-M07-I05-S1,CROSS_MODULE,PRESERVE_TARGET_MODE_POLICY,REQUIRED,FUNCTION_OR_TASK_BOUND,NONE,Return scheduling requirement; exposure is not mastery.
REC-A1-001891,GRAMMAR_UNIT,GRAM-A1-091,A1-M05-I05-S3,FIRST_RETURN,A1-M06-I05-S1,CROSS_MODULE,PRESERVE_TARGET_MODE_POLICY,REQUIRED,FUNCTION_OR_TASK_BOUND,NONE,Return scheduling requirement; exposure is not mastery.
REC-A1-001892,GRAMMAR_UNIT,GRAM-A1-091,A1-M05-I05-S3,SECOND_RETURN,A1-M06-I05-S2,CROSS_MODULE,PRESERVE_TARGET_MODE_POLICY,REQUIRED,FUNCTION_OR_TASK_BOUND,NONE,Return scheduling requirement; exposure is not mastery.
REC-A1-001893,GRAMMAR_UNIT,GRAM-A1-091,A1-M05-I05-S3,THIRD_RETURN,A1-M07-I05-S1,CROSS_MODULE,PRESERVE_TARGET_MODE_POLICY,REQUIRED,FUNCTION_OR_TASK_BOUND,NONE,Return scheduling requirement; exposure is not mastery.
REC-A1-001894,MWU_SOURCE_UNIT,12B1-MWU-0009,A1-M05-I05-S3,FIRST_RETURN,A1-M06-I05-S1,CROSS_MODULE,PRESERVE_TARGET_MODE_POLICY,REQUIRED,CONTEXTUAL_OR_FUNCTION_BOUND,NONE,Return scheduling requirement; exposure is not mastery.
REC-A1-001895,MWU_SOURCE_UNIT,12B1-MWU-0009,A1-M05-I05-S3,SECOND_RETURN,A1-M06-I05-S2,CROSS_MODULE,PRESERVE_TARGET_MODE_POLICY,REQUIRED,CONTEXTUAL_OR_FUNCTION_BOUND,NONE,Return scheduling requirement; exposure is not mastery.
REC-A1-001896,MWU_SOURCE_UNIT,12B1-MWU-0009,A1-M05-I05-S3,THIRD_RETURN,A1-M07-I05-S1,CROSS_MODULE,PRESERVE_TARGET_MODE_POLICY,REQUIRED,CONTEXTUAL_OR_FUNCTION_BOUND,NONE,Return scheduling requirement; exposure is not mastery.
REC-A1-001897,MWU_SOURCE_UNIT,12B1-MWU-0090,A1-M05-I05-S3,FIRST_RETURN,A1-M06-I05-S1,CROSS_MODULE,PRESERVE_TARGET_MODE_POLICY,REQUIRED,CONTEXTUAL_OR_FUNCTION_BOUND,NONE,Return scheduling requirement; exposure is not mastery.
REC-A1-001898,MWU_SOURCE_UNIT,12B1-MWU-0090,A1-M05-I05-S3,SECOND_RETURN,A1-M06-I05-S2,CROSS_MODULE,PRESERVE_TARGET_MODE_POLICY,REQUIRED,CONTEXTUAL_OR_FUNCTION_BOUND,NONE,Return scheduling requirement; exposure is not mastery.
REC-A1-001899,MWU_SOURCE_UNIT,12B1-MWU-0090,A1-M05-I05-S3,THIRD_RETURN,A1-M07-I05-S1,CROSS_MODULE,PRESERVE_TARGET_MODE_POLICY,REQUIRED,CONTEXTUAL_OR_FUNCTION_BOUND,NONE,Return scheduling requirement; exposure is not mastery.
REC-A1-001900,MWU_SOURCE_UNIT,12B1-MWU-0091,A1-M05-I05-S3,FIRST_RETURN,A1-M06-I05-S1,CROSS_MODULE,PRESERVE_TARGET_MODE_POLICY,REQUIRED,CONTEXTUAL_OR_FUNCTION_BOUND,NONE,Return scheduling requirement; exposure is not mastery.
REC-A1-001901,MWU_SOURCE_UNIT,12B1-MWU-0091,A1-M05-I05-S3,SECOND_RETURN,A1-M06-I05-S2,CROSS_MODULE,PRESERVE_TARGET_MODE_POLICY,REQUIRED,CONTEXTUAL_OR_FUNCTION_BOUND,NONE,Return scheduling requirement; exposure is not mastery.
REC-A1-001902,MWU_SOURCE_UNIT,12B1-MWU-0091,A1-M05-I05-S3,THIRD_RETURN,A1-M07-I05-S1,CROSS_MODULE,PRESERVE_TARGET_MODE_POLICY,REQUIRED,CONTEXTUAL_OR_FUNCTION_BOUND,NONE,Return scheduling requirement; exposure is not mastery.
REC-A1-001903,SENSE,SENSE-A1-000036,A1-M05-I05-S3,FIRST_RETURN,A1-M06-I05-S1,CROSS_MODULE,PRESERVE_TARGET_MODE_POLICY,REQUIRED,CONTEXTUAL_OR_FUNCTION_BOUND,NONE,Return scheduling requirement; exposure is not mastery.
REC-A1-001904,SENSE,SENSE-A1-000036,A1-M05-I05-S3,SECOND_RETURN,A1-M06-I05-S2,CROSS_MODULE,PRESERVE_TARGET_MODE_POLICY,REQUIRED,CONTEXTUAL_OR_FUNCTION_BOUND,NONE,Return scheduling requirement; exposure is not mastery.
REC-A1-001905,SENSE,SENSE-A1-000036,A1-M05-I05-S3,THIRD_RETURN,A1-M07-I05-S1,CROSS_MODULE,PRESERVE_TARGET_MODE_POLICY,REQUIRED,CONTEXTUAL_OR_FUNCTION_BOUND,NONE,Return scheduling requirement; exposure is not mastery.
REC-A1-001906,SENSE,SENSE-A1-000058,A1-M05-I05-S3,FIRST_RETURN,A1-M06-I05-S1,CROSS_MODULE,PRESERVE_TARGET_MODE_POLICY,REQUIRED,CONTEXTUAL_OR_FUNCTION_BOUND,NONE,Return scheduling requirement; exposure is not mastery.
REC-A1-001907,SENSE,SENSE-A1-000058,A1-M05-I05-S3,SECOND_RETURN,A1-M06-I05-S2,CROSS_MODULE,PRESERVE_TARGET_MODE_POLICY,REQUIRED,CONTEXTUAL_OR_FUNCTION_BOUND,NONE,Return scheduling requirement; exposure is not mastery.
REC-A1-001908,SENSE,SENSE-A1-000058,A1-M05-I05-S3,THIRD_RETURN,A1-M07-I05-S1,CROSS_MODULE,PRESERVE_TARGET_MODE_POLICY,REQUIRED,CONTEXTUAL_OR_FUNCTION_BOUND,NONE,Return scheduling requirement; exposure is not mastery.
REC-A1-001909,SENSE,SENSE-A1-000076,A1-M05-I05-S3,FIRST_RETURN,A1-M06-I05-S1,CROSS_MODULE,PRESERVE_TARGET_MODE_POLICY,REQUIRED,CONTEXTUAL_OR_FUNCTION_BOUND,NONE,Return scheduling requirement; exposure is not mastery.
REC-A1-001910,SENSE,SENSE-A1-000076,A1-M05-I05-S3,SECOND_RETURN,A1-M06-I05-S2,CROSS_MODULE,PRESERVE_TARGET_MODE_POLICY,REQUIRED,CONTEXTUAL_OR_FUNCTION_BOUND,NONE,Return scheduling requirement; exposure is not mastery.
REC-A1-001911,SENSE,SENSE-A1-000076,A1-M05-I05-S3,THIRD_RETURN,A1-M07-I05-S1,CROSS_MODULE,PRESERVE_TARGET_MODE_POLICY,REQUIRED,CONTEXTUAL_OR_FUNCTION_BOUND,NONE,Return scheduling requirement; exposure is not mastery.
REC-A1-001912,SENSE,SENSE-A1-000080,A1-M05-I05-S3,FIRST_RETURN,A1-M06-I05-S1,CROSS_MODULE,PRESERVE_TARGET_MODE_POLICY,REQUIRED,CONTEXTUAL_OR_FUNCTION_BOUND,NONE,Return scheduling requirement; exposure is not mastery.
REC-A1-001913,SENSE,SENSE-A1-000080,A1-M05-I05-S3,SECOND_RETURN,A1-M06-I05-S2,CROSS_MODULE,PRESERVE_TARGET_MODE_POLICY,REQUIRED,CONTEXTUAL_OR_FUNCTION_BOUND,NONE,Return scheduling requirement; exposure is not mastery.
REC-A1-001914,SENSE,SENSE-A1-000080,A1-M05-I05-S3,THIRD_RETURN,A1-M07-I05-S1,CROSS_MODULE,PRESERVE_TARGET_MODE_POLICY,REQUIRED,CONTEXTUAL_OR_FUNCTION_BOUND,NONE,Return scheduling requirement; exposure is not mastery.
REC-A1-001915,SENSE,SENSE-A1-000100,A1-M05-I05-S3,FIRST_RETURN,A1-M06-I05-S1,CROSS_MODULE,PRESERVE_TARGET_MODE_POLICY,REQUIRED,CONTEXTUAL_OR_FUNCTION_BOUND,NONE,Return scheduling requirement; exposure is not mastery.
REC-A1-001916,SENSE,SENSE-A1-000100,A1-M05-I05-S3,SECOND_RETURN,A1-M06-I05-S2,CROSS_MODULE,PRESERVE_TARGET_MODE_POLICY,REQUIRED,CONTEXTUAL_OR_FUNCTION_BOUND,NONE,Return scheduling requirement; exposure is not mastery.
REC-A1-001917,SENSE,SENSE-A1-000100,A1-M05-I05-S3,THIRD_RETURN,A1-M07-I05-S1,CROSS_MODULE,PRESERVE_TARGET_MODE_POLICY,REQUIRED,CONTEXTUAL_OR_FUNCTION_BOUND,NONE,Return scheduling requirement; exposure is not mastery.
REC-A1-001918,SENSE,SENSE-A1-000116,A1-M05-I05-S3,FIRST_RETURN,A1-M06-I05-S1,CROSS_MODULE,PRESERVE_TARGET_MODE_POLICY,REQUIRED,CONTEXTUAL_OR_FUNCTION_BOUND,NONE,Return scheduling requirement; exposure is not mastery.
REC-A1-001919,SENSE,SENSE-A1-000116,A1-M05-I05-S3,SECOND_RETURN,A1-M06-I05-S2,CROSS_MODULE,PRESERVE_TARGET_MODE_POLICY,REQUIRED,CONTEXTUAL_OR_FUNCTION_BOUND,NONE,Return scheduling requirement; exposure is not mastery.
REC-A1-001920,SENSE,SENSE-A1-000116,A1-M05-I05-S3,THIRD_RETURN,A1-M07-I05-S1,CROSS_MODULE,PRESERVE_TARGET_MODE_POLICY,REQUIRED,CONTEXTUAL_OR_FUNCTION_BOUND,NONE,Return scheduling requirement; exposure is not mastery.
REC-A1-001921,SENSE,SENSE-A1-000128,A1-M05-I05-S3,FIRST_RETURN,A1-M06-I05-S1,CROSS_MODULE,PRESERVE_TARGET_MODE_POLICY,REQUIRED,CONTEXTUAL_OR_FUNCTION_BOUND,NONE,Return scheduling requirement; exposure is not mastery.
REC-A1-001922,SENSE,SENSE-A1-000128,A1-M05-I05-S3,SECOND_RETURN,A1-M06-I05-S2,CROSS_MODULE,PRESERVE_TARGET_MODE_POLICY,REQUIRED,CONTEXTUAL_OR_FUNCTION_BOUND,NONE,Return scheduling requirement; exposure is not mastery.
REC-A1-001923,SENSE,SENSE-A1-000128,A1-M05-I05-S3,THIRD_RETURN,A1-M07-I05-S1,CROSS_MODULE,PRESERVE_TARGET_MODE_POLICY,REQUIRED,CONTEXTUAL_OR_FUNCTION_BOUND,NONE,Return scheduling requirement; exposure is not mastery.
REC-A1-001924,SENSE,SENSE-A1-000148,A1-M05-I05-S3,FIRST_RETURN,A1-M06-I05-S1,CROSS_MODULE,PRESERVE_TARGET_MODE_POLICY,REQUIRED,CONTEXTUAL_OR_FUNCTION_BOUND,NONE,Return scheduling requirement; exposure is not mastery.
REC-A1-001925,SENSE,SENSE-A1-000148,A1-M05-I05-S3,SECOND_RETURN,A1-M06-I05-S2,CROSS_MODULE,PRESERVE_TARGET_MODE_POLICY,REQUIRED,CONTEXTUAL_OR_FUNCTION_BOUND,NONE,Return scheduling requirement; exposure is not mastery.
REC-A1-001926,SENSE,SENSE-A1-000148,A1-M05-I05-S3,THIRD_RETURN,A1-M07-I05-S1,CROSS_MODULE,PRESERVE_TARGET_MODE_POLICY,REQUIRED,CONTEXTUAL_OR_FUNCTION_BOUND,NONE,Return scheduling requirement; exposure is not mastery.
REC-A1-001927,SENSE,SENSE-A1-000153,A1-M05-I05-S3,FIRST_RETURN,A1-M06-I05-S1,CROSS_MODULE,PRESERVE_TARGET_MODE_POLICY,REQUIRED,CONTEXTUAL_OR_FUNCTION_BOUND,NONE,Return scheduling requirement; exposure is not mastery.
REC-A1-001928,SENSE,SENSE-A1-000153,A1-M05-I05-S3,SECOND_RETURN,A1-M06-I05-S2,CROSS_MODULE,PRESERVE_TARGET_MODE_POLICY,REQUIRED,CONTEXTUAL_OR_FUNCTION_BOUND,NONE,Return scheduling requirement; exposure is not mastery.
REC-A1-001929,SENSE,SENSE-A1-000153,A1-M05-I05-S3,THIRD_RETURN,A1-M07-I05-S1,CROSS_MODULE,PRESERVE_TARGET_MODE_POLICY,REQUIRED,CONTEXTUAL_OR_FUNCTION_BOUND,NONE,Return scheduling requirement; exposure is not mastery.
REC-A1-001930,SENSE,SENSE-A1-000251,A1-M05-I05-S3,FIRST_RETURN,A1-M06-I05-S1,CROSS_MODULE,PRESERVE_TARGET_MODE_POLICY,REQUIRED,CONTEXTUAL_OR_FUNCTION_BOUND,NONE,Return scheduling requirement; exposure is not mastery.
REC-A1-001931,SENSE,SENSE-A1-000251,A1-M05-I05-S3,SECOND_RETURN,A1-M06-I05-S2,CROSS_MODULE,PRESERVE_TARGET_MODE_POLICY,REQUIRED,CONTEXTUAL_OR_FUNCTION_BOUND,NONE,Return scheduling requirement; exposure is not mastery.
REC-A1-001932,SENSE,SENSE-A1-000251,A1-M05-I05-S3,THIRD_RETURN,A1-M07-I05-S1,CROSS_MODULE,PRESERVE_TARGET_MODE_POLICY,REQUIRED,CONTEXTUAL_OR_FUNCTION_BOUND,NONE,Return scheduling requirement; exposure is not mastery.
REC-A1-001933,SENSE,SENSE-A1-000277,A1-M05-I05-S3,FIRST_RETURN,A1-M06-I05-S1,CROSS_MODULE,PRESERVE_TARGET_MODE_POLICY,REQUIRED,CONTEXTUAL_OR_FUNCTION_BOUND,NONE,Return scheduling requirement; exposure is not mastery.
REC-A1-001934,SENSE,SENSE-A1-000277,A1-M05-I05-S3,SECOND_RETURN,A1-M06-I05-S2,CROSS_MODULE,PRESERVE_TARGET_MODE_POLICY,REQUIRED,CONTEXTUAL_OR_FUNCTION_BOUND,NONE,Return scheduling requirement; exposure is not mastery.
REC-A1-001935,SENSE,SENSE-A1-000277,A1-M05-I05-S3,THIRD_RETURN,A1-M07-I05-S1,CROSS_MODULE,PRESERVE_TARGET_MODE_POLICY,REQUIRED,CONTEXTUAL_OR_FUNCTION_BOUND,NONE,Return scheduling requirement; exposure is not mastery.
REC-A1-001936,SENSE,SENSE-A1-000319,A1-M05-I05-S3,FIRST_RETURN,A1-M06-I05-S1,CROSS_MODULE,PRESERVE_TARGET_MODE_POLICY,REQUIRED,CONTEXTUAL_OR_FUNCTION_BOUND,NONE,Return scheduling requirement; exposure is not mastery.
REC-A1-001937,SENSE,SENSE-A1-000319,A1-M05-I05-S3,SECOND_RETURN,A1-M06-I05-S2,CROSS_MODULE,PRESERVE_TARGET_MODE_POLICY,REQUIRED,CONTEXTUAL_OR_FUNCTION_BOUND,NONE,Return scheduling requirement; exposure is not mastery.
REC-A1-001938,SENSE,SENSE-A1-000319,A1-M05-I05-S3,THIRD_RETURN,A1-M07-I05-S1,CROSS_MODULE,PRESERVE_TARGET_MODE_POLICY,REQUIRED,CONTEXTUAL_OR_FUNCTION_BOUND,NONE,Return scheduling requirement; exposure is not mastery.
REC-A1-001939,SENSE,SENSE-A1-000356,A1-M05-I05-S3,FIRST_RETURN,A1-M06-I05-S1,CROSS_MODULE,PRESERVE_TARGET_MODE_POLICY,REQUIRED,CONTEXTUAL_OR_FUNCTION_BOUND,NONE,Return scheduling requirement; exposure is not mastery.
REC-A1-001940,SENSE,SENSE-A1-000356,A1-M05-I05-S3,SECOND_RETURN,A1-M06-I05-S2,CROSS_MODULE,PRESERVE_TARGET_MODE_POLICY,REQUIRED,CONTEXTUAL_OR_FUNCTION_BOUND,NONE,Return scheduling requirement; exposure is not mastery.
REC-A1-001941,SENSE,SENSE-A1-000356,A1-M05-I05-S3,THIRD_RETURN,A1-M07-I05-S1,CROSS_MODULE,PRESERVE_TARGET_MODE_POLICY,REQUIRED,CONTEXTUAL_OR_FUNCTION_BOUND,NONE,Return scheduling requirement; exposure is not mastery.
REC-A1-001942,SENSE,SENSE-A1-000366,A1-M05-I05-S3,FIRST_RETURN,A1-M06-I05-S1,CROSS_MODULE,PRESERVE_TARGET_MODE_POLICY,REQUIRED,CONTEXTUAL_OR_FUNCTION_BOUND,NONE,Return scheduling requirement; exposure is not mastery.
REC-A1-001943,SENSE,SENSE-A1-000366,A1-M05-I05-S3,SECOND_RETURN,A1-M06-I05-S2,CROSS_MODULE,PRESERVE_TARGET_MODE_POLICY,REQUIRED,CONTEXTUAL_OR_FUNCTION_BOUND,NONE,Return scheduling requirement; exposure is not mastery.
REC-A1-001944,SENSE,SENSE-A1-000366,A1-M05-I05-S3,THIRD_RETURN,A1-M07-I05-S1,CROSS_MODULE,PRESERVE_TARGET_MODE_POLICY,REQUIRED,CONTEXTUAL_OR_FUNCTION_BOUND,NONE,Return scheduling requirement; exposure is not mastery.
REC-A1-001945,SENSE,SENSE-A1-000394,A1-M05-I05-S3,FIRST_RETURN,A1-M06-I05-S1,CROSS_MODULE,PRESERVE_TARGET_MODE_POLICY,REQUIRED,CONTEXTUAL_OR_FUNCTION_BOUND,NONE,Return scheduling requirement; exposure is not mastery.
REC-A1-001946,SENSE,SENSE-A1-000394,A1-M05-I05-S3,SECOND_RETURN,A1-M06-I05-S2,CROSS_MODULE,PRESERVE_TARGET_MODE_POLICY,REQUIRED,CONTEXTUAL_OR_FUNCTION_BOUND,NONE,Return scheduling requirement; exposure is not mastery.
REC-A1-001947,SENSE,SENSE-A1-000394,A1-M05-I05-S3,THIRD_RETURN,A1-M07-I05-S1,CROSS_MODULE,PRESERVE_TARGET_MODE_POLICY,REQUIRED,CONTEXTUAL_OR_FUNCTION_BOUND,NONE,Return scheduling requirement; exposure is not mastery.
REC-A1-001948,SENSE,SENSE-A1-000396,A1-M05-I05-S3,FIRST_RETURN,A1-M06-I05-S1,CROSS_MODULE,PRESERVE_TARGET_MODE_POLICY,REQUIRED,CONTEXTUAL_OR_FUNCTION_BOUND,NONE,Return scheduling requirement; exposure is not mastery.
REC-A1-001949,SENSE,SENSE-A1-000396,A1-M05-I05-S3,SECOND_RETURN,A1-M06-I05-S2,CROSS_MODULE,PRESERVE_TARGET_MODE_POLICY,REQUIRED,CONTEXTUAL_OR_FUNCTION_BOUND,NONE,Return scheduling requirement; exposure is not mastery.
REC-A1-001950,SENSE,SENSE-A1-000396,A1-M05-I05-S3,THIRD_RETURN,A1-M07-I05-S1,CROSS_MODULE,PRESERVE_TARGET_MODE_POLICY,REQUIRED,CONTEXTUAL_OR_FUNCTION_BOUND,NONE,Return scheduling requirement; exposure is not mastery.
REC-A1-001951,SENSE,SENSE-A1-000430,A1-M05-I05-S3,FIRST_RETURN,A1-M06-I05-S1,CROSS_MODULE,PRESERVE_TARGET_MODE_POLICY,REQUIRED,CONTEXTUAL_OR_FUNCTION_BOUND,NONE,Return scheduling requirement; exposure is not mastery.
REC-A1-001952,SENSE,SENSE-A1-000430,A1-M05-I05-S3,SECOND_RETURN,A1-M06-I05-S2,CROSS_MODULE,PRESERVE_TARGET_MODE_POLICY,REQUIRED,CONTEXTUAL_OR_FUNCTION_BOUND,NONE,Return scheduling requirement; exposure is not mastery.
REC-A1-001953,SENSE,SENSE-A1-000430,A1-M05-I05-S3,THIRD_RETURN,A1-M07-I05-S1,CROSS_MODULE,PRESERVE_TARGET_MODE_POLICY,REQUIRED,CONTEXTUAL_OR_FUNCTION_BOUND,NONE,Return scheduling requirement; exposure is not mastery.
REC-A1-001954,SENSE,SENSE-A1-000502,A1-M05-I05-S3,FIRST_RETURN,A1-M06-I05-S1,CROSS_MODULE,PRESERVE_TARGET_MODE_POLICY,REQUIRED,CONTEXTUAL_OR_FUNCTION_BOUND,NONE,Return scheduling requirement; exposure is not mastery.
REC-A1-001955,SENSE,SENSE-A1-000502,A1-M05-I05-S3,SECOND_RETURN,A1-M06-I05-S2,CROSS_MODULE,PRESERVE_TARGET_MODE_POLICY,REQUIRED,CONTEXTUAL_OR_FUNCTION_BOUND,NONE,Return scheduling requirement; exposure is not mastery.
REC-A1-001956,SENSE,SENSE-A1-000502,A1-M05-I05-S3,THIRD_RETURN,A1-M07-I05-S1,CROSS_MODULE,PRESERVE_TARGET_MODE_POLICY,REQUIRED,CONTEXTUAL_OR_FUNCTION_BOUND,NONE,Return scheduling requirement; exposure is not mastery.
REC-A1-001957,SENSE,SENSE-A1-000539,A1-M05-I05-S3,FIRST_RETURN,A1-M06-I05-S1,CROSS_MODULE,PRESERVE_TARGET_MODE_POLICY,REQUIRED,CONTEXTUAL_OR_FUNCTION_BOUND,NONE,Return scheduling requirement; exposure is not mastery.
REC-A1-001958,SENSE,SENSE-A1-000539,A1-M05-I05-S3,SECOND_RETURN,A1-M06-I05-S2,CROSS_MODULE,PRESERVE_TARGET_MODE_POLICY,REQUIRED,CONTEXTUAL_OR_FUNCTION_BOUND,NONE,Return scheduling requirement; exposure is not mastery.
REC-A1-001959,SENSE,SENSE-A1-000539,A1-M05-I05-S3,THIRD_RETURN,A1-M07-I05-S1,CROSS_MODULE,PRESERVE_TARGET_MODE_POLICY,REQUIRED,CONTEXTUAL_OR_FUNCTION_BOUND,NONE,Return scheduling requirement; exposure is not mastery.
REC-A1-001960,SENSE,SENSE-A1-000562,A1-M05-I05-S3,FIRST_RETURN,A1-M06-I05-S1,CROSS_MODULE,PRESERVE_TARGET_MODE_POLICY,REQUIRED,CONTEXTUAL_OR_FUNCTION_BOUND,NONE,Return scheduling requirement; exposure is not mastery.
REC-A1-001961,SENSE,SENSE-A1-000562,A1-M05-I05-S3,SECOND_RETURN,A1-M06-I05-S2,CROSS_MODULE,PRESERVE_TARGET_MODE_POLICY,REQUIRED,CONTEXTUAL_OR_FUNCTION_BOUND,NONE,Return scheduling requirement; exposure is not mastery.
REC-A1-001962,SENSE,SENSE-A1-000562,A1-M05-I05-S3,THIRD_RETURN,A1-M07-I05-S1,CROSS_MODULE,PRESERVE_TARGET_MODE_POLICY,REQUIRED,CONTEXTUAL_OR_FUNCTION_BOUND,NONE,Return scheduling requirement; exposure is not mastery.
REC-A1-001963,SENSE,SENSE-A1-000581,A1-M05-I05-S3,FIRST_RETURN,A1-M06-I05-S1,CROSS_MODULE,PRESERVE_TARGET_MODE_POLICY,REQUIRED,CONTEXTUAL_OR_FUNCTION_BOUND,NONE,Return scheduling requirement; exposure is not mastery.
REC-A1-001964,SENSE,SENSE-A1-000581,A1-M05-I05-S3,SECOND_RETURN,A1-M06-I05-S2,CROSS_MODULE,PRESERVE_TARGET_MODE_POLICY,REQUIRED,CONTEXTUAL_OR_FUNCTION_BOUND,NONE,Return scheduling requirement; exposure is not mastery.
REC-A1-001965,SENSE,SENSE-A1-000581,A1-M05-I05-S3,THIRD_RETURN,A1-M07-I05-S1,CROSS_MODULE,PRESERVE_TARGET_MODE_POLICY,REQUIRED,CONTEXTUAL_OR_FUNCTION_BOUND,NONE,Return scheduling requirement; exposure is not mastery.
REC-A1-001966,SENSE,SENSE-A1-000583,A1-M05-I05-S3,FIRST_RETURN,A1-M06-I05-S1,CROSS_MODULE,PRESERVE_TARGET_MODE_POLICY,REQUIRED,CONTEXTUAL_OR_FUNCTION_BOUND,NONE,Return scheduling requirement; exposure is not mastery.
REC-A1-001967,SENSE,SENSE-A1-000583,A1-M05-I05-S3,SECOND_RETURN,A1-M06-I05-S2,CROSS_MODULE,PRESERVE_TARGET_MODE_POLICY,REQUIRED,CONTEXTUAL_OR_FUNCTION_BOUND,NONE,Return scheduling requirement; exposure is not mastery.
REC-A1-001968,SENSE,SENSE-A1-000583,A1-M05-I05-S3,THIRD_RETURN,A1-M07-I05-S1,CROSS_MODULE,PRESERVE_TARGET_MODE_POLICY,REQUIRED,CONTEXTUAL_OR_FUNCTION_BOUND,NONE,Return scheduling requirement; exposure is not mastery.
REC-A1-001969,SENSE,SENSE-A1-000588,A1-M05-I05-S3,FIRST_RETURN,A1-M06-I05-S1,CROSS_MODULE,PRESERVE_TARGET_MODE_POLICY,REQUIRED,CONTEXTUAL_OR_FUNCTION_BOUND,NONE,Return scheduling requirement; exposure is not mastery.
REC-A1-001970,SENSE,SENSE-A1-000588,A1-M05-I05-S3,SECOND_RETURN,A1-M06-I05-S2,CROSS_MODULE,PRESERVE_TARGET_MODE_POLICY,REQUIRED,CONTEXTUAL_OR_FUNCTION_BOUND,NONE,Return scheduling requirement; exposure is not mastery.
REC-A1-001971,SENSE,SENSE-A1-000588,A1-M05-I05-S3,THIRD_RETURN,A1-M07-I05-S1,CROSS_MODULE,PRESERVE_TARGET_MODE_POLICY,REQUIRED,CONTEXTUAL_OR_FUNCTION_BOUND,NONE,Return scheduling requirement; exposure is not mastery.
REC-A1-001972,SENSE,SENSE-A1-000608,A1-M05-I05-S3,FIRST_RETURN,A1-M06-I05-S1,CROSS_MODULE,PRESERVE_TARGET_MODE_POLICY,REQUIRED,CONTEXTUAL_OR_FUNCTION_BOUND,NONE,Return scheduling requirement; exposure is not mastery.
REC-A1-001973,SENSE,SENSE-A1-000608,A1-M05-I05-S3,SECOND_RETURN,A1-M06-I05-S2,CROSS_MODULE,PRESERVE_TARGET_MODE_POLICY,REQUIRED,CONTEXTUAL_OR_FUNCTION_BOUND,NONE,Return scheduling requirement; exposure is not mastery.
REC-A1-001974,SENSE,SENSE-A1-000608,A1-M05-I05-S3,THIRD_RETURN,A1-M07-I05-S1,CROSS_MODULE,PRESERVE_TARGET_MODE_POLICY,REQUIRED,CONTEXTUAL_OR_FUNCTION_BOUND,NONE,Return scheduling requirement; exposure is not mastery.
REC-A1-001975,GRAMMAR_UNIT,GRAM-A1-022,A1-M05-I05-S3,FIRST_RETURN,A1-M06-I05-S1,CROSS_MODULE,PRESERVE_TARGET_MODE_POLICY,REQUIRED,FUNCTION_OR_TASK_BOUND,NONE,Return scheduling requirement; exposure is not mastery.
REC-A1-001976,GRAMMAR_UNIT,GRAM-A1-022,A1-M05-I05-S3,SECOND_RETURN,A1-M06-I05-S2,CROSS_MODULE,PRESERVE_TARGET_MODE_POLICY,REQUIRED,FUNCTION_OR_TASK_BOUND,NONE,Return scheduling requirement; exposure is not mastery.
REC-A1-001977,GRAMMAR_UNIT,GRAM-A1-022,A1-M05-I05-S3,THIRD_RETURN,A1-M07-I05-S1,CROSS_MODULE,PRESERVE_TARGET_MODE_POLICY,REQUIRED,FUNCTION_OR_TASK_BOUND,NONE,Return scheduling requirement; exposure is not mastery.
REC-A1-001978,GRAMMAR_UNIT,GRAM-A1-026,A1-M05-I05-S3,FIRST_RETURN,A1-M06-I05-S1,CROSS_MODULE,PRESERVE_TARGET_MODE_POLICY,REQUIRED,FUNCTION_OR_TASK_BOUND,NONE,Return scheduling requirement; exposure is not mastery.
REC-A1-001979,GRAMMAR_UNIT,GRAM-A1-026,A1-M05-I05-S3,SECOND_RETURN,A1-M06-I05-S2,CROSS_MODULE,PRESERVE_TARGET_MODE_POLICY,REQUIRED,FUNCTION_OR_TASK_BOUND,NONE,Return scheduling requirement; exposure is not mastery.
REC-A1-001980,GRAMMAR_UNIT,GRAM-A1-026,A1-M05-I05-S3,THIRD_RETURN,A1-M07-I05-S1,CROSS_MODULE,PRESERVE_TARGET_MODE_POLICY,REQUIRED,FUNCTION_OR_TASK_BOUND,NONE,Return scheduling requirement; exposure is not mastery.
REC-A1-001981,GRAMMAR_UNIT,GRAM-A1-027,A1-M05-I05-S3,FIRST_RETURN,A1-M06-I05-S1,CROSS_MODULE,PRESERVE_TARGET_MODE_POLICY,REQUIRED,FUNCTION_OR_TASK_BOUND,NONE,Return scheduling requirement; exposure is not mastery.
REC-A1-001982,GRAMMAR_UNIT,GRAM-A1-027,A1-M05-I05-S3,SECOND_RETURN,A1-M06-I05-S2,CROSS_MODULE,PRESERVE_TARGET_MODE_POLICY,REQUIRED,FUNCTION_OR_TASK_BOUND,NONE,Return scheduling requirement; exposure is not mastery.
REC-A1-001983,GRAMMAR_UNIT,GRAM-A1-027,A1-M05-I05-S3,THIRD_RETURN,A1-M07-I05-S1,CROSS_MODULE,PRESERVE_TARGET_MODE_POLICY,REQUIRED,FUNCTION_OR_TASK_BOUND,NONE,Return scheduling requirement; exposure is not mastery.
REC-A1-001984,GRAMMAR_UNIT,GRAM-A1-028,A1-M05-I05-S3,FIRST_RETURN,A1-M06-I05-S1,CROSS_MODULE,PRESERVE_TARGET_MODE_POLICY,REQUIRED,FUNCTION_OR_TASK_BOUND,NONE,Return scheduling requirement; exposure is not mastery.
REC-A1-001985,GRAMMAR_UNIT,GRAM-A1-028,A1-M05-I05-S3,SECOND_RETURN,A1-M06-I05-S2,CROSS_MODULE,PRESERVE_TARGET_MODE_POLICY,REQUIRED,FUNCTION_OR_TASK_BOUND,NONE,Return scheduling requirement; exposure is not mastery.
REC-A1-001986,GRAMMAR_UNIT,GRAM-A1-028,A1-M05-I05-S3,THIRD_RETURN,A1-M07-I05-S1,CROSS_MODULE,PRESERVE_TARGET_MODE_POLICY,REQUIRED,FUNCTION_OR_TASK_BOUND,NONE,Return scheduling requirement; exposure is not mastery.
REC-A1-001987,GRAMMAR_UNIT,GRAM-A1-088,A1-M05-I05-S3,FIRST_RETURN,A1-M06-I05-S1,CROSS_MODULE,PRESERVE_TARGET_MODE_POLICY,REQUIRED,FUNCTION_OR_TASK_BOUND,NONE,Return scheduling requirement; exposure is not mastery.
REC-A1-001988,GRAMMAR_UNIT,GRAM-A1-088,A1-M05-I05-S3,SECOND_RETURN,A1-M06-I05-S2,CROSS_MODULE,PRESERVE_TARGET_MODE_POLICY,REQUIRED,FUNCTION_OR_TASK_BOUND,NONE,Return scheduling requirement; exposure is not mastery.
REC-A1-001989,GRAMMAR_UNIT,GRAM-A1-088,A1-M05-I05-S3,THIRD_RETURN,A1-M07-I05-S1,CROSS_MODULE,PRESERVE_TARGET_MODE_POLICY,REQUIRED,FUNCTION_OR_TASK_BOUND,NONE,Return scheduling requirement; exposure is not mastery.
REC-A1-001990,GRAMMAR_UNIT,GRAM-A1-119,A1-M05-I05-S3,FIRST_RETURN,A1-M06-I05-S1,CROSS_MODULE,PRESERVE_TARGET_MODE_POLICY,REQUIRED,FUNCTION_OR_TASK_BOUND,NONE,Return scheduling requirement; exposure is not mastery.
REC-A1-001991,GRAMMAR_UNIT,GRAM-A1-119,A1-M05-I05-S3,SECOND_RETURN,A1-M06-I05-S2,CROSS_MODULE,PRESERVE_TARGET_MODE_POLICY,REQUIRED,FUNCTION_OR_TASK_BOUND,NONE,Return scheduling requirement; exposure is not mastery.
REC-A1-001992,GRAMMAR_UNIT,GRAM-A1-119,A1-M05-I05-S3,THIRD_RETURN,A1-M07-I05-S1,CROSS_MODULE,PRESERVE_TARGET_MODE_POLICY,REQUIRED,FUNCTION_OR_TASK_BOUND,NONE,Return scheduling requirement; exposure is not mastery.
REC-A1-001993,GRAMMAR_UNIT,GRAM-A1-122,A1-M05-I05-S3,FIRST_RETURN,A1-M06-I05-S1,CROSS_MODULE,PRESERVE_TARGET_MODE_POLICY,REQUIRED,FUNCTION_OR_TASK_BOUND,NONE,Return scheduling requirement; exposure is not mastery.
REC-A1-001994,GRAMMAR_UNIT,GRAM-A1-122,A1-M05-I05-S3,SECOND_RETURN,A1-M06-I05-S2,CROSS_MODULE,PRESERVE_TARGET_MODE_POLICY,REQUIRED,FUNCTION_OR_TASK_BOUND,NONE,Return scheduling requirement; exposure is not mastery.
REC-A1-001995,GRAMMAR_UNIT,GRAM-A1-122,A1-M05-I05-S3,THIRD_RETURN,A1-M07-I05-S1,CROSS_MODULE,PRESERVE_TARGET_MODE_POLICY,REQUIRED,FUNCTION_OR_TASK_BOUND,NONE,Return scheduling requirement; exposure is not mastery.
REC-A1-001996,GRAMMAR_UNIT,GRAM-A1-151,A1-M05-I05-S3,FIRST_RETURN,A1-M06-I05-S1,CROSS_MODULE,PRESERVE_TARGET_MODE_POLICY,REQUIRED,FUNCTION_OR_TASK_BOUND,NONE,Return scheduling requirement; exposure is not mastery.
REC-A1-001997,GRAMMAR_UNIT,GRAM-A1-151,A1-M05-I05-S3,SECOND_RETURN,A1-M06-I05-S2,CROSS_MODULE,PRESERVE_TARGET_MODE_POLICY,REQUIRED,FUNCTION_OR_TASK_BOUND,NONE,Return scheduling requirement; exposure is not mastery.
REC-A1-001998,GRAMMAR_UNIT,GRAM-A1-151,A1-M05-I05-S3,THIRD_RETURN,A1-M07-I05-S1,CROSS_MODULE,PRESERVE_TARGET_MODE_POLICY,REQUIRED,FUNCTION_OR_TASK_BOUND,NONE,Return scheduling requirement; exposure is not mastery.
REC-A1-001999,GRAMMAR_UNIT,GRAM-A1-153,A1-M05-I05-S3,FIRST_RETURN,A1-M06-I05-S1,CROSS_MODULE,PRESERVE_TARGET_MODE_POLICY,REQUIRED,FUNCTION_OR_TASK_BOUND,NONE,Return scheduling requirement; exposure is not mastery.
REC-A1-002000,GRAMMAR_UNIT,GRAM-A1-153,A1-M05-I05-S3,SECOND_RETURN,A1-M06-I05-S2,CROSS_MODULE,PRESERVE_TARGET_MODE_POLICY,REQUIRED,FUNCTION_OR_TASK_BOUND,NONE,Return scheduling requirement; exposure is not mastery.
REC-A1-002001,GRAMMAR_UNIT,GRAM-A1-153,A1-M05-I05-S3,THIRD_RETURN,A1-M07-I05-S1,CROSS_MODULE,PRESERVE_TARGET_MODE_POLICY,REQUIRED,FUNCTION_OR_TASK_BOUND,NONE,Return scheduling requirement; exposure is not mastery.
REC-A1-002002,MWU_SOURCE_UNIT,12B1-MWU-0078,A1-M05-I05-S3,FIRST_RETURN,A1-M06-I05-S1,CROSS_MODULE,PRESERVE_TARGET_MODE_POLICY,REQUIRED,CONTEXTUAL_OR_FUNCTION_BOUND,NONE,Return scheduling requirement; exposure is not mastery.
REC-A1-002003,MWU_SOURCE_UNIT,12B1-MWU-0078,A1-M05-I05-S3,SECOND_RETURN,A1-M06-I05-S2,CROSS_MODULE,PRESERVE_TARGET_MODE_POLICY,REQUIRED,CONTEXTUAL_OR_FUNCTION_BOUND,NONE,Return scheduling requirement; exposure is not mastery.
REC-A1-002004,MWU_SOURCE_UNIT,12B1-MWU-0078,A1-M05-I05-S3,THIRD_RETURN,A1-M07-I05-S1,CROSS_MODULE,PRESERVE_TARGET_MODE_POLICY,REQUIRED,CONTEXTUAL_OR_FUNCTION_BOUND,NONE,Return scheduling requirement; exposure is not mastery.
REC-A1-002005,MWU_SOURCE_UNIT,12B1-MWU-0079,A1-M05-I05-S3,FIRST_RETURN,A1-M06-I05-S1,CROSS_MODULE,PRESERVE_TARGET_MODE_POLICY,REQUIRED,CONTEXTUAL_OR_FUNCTION_BOUND,NONE,Return scheduling requirement; exposure is not mastery.
REC-A1-002006,MWU_SOURCE_UNIT,12B1-MWU-0079,A1-M05-I05-S3,SECOND_RETURN,A1-M06-I05-S2,CROSS_MODULE,PRESERVE_TARGET_MODE_POLICY,REQUIRED,CONTEXTUAL_OR_FUNCTION_BOUND,NONE,Return scheduling requirement; exposure is not mastery.
REC-A1-002007,MWU_SOURCE_UNIT,12B1-MWU-0079,A1-M05-I05-S3,THIRD_RETURN,A1-M07-I05-S1,CROSS_MODULE,PRESERVE_TARGET_MODE_POLICY,REQUIRED,CONTEXTUAL_OR_FUNCTION_BOUND,NONE,Return scheduling requirement; exposure is not mastery.
REC-A1-002008,MWU_SOURCE_UNIT,12B1-MWU-0085,A1-M05-I05-S3,FIRST_RETURN,A1-M06-I05-S1,CROSS_MODULE,PRESERVE_TARGET_MODE_POLICY,REQUIRED,CONTEXTUAL_OR_FUNCTION_BOUND,NONE,Return scheduling requirement; exposure is not mastery.
REC-A1-002009,MWU_SOURCE_UNIT,12B1-MWU-0085,A1-M05-I05-S3,SECOND_RETURN,A1-M06-I05-S2,CROSS_MODULE,PRESERVE_TARGET_MODE_POLICY,REQUIRED,CONTEXTUAL_OR_FUNCTION_BOUND,NONE,Return scheduling requirement; exposure is not mastery.
REC-A1-002010,MWU_SOURCE_UNIT,12B1-MWU-0085,A1-M05-I05-S3,THIRD_RETURN,A1-M07-I05-S1,CROSS_MODULE,PRESERVE_TARGET_MODE_POLICY,REQUIRED,CONTEXTUAL_OR_FUNCTION_BOUND,NONE,Return scheduling requirement; exposure is not mastery.
REC-A1-002011,MWU_SOURCE_UNIT,12B1-MWU-0086,A1-M05-I05-S3,FIRST_RETURN,A1-M06-I05-S1,CROSS_MODULE,PRESERVE_TARGET_MODE_POLICY,REQUIRED,CONTEXTUAL_OR_FUNCTION_BOUND,NONE,Return scheduling requirement; exposure is not mastery.
REC-A1-002012,MWU_SOURCE_UNIT,12B1-MWU-0086,A1-M05-I05-S3,SECOND_RETURN,A1-M06-I05-S2,CROSS_MODULE,PRESERVE_TARGET_MODE_POLICY,REQUIRED,CONTEXTUAL_OR_FUNCTION_BOUND,NONE,Return scheduling requirement; exposure is not mastery.
REC-A1-002013,MWU_SOURCE_UNIT,12B1-MWU-0086,A1-M05-I05-S3,THIRD_RETURN,A1-M07-I05-S1,CROSS_MODULE,PRESERVE_TARGET_MODE_POLICY,REQUIRED,CONTEXTUAL_OR_FUNCTION_BOUND,NONE,Return scheduling requirement; exposure is not mastery.
REC-A1-002014,MWU_SOURCE_UNIT,12B1-MWU-0133,A1-M05-I05-S3,FIRST_RETURN,A1-M06-I05-S1,CROSS_MODULE,PRESERVE_TARGET_MODE_POLICY,REQUIRED,CONTEXTUAL_OR_FUNCTION_BOUND,NONE,Return scheduling requirement; exposure is not mastery.
REC-A1-002015,MWU_SOURCE_UNIT,12B1-MWU-0133,A1-M05-I05-S3,SECOND_RETURN,A1-M06-I05-S2,CROSS_MODULE,PRESERVE_TARGET_MODE_POLICY,REQUIRED,CONTEXTUAL_OR_FUNCTION_BOUND,NONE,Return scheduling requirement; exposure is not mastery.
REC-A1-002016,MWU_SOURCE_UNIT,12B1-MWU-0133,A1-M05-I05-S3,THIRD_RETURN,A1-M07-I05-S1,CROSS_MODULE,PRESERVE_TARGET_MODE_POLICY,REQUIRED,CONTEXTUAL_OR_FUNCTION_BOUND,NONE,Return scheduling requirement; exposure is not mastery.
REC-A1-002017,SENSE,SENSE-A1-000069,A1-M06-I05-S1,FIRST_RETURN,A1-M06-I05-S2,SAME_ISLAND,PRESERVE_TARGET_MODE_POLICY,REQUIRED,CONTEXTUAL_OR_FUNCTION_BOUND,NONE,Return scheduling requirement; exposure is not mastery.
REC-A1-002018,SENSE,SENSE-A1-000069,A1-M06-I05-S1,SECOND_RETURN,A1-M06-I05-S3,SAME_ISLAND,PRESERVE_TARGET_MODE_POLICY,REQUIRED,CONTEXTUAL_OR_FUNCTION_BOUND,NONE,Return scheduling requirement; exposure is not mastery.
REC-A1-002019,SENSE,SENSE-A1-000069,A1-M06-I05-S1,THIRD_RETURN,A1-M07-I05-S2,CROSS_MODULE,PRESERVE_TARGET_MODE_POLICY,REQUIRED,CONTEXTUAL_OR_FUNCTION_BOUND,NONE,Return scheduling requirement; exposure is not mastery.
REC-A1-002020,SENSE,SENSE-A1-000282,A1-M06-I05-S1,FIRST_RETURN,A1-M06-I05-S2,SAME_ISLAND,PRESERVE_TARGET_MODE_POLICY,REQUIRED,CONTEXTUAL_OR_FUNCTION_BOUND,NONE,Return scheduling requirement; exposure is not mastery.
REC-A1-002021,SENSE,SENSE-A1-000282,A1-M06-I05-S1,SECOND_RETURN,A1-M06-I05-S3,SAME_ISLAND,PRESERVE_TARGET_MODE_POLICY,REQUIRED,CONTEXTUAL_OR_FUNCTION_BOUND,NONE,Return scheduling requirement; exposure is not mastery.
REC-A1-002022,SENSE,SENSE-A1-000282,A1-M06-I05-S1,THIRD_RETURN,A1-M07-I05-S2,CROSS_MODULE,PRESERVE_TARGET_MODE_POLICY,REQUIRED,CONTEXTUAL_OR_FUNCTION_BOUND,NONE,Return scheduling requirement; exposure is not mastery.
REC-A1-002023,SENSE,SENSE-A1-000359,A1-M06-I05-S1,FIRST_RETURN,A1-M06-I05-S2,SAME_ISLAND,PRESERVE_TARGET_MODE_POLICY,REQUIRED,CONTEXTUAL_OR_FUNCTION_BOUND,NONE,Return scheduling requirement; exposure is not mastery.
REC-A1-002024,SENSE,SENSE-A1-000359,A1-M06-I05-S1,SECOND_RETURN,A1-M06-I05-S3,SAME_ISLAND,PRESERVE_TARGET_MODE_POLICY,REQUIRED,CONTEXTUAL_OR_FUNCTION_BOUND,NONE,Return scheduling requirement; exposure is not mastery.
REC-A1-002025,SENSE,SENSE-A1-000359,A1-M06-I05-S1,THIRD_RETURN,A1-M07-I05-S2,CROSS_MODULE,PRESERVE_TARGET_MODE_POLICY,REQUIRED,CONTEXTUAL_OR_FUNCTION_BOUND,NONE,Return scheduling requirement; exposure is not mastery.
REC-A1-002026,SENSE,SENSE-A1-000360,A1-M06-I05-S1,FIRST_RETURN,A1-M06-I05-S2,SAME_ISLAND,PRESERVE_TARGET_MODE_POLICY,REQUIRED,CONTEXTUAL_OR_FUNCTION_BOUND,NONE,Return scheduling requirement; exposure is not mastery.
REC-A1-002027,SENSE,SENSE-A1-000360,A1-M06-I05-S1,SECOND_RETURN,A1-M06-I05-S3,SAME_ISLAND,PRESERVE_TARGET_MODE_POLICY,REQUIRED,CONTEXTUAL_OR_FUNCTION_BOUND,NONE,Return scheduling requirement; exposure is not mastery.
REC-A1-002028,SENSE,SENSE-A1-000360,A1-M06-I05-S1,THIRD_RETURN,A1-M07-I05-S2,CROSS_MODULE,PRESERVE_TARGET_MODE_POLICY,REQUIRED,CONTEXTUAL_OR_FUNCTION_BOUND,NONE,Return scheduling requirement; exposure is not mastery.
REC-A1-002029,SENSE,SENSE-A1-000361,A1-M06-I05-S1,FIRST_RETURN,A1-M06-I05-S2,SAME_ISLAND,PRESERVE_TARGET_MODE_POLICY,REQUIRED,CONTEXTUAL_OR_FUNCTION_BOUND,NONE,Return scheduling requirement; exposure is not mastery.
REC-A1-002030,SENSE,SENSE-A1-000361,A1-M06-I05-S1,SECOND_RETURN,A1-M06-I05-S3,SAME_ISLAND,PRESERVE_TARGET_MODE_POLICY,REQUIRED,CONTEXTUAL_OR_FUNCTION_BOUND,NONE,Return scheduling requirement; exposure is not mastery.
REC-A1-002031,SENSE,SENSE-A1-000361,A1-M06-I05-S1,THIRD_RETURN,A1-M07-I05-S2,CROSS_MODULE,PRESERVE_TARGET_MODE_POLICY,REQUIRED,CONTEXTUAL_OR_FUNCTION_BOUND,NONE,Return scheduling requirement; exposure is not mastery.
REC-A1-002032,SENSE,SENSE-A1-000363,A1-M06-I05-S1,FIRST_RETURN,A1-M06-I05-S2,SAME_ISLAND,PRESERVE_TARGET_MODE_POLICY,REQUIRED,CONTEXTUAL_OR_FUNCTION_BOUND,NONE,Return scheduling requirement; exposure is not mastery.
REC-A1-002033,SENSE,SENSE-A1-000363,A1-M06-I05-S1,SECOND_RETURN,A1-M06-I05-S3,SAME_ISLAND,PRESERVE_TARGET_MODE_POLICY,REQUIRED,CONTEXTUAL_OR_FUNCTION_BOUND,NONE,Return scheduling requirement; exposure is not mastery.
REC-A1-002034,SENSE,SENSE-A1-000363,A1-M06-I05-S1,THIRD_RETURN,A1-M07-I05-S2,CROSS_MODULE,PRESERVE_TARGET_MODE_POLICY,REQUIRED,CONTEXTUAL_OR_FUNCTION_BOUND,NONE,Return scheduling requirement; exposure is not mastery.
REC-A1-002035,SENSE,SENSE-A1-000384,A1-M06-I05-S1,FIRST_RETURN,A1-M06-I05-S2,SAME_ISLAND,PRESERVE_TARGET_MODE_POLICY,REQUIRED,CONTEXTUAL_OR_FUNCTION_BOUND,NONE,Return scheduling requirement; exposure is not mastery.
REC-A1-002036,SENSE,SENSE-A1-000384,A1-M06-I05-S1,SECOND_RETURN,A1-M06-I05-S3,SAME_ISLAND,PRESERVE_TARGET_MODE_POLICY,REQUIRED,CONTEXTUAL_OR_FUNCTION_BOUND,NONE,Return scheduling requirement; exposure is not mastery.
REC-A1-002037,SENSE,SENSE-A1-000384,A1-M06-I05-S1,THIRD_RETURN,A1-M07-I05-S2,CROSS_MODULE,PRESERVE_TARGET_MODE_POLICY,REQUIRED,CONTEXTUAL_OR_FUNCTION_BOUND,NONE,Return scheduling requirement; exposure is not mastery.
REC-A1-002038,SENSE,SENSE-A1-000391,A1-M06-I05-S1,FIRST_RETURN,A1-M06-I05-S2,SAME_ISLAND,PRESERVE_TARGET_MODE_POLICY,REQUIRED,CONTEXTUAL_OR_FUNCTION_BOUND,NONE,Return scheduling requirement; exposure is not mastery.
REC-A1-002039,SENSE,SENSE-A1-000391,A1-M06-I05-S1,SECOND_RETURN,A1-M06-I05-S3,SAME_ISLAND,PRESERVE_TARGET_MODE_POLICY,REQUIRED,CONTEXTUAL_OR_FUNCTION_BOUND,NONE,Return scheduling requirement; exposure is not mastery.
REC-A1-002040,SENSE,SENSE-A1-000391,A1-M06-I05-S1,THIRD_RETURN,A1-M07-I05-S2,CROSS_MODULE,PRESERVE_TARGET_MODE_POLICY,REQUIRED,CONTEXTUAL_OR_FUNCTION_BOUND,NONE,Return scheduling requirement; exposure is not mastery.
REC-A1-002041,SENSE,SENSE-A1-000453,A1-M06-I05-S1,FIRST_RETURN,A1-M06-I05-S2,SAME_ISLAND,PRESERVE_TARGET_MODE_POLICY,REQUIRED,CONTEXTUAL_OR_FUNCTION_BOUND,NONE,Return scheduling requirement; exposure is not mastery.
REC-A1-002042,SENSE,SENSE-A1-000453,A1-M06-I05-S1,SECOND_RETURN,A1-M06-I05-S3,SAME_ISLAND,PRESERVE_TARGET_MODE_POLICY,REQUIRED,CONTEXTUAL_OR_FUNCTION_BOUND,NONE,Return scheduling requirement; exposure is not mastery.
REC-A1-002043,SENSE,SENSE-A1-000453,A1-M06-I05-S1,THIRD_RETURN,A1-M07-I05-S2,CROSS_MODULE,PRESERVE_TARGET_MODE_POLICY,REQUIRED,CONTEXTUAL_OR_FUNCTION_BOUND,NONE,Return scheduling requirement; exposure is not mastery.
REC-A1-002044,SENSE,SENSE-A1-000467,A1-M06-I05-S1,FIRST_RETURN,A1-M06-I05-S2,SAME_ISLAND,PRESERVE_TARGET_MODE_POLICY,REQUIRED,CONTEXTUAL_OR_FUNCTION_BOUND,NONE,Return scheduling requirement; exposure is not mastery.
REC-A1-002045,SENSE,SENSE-A1-000467,A1-M06-I05-S1,SECOND_RETURN,A1-M06-I05-S3,SAME_ISLAND,PRESERVE_TARGET_MODE_POLICY,REQUIRED,CONTEXTUAL_OR_FUNCTION_BOUND,NONE,Return scheduling requirement; exposure is not mastery.
REC-A1-002046,SENSE,SENSE-A1-000467,A1-M06-I05-S1,THIRD_RETURN,A1-M07-I05-S2,CROSS_MODULE,PRESERVE_TARGET_MODE_POLICY,REQUIRED,CONTEXTUAL_OR_FUNCTION_BOUND,NONE,Return scheduling requirement; exposure is not mastery.
REC-A1-002047,SENSE,SENSE-A1-000576,A1-M06-I05-S1,FIRST_RETURN,A1-M06-I05-S2,SAME_ISLAND,PRESERVE_TARGET_MODE_POLICY,REQUIRED,CONTEXTUAL_OR_FUNCTION_BOUND,NONE,Return scheduling requirement; exposure is not mastery.
REC-A1-002048,SENSE,SENSE-A1-000576,A1-M06-I05-S1,SECOND_RETURN,A1-M06-I05-S3,SAME_ISLAND,PRESERVE_TARGET_MODE_POLICY,REQUIRED,CONTEXTUAL_OR_FUNCTION_BOUND,NONE,Return scheduling requirement; exposure is not mastery.
REC-A1-002049,SENSE,SENSE-A1-000576,A1-M06-I05-S1,THIRD_RETURN,A1-M07-I05-S2,CROSS_MODULE,PRESERVE_TARGET_MODE_POLICY,REQUIRED,CONTEXTUAL_OR_FUNCTION_BOUND,NONE,Return scheduling requirement; exposure is not mastery.
REC-A1-002050,GRAMMAR_UNIT,GRAM-A1-036,A1-M06-I05-S1,FIRST_RETURN,A1-M06-I05-S2,SAME_ISLAND,PRESERVE_TARGET_MODE_POLICY,REQUIRED,FUNCTION_OR_TASK_BOUND,NONE,Return scheduling requirement; exposure is not mastery.
REC-A1-002051,GRAMMAR_UNIT,GRAM-A1-036,A1-M06-I05-S1,SECOND_RETURN,A1-M06-I05-S3,SAME_ISLAND,PRESERVE_TARGET_MODE_POLICY,REQUIRED,FUNCTION_OR_TASK_BOUND,NONE,Return scheduling requirement; exposure is not mastery.
REC-A1-002052,GRAMMAR_UNIT,GRAM-A1-036,A1-M06-I05-S1,THIRD_RETURN,A1-M07-I05-S2,CROSS_MODULE,PRESERVE_TARGET_MODE_POLICY,REQUIRED,FUNCTION_OR_TASK_BOUND,NONE,Return scheduling requirement; exposure is not mastery.
REC-A1-002053,GRAMMAR_UNIT,GRAM-A1-044,A1-M06-I05-S1,FIRST_RETURN,A1-M06-I05-S2,SAME_ISLAND,PRESERVE_TARGET_MODE_POLICY,REQUIRED,FUNCTION_OR_TASK_BOUND,NONE,Return scheduling requirement; exposure is not mastery.
REC-A1-002054,GRAMMAR_UNIT,GRAM-A1-044,A1-M06-I05-S1,SECOND_RETURN,A1-M06-I05-S3,SAME_ISLAND,PRESERVE_TARGET_MODE_POLICY,REQUIRED,FUNCTION_OR_TASK_BOUND,NONE,Return scheduling requirement; exposure is not mastery.
REC-A1-002055,GRAMMAR_UNIT,GRAM-A1-044,A1-M06-I05-S1,THIRD_RETURN,A1-M07-I05-S2,CROSS_MODULE,PRESERVE_TARGET_MODE_POLICY,REQUIRED,FUNCTION_OR_TASK_BOUND,NONE,Return scheduling requirement; exposure is not mastery.
REC-A1-002056,GRAMMAR_UNIT,GRAM-A1-079,A1-M06-I05-S1,FIRST_RETURN,A1-M06-I05-S2,SAME_ISLAND,PRESERVE_TARGET_MODE_POLICY,REQUIRED,FUNCTION_OR_TASK_BOUND,NONE,Return scheduling requirement; exposure is not mastery.
REC-A1-002057,GRAMMAR_UNIT,GRAM-A1-079,A1-M06-I05-S1,SECOND_RETURN,A1-M06-I05-S3,SAME_ISLAND,PRESERVE_TARGET_MODE_POLICY,REQUIRED,FUNCTION_OR_TASK_BOUND,NONE,Return scheduling requirement; exposure is not mastery.
REC-A1-002058,GRAMMAR_UNIT,GRAM-A1-079,A1-M06-I05-S1,THIRD_RETURN,A1-M07-I05-S2,CROSS_MODULE,PRESERVE_TARGET_MODE_POLICY,REQUIRED,FUNCTION_OR_TASK_BOUND,NONE,Return scheduling requirement; exposure is not mastery.
REC-A1-002059,GRAMMAR_UNIT,GRAM-A1-080,A1-M06-I05-S1,FIRST_RETURN,A1-M06-I05-S2,SAME_ISLAND,PRESERVE_TARGET_MODE_POLICY,REQUIRED,FUNCTION_OR_TASK_BOUND,NONE,Return scheduling requirement; exposure is not mastery.
REC-A1-002060,GRAMMAR_UNIT,GRAM-A1-080,A1-M06-I05-S1,SECOND_RETURN,A1-M06-I05-S3,SAME_ISLAND,PRESERVE_TARGET_MODE_POLICY,REQUIRED,FUNCTION_OR_TASK_BOUND,NONE,Return scheduling requirement; exposure is not mastery.
REC-A1-002061,GRAMMAR_UNIT,GRAM-A1-080,A1-M06-I05-S1,THIRD_RETURN,A1-M07-I05-S2,CROSS_MODULE,PRESERVE_TARGET_MODE_POLICY,REQUIRED,FUNCTION_OR_TASK_BOUND,NONE,Return scheduling requirement; exposure is not mastery.
REC-A1-002062,GRAMMAR_UNIT,GRAM-A1-116,A1-M06-I05-S1,FIRST_RETURN,A1-M06-I05-S2,SAME_ISLAND,PRESERVE_TARGET_MODE_POLICY,REQUIRED,FUNCTION_OR_TASK_BOUND,NONE,Return scheduling requirement; exposure is not mastery.
REC-A1-002063,GRAMMAR_UNIT,GRAM-A1-116,A1-M06-I05-S1,SECOND_RETURN,A1-M06-I05-S3,SAME_ISLAND,PRESERVE_TARGET_MODE_POLICY,REQUIRED,FUNCTION_OR_TASK_BOUND,NONE,Return scheduling requirement; exposure is not mastery.
REC-A1-002064,GRAMMAR_UNIT,GRAM-A1-116,A1-M06-I05-S1,THIRD_RETURN,A1-M07-I05-S2,CROSS_MODULE,PRESERVE_TARGET_MODE_POLICY,REQUIRED,FUNCTION_OR_TASK_BOUND,NONE,Return scheduling requirement; exposure is not mastery.
REC-A1-002065,GRAMMAR_UNIT,GRAM-A1-126,A1-M06-I05-S1,FIRST_RETURN,A1-M06-I05-S2,SAME_ISLAND,PRESERVE_TARGET_MODE_POLICY,REQUIRED,FUNCTION_OR_TASK_BOUND,NONE,Return scheduling requirement; exposure is not mastery.
REC-A1-002066,GRAMMAR_UNIT,GRAM-A1-126,A1-M06-I05-S1,SECOND_RETURN,A1-M06-I05-S3,SAME_ISLAND,PRESERVE_TARGET_MODE_POLICY,REQUIRED,FUNCTION_OR_TASK_BOUND,NONE,Return scheduling requirement; exposure is not mastery.
REC-A1-002067,GRAMMAR_UNIT,GRAM-A1-126,A1-M06-I05-S1,THIRD_RETURN,A1-M07-I05-S2,CROSS_MODULE,PRESERVE_TARGET_MODE_POLICY,REQUIRED,FUNCTION_OR_TASK_BOUND,NONE,Return scheduling requirement; exposure is not mastery.
REC-A1-002068,GRAMMAR_UNIT,GRAM-A1-139,A1-M06-I05-S1,FIRST_RETURN,A1-M06-I05-S2,SAME_ISLAND,PRESERVE_TARGET_MODE_POLICY,REQUIRED,FUNCTION_OR_TASK_BOUND,NONE,Return scheduling requirement; exposure is not mastery.
REC-A1-002069,GRAMMAR_UNIT,GRAM-A1-139,A1-M06-I05-S1,SECOND_RETURN,A1-M06-I05-S3,SAME_ISLAND,PRESERVE_TARGET_MODE_POLICY,REQUIRED,FUNCTION_OR_TASK_BOUND,NONE,Return scheduling requirement; exposure is not mastery.
REC-A1-002070,GRAMMAR_UNIT,GRAM-A1-139,A1-M06-I05-S1,THIRD_RETURN,A1-M07-I05-S2,CROSS_MODULE,PRESERVE_TARGET_MODE_POLICY,REQUIRED,FUNCTION_OR_TASK_BOUND,NONE,Return scheduling requirement; exposure is not mastery.
REC-A1-002071,GRAMMAR_UNIT,GRAM-A1-154,A1-M06-I05-S1,FIRST_RETURN,A1-M06-I05-S2,SAME_ISLAND,PRESERVE_TARGET_MODE_POLICY,REQUIRED,FUNCTION_OR_TASK_BOUND,NONE,Return scheduling requirement; exposure is not mastery.
REC-A1-002072,GRAMMAR_UNIT,GRAM-A1-154,A1-M06-I05-S1,SECOND_RETURN,A1-M06-I05-S3,SAME_ISLAND,PRESERVE_TARGET_MODE_POLICY,REQUIRED,FUNCTION_OR_TASK_BOUND,NONE,Return scheduling requirement; exposure is not mastery.
REC-A1-002073,GRAMMAR_UNIT,GRAM-A1-154,A1-M06-I05-S1,THIRD_RETURN,A1-M07-I05-S2,CROSS_MODULE,PRESERVE_TARGET_MODE_POLICY,REQUIRED,FUNCTION_OR_TASK_BOUND,NONE,Return scheduling requirement; exposure is not mastery.
REC-A1-002074,GRAMMAR_UNIT,GRAM-A1-155,A1-M06-I05-S1,FIRST_RETURN,A1-M06-I05-S2,SAME_ISLAND,PRESERVE_TARGET_MODE_POLICY,REQUIRED,FUNCTION_OR_TASK_BOUND,NONE,Return scheduling requirement; exposure is not mastery.
REC-A1-002075,GRAMMAR_UNIT,GRAM-A1-155,A1-M06-I05-S1,SECOND_RETURN,A1-M06-I05-S3,SAME_ISLAND,PRESERVE_TARGET_MODE_POLICY,REQUIRED,FUNCTION_OR_TASK_BOUND,NONE,Return scheduling requirement; exposure is not mastery.
REC-A1-002076,GRAMMAR_UNIT,GRAM-A1-155,A1-M06-I05-S1,THIRD_RETURN,A1-M07-I05-S2,CROSS_MODULE,PRESERVE_TARGET_MODE_POLICY,REQUIRED,FUNCTION_OR_TASK_BOUND,NONE,Return scheduling requirement; exposure is not mastery.
REC-A1-002077,MWU_SOURCE_UNIT,12B1-MWU-0169,A1-M06-I05-S1,FIRST_RETURN,A1-M06-I05-S2,SAME_ISLAND,PRESERVE_TARGET_MODE_POLICY,REQUIRED,CONTEXTUAL_OR_FUNCTION_BOUND,NONE,Return scheduling requirement; exposure is not mastery.
REC-A1-002078,MWU_SOURCE_UNIT,12B1-MWU-0169,A1-M06-I05-S1,SECOND_RETURN,A1-M06-I05-S3,SAME_ISLAND,PRESERVE_TARGET_MODE_POLICY,REQUIRED,CONTEXTUAL_OR_FUNCTION_BOUND,NONE,Return scheduling requirement; exposure is not mastery.
REC-A1-002079,MWU_SOURCE_UNIT,12B1-MWU-0169,A1-M06-I05-S1,THIRD_RETURN,A1-M07-I05-S2,CROSS_MODULE,PRESERVE_TARGET_MODE_POLICY,REQUIRED,CONTEXTUAL_OR_FUNCTION_BOUND,NONE,Return scheduling requirement; exposure is not mastery.
REC-A1-002080,MWU_SOURCE_UNIT,12B1-MWU-0170,A1-M06-I05-S1,FIRST_RETURN,A1-M06-I05-S2,SAME_ISLAND,PRESERVE_TARGET_MODE_POLICY,REQUIRED,CONTEXTUAL_OR_FUNCTION_BOUND,NONE,Return scheduling requirement; exposure is not mastery.
REC-A1-002081,MWU_SOURCE_UNIT,12B1-MWU-0170,A1-M06-I05-S1,SECOND_RETURN,A1-M06-I05-S3,SAME_ISLAND,PRESERVE_TARGET_MODE_POLICY,REQUIRED,CONTEXTUAL_OR_FUNCTION_BOUND,NONE,Return scheduling requirement; exposure is not mastery.
REC-A1-002082,MWU_SOURCE_UNIT,12B1-MWU-0170,A1-M06-I05-S1,THIRD_RETURN,A1-M07-I05-S2,CROSS_MODULE,PRESERVE_TARGET_MODE_POLICY,REQUIRED,CONTEXTUAL_OR_FUNCTION_BOUND,NONE,Return scheduling requirement; exposure is not mastery.
REC-A1-002083,MWU_SOURCE_UNIT,12B1-MWU-0171,A1-M06-I05-S1,FIRST_RETURN,A1-M06-I05-S2,SAME_ISLAND,PRESERVE_TARGET_MODE_POLICY,REQUIRED,CONTEXTUAL_OR_FUNCTION_BOUND,NONE,Return scheduling requirement; exposure is not mastery.
REC-A1-002084,MWU_SOURCE_UNIT,12B1-MWU-0171,A1-M06-I05-S1,SECOND_RETURN,A1-M06-I05-S3,SAME_ISLAND,PRESERVE_TARGET_MODE_POLICY,REQUIRED,CONTEXTUAL_OR_FUNCTION_BOUND,NONE,Return scheduling requirement; exposure is not mastery.
REC-A1-002085,MWU_SOURCE_UNIT,12B1-MWU-0171,A1-M06-I05-S1,THIRD_RETURN,A1-M07-I05-S2,CROSS_MODULE,PRESERVE_TARGET_MODE_POLICY,REQUIRED,CONTEXTUAL_OR_FUNCTION_BOUND,NONE,Return scheduling requirement; exposure is not mastery.
REC-A1-002086,MWU_SOURCE_UNIT,12B1-MWU-0188,A1-M06-I05-S1,FIRST_RETURN,A1-M06-I05-S2,SAME_ISLAND,PRESERVE_TARGET_MODE_POLICY,REQUIRED,CONTEXTUAL_OR_FUNCTION_BOUND,NONE,Return scheduling requirement; exposure is not mastery.
REC-A1-002087,MWU_SOURCE_UNIT,12B1-MWU-0188,A1-M06-I05-S1,SECOND_RETURN,A1-M06-I05-S3,SAME_ISLAND,PRESERVE_TARGET_MODE_POLICY,REQUIRED,CONTEXTUAL_OR_FUNCTION_BOUND,NONE,Return scheduling requirement; exposure is not mastery.
REC-A1-002088,MWU_SOURCE_UNIT,12B1-MWU-0188,A1-M06-I05-S1,THIRD_RETURN,A1-M07-I05-S2,CROSS_MODULE,PRESERVE_TARGET_MODE_POLICY,REQUIRED,CONTEXTUAL_OR_FUNCTION_BOUND,NONE,Return scheduling requirement; exposure is not mastery.
REC-A1-002089,SENSE,SENSE-A1-000014,A1-M06-I05-S2,FIRST_RETURN,A1-M06-I05-S3,SAME_ISLAND,PRESERVE_TARGET_MODE_POLICY,REQUIRED,CONTEXTUAL_OR_FUNCTION_BOUND,NONE,Return scheduling requirement; exposure is not mastery.
REC-A1-002090,SENSE,SENSE-A1-000014,A1-M06-I05-S2,SECOND_RETURN,A1-M07-I05-S1,CROSS_MODULE,PRESERVE_TARGET_MODE_POLICY,REQUIRED,CONTEXTUAL_OR_FUNCTION_BOUND,NONE,Return scheduling requirement; exposure is not mastery.
REC-A1-002091,SENSE,SENSE-A1-000014,A1-M06-I05-S2,THIRD_RETURN,A1-M07-I05-S3,CROSS_MODULE,PRESERVE_TARGET_MODE_POLICY,REQUIRED,CONTEXTUAL_OR_FUNCTION_BOUND,NONE,Return scheduling requirement; exposure is not mastery.
REC-A1-002092,SENSE,SENSE-A1-000059,A1-M06-I05-S2,FIRST_RETURN,A1-M06-I05-S3,SAME_ISLAND,PRESERVE_TARGET_MODE_POLICY,REQUIRED,CONTEXTUAL_OR_FUNCTION_BOUND,NONE,Return scheduling requirement; exposure is not mastery.
REC-A1-002093,SENSE,SENSE-A1-000059,A1-M06-I05-S2,SECOND_RETURN,A1-M07-I05-S1,CROSS_MODULE,PRESERVE_TARGET_MODE_POLICY,REQUIRED,CONTEXTUAL_OR_FUNCTION_BOUND,NONE,Return scheduling requirement; exposure is not mastery.
REC-A1-002094,SENSE,SENSE-A1-000059,A1-M06-I05-S2,THIRD_RETURN,A1-M07-I05-S3,CROSS_MODULE,PRESERVE_TARGET_MODE_POLICY,REQUIRED,CONTEXTUAL_OR_FUNCTION_BOUND,NONE,Return scheduling requirement; exposure is not mastery.
REC-A1-002095,SENSE,SENSE-A1-000061,A1-M06-I05-S2,FIRST_RETURN,A1-M06-I05-S3,SAME_ISLAND,PRESERVE_TARGET_MODE_POLICY,REQUIRED,CONTEXTUAL_OR_FUNCTION_BOUND,NONE,Return scheduling requirement; exposure is not mastery.
REC-A1-002096,SENSE,SENSE-A1-000061,A1-M06-I05-S2,SECOND_RETURN,A1-M07-I05-S1,CROSS_MODULE,PRESERVE_TARGET_MODE_POLICY,REQUIRED,CONTEXTUAL_OR_FUNCTION_BOUND,NONE,Return scheduling requirement; exposure is not mastery.
REC-A1-002097,SENSE,SENSE-A1-000061,A1-M06-I05-S2,THIRD_RETURN,A1-M07-I05-S3,CROSS_MODULE,PRESERVE_TARGET_MODE_POLICY,REQUIRED,CONTEXTUAL_OR_FUNCTION_BOUND,NONE,Return scheduling requirement; exposure is not mastery.
REC-A1-002098,SENSE,SENSE-A1-000104,A1-M06-I05-S2,FIRST_RETURN,A1-M06-I05-S3,SAME_ISLAND,PRESERVE_TARGET_MODE_POLICY,REQUIRED,CONTEXTUAL_OR_FUNCTION_BOUND,NONE,Return scheduling requirement; exposure is not mastery.
REC-A1-002099,SENSE,SENSE-A1-000104,A1-M06-I05-S2,SECOND_RETURN,A1-M07-I05-S1,CROSS_MODULE,PRESERVE_TARGET_MODE_POLICY,REQUIRED,CONTEXTUAL_OR_FUNCTION_BOUND,NONE,Return scheduling requirement; exposure is not mastery.
REC-A1-002100,SENSE,SENSE-A1-000104,A1-M06-I05-S2,THIRD_RETURN,A1-M07-I05-S3,CROSS_MODULE,PRESERVE_TARGET_MODE_POLICY,REQUIRED,CONTEXTUAL_OR_FUNCTION_BOUND,NONE,Return scheduling requirement; exposure is not mastery.
REC-A1-002101,SENSE,SENSE-A1-000136,A1-M06-I05-S2,FIRST_RETURN,A1-M06-I05-S3,SAME_ISLAND,PRESERVE_TARGET_MODE_POLICY,REQUIRED,CONTEXTUAL_OR_FUNCTION_BOUND,NONE,Return scheduling requirement; exposure is not mastery.
REC-A1-002102,SENSE,SENSE-A1-000136,A1-M06-I05-S2,SECOND_RETURN,A1-M07-I05-S1,CROSS_MODULE,PRESERVE_TARGET_MODE_POLICY,REQUIRED,CONTEXTUAL_OR_FUNCTION_BOUND,NONE,Return scheduling requirement; exposure is not mastery.
REC-A1-002103,SENSE,SENSE-A1-000136,A1-M06-I05-S2,THIRD_RETURN,A1-M07-I05-S3,CROSS_MODULE,PRESERVE_TARGET_MODE_POLICY,REQUIRED,CONTEXTUAL_OR_FUNCTION_BOUND,NONE,Return scheduling requirement; exposure is not mastery.
REC-A1-002104,SENSE,SENSE-A1-000158,A1-M06-I05-S2,FIRST_RETURN,A1-M06-I05-S3,SAME_ISLAND,PRESERVE_TARGET_MODE_POLICY,REQUIRED,CONTEXTUAL_OR_FUNCTION_BOUND,NONE,Return scheduling requirement; exposure is not mastery.
REC-A1-002105,SENSE,SENSE-A1-000158,A1-M06-I05-S2,SECOND_RETURN,A1-M07-I05-S1,CROSS_MODULE,PRESERVE_TARGET_MODE_POLICY,REQUIRED,CONTEXTUAL_OR_FUNCTION_BOUND,NONE,Return scheduling requirement; exposure is not mastery.
REC-A1-002106,SENSE,SENSE-A1-000158,A1-M06-I05-S2,THIRD_RETURN,A1-M07-I05-S3,CROSS_MODULE,PRESERVE_TARGET_MODE_POLICY,REQUIRED,CONTEXTUAL_OR_FUNCTION_BOUND,NONE,Return scheduling requirement; exposure is not mastery.
REC-A1-002107,SENSE,SENSE-A1-000184,A1-M06-I05-S2,FIRST_RETURN,A1-M06-I05-S3,SAME_ISLAND,PRESERVE_TARGET_MODE_POLICY,REQUIRED,CONTEXTUAL_OR_FUNCTION_BOUND,NONE,Return scheduling requirement; exposure is not mastery.
REC-A1-002108,SENSE,SENSE-A1-000184,A1-M06-I05-S2,SECOND_RETURN,A1-M07-I05-S1,CROSS_MODULE,PRESERVE_TARGET_MODE_POLICY,REQUIRED,CONTEXTUAL_OR_FUNCTION_BOUND,NONE,Return scheduling requirement; exposure is not mastery.
REC-A1-002109,SENSE,SENSE-A1-000184,A1-M06-I05-S2,THIRD_RETURN,A1-M07-I05-S3,CROSS_MODULE,PRESERVE_TARGET_MODE_POLICY,REQUIRED,CONTEXTUAL_OR_FUNCTION_BOUND,NONE,Return scheduling requirement; exposure is not mastery.
REC-A1-002110,SENSE,SENSE-A1-000233,A1-M06-I05-S2,FIRST_RETURN,A1-M06-I05-S3,SAME_ISLAND,PRESERVE_TARGET_MODE_POLICY,REQUIRED,CONTEXTUAL_OR_FUNCTION_BOUND,NONE,Return scheduling requirement; exposure is not mastery.
REC-A1-002111,SENSE,SENSE-A1-000233,A1-M06-I05-S2,SECOND_RETURN,A1-M07-I05-S1,CROSS_MODULE,PRESERVE_TARGET_MODE_POLICY,REQUIRED,CONTEXTUAL_OR_FUNCTION_BOUND,NONE,Return scheduling requirement; exposure is not mastery.
REC-A1-002112,SENSE,SENSE-A1-000233,A1-M06-I05-S2,THIRD_RETURN,A1-M07-I05-S3,CROSS_MODULE,PRESERVE_TARGET_MODE_POLICY,REQUIRED,CONTEXTUAL_OR_FUNCTION_BOUND,NONE,Return scheduling requirement; exposure is not mastery.
REC-A1-002113,SENSE,SENSE-A1-000268,A1-M06-I05-S2,FIRST_RETURN,A1-M06-I05-S3,SAME_ISLAND,PRESERVE_TARGET_MODE_POLICY,REQUIRED,CONTEXTUAL_OR_FUNCTION_BOUND,NONE,Return scheduling requirement; exposure is not mastery.
REC-A1-002114,SENSE,SENSE-A1-000268,A1-M06-I05-S2,SECOND_RETURN,A1-M07-I05-S1,CROSS_MODULE,PRESERVE_TARGET_MODE_POLICY,REQUIRED,CONTEXTUAL_OR_FUNCTION_BOUND,NONE,Return scheduling requirement; exposure is not mastery.
REC-A1-002115,SENSE,SENSE-A1-000268,A1-M06-I05-S2,THIRD_RETURN,A1-M07-I05-S3,CROSS_MODULE,PRESERVE_TARGET_MODE_POLICY,REQUIRED,CONTEXTUAL_OR_FUNCTION_BOUND,NONE,Return scheduling requirement; exposure is not mastery.
REC-A1-002116,SENSE,SENSE-A1-000324,A1-M06-I05-S2,FIRST_RETURN,A1-M06-I05-S3,SAME_ISLAND,PRESERVE_TARGET_MODE_POLICY,REQUIRED,CONTEXTUAL_OR_FUNCTION_BOUND,NONE,Return scheduling requirement; exposure is not mastery.
REC-A1-002117,SENSE,SENSE-A1-000324,A1-M06-I05-S2,SECOND_RETURN,A1-M07-I05-S1,CROSS_MODULE,PRESERVE_TARGET_MODE_POLICY,REQUIRED,CONTEXTUAL_OR_FUNCTION_BOUND,NONE,Return scheduling requirement; exposure is not mastery.
REC-A1-002118,SENSE,SENSE-A1-000324,A1-M06-I05-S2,THIRD_RETURN,A1-M07-I05-S3,CROSS_MODULE,PRESERVE_TARGET_MODE_POLICY,REQUIRED,CONTEXTUAL_OR_FUNCTION_BOUND,NONE,Return scheduling requirement; exposure is not mastery.
REC-A1-002119,SENSE,SENSE-A1-000337,A1-M06-I05-S2,FIRST_RETURN,A1-M06-I05-S3,SAME_ISLAND,PRESERVE_TARGET_MODE_POLICY,REQUIRED,CONTEXTUAL_OR_FUNCTION_BOUND,NONE,Return scheduling requirement; exposure is not mastery.
REC-A1-002120,SENSE,SENSE-A1-000337,A1-M06-I05-S2,SECOND_RETURN,A1-M07-I05-S1,CROSS_MODULE,PRESERVE_TARGET_MODE_POLICY,REQUIRED,CONTEXTUAL_OR_FUNCTION_BOUND,NONE,Return scheduling requirement; exposure is not mastery.
REC-A1-002121,SENSE,SENSE-A1-000337,A1-M06-I05-S2,THIRD_RETURN,A1-M07-I05-S3,CROSS_MODULE,PRESERVE_TARGET_MODE_POLICY,REQUIRED,CONTEXTUAL_OR_FUNCTION_BOUND,NONE,Return scheduling requirement; exposure is not mastery.
REC-A1-002122,SENSE,SENSE-A1-000393,A1-M06-I05-S2,FIRST_RETURN,A1-M06-I05-S3,SAME_ISLAND,PRESERVE_TARGET_MODE_POLICY,REQUIRED,CONTEXTUAL_OR_FUNCTION_BOUND,NONE,Return scheduling requirement; exposure is not mastery.
REC-A1-002123,SENSE,SENSE-A1-000393,A1-M06-I05-S2,SECOND_RETURN,A1-M07-I05-S1,CROSS_MODULE,PRESERVE_TARGET_MODE_POLICY,REQUIRED,CONTEXTUAL_OR_FUNCTION_BOUND,NONE,Return scheduling requirement; exposure is not mastery.
REC-A1-002124,SENSE,SENSE-A1-000393,A1-M06-I05-S2,THIRD_RETURN,A1-M07-I05-S3,CROSS_MODULE,PRESERVE_TARGET_MODE_POLICY,REQUIRED,CONTEXTUAL_OR_FUNCTION_BOUND,NONE,Return scheduling requirement; exposure is not mastery.
REC-A1-002125,SENSE,SENSE-A1-000438,A1-M06-I05-S2,FIRST_RETURN,A1-M06-I05-S3,SAME_ISLAND,PRESERVE_TARGET_MODE_POLICY,REQUIRED,CONTEXTUAL_OR_FUNCTION_BOUND,NONE,Return scheduling requirement; exposure is not mastery.
REC-A1-002126,SENSE,SENSE-A1-000438,A1-M06-I05-S2,SECOND_RETURN,A1-M07-I05-S1,CROSS_MODULE,PRESERVE_TARGET_MODE_POLICY,REQUIRED,CONTEXTUAL_OR_FUNCTION_BOUND,NONE,Return scheduling requirement; exposure is not mastery.
REC-A1-002127,SENSE,SENSE-A1-000438,A1-M06-I05-S2,THIRD_RETURN,A1-M07-I05-S3,CROSS_MODULE,PRESERVE_TARGET_MODE_POLICY,REQUIRED,CONTEXTUAL_OR_FUNCTION_BOUND,NONE,Return scheduling requirement; exposure is not mastery.
REC-A1-002128,SENSE,SENSE-A1-000443,A1-M06-I05-S2,FIRST_RETURN,A1-M06-I05-S3,SAME_ISLAND,PRESERVE_TARGET_MODE_POLICY,REQUIRED,CONTEXTUAL_OR_FUNCTION_BOUND,NONE,Return scheduling requirement; exposure is not mastery.
REC-A1-002129,SENSE,SENSE-A1-000443,A1-M06-I05-S2,SECOND_RETURN,A1-M07-I05-S1,CROSS_MODULE,PRESERVE_TARGET_MODE_POLICY,REQUIRED,CONTEXTUAL_OR_FUNCTION_BOUND,NONE,Return scheduling requirement; exposure is not mastery.
REC-A1-002130,SENSE,SENSE-A1-000443,A1-M06-I05-S2,THIRD_RETURN,A1-M07-I05-S3,CROSS_MODULE,PRESERVE_TARGET_MODE_POLICY,REQUIRED,CONTEXTUAL_OR_FUNCTION_BOUND,NONE,Return scheduling requirement; exposure is not mastery.
REC-A1-002131,SENSE,SENSE-A1-000550,A1-M06-I05-S2,FIRST_RETURN,A1-M06-I05-S3,SAME_ISLAND,PRESERVE_TARGET_MODE_POLICY,REQUIRED,CONTEXTUAL_OR_FUNCTION_BOUND,NONE,Return scheduling requirement; exposure is not mastery.
REC-A1-002132,SENSE,SENSE-A1-000550,A1-M06-I05-S2,SECOND_RETURN,A1-M07-I05-S1,CROSS_MODULE,PRESERVE_TARGET_MODE_POLICY,REQUIRED,CONTEXTUAL_OR_FUNCTION_BOUND,NONE,Return scheduling requirement; exposure is not mastery.
REC-A1-002133,SENSE,SENSE-A1-000550,A1-M06-I05-S2,THIRD_RETURN,A1-M07-I05-S3,CROSS_MODULE,PRESERVE_TARGET_MODE_POLICY,REQUIRED,CONTEXTUAL_OR_FUNCTION_BOUND,NONE,Return scheduling requirement; exposure is not mastery.
REC-A1-002134,SENSE,SENSE-A1-000557,A1-M06-I05-S2,FIRST_RETURN,A1-M06-I05-S3,SAME_ISLAND,PRESERVE_TARGET_MODE_POLICY,REQUIRED,CONTEXTUAL_OR_FUNCTION_BOUND,NONE,Return scheduling requirement; exposure is not mastery.
REC-A1-002135,SENSE,SENSE-A1-000557,A1-M06-I05-S2,SECOND_RETURN,A1-M07-I05-S1,CROSS_MODULE,PRESERVE_TARGET_MODE_POLICY,REQUIRED,CONTEXTUAL_OR_FUNCTION_BOUND,NONE,Return scheduling requirement; exposure is not mastery.
REC-A1-002136,SENSE,SENSE-A1-000557,A1-M06-I05-S2,THIRD_RETURN,A1-M07-I05-S3,CROSS_MODULE,PRESERVE_TARGET_MODE_POLICY,REQUIRED,CONTEXTUAL_OR_FUNCTION_BOUND,NONE,Return scheduling requirement; exposure is not mastery.
REC-A1-002137,MWU_SOURCE_UNIT,12B1-MWU-0037,A1-M06-I05-S2,FIRST_RETURN,A1-M06-I05-S3,SAME_ISLAND,PRESERVE_TARGET_MODE_POLICY,REQUIRED,CONTEXTUAL_OR_FUNCTION_BOUND,NONE,Return scheduling requirement; exposure is not mastery.
REC-A1-002138,MWU_SOURCE_UNIT,12B1-MWU-0037,A1-M06-I05-S2,SECOND_RETURN,A1-M07-I05-S1,CROSS_MODULE,PRESERVE_TARGET_MODE_POLICY,REQUIRED,CONTEXTUAL_OR_FUNCTION_BOUND,NONE,Return scheduling requirement; exposure is not mastery.
REC-A1-002139,MWU_SOURCE_UNIT,12B1-MWU-0037,A1-M06-I05-S2,THIRD_RETURN,A1-M07-I05-S3,CROSS_MODULE,PRESERVE_TARGET_MODE_POLICY,REQUIRED,CONTEXTUAL_OR_FUNCTION_BOUND,NONE,Return scheduling requirement; exposure is not mastery.
REC-A1-002140,MWU_SOURCE_UNIT,12B1-MWU-0038,A1-M06-I05-S2,FIRST_RETURN,A1-M06-I05-S3,SAME_ISLAND,PRESERVE_TARGET_MODE_POLICY,REQUIRED,CONTEXTUAL_OR_FUNCTION_BOUND,NONE,Return scheduling requirement; exposure is not mastery.
REC-A1-002141,MWU_SOURCE_UNIT,12B1-MWU-0038,A1-M06-I05-S2,SECOND_RETURN,A1-M07-I05-S1,CROSS_MODULE,PRESERVE_TARGET_MODE_POLICY,REQUIRED,CONTEXTUAL_OR_FUNCTION_BOUND,NONE,Return scheduling requirement; exposure is not mastery.
REC-A1-002142,MWU_SOURCE_UNIT,12B1-MWU-0038,A1-M06-I05-S2,THIRD_RETURN,A1-M07-I05-S3,CROSS_MODULE,PRESERVE_TARGET_MODE_POLICY,REQUIRED,CONTEXTUAL_OR_FUNCTION_BOUND,NONE,Return scheduling requirement; exposure is not mastery.
REC-A1-002143,MWU_SOURCE_UNIT,12B1-MWU-0039,A1-M06-I05-S2,FIRST_RETURN,A1-M06-I05-S3,SAME_ISLAND,PRESERVE_TARGET_MODE_POLICY,REQUIRED,CONTEXTUAL_OR_FUNCTION_BOUND,NONE,Return scheduling requirement; exposure is not mastery.
REC-A1-002144,MWU_SOURCE_UNIT,12B1-MWU-0039,A1-M06-I05-S2,SECOND_RETURN,A1-M07-I05-S1,CROSS_MODULE,PRESERVE_TARGET_MODE_POLICY,REQUIRED,CONTEXTUAL_OR_FUNCTION_BOUND,NONE,Return scheduling requirement; exposure is not mastery.
REC-A1-002145,MWU_SOURCE_UNIT,12B1-MWU-0039,A1-M06-I05-S2,THIRD_RETURN,A1-M07-I05-S3,CROSS_MODULE,PRESERVE_TARGET_MODE_POLICY,REQUIRED,CONTEXTUAL_OR_FUNCTION_BOUND,NONE,Return scheduling requirement; exposure is not mastery.
REC-A1-002146,MWU_SOURCE_UNIT,12B1-MWU-0040,A1-M06-I05-S2,FIRST_RETURN,A1-M06-I05-S3,SAME_ISLAND,PRESERVE_TARGET_MODE_POLICY,REQUIRED,CONTEXTUAL_OR_FUNCTION_BOUND,NONE,Return scheduling requirement; exposure is not mastery.
REC-A1-002147,MWU_SOURCE_UNIT,12B1-MWU-0040,A1-M06-I05-S2,SECOND_RETURN,A1-M07-I05-S1,CROSS_MODULE,PRESERVE_TARGET_MODE_POLICY,REQUIRED,CONTEXTUAL_OR_FUNCTION_BOUND,NONE,Return scheduling requirement; exposure is not mastery.
REC-A1-002148,MWU_SOURCE_UNIT,12B1-MWU-0040,A1-M06-I05-S2,THIRD_RETURN,A1-M07-I05-S3,CROSS_MODULE,PRESERVE_TARGET_MODE_POLICY,REQUIRED,CONTEXTUAL_OR_FUNCTION_BOUND,NONE,Return scheduling requirement; exposure is not mastery.
REC-A1-002149,MWU_SOURCE_UNIT,12B1-MWU-0041,A1-M06-I05-S2,FIRST_RETURN,A1-M06-I05-S3,SAME_ISLAND,PRESERVE_TARGET_MODE_POLICY,REQUIRED,CONTEXTUAL_OR_FUNCTION_BOUND,NONE,Return scheduling requirement; exposure is not mastery.
REC-A1-002150,MWU_SOURCE_UNIT,12B1-MWU-0041,A1-M06-I05-S2,SECOND_RETURN,A1-M07-I05-S1,CROSS_MODULE,PRESERVE_TARGET_MODE_POLICY,REQUIRED,CONTEXTUAL_OR_FUNCTION_BOUND,NONE,Return scheduling requirement; exposure is not mastery.
REC-A1-002151,MWU_SOURCE_UNIT,12B1-MWU-0041,A1-M06-I05-S2,THIRD_RETURN,A1-M07-I05-S3,CROSS_MODULE,PRESERVE_TARGET_MODE_POLICY,REQUIRED,CONTEXTUAL_OR_FUNCTION_BOUND,NONE,Return scheduling requirement; exposure is not mastery.
REC-A1-002152,MWU_SOURCE_UNIT,12B1-MWU-0042,A1-M06-I05-S2,FIRST_RETURN,A1-M06-I05-S3,SAME_ISLAND,PRESERVE_TARGET_MODE_POLICY,REQUIRED,CONTEXTUAL_OR_FUNCTION_BOUND,NONE,Return scheduling requirement; exposure is not mastery.
REC-A1-002153,MWU_SOURCE_UNIT,12B1-MWU-0042,A1-M06-I05-S2,SECOND_RETURN,A1-M07-I05-S1,CROSS_MODULE,PRESERVE_TARGET_MODE_POLICY,REQUIRED,CONTEXTUAL_OR_FUNCTION_BOUND,NONE,Return scheduling requirement; exposure is not mastery.
REC-A1-002154,MWU_SOURCE_UNIT,12B1-MWU-0042,A1-M06-I05-S2,THIRD_RETURN,A1-M07-I05-S3,CROSS_MODULE,PRESERVE_TARGET_MODE_POLICY,REQUIRED,CONTEXTUAL_OR_FUNCTION_BOUND,NONE,Return scheduling requirement; exposure is not mastery.
REC-A1-002155,MWU_SOURCE_UNIT,12B1-MWU-0043,A1-M06-I05-S2,FIRST_RETURN,A1-M06-I05-S3,SAME_ISLAND,PRESERVE_TARGET_MODE_POLICY,REQUIRED,CONTEXTUAL_OR_FUNCTION_BOUND,NONE,Return scheduling requirement; exposure is not mastery.
REC-A1-002156,MWU_SOURCE_UNIT,12B1-MWU-0043,A1-M06-I05-S2,SECOND_RETURN,A1-M07-I05-S1,CROSS_MODULE,PRESERVE_TARGET_MODE_POLICY,REQUIRED,CONTEXTUAL_OR_FUNCTION_BOUND,NONE,Return scheduling requirement; exposure is not mastery.
REC-A1-002157,MWU_SOURCE_UNIT,12B1-MWU-0043,A1-M06-I05-S2,THIRD_RETURN,A1-M07-I05-S3,CROSS_MODULE,PRESERVE_TARGET_MODE_POLICY,REQUIRED,CONTEXTUAL_OR_FUNCTION_BOUND,NONE,Return scheduling requirement; exposure is not mastery.
REC-A1-002158,MWU_SOURCE_UNIT,12B1-MWU-0054,A1-M06-I05-S2,FIRST_RETURN,A1-M06-I05-S3,SAME_ISLAND,PRESERVE_TARGET_MODE_POLICY,REQUIRED,CONTEXTUAL_OR_FUNCTION_BOUND,NONE,Return scheduling requirement; exposure is not mastery.
REC-A1-002159,MWU_SOURCE_UNIT,12B1-MWU-0054,A1-M06-I05-S2,SECOND_RETURN,A1-M07-I05-S1,CROSS_MODULE,PRESERVE_TARGET_MODE_POLICY,REQUIRED,CONTEXTUAL_OR_FUNCTION_BOUND,NONE,Return scheduling requirement; exposure is not mastery.
REC-A1-002160,MWU_SOURCE_UNIT,12B1-MWU-0054,A1-M06-I05-S2,THIRD_RETURN,A1-M07-I05-S3,CROSS_MODULE,PRESERVE_TARGET_MODE_POLICY,REQUIRED,CONTEXTUAL_OR_FUNCTION_BOUND,NONE,Return scheduling requirement; exposure is not mastery.
REC-A1-002161,MWU_SOURCE_UNIT,12B1-MWU-0055,A1-M06-I05-S2,FIRST_RETURN,A1-M06-I05-S3,SAME_ISLAND,PRESERVE_TARGET_MODE_POLICY,REQUIRED,CONTEXTUAL_OR_FUNCTION_BOUND,NONE,Return scheduling requirement; exposure is not mastery.
REC-A1-002162,MWU_SOURCE_UNIT,12B1-MWU-0055,A1-M06-I05-S2,SECOND_RETURN,A1-M07-I05-S1,CROSS_MODULE,PRESERVE_TARGET_MODE_POLICY,REQUIRED,CONTEXTUAL_OR_FUNCTION_BOUND,NONE,Return scheduling requirement; exposure is not mastery.
REC-A1-002163,MWU_SOURCE_UNIT,12B1-MWU-0055,A1-M06-I05-S2,THIRD_RETURN,A1-M07-I05-S3,CROSS_MODULE,PRESERVE_TARGET_MODE_POLICY,REQUIRED,CONTEXTUAL_OR_FUNCTION_BOUND,NONE,Return scheduling requirement; exposure is not mastery.
REC-A1-002164,MWU_SOURCE_UNIT,12B1-MWU-0056,A1-M06-I05-S2,FIRST_RETURN,A1-M06-I05-S3,SAME_ISLAND,PRESERVE_TARGET_MODE_POLICY,REQUIRED,CONTEXTUAL_OR_FUNCTION_BOUND,NONE,Return scheduling requirement; exposure is not mastery.
REC-A1-002165,MWU_SOURCE_UNIT,12B1-MWU-0056,A1-M06-I05-S2,SECOND_RETURN,A1-M07-I05-S1,CROSS_MODULE,PRESERVE_TARGET_MODE_POLICY,REQUIRED,CONTEXTUAL_OR_FUNCTION_BOUND,NONE,Return scheduling requirement; exposure is not mastery.
REC-A1-002166,MWU_SOURCE_UNIT,12B1-MWU-0056,A1-M06-I05-S2,THIRD_RETURN,A1-M07-I05-S3,CROSS_MODULE,PRESERVE_TARGET_MODE_POLICY,REQUIRED,CONTEXTUAL_OR_FUNCTION_BOUND,NONE,Return scheduling requirement; exposure is not mastery.
REC-A1-002167,MWU_SOURCE_UNIT,12B1-MWU-0057,A1-M06-I05-S2,FIRST_RETURN,A1-M06-I05-S3,SAME_ISLAND,PRESERVE_TARGET_MODE_POLICY,REQUIRED,CONTEXTUAL_OR_FUNCTION_BOUND,NONE,Return scheduling requirement; exposure is not mastery.
REC-A1-002168,MWU_SOURCE_UNIT,12B1-MWU-0057,A1-M06-I05-S2,SECOND_RETURN,A1-M07-I05-S1,CROSS_MODULE,PRESERVE_TARGET_MODE_POLICY,REQUIRED,CONTEXTUAL_OR_FUNCTION_BOUND,NONE,Return scheduling requirement; exposure is not mastery.
REC-A1-002169,MWU_SOURCE_UNIT,12B1-MWU-0057,A1-M06-I05-S2,THIRD_RETURN,A1-M07-I05-S3,CROSS_MODULE,PRESERVE_TARGET_MODE_POLICY,REQUIRED,CONTEXTUAL_OR_FUNCTION_BOUND,NONE,Return scheduling requirement; exposure is not mastery.
REC-A1-002170,MWU_SOURCE_UNIT,12B1-MWU-0058,A1-M06-I05-S2,FIRST_RETURN,A1-M06-I05-S3,SAME_ISLAND,PRESERVE_TARGET_MODE_POLICY,REQUIRED,CONTEXTUAL_OR_FUNCTION_BOUND,NONE,Return scheduling requirement; exposure is not mastery.
REC-A1-002171,MWU_SOURCE_UNIT,12B1-MWU-0058,A1-M06-I05-S2,SECOND_RETURN,A1-M07-I05-S1,CROSS_MODULE,PRESERVE_TARGET_MODE_POLICY,REQUIRED,CONTEXTUAL_OR_FUNCTION_BOUND,NONE,Return scheduling requirement; exposure is not mastery.
REC-A1-002172,MWU_SOURCE_UNIT,12B1-MWU-0058,A1-M06-I05-S2,THIRD_RETURN,A1-M07-I05-S3,CROSS_MODULE,PRESERVE_TARGET_MODE_POLICY,REQUIRED,CONTEXTUAL_OR_FUNCTION_BOUND,NONE,Return scheduling requirement; exposure is not mastery.
REC-A1-002173,MWU_SOURCE_UNIT,12B1-MWU-0059,A1-M06-I05-S2,FIRST_RETURN,A1-M06-I05-S3,SAME_ISLAND,PRESERVE_TARGET_MODE_POLICY,REQUIRED,CONTEXTUAL_OR_FUNCTION_BOUND,NONE,Return scheduling requirement; exposure is not mastery.
REC-A1-002174,MWU_SOURCE_UNIT,12B1-MWU-0059,A1-M06-I05-S2,SECOND_RETURN,A1-M07-I05-S1,CROSS_MODULE,PRESERVE_TARGET_MODE_POLICY,REQUIRED,CONTEXTUAL_OR_FUNCTION_BOUND,NONE,Return scheduling requirement; exposure is not mastery.
REC-A1-002175,MWU_SOURCE_UNIT,12B1-MWU-0059,A1-M06-I05-S2,THIRD_RETURN,A1-M07-I05-S3,CROSS_MODULE,PRESERVE_TARGET_MODE_POLICY,REQUIRED,CONTEXTUAL_OR_FUNCTION_BOUND,NONE,Return scheduling requirement; exposure is not mastery.
REC-A1-002176,MWU_SOURCE_UNIT,12B1-MWU-0062,A1-M06-I05-S2,FIRST_RETURN,A1-M06-I05-S3,SAME_ISLAND,PRESERVE_TARGET_MODE_POLICY,REQUIRED,CONTEXTUAL_OR_FUNCTION_BOUND,NONE,Return scheduling requirement; exposure is not mastery.
REC-A1-002177,MWU_SOURCE_UNIT,12B1-MWU-0062,A1-M06-I05-S2,SECOND_RETURN,A1-M07-I05-S1,CROSS_MODULE,PRESERVE_TARGET_MODE_POLICY,REQUIRED,CONTEXTUAL_OR_FUNCTION_BOUND,NONE,Return scheduling requirement; exposure is not mastery.
REC-A1-002178,MWU_SOURCE_UNIT,12B1-MWU-0062,A1-M06-I05-S2,THIRD_RETURN,A1-M07-I05-S3,CROSS_MODULE,PRESERVE_TARGET_MODE_POLICY,REQUIRED,CONTEXTUAL_OR_FUNCTION_BOUND,NONE,Return scheduling requirement; exposure is not mastery.
REC-A1-002179,MWU_SOURCE_UNIT,12B1-MWU-0063,A1-M06-I05-S2,FIRST_RETURN,A1-M06-I05-S3,SAME_ISLAND,PRESERVE_TARGET_MODE_POLICY,REQUIRED,CONTEXTUAL_OR_FUNCTION_BOUND,NONE,Return scheduling requirement; exposure is not mastery.
REC-A1-002180,MWU_SOURCE_UNIT,12B1-MWU-0063,A1-M06-I05-S2,SECOND_RETURN,A1-M07-I05-S1,CROSS_MODULE,PRESERVE_TARGET_MODE_POLICY,REQUIRED,CONTEXTUAL_OR_FUNCTION_BOUND,NONE,Return scheduling requirement; exposure is not mastery.
REC-A1-002181,MWU_SOURCE_UNIT,12B1-MWU-0063,A1-M06-I05-S2,THIRD_RETURN,A1-M07-I05-S3,CROSS_MODULE,PRESERVE_TARGET_MODE_POLICY,REQUIRED,CONTEXTUAL_OR_FUNCTION_BOUND,NONE,Return scheduling requirement; exposure is not mastery.
REC-A1-002182,MWU_SOURCE_UNIT,12B1-MWU-0068,A1-M06-I05-S2,FIRST_RETURN,A1-M06-I05-S3,SAME_ISLAND,PRESERVE_TARGET_MODE_POLICY,REQUIRED,CONTEXTUAL_OR_FUNCTION_BOUND,NONE,Return scheduling requirement; exposure is not mastery.
REC-A1-002183,MWU_SOURCE_UNIT,12B1-MWU-0068,A1-M06-I05-S2,SECOND_RETURN,A1-M07-I05-S1,CROSS_MODULE,PRESERVE_TARGET_MODE_POLICY,REQUIRED,CONTEXTUAL_OR_FUNCTION_BOUND,NONE,Return scheduling requirement; exposure is not mastery.
REC-A1-002184,MWU_SOURCE_UNIT,12B1-MWU-0068,A1-M06-I05-S2,THIRD_RETURN,A1-M07-I05-S3,CROSS_MODULE,PRESERVE_TARGET_MODE_POLICY,REQUIRED,CONTEXTUAL_OR_FUNCTION_BOUND,NONE,Return scheduling requirement; exposure is not mastery.
REC-A1-002185,SENSE,SENSE-A1-000103,A1-M06-I05-S3,FIRST_RETURN,A1-M07-I05-S1,CROSS_MODULE,PRESERVE_TARGET_MODE_POLICY,REQUIRED,CONTEXTUAL_OR_FUNCTION_BOUND,NONE,Return scheduling requirement; exposure is not mastery.
REC-A1-002186,SENSE,SENSE-A1-000103,A1-M06-I05-S3,SECOND_RETURN,A1-M07-I05-S2,CROSS_MODULE,PRESERVE_TARGET_MODE_POLICY,REQUIRED,CONTEXTUAL_OR_FUNCTION_BOUND,NONE,Return scheduling requirement; exposure is not mastery.
REC-A1-002187,SENSE,SENSE-A1-000103,A1-M06-I05-S3,THIRD_RETURN,A1-M08-I05-S1,CROSS_MODULE,PRESERVE_TARGET_MODE_POLICY,REQUIRED,CONTEXTUAL_OR_FUNCTION_BOUND,NONE,Return scheduling requirement; exposure is not mastery.
REC-A1-002188,SENSE,SENSE-A1-000105,A1-M06-I05-S3,FIRST_RETURN,A1-M07-I05-S1,CROSS_MODULE,PRESERVE_TARGET_MODE_POLICY,REQUIRED,CONTEXTUAL_OR_FUNCTION_BOUND,NONE,Return scheduling requirement; exposure is not mastery.
REC-A1-002189,SENSE,SENSE-A1-000105,A1-M06-I05-S3,SECOND_RETURN,A1-M07-I05-S2,CROSS_MODULE,PRESERVE_TARGET_MODE_POLICY,REQUIRED,CONTEXTUAL_OR_FUNCTION_BOUND,NONE,Return scheduling requirement; exposure is not mastery.
REC-A1-002190,SENSE,SENSE-A1-000105,A1-M06-I05-S3,THIRD_RETURN,A1-M08-I05-S1,CROSS_MODULE,PRESERVE_TARGET_MODE_POLICY,REQUIRED,CONTEXTUAL_OR_FUNCTION_BOUND,NONE,Return scheduling requirement; exposure is not mastery.
REC-A1-002191,SENSE,SENSE-A1-000137,A1-M06-I05-S3,FIRST_RETURN,A1-M07-I05-S1,CROSS_MODULE,PRESERVE_TARGET_MODE_POLICY,REQUIRED,CONTEXTUAL_OR_FUNCTION_BOUND,NONE,Return scheduling requirement; exposure is not mastery.
REC-A1-002192,SENSE,SENSE-A1-000137,A1-M06-I05-S3,SECOND_RETURN,A1-M07-I05-S2,CROSS_MODULE,PRESERVE_TARGET_MODE_POLICY,REQUIRED,CONTEXTUAL_OR_FUNCTION_BOUND,NONE,Return scheduling requirement; exposure is not mastery.
REC-A1-002193,SENSE,SENSE-A1-000137,A1-M06-I05-S3,THIRD_RETURN,A1-M08-I05-S1,CROSS_MODULE,PRESERVE_TARGET_MODE_POLICY,REQUIRED,CONTEXTUAL_OR_FUNCTION_BOUND,NONE,Return scheduling requirement; exposure is not mastery.
REC-A1-002194,SENSE,SENSE-A1-000164,A1-M06-I05-S3,FIRST_RETURN,A1-M07-I05-S1,CROSS_MODULE,PRESERVE_TARGET_MODE_POLICY,REQUIRED,CONTEXTUAL_OR_FUNCTION_BOUND,NONE,Return scheduling requirement; exposure is not mastery.
REC-A1-002195,SENSE,SENSE-A1-000164,A1-M06-I05-S3,SECOND_RETURN,A1-M07-I05-S2,CROSS_MODULE,PRESERVE_TARGET_MODE_POLICY,REQUIRED,CONTEXTUAL_OR_FUNCTION_BOUND,NONE,Return scheduling requirement; exposure is not mastery.
REC-A1-002196,SENSE,SENSE-A1-000164,A1-M06-I05-S3,THIRD_RETURN,A1-M08-I05-S1,CROSS_MODULE,PRESERVE_TARGET_MODE_POLICY,REQUIRED,CONTEXTUAL_OR_FUNCTION_BOUND,NONE,Return scheduling requirement; exposure is not mastery.
REC-A1-002197,SENSE,SENSE-A1-000228,A1-M06-I05-S3,FIRST_RETURN,A1-M07-I05-S1,CROSS_MODULE,PRESERVE_TARGET_MODE_POLICY,REQUIRED,CONTEXTUAL_OR_FUNCTION_BOUND,NONE,Return scheduling requirement; exposure is not mastery.
REC-A1-002198,SENSE,SENSE-A1-000228,A1-M06-I05-S3,SECOND_RETURN,A1-M07-I05-S2,CROSS_MODULE,PRESERVE_TARGET_MODE_POLICY,REQUIRED,CONTEXTUAL_OR_FUNCTION_BOUND,NONE,Return scheduling requirement; exposure is not mastery.
REC-A1-002199,SENSE,SENSE-A1-000228,A1-M06-I05-S3,THIRD_RETURN,A1-M08-I05-S1,CROSS_MODULE,PRESERVE_TARGET_MODE_POLICY,REQUIRED,CONTEXTUAL_OR_FUNCTION_BOUND,NONE,Return scheduling requirement; exposure is not mastery.
REC-A1-002200,SENSE,SENSE-A1-000272,A1-M06-I05-S3,FIRST_RETURN,A1-M07-I05-S1,CROSS_MODULE,PRESERVE_TARGET_MODE_POLICY,REQUIRED,CONTEXTUAL_OR_FUNCTION_BOUND,NONE,Return scheduling requirement; exposure is not mastery.
REC-A1-002201,SENSE,SENSE-A1-000272,A1-M06-I05-S3,SECOND_RETURN,A1-M07-I05-S2,CROSS_MODULE,PRESERVE_TARGET_MODE_POLICY,REQUIRED,CONTEXTUAL_OR_FUNCTION_BOUND,NONE,Return scheduling requirement; exposure is not mastery.
REC-A1-002202,SENSE,SENSE-A1-000272,A1-M06-I05-S3,THIRD_RETURN,A1-M08-I05-S1,CROSS_MODULE,PRESERVE_TARGET_MODE_POLICY,REQUIRED,CONTEXTUAL_OR_FUNCTION_BOUND,NONE,Return scheduling requirement; exposure is not mastery.
REC-A1-002203,SENSE,SENSE-A1-000325,A1-M06-I05-S3,FIRST_RETURN,A1-M07-I05-S1,CROSS_MODULE,PRESERVE_TARGET_MODE_POLICY,REQUIRED,CONTEXTUAL_OR_FUNCTION_BOUND,NONE,Return scheduling requirement; exposure is not mastery.
REC-A1-002204,SENSE,SENSE-A1-000325,A1-M06-I05-S3,SECOND_RETURN,A1-M07-I05-S2,CROSS_MODULE,PRESERVE_TARGET_MODE_POLICY,REQUIRED,CONTEXTUAL_OR_FUNCTION_BOUND,NONE,Return scheduling requirement; exposure is not mastery.
REC-A1-002205,SENSE,SENSE-A1-000325,A1-M06-I05-S3,THIRD_RETURN,A1-M08-I05-S1,CROSS_MODULE,PRESERVE_TARGET_MODE_POLICY,REQUIRED,CONTEXTUAL_OR_FUNCTION_BOUND,NONE,Return scheduling requirement; exposure is not mastery.
REC-A1-002206,SENSE,SENSE-A1-000388,A1-M06-I05-S3,FIRST_RETURN,A1-M07-I05-S1,CROSS_MODULE,PRESERVE_TARGET_MODE_POLICY,REQUIRED,CONTEXTUAL_OR_FUNCTION_BOUND,NONE,Return scheduling requirement; exposure is not mastery.
REC-A1-002207,SENSE,SENSE-A1-000388,A1-M06-I05-S3,SECOND_RETURN,A1-M07-I05-S2,CROSS_MODULE,PRESERVE_TARGET_MODE_POLICY,REQUIRED,CONTEXTUAL_OR_FUNCTION_BOUND,NONE,Return scheduling requirement; exposure is not mastery.
REC-A1-002208,SENSE,SENSE-A1-000388,A1-M06-I05-S3,THIRD_RETURN,A1-M08-I05-S1,CROSS_MODULE,PRESERVE_TARGET_MODE_POLICY,REQUIRED,CONTEXTUAL_OR_FUNCTION_BOUND,NONE,Return scheduling requirement; exposure is not mastery.
REC-A1-002209,SENSE,SENSE-A1-000435,A1-M06-I05-S3,FIRST_RETURN,A1-M07-I05-S1,CROSS_MODULE,PRESERVE_TARGET_MODE_POLICY,REQUIRED,CONTEXTUAL_OR_FUNCTION_BOUND,NONE,Return scheduling requirement; exposure is not mastery.
REC-A1-002210,SENSE,SENSE-A1-000435,A1-M06-I05-S3,SECOND_RETURN,A1-M07-I05-S2,CROSS_MODULE,PRESERVE_TARGET_MODE_POLICY,REQUIRED,CONTEXTUAL_OR_FUNCTION_BOUND,NONE,Return scheduling requirement; exposure is not mastery.
REC-A1-002211,SENSE,SENSE-A1-000435,A1-M06-I05-S3,THIRD_RETURN,A1-M08-I05-S1,CROSS_MODULE,PRESERVE_TARGET_MODE_POLICY,REQUIRED,CONTEXTUAL_OR_FUNCTION_BOUND,NONE,Return scheduling requirement; exposure is not mastery.
REC-A1-002212,SENSE,SENSE-A1-000439,A1-M06-I05-S3,FIRST_RETURN,A1-M07-I05-S1,CROSS_MODULE,PRESERVE_TARGET_MODE_POLICY,REQUIRED,CONTEXTUAL_OR_FUNCTION_BOUND,NONE,Return scheduling requirement; exposure is not mastery.
REC-A1-002213,SENSE,SENSE-A1-000439,A1-M06-I05-S3,SECOND_RETURN,A1-M07-I05-S2,CROSS_MODULE,PRESERVE_TARGET_MODE_POLICY,REQUIRED,CONTEXTUAL_OR_FUNCTION_BOUND,NONE,Return scheduling requirement; exposure is not mastery.
REC-A1-002214,SENSE,SENSE-A1-000439,A1-M06-I05-S3,THIRD_RETURN,A1-M08-I05-S1,CROSS_MODULE,PRESERVE_TARGET_MODE_POLICY,REQUIRED,CONTEXTUAL_OR_FUNCTION_BOUND,NONE,Return scheduling requirement; exposure is not mastery.
REC-A1-002215,SENSE,SENSE-A1-000492,A1-M06-I05-S3,FIRST_RETURN,A1-M07-I05-S1,CROSS_MODULE,PRESERVE_TARGET_MODE_POLICY,REQUIRED,CONTEXTUAL_OR_FUNCTION_BOUND,NONE,Return scheduling requirement; exposure is not mastery.
REC-A1-002216,SENSE,SENSE-A1-000492,A1-M06-I05-S3,SECOND_RETURN,A1-M07-I05-S2,CROSS_MODULE,PRESERVE_TARGET_MODE_POLICY,REQUIRED,CONTEXTUAL_OR_FUNCTION_BOUND,NONE,Return scheduling requirement; exposure is not mastery.
REC-A1-002217,SENSE,SENSE-A1-000492,A1-M06-I05-S3,THIRD_RETURN,A1-M08-I05-S1,CROSS_MODULE,PRESERVE_TARGET_MODE_POLICY,REQUIRED,CONTEXTUAL_OR_FUNCTION_BOUND,NONE,Return scheduling requirement; exposure is not mastery.
REC-A1-002218,SENSE,SENSE-A1-000554,A1-M06-I05-S3,FIRST_RETURN,A1-M07-I05-S1,CROSS_MODULE,PRESERVE_TARGET_MODE_POLICY,REQUIRED,CONTEXTUAL_OR_FUNCTION_BOUND,NONE,Return scheduling requirement; exposure is not mastery.
REC-A1-002219,SENSE,SENSE-A1-000554,A1-M06-I05-S3,SECOND_RETURN,A1-M07-I05-S2,CROSS_MODULE,PRESERVE_TARGET_MODE_POLICY,REQUIRED,CONTEXTUAL_OR_FUNCTION_BOUND,NONE,Return scheduling requirement; exposure is not mastery.
REC-A1-002220,SENSE,SENSE-A1-000554,A1-M06-I05-S3,THIRD_RETURN,A1-M08-I05-S1,CROSS_MODULE,PRESERVE_TARGET_MODE_POLICY,REQUIRED,CONTEXTUAL_OR_FUNCTION_BOUND,NONE,Return scheduling requirement; exposure is not mastery.
REC-A1-002221,SENSE,SENSE-A1-000586,A1-M06-I05-S3,FIRST_RETURN,A1-M07-I05-S1,CROSS_MODULE,PRESERVE_TARGET_MODE_POLICY,REQUIRED,CONTEXTUAL_OR_FUNCTION_BOUND,NONE,Return scheduling requirement; exposure is not mastery.
REC-A1-002222,SENSE,SENSE-A1-000586,A1-M06-I05-S3,SECOND_RETURN,A1-M07-I05-S2,CROSS_MODULE,PRESERVE_TARGET_MODE_POLICY,REQUIRED,CONTEXTUAL_OR_FUNCTION_BOUND,NONE,Return scheduling requirement; exposure is not mastery.
REC-A1-002223,SENSE,SENSE-A1-000586,A1-M06-I05-S3,THIRD_RETURN,A1-M08-I05-S1,CROSS_MODULE,PRESERVE_TARGET_MODE_POLICY,REQUIRED,CONTEXTUAL_OR_FUNCTION_BOUND,NONE,Return scheduling requirement; exposure is not mastery.
REC-A1-002224,GRAMMAR_UNIT,GRAM-A1-156,A1-M06-I05-S3,FIRST_RETURN,A1-M07-I05-S1,CROSS_MODULE,PRESERVE_TARGET_MODE_POLICY,REQUIRED,FUNCTION_OR_TASK_BOUND,NONE,Return scheduling requirement; exposure is not mastery.
REC-A1-002225,GRAMMAR_UNIT,GRAM-A1-156,A1-M06-I05-S3,SECOND_RETURN,A1-M07-I05-S2,CROSS_MODULE,PRESERVE_TARGET_MODE_POLICY,REQUIRED,FUNCTION_OR_TASK_BOUND,NONE,Return scheduling requirement; exposure is not mastery.
REC-A1-002226,GRAMMAR_UNIT,GRAM-A1-156,A1-M06-I05-S3,THIRD_RETURN,A1-M08-I05-S1,CROSS_MODULE,PRESERVE_TARGET_MODE_POLICY,REQUIRED,FUNCTION_OR_TASK_BOUND,NONE,Return scheduling requirement; exposure is not mastery.
REC-A1-002227,MWU_SOURCE_UNIT,12B1-MWU-0046,A1-M06-I05-S3,FIRST_RETURN,A1-M07-I05-S1,CROSS_MODULE,PRESERVE_TARGET_MODE_POLICY,REQUIRED,CONTEXTUAL_OR_FUNCTION_BOUND,NONE,Return scheduling requirement; exposure is not mastery.
REC-A1-002228,MWU_SOURCE_UNIT,12B1-MWU-0046,A1-M06-I05-S3,SECOND_RETURN,A1-M07-I05-S2,CROSS_MODULE,PRESERVE_TARGET_MODE_POLICY,REQUIRED,CONTEXTUAL_OR_FUNCTION_BOUND,NONE,Return scheduling requirement; exposure is not mastery.
REC-A1-002229,MWU_SOURCE_UNIT,12B1-MWU-0046,A1-M06-I05-S3,THIRD_RETURN,A1-M08-I05-S1,CROSS_MODULE,PRESERVE_TARGET_MODE_POLICY,REQUIRED,CONTEXTUAL_OR_FUNCTION_BOUND,NONE,Return scheduling requirement; exposure is not mastery.
REC-A1-002230,MWU_SOURCE_UNIT,12B1-MWU-0047,A1-M06-I05-S3,FIRST_RETURN,A1-M07-I05-S1,CROSS_MODULE,PRESERVE_TARGET_MODE_POLICY,REQUIRED,CONTEXTUAL_OR_FUNCTION_BOUND,NONE,Return scheduling requirement; exposure is not mastery.
REC-A1-002231,MWU_SOURCE_UNIT,12B1-MWU-0047,A1-M06-I05-S3,SECOND_RETURN,A1-M07-I05-S2,CROSS_MODULE,PRESERVE_TARGET_MODE_POLICY,REQUIRED,CONTEXTUAL_OR_FUNCTION_BOUND,NONE,Return scheduling requirement; exposure is not mastery.
REC-A1-002232,MWU_SOURCE_UNIT,12B1-MWU-0047,A1-M06-I05-S3,THIRD_RETURN,A1-M08-I05-S1,CROSS_MODULE,PRESERVE_TARGET_MODE_POLICY,REQUIRED,CONTEXTUAL_OR_FUNCTION_BOUND,NONE,Return scheduling requirement; exposure is not mastery.
REC-A1-002233,MWU_SOURCE_UNIT,12B1-MWU-0049,A1-M06-I05-S3,FIRST_RETURN,A1-M07-I05-S1,CROSS_MODULE,PRESERVE_TARGET_MODE_POLICY,REQUIRED,CONTEXTUAL_OR_FUNCTION_BOUND,NONE,Return scheduling requirement; exposure is not mastery.
REC-A1-002234,MWU_SOURCE_UNIT,12B1-MWU-0049,A1-M06-I05-S3,SECOND_RETURN,A1-M07-I05-S2,CROSS_MODULE,PRESERVE_TARGET_MODE_POLICY,REQUIRED,CONTEXTUAL_OR_FUNCTION_BOUND,NONE,Return scheduling requirement; exposure is not mastery.
REC-A1-002235,MWU_SOURCE_UNIT,12B1-MWU-0049,A1-M06-I05-S3,THIRD_RETURN,A1-M08-I05-S1,CROSS_MODULE,PRESERVE_TARGET_MODE_POLICY,REQUIRED,CONTEXTUAL_OR_FUNCTION_BOUND,NONE,Return scheduling requirement; exposure is not mastery.
REC-A1-002236,MWU_SOURCE_UNIT,12B1-MWU-0050,A1-M06-I05-S3,FIRST_RETURN,A1-M07-I05-S1,CROSS_MODULE,PRESERVE_TARGET_MODE_POLICY,REQUIRED,CONTEXTUAL_OR_FUNCTION_BOUND,NONE,Return scheduling requirement; exposure is not mastery.
REC-A1-002237,MWU_SOURCE_UNIT,12B1-MWU-0050,A1-M06-I05-S3,SECOND_RETURN,A1-M07-I05-S2,CROSS_MODULE,PRESERVE_TARGET_MODE_POLICY,REQUIRED,CONTEXTUAL_OR_FUNCTION_BOUND,NONE,Return scheduling requirement; exposure is not mastery.
REC-A1-002238,MWU_SOURCE_UNIT,12B1-MWU-0050,A1-M06-I05-S3,THIRD_RETURN,A1-M08-I05-S1,CROSS_MODULE,PRESERVE_TARGET_MODE_POLICY,REQUIRED,CONTEXTUAL_OR_FUNCTION_BOUND,NONE,Return scheduling requirement; exposure is not mastery.
REC-A1-002239,MWU_SOURCE_UNIT,12B1-MWU-0051,A1-M06-I05-S3,FIRST_RETURN,A1-M07-I05-S1,CROSS_MODULE,PRESERVE_TARGET_MODE_POLICY,REQUIRED,CONTEXTUAL_OR_FUNCTION_BOUND,NONE,Return scheduling requirement; exposure is not mastery.
REC-A1-002240,MWU_SOURCE_UNIT,12B1-MWU-0051,A1-M06-I05-S3,SECOND_RETURN,A1-M07-I05-S2,CROSS_MODULE,PRESERVE_TARGET_MODE_POLICY,REQUIRED,CONTEXTUAL_OR_FUNCTION_BOUND,NONE,Return scheduling requirement; exposure is not mastery.
REC-A1-002241,MWU_SOURCE_UNIT,12B1-MWU-0051,A1-M06-I05-S3,THIRD_RETURN,A1-M08-I05-S1,CROSS_MODULE,PRESERVE_TARGET_MODE_POLICY,REQUIRED,CONTEXTUAL_OR_FUNCTION_BOUND,NONE,Return scheduling requirement; exposure is not mastery.
REC-A1-002242,MWU_SOURCE_UNIT,12B1-MWU-0052,A1-M06-I05-S3,FIRST_RETURN,A1-M07-I05-S1,CROSS_MODULE,PRESERVE_TARGET_MODE_POLICY,REQUIRED,CONTEXTUAL_OR_FUNCTION_BOUND,NONE,Return scheduling requirement; exposure is not mastery.
REC-A1-002243,MWU_SOURCE_UNIT,12B1-MWU-0052,A1-M06-I05-S3,SECOND_RETURN,A1-M07-I05-S2,CROSS_MODULE,PRESERVE_TARGET_MODE_POLICY,REQUIRED,CONTEXTUAL_OR_FUNCTION_BOUND,NONE,Return scheduling requirement; exposure is not mastery.
REC-A1-002244,MWU_SOURCE_UNIT,12B1-MWU-0052,A1-M06-I05-S3,THIRD_RETURN,A1-M08-I05-S1,CROSS_MODULE,PRESERVE_TARGET_MODE_POLICY,REQUIRED,CONTEXTUAL_OR_FUNCTION_BOUND,NONE,Return scheduling requirement; exposure is not mastery.
REC-A1-002245,MWU_SOURCE_UNIT,12B1-MWU-0053,A1-M06-I05-S3,FIRST_RETURN,A1-M07-I05-S1,CROSS_MODULE,PRESERVE_TARGET_MODE_POLICY,REQUIRED,CONTEXTUAL_OR_FUNCTION_BOUND,NONE,Return scheduling requirement; exposure is not mastery.
REC-A1-002246,MWU_SOURCE_UNIT,12B1-MWU-0053,A1-M06-I05-S3,SECOND_RETURN,A1-M07-I05-S2,CROSS_MODULE,PRESERVE_TARGET_MODE_POLICY,REQUIRED,CONTEXTUAL_OR_FUNCTION_BOUND,NONE,Return scheduling requirement; exposure is not mastery.
REC-A1-002247,MWU_SOURCE_UNIT,12B1-MWU-0053,A1-M06-I05-S3,THIRD_RETURN,A1-M08-I05-S1,CROSS_MODULE,PRESERVE_TARGET_MODE_POLICY,REQUIRED,CONTEXTUAL_OR_FUNCTION_BOUND,NONE,Return scheduling requirement; exposure is not mastery.
REC-A1-002248,SENSE,SENSE-A1-000037,A1-M06-I05-S3,FIRST_RETURN,A1-M07-I05-S1,CROSS_MODULE,PRESERVE_TARGET_MODE_POLICY,REQUIRED,CONTEXTUAL_OR_FUNCTION_BOUND,NONE,Return scheduling requirement; exposure is not mastery.
REC-A1-002249,SENSE,SENSE-A1-000037,A1-M06-I05-S3,SECOND_RETURN,A1-M07-I05-S2,CROSS_MODULE,PRESERVE_TARGET_MODE_POLICY,REQUIRED,CONTEXTUAL_OR_FUNCTION_BOUND,NONE,Return scheduling requirement; exposure is not mastery.
REC-A1-002250,SENSE,SENSE-A1-000037,A1-M06-I05-S3,THIRD_RETURN,A1-M08-I05-S1,CROSS_MODULE,PRESERVE_TARGET_MODE_POLICY,REQUIRED,CONTEXTUAL_OR_FUNCTION_BOUND,NONE,Return scheduling requirement; exposure is not mastery.
REC-A1-002251,SENSE,SENSE-A1-000197,A1-M06-I05-S3,FIRST_RETURN,A1-M07-I05-S1,CROSS_MODULE,PRESERVE_TARGET_MODE_POLICY,REQUIRED,CONTEXTUAL_OR_FUNCTION_BOUND,NONE,Return scheduling requirement; exposure is not mastery.
REC-A1-002252,SENSE,SENSE-A1-000197,A1-M06-I05-S3,SECOND_RETURN,A1-M07-I05-S2,CROSS_MODULE,PRESERVE_TARGET_MODE_POLICY,REQUIRED,CONTEXTUAL_OR_FUNCTION_BOUND,NONE,Return scheduling requirement; exposure is not mastery.
REC-A1-002253,SENSE,SENSE-A1-000197,A1-M06-I05-S3,THIRD_RETURN,A1-M08-I05-S1,CROSS_MODULE,PRESERVE_TARGET_MODE_POLICY,REQUIRED,CONTEXTUAL_OR_FUNCTION_BOUND,NONE,Return scheduling requirement; exposure is not mastery.
REC-A1-002254,SENSE,SENSE-A1-000246,A1-M06-I05-S3,FIRST_RETURN,A1-M07-I05-S1,CROSS_MODULE,PRESERVE_TARGET_MODE_POLICY,REQUIRED,CONTEXTUAL_OR_FUNCTION_BOUND,NONE,Return scheduling requirement; exposure is not mastery.
REC-A1-002255,SENSE,SENSE-A1-000246,A1-M06-I05-S3,SECOND_RETURN,A1-M07-I05-S2,CROSS_MODULE,PRESERVE_TARGET_MODE_POLICY,REQUIRED,CONTEXTUAL_OR_FUNCTION_BOUND,NONE,Return scheduling requirement; exposure is not mastery.
REC-A1-002256,SENSE,SENSE-A1-000246,A1-M06-I05-S3,THIRD_RETURN,A1-M08-I05-S1,CROSS_MODULE,PRESERVE_TARGET_MODE_POLICY,REQUIRED,CONTEXTUAL_OR_FUNCTION_BOUND,NONE,Return scheduling requirement; exposure is not mastery.
REC-A1-002257,SENSE,SENSE-A1-000256,A1-M06-I05-S3,FIRST_RETURN,A1-M07-I05-S1,CROSS_MODULE,PRESERVE_TARGET_MODE_POLICY,REQUIRED,CONTEXTUAL_OR_FUNCTION_BOUND,NONE,Return scheduling requirement; exposure is not mastery.
REC-A1-002258,SENSE,SENSE-A1-000256,A1-M06-I05-S3,SECOND_RETURN,A1-M07-I05-S2,CROSS_MODULE,PRESERVE_TARGET_MODE_POLICY,REQUIRED,CONTEXTUAL_OR_FUNCTION_BOUND,NONE,Return scheduling requirement; exposure is not mastery.
REC-A1-002259,SENSE,SENSE-A1-000256,A1-M06-I05-S3,THIRD_RETURN,A1-M08-I05-S1,CROSS_MODULE,PRESERVE_TARGET_MODE_POLICY,REQUIRED,CONTEXTUAL_OR_FUNCTION_BOUND,NONE,Return scheduling requirement; exposure is not mastery.
REC-A1-002260,SENSE,SENSE-A1-000258,A1-M06-I05-S3,FIRST_RETURN,A1-M07-I05-S1,CROSS_MODULE,PRESERVE_TARGET_MODE_POLICY,REQUIRED,CONTEXTUAL_OR_FUNCTION_BOUND,NONE,Return scheduling requirement; exposure is not mastery.
REC-A1-002261,SENSE,SENSE-A1-000258,A1-M06-I05-S3,SECOND_RETURN,A1-M07-I05-S2,CROSS_MODULE,PRESERVE_TARGET_MODE_POLICY,REQUIRED,CONTEXTUAL_OR_FUNCTION_BOUND,NONE,Return scheduling requirement; exposure is not mastery.
REC-A1-002262,SENSE,SENSE-A1-000258,A1-M06-I05-S3,THIRD_RETURN,A1-M08-I05-S1,CROSS_MODULE,PRESERVE_TARGET_MODE_POLICY,REQUIRED,CONTEXTUAL_OR_FUNCTION_BOUND,NONE,Return scheduling requirement; exposure is not mastery.
REC-A1-002263,SENSE,SENSE-A1-000313,A1-M06-I05-S3,FIRST_RETURN,A1-M07-I05-S1,CROSS_MODULE,PRESERVE_TARGET_MODE_POLICY,REQUIRED,CONTEXTUAL_OR_FUNCTION_BOUND,NONE,Return scheduling requirement; exposure is not mastery.
REC-A1-002264,SENSE,SENSE-A1-000313,A1-M06-I05-S3,SECOND_RETURN,A1-M07-I05-S2,CROSS_MODULE,PRESERVE_TARGET_MODE_POLICY,REQUIRED,CONTEXTUAL_OR_FUNCTION_BOUND,NONE,Return scheduling requirement; exposure is not mastery.
REC-A1-002265,SENSE,SENSE-A1-000313,A1-M06-I05-S3,THIRD_RETURN,A1-M08-I05-S1,CROSS_MODULE,PRESERVE_TARGET_MODE_POLICY,REQUIRED,CONTEXTUAL_OR_FUNCTION_BOUND,NONE,Return scheduling requirement; exposure is not mastery.
REC-A1-002266,SENSE,SENSE-A1-000387,A1-M06-I05-S3,FIRST_RETURN,A1-M07-I05-S1,CROSS_MODULE,PRESERVE_TARGET_MODE_POLICY,REQUIRED,CONTEXTUAL_OR_FUNCTION_BOUND,NONE,Return scheduling requirement; exposure is not mastery.
REC-A1-002267,SENSE,SENSE-A1-000387,A1-M06-I05-S3,SECOND_RETURN,A1-M07-I05-S2,CROSS_MODULE,PRESERVE_TARGET_MODE_POLICY,REQUIRED,CONTEXTUAL_OR_FUNCTION_BOUND,NONE,Return scheduling requirement; exposure is not mastery.
REC-A1-002268,SENSE,SENSE-A1-000387,A1-M06-I05-S3,THIRD_RETURN,A1-M08-I05-S1,CROSS_MODULE,PRESERVE_TARGET_MODE_POLICY,REQUIRED,CONTEXTUAL_OR_FUNCTION_BOUND,NONE,Return scheduling requirement; exposure is not mastery.
REC-A1-002269,SENSE,SENSE-A1-000408,A1-M06-I05-S3,FIRST_RETURN,A1-M07-I05-S1,CROSS_MODULE,PRESERVE_TARGET_MODE_POLICY,REQUIRED,CONTEXTUAL_OR_FUNCTION_BOUND,NONE,Return scheduling requirement; exposure is not mastery.
REC-A1-002270,SENSE,SENSE-A1-000408,A1-M06-I05-S3,SECOND_RETURN,A1-M07-I05-S2,CROSS_MODULE,PRESERVE_TARGET_MODE_POLICY,REQUIRED,CONTEXTUAL_OR_FUNCTION_BOUND,NONE,Return scheduling requirement; exposure is not mastery.
REC-A1-002271,SENSE,SENSE-A1-000408,A1-M06-I05-S3,THIRD_RETURN,A1-M08-I05-S1,CROSS_MODULE,PRESERVE_TARGET_MODE_POLICY,REQUIRED,CONTEXTUAL_OR_FUNCTION_BOUND,NONE,Return scheduling requirement; exposure is not mastery.
REC-A1-002272,SENSE,SENSE-A1-000434,A1-M06-I05-S3,FIRST_RETURN,A1-M07-I05-S1,CROSS_MODULE,PRESERVE_TARGET_MODE_POLICY,REQUIRED,CONTEXTUAL_OR_FUNCTION_BOUND,NONE,Return scheduling requirement; exposure is not mastery.
REC-A1-002273,SENSE,SENSE-A1-000434,A1-M06-I05-S3,SECOND_RETURN,A1-M07-I05-S2,CROSS_MODULE,PRESERVE_TARGET_MODE_POLICY,REQUIRED,CONTEXTUAL_OR_FUNCTION_BOUND,NONE,Return scheduling requirement; exposure is not mastery.
REC-A1-002274,SENSE,SENSE-A1-000434,A1-M06-I05-S3,THIRD_RETURN,A1-M08-I05-S1,CROSS_MODULE,PRESERVE_TARGET_MODE_POLICY,REQUIRED,CONTEXTUAL_OR_FUNCTION_BOUND,NONE,Return scheduling requirement; exposure is not mastery.
REC-A1-002275,SENSE,SENSE-A1-000486,A1-M06-I05-S3,FIRST_RETURN,A1-M07-I05-S1,CROSS_MODULE,PRESERVE_TARGET_MODE_POLICY,REQUIRED,CONTEXTUAL_OR_FUNCTION_BOUND,NONE,Return scheduling requirement; exposure is not mastery.
REC-A1-002276,SENSE,SENSE-A1-000486,A1-M06-I05-S3,SECOND_RETURN,A1-M07-I05-S2,CROSS_MODULE,PRESERVE_TARGET_MODE_POLICY,REQUIRED,CONTEXTUAL_OR_FUNCTION_BOUND,NONE,Return scheduling requirement; exposure is not mastery.
REC-A1-002277,SENSE,SENSE-A1-000486,A1-M06-I05-S3,THIRD_RETURN,A1-M08-I05-S1,CROSS_MODULE,PRESERVE_TARGET_MODE_POLICY,REQUIRED,CONTEXTUAL_OR_FUNCTION_BOUND,NONE,Return scheduling requirement; exposure is not mastery.
REC-A1-002278,SENSE,SENSE-A1-000499,A1-M06-I05-S3,FIRST_RETURN,A1-M07-I05-S1,CROSS_MODULE,PRESERVE_TARGET_MODE_POLICY,REQUIRED,CONTEXTUAL_OR_FUNCTION_BOUND,NONE,Return scheduling requirement; exposure is not mastery.
REC-A1-002279,SENSE,SENSE-A1-000499,A1-M06-I05-S3,SECOND_RETURN,A1-M07-I05-S2,CROSS_MODULE,PRESERVE_TARGET_MODE_POLICY,REQUIRED,CONTEXTUAL_OR_FUNCTION_BOUND,NONE,Return scheduling requirement; exposure is not mastery.
REC-A1-002280,SENSE,SENSE-A1-000499,A1-M06-I05-S3,THIRD_RETURN,A1-M08-I05-S1,CROSS_MODULE,PRESERVE_TARGET_MODE_POLICY,REQUIRED,CONTEXTUAL_OR_FUNCTION_BOUND,NONE,Return scheduling requirement; exposure is not mastery.
REC-A1-002281,SENSE,SENSE-A1-000584,A1-M06-I05-S3,FIRST_RETURN,A1-M07-I05-S1,CROSS_MODULE,PRESERVE_TARGET_MODE_POLICY,REQUIRED,CONTEXTUAL_OR_FUNCTION_BOUND,NONE,Return scheduling requirement; exposure is not mastery.
REC-A1-002282,SENSE,SENSE-A1-000584,A1-M06-I05-S3,SECOND_RETURN,A1-M07-I05-S2,CROSS_MODULE,PRESERVE_TARGET_MODE_POLICY,REQUIRED,CONTEXTUAL_OR_FUNCTION_BOUND,NONE,Return scheduling requirement; exposure is not mastery.
REC-A1-002283,SENSE,SENSE-A1-000584,A1-M06-I05-S3,THIRD_RETURN,A1-M08-I05-S1,CROSS_MODULE,PRESERVE_TARGET_MODE_POLICY,REQUIRED,CONTEXTUAL_OR_FUNCTION_BOUND,NONE,Return scheduling requirement; exposure is not mastery.
REC-A1-002284,GRAMMAR_UNIT,GRAM-A1-075,A1-M06-I05-S3,FIRST_RETURN,A1-M07-I05-S1,CROSS_MODULE,PRESERVE_TARGET_MODE_POLICY,REQUIRED,FUNCTION_OR_TASK_BOUND,NONE,Return scheduling requirement; exposure is not mastery.
REC-A1-002285,GRAMMAR_UNIT,GRAM-A1-075,A1-M06-I05-S3,SECOND_RETURN,A1-M07-I05-S2,CROSS_MODULE,PRESERVE_TARGET_MODE_POLICY,REQUIRED,FUNCTION_OR_TASK_BOUND,NONE,Return scheduling requirement; exposure is not mastery.
REC-A1-002286,GRAMMAR_UNIT,GRAM-A1-075,A1-M06-I05-S3,THIRD_RETURN,A1-M08-I05-S1,CROSS_MODULE,PRESERVE_TARGET_MODE_POLICY,REQUIRED,FUNCTION_OR_TASK_BOUND,NONE,Return scheduling requirement; exposure is not mastery.
REC-A1-002287,MWU_SOURCE_UNIT,12B1-MWU-0191,A1-M06-I05-S3,FIRST_RETURN,A1-M07-I05-S1,CROSS_MODULE,PRESERVE_TARGET_MODE_POLICY,REQUIRED,CONTEXTUAL_OR_FUNCTION_BOUND,NONE,Return scheduling requirement; exposure is not mastery.
REC-A1-002288,MWU_SOURCE_UNIT,12B1-MWU-0191,A1-M06-I05-S3,SECOND_RETURN,A1-M07-I05-S2,CROSS_MODULE,PRESERVE_TARGET_MODE_POLICY,REQUIRED,CONTEXTUAL_OR_FUNCTION_BOUND,NONE,Return scheduling requirement; exposure is not mastery.
REC-A1-002289,MWU_SOURCE_UNIT,12B1-MWU-0191,A1-M06-I05-S3,THIRD_RETURN,A1-M08-I05-S1,CROSS_MODULE,PRESERVE_TARGET_MODE_POLICY,REQUIRED,CONTEXTUAL_OR_FUNCTION_BOUND,NONE,Return scheduling requirement; exposure is not mastery.
REC-A1-002290,MWU_SOURCE_UNIT,12B1-MWU-0204,A1-M06-I05-S3,FIRST_RETURN,A1-M07-I05-S1,CROSS_MODULE,PRESERVE_TARGET_MODE_POLICY,REQUIRED,CONTEXTUAL_OR_FUNCTION_BOUND,NONE,Return scheduling requirement; exposure is not mastery.
REC-A1-002291,MWU_SOURCE_UNIT,12B1-MWU-0204,A1-M06-I05-S3,SECOND_RETURN,A1-M07-I05-S2,CROSS_MODULE,PRESERVE_TARGET_MODE_POLICY,REQUIRED,CONTEXTUAL_OR_FUNCTION_BOUND,NONE,Return scheduling requirement; exposure is not mastery.
REC-A1-002292,MWU_SOURCE_UNIT,12B1-MWU-0204,A1-M06-I05-S3,THIRD_RETURN,A1-M08-I05-S1,CROSS_MODULE,PRESERVE_TARGET_MODE_POLICY,REQUIRED,CONTEXTUAL_OR_FUNCTION_BOUND,NONE,Return scheduling requirement; exposure is not mastery.
REC-A1-002293,SENSE,SENSE-A1-000056,A1-M07-I05-S1,FIRST_RETURN,A1-M07-I05-S2,SAME_ISLAND,PRESERVE_TARGET_MODE_POLICY,REQUIRED,CONTEXTUAL_OR_FUNCTION_BOUND,NONE,Return scheduling requirement; exposure is not mastery.
REC-A1-002294,SENSE,SENSE-A1-000056,A1-M07-I05-S1,SECOND_RETURN,A1-M07-I05-S3,SAME_ISLAND,PRESERVE_TARGET_MODE_POLICY,REQUIRED,CONTEXTUAL_OR_FUNCTION_BOUND,NONE,Return scheduling requirement; exposure is not mastery.
REC-A1-002295,SENSE,SENSE-A1-000056,A1-M07-I05-S1,THIRD_RETURN,A1-M08-I05-S2,CROSS_MODULE,PRESERVE_TARGET_MODE_POLICY,REQUIRED,CONTEXTUAL_OR_FUNCTION_BOUND,NONE,Return scheduling requirement; exposure is not mastery.
REC-A1-002296,SENSE,SENSE-A1-000068,A1-M07-I05-S1,FIRST_RETURN,A1-M07-I05-S2,SAME_ISLAND,PRESERVE_TARGET_MODE_POLICY,REQUIRED,CONTEXTUAL_OR_FUNCTION_BOUND,NONE,Return scheduling requirement; exposure is not mastery.
REC-A1-002297,SENSE,SENSE-A1-000068,A1-M07-I05-S1,SECOND_RETURN,A1-M07-I05-S3,SAME_ISLAND,PRESERVE_TARGET_MODE_POLICY,REQUIRED,CONTEXTUAL_OR_FUNCTION_BOUND,NONE,Return scheduling requirement; exposure is not mastery.
REC-A1-002298,SENSE,SENSE-A1-000068,A1-M07-I05-S1,THIRD_RETURN,A1-M08-I05-S2,CROSS_MODULE,PRESERVE_TARGET_MODE_POLICY,REQUIRED,CONTEXTUAL_OR_FUNCTION_BOUND,NONE,Return scheduling requirement; exposure is not mastery.
REC-A1-002299,SENSE,SENSE-A1-000101,A1-M07-I05-S1,FIRST_RETURN,A1-M07-I05-S2,SAME_ISLAND,PRESERVE_TARGET_MODE_POLICY,REQUIRED,CONTEXTUAL_OR_FUNCTION_BOUND,NONE,Return scheduling requirement; exposure is not mastery.
REC-A1-002300,SENSE,SENSE-A1-000101,A1-M07-I05-S1,SECOND_RETURN,A1-M07-I05-S3,SAME_ISLAND,PRESERVE_TARGET_MODE_POLICY,REQUIRED,CONTEXTUAL_OR_FUNCTION_BOUND,NONE,Return scheduling requirement; exposure is not mastery.
REC-A1-002301,SENSE,SENSE-A1-000101,A1-M07-I05-S1,THIRD_RETURN,A1-M08-I05-S2,CROSS_MODULE,PRESERVE_TARGET_MODE_POLICY,REQUIRED,CONTEXTUAL_OR_FUNCTION_BOUND,NONE,Return scheduling requirement; exposure is not mastery.
REC-A1-002302,SENSE,SENSE-A1-000110,A1-M07-I05-S1,FIRST_RETURN,A1-M07-I05-S2,SAME_ISLAND,PRESERVE_TARGET_MODE_POLICY,REQUIRED,CONTEXTUAL_OR_FUNCTION_BOUND,NONE,Return scheduling requirement; exposure is not mastery.
REC-A1-002303,SENSE,SENSE-A1-000110,A1-M07-I05-S1,SECOND_RETURN,A1-M07-I05-S3,SAME_ISLAND,PRESERVE_TARGET_MODE_POLICY,REQUIRED,CONTEXTUAL_OR_FUNCTION_BOUND,NONE,Return scheduling requirement; exposure is not mastery.
REC-A1-002304,SENSE,SENSE-A1-000110,A1-M07-I05-S1,THIRD_RETURN,A1-M08-I05-S2,CROSS_MODULE,PRESERVE_TARGET_MODE_POLICY,REQUIRED,CONTEXTUAL_OR_FUNCTION_BOUND,NONE,Return scheduling requirement; exposure is not mastery.
REC-A1-002305,SENSE,SENSE-A1-000348,A1-M07-I05-S1,FIRST_RETURN,A1-M07-I05-S2,SAME_ISLAND,PRESERVE_TARGET_MODE_POLICY,REQUIRED,CONTEXTUAL_OR_FUNCTION_BOUND,NONE,Return scheduling requirement; exposure is not mastery.
REC-A1-002306,SENSE,SENSE-A1-000348,A1-M07-I05-S1,SECOND_RETURN,A1-M07-I05-S3,SAME_ISLAND,PRESERVE_TARGET_MODE_POLICY,REQUIRED,CONTEXTUAL_OR_FUNCTION_BOUND,NONE,Return scheduling requirement; exposure is not mastery.
REC-A1-002307,SENSE,SENSE-A1-000348,A1-M07-I05-S1,THIRD_RETURN,A1-M08-I05-S2,CROSS_MODULE,PRESERVE_TARGET_MODE_POLICY,REQUIRED,CONTEXTUAL_OR_FUNCTION_BOUND,NONE,Return scheduling requirement; exposure is not mastery.
REC-A1-002308,SENSE,SENSE-A1-000379,A1-M07-I05-S1,FIRST_RETURN,A1-M07-I05-S2,SAME_ISLAND,PRESERVE_TARGET_MODE_POLICY,REQUIRED,CONTEXTUAL_OR_FUNCTION_BOUND,NONE,Return scheduling requirement; exposure is not mastery.
REC-A1-002309,SENSE,SENSE-A1-000379,A1-M07-I05-S1,SECOND_RETURN,A1-M07-I05-S3,SAME_ISLAND,PRESERVE_TARGET_MODE_POLICY,REQUIRED,CONTEXTUAL_OR_FUNCTION_BOUND,NONE,Return scheduling requirement; exposure is not mastery.
REC-A1-002310,SENSE,SENSE-A1-000379,A1-M07-I05-S1,THIRD_RETURN,A1-M08-I05-S2,CROSS_MODULE,PRESERVE_TARGET_MODE_POLICY,REQUIRED,CONTEXTUAL_OR_FUNCTION_BOUND,NONE,Return scheduling requirement; exposure is not mastery.
REC-A1-002311,SENSE,SENSE-A1-000437,A1-M07-I05-S1,FIRST_RETURN,A1-M07-I05-S2,SAME_ISLAND,PRESERVE_TARGET_MODE_POLICY,REQUIRED,CONTEXTUAL_OR_FUNCTION_BOUND,NONE,Return scheduling requirement; exposure is not mastery.
REC-A1-002312,SENSE,SENSE-A1-000437,A1-M07-I05-S1,SECOND_RETURN,A1-M07-I05-S3,SAME_ISLAND,PRESERVE_TARGET_MODE_POLICY,REQUIRED,CONTEXTUAL_OR_FUNCTION_BOUND,NONE,Return scheduling requirement; exposure is not mastery.
REC-A1-002313,SENSE,SENSE-A1-000437,A1-M07-I05-S1,THIRD_RETURN,A1-M08-I05-S2,CROSS_MODULE,PRESERVE_TARGET_MODE_POLICY,REQUIRED,CONTEXTUAL_OR_FUNCTION_BOUND,NONE,Return scheduling requirement; exposure is not mastery.
REC-A1-002314,SENSE,SENSE-A1-000451,A1-M07-I05-S1,FIRST_RETURN,A1-M07-I05-S2,SAME_ISLAND,PRESERVE_TARGET_MODE_POLICY,REQUIRED,CONTEXTUAL_OR_FUNCTION_BOUND,NONE,Return scheduling requirement; exposure is not mastery.
REC-A1-002315,SENSE,SENSE-A1-000451,A1-M07-I05-S1,SECOND_RETURN,A1-M07-I05-S3,SAME_ISLAND,PRESERVE_TARGET_MODE_POLICY,REQUIRED,CONTEXTUAL_OR_FUNCTION_BOUND,NONE,Return scheduling requirement; exposure is not mastery.
REC-A1-002316,SENSE,SENSE-A1-000451,A1-M07-I05-S1,THIRD_RETURN,A1-M08-I05-S2,CROSS_MODULE,PRESERVE_TARGET_MODE_POLICY,REQUIRED,CONTEXTUAL_OR_FUNCTION_BOUND,NONE,Return scheduling requirement; exposure is not mastery.
REC-A1-002317,SENSE,SENSE-A1-000481,A1-M07-I05-S1,FIRST_RETURN,A1-M07-I05-S2,SAME_ISLAND,PRESERVE_TARGET_MODE_POLICY,REQUIRED,CONTEXTUAL_OR_FUNCTION_BOUND,NONE,Return scheduling requirement; exposure is not mastery.
REC-A1-002318,SENSE,SENSE-A1-000481,A1-M07-I05-S1,SECOND_RETURN,A1-M07-I05-S3,SAME_ISLAND,PRESERVE_TARGET_MODE_POLICY,REQUIRED,CONTEXTUAL_OR_FUNCTION_BOUND,NONE,Return scheduling requirement; exposure is not mastery.
REC-A1-002319,SENSE,SENSE-A1-000481,A1-M07-I05-S1,THIRD_RETURN,A1-M08-I05-S2,CROSS_MODULE,PRESERVE_TARGET_MODE_POLICY,REQUIRED,CONTEXTUAL_OR_FUNCTION_BOUND,NONE,Return scheduling requirement; exposure is not mastery.
REC-A1-002320,SENSE,SENSE-A1-000573,A1-M07-I05-S1,FIRST_RETURN,A1-M07-I05-S2,SAME_ISLAND,PRESERVE_TARGET_MODE_POLICY,REQUIRED,CONTEXTUAL_OR_FUNCTION_BOUND,NONE,Return scheduling requirement; exposure is not mastery.
REC-A1-002321,SENSE,SENSE-A1-000573,A1-M07-I05-S1,SECOND_RETURN,A1-M07-I05-S3,SAME_ISLAND,PRESERVE_TARGET_MODE_POLICY,REQUIRED,CONTEXTUAL_OR_FUNCTION_BOUND,NONE,Return scheduling requirement; exposure is not mastery.
REC-A1-002322,SENSE,SENSE-A1-000573,A1-M07-I05-S1,THIRD_RETURN,A1-M08-I05-S2,CROSS_MODULE,PRESERVE_TARGET_MODE_POLICY,REQUIRED,CONTEXTUAL_OR_FUNCTION_BOUND,NONE,Return scheduling requirement; exposure is not mastery.
REC-A1-002323,SENSE,SENSE-A1-000574,A1-M07-I05-S1,FIRST_RETURN,A1-M07-I05-S2,SAME_ISLAND,PRESERVE_TARGET_MODE_POLICY,REQUIRED,CONTEXTUAL_OR_FUNCTION_BOUND,NONE,Return scheduling requirement; exposure is not mastery.
REC-A1-002324,SENSE,SENSE-A1-000574,A1-M07-I05-S1,SECOND_RETURN,A1-M07-I05-S3,SAME_ISLAND,PRESERVE_TARGET_MODE_POLICY,REQUIRED,CONTEXTUAL_OR_FUNCTION_BOUND,NONE,Return scheduling requirement; exposure is not mastery.
REC-A1-002325,SENSE,SENSE-A1-000574,A1-M07-I05-S1,THIRD_RETURN,A1-M08-I05-S2,CROSS_MODULE,PRESERVE_TARGET_MODE_POLICY,REQUIRED,CONTEXTUAL_OR_FUNCTION_BOUND,NONE,Return scheduling requirement; exposure is not mastery.
REC-A1-002326,SENSE,SENSE-A1-000590,A1-M07-I05-S1,FIRST_RETURN,A1-M07-I05-S2,SAME_ISLAND,PRESERVE_TARGET_MODE_POLICY,REQUIRED,CONTEXTUAL_OR_FUNCTION_BOUND,NONE,Return scheduling requirement; exposure is not mastery.
REC-A1-002327,SENSE,SENSE-A1-000590,A1-M07-I05-S1,SECOND_RETURN,A1-M07-I05-S3,SAME_ISLAND,PRESERVE_TARGET_MODE_POLICY,REQUIRED,CONTEXTUAL_OR_FUNCTION_BOUND,NONE,Return scheduling requirement; exposure is not mastery.
REC-A1-002328,SENSE,SENSE-A1-000590,A1-M07-I05-S1,THIRD_RETURN,A1-M08-I05-S2,CROSS_MODULE,PRESERVE_TARGET_MODE_POLICY,REQUIRED,CONTEXTUAL_OR_FUNCTION_BOUND,NONE,Return scheduling requirement; exposure is not mastery.
REC-A1-002329,MWU_SOURCE_UNIT,12B1-MWU-0001,A1-M07-I05-S1,FIRST_RETURN,A1-M07-I05-S2,SAME_ISLAND,PRESERVE_TARGET_MODE_POLICY,REQUIRED,CONTEXTUAL_OR_FUNCTION_BOUND,NONE,Return scheduling requirement; exposure is not mastery.
REC-A1-002330,MWU_SOURCE_UNIT,12B1-MWU-0001,A1-M07-I05-S1,SECOND_RETURN,A1-M07-I05-S3,SAME_ISLAND,PRESERVE_TARGET_MODE_POLICY,REQUIRED,CONTEXTUAL_OR_FUNCTION_BOUND,NONE,Return scheduling requirement; exposure is not mastery.
REC-A1-002331,MWU_SOURCE_UNIT,12B1-MWU-0001,A1-M07-I05-S1,THIRD_RETURN,A1-M08-I05-S2,CROSS_MODULE,PRESERVE_TARGET_MODE_POLICY,REQUIRED,CONTEXTUAL_OR_FUNCTION_BOUND,NONE,Return scheduling requirement; exposure is not mastery.
REC-A1-002332,MWU_SOURCE_UNIT,12B1-MWU-0111,A1-M07-I05-S1,FIRST_RETURN,A1-M07-I05-S2,SAME_ISLAND,PRESERVE_TARGET_MODE_POLICY,REQUIRED,CONTEXTUAL_OR_FUNCTION_BOUND,NONE,Return scheduling requirement; exposure is not mastery.
REC-A1-002333,MWU_SOURCE_UNIT,12B1-MWU-0111,A1-M07-I05-S1,SECOND_RETURN,A1-M07-I05-S3,SAME_ISLAND,PRESERVE_TARGET_MODE_POLICY,REQUIRED,CONTEXTUAL_OR_FUNCTION_BOUND,NONE,Return scheduling requirement; exposure is not mastery.
REC-A1-002334,MWU_SOURCE_UNIT,12B1-MWU-0111,A1-M07-I05-S1,THIRD_RETURN,A1-M08-I05-S2,CROSS_MODULE,PRESERVE_TARGET_MODE_POLICY,REQUIRED,CONTEXTUAL_OR_FUNCTION_BOUND,NONE,Return scheduling requirement; exposure is not mastery.
REC-A1-002335,MWU_SOURCE_UNIT,12B1-MWU-0112,A1-M07-I05-S1,FIRST_RETURN,A1-M07-I05-S2,SAME_ISLAND,PRESERVE_TARGET_MODE_POLICY,REQUIRED,CONTEXTUAL_OR_FUNCTION_BOUND,NONE,Return scheduling requirement; exposure is not mastery.
REC-A1-002336,MWU_SOURCE_UNIT,12B1-MWU-0112,A1-M07-I05-S1,SECOND_RETURN,A1-M07-I05-S3,SAME_ISLAND,PRESERVE_TARGET_MODE_POLICY,REQUIRED,CONTEXTUAL_OR_FUNCTION_BOUND,NONE,Return scheduling requirement; exposure is not mastery.
REC-A1-002337,MWU_SOURCE_UNIT,12B1-MWU-0112,A1-M07-I05-S1,THIRD_RETURN,A1-M08-I05-S2,CROSS_MODULE,PRESERVE_TARGET_MODE_POLICY,REQUIRED,CONTEXTUAL_OR_FUNCTION_BOUND,NONE,Return scheduling requirement; exposure is not mastery.
REC-A1-002338,MWU_SOURCE_UNIT,12B1-MWU-0114,A1-M07-I05-S1,FIRST_RETURN,A1-M07-I05-S2,SAME_ISLAND,PRESERVE_TARGET_MODE_POLICY,REQUIRED,CONTEXTUAL_OR_FUNCTION_BOUND,NONE,Return scheduling requirement; exposure is not mastery.
REC-A1-002339,MWU_SOURCE_UNIT,12B1-MWU-0114,A1-M07-I05-S1,SECOND_RETURN,A1-M07-I05-S3,SAME_ISLAND,PRESERVE_TARGET_MODE_POLICY,REQUIRED,CONTEXTUAL_OR_FUNCTION_BOUND,NONE,Return scheduling requirement; exposure is not mastery.
REC-A1-002340,MWU_SOURCE_UNIT,12B1-MWU-0114,A1-M07-I05-S1,THIRD_RETURN,A1-M08-I05-S2,CROSS_MODULE,PRESERVE_TARGET_MODE_POLICY,REQUIRED,CONTEXTUAL_OR_FUNCTION_BOUND,NONE,Return scheduling requirement; exposure is not mastery.
REC-A1-002341,MWU_SOURCE_UNIT,12B1-MWU-0115,A1-M07-I05-S1,FIRST_RETURN,A1-M07-I05-S2,SAME_ISLAND,PRESERVE_TARGET_MODE_POLICY,REQUIRED,CONTEXTUAL_OR_FUNCTION_BOUND,NONE,Return scheduling requirement; exposure is not mastery.
REC-A1-002342,MWU_SOURCE_UNIT,12B1-MWU-0115,A1-M07-I05-S1,SECOND_RETURN,A1-M07-I05-S3,SAME_ISLAND,PRESERVE_TARGET_MODE_POLICY,REQUIRED,CONTEXTUAL_OR_FUNCTION_BOUND,NONE,Return scheduling requirement; exposure is not mastery.
REC-A1-002343,MWU_SOURCE_UNIT,12B1-MWU-0115,A1-M07-I05-S1,THIRD_RETURN,A1-M08-I05-S2,CROSS_MODULE,PRESERVE_TARGET_MODE_POLICY,REQUIRED,CONTEXTUAL_OR_FUNCTION_BOUND,NONE,Return scheduling requirement; exposure is not mastery.
REC-A1-002344,MWU_SOURCE_UNIT,12B1-MWU-0116,A1-M07-I05-S1,FIRST_RETURN,A1-M07-I05-S2,SAME_ISLAND,PRESERVE_TARGET_MODE_POLICY,REQUIRED,CONTEXTUAL_OR_FUNCTION_BOUND,NONE,Return scheduling requirement; exposure is not mastery.
REC-A1-002345,MWU_SOURCE_UNIT,12B1-MWU-0116,A1-M07-I05-S1,SECOND_RETURN,A1-M07-I05-S3,SAME_ISLAND,PRESERVE_TARGET_MODE_POLICY,REQUIRED,CONTEXTUAL_OR_FUNCTION_BOUND,NONE,Return scheduling requirement; exposure is not mastery.
REC-A1-002346,MWU_SOURCE_UNIT,12B1-MWU-0116,A1-M07-I05-S1,THIRD_RETURN,A1-M08-I05-S2,CROSS_MODULE,PRESERVE_TARGET_MODE_POLICY,REQUIRED,CONTEXTUAL_OR_FUNCTION_BOUND,NONE,Return scheduling requirement; exposure is not mastery.
REC-A1-002347,MWU_SOURCE_UNIT,12B1-MWU-0117,A1-M07-I05-S1,FIRST_RETURN,A1-M07-I05-S2,SAME_ISLAND,PRESERVE_TARGET_MODE_POLICY,REQUIRED,CONTEXTUAL_OR_FUNCTION_BOUND,NONE,Return scheduling requirement; exposure is not mastery.
REC-A1-002348,MWU_SOURCE_UNIT,12B1-MWU-0117,A1-M07-I05-S1,SECOND_RETURN,A1-M07-I05-S3,SAME_ISLAND,PRESERVE_TARGET_MODE_POLICY,REQUIRED,CONTEXTUAL_OR_FUNCTION_BOUND,NONE,Return scheduling requirement; exposure is not mastery.
REC-A1-002349,MWU_SOURCE_UNIT,12B1-MWU-0117,A1-M07-I05-S1,THIRD_RETURN,A1-M08-I05-S2,CROSS_MODULE,PRESERVE_TARGET_MODE_POLICY,REQUIRED,CONTEXTUAL_OR_FUNCTION_BOUND,NONE,Return scheduling requirement; exposure is not mastery.
REC-A1-002350,MWU_SOURCE_UNIT,12B1-MWU-0118,A1-M07-I05-S1,FIRST_RETURN,A1-M07-I05-S2,SAME_ISLAND,PRESERVE_TARGET_MODE_POLICY,REQUIRED,CONTEXTUAL_OR_FUNCTION_BOUND,NONE,Return scheduling requirement; exposure is not mastery.
REC-A1-002351,MWU_SOURCE_UNIT,12B1-MWU-0118,A1-M07-I05-S1,SECOND_RETURN,A1-M07-I05-S3,SAME_ISLAND,PRESERVE_TARGET_MODE_POLICY,REQUIRED,CONTEXTUAL_OR_FUNCTION_BOUND,NONE,Return scheduling requirement; exposure is not mastery.
REC-A1-002352,MWU_SOURCE_UNIT,12B1-MWU-0118,A1-M07-I05-S1,THIRD_RETURN,A1-M08-I05-S2,CROSS_MODULE,PRESERVE_TARGET_MODE_POLICY,REQUIRED,CONTEXTUAL_OR_FUNCTION_BOUND,NONE,Return scheduling requirement; exposure is not mastery.
REC-A1-002353,MWU_SOURCE_UNIT,12B1-MWU-0119,A1-M07-I05-S1,FIRST_RETURN,A1-M07-I05-S2,SAME_ISLAND,PRESERVE_TARGET_MODE_POLICY,REQUIRED,CONTEXTUAL_OR_FUNCTION_BOUND,NONE,Return scheduling requirement; exposure is not mastery.
REC-A1-002354,MWU_SOURCE_UNIT,12B1-MWU-0119,A1-M07-I05-S1,SECOND_RETURN,A1-M07-I05-S3,SAME_ISLAND,PRESERVE_TARGET_MODE_POLICY,REQUIRED,CONTEXTUAL_OR_FUNCTION_BOUND,NONE,Return scheduling requirement; exposure is not mastery.
REC-A1-002355,MWU_SOURCE_UNIT,12B1-MWU-0119,A1-M07-I05-S1,THIRD_RETURN,A1-M08-I05-S2,CROSS_MODULE,PRESERVE_TARGET_MODE_POLICY,REQUIRED,CONTEXTUAL_OR_FUNCTION_BOUND,NONE,Return scheduling requirement; exposure is not mastery.
REC-A1-002356,MWU_SOURCE_UNIT,12B1-MWU-0120,A1-M07-I05-S1,FIRST_RETURN,A1-M07-I05-S2,SAME_ISLAND,PRESERVE_TARGET_MODE_POLICY,REQUIRED,CONTEXTUAL_OR_FUNCTION_BOUND,NONE,Return scheduling requirement; exposure is not mastery.
REC-A1-002357,MWU_SOURCE_UNIT,12B1-MWU-0120,A1-M07-I05-S1,SECOND_RETURN,A1-M07-I05-S3,SAME_ISLAND,PRESERVE_TARGET_MODE_POLICY,REQUIRED,CONTEXTUAL_OR_FUNCTION_BOUND,NONE,Return scheduling requirement; exposure is not mastery.
REC-A1-002358,MWU_SOURCE_UNIT,12B1-MWU-0120,A1-M07-I05-S1,THIRD_RETURN,A1-M08-I05-S2,CROSS_MODULE,PRESERVE_TARGET_MODE_POLICY,REQUIRED,CONTEXTUAL_OR_FUNCTION_BOUND,NONE,Return scheduling requirement; exposure is not mastery.
REC-A1-002359,MWU_SOURCE_UNIT,12B1-MWU-0125,A1-M07-I05-S1,FIRST_RETURN,A1-M07-I05-S2,SAME_ISLAND,PRESERVE_TARGET_MODE_POLICY,REQUIRED,CONTEXTUAL_OR_FUNCTION_BOUND,NONE,Return scheduling requirement; exposure is not mastery.
REC-A1-002360,MWU_SOURCE_UNIT,12B1-MWU-0125,A1-M07-I05-S1,SECOND_RETURN,A1-M07-I05-S3,SAME_ISLAND,PRESERVE_TARGET_MODE_POLICY,REQUIRED,CONTEXTUAL_OR_FUNCTION_BOUND,NONE,Return scheduling requirement; exposure is not mastery.
REC-A1-002361,MWU_SOURCE_UNIT,12B1-MWU-0125,A1-M07-I05-S1,THIRD_RETURN,A1-M08-I05-S2,CROSS_MODULE,PRESERVE_TARGET_MODE_POLICY,REQUIRED,CONTEXTUAL_OR_FUNCTION_BOUND,NONE,Return scheduling requirement; exposure is not mastery.
REC-A1-002362,MWU_SOURCE_UNIT,12B1-MWU-0126,A1-M07-I05-S1,FIRST_RETURN,A1-M07-I05-S2,SAME_ISLAND,PRESERVE_TARGET_MODE_POLICY,REQUIRED,CONTEXTUAL_OR_FUNCTION_BOUND,NONE,Return scheduling requirement; exposure is not mastery.
REC-A1-002363,MWU_SOURCE_UNIT,12B1-MWU-0126,A1-M07-I05-S1,SECOND_RETURN,A1-M07-I05-S3,SAME_ISLAND,PRESERVE_TARGET_MODE_POLICY,REQUIRED,CONTEXTUAL_OR_FUNCTION_BOUND,NONE,Return scheduling requirement; exposure is not mastery.
REC-A1-002364,MWU_SOURCE_UNIT,12B1-MWU-0126,A1-M07-I05-S1,THIRD_RETURN,A1-M08-I05-S2,CROSS_MODULE,PRESERVE_TARGET_MODE_POLICY,REQUIRED,CONTEXTUAL_OR_FUNCTION_BOUND,NONE,Return scheduling requirement; exposure is not mastery.
REC-A1-002365,MWU_SOURCE_UNIT,12B1-MWU-0155,A1-M07-I05-S1,FIRST_RETURN,A1-M07-I05-S2,SAME_ISLAND,PRESERVE_TARGET_MODE_POLICY,REQUIRED,CONTEXTUAL_OR_FUNCTION_BOUND,NONE,Return scheduling requirement; exposure is not mastery.
REC-A1-002366,MWU_SOURCE_UNIT,12B1-MWU-0155,A1-M07-I05-S1,SECOND_RETURN,A1-M07-I05-S3,SAME_ISLAND,PRESERVE_TARGET_MODE_POLICY,REQUIRED,CONTEXTUAL_OR_FUNCTION_BOUND,NONE,Return scheduling requirement; exposure is not mastery.
REC-A1-002367,MWU_SOURCE_UNIT,12B1-MWU-0155,A1-M07-I05-S1,THIRD_RETURN,A1-M08-I05-S2,CROSS_MODULE,PRESERVE_TARGET_MODE_POLICY,REQUIRED,CONTEXTUAL_OR_FUNCTION_BOUND,NONE,Return scheduling requirement; exposure is not mastery.
REC-A1-002368,MWU_SOURCE_UNIT,12B1-MWU-0156,A1-M07-I05-S1,FIRST_RETURN,A1-M07-I05-S2,SAME_ISLAND,PRESERVE_TARGET_MODE_POLICY,REQUIRED,CONTEXTUAL_OR_FUNCTION_BOUND,NONE,Return scheduling requirement; exposure is not mastery.
REC-A1-002369,MWU_SOURCE_UNIT,12B1-MWU-0156,A1-M07-I05-S1,SECOND_RETURN,A1-M07-I05-S3,SAME_ISLAND,PRESERVE_TARGET_MODE_POLICY,REQUIRED,CONTEXTUAL_OR_FUNCTION_BOUND,NONE,Return scheduling requirement; exposure is not mastery.
REC-A1-002370,MWU_SOURCE_UNIT,12B1-MWU-0156,A1-M07-I05-S1,THIRD_RETURN,A1-M08-I05-S2,CROSS_MODULE,PRESERVE_TARGET_MODE_POLICY,REQUIRED,CONTEXTUAL_OR_FUNCTION_BOUND,NONE,Return scheduling requirement; exposure is not mastery.
REC-A1-002371,MWU_SOURCE_UNIT,12B1-MWU-0157,A1-M07-I05-S1,FIRST_RETURN,A1-M07-I05-S2,SAME_ISLAND,PRESERVE_TARGET_MODE_POLICY,REQUIRED,CONTEXTUAL_OR_FUNCTION_BOUND,NONE,Return scheduling requirement; exposure is not mastery.
REC-A1-002372,MWU_SOURCE_UNIT,12B1-MWU-0157,A1-M07-I05-S1,SECOND_RETURN,A1-M07-I05-S3,SAME_ISLAND,PRESERVE_TARGET_MODE_POLICY,REQUIRED,CONTEXTUAL_OR_FUNCTION_BOUND,NONE,Return scheduling requirement; exposure is not mastery.
REC-A1-002373,MWU_SOURCE_UNIT,12B1-MWU-0157,A1-M07-I05-S1,THIRD_RETURN,A1-M08-I05-S2,CROSS_MODULE,PRESERVE_TARGET_MODE_POLICY,REQUIRED,CONTEXTUAL_OR_FUNCTION_BOUND,NONE,Return scheduling requirement; exposure is not mastery.
REC-A1-002374,SENSE,SENSE-A1-000033,A1-M07-I05-S2,FIRST_RETURN,A1-M07-I05-S3,SAME_ISLAND,PRESERVE_TARGET_MODE_POLICY,REQUIRED,CONTEXTUAL_OR_FUNCTION_BOUND,NONE,Return scheduling requirement; exposure is not mastery.
REC-A1-002375,SENSE,SENSE-A1-000033,A1-M07-I05-S2,SECOND_RETURN,A1-M08-I05-S1,CROSS_MODULE,PRESERVE_TARGET_MODE_POLICY,REQUIRED,CONTEXTUAL_OR_FUNCTION_BOUND,NONE,Return scheduling requirement; exposure is not mastery.
REC-A1-002376,SENSE,SENSE-A1-000033,A1-M07-I05-S2,THIRD_RETURN,A1-M08-I06-S1,CROSS_MODULE,PRESERVE_TARGET_MODE_POLICY,REQUIRED,CONTEXTUAL_OR_FUNCTION_BOUND,NONE,Return scheduling requirement; exposure is not mastery.
REC-A1-002377,SENSE,SENSE-A1-000045,A1-M07-I05-S2,FIRST_RETURN,A1-M07-I05-S3,SAME_ISLAND,PRESERVE_TARGET_MODE_POLICY,REQUIRED,CONTEXTUAL_OR_FUNCTION_BOUND,NONE,Return scheduling requirement; exposure is not mastery.
REC-A1-002378,SENSE,SENSE-A1-000045,A1-M07-I05-S2,SECOND_RETURN,A1-M08-I05-S1,CROSS_MODULE,PRESERVE_TARGET_MODE_POLICY,REQUIRED,CONTEXTUAL_OR_FUNCTION_BOUND,NONE,Return scheduling requirement; exposure is not mastery.
REC-A1-002379,SENSE,SENSE-A1-000045,A1-M07-I05-S2,THIRD_RETURN,A1-M08-I06-S1,CROSS_MODULE,PRESERVE_TARGET_MODE_POLICY,REQUIRED,CONTEXTUAL_OR_FUNCTION_BOUND,NONE,Return scheduling requirement; exposure is not mastery.
REC-A1-002380,SENSE,SENSE-A1-000053,A1-M07-I05-S2,FIRST_RETURN,A1-M07-I05-S3,SAME_ISLAND,PRESERVE_TARGET_MODE_POLICY,REQUIRED,CONTEXTUAL_OR_FUNCTION_BOUND,NONE,Return scheduling requirement; exposure is not mastery.
REC-A1-002381,SENSE,SENSE-A1-000053,A1-M07-I05-S2,SECOND_RETURN,A1-M08-I05-S1,CROSS_MODULE,PRESERVE_TARGET_MODE_POLICY,REQUIRED,CONTEXTUAL_OR_FUNCTION_BOUND,NONE,Return scheduling requirement; exposure is not mastery.
REC-A1-002382,SENSE,SENSE-A1-000053,A1-M07-I05-S2,THIRD_RETURN,A1-M08-I06-S1,CROSS_MODULE,PRESERVE_TARGET_MODE_POLICY,REQUIRED,CONTEXTUAL_OR_FUNCTION_BOUND,NONE,Return scheduling requirement; exposure is not mastery.
REC-A1-002383,SENSE,SENSE-A1-000156,A1-M07-I05-S2,FIRST_RETURN,A1-M07-I05-S3,SAME_ISLAND,PRESERVE_TARGET_MODE_POLICY,REQUIRED,CONTEXTUAL_OR_FUNCTION_BOUND,NONE,Return scheduling requirement; exposure is not mastery.
REC-A1-002384,SENSE,SENSE-A1-000156,A1-M07-I05-S2,SECOND_RETURN,A1-M08-I05-S1,CROSS_MODULE,PRESERVE_TARGET_MODE_POLICY,REQUIRED,CONTEXTUAL_OR_FUNCTION_BOUND,NONE,Return scheduling requirement; exposure is not mastery.
REC-A1-002385,SENSE,SENSE-A1-000156,A1-M07-I05-S2,THIRD_RETURN,A1-M08-I06-S1,CROSS_MODULE,PRESERVE_TARGET_MODE_POLICY,REQUIRED,CONTEXTUAL_OR_FUNCTION_BOUND,NONE,Return scheduling requirement; exposure is not mastery.
REC-A1-002386,SENSE,SENSE-A1-000199,A1-M07-I05-S2,FIRST_RETURN,A1-M07-I05-S3,SAME_ISLAND,PRESERVE_TARGET_MODE_POLICY,REQUIRED,CONTEXTUAL_OR_FUNCTION_BOUND,NONE,Return scheduling requirement; exposure is not mastery.
REC-A1-002387,SENSE,SENSE-A1-000199,A1-M07-I05-S2,SECOND_RETURN,A1-M08-I05-S1,CROSS_MODULE,PRESERVE_TARGET_MODE_POLICY,REQUIRED,CONTEXTUAL_OR_FUNCTION_BOUND,NONE,Return scheduling requirement; exposure is not mastery.
REC-A1-002388,SENSE,SENSE-A1-000199,A1-M07-I05-S2,THIRD_RETURN,A1-M08-I06-S1,CROSS_MODULE,PRESERVE_TARGET_MODE_POLICY,REQUIRED,CONTEXTUAL_OR_FUNCTION_BOUND,NONE,Return scheduling requirement; exposure is not mastery.
REC-A1-002389,SENSE,SENSE-A1-000226,A1-M07-I05-S2,FIRST_RETURN,A1-M07-I05-S3,SAME_ISLAND,PRESERVE_TARGET_MODE_POLICY,REQUIRED,CONTEXTUAL_OR_FUNCTION_BOUND,NONE,Return scheduling requirement; exposure is not mastery.
REC-A1-002390,SENSE,SENSE-A1-000226,A1-M07-I05-S2,SECOND_RETURN,A1-M08-I05-S1,CROSS_MODULE,PRESERVE_TARGET_MODE_POLICY,REQUIRED,CONTEXTUAL_OR_FUNCTION_BOUND,NONE,Return scheduling requirement; exposure is not mastery.
REC-A1-002391,SENSE,SENSE-A1-000226,A1-M07-I05-S2,THIRD_RETURN,A1-M08-I06-S1,CROSS_MODULE,PRESERVE_TARGET_MODE_POLICY,REQUIRED,CONTEXTUAL_OR_FUNCTION_BOUND,NONE,Return scheduling requirement; exposure is not mastery.
REC-A1-002392,SENSE,SENSE-A1-000238,A1-M07-I05-S2,FIRST_RETURN,A1-M07-I05-S3,SAME_ISLAND,PRESERVE_TARGET_MODE_POLICY,REQUIRED,CONTEXTUAL_OR_FUNCTION_BOUND,NONE,Return scheduling requirement; exposure is not mastery.
REC-A1-002393,SENSE,SENSE-A1-000238,A1-M07-I05-S2,SECOND_RETURN,A1-M08-I05-S1,CROSS_MODULE,PRESERVE_TARGET_MODE_POLICY,REQUIRED,CONTEXTUAL_OR_FUNCTION_BOUND,NONE,Return scheduling requirement; exposure is not mastery.
REC-A1-002394,SENSE,SENSE-A1-000238,A1-M07-I05-S2,THIRD_RETURN,A1-M08-I06-S1,CROSS_MODULE,PRESERVE_TARGET_MODE_POLICY,REQUIRED,CONTEXTUAL_OR_FUNCTION_BOUND,NONE,Return scheduling requirement; exposure is not mastery.
REC-A1-002395,SENSE,SENSE-A1-000270,A1-M07-I05-S2,FIRST_RETURN,A1-M07-I05-S3,SAME_ISLAND,PRESERVE_TARGET_MODE_POLICY,REQUIRED,CONTEXTUAL_OR_FUNCTION_BOUND,NONE,Return scheduling requirement; exposure is not mastery.
REC-A1-002396,SENSE,SENSE-A1-000270,A1-M07-I05-S2,SECOND_RETURN,A1-M08-I05-S1,CROSS_MODULE,PRESERVE_TARGET_MODE_POLICY,REQUIRED,CONTEXTUAL_OR_FUNCTION_BOUND,NONE,Return scheduling requirement; exposure is not mastery.
REC-A1-002397,SENSE,SENSE-A1-000270,A1-M07-I05-S2,THIRD_RETURN,A1-M08-I06-S1,CROSS_MODULE,PRESERVE_TARGET_MODE_POLICY,REQUIRED,CONTEXTUAL_OR_FUNCTION_BOUND,NONE,Return scheduling requirement; exposure is not mastery.
REC-A1-002398,SENSE,SENSE-A1-000284,A1-M07-I05-S2,FIRST_RETURN,A1-M07-I05-S3,SAME_ISLAND,PRESERVE_TARGET_MODE_POLICY,REQUIRED,CONTEXTUAL_OR_FUNCTION_BOUND,NONE,Return scheduling requirement; exposure is not mastery.
REC-A1-002399,SENSE,SENSE-A1-000284,A1-M07-I05-S2,SECOND_RETURN,A1-M08-I05-S1,CROSS_MODULE,PRESERVE_TARGET_MODE_POLICY,REQUIRED,CONTEXTUAL_OR_FUNCTION_BOUND,NONE,Return scheduling requirement; exposure is not mastery.
REC-A1-002400,SENSE,SENSE-A1-000284,A1-M07-I05-S2,THIRD_RETURN,A1-M08-I06-S1,CROSS_MODULE,PRESERVE_TARGET_MODE_POLICY,REQUIRED,CONTEXTUAL_OR_FUNCTION_BOUND,NONE,Return scheduling requirement; exposure is not mastery.
REC-A1-002401,SENSE,SENSE-A1-000297,A1-M07-I05-S2,FIRST_RETURN,A1-M07-I05-S3,SAME_ISLAND,PRESERVE_TARGET_MODE_POLICY,REQUIRED,CONTEXTUAL_OR_FUNCTION_BOUND,NONE,Return scheduling requirement; exposure is not mastery.
REC-A1-002402,SENSE,SENSE-A1-000297,A1-M07-I05-S2,SECOND_RETURN,A1-M08-I05-S1,CROSS_MODULE,PRESERVE_TARGET_MODE_POLICY,REQUIRED,CONTEXTUAL_OR_FUNCTION_BOUND,NONE,Return scheduling requirement; exposure is not mastery.
REC-A1-002403,SENSE,SENSE-A1-000297,A1-M07-I05-S2,THIRD_RETURN,A1-M08-I06-S1,CROSS_MODULE,PRESERVE_TARGET_MODE_POLICY,REQUIRED,CONTEXTUAL_OR_FUNCTION_BOUND,NONE,Return scheduling requirement; exposure is not mastery.
REC-A1-002404,SENSE,SENSE-A1-000329,A1-M07-I05-S2,FIRST_RETURN,A1-M07-I05-S3,SAME_ISLAND,PRESERVE_TARGET_MODE_POLICY,REQUIRED,CONTEXTUAL_OR_FUNCTION_BOUND,NONE,Return scheduling requirement; exposure is not mastery.
REC-A1-002405,SENSE,SENSE-A1-000329,A1-M07-I05-S2,SECOND_RETURN,A1-M08-I05-S1,CROSS_MODULE,PRESERVE_TARGET_MODE_POLICY,REQUIRED,CONTEXTUAL_OR_FUNCTION_BOUND,NONE,Return scheduling requirement; exposure is not mastery.
REC-A1-002406,SENSE,SENSE-A1-000329,A1-M07-I05-S2,THIRD_RETURN,A1-M08-I06-S1,CROSS_MODULE,PRESERVE_TARGET_MODE_POLICY,REQUIRED,CONTEXTUAL_OR_FUNCTION_BOUND,NONE,Return scheduling requirement; exposure is not mastery.
REC-A1-002407,SENSE,SENSE-A1-000446,A1-M07-I05-S2,FIRST_RETURN,A1-M07-I05-S3,SAME_ISLAND,PRESERVE_TARGET_MODE_POLICY,REQUIRED,CONTEXTUAL_OR_FUNCTION_BOUND,NONE,Return scheduling requirement; exposure is not mastery.
REC-A1-002408,SENSE,SENSE-A1-000446,A1-M07-I05-S2,SECOND_RETURN,A1-M08-I05-S1,CROSS_MODULE,PRESERVE_TARGET_MODE_POLICY,REQUIRED,CONTEXTUAL_OR_FUNCTION_BOUND,NONE,Return scheduling requirement; exposure is not mastery.
REC-A1-002409,SENSE,SENSE-A1-000446,A1-M07-I05-S2,THIRD_RETURN,A1-M08-I06-S1,CROSS_MODULE,PRESERVE_TARGET_MODE_POLICY,REQUIRED,CONTEXTUAL_OR_FUNCTION_BOUND,NONE,Return scheduling requirement; exposure is not mastery.
REC-A1-002410,SENSE,SENSE-A1-000560,A1-M07-I05-S2,FIRST_RETURN,A1-M07-I05-S3,SAME_ISLAND,PRESERVE_TARGET_MODE_POLICY,REQUIRED,CONTEXTUAL_OR_FUNCTION_BOUND,NONE,Return scheduling requirement; exposure is not mastery.
REC-A1-002411,SENSE,SENSE-A1-000560,A1-M07-I05-S2,SECOND_RETURN,A1-M08-I05-S1,CROSS_MODULE,PRESERVE_TARGET_MODE_POLICY,REQUIRED,CONTEXTUAL_OR_FUNCTION_BOUND,NONE,Return scheduling requirement; exposure is not mastery.
REC-A1-002412,SENSE,SENSE-A1-000560,A1-M07-I05-S2,THIRD_RETURN,A1-M08-I06-S1,CROSS_MODULE,PRESERVE_TARGET_MODE_POLICY,REQUIRED,CONTEXTUAL_OR_FUNCTION_BOUND,NONE,Return scheduling requirement; exposure is not mastery.
REC-A1-002413,MWU_SOURCE_UNIT,12B1-MWU-0073,A1-M07-I05-S2,FIRST_RETURN,A1-M07-I05-S3,SAME_ISLAND,PRESERVE_TARGET_MODE_POLICY,REQUIRED,CONTEXTUAL_OR_FUNCTION_BOUND,NONE,Return scheduling requirement; exposure is not mastery.
REC-A1-002414,MWU_SOURCE_UNIT,12B1-MWU-0073,A1-M07-I05-S2,SECOND_RETURN,A1-M08-I05-S1,CROSS_MODULE,PRESERVE_TARGET_MODE_POLICY,REQUIRED,CONTEXTUAL_OR_FUNCTION_BOUND,NONE,Return scheduling requirement; exposure is not mastery.
REC-A1-002415,MWU_SOURCE_UNIT,12B1-MWU-0073,A1-M07-I05-S2,THIRD_RETURN,A1-M08-I06-S1,CROSS_MODULE,PRESERVE_TARGET_MODE_POLICY,REQUIRED,CONTEXTUAL_OR_FUNCTION_BOUND,NONE,Return scheduling requirement; exposure is not mastery.
REC-A1-002416,MWU_SOURCE_UNIT,12B1-MWU-0074,A1-M07-I05-S2,FIRST_RETURN,A1-M07-I05-S3,SAME_ISLAND,PRESERVE_TARGET_MODE_POLICY,REQUIRED,CONTEXTUAL_OR_FUNCTION_BOUND,NONE,Return scheduling requirement; exposure is not mastery.
REC-A1-002417,MWU_SOURCE_UNIT,12B1-MWU-0074,A1-M07-I05-S2,SECOND_RETURN,A1-M08-I05-S1,CROSS_MODULE,PRESERVE_TARGET_MODE_POLICY,REQUIRED,CONTEXTUAL_OR_FUNCTION_BOUND,NONE,Return scheduling requirement; exposure is not mastery.
REC-A1-002418,MWU_SOURCE_UNIT,12B1-MWU-0074,A1-M07-I05-S2,THIRD_RETURN,A1-M08-I06-S1,CROSS_MODULE,PRESERVE_TARGET_MODE_POLICY,REQUIRED,CONTEXTUAL_OR_FUNCTION_BOUND,NONE,Return scheduling requirement; exposure is not mastery.
REC-A1-002419,MWU_SOURCE_UNIT,12B1-MWU-0075,A1-M07-I05-S2,FIRST_RETURN,A1-M07-I05-S3,SAME_ISLAND,PRESERVE_TARGET_MODE_POLICY,REQUIRED,CONTEXTUAL_OR_FUNCTION_BOUND,NONE,Return scheduling requirement; exposure is not mastery.
REC-A1-002420,MWU_SOURCE_UNIT,12B1-MWU-0075,A1-M07-I05-S2,SECOND_RETURN,A1-M08-I05-S1,CROSS_MODULE,PRESERVE_TARGET_MODE_POLICY,REQUIRED,CONTEXTUAL_OR_FUNCTION_BOUND,NONE,Return scheduling requirement; exposure is not mastery.
REC-A1-002421,MWU_SOURCE_UNIT,12B1-MWU-0075,A1-M07-I05-S2,THIRD_RETURN,A1-M08-I06-S1,CROSS_MODULE,PRESERVE_TARGET_MODE_POLICY,REQUIRED,CONTEXTUAL_OR_FUNCTION_BOUND,NONE,Return scheduling requirement; exposure is not mastery.
REC-A1-002422,MWU_SOURCE_UNIT,12B1-MWU-0081,A1-M07-I05-S2,FIRST_RETURN,A1-M07-I05-S3,SAME_ISLAND,PRESERVE_TARGET_MODE_POLICY,REQUIRED,CONTEXTUAL_OR_FUNCTION_BOUND,NONE,Return scheduling requirement; exposure is not mastery.
REC-A1-002423,MWU_SOURCE_UNIT,12B1-MWU-0081,A1-M07-I05-S2,SECOND_RETURN,A1-M08-I05-S1,CROSS_MODULE,PRESERVE_TARGET_MODE_POLICY,REQUIRED,CONTEXTUAL_OR_FUNCTION_BOUND,NONE,Return scheduling requirement; exposure is not mastery.
REC-A1-002424,MWU_SOURCE_UNIT,12B1-MWU-0081,A1-M07-I05-S2,THIRD_RETURN,A1-M08-I06-S1,CROSS_MODULE,PRESERVE_TARGET_MODE_POLICY,REQUIRED,CONTEXTUAL_OR_FUNCTION_BOUND,NONE,Return scheduling requirement; exposure is not mastery.
REC-A1-002425,MWU_SOURCE_UNIT,12B1-MWU-0105,A1-M07-I05-S2,FIRST_RETURN,A1-M07-I05-S3,SAME_ISLAND,PRESERVE_TARGET_MODE_POLICY,REQUIRED,CONTEXTUAL_OR_FUNCTION_BOUND,NONE,Return scheduling requirement; exposure is not mastery.
REC-A1-002426,MWU_SOURCE_UNIT,12B1-MWU-0105,A1-M07-I05-S2,SECOND_RETURN,A1-M08-I05-S1,CROSS_MODULE,PRESERVE_TARGET_MODE_POLICY,REQUIRED,CONTEXTUAL_OR_FUNCTION_BOUND,NONE,Return scheduling requirement; exposure is not mastery.
REC-A1-002427,MWU_SOURCE_UNIT,12B1-MWU-0105,A1-M07-I05-S2,THIRD_RETURN,A1-M08-I06-S1,CROSS_MODULE,PRESERVE_TARGET_MODE_POLICY,REQUIRED,CONTEXTUAL_OR_FUNCTION_BOUND,NONE,Return scheduling requirement; exposure is not mastery.
REC-A1-002428,MWU_SOURCE_UNIT,12B1-MWU-0106,A1-M07-I05-S2,FIRST_RETURN,A1-M07-I05-S3,SAME_ISLAND,PRESERVE_TARGET_MODE_POLICY,REQUIRED,CONTEXTUAL_OR_FUNCTION_BOUND,NONE,Return scheduling requirement; exposure is not mastery.
REC-A1-002429,MWU_SOURCE_UNIT,12B1-MWU-0106,A1-M07-I05-S2,SECOND_RETURN,A1-M08-I05-S1,CROSS_MODULE,PRESERVE_TARGET_MODE_POLICY,REQUIRED,CONTEXTUAL_OR_FUNCTION_BOUND,NONE,Return scheduling requirement; exposure is not mastery.
REC-A1-002430,MWU_SOURCE_UNIT,12B1-MWU-0106,A1-M07-I05-S2,THIRD_RETURN,A1-M08-I06-S1,CROSS_MODULE,PRESERVE_TARGET_MODE_POLICY,REQUIRED,CONTEXTUAL_OR_FUNCTION_BOUND,NONE,Return scheduling requirement; exposure is not mastery.
REC-A1-002431,MWU_SOURCE_UNIT,12B1-MWU-0107,A1-M07-I05-S2,FIRST_RETURN,A1-M07-I05-S3,SAME_ISLAND,PRESERVE_TARGET_MODE_POLICY,REQUIRED,CONTEXTUAL_OR_FUNCTION_BOUND,NONE,Return scheduling requirement; exposure is not mastery.
REC-A1-002432,MWU_SOURCE_UNIT,12B1-MWU-0107,A1-M07-I05-S2,SECOND_RETURN,A1-M08-I05-S1,CROSS_MODULE,PRESERVE_TARGET_MODE_POLICY,REQUIRED,CONTEXTUAL_OR_FUNCTION_BOUND,NONE,Return scheduling requirement; exposure is not mastery.
REC-A1-002433,MWU_SOURCE_UNIT,12B1-MWU-0107,A1-M07-I05-S2,THIRD_RETURN,A1-M08-I06-S1,CROSS_MODULE,PRESERVE_TARGET_MODE_POLICY,REQUIRED,CONTEXTUAL_OR_FUNCTION_BOUND,NONE,Return scheduling requirement; exposure is not mastery.
REC-A1-002434,MWU_SOURCE_UNIT,12B1-MWU-0108,A1-M07-I05-S2,FIRST_RETURN,A1-M07-I05-S3,SAME_ISLAND,PRESERVE_TARGET_MODE_POLICY,REQUIRED,CONTEXTUAL_OR_FUNCTION_BOUND,NONE,Return scheduling requirement; exposure is not mastery.
REC-A1-002435,MWU_SOURCE_UNIT,12B1-MWU-0108,A1-M07-I05-S2,SECOND_RETURN,A1-M08-I05-S1,CROSS_MODULE,PRESERVE_TARGET_MODE_POLICY,REQUIRED,CONTEXTUAL_OR_FUNCTION_BOUND,NONE,Return scheduling requirement; exposure is not mastery.
REC-A1-002436,MWU_SOURCE_UNIT,12B1-MWU-0108,A1-M07-I05-S2,THIRD_RETURN,A1-M08-I06-S1,CROSS_MODULE,PRESERVE_TARGET_MODE_POLICY,REQUIRED,CONTEXTUAL_OR_FUNCTION_BOUND,NONE,Return scheduling requirement; exposure is not mastery.
REC-A1-002437,MWU_SOURCE_UNIT,12B1-MWU-0109,A1-M07-I05-S2,FIRST_RETURN,A1-M07-I05-S3,SAME_ISLAND,PRESERVE_TARGET_MODE_POLICY,REQUIRED,CONTEXTUAL_OR_FUNCTION_BOUND,NONE,Return scheduling requirement; exposure is not mastery.
REC-A1-002438,MWU_SOURCE_UNIT,12B1-MWU-0109,A1-M07-I05-S2,SECOND_RETURN,A1-M08-I05-S1,CROSS_MODULE,PRESERVE_TARGET_MODE_POLICY,REQUIRED,CONTEXTUAL_OR_FUNCTION_BOUND,NONE,Return scheduling requirement; exposure is not mastery.
REC-A1-002439,MWU_SOURCE_UNIT,12B1-MWU-0109,A1-M07-I05-S2,THIRD_RETURN,A1-M08-I06-S1,CROSS_MODULE,PRESERVE_TARGET_MODE_POLICY,REQUIRED,CONTEXTUAL_OR_FUNCTION_BOUND,NONE,Return scheduling requirement; exposure is not mastery.
REC-A1-002440,MWU_SOURCE_UNIT,12B1-MWU-0110,A1-M07-I05-S2,FIRST_RETURN,A1-M07-I05-S3,SAME_ISLAND,PRESERVE_TARGET_MODE_POLICY,REQUIRED,CONTEXTUAL_OR_FUNCTION_BOUND,NONE,Return scheduling requirement; exposure is not mastery.
REC-A1-002441,MWU_SOURCE_UNIT,12B1-MWU-0110,A1-M07-I05-S2,SECOND_RETURN,A1-M08-I05-S1,CROSS_MODULE,PRESERVE_TARGET_MODE_POLICY,REQUIRED,CONTEXTUAL_OR_FUNCTION_BOUND,NONE,Return scheduling requirement; exposure is not mastery.
REC-A1-002442,MWU_SOURCE_UNIT,12B1-MWU-0110,A1-M07-I05-S2,THIRD_RETURN,A1-M08-I06-S1,CROSS_MODULE,PRESERVE_TARGET_MODE_POLICY,REQUIRED,CONTEXTUAL_OR_FUNCTION_BOUND,NONE,Return scheduling requirement; exposure is not mastery.
REC-A1-002443,SENSE,SENSE-A1-000024,A1-M07-I05-S3,FIRST_RETURN,A1-M08-I05-S1,CROSS_MODULE,PRESERVE_TARGET_MODE_POLICY,REQUIRED,CONTEXTUAL_OR_FUNCTION_BOUND,NONE,Return scheduling requirement; exposure is not mastery.
REC-A1-002444,SENSE,SENSE-A1-000024,A1-M07-I05-S3,SECOND_RETURN,A1-M08-I05-S2,CROSS_MODULE,PRESERVE_TARGET_MODE_POLICY,REQUIRED,CONTEXTUAL_OR_FUNCTION_BOUND,NONE,Return scheduling requirement; exposure is not mastery.
REC-A1-002445,SENSE,SENSE-A1-000024,A1-M07-I05-S3,THIRD_RETURN,A1-M08-I06-S2,CROSS_MODULE,PRESERVE_TARGET_MODE_POLICY,REQUIRED,CONTEXTUAL_OR_FUNCTION_BOUND,NONE,Return scheduling requirement; exposure is not mastery.
REC-A1-002446,SENSE,SENSE-A1-000039,A1-M07-I05-S3,FIRST_RETURN,A1-M08-I05-S1,CROSS_MODULE,PRESERVE_TARGET_MODE_POLICY,REQUIRED,CONTEXTUAL_OR_FUNCTION_BOUND,NONE,Return scheduling requirement; exposure is not mastery.
REC-A1-002447,SENSE,SENSE-A1-000039,A1-M07-I05-S3,SECOND_RETURN,A1-M08-I05-S2,CROSS_MODULE,PRESERVE_TARGET_MODE_POLICY,REQUIRED,CONTEXTUAL_OR_FUNCTION_BOUND,NONE,Return scheduling requirement; exposure is not mastery.
REC-A1-002448,SENSE,SENSE-A1-000039,A1-M07-I05-S3,THIRD_RETURN,A1-M08-I06-S2,CROSS_MODULE,PRESERVE_TARGET_MODE_POLICY,REQUIRED,CONTEXTUAL_OR_FUNCTION_BOUND,NONE,Return scheduling requirement; exposure is not mastery.
REC-A1-002449,SENSE,SENSE-A1-000050,A1-M07-I05-S3,FIRST_RETURN,A1-M08-I05-S1,CROSS_MODULE,PRESERVE_TARGET_MODE_POLICY,REQUIRED,CONTEXTUAL_OR_FUNCTION_BOUND,NONE,Return scheduling requirement; exposure is not mastery.
REC-A1-002450,SENSE,SENSE-A1-000050,A1-M07-I05-S3,SECOND_RETURN,A1-M08-I05-S2,CROSS_MODULE,PRESERVE_TARGET_MODE_POLICY,REQUIRED,CONTEXTUAL_OR_FUNCTION_BOUND,NONE,Return scheduling requirement; exposure is not mastery.
REC-A1-002451,SENSE,SENSE-A1-000050,A1-M07-I05-S3,THIRD_RETURN,A1-M08-I06-S2,CROSS_MODULE,PRESERVE_TARGET_MODE_POLICY,REQUIRED,CONTEXTUAL_OR_FUNCTION_BOUND,NONE,Return scheduling requirement; exposure is not mastery.
REC-A1-002452,SENSE,SENSE-A1-000094,A1-M07-I05-S3,FIRST_RETURN,A1-M08-I05-S1,CROSS_MODULE,PRESERVE_TARGET_MODE_POLICY,REQUIRED,CONTEXTUAL_OR_FUNCTION_BOUND,NONE,Return scheduling requirement; exposure is not mastery.
REC-A1-002453,SENSE,SENSE-A1-000094,A1-M07-I05-S3,SECOND_RETURN,A1-M08-I05-S2,CROSS_MODULE,PRESERVE_TARGET_MODE_POLICY,REQUIRED,CONTEXTUAL_OR_FUNCTION_BOUND,NONE,Return scheduling requirement; exposure is not mastery.
REC-A1-002454,SENSE,SENSE-A1-000094,A1-M07-I05-S3,THIRD_RETURN,A1-M08-I06-S2,CROSS_MODULE,PRESERVE_TARGET_MODE_POLICY,REQUIRED,CONTEXTUAL_OR_FUNCTION_BOUND,NONE,Return scheduling requirement; exposure is not mastery.
REC-A1-002455,SENSE,SENSE-A1-000096,A1-M07-I05-S3,FIRST_RETURN,A1-M08-I05-S1,CROSS_MODULE,PRESERVE_TARGET_MODE_POLICY,REQUIRED,CONTEXTUAL_OR_FUNCTION_BOUND,NONE,Return scheduling requirement; exposure is not mastery.
REC-A1-002456,SENSE,SENSE-A1-000096,A1-M07-I05-S3,SECOND_RETURN,A1-M08-I05-S2,CROSS_MODULE,PRESERVE_TARGET_MODE_POLICY,REQUIRED,CONTEXTUAL_OR_FUNCTION_BOUND,NONE,Return scheduling requirement; exposure is not mastery.
REC-A1-002457,SENSE,SENSE-A1-000096,A1-M07-I05-S3,THIRD_RETURN,A1-M08-I06-S2,CROSS_MODULE,PRESERVE_TARGET_MODE_POLICY,REQUIRED,CONTEXTUAL_OR_FUNCTION_BOUND,NONE,Return scheduling requirement; exposure is not mastery.
REC-A1-002458,SENSE,SENSE-A1-000102,A1-M07-I05-S3,FIRST_RETURN,A1-M08-I05-S1,CROSS_MODULE,PRESERVE_TARGET_MODE_POLICY,REQUIRED,CONTEXTUAL_OR_FUNCTION_BOUND,NONE,Return scheduling requirement; exposure is not mastery.
REC-A1-002459,SENSE,SENSE-A1-000102,A1-M07-I05-S3,SECOND_RETURN,A1-M08-I05-S2,CROSS_MODULE,PRESERVE_TARGET_MODE_POLICY,REQUIRED,CONTEXTUAL_OR_FUNCTION_BOUND,NONE,Return scheduling requirement; exposure is not mastery.
REC-A1-002460,SENSE,SENSE-A1-000102,A1-M07-I05-S3,THIRD_RETURN,A1-M08-I06-S2,CROSS_MODULE,PRESERVE_TARGET_MODE_POLICY,REQUIRED,CONTEXTUAL_OR_FUNCTION_BOUND,NONE,Return scheduling requirement; exposure is not mastery.
REC-A1-002461,SENSE,SENSE-A1-000261,A1-M07-I05-S3,FIRST_RETURN,A1-M08-I05-S1,CROSS_MODULE,PRESERVE_TARGET_MODE_POLICY,REQUIRED,CONTEXTUAL_OR_FUNCTION_BOUND,NONE,Return scheduling requirement; exposure is not mastery.
REC-A1-002462,SENSE,SENSE-A1-000261,A1-M07-I05-S3,SECOND_RETURN,A1-M08-I05-S2,CROSS_MODULE,PRESERVE_TARGET_MODE_POLICY,REQUIRED,CONTEXTUAL_OR_FUNCTION_BOUND,NONE,Return scheduling requirement; exposure is not mastery.
REC-A1-002463,SENSE,SENSE-A1-000261,A1-M07-I05-S3,THIRD_RETURN,A1-M08-I06-S2,CROSS_MODULE,PRESERVE_TARGET_MODE_POLICY,REQUIRED,CONTEXTUAL_OR_FUNCTION_BOUND,NONE,Return scheduling requirement; exposure is not mastery.
REC-A1-002464,SENSE,SENSE-A1-000264,A1-M07-I05-S3,FIRST_RETURN,A1-M08-I05-S1,CROSS_MODULE,PRESERVE_TARGET_MODE_POLICY,REQUIRED,CONTEXTUAL_OR_FUNCTION_BOUND,NONE,Return scheduling requirement; exposure is not mastery.
REC-A1-002465,SENSE,SENSE-A1-000264,A1-M07-I05-S3,SECOND_RETURN,A1-M08-I05-S2,CROSS_MODULE,PRESERVE_TARGET_MODE_POLICY,REQUIRED,CONTEXTUAL_OR_FUNCTION_BOUND,NONE,Return scheduling requirement; exposure is not mastery.
REC-A1-002466,SENSE,SENSE-A1-000264,A1-M07-I05-S3,THIRD_RETURN,A1-M08-I06-S2,CROSS_MODULE,PRESERVE_TARGET_MODE_POLICY,REQUIRED,CONTEXTUAL_OR_FUNCTION_BOUND,NONE,Return scheduling requirement; exposure is not mastery.
REC-A1-002467,SENSE,SENSE-A1-000265,A1-M07-I05-S3,FIRST_RETURN,A1-M08-I05-S1,CROSS_MODULE,PRESERVE_TARGET_MODE_POLICY,REQUIRED,CONTEXTUAL_OR_FUNCTION_BOUND,NONE,Return scheduling requirement; exposure is not mastery.
REC-A1-002468,SENSE,SENSE-A1-000265,A1-M07-I05-S3,SECOND_RETURN,A1-M08-I05-S2,CROSS_MODULE,PRESERVE_TARGET_MODE_POLICY,REQUIRED,CONTEXTUAL_OR_FUNCTION_BOUND,NONE,Return scheduling requirement; exposure is not mastery.
REC-A1-002469,SENSE,SENSE-A1-000265,A1-M07-I05-S3,THIRD_RETURN,A1-M08-I06-S2,CROSS_MODULE,PRESERVE_TARGET_MODE_POLICY,REQUIRED,CONTEXTUAL_OR_FUNCTION_BOUND,NONE,Return scheduling requirement; exposure is not mastery.
REC-A1-002470,SENSE,SENSE-A1-000312,A1-M07-I05-S3,FIRST_RETURN,A1-M08-I05-S1,CROSS_MODULE,PRESERVE_TARGET_MODE_POLICY,REQUIRED,CONTEXTUAL_OR_FUNCTION_BOUND,NONE,Return scheduling requirement; exposure is not mastery.
REC-A1-002471,SENSE,SENSE-A1-000312,A1-M07-I05-S3,SECOND_RETURN,A1-M08-I05-S2,CROSS_MODULE,PRESERVE_TARGET_MODE_POLICY,REQUIRED,CONTEXTUAL_OR_FUNCTION_BOUND,NONE,Return scheduling requirement; exposure is not mastery.
REC-A1-002472,SENSE,SENSE-A1-000312,A1-M07-I05-S3,THIRD_RETURN,A1-M08-I06-S2,CROSS_MODULE,PRESERVE_TARGET_MODE_POLICY,REQUIRED,CONTEXTUAL_OR_FUNCTION_BOUND,NONE,Return scheduling requirement; exposure is not mastery.
REC-A1-002473,SENSE,SENSE-A1-000343,A1-M07-I05-S3,FIRST_RETURN,A1-M08-I05-S1,CROSS_MODULE,PRESERVE_TARGET_MODE_POLICY,REQUIRED,CONTEXTUAL_OR_FUNCTION_BOUND,NONE,Return scheduling requirement; exposure is not mastery.
REC-A1-002474,SENSE,SENSE-A1-000343,A1-M07-I05-S3,SECOND_RETURN,A1-M08-I05-S2,CROSS_MODULE,PRESERVE_TARGET_MODE_POLICY,REQUIRED,CONTEXTUAL_OR_FUNCTION_BOUND,NONE,Return scheduling requirement; exposure is not mastery.
REC-A1-002475,SENSE,SENSE-A1-000343,A1-M07-I05-S3,THIRD_RETURN,A1-M08-I06-S2,CROSS_MODULE,PRESERVE_TARGET_MODE_POLICY,REQUIRED,CONTEXTUAL_OR_FUNCTION_BOUND,NONE,Return scheduling requirement; exposure is not mastery.
REC-A1-002476,SENSE,SENSE-A1-000354,A1-M07-I05-S3,FIRST_RETURN,A1-M08-I05-S1,CROSS_MODULE,PRESERVE_TARGET_MODE_POLICY,REQUIRED,CONTEXTUAL_OR_FUNCTION_BOUND,NONE,Return scheduling requirement; exposure is not mastery.
REC-A1-002477,SENSE,SENSE-A1-000354,A1-M07-I05-S3,SECOND_RETURN,A1-M08-I05-S2,CROSS_MODULE,PRESERVE_TARGET_MODE_POLICY,REQUIRED,CONTEXTUAL_OR_FUNCTION_BOUND,NONE,Return scheduling requirement; exposure is not mastery.
REC-A1-002478,SENSE,SENSE-A1-000354,A1-M07-I05-S3,THIRD_RETURN,A1-M08-I06-S2,CROSS_MODULE,PRESERVE_TARGET_MODE_POLICY,REQUIRED,CONTEXTUAL_OR_FUNCTION_BOUND,NONE,Return scheduling requirement; exposure is not mastery.
REC-A1-002479,SENSE,SENSE-A1-000397,A1-M07-I05-S3,FIRST_RETURN,A1-M08-I05-S1,CROSS_MODULE,PRESERVE_TARGET_MODE_POLICY,REQUIRED,CONTEXTUAL_OR_FUNCTION_BOUND,NONE,Return scheduling requirement; exposure is not mastery.
REC-A1-002480,SENSE,SENSE-A1-000397,A1-M07-I05-S3,SECOND_RETURN,A1-M08-I05-S2,CROSS_MODULE,PRESERVE_TARGET_MODE_POLICY,REQUIRED,CONTEXTUAL_OR_FUNCTION_BOUND,NONE,Return scheduling requirement; exposure is not mastery.
REC-A1-002481,SENSE,SENSE-A1-000397,A1-M07-I05-S3,THIRD_RETURN,A1-M08-I06-S2,CROSS_MODULE,PRESERVE_TARGET_MODE_POLICY,REQUIRED,CONTEXTUAL_OR_FUNCTION_BOUND,NONE,Return scheduling requirement; exposure is not mastery.
REC-A1-002482,SENSE,SENSE-A1-000421,A1-M07-I05-S3,FIRST_RETURN,A1-M08-I05-S1,CROSS_MODULE,PRESERVE_TARGET_MODE_POLICY,REQUIRED,CONTEXTUAL_OR_FUNCTION_BOUND,NONE,Return scheduling requirement; exposure is not mastery.
REC-A1-002483,SENSE,SENSE-A1-000421,A1-M07-I05-S3,SECOND_RETURN,A1-M08-I05-S2,CROSS_MODULE,PRESERVE_TARGET_MODE_POLICY,REQUIRED,CONTEXTUAL_OR_FUNCTION_BOUND,NONE,Return scheduling requirement; exposure is not mastery.
REC-A1-002484,SENSE,SENSE-A1-000421,A1-M07-I05-S3,THIRD_RETURN,A1-M08-I06-S2,CROSS_MODULE,PRESERVE_TARGET_MODE_POLICY,REQUIRED,CONTEXTUAL_OR_FUNCTION_BOUND,NONE,Return scheduling requirement; exposure is not mastery.
REC-A1-002485,SENSE,SENSE-A1-000471,A1-M07-I05-S3,FIRST_RETURN,A1-M08-I05-S1,CROSS_MODULE,PRESERVE_TARGET_MODE_POLICY,REQUIRED,CONTEXTUAL_OR_FUNCTION_BOUND,NONE,Return scheduling requirement; exposure is not mastery.
REC-A1-002486,SENSE,SENSE-A1-000471,A1-M07-I05-S3,SECOND_RETURN,A1-M08-I05-S2,CROSS_MODULE,PRESERVE_TARGET_MODE_POLICY,REQUIRED,CONTEXTUAL_OR_FUNCTION_BOUND,NONE,Return scheduling requirement; exposure is not mastery.
REC-A1-002487,SENSE,SENSE-A1-000471,A1-M07-I05-S3,THIRD_RETURN,A1-M08-I06-S2,CROSS_MODULE,PRESERVE_TARGET_MODE_POLICY,REQUIRED,CONTEXTUAL_OR_FUNCTION_BOUND,NONE,Return scheduling requirement; exposure is not mastery.
REC-A1-002488,SENSE,SENSE-A1-000501,A1-M07-I05-S3,FIRST_RETURN,A1-M08-I05-S1,CROSS_MODULE,PRESERVE_TARGET_MODE_POLICY,REQUIRED,CONTEXTUAL_OR_FUNCTION_BOUND,NONE,Return scheduling requirement; exposure is not mastery.
REC-A1-002489,SENSE,SENSE-A1-000501,A1-M07-I05-S3,SECOND_RETURN,A1-M08-I05-S2,CROSS_MODULE,PRESERVE_TARGET_MODE_POLICY,REQUIRED,CONTEXTUAL_OR_FUNCTION_BOUND,NONE,Return scheduling requirement; exposure is not mastery.
REC-A1-002490,SENSE,SENSE-A1-000501,A1-M07-I05-S3,THIRD_RETURN,A1-M08-I06-S2,CROSS_MODULE,PRESERVE_TARGET_MODE_POLICY,REQUIRED,CONTEXTUAL_OR_FUNCTION_BOUND,NONE,Return scheduling requirement; exposure is not mastery.
REC-A1-002491,SENSE,SENSE-A1-000535,A1-M07-I05-S3,FIRST_RETURN,A1-M08-I05-S1,CROSS_MODULE,PRESERVE_TARGET_MODE_POLICY,REQUIRED,CONTEXTUAL_OR_FUNCTION_BOUND,NONE,Return scheduling requirement; exposure is not mastery.
REC-A1-002492,SENSE,SENSE-A1-000535,A1-M07-I05-S3,SECOND_RETURN,A1-M08-I05-S2,CROSS_MODULE,PRESERVE_TARGET_MODE_POLICY,REQUIRED,CONTEXTUAL_OR_FUNCTION_BOUND,NONE,Return scheduling requirement; exposure is not mastery.
REC-A1-002493,SENSE,SENSE-A1-000535,A1-M07-I05-S3,THIRD_RETURN,A1-M08-I06-S2,CROSS_MODULE,PRESERVE_TARGET_MODE_POLICY,REQUIRED,CONTEXTUAL_OR_FUNCTION_BOUND,NONE,Return scheduling requirement; exposure is not mastery.
REC-A1-002494,SENSE,SENSE-A1-000587,A1-M07-I05-S3,FIRST_RETURN,A1-M08-I05-S1,CROSS_MODULE,PRESERVE_TARGET_MODE_POLICY,REQUIRED,CONTEXTUAL_OR_FUNCTION_BOUND,NONE,Return scheduling requirement; exposure is not mastery.
REC-A1-002495,SENSE,SENSE-A1-000587,A1-M07-I05-S3,SECOND_RETURN,A1-M08-I05-S2,CROSS_MODULE,PRESERVE_TARGET_MODE_POLICY,REQUIRED,CONTEXTUAL_OR_FUNCTION_BOUND,NONE,Return scheduling requirement; exposure is not mastery.
REC-A1-002496,SENSE,SENSE-A1-000587,A1-M07-I05-S3,THIRD_RETURN,A1-M08-I06-S2,CROSS_MODULE,PRESERVE_TARGET_MODE_POLICY,REQUIRED,CONTEXTUAL_OR_FUNCTION_BOUND,NONE,Return scheduling requirement; exposure is not mastery.
REC-A1-002497,SENSE,SENSE-A1-000594,A1-M07-I05-S3,FIRST_RETURN,A1-M08-I05-S1,CROSS_MODULE,PRESERVE_TARGET_MODE_POLICY,REQUIRED,CONTEXTUAL_OR_FUNCTION_BOUND,NONE,Return scheduling requirement; exposure is not mastery.
REC-A1-002498,SENSE,SENSE-A1-000594,A1-M07-I05-S3,SECOND_RETURN,A1-M08-I05-S2,CROSS_MODULE,PRESERVE_TARGET_MODE_POLICY,REQUIRED,CONTEXTUAL_OR_FUNCTION_BOUND,NONE,Return scheduling requirement; exposure is not mastery.
REC-A1-002499,SENSE,SENSE-A1-000594,A1-M07-I05-S3,THIRD_RETURN,A1-M08-I06-S2,CROSS_MODULE,PRESERVE_TARGET_MODE_POLICY,REQUIRED,CONTEXTUAL_OR_FUNCTION_BOUND,NONE,Return scheduling requirement; exposure is not mastery.
REC-A1-002500,MWU_SOURCE_UNIT,12B1-MWU-0134,A1-M07-I05-S3,FIRST_RETURN,A1-M08-I05-S1,CROSS_MODULE,PRESERVE_TARGET_MODE_POLICY,REQUIRED,CONTEXTUAL_OR_FUNCTION_BOUND,NONE,Return scheduling requirement; exposure is not mastery.
REC-A1-002501,MWU_SOURCE_UNIT,12B1-MWU-0134,A1-M07-I05-S3,SECOND_RETURN,A1-M08-I05-S2,CROSS_MODULE,PRESERVE_TARGET_MODE_POLICY,REQUIRED,CONTEXTUAL_OR_FUNCTION_BOUND,NONE,Return scheduling requirement; exposure is not mastery.
REC-A1-002502,MWU_SOURCE_UNIT,12B1-MWU-0134,A1-M07-I05-S3,THIRD_RETURN,A1-M08-I06-S2,CROSS_MODULE,PRESERVE_TARGET_MODE_POLICY,REQUIRED,CONTEXTUAL_OR_FUNCTION_BOUND,NONE,Return scheduling requirement; exposure is not mastery.
REC-A1-002503,MWU_SOURCE_UNIT,12B1-MWU-0135,A1-M07-I05-S3,FIRST_RETURN,A1-M08-I05-S1,CROSS_MODULE,PRESERVE_TARGET_MODE_POLICY,REQUIRED,CONTEXTUAL_OR_FUNCTION_BOUND,NONE,Return scheduling requirement; exposure is not mastery.
REC-A1-002504,MWU_SOURCE_UNIT,12B1-MWU-0135,A1-M07-I05-S3,SECOND_RETURN,A1-M08-I05-S2,CROSS_MODULE,PRESERVE_TARGET_MODE_POLICY,REQUIRED,CONTEXTUAL_OR_FUNCTION_BOUND,NONE,Return scheduling requirement; exposure is not mastery.
REC-A1-002505,MWU_SOURCE_UNIT,12B1-MWU-0135,A1-M07-I05-S3,THIRD_RETURN,A1-M08-I06-S2,CROSS_MODULE,PRESERVE_TARGET_MODE_POLICY,REQUIRED,CONTEXTUAL_OR_FUNCTION_BOUND,NONE,Return scheduling requirement; exposure is not mastery.
REC-A1-002506,MWU_SOURCE_UNIT,12B1-MWU-0136,A1-M07-I05-S3,FIRST_RETURN,A1-M08-I05-S1,CROSS_MODULE,PRESERVE_TARGET_MODE_POLICY,REQUIRED,CONTEXTUAL_OR_FUNCTION_BOUND,NONE,Return scheduling requirement; exposure is not mastery.
REC-A1-002507,MWU_SOURCE_UNIT,12B1-MWU-0136,A1-M07-I05-S3,SECOND_RETURN,A1-M08-I05-S2,CROSS_MODULE,PRESERVE_TARGET_MODE_POLICY,REQUIRED,CONTEXTUAL_OR_FUNCTION_BOUND,NONE,Return scheduling requirement; exposure is not mastery.
REC-A1-002508,MWU_SOURCE_UNIT,12B1-MWU-0136,A1-M07-I05-S3,THIRD_RETURN,A1-M08-I06-S2,CROSS_MODULE,PRESERVE_TARGET_MODE_POLICY,REQUIRED,CONTEXTUAL_OR_FUNCTION_BOUND,NONE,Return scheduling requirement; exposure is not mastery.
REC-A1-002509,MWU_SOURCE_UNIT,12B1-MWU-0137,A1-M07-I05-S3,FIRST_RETURN,A1-M08-I05-S1,CROSS_MODULE,PRESERVE_TARGET_MODE_POLICY,REQUIRED,CONTEXTUAL_OR_FUNCTION_BOUND,NONE,Return scheduling requirement; exposure is not mastery.
REC-A1-002510,MWU_SOURCE_UNIT,12B1-MWU-0137,A1-M07-I05-S3,SECOND_RETURN,A1-M08-I05-S2,CROSS_MODULE,PRESERVE_TARGET_MODE_POLICY,REQUIRED,CONTEXTUAL_OR_FUNCTION_BOUND,NONE,Return scheduling requirement; exposure is not mastery.
REC-A1-002511,MWU_SOURCE_UNIT,12B1-MWU-0137,A1-M07-I05-S3,THIRD_RETURN,A1-M08-I06-S2,CROSS_MODULE,PRESERVE_TARGET_MODE_POLICY,REQUIRED,CONTEXTUAL_OR_FUNCTION_BOUND,NONE,Return scheduling requirement; exposure is not mastery.
REC-A1-002512,MWU_SOURCE_UNIT,12B1-MWU-0138,A1-M07-I05-S3,FIRST_RETURN,A1-M08-I05-S1,CROSS_MODULE,PRESERVE_TARGET_MODE_POLICY,REQUIRED,CONTEXTUAL_OR_FUNCTION_BOUND,NONE,Return scheduling requirement; exposure is not mastery.
REC-A1-002513,MWU_SOURCE_UNIT,12B1-MWU-0138,A1-M07-I05-S3,SECOND_RETURN,A1-M08-I05-S2,CROSS_MODULE,PRESERVE_TARGET_MODE_POLICY,REQUIRED,CONTEXTUAL_OR_FUNCTION_BOUND,NONE,Return scheduling requirement; exposure is not mastery.
REC-A1-002514,MWU_SOURCE_UNIT,12B1-MWU-0138,A1-M07-I05-S3,THIRD_RETURN,A1-M08-I06-S2,CROSS_MODULE,PRESERVE_TARGET_MODE_POLICY,REQUIRED,CONTEXTUAL_OR_FUNCTION_BOUND,NONE,Return scheduling requirement; exposure is not mastery.
REC-A1-002515,MWU_SOURCE_UNIT,12B1-MWU-0139,A1-M07-I05-S3,FIRST_RETURN,A1-M08-I05-S1,CROSS_MODULE,PRESERVE_TARGET_MODE_POLICY,REQUIRED,CONTEXTUAL_OR_FUNCTION_BOUND,NONE,Return scheduling requirement; exposure is not mastery.
REC-A1-002516,MWU_SOURCE_UNIT,12B1-MWU-0139,A1-M07-I05-S3,SECOND_RETURN,A1-M08-I05-S2,CROSS_MODULE,PRESERVE_TARGET_MODE_POLICY,REQUIRED,CONTEXTUAL_OR_FUNCTION_BOUND,NONE,Return scheduling requirement; exposure is not mastery.
REC-A1-002517,MWU_SOURCE_UNIT,12B1-MWU-0139,A1-M07-I05-S3,THIRD_RETURN,A1-M08-I06-S2,CROSS_MODULE,PRESERVE_TARGET_MODE_POLICY,REQUIRED,CONTEXTUAL_OR_FUNCTION_BOUND,NONE,Return scheduling requirement; exposure is not mastery.
REC-A1-002518,SENSE,SENSE-A1-000341,A1-M07-I05-S3,FIRST_RETURN,A1-M08-I05-S1,CROSS_MODULE,PRESERVE_TARGET_MODE_POLICY,REQUIRED,CONTEXTUAL_OR_FUNCTION_BOUND,NONE,Return scheduling requirement; exposure is not mastery.
REC-A1-002519,SENSE,SENSE-A1-000341,A1-M07-I05-S3,SECOND_RETURN,A1-M08-I05-S2,CROSS_MODULE,PRESERVE_TARGET_MODE_POLICY,REQUIRED,CONTEXTUAL_OR_FUNCTION_BOUND,NONE,Return scheduling requirement; exposure is not mastery.
REC-A1-002520,SENSE,SENSE-A1-000341,A1-M07-I05-S3,THIRD_RETURN,A1-M08-I06-S2,CROSS_MODULE,PRESERVE_TARGET_MODE_POLICY,REQUIRED,CONTEXTUAL_OR_FUNCTION_BOUND,NONE,Return scheduling requirement; exposure is not mastery.
REC-A1-002521,SENSE,SENSE-A1-000350,A1-M07-I05-S3,FIRST_RETURN,A1-M08-I05-S1,CROSS_MODULE,PRESERVE_TARGET_MODE_POLICY,REQUIRED,CONTEXTUAL_OR_FUNCTION_BOUND,NONE,Return scheduling requirement; exposure is not mastery.
REC-A1-002522,SENSE,SENSE-A1-000350,A1-M07-I05-S3,SECOND_RETURN,A1-M08-I05-S2,CROSS_MODULE,PRESERVE_TARGET_MODE_POLICY,REQUIRED,CONTEXTUAL_OR_FUNCTION_BOUND,NONE,Return scheduling requirement; exposure is not mastery.
REC-A1-002523,SENSE,SENSE-A1-000350,A1-M07-I05-S3,THIRD_RETURN,A1-M08-I06-S2,CROSS_MODULE,PRESERVE_TARGET_MODE_POLICY,REQUIRED,CONTEXTUAL_OR_FUNCTION_BOUND,NONE,Return scheduling requirement; exposure is not mastery.
REC-A1-002524,SENSE,SENSE-A1-000477,A1-M07-I05-S3,FIRST_RETURN,A1-M08-I05-S1,CROSS_MODULE,PRESERVE_TARGET_MODE_POLICY,REQUIRED,CONTEXTUAL_OR_FUNCTION_BOUND,NONE,Return scheduling requirement; exposure is not mastery.
REC-A1-002525,SENSE,SENSE-A1-000477,A1-M07-I05-S3,SECOND_RETURN,A1-M08-I05-S2,CROSS_MODULE,PRESERVE_TARGET_MODE_POLICY,REQUIRED,CONTEXTUAL_OR_FUNCTION_BOUND,NONE,Return scheduling requirement; exposure is not mastery.
REC-A1-002526,SENSE,SENSE-A1-000477,A1-M07-I05-S3,THIRD_RETURN,A1-M08-I06-S2,CROSS_MODULE,PRESERVE_TARGET_MODE_POLICY,REQUIRED,CONTEXTUAL_OR_FUNCTION_BOUND,NONE,Return scheduling requirement; exposure is not mastery.
REC-A1-002527,SENSE,SENSE-A1-000543,A1-M07-I05-S3,FIRST_RETURN,A1-M08-I05-S1,CROSS_MODULE,PRESERVE_TARGET_MODE_POLICY,REQUIRED,CONTEXTUAL_OR_FUNCTION_BOUND,NONE,Return scheduling requirement; exposure is not mastery.
REC-A1-002528,SENSE,SENSE-A1-000543,A1-M07-I05-S3,SECOND_RETURN,A1-M08-I05-S2,CROSS_MODULE,PRESERVE_TARGET_MODE_POLICY,REQUIRED,CONTEXTUAL_OR_FUNCTION_BOUND,NONE,Return scheduling requirement; exposure is not mastery.
REC-A1-002529,SENSE,SENSE-A1-000543,A1-M07-I05-S3,THIRD_RETURN,A1-M08-I06-S2,CROSS_MODULE,PRESERVE_TARGET_MODE_POLICY,REQUIRED,CONTEXTUAL_OR_FUNCTION_BOUND,NONE,Return scheduling requirement; exposure is not mastery.
REC-A1-002530,SENSE,SENSE-A1-000555,A1-M07-I05-S3,FIRST_RETURN,A1-M08-I05-S1,CROSS_MODULE,PRESERVE_TARGET_MODE_POLICY,REQUIRED,CONTEXTUAL_OR_FUNCTION_BOUND,NONE,Return scheduling requirement; exposure is not mastery.
REC-A1-002531,SENSE,SENSE-A1-000555,A1-M07-I05-S3,SECOND_RETURN,A1-M08-I05-S2,CROSS_MODULE,PRESERVE_TARGET_MODE_POLICY,REQUIRED,CONTEXTUAL_OR_FUNCTION_BOUND,NONE,Return scheduling requirement; exposure is not mastery.
REC-A1-002532,SENSE,SENSE-A1-000555,A1-M07-I05-S3,THIRD_RETURN,A1-M08-I06-S2,CROSS_MODULE,PRESERVE_TARGET_MODE_POLICY,REQUIRED,CONTEXTUAL_OR_FUNCTION_BOUND,NONE,Return scheduling requirement; exposure is not mastery.
REC-A1-002533,SENSE,SENSE-A1-000580,A1-M07-I05-S3,FIRST_RETURN,A1-M08-I05-S1,CROSS_MODULE,PRESERVE_TARGET_MODE_POLICY,REQUIRED,CONTEXTUAL_OR_FUNCTION_BOUND,NONE,Return scheduling requirement; exposure is not mastery.
REC-A1-002534,SENSE,SENSE-A1-000580,A1-M07-I05-S3,SECOND_RETURN,A1-M08-I05-S2,CROSS_MODULE,PRESERVE_TARGET_MODE_POLICY,REQUIRED,CONTEXTUAL_OR_FUNCTION_BOUND,NONE,Return scheduling requirement; exposure is not mastery.
REC-A1-002535,SENSE,SENSE-A1-000580,A1-M07-I05-S3,THIRD_RETURN,A1-M08-I06-S2,CROSS_MODULE,PRESERVE_TARGET_MODE_POLICY,REQUIRED,CONTEXTUAL_OR_FUNCTION_BOUND,NONE,Return scheduling requirement; exposure is not mastery.
REC-A1-002536,SENSE,SENSE-A1-000600,A1-M07-I05-S3,FIRST_RETURN,A1-M08-I05-S1,CROSS_MODULE,PRESERVE_TARGET_MODE_POLICY,REQUIRED,CONTEXTUAL_OR_FUNCTION_BOUND,NONE,Return scheduling requirement; exposure is not mastery.
REC-A1-002537,SENSE,SENSE-A1-000600,A1-M07-I05-S3,SECOND_RETURN,A1-M08-I05-S2,CROSS_MODULE,PRESERVE_TARGET_MODE_POLICY,REQUIRED,CONTEXTUAL_OR_FUNCTION_BOUND,NONE,Return scheduling requirement; exposure is not mastery.
REC-A1-002538,SENSE,SENSE-A1-000600,A1-M07-I05-S3,THIRD_RETURN,A1-M08-I06-S2,CROSS_MODULE,PRESERVE_TARGET_MODE_POLICY,REQUIRED,CONTEXTUAL_OR_FUNCTION_BOUND,NONE,Return scheduling requirement; exposure is not mastery.
REC-A1-002539,GRAMMAR_UNIT,GRAM-A1-166,A1-M07-I05-S3,FIRST_RETURN,A1-M08-I05-S1,CROSS_MODULE,PRESERVE_TARGET_MODE_POLICY,REQUIRED,FUNCTION_OR_TASK_BOUND,NONE,Return scheduling requirement; exposure is not mastery.
REC-A1-002540,GRAMMAR_UNIT,GRAM-A1-166,A1-M07-I05-S3,SECOND_RETURN,A1-M08-I05-S2,CROSS_MODULE,PRESERVE_TARGET_MODE_POLICY,REQUIRED,FUNCTION_OR_TASK_BOUND,NONE,Return scheduling requirement; exposure is not mastery.
REC-A1-002541,GRAMMAR_UNIT,GRAM-A1-166,A1-M07-I05-S3,THIRD_RETURN,A1-M08-I06-S2,CROSS_MODULE,PRESERVE_TARGET_MODE_POLICY,REQUIRED,FUNCTION_OR_TASK_BOUND,NONE,Return scheduling requirement; exposure is not mastery.
REC-A1-002542,GRAMMAR_UNIT,GRAM-A1-167,A1-M07-I05-S3,FIRST_RETURN,A1-M08-I05-S1,CROSS_MODULE,PRESERVE_TARGET_MODE_POLICY,REQUIRED,FUNCTION_OR_TASK_BOUND,NONE,Return scheduling requirement; exposure is not mastery.
REC-A1-002543,GRAMMAR_UNIT,GRAM-A1-167,A1-M07-I05-S3,SECOND_RETURN,A1-M08-I05-S2,CROSS_MODULE,PRESERVE_TARGET_MODE_POLICY,REQUIRED,FUNCTION_OR_TASK_BOUND,NONE,Return scheduling requirement; exposure is not mastery.
REC-A1-002544,GRAMMAR_UNIT,GRAM-A1-167,A1-M07-I05-S3,THIRD_RETURN,A1-M08-I06-S2,CROSS_MODULE,PRESERVE_TARGET_MODE_POLICY,REQUIRED,FUNCTION_OR_TASK_BOUND,NONE,Return scheduling requirement; exposure is not mastery.
REC-A1-002545,GRAMMAR_UNIT,GRAM-A1-168,A1-M07-I05-S3,FIRST_RETURN,A1-M08-I05-S1,CROSS_MODULE,PRESERVE_TARGET_MODE_POLICY,REQUIRED,FUNCTION_OR_TASK_BOUND,NONE,Return scheduling requirement; exposure is not mastery.
REC-A1-002546,GRAMMAR_UNIT,GRAM-A1-168,A1-M07-I05-S3,SECOND_RETURN,A1-M08-I05-S2,CROSS_MODULE,PRESERVE_TARGET_MODE_POLICY,REQUIRED,FUNCTION_OR_TASK_BOUND,NONE,Return scheduling requirement; exposure is not mastery.
REC-A1-002547,GRAMMAR_UNIT,GRAM-A1-168,A1-M07-I05-S3,THIRD_RETURN,A1-M08-I06-S2,CROSS_MODULE,PRESERVE_TARGET_MODE_POLICY,REQUIRED,FUNCTION_OR_TASK_BOUND,NONE,Return scheduling requirement; exposure is not mastery.
REC-A1-002548,GRAMMAR_UNIT,GRAM-A1-169,A1-M07-I05-S3,FIRST_RETURN,A1-M08-I05-S1,CROSS_MODULE,PRESERVE_TARGET_MODE_POLICY,REQUIRED,FUNCTION_OR_TASK_BOUND,NONE,Return scheduling requirement; exposure is not mastery.
REC-A1-002549,GRAMMAR_UNIT,GRAM-A1-169,A1-M07-I05-S3,SECOND_RETURN,A1-M08-I05-S2,CROSS_MODULE,PRESERVE_TARGET_MODE_POLICY,REQUIRED,FUNCTION_OR_TASK_BOUND,NONE,Return scheduling requirement; exposure is not mastery.
REC-A1-002550,GRAMMAR_UNIT,GRAM-A1-169,A1-M07-I05-S3,THIRD_RETURN,A1-M08-I06-S2,CROSS_MODULE,PRESERVE_TARGET_MODE_POLICY,REQUIRED,FUNCTION_OR_TASK_BOUND,NONE,Return scheduling requirement; exposure is not mastery.
REC-A1-002551,MWU_SOURCE_UNIT,12B1-MWU-0036,A1-M07-I05-S3,FIRST_RETURN,A1-M08-I05-S1,CROSS_MODULE,PRESERVE_TARGET_MODE_POLICY,REQUIRED,CONTEXTUAL_OR_FUNCTION_BOUND,NONE,Return scheduling requirement; exposure is not mastery.
REC-A1-002552,MWU_SOURCE_UNIT,12B1-MWU-0036,A1-M07-I05-S3,SECOND_RETURN,A1-M08-I05-S2,CROSS_MODULE,PRESERVE_TARGET_MODE_POLICY,REQUIRED,CONTEXTUAL_OR_FUNCTION_BOUND,NONE,Return scheduling requirement; exposure is not mastery.
REC-A1-002553,MWU_SOURCE_UNIT,12B1-MWU-0036,A1-M07-I05-S3,THIRD_RETURN,A1-M08-I06-S2,CROSS_MODULE,PRESERVE_TARGET_MODE_POLICY,REQUIRED,CONTEXTUAL_OR_FUNCTION_BOUND,NONE,Return scheduling requirement; exposure is not mastery.
REC-A1-002554,MWU_SOURCE_UNIT,12B1-MWU-0166,A1-M07-I05-S3,FIRST_RETURN,A1-M08-I05-S1,CROSS_MODULE,PRESERVE_TARGET_MODE_POLICY,REQUIRED,CONTEXTUAL_OR_FUNCTION_BOUND,NONE,Return scheduling requirement; exposure is not mastery.
REC-A1-002555,MWU_SOURCE_UNIT,12B1-MWU-0166,A1-M07-I05-S3,SECOND_RETURN,A1-M08-I05-S2,CROSS_MODULE,PRESERVE_TARGET_MODE_POLICY,REQUIRED,CONTEXTUAL_OR_FUNCTION_BOUND,NONE,Return scheduling requirement; exposure is not mastery.
REC-A1-002556,MWU_SOURCE_UNIT,12B1-MWU-0166,A1-M07-I05-S3,THIRD_RETURN,A1-M08-I06-S2,CROSS_MODULE,PRESERVE_TARGET_MODE_POLICY,REQUIRED,CONTEXTUAL_OR_FUNCTION_BOUND,NONE,Return scheduling requirement; exposure is not mastery.
REC-A1-002557,MWU_SOURCE_UNIT,12B1-MWU-0167,A1-M07-I05-S3,FIRST_RETURN,A1-M08-I05-S1,CROSS_MODULE,PRESERVE_TARGET_MODE_POLICY,REQUIRED,CONTEXTUAL_OR_FUNCTION_BOUND,NONE,Return scheduling requirement; exposure is not mastery.
REC-A1-002558,MWU_SOURCE_UNIT,12B1-MWU-0167,A1-M07-I05-S3,SECOND_RETURN,A1-M08-I05-S2,CROSS_MODULE,PRESERVE_TARGET_MODE_POLICY,REQUIRED,CONTEXTUAL_OR_FUNCTION_BOUND,NONE,Return scheduling requirement; exposure is not mastery.
REC-A1-002559,MWU_SOURCE_UNIT,12B1-MWU-0167,A1-M07-I05-S3,THIRD_RETURN,A1-M08-I06-S2,CROSS_MODULE,PRESERVE_TARGET_MODE_POLICY,REQUIRED,CONTEXTUAL_OR_FUNCTION_BOUND,NONE,Return scheduling requirement; exposure is not mastery.
REC-A1-002560,MWU_SOURCE_UNIT,12B1-MWU-0168,A1-M07-I05-S3,FIRST_RETURN,A1-M08-I05-S1,CROSS_MODULE,PRESERVE_TARGET_MODE_POLICY,REQUIRED,CONTEXTUAL_OR_FUNCTION_BOUND,NONE,Return scheduling requirement; exposure is not mastery.
REC-A1-002561,MWU_SOURCE_UNIT,12B1-MWU-0168,A1-M07-I05-S3,SECOND_RETURN,A1-M08-I05-S2,CROSS_MODULE,PRESERVE_TARGET_MODE_POLICY,REQUIRED,CONTEXTUAL_OR_FUNCTION_BOUND,NONE,Return scheduling requirement; exposure is not mastery.
REC-A1-002562,MWU_SOURCE_UNIT,12B1-MWU-0168,A1-M07-I05-S3,THIRD_RETURN,A1-M08-I06-S2,CROSS_MODULE,PRESERVE_TARGET_MODE_POLICY,REQUIRED,CONTEXTUAL_OR_FUNCTION_BOUND,NONE,Return scheduling requirement; exposure is not mastery.
REC-A1-002563,MWU_SOURCE_UNIT,12B1-MWU-0175,A1-M07-I05-S3,FIRST_RETURN,A1-M08-I05-S1,CROSS_MODULE,PRESERVE_TARGET_MODE_POLICY,REQUIRED,CONTEXTUAL_OR_FUNCTION_BOUND,NONE,Return scheduling requirement; exposure is not mastery.
REC-A1-002564,MWU_SOURCE_UNIT,12B1-MWU-0175,A1-M07-I05-S3,SECOND_RETURN,A1-M08-I05-S2,CROSS_MODULE,PRESERVE_TARGET_MODE_POLICY,REQUIRED,CONTEXTUAL_OR_FUNCTION_BOUND,NONE,Return scheduling requirement; exposure is not mastery.
REC-A1-002565,MWU_SOURCE_UNIT,12B1-MWU-0175,A1-M07-I05-S3,THIRD_RETURN,A1-M08-I06-S2,CROSS_MODULE,PRESERVE_TARGET_MODE_POLICY,REQUIRED,CONTEXTUAL_OR_FUNCTION_BOUND,NONE,Return scheduling requirement; exposure is not mastery.
REC-A1-002566,MWU_SOURCE_UNIT,12B1-MWU-0176,A1-M07-I05-S3,FIRST_RETURN,A1-M08-I05-S1,CROSS_MODULE,PRESERVE_TARGET_MODE_POLICY,REQUIRED,CONTEXTUAL_OR_FUNCTION_BOUND,NONE,Return scheduling requirement; exposure is not mastery.
REC-A1-002567,MWU_SOURCE_UNIT,12B1-MWU-0176,A1-M07-I05-S3,SECOND_RETURN,A1-M08-I05-S2,CROSS_MODULE,PRESERVE_TARGET_MODE_POLICY,REQUIRED,CONTEXTUAL_OR_FUNCTION_BOUND,NONE,Return scheduling requirement; exposure is not mastery.
REC-A1-002568,MWU_SOURCE_UNIT,12B1-MWU-0176,A1-M07-I05-S3,THIRD_RETURN,A1-M08-I06-S2,CROSS_MODULE,PRESERVE_TARGET_MODE_POLICY,REQUIRED,CONTEXTUAL_OR_FUNCTION_BOUND,NONE,Return scheduling requirement; exposure is not mastery.
REC-A1-002569,MWU_SOURCE_UNIT,12B1-MWU-0177,A1-M07-I05-S3,FIRST_RETURN,A1-M08-I05-S1,CROSS_MODULE,PRESERVE_TARGET_MODE_POLICY,REQUIRED,CONTEXTUAL_OR_FUNCTION_BOUND,NONE,Return scheduling requirement; exposure is not mastery.
REC-A1-002570,MWU_SOURCE_UNIT,12B1-MWU-0177,A1-M07-I05-S3,SECOND_RETURN,A1-M08-I05-S2,CROSS_MODULE,PRESERVE_TARGET_MODE_POLICY,REQUIRED,CONTEXTUAL_OR_FUNCTION_BOUND,NONE,Return scheduling requirement; exposure is not mastery.
REC-A1-002571,MWU_SOURCE_UNIT,12B1-MWU-0177,A1-M07-I05-S3,THIRD_RETURN,A1-M08-I06-S2,CROSS_MODULE,PRESERVE_TARGET_MODE_POLICY,REQUIRED,CONTEXTUAL_OR_FUNCTION_BOUND,NONE,Return scheduling requirement; exposure is not mastery.
REC-A1-002572,SENSE,SENSE-A1-000028,A1-M08-I05-S1,FIRST_RETURN,A1-M08-I05-S2,SAME_ISLAND,PRESERVE_TARGET_MODE_POLICY,REQUIRED,CONTEXTUAL_OR_FUNCTION_BOUND,NONE,Return scheduling requirement; exposure is not mastery.
REC-A1-002573,SENSE,SENSE-A1-000028,A1-M08-I05-S1,SECOND_RETURN,A1-M08-I06-S1,SAME_MODULE_CROSS_ISLAND,PRESERVE_TARGET_MODE_POLICY,REQUIRED,CONTEXTUAL_OR_FUNCTION_BOUND,NONE,Return scheduling requirement; exposure is not mastery.
REC-A1-002574,SENSE,SENSE-A1-000028,A1-M08-I05-S1,THIRD_RETURN,A1-M08-I06-S2,SAME_MODULE_CROSS_ISLAND,PRESERVE_TARGET_MODE_POLICY,REQUIRED,CONTEXTUAL_OR_FUNCTION_BOUND,NONE,Return scheduling requirement; exposure is not mastery.
REC-A1-002575,SENSE,SENSE-A1-000043,A1-M08-I05-S1,FIRST_RETURN,A1-M08-I05-S2,SAME_ISLAND,PRESERVE_TARGET_MODE_POLICY,REQUIRED,CONTEXTUAL_OR_FUNCTION_BOUND,NONE,Return scheduling requirement; exposure is not mastery.
REC-A1-002576,SENSE,SENSE-A1-000043,A1-M08-I05-S1,SECOND_RETURN,A1-M08-I06-S1,SAME_MODULE_CROSS_ISLAND,PRESERVE_TARGET_MODE_POLICY,REQUIRED,CONTEXTUAL_OR_FUNCTION_BOUND,NONE,Return scheduling requirement; exposure is not mastery.
REC-A1-002577,SENSE,SENSE-A1-000043,A1-M08-I05-S1,THIRD_RETURN,A1-M08-I06-S2,SAME_MODULE_CROSS_ISLAND,PRESERVE_TARGET_MODE_POLICY,REQUIRED,CONTEXTUAL_OR_FUNCTION_BOUND,NONE,Return scheduling requirement; exposure is not mastery.
REC-A1-002578,SENSE,SENSE-A1-000082,A1-M08-I05-S1,FIRST_RETURN,A1-M08-I05-S2,SAME_ISLAND,PRESERVE_TARGET_MODE_POLICY,REQUIRED,CONTEXTUAL_OR_FUNCTION_BOUND,NONE,Return scheduling requirement; exposure is not mastery.
REC-A1-002579,SENSE,SENSE-A1-000082,A1-M08-I05-S1,SECOND_RETURN,A1-M08-I06-S1,SAME_MODULE_CROSS_ISLAND,PRESERVE_TARGET_MODE_POLICY,REQUIRED,CONTEXTUAL_OR_FUNCTION_BOUND,NONE,Return scheduling requirement; exposure is not mastery.
REC-A1-002580,SENSE,SENSE-A1-000082,A1-M08-I05-S1,THIRD_RETURN,A1-M08-I06-S2,SAME_MODULE_CROSS_ISLAND,PRESERVE_TARGET_MODE_POLICY,REQUIRED,CONTEXTUAL_OR_FUNCTION_BOUND,NONE,Return scheduling requirement; exposure is not mastery.
REC-A1-002581,SENSE,SENSE-A1-000168,A1-M08-I05-S1,FIRST_RETURN,A1-M08-I05-S2,SAME_ISLAND,PRESERVE_TARGET_MODE_POLICY,REQUIRED,CONTEXTUAL_OR_FUNCTION_BOUND,NONE,Return scheduling requirement; exposure is not mastery.
REC-A1-002582,SENSE,SENSE-A1-000168,A1-M08-I05-S1,SECOND_RETURN,A1-M08-I06-S1,SAME_MODULE_CROSS_ISLAND,PRESERVE_TARGET_MODE_POLICY,REQUIRED,CONTEXTUAL_OR_FUNCTION_BOUND,NONE,Return scheduling requirement; exposure is not mastery.
REC-A1-002583,SENSE,SENSE-A1-000168,A1-M08-I05-S1,THIRD_RETURN,A1-M08-I06-S2,SAME_MODULE_CROSS_ISLAND,PRESERVE_TARGET_MODE_POLICY,REQUIRED,CONTEXTUAL_OR_FUNCTION_BOUND,NONE,Return scheduling requirement; exposure is not mastery.
REC-A1-002584,SENSE,SENSE-A1-000182,A1-M08-I05-S1,FIRST_RETURN,A1-M08-I05-S2,SAME_ISLAND,PRESERVE_TARGET_MODE_POLICY,REQUIRED,NOT_REQUIRED,NONE,Return scheduling requirement; exposure is not mastery.
REC-A1-002585,SENSE,SENSE-A1-000182,A1-M08-I05-S1,SECOND_RETURN,A1-M08-I06-S1,SAME_MODULE_CROSS_ISLAND,PRESERVE_TARGET_MODE_POLICY,REQUIRED,NOT_REQUIRED,NONE,Return scheduling requirement; exposure is not mastery.
REC-A1-002586,SENSE,SENSE-A1-000182,A1-M08-I05-S1,THIRD_RETURN,A1-M08-I06-S2,SAME_MODULE_CROSS_ISLAND,PRESERVE_TARGET_MODE_POLICY,REQUIRED,NOT_REQUIRED,NONE,Return scheduling requirement; exposure is not mastery.
REC-A1-002587,SENSE,SENSE-A1-000250,A1-M08-I05-S1,FIRST_RETURN,A1-M08-I05-S2,SAME_ISLAND,PRESERVE_TARGET_MODE_POLICY,REQUIRED,CONTEXTUAL_OR_FUNCTION_BOUND,NONE,Return scheduling requirement; exposure is not mastery.
REC-A1-002588,SENSE,SENSE-A1-000250,A1-M08-I05-S1,SECOND_RETURN,A1-M08-I06-S1,SAME_MODULE_CROSS_ISLAND,PRESERVE_TARGET_MODE_POLICY,REQUIRED,CONTEXTUAL_OR_FUNCTION_BOUND,NONE,Return scheduling requirement; exposure is not mastery.
REC-A1-002589,SENSE,SENSE-A1-000250,A1-M08-I05-S1,THIRD_RETURN,A1-M08-I06-S2,SAME_MODULE_CROSS_ISLAND,PRESERVE_TARGET_MODE_POLICY,REQUIRED,CONTEXTUAL_OR_FUNCTION_BOUND,NONE,Return scheduling requirement; exposure is not mastery.
REC-A1-002590,SENSE,SENSE-A1-000308,A1-M08-I05-S1,FIRST_RETURN,A1-M08-I05-S2,SAME_ISLAND,PRESERVE_TARGET_MODE_POLICY,REQUIRED,CONTEXTUAL_OR_FUNCTION_BOUND,NONE,Return scheduling requirement; exposure is not mastery.
REC-A1-002591,SENSE,SENSE-A1-000308,A1-M08-I05-S1,SECOND_RETURN,A1-M08-I06-S1,SAME_MODULE_CROSS_ISLAND,PRESERVE_TARGET_MODE_POLICY,REQUIRED,CONTEXTUAL_OR_FUNCTION_BOUND,NONE,Return scheduling requirement; exposure is not mastery.
REC-A1-002592,SENSE,SENSE-A1-000308,A1-M08-I05-S1,THIRD_RETURN,A1-M08-I06-S2,SAME_MODULE_CROSS_ISLAND,PRESERVE_TARGET_MODE_POLICY,REQUIRED,CONTEXTUAL_OR_FUNCTION_BOUND,NONE,Return scheduling requirement; exposure is not mastery.
REC-A1-002593,SENSE,SENSE-A1-000309,A1-M08-I05-S1,FIRST_RETURN,A1-M08-I05-S2,SAME_ISLAND,PRESERVE_TARGET_MODE_POLICY,REQUIRED,CONTEXTUAL_OR_FUNCTION_BOUND,NONE,Return scheduling requirement; exposure is not mastery.
REC-A1-002594,SENSE,SENSE-A1-000309,A1-M08-I05-S1,SECOND_RETURN,A1-M08-I06-S1,SAME_MODULE_CROSS_ISLAND,PRESERVE_TARGET_MODE_POLICY,REQUIRED,CONTEXTUAL_OR_FUNCTION_BOUND,NONE,Return scheduling requirement; exposure is not mastery.
REC-A1-002595,SENSE,SENSE-A1-000309,A1-M08-I05-S1,THIRD_RETURN,A1-M08-I06-S2,SAME_MODULE_CROSS_ISLAND,PRESERVE_TARGET_MODE_POLICY,REQUIRED,CONTEXTUAL_OR_FUNCTION_BOUND,NONE,Return scheduling requirement; exposure is not mastery.
REC-A1-002596,SENSE,SENSE-A1-000349,A1-M08-I05-S1,FIRST_RETURN,A1-M08-I05-S2,SAME_ISLAND,PRESERVE_TARGET_MODE_POLICY,REQUIRED,CONTEXTUAL_OR_FUNCTION_BOUND,NONE,Return scheduling requirement; exposure is not mastery.
REC-A1-002597,SENSE,SENSE-A1-000349,A1-M08-I05-S1,SECOND_RETURN,A1-M08-I06-S1,SAME_MODULE_CROSS_ISLAND,PRESERVE_TARGET_MODE_POLICY,REQUIRED,CONTEXTUAL_OR_FUNCTION_BOUND,NONE,Return scheduling requirement; exposure is not mastery.
REC-A1-002598,SENSE,SENSE-A1-000349,A1-M08-I05-S1,THIRD_RETURN,A1-M08-I06-S2,SAME_MODULE_CROSS_ISLAND,PRESERVE_TARGET_MODE_POLICY,REQUIRED,CONTEXTUAL_OR_FUNCTION_BOUND,NONE,Return scheduling requirement; exposure is not mastery.
REC-A1-002599,SENSE,SENSE-A1-000410,A1-M08-I05-S1,FIRST_RETURN,A1-M08-I05-S2,SAME_ISLAND,PRESERVE_TARGET_MODE_POLICY,REQUIRED,CONTEXTUAL_OR_FUNCTION_BOUND,NONE,Return scheduling requirement; exposure is not mastery.
REC-A1-002600,SENSE,SENSE-A1-000410,A1-M08-I05-S1,SECOND_RETURN,A1-M08-I06-S1,SAME_MODULE_CROSS_ISLAND,PRESERVE_TARGET_MODE_POLICY,REQUIRED,CONTEXTUAL_OR_FUNCTION_BOUND,NONE,Return scheduling requirement; exposure is not mastery.
REC-A1-002601,SENSE,SENSE-A1-000410,A1-M08-I05-S1,THIRD_RETURN,A1-M08-I06-S2,SAME_MODULE_CROSS_ISLAND,PRESERVE_TARGET_MODE_POLICY,REQUIRED,CONTEXTUAL_OR_FUNCTION_BOUND,NONE,Return scheduling requirement; exposure is not mastery.
REC-A1-002602,SENSE,SENSE-A1-000461,A1-M08-I05-S1,FIRST_RETURN,A1-M08-I05-S2,SAME_ISLAND,PRESERVE_TARGET_MODE_POLICY,REQUIRED,CONTEXTUAL_OR_FUNCTION_BOUND,NONE,Return scheduling requirement; exposure is not mastery.
REC-A1-002603,SENSE,SENSE-A1-000461,A1-M08-I05-S1,SECOND_RETURN,A1-M08-I06-S1,SAME_MODULE_CROSS_ISLAND,PRESERVE_TARGET_MODE_POLICY,REQUIRED,CONTEXTUAL_OR_FUNCTION_BOUND,NONE,Return scheduling requirement; exposure is not mastery.
REC-A1-002604,SENSE,SENSE-A1-000461,A1-M08-I05-S1,THIRD_RETURN,A1-M08-I06-S2,SAME_MODULE_CROSS_ISLAND,PRESERVE_TARGET_MODE_POLICY,REQUIRED,CONTEXTUAL_OR_FUNCTION_BOUND,NONE,Return scheduling requirement; exposure is not mastery.
REC-A1-002605,SENSE,SENSE-A1-000490,A1-M08-I05-S1,FIRST_RETURN,A1-M08-I05-S2,SAME_ISLAND,PRESERVE_TARGET_MODE_POLICY,REQUIRED,CONTEXTUAL_OR_FUNCTION_BOUND,NONE,Return scheduling requirement; exposure is not mastery.
REC-A1-002606,SENSE,SENSE-A1-000490,A1-M08-I05-S1,SECOND_RETURN,A1-M08-I06-S1,SAME_MODULE_CROSS_ISLAND,PRESERVE_TARGET_MODE_POLICY,REQUIRED,CONTEXTUAL_OR_FUNCTION_BOUND,NONE,Return scheduling requirement; exposure is not mastery.
REC-A1-002607,SENSE,SENSE-A1-000490,A1-M08-I05-S1,THIRD_RETURN,A1-M08-I06-S2,SAME_MODULE_CROSS_ISLAND,PRESERVE_TARGET_MODE_POLICY,REQUIRED,CONTEXTUAL_OR_FUNCTION_BOUND,NONE,Return scheduling requirement; exposure is not mastery.
REC-A1-002608,SENSE,SENSE-A1-000491,A1-M08-I05-S1,FIRST_RETURN,A1-M08-I05-S2,SAME_ISLAND,PRESERVE_TARGET_MODE_POLICY,REQUIRED,CONTEXTUAL_OR_FUNCTION_BOUND,NONE,Return scheduling requirement; exposure is not mastery.
REC-A1-002609,SENSE,SENSE-A1-000491,A1-M08-I05-S1,SECOND_RETURN,A1-M08-I06-S1,SAME_MODULE_CROSS_ISLAND,PRESERVE_TARGET_MODE_POLICY,REQUIRED,CONTEXTUAL_OR_FUNCTION_BOUND,NONE,Return scheduling requirement; exposure is not mastery.
REC-A1-002610,SENSE,SENSE-A1-000491,A1-M08-I05-S1,THIRD_RETURN,A1-M08-I06-S2,SAME_MODULE_CROSS_ISLAND,PRESERVE_TARGET_MODE_POLICY,REQUIRED,CONTEXTUAL_OR_FUNCTION_BOUND,NONE,Return scheduling requirement; exposure is not mastery.
REC-A1-002611,SENSE,SENSE-A1-000494,A1-M08-I05-S1,FIRST_RETURN,A1-M08-I05-S2,SAME_ISLAND,PRESERVE_TARGET_MODE_POLICY,REQUIRED,CONTEXTUAL_OR_FUNCTION_BOUND,NONE,Return scheduling requirement; exposure is not mastery.
REC-A1-002612,SENSE,SENSE-A1-000494,A1-M08-I05-S1,SECOND_RETURN,A1-M08-I06-S1,SAME_MODULE_CROSS_ISLAND,PRESERVE_TARGET_MODE_POLICY,REQUIRED,CONTEXTUAL_OR_FUNCTION_BOUND,NONE,Return scheduling requirement; exposure is not mastery.
REC-A1-002613,SENSE,SENSE-A1-000494,A1-M08-I05-S1,THIRD_RETURN,A1-M08-I06-S2,SAME_MODULE_CROSS_ISLAND,PRESERVE_TARGET_MODE_POLICY,REQUIRED,CONTEXTUAL_OR_FUNCTION_BOUND,NONE,Return scheduling requirement; exposure is not mastery.
REC-A1-002614,SENSE,SENSE-A1-000528,A1-M08-I05-S1,FIRST_RETURN,A1-M08-I05-S2,SAME_ISLAND,PRESERVE_TARGET_MODE_POLICY,REQUIRED,CONTEXTUAL_OR_FUNCTION_BOUND,NONE,Return scheduling requirement; exposure is not mastery.
REC-A1-002615,SENSE,SENSE-A1-000528,A1-M08-I05-S1,SECOND_RETURN,A1-M08-I06-S1,SAME_MODULE_CROSS_ISLAND,PRESERVE_TARGET_MODE_POLICY,REQUIRED,CONTEXTUAL_OR_FUNCTION_BOUND,NONE,Return scheduling requirement; exposure is not mastery.
REC-A1-002616,SENSE,SENSE-A1-000528,A1-M08-I05-S1,THIRD_RETURN,A1-M08-I06-S2,SAME_MODULE_CROSS_ISLAND,PRESERVE_TARGET_MODE_POLICY,REQUIRED,CONTEXTUAL_OR_FUNCTION_BOUND,NONE,Return scheduling requirement; exposure is not mastery.
REC-A1-002617,SENSE,SENSE-A1-000563,A1-M08-I05-S1,FIRST_RETURN,A1-M08-I05-S2,SAME_ISLAND,PRESERVE_TARGET_MODE_POLICY,REQUIRED,CONTEXTUAL_OR_FUNCTION_BOUND,NONE,Return scheduling requirement; exposure is not mastery.
REC-A1-002618,SENSE,SENSE-A1-000563,A1-M08-I05-S1,SECOND_RETURN,A1-M08-I06-S1,SAME_MODULE_CROSS_ISLAND,PRESERVE_TARGET_MODE_POLICY,REQUIRED,CONTEXTUAL_OR_FUNCTION_BOUND,NONE,Return scheduling requirement; exposure is not mastery.
REC-A1-002619,SENSE,SENSE-A1-000563,A1-M08-I05-S1,THIRD_RETURN,A1-M08-I06-S2,SAME_MODULE_CROSS_ISLAND,PRESERVE_TARGET_MODE_POLICY,REQUIRED,CONTEXTUAL_OR_FUNCTION_BOUND,NONE,Return scheduling requirement; exposure is not mastery.
REC-A1-002620,GRAMMAR_UNIT,GRAM-A1-030,A1-M08-I05-S1,FIRST_RETURN,A1-M08-I05-S2,SAME_ISLAND,PRESERVE_TARGET_MODE_POLICY,REQUIRED,FUNCTION_OR_TASK_BOUND,NONE,Return scheduling requirement; exposure is not mastery.
REC-A1-002621,GRAMMAR_UNIT,GRAM-A1-030,A1-M08-I05-S1,SECOND_RETURN,A1-M08-I06-S1,SAME_MODULE_CROSS_ISLAND,PRESERVE_TARGET_MODE_POLICY,REQUIRED,FUNCTION_OR_TASK_BOUND,NONE,Return scheduling requirement; exposure is not mastery.
REC-A1-002622,GRAMMAR_UNIT,GRAM-A1-030,A1-M08-I05-S1,THIRD_RETURN,A1-M08-I06-S2,SAME_MODULE_CROSS_ISLAND,PRESERVE_TARGET_MODE_POLICY,REQUIRED,FUNCTION_OR_TASK_BOUND,NONE,Return scheduling requirement; exposure is not mastery.
REC-A1-002623,GRAMMAR_UNIT,GRAM-A1-099,A1-M08-I05-S1,FIRST_RETURN,A1-M08-I05-S2,SAME_ISLAND,PRESERVE_TARGET_MODE_POLICY,REQUIRED,FUNCTION_OR_TASK_BOUND,NONE,Return scheduling requirement; exposure is not mastery.
REC-A1-002624,GRAMMAR_UNIT,GRAM-A1-099,A1-M08-I05-S1,SECOND_RETURN,A1-M08-I06-S1,SAME_MODULE_CROSS_ISLAND,PRESERVE_TARGET_MODE_POLICY,REQUIRED,FUNCTION_OR_TASK_BOUND,NONE,Return scheduling requirement; exposure is not mastery.
REC-A1-002625,GRAMMAR_UNIT,GRAM-A1-099,A1-M08-I05-S1,THIRD_RETURN,A1-M08-I06-S2,SAME_MODULE_CROSS_ISLAND,PRESERVE_TARGET_MODE_POLICY,REQUIRED,FUNCTION_OR_TASK_BOUND,NONE,Return scheduling requirement; exposure is not mastery.
REC-A1-002626,GRAMMAR_UNIT,GRAM-A1-100,A1-M08-I05-S1,FIRST_RETURN,A1-M08-I05-S2,SAME_ISLAND,PRESERVE_TARGET_MODE_POLICY,REQUIRED,FUNCTION_OR_TASK_BOUND,NONE,Return scheduling requirement; exposure is not mastery.
REC-A1-002627,GRAMMAR_UNIT,GRAM-A1-100,A1-M08-I05-S1,SECOND_RETURN,A1-M08-I06-S1,SAME_MODULE_CROSS_ISLAND,PRESERVE_TARGET_MODE_POLICY,REQUIRED,FUNCTION_OR_TASK_BOUND,NONE,Return scheduling requirement; exposure is not mastery.
REC-A1-002628,GRAMMAR_UNIT,GRAM-A1-100,A1-M08-I05-S1,THIRD_RETURN,A1-M08-I06-S2,SAME_MODULE_CROSS_ISLAND,PRESERVE_TARGET_MODE_POLICY,REQUIRED,FUNCTION_OR_TASK_BOUND,NONE,Return scheduling requirement; exposure is not mastery.
REC-A1-002629,GRAMMAR_UNIT,GRAM-A1-101,A1-M08-I05-S1,FIRST_RETURN,A1-M08-I05-S2,SAME_ISLAND,PRESERVE_TARGET_MODE_POLICY,REQUIRED,FUNCTION_OR_TASK_BOUND,NONE,Return scheduling requirement; exposure is not mastery.
REC-A1-002630,GRAMMAR_UNIT,GRAM-A1-101,A1-M08-I05-S1,SECOND_RETURN,A1-M08-I06-S1,SAME_MODULE_CROSS_ISLAND,PRESERVE_TARGET_MODE_POLICY,REQUIRED,FUNCTION_OR_TASK_BOUND,NONE,Return scheduling requirement; exposure is not mastery.
REC-A1-002631,GRAMMAR_UNIT,GRAM-A1-101,A1-M08-I05-S1,THIRD_RETURN,A1-M08-I06-S2,SAME_MODULE_CROSS_ISLAND,PRESERVE_TARGET_MODE_POLICY,REQUIRED,FUNCTION_OR_TASK_BOUND,NONE,Return scheduling requirement; exposure is not mastery.
REC-A1-002632,GRAMMAR_UNIT,GRAM-A1-102,A1-M08-I05-S1,FIRST_RETURN,A1-M08-I05-S2,SAME_ISLAND,PRESERVE_TARGET_MODE_POLICY,REQUIRED,FUNCTION_OR_TASK_BOUND,NONE,Return scheduling requirement; exposure is not mastery.
REC-A1-002633,GRAMMAR_UNIT,GRAM-A1-102,A1-M08-I05-S1,SECOND_RETURN,A1-M08-I06-S1,SAME_MODULE_CROSS_ISLAND,PRESERVE_TARGET_MODE_POLICY,REQUIRED,FUNCTION_OR_TASK_BOUND,NONE,Return scheduling requirement; exposure is not mastery.
REC-A1-002634,GRAMMAR_UNIT,GRAM-A1-102,A1-M08-I05-S1,THIRD_RETURN,A1-M08-I06-S2,SAME_MODULE_CROSS_ISLAND,PRESERVE_TARGET_MODE_POLICY,REQUIRED,FUNCTION_OR_TASK_BOUND,NONE,Return scheduling requirement; exposure is not mastery.
REC-A1-002635,GRAMMAR_UNIT,GRAM-A1-125,A1-M08-I05-S1,FIRST_RETURN,A1-M08-I05-S2,SAME_ISLAND,PRESERVE_TARGET_MODE_POLICY,REQUIRED,FUNCTION_OR_TASK_BOUND,NONE,Return scheduling requirement; exposure is not mastery.
REC-A1-002636,GRAMMAR_UNIT,GRAM-A1-125,A1-M08-I05-S1,SECOND_RETURN,A1-M08-I06-S1,SAME_MODULE_CROSS_ISLAND,PRESERVE_TARGET_MODE_POLICY,REQUIRED,FUNCTION_OR_TASK_BOUND,NONE,Return scheduling requirement; exposure is not mastery.
REC-A1-002637,GRAMMAR_UNIT,GRAM-A1-125,A1-M08-I05-S1,THIRD_RETURN,A1-M08-I06-S2,SAME_MODULE_CROSS_ISLAND,PRESERVE_TARGET_MODE_POLICY,REQUIRED,FUNCTION_OR_TASK_BOUND,NONE,Return scheduling requirement; exposure is not mastery.
REC-A1-002638,GRAMMAR_UNIT,GRAM-A1-157,A1-M08-I05-S1,FIRST_RETURN,A1-M08-I05-S2,SAME_ISLAND,PRESERVE_TARGET_MODE_POLICY,REQUIRED,FUNCTION_OR_TASK_BOUND,NONE,Return scheduling requirement; exposure is not mastery.
REC-A1-002639,GRAMMAR_UNIT,GRAM-A1-157,A1-M08-I05-S1,SECOND_RETURN,A1-M08-I06-S1,SAME_MODULE_CROSS_ISLAND,PRESERVE_TARGET_MODE_POLICY,REQUIRED,FUNCTION_OR_TASK_BOUND,NONE,Return scheduling requirement; exposure is not mastery.
REC-A1-002640,GRAMMAR_UNIT,GRAM-A1-157,A1-M08-I05-S1,THIRD_RETURN,A1-M08-I06-S2,SAME_MODULE_CROSS_ISLAND,PRESERVE_TARGET_MODE_POLICY,REQUIRED,FUNCTION_OR_TASK_BOUND,NONE,Return scheduling requirement; exposure is not mastery.
REC-A1-002641,MWU_SOURCE_UNIT,12B1-MWU-0129,A1-M08-I05-S1,FIRST_RETURN,A1-M08-I05-S2,SAME_ISLAND,PRESERVE_TARGET_MODE_POLICY,REQUIRED,CONTEXTUAL_OR_FUNCTION_BOUND,NONE,Return scheduling requirement; exposure is not mastery.
REC-A1-002642,MWU_SOURCE_UNIT,12B1-MWU-0129,A1-M08-I05-S1,SECOND_RETURN,A1-M08-I06-S1,SAME_MODULE_CROSS_ISLAND,PRESERVE_TARGET_MODE_POLICY,REQUIRED,CONTEXTUAL_OR_FUNCTION_BOUND,NONE,Return scheduling requirement; exposure is not mastery.
REC-A1-002643,MWU_SOURCE_UNIT,12B1-MWU-0129,A1-M08-I05-S1,THIRD_RETURN,A1-M08-I06-S2,SAME_MODULE_CROSS_ISLAND,PRESERVE_TARGET_MODE_POLICY,REQUIRED,CONTEXTUAL_OR_FUNCTION_BOUND,NONE,Return scheduling requirement; exposure is not mastery.
REC-A1-002644,MWU_SOURCE_UNIT,12B1-MWU-0180,A1-M08-I05-S1,FIRST_RETURN,A1-M08-I05-S2,SAME_ISLAND,PRESERVE_TARGET_MODE_POLICY,REQUIRED,CONTEXTUAL_OR_FUNCTION_BOUND,NONE,Return scheduling requirement; exposure is not mastery.
REC-A1-002645,MWU_SOURCE_UNIT,12B1-MWU-0180,A1-M08-I05-S1,SECOND_RETURN,A1-M08-I06-S1,SAME_MODULE_CROSS_ISLAND,PRESERVE_TARGET_MODE_POLICY,REQUIRED,CONTEXTUAL_OR_FUNCTION_BOUND,NONE,Return scheduling requirement; exposure is not mastery.
REC-A1-002646,MWU_SOURCE_UNIT,12B1-MWU-0180,A1-M08-I05-S1,THIRD_RETURN,A1-M08-I06-S2,SAME_MODULE_CROSS_ISLAND,PRESERVE_TARGET_MODE_POLICY,REQUIRED,CONTEXTUAL_OR_FUNCTION_BOUND,NONE,Return scheduling requirement; exposure is not mastery.
REC-A1-002647,MWU_SOURCE_UNIT,12B1-MWU-0182,A1-M08-I05-S1,FIRST_RETURN,A1-M08-I05-S2,SAME_ISLAND,PRESERVE_TARGET_MODE_POLICY,REQUIRED,CONTEXTUAL_OR_FUNCTION_BOUND,NONE,Return scheduling requirement; exposure is not mastery.
REC-A1-002648,MWU_SOURCE_UNIT,12B1-MWU-0182,A1-M08-I05-S1,SECOND_RETURN,A1-M08-I06-S1,SAME_MODULE_CROSS_ISLAND,PRESERVE_TARGET_MODE_POLICY,REQUIRED,CONTEXTUAL_OR_FUNCTION_BOUND,NONE,Return scheduling requirement; exposure is not mastery.
REC-A1-002649,MWU_SOURCE_UNIT,12B1-MWU-0182,A1-M08-I05-S1,THIRD_RETURN,A1-M08-I06-S2,SAME_MODULE_CROSS_ISLAND,PRESERVE_TARGET_MODE_POLICY,REQUIRED,CONTEXTUAL_OR_FUNCTION_BOUND,NONE,Return scheduling requirement; exposure is not mastery.
REC-A1-002650,MWU_SOURCE_UNIT,12B1-MWU-0192,A1-M08-I05-S1,FIRST_RETURN,A1-M08-I05-S2,SAME_ISLAND,PRESERVE_TARGET_MODE_POLICY,REQUIRED,CONTEXTUAL_OR_FUNCTION_BOUND,NONE,Return scheduling requirement; exposure is not mastery.
REC-A1-002651,MWU_SOURCE_UNIT,12B1-MWU-0192,A1-M08-I05-S1,SECOND_RETURN,A1-M08-I06-S1,SAME_MODULE_CROSS_ISLAND,PRESERVE_TARGET_MODE_POLICY,REQUIRED,CONTEXTUAL_OR_FUNCTION_BOUND,NONE,Return scheduling requirement; exposure is not mastery.
REC-A1-002652,MWU_SOURCE_UNIT,12B1-MWU-0192,A1-M08-I05-S1,THIRD_RETURN,A1-M08-I06-S2,SAME_MODULE_CROSS_ISLAND,PRESERVE_TARGET_MODE_POLICY,REQUIRED,CONTEXTUAL_OR_FUNCTION_BOUND,NONE,Return scheduling requirement; exposure is not mastery.
REC-A1-002653,SENSE,SENSE-A1-000072,A1-M08-I05-S2,FIRST_RETURN,A1-M08-I06-S1,SAME_MODULE_CROSS_ISLAND,PRESERVE_TARGET_MODE_POLICY,REQUIRED,CONTEXTUAL_OR_FUNCTION_BOUND,NONE,Return scheduling requirement; exposure is not mastery.
REC-A1-002654,SENSE,SENSE-A1-000072,A1-M08-I05-S2,SECOND_RETURN,A1-M08-I06-S2,SAME_MODULE_CROSS_ISLAND,PRESERVE_TARGET_MODE_POLICY,REQUIRED,CONTEXTUAL_OR_FUNCTION_BOUND,NONE,Return scheduling requirement; exposure is not mastery.
REC-A1-002655,SENSE,SENSE-A1-000072,A1-M08-I05-S2,THIRD_RETURN,A1-M08-I06-S3,SAME_MODULE_CROSS_ISLAND,PRESERVE_TARGET_MODE_POLICY,REQUIRED,CONTEXTUAL_OR_FUNCTION_BOUND,NONE,Return scheduling requirement; exposure is not mastery.
REC-A1-002656,SENSE,SENSE-A1-000085,A1-M08-I05-S2,FIRST_RETURN,A1-M08-I06-S1,SAME_MODULE_CROSS_ISLAND,PRESERVE_TARGET_MODE_POLICY,REQUIRED,CONTEXTUAL_OR_FUNCTION_BOUND,NONE,Return scheduling requirement; exposure is not mastery.
REC-A1-002657,SENSE,SENSE-A1-000085,A1-M08-I05-S2,SECOND_RETURN,A1-M08-I06-S2,SAME_MODULE_CROSS_ISLAND,PRESERVE_TARGET_MODE_POLICY,REQUIRED,CONTEXTUAL_OR_FUNCTION_BOUND,NONE,Return scheduling requirement; exposure is not mastery.
REC-A1-002658,SENSE,SENSE-A1-000085,A1-M08-I05-S2,THIRD_RETURN,A1-M08-I06-S3,SAME_MODULE_CROSS_ISLAND,PRESERVE_TARGET_MODE_POLICY,REQUIRED,CONTEXTUAL_OR_FUNCTION_BOUND,NONE,Return scheduling requirement; exposure is not mastery.
REC-A1-002659,SENSE,SENSE-A1-000192,A1-M08-I05-S2,FIRST_RETURN,A1-M08-I06-S1,SAME_MODULE_CROSS_ISLAND,PRESERVE_TARGET_MODE_POLICY,REQUIRED,CONTEXTUAL_OR_FUNCTION_BOUND,NONE,Return scheduling requirement; exposure is not mastery.
REC-A1-002660,SENSE,SENSE-A1-000192,A1-M08-I05-S2,SECOND_RETURN,A1-M08-I06-S2,SAME_MODULE_CROSS_ISLAND,PRESERVE_TARGET_MODE_POLICY,REQUIRED,CONTEXTUAL_OR_FUNCTION_BOUND,NONE,Return scheduling requirement; exposure is not mastery.
REC-A1-002661,SENSE,SENSE-A1-000192,A1-M08-I05-S2,THIRD_RETURN,A1-M08-I06-S3,SAME_MODULE_CROSS_ISLAND,PRESERVE_TARGET_MODE_POLICY,REQUIRED,CONTEXTUAL_OR_FUNCTION_BOUND,NONE,Return scheduling requirement; exposure is not mastery.
REC-A1-002662,SENSE,SENSE-A1-000222,A1-M08-I05-S2,FIRST_RETURN,A1-M08-I06-S1,SAME_MODULE_CROSS_ISLAND,PRESERVE_TARGET_MODE_POLICY,REQUIRED,CONTEXTUAL_OR_FUNCTION_BOUND,NONE,Return scheduling requirement; exposure is not mastery.
REC-A1-002663,SENSE,SENSE-A1-000222,A1-M08-I05-S2,SECOND_RETURN,A1-M08-I06-S2,SAME_MODULE_CROSS_ISLAND,PRESERVE_TARGET_MODE_POLICY,REQUIRED,CONTEXTUAL_OR_FUNCTION_BOUND,NONE,Return scheduling requirement; exposure is not mastery.
REC-A1-002664,SENSE,SENSE-A1-000222,A1-M08-I05-S2,THIRD_RETURN,A1-M08-I06-S3,SAME_MODULE_CROSS_ISLAND,PRESERVE_TARGET_MODE_POLICY,REQUIRED,CONTEXTUAL_OR_FUNCTION_BOUND,NONE,Return scheduling requirement; exposure is not mastery.
REC-A1-002665,SENSE,SENSE-A1-000347,A1-M08-I05-S2,FIRST_RETURN,A1-M08-I06-S1,SAME_MODULE_CROSS_ISLAND,PRESERVE_TARGET_MODE_POLICY,REQUIRED,CONTEXTUAL_OR_FUNCTION_BOUND,NONE,Return scheduling requirement; exposure is not mastery.
REC-A1-002666,SENSE,SENSE-A1-000347,A1-M08-I05-S2,SECOND_RETURN,A1-M08-I06-S2,SAME_MODULE_CROSS_ISLAND,PRESERVE_TARGET_MODE_POLICY,REQUIRED,CONTEXTUAL_OR_FUNCTION_BOUND,NONE,Return scheduling requirement; exposure is not mastery.
REC-A1-002667,SENSE,SENSE-A1-000347,A1-M08-I05-S2,THIRD_RETURN,A1-M08-I06-S3,SAME_MODULE_CROSS_ISLAND,PRESERVE_TARGET_MODE_POLICY,REQUIRED,CONTEXTUAL_OR_FUNCTION_BOUND,NONE,Return scheduling requirement; exposure is not mastery.
REC-A1-002668,SENSE,SENSE-A1-000398,A1-M08-I05-S2,FIRST_RETURN,A1-M08-I06-S1,SAME_MODULE_CROSS_ISLAND,PRESERVE_TARGET_MODE_POLICY,REQUIRED,CONTEXTUAL_OR_FUNCTION_BOUND,NONE,Return scheduling requirement; exposure is not mastery.
REC-A1-002669,SENSE,SENSE-A1-000398,A1-M08-I05-S2,SECOND_RETURN,A1-M08-I06-S2,SAME_MODULE_CROSS_ISLAND,PRESERVE_TARGET_MODE_POLICY,REQUIRED,CONTEXTUAL_OR_FUNCTION_BOUND,NONE,Return scheduling requirement; exposure is not mastery.
REC-A1-002670,SENSE,SENSE-A1-000398,A1-M08-I05-S2,THIRD_RETURN,A1-M08-I06-S3,SAME_MODULE_CROSS_ISLAND,PRESERVE_TARGET_MODE_POLICY,REQUIRED,CONTEXTUAL_OR_FUNCTION_BOUND,NONE,Return scheduling requirement; exposure is not mastery.
REC-A1-002671,SENSE,SENSE-A1-000413,A1-M08-I05-S2,FIRST_RETURN,A1-M08-I06-S1,SAME_MODULE_CROSS_ISLAND,PRESERVE_TARGET_MODE_POLICY,REQUIRED,CONTEXTUAL_OR_FUNCTION_BOUND,NONE,Return scheduling requirement; exposure is not mastery.
REC-A1-002672,SENSE,SENSE-A1-000413,A1-M08-I05-S2,SECOND_RETURN,A1-M08-I06-S2,SAME_MODULE_CROSS_ISLAND,PRESERVE_TARGET_MODE_POLICY,REQUIRED,CONTEXTUAL_OR_FUNCTION_BOUND,NONE,Return scheduling requirement; exposure is not mastery.
REC-A1-002673,SENSE,SENSE-A1-000413,A1-M08-I05-S2,THIRD_RETURN,A1-M08-I06-S3,SAME_MODULE_CROSS_ISLAND,PRESERVE_TARGET_MODE_POLICY,REQUIRED,CONTEXTUAL_OR_FUNCTION_BOUND,NONE,Return scheduling requirement; exposure is not mastery.
REC-A1-002674,SENSE,SENSE-A1-000444,A1-M08-I05-S2,FIRST_RETURN,A1-M08-I06-S1,SAME_MODULE_CROSS_ISLAND,PRESERVE_TARGET_MODE_POLICY,REQUIRED,CONTEXTUAL_OR_FUNCTION_BOUND,NONE,Return scheduling requirement; exposure is not mastery.
REC-A1-002675,SENSE,SENSE-A1-000444,A1-M08-I05-S2,SECOND_RETURN,A1-M08-I06-S2,SAME_MODULE_CROSS_ISLAND,PRESERVE_TARGET_MODE_POLICY,REQUIRED,CONTEXTUAL_OR_FUNCTION_BOUND,NONE,Return scheduling requirement; exposure is not mastery.
REC-A1-002676,SENSE,SENSE-A1-000444,A1-M08-I05-S2,THIRD_RETURN,A1-M08-I06-S3,SAME_MODULE_CROSS_ISLAND,PRESERVE_TARGET_MODE_POLICY,REQUIRED,CONTEXTUAL_OR_FUNCTION_BOUND,NONE,Return scheduling requirement; exposure is not mastery.
REC-A1-002677,SENSE,SENSE-A1-000460,A1-M08-I05-S2,FIRST_RETURN,A1-M08-I06-S1,SAME_MODULE_CROSS_ISLAND,PRESERVE_TARGET_MODE_POLICY,REQUIRED,CONTEXTUAL_OR_FUNCTION_BOUND,NONE,Return scheduling requirement; exposure is not mastery.
REC-A1-002678,SENSE,SENSE-A1-000460,A1-M08-I05-S2,SECOND_RETURN,A1-M08-I06-S2,SAME_MODULE_CROSS_ISLAND,PRESERVE_TARGET_MODE_POLICY,REQUIRED,CONTEXTUAL_OR_FUNCTION_BOUND,NONE,Return scheduling requirement; exposure is not mastery.
REC-A1-002679,SENSE,SENSE-A1-000460,A1-M08-I05-S2,THIRD_RETURN,A1-M08-I06-S3,SAME_MODULE_CROSS_ISLAND,PRESERVE_TARGET_MODE_POLICY,REQUIRED,CONTEXTUAL_OR_FUNCTION_BOUND,NONE,Return scheduling requirement; exposure is not mastery.
REC-A1-002680,SENSE,SENSE-A1-000521,A1-M08-I05-S2,FIRST_RETURN,A1-M08-I06-S1,SAME_MODULE_CROSS_ISLAND,PRESERVE_TARGET_MODE_POLICY,REQUIRED,CONTEXTUAL_OR_FUNCTION_BOUND,NONE,Return scheduling requirement; exposure is not mastery.
REC-A1-002681,SENSE,SENSE-A1-000521,A1-M08-I05-S2,SECOND_RETURN,A1-M08-I06-S2,SAME_MODULE_CROSS_ISLAND,PRESERVE_TARGET_MODE_POLICY,REQUIRED,CONTEXTUAL_OR_FUNCTION_BOUND,NONE,Return scheduling requirement; exposure is not mastery.
REC-A1-002682,SENSE,SENSE-A1-000521,A1-M08-I05-S2,THIRD_RETURN,A1-M08-I06-S3,SAME_MODULE_CROSS_ISLAND,PRESERVE_TARGET_MODE_POLICY,REQUIRED,CONTEXTUAL_OR_FUNCTION_BOUND,NONE,Return scheduling requirement; exposure is not mastery.
REC-A1-002683,SENSE,SENSE-A1-000533,A1-M08-I05-S2,FIRST_RETURN,A1-M08-I06-S1,SAME_MODULE_CROSS_ISLAND,PRESERVE_TARGET_MODE_POLICY,REQUIRED,CONTEXTUAL_OR_FUNCTION_BOUND,NONE,Return scheduling requirement; exposure is not mastery.
REC-A1-002684,SENSE,SENSE-A1-000533,A1-M08-I05-S2,SECOND_RETURN,A1-M08-I06-S2,SAME_MODULE_CROSS_ISLAND,PRESERVE_TARGET_MODE_POLICY,REQUIRED,CONTEXTUAL_OR_FUNCTION_BOUND,NONE,Return scheduling requirement; exposure is not mastery.
REC-A1-002685,SENSE,SENSE-A1-000533,A1-M08-I05-S2,THIRD_RETURN,A1-M08-I06-S3,SAME_MODULE_CROSS_ISLAND,PRESERVE_TARGET_MODE_POLICY,REQUIRED,CONTEXTUAL_OR_FUNCTION_BOUND,NONE,Return scheduling requirement; exposure is not mastery.
REC-A1-002686,SENSE,SENSE-A1-000541,A1-M08-I05-S2,FIRST_RETURN,A1-M08-I06-S1,SAME_MODULE_CROSS_ISLAND,PRESERVE_TARGET_MODE_POLICY,REQUIRED,CONTEXTUAL_OR_FUNCTION_BOUND,NONE,Return scheduling requirement; exposure is not mastery.
REC-A1-002687,SENSE,SENSE-A1-000541,A1-M08-I05-S2,SECOND_RETURN,A1-M08-I06-S2,SAME_MODULE_CROSS_ISLAND,PRESERVE_TARGET_MODE_POLICY,REQUIRED,CONTEXTUAL_OR_FUNCTION_BOUND,NONE,Return scheduling requirement; exposure is not mastery.
REC-A1-002688,SENSE,SENSE-A1-000541,A1-M08-I05-S2,THIRD_RETURN,A1-M08-I06-S3,SAME_MODULE_CROSS_ISLAND,PRESERVE_TARGET_MODE_POLICY,REQUIRED,CONTEXTUAL_OR_FUNCTION_BOUND,NONE,Return scheduling requirement; exposure is not mastery.
REC-A1-002689,SENSE,SENSE-A1-000542,A1-M08-I05-S2,FIRST_RETURN,A1-M08-I06-S1,SAME_MODULE_CROSS_ISLAND,PRESERVE_TARGET_MODE_POLICY,REQUIRED,CONTEXTUAL_OR_FUNCTION_BOUND,NONE,Return scheduling requirement; exposure is not mastery.
REC-A1-002690,SENSE,SENSE-A1-000542,A1-M08-I05-S2,SECOND_RETURN,A1-M08-I06-S2,SAME_MODULE_CROSS_ISLAND,PRESERVE_TARGET_MODE_POLICY,REQUIRED,CONTEXTUAL_OR_FUNCTION_BOUND,NONE,Return scheduling requirement; exposure is not mastery.
REC-A1-002691,SENSE,SENSE-A1-000542,A1-M08-I05-S2,THIRD_RETURN,A1-M08-I06-S3,SAME_MODULE_CROSS_ISLAND,PRESERVE_TARGET_MODE_POLICY,REQUIRED,CONTEXTUAL_OR_FUNCTION_BOUND,NONE,Return scheduling requirement; exposure is not mastery.
REC-A1-002692,SENSE,SENSE-A1-000606,A1-M08-I05-S2,FIRST_RETURN,A1-M08-I06-S1,SAME_MODULE_CROSS_ISLAND,PRESERVE_TARGET_MODE_POLICY,REQUIRED,CONTEXTUAL_OR_FUNCTION_BOUND,NONE,Return scheduling requirement; exposure is not mastery.
REC-A1-002693,SENSE,SENSE-A1-000606,A1-M08-I05-S2,SECOND_RETURN,A1-M08-I06-S2,SAME_MODULE_CROSS_ISLAND,PRESERVE_TARGET_MODE_POLICY,REQUIRED,CONTEXTUAL_OR_FUNCTION_BOUND,NONE,Return scheduling requirement; exposure is not mastery.
REC-A1-002694,SENSE,SENSE-A1-000606,A1-M08-I05-S2,THIRD_RETURN,A1-M08-I06-S3,SAME_MODULE_CROSS_ISLAND,PRESERVE_TARGET_MODE_POLICY,REQUIRED,CONTEXTUAL_OR_FUNCTION_BOUND,NONE,Return scheduling requirement; exposure is not mastery.
REC-A1-002695,GRAMMAR_UNIT,GRAM-A1-066,A1-M08-I05-S2,FIRST_RETURN,A1-M08-I06-S1,SAME_MODULE_CROSS_ISLAND,PRESERVE_TARGET_MODE_POLICY,REQUIRED,FUNCTION_OR_TASK_BOUND,NONE,Return scheduling requirement; exposure is not mastery.
REC-A1-002696,GRAMMAR_UNIT,GRAM-A1-066,A1-M08-I05-S2,SECOND_RETURN,A1-M08-I06-S2,SAME_MODULE_CROSS_ISLAND,PRESERVE_TARGET_MODE_POLICY,REQUIRED,FUNCTION_OR_TASK_BOUND,NONE,Return scheduling requirement; exposure is not mastery.
REC-A1-002697,GRAMMAR_UNIT,GRAM-A1-066,A1-M08-I05-S2,THIRD_RETURN,A1-M08-I06-S3,SAME_MODULE_CROSS_ISLAND,PRESERVE_TARGET_MODE_POLICY,REQUIRED,FUNCTION_OR_TASK_BOUND,NONE,Return scheduling requirement; exposure is not mastery.
REC-A1-002698,GRAMMAR_UNIT,GRAM-A1-072,A1-M08-I05-S2,FIRST_RETURN,A1-M08-I06-S1,SAME_MODULE_CROSS_ISLAND,PRESERVE_TARGET_MODE_POLICY,REQUIRED,FUNCTION_OR_TASK_BOUND,NONE,Return scheduling requirement; exposure is not mastery.
REC-A1-002699,GRAMMAR_UNIT,GRAM-A1-072,A1-M08-I05-S2,SECOND_RETURN,A1-M08-I06-S2,SAME_MODULE_CROSS_ISLAND,PRESERVE_TARGET_MODE_POLICY,REQUIRED,FUNCTION_OR_TASK_BOUND,NONE,Return scheduling requirement; exposure is not mastery.
REC-A1-002700,GRAMMAR_UNIT,GRAM-A1-072,A1-M08-I05-S2,THIRD_RETURN,A1-M08-I06-S3,SAME_MODULE_CROSS_ISLAND,PRESERVE_TARGET_MODE_POLICY,REQUIRED,FUNCTION_OR_TASK_BOUND,NONE,Return scheduling requirement; exposure is not mastery.
REC-A1-002701,GRAMMAR_UNIT,GRAM-A1-103,A1-M08-I05-S2,FIRST_RETURN,A1-M08-I06-S1,SAME_MODULE_CROSS_ISLAND,PRESERVE_TARGET_MODE_POLICY,REQUIRED,FUNCTION_OR_TASK_BOUND,NONE,Return scheduling requirement; exposure is not mastery.
REC-A1-002702,GRAMMAR_UNIT,GRAM-A1-103,A1-M08-I05-S2,SECOND_RETURN,A1-M08-I06-S2,SAME_MODULE_CROSS_ISLAND,PRESERVE_TARGET_MODE_POLICY,REQUIRED,FUNCTION_OR_TASK_BOUND,NONE,Return scheduling requirement; exposure is not mastery.
REC-A1-002703,GRAMMAR_UNIT,GRAM-A1-103,A1-M08-I05-S2,THIRD_RETURN,A1-M08-I06-S3,SAME_MODULE_CROSS_ISLAND,PRESERVE_TARGET_MODE_POLICY,REQUIRED,FUNCTION_OR_TASK_BOUND,NONE,Return scheduling requirement; exposure is not mastery.
REC-A1-002704,GRAMMAR_UNIT,GRAM-A1-104,A1-M08-I05-S2,FIRST_RETURN,A1-M08-I06-S1,SAME_MODULE_CROSS_ISLAND,PRESERVE_TARGET_MODE_POLICY,REQUIRED,FUNCTION_OR_TASK_BOUND,NONE,Return scheduling requirement; exposure is not mastery.
REC-A1-002705,GRAMMAR_UNIT,GRAM-A1-104,A1-M08-I05-S2,SECOND_RETURN,A1-M08-I06-S2,SAME_MODULE_CROSS_ISLAND,PRESERVE_TARGET_MODE_POLICY,REQUIRED,FUNCTION_OR_TASK_BOUND,NONE,Return scheduling requirement; exposure is not mastery.
REC-A1-002706,GRAMMAR_UNIT,GRAM-A1-104,A1-M08-I05-S2,THIRD_RETURN,A1-M08-I06-S3,SAME_MODULE_CROSS_ISLAND,PRESERVE_TARGET_MODE_POLICY,REQUIRED,FUNCTION_OR_TASK_BOUND,NONE,Return scheduling requirement; exposure is not mastery.
REC-A1-002707,GRAMMAR_UNIT,GRAM-A1-105,A1-M08-I05-S2,FIRST_RETURN,A1-M08-I06-S1,SAME_MODULE_CROSS_ISLAND,PRESERVE_TARGET_MODE_POLICY,REQUIRED,FUNCTION_OR_TASK_BOUND,NONE,Return scheduling requirement; exposure is not mastery.
REC-A1-002708,GRAMMAR_UNIT,GRAM-A1-105,A1-M08-I05-S2,SECOND_RETURN,A1-M08-I06-S2,SAME_MODULE_CROSS_ISLAND,PRESERVE_TARGET_MODE_POLICY,REQUIRED,FUNCTION_OR_TASK_BOUND,NONE,Return scheduling requirement; exposure is not mastery.
REC-A1-002709,GRAMMAR_UNIT,GRAM-A1-105,A1-M08-I05-S2,THIRD_RETURN,A1-M08-I06-S3,SAME_MODULE_CROSS_ISLAND,PRESERVE_TARGET_MODE_POLICY,REQUIRED,FUNCTION_OR_TASK_BOUND,NONE,Return scheduling requirement; exposure is not mastery.
REC-A1-002710,GRAMMAR_UNIT,GRAM-A1-132,A1-M08-I05-S2,FIRST_RETURN,A1-M08-I06-S1,SAME_MODULE_CROSS_ISLAND,PRESERVE_TARGET_MODE_POLICY,REQUIRED,FUNCTION_OR_TASK_BOUND,NONE,Return scheduling requirement; exposure is not mastery.
REC-A1-002711,GRAMMAR_UNIT,GRAM-A1-132,A1-M08-I05-S2,SECOND_RETURN,A1-M08-I06-S2,SAME_MODULE_CROSS_ISLAND,PRESERVE_TARGET_MODE_POLICY,REQUIRED,FUNCTION_OR_TASK_BOUND,NONE,Return scheduling requirement; exposure is not mastery.
REC-A1-002712,GRAMMAR_UNIT,GRAM-A1-132,A1-M08-I05-S2,THIRD_RETURN,A1-M08-I06-S3,SAME_MODULE_CROSS_ISLAND,PRESERVE_TARGET_MODE_POLICY,REQUIRED,FUNCTION_OR_TASK_BOUND,NONE,Return scheduling requirement; exposure is not mastery.
REC-A1-002713,GRAMMAR_UNIT,GRAM-A1-150,A1-M08-I05-S2,FIRST_RETURN,A1-M08-I06-S1,SAME_MODULE_CROSS_ISLAND,PRESERVE_TARGET_MODE_POLICY,REQUIRED,FUNCTION_OR_TASK_BOUND,NONE,Return scheduling requirement; exposure is not mastery.
REC-A1-002714,GRAMMAR_UNIT,GRAM-A1-150,A1-M08-I05-S2,SECOND_RETURN,A1-M08-I06-S2,SAME_MODULE_CROSS_ISLAND,PRESERVE_TARGET_MODE_POLICY,REQUIRED,FUNCTION_OR_TASK_BOUND,NONE,Return scheduling requirement; exposure is not mastery.
REC-A1-002715,GRAMMAR_UNIT,GRAM-A1-150,A1-M08-I05-S2,THIRD_RETURN,A1-M08-I06-S3,SAME_MODULE_CROSS_ISLAND,PRESERVE_TARGET_MODE_POLICY,REQUIRED,FUNCTION_OR_TASK_BOUND,NONE,Return scheduling requirement; exposure is not mastery.
REC-A1-002716,GRAMMAR_UNIT,GRAM-A1-152,A1-M08-I05-S2,FIRST_RETURN,A1-M08-I06-S1,SAME_MODULE_CROSS_ISLAND,PRESERVE_TARGET_MODE_POLICY,REQUIRED,FUNCTION_OR_TASK_BOUND,NONE,Return scheduling requirement; exposure is not mastery.
REC-A1-002717,GRAMMAR_UNIT,GRAM-A1-152,A1-M08-I05-S2,SECOND_RETURN,A1-M08-I06-S2,SAME_MODULE_CROSS_ISLAND,PRESERVE_TARGET_MODE_POLICY,REQUIRED,FUNCTION_OR_TASK_BOUND,NONE,Return scheduling requirement; exposure is not mastery.
REC-A1-002718,GRAMMAR_UNIT,GRAM-A1-152,A1-M08-I05-S2,THIRD_RETURN,A1-M08-I06-S3,SAME_MODULE_CROSS_ISLAND,PRESERVE_TARGET_MODE_POLICY,REQUIRED,FUNCTION_OR_TASK_BOUND,NONE,Return scheduling requirement; exposure is not mastery.
REC-A1-002719,GRAMMAR_UNIT,GRAM-A1-161,A1-M08-I05-S2,FIRST_RETURN,A1-M08-I06-S1,SAME_MODULE_CROSS_ISLAND,PRESERVE_TARGET_MODE_POLICY,REQUIRED,FUNCTION_OR_TASK_BOUND,NONE,Return scheduling requirement; exposure is not mastery.
REC-A1-002720,GRAMMAR_UNIT,GRAM-A1-161,A1-M08-I05-S2,SECOND_RETURN,A1-M08-I06-S2,SAME_MODULE_CROSS_ISLAND,PRESERVE_TARGET_MODE_POLICY,REQUIRED,FUNCTION_OR_TASK_BOUND,NONE,Return scheduling requirement; exposure is not mastery.
REC-A1-002721,GRAMMAR_UNIT,GRAM-A1-161,A1-M08-I05-S2,THIRD_RETURN,A1-M08-I06-S3,SAME_MODULE_CROSS_ISLAND,PRESERVE_TARGET_MODE_POLICY,REQUIRED,FUNCTION_OR_TASK_BOUND,NONE,Return scheduling requirement; exposure is not mastery.
REC-A1-002722,GRAMMAR_UNIT,GRAM-A1-162,A1-M08-I05-S2,FIRST_RETURN,A1-M08-I06-S1,SAME_MODULE_CROSS_ISLAND,PRESERVE_TARGET_MODE_POLICY,REQUIRED,FUNCTION_OR_TASK_BOUND,NONE,Return scheduling requirement; exposure is not mastery.
REC-A1-002723,GRAMMAR_UNIT,GRAM-A1-162,A1-M08-I05-S2,SECOND_RETURN,A1-M08-I06-S2,SAME_MODULE_CROSS_ISLAND,PRESERVE_TARGET_MODE_POLICY,REQUIRED,FUNCTION_OR_TASK_BOUND,NONE,Return scheduling requirement; exposure is not mastery.
REC-A1-002724,GRAMMAR_UNIT,GRAM-A1-162,A1-M08-I05-S2,THIRD_RETURN,A1-M08-I06-S3,SAME_MODULE_CROSS_ISLAND,PRESERVE_TARGET_MODE_POLICY,REQUIRED,FUNCTION_OR_TASK_BOUND,NONE,Return scheduling requirement; exposure is not mastery.
REC-A1-002725,GRAMMAR_UNIT,GRAM-A1-163,A1-M08-I05-S2,FIRST_RETURN,A1-M08-I06-S1,SAME_MODULE_CROSS_ISLAND,PRESERVE_TARGET_MODE_POLICY,REQUIRED,FUNCTION_OR_TASK_BOUND,NONE,Return scheduling requirement; exposure is not mastery.
REC-A1-002726,GRAMMAR_UNIT,GRAM-A1-163,A1-M08-I05-S2,SECOND_RETURN,A1-M08-I06-S2,SAME_MODULE_CROSS_ISLAND,PRESERVE_TARGET_MODE_POLICY,REQUIRED,FUNCTION_OR_TASK_BOUND,NONE,Return scheduling requirement; exposure is not mastery.
REC-A1-002727,GRAMMAR_UNIT,GRAM-A1-163,A1-M08-I05-S2,THIRD_RETURN,A1-M08-I06-S3,SAME_MODULE_CROSS_ISLAND,PRESERVE_TARGET_MODE_POLICY,REQUIRED,FUNCTION_OR_TASK_BOUND,NONE,Return scheduling requirement; exposure is not mastery.
REC-A1-002728,GRAMMAR_UNIT,GRAM-A1-164,A1-M08-I05-S2,FIRST_RETURN,A1-M08-I06-S1,SAME_MODULE_CROSS_ISLAND,PRESERVE_TARGET_MODE_POLICY,REQUIRED,FUNCTION_OR_TASK_BOUND,NONE,Return scheduling requirement; exposure is not mastery.
REC-A1-002729,GRAMMAR_UNIT,GRAM-A1-164,A1-M08-I05-S2,SECOND_RETURN,A1-M08-I06-S2,SAME_MODULE_CROSS_ISLAND,PRESERVE_TARGET_MODE_POLICY,REQUIRED,FUNCTION_OR_TASK_BOUND,NONE,Return scheduling requirement; exposure is not mastery.
REC-A1-002730,GRAMMAR_UNIT,GRAM-A1-164,A1-M08-I05-S2,THIRD_RETURN,A1-M08-I06-S3,SAME_MODULE_CROSS_ISLAND,PRESERVE_TARGET_MODE_POLICY,REQUIRED,FUNCTION_OR_TASK_BOUND,NONE,Return scheduling requirement; exposure is not mastery.
REC-A1-002731,GRAMMAR_UNIT,GRAM-A1-165,A1-M08-I05-S2,FIRST_RETURN,A1-M08-I06-S1,SAME_MODULE_CROSS_ISLAND,PRESERVE_TARGET_MODE_POLICY,REQUIRED,FUNCTION_OR_TASK_BOUND,NONE,Return scheduling requirement; exposure is not mastery.
REC-A1-002732,GRAMMAR_UNIT,GRAM-A1-165,A1-M08-I05-S2,SECOND_RETURN,A1-M08-I06-S2,SAME_MODULE_CROSS_ISLAND,PRESERVE_TARGET_MODE_POLICY,REQUIRED,FUNCTION_OR_TASK_BOUND,NONE,Return scheduling requirement; exposure is not mastery.
REC-A1-002733,GRAMMAR_UNIT,GRAM-A1-165,A1-M08-I05-S2,THIRD_RETURN,A1-M08-I06-S3,SAME_MODULE_CROSS_ISLAND,PRESERVE_TARGET_MODE_POLICY,REQUIRED,FUNCTION_OR_TASK_BOUND,NONE,Return scheduling requirement; exposure is not mastery.
REC-A1-002734,MWU_SOURCE_UNIT,12B1-MWU-0152,A1-M08-I05-S2,FIRST_RETURN,A1-M08-I06-S1,SAME_MODULE_CROSS_ISLAND,PRESERVE_TARGET_MODE_POLICY,REQUIRED,CONTEXTUAL_OR_FUNCTION_BOUND,NONE,Return scheduling requirement; exposure is not mastery.
REC-A1-002735,MWU_SOURCE_UNIT,12B1-MWU-0152,A1-M08-I05-S2,SECOND_RETURN,A1-M08-I06-S2,SAME_MODULE_CROSS_ISLAND,PRESERVE_TARGET_MODE_POLICY,REQUIRED,CONTEXTUAL_OR_FUNCTION_BOUND,NONE,Return scheduling requirement; exposure is not mastery.
REC-A1-002736,MWU_SOURCE_UNIT,12B1-MWU-0152,A1-M08-I05-S2,THIRD_RETURN,A1-M08-I06-S3,SAME_MODULE_CROSS_ISLAND,PRESERVE_TARGET_MODE_POLICY,REQUIRED,CONTEXTUAL_OR_FUNCTION_BOUND,NONE,Return scheduling requirement; exposure is not mastery.
REC-A1-002737,MWU_SOURCE_UNIT,12B1-MWU-0193,A1-M08-I05-S2,FIRST_RETURN,A1-M08-I06-S1,SAME_MODULE_CROSS_ISLAND,PRESERVE_TARGET_MODE_POLICY,REQUIRED,CONTEXTUAL_OR_FUNCTION_BOUND,NONE,Return scheduling requirement; exposure is not mastery.
REC-A1-002738,MWU_SOURCE_UNIT,12B1-MWU-0193,A1-M08-I05-S2,SECOND_RETURN,A1-M08-I06-S2,SAME_MODULE_CROSS_ISLAND,PRESERVE_TARGET_MODE_POLICY,REQUIRED,CONTEXTUAL_OR_FUNCTION_BOUND,NONE,Return scheduling requirement; exposure is not mastery.
REC-A1-002739,MWU_SOURCE_UNIT,12B1-MWU-0193,A1-M08-I05-S2,THIRD_RETURN,A1-M08-I06-S3,SAME_MODULE_CROSS_ISLAND,PRESERVE_TARGET_MODE_POLICY,REQUIRED,CONTEXTUAL_OR_FUNCTION_BOUND,NONE,Return scheduling requirement; exposure is not mastery.
REC-A1-002740,MWU_SOURCE_UNIT,12B1-MWU-0194,A1-M08-I05-S2,FIRST_RETURN,A1-M08-I06-S1,SAME_MODULE_CROSS_ISLAND,PRESERVE_TARGET_MODE_POLICY,REQUIRED,CONTEXTUAL_OR_FUNCTION_BOUND,NONE,Return scheduling requirement; exposure is not mastery.
REC-A1-002741,MWU_SOURCE_UNIT,12B1-MWU-0194,A1-M08-I05-S2,SECOND_RETURN,A1-M08-I06-S2,SAME_MODULE_CROSS_ISLAND,PRESERVE_TARGET_MODE_POLICY,REQUIRED,CONTEXTUAL_OR_FUNCTION_BOUND,NONE,Return scheduling requirement; exposure is not mastery.
REC-A1-002742,MWU_SOURCE_UNIT,12B1-MWU-0194,A1-M08-I05-S2,THIRD_RETURN,A1-M08-I06-S3,SAME_MODULE_CROSS_ISLAND,PRESERVE_TARGET_MODE_POLICY,REQUIRED,CONTEXTUAL_OR_FUNCTION_BOUND,NONE,Return scheduling requirement; exposure is not mastery.
REC-A1-002743,MWU_SOURCE_UNIT,12B1-MWU-0195,A1-M08-I05-S2,FIRST_RETURN,A1-M08-I06-S1,SAME_MODULE_CROSS_ISLAND,PRESERVE_TARGET_MODE_POLICY,REQUIRED,CONTEXTUAL_OR_FUNCTION_BOUND,NONE,Return scheduling requirement; exposure is not mastery.
REC-A1-002744,MWU_SOURCE_UNIT,12B1-MWU-0195,A1-M08-I05-S2,SECOND_RETURN,A1-M08-I06-S2,SAME_MODULE_CROSS_ISLAND,PRESERVE_TARGET_MODE_POLICY,REQUIRED,CONTEXTUAL_OR_FUNCTION_BOUND,NONE,Return scheduling requirement; exposure is not mastery.
REC-A1-002745,MWU_SOURCE_UNIT,12B1-MWU-0195,A1-M08-I05-S2,THIRD_RETURN,A1-M08-I06-S3,SAME_MODULE_CROSS_ISLAND,PRESERVE_TARGET_MODE_POLICY,REQUIRED,CONTEXTUAL_OR_FUNCTION_BOUND,NONE,Return scheduling requirement; exposure is not mastery.
REC-A1-002746,MWU_SOURCE_UNIT,12B1-MWU-0196,A1-M08-I05-S2,FIRST_RETURN,A1-M08-I06-S1,SAME_MODULE_CROSS_ISLAND,PRESERVE_TARGET_MODE_POLICY,REQUIRED,CONTEXTUAL_OR_FUNCTION_BOUND,NONE,Return scheduling requirement; exposure is not mastery.
REC-A1-002747,MWU_SOURCE_UNIT,12B1-MWU-0196,A1-M08-I05-S2,SECOND_RETURN,A1-M08-I06-S2,SAME_MODULE_CROSS_ISLAND,PRESERVE_TARGET_MODE_POLICY,REQUIRED,CONTEXTUAL_OR_FUNCTION_BOUND,NONE,Return scheduling requirement; exposure is not mastery.
REC-A1-002748,MWU_SOURCE_UNIT,12B1-MWU-0196,A1-M08-I05-S2,THIRD_RETURN,A1-M08-I06-S3,SAME_MODULE_CROSS_ISLAND,PRESERVE_TARGET_MODE_POLICY,REQUIRED,CONTEXTUAL_OR_FUNCTION_BOUND,NONE,Return scheduling requirement; exposure is not mastery.
REC-A1-002749,MWU_SOURCE_UNIT,12B1-MWU-0198,A1-M08-I05-S2,FIRST_RETURN,A1-M08-I06-S1,SAME_MODULE_CROSS_ISLAND,PRESERVE_TARGET_MODE_POLICY,REQUIRED,CONTEXTUAL_OR_FUNCTION_BOUND,NONE,Return scheduling requirement; exposure is not mastery.
REC-A1-002750,MWU_SOURCE_UNIT,12B1-MWU-0198,A1-M08-I05-S2,SECOND_RETURN,A1-M08-I06-S2,SAME_MODULE_CROSS_ISLAND,PRESERVE_TARGET_MODE_POLICY,REQUIRED,CONTEXTUAL_OR_FUNCTION_BOUND,NONE,Return scheduling requirement; exposure is not mastery.
REC-A1-002751,MWU_SOURCE_UNIT,12B1-MWU-0198,A1-M08-I05-S2,THIRD_RETURN,A1-M08-I06-S3,SAME_MODULE_CROSS_ISLAND,PRESERVE_TARGET_MODE_POLICY,REQUIRED,CONTEXTUAL_OR_FUNCTION_BOUND,NONE,Return scheduling requirement; exposure is not mastery.
REC-A1-002752,SENSE,SENSE-A1-000052,A1-M08-I06-S2,FIRST_RETURN,A1-M08-I06-S3,SAME_ISLAND,PRESERVE_TARGET_MODE_POLICY,REQUIRED,CONTEXTUAL_OR_FUNCTION_BOUND,NONE,Return scheduling requirement; exposure is not mastery.
REC-A1-002753,SENSE,SENSE-A1-000083,A1-M08-I06-S1,FIRST_RETURN,A1-M08-I06-S2,SAME_ISLAND,PRESERVE_TARGET_MODE_POLICY,REQUIRED,CONTEXTUAL_OR_FUNCTION_BOUND,NONE,Return scheduling requirement; exposure is not mastery.
REC-A1-002754,SENSE,SENSE-A1-000083,A1-M08-I06-S1,SECOND_RETURN,A1-M08-I06-S3,SAME_ISLAND,PRESERVE_TARGET_MODE_POLICY,REQUIRED,CONTEXTUAL_OR_FUNCTION_BOUND,NONE,Return scheduling requirement; exposure is not mastery.
REC-A1-002755,SENSE,SENSE-A1-000084,A1-M08-I06-S2,FIRST_RETURN,A1-M08-I06-S3,SAME_ISLAND,PRESERVE_TARGET_MODE_POLICY,REQUIRED,CONTEXTUAL_OR_FUNCTION_BOUND,NONE,Return scheduling requirement; exposure is not mastery.
REC-A1-002756,SENSE,SENSE-A1-000115,A1-M08-I06-S2,FIRST_RETURN,A1-M08-I06-S3,SAME_ISLAND,PRESERVE_TARGET_MODE_POLICY,REQUIRED,CONTEXTUAL_OR_FUNCTION_BOUND,NONE,Return scheduling requirement; exposure is not mastery.
REC-A1-002757,SENSE,SENSE-A1-000119,A1-M08-I06-S1,FIRST_RETURN,A1-M08-I06-S2,SAME_ISLAND,PRESERVE_TARGET_MODE_POLICY,REQUIRED,CONTEXTUAL_OR_FUNCTION_BOUND,NONE,Return scheduling requirement; exposure is not mastery.
REC-A1-002758,SENSE,SENSE-A1-000119,A1-M08-I06-S1,SECOND_RETURN,A1-M08-I06-S3,SAME_ISLAND,PRESERVE_TARGET_MODE_POLICY,REQUIRED,CONTEXTUAL_OR_FUNCTION_BOUND,NONE,Return scheduling requirement; exposure is not mastery.
REC-A1-002759,SENSE,SENSE-A1-000162,A1-M08-I06-S2,FIRST_RETURN,A1-M08-I06-S3,SAME_ISLAND,PRESERVE_TARGET_MODE_POLICY,REQUIRED,CONTEXTUAL_OR_FUNCTION_BOUND,NONE,Return scheduling requirement; exposure is not mastery.
REC-A1-002760,SENSE,SENSE-A1-000163,A1-M08-I06-S2,FIRST_RETURN,A1-M08-I06-S3,SAME_ISLAND,PRESERVE_TARGET_MODE_POLICY,REQUIRED,CONTEXTUAL_OR_FUNCTION_BOUND,NONE,Return scheduling requirement; exposure is not mastery.
REC-A1-002761,SENSE,SENSE-A1-000169,A1-M08-I06-S1,FIRST_RETURN,A1-M08-I06-S2,SAME_ISLAND,PRESERVE_TARGET_MODE_POLICY,REQUIRED,CONTEXTUAL_OR_FUNCTION_BOUND,NONE,Return scheduling requirement; exposure is not mastery.
REC-A1-002762,SENSE,SENSE-A1-000169,A1-M08-I06-S1,SECOND_RETURN,A1-M08-I06-S3,SAME_ISLAND,PRESERVE_TARGET_MODE_POLICY,REQUIRED,CONTEXTUAL_OR_FUNCTION_BOUND,NONE,Return scheduling requirement; exposure is not mastery.
REC-A1-002763,SENSE,SENSE-A1-000170,A1-M08-I06-S2,FIRST_RETURN,A1-M08-I06-S3,SAME_ISLAND,PRESERVE_TARGET_MODE_POLICY,REQUIRED,CONTEXTUAL_OR_FUNCTION_BOUND,NONE,Return scheduling requirement; exposure is not mastery.
REC-A1-002764,SENSE,SENSE-A1-000205,A1-M08-I06-S2,FIRST_RETURN,A1-M08-I06-S3,SAME_ISLAND,PRESERVE_TARGET_MODE_POLICY,REQUIRED,CONTEXTUAL_OR_FUNCTION_BOUND,NONE,Return scheduling requirement; exposure is not mastery.
REC-A1-002765,SENSE,SENSE-A1-000213,A1-M08-I06-S1,FIRST_RETURN,A1-M08-I06-S2,SAME_ISLAND,PRESERVE_TARGET_MODE_POLICY,REQUIRED,CONTEXTUAL_OR_FUNCTION_BOUND,NONE,Return scheduling requirement; exposure is not mastery.
REC-A1-002766,SENSE,SENSE-A1-000213,A1-M08-I06-S1,SECOND_RETURN,A1-M08-I06-S3,SAME_ISLAND,PRESERVE_TARGET_MODE_POLICY,REQUIRED,CONTEXTUAL_OR_FUNCTION_BOUND,NONE,Return scheduling requirement; exposure is not mastery.
REC-A1-002767,SENSE,SENSE-A1-000254,A1-M08-I06-S2,FIRST_RETURN,A1-M08-I06-S3,SAME_ISLAND,PRESERVE_TARGET_MODE_POLICY,REQUIRED,CONTEXTUAL_OR_FUNCTION_BOUND,NONE,Return scheduling requirement; exposure is not mastery.
REC-A1-002768,SENSE,SENSE-A1-000262,A1-M08-I06-S2,FIRST_RETURN,A1-M08-I06-S3,SAME_ISLAND,PRESERVE_TARGET_MODE_POLICY,REQUIRED,CONTEXTUAL_OR_FUNCTION_BOUND,NONE,Return scheduling requirement; exposure is not mastery.
REC-A1-002769,SENSE,SENSE-A1-000280,A1-M08-I06-S1,FIRST_RETURN,A1-M08-I06-S2,SAME_ISLAND,PRESERVE_TARGET_MODE_POLICY,REQUIRED,CONTEXTUAL_OR_FUNCTION_BOUND,NONE,Return scheduling requirement; exposure is not mastery.
REC-A1-002770,SENSE,SENSE-A1-000280,A1-M08-I06-S1,SECOND_RETURN,A1-M08-I06-S3,SAME_ISLAND,PRESERVE_TARGET_MODE_POLICY,REQUIRED,CONTEXTUAL_OR_FUNCTION_BOUND,NONE,Return scheduling requirement; exposure is not mastery.
REC-A1-002771,SENSE,SENSE-A1-000281,A1-M08-I06-S2,FIRST_RETURN,A1-M08-I06-S3,SAME_ISLAND,PRESERVE_TARGET_MODE_POLICY,REQUIRED,CONTEXTUAL_OR_FUNCTION_BOUND,NONE,Return scheduling requirement; exposure is not mastery.
REC-A1-002772,SENSE,SENSE-A1-000302,A1-M08-I06-S2,FIRST_RETURN,A1-M08-I06-S3,SAME_ISLAND,PRESERVE_TARGET_MODE_POLICY,REQUIRED,CONTEXTUAL_OR_FUNCTION_BOUND,NONE,Return scheduling requirement; exposure is not mastery.
REC-A1-002773,SENSE,SENSE-A1-000311,A1-M08-I06-S1,FIRST_RETURN,A1-M08-I06-S2,SAME_ISLAND,PRESERVE_TARGET_MODE_POLICY,REQUIRED,CONTEXTUAL_OR_FUNCTION_BOUND,NONE,Return scheduling requirement; exposure is not mastery.
REC-A1-002774,SENSE,SENSE-A1-000311,A1-M08-I06-S1,SECOND_RETURN,A1-M08-I06-S3,SAME_ISLAND,PRESERVE_TARGET_MODE_POLICY,REQUIRED,CONTEXTUAL_OR_FUNCTION_BOUND,NONE,Return scheduling requirement; exposure is not mastery.
REC-A1-002775,SENSE,SENSE-A1-000322,A1-M08-I06-S2,FIRST_RETURN,A1-M08-I06-S3,SAME_ISLAND,PRESERVE_TARGET_MODE_POLICY,REQUIRED,CONTEXTUAL_OR_FUNCTION_BOUND,NONE,Return scheduling requirement; exposure is not mastery.
REC-A1-002776,SENSE,SENSE-A1-000323,A1-M08-I06-S2,FIRST_RETURN,A1-M08-I06-S3,SAME_ISLAND,PRESERVE_TARGET_MODE_POLICY,REQUIRED,CONTEXTUAL_OR_FUNCTION_BOUND,NONE,Return scheduling requirement; exposure is not mastery.
REC-A1-002777,SENSE,SENSE-A1-000364,A1-M08-I06-S1,FIRST_RETURN,A1-M08-I06-S2,SAME_ISLAND,PRESERVE_TARGET_MODE_POLICY,REQUIRED,CONTEXTUAL_OR_FUNCTION_BOUND,NONE,Return scheduling requirement; exposure is not mastery.
REC-A1-002778,SENSE,SENSE-A1-000364,A1-M08-I06-S1,SECOND_RETURN,A1-M08-I06-S3,SAME_ISLAND,PRESERVE_TARGET_MODE_POLICY,REQUIRED,CONTEXTUAL_OR_FUNCTION_BOUND,NONE,Return scheduling requirement; exposure is not mastery.
REC-A1-002779,SENSE,SENSE-A1-000375,A1-M08-I06-S2,FIRST_RETURN,A1-M08-I06-S3,SAME_ISLAND,PRESERVE_TARGET_MODE_POLICY,REQUIRED,CONTEXTUAL_OR_FUNCTION_BOUND,NONE,Return scheduling requirement; exposure is not mastery.
REC-A1-002780,SENSE,SENSE-A1-000380,A1-M08-I06-S2,FIRST_RETURN,A1-M08-I06-S3,SAME_ISLAND,PRESERVE_TARGET_MODE_POLICY,REQUIRED,CONTEXTUAL_OR_FUNCTION_BOUND,NONE,Return scheduling requirement; exposure is not mastery.
REC-A1-002781,SENSE,SENSE-A1-000389,A1-M08-I06-S1,FIRST_RETURN,A1-M08-I06-S2,SAME_ISLAND,PRESERVE_TARGET_MODE_POLICY,REQUIRED,CONTEXTUAL_OR_FUNCTION_BOUND,NONE,Return scheduling requirement; exposure is not mastery.
REC-A1-002782,SENSE,SENSE-A1-000389,A1-M08-I06-S1,SECOND_RETURN,A1-M08-I06-S3,SAME_ISLAND,PRESERVE_TARGET_MODE_POLICY,REQUIRED,CONTEXTUAL_OR_FUNCTION_BOUND,NONE,Return scheduling requirement; exposure is not mastery.
REC-A1-002783,SENSE,SENSE-A1-000390,A1-M08-I06-S2,FIRST_RETURN,A1-M08-I06-S3,SAME_ISLAND,PRESERVE_TARGET_MODE_POLICY,REQUIRED,CONTEXTUAL_OR_FUNCTION_BOUND,NONE,Return scheduling requirement; exposure is not mastery.
REC-A1-002784,SENSE,SENSE-A1-000419,A1-M08-I06-S2,FIRST_RETURN,A1-M08-I06-S3,SAME_ISLAND,PRESERVE_TARGET_MODE_POLICY,REQUIRED,CONTEXTUAL_OR_FUNCTION_BOUND,NONE,Return scheduling requirement; exposure is not mastery.
REC-A1-002785,SENSE,SENSE-A1-000426,A1-M08-I06-S1,FIRST_RETURN,A1-M08-I06-S2,SAME_ISLAND,PRESERVE_TARGET_MODE_POLICY,REQUIRED,CONTEXTUAL_OR_FUNCTION_BOUND,NONE,Return scheduling requirement; exposure is not mastery.
REC-A1-002786,SENSE,SENSE-A1-000426,A1-M08-I06-S1,SECOND_RETURN,A1-M08-I06-S3,SAME_ISLAND,PRESERVE_TARGET_MODE_POLICY,REQUIRED,CONTEXTUAL_OR_FUNCTION_BOUND,NONE,Return scheduling requirement; exposure is not mastery.
REC-A1-002787,SENSE,SENSE-A1-000427,A1-M08-I06-S2,FIRST_RETURN,A1-M08-I06-S3,SAME_ISLAND,PRESERVE_TARGET_MODE_POLICY,REQUIRED,CONTEXTUAL_OR_FUNCTION_BOUND,NONE,Return scheduling requirement; exposure is not mastery.
REC-A1-002788,SENSE,SENSE-A1-000463,A1-M08-I06-S1,FIRST_RETURN,A1-M08-I06-S2,SAME_ISLAND,PRESERVE_TARGET_MODE_POLICY,REQUIRED,CONTEXTUAL_OR_FUNCTION_BOUND,NONE,Return scheduling requirement; exposure is not mastery.
REC-A1-002789,SENSE,SENSE-A1-000463,A1-M08-I06-S1,SECOND_RETURN,A1-M08-I06-S3,SAME_ISLAND,PRESERVE_TARGET_MODE_POLICY,REQUIRED,CONTEXTUAL_OR_FUNCTION_BOUND,NONE,Return scheduling requirement; exposure is not mastery.
REC-A1-002790,SENSE,SENSE-A1-000469,A1-M08-I06-S2,FIRST_RETURN,A1-M08-I06-S3,SAME_ISLAND,PRESERVE_TARGET_MODE_POLICY,REQUIRED,CONTEXTUAL_OR_FUNCTION_BOUND,NONE,Return scheduling requirement; exposure is not mastery.
REC-A1-002791,SENSE,SENSE-A1-000478,A1-M08-I06-S2,FIRST_RETURN,A1-M08-I06-S3,SAME_ISLAND,PRESERVE_TARGET_MODE_POLICY,REQUIRED,CONTEXTUAL_OR_FUNCTION_BOUND,NONE,Return scheduling requirement; exposure is not mastery.
REC-A1-002792,SENSE,SENSE-A1-000495,A1-M08-I06-S1,FIRST_RETURN,A1-M08-I06-S2,SAME_ISLAND,PRESERVE_TARGET_MODE_POLICY,REQUIRED,CONTEXTUAL_OR_FUNCTION_BOUND,NONE,Return scheduling requirement; exposure is not mastery.
REC-A1-002793,SENSE,SENSE-A1-000495,A1-M08-I06-S1,SECOND_RETURN,A1-M08-I06-S3,SAME_ISLAND,PRESERVE_TARGET_MODE_POLICY,REQUIRED,CONTEXTUAL_OR_FUNCTION_BOUND,NONE,Return scheduling requirement; exposure is not mastery.
REC-A1-002794,SENSE,SENSE-A1-000500,A1-M08-I06-S2,FIRST_RETURN,A1-M08-I06-S3,SAME_ISLAND,PRESERVE_TARGET_MODE_POLICY,REQUIRED,CONTEXTUAL_OR_FUNCTION_BOUND,NONE,Return scheduling requirement; exposure is not mastery.
REC-A1-002795,SENSE,SENSE-A1-000530,A1-M08-I06-S2,FIRST_RETURN,A1-M08-I06-S3,SAME_ISLAND,PRESERVE_TARGET_MODE_POLICY,REQUIRED,CONTEXTUAL_OR_FUNCTION_BOUND,NONE,Return scheduling requirement; exposure is not mastery.
REC-A1-002796,SENSE,SENSE-A1-000591,A1-M08-I06-S1,FIRST_RETURN,A1-M08-I06-S2,SAME_ISLAND,PRESERVE_TARGET_MODE_POLICY,REQUIRED,CONTEXTUAL_OR_FUNCTION_BOUND,NONE,Return scheduling requirement; exposure is not mastery.
REC-A1-002797,SENSE,SENSE-A1-000591,A1-M08-I06-S1,SECOND_RETURN,A1-M08-I06-S3,SAME_ISLAND,PRESERVE_TARGET_MODE_POLICY,REQUIRED,CONTEXTUAL_OR_FUNCTION_BOUND,NONE,Return scheduling requirement; exposure is not mastery.
REC-A1-002798,SENSE,SENSE-A1-000605,A1-M08-I06-S2,FIRST_RETURN,A1-M08-I06-S3,SAME_ISLAND,PRESERVE_TARGET_MODE_POLICY,REQUIRED,CONTEXTUAL_OR_FUNCTION_BOUND,NONE,Return scheduling requirement; exposure is not mastery.
REC-A1-002799,GRAMMAR_UNIT,GRAM-A1-121,A1-M08-I06-S1,FIRST_RETURN,A1-M08-I06-S2,SAME_ISLAND,PRESERVE_TARGET_MODE_POLICY,REQUIRED,FUNCTION_OR_TASK_BOUND,NONE,Return scheduling requirement; exposure is not mastery.
REC-A1-002800,GRAMMAR_UNIT,GRAM-A1-121,A1-M08-I06-S1,SECOND_RETURN,A1-M08-I06-S3,SAME_ISLAND,PRESERVE_TARGET_MODE_POLICY,REQUIRED,FUNCTION_OR_TASK_BOUND,NONE,Return scheduling requirement; exposure is not mastery.
REC-A1-002801,GRAMMAR_UNIT,GRAM-A1-158,A1-M08-I06-S2,FIRST_RETURN,A1-M08-I06-S3,SAME_ISLAND,PRESERVE_TARGET_MODE_POLICY,REQUIRED,FUNCTION_OR_TASK_BOUND,NONE,Return scheduling requirement; exposure is not mastery.
REC-A1-002802,GRAMMAR_UNIT,GRAM-A1-159,A1-M08-I06-S1,FIRST_RETURN,A1-M08-I06-S2,SAME_ISLAND,PRESERVE_TARGET_MODE_POLICY,REQUIRED,FUNCTION_OR_TASK_BOUND,NONE,Return scheduling requirement; exposure is not mastery.
REC-A1-002803,GRAMMAR_UNIT,GRAM-A1-159,A1-M08-I06-S1,SECOND_RETURN,A1-M08-I06-S3,SAME_ISLAND,PRESERVE_TARGET_MODE_POLICY,REQUIRED,FUNCTION_OR_TASK_BOUND,NONE,Return scheduling requirement; exposure is not mastery.
REC-A1-002804,GRAMMAR_UNIT,GRAM-A1-160,A1-M08-I06-S2,FIRST_RETURN,A1-M08-I06-S3,SAME_ISLAND,PRESERVE_TARGET_MODE_POLICY,REQUIRED,FUNCTION_OR_TASK_BOUND,NONE,Return scheduling requirement; exposure is not mastery.
REC-A1-002805,MWU_SOURCE_UNIT,12B1-MWU-0003,A1-M08-I06-S2,FIRST_RETURN,A1-M08-I06-S3,SAME_ISLAND,PRESERVE_TARGET_MODE_POLICY,REQUIRED,CONTEXTUAL_OR_FUNCTION_BOUND,NONE,Return scheduling requirement; exposure is not mastery.
REC-A1-002806,MWU_SOURCE_UNIT,12B1-MWU-0064,A1-M08-I06-S1,FIRST_RETURN,A1-M08-I06-S2,SAME_ISLAND,PRESERVE_TARGET_MODE_POLICY,REQUIRED,CONTEXTUAL_OR_FUNCTION_BOUND,NONE,Return scheduling requirement; exposure is not mastery.
REC-A1-002807,MWU_SOURCE_UNIT,12B1-MWU-0064,A1-M08-I06-S1,SECOND_RETURN,A1-M08-I06-S3,SAME_ISLAND,PRESERVE_TARGET_MODE_POLICY,REQUIRED,CONTEXTUAL_OR_FUNCTION_BOUND,NONE,Return scheduling requirement; exposure is not mastery.
REC-A1-002808,MWU_SOURCE_UNIT,12B1-MWU-0065,A1-M08-I06-S2,FIRST_RETURN,A1-M08-I06-S3,SAME_ISLAND,PRESERVE_TARGET_MODE_POLICY,REQUIRED,CONTEXTUAL_OR_FUNCTION_BOUND,NONE,Return scheduling requirement; exposure is not mastery.
REC-A1-002809,MWU_SOURCE_UNIT,12B1-MWU-0066,A1-M08-I06-S2,FIRST_RETURN,A1-M08-I06-S3,SAME_ISLAND,PRESERVE_TARGET_MODE_POLICY,REQUIRED,CONTEXTUAL_OR_FUNCTION_BOUND,NONE,Return scheduling requirement; exposure is not mastery.
REC-A1-002810,MWU_SOURCE_UNIT,12B1-MWU-0067,A1-M08-I06-S1,FIRST_RETURN,A1-M08-I06-S2,SAME_ISLAND,PRESERVE_TARGET_MODE_POLICY,REQUIRED,CONTEXTUAL_OR_FUNCTION_BOUND,NONE,Return scheduling requirement; exposure is not mastery.
REC-A1-002811,MWU_SOURCE_UNIT,12B1-MWU-0067,A1-M08-I06-S1,SECOND_RETURN,A1-M08-I06-S3,SAME_ISLAND,PRESERVE_TARGET_MODE_POLICY,REQUIRED,CONTEXTUAL_OR_FUNCTION_BOUND,NONE,Return scheduling requirement; exposure is not mastery.
REC-A1-002812,MWU_SOURCE_UNIT,12B1-MWU-0069,A1-M08-I06-S2,FIRST_RETURN,A1-M08-I06-S3,SAME_ISLAND,PRESERVE_TARGET_MODE_POLICY,REQUIRED,CONTEXTUAL_OR_FUNCTION_BOUND,NONE,Return scheduling requirement; exposure is not mastery.
REC-A1-002813,MWU_SOURCE_UNIT,12B1-MWU-0130,A1-M08-I06-S2,FIRST_RETURN,A1-M08-I06-S3,SAME_ISLAND,PRESERVE_TARGET_MODE_POLICY,REQUIRED,CONTEXTUAL_OR_FUNCTION_BOUND,NONE,Return scheduling requirement; exposure is not mastery.
REC-A1-002814,MWU_SOURCE_UNIT,12B1-MWU-0131,A1-M08-I06-S2,FIRST_RETURN,A1-M08-I06-S3,SAME_ISLAND,PRESERVE_TARGET_MODE_POLICY,REQUIRED,CONTEXTUAL_OR_FUNCTION_BOUND,NONE,Return scheduling requirement; exposure is not mastery.
REC-A1-002815,MWU_SOURCE_UNIT,12B1-MWU-0132,A1-M08-I06-S1,FIRST_RETURN,A1-M08-I06-S2,SAME_ISLAND,PRESERVE_TARGET_MODE_POLICY,REQUIRED,CONTEXTUAL_OR_FUNCTION_BOUND,NONE,Return scheduling requirement; exposure is not mastery.
REC-A1-002816,MWU_SOURCE_UNIT,12B1-MWU-0132,A1-M08-I06-S1,SECOND_RETURN,A1-M08-I06-S3,SAME_ISLAND,PRESERVE_TARGET_MODE_POLICY,REQUIRED,CONTEXTUAL_OR_FUNCTION_BOUND,NONE,Return scheduling requirement; exposure is not mastery.
REC-A1-002817,SENSE,SENSE-A1-000026,A1-M03-I05-S3,FIRST_RETURN,A1-M03-I06-S1,SAME_MODULE_CROSS_ISLAND,PRESERVE_TARGET_MODE_POLICY,REQUIRED,CONTEXTUAL_OR_FUNCTION_BOUND,NONE,Return scheduling requirement; exposure is not mastery.
REC-A1-002818,SENSE,SENSE-A1-000026,A1-M03-I05-S3,SECOND_RETURN,A1-M03-I06-S2,SAME_MODULE_CROSS_ISLAND,PRESERVE_TARGET_MODE_POLICY,REQUIRED,CONTEXTUAL_OR_FUNCTION_BOUND,NONE,Return scheduling requirement; exposure is not mastery.
REC-A1-002819,SENSE,SENSE-A1-000026,A1-M03-I05-S3,THIRD_RETURN,A1-M04-I05-S2,CROSS_MODULE,PRESERVE_TARGET_MODE_POLICY,REQUIRED,CONTEXTUAL_OR_FUNCTION_BOUND,NONE,Return scheduling requirement; exposure is not mastery.
REC-A1-002820,SENSE,SENSE-A1-000198,A1-M02-I05-S1,FIRST_RETURN,A1-M02-I05-S2,SAME_ISLAND,PRESERVE_TARGET_MODE_POLICY,REQUIRED,CONTEXTUAL_OR_FUNCTION_BOUND,NONE,Return scheduling requirement; exposure is not mastery.
REC-A1-002821,SENSE,SENSE-A1-000198,A1-M02-I05-S1,SECOND_RETURN,A1-M02-I06-S2,SAME_MODULE_CROSS_ISLAND,PRESERVE_TARGET_MODE_POLICY,REQUIRED,CONTEXTUAL_OR_FUNCTION_BOUND,NONE,Return scheduling requirement; exposure is not mastery.
REC-A1-002822,SENSE,SENSE-A1-000198,A1-M02-I05-S1,THIRD_RETURN,A1-M03-I05-S2,CROSS_MODULE,PRESERVE_TARGET_MODE_POLICY,REQUIRED,CONTEXTUAL_OR_FUNCTION_BOUND,NONE,Return scheduling requirement; exposure is not mastery.
REC-A1-002823,SENSE,SENSE-A1-000377,A1-M03-I05-S3,FIRST_RETURN,A1-M03-I06-S1,SAME_MODULE_CROSS_ISLAND,PRESERVE_TARGET_MODE_POLICY,REQUIRED,CONTEXTUAL_OR_FUNCTION_BOUND,NONE,Return scheduling requirement; exposure is not mastery.
REC-A1-002824,SENSE,SENSE-A1-000377,A1-M03-I05-S3,SECOND_RETURN,A1-M03-I06-S2,SAME_MODULE_CROSS_ISLAND,PRESERVE_TARGET_MODE_POLICY,REQUIRED,CONTEXTUAL_OR_FUNCTION_BOUND,NONE,Return scheduling requirement; exposure is not mastery.
REC-A1-002825,SENSE,SENSE-A1-000377,A1-M03-I05-S3,THIRD_RETURN,A1-M04-I05-S2,CROSS_MODULE,PRESERVE_TARGET_MODE_POLICY,REQUIRED,CONTEXTUAL_OR_FUNCTION_BOUND,NONE,Return scheduling requirement; exposure is not mastery.
REC-A1-002826,SENSE,SENSE-A1-000432,A1-M03-I06-S1,FIRST_RETURN,A1-M03-I06-S2,SAME_ISLAND,PRESERVE_TARGET_MODE_POLICY,REQUIRED,CONTEXTUAL_OR_FUNCTION_BOUND,NONE,Return scheduling requirement; exposure is not mastery.
REC-A1-002827,SENSE,SENSE-A1-000432,A1-M03-I06-S1,SECOND_RETURN,A1-M04-I05-S1,CROSS_MODULE,PRESERVE_TARGET_MODE_POLICY,REQUIRED,CONTEXTUAL_OR_FUNCTION_BOUND,NONE,Return scheduling requirement; exposure is not mastery.
REC-A1-002828,SENSE,SENSE-A1-000432,A1-M03-I06-S1,THIRD_RETURN,A1-M05-I05-S2,CROSS_MODULE,PRESERVE_TARGET_MODE_POLICY,REQUIRED,CONTEXTUAL_OR_FUNCTION_BOUND,NONE,Return scheduling requirement; exposure is not mastery.
REC-A1-002829,SENSE,SENSE-A1-000459,A1-M08-I05-S1,FIRST_RETURN,A1-M08-I05-S2,SAME_ISLAND,PRESERVE_TARGET_MODE_POLICY,REQUIRED,CONTEXTUAL_OR_FUNCTION_BOUND,NONE,Return scheduling requirement; exposure is not mastery.
REC-A1-002830,SENSE,SENSE-A1-000459,A1-M08-I05-S1,SECOND_RETURN,A1-M08-I06-S1,SAME_MODULE_CROSS_ISLAND,PRESERVE_TARGET_MODE_POLICY,REQUIRED,CONTEXTUAL_OR_FUNCTION_BOUND,NONE,Return scheduling requirement; exposure is not mastery.
REC-A1-002831,SENSE,SENSE-A1-000459,A1-M08-I05-S1,THIRD_RETURN,A1-M08-I06-S2,SAME_MODULE_CROSS_ISLAND,PRESERVE_TARGET_MODE_POLICY,REQUIRED,CONTEXTUAL_OR_FUNCTION_BOUND,NONE,Return scheduling requirement; exposure is not mastery.
REC-A1-002832,SENSE,SENSE-A1-000484,A1-M08-I06-S2,FIRST_RETURN,A1-M08-I06-S3,SAME_ISLAND,PRESERVE_TARGET_MODE_POLICY,REQUIRED,CONTEXTUAL_OR_FUNCTION_BOUND,NONE,Return scheduling requirement; exposure is not mastery.
REC-A1-002833,SENSE,SENSE-A1-000485,A1-M08-I05-S2,FIRST_RETURN,A1-M08-I06-S1,SAME_MODULE_CROSS_ISLAND,PRESERVE_TARGET_MODE_POLICY,REQUIRED,CONTEXTUAL_OR_FUNCTION_BOUND,NONE,Return scheduling requirement; exposure is not mastery.
REC-A1-002834,SENSE,SENSE-A1-000485,A1-M08-I05-S2,SECOND_RETURN,A1-M08-I06-S2,SAME_MODULE_CROSS_ISLAND,PRESERVE_TARGET_MODE_POLICY,REQUIRED,CONTEXTUAL_OR_FUNCTION_BOUND,NONE,Return scheduling requirement; exposure is not mastery.
REC-A1-002835,SENSE,SENSE-A1-000485,A1-M08-I05-S2,THIRD_RETURN,A1-M08-I06-S3,SAME_MODULE_CROSS_ISLAND,PRESERVE_TARGET_MODE_POLICY,REQUIRED,CONTEXTUAL_OR_FUNCTION_BOUND,NONE,Return scheduling requirement; exposure is not mastery.
REC-A1-002836,SENSE,SENSE-A1-000556,A1-M01-I05-S3,FIRST_RETURN,A1-M01-I05-S4,SAME_ISLAND,PRESERVE_TARGET_MODE_POLICY,REQUIRED,CONTEXTUAL_OR_FUNCTION_BOUND,NONE,Return scheduling requirement; exposure is not mastery.
REC-A1-002837,SENSE,SENSE-A1-000556,A1-M01-I05-S3,SECOND_RETURN,A1-M02-I05-S1,CROSS_MODULE,PRESERVE_TARGET_MODE_POLICY,REQUIRED,CONTEXTUAL_OR_FUNCTION_BOUND,NONE,Return scheduling requirement; exposure is not mastery.
REC-A1-002838,SENSE,SENSE-A1-000556,A1-M01-I05-S3,THIRD_RETURN,A1-M03-I05-S1,CROSS_MODULE,PRESERVE_TARGET_MODE_POLICY,REQUIRED,CONTEXTUAL_OR_FUNCTION_BOUND,NONE,Return scheduling requirement; exposure is not mastery.
REC-A1-002839,GRAMMAR_UNIT,GRAM-A1-083,A1-M08-I06-S2,FIRST_RETURN,A1-M08-I06-S3,SAME_ISLAND,PRESERVE_TARGET_MODE_POLICY,REQUIRED,FUNCTION_OR_TASK_BOUND,NONE,Return scheduling requirement; exposure is not mastery.
REC-A1-002840,GRAMMAR_UNIT,GRAM-A1-084,A1-M08-I06-S2,FIRST_RETURN,A1-M08-I06-S3,SAME_ISLAND,PRESERVE_TARGET_MODE_POLICY,REQUIRED,FUNCTION_OR_TASK_BOUND,NONE,Return scheduling requirement; exposure is not mastery.
REC-A1-002841,GRAMMAR_UNIT,GRAM-A1-085,A1-M08-I06-S1,FIRST_RETURN,A1-M08-I06-S2,SAME_ISLAND,PRESERVE_TARGET_MODE_POLICY,REQUIRED,FUNCTION_OR_TASK_BOUND,NONE,Return scheduling requirement; exposure is not mastery.
REC-A1-002842,GRAMMAR_UNIT,GRAM-A1-085,A1-M08-I06-S1,SECOND_RETURN,A1-M08-I06-S3,SAME_ISLAND,PRESERVE_TARGET_MODE_POLICY,REQUIRED,FUNCTION_OR_TASK_BOUND,NONE,Return scheduling requirement; exposure is not mastery.
REC-A1-002843,GRAMMAR_UNIT,GRAM-A1-086,A1-M08-I06-S2,FIRST_RETURN,A1-M08-I06-S3,SAME_ISLAND,PRESERVE_TARGET_MODE_POLICY,REQUIRED,FUNCTION_OR_TASK_BOUND,NONE,Return scheduling requirement; exposure is not mastery.
REC-A1-002844,GRAMMAR_UNIT,GRAM-A1-093,A1-M08-I05-S1,FIRST_RETURN,A1-M08-I05-S2,SAME_ISLAND,PRESERVE_TARGET_MODE_POLICY,REQUIRED,FUNCTION_OR_TASK_BOUND,NONE,Return scheduling requirement; exposure is not mastery.
REC-A1-002845,GRAMMAR_UNIT,GRAM-A1-093,A1-M08-I05-S1,SECOND_RETURN,A1-M08-I06-S1,SAME_MODULE_CROSS_ISLAND,PRESERVE_TARGET_MODE_POLICY,REQUIRED,FUNCTION_OR_TASK_BOUND,NONE,Return scheduling requirement; exposure is not mastery.
REC-A1-002846,GRAMMAR_UNIT,GRAM-A1-093,A1-M08-I05-S1,THIRD_RETURN,A1-M08-I06-S2,SAME_MODULE_CROSS_ISLAND,PRESERVE_TARGET_MODE_POLICY,REQUIRED,FUNCTION_OR_TASK_BOUND,NONE,Return scheduling requirement; exposure is not mastery.
REC-A1-002847,GRAMMAR_UNIT,GRAM-A1-107,A1-M08-I05-S1,FIRST_RETURN,A1-M08-I05-S2,SAME_ISLAND,PRESERVE_TARGET_MODE_POLICY,REQUIRED,FUNCTION_OR_TASK_BOUND,NONE,Return scheduling requirement; exposure is not mastery.
REC-A1-002848,GRAMMAR_UNIT,GRAM-A1-107,A1-M08-I05-S1,SECOND_RETURN,A1-M08-I06-S1,SAME_MODULE_CROSS_ISLAND,PRESERVE_TARGET_MODE_POLICY,REQUIRED,FUNCTION_OR_TASK_BOUND,NONE,Return scheduling requirement; exposure is not mastery.
REC-A1-002849,GRAMMAR_UNIT,GRAM-A1-107,A1-M08-I05-S1,THIRD_RETURN,A1-M08-I06-S2,SAME_MODULE_CROSS_ISLAND,PRESERVE_TARGET_MODE_POLICY,REQUIRED,FUNCTION_OR_TASK_BOUND,NONE,Return scheduling requirement; exposure is not mastery.
REC-A1-002850,GRAMMAR_UNIT,GRAM-A1-138,A1-M08-I05-S2,FIRST_RETURN,A1-M08-I06-S1,SAME_MODULE_CROSS_ISLAND,PRESERVE_TARGET_MODE_POLICY,REQUIRED,FUNCTION_OR_TASK_BOUND,NONE,Return scheduling requirement; exposure is not mastery.
REC-A1-002851,GRAMMAR_UNIT,GRAM-A1-138,A1-M08-I05-S2,SECOND_RETURN,A1-M08-I06-S2,SAME_MODULE_CROSS_ISLAND,PRESERVE_TARGET_MODE_POLICY,REQUIRED,FUNCTION_OR_TASK_BOUND,NONE,Return scheduling requirement; exposure is not mastery.
REC-A1-002852,GRAMMAR_UNIT,GRAM-A1-138,A1-M08-I05-S2,THIRD_RETURN,A1-M08-I06-S3,SAME_MODULE_CROSS_ISLAND,PRESERVE_TARGET_MODE_POLICY,REQUIRED,FUNCTION_OR_TASK_BOUND,NONE,Return scheduling requirement; exposure is not mastery.
REC-A1-002853,MWU_SOURCE_UNIT,12B1-MWU-0147,A1-M03-I05-S2,FIRST_RETURN,A1-M03-I05-S3,SAME_ISLAND,PRESERVE_TARGET_MODE_POLICY,REQUIRED,CONTEXTUAL_OR_FUNCTION_BOUND,NONE,Return scheduling requirement; exposure is not mastery.
REC-A1-002854,MWU_SOURCE_UNIT,12B1-MWU-0147,A1-M03-I05-S2,SECOND_RETURN,A1-M03-I06-S1,SAME_MODULE_CROSS_ISLAND,PRESERVE_TARGET_MODE_POLICY,REQUIRED,CONTEXTUAL_OR_FUNCTION_BOUND,NONE,Return scheduling requirement; exposure is not mastery.
REC-A1-002855,MWU_SOURCE_UNIT,12B1-MWU-0147,A1-M03-I05-S2,THIRD_RETURN,A1-M04-I05-S4,CROSS_MODULE,PRESERVE_TARGET_MODE_POLICY,REQUIRED,CONTEXTUAL_OR_FUNCTION_BOUND,NONE,Return scheduling requirement; exposure is not mastery.
REC-A1-002856,MWU_SOURCE_UNIT,12B1-MWU-0183,A1-M03-I05-S1,FIRST_RETURN,A1-M03-I05-S2,SAME_ISLAND,PRESERVE_TARGET_MODE_POLICY,REQUIRED,CONTEXTUAL_OR_FUNCTION_BOUND,NONE,Return scheduling requirement; exposure is not mastery.
REC-A1-002857,MWU_SOURCE_UNIT,12B1-MWU-0183,A1-M03-I05-S1,SECOND_RETURN,A1-M03-I05-S3,SAME_ISLAND,PRESERVE_TARGET_MODE_POLICY,REQUIRED,CONTEXTUAL_OR_FUNCTION_BOUND,NONE,Return scheduling requirement; exposure is not mastery.
REC-A1-002858,MWU_SOURCE_UNIT,12B1-MWU-0183,A1-M03-I05-S1,THIRD_RETURN,A1-M04-I05-S1,CROSS_MODULE,PRESERVE_TARGET_MODE_POLICY,REQUIRED,CONTEXTUAL_OR_FUNCTION_BOUND,NONE,Return scheduling requirement; exposure is not mastery.
REC-A1-002859,MWU_SOURCE_UNIT,12B1-MWU-0184,A1-M03-I05-S1,FIRST_RETURN,A1-M03-I05-S2,SAME_ISLAND,PRESERVE_TARGET_MODE_POLICY,REQUIRED,CONTEXTUAL_OR_FUNCTION_BOUND,NONE,Return scheduling requirement; exposure is not mastery.
REC-A1-002860,MWU_SOURCE_UNIT,12B1-MWU-0184,A1-M03-I05-S1,SECOND_RETURN,A1-M03-I05-S3,SAME_ISLAND,PRESERVE_TARGET_MODE_POLICY,REQUIRED,CONTEXTUAL_OR_FUNCTION_BOUND,NONE,Return scheduling requirement; exposure is not mastery.
REC-A1-002861,MWU_SOURCE_UNIT,12B1-MWU-0184,A1-M03-I05-S1,THIRD_RETURN,A1-M04-I05-S1,CROSS_MODULE,PRESERVE_TARGET_MODE_POLICY,REQUIRED,CONTEXTUAL_OR_FUNCTION_BOUND,NONE,Return scheduling requirement; exposure is not mastery.
REC-A1-002862,MWU_SOURCE_UNIT,12B1-MWU-0185,A1-M03-I05-S3,FIRST_RETURN,A1-M03-I06-S1,SAME_MODULE_CROSS_ISLAND,PRESERVE_TARGET_MODE_POLICY,REQUIRED,CONTEXTUAL_OR_FUNCTION_BOUND,NONE,Return scheduling requirement; exposure is not mastery.
REC-A1-002863,MWU_SOURCE_UNIT,12B1-MWU-0185,A1-M03-I05-S3,SECOND_RETURN,A1-M03-I06-S2,SAME_MODULE_CROSS_ISLAND,PRESERVE_TARGET_MODE_POLICY,REQUIRED,CONTEXTUAL_OR_FUNCTION_BOUND,NONE,Return scheduling requirement; exposure is not mastery.
REC-A1-002864,MWU_SOURCE_UNIT,12B1-MWU-0185,A1-M03-I05-S3,THIRD_RETURN,A1-M04-I05-S2,CROSS_MODULE,PRESERVE_TARGET_MODE_POLICY,REQUIRED,CONTEXTUAL_OR_FUNCTION_BOUND,NONE,Return scheduling requirement; exposure is not mastery.
REC-A1-002865,MWU_SOURCE_UNIT,12B1-MWU-0190,A1-M08-I05-S1,FIRST_RETURN,A1-M08-I05-S2,SAME_ISLAND,PRESERVE_TARGET_MODE_POLICY,REQUIRED,CONTEXTUAL_OR_FUNCTION_BOUND,NONE,Return scheduling requirement; exposure is not mastery.
REC-A1-002866,MWU_SOURCE_UNIT,12B1-MWU-0190,A1-M08-I05-S1,SECOND_RETURN,A1-M08-I06-S1,SAME_MODULE_CROSS_ISLAND,PRESERVE_TARGET_MODE_POLICY,REQUIRED,CONTEXTUAL_OR_FUNCTION_BOUND,NONE,Return scheduling requirement; exposure is not mastery.
REC-A1-002867,MWU_SOURCE_UNIT,12B1-MWU-0190,A1-M08-I05-S1,THIRD_RETURN,A1-M08-I06-S2,SAME_MODULE_CROSS_ISLAND,PRESERVE_TARGET_MODE_POLICY,REQUIRED,CONTEXTUAL_OR_FUNCTION_BOUND,NONE,Return scheduling requirement; exposure is not mastery.
