record_id,subphase,record_type,domain,source_section,source_phase,item,object_type,geographic_scope,a1_status,evidence_gate,baseline_action,crossref,notes,source_id,source_url,curriculum_version
10-0001,10-STRUCTURE,STRUCTURAL_RULE,Metodología,Introducciones PCIC-10/11,N/A,PCIC cultural phases are modular and do not map systematically to A1/A2/C levels,LEVELING_RULE,N/A,NOT_A_LEVEL_ASSERTION,STRUCTURAL,NO_LEXICAL_BASELINE_CHANGE,,PCIC-10/11 introductions,PCIC-10/11,https://cvc.cervantes.es/ensenanza/biblioteca_ele/plan_curricular/niveles/10_referentes_culturales_introduccion.htm | https://cvc.cervantes.es/ensenanza/biblioteca_ele/plan_curricular/niveles/11_saberes_y_comportamientos_introduccion.htm,v1.25
10-0002,10-STRUCTURE,STRUCTURAL_RULE,Metodología,Introducciones PCIC-10/11,N/A,"Phase of approximation is a cultural sequencing pool, not an A1 level assertion",LEVELING_RULE,N/A,NOT_A_LEVEL_ASSERTION,STRUCTURAL,NO_LEXICAL_BASELINE_CHANGE,,PCIC-10/11 introductions,PCIC-10/11,https://cvc.cervantes.es/ensenanza/biblioteca_ele/plan_curricular/niveles/10_referentes_culturales_introduccion.htm | https://cvc.cervantes.es/ensenanza/biblioteca_ele/plan_curricular/niveles/11_saberes_y_comportamientos_introduccion.htm,v1.25
10-0003,10-STRUCTURE,STRUCTURAL_RULE,Metodología,Introducciones PCIC-10/11,N/A,Referentes culturales covers Spain and Hispanic-American countries,GEOGRAPHIC_SCOPE_RULE,N/A,NOT_A_LEVEL_ASSERTION,STRUCTURAL,NO_LEXICAL_BASELINE_CHANGE,,PCIC-10 introduction,PCIC-10/11,https://cvc.cervantes.es/ensenanza/biblioteca_ele/plan_curricular/niveles/10_referentes_culturales_introduccion.htm | https://cvc.cervantes.es/ensenanza/biblioteca_ele/plan_curricular/niveles/11_saberes_y_comportamientos_introduccion.htm,v1.25
10-0004,10-STRUCTURE,STRUCTURAL_RULE,Metodología,Introducciones PCIC-10/11,N/A,Saberes y comportamientos socioculturales describes Spain only in the PCIC first-level specification,GEOGRAPHIC_SCOPE_RULE,N/A,NOT_A_LEVEL_ASSERTION,STRUCTURAL,NO_LEXICAL_BASELINE_CHANGE,,PCIC-11 introduction,PCIC-10/11,https://cvc.cervantes.es/ensenanza/biblioteca_ele/plan_curricular/niveles/10_referentes_culturales_introduccion.htm | https://cvc.cervantes.es/ensenanza/biblioteca_ele/plan_curricular/niveles/11_saberes_y_comportamientos_introduccion.htm,v1.25
10-0005,10-STRUCTURE,STRUCTURAL_RULE,Metodología,Introducciones PCIC-10/11,N/A,"Cultural examples, proper names, dishes, institutions and events do not become A1 lexemes by appearing in PCIC-10/11",LEXICAL_SEPARATION_RULE,N/A,NOT_A_LEVEL_ASSERTION,STRUCTURAL,NO_LEXICAL_BASELINE_CHANGE,,SpanishStories,PCIC-10/11,https://cvc.cervantes.es/ensenanza/biblioteca_ele/plan_curricular/niveles/10_referentes_culturales_introduccion.htm | https://cvc.cervantes.es/ensenanza/biblioteca_ele/plan_curricular/niveles/11_saberes_y_comportamientos_introduccion.htm,v1.25
10-0006,10-STRUCTURE,STRUCTURAL_RULE,Metodología,Introducciones PCIC-10/11,N/A,A1 operational sociocultural minimum requires an independent A1 anchor such as CEFR/Functions/Pragmatics,A1_GATE_RULE,N/A,NOT_A_LEVEL_ASSERTION,STRUCTURAL,NO_LEXICAL_BASELINE_CHANGE,,SpanishStories,PCIC-10/11,https://cvc.cervantes.es/ensenanza/biblioteca_ele/plan_curricular/niveles/10_referentes_culturales_introduccion.htm | https://cvc.cervantes.es/ensenanza/biblioteca_ele/plan_curricular/niveles/11_saberes_y_comportamientos_introduccion.htm,v1.25
10-0007,10-STRUCTURE,STRUCTURAL_RULE,Metodología,Introducciones PCIC-10/11,N/A,Habilidades y actitudes interculturales (PCIC-12) are deferred; they are a separate inventory and not silently merged into Phase 10,SCOPE_RULE,N/A,NOT_A_LEVEL_ASSERTION,STRUCTURAL,NO_LEXICAL_BASELINE_CHANGE,,PCIC plan,PCIC-10/11,https://cvc.cervantes.es/ensenanza/biblioteca_ele/plan_curricular/niveles/10_referentes_culturales_introduccion.htm | https://cvc.cervantes.es/ensenanza/biblioteca_ele/plan_curricular/niveles/11_saberes_y_comportamientos_introduccion.htm,v1.25
10-0008,10-STRUCTURE,STRUCTURAL_RULE,Metodología,Introducciones PCIC-10/11,N/A,Cultural facts with high caducity require periodic editorial verification before publication,MAINTENANCE_RULE,N/A,NOT_A_LEVEL_ASSERTION,STRUCTURAL,NO_LEXICAL_BASELINE_CHANGE,,PCIC-10 accessibility/caducity criterion,PCIC-10/11,https://cvc.cervantes.es/ensenanza/biblioteca_ele/plan_curricular/niveles/10_referentes_culturales_introduccion.htm | https://cvc.cervantes.es/ensenanza/biblioteca_ele/plan_curricular/niveles/11_saberes_y_comportamientos_introduccion.htm,v1.25
10-0009,10A,CULTURAL_APPROXIMATION_TOPIC,Geografía física,1.1.1 Climas,APPROXIMATION,estaciones y diferencias climáticas entre países hispanos,CULTURAL_KNOWLEDGE,Spain + Hispanic America,NOT_A1_BY_ITSELF,PCIC_APPROXIMATION_MODULAR,NO_LEXICAL_BASELINE_CHANGE,,Approximation pool only; curricular level must be decided separately.,PCIC-10,https://cvc.cervantes.es/ensenanza/biblioteca_ele/plan_curricular/niveles/10_referentes_culturales_inventario.htm,v1.25
10-0010,10A,CULTURAL_APPROXIMATION_TOPIC,Geografía física,1.1.1 Climas,APPROXIMATION,uso de escalas Celsius/Fahrenheit según el país,CULTURAL_CONVENTION,Spain + Hispanic America,NOT_A1_BY_ITSELF,PCIC_APPROXIMATION_MODULAR,NO_LEXICAL_BASELINE_CHANGE,,Approximation pool only; curricular level must be decided separately.,PCIC-10,https://cvc.cervantes.es/ensenanza/biblioteca_ele/plan_curricular/niveles/10_referentes_culturales_inventario.htm,v1.25
10-0011,10A,CULTURAL_APPROXIMATION_TOPIC,Geografía física,1.1.2 Particularidades geográficas,APPROXIMATION,accidentes geográficos de proyección internacional,CULTURAL_REFERENT_CLASS,Spain + Hispanic America,NOT_A1_BY_ITSELF,PCIC_APPROXIMATION_MODULAR,NO_LEXICAL_BASELINE_CHANGE,,Approximation pool only; curricular level must be decided separately.,PCIC-10,https://cvc.cervantes.es/ensenanza/biblioteca_ele/plan_curricular/niveles/10_referentes_culturales_inventario.htm,v1.25
10-0012,10A,CULTURAL_APPROXIMATION_TOPIC,Geografía física,1.1.2 Particularidades geográficas,APPROXIMATION,representaciones culturales asociadas al río,CULTURAL_REPRESENTATION,Spain + Hispanic America,NOT_A1_BY_ITSELF,PCIC_APPROXIMATION_MODULAR,NO_LEXICAL_BASELINE_CHANGE,,Approximation pool only; curricular level must be decided separately.,PCIC-10,https://cvc.cervantes.es/ensenanza/biblioteca_ele/plan_curricular/niveles/10_referentes_culturales_inventario.htm,v1.25
10-0013,10A,CULTURAL_APPROXIMATION_TOPIC,Geografía física,1.1.2 Particularidades geográficas,APPROXIMATION,representaciones culturales asociadas a la llanura,CULTURAL_REPRESENTATION,Spain + Hispanic America,NOT_A1_BY_ITSELF,PCIC_APPROXIMATION_MODULAR,NO_LEXICAL_BASELINE_CHANGE,,Approximation pool only; curricular level must be decided separately.,PCIC-10,https://cvc.cervantes.es/ensenanza/biblioteca_ele/plan_curricular/niveles/10_referentes_culturales_inventario.htm,v1.25
10-0014,10A,CULTURAL_APPROXIMATION_TOPIC,Geografía física,1.1.3 Fauna y flora,APPROXIMATION,fauna característica de países hispanos,CULTURAL_REFERENT_CLASS,Spain + Hispanic America,NOT_A1_BY_ITSELF,PCIC_APPROXIMATION_MODULAR,NO_LEXICAL_BASELINE_CHANGE,,Approximation pool only; curricular level must be decided separately.,PCIC-10,https://cvc.cervantes.es/ensenanza/biblioteca_ele/plan_curricular/niveles/10_referentes_culturales_inventario.htm,v1.25
10-0015,10A,CULTURAL_APPROXIMATION_TOPIC,Geografía física,1.1.3 Fauna y flora,APPROXIMATION,fauna usada como símbolo regional o nacional,CULTURAL_SYMBOL,Spain + Hispanic America,NOT_A1_BY_ITSELF,PCIC_APPROXIMATION_MODULAR,NO_LEXICAL_BASELINE_CHANGE,,Approximation pool only; curricular level must be decided separately.,PCIC-10,https://cvc.cervantes.es/ensenanza/biblioteca_ele/plan_curricular/niveles/10_referentes_culturales_inventario.htm,v1.25
10-0016,10A,CULTURAL_APPROXIMATION_TOPIC,Geografía física,1.1.3 Fauna y flora,APPROXIMATION,flora característica y simbólica,CULTURAL_SYMBOL,Spain + Hispanic America,NOT_A1_BY_ITSELF,PCIC_APPROXIMATION_MODULAR,NO_LEXICAL_BASELINE_CHANGE,,Approximation pool only; curricular level must be decided separately.,PCIC-10,https://cvc.cervantes.es/ensenanza/biblioteca_ele/plan_curricular/niveles/10_referentes_culturales_inventario.htm,v1.25
10-0017,10A,CULTURAL_APPROXIMATION_TOPIC,Población,1.2 Población,APPROXIMATION,pueblos y minorías étnicas de los países hispanos,DEMOGRAPHIC_REFERENT,Spain + Hispanic America,NOT_A1_BY_ITSELF,PCIC_APPROXIMATION_MODULAR,NO_LEXICAL_BASELINE_CHANGE,,Approximation pool only; curricular level must be decided separately.,PCIC-10,https://cvc.cervantes.es/ensenanza/biblioteca_ele/plan_curricular/niveles/10_referentes_culturales_inventario.htm,v1.25
10-0018,10A,CULTURAL_APPROXIMATION_TOPIC,Población,1.2 Población,APPROXIMATION,importancia de la población indígena,DEMOGRAPHIC_REFERENT,Spain + Hispanic America,NOT_A1_BY_ITSELF,PCIC_APPROXIMATION_MODULAR,NO_LEXICAL_BASELINE_CHANGE,,Approximation pool only; curricular level must be decided separately.,PCIC-10,https://cvc.cervantes.es/ensenanza/biblioteca_ele/plan_curricular/niveles/10_referentes_culturales_inventario.htm,v1.25
10-0019,10A,CULTURAL_APPROXIMATION_TOPIC,Gobierno y política,1.3.1 Poderes del Estado e instituciones,APPROXIMATION,sistemas de gobierno de los países hispanos,POLITICAL_REFERENT,Spain + Hispanic America,NOT_A1_BY_ITSELF,PCIC_APPROXIMATION_MODULAR,NO_LEXICAL_BASELINE_CHANGE,,Approximation pool only; curricular level must be decided separately.,PCIC-10,https://cvc.cervantes.es/ensenanza/biblioteca_ele/plan_curricular/niveles/10_referentes_culturales_inventario.htm,v1.25
10-0020,10A,CULTURAL_APPROXIMATION_TOPIC,Gobierno y política,1.3.1 Poderes del Estado e instituciones,APPROXIMATION,banderas e himnos como símbolos institucionales,CULTURAL_SYMBOL,Spain + Hispanic America,NOT_A1_BY_ITSELF,PCIC_APPROXIMATION_MODULAR,NO_LEXICAL_BASELINE_CHANGE,,Approximation pool only; curricular level must be decided separately.,PCIC-10,https://cvc.cervantes.es/ensenanza/biblioteca_ele/plan_curricular/niveles/10_referentes_culturales_inventario.htm,v1.25
10-0021,10A,CULTURAL_APPROXIMATION_TOPIC,Organización territorial,1.4.1 Demarcación territorial,APPROXIMATION,platos típicos asociados a demarcaciones territoriales,REGIONAL_CULTURAL_REFERENT,Spain + Hispanic America,NOT_A1_BY_ITSELF,PCIC_APPROXIMATION_MODULAR,NO_LEXICAL_BASELINE_CHANGE,,Approximation pool only; curricular level must be decided separately.,PCIC-10,https://cvc.cervantes.es/ensenanza/biblioteca_ele/plan_curricular/niveles/10_referentes_culturales_inventario.htm,v1.25
10-0022,10A,CULTURAL_APPROXIMATION_TOPIC,Organización territorial,1.4.1 Demarcación territorial,APPROXIMATION,fiestas populares asociadas a regiones o ciudades,REGIONAL_CULTURAL_REFERENT,Spain + Hispanic America,NOT_A1_BY_ITSELF,PCIC_APPROXIMATION_MODULAR,NO_LEXICAL_BASELINE_CHANGE,,Approximation pool only; curricular level must be decided separately.,PCIC-10,https://cvc.cervantes.es/ensenanza/biblioteca_ele/plan_curricular/niveles/10_referentes_culturales_inventario.htm,v1.25
10-0023,10A,CULTURAL_APPROXIMATION_TOPIC,Organización territorial,"1.4.2 Capitales, ciudades y pueblos",APPROXIMATION,capitales de los países hispanos,GEOGRAPHIC_REFERENT,Spain + Hispanic America,NOT_A1_BY_ITSELF,PCIC_APPROXIMATION_MODULAR,NO_LEXICAL_BASELINE_CHANGE,,Approximation pool only; curricular level must be decided separately.,PCIC-10,https://cvc.cervantes.es/ensenanza/biblioteca_ele/plan_curricular/niveles/10_referentes_culturales_inventario.htm,v1.25
10-0024,10A,CULTURAL_APPROXIMATION_TOPIC,Organización territorial,"1.4.2 Capitales, ciudades y pueblos",APPROXIMATION,lugares representativos de capitales,GEOGRAPHIC_CULTURAL_REFERENT,Spain + Hispanic America,NOT_A1_BY_ITSELF,PCIC_APPROXIMATION_MODULAR,NO_LEXICAL_BASELINE_CHANGE,,Approximation pool only; curricular level must be decided separately.,PCIC-10,https://cvc.cervantes.es/ensenanza/biblioteca_ele/plan_curricular/niveles/10_referentes_culturales_inventario.htm,v1.25
10-0025,10A,CULTURAL_APPROXIMATION_TOPIC,Organización territorial,"1.4.2 Capitales, ciudades y pueblos",APPROXIMATION,ciudades con proyección internacional,GEOGRAPHIC_CULTURAL_REFERENT,Spain + Hispanic America,NOT_A1_BY_ITSELF,PCIC_APPROXIMATION_MODULAR,NO_LEXICAL_BASELINE_CHANGE,,Approximation pool only; curricular level must be decided separately.,PCIC-10,https://cvc.cervantes.es/ensenanza/biblioteca_ele/plan_curricular/niveles/10_referentes_culturales_inventario.htm,v1.25
10-0026,10A,CULTURAL_APPROXIMATION_TOPIC,Organización territorial,"1.4.2 Capitales, ciudades y pueblos",APPROXIMATION,"lugares históricos, artísticos o culturales emblemáticos",HERITAGE_REFERENT,Spain + Hispanic America,NOT_A1_BY_ITSELF,PCIC_APPROXIMATION_MODULAR,NO_LEXICAL_BASELINE_CHANGE,,Approximation pool only; curricular level must be decided separately.,PCIC-10,https://cvc.cervantes.es/ensenanza/biblioteca_ele/plan_curricular/niveles/10_referentes_culturales_inventario.htm,v1.25
10-0027,10A,CULTURAL_APPROXIMATION_TOPIC,Organización territorial,"1.4.2 Capitales, ciudades y pueblos",APPROXIMATION,acontecimientos culturales asociados a ciudades,CULTURAL_EVENT,Spain + Hispanic America,NOT_A1_BY_ITSELF,PCIC_APPROXIMATION_MODULAR,NO_LEXICAL_BASELINE_CHANGE,,Approximation pool only; curricular level must be decided separately.,PCIC-10,https://cvc.cervantes.es/ensenanza/biblioteca_ele/plan_curricular/niveles/10_referentes_culturales_inventario.htm,v1.25
10-0028,10A,CULTURAL_APPROXIMATION_TOPIC,Economía,1.5 Economía e industria,APPROXIMATION,sistemas de pesos y medidas usados en países hispanos,ECONOMIC_CONVENTION,Spain + Hispanic America,NOT_A1_BY_ITSELF,PCIC_APPROXIMATION_MODULAR,NO_LEXICAL_BASELINE_CHANGE,,Approximation pool only; curricular level must be decided separately.,PCIC-10,https://cvc.cervantes.es/ensenanza/biblioteca_ele/plan_curricular/niveles/10_referentes_culturales_inventario.htm,v1.25
10-0029,10A,CULTURAL_APPROXIMATION_TOPIC,Economía,1.5 Economía e industria,APPROXIMATION,monedas de los países hispanos,ECONOMIC_REFERENT,Spain + Hispanic America,NOT_A1_BY_ITSELF,PCIC_APPROXIMATION_MODULAR,NO_LEXICAL_BASELINE_CHANGE,,Approximation pool only; curricular level must be decided separately.,PCIC-10,https://cvc.cervantes.es/ensenanza/biblioteca_ele/plan_curricular/niveles/10_referentes_culturales_inventario.htm,v1.25
10-0030,10A,CULTURAL_APPROXIMATION_TOPIC,Salud,1.6 Medicina y sanidad,APPROXIMATION,sistemas sanitarios de países hispanos,INSTITUTIONAL_REFERENT,Spain + Hispanic America,NOT_A1_BY_ITSELF,PCIC_APPROXIMATION_MODULAR,NO_LEXICAL_BASELINE_CHANGE,,Approximation pool only; curricular level must be decided separately.,PCIC-10,https://cvc.cervantes.es/ensenanza/biblioteca_ele/plan_curricular/niveles/10_referentes_culturales_inventario.htm,v1.25
10-0031,10A,CULTURAL_APPROXIMATION_TOPIC,Educación,1.7 Educación,APPROXIMATION,instituciones educativas,INSTITUTIONAL_REFERENT,Spain + Hispanic America,NOT_A1_BY_ITSELF,PCIC_APPROXIMATION_MODULAR,NO_LEXICAL_BASELINE_CHANGE,,Approximation pool only; curricular level must be decided separately.,PCIC-10,https://cvc.cervantes.es/ensenanza/biblioteca_ele/plan_curricular/niveles/10_referentes_culturales_inventario.htm,v1.25
10-0032,10A,CULTURAL_APPROXIMATION_TOPIC,Educación,1.7 Educación,APPROXIMATION,ciclos formativos,EDUCATIONAL_SYSTEM_REFERENT,Spain + Hispanic America,NOT_A1_BY_ITSELF,PCIC_APPROXIMATION_MODULAR,NO_LEXICAL_BASELINE_CHANGE,,Approximation pool only; curricular level must be decided separately.,PCIC-10,https://cvc.cervantes.es/ensenanza/biblioteca_ele/plan_curricular/niveles/10_referentes_culturales_inventario.htm,v1.25
10-0033,10A,CULTURAL_APPROXIMATION_TOPIC,Educación,1.7 Educación,APPROXIMATION,universidades representativas y sus símbolos,INSTITUTIONAL_REFERENT,Spain + Hispanic America,NOT_A1_BY_ITSELF,PCIC_APPROXIMATION_MODULAR,NO_LEXICAL_BASELINE_CHANGE,,Approximation pool only; curricular level must be decided separately.,PCIC-10,https://cvc.cervantes.es/ensenanza/biblioteca_ele/plan_curricular/niveles/10_referentes_culturales_inventario.htm,v1.25
10-0034,10A,CULTURAL_APPROXIMATION_TOPIC,Medios,1.8.1 Prensa escrita,APPROXIMATION,principales periódicos de los países hispanos,MEDIA_REFERENT,Spain + Hispanic America,NOT_A1_BY_ITSELF,PCIC_APPROXIMATION_MODULAR,NO_LEXICAL_BASELINE_CHANGE,,Approximation pool only; curricular level must be decided separately.,PCIC-10,https://cvc.cervantes.es/ensenanza/biblioteca_ele/plan_curricular/niveles/10_referentes_culturales_inventario.htm,v1.25
10-0035,10A,CULTURAL_APPROXIMATION_TOPIC,Medios,1.8.2 Televisión y radio,APPROXIMATION,canales de televisión de amplia audiencia,MEDIA_REFERENT,Spain + Hispanic America,NOT_A1_BY_ITSELF,PCIC_APPROXIMATION_MODULAR,NO_LEXICAL_BASELINE_CHANGE,,Approximation pool only; curricular level must be decided separately.,PCIC-10,https://cvc.cervantes.es/ensenanza/biblioteca_ele/plan_curricular/niveles/10_referentes_culturales_inventario.htm,v1.25
10-0036,10A,CULTURAL_APPROXIMATION_TOPIC,Medios,1.8.2 Televisión y radio,APPROXIMATION,cadenas de radio de amplia difusión,MEDIA_REFERENT,Spain + Hispanic America,NOT_A1_BY_ITSELF,PCIC_APPROXIMATION_MODULAR,NO_LEXICAL_BASELINE_CHANGE,,Approximation pool only; curricular level must be decided separately.,PCIC-10,https://cvc.cervantes.es/ensenanza/biblioteca_ele/plan_curricular/niveles/10_referentes_culturales_inventario.htm,v1.25
10-0037,10A,CULTURAL_APPROXIMATION_TOPIC,Transporte,1.9.1 Largo recorrido,APPROXIMATION,aeropuertos relevantes y compañías aéreas representativas,TRANSPORT_REFERENT,Spain + Hispanic America,NOT_A1_BY_ITSELF,PCIC_APPROXIMATION_MODULAR,NO_LEXICAL_BASELINE_CHANGE,,Approximation pool only; curricular level must be decided separately.,PCIC-10,https://cvc.cervantes.es/ensenanza/biblioteca_ele/plan_curricular/niveles/10_referentes_culturales_inventario.htm,v1.25
10-0038,10A,CULTURAL_APPROXIMATION_TOPIC,Transporte,1.9.1 Largo recorrido,APPROXIMATION,redes ferroviarias representativas,TRANSPORT_REFERENT,Spain + Hispanic America,NOT_A1_BY_ITSELF,PCIC_APPROXIMATION_MODULAR,NO_LEXICAL_BASELINE_CHANGE,,Approximation pool only; curricular level must be decided separately.,PCIC-10,https://cvc.cervantes.es/ensenanza/biblioteca_ele/plan_curricular/niveles/10_referentes_culturales_inventario.htm,v1.25
10-0039,10A,CULTURAL_APPROXIMATION_TOPIC,Transporte,1.9.1 Largo recorrido,APPROXIMATION,puertos y vías fluviales relevantes,TRANSPORT_REFERENT,Spain + Hispanic America,NOT_A1_BY_ITSELF,PCIC_APPROXIMATION_MODULAR,NO_LEXICAL_BASELINE_CHANGE,,Approximation pool only; curricular level must be decided separately.,PCIC-10,https://cvc.cervantes.es/ensenanza/biblioteca_ele/plan_curricular/niveles/10_referentes_culturales_inventario.htm,v1.25
10-0040,10A,CULTURAL_APPROXIMATION_TOPIC,Transporte,1.9.2 Transporte urbano e interurbano,APPROXIMATION,redes de transporte urbano,TRANSPORT_REFERENT,Spain + Hispanic America,NOT_A1_BY_ITSELF,PCIC_APPROXIMATION_MODULAR,NO_LEXICAL_BASELINE_CHANGE,,Approximation pool only; curricular level must be decided separately.,PCIC-10,https://cvc.cervantes.es/ensenanza/biblioteca_ele/plan_curricular/niveles/10_referentes_culturales_inventario.htm,v1.25
10-0041,10A,CULTURAL_APPROXIMATION_TOPIC,Transporte,1.9.2 Transporte urbano e interurbano,APPROXIMATION,iconos locales para identificar el metro,PUBLIC_SYMBOL,Spain + Hispanic America,NOT_A1_BY_ITSELF,PCIC_APPROXIMATION_MODULAR,NO_LEXICAL_BASELINE_CHANGE,,Approximation pool only; curricular level must be decided separately.,PCIC-10,https://cvc.cervantes.es/ensenanza/biblioteca_ele/plan_curricular/niveles/10_referentes_culturales_inventario.htm,v1.25
10-0042,10A,CULTURAL_APPROXIMATION_TOPIC,Transporte,1.9.3 Transporte por carretera,APPROXIMATION,redes viarias de proyección regional/internacional,TRANSPORT_REFERENT,Spain + Hispanic America,NOT_A1_BY_ITSELF,PCIC_APPROXIMATION_MODULAR,NO_LEXICAL_BASELINE_CHANGE,,Approximation pool only; curricular level must be decided separately.,PCIC-10,https://cvc.cervantes.es/ensenanza/biblioteca_ele/plan_curricular/niveles/10_referentes_culturales_inventario.htm,v1.25
10-0043,10A,CULTURAL_APPROXIMATION_TOPIC,Religión,1.10 Religión,APPROXIMATION,religiones mayoritarias de los países hispanos,RELIGIOUS_REFERENT,Spain + Hispanic America,NOT_A1_BY_ITSELF,PCIC_APPROXIMATION_MODULAR,NO_LEXICAL_BASELINE_CHANGE,,Approximation pool only; curricular level must be decided separately.,PCIC-10,https://cvc.cervantes.es/ensenanza/biblioteca_ele/plan_curricular/niveles/10_referentes_culturales_inventario.htm,v1.25
10-0044,10A,CULTURAL_APPROXIMATION_TOPIC,Lenguas,1.11 Política lingüística,APPROXIMATION,lenguas oficiales y cooficiales,SOCIOLINGUISTIC_REFERENT,Spain + Hispanic America,NOT_A1_BY_ITSELF,PCIC_APPROXIMATION_MODULAR,NO_LEXICAL_BASELINE_CHANGE,,Approximation pool only; curricular level must be decided separately.,PCIC-10,https://cvc.cervantes.es/ensenanza/biblioteca_ele/plan_curricular/niveles/10_referentes_culturales_inventario.htm,v1.25
10-0045,10A,CULTURAL_APPROXIMATION_TOPIC,Lenguas,1.11 Política lingüística,APPROXIMATION,instituciones para el cuidado y fomento de las lenguas,INSTITUTIONAL_REFERENT,Spain + Hispanic America,NOT_A1_BY_ITSELF,PCIC_APPROXIMATION_MODULAR,NO_LEXICAL_BASELINE_CHANGE,,Approximation pool only; curricular level must be decided separately.,PCIC-10,https://cvc.cervantes.es/ensenanza/biblioteca_ele/plan_curricular/niveles/10_referentes_culturales_inventario.htm,v1.25
10-0046,10A,CULTURAL_APPROXIMATION_TOPIC,Lenguas,1.11 Política lingüística,APPROXIMATION,instituciones para la difusión de la lengua y la cultura,INSTITUTIONAL_REFERENT,Spain + Hispanic America,NOT_A1_BY_ITSELF,PCIC_APPROXIMATION_MODULAR,NO_LEXICAL_BASELINE_CHANGE,,Approximation pool only; curricular level must be decided separately.,PCIC-10,https://cvc.cervantes.es/ensenanza/biblioteca_ele/plan_curricular/niveles/10_referentes_culturales_inventario.htm,v1.25
10-0047,10A,CULTURAL_APPROXIMATION_TOPIC,Historia,2.1 Historia,APPROXIMATION,hitos fundamentales de la historia de los países hispanos,HISTORICAL_REFERENT,Spain + Hispanic America,NOT_A1_BY_ITSELF,PCIC_APPROXIMATION_MODULAR,NO_LEXICAL_BASELINE_CHANGE,,Approximation pool only; curricular level must be decided separately.,PCIC-10,https://cvc.cervantes.es/ensenanza/biblioteca_ele/plan_curricular/niveles/10_referentes_culturales_inventario.htm,v1.25
10-0048,10A,CULTURAL_APPROXIMATION_TOPIC,Historia,2.1 Historia,APPROXIMATION,referentes culturales y artísticos vinculados a etapas históricas,HISTORICAL_CULTURAL_REFERENT,Spain + Hispanic America,NOT_A1_BY_ITSELF,PCIC_APPROXIMATION_MODULAR,NO_LEXICAL_BASELINE_CHANGE,,Approximation pool only; curricular level must be decided separately.,PCIC-10,https://cvc.cervantes.es/ensenanza/biblioteca_ele/plan_curricular/niveles/10_referentes_culturales_inventario.htm,v1.25
10-0049,10A,CULTURAL_APPROXIMATION_TOPIC,Historia,2.1 Historia,APPROXIMATION,grandes personajes históricos y legendarios,HISTORICAL_PERSON_REFERENT,Spain + Hispanic America,NOT_A1_BY_ITSELF,PCIC_APPROXIMATION_MODULAR,NO_LEXICAL_BASELINE_CHANGE,,Approximation pool only; curricular level must be decided separately.,PCIC-10,https://cvc.cervantes.es/ensenanza/biblioteca_ele/plan_curricular/niveles/10_referentes_culturales_inventario.htm,v1.25
10-0050,10A,CULTURAL_APPROXIMATION_TOPIC,Sociedad y cultura,2.2 Vida social y cultural,APPROXIMATION,grandes acontecimientos sociales,SOCIAL_EVENT_REFERENT,Spain + Hispanic America,NOT_A1_BY_ITSELF,PCIC_APPROXIMATION_MODULAR,NO_LEXICAL_BASELINE_CHANGE,,Approximation pool only; curricular level must be decided separately.,PCIC-10,https://cvc.cervantes.es/ensenanza/biblioteca_ele/plan_curricular/niveles/10_referentes_culturales_inventario.htm,v1.25
10-0051,10A,CULTURAL_APPROXIMATION_TOPIC,Sociedad y cultura,2.2 Vida social y cultural,APPROXIMATION,grandes acontecimientos culturales,CULTURAL_EVENT,Spain + Hispanic America,NOT_A1_BY_ITSELF,PCIC_APPROXIMATION_MODULAR,NO_LEXICAL_BASELINE_CHANGE,,Approximation pool only; curricular level must be decided separately.,PCIC-10,https://cvc.cervantes.es/ensenanza/biblioteca_ele/plan_curricular/niveles/10_referentes_culturales_inventario.htm,v1.25
10-0052,10A,CULTURAL_APPROXIMATION_TOPIC,Sociedad y cultura,2.2 Vida social y cultural,APPROXIMATION,"personalidades de cultura, ciencia y deporte con proyección internacional",CONTEMPORARY_PERSON_REFERENT,Spain + Hispanic America,NOT_A1_BY_ITSELF,PCIC_APPROXIMATION_MODULAR,NO_LEXICAL_BASELINE_CHANGE,,Approximation pool only; curricular level must be decided separately.,PCIC-10,https://cvc.cervantes.es/ensenanza/biblioteca_ele/plan_curricular/niveles/10_referentes_culturales_inventario.htm,v1.25
10-0053,10A,CULTURAL_APPROXIMATION_TOPIC,Sociedad y cultura,2.2 Vida social y cultural,APPROXIMATION,personajes populares de la vida social contemporánea,CONTEMPORARY_PERSON_REFERENT,Spain + Hispanic America,NOT_A1_BY_ITSELF,PCIC_APPROXIMATION_MODULAR,NO_LEXICAL_BASELINE_CHANGE,,Approximation pool only; curricular level must be decided separately.,PCIC-10,https://cvc.cervantes.es/ensenanza/biblioteca_ele/plan_curricular/niveles/10_referentes_culturales_inventario.htm,v1.25
10-0054,10A,CULTURAL_APPROXIMATION_TOPIC,Productos culturales,3.1 Literatura y pensamiento,APPROXIMATION,grandes autores y obras literarias de proyección internacional,LITERARY_REFERENT,Spain + Hispanic America,NOT_A1_BY_ITSELF,PCIC_APPROXIMATION_MODULAR,NO_LEXICAL_BASELINE_CHANGE,,Approximation pool only; curricular level must be decided separately.,PCIC-10,https://cvc.cervantes.es/ensenanza/biblioteca_ele/plan_curricular/niveles/10_referentes_culturales_inventario.htm,v1.25
10-0055,10A,CULTURAL_APPROXIMATION_TOPIC,Productos culturales,3.1 Literatura y pensamiento,APPROXIMATION,Cervantes y el Quijote como referentes universales,LITERARY_REFERENT,Spain + Hispanic America,NOT_A1_BY_ITSELF,PCIC_APPROXIMATION_MODULAR,NO_LEXICAL_BASELINE_CHANGE,,Approximation pool only; curricular level must be decided separately.,PCIC-10,https://cvc.cervantes.es/ensenanza/biblioteca_ele/plan_curricular/niveles/10_referentes_culturales_inventario.htm,v1.25
10-0056,10A,CULTURAL_APPROXIMATION_TOPIC,Productos culturales,3.1 Literatura y pensamiento,APPROXIMATION,impacto de personajes y obras literarias en cultura y lenguaje populares,CULTURAL_IMPACT,Spain + Hispanic America,NOT_A1_BY_ITSELF,PCIC_APPROXIMATION_MODULAR,NO_LEXICAL_BASELINE_CHANGE,,Approximation pool only; curricular level must be decided separately.,PCIC-10,https://cvc.cervantes.es/ensenanza/biblioteca_ele/plan_curricular/niveles/10_referentes_culturales_inventario.htm,v1.25
10-0057,10A,CULTURAL_APPROXIMATION_TOPIC,Productos culturales,3.1 Literatura y pensamiento,APPROXIMATION,referentes simbólicos de grandes obras en español,CULTURAL_SYMBOL,Spain + Hispanic America,NOT_A1_BY_ITSELF,PCIC_APPROXIMATION_MODULAR,NO_LEXICAL_BASELINE_CHANGE,,Approximation pool only; curricular level must be decided separately.,PCIC-10,https://cvc.cervantes.es/ensenanza/biblioteca_ele/plan_curricular/niveles/10_referentes_culturales_inventario.htm,v1.25
10-0058,10A,CULTURAL_APPROXIMATION_TOPIC,Música,3.2.1 Música clásica,APPROXIMATION,autores y obras musicales de proyección internacional,MUSICAL_REFERENT,Spain + Hispanic America,NOT_A1_BY_ITSELF,PCIC_APPROXIMATION_MODULAR,NO_LEXICAL_BASELINE_CHANGE,,Approximation pool only; curricular level must be decided separately.,PCIC-10,https://cvc.cervantes.es/ensenanza/biblioteca_ele/plan_curricular/niveles/10_referentes_culturales_inventario.htm,v1.25
10-0059,10A,CULTURAL_APPROXIMATION_TOPIC,Música,3.2.1 Música clásica,APPROXIMATION,intérpretes de música clásica de proyección internacional,MUSICAL_PERSON_REFERENT,Spain + Hispanic America,NOT_A1_BY_ITSELF,PCIC_APPROXIMATION_MODULAR,NO_LEXICAL_BASELINE_CHANGE,,Approximation pool only; curricular level must be decided separately.,PCIC-10,https://cvc.cervantes.es/ensenanza/biblioteca_ele/plan_curricular/niveles/10_referentes_culturales_inventario.htm,v1.25
10-0060,10A,CULTURAL_APPROXIMATION_TOPIC,Música,3.2.1 Música clásica,APPROXIMATION,cantantes de ópera de proyección internacional,MUSICAL_PERSON_REFERENT,Spain + Hispanic America,NOT_A1_BY_ITSELF,PCIC_APPROXIMATION_MODULAR,NO_LEXICAL_BASELINE_CHANGE,,Approximation pool only; curricular level must be decided separately.,PCIC-10,https://cvc.cervantes.es/ensenanza/biblioteca_ele/plan_curricular/niveles/10_referentes_culturales_inventario.htm,v1.25
10-0061,10A,CULTURAL_APPROXIMATION_TOPIC,Música,3.2.2 Música popular y tradicional,APPROXIMATION,cantantes y grupos de países hispanos con proyección internacional,POPULAR_MUSIC_REFERENT,Spain + Hispanic America,NOT_A1_BY_ITSELF,PCIC_APPROXIMATION_MODULAR,NO_LEXICAL_BASELINE_CHANGE,,Approximation pool only; curricular level must be decided separately.,PCIC-10,https://cvc.cervantes.es/ensenanza/biblioteca_ele/plan_curricular/niveles/10_referentes_culturales_inventario.htm,v1.25
10-0062,10A,CULTURAL_APPROXIMATION_TOPIC,Cine y artes escénicas,3.3.1 Cine,APPROXIMATION,películas hispanas con proyección internacional,FILM_REFERENT,Spain + Hispanic America,NOT_A1_BY_ITSELF,PCIC_APPROXIMATION_MODULAR,NO_LEXICAL_BASELINE_CHANGE,,Approximation pool only; curricular level must be decided separately.,PCIC-10,https://cvc.cervantes.es/ensenanza/biblioteca_ele/plan_curricular/niveles/10_referentes_culturales_inventario.htm,v1.25
10-0063,10A,CULTURAL_APPROXIMATION_TOPIC,Cine y artes escénicas,3.3.1 Cine,APPROXIMATION,directores de cine con proyección internacional,FILM_PERSON_REFERENT,Spain + Hispanic America,NOT_A1_BY_ITSELF,PCIC_APPROXIMATION_MODULAR,NO_LEXICAL_BASELINE_CHANGE,,Approximation pool only; curricular level must be decided separately.,PCIC-10,https://cvc.cervantes.es/ensenanza/biblioteca_ele/plan_curricular/niveles/10_referentes_culturales_inventario.htm,v1.25
10-0064,10A,CULTURAL_APPROXIMATION_TOPIC,Cine y artes escénicas,3.3.1 Cine,APPROXIMATION,actores y actrices con proyección internacional,FILM_PERSON_REFERENT,Spain + Hispanic America,NOT_A1_BY_ITSELF,PCIC_APPROXIMATION_MODULAR,NO_LEXICAL_BASELINE_CHANGE,,Approximation pool only; curricular level must be decided separately.,PCIC-10,https://cvc.cervantes.es/ensenanza/biblioteca_ele/plan_curricular/niveles/10_referentes_culturales_inventario.htm,v1.25
10-0065,10A,CULTURAL_APPROXIMATION_TOPIC,Cine y artes escénicas,3.3.1 Cine,APPROXIMATION,Luis Buñuel y su relevancia internacional,FILM_PERSON_REFERENT,Spain + Hispanic America,NOT_A1_BY_ITSELF,PCIC_APPROXIMATION_MODULAR,NO_LEXICAL_BASELINE_CHANGE,,Approximation pool only; curricular level must be decided separately.,PCIC-10,https://cvc.cervantes.es/ensenanza/biblioteca_ele/plan_curricular/niveles/10_referentes_culturales_inventario.htm,v1.25
10-0066,10A,CULTURAL_APPROXIMATION_TOPIC,Cine y artes escénicas,3.3.1 Cine,APPROXIMATION,Pedro Almodóvar y la difusión internacional del cine español,FILM_PERSON_REFERENT,Spain + Hispanic America,NOT_A1_BY_ITSELF,PCIC_APPROXIMATION_MODULAR,NO_LEXICAL_BASELINE_CHANGE,,Approximation pool only; curricular level must be decided separately.,PCIC-10,https://cvc.cervantes.es/ensenanza/biblioteca_ele/plan_curricular/niveles/10_referentes_culturales_inventario.htm,v1.25
10-0067,10A,CULTURAL_APPROXIMATION_TOPIC,Cine y artes escénicas,3.3.2 Teatro,APPROXIMATION,dramaturgos y obras teatrales de proyección internacional,THEATRE_REFERENT,Spain + Hispanic America,NOT_A1_BY_ITSELF,PCIC_APPROXIMATION_MODULAR,NO_LEXICAL_BASELINE_CHANGE,,Approximation pool only; curricular level must be decided separately.,PCIC-10,https://cvc.cervantes.es/ensenanza/biblioteca_ele/plan_curricular/niveles/10_referentes_culturales_inventario.htm,v1.25
10-0068,10A,CULTURAL_APPROXIMATION_TOPIC,Cine y artes escénicas,3.3.3 Danza,APPROXIMATION,compañías de danza de proyección internacional,DANCE_REFERENT,Spain + Hispanic America,NOT_A1_BY_ITSELF,PCIC_APPROXIMATION_MODULAR,NO_LEXICAL_BASELINE_CHANGE,,Approximation pool only; curricular level must be decided separately.,PCIC-10,https://cvc.cervantes.es/ensenanza/biblioteca_ele/plan_curricular/niveles/10_referentes_culturales_inventario.htm,v1.25
10-0069,10A,CULTURAL_APPROXIMATION_TOPIC,Cine y artes escénicas,3.3.3 Danza,APPROXIMATION,bailes representativos con proyección internacional,DANCE_REFERENT,Spain + Hispanic America,NOT_A1_BY_ITSELF,PCIC_APPROXIMATION_MODULAR,NO_LEXICAL_BASELINE_CHANGE,,Approximation pool only; curricular level must be decided separately.,PCIC-10,https://cvc.cervantes.es/ensenanza/biblioteca_ele/plan_curricular/niveles/10_referentes_culturales_inventario.htm,v1.25
10-0070,10A,CULTURAL_APPROXIMATION_TOPIC,Arquitectura,3.4 Arquitectura,APPROXIMATION,obras arquitectónicas y arquitectos de proyección internacional,ARCHITECTURAL_REFERENT,Spain + Hispanic America,NOT_A1_BY_ITSELF,PCIC_APPROXIMATION_MODULAR,NO_LEXICAL_BASELINE_CHANGE,,Approximation pool only; curricular level must be decided separately.,PCIC-10,https://cvc.cervantes.es/ensenanza/biblioteca_ele/plan_curricular/niveles/10_referentes_culturales_inventario.htm,v1.25
10-0071,10A,CULTURAL_APPROXIMATION_TOPIC,Artes plásticas,3.5.1 Pintura,APPROXIMATION,principales obras pictóricas del mundo hispano en la pintura universal,VISUAL_ART_REFERENT,Spain + Hispanic America,NOT_A1_BY_ITSELF,PCIC_APPROXIMATION_MODULAR,NO_LEXICAL_BASELINE_CHANGE,,Approximation pool only; curricular level must be decided separately.,PCIC-10,https://cvc.cervantes.es/ensenanza/biblioteca_ele/plan_curricular/niveles/10_referentes_culturales_inventario.htm,v1.25
10-0072,10A,CULTURAL_APPROXIMATION_TOPIC,Artes plásticas,3.5.1 Pintura,APPROXIMATION,Velázquez como referente de la pintura universal,VISUAL_ART_PERSON_REFERENT,Spain + Hispanic America,NOT_A1_BY_ITSELF,PCIC_APPROXIMATION_MODULAR,NO_LEXICAL_BASELINE_CHANGE,,Approximation pool only; curricular level must be decided separately.,PCIC-10,https://cvc.cervantes.es/ensenanza/biblioteca_ele/plan_curricular/niveles/10_referentes_culturales_inventario.htm,v1.25
10-0073,10A,CULTURAL_APPROXIMATION_TOPIC,Artes plásticas,3.5.1 Pintura,APPROXIMATION,Picasso como referente de la pintura del siglo XX,VISUAL_ART_PERSON_REFERENT,Spain + Hispanic America,NOT_A1_BY_ITSELF,PCIC_APPROXIMATION_MODULAR,NO_LEXICAL_BASELINE_CHANGE,,Approximation pool only; curricular level must be decided separately.,PCIC-10,https://cvc.cervantes.es/ensenanza/biblioteca_ele/plan_curricular/niveles/10_referentes_culturales_inventario.htm,v1.25
10-0074,10A,CULTURAL_APPROXIMATION_TOPIC,Artes plásticas,3.5.1 Pintura,APPROXIMATION,pinacotecas nacionales de proyección internacional,MUSEUM_REFERENT,Spain + Hispanic America,NOT_A1_BY_ITSELF,PCIC_APPROXIMATION_MODULAR,NO_LEXICAL_BASELINE_CHANGE,,Approximation pool only; curricular level must be decided separately.,PCIC-10,https://cvc.cervantes.es/ensenanza/biblioteca_ele/plan_curricular/niveles/10_referentes_culturales_inventario.htm,v1.25
10-0075,10A,CULTURAL_APPROXIMATION_TOPIC,Artes plásticas,3.5.2 Escultura,APPROXIMATION,escultores y obras escultóricas de proyección internacional,SCULPTURE_REFERENT,Spain + Hispanic America,NOT_A1_BY_ITSELF,PCIC_APPROXIMATION_MODULAR,NO_LEXICAL_BASELINE_CHANGE,,Approximation pool only; curricular level must be decided separately.,PCIC-10,https://cvc.cervantes.es/ensenanza/biblioteca_ele/plan_curricular/niveles/10_referentes_culturales_inventario.htm,v1.25
10-0076,10A,CULTURAL_APPROXIMATION_TOPIC,Artes plásticas,3.5.3 Fotografía,APPROXIMATION,fotógrafos y obras fotográficas de proyección internacional,PHOTOGRAPHY_REFERENT,Spain + Hispanic America,NOT_A1_BY_ITSELF,PCIC_APPROXIMATION_MODULAR,NO_LEXICAL_BASELINE_CHANGE,,Approximation pool only; curricular level must be decided separately.,PCIC-10,https://cvc.cervantes.es/ensenanza/biblioteca_ele/plan_curricular/niveles/10_referentes_culturales_inventario.htm,v1.25
10-0077,10B,SOCIOCULTURAL_APPROXIMATION_TOPIC,Identificación personal,1.1.1 Nombres y apellidos,APPROXIMATION,"nombres y apellidos frecuentes; nombres compuestos, diminutivos y nombres familiares",SOCIOCULTURAL_KNOWLEDGE,Spain only (PCIC-11 first-level specification),NOT_A1_BY_ITSELF,PCIC_APPROXIMATION_MODULAR,NO_LEXICAL_BASELINE_CHANGE,,Do not generalize automatically to Hispanic America; localization required.,PCIC-11,https://cvc.cervantes.es/ensenanza/biblioteca_ele/plan_curricular/niveles/11_saberes_y_comportamientos_inventario.htm,v1.25
10-0078,10B,SOCIOCULTURAL_APPROXIMATION_TOPIC,Identificación personal,1.1.1 Nombres y apellidos,APPROXIMATION,convenciones sociales sobre uso de nombres,SOCIAL_CONVENTION,Spain only (PCIC-11 first-level specification),NOT_A1_BY_ITSELF,PCIC_APPROXIMATION_MODULAR,NO_LEXICAL_BASELINE_CHANGE,,Do not generalize automatically to Hispanic America; localization required.,PCIC-11,https://cvc.cervantes.es/ensenanza/biblioteca_ele/plan_curricular/niveles/11_saberes_y_comportamientos_inventario.htm,v1.25
10-0079,10B,SOCIOCULTURAL_APPROXIMATION_TOPIC,Identificación personal,1.1.1 Nombres y apellidos,APPROXIMATION,uso de dos apellidos y conservación de apellidos tras el matrimonio,SOCIAL_CONVENTION,Spain only (PCIC-11 first-level specification),NOT_A1_BY_ITSELF,PCIC_APPROXIMATION_MODULAR,NO_LEXICAL_BASELINE_CHANGE,,Do not generalize automatically to Hispanic America; localization required.,PCIC-11,https://cvc.cervantes.es/ensenanza/biblioteca_ele/plan_curricular/niveles/11_saberes_y_comportamientos_inventario.htm,v1.25
10-0080,10B,SOCIOCULTURAL_APPROXIMATION_TOPIC,Identificación personal,1.1.2 Documentos de identificación,APPROXIMATION,documentos oficiales y no oficiales de identificación,INSTITUTIONAL_KNOWLEDGE,Spain only (PCIC-11 first-level specification),NOT_A1_BY_ITSELF,PCIC_APPROXIMATION_MODULAR,NO_LEXICAL_BASELINE_CHANGE,,Do not generalize automatically to Hispanic America; localization required.,PCIC-11,https://cvc.cervantes.es/ensenanza/biblioteca_ele/plan_curricular/niveles/11_saberes_y_comportamientos_inventario.htm,v1.25
10-0081,10B,SOCIOCULTURAL_APPROXIMATION_TOPIC,Identificación personal,1.1.2 Documentos de identificación,APPROXIMATION,datos habituales incluidos en documentos personales,INSTITUTIONAL_CONVENTION,Spain only (PCIC-11 first-level specification),NOT_A1_BY_ITSELF,PCIC_APPROXIMATION_MODULAR,NO_LEXICAL_BASELINE_CHANGE,,Do not generalize automatically to Hispanic America; localization required.,PCIC-11,https://cvc.cervantes.es/ensenanza/biblioteca_ele/plan_curricular/niveles/11_saberes_y_comportamientos_inventario.htm,v1.25
10-0082,10B,SOCIOCULTURAL_APPROXIMATION_TOPIC,Familia,1.2 Unidad familiar,APPROXIMATION,concepto y tipos de unidad familiar,SOCIOCULTURAL_KNOWLEDGE,Spain only (PCIC-11 first-level specification),NOT_A1_BY_ITSELF,PCIC_APPROXIMATION_MODULAR,NO_LEXICAL_BASELINE_CHANGE,,Do not generalize automatically to Hispanic America; localization required.,PCIC-11,https://cvc.cervantes.es/ensenanza/biblioteca_ele/plan_curricular/niveles/11_saberes_y_comportamientos_inventario.htm,v1.25
10-0083,10B,SOCIOCULTURAL_APPROXIMATION_TOPIC,Familia,1.2 Unidad familiar,APPROXIMATION,tipos de vínculos de pareja,SOCIOCULTURAL_KNOWLEDGE,Spain only (PCIC-11 first-level specification),NOT_A1_BY_ITSELF,PCIC_APPROXIMATION_MODULAR,NO_LEXICAL_BASELINE_CHANGE,,Do not generalize automatically to Hispanic America; localization required.,PCIC-11,https://cvc.cervantes.es/ensenanza/biblioteca_ele/plan_curricular/niveles/11_saberes_y_comportamientos_inventario.htm,v1.25
10-0084,10B,SOCIOCULTURAL_APPROXIMATION_TOPIC,Familia,1.2 Unidad familiar,APPROXIMATION,concepto de familia política,SOCIOCULTURAL_KNOWLEDGE,Spain only (PCIC-11 first-level specification),NOT_A1_BY_ITSELF,PCIC_APPROXIMATION_MODULAR,NO_LEXICAL_BASELINE_CHANGE,,Do not generalize automatically to Hispanic America; localization required.,PCIC-11,https://cvc.cervantes.es/ensenanza/biblioteca_ele/plan_curricular/niveles/11_saberes_y_comportamientos_inventario.htm,v1.25
10-0085,10B,SOCIOCULTURAL_APPROXIMATION_TOPIC,Vida cotidiana,1.3 Calendario y ritmos,APPROXIMATION,festividades de ámbito nacional,CALENDAR_KNOWLEDGE,Spain only (PCIC-11 first-level specification),NOT_A1_BY_ITSELF,PCIC_APPROXIMATION_MODULAR,NO_LEXICAL_BASELINE_CHANGE,,Do not generalize automatically to Hispanic America; localization required.,PCIC-11,https://cvc.cervantes.es/ensenanza/biblioteca_ele/plan_curricular/niveles/11_saberes_y_comportamientos_inventario.htm,v1.25
10-0086,10B,SOCIOCULTURAL_APPROXIMATION_TOPIC,Vida cotidiana,1.3 Calendario y ritmos,APPROXIMATION,periodos vacacionales,CALENDAR_KNOWLEDGE,Spain only (PCIC-11 first-level specification),NOT_A1_BY_ITSELF,PCIC_APPROXIMATION_MODULAR,NO_LEXICAL_BASELINE_CHANGE,,Do not generalize automatically to Hispanic America; localization required.,PCIC-11,https://cvc.cervantes.es/ensenanza/biblioteca_ele/plan_curricular/niveles/11_saberes_y_comportamientos_inventario.htm,v1.25
10-0087,10B,SOCIOCULTURAL_APPROXIMATION_TOPIC,Vida cotidiana,1.3 Calendario y ritmos,APPROXIMATION,duración y horarios habituales de la jornada laboral,TIME_CONVENTION,Spain only (PCIC-11 first-level specification),NOT_A1_BY_ITSELF,PCIC_APPROXIMATION_MODULAR,NO_LEXICAL_BASELINE_CHANGE,,Do not generalize automatically to Hispanic America; localization required.,PCIC-11,https://cvc.cervantes.es/ensenanza/biblioteca_ele/plan_curricular/niveles/11_saberes_y_comportamientos_inventario.htm,v1.25
10-0088,10B,SOCIOCULTURAL_APPROXIMATION_TOPIC,Vida cotidiana,1.3 Calendario y ritmos,APPROXIMATION,ritmos cotidianos relacionados con las comidas,TIME_CONVENTION,Spain only (PCIC-11 first-level specification),NOT_A1_BY_ITSELF,PCIC_APPROXIMATION_MODULAR,NO_LEXICAL_BASELINE_CHANGE,,Do not generalize automatically to Hispanic America; localization required.,PCIC-11,https://cvc.cervantes.es/ensenanza/biblioteca_ele/plan_curricular/niveles/11_saberes_y_comportamientos_inventario.htm,v1.25
10-0089,10B,SOCIOCULTURAL_APPROXIMATION_TOPIC,Vida cotidiana,1.3 Calendario y ritmos,APPROXIMATION,horarios de establecimientos y servicios,TIME_CONVENTION,Spain only (PCIC-11 first-level specification),NOT_A1_BY_ITSELF,PCIC_APPROXIMATION_MODULAR,NO_LEXICAL_BASELINE_CHANGE,,Do not generalize automatically to Hispanic America; localization required.,PCIC-11,https://cvc.cervantes.es/ensenanza/biblioteca_ele/plan_curricular/niveles/11_saberes_y_comportamientos_inventario.htm,v1.25
10-0090,10B,SOCIOCULTURAL_APPROXIMATION_TOPIC,Vida cotidiana,1.3 Calendario y ritmos,APPROXIMATION,horarios de transportes,TIME_CONVENTION,Spain only (PCIC-11 first-level specification),NOT_A1_BY_ITSELF,PCIC_APPROXIMATION_MODULAR,NO_LEXICAL_BASELINE_CHANGE,,Do not generalize automatically to Hispanic America; localization required.,PCIC-11,https://cvc.cervantes.es/ensenanza/biblioteca_ele/plan_curricular/niveles/11_saberes_y_comportamientos_inventario.htm,v1.25
10-0091,10B,SOCIOCULTURAL_APPROXIMATION_TOPIC,Vida cotidiana,1.3 Calendario y ritmos,APPROXIMATION,ritmos y horarios de centros de enseñanza,TIME_CONVENTION,Spain only (PCIC-11 first-level specification),NOT_A1_BY_ITSELF,PCIC_APPROXIMATION_MODULAR,NO_LEXICAL_BASELINE_CHANGE,,Do not generalize automatically to Hispanic America; localization required.,PCIC-11,https://cvc.cervantes.es/ensenanza/biblioteca_ele/plan_curricular/niveles/11_saberes_y_comportamientos_inventario.htm,v1.25
10-0092,10B,SOCIOCULTURAL_APPROXIMATION_TOPIC,Vida cotidiana,1.3 Calendario y ritmos,APPROXIMATION,saludos según momento del día,SOCIAL_CONVENTION,Spain only (PCIC-11 first-level specification),NOT_A1_BY_ITSELF,PCIC_APPROXIMATION_MODULAR,NO_LEXICAL_BASELINE_CHANGE,,Do not generalize automatically to Hispanic America; localization required.,PCIC-11,https://cvc.cervantes.es/ensenanza/biblioteca_ele/plan_curricular/niveles/11_saberes_y_comportamientos_inventario.htm,v1.25
10-0093,10B,SOCIOCULTURAL_APPROXIMATION_TOPIC,Comidas y bebidas,1.4.1 Cocina y alimentos,APPROXIMATION,horarios de comidas principales y alimentos asociados,FOOD_CONVENTION,Spain only (PCIC-11 first-level specification),NOT_A1_BY_ITSELF,PCIC_APPROXIMATION_MODULAR,NO_LEXICAL_BASELINE_CHANGE,,Do not generalize automatically to Hispanic America; localization required.,PCIC-11,https://cvc.cervantes.es/ensenanza/biblioteca_ele/plan_curricular/niveles/11_saberes_y_comportamientos_inventario.htm,v1.25
10-0094,10B,SOCIOCULTURAL_APPROXIMATION_TOPIC,Comidas y bebidas,1.4.1 Cocina y alimentos,APPROXIMATION,conceptos culturales de tapa y merienda,FOOD_CULTURE,Spain only (PCIC-11 first-level specification),NOT_A1_BY_ITSELF,PCIC_APPROXIMATION_MODULAR,NO_LEXICAL_BASELINE_CHANGE,,Do not generalize automatically to Hispanic America; localization required.,PCIC-11,https://cvc.cervantes.es/ensenanza/biblioteca_ele/plan_curricular/niveles/11_saberes_y_comportamientos_inventario.htm,v1.25
10-0095,10B,SOCIOCULTURAL_APPROXIMATION_TOPIC,Comidas y bebidas,1.4.1 Cocina y alimentos,APPROXIMATION,alimentos fundamentales de la dieta,FOOD_CULTURE,Spain only (PCIC-11 first-level specification),NOT_A1_BY_ITSELF,PCIC_APPROXIMATION_MODULAR,NO_LEXICAL_BASELINE_CHANGE,,Do not generalize automatically to Hispanic America; localization required.,PCIC-11,https://cvc.cervantes.es/ensenanza/biblioteca_ele/plan_curricular/niveles/11_saberes_y_comportamientos_inventario.htm,v1.25
10-0096,10B,SOCIOCULTURAL_APPROXIMATION_TOPIC,Comidas y bebidas,1.4.1 Cocina y alimentos,APPROXIMATION,organización del menú y orden de consumo,FOOD_CONVENTION,Spain only (PCIC-11 first-level specification),NOT_A1_BY_ITSELF,PCIC_APPROXIMATION_MODULAR,NO_LEXICAL_BASELINE_CHANGE,,Do not generalize automatically to Hispanic America; localization required.,PCIC-11,https://cvc.cervantes.es/ensenanza/biblioteca_ele/plan_curricular/niveles/11_saberes_y_comportamientos_inventario.htm,v1.25
10-0097,10B,SOCIOCULTURAL_APPROXIMATION_TOPIC,Comidas y bebidas,1.4.1 Cocina y alimentos,APPROXIMATION,tipos de platos según preparación,FOOD_CULTURE,Spain only (PCIC-11 first-level specification),NOT_A1_BY_ITSELF,PCIC_APPROXIMATION_MODULAR,NO_LEXICAL_BASELINE_CHANGE,,Do not generalize automatically to Hispanic America; localization required.,PCIC-11,https://cvc.cervantes.es/ensenanza/biblioteca_ele/plan_curricular/niveles/11_saberes_y_comportamientos_inventario.htm,v1.25
10-0098,10B,SOCIOCULTURAL_APPROXIMATION_TOPIC,Comidas y bebidas,1.4.1 Cocina y alimentos,APPROXIMATION,"condimentos, hierbas y especias habituales",FOOD_CULTURE,Spain only (PCIC-11 first-level specification),NOT_A1_BY_ITSELF,PCIC_APPROXIMATION_MODULAR,NO_LEXICAL_BASELINE_CHANGE,,Do not generalize automatically to Hispanic America; localization required.,PCIC-11,https://cvc.cervantes.es/ensenanza/biblioteca_ele/plan_curricular/niveles/11_saberes_y_comportamientos_inventario.htm,v1.25
10-0099,10B,SOCIOCULTURAL_APPROXIMATION_TOPIC,Comidas y bebidas,1.4.1 Cocina y alimentos,APPROXIMATION,acompañamientos habituales y valor cultural del pan,FOOD_CULTURE,Spain only (PCIC-11 first-level specification),NOT_A1_BY_ITSELF,PCIC_APPROXIMATION_MODULAR,NO_LEXICAL_BASELINE_CHANGE,,Do not generalize automatically to Hispanic America; localization required.,PCIC-11,https://cvc.cervantes.es/ensenanza/biblioteca_ele/plan_curricular/niveles/11_saberes_y_comportamientos_inventario.htm,v1.25
10-0100,10B,SOCIOCULTURAL_APPROXIMATION_TOPIC,Comidas y bebidas,1.4.1 Cocina y alimentos,APPROXIMATION,"papel del vino, café y otras bebidas en comidas",FOOD_CULTURE,Spain only (PCIC-11 first-level specification),NOT_A1_BY_ITSELF,PCIC_APPROXIMATION_MODULAR,NO_LEXICAL_BASELINE_CHANGE,,Do not generalize automatically to Hispanic America; localization required.,PCIC-11,https://cvc.cervantes.es/ensenanza/biblioteca_ele/plan_curricular/niveles/11_saberes_y_comportamientos_inventario.htm,v1.25
10-0101,10B,SOCIOCULTURAL_APPROXIMATION_TOPIC,Comidas y bebidas,1.4.1 Cocina y alimentos,APPROXIMATION,platos típicos por regiones,REGIONAL_FOOD_REFERENT,Spain only (PCIC-11 first-level specification),NOT_A1_BY_ITSELF,PCIC_APPROXIMATION_MODULAR,NO_LEXICAL_BASELINE_CHANGE,,Do not generalize automatically to Hispanic America; localization required.,PCIC-11,https://cvc.cervantes.es/ensenanza/biblioteca_ele/plan_curricular/niveles/11_saberes_y_comportamientos_inventario.htm,v1.25
10-0102,10B,SOCIOCULTURAL_APPROXIMATION_TOPIC,Comidas y bebidas,1.4.2 Mesa,APPROXIMATION,elementos habituales de la mesa,TABLE_CONVENTION,Spain only (PCIC-11 first-level specification),NOT_A1_BY_ITSELF,PCIC_APPROXIMATION_MODULAR,NO_LEXICAL_BASELINE_CHANGE,,Do not generalize automatically to Hispanic America; localization required.,PCIC-11,https://cvc.cervantes.es/ensenanza/biblioteca_ele/plan_curricular/niveles/11_saberes_y_comportamientos_inventario.htm,v1.25
10-0103,10B,SOCIOCULTURAL_APPROXIMATION_TOPIC,Comidas y bebidas,1.4.2 Mesa,APPROXIMATION,fórmulas sociales asociadas a la mesa,TABLE_CONVENTION,Spain only (PCIC-11 first-level specification),NOT_A1_BY_ITSELF,PCIC_APPROXIMATION_MODULAR,NO_LEXICAL_BASELINE_CHANGE,,Do not generalize automatically to Hispanic America; localization required.,PCIC-11,https://cvc.cervantes.es/ensenanza/biblioteca_ele/plan_curricular/niveles/11_saberes_y_comportamientos_inventario.htm,v1.25
10-0104,10B,SOCIOCULTURAL_APPROXIMATION_TOPIC,Comidas y bebidas,1.4.2 Mesa,APPROXIMATION,celebraciones tradicionalmente organizadas alrededor de la mesa,SOCIAL_RITUAL,Spain only (PCIC-11 first-level specification),NOT_A1_BY_ITSELF,PCIC_APPROXIMATION_MODULAR,NO_LEXICAL_BASELINE_CHANGE,,Do not generalize automatically to Hispanic America; localization required.,PCIC-11,https://cvc.cervantes.es/ensenanza/biblioteca_ele/plan_curricular/niveles/11_saberes_y_comportamientos_inventario.htm,v1.25
10-0105,10B,SOCIOCULTURAL_APPROXIMATION_TOPIC,Comidas y bebidas,1.4.3 Establecimientos,APPROXIMATION,tipos de establecimientos de restauración comunes,SERVICE_KNOWLEDGE,Spain only (PCIC-11 first-level specification),NOT_A1_BY_ITSELF,PCIC_APPROXIMATION_MODULAR,NO_LEXICAL_BASELINE_CHANGE,,Do not generalize automatically to Hispanic America; localization required.,PCIC-11,https://cvc.cervantes.es/ensenanza/biblioteca_ele/plan_curricular/niveles/11_saberes_y_comportamientos_inventario.htm,v1.25
10-0106,10B,SOCIOCULTURAL_APPROXIMATION_TOPIC,Comidas y bebidas,1.4.3 Establecimientos,APPROXIMATION,horarios de apertura/cierre de establecimientos de restauración,SERVICE_CONVENTION,Spain only (PCIC-11 first-level specification),NOT_A1_BY_ITSELF,PCIC_APPROXIMATION_MODULAR,NO_LEXICAL_BASELINE_CHANGE,,Do not generalize automatically to Hispanic America; localization required.,PCIC-11,https://cvc.cervantes.es/ensenanza/biblioteca_ele/plan_curricular/niveles/11_saberes_y_comportamientos_inventario.htm,v1.25
10-0107,10B,SOCIOCULTURAL_APPROXIMATION_TOPIC,Comidas y bebidas,1.4.3 Establecimientos,APPROXIMATION,tratamiento al personal y formas de pedir,INTERACTION_CONVENTION,Spain only (PCIC-11 first-level specification),NOT_A1_BY_ITSELF,PCIC_APPROXIMATION_MODULAR,NO_LEXICAL_BASELINE_CHANGE,,Do not generalize automatically to Hispanic America; localization required.,PCIC-11,https://cvc.cervantes.es/ensenanza/biblioteca_ele/plan_curricular/niveles/11_saberes_y_comportamientos_inventario.htm,v1.25
10-0108,10B,SOCIOCULTURAL_APPROXIMATION_TOPIC,Comidas y bebidas,1.4.3 Establecimientos,APPROXIMATION,"conceptos regionales de tapa, ración, pincho y aperitivo",FOOD_CULTURE,Spain only (PCIC-11 first-level specification),NOT_A1_BY_ITSELF,PCIC_APPROXIMATION_MODULAR,NO_LEXICAL_BASELINE_CHANGE,,Do not generalize automatically to Hispanic America; localization required.,PCIC-11,https://cvc.cervantes.es/ensenanza/biblioteca_ele/plan_curricular/niveles/11_saberes_y_comportamientos_inventario.htm,v1.25
10-0109,10B,SOCIOCULTURAL_APPROXIMATION_TOPIC,Educación y cultura,1.5.1 Centros de enseñanza,APPROXIMATION,"tipos de centros públicos, privados y concertados",EDUCATION_SYSTEM_KNOWLEDGE,Spain only (PCIC-11 first-level specification),NOT_A1_BY_ITSELF,PCIC_APPROXIMATION_MODULAR,NO_LEXICAL_BASELINE_CHANGE,,Do not generalize automatically to Hispanic America; localization required.,PCIC-11,https://cvc.cervantes.es/ensenanza/biblioteca_ele/plan_curricular/niveles/11_saberes_y_comportamientos_inventario.htm,v1.25
10-0110,10B,SOCIOCULTURAL_APPROXIMATION_TOPIC,Educación y cultura,1.5.1 Centros de enseñanza,APPROXIMATION,división en ciclos formativos,EDUCATION_SYSTEM_KNOWLEDGE,Spain only (PCIC-11 first-level specification),NOT_A1_BY_ITSELF,PCIC_APPROXIMATION_MODULAR,NO_LEXICAL_BASELINE_CHANGE,,Do not generalize automatically to Hispanic America; localization required.,PCIC-11,https://cvc.cervantes.es/ensenanza/biblioteca_ele/plan_curricular/niveles/11_saberes_y_comportamientos_inventario.htm,v1.25
10-0111,10B,SOCIOCULTURAL_APPROXIMATION_TOPIC,Educación y cultura,1.5.1 Centros de enseñanza,APPROXIMATION,obligatoriedad y gratuidad de educación básica,EDUCATION_SYSTEM_KNOWLEDGE,Spain only (PCIC-11 first-level specification),NOT_A1_BY_ITSELF,PCIC_APPROXIMATION_MODULAR,NO_LEXICAL_BASELINE_CHANGE,,Do not generalize automatically to Hispanic America; localization required.,PCIC-11,https://cvc.cervantes.es/ensenanza/biblioteca_ele/plan_curricular/niveles/11_saberes_y_comportamientos_inventario.htm,v1.25
10-0112,10B,SOCIOCULTURAL_APPROXIMATION_TOPIC,Educación y cultura,1.5.1 Centros de enseñanza,APPROXIMATION,instalaciones y servicios de centros de enseñanza,EDUCATION_SYSTEM_KNOWLEDGE,Spain only (PCIC-11 first-level specification),NOT_A1_BY_ITSELF,PCIC_APPROXIMATION_MODULAR,NO_LEXICAL_BASELINE_CHANGE,,Do not generalize automatically to Hispanic America; localization required.,PCIC-11,https://cvc.cervantes.es/ensenanza/biblioteca_ele/plan_curricular/niveles/11_saberes_y_comportamientos_inventario.htm,v1.25
10-0113,10B,SOCIOCULTURAL_APPROXIMATION_TOPIC,Educación y cultura,1.5.2 Bibliotecas/museos,APPROXIMATION,servicios habituales de bibliotecas,CULTURAL_SERVICE_KNOWLEDGE,Spain only (PCIC-11 first-level specification),NOT_A1_BY_ITSELF,PCIC_APPROXIMATION_MODULAR,NO_LEXICAL_BASELINE_CHANGE,,Do not generalize automatically to Hispanic America; localization required.,PCIC-11,https://cvc.cervantes.es/ensenanza/biblioteca_ele/plan_curricular/niveles/11_saberes_y_comportamientos_inventario.htm,v1.25
10-0114,10B,SOCIOCULTURAL_APPROXIMATION_TOPIC,Educación y cultura,1.5.2 Bibliotecas/museos,APPROXIMATION,tipos de museos,CULTURAL_SERVICE_KNOWLEDGE,Spain only (PCIC-11 first-level specification),NOT_A1_BY_ITSELF,PCIC_APPROXIMATION_MODULAR,NO_LEXICAL_BASELINE_CHANGE,,Do not generalize automatically to Hispanic America; localization required.,PCIC-11,https://cvc.cervantes.es/ensenanza/biblioteca_ele/plan_curricular/niveles/11_saberes_y_comportamientos_inventario.htm,v1.25
10-0115,10B,SOCIOCULTURAL_APPROXIMATION_TOPIC,Educación y cultura,1.5.2 Bibliotecas/museos,APPROXIMATION,horarios y precios de acceso a centros culturales,CULTURAL_SERVICE_CONVENTION,Spain only (PCIC-11 first-level specification),NOT_A1_BY_ITSELF,PCIC_APPROXIMATION_MODULAR,NO_LEXICAL_BASELINE_CHANGE,,Do not generalize automatically to Hispanic America; localization required.,PCIC-11,https://cvc.cervantes.es/ensenanza/biblioteca_ele/plan_curricular/niveles/11_saberes_y_comportamientos_inventario.htm,v1.25
10-0116,10B,SOCIOCULTURAL_APPROXIMATION_TOPIC,Trabajo,1.6 Trabajo y economía,APPROXIMATION,"horarios de trabajo, descansos y vacaciones",WORK_CONVENTION,Spain only (PCIC-11 first-level specification),NOT_A1_BY_ITSELF,PCIC_APPROXIMATION_MODULAR,NO_LEXICAL_BASELINE_CHANGE,,Do not generalize automatically to Hispanic America; localization required.,PCIC-11,https://cvc.cervantes.es/ensenanza/biblioteca_ele/plan_curricular/niveles/11_saberes_y_comportamientos_inventario.htm,v1.25
10-0117,10B,SOCIOCULTURAL_APPROXIMATION_TOPIC,Trabajo,1.6 Trabajo y economía,APPROXIMATION,zonas urbanas donde se concentran oficinas,WORK_ENVIRONMENT_KNOWLEDGE,Spain only (PCIC-11 first-level specification),NOT_A1_BY_ITSELF,PCIC_APPROXIMATION_MODULAR,NO_LEXICAL_BASELINE_CHANGE,,Do not generalize automatically to Hispanic America; localization required.,PCIC-11,https://cvc.cervantes.es/ensenanza/biblioteca_ele/plan_curricular/niveles/11_saberes_y_comportamientos_inventario.htm,v1.25
10-0118,10B,SOCIOCULTURAL_APPROXIMATION_TOPIC,Trabajo,1.6 Trabajo y economía,APPROXIMATION,clasificación social según situación laboral,WORK_SYSTEM_KNOWLEDGE,Spain only (PCIC-11 first-level specification),NOT_A1_BY_ITSELF,PCIC_APPROXIMATION_MODULAR,NO_LEXICAL_BASELINE_CHANGE,,Do not generalize automatically to Hispanic America; localization required.,PCIC-11,https://cvc.cervantes.es/ensenanza/biblioteca_ele/plan_curricular/niveles/11_saberes_y_comportamientos_inventario.htm,v1.25
10-0119,10B,SOCIOCULTURAL_APPROXIMATION_TOPIC,Trabajo,1.6 Trabajo y economía,APPROXIMATION,concepto de funcionario,WORK_SYSTEM_KNOWLEDGE,Spain only (PCIC-11 first-level specification),NOT_A1_BY_ITSELF,PCIC_APPROXIMATION_MODULAR,NO_LEXICAL_BASELINE_CHANGE,,Do not generalize automatically to Hispanic America; localization required.,PCIC-11,https://cvc.cervantes.es/ensenanza/biblioteca_ele/plan_curricular/niveles/11_saberes_y_comportamientos_inventario.htm,v1.25
10-0120,10B,SOCIOCULTURAL_APPROXIMATION_TOPIC,Ocio,1.7.1 Hábitos y aficiones,APPROXIMATION,concepto de ocio dentro y fuera de casa,LEISURE_KNOWLEDGE,Spain only (PCIC-11 first-level specification),NOT_A1_BY_ITSELF,PCIC_APPROXIMATION_MODULAR,NO_LEXICAL_BASELINE_CHANGE,,Do not generalize automatically to Hispanic America; localization required.,PCIC-11,https://cvc.cervantes.es/ensenanza/biblioteca_ele/plan_curricular/niveles/11_saberes_y_comportamientos_inventario.htm,v1.25
10-0121,10B,SOCIOCULTURAL_APPROXIMATION_TOPIC,Ocio,1.7.1 Hábitos y aficiones,APPROXIMATION,actividades frecuentes de ocio,LEISURE_KNOWLEDGE,Spain only (PCIC-11 first-level specification),NOT_A1_BY_ITSELF,PCIC_APPROXIMATION_MODULAR,NO_LEXICAL_BASELINE_CHANGE,,Do not generalize automatically to Hispanic America; localization required.,PCIC-11,https://cvc.cervantes.es/ensenanza/biblioteca_ele/plan_curricular/niveles/11_saberes_y_comportamientos_inventario.htm,v1.25
10-0122,10B,SOCIOCULTURAL_APPROXIMATION_TOPIC,Ocio,1.7.2 Espectáculos,APPROXIMATION,tipos de espectáculos habituales,LEISURE_KNOWLEDGE,Spain only (PCIC-11 first-level specification),NOT_A1_BY_ITSELF,PCIC_APPROXIMATION_MODULAR,NO_LEXICAL_BASELINE_CHANGE,,Do not generalize automatically to Hispanic America; localization required.,PCIC-11,https://cvc.cervantes.es/ensenanza/biblioteca_ele/plan_curricular/niveles/11_saberes_y_comportamientos_inventario.htm,v1.25
10-0123,10B,SOCIOCULTURAL_APPROXIMATION_TOPIC,Ocio,1.7.2 Espectáculos,APPROXIMATION,horarios de cine y teatro,LEISURE_CONVENTION,Spain only (PCIC-11 first-level specification),NOT_A1_BY_ITSELF,PCIC_APPROXIMATION_MODULAR,NO_LEXICAL_BASELINE_CHANGE,,Do not generalize automatically to Hispanic America; localization required.,PCIC-11,https://cvc.cervantes.es/ensenanza/biblioteca_ele/plan_curricular/niveles/11_saberes_y_comportamientos_inventario.htm,v1.25
10-0124,10B,SOCIOCULTURAL_APPROXIMATION_TOPIC,Ocio,1.7.2 Espectáculos,APPROXIMATION,formas de adquirir entradas,LEISURE_CONVENTION,Spain only (PCIC-11 first-level specification),NOT_A1_BY_ITSELF,PCIC_APPROXIMATION_MODULAR,NO_LEXICAL_BASELINE_CHANGE,,Do not generalize automatically to Hispanic America; localization required.,PCIC-11,https://cvc.cervantes.es/ensenanza/biblioteca_ele/plan_curricular/niveles/11_saberes_y_comportamientos_inventario.htm,v1.25
10-0125,10B,SOCIOCULTURAL_APPROXIMATION_TOPIC,Ocio,1.7.3 Aire libre,APPROXIMATION,actividades al aire libre frecuentes,LEISURE_KNOWLEDGE,Spain only (PCIC-11 first-level specification),NOT_A1_BY_ITSELF,PCIC_APPROXIMATION_MODULAR,NO_LEXICAL_BASELINE_CHANGE,,Do not generalize automatically to Hispanic America; localization required.,PCIC-11,https://cvc.cervantes.es/ensenanza/biblioteca_ele/plan_curricular/niveles/11_saberes_y_comportamientos_inventario.htm,v1.25
10-0126,10B,SOCIOCULTURAL_APPROXIMATION_TOPIC,Ocio,1.7.3 Aire libre,APPROXIMATION,comportamientos sociales en actividades al aire libre,SOCIAL_BEHAVIOR,Spain only (PCIC-11 first-level specification),NOT_A1_BY_ITSELF,PCIC_APPROXIMATION_MODULAR,NO_LEXICAL_BASELINE_CHANGE,,Do not generalize automatically to Hispanic America; localization required.,PCIC-11,https://cvc.cervantes.es/ensenanza/biblioteca_ele/plan_curricular/niveles/11_saberes_y_comportamientos_inventario.htm,v1.25
10-0127,10B,SOCIOCULTURAL_APPROXIMATION_TOPIC,Ocio,1.7.4 Deportes,APPROXIMATION,deportes practicados con frecuencia,SPORTS_CULTURE,Spain only (PCIC-11 first-level specification),NOT_A1_BY_ITSELF,PCIC_APPROXIMATION_MODULAR,NO_LEXICAL_BASELINE_CHANGE,,Do not generalize automatically to Hispanic America; localization required.,PCIC-11,https://cvc.cervantes.es/ensenanza/biblioteca_ele/plan_curricular/niveles/11_saberes_y_comportamientos_inventario.htm,v1.25
10-0128,10B,SOCIOCULTURAL_APPROXIMATION_TOPIC,Ocio,1.7.4 Deportes,APPROXIMATION,lugares habituales para actividad física y deporte,SPORTS_CULTURE,Spain only (PCIC-11 first-level specification),NOT_A1_BY_ITSELF,PCIC_APPROXIMATION_MODULAR,NO_LEXICAL_BASELINE_CHANGE,,Do not generalize automatically to Hispanic America; localization required.,PCIC-11,https://cvc.cervantes.es/ensenanza/biblioteca_ele/plan_curricular/niveles/11_saberes_y_comportamientos_inventario.htm,v1.25
10-0129,10B,SOCIOCULTURAL_APPROXIMATION_TOPIC,Medios,1.8.1 Prensa,APPROXIMATION,ediciones y organización básica de prensa,MEDIA_CONVENTION,Spain only (PCIC-11 first-level specification),NOT_A1_BY_ITSELF,PCIC_APPROXIMATION_MODULAR,NO_LEXICAL_BASELINE_CHANGE,,Do not generalize automatically to Hispanic America; localization required.,PCIC-11,https://cvc.cervantes.es/ensenanza/biblioteca_ele/plan_curricular/niveles/11_saberes_y_comportamientos_inventario.htm,v1.25
10-0130,10B,SOCIOCULTURAL_APPROXIMATION_TOPIC,Medios,1.8.1 Prensa,APPROXIMATION,comportamientos sociales de lectura de prensa,MEDIA_BEHAVIOR,Spain only (PCIC-11 first-level specification),NOT_A1_BY_ITSELF,PCIC_APPROXIMATION_MODULAR,NO_LEXICAL_BASELINE_CHANGE,,Do not generalize automatically to Hispanic America; localization required.,PCIC-11,https://cvc.cervantes.es/ensenanza/biblioteca_ele/plan_curricular/niveles/11_saberes_y_comportamientos_inventario.htm,v1.25
10-0131,10B,SOCIOCULTURAL_APPROXIMATION_TOPIC,Medios,1.8.1 Prensa,APPROXIMATION,lugares habituales de compra de publicaciones,MEDIA_CONVENTION,Spain only (PCIC-11 first-level specification),NOT_A1_BY_ITSELF,PCIC_APPROXIMATION_MODULAR,NO_LEXICAL_BASELINE_CHANGE,,Do not generalize automatically to Hispanic America; localization required.,PCIC-11,https://cvc.cervantes.es/ensenanza/biblioteca_ele/plan_curricular/niveles/11_saberes_y_comportamientos_inventario.htm,v1.25
10-0132,10B,SOCIOCULTURAL_APPROXIMATION_TOPIC,Medios,1.8.2 TV/radio,APPROXIMATION,hábitos cotidianos vinculados a televisión y radio,MEDIA_BEHAVIOR,Spain only (PCIC-11 first-level specification),NOT_A1_BY_ITSELF,PCIC_APPROXIMATION_MODULAR,NO_LEXICAL_BASELINE_CHANGE,,Do not generalize automatically to Hispanic America; localization required.,PCIC-11,https://cvc.cervantes.es/ensenanza/biblioteca_ele/plan_curricular/niveles/11_saberes_y_comportamientos_inventario.htm,v1.25
10-0133,10B,SOCIOCULTURAL_APPROXIMATION_TOPIC,Medios,1.8.3 Internet,APPROXIMATION,principales tipos de portales y buscadores,DIGITAL_CULTURE,Spain only (PCIC-11 first-level specification),NOT_A1_BY_ITSELF,PCIC_APPROXIMATION_MODULAR,NO_LEXICAL_BASELINE_CHANGE,,Do not generalize automatically to Hispanic America; localization required.,PCIC-11,https://cvc.cervantes.es/ensenanza/biblioteca_ele/plan_curricular/niveles/11_saberes_y_comportamientos_inventario.htm,v1.25
10-0134,10B,SOCIOCULTURAL_APPROXIMATION_TOPIC,Vivienda,1.9.1 Vivienda,APPROXIMATION,tipos de vivienda en ciudades y pueblos,HOUSING_KNOWLEDGE,Spain only (PCIC-11 first-level specification),NOT_A1_BY_ITSELF,PCIC_APPROXIMATION_MODULAR,NO_LEXICAL_BASELINE_CHANGE,,Do not generalize automatically to Hispanic America; localization required.,PCIC-11,https://cvc.cervantes.es/ensenanza/biblioteca_ele/plan_curricular/niveles/11_saberes_y_comportamientos_inventario.htm,v1.25
10-0135,10B,SOCIOCULTURAL_APPROXIMATION_TOPIC,Vivienda,1.9.1 Vivienda,APPROXIMATION,divisiones y habitaciones habituales,HOUSING_KNOWLEDGE,Spain only (PCIC-11 first-level specification),NOT_A1_BY_ITSELF,PCIC_APPROXIMATION_MODULAR,NO_LEXICAL_BASELINE_CHANGE,,Do not generalize automatically to Hispanic America; localization required.,PCIC-11,https://cvc.cervantes.es/ensenanza/biblioteca_ele/plan_curricular/niveles/11_saberes_y_comportamientos_inventario.htm,v1.25
10-0136,10B,SOCIOCULTURAL_APPROXIMATION_TOPIC,Vivienda,1.9.1 Vivienda,APPROXIMATION,valor social atribuido a espacios domésticos,HOUSING_CULTURE,Spain only (PCIC-11 first-level specification),NOT_A1_BY_ITSELF,PCIC_APPROXIMATION_MODULAR,NO_LEXICAL_BASELINE_CHANGE,,Do not generalize automatically to Hispanic America; localization required.,PCIC-11,https://cvc.cervantes.es/ensenanza/biblioteca_ele/plan_curricular/niveles/11_saberes_y_comportamientos_inventario.htm,v1.25
10-0137,10B,SOCIOCULTURAL_APPROXIMATION_TOPIC,Vivienda,1.9.1 Vivienda,APPROXIMATION,"mobiliario, instalaciones y servicios habituales",HOUSING_KNOWLEDGE,Spain only (PCIC-11 first-level specification),NOT_A1_BY_ITSELF,PCIC_APPROXIMATION_MODULAR,NO_LEXICAL_BASELINE_CHANGE,,Do not generalize automatically to Hispanic America; localization required.,PCIC-11,https://cvc.cervantes.es/ensenanza/biblioteca_ele/plan_curricular/niveles/11_saberes_y_comportamientos_inventario.htm,v1.25
10-0138,10B,SOCIOCULTURAL_APPROXIMATION_TOPIC,Vivienda,1.9.2 Mercado inmobiliario,APPROXIMATION,preferencias de acceso: propiedad y alquiler,HOUSING_CONVENTION,Spain only (PCIC-11 first-level specification),NOT_A1_BY_ITSELF,PCIC_APPROXIMATION_MODULAR,NO_LEXICAL_BASELINE_CHANGE,,Do not generalize automatically to Hispanic America; localization required.,PCIC-11,https://cvc.cervantes.es/ensenanza/biblioteca_ele/plan_curricular/niveles/11_saberes_y_comportamientos_inventario.htm,v1.25
10-0139,10B,SOCIOCULTURAL_APPROXIMATION_TOPIC,Servicios,1.10.1 Instalaciones deportivas,APPROXIMATION,instalaciones públicas y profesionales para el deporte,PUBLIC_SERVICE_KNOWLEDGE,Spain only (PCIC-11 first-level specification),NOT_A1_BY_ITSELF,PCIC_APPROXIMATION_MODULAR,NO_LEXICAL_BASELINE_CHANGE,,Do not generalize automatically to Hispanic America; localization required.,PCIC-11,https://cvc.cervantes.es/ensenanza/biblioteca_ele/plan_curricular/niveles/11_saberes_y_comportamientos_inventario.htm,v1.25
10-0140,10B,SOCIOCULTURAL_APPROXIMATION_TOPIC,Servicios,1.10.2 Parques,APPROXIMATION,parques conocidos y elementos habituales,PUBLIC_SPACE_KNOWLEDGE,Spain only (PCIC-11 first-level specification),NOT_A1_BY_ITSELF,PCIC_APPROXIMATION_MODULAR,NO_LEXICAL_BASELINE_CHANGE,,Do not generalize automatically to Hispanic America; localization required.,PCIC-11,https://cvc.cervantes.es/ensenanza/biblioteca_ele/plan_curricular/niveles/11_saberes_y_comportamientos_inventario.htm,v1.25
10-0141,10B,SOCIOCULTURAL_APPROXIMATION_TOPIC,Servicios,1.10.2 Parques,APPROXIMATION,comportamientos de uso y disfrute de parques,PUBLIC_SPACE_BEHAVIOR,Spain only (PCIC-11 first-level specification),NOT_A1_BY_ITSELF,PCIC_APPROXIMATION_MODULAR,NO_LEXICAL_BASELINE_CHANGE,,Do not generalize automatically to Hispanic America; localization required.,PCIC-11,https://cvc.cervantes.es/ensenanza/biblioteca_ele/plan_curricular/niveles/11_saberes_y_comportamientos_inventario.htm,v1.25
10-0142,10B,SOCIOCULTURAL_APPROXIMATION_TOPIC,Servicios,1.10.3 Mobiliario urbano,APPROXIMATION,espacios publicitarios y señalización urbana,PUBLIC_SPACE_CONVENTION,Spain only (PCIC-11 first-level specification),NOT_A1_BY_ITSELF,PCIC_APPROXIMATION_MODULAR,NO_LEXICAL_BASELINE_CHANGE,,Do not generalize automatically to Hispanic America; localization required.,PCIC-11,https://cvc.cervantes.es/ensenanza/biblioteca_ele/plan_curricular/niveles/11_saberes_y_comportamientos_inventario.htm,v1.25
10-0143,10B,SOCIOCULTURAL_APPROXIMATION_TOPIC,Servicios,1.10.4 Limpieza,APPROXIMATION,"limpieza urbana, papeleras y contenedores",PUBLIC_SERVICE_KNOWLEDGE,Spain only (PCIC-11 first-level specification),NOT_A1_BY_ITSELF,PCIC_APPROXIMATION_MODULAR,NO_LEXICAL_BASELINE_CHANGE,,Do not generalize automatically to Hispanic America; localization required.,PCIC-11,https://cvc.cervantes.es/ensenanza/biblioteca_ele/plan_curricular/niveles/11_saberes_y_comportamientos_inventario.htm,v1.25
10-0144,10B,SOCIOCULTURAL_APPROXIMATION_TOPIC,Servicios,1.10.4 Limpieza,APPROXIMATION,reciclaje y separación de residuos,PUBLIC_BEHAVIOR,Spain only (PCIC-11 first-level specification),NOT_A1_BY_ITSELF,PCIC_APPROXIMATION_MODULAR,NO_LEXICAL_BASELINE_CHANGE,,Do not generalize automatically to Hispanic America; localization required.,PCIC-11,https://cvc.cervantes.es/ensenanza/biblioteca_ele/plan_curricular/niveles/11_saberes_y_comportamientos_inventario.htm,v1.25
10-0145,10B,SOCIOCULTURAL_APPROXIMATION_TOPIC,Servicios,1.10.5 Protección civil,APPROXIMATION,concepto y profesionales de protección civil,PUBLIC_SERVICE_KNOWLEDGE,Spain only (PCIC-11 first-level specification),NOT_A1_BY_ITSELF,PCIC_APPROXIMATION_MODULAR,NO_LEXICAL_BASELINE_CHANGE,,Do not generalize automatically to Hispanic America; localization required.,PCIC-11,https://cvc.cervantes.es/ensenanza/biblioteca_ele/plan_curricular/niveles/11_saberes_y_comportamientos_inventario.htm,v1.25
10-0146,10B,SOCIOCULTURAL_APPROXIMATION_TOPIC,Compras,1.11.1 Tiendas,APPROXIMATION,tipos de establecimientos y grandes superficies,SHOPPING_KNOWLEDGE,Spain only (PCIC-11 first-level specification),NOT_A1_BY_ITSELF,PCIC_APPROXIMATION_MODULAR,NO_LEXICAL_BASELINE_CHANGE,,Do not generalize automatically to Hispanic America; localization required.,PCIC-11,https://cvc.cervantes.es/ensenanza/biblioteca_ele/plan_curricular/niveles/11_saberes_y_comportamientos_inventario.htm,v1.25
10-0147,10B,SOCIOCULTURAL_APPROXIMATION_TOPIC,Compras,1.11.1 Tiendas,APPROXIMATION,organización de productos en tiendas y supermercados,SHOPPING_CONVENTION,Spain only (PCIC-11 first-level specification),NOT_A1_BY_ITSELF,PCIC_APPROXIMATION_MODULAR,NO_LEXICAL_BASELINE_CHANGE,,Do not generalize automatically to Hispanic America; localization required.,PCIC-11,https://cvc.cervantes.es/ensenanza/biblioteca_ele/plan_curricular/niveles/11_saberes_y_comportamientos_inventario.htm,v1.25
10-0148,10B,SOCIOCULTURAL_APPROXIMATION_TOPIC,Compras,1.11.1 Tiendas,APPROXIMATION,productos asociados a establecimientos específicos,SHOPPING_CONVENTION,Spain only (PCIC-11 first-level specification),NOT_A1_BY_ITSELF,PCIC_APPROXIMATION_MODULAR,NO_LEXICAL_BASELINE_CHANGE,,Do not generalize automatically to Hispanic America; localization required.,PCIC-11,https://cvc.cervantes.es/ensenanza/biblioteca_ele/plan_curricular/niveles/11_saberes_y_comportamientos_inventario.htm,v1.25
10-0149,10B,SOCIOCULTURAL_APPROXIMATION_TOPIC,Compras,1.11.1 Tiendas,APPROXIMATION,interacción social cliente-dependiente,INTERACTION_CONVENTION,Spain only (PCIC-11 first-level specification),NOT_A1_BY_ITSELF,PCIC_APPROXIMATION_MODULAR,NO_LEXICAL_BASELINE_CHANGE,,Do not generalize automatically to Hispanic America; localization required.,PCIC-11,https://cvc.cervantes.es/ensenanza/biblioteca_ele/plan_curricular/niveles/11_saberes_y_comportamientos_inventario.htm,v1.25
10-0150,10B,SOCIOCULTURAL_APPROXIMATION_TOPIC,Compras,1.11.2 Pago,APPROXIMATION,modalidades de pago,PAYMENT_CONVENTION,Spain only (PCIC-11 first-level specification),NOT_A1_BY_ITSELF,PCIC_APPROXIMATION_MODULAR,NO_LEXICAL_BASELINE_CHANGE,,Do not generalize automatically to Hispanic America; localization required.,PCIC-11,https://cvc.cervantes.es/ensenanza/biblioteca_ele/plan_curricular/niveles/11_saberes_y_comportamientos_inventario.htm,v1.25
10-0151,10B,SOCIOCULTURAL_APPROXIMATION_TOPIC,Compras,1.11.2 Pago,APPROXIMATION,"relación entre modalidad de pago, establecimiento y compra",PAYMENT_CONVENTION,Spain only (PCIC-11 first-level specification),NOT_A1_BY_ITSELF,PCIC_APPROXIMATION_MODULAR,NO_LEXICAL_BASELINE_CHANGE,,Do not generalize automatically to Hispanic America; localization required.,PCIC-11,https://cvc.cervantes.es/ensenanza/biblioteca_ele/plan_curricular/niveles/11_saberes_y_comportamientos_inventario.htm,v1.25
10-0152,10B,SOCIOCULTURAL_APPROXIMATION_TOPIC,Compras,1.11.2 Pago,APPROXIMATION,concepto de rebajas y presentación de precios,SHOPPING_CONVENTION,Spain only (PCIC-11 first-level specification),NOT_A1_BY_ITSELF,PCIC_APPROXIMATION_MODULAR,NO_LEXICAL_BASELINE_CHANGE,,Do not generalize automatically to Hispanic America; localization required.,PCIC-11,https://cvc.cervantes.es/ensenanza/biblioteca_ele/plan_curricular/niveles/11_saberes_y_comportamientos_inventario.htm,v1.25
10-0153,10B,SOCIOCULTURAL_APPROXIMATION_TOPIC,Compras,1.11.3 Consumo,APPROXIMATION,sistema métrico en unidades de compra,SHOPPING_CONVENTION,Spain only (PCIC-11 first-level specification),NOT_A1_BY_ITSELF,PCIC_APPROXIMATION_MODULAR,NO_LEXICAL_BASELINE_CHANGE,,Do not generalize automatically to Hispanic America; localization required.,PCIC-11,https://cvc.cervantes.es/ensenanza/biblioteca_ele/plan_curricular/niveles/11_saberes_y_comportamientos_inventario.htm,v1.25
10-0154,10B,SOCIOCULTURAL_APPROXIMATION_TOPIC,Compras,1.11.3 Consumo,APPROXIMATION,periodos de mayor actividad de compra,SHOPPING_CULTURE,Spain only (PCIC-11 first-level specification),NOT_A1_BY_ITSELF,PCIC_APPROXIMATION_MODULAR,NO_LEXICAL_BASELINE_CHANGE,,Do not generalize automatically to Hispanic America; localization required.,PCIC-11,https://cvc.cervantes.es/ensenanza/biblioteca_ele/plan_curricular/niveles/11_saberes_y_comportamientos_inventario.htm,v1.25
10-0155,10B,SOCIOCULTURAL_APPROXIMATION_TOPIC,Compras,1.11.3 Consumo,APPROXIMATION,hacer la compra vs ir de compras y productos básicos,SHOPPING_CULTURE,Spain only (PCIC-11 first-level specification),NOT_A1_BY_ITSELF,PCIC_APPROXIMATION_MODULAR,NO_LEXICAL_BASELINE_CHANGE,,Do not generalize automatically to Hispanic America; localization required.,PCIC-11,https://cvc.cervantes.es/ensenanza/biblioteca_ele/plan_curricular/niveles/11_saberes_y_comportamientos_inventario.htm,v1.25
10-0156,10B,SOCIOCULTURAL_APPROXIMATION_TOPIC,Compras,1.11.3 Consumo,APPROXIMATION,precio fijo como convención frecuente,SHOPPING_CONVENTION,Spain only (PCIC-11 first-level specification),NOT_A1_BY_ITSELF,PCIC_APPROXIMATION_MODULAR,NO_LEXICAL_BASELINE_CHANGE,,Do not generalize automatically to Hispanic America; localization required.,PCIC-11,https://cvc.cervantes.es/ensenanza/biblioteca_ele/plan_curricular/niveles/11_saberes_y_comportamientos_inventario.htm,v1.25
10-0157,10B,SOCIOCULTURAL_APPROXIMATION_TOPIC,Salud,1.12.1 Salud pública,APPROXIMATION,concepto de higiene personal,HEALTH_CULTURE,Spain only (PCIC-11 first-level specification),NOT_A1_BY_ITSELF,PCIC_APPROXIMATION_MODULAR,NO_LEXICAL_BASELINE_CHANGE,,Do not generalize automatically to Hispanic America; localization required.,PCIC-11,https://cvc.cervantes.es/ensenanza/biblioteca_ele/plan_curricular/niveles/11_saberes_y_comportamientos_inventario.htm,v1.25
10-0158,10B,SOCIOCULTURAL_APPROXIMATION_TOPIC,Salud,1.12.1 Salud pública,APPROXIMATION,comportamientos de cuidado de la salud,HEALTH_BEHAVIOR,Spain only (PCIC-11 first-level specification),NOT_A1_BY_ITSELF,PCIC_APPROXIMATION_MODULAR,NO_LEXICAL_BASELINE_CHANGE,,Do not generalize automatically to Hispanic America; localization required.,PCIC-11,https://cvc.cervantes.es/ensenanza/biblioteca_ele/plan_curricular/niveles/11_saberes_y_comportamientos_inventario.htm,v1.25
10-0159,10B,SOCIOCULTURAL_APPROXIMATION_TOPIC,Salud,1.12.2 Centros sanitarios,APPROXIMATION,tipos de centros de asistencia sanitaria,HEALTH_SYSTEM_KNOWLEDGE,Spain only (PCIC-11 first-level specification),NOT_A1_BY_ITSELF,PCIC_APPROXIMATION_MODULAR,NO_LEXICAL_BASELINE_CHANGE,,Do not generalize automatically to Hispanic America; localization required.,PCIC-11,https://cvc.cervantes.es/ensenanza/biblioteca_ele/plan_curricular/niveles/11_saberes_y_comportamientos_inventario.htm,v1.25
10-0160,10B,SOCIOCULTURAL_APPROXIMATION_TOPIC,Salud,1.12.2 Centros sanitarios,APPROXIMATION,conceptos de centro de salud y ambulatorio,HEALTH_SYSTEM_KNOWLEDGE,Spain only (PCIC-11 first-level specification),NOT_A1_BY_ITSELF,PCIC_APPROXIMATION_MODULAR,NO_LEXICAL_BASELINE_CHANGE,,Do not generalize automatically to Hispanic America; localization required.,PCIC-11,https://cvc.cervantes.es/ensenanza/biblioteca_ele/plan_curricular/niveles/11_saberes_y_comportamientos_inventario.htm,v1.25
10-0161,10B,SOCIOCULTURAL_APPROXIMATION_TOPIC,Salud,1.12.2 Centros sanitarios,APPROXIMATION,prestaciones básicas de la Seguridad Social,HEALTH_SYSTEM_KNOWLEDGE,Spain only (PCIC-11 first-level specification),NOT_A1_BY_ITSELF,PCIC_APPROXIMATION_MODULAR,NO_LEXICAL_BASELINE_CHANGE,,Do not generalize automatically to Hispanic America; localization required.,PCIC-11,https://cvc.cervantes.es/ensenanza/biblioteca_ele/plan_curricular/niveles/11_saberes_y_comportamientos_inventario.htm,v1.25
10-0162,10B,SOCIOCULTURAL_APPROXIMATION_TOPIC,Viajes,1.13.1 Viajes,APPROXIMATION,planificación y desarrollo de viajes,TRAVEL_BEHAVIOR,Spain only (PCIC-11 first-level specification),NOT_A1_BY_ITSELF,PCIC_APPROXIMATION_MODULAR,NO_LEXICAL_BASELINE_CHANGE,,Do not generalize automatically to Hispanic America; localization required.,PCIC-11,https://cvc.cervantes.es/ensenanza/biblioteca_ele/plan_curricular/niveles/11_saberes_y_comportamientos_inventario.htm,v1.25
10-0163,10B,SOCIOCULTURAL_APPROXIMATION_TOPIC,Viajes,1.13.1 Viajes,APPROXIMATION,destinos turísticos frecuentes,TRAVEL_CULTURE,Spain only (PCIC-11 first-level specification),NOT_A1_BY_ITSELF,PCIC_APPROXIMATION_MODULAR,NO_LEXICAL_BASELINE_CHANGE,,Do not generalize automatically to Hispanic America; localization required.,PCIC-11,https://cvc.cervantes.es/ensenanza/biblioteca_ele/plan_curricular/niveles/11_saberes_y_comportamientos_inventario.htm,v1.25
10-0164,10B,SOCIOCULTURAL_APPROXIMATION_TOPIC,Viajes,1.13.2 Alojamientos,APPROXIMATION,tipos de alojamiento y servicios,TRAVEL_KNOWLEDGE,Spain only (PCIC-11 first-level specification),NOT_A1_BY_ITSELF,PCIC_APPROXIMATION_MODULAR,NO_LEXICAL_BASELINE_CHANGE,,Do not generalize automatically to Hispanic America; localization required.,PCIC-11,https://cvc.cervantes.es/ensenanza/biblioteca_ele/plan_curricular/niveles/11_saberes_y_comportamientos_inventario.htm,v1.25
10-0165,10B,SOCIOCULTURAL_APPROXIMATION_TOPIC,Viajes,1.13.3 Transporte,APPROXIMATION,tipos y adquisición de billetes,TRANSPORT_CONVENTION,Spain only (PCIC-11 first-level specification),NOT_A1_BY_ITSELF,PCIC_APPROXIMATION_MODULAR,NO_LEXICAL_BASELINE_CHANGE,,Do not generalize automatically to Hispanic America; localization required.,PCIC-11,https://cvc.cervantes.es/ensenanza/biblioteca_ele/plan_curricular/niveles/11_saberes_y_comportamientos_inventario.htm,v1.25
10-0166,10B,SOCIOCULTURAL_APPROXIMATION_TOPIC,Viajes,1.13.3 Transporte,APPROXIMATION,instalaciones y servicios de aeropuertos,TRANSPORT_KNOWLEDGE,Spain only (PCIC-11 first-level specification),NOT_A1_BY_ITSELF,PCIC_APPROXIMATION_MODULAR,NO_LEXICAL_BASELINE_CHANGE,,Do not generalize automatically to Hispanic America; localization required.,PCIC-11,https://cvc.cervantes.es/ensenanza/biblioteca_ele/plan_curricular/niveles/11_saberes_y_comportamientos_inventario.htm,v1.25
10-0167,10B,SOCIOCULTURAL_APPROXIMATION_TOPIC,Viajes,1.13.4 Transporte urbano,APPROXIMATION,convenciones sociales de uso del autobús,TRANSPORT_BEHAVIOR,Spain only (PCIC-11 first-level specification),NOT_A1_BY_ITSELF,PCIC_APPROXIMATION_MODULAR,NO_LEXICAL_BASELINE_CHANGE,,Do not generalize automatically to Hispanic America; localization required.,PCIC-11,https://cvc.cervantes.es/ensenanza/biblioteca_ele/plan_curricular/niveles/11_saberes_y_comportamientos_inventario.htm,v1.25
10-0168,10B,SOCIOCULTURAL_APPROXIMATION_TOPIC,Viajes,1.13.4 Transporte urbano,APPROXIMATION,convenciones sociales de uso de taxis,TRANSPORT_BEHAVIOR,Spain only (PCIC-11 first-level specification),NOT_A1_BY_ITSELF,PCIC_APPROXIMATION_MODULAR,NO_LEXICAL_BASELINE_CHANGE,,Do not generalize automatically to Hispanic America; localization required.,PCIC-11,https://cvc.cervantes.es/ensenanza/biblioteca_ele/plan_curricular/niveles/11_saberes_y_comportamientos_inventario.htm,v1.25
10-0169,10B,SOCIOCULTURAL_APPROXIMATION_TOPIC,Viajes,1.13.4 Transporte urbano,APPROXIMATION,normas de uso de transporte público,TRANSPORT_BEHAVIOR,Spain only (PCIC-11 first-level specification),NOT_A1_BY_ITSELF,PCIC_APPROXIMATION_MODULAR,NO_LEXICAL_BASELINE_CHANGE,,Do not generalize automatically to Hispanic America; localization required.,PCIC-11,https://cvc.cervantes.es/ensenanza/biblioteca_ele/plan_curricular/niveles/11_saberes_y_comportamientos_inventario.htm,v1.25
10-0170,10B,SOCIOCULTURAL_APPROXIMATION_TOPIC,Medio ambiente,1.14.2 Parques naturales,APPROXIMATION,tipos de parques naturales y rutas,ENVIRONMENT_KNOWLEDGE,Spain only (PCIC-11 first-level specification),NOT_A1_BY_ITSELF,PCIC_APPROXIMATION_MODULAR,NO_LEXICAL_BASELINE_CHANGE,,Do not generalize automatically to Hispanic America; localization required.,PCIC-11,https://cvc.cervantes.es/ensenanza/biblioteca_ele/plan_curricular/niveles/11_saberes_y_comportamientos_inventario.htm,v1.25
10-0171,10B,SOCIOCULTURAL_APPROXIMATION_TOPIC,Servicios sociales,1.15.1 Personas mayores,APPROXIMATION,edad de jubilación y beneficios asociados,SOCIAL_SERVICE_KNOWLEDGE,Spain only (PCIC-11 first-level specification),NOT_A1_BY_ITSELF,PCIC_APPROXIMATION_MODULAR,NO_LEXICAL_BASELINE_CHANGE,,Do not generalize automatically to Hispanic America; localization required.,PCIC-11,https://cvc.cervantes.es/ensenanza/biblioteca_ele/plan_curricular/niveles/11_saberes_y_comportamientos_inventario.htm,v1.25
10-0172,10B,SOCIOCULTURAL_APPROXIMATION_TOPIC,Servicios sociales,1.15.2 Inmigrantes,APPROXIMATION,procedencia y regiones receptoras de inmigración,SOCIAL_SERVICE_KNOWLEDGE,Spain only (PCIC-11 first-level specification),NOT_A1_BY_ITSELF,PCIC_APPROXIMATION_MODULAR,NO_LEXICAL_BASELINE_CHANGE,,Do not generalize automatically to Hispanic America; localization required.,PCIC-11,https://cvc.cervantes.es/ensenanza/biblioteca_ele/plan_curricular/niveles/11_saberes_y_comportamientos_inventario.htm,v1.25
10-0173,10B,SOCIOCULTURAL_APPROXIMATION_TOPIC,Servicios sociales,1.15.3 Sin recursos,APPROXIMATION,lugares y servicios de atención a personas sin recursos,SOCIAL_SERVICE_KNOWLEDGE,Spain only (PCIC-11 first-level specification),NOT_A1_BY_ITSELF,PCIC_APPROXIMATION_MODULAR,NO_LEXICAL_BASELINE_CHANGE,,Do not generalize automatically to Hispanic America; localization required.,PCIC-11,https://cvc.cervantes.es/ensenanza/biblioteca_ele/plan_curricular/niveles/11_saberes_y_comportamientos_inventario.htm,v1.25
10-0174,10B,SOCIOCULTURAL_APPROXIMATION_TOPIC,Seguridad,1.16 Seguridad,APPROXIMATION,cuerpos de seguridad,PUBLIC_SECURITY_KNOWLEDGE,Spain only (PCIC-11 first-level specification),NOT_A1_BY_ITSELF,PCIC_APPROXIMATION_MODULAR,NO_LEXICAL_BASELINE_CHANGE,,Do not generalize automatically to Hispanic America; localization required.,PCIC-11,https://cvc.cervantes.es/ensenanza/biblioteca_ele/plan_curricular/niveles/11_saberes_y_comportamientos_inventario.htm,v1.25
10-0175,10B,SOCIOCULTURAL_APPROXIMATION_TOPIC,Relaciones interpersonales,2.1.1 Relaciones familiares/amistad,APPROXIMATION,conceptos de amigo y conocido y valor de la amistad,RELATIONSHIP_KNOWLEDGE,Spain only (PCIC-11 first-level specification),NOT_A1_BY_ITSELF,PCIC_APPROXIMATION_MODULAR,NO_LEXICAL_BASELINE_CHANGE,,Do not generalize automatically to Hispanic America; localization required.,PCIC-11,https://cvc.cervantes.es/ensenanza/biblioteca_ele/plan_curricular/niveles/11_saberes_y_comportamientos_inventario.htm,v1.25
10-0176,10B,SOCIOCULTURAL_APPROXIMATION_TOPIC,Relaciones interpersonales,2.1.1 Relaciones familiares/amistad,APPROXIMATION,convenciones de trato entre amigos y familiares,INTERACTION_CONVENTION,Spain only (PCIC-11 first-level specification),NOT_A1_BY_ITSELF,PCIC_APPROXIMATION_MODULAR,NO_LEXICAL_BASELINE_CHANGE,,Do not generalize automatically to Hispanic America; localization required.,PCIC-11,https://cvc.cervantes.es/ensenanza/biblioteca_ele/plan_curricular/niveles/11_saberes_y_comportamientos_inventario.htm,v1.25
10-0177,10B,SOCIOCULTURAL_APPROXIMATION_TOPIC,Relaciones interpersonales,2.1.1 Relaciones familiares/amistad,APPROXIMATION,convenciones de encuentros y saludos,INTERACTION_CONVENTION,Spain only (PCIC-11 first-level specification),NOT_A1_BY_ITSELF,PCIC_APPROXIMATION_MODULAR,NO_LEXICAL_BASELINE_CHANGE,,Do not generalize automatically to Hispanic America; localization required.,PCIC-11,https://cvc.cervantes.es/ensenanza/biblioteca_ele/plan_curricular/niveles/11_saberes_y_comportamientos_inventario.htm,v1.25
10-0178,10B,SOCIOCULTURAL_APPROXIMATION_TOPIC,Relaciones interpersonales,2.1.1 Relaciones familiares/amistad,APPROXIMATION,quedar con amigos e invitaciones/pagos compartidos,SOCIAL_ROUTINE,Spain only (PCIC-11 first-level specification),NOT_A1_BY_ITSELF,PCIC_APPROXIMATION_MODULAR,NO_LEXICAL_BASELINE_CHANGE,,Do not generalize automatically to Hispanic America; localization required.,PCIC-11,https://cvc.cervantes.es/ensenanza/biblioteca_ele/plan_curricular/niveles/11_saberes_y_comportamientos_inventario.htm,v1.25
10-0179,10B,SOCIOCULTURAL_APPROXIMATION_TOPIC,Relaciones interpersonales,2.1.1 Relaciones familiares/amistad,APPROXIMATION,usos sociales de beso y abrazo,NONVERBAL_CONVENTION,Spain only (PCIC-11 first-level specification),NOT_A1_BY_ITSELF,PCIC_APPROXIMATION_MODULAR,NO_LEXICAL_BASELINE_CHANGE,,Do not generalize automatically to Hispanic America; localization required.,PCIC-11,https://cvc.cervantes.es/ensenanza/biblioteca_ele/plan_curricular/niveles/11_saberes_y_comportamientos_inventario.htm,v1.25
10-0180,10B,SOCIOCULTURAL_APPROXIMATION_TOPIC,Relaciones interpersonales,2.1.2 Edad/sexo/clase,APPROXIMATION,normas de cortesía con personas mayores,POLITENESS_CONVENTION,Spain only (PCIC-11 first-level specification),NOT_A1_BY_ITSELF,PCIC_APPROXIMATION_MODULAR,NO_LEXICAL_BASELINE_CHANGE,,Do not generalize automatically to Hispanic America; localization required.,PCIC-11,https://cvc.cervantes.es/ensenanza/biblioteca_ele/plan_curricular/niveles/11_saberes_y_comportamientos_inventario.htm,v1.25
10-0181,10B,SOCIOCULTURAL_APPROXIMATION_TOPIC,Relaciones interpersonales,2.1.2 Edad/sexo/clase,APPROXIMATION,saludos y presentación según relación social,INTERACTION_CONVENTION,Spain only (PCIC-11 first-level specification),NOT_A1_BY_ITSELF,PCIC_APPROXIMATION_MODULAR,NO_LEXICAL_BASELINE_CHANGE,,Do not generalize automatically to Hispanic America; localization required.,PCIC-11,https://cvc.cervantes.es/ensenanza/biblioteca_ele/plan_curricular/niveles/11_saberes_y_comportamientos_inventario.htm,v1.25
10-0182,10B,SOCIOCULTURAL_APPROXIMATION_TOPIC,Relaciones interpersonales,2.1.3 Vecinos,APPROXIMATION,convenciones de trato entre vecinos,INTERACTION_CONVENTION,Spain only (PCIC-11 first-level specification),NOT_A1_BY_ITSELF,PCIC_APPROXIMATION_MODULAR,NO_LEXICAL_BASELINE_CHANGE,,Do not generalize automatically to Hispanic America; localization required.,PCIC-11,https://cvc.cervantes.es/ensenanza/biblioteca_ele/plan_curricular/niveles/11_saberes_y_comportamientos_inventario.htm,v1.25
10-0183,10B,SOCIOCULTURAL_APPROXIMATION_TOPIC,Relaciones interpersonales,2.1.4 Autoridad,APPROXIMATION,convenciones de trato con la autoridad,INTERACTION_CONVENTION,Spain only (PCIC-11 first-level specification),NOT_A1_BY_ITSELF,PCIC_APPROXIMATION_MODULAR,NO_LEXICAL_BASELINE_CHANGE,,Do not generalize automatically to Hispanic America; localization required.,PCIC-11,https://cvc.cervantes.es/ensenanza/biblioteca_ele/plan_curricular/niveles/11_saberes_y_comportamientos_inventario.htm,v1.25
10-0184,10B,SOCIOCULTURAL_APPROXIMATION_TOPIC,Relaciones interpersonales,2.1.5 Desconocidos,APPROXIMATION,saludos entre desconocidos en espacios públicos,INTERACTION_CONVENTION,Spain only (PCIC-11 first-level specification),NOT_A1_BY_ITSELF,PCIC_APPROXIMATION_MODULAR,NO_LEXICAL_BASELINE_CHANGE,,Do not generalize automatically to Hispanic America; localization required.,PCIC-11,https://cvc.cervantes.es/ensenanza/biblioteca_ele/plan_curricular/niveles/11_saberes_y_comportamientos_inventario.htm,v1.25
10-0185,10B,SOCIOCULTURAL_APPROXIMATION_TOPIC,Relaciones interpersonales,2.1.5 Desconocidos,APPROXIMATION,formas de llamar la atención y dirigirse a desconocidos,INTERACTION_CONVENTION,Spain only (PCIC-11 first-level specification),NOT_A1_BY_ITSELF,PCIC_APPROXIMATION_MODULAR,NO_LEXICAL_BASELINE_CHANGE,,Do not generalize automatically to Hispanic America; localization required.,PCIC-11,https://cvc.cervantes.es/ensenanza/biblioteca_ele/plan_curricular/niveles/11_saberes_y_comportamientos_inventario.htm,v1.25
10-0186,10B,SOCIOCULTURAL_APPROXIMATION_TOPIC,Relaciones profesionales,2.2.1 Compañeros de trabajo,APPROXIMATION,actividades compartidas con compañeros de trabajo,WORK_RELATIONSHIP_CONVENTION,Spain only (PCIC-11 first-level specification),NOT_A1_BY_ITSELF,PCIC_APPROXIMATION_MODULAR,NO_LEXICAL_BASELINE_CHANGE,,Do not generalize automatically to Hispanic America; localization required.,PCIC-11,https://cvc.cervantes.es/ensenanza/biblioteca_ele/plan_curricular/niveles/11_saberes_y_comportamientos_inventario.htm,v1.25
10-0187,10B,SOCIOCULTURAL_APPROXIMATION_TOPIC,Relaciones profesionales,2.2.1 Compañeros de trabajo,APPROXIMATION,cortesía entre superiores y subordinados,WORK_RELATIONSHIP_CONVENTION,Spain only (PCIC-11 first-level specification),NOT_A1_BY_ITSELF,PCIC_APPROXIMATION_MODULAR,NO_LEXICAL_BASELINE_CHANGE,,Do not generalize automatically to Hispanic America; localization required.,PCIC-11,https://cvc.cervantes.es/ensenanza/biblioteca_ele/plan_curricular/niveles/11_saberes_y_comportamientos_inventario.htm,v1.25
10-0188,10B,SOCIOCULTURAL_APPROXIMATION_TOPIC,Relaciones profesionales,2.2.2 Clientes,APPROXIMATION,cortesía en el trato con clientes,CUSTOMER_RELATIONSHIP_CONVENTION,Spain only (PCIC-11 first-level specification),NOT_A1_BY_ITSELF,PCIC_APPROXIMATION_MODULAR,NO_LEXICAL_BASELINE_CHANGE,,Do not generalize automatically to Hispanic America; localization required.,PCIC-11,https://cvc.cervantes.es/ensenanza/biblioteca_ele/plan_curricular/niveles/11_saberes_y_comportamientos_inventario.htm,v1.25
10-0189,10B,SOCIOCULTURAL_APPROXIMATION_TOPIC,Relaciones educativas,2.3 Ámbito educativo,APPROXIMATION,conceptos sociales de alumno y profesor,EDUCATIONAL_RELATIONSHIP_KNOWLEDGE,Spain only (PCIC-11 first-level specification),NOT_A1_BY_ITSELF,PCIC_APPROXIMATION_MODULAR,NO_LEXICAL_BASELINE_CHANGE,,Do not generalize automatically to Hispanic America; localization required.,PCIC-11,https://cvc.cervantes.es/ensenanza/biblioteca_ele/plan_curricular/niveles/11_saberes_y_comportamientos_inventario.htm,v1.25
10-0190,10B,SOCIOCULTURAL_APPROXIMATION_TOPIC,Relaciones educativas,2.3 Ámbito educativo,APPROXIMATION,cortesía entre profesor y alumno,EDUCATIONAL_RELATIONSHIP_CONVENTION,Spain only (PCIC-11 first-level specification),NOT_A1_BY_ITSELF,PCIC_APPROXIMATION_MODULAR,NO_LEXICAL_BASELINE_CHANGE,,Do not generalize automatically to Hispanic America; localization required.,PCIC-11,https://cvc.cervantes.es/ensenanza/biblioteca_ele/plan_curricular/niveles/11_saberes_y_comportamientos_inventario.htm,v1.25
10-0191,10B,SOCIOCULTURAL_APPROXIMATION_TOPIC,Identidad colectiva,3.1.1 Identidad colectiva,APPROXIMATION,"lengua, costumbres, paisaje, historia y fiestas como elementos identitarios",COLLECTIVE_IDENTITY_KNOWLEDGE,Spain only (PCIC-11 first-level specification),NOT_A1_BY_ITSELF,PCIC_APPROXIMATION_MODULAR,NO_LEXICAL_BASELINE_CHANGE,,Do not generalize automatically to Hispanic America; localization required.,PCIC-11,https://cvc.cervantes.es/ensenanza/biblioteca_ele/plan_curricular/niveles/11_saberes_y_comportamientos_inventario.htm,v1.25
10-0192,10B,SOCIOCULTURAL_APPROXIMATION_TOPIC,Identidad colectiva,3.1.1 Identidad colectiva,APPROXIMATION,lenguas oficiales/cooficiales e instituciones de fomento,SOCIOLINGUISTIC_KNOWLEDGE,Spain only (PCIC-11 first-level specification),NOT_A1_BY_ITSELF,PCIC_APPROXIMATION_MODULAR,NO_LEXICAL_BASELINE_CHANGE,,Do not generalize automatically to Hispanic America; localization required.,PCIC-11,https://cvc.cervantes.es/ensenanza/biblioteca_ele/plan_curricular/niveles/11_saberes_y_comportamientos_inventario.htm,v1.25
10-0193,10B,SOCIOCULTURAL_APPROXIMATION_TOPIC,Identidad colectiva,3.1.2 Participación,APPROXIMATION,formas de participación social,CIVIC_KNOWLEDGE,Spain only (PCIC-11 first-level specification),NOT_A1_BY_ITSELF,PCIC_APPROXIMATION_MODULAR,NO_LEXICAL_BASELINE_CHANGE,,Do not generalize automatically to Hispanic America; localization required.,PCIC-11,https://cvc.cervantes.es/ensenanza/biblioteca_ele/plan_curricular/niveles/11_saberes_y_comportamientos_inventario.htm,v1.25
10-0194,10B,SOCIOCULTURAL_APPROXIMATION_TOPIC,Identidad colectiva,3.1.2 Participación,APPROXIMATION,mecanismos de participación política,CIVIC_KNOWLEDGE,Spain only (PCIC-11 first-level specification),NOT_A1_BY_ITSELF,PCIC_APPROXIMATION_MODULAR,NO_LEXICAL_BASELINE_CHANGE,,Do not generalize automatically to Hispanic America; localization required.,PCIC-11,https://cvc.cervantes.es/ensenanza/biblioteca_ele/plan_curricular/niveles/11_saberes_y_comportamientos_inventario.htm,v1.25
10-0195,10B,SOCIOCULTURAL_APPROXIMATION_TOPIC,Identidad colectiva,3.1.3 Minorías,APPROXIMATION,principales minorías étnicas y religiosas,DIVERSITY_KNOWLEDGE,Spain only (PCIC-11 first-level specification),NOT_A1_BY_ITSELF,PCIC_APPROXIMATION_MODULAR,NO_LEXICAL_BASELINE_CHANGE,,Do not generalize automatically to Hispanic America; localization required.,PCIC-11,https://cvc.cervantes.es/ensenanza/biblioteca_ele/plan_curricular/niveles/11_saberes_y_comportamientos_inventario.htm,v1.25
10-0196,10B,SOCIOCULTURAL_APPROXIMATION_TOPIC,Estilo de vida,3.2 Tradición y cambio,APPROXIMATION,épocas del año con manifestaciones populares y tradicionales,TRADITION_KNOWLEDGE,Spain only (PCIC-11 first-level specification),NOT_A1_BY_ITSELF,PCIC_APPROXIMATION_MODULAR,NO_LEXICAL_BASELINE_CHANGE,,Do not generalize automatically to Hispanic America; localization required.,PCIC-11,https://cvc.cervantes.es/ensenanza/biblioteca_ele/plan_curricular/niveles/11_saberes_y_comportamientos_inventario.htm,v1.25
10-0197,10B,SOCIOCULTURAL_APPROXIMATION_TOPIC,Estilo de vida,3.2 Tradición y cambio,APPROXIMATION,signos y símbolos vinculados a costumbres y tradiciones,TRADITION_KNOWLEDGE,Spain only (PCIC-11 first-level specification),NOT_A1_BY_ITSELF,PCIC_APPROXIMATION_MODULAR,NO_LEXICAL_BASELINE_CHANGE,,Do not generalize automatically to Hispanic America; localization required.,PCIC-11,https://cvc.cervantes.es/ensenanza/biblioteca_ele/plan_curricular/niveles/11_saberes_y_comportamientos_inventario.htm,v1.25
10-0198,10B,SOCIOCULTURAL_APPROXIMATION_TOPIC,Estilo de vida,3.2 Tradición y cambio,APPROXIMATION,nuevas formas de disfrute del tiempo libre,LIFESTYLE_KNOWLEDGE,Spain only (PCIC-11 first-level specification),NOT_A1_BY_ITSELF,PCIC_APPROXIMATION_MODULAR,NO_LEXICAL_BASELINE_CHANGE,,Do not generalize automatically to Hispanic America; localization required.,PCIC-11,https://cvc.cervantes.es/ensenanza/biblioteca_ele/plan_curricular/niveles/11_saberes_y_comportamientos_inventario.htm,v1.25
10-0199,10B,SOCIOCULTURAL_APPROXIMATION_TOPIC,Estilo de vida,3.3 Espiritualidad y religión,APPROXIMATION,principales religiones y creencias religiosas,RELIGIOUS_KNOWLEDGE,Spain only (PCIC-11 first-level specification),NOT_A1_BY_ITSELF,PCIC_APPROXIMATION_MODULAR,NO_LEXICAL_BASELINE_CHANGE,,Do not generalize automatically to Hispanic America; localization required.,PCIC-11,https://cvc.cervantes.es/ensenanza/biblioteca_ele/plan_curricular/niveles/11_saberes_y_comportamientos_inventario.htm,v1.25
10-0200,10B,SOCIOCULTURAL_APPROXIMATION_TOPIC,Estilo de vida,3.3 Espiritualidad y religión,APPROXIMATION,centros de reunión de fieles y peregrinación,RELIGIOUS_KNOWLEDGE,Spain only (PCIC-11 first-level specification),NOT_A1_BY_ITSELF,PCIC_APPROXIMATION_MODULAR,NO_LEXICAL_BASELINE_CHANGE,,Do not generalize automatically to Hispanic America; localization required.,PCIC-11,https://cvc.cervantes.es/ensenanza/biblioteca_ele/plan_curricular/niveles/11_saberes_y_comportamientos_inventario.htm,v1.25
10-0201,10B,SOCIOCULTURAL_APPROXIMATION_TOPIC,Estilo de vida,3.4 Culturas extranjeras,APPROXIMATION,productos culturales extranjeros disponibles,INTERCULTURAL_CONTEXT_KNOWLEDGE,Spain only (PCIC-11 first-level specification),NOT_A1_BY_ITSELF,PCIC_APPROXIMATION_MODULAR,NO_LEXICAL_BASELINE_CHANGE,,Do not generalize automatically to Hispanic America; localization required.,PCIC-11,https://cvc.cervantes.es/ensenanza/biblioteca_ele/plan_curricular/niveles/11_saberes_y_comportamientos_inventario.htm,v1.25
10-0202,10B,SOCIOCULTURAL_APPROXIMATION_TOPIC,Estilo de vida,3.4 Culturas extranjeras,APPROXIMATION,tipos de restaurantes extranjeros frecuentes,INTERCULTURAL_CONTEXT_KNOWLEDGE,Spain only (PCIC-11 first-level specification),NOT_A1_BY_ITSELF,PCIC_APPROXIMATION_MODULAR,NO_LEXICAL_BASELINE_CHANGE,,Do not generalize automatically to Hispanic America; localization required.,PCIC-11,https://cvc.cervantes.es/ensenanza/biblioteca_ele/plan_curricular/niveles/11_saberes_y_comportamientos_inventario.htm,v1.25
10-0203,10B,SOCIOCULTURAL_APPROXIMATION_TOPIC,Celebraciones,3.5.1 Fiestas populares,APPROXIMATION,principales fiestas populares,CELEBRATION_KNOWLEDGE,Spain only (PCIC-11 first-level specification),NOT_A1_BY_ITSELF,PCIC_APPROXIMATION_MODULAR,NO_LEXICAL_BASELINE_CHANGE,,Do not generalize automatically to Hispanic America; localization required.,PCIC-11,https://cvc.cervantes.es/ensenanza/biblioteca_ele/plan_curricular/niveles/11_saberes_y_comportamientos_inventario.htm,v1.25
10-0204,10B,SOCIOCULTURAL_APPROXIMATION_TOPIC,Celebraciones,3.5.2 Cumpleaños,APPROXIMATION,convenciones sociales de celebración del cumpleaños,CELEBRATION_CONVENTION,Spain only (PCIC-11 first-level specification),NOT_A1_BY_ITSELF,PCIC_APPROXIMATION_MODULAR,NO_LEXICAL_BASELINE_CHANGE,,Do not generalize automatically to Hispanic America; localization required.,PCIC-11,https://cvc.cervantes.es/ensenanza/biblioteca_ele/plan_curricular/niveles/11_saberes_y_comportamientos_inventario.htm,v1.25
10-0205,10B,SOCIOCULTURAL_APPROXIMATION_TOPIC,Celebraciones,3.5.3 Ritos funerarios,APPROXIMATION,concepto de luto y simbolismo tradicional del negro,RITUAL_KNOWLEDGE,Spain only (PCIC-11 first-level specification),NOT_A1_BY_ITSELF,PCIC_APPROXIMATION_MODULAR,NO_LEXICAL_BASELINE_CHANGE,,Do not generalize automatically to Hispanic America; localization required.,PCIC-11,https://cvc.cervantes.es/ensenanza/biblioteca_ele/plan_curricular/niveles/11_saberes_y_comportamientos_inventario.htm,v1.25
10-0206,10B,A1_SOCIOCULTURAL_OPERATIONAL_MINIMUM,Competencia sociocultural mínima,CEFR/PCIC crossref,A1,establecer contacto social básico mediante saludos,SOCIAL_CONTACT,Cross-cultural / Spanish interaction,A1_CONFIRMED_OPERATIONAL,INDEPENDENT_A1_ANCHOR,NO_LEXICAL_BASELINE_CHANGE,Fase 8 Funciones/Pragmática,CEFR A1 sociolinguistic appropriateness,CEFR,https://rm.coe.int/cefr-companion-volume-with-new-descriptors-2018/1680787989.pdf,v1.25
10-0207,10B,A1_SOCIOCULTURAL_OPERATIONAL_MINIMUM,Competencia sociocultural mínima,CEFR/PCIC crossref,A1,usar despedidas cotidianas sencillas,SOCIAL_CONTACT,Cross-cultural / Spanish interaction,A1_CONFIRMED_OPERATIONAL,INDEPENDENT_A1_ANCHOR,NO_LEXICAL_BASELINE_CHANGE,Fase 8 Funciones/Pragmática,CEFR A1 sociolinguistic appropriateness,CEFR,https://rm.coe.int/cefr-companion-volume-with-new-descriptors-2018/1680787989.pdf,v1.25
10-0208,10B,A1_SOCIOCULTURAL_OPERATIONAL_MINIMUM,Competencia sociocultural mínima,CEFR/PCIC crossref,A1,hacer presentaciones personales muy básicas,SOCIAL_CONTACT,Cross-cultural / Spanish interaction,A1_CONFIRMED_OPERATIONAL,INDEPENDENT_A1_ANCHOR,NO_LEXICAL_BASELINE_CHANGE,Fase 8 Funciones/Pragmática,CEFR A1 sociolinguistic appropriateness,CEFR,https://rm.coe.int/cefr-companion-volume-with-new-descriptors-2018/1680787989.pdf,v1.25
10-0209,10B,A1_SOCIOCULTURAL_OPERATIONAL_MINIMUM,Competencia sociocultural mínima,CEFR/PCIC crossref,A1,usar fórmulas equivalentes a por favor,POLITENESS,Cross-cultural / Spanish interaction,A1_CONFIRMED_OPERATIONAL,INDEPENDENT_A1_ANCHOR,NO_LEXICAL_BASELINE_CHANGE,Fase 8 Funciones/Pragmática,CEFR A1 sociolinguistic appropriateness,CEFR,https://rm.coe.int/cefr-companion-volume-with-new-descriptors-2018/1680787989.pdf,v1.25
10-0210,10B,A1_SOCIOCULTURAL_OPERATIONAL_MINIMUM,Competencia sociocultural mínima,CEFR/PCIC crossref,A1,dar las gracias con fórmulas cotidianas simples,POLITENESS,Cross-cultural / Spanish interaction,A1_CONFIRMED_OPERATIONAL,INDEPENDENT_A1_ANCHOR,NO_LEXICAL_BASELINE_CHANGE,Fase 8 Funciones/Pragmática,CEFR A1 sociolinguistic appropriateness,CEFR,https://rm.coe.int/cefr-companion-volume-with-new-descriptors-2018/1680787989.pdf,v1.25
10-0211,10B,A1_SOCIOCULTURAL_OPERATIONAL_MINIMUM,Competencia sociocultural mínima,CEFR/PCIC crossref,A1,pedir disculpas con fórmulas cotidianas simples,POLITENESS,Cross-cultural / Spanish interaction,A1_CONFIRMED_OPERATIONAL,INDEPENDENT_A1_ANCHOR,NO_LEXICAL_BASELINE_CHANGE,Fase 8 Funciones/Pragmática,CEFR A1 sociolinguistic appropriateness,CEFR,https://rm.coe.int/cefr-companion-volume-with-new-descriptors-2018/1680787989.pdf,v1.25
10-0212,10B,A1_SOCIOCULTURAL_OPERATIONAL_MINIMUM,Competencia sociocultural mínima,CEFR/PCIC crossref,A1,seleccionar saludo según momento del día,TIME_OF_DAY_SOCIAL_CONVENTION,Cross-cultural / Spanish interaction,A1_CONFIRMED_OPERATIONAL,INDEPENDENT_A1_ANCHOR,NO_LEXICAL_BASELINE_CHANGE,Fase 8 Funciones/Pragmática,PCIC-11 1.3 crossref a Funciones A1-A2; realización A1 ya auditada en Fase 8,CEFR+PCIC-11+PHASE8,https://rm.coe.int/cefr-companion-volume-with-new-descriptors-2018/1680787989.pdf | https://cvc.cervantes.es/ensenanza/biblioteca_ele/plan_curricular/niveles/11_saberes_y_comportamientos_inventario.htm,v1.25
10-0213,10B,A1_SOCIOCULTURAL_OPERATIONAL_MINIMUM,Competencia sociocultural mínima,CEFR/PCIC crossref,A1,reconocer tratamiento básico y cortesía elemental en interacciones con desconocidos/autoridad,ADDRESS_AND_POLITENESS,Cross-cultural / Spanish interaction,A1_CONFIRMED_OPERATIONAL,INDEPENDENT_A1_ANCHOR,NO_LEXICAL_BASELINE_CHANGE,Fase 8 Funciones/Pragmática,PCIC-11 crossrefs + Fase 8 pragmática; alcance A1 restringido a realizaciones ya validadas,CEFR+PCIC-11+PHASE8,https://rm.coe.int/cefr-companion-volume-with-new-descriptors-2018/1680787989.pdf | https://cvc.cervantes.es/ensenanza/biblioteca_ele/plan_curricular/niveles/11_saberes_y_comportamientos_inventario.htm,v1.25
10-0214,10,CROSS_INVENTORY_RULE,Arquitectura,PCIC cultural component,N/A,Referente cultural ≠ saber sociocultural ≠ comportamiento ≠ habilidad intercultural,ONTOLOGY_RULE,N/A,STRUCTURAL,STRUCTURAL,NO_LEXICAL_BASELINE_CHANGE,,Keep separate entities/relations in the curriculum model.,PCIC-10/11/12,https://cvc.cervantes.es/ensenanza/biblioteca_ele/plan_curricular/niveles/10_referentes_culturales_introduccion.htm | https://cvc.cervantes.es/ensenanza/biblioteca_ele/plan_curricular/niveles/11_saberes_y_comportamientos_introduccion.htm,v1.25
10-0215,10,DEFERRED_COMPONENT,Interculturalidad,PCIC-12,UNLEVELLED_SINGLE_LIST,Habilidades y actitudes interculturales,INTERCULTURAL_SKILL_ATTITUDE,N/A,DEFERRED_TO_NEXT_CULTURAL_INTERCULTURAL_PHASE,SCOPE_DEFERRED,NO_LEXICAL_BASELINE_CHANGE,,PCIC-12 is a single modular list without phases; not included silently in 10A/10B.,PCIC-12,https://cvc.cervantes.es/ensenanza/biblioteca_ele/plan_curricular/indice.htm,v1.25
