record_id,record_type,pcic_major_section,pcic_major_title,pcic_subsection,category,subsection_title,normalized_family,source_item_ordinal,source_item_count_in_subsection,source_grading,a1_status,a1_evidence_gate,pedagogical_action,production_requirement,assessment_status,geographic_scope,cross_phase_link,notes,source_url,curriculum_version
IC-A1-001,PCIC12_INTERCULTURAL_SPECIFICATION_UNGRADED,1,Configuración de una identidad cultural plural,1.1.1,HABILIDAD,Conciencia de la propia identidad cultural,SELF_AWARENESS_CULTURAL_FILTERS,1,9,SINGLE_UNSCALED_LIST,NOT_AN_A1_ASSERTION_BY_PCIC,UNSCALED_PCIC_INTERCULTURAL_POOL,AVAILABLE_FOR_CONTEXTUAL_CURRICULUM_SELECTION,TASK_DEPENDENT_NOT_LEVEL_DEFINED,DO_NOT_TREAT_AS_LANGUAGE_LEVEL_PASS_FAIL,INTERCULTURAL; PARTICULARLY_SPAIN_AND_HISPANIC_COUNTRIES,PHASE10_CULTURAL_KNOWLEDGE; PHASE8_PRAGMATICS_WHEN_APPLICABLE,Item-level source position preserved without copying the full protected source formulation. Content family is normalized at subsection level; exact source item must be consulted at the recorded locator.,https://cvc.cervantes.es/Ensenanza/biblioteca_ele/plan_curricular/niveles/12_habilidades_y_actitudes_inventario.htm,1.26
IC-A1-002,PCIC12_INTERCULTURAL_SPECIFICATION_UNGRADED,1,Configuración de una identidad cultural plural,1.1.1,HABILIDAD,Conciencia de la propia identidad cultural,SELF_AWARENESS_CULTURAL_FILTERS,2,9,SINGLE_UNSCALED_LIST,NOT_AN_A1_ASSERTION_BY_PCIC,UNSCALED_PCIC_INTERCULTURAL_POOL,AVAILABLE_FOR_CONTEXTUAL_CURRICULUM_SELECTION,TASK_DEPENDENT_NOT_LEVEL_DEFINED,DO_NOT_TREAT_AS_LANGUAGE_LEVEL_PASS_FAIL,INTERCULTURAL; PARTICULARLY_SPAIN_AND_HISPANIC_COUNTRIES,PHASE10_CULTURAL_KNOWLEDGE; PHASE8_PRAGMATICS_WHEN_APPLICABLE,Item-level source position preserved without copying the full protected source formulation. Content family is normalized at subsection level; exact source item must be consulted at the recorded locator.,https://cvc.cervantes.es/Ensenanza/biblioteca_ele/plan_curricular/niveles/12_habilidades_y_actitudes_inventario.htm,1.26
IC-A1-003,PCIC12_INTERCULTURAL_SPECIFICATION_UNGRADED,1,Configuración de una identidad cultural plural,1.1.1,HABILIDAD,Conciencia de la propia identidad cultural,SELF_AWARENESS_CULTURAL_FILTERS,3,9,SINGLE_UNSCALED_LIST,NOT_AN_A1_ASSERTION_BY_PCIC,UNSCALED_PCIC_INTERCULTURAL_POOL,AVAILABLE_FOR_CONTEXTUAL_CURRICULUM_SELECTION,TASK_DEPENDENT_NOT_LEVEL_DEFINED,DO_NOT_TREAT_AS_LANGUAGE_LEVEL_PASS_FAIL,INTERCULTURAL; PARTICULARLY_SPAIN_AND_HISPANIC_COUNTRIES,PHASE10_CULTURAL_KNOWLEDGE; PHASE8_PRAGMATICS_WHEN_APPLICABLE,Item-level source position preserved without copying the full protected source formulation. Content family is normalized at subsection level; exact source item must be consulted at the recorded locator.,https://cvc.cervantes.es/Ensenanza/biblioteca_ele/plan_curricular/niveles/12_habilidades_y_actitudes_inventario.htm,1.26
IC-A1-004,PCIC12_INTERCULTURAL_SPECIFICATION_UNGRADED,1,Configuración de una identidad cultural plural,1.1.1,HABILIDAD,Conciencia de la propia identidad cultural,SELF_AWARENESS_CULTURAL_FILTERS,4,9,SINGLE_UNSCALED_LIST,NOT_AN_A1_ASSERTION_BY_PCIC,UNSCALED_PCIC_INTERCULTURAL_POOL,AVAILABLE_FOR_CONTEXTUAL_CURRICULUM_SELECTION,TASK_DEPENDENT_NOT_LEVEL_DEFINED,DO_NOT_TREAT_AS_LANGUAGE_LEVEL_PASS_FAIL,INTERCULTURAL; PARTICULARLY_SPAIN_AND_HISPANIC_COUNTRIES,PHASE10_CULTURAL_KNOWLEDGE; PHASE8_PRAGMATICS_WHEN_APPLICABLE,Item-level source position preserved without copying the full protected source formulation. Content family is normalized at subsection level; exact source item must be consulted at the recorded locator.,https://cvc.cervantes.es/Ensenanza/biblioteca_ele/plan_curricular/niveles/12_habilidades_y_actitudes_inventario.htm,1.26
IC-A1-005,PCIC12_INTERCULTURAL_SPECIFICATION_UNGRADED,1,Configuración de una identidad cultural plural,1.1.1,HABILIDAD,Conciencia de la propia identidad cultural,SELF_AWARENESS_CULTURAL_FILTERS,5,9,SINGLE_UNSCALED_LIST,NOT_AN_A1_ASSERTION_BY_PCIC,UNSCALED_PCIC_INTERCULTURAL_POOL,AVAILABLE_FOR_CONTEXTUAL_CURRICULUM_SELECTION,TASK_DEPENDENT_NOT_LEVEL_DEFINED,DO_NOT_TREAT_AS_LANGUAGE_LEVEL_PASS_FAIL,INTERCULTURAL; PARTICULARLY_SPAIN_AND_HISPANIC_COUNTRIES,PHASE10_CULTURAL_KNOWLEDGE; PHASE8_PRAGMATICS_WHEN_APPLICABLE,Item-level source position preserved without copying the full protected source formulation. Content family is normalized at subsection level; exact source item must be consulted at the recorded locator.,https://cvc.cervantes.es/Ensenanza/biblioteca_ele/plan_curricular/niveles/12_habilidades_y_actitudes_inventario.htm,1.26
IC-A1-006,PCIC12_INTERCULTURAL_SPECIFICATION_UNGRADED,1,Configuración de una identidad cultural plural,1.1.1,HABILIDAD,Conciencia de la propia identidad cultural,SELF_AWARENESS_CULTURAL_FILTERS,6,9,SINGLE_UNSCALED_LIST,NOT_AN_A1_ASSERTION_BY_PCIC,UNSCALED_PCIC_INTERCULTURAL_POOL,AVAILABLE_FOR_CONTEXTUAL_CURRICULUM_SELECTION,TASK_DEPENDENT_NOT_LEVEL_DEFINED,DO_NOT_TREAT_AS_LANGUAGE_LEVEL_PASS_FAIL,INTERCULTURAL; PARTICULARLY_SPAIN_AND_HISPANIC_COUNTRIES,PHASE10_CULTURAL_KNOWLEDGE; PHASE8_PRAGMATICS_WHEN_APPLICABLE,Item-level source position preserved without copying the full protected source formulation. Content family is normalized at subsection level; exact source item must be consulted at the recorded locator.,https://cvc.cervantes.es/Ensenanza/biblioteca_ele/plan_curricular/niveles/12_habilidades_y_actitudes_inventario.htm,1.26
IC-A1-007,PCIC12_INTERCULTURAL_SPECIFICATION_UNGRADED,1,Configuración de una identidad cultural plural,1.1.1,HABILIDAD,Conciencia de la propia identidad cultural,SELF_AWARENESS_CULTURAL_FILTERS,7,9,SINGLE_UNSCALED_LIST,NOT_AN_A1_ASSERTION_BY_PCIC,UNSCALED_PCIC_INTERCULTURAL_POOL,AVAILABLE_FOR_CONTEXTUAL_CURRICULUM_SELECTION,TASK_DEPENDENT_NOT_LEVEL_DEFINED,DO_NOT_TREAT_AS_LANGUAGE_LEVEL_PASS_FAIL,INTERCULTURAL; PARTICULARLY_SPAIN_AND_HISPANIC_COUNTRIES,PHASE10_CULTURAL_KNOWLEDGE; PHASE8_PRAGMATICS_WHEN_APPLICABLE,Item-level source position preserved without copying the full protected source formulation. Content family is normalized at subsection level; exact source item must be consulted at the recorded locator.,https://cvc.cervantes.es/Ensenanza/biblioteca_ele/plan_curricular/niveles/12_habilidades_y_actitudes_inventario.htm,1.26
IC-A1-008,PCIC12_INTERCULTURAL_SPECIFICATION_UNGRADED,1,Configuración de una identidad cultural plural,1.1.1,HABILIDAD,Conciencia de la propia identidad cultural,SELF_AWARENESS_CULTURAL_FILTERS,8,9,SINGLE_UNSCALED_LIST,NOT_AN_A1_ASSERTION_BY_PCIC,UNSCALED_PCIC_INTERCULTURAL_POOL,AVAILABLE_FOR_CONTEXTUAL_CURRICULUM_SELECTION,TASK_DEPENDENT_NOT_LEVEL_DEFINED,DO_NOT_TREAT_AS_LANGUAGE_LEVEL_PASS_FAIL,INTERCULTURAL; PARTICULARLY_SPAIN_AND_HISPANIC_COUNTRIES,PHASE10_CULTURAL_KNOWLEDGE; PHASE8_PRAGMATICS_WHEN_APPLICABLE,Item-level source position preserved without copying the full protected source formulation. Content family is normalized at subsection level; exact source item must be consulted at the recorded locator.,https://cvc.cervantes.es/Ensenanza/biblioteca_ele/plan_curricular/niveles/12_habilidades_y_actitudes_inventario.htm,1.26
IC-A1-009,PCIC12_INTERCULTURAL_SPECIFICATION_UNGRADED,1,Configuración de una identidad cultural plural,1.1.1,HABILIDAD,Conciencia de la propia identidad cultural,SELF_AWARENESS_CULTURAL_FILTERS,9,9,SINGLE_UNSCALED_LIST,NOT_AN_A1_ASSERTION_BY_PCIC,UNSCALED_PCIC_INTERCULTURAL_POOL,AVAILABLE_FOR_CONTEXTUAL_CURRICULUM_SELECTION,TASK_DEPENDENT_NOT_LEVEL_DEFINED,DO_NOT_TREAT_AS_LANGUAGE_LEVEL_PASS_FAIL,INTERCULTURAL; PARTICULARLY_SPAIN_AND_HISPANIC_COUNTRIES,PHASE10_CULTURAL_KNOWLEDGE; PHASE8_PRAGMATICS_WHEN_APPLICABLE,Item-level source position preserved without copying the full protected source formulation. Content family is normalized at subsection level; exact source item must be consulted at the recorded locator.,https://cvc.cervantes.es/Ensenanza/biblioteca_ele/plan_curricular/niveles/12_habilidades_y_actitudes_inventario.htm,1.26
IC-A1-010,PCIC12_INTERCULTURAL_SPECIFICATION_UNGRADED,1,Configuración de una identidad cultural plural,1.1.2,HABILIDAD,Percepción de diferencias culturales,PERCEPTION_OF_CULTURAL_DIFFERENCE,1,7,SINGLE_UNSCALED_LIST,NOT_AN_A1_ASSERTION_BY_PCIC,UNSCALED_PCIC_INTERCULTURAL_POOL,AVAILABLE_FOR_CONTEXTUAL_CURRICULUM_SELECTION,TASK_DEPENDENT_NOT_LEVEL_DEFINED,DO_NOT_TREAT_AS_LANGUAGE_LEVEL_PASS_FAIL,INTERCULTURAL; PARTICULARLY_SPAIN_AND_HISPANIC_COUNTRIES,PHASE10_CULTURAL_KNOWLEDGE; PHASE8_PRAGMATICS_WHEN_APPLICABLE,Item-level source position preserved without copying the full protected source formulation. Content family is normalized at subsection level; exact source item must be consulted at the recorded locator.,https://cvc.cervantes.es/Ensenanza/biblioteca_ele/plan_curricular/niveles/12_habilidades_y_actitudes_inventario.htm,1.26
IC-A1-011,PCIC12_INTERCULTURAL_SPECIFICATION_UNGRADED,1,Configuración de una identidad cultural plural,1.1.2,HABILIDAD,Percepción de diferencias culturales,PERCEPTION_OF_CULTURAL_DIFFERENCE,2,7,SINGLE_UNSCALED_LIST,NOT_AN_A1_ASSERTION_BY_PCIC,UNSCALED_PCIC_INTERCULTURAL_POOL,AVAILABLE_FOR_CONTEXTUAL_CURRICULUM_SELECTION,TASK_DEPENDENT_NOT_LEVEL_DEFINED,DO_NOT_TREAT_AS_LANGUAGE_LEVEL_PASS_FAIL,INTERCULTURAL; PARTICULARLY_SPAIN_AND_HISPANIC_COUNTRIES,PHASE10_CULTURAL_KNOWLEDGE; PHASE8_PRAGMATICS_WHEN_APPLICABLE,Item-level source position preserved without copying the full protected source formulation. Content family is normalized at subsection level; exact source item must be consulted at the recorded locator.,https://cvc.cervantes.es/Ensenanza/biblioteca_ele/plan_curricular/niveles/12_habilidades_y_actitudes_inventario.htm,1.26
IC-A1-012,PCIC12_INTERCULTURAL_SPECIFICATION_UNGRADED,1,Configuración de una identidad cultural plural,1.1.2,HABILIDAD,Percepción de diferencias culturales,PERCEPTION_OF_CULTURAL_DIFFERENCE,3,7,SINGLE_UNSCALED_LIST,NOT_AN_A1_ASSERTION_BY_PCIC,UNSCALED_PCIC_INTERCULTURAL_POOL,AVAILABLE_FOR_CONTEXTUAL_CURRICULUM_SELECTION,TASK_DEPENDENT_NOT_LEVEL_DEFINED,DO_NOT_TREAT_AS_LANGUAGE_LEVEL_PASS_FAIL,INTERCULTURAL; PARTICULARLY_SPAIN_AND_HISPANIC_COUNTRIES,PHASE10_CULTURAL_KNOWLEDGE; PHASE8_PRAGMATICS_WHEN_APPLICABLE,Item-level source position preserved without copying the full protected source formulation. Content family is normalized at subsection level; exact source item must be consulted at the recorded locator.,https://cvc.cervantes.es/Ensenanza/biblioteca_ele/plan_curricular/niveles/12_habilidades_y_actitudes_inventario.htm,1.26
IC-A1-013,PCIC12_INTERCULTURAL_SPECIFICATION_UNGRADED,1,Configuración de una identidad cultural plural,1.1.2,HABILIDAD,Percepción de diferencias culturales,PERCEPTION_OF_CULTURAL_DIFFERENCE,4,7,SINGLE_UNSCALED_LIST,NOT_AN_A1_ASSERTION_BY_PCIC,UNSCALED_PCIC_INTERCULTURAL_POOL,AVAILABLE_FOR_CONTEXTUAL_CURRICULUM_SELECTION,TASK_DEPENDENT_NOT_LEVEL_DEFINED,DO_NOT_TREAT_AS_LANGUAGE_LEVEL_PASS_FAIL,INTERCULTURAL; PARTICULARLY_SPAIN_AND_HISPANIC_COUNTRIES,PHASE10_CULTURAL_KNOWLEDGE; PHASE8_PRAGMATICS_WHEN_APPLICABLE,Item-level source position preserved without copying the full protected source formulation. Content family is normalized at subsection level; exact source item must be consulted at the recorded locator.,https://cvc.cervantes.es/Ensenanza/biblioteca_ele/plan_curricular/niveles/12_habilidades_y_actitudes_inventario.htm,1.26
IC-A1-014,PCIC12_INTERCULTURAL_SPECIFICATION_UNGRADED,1,Configuración de una identidad cultural plural,1.1.2,HABILIDAD,Percepción de diferencias culturales,PERCEPTION_OF_CULTURAL_DIFFERENCE,5,7,SINGLE_UNSCALED_LIST,NOT_AN_A1_ASSERTION_BY_PCIC,UNSCALED_PCIC_INTERCULTURAL_POOL,AVAILABLE_FOR_CONTEXTUAL_CURRICULUM_SELECTION,TASK_DEPENDENT_NOT_LEVEL_DEFINED,DO_NOT_TREAT_AS_LANGUAGE_LEVEL_PASS_FAIL,INTERCULTURAL; PARTICULARLY_SPAIN_AND_HISPANIC_COUNTRIES,PHASE10_CULTURAL_KNOWLEDGE; PHASE8_PRAGMATICS_WHEN_APPLICABLE,Item-level source position preserved without copying the full protected source formulation. Content family is normalized at subsection level; exact source item must be consulted at the recorded locator.,https://cvc.cervantes.es/Ensenanza/biblioteca_ele/plan_curricular/niveles/12_habilidades_y_actitudes_inventario.htm,1.26
IC-A1-015,PCIC12_INTERCULTURAL_SPECIFICATION_UNGRADED,1,Configuración de una identidad cultural plural,1.1.2,HABILIDAD,Percepción de diferencias culturales,PERCEPTION_OF_CULTURAL_DIFFERENCE,6,7,SINGLE_UNSCALED_LIST,NOT_AN_A1_ASSERTION_BY_PCIC,UNSCALED_PCIC_INTERCULTURAL_POOL,AVAILABLE_FOR_CONTEXTUAL_CURRICULUM_SELECTION,TASK_DEPENDENT_NOT_LEVEL_DEFINED,DO_NOT_TREAT_AS_LANGUAGE_LEVEL_PASS_FAIL,INTERCULTURAL; PARTICULARLY_SPAIN_AND_HISPANIC_COUNTRIES,PHASE10_CULTURAL_KNOWLEDGE; PHASE8_PRAGMATICS_WHEN_APPLICABLE,Item-level source position preserved without copying the full protected source formulation. Content family is normalized at subsection level; exact source item must be consulted at the recorded locator.,https://cvc.cervantes.es/Ensenanza/biblioteca_ele/plan_curricular/niveles/12_habilidades_y_actitudes_inventario.htm,1.26
IC-A1-016,PCIC12_INTERCULTURAL_SPECIFICATION_UNGRADED,1,Configuración de una identidad cultural plural,1.1.2,HABILIDAD,Percepción de diferencias culturales,PERCEPTION_OF_CULTURAL_DIFFERENCE,7,7,SINGLE_UNSCALED_LIST,NOT_AN_A1_ASSERTION_BY_PCIC,UNSCALED_PCIC_INTERCULTURAL_POOL,AVAILABLE_FOR_CONTEXTUAL_CURRICULUM_SELECTION,TASK_DEPENDENT_NOT_LEVEL_DEFINED,DO_NOT_TREAT_AS_LANGUAGE_LEVEL_PASS_FAIL,INTERCULTURAL; PARTICULARLY_SPAIN_AND_HISPANIC_COUNTRIES,PHASE10_CULTURAL_KNOWLEDGE; PHASE8_PRAGMATICS_WHEN_APPLICABLE,Item-level source position preserved without copying the full protected source formulation. Content family is normalized at subsection level; exact source item must be consulted at the recorded locator.,https://cvc.cervantes.es/Ensenanza/biblioteca_ele/plan_curricular/niveles/12_habilidades_y_actitudes_inventario.htm,1.26
IC-A1-017,PCIC12_INTERCULTURAL_SPECIFICATION_UNGRADED,1,Configuración de una identidad cultural plural,1.1.3,HABILIDAD,Aproximación cultural,CULTURAL_APPROACH_STEREOTYPE_REVIEW,1,11,SINGLE_UNSCALED_LIST,NOT_AN_A1_ASSERTION_BY_PCIC,UNSCALED_PCIC_INTERCULTURAL_POOL,AVAILABLE_FOR_CONTEXTUAL_CURRICULUM_SELECTION,TASK_DEPENDENT_NOT_LEVEL_DEFINED,DO_NOT_TREAT_AS_LANGUAGE_LEVEL_PASS_FAIL,INTERCULTURAL; PARTICULARLY_SPAIN_AND_HISPANIC_COUNTRIES,PHASE10_CULTURAL_KNOWLEDGE; PHASE8_PRAGMATICS_WHEN_APPLICABLE,Item-level source position preserved without copying the full protected source formulation. Content family is normalized at subsection level; exact source item must be consulted at the recorded locator.,https://cvc.cervantes.es/Ensenanza/biblioteca_ele/plan_curricular/niveles/12_habilidades_y_actitudes_inventario.htm,1.26
IC-A1-018,PCIC12_INTERCULTURAL_SPECIFICATION_UNGRADED,1,Configuración de una identidad cultural plural,1.1.3,HABILIDAD,Aproximación cultural,CULTURAL_APPROACH_STEREOTYPE_REVIEW,2,11,SINGLE_UNSCALED_LIST,NOT_AN_A1_ASSERTION_BY_PCIC,UNSCALED_PCIC_INTERCULTURAL_POOL,AVAILABLE_FOR_CONTEXTUAL_CURRICULUM_SELECTION,TASK_DEPENDENT_NOT_LEVEL_DEFINED,DO_NOT_TREAT_AS_LANGUAGE_LEVEL_PASS_FAIL,INTERCULTURAL; PARTICULARLY_SPAIN_AND_HISPANIC_COUNTRIES,PHASE10_CULTURAL_KNOWLEDGE; PHASE8_PRAGMATICS_WHEN_APPLICABLE,Item-level source position preserved without copying the full protected source formulation. Content family is normalized at subsection level; exact source item must be consulted at the recorded locator.,https://cvc.cervantes.es/Ensenanza/biblioteca_ele/plan_curricular/niveles/12_habilidades_y_actitudes_inventario.htm,1.26
IC-A1-019,PCIC12_INTERCULTURAL_SPECIFICATION_UNGRADED,1,Configuración de una identidad cultural plural,1.1.3,HABILIDAD,Aproximación cultural,CULTURAL_APPROACH_STEREOTYPE_REVIEW,3,11,SINGLE_UNSCALED_LIST,NOT_AN_A1_ASSERTION_BY_PCIC,UNSCALED_PCIC_INTERCULTURAL_POOL,AVAILABLE_FOR_CONTEXTUAL_CURRICULUM_SELECTION,TASK_DEPENDENT_NOT_LEVEL_DEFINED,DO_NOT_TREAT_AS_LANGUAGE_LEVEL_PASS_FAIL,INTERCULTURAL; PARTICULARLY_SPAIN_AND_HISPANIC_COUNTRIES,PHASE10_CULTURAL_KNOWLEDGE; PHASE8_PRAGMATICS_WHEN_APPLICABLE,Item-level source position preserved without copying the full protected source formulation. Content family is normalized at subsection level; exact source item must be consulted at the recorded locator.,https://cvc.cervantes.es/Ensenanza/biblioteca_ele/plan_curricular/niveles/12_habilidades_y_actitudes_inventario.htm,1.26
IC-A1-020,PCIC12_INTERCULTURAL_SPECIFICATION_UNGRADED,1,Configuración de una identidad cultural plural,1.1.3,HABILIDAD,Aproximación cultural,CULTURAL_APPROACH_STEREOTYPE_REVIEW,4,11,SINGLE_UNSCALED_LIST,NOT_AN_A1_ASSERTION_BY_PCIC,UNSCALED_PCIC_INTERCULTURAL_POOL,AVAILABLE_FOR_CONTEXTUAL_CURRICULUM_SELECTION,TASK_DEPENDENT_NOT_LEVEL_DEFINED,DO_NOT_TREAT_AS_LANGUAGE_LEVEL_PASS_FAIL,INTERCULTURAL; PARTICULARLY_SPAIN_AND_HISPANIC_COUNTRIES,PHASE10_CULTURAL_KNOWLEDGE; PHASE8_PRAGMATICS_WHEN_APPLICABLE,Item-level source position preserved without copying the full protected source formulation. Content family is normalized at subsection level; exact source item must be consulted at the recorded locator.,https://cvc.cervantes.es/Ensenanza/biblioteca_ele/plan_curricular/niveles/12_habilidades_y_actitudes_inventario.htm,1.26
IC-A1-021,PCIC12_INTERCULTURAL_SPECIFICATION_UNGRADED,1,Configuración de una identidad cultural plural,1.1.3,HABILIDAD,Aproximación cultural,CULTURAL_APPROACH_STEREOTYPE_REVIEW,5,11,SINGLE_UNSCALED_LIST,NOT_AN_A1_ASSERTION_BY_PCIC,UNSCALED_PCIC_INTERCULTURAL_POOL,AVAILABLE_FOR_CONTEXTUAL_CURRICULUM_SELECTION,TASK_DEPENDENT_NOT_LEVEL_DEFINED,DO_NOT_TREAT_AS_LANGUAGE_LEVEL_PASS_FAIL,INTERCULTURAL; PARTICULARLY_SPAIN_AND_HISPANIC_COUNTRIES,PHASE10_CULTURAL_KNOWLEDGE; PHASE8_PRAGMATICS_WHEN_APPLICABLE,Item-level source position preserved without copying the full protected source formulation. Content family is normalized at subsection level; exact source item must be consulted at the recorded locator.,https://cvc.cervantes.es/Ensenanza/biblioteca_ele/plan_curricular/niveles/12_habilidades_y_actitudes_inventario.htm,1.26
IC-A1-022,PCIC12_INTERCULTURAL_SPECIFICATION_UNGRADED,1,Configuración de una identidad cultural plural,1.1.3,HABILIDAD,Aproximación cultural,CULTURAL_APPROACH_STEREOTYPE_REVIEW,6,11,SINGLE_UNSCALED_LIST,NOT_AN_A1_ASSERTION_BY_PCIC,UNSCALED_PCIC_INTERCULTURAL_POOL,AVAILABLE_FOR_CONTEXTUAL_CURRICULUM_SELECTION,TASK_DEPENDENT_NOT_LEVEL_DEFINED,DO_NOT_TREAT_AS_LANGUAGE_LEVEL_PASS_FAIL,INTERCULTURAL; PARTICULARLY_SPAIN_AND_HISPANIC_COUNTRIES,PHASE10_CULTURAL_KNOWLEDGE; PHASE8_PRAGMATICS_WHEN_APPLICABLE,Item-level source position preserved without copying the full protected source formulation. Content family is normalized at subsection level; exact source item must be consulted at the recorded locator.,https://cvc.cervantes.es/Ensenanza/biblioteca_ele/plan_curricular/niveles/12_habilidades_y_actitudes_inventario.htm,1.26
IC-A1-023,PCIC12_INTERCULTURAL_SPECIFICATION_UNGRADED,1,Configuración de una identidad cultural plural,1.1.3,HABILIDAD,Aproximación cultural,CULTURAL_APPROACH_STEREOTYPE_REVIEW,7,11,SINGLE_UNSCALED_LIST,NOT_AN_A1_ASSERTION_BY_PCIC,UNSCALED_PCIC_INTERCULTURAL_POOL,AVAILABLE_FOR_CONTEXTUAL_CURRICULUM_SELECTION,TASK_DEPENDENT_NOT_LEVEL_DEFINED,DO_NOT_TREAT_AS_LANGUAGE_LEVEL_PASS_FAIL,INTERCULTURAL; PARTICULARLY_SPAIN_AND_HISPANIC_COUNTRIES,PHASE10_CULTURAL_KNOWLEDGE; PHASE8_PRAGMATICS_WHEN_APPLICABLE,Item-level source position preserved without copying the full protected source formulation. Content family is normalized at subsection level; exact source item must be consulted at the recorded locator.,https://cvc.cervantes.es/Ensenanza/biblioteca_ele/plan_curricular/niveles/12_habilidades_y_actitudes_inventario.htm,1.26
IC-A1-024,PCIC12_INTERCULTURAL_SPECIFICATION_UNGRADED,1,Configuración de una identidad cultural plural,1.1.3,HABILIDAD,Aproximación cultural,CULTURAL_APPROACH_STEREOTYPE_REVIEW,8,11,SINGLE_UNSCALED_LIST,NOT_AN_A1_ASSERTION_BY_PCIC,UNSCALED_PCIC_INTERCULTURAL_POOL,AVAILABLE_FOR_CONTEXTUAL_CURRICULUM_SELECTION,TASK_DEPENDENT_NOT_LEVEL_DEFINED,DO_NOT_TREAT_AS_LANGUAGE_LEVEL_PASS_FAIL,INTERCULTURAL; PARTICULARLY_SPAIN_AND_HISPANIC_COUNTRIES,PHASE10_CULTURAL_KNOWLEDGE; PHASE8_PRAGMATICS_WHEN_APPLICABLE,Item-level source position preserved without copying the full protected source formulation. Content family is normalized at subsection level; exact source item must be consulted at the recorded locator.,https://cvc.cervantes.es/Ensenanza/biblioteca_ele/plan_curricular/niveles/12_habilidades_y_actitudes_inventario.htm,1.26
IC-A1-025,PCIC12_INTERCULTURAL_SPECIFICATION_UNGRADED,1,Configuración de una identidad cultural plural,1.1.3,HABILIDAD,Aproximación cultural,CULTURAL_APPROACH_STEREOTYPE_REVIEW,9,11,SINGLE_UNSCALED_LIST,NOT_AN_A1_ASSERTION_BY_PCIC,UNSCALED_PCIC_INTERCULTURAL_POOL,AVAILABLE_FOR_CONTEXTUAL_CURRICULUM_SELECTION,TASK_DEPENDENT_NOT_LEVEL_DEFINED,DO_NOT_TREAT_AS_LANGUAGE_LEVEL_PASS_FAIL,INTERCULTURAL; PARTICULARLY_SPAIN_AND_HISPANIC_COUNTRIES,PHASE10_CULTURAL_KNOWLEDGE; PHASE8_PRAGMATICS_WHEN_APPLICABLE,Item-level source position preserved without copying the full protected source formulation. Content family is normalized at subsection level; exact source item must be consulted at the recorded locator.,https://cvc.cervantes.es/Ensenanza/biblioteca_ele/plan_curricular/niveles/12_habilidades_y_actitudes_inventario.htm,1.26
IC-A1-026,PCIC12_INTERCULTURAL_SPECIFICATION_UNGRADED,1,Configuración de una identidad cultural plural,1.1.3,HABILIDAD,Aproximación cultural,CULTURAL_APPROACH_STEREOTYPE_REVIEW,10,11,SINGLE_UNSCALED_LIST,NOT_AN_A1_ASSERTION_BY_PCIC,UNSCALED_PCIC_INTERCULTURAL_POOL,AVAILABLE_FOR_CONTEXTUAL_CURRICULUM_SELECTION,TASK_DEPENDENT_NOT_LEVEL_DEFINED,DO_NOT_TREAT_AS_LANGUAGE_LEVEL_PASS_FAIL,INTERCULTURAL; PARTICULARLY_SPAIN_AND_HISPANIC_COUNTRIES,PHASE10_CULTURAL_KNOWLEDGE; PHASE8_PRAGMATICS_WHEN_APPLICABLE,Item-level source position preserved without copying the full protected source formulation. Content family is normalized at subsection level; exact source item must be consulted at the recorded locator.,https://cvc.cervantes.es/Ensenanza/biblioteca_ele/plan_curricular/niveles/12_habilidades_y_actitudes_inventario.htm,1.26
IC-A1-027,PCIC12_INTERCULTURAL_SPECIFICATION_UNGRADED,1,Configuración de una identidad cultural plural,1.1.3,HABILIDAD,Aproximación cultural,CULTURAL_APPROACH_STEREOTYPE_REVIEW,11,11,SINGLE_UNSCALED_LIST,NOT_AN_A1_ASSERTION_BY_PCIC,UNSCALED_PCIC_INTERCULTURAL_POOL,AVAILABLE_FOR_CONTEXTUAL_CURRICULUM_SELECTION,TASK_DEPENDENT_NOT_LEVEL_DEFINED,DO_NOT_TREAT_AS_LANGUAGE_LEVEL_PASS_FAIL,INTERCULTURAL; PARTICULARLY_SPAIN_AND_HISPANIC_COUNTRIES,PHASE10_CULTURAL_KNOWLEDGE; PHASE8_PRAGMATICS_WHEN_APPLICABLE,Item-level source position preserved without copying the full protected source formulation. Content family is normalized at subsection level; exact source item must be consulted at the recorded locator.,https://cvc.cervantes.es/Ensenanza/biblioteca_ele/plan_curricular/niveles/12_habilidades_y_actitudes_inventario.htm,1.26
IC-A1-028,PCIC12_INTERCULTURAL_SPECIFICATION_UNGRADED,1,Configuración de una identidad cultural plural,1.1.4,HABILIDAD,Reconocimiento de la diversidad cultural,DIVERSITY_AS_ENRICHMENT,1,2,SINGLE_UNSCALED_LIST,NOT_AN_A1_ASSERTION_BY_PCIC,UNSCALED_PCIC_INTERCULTURAL_POOL,AVAILABLE_FOR_CONTEXTUAL_CURRICULUM_SELECTION,TASK_DEPENDENT_NOT_LEVEL_DEFINED,DO_NOT_TREAT_AS_LANGUAGE_LEVEL_PASS_FAIL,INTERCULTURAL; PARTICULARLY_SPAIN_AND_HISPANIC_COUNTRIES,PHASE10_CULTURAL_KNOWLEDGE; PHASE8_PRAGMATICS_WHEN_APPLICABLE,Item-level source position preserved without copying the full protected source formulation. Content family is normalized at subsection level; exact source item must be consulted at the recorded locator.,https://cvc.cervantes.es/Ensenanza/biblioteca_ele/plan_curricular/niveles/12_habilidades_y_actitudes_inventario.htm,1.26
IC-A1-029,PCIC12_INTERCULTURAL_SPECIFICATION_UNGRADED,1,Configuración de una identidad cultural plural,1.1.4,HABILIDAD,Reconocimiento de la diversidad cultural,DIVERSITY_AS_ENRICHMENT,2,2,SINGLE_UNSCALED_LIST,NOT_AN_A1_ASSERTION_BY_PCIC,UNSCALED_PCIC_INTERCULTURAL_POOL,AVAILABLE_FOR_CONTEXTUAL_CURRICULUM_SELECTION,TASK_DEPENDENT_NOT_LEVEL_DEFINED,DO_NOT_TREAT_AS_LANGUAGE_LEVEL_PASS_FAIL,INTERCULTURAL; PARTICULARLY_SPAIN_AND_HISPANIC_COUNTRIES,PHASE10_CULTURAL_KNOWLEDGE; PHASE8_PRAGMATICS_WHEN_APPLICABLE,Item-level source position preserved without copying the full protected source formulation. Content family is normalized at subsection level; exact source item must be consulted at the recorded locator.,https://cvc.cervantes.es/Ensenanza/biblioteca_ele/plan_curricular/niveles/12_habilidades_y_actitudes_inventario.htm,1.26
IC-A1-030,PCIC12_INTERCULTURAL_SPECIFICATION_UNGRADED,1,Configuración de una identidad cultural plural,1.1.5,HABILIDAD,"Adaptación, integración (voluntaria)",VOLUNTARY_ADAPTATION_INTEGRATION,1,6,SINGLE_UNSCALED_LIST,NOT_AN_A1_ASSERTION_BY_PCIC,UNSCALED_PCIC_INTERCULTURAL_POOL,AVAILABLE_FOR_CONTEXTUAL_CURRICULUM_SELECTION,TASK_DEPENDENT_NOT_LEVEL_DEFINED,DO_NOT_TREAT_AS_LANGUAGE_LEVEL_PASS_FAIL,INTERCULTURAL; PARTICULARLY_SPAIN_AND_HISPANIC_COUNTRIES,PHASE10_CULTURAL_KNOWLEDGE; PHASE8_PRAGMATICS_WHEN_APPLICABLE,Item-level source position preserved without copying the full protected source formulation. Content family is normalized at subsection level; exact source item must be consulted at the recorded locator.,https://cvc.cervantes.es/Ensenanza/biblioteca_ele/plan_curricular/niveles/12_habilidades_y_actitudes_inventario.htm,1.26
IC-A1-031,PCIC12_INTERCULTURAL_SPECIFICATION_UNGRADED,1,Configuración de una identidad cultural plural,1.1.5,HABILIDAD,"Adaptación, integración (voluntaria)",VOLUNTARY_ADAPTATION_INTEGRATION,2,6,SINGLE_UNSCALED_LIST,NOT_AN_A1_ASSERTION_BY_PCIC,UNSCALED_PCIC_INTERCULTURAL_POOL,AVAILABLE_FOR_CONTEXTUAL_CURRICULUM_SELECTION,TASK_DEPENDENT_NOT_LEVEL_DEFINED,DO_NOT_TREAT_AS_LANGUAGE_LEVEL_PASS_FAIL,INTERCULTURAL; PARTICULARLY_SPAIN_AND_HISPANIC_COUNTRIES,PHASE10_CULTURAL_KNOWLEDGE; PHASE8_PRAGMATICS_WHEN_APPLICABLE,Item-level source position preserved without copying the full protected source formulation. Content family is normalized at subsection level; exact source item must be consulted at the recorded locator.,https://cvc.cervantes.es/Ensenanza/biblioteca_ele/plan_curricular/niveles/12_habilidades_y_actitudes_inventario.htm,1.26
IC-A1-032,PCIC12_INTERCULTURAL_SPECIFICATION_UNGRADED,1,Configuración de una identidad cultural plural,1.1.5,HABILIDAD,"Adaptación, integración (voluntaria)",VOLUNTARY_ADAPTATION_INTEGRATION,3,6,SINGLE_UNSCALED_LIST,NOT_AN_A1_ASSERTION_BY_PCIC,UNSCALED_PCIC_INTERCULTURAL_POOL,AVAILABLE_FOR_CONTEXTUAL_CURRICULUM_SELECTION,TASK_DEPENDENT_NOT_LEVEL_DEFINED,DO_NOT_TREAT_AS_LANGUAGE_LEVEL_PASS_FAIL,INTERCULTURAL; PARTICULARLY_SPAIN_AND_HISPANIC_COUNTRIES,PHASE10_CULTURAL_KNOWLEDGE; PHASE8_PRAGMATICS_WHEN_APPLICABLE,Item-level source position preserved without copying the full protected source formulation. Content family is normalized at subsection level; exact source item must be consulted at the recorded locator.,https://cvc.cervantes.es/Ensenanza/biblioteca_ele/plan_curricular/niveles/12_habilidades_y_actitudes_inventario.htm,1.26
IC-A1-033,PCIC12_INTERCULTURAL_SPECIFICATION_UNGRADED,1,Configuración de una identidad cultural plural,1.1.5,HABILIDAD,"Adaptación, integración (voluntaria)",VOLUNTARY_ADAPTATION_INTEGRATION,4,6,SINGLE_UNSCALED_LIST,NOT_AN_A1_ASSERTION_BY_PCIC,UNSCALED_PCIC_INTERCULTURAL_POOL,AVAILABLE_FOR_CONTEXTUAL_CURRICULUM_SELECTION,TASK_DEPENDENT_NOT_LEVEL_DEFINED,DO_NOT_TREAT_AS_LANGUAGE_LEVEL_PASS_FAIL,INTERCULTURAL; PARTICULARLY_SPAIN_AND_HISPANIC_COUNTRIES,PHASE10_CULTURAL_KNOWLEDGE; PHASE8_PRAGMATICS_WHEN_APPLICABLE,Item-level source position preserved without copying the full protected source formulation. Content family is normalized at subsection level; exact source item must be consulted at the recorded locator.,https://cvc.cervantes.es/Ensenanza/biblioteca_ele/plan_curricular/niveles/12_habilidades_y_actitudes_inventario.htm,1.26
IC-A1-034,PCIC12_INTERCULTURAL_SPECIFICATION_UNGRADED,1,Configuración de una identidad cultural plural,1.1.5,HABILIDAD,"Adaptación, integración (voluntaria)",VOLUNTARY_ADAPTATION_INTEGRATION,5,6,SINGLE_UNSCALED_LIST,NOT_AN_A1_ASSERTION_BY_PCIC,UNSCALED_PCIC_INTERCULTURAL_POOL,AVAILABLE_FOR_CONTEXTUAL_CURRICULUM_SELECTION,TASK_DEPENDENT_NOT_LEVEL_DEFINED,DO_NOT_TREAT_AS_LANGUAGE_LEVEL_PASS_FAIL,INTERCULTURAL; PARTICULARLY_SPAIN_AND_HISPANIC_COUNTRIES,PHASE10_CULTURAL_KNOWLEDGE; PHASE8_PRAGMATICS_WHEN_APPLICABLE,Item-level source position preserved without copying the full protected source formulation. Content family is normalized at subsection level; exact source item must be consulted at the recorded locator.,https://cvc.cervantes.es/Ensenanza/biblioteca_ele/plan_curricular/niveles/12_habilidades_y_actitudes_inventario.htm,1.26
IC-A1-035,PCIC12_INTERCULTURAL_SPECIFICATION_UNGRADED,1,Configuración de una identidad cultural plural,1.1.5,HABILIDAD,"Adaptación, integración (voluntaria)",VOLUNTARY_ADAPTATION_INTEGRATION,6,6,SINGLE_UNSCALED_LIST,NOT_AN_A1_ASSERTION_BY_PCIC,UNSCALED_PCIC_INTERCULTURAL_POOL,AVAILABLE_FOR_CONTEXTUAL_CURRICULUM_SELECTION,TASK_DEPENDENT_NOT_LEVEL_DEFINED,DO_NOT_TREAT_AS_LANGUAGE_LEVEL_PASS_FAIL,INTERCULTURAL; PARTICULARLY_SPAIN_AND_HISPANIC_COUNTRIES,PHASE10_CULTURAL_KNOWLEDGE; PHASE8_PRAGMATICS_WHEN_APPLICABLE,Item-level source position preserved without copying the full protected source formulation. Content family is normalized at subsection level; exact source item must be consulted at the recorded locator.,https://cvc.cervantes.es/Ensenanza/biblioteca_ele/plan_curricular/niveles/12_habilidades_y_actitudes_inventario.htm,1.26
IC-A1-036,PCIC12_INTERCULTURAL_SPECIFICATION_UNGRADED,1,Configuración de una identidad cultural plural,1.2.1,ACTITUD,Empatía,EMPATHY,1,3,SINGLE_UNSCALED_LIST,NOT_AN_A1_ASSERTION_BY_PCIC,UNSCALED_PCIC_INTERCULTURAL_POOL,AVAILABLE_FOR_CONTEXTUAL_CURRICULUM_SELECTION,TASK_DEPENDENT_NOT_LEVEL_DEFINED,DO_NOT_TREAT_AS_LANGUAGE_LEVEL_PASS_FAIL,INTERCULTURAL; PARTICULARLY_SPAIN_AND_HISPANIC_COUNTRIES,PHASE10_CULTURAL_KNOWLEDGE; PHASE8_PRAGMATICS_WHEN_APPLICABLE,Item-level source position preserved without copying the full protected source formulation. Content family is normalized at subsection level; exact source item must be consulted at the recorded locator.,https://cvc.cervantes.es/Ensenanza/biblioteca_ele/plan_curricular/niveles/12_habilidades_y_actitudes_inventario.htm,1.26
IC-A1-037,PCIC12_INTERCULTURAL_SPECIFICATION_UNGRADED,1,Configuración de una identidad cultural plural,1.2.1,ACTITUD,Empatía,EMPATHY,2,3,SINGLE_UNSCALED_LIST,NOT_AN_A1_ASSERTION_BY_PCIC,UNSCALED_PCIC_INTERCULTURAL_POOL,AVAILABLE_FOR_CONTEXTUAL_CURRICULUM_SELECTION,TASK_DEPENDENT_NOT_LEVEL_DEFINED,DO_NOT_TREAT_AS_LANGUAGE_LEVEL_PASS_FAIL,INTERCULTURAL; PARTICULARLY_SPAIN_AND_HISPANIC_COUNTRIES,PHASE10_CULTURAL_KNOWLEDGE; PHASE8_PRAGMATICS_WHEN_APPLICABLE,Item-level source position preserved without copying the full protected source formulation. Content family is normalized at subsection level; exact source item must be consulted at the recorded locator.,https://cvc.cervantes.es/Ensenanza/biblioteca_ele/plan_curricular/niveles/12_habilidades_y_actitudes_inventario.htm,1.26
IC-A1-038,PCIC12_INTERCULTURAL_SPECIFICATION_UNGRADED,1,Configuración de una identidad cultural plural,1.2.1,ACTITUD,Empatía,EMPATHY,3,3,SINGLE_UNSCALED_LIST,NOT_AN_A1_ASSERTION_BY_PCIC,UNSCALED_PCIC_INTERCULTURAL_POOL,AVAILABLE_FOR_CONTEXTUAL_CURRICULUM_SELECTION,TASK_DEPENDENT_NOT_LEVEL_DEFINED,DO_NOT_TREAT_AS_LANGUAGE_LEVEL_PASS_FAIL,INTERCULTURAL; PARTICULARLY_SPAIN_AND_HISPANIC_COUNTRIES,PHASE10_CULTURAL_KNOWLEDGE; PHASE8_PRAGMATICS_WHEN_APPLICABLE,Item-level source position preserved without copying the full protected source formulation. Content family is normalized at subsection level; exact source item must be consulted at the recorded locator.,https://cvc.cervantes.es/Ensenanza/biblioteca_ele/plan_curricular/niveles/12_habilidades_y_actitudes_inventario.htm,1.26
IC-A1-039,PCIC12_INTERCULTURAL_SPECIFICATION_UNGRADED,1,Configuración de una identidad cultural plural,1.2.2,ACTITUD,"Curiosidad, apertura",CURIOSITY_OPENNESS,1,6,SINGLE_UNSCALED_LIST,NOT_AN_A1_ASSERTION_BY_PCIC,UNSCALED_PCIC_INTERCULTURAL_POOL,AVAILABLE_FOR_CONTEXTUAL_CURRICULUM_SELECTION,TASK_DEPENDENT_NOT_LEVEL_DEFINED,DO_NOT_TREAT_AS_LANGUAGE_LEVEL_PASS_FAIL,INTERCULTURAL; PARTICULARLY_SPAIN_AND_HISPANIC_COUNTRIES,PHASE10_CULTURAL_KNOWLEDGE; PHASE8_PRAGMATICS_WHEN_APPLICABLE,Item-level source position preserved without copying the full protected source formulation. Content family is normalized at subsection level; exact source item must be consulted at the recorded locator.,https://cvc.cervantes.es/Ensenanza/biblioteca_ele/plan_curricular/niveles/12_habilidades_y_actitudes_inventario.htm,1.26
IC-A1-040,PCIC12_INTERCULTURAL_SPECIFICATION_UNGRADED,1,Configuración de una identidad cultural plural,1.2.2,ACTITUD,"Curiosidad, apertura",CURIOSITY_OPENNESS,2,6,SINGLE_UNSCALED_LIST,NOT_AN_A1_ASSERTION_BY_PCIC,UNSCALED_PCIC_INTERCULTURAL_POOL,AVAILABLE_FOR_CONTEXTUAL_CURRICULUM_SELECTION,TASK_DEPENDENT_NOT_LEVEL_DEFINED,DO_NOT_TREAT_AS_LANGUAGE_LEVEL_PASS_FAIL,INTERCULTURAL; PARTICULARLY_SPAIN_AND_HISPANIC_COUNTRIES,PHASE10_CULTURAL_KNOWLEDGE; PHASE8_PRAGMATICS_WHEN_APPLICABLE,Item-level source position preserved without copying the full protected source formulation. Content family is normalized at subsection level; exact source item must be consulted at the recorded locator.,https://cvc.cervantes.es/Ensenanza/biblioteca_ele/plan_curricular/niveles/12_habilidades_y_actitudes_inventario.htm,1.26
IC-A1-041,PCIC12_INTERCULTURAL_SPECIFICATION_UNGRADED,1,Configuración de una identidad cultural plural,1.2.2,ACTITUD,"Curiosidad, apertura",CURIOSITY_OPENNESS,3,6,SINGLE_UNSCALED_LIST,NOT_AN_A1_ASSERTION_BY_PCIC,UNSCALED_PCIC_INTERCULTURAL_POOL,AVAILABLE_FOR_CONTEXTUAL_CURRICULUM_SELECTION,TASK_DEPENDENT_NOT_LEVEL_DEFINED,DO_NOT_TREAT_AS_LANGUAGE_LEVEL_PASS_FAIL,INTERCULTURAL; PARTICULARLY_SPAIN_AND_HISPANIC_COUNTRIES,PHASE10_CULTURAL_KNOWLEDGE; PHASE8_PRAGMATICS_WHEN_APPLICABLE,Item-level source position preserved without copying the full protected source formulation. Content family is normalized at subsection level; exact source item must be consulted at the recorded locator.,https://cvc.cervantes.es/Ensenanza/biblioteca_ele/plan_curricular/niveles/12_habilidades_y_actitudes_inventario.htm,1.26
IC-A1-042,PCIC12_INTERCULTURAL_SPECIFICATION_UNGRADED,1,Configuración de una identidad cultural plural,1.2.2,ACTITUD,"Curiosidad, apertura",CURIOSITY_OPENNESS,4,6,SINGLE_UNSCALED_LIST,NOT_AN_A1_ASSERTION_BY_PCIC,UNSCALED_PCIC_INTERCULTURAL_POOL,AVAILABLE_FOR_CONTEXTUAL_CURRICULUM_SELECTION,TASK_DEPENDENT_NOT_LEVEL_DEFINED,DO_NOT_TREAT_AS_LANGUAGE_LEVEL_PASS_FAIL,INTERCULTURAL; PARTICULARLY_SPAIN_AND_HISPANIC_COUNTRIES,PHASE10_CULTURAL_KNOWLEDGE; PHASE8_PRAGMATICS_WHEN_APPLICABLE,Item-level source position preserved without copying the full protected source formulation. Content family is normalized at subsection level; exact source item must be consulted at the recorded locator.,https://cvc.cervantes.es/Ensenanza/biblioteca_ele/plan_curricular/niveles/12_habilidades_y_actitudes_inventario.htm,1.26
IC-A1-043,PCIC12_INTERCULTURAL_SPECIFICATION_UNGRADED,1,Configuración de una identidad cultural plural,1.2.2,ACTITUD,"Curiosidad, apertura",CURIOSITY_OPENNESS,5,6,SINGLE_UNSCALED_LIST,NOT_AN_A1_ASSERTION_BY_PCIC,UNSCALED_PCIC_INTERCULTURAL_POOL,AVAILABLE_FOR_CONTEXTUAL_CURRICULUM_SELECTION,TASK_DEPENDENT_NOT_LEVEL_DEFINED,DO_NOT_TREAT_AS_LANGUAGE_LEVEL_PASS_FAIL,INTERCULTURAL; PARTICULARLY_SPAIN_AND_HISPANIC_COUNTRIES,PHASE10_CULTURAL_KNOWLEDGE; PHASE8_PRAGMATICS_WHEN_APPLICABLE,Item-level source position preserved without copying the full protected source formulation. Content family is normalized at subsection level; exact source item must be consulted at the recorded locator.,https://cvc.cervantes.es/Ensenanza/biblioteca_ele/plan_curricular/niveles/12_habilidades_y_actitudes_inventario.htm,1.26
IC-A1-044,PCIC12_INTERCULTURAL_SPECIFICATION_UNGRADED,1,Configuración de una identidad cultural plural,1.2.2,ACTITUD,"Curiosidad, apertura",CURIOSITY_OPENNESS,6,6,SINGLE_UNSCALED_LIST,NOT_AN_A1_ASSERTION_BY_PCIC,UNSCALED_PCIC_INTERCULTURAL_POOL,AVAILABLE_FOR_CONTEXTUAL_CURRICULUM_SELECTION,TASK_DEPENDENT_NOT_LEVEL_DEFINED,DO_NOT_TREAT_AS_LANGUAGE_LEVEL_PASS_FAIL,INTERCULTURAL; PARTICULARLY_SPAIN_AND_HISPANIC_COUNTRIES,PHASE10_CULTURAL_KNOWLEDGE; PHASE8_PRAGMATICS_WHEN_APPLICABLE,Item-level source position preserved without copying the full protected source formulation. Content family is normalized at subsection level; exact source item must be consulted at the recorded locator.,https://cvc.cervantes.es/Ensenanza/biblioteca_ele/plan_curricular/niveles/12_habilidades_y_actitudes_inventario.htm,1.26
IC-A1-045,PCIC12_INTERCULTURAL_SPECIFICATION_UNGRADED,1,Configuración de una identidad cultural plural,1.2.3,ACTITUD,Disposición favorable,FAVORABLE_DISPOSITION,1,7,SINGLE_UNSCALED_LIST,NOT_AN_A1_ASSERTION_BY_PCIC,UNSCALED_PCIC_INTERCULTURAL_POOL,AVAILABLE_FOR_CONTEXTUAL_CURRICULUM_SELECTION,TASK_DEPENDENT_NOT_LEVEL_DEFINED,DO_NOT_TREAT_AS_LANGUAGE_LEVEL_PASS_FAIL,INTERCULTURAL; PARTICULARLY_SPAIN_AND_HISPANIC_COUNTRIES,PHASE10_CULTURAL_KNOWLEDGE; PHASE8_PRAGMATICS_WHEN_APPLICABLE,Item-level source position preserved without copying the full protected source formulation. Content family is normalized at subsection level; exact source item must be consulted at the recorded locator.,https://cvc.cervantes.es/Ensenanza/biblioteca_ele/plan_curricular/niveles/12_habilidades_y_actitudes_inventario.htm,1.26
IC-A1-046,PCIC12_INTERCULTURAL_SPECIFICATION_UNGRADED,1,Configuración de una identidad cultural plural,1.2.3,ACTITUD,Disposición favorable,FAVORABLE_DISPOSITION,2,7,SINGLE_UNSCALED_LIST,NOT_AN_A1_ASSERTION_BY_PCIC,UNSCALED_PCIC_INTERCULTURAL_POOL,AVAILABLE_FOR_CONTEXTUAL_CURRICULUM_SELECTION,TASK_DEPENDENT_NOT_LEVEL_DEFINED,DO_NOT_TREAT_AS_LANGUAGE_LEVEL_PASS_FAIL,INTERCULTURAL; PARTICULARLY_SPAIN_AND_HISPANIC_COUNTRIES,PHASE10_CULTURAL_KNOWLEDGE; PHASE8_PRAGMATICS_WHEN_APPLICABLE,Item-level source position preserved without copying the full protected source formulation. Content family is normalized at subsection level; exact source item must be consulted at the recorded locator.,https://cvc.cervantes.es/Ensenanza/biblioteca_ele/plan_curricular/niveles/12_habilidades_y_actitudes_inventario.htm,1.26
IC-A1-047,PCIC12_INTERCULTURAL_SPECIFICATION_UNGRADED,1,Configuración de una identidad cultural plural,1.2.3,ACTITUD,Disposición favorable,FAVORABLE_DISPOSITION,3,7,SINGLE_UNSCALED_LIST,NOT_AN_A1_ASSERTION_BY_PCIC,UNSCALED_PCIC_INTERCULTURAL_POOL,AVAILABLE_FOR_CONTEXTUAL_CURRICULUM_SELECTION,TASK_DEPENDENT_NOT_LEVEL_DEFINED,DO_NOT_TREAT_AS_LANGUAGE_LEVEL_PASS_FAIL,INTERCULTURAL; PARTICULARLY_SPAIN_AND_HISPANIC_COUNTRIES,PHASE10_CULTURAL_KNOWLEDGE; PHASE8_PRAGMATICS_WHEN_APPLICABLE,Item-level source position preserved without copying the full protected source formulation. Content family is normalized at subsection level; exact source item must be consulted at the recorded locator.,https://cvc.cervantes.es/Ensenanza/biblioteca_ele/plan_curricular/niveles/12_habilidades_y_actitudes_inventario.htm,1.26
IC-A1-048,PCIC12_INTERCULTURAL_SPECIFICATION_UNGRADED,1,Configuración de una identidad cultural plural,1.2.3,ACTITUD,Disposición favorable,FAVORABLE_DISPOSITION,4,7,SINGLE_UNSCALED_LIST,NOT_AN_A1_ASSERTION_BY_PCIC,UNSCALED_PCIC_INTERCULTURAL_POOL,AVAILABLE_FOR_CONTEXTUAL_CURRICULUM_SELECTION,TASK_DEPENDENT_NOT_LEVEL_DEFINED,DO_NOT_TREAT_AS_LANGUAGE_LEVEL_PASS_FAIL,INTERCULTURAL; PARTICULARLY_SPAIN_AND_HISPANIC_COUNTRIES,PHASE10_CULTURAL_KNOWLEDGE; PHASE8_PRAGMATICS_WHEN_APPLICABLE,Item-level source position preserved without copying the full protected source formulation. Content family is normalized at subsection level; exact source item must be consulted at the recorded locator.,https://cvc.cervantes.es/Ensenanza/biblioteca_ele/plan_curricular/niveles/12_habilidades_y_actitudes_inventario.htm,1.26
IC-A1-049,PCIC12_INTERCULTURAL_SPECIFICATION_UNGRADED,1,Configuración de una identidad cultural plural,1.2.3,ACTITUD,Disposición favorable,FAVORABLE_DISPOSITION,5,7,SINGLE_UNSCALED_LIST,NOT_AN_A1_ASSERTION_BY_PCIC,UNSCALED_PCIC_INTERCULTURAL_POOL,AVAILABLE_FOR_CONTEXTUAL_CURRICULUM_SELECTION,TASK_DEPENDENT_NOT_LEVEL_DEFINED,DO_NOT_TREAT_AS_LANGUAGE_LEVEL_PASS_FAIL,INTERCULTURAL; PARTICULARLY_SPAIN_AND_HISPANIC_COUNTRIES,PHASE10_CULTURAL_KNOWLEDGE; PHASE8_PRAGMATICS_WHEN_APPLICABLE,Item-level source position preserved without copying the full protected source formulation. Content family is normalized at subsection level; exact source item must be consulted at the recorded locator.,https://cvc.cervantes.es/Ensenanza/biblioteca_ele/plan_curricular/niveles/12_habilidades_y_actitudes_inventario.htm,1.26
IC-A1-050,PCIC12_INTERCULTURAL_SPECIFICATION_UNGRADED,1,Configuración de una identidad cultural plural,1.2.3,ACTITUD,Disposición favorable,FAVORABLE_DISPOSITION,6,7,SINGLE_UNSCALED_LIST,NOT_AN_A1_ASSERTION_BY_PCIC,UNSCALED_PCIC_INTERCULTURAL_POOL,AVAILABLE_FOR_CONTEXTUAL_CURRICULUM_SELECTION,TASK_DEPENDENT_NOT_LEVEL_DEFINED,DO_NOT_TREAT_AS_LANGUAGE_LEVEL_PASS_FAIL,INTERCULTURAL; PARTICULARLY_SPAIN_AND_HISPANIC_COUNTRIES,PHASE10_CULTURAL_KNOWLEDGE; PHASE8_PRAGMATICS_WHEN_APPLICABLE,Item-level source position preserved without copying the full protected source formulation. Content family is normalized at subsection level; exact source item must be consulted at the recorded locator.,https://cvc.cervantes.es/Ensenanza/biblioteca_ele/plan_curricular/niveles/12_habilidades_y_actitudes_inventario.htm,1.26
IC-A1-051,PCIC12_INTERCULTURAL_SPECIFICATION_UNGRADED,1,Configuración de una identidad cultural plural,1.2.3,ACTITUD,Disposición favorable,FAVORABLE_DISPOSITION,7,7,SINGLE_UNSCALED_LIST,NOT_AN_A1_ASSERTION_BY_PCIC,UNSCALED_PCIC_INTERCULTURAL_POOL,AVAILABLE_FOR_CONTEXTUAL_CURRICULUM_SELECTION,TASK_DEPENDENT_NOT_LEVEL_DEFINED,DO_NOT_TREAT_AS_LANGUAGE_LEVEL_PASS_FAIL,INTERCULTURAL; PARTICULARLY_SPAIN_AND_HISPANIC_COUNTRIES,PHASE10_CULTURAL_KNOWLEDGE; PHASE8_PRAGMATICS_WHEN_APPLICABLE,Item-level source position preserved without copying the full protected source formulation. Content family is normalized at subsection level; exact source item must be consulted at the recorded locator.,https://cvc.cervantes.es/Ensenanza/biblioteca_ele/plan_curricular/niveles/12_habilidades_y_actitudes_inventario.htm,1.26
IC-A1-052,PCIC12_INTERCULTURAL_SPECIFICATION_UNGRADED,1,Configuración de una identidad cultural plural,1.2.4,ACTITUD,"Distanciamiento, relativización",DISTANCING_RELATIVIZATION,1,4,SINGLE_UNSCALED_LIST,NOT_AN_A1_ASSERTION_BY_PCIC,UNSCALED_PCIC_INTERCULTURAL_POOL,AVAILABLE_FOR_CONTEXTUAL_CURRICULUM_SELECTION,TASK_DEPENDENT_NOT_LEVEL_DEFINED,DO_NOT_TREAT_AS_LANGUAGE_LEVEL_PASS_FAIL,INTERCULTURAL; PARTICULARLY_SPAIN_AND_HISPANIC_COUNTRIES,PHASE10_CULTURAL_KNOWLEDGE; PHASE8_PRAGMATICS_WHEN_APPLICABLE,Item-level source position preserved without copying the full protected source formulation. Content family is normalized at subsection level; exact source item must be consulted at the recorded locator.,https://cvc.cervantes.es/Ensenanza/biblioteca_ele/plan_curricular/niveles/12_habilidades_y_actitudes_inventario.htm,1.26
IC-A1-053,PCIC12_INTERCULTURAL_SPECIFICATION_UNGRADED,1,Configuración de una identidad cultural plural,1.2.4,ACTITUD,"Distanciamiento, relativización",DISTANCING_RELATIVIZATION,2,4,SINGLE_UNSCALED_LIST,NOT_AN_A1_ASSERTION_BY_PCIC,UNSCALED_PCIC_INTERCULTURAL_POOL,AVAILABLE_FOR_CONTEXTUAL_CURRICULUM_SELECTION,TASK_DEPENDENT_NOT_LEVEL_DEFINED,DO_NOT_TREAT_AS_LANGUAGE_LEVEL_PASS_FAIL,INTERCULTURAL; PARTICULARLY_SPAIN_AND_HISPANIC_COUNTRIES,PHASE10_CULTURAL_KNOWLEDGE; PHASE8_PRAGMATICS_WHEN_APPLICABLE,Item-level source position preserved without copying the full protected source formulation. Content family is normalized at subsection level; exact source item must be consulted at the recorded locator.,https://cvc.cervantes.es/Ensenanza/biblioteca_ele/plan_curricular/niveles/12_habilidades_y_actitudes_inventario.htm,1.26
IC-A1-054,PCIC12_INTERCULTURAL_SPECIFICATION_UNGRADED,1,Configuración de una identidad cultural plural,1.2.4,ACTITUD,"Distanciamiento, relativización",DISTANCING_RELATIVIZATION,3,4,SINGLE_UNSCALED_LIST,NOT_AN_A1_ASSERTION_BY_PCIC,UNSCALED_PCIC_INTERCULTURAL_POOL,AVAILABLE_FOR_CONTEXTUAL_CURRICULUM_SELECTION,TASK_DEPENDENT_NOT_LEVEL_DEFINED,DO_NOT_TREAT_AS_LANGUAGE_LEVEL_PASS_FAIL,INTERCULTURAL; PARTICULARLY_SPAIN_AND_HISPANIC_COUNTRIES,PHASE10_CULTURAL_KNOWLEDGE; PHASE8_PRAGMATICS_WHEN_APPLICABLE,Item-level source position preserved without copying the full protected source formulation. Content family is normalized at subsection level; exact source item must be consulted at the recorded locator.,https://cvc.cervantes.es/Ensenanza/biblioteca_ele/plan_curricular/niveles/12_habilidades_y_actitudes_inventario.htm,1.26
IC-A1-055,PCIC12_INTERCULTURAL_SPECIFICATION_UNGRADED,1,Configuración de una identidad cultural plural,1.2.4,ACTITUD,"Distanciamiento, relativización",DISTANCING_RELATIVIZATION,4,4,SINGLE_UNSCALED_LIST,NOT_AN_A1_ASSERTION_BY_PCIC,UNSCALED_PCIC_INTERCULTURAL_POOL,AVAILABLE_FOR_CONTEXTUAL_CURRICULUM_SELECTION,TASK_DEPENDENT_NOT_LEVEL_DEFINED,DO_NOT_TREAT_AS_LANGUAGE_LEVEL_PASS_FAIL,INTERCULTURAL; PARTICULARLY_SPAIN_AND_HISPANIC_COUNTRIES,PHASE10_CULTURAL_KNOWLEDGE; PHASE8_PRAGMATICS_WHEN_APPLICABLE,Item-level source position preserved without copying the full protected source formulation. Content family is normalized at subsection level; exact source item must be consulted at the recorded locator.,https://cvc.cervantes.es/Ensenanza/biblioteca_ele/plan_curricular/niveles/12_habilidades_y_actitudes_inventario.htm,1.26
IC-A1-056,PCIC12_INTERCULTURAL_SPECIFICATION_UNGRADED,1,Configuración de una identidad cultural plural,1.2.5,ACTITUD,Tolerancia a la ambigüedad,AMBIGUITY_TOLERANCE,1,2,SINGLE_UNSCALED_LIST,NOT_AN_A1_ASSERTION_BY_PCIC,UNSCALED_PCIC_INTERCULTURAL_POOL,AVAILABLE_FOR_CONTEXTUAL_CURRICULUM_SELECTION,TASK_DEPENDENT_NOT_LEVEL_DEFINED,DO_NOT_TREAT_AS_LANGUAGE_LEVEL_PASS_FAIL,INTERCULTURAL; PARTICULARLY_SPAIN_AND_HISPANIC_COUNTRIES,PHASE10_CULTURAL_KNOWLEDGE; PHASE8_PRAGMATICS_WHEN_APPLICABLE,Item-level source position preserved without copying the full protected source formulation. Content family is normalized at subsection level; exact source item must be consulted at the recorded locator.,https://cvc.cervantes.es/Ensenanza/biblioteca_ele/plan_curricular/niveles/12_habilidades_y_actitudes_inventario.htm,1.26
IC-A1-057,PCIC12_INTERCULTURAL_SPECIFICATION_UNGRADED,1,Configuración de una identidad cultural plural,1.2.5,ACTITUD,Tolerancia a la ambigüedad,AMBIGUITY_TOLERANCE,2,2,SINGLE_UNSCALED_LIST,NOT_AN_A1_ASSERTION_BY_PCIC,UNSCALED_PCIC_INTERCULTURAL_POOL,AVAILABLE_FOR_CONTEXTUAL_CURRICULUM_SELECTION,TASK_DEPENDENT_NOT_LEVEL_DEFINED,DO_NOT_TREAT_AS_LANGUAGE_LEVEL_PASS_FAIL,INTERCULTURAL; PARTICULARLY_SPAIN_AND_HISPANIC_COUNTRIES,PHASE10_CULTURAL_KNOWLEDGE; PHASE8_PRAGMATICS_WHEN_APPLICABLE,Item-level source position preserved without copying the full protected source formulation. Content family is normalized at subsection level; exact source item must be consulted at the recorded locator.,https://cvc.cervantes.es/Ensenanza/biblioteca_ele/plan_curricular/niveles/12_habilidades_y_actitudes_inventario.htm,1.26
IC-A1-058,PCIC12_INTERCULTURAL_SPECIFICATION_UNGRADED,1,Configuración de una identidad cultural plural,1.2.6,ACTITUD,Regulación de los factores afectivos,AFFECTIVE_REGULATION,1,8,SINGLE_UNSCALED_LIST,NOT_AN_A1_ASSERTION_BY_PCIC,UNSCALED_PCIC_INTERCULTURAL_POOL,AVAILABLE_FOR_CONTEXTUAL_CURRICULUM_SELECTION,TASK_DEPENDENT_NOT_LEVEL_DEFINED,DO_NOT_TREAT_AS_LANGUAGE_LEVEL_PASS_FAIL,INTERCULTURAL; PARTICULARLY_SPAIN_AND_HISPANIC_COUNTRIES,PHASE10_CULTURAL_KNOWLEDGE; PHASE8_PRAGMATICS_WHEN_APPLICABLE,Item-level source position preserved without copying the full protected source formulation. Content family is normalized at subsection level; exact source item must be consulted at the recorded locator.,https://cvc.cervantes.es/Ensenanza/biblioteca_ele/plan_curricular/niveles/12_habilidades_y_actitudes_inventario.htm,1.26
IC-A1-059,PCIC12_INTERCULTURAL_SPECIFICATION_UNGRADED,1,Configuración de una identidad cultural plural,1.2.6,ACTITUD,Regulación de los factores afectivos,AFFECTIVE_REGULATION,2,8,SINGLE_UNSCALED_LIST,NOT_AN_A1_ASSERTION_BY_PCIC,UNSCALED_PCIC_INTERCULTURAL_POOL,AVAILABLE_FOR_CONTEXTUAL_CURRICULUM_SELECTION,TASK_DEPENDENT_NOT_LEVEL_DEFINED,DO_NOT_TREAT_AS_LANGUAGE_LEVEL_PASS_FAIL,INTERCULTURAL; PARTICULARLY_SPAIN_AND_HISPANIC_COUNTRIES,PHASE10_CULTURAL_KNOWLEDGE; PHASE8_PRAGMATICS_WHEN_APPLICABLE,Item-level source position preserved without copying the full protected source formulation. Content family is normalized at subsection level; exact source item must be consulted at the recorded locator.,https://cvc.cervantes.es/Ensenanza/biblioteca_ele/plan_curricular/niveles/12_habilidades_y_actitudes_inventario.htm,1.26
IC-A1-060,PCIC12_INTERCULTURAL_SPECIFICATION_UNGRADED,1,Configuración de una identidad cultural plural,1.2.6,ACTITUD,Regulación de los factores afectivos,AFFECTIVE_REGULATION,3,8,SINGLE_UNSCALED_LIST,NOT_AN_A1_ASSERTION_BY_PCIC,UNSCALED_PCIC_INTERCULTURAL_POOL,AVAILABLE_FOR_CONTEXTUAL_CURRICULUM_SELECTION,TASK_DEPENDENT_NOT_LEVEL_DEFINED,DO_NOT_TREAT_AS_LANGUAGE_LEVEL_PASS_FAIL,INTERCULTURAL; PARTICULARLY_SPAIN_AND_HISPANIC_COUNTRIES,PHASE10_CULTURAL_KNOWLEDGE; PHASE8_PRAGMATICS_WHEN_APPLICABLE,Item-level source position preserved without copying the full protected source formulation. Content family is normalized at subsection level; exact source item must be consulted at the recorded locator.,https://cvc.cervantes.es/Ensenanza/biblioteca_ele/plan_curricular/niveles/12_habilidades_y_actitudes_inventario.htm,1.26
IC-A1-061,PCIC12_INTERCULTURAL_SPECIFICATION_UNGRADED,1,Configuración de una identidad cultural plural,1.2.6,ACTITUD,Regulación de los factores afectivos,AFFECTIVE_REGULATION,4,8,SINGLE_UNSCALED_LIST,NOT_AN_A1_ASSERTION_BY_PCIC,UNSCALED_PCIC_INTERCULTURAL_POOL,AVAILABLE_FOR_CONTEXTUAL_CURRICULUM_SELECTION,TASK_DEPENDENT_NOT_LEVEL_DEFINED,DO_NOT_TREAT_AS_LANGUAGE_LEVEL_PASS_FAIL,INTERCULTURAL; PARTICULARLY_SPAIN_AND_HISPANIC_COUNTRIES,PHASE10_CULTURAL_KNOWLEDGE; PHASE8_PRAGMATICS_WHEN_APPLICABLE,Item-level source position preserved without copying the full protected source formulation. Content family is normalized at subsection level; exact source item must be consulted at the recorded locator.,https://cvc.cervantes.es/Ensenanza/biblioteca_ele/plan_curricular/niveles/12_habilidades_y_actitudes_inventario.htm,1.26
IC-A1-062,PCIC12_INTERCULTURAL_SPECIFICATION_UNGRADED,1,Configuración de una identidad cultural plural,1.2.6,ACTITUD,Regulación de los factores afectivos,AFFECTIVE_REGULATION,5,8,SINGLE_UNSCALED_LIST,NOT_AN_A1_ASSERTION_BY_PCIC,UNSCALED_PCIC_INTERCULTURAL_POOL,AVAILABLE_FOR_CONTEXTUAL_CURRICULUM_SELECTION,TASK_DEPENDENT_NOT_LEVEL_DEFINED,DO_NOT_TREAT_AS_LANGUAGE_LEVEL_PASS_FAIL,INTERCULTURAL; PARTICULARLY_SPAIN_AND_HISPANIC_COUNTRIES,PHASE10_CULTURAL_KNOWLEDGE; PHASE8_PRAGMATICS_WHEN_APPLICABLE,Item-level source position preserved without copying the full protected source formulation. Content family is normalized at subsection level; exact source item must be consulted at the recorded locator.,https://cvc.cervantes.es/Ensenanza/biblioteca_ele/plan_curricular/niveles/12_habilidades_y_actitudes_inventario.htm,1.26
IC-A1-063,PCIC12_INTERCULTURAL_SPECIFICATION_UNGRADED,1,Configuración de una identidad cultural plural,1.2.6,ACTITUD,Regulación de los factores afectivos,AFFECTIVE_REGULATION,6,8,SINGLE_UNSCALED_LIST,NOT_AN_A1_ASSERTION_BY_PCIC,UNSCALED_PCIC_INTERCULTURAL_POOL,AVAILABLE_FOR_CONTEXTUAL_CURRICULUM_SELECTION,TASK_DEPENDENT_NOT_LEVEL_DEFINED,DO_NOT_TREAT_AS_LANGUAGE_LEVEL_PASS_FAIL,INTERCULTURAL; PARTICULARLY_SPAIN_AND_HISPANIC_COUNTRIES,PHASE10_CULTURAL_KNOWLEDGE; PHASE8_PRAGMATICS_WHEN_APPLICABLE,Item-level source position preserved without copying the full protected source formulation. Content family is normalized at subsection level; exact source item must be consulted at the recorded locator.,https://cvc.cervantes.es/Ensenanza/biblioteca_ele/plan_curricular/niveles/12_habilidades_y_actitudes_inventario.htm,1.26
IC-A1-064,PCIC12_INTERCULTURAL_SPECIFICATION_UNGRADED,1,Configuración de una identidad cultural plural,1.2.6,ACTITUD,Regulación de los factores afectivos,AFFECTIVE_REGULATION,7,8,SINGLE_UNSCALED_LIST,NOT_AN_A1_ASSERTION_BY_PCIC,UNSCALED_PCIC_INTERCULTURAL_POOL,AVAILABLE_FOR_CONTEXTUAL_CURRICULUM_SELECTION,TASK_DEPENDENT_NOT_LEVEL_DEFINED,DO_NOT_TREAT_AS_LANGUAGE_LEVEL_PASS_FAIL,INTERCULTURAL; PARTICULARLY_SPAIN_AND_HISPANIC_COUNTRIES,PHASE10_CULTURAL_KNOWLEDGE; PHASE8_PRAGMATICS_WHEN_APPLICABLE,Item-level source position preserved without copying the full protected source formulation. Content family is normalized at subsection level; exact source item must be consulted at the recorded locator.,https://cvc.cervantes.es/Ensenanza/biblioteca_ele/plan_curricular/niveles/12_habilidades_y_actitudes_inventario.htm,1.26
IC-A1-065,PCIC12_INTERCULTURAL_SPECIFICATION_UNGRADED,1,Configuración de una identidad cultural plural,1.2.6,ACTITUD,Regulación de los factores afectivos,AFFECTIVE_REGULATION,8,8,SINGLE_UNSCALED_LIST,NOT_AN_A1_ASSERTION_BY_PCIC,UNSCALED_PCIC_INTERCULTURAL_POOL,AVAILABLE_FOR_CONTEXTUAL_CURRICULUM_SELECTION,TASK_DEPENDENT_NOT_LEVEL_DEFINED,DO_NOT_TREAT_AS_LANGUAGE_LEVEL_PASS_FAIL,INTERCULTURAL; PARTICULARLY_SPAIN_AND_HISPANIC_COUNTRIES,PHASE10_CULTURAL_KNOWLEDGE; PHASE8_PRAGMATICS_WHEN_APPLICABLE,Item-level source position preserved without copying the full protected source formulation. Content family is normalized at subsection level; exact source item must be consulted at the recorded locator.,https://cvc.cervantes.es/Ensenanza/biblioteca_ele/plan_curricular/niveles/12_habilidades_y_actitudes_inventario.htm,1.26
IC-A1-066,PCIC12_INTERCULTURAL_SPECIFICATION_UNGRADED,2,Asimilación de los saberes culturales,2.1.1,HABILIDAD,Observación,CULTURAL_OBSERVATION,1,3,SINGLE_UNSCALED_LIST,NOT_AN_A1_ASSERTION_BY_PCIC,UNSCALED_PCIC_INTERCULTURAL_POOL,AVAILABLE_FOR_CONTEXTUAL_CURRICULUM_SELECTION,TASK_DEPENDENT_NOT_LEVEL_DEFINED,DO_NOT_TREAT_AS_LANGUAGE_LEVEL_PASS_FAIL,INTERCULTURAL; PARTICULARLY_SPAIN_AND_HISPANIC_COUNTRIES,PHASE10_CULTURAL_KNOWLEDGE; PHASE8_PRAGMATICS_WHEN_APPLICABLE,Item-level source position preserved without copying the full protected source formulation. Content family is normalized at subsection level; exact source item must be consulted at the recorded locator.,https://cvc.cervantes.es/Ensenanza/biblioteca_ele/plan_curricular/niveles/12_habilidades_y_actitudes_inventario.htm,1.26
IC-A1-067,PCIC12_INTERCULTURAL_SPECIFICATION_UNGRADED,2,Asimilación de los saberes culturales,2.1.1,HABILIDAD,Observación,CULTURAL_OBSERVATION,2,3,SINGLE_UNSCALED_LIST,NOT_AN_A1_ASSERTION_BY_PCIC,UNSCALED_PCIC_INTERCULTURAL_POOL,AVAILABLE_FOR_CONTEXTUAL_CURRICULUM_SELECTION,TASK_DEPENDENT_NOT_LEVEL_DEFINED,DO_NOT_TREAT_AS_LANGUAGE_LEVEL_PASS_FAIL,INTERCULTURAL; PARTICULARLY_SPAIN_AND_HISPANIC_COUNTRIES,PHASE10_CULTURAL_KNOWLEDGE; PHASE8_PRAGMATICS_WHEN_APPLICABLE,Item-level source position preserved without copying the full protected source formulation. Content family is normalized at subsection level; exact source item must be consulted at the recorded locator.,https://cvc.cervantes.es/Ensenanza/biblioteca_ele/plan_curricular/niveles/12_habilidades_y_actitudes_inventario.htm,1.26
IC-A1-068,PCIC12_INTERCULTURAL_SPECIFICATION_UNGRADED,2,Asimilación de los saberes culturales,2.1.1,HABILIDAD,Observación,CULTURAL_OBSERVATION,3,3,SINGLE_UNSCALED_LIST,NOT_AN_A1_ASSERTION_BY_PCIC,UNSCALED_PCIC_INTERCULTURAL_POOL,AVAILABLE_FOR_CONTEXTUAL_CURRICULUM_SELECTION,TASK_DEPENDENT_NOT_LEVEL_DEFINED,DO_NOT_TREAT_AS_LANGUAGE_LEVEL_PASS_FAIL,INTERCULTURAL; PARTICULARLY_SPAIN_AND_HISPANIC_COUNTRIES,PHASE10_CULTURAL_KNOWLEDGE; PHASE8_PRAGMATICS_WHEN_APPLICABLE,Item-level source position preserved without copying the full protected source formulation. Content family is normalized at subsection level; exact source item must be consulted at the recorded locator.,https://cvc.cervantes.es/Ensenanza/biblioteca_ele/plan_curricular/niveles/12_habilidades_y_actitudes_inventario.htm,1.26
IC-A1-069,PCIC12_INTERCULTURAL_SPECIFICATION_UNGRADED,2,Asimilación de los saberes culturales,2.1.2,HABILIDAD,"Comparación, clasificación, deducción",COMPARISON_CLASSIFICATION_DEDUCTION,1,4,SINGLE_UNSCALED_LIST,NOT_AN_A1_ASSERTION_BY_PCIC,UNSCALED_PCIC_INTERCULTURAL_POOL,AVAILABLE_FOR_CONTEXTUAL_CURRICULUM_SELECTION,TASK_DEPENDENT_NOT_LEVEL_DEFINED,DO_NOT_TREAT_AS_LANGUAGE_LEVEL_PASS_FAIL,INTERCULTURAL; PARTICULARLY_SPAIN_AND_HISPANIC_COUNTRIES,PHASE10_CULTURAL_KNOWLEDGE; PHASE8_PRAGMATICS_WHEN_APPLICABLE,Item-level source position preserved without copying the full protected source formulation. Content family is normalized at subsection level; exact source item must be consulted at the recorded locator.,https://cvc.cervantes.es/Ensenanza/biblioteca_ele/plan_curricular/niveles/12_habilidades_y_actitudes_inventario.htm,1.26
IC-A1-070,PCIC12_INTERCULTURAL_SPECIFICATION_UNGRADED,2,Asimilación de los saberes culturales,2.1.2,HABILIDAD,"Comparación, clasificación, deducción",COMPARISON_CLASSIFICATION_DEDUCTION,2,4,SINGLE_UNSCALED_LIST,NOT_AN_A1_ASSERTION_BY_PCIC,UNSCALED_PCIC_INTERCULTURAL_POOL,AVAILABLE_FOR_CONTEXTUAL_CURRICULUM_SELECTION,TASK_DEPENDENT_NOT_LEVEL_DEFINED,DO_NOT_TREAT_AS_LANGUAGE_LEVEL_PASS_FAIL,INTERCULTURAL; PARTICULARLY_SPAIN_AND_HISPANIC_COUNTRIES,PHASE10_CULTURAL_KNOWLEDGE; PHASE8_PRAGMATICS_WHEN_APPLICABLE,Item-level source position preserved without copying the full protected source formulation. Content family is normalized at subsection level; exact source item must be consulted at the recorded locator.,https://cvc.cervantes.es/Ensenanza/biblioteca_ele/plan_curricular/niveles/12_habilidades_y_actitudes_inventario.htm,1.26
IC-A1-071,PCIC12_INTERCULTURAL_SPECIFICATION_UNGRADED,2,Asimilación de los saberes culturales,2.1.2,HABILIDAD,"Comparación, clasificación, deducción",COMPARISON_CLASSIFICATION_DEDUCTION,3,4,SINGLE_UNSCALED_LIST,NOT_AN_A1_ASSERTION_BY_PCIC,UNSCALED_PCIC_INTERCULTURAL_POOL,AVAILABLE_FOR_CONTEXTUAL_CURRICULUM_SELECTION,TASK_DEPENDENT_NOT_LEVEL_DEFINED,DO_NOT_TREAT_AS_LANGUAGE_LEVEL_PASS_FAIL,INTERCULTURAL; PARTICULARLY_SPAIN_AND_HISPANIC_COUNTRIES,PHASE10_CULTURAL_KNOWLEDGE; PHASE8_PRAGMATICS_WHEN_APPLICABLE,Item-level source position preserved without copying the full protected source formulation. Content family is normalized at subsection level; exact source item must be consulted at the recorded locator.,https://cvc.cervantes.es/Ensenanza/biblioteca_ele/plan_curricular/niveles/12_habilidades_y_actitudes_inventario.htm,1.26
IC-A1-072,PCIC12_INTERCULTURAL_SPECIFICATION_UNGRADED,2,Asimilación de los saberes culturales,2.1.2,HABILIDAD,"Comparación, clasificación, deducción",COMPARISON_CLASSIFICATION_DEDUCTION,4,4,SINGLE_UNSCALED_LIST,NOT_AN_A1_ASSERTION_BY_PCIC,UNSCALED_PCIC_INTERCULTURAL_POOL,AVAILABLE_FOR_CONTEXTUAL_CURRICULUM_SELECTION,TASK_DEPENDENT_NOT_LEVEL_DEFINED,DO_NOT_TREAT_AS_LANGUAGE_LEVEL_PASS_FAIL,INTERCULTURAL; PARTICULARLY_SPAIN_AND_HISPANIC_COUNTRIES,PHASE10_CULTURAL_KNOWLEDGE; PHASE8_PRAGMATICS_WHEN_APPLICABLE,Item-level source position preserved without copying the full protected source formulation. Content family is normalized at subsection level; exact source item must be consulted at the recorded locator.,https://cvc.cervantes.es/Ensenanza/biblioteca_ele/plan_curricular/niveles/12_habilidades_y_actitudes_inventario.htm,1.26
IC-A1-073,PCIC12_INTERCULTURAL_SPECIFICATION_UNGRADED,2,Asimilación de los saberes culturales,2.1.3,HABILIDAD,"Transferencia, inferencia, conceptualización",TRANSFER_INFERENCE_CONCEPTUALIZATION,1,6,SINGLE_UNSCALED_LIST,NOT_AN_A1_ASSERTION_BY_PCIC,UNSCALED_PCIC_INTERCULTURAL_POOL,AVAILABLE_FOR_CONTEXTUAL_CURRICULUM_SELECTION,TASK_DEPENDENT_NOT_LEVEL_DEFINED,DO_NOT_TREAT_AS_LANGUAGE_LEVEL_PASS_FAIL,INTERCULTURAL; PARTICULARLY_SPAIN_AND_HISPANIC_COUNTRIES,PHASE10_CULTURAL_KNOWLEDGE; PHASE8_PRAGMATICS_WHEN_APPLICABLE,Item-level source position preserved without copying the full protected source formulation. Content family is normalized at subsection level; exact source item must be consulted at the recorded locator.,https://cvc.cervantes.es/Ensenanza/biblioteca_ele/plan_curricular/niveles/12_habilidades_y_actitudes_inventario.htm,1.26
IC-A1-074,PCIC12_INTERCULTURAL_SPECIFICATION_UNGRADED,2,Asimilación de los saberes culturales,2.1.3,HABILIDAD,"Transferencia, inferencia, conceptualización",TRANSFER_INFERENCE_CONCEPTUALIZATION,2,6,SINGLE_UNSCALED_LIST,NOT_AN_A1_ASSERTION_BY_PCIC,UNSCALED_PCIC_INTERCULTURAL_POOL,AVAILABLE_FOR_CONTEXTUAL_CURRICULUM_SELECTION,TASK_DEPENDENT_NOT_LEVEL_DEFINED,DO_NOT_TREAT_AS_LANGUAGE_LEVEL_PASS_FAIL,INTERCULTURAL; PARTICULARLY_SPAIN_AND_HISPANIC_COUNTRIES,PHASE10_CULTURAL_KNOWLEDGE; PHASE8_PRAGMATICS_WHEN_APPLICABLE,Item-level source position preserved without copying the full protected source formulation. Content family is normalized at subsection level; exact source item must be consulted at the recorded locator.,https://cvc.cervantes.es/Ensenanza/biblioteca_ele/plan_curricular/niveles/12_habilidades_y_actitudes_inventario.htm,1.26
IC-A1-075,PCIC12_INTERCULTURAL_SPECIFICATION_UNGRADED,2,Asimilación de los saberes culturales,2.1.3,HABILIDAD,"Transferencia, inferencia, conceptualización",TRANSFER_INFERENCE_CONCEPTUALIZATION,3,6,SINGLE_UNSCALED_LIST,NOT_AN_A1_ASSERTION_BY_PCIC,UNSCALED_PCIC_INTERCULTURAL_POOL,AVAILABLE_FOR_CONTEXTUAL_CURRICULUM_SELECTION,TASK_DEPENDENT_NOT_LEVEL_DEFINED,DO_NOT_TREAT_AS_LANGUAGE_LEVEL_PASS_FAIL,INTERCULTURAL; PARTICULARLY_SPAIN_AND_HISPANIC_COUNTRIES,PHASE10_CULTURAL_KNOWLEDGE; PHASE8_PRAGMATICS_WHEN_APPLICABLE,Item-level source position preserved without copying the full protected source formulation. Content family is normalized at subsection level; exact source item must be consulted at the recorded locator.,https://cvc.cervantes.es/Ensenanza/biblioteca_ele/plan_curricular/niveles/12_habilidades_y_actitudes_inventario.htm,1.26
IC-A1-076,PCIC12_INTERCULTURAL_SPECIFICATION_UNGRADED,2,Asimilación de los saberes culturales,2.1.3,HABILIDAD,"Transferencia, inferencia, conceptualización",TRANSFER_INFERENCE_CONCEPTUALIZATION,4,6,SINGLE_UNSCALED_LIST,NOT_AN_A1_ASSERTION_BY_PCIC,UNSCALED_PCIC_INTERCULTURAL_POOL,AVAILABLE_FOR_CONTEXTUAL_CURRICULUM_SELECTION,TASK_DEPENDENT_NOT_LEVEL_DEFINED,DO_NOT_TREAT_AS_LANGUAGE_LEVEL_PASS_FAIL,INTERCULTURAL; PARTICULARLY_SPAIN_AND_HISPANIC_COUNTRIES,PHASE10_CULTURAL_KNOWLEDGE; PHASE8_PRAGMATICS_WHEN_APPLICABLE,Item-level source position preserved without copying the full protected source formulation. Content family is normalized at subsection level; exact source item must be consulted at the recorded locator.,https://cvc.cervantes.es/Ensenanza/biblioteca_ele/plan_curricular/niveles/12_habilidades_y_actitudes_inventario.htm,1.26
IC-A1-077,PCIC12_INTERCULTURAL_SPECIFICATION_UNGRADED,2,Asimilación de los saberes culturales,2.1.3,HABILIDAD,"Transferencia, inferencia, conceptualización",TRANSFER_INFERENCE_CONCEPTUALIZATION,5,6,SINGLE_UNSCALED_LIST,NOT_AN_A1_ASSERTION_BY_PCIC,UNSCALED_PCIC_INTERCULTURAL_POOL,AVAILABLE_FOR_CONTEXTUAL_CURRICULUM_SELECTION,TASK_DEPENDENT_NOT_LEVEL_DEFINED,DO_NOT_TREAT_AS_LANGUAGE_LEVEL_PASS_FAIL,INTERCULTURAL; PARTICULARLY_SPAIN_AND_HISPANIC_COUNTRIES,PHASE10_CULTURAL_KNOWLEDGE; PHASE8_PRAGMATICS_WHEN_APPLICABLE,Item-level source position preserved without copying the full protected source formulation. Content family is normalized at subsection level; exact source item must be consulted at the recorded locator.,https://cvc.cervantes.es/Ensenanza/biblioteca_ele/plan_curricular/niveles/12_habilidades_y_actitudes_inventario.htm,1.26
IC-A1-078,PCIC12_INTERCULTURAL_SPECIFICATION_UNGRADED,2,Asimilación de los saberes culturales,2.1.3,HABILIDAD,"Transferencia, inferencia, conceptualización",TRANSFER_INFERENCE_CONCEPTUALIZATION,6,6,SINGLE_UNSCALED_LIST,NOT_AN_A1_ASSERTION_BY_PCIC,UNSCALED_PCIC_INTERCULTURAL_POOL,AVAILABLE_FOR_CONTEXTUAL_CURRICULUM_SELECTION,TASK_DEPENDENT_NOT_LEVEL_DEFINED,DO_NOT_TREAT_AS_LANGUAGE_LEVEL_PASS_FAIL,INTERCULTURAL; PARTICULARLY_SPAIN_AND_HISPANIC_COUNTRIES,PHASE10_CULTURAL_KNOWLEDGE; PHASE8_PRAGMATICS_WHEN_APPLICABLE,Item-level source position preserved without copying the full protected source formulation. Content family is normalized at subsection level; exact source item must be consulted at the recorded locator.,https://cvc.cervantes.es/Ensenanza/biblioteca_ele/plan_curricular/niveles/12_habilidades_y_actitudes_inventario.htm,1.26
IC-A1-079,PCIC12_INTERCULTURAL_SPECIFICATION_UNGRADED,2,Asimilación de los saberes culturales,2.1.4,HABILIDAD,Ensayo y práctica,REHEARSAL_PRACTICE,1,3,SINGLE_UNSCALED_LIST,NOT_AN_A1_ASSERTION_BY_PCIC,UNSCALED_PCIC_INTERCULTURAL_POOL,AVAILABLE_FOR_CONTEXTUAL_CURRICULUM_SELECTION,TASK_DEPENDENT_NOT_LEVEL_DEFINED,DO_NOT_TREAT_AS_LANGUAGE_LEVEL_PASS_FAIL,INTERCULTURAL; PARTICULARLY_SPAIN_AND_HISPANIC_COUNTRIES,PHASE10_CULTURAL_KNOWLEDGE; PHASE8_PRAGMATICS_WHEN_APPLICABLE,Item-level source position preserved without copying the full protected source formulation. Content family is normalized at subsection level; exact source item must be consulted at the recorded locator.,https://cvc.cervantes.es/Ensenanza/biblioteca_ele/plan_curricular/niveles/12_habilidades_y_actitudes_inventario.htm,1.26
IC-A1-080,PCIC12_INTERCULTURAL_SPECIFICATION_UNGRADED,2,Asimilación de los saberes culturales,2.1.4,HABILIDAD,Ensayo y práctica,REHEARSAL_PRACTICE,2,3,SINGLE_UNSCALED_LIST,NOT_AN_A1_ASSERTION_BY_PCIC,UNSCALED_PCIC_INTERCULTURAL_POOL,AVAILABLE_FOR_CONTEXTUAL_CURRICULUM_SELECTION,TASK_DEPENDENT_NOT_LEVEL_DEFINED,DO_NOT_TREAT_AS_LANGUAGE_LEVEL_PASS_FAIL,INTERCULTURAL; PARTICULARLY_SPAIN_AND_HISPANIC_COUNTRIES,PHASE10_CULTURAL_KNOWLEDGE; PHASE8_PRAGMATICS_WHEN_APPLICABLE,Item-level source position preserved without copying the full protected source formulation. Content family is normalized at subsection level; exact source item must be consulted at the recorded locator.,https://cvc.cervantes.es/Ensenanza/biblioteca_ele/plan_curricular/niveles/12_habilidades_y_actitudes_inventario.htm,1.26
IC-A1-081,PCIC12_INTERCULTURAL_SPECIFICATION_UNGRADED,2,Asimilación de los saberes culturales,2.1.4,HABILIDAD,Ensayo y práctica,REHEARSAL_PRACTICE,3,3,SINGLE_UNSCALED_LIST,NOT_AN_A1_ASSERTION_BY_PCIC,UNSCALED_PCIC_INTERCULTURAL_POOL,AVAILABLE_FOR_CONTEXTUAL_CURRICULUM_SELECTION,TASK_DEPENDENT_NOT_LEVEL_DEFINED,DO_NOT_TREAT_AS_LANGUAGE_LEVEL_PASS_FAIL,INTERCULTURAL; PARTICULARLY_SPAIN_AND_HISPANIC_COUNTRIES,PHASE10_CULTURAL_KNOWLEDGE; PHASE8_PRAGMATICS_WHEN_APPLICABLE,Item-level source position preserved without copying the full protected source formulation. Content family is normalized at subsection level; exact source item must be consulted at the recorded locator.,https://cvc.cervantes.es/Ensenanza/biblioteca_ele/plan_curricular/niveles/12_habilidades_y_actitudes_inventario.htm,1.26
IC-A1-082,PCIC12_INTERCULTURAL_SPECIFICATION_UNGRADED,2,Asimilación de los saberes culturales,2.1.5,HABILIDAD,Evaluación y control,EVALUATION_CONTROL,1,5,SINGLE_UNSCALED_LIST,NOT_AN_A1_ASSERTION_BY_PCIC,UNSCALED_PCIC_INTERCULTURAL_POOL,AVAILABLE_FOR_CONTEXTUAL_CURRICULUM_SELECTION,TASK_DEPENDENT_NOT_LEVEL_DEFINED,DO_NOT_TREAT_AS_LANGUAGE_LEVEL_PASS_FAIL,INTERCULTURAL; PARTICULARLY_SPAIN_AND_HISPANIC_COUNTRIES,PHASE10_CULTURAL_KNOWLEDGE; PHASE8_PRAGMATICS_WHEN_APPLICABLE,Item-level source position preserved without copying the full protected source formulation. Content family is normalized at subsection level; exact source item must be consulted at the recorded locator.,https://cvc.cervantes.es/Ensenanza/biblioteca_ele/plan_curricular/niveles/12_habilidades_y_actitudes_inventario.htm,1.26
IC-A1-083,PCIC12_INTERCULTURAL_SPECIFICATION_UNGRADED,2,Asimilación de los saberes culturales,2.1.5,HABILIDAD,Evaluación y control,EVALUATION_CONTROL,2,5,SINGLE_UNSCALED_LIST,NOT_AN_A1_ASSERTION_BY_PCIC,UNSCALED_PCIC_INTERCULTURAL_POOL,AVAILABLE_FOR_CONTEXTUAL_CURRICULUM_SELECTION,TASK_DEPENDENT_NOT_LEVEL_DEFINED,DO_NOT_TREAT_AS_LANGUAGE_LEVEL_PASS_FAIL,INTERCULTURAL; PARTICULARLY_SPAIN_AND_HISPANIC_COUNTRIES,PHASE10_CULTURAL_KNOWLEDGE; PHASE8_PRAGMATICS_WHEN_APPLICABLE,Item-level source position preserved without copying the full protected source formulation. Content family is normalized at subsection level; exact source item must be consulted at the recorded locator.,https://cvc.cervantes.es/Ensenanza/biblioteca_ele/plan_curricular/niveles/12_habilidades_y_actitudes_inventario.htm,1.26
IC-A1-084,PCIC12_INTERCULTURAL_SPECIFICATION_UNGRADED,2,Asimilación de los saberes culturales,2.1.5,HABILIDAD,Evaluación y control,EVALUATION_CONTROL,3,5,SINGLE_UNSCALED_LIST,NOT_AN_A1_ASSERTION_BY_PCIC,UNSCALED_PCIC_INTERCULTURAL_POOL,AVAILABLE_FOR_CONTEXTUAL_CURRICULUM_SELECTION,TASK_DEPENDENT_NOT_LEVEL_DEFINED,DO_NOT_TREAT_AS_LANGUAGE_LEVEL_PASS_FAIL,INTERCULTURAL; PARTICULARLY_SPAIN_AND_HISPANIC_COUNTRIES,PHASE10_CULTURAL_KNOWLEDGE; PHASE8_PRAGMATICS_WHEN_APPLICABLE,Item-level source position preserved without copying the full protected source formulation. Content family is normalized at subsection level; exact source item must be consulted at the recorded locator.,https://cvc.cervantes.es/Ensenanza/biblioteca_ele/plan_curricular/niveles/12_habilidades_y_actitudes_inventario.htm,1.26
IC-A1-085,PCIC12_INTERCULTURAL_SPECIFICATION_UNGRADED,2,Asimilación de los saberes culturales,2.1.5,HABILIDAD,Evaluación y control,EVALUATION_CONTROL,4,5,SINGLE_UNSCALED_LIST,NOT_AN_A1_ASSERTION_BY_PCIC,UNSCALED_PCIC_INTERCULTURAL_POOL,AVAILABLE_FOR_CONTEXTUAL_CURRICULUM_SELECTION,TASK_DEPENDENT_NOT_LEVEL_DEFINED,DO_NOT_TREAT_AS_LANGUAGE_LEVEL_PASS_FAIL,INTERCULTURAL; PARTICULARLY_SPAIN_AND_HISPANIC_COUNTRIES,PHASE10_CULTURAL_KNOWLEDGE; PHASE8_PRAGMATICS_WHEN_APPLICABLE,Item-level source position preserved without copying the full protected source formulation. Content family is normalized at subsection level; exact source item must be consulted at the recorded locator.,https://cvc.cervantes.es/Ensenanza/biblioteca_ele/plan_curricular/niveles/12_habilidades_y_actitudes_inventario.htm,1.26
IC-A1-086,PCIC12_INTERCULTURAL_SPECIFICATION_UNGRADED,2,Asimilación de los saberes culturales,2.1.5,HABILIDAD,Evaluación y control,EVALUATION_CONTROL,5,5,SINGLE_UNSCALED_LIST,NOT_AN_A1_ASSERTION_BY_PCIC,UNSCALED_PCIC_INTERCULTURAL_POOL,AVAILABLE_FOR_CONTEXTUAL_CURRICULUM_SELECTION,TASK_DEPENDENT_NOT_LEVEL_DEFINED,DO_NOT_TREAT_AS_LANGUAGE_LEVEL_PASS_FAIL,INTERCULTURAL; PARTICULARLY_SPAIN_AND_HISPANIC_COUNTRIES,PHASE10_CULTURAL_KNOWLEDGE; PHASE8_PRAGMATICS_WHEN_APPLICABLE,Item-level source position preserved without copying the full protected source formulation. Content family is normalized at subsection level; exact source item must be consulted at the recorded locator.,https://cvc.cervantes.es/Ensenanza/biblioteca_ele/plan_curricular/niveles/12_habilidades_y_actitudes_inventario.htm,1.26
IC-A1-087,PCIC12_INTERCULTURAL_SPECIFICATION_UNGRADED,2,Asimilación de los saberes culturales,2.1.6,HABILIDAD,"Reparación, corrección",REPAIR_CORRECTION,1,2,SINGLE_UNSCALED_LIST,NOT_AN_A1_ASSERTION_BY_PCIC,UNSCALED_PCIC_INTERCULTURAL_POOL,AVAILABLE_FOR_CONTEXTUAL_CURRICULUM_SELECTION,TASK_DEPENDENT_NOT_LEVEL_DEFINED,DO_NOT_TREAT_AS_LANGUAGE_LEVEL_PASS_FAIL,INTERCULTURAL; PARTICULARLY_SPAIN_AND_HISPANIC_COUNTRIES,PHASE10_CULTURAL_KNOWLEDGE; PHASE8_PRAGMATICS_WHEN_APPLICABLE,Item-level source position preserved without copying the full protected source formulation. Content family is normalized at subsection level; exact source item must be consulted at the recorded locator.,https://cvc.cervantes.es/Ensenanza/biblioteca_ele/plan_curricular/niveles/12_habilidades_y_actitudes_inventario.htm,1.26
IC-A1-088,PCIC12_INTERCULTURAL_SPECIFICATION_UNGRADED,2,Asimilación de los saberes culturales,2.1.6,HABILIDAD,"Reparación, corrección",REPAIR_CORRECTION,2,2,SINGLE_UNSCALED_LIST,NOT_AN_A1_ASSERTION_BY_PCIC,UNSCALED_PCIC_INTERCULTURAL_POOL,AVAILABLE_FOR_CONTEXTUAL_CURRICULUM_SELECTION,TASK_DEPENDENT_NOT_LEVEL_DEFINED,DO_NOT_TREAT_AS_LANGUAGE_LEVEL_PASS_FAIL,INTERCULTURAL; PARTICULARLY_SPAIN_AND_HISPANIC_COUNTRIES,PHASE10_CULTURAL_KNOWLEDGE; PHASE8_PRAGMATICS_WHEN_APPLICABLE,Item-level source position preserved without copying the full protected source formulation. Content family is normalized at subsection level; exact source item must be consulted at the recorded locator.,https://cvc.cervantes.es/Ensenanza/biblioteca_ele/plan_curricular/niveles/12_habilidades_y_actitudes_inventario.htm,1.26
IC-A1-089,PCIC12_INTERCULTURAL_SPECIFICATION_UNGRADED,2,Asimilación de los saberes culturales,2.2.1,ACTITUD,Empatía,EMPATHY,1,1,SINGLE_UNSCALED_LIST,NOT_AN_A1_ASSERTION_BY_PCIC,UNSCALED_PCIC_INTERCULTURAL_POOL,AVAILABLE_FOR_CONTEXTUAL_CURRICULUM_SELECTION,TASK_DEPENDENT_NOT_LEVEL_DEFINED,DO_NOT_TREAT_AS_LANGUAGE_LEVEL_PASS_FAIL,INTERCULTURAL; PARTICULARLY_SPAIN_AND_HISPANIC_COUNTRIES,PHASE10_CULTURAL_KNOWLEDGE; PHASE8_PRAGMATICS_WHEN_APPLICABLE,Item-level source position preserved without copying the full protected source formulation. Content family is normalized at subsection level; exact source item must be consulted at the recorded locator.,https://cvc.cervantes.es/Ensenanza/biblioteca_ele/plan_curricular/niveles/12_habilidades_y_actitudes_inventario.htm,1.26
IC-A1-090,PCIC12_INTERCULTURAL_SPECIFICATION_UNGRADED,2,Asimilación de los saberes culturales,2.2.2,ACTITUD,"Curiosidad, apertura",CURIOSITY_OPENNESS,1,4,SINGLE_UNSCALED_LIST,NOT_AN_A1_ASSERTION_BY_PCIC,UNSCALED_PCIC_INTERCULTURAL_POOL,AVAILABLE_FOR_CONTEXTUAL_CURRICULUM_SELECTION,TASK_DEPENDENT_NOT_LEVEL_DEFINED,DO_NOT_TREAT_AS_LANGUAGE_LEVEL_PASS_FAIL,INTERCULTURAL; PARTICULARLY_SPAIN_AND_HISPANIC_COUNTRIES,PHASE10_CULTURAL_KNOWLEDGE; PHASE8_PRAGMATICS_WHEN_APPLICABLE,Item-level source position preserved without copying the full protected source formulation. Content family is normalized at subsection level; exact source item must be consulted at the recorded locator.,https://cvc.cervantes.es/Ensenanza/biblioteca_ele/plan_curricular/niveles/12_habilidades_y_actitudes_inventario.htm,1.26
IC-A1-091,PCIC12_INTERCULTURAL_SPECIFICATION_UNGRADED,2,Asimilación de los saberes culturales,2.2.2,ACTITUD,"Curiosidad, apertura",CURIOSITY_OPENNESS,2,4,SINGLE_UNSCALED_LIST,NOT_AN_A1_ASSERTION_BY_PCIC,UNSCALED_PCIC_INTERCULTURAL_POOL,AVAILABLE_FOR_CONTEXTUAL_CURRICULUM_SELECTION,TASK_DEPENDENT_NOT_LEVEL_DEFINED,DO_NOT_TREAT_AS_LANGUAGE_LEVEL_PASS_FAIL,INTERCULTURAL; PARTICULARLY_SPAIN_AND_HISPANIC_COUNTRIES,PHASE10_CULTURAL_KNOWLEDGE; PHASE8_PRAGMATICS_WHEN_APPLICABLE,Item-level source position preserved without copying the full protected source formulation. Content family is normalized at subsection level; exact source item must be consulted at the recorded locator.,https://cvc.cervantes.es/Ensenanza/biblioteca_ele/plan_curricular/niveles/12_habilidades_y_actitudes_inventario.htm,1.26
IC-A1-092,PCIC12_INTERCULTURAL_SPECIFICATION_UNGRADED,2,Asimilación de los saberes culturales,2.2.2,ACTITUD,"Curiosidad, apertura",CURIOSITY_OPENNESS,3,4,SINGLE_UNSCALED_LIST,NOT_AN_A1_ASSERTION_BY_PCIC,UNSCALED_PCIC_INTERCULTURAL_POOL,AVAILABLE_FOR_CONTEXTUAL_CURRICULUM_SELECTION,TASK_DEPENDENT_NOT_LEVEL_DEFINED,DO_NOT_TREAT_AS_LANGUAGE_LEVEL_PASS_FAIL,INTERCULTURAL; PARTICULARLY_SPAIN_AND_HISPANIC_COUNTRIES,PHASE10_CULTURAL_KNOWLEDGE; PHASE8_PRAGMATICS_WHEN_APPLICABLE,Item-level source position preserved without copying the full protected source formulation. Content family is normalized at subsection level; exact source item must be consulted at the recorded locator.,https://cvc.cervantes.es/Ensenanza/biblioteca_ele/plan_curricular/niveles/12_habilidades_y_actitudes_inventario.htm,1.26
IC-A1-093,PCIC12_INTERCULTURAL_SPECIFICATION_UNGRADED,2,Asimilación de los saberes culturales,2.2.2,ACTITUD,"Curiosidad, apertura",CURIOSITY_OPENNESS,4,4,SINGLE_UNSCALED_LIST,NOT_AN_A1_ASSERTION_BY_PCIC,UNSCALED_PCIC_INTERCULTURAL_POOL,AVAILABLE_FOR_CONTEXTUAL_CURRICULUM_SELECTION,TASK_DEPENDENT_NOT_LEVEL_DEFINED,DO_NOT_TREAT_AS_LANGUAGE_LEVEL_PASS_FAIL,INTERCULTURAL; PARTICULARLY_SPAIN_AND_HISPANIC_COUNTRIES,PHASE10_CULTURAL_KNOWLEDGE; PHASE8_PRAGMATICS_WHEN_APPLICABLE,Item-level source position preserved without copying the full protected source formulation. Content family is normalized at subsection level; exact source item must be consulted at the recorded locator.,https://cvc.cervantes.es/Ensenanza/biblioteca_ele/plan_curricular/niveles/12_habilidades_y_actitudes_inventario.htm,1.26
IC-A1-094,PCIC12_INTERCULTURAL_SPECIFICATION_UNGRADED,2,Asimilación de los saberes culturales,2.2.3,ACTITUD,Disposición favorable,FAVORABLE_DISPOSITION,1,3,SINGLE_UNSCALED_LIST,NOT_AN_A1_ASSERTION_BY_PCIC,UNSCALED_PCIC_INTERCULTURAL_POOL,AVAILABLE_FOR_CONTEXTUAL_CURRICULUM_SELECTION,TASK_DEPENDENT_NOT_LEVEL_DEFINED,DO_NOT_TREAT_AS_LANGUAGE_LEVEL_PASS_FAIL,INTERCULTURAL; PARTICULARLY_SPAIN_AND_HISPANIC_COUNTRIES,PHASE10_CULTURAL_KNOWLEDGE; PHASE8_PRAGMATICS_WHEN_APPLICABLE,Item-level source position preserved without copying the full protected source formulation. Content family is normalized at subsection level; exact source item must be consulted at the recorded locator.,https://cvc.cervantes.es/Ensenanza/biblioteca_ele/plan_curricular/niveles/12_habilidades_y_actitudes_inventario.htm,1.26
IC-A1-095,PCIC12_INTERCULTURAL_SPECIFICATION_UNGRADED,2,Asimilación de los saberes culturales,2.2.3,ACTITUD,Disposición favorable,FAVORABLE_DISPOSITION,2,3,SINGLE_UNSCALED_LIST,NOT_AN_A1_ASSERTION_BY_PCIC,UNSCALED_PCIC_INTERCULTURAL_POOL,AVAILABLE_FOR_CONTEXTUAL_CURRICULUM_SELECTION,TASK_DEPENDENT_NOT_LEVEL_DEFINED,DO_NOT_TREAT_AS_LANGUAGE_LEVEL_PASS_FAIL,INTERCULTURAL; PARTICULARLY_SPAIN_AND_HISPANIC_COUNTRIES,PHASE10_CULTURAL_KNOWLEDGE; PHASE8_PRAGMATICS_WHEN_APPLICABLE,Item-level source position preserved without copying the full protected source formulation. Content family is normalized at subsection level; exact source item must be consulted at the recorded locator.,https://cvc.cervantes.es/Ensenanza/biblioteca_ele/plan_curricular/niveles/12_habilidades_y_actitudes_inventario.htm,1.26
IC-A1-096,PCIC12_INTERCULTURAL_SPECIFICATION_UNGRADED,2,Asimilación de los saberes culturales,2.2.3,ACTITUD,Disposición favorable,FAVORABLE_DISPOSITION,3,3,SINGLE_UNSCALED_LIST,NOT_AN_A1_ASSERTION_BY_PCIC,UNSCALED_PCIC_INTERCULTURAL_POOL,AVAILABLE_FOR_CONTEXTUAL_CURRICULUM_SELECTION,TASK_DEPENDENT_NOT_LEVEL_DEFINED,DO_NOT_TREAT_AS_LANGUAGE_LEVEL_PASS_FAIL,INTERCULTURAL; PARTICULARLY_SPAIN_AND_HISPANIC_COUNTRIES,PHASE10_CULTURAL_KNOWLEDGE; PHASE8_PRAGMATICS_WHEN_APPLICABLE,Item-level source position preserved without copying the full protected source formulation. Content family is normalized at subsection level; exact source item must be consulted at the recorded locator.,https://cvc.cervantes.es/Ensenanza/biblioteca_ele/plan_curricular/niveles/12_habilidades_y_actitudes_inventario.htm,1.26
IC-A1-097,PCIC12_INTERCULTURAL_SPECIFICATION_UNGRADED,2,Asimilación de los saberes culturales,2.2.4,ACTITUD,"Distanciamiento, relativización",DISTANCING_RELATIVIZATION,1,2,SINGLE_UNSCALED_LIST,NOT_AN_A1_ASSERTION_BY_PCIC,UNSCALED_PCIC_INTERCULTURAL_POOL,AVAILABLE_FOR_CONTEXTUAL_CURRICULUM_SELECTION,TASK_DEPENDENT_NOT_LEVEL_DEFINED,DO_NOT_TREAT_AS_LANGUAGE_LEVEL_PASS_FAIL,INTERCULTURAL; PARTICULARLY_SPAIN_AND_HISPANIC_COUNTRIES,PHASE10_CULTURAL_KNOWLEDGE; PHASE8_PRAGMATICS_WHEN_APPLICABLE,Item-level source position preserved without copying the full protected source formulation. Content family is normalized at subsection level; exact source item must be consulted at the recorded locator.,https://cvc.cervantes.es/Ensenanza/biblioteca_ele/plan_curricular/niveles/12_habilidades_y_actitudes_inventario.htm,1.26
IC-A1-098,PCIC12_INTERCULTURAL_SPECIFICATION_UNGRADED,2,Asimilación de los saberes culturales,2.2.4,ACTITUD,"Distanciamiento, relativización",DISTANCING_RELATIVIZATION,2,2,SINGLE_UNSCALED_LIST,NOT_AN_A1_ASSERTION_BY_PCIC,UNSCALED_PCIC_INTERCULTURAL_POOL,AVAILABLE_FOR_CONTEXTUAL_CURRICULUM_SELECTION,TASK_DEPENDENT_NOT_LEVEL_DEFINED,DO_NOT_TREAT_AS_LANGUAGE_LEVEL_PASS_FAIL,INTERCULTURAL; PARTICULARLY_SPAIN_AND_HISPANIC_COUNTRIES,PHASE10_CULTURAL_KNOWLEDGE; PHASE8_PRAGMATICS_WHEN_APPLICABLE,Item-level source position preserved without copying the full protected source formulation. Content family is normalized at subsection level; exact source item must be consulted at the recorded locator.,https://cvc.cervantes.es/Ensenanza/biblioteca_ele/plan_curricular/niveles/12_habilidades_y_actitudes_inventario.htm,1.26
IC-A1-099,PCIC12_INTERCULTURAL_SPECIFICATION_UNGRADED,2,Asimilación de los saberes culturales,2.2.5,ACTITUD,Tolerancia a la ambigüedad,AMBIGUITY_TOLERANCE,1,1,SINGLE_UNSCALED_LIST,NOT_AN_A1_ASSERTION_BY_PCIC,UNSCALED_PCIC_INTERCULTURAL_POOL,AVAILABLE_FOR_CONTEXTUAL_CURRICULUM_SELECTION,TASK_DEPENDENT_NOT_LEVEL_DEFINED,DO_NOT_TREAT_AS_LANGUAGE_LEVEL_PASS_FAIL,INTERCULTURAL; PARTICULARLY_SPAIN_AND_HISPANIC_COUNTRIES,PHASE10_CULTURAL_KNOWLEDGE; PHASE8_PRAGMATICS_WHEN_APPLICABLE,Item-level source position preserved without copying the full protected source formulation. Content family is normalized at subsection level; exact source item must be consulted at the recorded locator.,https://cvc.cervantes.es/Ensenanza/biblioteca_ele/plan_curricular/niveles/12_habilidades_y_actitudes_inventario.htm,1.26
IC-A1-100,PCIC12_INTERCULTURAL_SPECIFICATION_UNGRADED,3,Interacción cultural,3.1.1,HABILIDAD,Planificación,INTERCULTURAL_INTERACTION_PLANNING,1,7,SINGLE_UNSCALED_LIST,NOT_AN_A1_ASSERTION_BY_PCIC,UNSCALED_PCIC_INTERCULTURAL_POOL,AVAILABLE_FOR_CONTEXTUAL_CURRICULUM_SELECTION,TASK_DEPENDENT_NOT_LEVEL_DEFINED,DO_NOT_TREAT_AS_LANGUAGE_LEVEL_PASS_FAIL,INTERCULTURAL; PARTICULARLY_SPAIN_AND_HISPANIC_COUNTRIES,PHASE10_CULTURAL_KNOWLEDGE; PHASE8_PRAGMATICS_WHEN_APPLICABLE,Item-level source position preserved without copying the full protected source formulation. Content family is normalized at subsection level; exact source item must be consulted at the recorded locator.,https://cvc.cervantes.es/Ensenanza/biblioteca_ele/plan_curricular/niveles/12_habilidades_y_actitudes_inventario.htm,1.26
IC-A1-101,PCIC12_INTERCULTURAL_SPECIFICATION_UNGRADED,3,Interacción cultural,3.1.1,HABILIDAD,Planificación,INTERCULTURAL_INTERACTION_PLANNING,2,7,SINGLE_UNSCALED_LIST,NOT_AN_A1_ASSERTION_BY_PCIC,UNSCALED_PCIC_INTERCULTURAL_POOL,AVAILABLE_FOR_CONTEXTUAL_CURRICULUM_SELECTION,TASK_DEPENDENT_NOT_LEVEL_DEFINED,DO_NOT_TREAT_AS_LANGUAGE_LEVEL_PASS_FAIL,INTERCULTURAL; PARTICULARLY_SPAIN_AND_HISPANIC_COUNTRIES,PHASE10_CULTURAL_KNOWLEDGE; PHASE8_PRAGMATICS_WHEN_APPLICABLE,Item-level source position preserved without copying the full protected source formulation. Content family is normalized at subsection level; exact source item must be consulted at the recorded locator.,https://cvc.cervantes.es/Ensenanza/biblioteca_ele/plan_curricular/niveles/12_habilidades_y_actitudes_inventario.htm,1.26
IC-A1-102,PCIC12_INTERCULTURAL_SPECIFICATION_UNGRADED,3,Interacción cultural,3.1.1,HABILIDAD,Planificación,INTERCULTURAL_INTERACTION_PLANNING,3,7,SINGLE_UNSCALED_LIST,NOT_AN_A1_ASSERTION_BY_PCIC,UNSCALED_PCIC_INTERCULTURAL_POOL,AVAILABLE_FOR_CONTEXTUAL_CURRICULUM_SELECTION,TASK_DEPENDENT_NOT_LEVEL_DEFINED,DO_NOT_TREAT_AS_LANGUAGE_LEVEL_PASS_FAIL,INTERCULTURAL; PARTICULARLY_SPAIN_AND_HISPANIC_COUNTRIES,PHASE10_CULTURAL_KNOWLEDGE; PHASE8_PRAGMATICS_WHEN_APPLICABLE,Item-level source position preserved without copying the full protected source formulation. Content family is normalized at subsection level; exact source item must be consulted at the recorded locator.,https://cvc.cervantes.es/Ensenanza/biblioteca_ele/plan_curricular/niveles/12_habilidades_y_actitudes_inventario.htm,1.26
IC-A1-103,PCIC12_INTERCULTURAL_SPECIFICATION_UNGRADED,3,Interacción cultural,3.1.1,HABILIDAD,Planificación,INTERCULTURAL_INTERACTION_PLANNING,4,7,SINGLE_UNSCALED_LIST,NOT_AN_A1_ASSERTION_BY_PCIC,UNSCALED_PCIC_INTERCULTURAL_POOL,AVAILABLE_FOR_CONTEXTUAL_CURRICULUM_SELECTION,TASK_DEPENDENT_NOT_LEVEL_DEFINED,DO_NOT_TREAT_AS_LANGUAGE_LEVEL_PASS_FAIL,INTERCULTURAL; PARTICULARLY_SPAIN_AND_HISPANIC_COUNTRIES,PHASE10_CULTURAL_KNOWLEDGE; PHASE8_PRAGMATICS_WHEN_APPLICABLE,Item-level source position preserved without copying the full protected source formulation. Content family is normalized at subsection level; exact source item must be consulted at the recorded locator.,https://cvc.cervantes.es/Ensenanza/biblioteca_ele/plan_curricular/niveles/12_habilidades_y_actitudes_inventario.htm,1.26
IC-A1-104,PCIC12_INTERCULTURAL_SPECIFICATION_UNGRADED,3,Interacción cultural,3.1.1,HABILIDAD,Planificación,INTERCULTURAL_INTERACTION_PLANNING,5,7,SINGLE_UNSCALED_LIST,NOT_AN_A1_ASSERTION_BY_PCIC,UNSCALED_PCIC_INTERCULTURAL_POOL,AVAILABLE_FOR_CONTEXTUAL_CURRICULUM_SELECTION,TASK_DEPENDENT_NOT_LEVEL_DEFINED,DO_NOT_TREAT_AS_LANGUAGE_LEVEL_PASS_FAIL,INTERCULTURAL; PARTICULARLY_SPAIN_AND_HISPANIC_COUNTRIES,PHASE10_CULTURAL_KNOWLEDGE; PHASE8_PRAGMATICS_WHEN_APPLICABLE,Item-level source position preserved without copying the full protected source formulation. Content family is normalized at subsection level; exact source item must be consulted at the recorded locator.,https://cvc.cervantes.es/Ensenanza/biblioteca_ele/plan_curricular/niveles/12_habilidades_y_actitudes_inventario.htm,1.26
IC-A1-105,PCIC12_INTERCULTURAL_SPECIFICATION_UNGRADED,3,Interacción cultural,3.1.1,HABILIDAD,Planificación,INTERCULTURAL_INTERACTION_PLANNING,6,7,SINGLE_UNSCALED_LIST,NOT_AN_A1_ASSERTION_BY_PCIC,UNSCALED_PCIC_INTERCULTURAL_POOL,AVAILABLE_FOR_CONTEXTUAL_CURRICULUM_SELECTION,TASK_DEPENDENT_NOT_LEVEL_DEFINED,DO_NOT_TREAT_AS_LANGUAGE_LEVEL_PASS_FAIL,INTERCULTURAL; PARTICULARLY_SPAIN_AND_HISPANIC_COUNTRIES,PHASE10_CULTURAL_KNOWLEDGE; PHASE8_PRAGMATICS_WHEN_APPLICABLE,Item-level source position preserved without copying the full protected source formulation. Content family is normalized at subsection level; exact source item must be consulted at the recorded locator.,https://cvc.cervantes.es/Ensenanza/biblioteca_ele/plan_curricular/niveles/12_habilidades_y_actitudes_inventario.htm,1.26
IC-A1-106,PCIC12_INTERCULTURAL_SPECIFICATION_UNGRADED,3,Interacción cultural,3.1.1,HABILIDAD,Planificación,INTERCULTURAL_INTERACTION_PLANNING,7,7,SINGLE_UNSCALED_LIST,NOT_AN_A1_ASSERTION_BY_PCIC,UNSCALED_PCIC_INTERCULTURAL_POOL,AVAILABLE_FOR_CONTEXTUAL_CURRICULUM_SELECTION,TASK_DEPENDENT_NOT_LEVEL_DEFINED,DO_NOT_TREAT_AS_LANGUAGE_LEVEL_PASS_FAIL,INTERCULTURAL; PARTICULARLY_SPAIN_AND_HISPANIC_COUNTRIES,PHASE10_CULTURAL_KNOWLEDGE; PHASE8_PRAGMATICS_WHEN_APPLICABLE,Item-level source position preserved without copying the full protected source formulation. Content family is normalized at subsection level; exact source item must be consulted at the recorded locator.,https://cvc.cervantes.es/Ensenanza/biblioteca_ele/plan_curricular/niveles/12_habilidades_y_actitudes_inventario.htm,1.26
IC-A1-107,PCIC12_INTERCULTURAL_SPECIFICATION_UNGRADED,3,Interacción cultural,3.1.2,HABILIDAD,"Contacto, compensación",CONTACT_COMPENSATION,1,10,SINGLE_UNSCALED_LIST,NOT_AN_A1_ASSERTION_BY_PCIC,UNSCALED_PCIC_INTERCULTURAL_POOL,AVAILABLE_FOR_CONTEXTUAL_CURRICULUM_SELECTION,TASK_DEPENDENT_NOT_LEVEL_DEFINED,DO_NOT_TREAT_AS_LANGUAGE_LEVEL_PASS_FAIL,INTERCULTURAL; PARTICULARLY_SPAIN_AND_HISPANIC_COUNTRIES,PHASE10_CULTURAL_KNOWLEDGE; PHASE8_PRAGMATICS_WHEN_APPLICABLE,Item-level source position preserved without copying the full protected source formulation. Content family is normalized at subsection level; exact source item must be consulted at the recorded locator.,https://cvc.cervantes.es/Ensenanza/biblioteca_ele/plan_curricular/niveles/12_habilidades_y_actitudes_inventario.htm,1.26
IC-A1-108,PCIC12_INTERCULTURAL_SPECIFICATION_UNGRADED,3,Interacción cultural,3.1.2,HABILIDAD,"Contacto, compensación",CONTACT_COMPENSATION,2,10,SINGLE_UNSCALED_LIST,NOT_AN_A1_ASSERTION_BY_PCIC,UNSCALED_PCIC_INTERCULTURAL_POOL,AVAILABLE_FOR_CONTEXTUAL_CURRICULUM_SELECTION,TASK_DEPENDENT_NOT_LEVEL_DEFINED,DO_NOT_TREAT_AS_LANGUAGE_LEVEL_PASS_FAIL,INTERCULTURAL; PARTICULARLY_SPAIN_AND_HISPANIC_COUNTRIES,PHASE10_CULTURAL_KNOWLEDGE; PHASE8_PRAGMATICS_WHEN_APPLICABLE,Item-level source position preserved without copying the full protected source formulation. Content family is normalized at subsection level; exact source item must be consulted at the recorded locator.,https://cvc.cervantes.es/Ensenanza/biblioteca_ele/plan_curricular/niveles/12_habilidades_y_actitudes_inventario.htm,1.26
IC-A1-109,PCIC12_INTERCULTURAL_SPECIFICATION_UNGRADED,3,Interacción cultural,3.1.2,HABILIDAD,"Contacto, compensación",CONTACT_COMPENSATION,3,10,SINGLE_UNSCALED_LIST,NOT_AN_A1_ASSERTION_BY_PCIC,UNSCALED_PCIC_INTERCULTURAL_POOL,AVAILABLE_FOR_CONTEXTUAL_CURRICULUM_SELECTION,TASK_DEPENDENT_NOT_LEVEL_DEFINED,DO_NOT_TREAT_AS_LANGUAGE_LEVEL_PASS_FAIL,INTERCULTURAL; PARTICULARLY_SPAIN_AND_HISPANIC_COUNTRIES,PHASE10_CULTURAL_KNOWLEDGE; PHASE8_PRAGMATICS_WHEN_APPLICABLE,Item-level source position preserved without copying the full protected source formulation. Content family is normalized at subsection level; exact source item must be consulted at the recorded locator.,https://cvc.cervantes.es/Ensenanza/biblioteca_ele/plan_curricular/niveles/12_habilidades_y_actitudes_inventario.htm,1.26
IC-A1-110,PCIC12_INTERCULTURAL_SPECIFICATION_UNGRADED,3,Interacción cultural,3.1.2,HABILIDAD,"Contacto, compensación",CONTACT_COMPENSATION,4,10,SINGLE_UNSCALED_LIST,NOT_AN_A1_ASSERTION_BY_PCIC,UNSCALED_PCIC_INTERCULTURAL_POOL,AVAILABLE_FOR_CONTEXTUAL_CURRICULUM_SELECTION,TASK_DEPENDENT_NOT_LEVEL_DEFINED,DO_NOT_TREAT_AS_LANGUAGE_LEVEL_PASS_FAIL,INTERCULTURAL; PARTICULARLY_SPAIN_AND_HISPANIC_COUNTRIES,PHASE10_CULTURAL_KNOWLEDGE; PHASE8_PRAGMATICS_WHEN_APPLICABLE,Item-level source position preserved without copying the full protected source formulation. Content family is normalized at subsection level; exact source item must be consulted at the recorded locator.,https://cvc.cervantes.es/Ensenanza/biblioteca_ele/plan_curricular/niveles/12_habilidades_y_actitudes_inventario.htm,1.26
IC-A1-111,PCIC12_INTERCULTURAL_SPECIFICATION_UNGRADED,3,Interacción cultural,3.1.2,HABILIDAD,"Contacto, compensación",CONTACT_COMPENSATION,5,10,SINGLE_UNSCALED_LIST,NOT_AN_A1_ASSERTION_BY_PCIC,UNSCALED_PCIC_INTERCULTURAL_POOL,AVAILABLE_FOR_CONTEXTUAL_CURRICULUM_SELECTION,TASK_DEPENDENT_NOT_LEVEL_DEFINED,DO_NOT_TREAT_AS_LANGUAGE_LEVEL_PASS_FAIL,INTERCULTURAL; PARTICULARLY_SPAIN_AND_HISPANIC_COUNTRIES,PHASE10_CULTURAL_KNOWLEDGE; PHASE8_PRAGMATICS_WHEN_APPLICABLE,Item-level source position preserved without copying the full protected source formulation. Content family is normalized at subsection level; exact source item must be consulted at the recorded locator.,https://cvc.cervantes.es/Ensenanza/biblioteca_ele/plan_curricular/niveles/12_habilidades_y_actitudes_inventario.htm,1.26
IC-A1-112,PCIC12_INTERCULTURAL_SPECIFICATION_UNGRADED,3,Interacción cultural,3.1.2,HABILIDAD,"Contacto, compensación",CONTACT_COMPENSATION,6,10,SINGLE_UNSCALED_LIST,NOT_AN_A1_ASSERTION_BY_PCIC,UNSCALED_PCIC_INTERCULTURAL_POOL,AVAILABLE_FOR_CONTEXTUAL_CURRICULUM_SELECTION,TASK_DEPENDENT_NOT_LEVEL_DEFINED,DO_NOT_TREAT_AS_LANGUAGE_LEVEL_PASS_FAIL,INTERCULTURAL; PARTICULARLY_SPAIN_AND_HISPANIC_COUNTRIES,PHASE10_CULTURAL_KNOWLEDGE; PHASE8_PRAGMATICS_WHEN_APPLICABLE,Item-level source position preserved without copying the full protected source formulation. Content family is normalized at subsection level; exact source item must be consulted at the recorded locator.,https://cvc.cervantes.es/Ensenanza/biblioteca_ele/plan_curricular/niveles/12_habilidades_y_actitudes_inventario.htm,1.26
IC-A1-113,PCIC12_INTERCULTURAL_SPECIFICATION_UNGRADED,3,Interacción cultural,3.1.2,HABILIDAD,"Contacto, compensación",CONTACT_COMPENSATION,7,10,SINGLE_UNSCALED_LIST,NOT_AN_A1_ASSERTION_BY_PCIC,UNSCALED_PCIC_INTERCULTURAL_POOL,AVAILABLE_FOR_CONTEXTUAL_CURRICULUM_SELECTION,TASK_DEPENDENT_NOT_LEVEL_DEFINED,DO_NOT_TREAT_AS_LANGUAGE_LEVEL_PASS_FAIL,INTERCULTURAL; PARTICULARLY_SPAIN_AND_HISPANIC_COUNTRIES,PHASE10_CULTURAL_KNOWLEDGE; PHASE8_PRAGMATICS_WHEN_APPLICABLE,Item-level source position preserved without copying the full protected source formulation. Content family is normalized at subsection level; exact source item must be consulted at the recorded locator.,https://cvc.cervantes.es/Ensenanza/biblioteca_ele/plan_curricular/niveles/12_habilidades_y_actitudes_inventario.htm,1.26
IC-A1-114,PCIC12_INTERCULTURAL_SPECIFICATION_UNGRADED,3,Interacción cultural,3.1.2,HABILIDAD,"Contacto, compensación",CONTACT_COMPENSATION,8,10,SINGLE_UNSCALED_LIST,NOT_AN_A1_ASSERTION_BY_PCIC,UNSCALED_PCIC_INTERCULTURAL_POOL,AVAILABLE_FOR_CONTEXTUAL_CURRICULUM_SELECTION,TASK_DEPENDENT_NOT_LEVEL_DEFINED,DO_NOT_TREAT_AS_LANGUAGE_LEVEL_PASS_FAIL,INTERCULTURAL; PARTICULARLY_SPAIN_AND_HISPANIC_COUNTRIES,PHASE10_CULTURAL_KNOWLEDGE; PHASE8_PRAGMATICS_WHEN_APPLICABLE,Item-level source position preserved without copying the full protected source formulation. Content family is normalized at subsection level; exact source item must be consulted at the recorded locator.,https://cvc.cervantes.es/Ensenanza/biblioteca_ele/plan_curricular/niveles/12_habilidades_y_actitudes_inventario.htm,1.26
IC-A1-115,PCIC12_INTERCULTURAL_SPECIFICATION_UNGRADED,3,Interacción cultural,3.1.2,HABILIDAD,"Contacto, compensación",CONTACT_COMPENSATION,9,10,SINGLE_UNSCALED_LIST,NOT_AN_A1_ASSERTION_BY_PCIC,UNSCALED_PCIC_INTERCULTURAL_POOL,AVAILABLE_FOR_CONTEXTUAL_CURRICULUM_SELECTION,TASK_DEPENDENT_NOT_LEVEL_DEFINED,DO_NOT_TREAT_AS_LANGUAGE_LEVEL_PASS_FAIL,INTERCULTURAL; PARTICULARLY_SPAIN_AND_HISPANIC_COUNTRIES,PHASE10_CULTURAL_KNOWLEDGE; PHASE8_PRAGMATICS_WHEN_APPLICABLE,Item-level source position preserved without copying the full protected source formulation. Content family is normalized at subsection level; exact source item must be consulted at the recorded locator.,https://cvc.cervantes.es/Ensenanza/biblioteca_ele/plan_curricular/niveles/12_habilidades_y_actitudes_inventario.htm,1.26
IC-A1-116,PCIC12_INTERCULTURAL_SPECIFICATION_UNGRADED,3,Interacción cultural,3.1.2,HABILIDAD,"Contacto, compensación",CONTACT_COMPENSATION,10,10,SINGLE_UNSCALED_LIST,NOT_AN_A1_ASSERTION_BY_PCIC,UNSCALED_PCIC_INTERCULTURAL_POOL,AVAILABLE_FOR_CONTEXTUAL_CURRICULUM_SELECTION,TASK_DEPENDENT_NOT_LEVEL_DEFINED,DO_NOT_TREAT_AS_LANGUAGE_LEVEL_PASS_FAIL,INTERCULTURAL; PARTICULARLY_SPAIN_AND_HISPANIC_COUNTRIES,PHASE10_CULTURAL_KNOWLEDGE; PHASE8_PRAGMATICS_WHEN_APPLICABLE,Item-level source position preserved without copying the full protected source formulation. Content family is normalized at subsection level; exact source item must be consulted at the recorded locator.,https://cvc.cervantes.es/Ensenanza/biblioteca_ele/plan_curricular/niveles/12_habilidades_y_actitudes_inventario.htm,1.26
IC-A1-117,PCIC12_INTERCULTURAL_SPECIFICATION_UNGRADED,3,Interacción cultural,3.1.3,HABILIDAD,Evaluación y control,INTERACTION_EVALUATION_CONTROL,1,11,SINGLE_UNSCALED_LIST,NOT_AN_A1_ASSERTION_BY_PCIC,UNSCALED_PCIC_INTERCULTURAL_POOL,AVAILABLE_FOR_CONTEXTUAL_CURRICULUM_SELECTION,TASK_DEPENDENT_NOT_LEVEL_DEFINED,DO_NOT_TREAT_AS_LANGUAGE_LEVEL_PASS_FAIL,INTERCULTURAL; PARTICULARLY_SPAIN_AND_HISPANIC_COUNTRIES,PHASE10_CULTURAL_KNOWLEDGE; PHASE8_PRAGMATICS_WHEN_APPLICABLE,Item-level source position preserved without copying the full protected source formulation. Content family is normalized at subsection level; exact source item must be consulted at the recorded locator.,https://cvc.cervantes.es/Ensenanza/biblioteca_ele/plan_curricular/niveles/12_habilidades_y_actitudes_inventario.htm,1.26
IC-A1-118,PCIC12_INTERCULTURAL_SPECIFICATION_UNGRADED,3,Interacción cultural,3.1.3,HABILIDAD,Evaluación y control,INTERACTION_EVALUATION_CONTROL,2,11,SINGLE_UNSCALED_LIST,NOT_AN_A1_ASSERTION_BY_PCIC,UNSCALED_PCIC_INTERCULTURAL_POOL,AVAILABLE_FOR_CONTEXTUAL_CURRICULUM_SELECTION,TASK_DEPENDENT_NOT_LEVEL_DEFINED,DO_NOT_TREAT_AS_LANGUAGE_LEVEL_PASS_FAIL,INTERCULTURAL; PARTICULARLY_SPAIN_AND_HISPANIC_COUNTRIES,PHASE10_CULTURAL_KNOWLEDGE; PHASE8_PRAGMATICS_WHEN_APPLICABLE,Item-level source position preserved without copying the full protected source formulation. Content family is normalized at subsection level; exact source item must be consulted at the recorded locator.,https://cvc.cervantes.es/Ensenanza/biblioteca_ele/plan_curricular/niveles/12_habilidades_y_actitudes_inventario.htm,1.26
IC-A1-119,PCIC12_INTERCULTURAL_SPECIFICATION_UNGRADED,3,Interacción cultural,3.1.3,HABILIDAD,Evaluación y control,INTERACTION_EVALUATION_CONTROL,3,11,SINGLE_UNSCALED_LIST,NOT_AN_A1_ASSERTION_BY_PCIC,UNSCALED_PCIC_INTERCULTURAL_POOL,AVAILABLE_FOR_CONTEXTUAL_CURRICULUM_SELECTION,TASK_DEPENDENT_NOT_LEVEL_DEFINED,DO_NOT_TREAT_AS_LANGUAGE_LEVEL_PASS_FAIL,INTERCULTURAL; PARTICULARLY_SPAIN_AND_HISPANIC_COUNTRIES,PHASE10_CULTURAL_KNOWLEDGE; PHASE8_PRAGMATICS_WHEN_APPLICABLE,Item-level source position preserved without copying the full protected source formulation. Content family is normalized at subsection level; exact source item must be consulted at the recorded locator.,https://cvc.cervantes.es/Ensenanza/biblioteca_ele/plan_curricular/niveles/12_habilidades_y_actitudes_inventario.htm,1.26
IC-A1-120,PCIC12_INTERCULTURAL_SPECIFICATION_UNGRADED,3,Interacción cultural,3.1.3,HABILIDAD,Evaluación y control,INTERACTION_EVALUATION_CONTROL,4,11,SINGLE_UNSCALED_LIST,NOT_AN_A1_ASSERTION_BY_PCIC,UNSCALED_PCIC_INTERCULTURAL_POOL,AVAILABLE_FOR_CONTEXTUAL_CURRICULUM_SELECTION,TASK_DEPENDENT_NOT_LEVEL_DEFINED,DO_NOT_TREAT_AS_LANGUAGE_LEVEL_PASS_FAIL,INTERCULTURAL; PARTICULARLY_SPAIN_AND_HISPANIC_COUNTRIES,PHASE10_CULTURAL_KNOWLEDGE; PHASE8_PRAGMATICS_WHEN_APPLICABLE,Item-level source position preserved without copying the full protected source formulation. Content family is normalized at subsection level; exact source item must be consulted at the recorded locator.,https://cvc.cervantes.es/Ensenanza/biblioteca_ele/plan_curricular/niveles/12_habilidades_y_actitudes_inventario.htm,1.26
IC-A1-121,PCIC12_INTERCULTURAL_SPECIFICATION_UNGRADED,3,Interacción cultural,3.1.3,HABILIDAD,Evaluación y control,INTERACTION_EVALUATION_CONTROL,5,11,SINGLE_UNSCALED_LIST,NOT_AN_A1_ASSERTION_BY_PCIC,UNSCALED_PCIC_INTERCULTURAL_POOL,AVAILABLE_FOR_CONTEXTUAL_CURRICULUM_SELECTION,TASK_DEPENDENT_NOT_LEVEL_DEFINED,DO_NOT_TREAT_AS_LANGUAGE_LEVEL_PASS_FAIL,INTERCULTURAL; PARTICULARLY_SPAIN_AND_HISPANIC_COUNTRIES,PHASE10_CULTURAL_KNOWLEDGE; PHASE8_PRAGMATICS_WHEN_APPLICABLE,Item-level source position preserved without copying the full protected source formulation. Content family is normalized at subsection level; exact source item must be consulted at the recorded locator.,https://cvc.cervantes.es/Ensenanza/biblioteca_ele/plan_curricular/niveles/12_habilidades_y_actitudes_inventario.htm,1.26
IC-A1-122,PCIC12_INTERCULTURAL_SPECIFICATION_UNGRADED,3,Interacción cultural,3.1.3,HABILIDAD,Evaluación y control,INTERACTION_EVALUATION_CONTROL,6,11,SINGLE_UNSCALED_LIST,NOT_AN_A1_ASSERTION_BY_PCIC,UNSCALED_PCIC_INTERCULTURAL_POOL,AVAILABLE_FOR_CONTEXTUAL_CURRICULUM_SELECTION,TASK_DEPENDENT_NOT_LEVEL_DEFINED,DO_NOT_TREAT_AS_LANGUAGE_LEVEL_PASS_FAIL,INTERCULTURAL; PARTICULARLY_SPAIN_AND_HISPANIC_COUNTRIES,PHASE10_CULTURAL_KNOWLEDGE; PHASE8_PRAGMATICS_WHEN_APPLICABLE,Item-level source position preserved without copying the full protected source formulation. Content family is normalized at subsection level; exact source item must be consulted at the recorded locator.,https://cvc.cervantes.es/Ensenanza/biblioteca_ele/plan_curricular/niveles/12_habilidades_y_actitudes_inventario.htm,1.26
IC-A1-123,PCIC12_INTERCULTURAL_SPECIFICATION_UNGRADED,3,Interacción cultural,3.1.3,HABILIDAD,Evaluación y control,INTERACTION_EVALUATION_CONTROL,7,11,SINGLE_UNSCALED_LIST,NOT_AN_A1_ASSERTION_BY_PCIC,UNSCALED_PCIC_INTERCULTURAL_POOL,AVAILABLE_FOR_CONTEXTUAL_CURRICULUM_SELECTION,TASK_DEPENDENT_NOT_LEVEL_DEFINED,DO_NOT_TREAT_AS_LANGUAGE_LEVEL_PASS_FAIL,INTERCULTURAL; PARTICULARLY_SPAIN_AND_HISPANIC_COUNTRIES,PHASE10_CULTURAL_KNOWLEDGE; PHASE8_PRAGMATICS_WHEN_APPLICABLE,Item-level source position preserved without copying the full protected source formulation. Content family is normalized at subsection level; exact source item must be consulted at the recorded locator.,https://cvc.cervantes.es/Ensenanza/biblioteca_ele/plan_curricular/niveles/12_habilidades_y_actitudes_inventario.htm,1.26
IC-A1-124,PCIC12_INTERCULTURAL_SPECIFICATION_UNGRADED,3,Interacción cultural,3.1.3,HABILIDAD,Evaluación y control,INTERACTION_EVALUATION_CONTROL,8,11,SINGLE_UNSCALED_LIST,NOT_AN_A1_ASSERTION_BY_PCIC,UNSCALED_PCIC_INTERCULTURAL_POOL,AVAILABLE_FOR_CONTEXTUAL_CURRICULUM_SELECTION,TASK_DEPENDENT_NOT_LEVEL_DEFINED,DO_NOT_TREAT_AS_LANGUAGE_LEVEL_PASS_FAIL,INTERCULTURAL; PARTICULARLY_SPAIN_AND_HISPANIC_COUNTRIES,PHASE10_CULTURAL_KNOWLEDGE; PHASE8_PRAGMATICS_WHEN_APPLICABLE,Item-level source position preserved without copying the full protected source formulation. Content family is normalized at subsection level; exact source item must be consulted at the recorded locator.,https://cvc.cervantes.es/Ensenanza/biblioteca_ele/plan_curricular/niveles/12_habilidades_y_actitudes_inventario.htm,1.26
IC-A1-125,PCIC12_INTERCULTURAL_SPECIFICATION_UNGRADED,3,Interacción cultural,3.1.3,HABILIDAD,Evaluación y control,INTERACTION_EVALUATION_CONTROL,9,11,SINGLE_UNSCALED_LIST,NOT_AN_A1_ASSERTION_BY_PCIC,UNSCALED_PCIC_INTERCULTURAL_POOL,AVAILABLE_FOR_CONTEXTUAL_CURRICULUM_SELECTION,TASK_DEPENDENT_NOT_LEVEL_DEFINED,DO_NOT_TREAT_AS_LANGUAGE_LEVEL_PASS_FAIL,INTERCULTURAL; PARTICULARLY_SPAIN_AND_HISPANIC_COUNTRIES,PHASE10_CULTURAL_KNOWLEDGE; PHASE8_PRAGMATICS_WHEN_APPLICABLE,Item-level source position preserved without copying the full protected source formulation. Content family is normalized at subsection level; exact source item must be consulted at the recorded locator.,https://cvc.cervantes.es/Ensenanza/biblioteca_ele/plan_curricular/niveles/12_habilidades_y_actitudes_inventario.htm,1.26
IC-A1-126,PCIC12_INTERCULTURAL_SPECIFICATION_UNGRADED,3,Interacción cultural,3.1.3,HABILIDAD,Evaluación y control,INTERACTION_EVALUATION_CONTROL,10,11,SINGLE_UNSCALED_LIST,NOT_AN_A1_ASSERTION_BY_PCIC,UNSCALED_PCIC_INTERCULTURAL_POOL,AVAILABLE_FOR_CONTEXTUAL_CURRICULUM_SELECTION,TASK_DEPENDENT_NOT_LEVEL_DEFINED,DO_NOT_TREAT_AS_LANGUAGE_LEVEL_PASS_FAIL,INTERCULTURAL; PARTICULARLY_SPAIN_AND_HISPANIC_COUNTRIES,PHASE10_CULTURAL_KNOWLEDGE; PHASE8_PRAGMATICS_WHEN_APPLICABLE,Item-level source position preserved without copying the full protected source formulation. Content family is normalized at subsection level; exact source item must be consulted at the recorded locator.,https://cvc.cervantes.es/Ensenanza/biblioteca_ele/plan_curricular/niveles/12_habilidades_y_actitudes_inventario.htm,1.26
IC-A1-127,PCIC12_INTERCULTURAL_SPECIFICATION_UNGRADED,3,Interacción cultural,3.1.3,HABILIDAD,Evaluación y control,INTERACTION_EVALUATION_CONTROL,11,11,SINGLE_UNSCALED_LIST,NOT_AN_A1_ASSERTION_BY_PCIC,UNSCALED_PCIC_INTERCULTURAL_POOL,AVAILABLE_FOR_CONTEXTUAL_CURRICULUM_SELECTION,TASK_DEPENDENT_NOT_LEVEL_DEFINED,DO_NOT_TREAT_AS_LANGUAGE_LEVEL_PASS_FAIL,INTERCULTURAL; PARTICULARLY_SPAIN_AND_HISPANIC_COUNTRIES,PHASE10_CULTURAL_KNOWLEDGE; PHASE8_PRAGMATICS_WHEN_APPLICABLE,Item-level source position preserved without copying the full protected source formulation. Content family is normalized at subsection level; exact source item must be consulted at the recorded locator.,https://cvc.cervantes.es/Ensenanza/biblioteca_ele/plan_curricular/niveles/12_habilidades_y_actitudes_inventario.htm,1.26
IC-A1-128,PCIC12_INTERCULTURAL_SPECIFICATION_UNGRADED,3,Interacción cultural,3.1.4,HABILIDAD,Reparación y ajustes,INTERACTION_REPAIR_ADJUSTMENT,1,3,SINGLE_UNSCALED_LIST,NOT_AN_A1_ASSERTION_BY_PCIC,UNSCALED_PCIC_INTERCULTURAL_POOL,AVAILABLE_FOR_CONTEXTUAL_CURRICULUM_SELECTION,TASK_DEPENDENT_NOT_LEVEL_DEFINED,DO_NOT_TREAT_AS_LANGUAGE_LEVEL_PASS_FAIL,INTERCULTURAL; PARTICULARLY_SPAIN_AND_HISPANIC_COUNTRIES,PHASE10_CULTURAL_KNOWLEDGE; PHASE8_PRAGMATICS_WHEN_APPLICABLE,Item-level source position preserved without copying the full protected source formulation. Content family is normalized at subsection level; exact source item must be consulted at the recorded locator.,https://cvc.cervantes.es/Ensenanza/biblioteca_ele/plan_curricular/niveles/12_habilidades_y_actitudes_inventario.htm,1.26
IC-A1-129,PCIC12_INTERCULTURAL_SPECIFICATION_UNGRADED,3,Interacción cultural,3.1.4,HABILIDAD,Reparación y ajustes,INTERACTION_REPAIR_ADJUSTMENT,2,3,SINGLE_UNSCALED_LIST,NOT_AN_A1_ASSERTION_BY_PCIC,UNSCALED_PCIC_INTERCULTURAL_POOL,AVAILABLE_FOR_CONTEXTUAL_CURRICULUM_SELECTION,TASK_DEPENDENT_NOT_LEVEL_DEFINED,DO_NOT_TREAT_AS_LANGUAGE_LEVEL_PASS_FAIL,INTERCULTURAL; PARTICULARLY_SPAIN_AND_HISPANIC_COUNTRIES,PHASE10_CULTURAL_KNOWLEDGE; PHASE8_PRAGMATICS_WHEN_APPLICABLE,Item-level source position preserved without copying the full protected source formulation. Content family is normalized at subsection level; exact source item must be consulted at the recorded locator.,https://cvc.cervantes.es/Ensenanza/biblioteca_ele/plan_curricular/niveles/12_habilidades_y_actitudes_inventario.htm,1.26
IC-A1-130,PCIC12_INTERCULTURAL_SPECIFICATION_UNGRADED,3,Interacción cultural,3.1.4,HABILIDAD,Reparación y ajustes,INTERACTION_REPAIR_ADJUSTMENT,3,3,SINGLE_UNSCALED_LIST,NOT_AN_A1_ASSERTION_BY_PCIC,UNSCALED_PCIC_INTERCULTURAL_POOL,AVAILABLE_FOR_CONTEXTUAL_CURRICULUM_SELECTION,TASK_DEPENDENT_NOT_LEVEL_DEFINED,DO_NOT_TREAT_AS_LANGUAGE_LEVEL_PASS_FAIL,INTERCULTURAL; PARTICULARLY_SPAIN_AND_HISPANIC_COUNTRIES,PHASE10_CULTURAL_KNOWLEDGE; PHASE8_PRAGMATICS_WHEN_APPLICABLE,Item-level source position preserved without copying the full protected source formulation. Content family is normalized at subsection level; exact source item must be consulted at the recorded locator.,https://cvc.cervantes.es/Ensenanza/biblioteca_ele/plan_curricular/niveles/12_habilidades_y_actitudes_inventario.htm,1.26
IC-A1-131,PCIC12_INTERCULTURAL_SPECIFICATION_UNGRADED,3,Interacción cultural,3.2.1,ACTITUD,Empatía,EMPATHY,1,2,SINGLE_UNSCALED_LIST,NOT_AN_A1_ASSERTION_BY_PCIC,UNSCALED_PCIC_INTERCULTURAL_POOL,AVAILABLE_FOR_CONTEXTUAL_CURRICULUM_SELECTION,TASK_DEPENDENT_NOT_LEVEL_DEFINED,DO_NOT_TREAT_AS_LANGUAGE_LEVEL_PASS_FAIL,INTERCULTURAL; PARTICULARLY_SPAIN_AND_HISPANIC_COUNTRIES,PHASE10_CULTURAL_KNOWLEDGE; PHASE8_PRAGMATICS_WHEN_APPLICABLE,Item-level source position preserved without copying the full protected source formulation. Content family is normalized at subsection level; exact source item must be consulted at the recorded locator.,https://cvc.cervantes.es/Ensenanza/biblioteca_ele/plan_curricular/niveles/12_habilidades_y_actitudes_inventario.htm,1.26
IC-A1-132,PCIC12_INTERCULTURAL_SPECIFICATION_UNGRADED,3,Interacción cultural,3.2.1,ACTITUD,Empatía,EMPATHY,2,2,SINGLE_UNSCALED_LIST,NOT_AN_A1_ASSERTION_BY_PCIC,UNSCALED_PCIC_INTERCULTURAL_POOL,AVAILABLE_FOR_CONTEXTUAL_CURRICULUM_SELECTION,TASK_DEPENDENT_NOT_LEVEL_DEFINED,DO_NOT_TREAT_AS_LANGUAGE_LEVEL_PASS_FAIL,INTERCULTURAL; PARTICULARLY_SPAIN_AND_HISPANIC_COUNTRIES,PHASE10_CULTURAL_KNOWLEDGE; PHASE8_PRAGMATICS_WHEN_APPLICABLE,Item-level source position preserved without copying the full protected source formulation. Content family is normalized at subsection level; exact source item must be consulted at the recorded locator.,https://cvc.cervantes.es/Ensenanza/biblioteca_ele/plan_curricular/niveles/12_habilidades_y_actitudes_inventario.htm,1.26
IC-A1-133,PCIC12_INTERCULTURAL_SPECIFICATION_UNGRADED,3,Interacción cultural,3.2.2,ACTITUD,"Curiosidad, apertura",CURIOSITY_OPENNESS,1,1,SINGLE_UNSCALED_LIST,NOT_AN_A1_ASSERTION_BY_PCIC,UNSCALED_PCIC_INTERCULTURAL_POOL,AVAILABLE_FOR_CONTEXTUAL_CURRICULUM_SELECTION,TASK_DEPENDENT_NOT_LEVEL_DEFINED,DO_NOT_TREAT_AS_LANGUAGE_LEVEL_PASS_FAIL,INTERCULTURAL; PARTICULARLY_SPAIN_AND_HISPANIC_COUNTRIES,PHASE10_CULTURAL_KNOWLEDGE; PHASE8_PRAGMATICS_WHEN_APPLICABLE,Item-level source position preserved without copying the full protected source formulation. Content family is normalized at subsection level; exact source item must be consulted at the recorded locator.,https://cvc.cervantes.es/Ensenanza/biblioteca_ele/plan_curricular/niveles/12_habilidades_y_actitudes_inventario.htm,1.26
IC-A1-134,PCIC12_INTERCULTURAL_SPECIFICATION_UNGRADED,3,Interacción cultural,3.2.3,ACTITUD,Disposición favorable,FAVORABLE_DISPOSITION,1,5,SINGLE_UNSCALED_LIST,NOT_AN_A1_ASSERTION_BY_PCIC,UNSCALED_PCIC_INTERCULTURAL_POOL,AVAILABLE_FOR_CONTEXTUAL_CURRICULUM_SELECTION,TASK_DEPENDENT_NOT_LEVEL_DEFINED,DO_NOT_TREAT_AS_LANGUAGE_LEVEL_PASS_FAIL,INTERCULTURAL; PARTICULARLY_SPAIN_AND_HISPANIC_COUNTRIES,PHASE10_CULTURAL_KNOWLEDGE; PHASE8_PRAGMATICS_WHEN_APPLICABLE,Item-level source position preserved without copying the full protected source formulation. Content family is normalized at subsection level; exact source item must be consulted at the recorded locator.,https://cvc.cervantes.es/Ensenanza/biblioteca_ele/plan_curricular/niveles/12_habilidades_y_actitudes_inventario.htm,1.26
IC-A1-135,PCIC12_INTERCULTURAL_SPECIFICATION_UNGRADED,3,Interacción cultural,3.2.3,ACTITUD,Disposición favorable,FAVORABLE_DISPOSITION,2,5,SINGLE_UNSCALED_LIST,NOT_AN_A1_ASSERTION_BY_PCIC,UNSCALED_PCIC_INTERCULTURAL_POOL,AVAILABLE_FOR_CONTEXTUAL_CURRICULUM_SELECTION,TASK_DEPENDENT_NOT_LEVEL_DEFINED,DO_NOT_TREAT_AS_LANGUAGE_LEVEL_PASS_FAIL,INTERCULTURAL; PARTICULARLY_SPAIN_AND_HISPANIC_COUNTRIES,PHASE10_CULTURAL_KNOWLEDGE; PHASE8_PRAGMATICS_WHEN_APPLICABLE,Item-level source position preserved without copying the full protected source formulation. Content family is normalized at subsection level; exact source item must be consulted at the recorded locator.,https://cvc.cervantes.es/Ensenanza/biblioteca_ele/plan_curricular/niveles/12_habilidades_y_actitudes_inventario.htm,1.26
IC-A1-136,PCIC12_INTERCULTURAL_SPECIFICATION_UNGRADED,3,Interacción cultural,3.2.3,ACTITUD,Disposición favorable,FAVORABLE_DISPOSITION,3,5,SINGLE_UNSCALED_LIST,NOT_AN_A1_ASSERTION_BY_PCIC,UNSCALED_PCIC_INTERCULTURAL_POOL,AVAILABLE_FOR_CONTEXTUAL_CURRICULUM_SELECTION,TASK_DEPENDENT_NOT_LEVEL_DEFINED,DO_NOT_TREAT_AS_LANGUAGE_LEVEL_PASS_FAIL,INTERCULTURAL; PARTICULARLY_SPAIN_AND_HISPANIC_COUNTRIES,PHASE10_CULTURAL_KNOWLEDGE; PHASE8_PRAGMATICS_WHEN_APPLICABLE,Item-level source position preserved without copying the full protected source formulation. Content family is normalized at subsection level; exact source item must be consulted at the recorded locator.,https://cvc.cervantes.es/Ensenanza/biblioteca_ele/plan_curricular/niveles/12_habilidades_y_actitudes_inventario.htm,1.26
IC-A1-137,PCIC12_INTERCULTURAL_SPECIFICATION_UNGRADED,3,Interacción cultural,3.2.3,ACTITUD,Disposición favorable,FAVORABLE_DISPOSITION,4,5,SINGLE_UNSCALED_LIST,NOT_AN_A1_ASSERTION_BY_PCIC,UNSCALED_PCIC_INTERCULTURAL_POOL,AVAILABLE_FOR_CONTEXTUAL_CURRICULUM_SELECTION,TASK_DEPENDENT_NOT_LEVEL_DEFINED,DO_NOT_TREAT_AS_LANGUAGE_LEVEL_PASS_FAIL,INTERCULTURAL; PARTICULARLY_SPAIN_AND_HISPANIC_COUNTRIES,PHASE10_CULTURAL_KNOWLEDGE; PHASE8_PRAGMATICS_WHEN_APPLICABLE,Item-level source position preserved without copying the full protected source formulation. Content family is normalized at subsection level; exact source item must be consulted at the recorded locator.,https://cvc.cervantes.es/Ensenanza/biblioteca_ele/plan_curricular/niveles/12_habilidades_y_actitudes_inventario.htm,1.26
IC-A1-138,PCIC12_INTERCULTURAL_SPECIFICATION_UNGRADED,3,Interacción cultural,3.2.3,ACTITUD,Disposición favorable,FAVORABLE_DISPOSITION,5,5,SINGLE_UNSCALED_LIST,NOT_AN_A1_ASSERTION_BY_PCIC,UNSCALED_PCIC_INTERCULTURAL_POOL,AVAILABLE_FOR_CONTEXTUAL_CURRICULUM_SELECTION,TASK_DEPENDENT_NOT_LEVEL_DEFINED,DO_NOT_TREAT_AS_LANGUAGE_LEVEL_PASS_FAIL,INTERCULTURAL; PARTICULARLY_SPAIN_AND_HISPANIC_COUNTRIES,PHASE10_CULTURAL_KNOWLEDGE; PHASE8_PRAGMATICS_WHEN_APPLICABLE,Item-level source position preserved without copying the full protected source formulation. Content family is normalized at subsection level; exact source item must be consulted at the recorded locator.,https://cvc.cervantes.es/Ensenanza/biblioteca_ele/plan_curricular/niveles/12_habilidades_y_actitudes_inventario.htm,1.26
IC-A1-139,PCIC12_INTERCULTURAL_SPECIFICATION_UNGRADED,3,Interacción cultural,3.2.4,ACTITUD,"Distanciamiento, relativización",DISTANCING_RELATIVIZATION,1,1,SINGLE_UNSCALED_LIST,NOT_AN_A1_ASSERTION_BY_PCIC,UNSCALED_PCIC_INTERCULTURAL_POOL,AVAILABLE_FOR_CONTEXTUAL_CURRICULUM_SELECTION,TASK_DEPENDENT_NOT_LEVEL_DEFINED,DO_NOT_TREAT_AS_LANGUAGE_LEVEL_PASS_FAIL,INTERCULTURAL; PARTICULARLY_SPAIN_AND_HISPANIC_COUNTRIES,PHASE10_CULTURAL_KNOWLEDGE; PHASE8_PRAGMATICS_WHEN_APPLICABLE,Item-level source position preserved without copying the full protected source formulation. Content family is normalized at subsection level; exact source item must be consulted at the recorded locator.,https://cvc.cervantes.es/Ensenanza/biblioteca_ele/plan_curricular/niveles/12_habilidades_y_actitudes_inventario.htm,1.26
IC-A1-140,PCIC12_INTERCULTURAL_SPECIFICATION_UNGRADED,3,Interacción cultural,3.2.5,ACTITUD,Tolerancia a la ambigüedad,AMBIGUITY_TOLERANCE,1,3,SINGLE_UNSCALED_LIST,NOT_AN_A1_ASSERTION_BY_PCIC,UNSCALED_PCIC_INTERCULTURAL_POOL,AVAILABLE_FOR_CONTEXTUAL_CURRICULUM_SELECTION,TASK_DEPENDENT_NOT_LEVEL_DEFINED,DO_NOT_TREAT_AS_LANGUAGE_LEVEL_PASS_FAIL,INTERCULTURAL; PARTICULARLY_SPAIN_AND_HISPANIC_COUNTRIES,PHASE10_CULTURAL_KNOWLEDGE; PHASE8_PRAGMATICS_WHEN_APPLICABLE,Item-level source position preserved without copying the full protected source formulation. Content family is normalized at subsection level; exact source item must be consulted at the recorded locator.,https://cvc.cervantes.es/Ensenanza/biblioteca_ele/plan_curricular/niveles/12_habilidades_y_actitudes_inventario.htm,1.26
IC-A1-141,PCIC12_INTERCULTURAL_SPECIFICATION_UNGRADED,3,Interacción cultural,3.2.5,ACTITUD,Tolerancia a la ambigüedad,AMBIGUITY_TOLERANCE,2,3,SINGLE_UNSCALED_LIST,NOT_AN_A1_ASSERTION_BY_PCIC,UNSCALED_PCIC_INTERCULTURAL_POOL,AVAILABLE_FOR_CONTEXTUAL_CURRICULUM_SELECTION,TASK_DEPENDENT_NOT_LEVEL_DEFINED,DO_NOT_TREAT_AS_LANGUAGE_LEVEL_PASS_FAIL,INTERCULTURAL; PARTICULARLY_SPAIN_AND_HISPANIC_COUNTRIES,PHASE10_CULTURAL_KNOWLEDGE; PHASE8_PRAGMATICS_WHEN_APPLICABLE,Item-level source position preserved without copying the full protected source formulation. Content family is normalized at subsection level; exact source item must be consulted at the recorded locator.,https://cvc.cervantes.es/Ensenanza/biblioteca_ele/plan_curricular/niveles/12_habilidades_y_actitudes_inventario.htm,1.26
IC-A1-142,PCIC12_INTERCULTURAL_SPECIFICATION_UNGRADED,3,Interacción cultural,3.2.5,ACTITUD,Tolerancia a la ambigüedad,AMBIGUITY_TOLERANCE,3,3,SINGLE_UNSCALED_LIST,NOT_AN_A1_ASSERTION_BY_PCIC,UNSCALED_PCIC_INTERCULTURAL_POOL,AVAILABLE_FOR_CONTEXTUAL_CURRICULUM_SELECTION,TASK_DEPENDENT_NOT_LEVEL_DEFINED,DO_NOT_TREAT_AS_LANGUAGE_LEVEL_PASS_FAIL,INTERCULTURAL; PARTICULARLY_SPAIN_AND_HISPANIC_COUNTRIES,PHASE10_CULTURAL_KNOWLEDGE; PHASE8_PRAGMATICS_WHEN_APPLICABLE,Item-level source position preserved without copying the full protected source formulation. Content family is normalized at subsection level; exact source item must be consulted at the recorded locator.,https://cvc.cervantes.es/Ensenanza/biblioteca_ele/plan_curricular/niveles/12_habilidades_y_actitudes_inventario.htm,1.26
IC-A1-143,PCIC12_INTERCULTURAL_SPECIFICATION_UNGRADED,3,Interacción cultural,3.2.6,ACTITUD,Regulación de los factores afectivos,AFFECTIVE_REGULATION,1,5,SINGLE_UNSCALED_LIST,NOT_AN_A1_ASSERTION_BY_PCIC,UNSCALED_PCIC_INTERCULTURAL_POOL,AVAILABLE_FOR_CONTEXTUAL_CURRICULUM_SELECTION,TASK_DEPENDENT_NOT_LEVEL_DEFINED,DO_NOT_TREAT_AS_LANGUAGE_LEVEL_PASS_FAIL,INTERCULTURAL; PARTICULARLY_SPAIN_AND_HISPANIC_COUNTRIES,PHASE10_CULTURAL_KNOWLEDGE; PHASE8_PRAGMATICS_WHEN_APPLICABLE,Item-level source position preserved without copying the full protected source formulation. Content family is normalized at subsection level; exact source item must be consulted at the recorded locator.,https://cvc.cervantes.es/Ensenanza/biblioteca_ele/plan_curricular/niveles/12_habilidades_y_actitudes_inventario.htm,1.26
IC-A1-144,PCIC12_INTERCULTURAL_SPECIFICATION_UNGRADED,3,Interacción cultural,3.2.6,ACTITUD,Regulación de los factores afectivos,AFFECTIVE_REGULATION,2,5,SINGLE_UNSCALED_LIST,NOT_AN_A1_ASSERTION_BY_PCIC,UNSCALED_PCIC_INTERCULTURAL_POOL,AVAILABLE_FOR_CONTEXTUAL_CURRICULUM_SELECTION,TASK_DEPENDENT_NOT_LEVEL_DEFINED,DO_NOT_TREAT_AS_LANGUAGE_LEVEL_PASS_FAIL,INTERCULTURAL; PARTICULARLY_SPAIN_AND_HISPANIC_COUNTRIES,PHASE10_CULTURAL_KNOWLEDGE; PHASE8_PRAGMATICS_WHEN_APPLICABLE,Item-level source position preserved without copying the full protected source formulation. Content family is normalized at subsection level; exact source item must be consulted at the recorded locator.,https://cvc.cervantes.es/Ensenanza/biblioteca_ele/plan_curricular/niveles/12_habilidades_y_actitudes_inventario.htm,1.26
IC-A1-145,PCIC12_INTERCULTURAL_SPECIFICATION_UNGRADED,3,Interacción cultural,3.2.6,ACTITUD,Regulación de los factores afectivos,AFFECTIVE_REGULATION,3,5,SINGLE_UNSCALED_LIST,NOT_AN_A1_ASSERTION_BY_PCIC,UNSCALED_PCIC_INTERCULTURAL_POOL,AVAILABLE_FOR_CONTEXTUAL_CURRICULUM_SELECTION,TASK_DEPENDENT_NOT_LEVEL_DEFINED,DO_NOT_TREAT_AS_LANGUAGE_LEVEL_PASS_FAIL,INTERCULTURAL; PARTICULARLY_SPAIN_AND_HISPANIC_COUNTRIES,PHASE10_CULTURAL_KNOWLEDGE; PHASE8_PRAGMATICS_WHEN_APPLICABLE,Item-level source position preserved without copying the full protected source formulation. Content family is normalized at subsection level; exact source item must be consulted at the recorded locator.,https://cvc.cervantes.es/Ensenanza/biblioteca_ele/plan_curricular/niveles/12_habilidades_y_actitudes_inventario.htm,1.26
IC-A1-146,PCIC12_INTERCULTURAL_SPECIFICATION_UNGRADED,3,Interacción cultural,3.2.6,ACTITUD,Regulación de los factores afectivos,AFFECTIVE_REGULATION,4,5,SINGLE_UNSCALED_LIST,NOT_AN_A1_ASSERTION_BY_PCIC,UNSCALED_PCIC_INTERCULTURAL_POOL,AVAILABLE_FOR_CONTEXTUAL_CURRICULUM_SELECTION,TASK_DEPENDENT_NOT_LEVEL_DEFINED,DO_NOT_TREAT_AS_LANGUAGE_LEVEL_PASS_FAIL,INTERCULTURAL; PARTICULARLY_SPAIN_AND_HISPANIC_COUNTRIES,PHASE10_CULTURAL_KNOWLEDGE; PHASE8_PRAGMATICS_WHEN_APPLICABLE,Item-level source position preserved without copying the full protected source formulation. Content family is normalized at subsection level; exact source item must be consulted at the recorded locator.,https://cvc.cervantes.es/Ensenanza/biblioteca_ele/plan_curricular/niveles/12_habilidades_y_actitudes_inventario.htm,1.26
IC-A1-147,PCIC12_INTERCULTURAL_SPECIFICATION_UNGRADED,3,Interacción cultural,3.2.6,ACTITUD,Regulación de los factores afectivos,AFFECTIVE_REGULATION,5,5,SINGLE_UNSCALED_LIST,NOT_AN_A1_ASSERTION_BY_PCIC,UNSCALED_PCIC_INTERCULTURAL_POOL,AVAILABLE_FOR_CONTEXTUAL_CURRICULUM_SELECTION,TASK_DEPENDENT_NOT_LEVEL_DEFINED,DO_NOT_TREAT_AS_LANGUAGE_LEVEL_PASS_FAIL,INTERCULTURAL; PARTICULARLY_SPAIN_AND_HISPANIC_COUNTRIES,PHASE10_CULTURAL_KNOWLEDGE; PHASE8_PRAGMATICS_WHEN_APPLICABLE,Item-level source position preserved without copying the full protected source formulation. Content family is normalized at subsection level; exact source item must be consulted at the recorded locator.,https://cvc.cervantes.es/Ensenanza/biblioteca_ele/plan_curricular/niveles/12_habilidades_y_actitudes_inventario.htm,1.26
IC-A1-148,PCIC12_INTERCULTURAL_SPECIFICATION_UNGRADED,4,Mediación cultural,4.1.1,HABILIDAD,Planificación,INTERCULTURAL_MEDIATION_PLANNING,1,3,SINGLE_UNSCALED_LIST,NOT_AN_A1_ASSERTION_BY_PCIC,UNSCALED_PCIC_INTERCULTURAL_POOL,AVAILABLE_FOR_CONTEXTUAL_CURRICULUM_SELECTION,TASK_DEPENDENT_NOT_LEVEL_DEFINED,DO_NOT_TREAT_AS_LANGUAGE_LEVEL_PASS_FAIL,INTERCULTURAL; PARTICULARLY_SPAIN_AND_HISPANIC_COUNTRIES,PHASE10_CULTURAL_KNOWLEDGE; PHASE8_PRAGMATICS_WHEN_APPLICABLE,Item-level source position preserved without copying the full protected source formulation. Content family is normalized at subsection level; exact source item must be consulted at the recorded locator.,https://cvc.cervantes.es/Ensenanza/biblioteca_ele/plan_curricular/niveles/12_habilidades_y_actitudes_inventario.htm,1.26
IC-A1-149,PCIC12_INTERCULTURAL_SPECIFICATION_UNGRADED,4,Mediación cultural,4.1.1,HABILIDAD,Planificación,INTERCULTURAL_MEDIATION_PLANNING,2,3,SINGLE_UNSCALED_LIST,NOT_AN_A1_ASSERTION_BY_PCIC,UNSCALED_PCIC_INTERCULTURAL_POOL,AVAILABLE_FOR_CONTEXTUAL_CURRICULUM_SELECTION,TASK_DEPENDENT_NOT_LEVEL_DEFINED,DO_NOT_TREAT_AS_LANGUAGE_LEVEL_PASS_FAIL,INTERCULTURAL; PARTICULARLY_SPAIN_AND_HISPANIC_COUNTRIES,PHASE10_CULTURAL_KNOWLEDGE; PHASE8_PRAGMATICS_WHEN_APPLICABLE,Item-level source position preserved without copying the full protected source formulation. Content family is normalized at subsection level; exact source item must be consulted at the recorded locator.,https://cvc.cervantes.es/Ensenanza/biblioteca_ele/plan_curricular/niveles/12_habilidades_y_actitudes_inventario.htm,1.26
IC-A1-150,PCIC12_INTERCULTURAL_SPECIFICATION_UNGRADED,4,Mediación cultural,4.1.1,HABILIDAD,Planificación,INTERCULTURAL_MEDIATION_PLANNING,3,3,SINGLE_UNSCALED_LIST,NOT_AN_A1_ASSERTION_BY_PCIC,UNSCALED_PCIC_INTERCULTURAL_POOL,AVAILABLE_FOR_CONTEXTUAL_CURRICULUM_SELECTION,TASK_DEPENDENT_NOT_LEVEL_DEFINED,DO_NOT_TREAT_AS_LANGUAGE_LEVEL_PASS_FAIL,INTERCULTURAL; PARTICULARLY_SPAIN_AND_HISPANIC_COUNTRIES,PHASE10_CULTURAL_KNOWLEDGE; PHASE8_PRAGMATICS_WHEN_APPLICABLE,Item-level source position preserved without copying the full protected source formulation. Content family is normalized at subsection level; exact source item must be consulted at the recorded locator.,https://cvc.cervantes.es/Ensenanza/biblioteca_ele/plan_curricular/niveles/12_habilidades_y_actitudes_inventario.htm,1.26
IC-A1-151,PCIC12_INTERCULTURAL_SPECIFICATION_UNGRADED,4,Mediación cultural,4.1.2,HABILIDAD,Mediación,CULTURAL_MEDIATION,1,16,SINGLE_UNSCALED_LIST,NOT_AN_A1_ASSERTION_BY_PCIC,UNSCALED_PCIC_INTERCULTURAL_POOL,AVAILABLE_FOR_CONTEXTUAL_CURRICULUM_SELECTION,TASK_DEPENDENT_NOT_LEVEL_DEFINED,DO_NOT_TREAT_AS_LANGUAGE_LEVEL_PASS_FAIL,INTERCULTURAL; PARTICULARLY_SPAIN_AND_HISPANIC_COUNTRIES,PHASE10_CULTURAL_KNOWLEDGE; PHASE8_PRAGMATICS_WHEN_APPLICABLE,Item-level source position preserved without copying the full protected source formulation. Content family is normalized at subsection level; exact source item must be consulted at the recorded locator.,https://cvc.cervantes.es/Ensenanza/biblioteca_ele/plan_curricular/niveles/12_habilidades_y_actitudes_inventario.htm,1.26
IC-A1-152,PCIC12_INTERCULTURAL_SPECIFICATION_UNGRADED,4,Mediación cultural,4.1.2,HABILIDAD,Mediación,CULTURAL_MEDIATION,2,16,SINGLE_UNSCALED_LIST,NOT_AN_A1_ASSERTION_BY_PCIC,UNSCALED_PCIC_INTERCULTURAL_POOL,AVAILABLE_FOR_CONTEXTUAL_CURRICULUM_SELECTION,TASK_DEPENDENT_NOT_LEVEL_DEFINED,DO_NOT_TREAT_AS_LANGUAGE_LEVEL_PASS_FAIL,INTERCULTURAL; PARTICULARLY_SPAIN_AND_HISPANIC_COUNTRIES,PHASE10_CULTURAL_KNOWLEDGE; PHASE8_PRAGMATICS_WHEN_APPLICABLE,Item-level source position preserved without copying the full protected source formulation. Content family is normalized at subsection level; exact source item must be consulted at the recorded locator.,https://cvc.cervantes.es/Ensenanza/biblioteca_ele/plan_curricular/niveles/12_habilidades_y_actitudes_inventario.htm,1.26
IC-A1-153,PCIC12_INTERCULTURAL_SPECIFICATION_UNGRADED,4,Mediación cultural,4.1.2,HABILIDAD,Mediación,CULTURAL_MEDIATION,3,16,SINGLE_UNSCALED_LIST,NOT_AN_A1_ASSERTION_BY_PCIC,UNSCALED_PCIC_INTERCULTURAL_POOL,AVAILABLE_FOR_CONTEXTUAL_CURRICULUM_SELECTION,TASK_DEPENDENT_NOT_LEVEL_DEFINED,DO_NOT_TREAT_AS_LANGUAGE_LEVEL_PASS_FAIL,INTERCULTURAL; PARTICULARLY_SPAIN_AND_HISPANIC_COUNTRIES,PHASE10_CULTURAL_KNOWLEDGE; PHASE8_PRAGMATICS_WHEN_APPLICABLE,Item-level source position preserved without copying the full protected source formulation. Content family is normalized at subsection level; exact source item must be consulted at the recorded locator.,https://cvc.cervantes.es/Ensenanza/biblioteca_ele/plan_curricular/niveles/12_habilidades_y_actitudes_inventario.htm,1.26
IC-A1-154,PCIC12_INTERCULTURAL_SPECIFICATION_UNGRADED,4,Mediación cultural,4.1.2,HABILIDAD,Mediación,CULTURAL_MEDIATION,4,16,SINGLE_UNSCALED_LIST,NOT_AN_A1_ASSERTION_BY_PCIC,UNSCALED_PCIC_INTERCULTURAL_POOL,AVAILABLE_FOR_CONTEXTUAL_CURRICULUM_SELECTION,TASK_DEPENDENT_NOT_LEVEL_DEFINED,DO_NOT_TREAT_AS_LANGUAGE_LEVEL_PASS_FAIL,INTERCULTURAL; PARTICULARLY_SPAIN_AND_HISPANIC_COUNTRIES,PHASE10_CULTURAL_KNOWLEDGE; PHASE8_PRAGMATICS_WHEN_APPLICABLE,Item-level source position preserved without copying the full protected source formulation. Content family is normalized at subsection level; exact source item must be consulted at the recorded locator.,https://cvc.cervantes.es/Ensenanza/biblioteca_ele/plan_curricular/niveles/12_habilidades_y_actitudes_inventario.htm,1.26
IC-A1-155,PCIC12_INTERCULTURAL_SPECIFICATION_UNGRADED,4,Mediación cultural,4.1.2,HABILIDAD,Mediación,CULTURAL_MEDIATION,5,16,SINGLE_UNSCALED_LIST,NOT_AN_A1_ASSERTION_BY_PCIC,UNSCALED_PCIC_INTERCULTURAL_POOL,AVAILABLE_FOR_CONTEXTUAL_CURRICULUM_SELECTION,TASK_DEPENDENT_NOT_LEVEL_DEFINED,DO_NOT_TREAT_AS_LANGUAGE_LEVEL_PASS_FAIL,INTERCULTURAL; PARTICULARLY_SPAIN_AND_HISPANIC_COUNTRIES,PHASE10_CULTURAL_KNOWLEDGE; PHASE8_PRAGMATICS_WHEN_APPLICABLE,Item-level source position preserved without copying the full protected source formulation. Content family is normalized at subsection level; exact source item must be consulted at the recorded locator.,https://cvc.cervantes.es/Ensenanza/biblioteca_ele/plan_curricular/niveles/12_habilidades_y_actitudes_inventario.htm,1.26
IC-A1-156,PCIC12_INTERCULTURAL_SPECIFICATION_UNGRADED,4,Mediación cultural,4.1.2,HABILIDAD,Mediación,CULTURAL_MEDIATION,6,16,SINGLE_UNSCALED_LIST,NOT_AN_A1_ASSERTION_BY_PCIC,UNSCALED_PCIC_INTERCULTURAL_POOL,AVAILABLE_FOR_CONTEXTUAL_CURRICULUM_SELECTION,TASK_DEPENDENT_NOT_LEVEL_DEFINED,DO_NOT_TREAT_AS_LANGUAGE_LEVEL_PASS_FAIL,INTERCULTURAL; PARTICULARLY_SPAIN_AND_HISPANIC_COUNTRIES,PHASE10_CULTURAL_KNOWLEDGE; PHASE8_PRAGMATICS_WHEN_APPLICABLE,Item-level source position preserved without copying the full protected source formulation. Content family is normalized at subsection level; exact source item must be consulted at the recorded locator.,https://cvc.cervantes.es/Ensenanza/biblioteca_ele/plan_curricular/niveles/12_habilidades_y_actitudes_inventario.htm,1.26
IC-A1-157,PCIC12_INTERCULTURAL_SPECIFICATION_UNGRADED,4,Mediación cultural,4.1.2,HABILIDAD,Mediación,CULTURAL_MEDIATION,7,16,SINGLE_UNSCALED_LIST,NOT_AN_A1_ASSERTION_BY_PCIC,UNSCALED_PCIC_INTERCULTURAL_POOL,AVAILABLE_FOR_CONTEXTUAL_CURRICULUM_SELECTION,TASK_DEPENDENT_NOT_LEVEL_DEFINED,DO_NOT_TREAT_AS_LANGUAGE_LEVEL_PASS_FAIL,INTERCULTURAL; PARTICULARLY_SPAIN_AND_HISPANIC_COUNTRIES,PHASE10_CULTURAL_KNOWLEDGE; PHASE8_PRAGMATICS_WHEN_APPLICABLE,Item-level source position preserved without copying the full protected source formulation. Content family is normalized at subsection level; exact source item must be consulted at the recorded locator.,https://cvc.cervantes.es/Ensenanza/biblioteca_ele/plan_curricular/niveles/12_habilidades_y_actitudes_inventario.htm,1.26
IC-A1-158,PCIC12_INTERCULTURAL_SPECIFICATION_UNGRADED,4,Mediación cultural,4.1.2,HABILIDAD,Mediación,CULTURAL_MEDIATION,8,16,SINGLE_UNSCALED_LIST,NOT_AN_A1_ASSERTION_BY_PCIC,UNSCALED_PCIC_INTERCULTURAL_POOL,AVAILABLE_FOR_CONTEXTUAL_CURRICULUM_SELECTION,TASK_DEPENDENT_NOT_LEVEL_DEFINED,DO_NOT_TREAT_AS_LANGUAGE_LEVEL_PASS_FAIL,INTERCULTURAL; PARTICULARLY_SPAIN_AND_HISPANIC_COUNTRIES,PHASE10_CULTURAL_KNOWLEDGE; PHASE8_PRAGMATICS_WHEN_APPLICABLE,Item-level source position preserved without copying the full protected source formulation. Content family is normalized at subsection level; exact source item must be consulted at the recorded locator.,https://cvc.cervantes.es/Ensenanza/biblioteca_ele/plan_curricular/niveles/12_habilidades_y_actitudes_inventario.htm,1.26
IC-A1-159,PCIC12_INTERCULTURAL_SPECIFICATION_UNGRADED,4,Mediación cultural,4.1.2,HABILIDAD,Mediación,CULTURAL_MEDIATION,9,16,SINGLE_UNSCALED_LIST,NOT_AN_A1_ASSERTION_BY_PCIC,UNSCALED_PCIC_INTERCULTURAL_POOL,AVAILABLE_FOR_CONTEXTUAL_CURRICULUM_SELECTION,TASK_DEPENDENT_NOT_LEVEL_DEFINED,DO_NOT_TREAT_AS_LANGUAGE_LEVEL_PASS_FAIL,INTERCULTURAL; PARTICULARLY_SPAIN_AND_HISPANIC_COUNTRIES,PHASE10_CULTURAL_KNOWLEDGE; PHASE8_PRAGMATICS_WHEN_APPLICABLE,Item-level source position preserved without copying the full protected source formulation. Content family is normalized at subsection level; exact source item must be consulted at the recorded locator.,https://cvc.cervantes.es/Ensenanza/biblioteca_ele/plan_curricular/niveles/12_habilidades_y_actitudes_inventario.htm,1.26
IC-A1-160,PCIC12_INTERCULTURAL_SPECIFICATION_UNGRADED,4,Mediación cultural,4.1.2,HABILIDAD,Mediación,CULTURAL_MEDIATION,10,16,SINGLE_UNSCALED_LIST,NOT_AN_A1_ASSERTION_BY_PCIC,UNSCALED_PCIC_INTERCULTURAL_POOL,AVAILABLE_FOR_CONTEXTUAL_CURRICULUM_SELECTION,TASK_DEPENDENT_NOT_LEVEL_DEFINED,DO_NOT_TREAT_AS_LANGUAGE_LEVEL_PASS_FAIL,INTERCULTURAL; PARTICULARLY_SPAIN_AND_HISPANIC_COUNTRIES,PHASE10_CULTURAL_KNOWLEDGE; PHASE8_PRAGMATICS_WHEN_APPLICABLE,Item-level source position preserved without copying the full protected source formulation. Content family is normalized at subsection level; exact source item must be consulted at the recorded locator.,https://cvc.cervantes.es/Ensenanza/biblioteca_ele/plan_curricular/niveles/12_habilidades_y_actitudes_inventario.htm,1.26
IC-A1-161,PCIC12_INTERCULTURAL_SPECIFICATION_UNGRADED,4,Mediación cultural,4.1.2,HABILIDAD,Mediación,CULTURAL_MEDIATION,11,16,SINGLE_UNSCALED_LIST,NOT_AN_A1_ASSERTION_BY_PCIC,UNSCALED_PCIC_INTERCULTURAL_POOL,AVAILABLE_FOR_CONTEXTUAL_CURRICULUM_SELECTION,TASK_DEPENDENT_NOT_LEVEL_DEFINED,DO_NOT_TREAT_AS_LANGUAGE_LEVEL_PASS_FAIL,INTERCULTURAL; PARTICULARLY_SPAIN_AND_HISPANIC_COUNTRIES,PHASE10_CULTURAL_KNOWLEDGE; PHASE8_PRAGMATICS_WHEN_APPLICABLE,Item-level source position preserved without copying the full protected source formulation. Content family is normalized at subsection level; exact source item must be consulted at the recorded locator.,https://cvc.cervantes.es/Ensenanza/biblioteca_ele/plan_curricular/niveles/12_habilidades_y_actitudes_inventario.htm,1.26
IC-A1-162,PCIC12_INTERCULTURAL_SPECIFICATION_UNGRADED,4,Mediación cultural,4.1.2,HABILIDAD,Mediación,CULTURAL_MEDIATION,12,16,SINGLE_UNSCALED_LIST,NOT_AN_A1_ASSERTION_BY_PCIC,UNSCALED_PCIC_INTERCULTURAL_POOL,AVAILABLE_FOR_CONTEXTUAL_CURRICULUM_SELECTION,TASK_DEPENDENT_NOT_LEVEL_DEFINED,DO_NOT_TREAT_AS_LANGUAGE_LEVEL_PASS_FAIL,INTERCULTURAL; PARTICULARLY_SPAIN_AND_HISPANIC_COUNTRIES,PHASE10_CULTURAL_KNOWLEDGE; PHASE8_PRAGMATICS_WHEN_APPLICABLE,Item-level source position preserved without copying the full protected source formulation. Content family is normalized at subsection level; exact source item must be consulted at the recorded locator.,https://cvc.cervantes.es/Ensenanza/biblioteca_ele/plan_curricular/niveles/12_habilidades_y_actitudes_inventario.htm,1.26
IC-A1-163,PCIC12_INTERCULTURAL_SPECIFICATION_UNGRADED,4,Mediación cultural,4.1.2,HABILIDAD,Mediación,CULTURAL_MEDIATION,13,16,SINGLE_UNSCALED_LIST,NOT_AN_A1_ASSERTION_BY_PCIC,UNSCALED_PCIC_INTERCULTURAL_POOL,AVAILABLE_FOR_CONTEXTUAL_CURRICULUM_SELECTION,TASK_DEPENDENT_NOT_LEVEL_DEFINED,DO_NOT_TREAT_AS_LANGUAGE_LEVEL_PASS_FAIL,INTERCULTURAL; PARTICULARLY_SPAIN_AND_HISPANIC_COUNTRIES,PHASE10_CULTURAL_KNOWLEDGE; PHASE8_PRAGMATICS_WHEN_APPLICABLE,Item-level source position preserved without copying the full protected source formulation. Content family is normalized at subsection level; exact source item must be consulted at the recorded locator.,https://cvc.cervantes.es/Ensenanza/biblioteca_ele/plan_curricular/niveles/12_habilidades_y_actitudes_inventario.htm,1.26
IC-A1-164,PCIC12_INTERCULTURAL_SPECIFICATION_UNGRADED,4,Mediación cultural,4.1.2,HABILIDAD,Mediación,CULTURAL_MEDIATION,14,16,SINGLE_UNSCALED_LIST,NOT_AN_A1_ASSERTION_BY_PCIC,UNSCALED_PCIC_INTERCULTURAL_POOL,AVAILABLE_FOR_CONTEXTUAL_CURRICULUM_SELECTION,TASK_DEPENDENT_NOT_LEVEL_DEFINED,DO_NOT_TREAT_AS_LANGUAGE_LEVEL_PASS_FAIL,INTERCULTURAL; PARTICULARLY_SPAIN_AND_HISPANIC_COUNTRIES,PHASE10_CULTURAL_KNOWLEDGE; PHASE8_PRAGMATICS_WHEN_APPLICABLE,Item-level source position preserved without copying the full protected source formulation. Content family is normalized at subsection level; exact source item must be consulted at the recorded locator.,https://cvc.cervantes.es/Ensenanza/biblioteca_ele/plan_curricular/niveles/12_habilidades_y_actitudes_inventario.htm,1.26
IC-A1-165,PCIC12_INTERCULTURAL_SPECIFICATION_UNGRADED,4,Mediación cultural,4.1.2,HABILIDAD,Mediación,CULTURAL_MEDIATION,15,16,SINGLE_UNSCALED_LIST,NOT_AN_A1_ASSERTION_BY_PCIC,UNSCALED_PCIC_INTERCULTURAL_POOL,AVAILABLE_FOR_CONTEXTUAL_CURRICULUM_SELECTION,TASK_DEPENDENT_NOT_LEVEL_DEFINED,DO_NOT_TREAT_AS_LANGUAGE_LEVEL_PASS_FAIL,INTERCULTURAL; PARTICULARLY_SPAIN_AND_HISPANIC_COUNTRIES,PHASE10_CULTURAL_KNOWLEDGE; PHASE8_PRAGMATICS_WHEN_APPLICABLE,Item-level source position preserved without copying the full protected source formulation. Content family is normalized at subsection level; exact source item must be consulted at the recorded locator.,https://cvc.cervantes.es/Ensenanza/biblioteca_ele/plan_curricular/niveles/12_habilidades_y_actitudes_inventario.htm,1.26
IC-A1-166,PCIC12_INTERCULTURAL_SPECIFICATION_UNGRADED,4,Mediación cultural,4.1.2,HABILIDAD,Mediación,CULTURAL_MEDIATION,16,16,SINGLE_UNSCALED_LIST,NOT_AN_A1_ASSERTION_BY_PCIC,UNSCALED_PCIC_INTERCULTURAL_POOL,AVAILABLE_FOR_CONTEXTUAL_CURRICULUM_SELECTION,TASK_DEPENDENT_NOT_LEVEL_DEFINED,DO_NOT_TREAT_AS_LANGUAGE_LEVEL_PASS_FAIL,INTERCULTURAL; PARTICULARLY_SPAIN_AND_HISPANIC_COUNTRIES,PHASE10_CULTURAL_KNOWLEDGE; PHASE8_PRAGMATICS_WHEN_APPLICABLE,Item-level source position preserved without copying the full protected source formulation. Content family is normalized at subsection level; exact source item must be consulted at the recorded locator.,https://cvc.cervantes.es/Ensenanza/biblioteca_ele/plan_curricular/niveles/12_habilidades_y_actitudes_inventario.htm,1.26
IC-A1-167,PCIC12_INTERCULTURAL_SPECIFICATION_UNGRADED,4,Mediación cultural,4.1.3,HABILIDAD,Evaluación y control,MEDIATION_EVALUATION_CONTROL,1,9,SINGLE_UNSCALED_LIST,NOT_AN_A1_ASSERTION_BY_PCIC,UNSCALED_PCIC_INTERCULTURAL_POOL,AVAILABLE_FOR_CONTEXTUAL_CURRICULUM_SELECTION,TASK_DEPENDENT_NOT_LEVEL_DEFINED,DO_NOT_TREAT_AS_LANGUAGE_LEVEL_PASS_FAIL,INTERCULTURAL; PARTICULARLY_SPAIN_AND_HISPANIC_COUNTRIES,PHASE10_CULTURAL_KNOWLEDGE; PHASE8_PRAGMATICS_WHEN_APPLICABLE,Item-level source position preserved without copying the full protected source formulation. Content family is normalized at subsection level; exact source item must be consulted at the recorded locator.,https://cvc.cervantes.es/Ensenanza/biblioteca_ele/plan_curricular/niveles/12_habilidades_y_actitudes_inventario.htm,1.26
IC-A1-168,PCIC12_INTERCULTURAL_SPECIFICATION_UNGRADED,4,Mediación cultural,4.1.3,HABILIDAD,Evaluación y control,MEDIATION_EVALUATION_CONTROL,2,9,SINGLE_UNSCALED_LIST,NOT_AN_A1_ASSERTION_BY_PCIC,UNSCALED_PCIC_INTERCULTURAL_POOL,AVAILABLE_FOR_CONTEXTUAL_CURRICULUM_SELECTION,TASK_DEPENDENT_NOT_LEVEL_DEFINED,DO_NOT_TREAT_AS_LANGUAGE_LEVEL_PASS_FAIL,INTERCULTURAL; PARTICULARLY_SPAIN_AND_HISPANIC_COUNTRIES,PHASE10_CULTURAL_KNOWLEDGE; PHASE8_PRAGMATICS_WHEN_APPLICABLE,Item-level source position preserved without copying the full protected source formulation. Content family is normalized at subsection level; exact source item must be consulted at the recorded locator.,https://cvc.cervantes.es/Ensenanza/biblioteca_ele/plan_curricular/niveles/12_habilidades_y_actitudes_inventario.htm,1.26
IC-A1-169,PCIC12_INTERCULTURAL_SPECIFICATION_UNGRADED,4,Mediación cultural,4.1.3,HABILIDAD,Evaluación y control,MEDIATION_EVALUATION_CONTROL,3,9,SINGLE_UNSCALED_LIST,NOT_AN_A1_ASSERTION_BY_PCIC,UNSCALED_PCIC_INTERCULTURAL_POOL,AVAILABLE_FOR_CONTEXTUAL_CURRICULUM_SELECTION,TASK_DEPENDENT_NOT_LEVEL_DEFINED,DO_NOT_TREAT_AS_LANGUAGE_LEVEL_PASS_FAIL,INTERCULTURAL; PARTICULARLY_SPAIN_AND_HISPANIC_COUNTRIES,PHASE10_CULTURAL_KNOWLEDGE; PHASE8_PRAGMATICS_WHEN_APPLICABLE,Item-level source position preserved without copying the full protected source formulation. Content family is normalized at subsection level; exact source item must be consulted at the recorded locator.,https://cvc.cervantes.es/Ensenanza/biblioteca_ele/plan_curricular/niveles/12_habilidades_y_actitudes_inventario.htm,1.26
IC-A1-170,PCIC12_INTERCULTURAL_SPECIFICATION_UNGRADED,4,Mediación cultural,4.1.3,HABILIDAD,Evaluación y control,MEDIATION_EVALUATION_CONTROL,4,9,SINGLE_UNSCALED_LIST,NOT_AN_A1_ASSERTION_BY_PCIC,UNSCALED_PCIC_INTERCULTURAL_POOL,AVAILABLE_FOR_CONTEXTUAL_CURRICULUM_SELECTION,TASK_DEPENDENT_NOT_LEVEL_DEFINED,DO_NOT_TREAT_AS_LANGUAGE_LEVEL_PASS_FAIL,INTERCULTURAL; PARTICULARLY_SPAIN_AND_HISPANIC_COUNTRIES,PHASE10_CULTURAL_KNOWLEDGE; PHASE8_PRAGMATICS_WHEN_APPLICABLE,Item-level source position preserved without copying the full protected source formulation. Content family is normalized at subsection level; exact source item must be consulted at the recorded locator.,https://cvc.cervantes.es/Ensenanza/biblioteca_ele/plan_curricular/niveles/12_habilidades_y_actitudes_inventario.htm,1.26
IC-A1-171,PCIC12_INTERCULTURAL_SPECIFICATION_UNGRADED,4,Mediación cultural,4.1.3,HABILIDAD,Evaluación y control,MEDIATION_EVALUATION_CONTROL,5,9,SINGLE_UNSCALED_LIST,NOT_AN_A1_ASSERTION_BY_PCIC,UNSCALED_PCIC_INTERCULTURAL_POOL,AVAILABLE_FOR_CONTEXTUAL_CURRICULUM_SELECTION,TASK_DEPENDENT_NOT_LEVEL_DEFINED,DO_NOT_TREAT_AS_LANGUAGE_LEVEL_PASS_FAIL,INTERCULTURAL; PARTICULARLY_SPAIN_AND_HISPANIC_COUNTRIES,PHASE10_CULTURAL_KNOWLEDGE; PHASE8_PRAGMATICS_WHEN_APPLICABLE,Item-level source position preserved without copying the full protected source formulation. Content family is normalized at subsection level; exact source item must be consulted at the recorded locator.,https://cvc.cervantes.es/Ensenanza/biblioteca_ele/plan_curricular/niveles/12_habilidades_y_actitudes_inventario.htm,1.26
IC-A1-172,PCIC12_INTERCULTURAL_SPECIFICATION_UNGRADED,4,Mediación cultural,4.1.3,HABILIDAD,Evaluación y control,MEDIATION_EVALUATION_CONTROL,6,9,SINGLE_UNSCALED_LIST,NOT_AN_A1_ASSERTION_BY_PCIC,UNSCALED_PCIC_INTERCULTURAL_POOL,AVAILABLE_FOR_CONTEXTUAL_CURRICULUM_SELECTION,TASK_DEPENDENT_NOT_LEVEL_DEFINED,DO_NOT_TREAT_AS_LANGUAGE_LEVEL_PASS_FAIL,INTERCULTURAL; PARTICULARLY_SPAIN_AND_HISPANIC_COUNTRIES,PHASE10_CULTURAL_KNOWLEDGE; PHASE8_PRAGMATICS_WHEN_APPLICABLE,Item-level source position preserved without copying the full protected source formulation. Content family is normalized at subsection level; exact source item must be consulted at the recorded locator.,https://cvc.cervantes.es/Ensenanza/biblioteca_ele/plan_curricular/niveles/12_habilidades_y_actitudes_inventario.htm,1.26
IC-A1-173,PCIC12_INTERCULTURAL_SPECIFICATION_UNGRADED,4,Mediación cultural,4.1.3,HABILIDAD,Evaluación y control,MEDIATION_EVALUATION_CONTROL,7,9,SINGLE_UNSCALED_LIST,NOT_AN_A1_ASSERTION_BY_PCIC,UNSCALED_PCIC_INTERCULTURAL_POOL,AVAILABLE_FOR_CONTEXTUAL_CURRICULUM_SELECTION,TASK_DEPENDENT_NOT_LEVEL_DEFINED,DO_NOT_TREAT_AS_LANGUAGE_LEVEL_PASS_FAIL,INTERCULTURAL; PARTICULARLY_SPAIN_AND_HISPANIC_COUNTRIES,PHASE10_CULTURAL_KNOWLEDGE; PHASE8_PRAGMATICS_WHEN_APPLICABLE,Item-level source position preserved without copying the full protected source formulation. Content family is normalized at subsection level; exact source item must be consulted at the recorded locator.,https://cvc.cervantes.es/Ensenanza/biblioteca_ele/plan_curricular/niveles/12_habilidades_y_actitudes_inventario.htm,1.26
IC-A1-174,PCIC12_INTERCULTURAL_SPECIFICATION_UNGRADED,4,Mediación cultural,4.1.3,HABILIDAD,Evaluación y control,MEDIATION_EVALUATION_CONTROL,8,9,SINGLE_UNSCALED_LIST,NOT_AN_A1_ASSERTION_BY_PCIC,UNSCALED_PCIC_INTERCULTURAL_POOL,AVAILABLE_FOR_CONTEXTUAL_CURRICULUM_SELECTION,TASK_DEPENDENT_NOT_LEVEL_DEFINED,DO_NOT_TREAT_AS_LANGUAGE_LEVEL_PASS_FAIL,INTERCULTURAL; PARTICULARLY_SPAIN_AND_HISPANIC_COUNTRIES,PHASE10_CULTURAL_KNOWLEDGE; PHASE8_PRAGMATICS_WHEN_APPLICABLE,Item-level source position preserved without copying the full protected source formulation. Content family is normalized at subsection level; exact source item must be consulted at the recorded locator.,https://cvc.cervantes.es/Ensenanza/biblioteca_ele/plan_curricular/niveles/12_habilidades_y_actitudes_inventario.htm,1.26
IC-A1-175,PCIC12_INTERCULTURAL_SPECIFICATION_UNGRADED,4,Mediación cultural,4.1.3,HABILIDAD,Evaluación y control,MEDIATION_EVALUATION_CONTROL,9,9,SINGLE_UNSCALED_LIST,NOT_AN_A1_ASSERTION_BY_PCIC,UNSCALED_PCIC_INTERCULTURAL_POOL,AVAILABLE_FOR_CONTEXTUAL_CURRICULUM_SELECTION,TASK_DEPENDENT_NOT_LEVEL_DEFINED,DO_NOT_TREAT_AS_LANGUAGE_LEVEL_PASS_FAIL,INTERCULTURAL; PARTICULARLY_SPAIN_AND_HISPANIC_COUNTRIES,PHASE10_CULTURAL_KNOWLEDGE; PHASE8_PRAGMATICS_WHEN_APPLICABLE,Item-level source position preserved without copying the full protected source formulation. Content family is normalized at subsection level; exact source item must be consulted at the recorded locator.,https://cvc.cervantes.es/Ensenanza/biblioteca_ele/plan_curricular/niveles/12_habilidades_y_actitudes_inventario.htm,1.26
IC-A1-176,PCIC12_INTERCULTURAL_SPECIFICATION_UNGRADED,4,Mediación cultural,4.1.4,HABILIDAD,Reparación y ajustes,MEDIATION_REPAIR_ADJUSTMENT,1,1,SINGLE_UNSCALED_LIST,NOT_AN_A1_ASSERTION_BY_PCIC,UNSCALED_PCIC_INTERCULTURAL_POOL,AVAILABLE_FOR_CONTEXTUAL_CURRICULUM_SELECTION,TASK_DEPENDENT_NOT_LEVEL_DEFINED,DO_NOT_TREAT_AS_LANGUAGE_LEVEL_PASS_FAIL,INTERCULTURAL; PARTICULARLY_SPAIN_AND_HISPANIC_COUNTRIES,PHASE10_CULTURAL_KNOWLEDGE; PHASE8_PRAGMATICS_WHEN_APPLICABLE,Item-level source position preserved without copying the full protected source formulation. Content family is normalized at subsection level; exact source item must be consulted at the recorded locator.,https://cvc.cervantes.es/Ensenanza/biblioteca_ele/plan_curricular/niveles/12_habilidades_y_actitudes_inventario.htm,1.26
IC-A1-177,PCIC12_INTERCULTURAL_SPECIFICATION_UNGRADED,4,Mediación cultural,4.2.1,ACTITUD,Empatía,EMPATHY,1,1,SINGLE_UNSCALED_LIST,NOT_AN_A1_ASSERTION_BY_PCIC,UNSCALED_PCIC_INTERCULTURAL_POOL,AVAILABLE_FOR_CONTEXTUAL_CURRICULUM_SELECTION,TASK_DEPENDENT_NOT_LEVEL_DEFINED,DO_NOT_TREAT_AS_LANGUAGE_LEVEL_PASS_FAIL,INTERCULTURAL; PARTICULARLY_SPAIN_AND_HISPANIC_COUNTRIES,PHASE10_CULTURAL_KNOWLEDGE; PHASE8_PRAGMATICS_WHEN_APPLICABLE,Item-level source position preserved without copying the full protected source formulation. Content family is normalized at subsection level; exact source item must be consulted at the recorded locator.,https://cvc.cervantes.es/Ensenanza/biblioteca_ele/plan_curricular/niveles/12_habilidades_y_actitudes_inventario.htm,1.26
IC-A1-178,PCIC12_INTERCULTURAL_SPECIFICATION_UNGRADED,4,Mediación cultural,4.2.2,ACTITUD,"Curiosidad, apertura",CURIOSITY_OPENNESS,1,1,SINGLE_UNSCALED_LIST,NOT_AN_A1_ASSERTION_BY_PCIC,UNSCALED_PCIC_INTERCULTURAL_POOL,AVAILABLE_FOR_CONTEXTUAL_CURRICULUM_SELECTION,TASK_DEPENDENT_NOT_LEVEL_DEFINED,DO_NOT_TREAT_AS_LANGUAGE_LEVEL_PASS_FAIL,INTERCULTURAL; PARTICULARLY_SPAIN_AND_HISPANIC_COUNTRIES,PHASE10_CULTURAL_KNOWLEDGE; PHASE8_PRAGMATICS_WHEN_APPLICABLE,Item-level source position preserved without copying the full protected source formulation. Content family is normalized at subsection level; exact source item must be consulted at the recorded locator.,https://cvc.cervantes.es/Ensenanza/biblioteca_ele/plan_curricular/niveles/12_habilidades_y_actitudes_inventario.htm,1.26
IC-A1-179,PCIC12_INTERCULTURAL_SPECIFICATION_UNGRADED,4,Mediación cultural,4.2.3,ACTITUD,Disposición favorable y flexible,FAVORABLE_FLEXIBLE_DISPOSITION,1,5,SINGLE_UNSCALED_LIST,NOT_AN_A1_ASSERTION_BY_PCIC,UNSCALED_PCIC_INTERCULTURAL_POOL,AVAILABLE_FOR_CONTEXTUAL_CURRICULUM_SELECTION,TASK_DEPENDENT_NOT_LEVEL_DEFINED,DO_NOT_TREAT_AS_LANGUAGE_LEVEL_PASS_FAIL,INTERCULTURAL; PARTICULARLY_SPAIN_AND_HISPANIC_COUNTRIES,PHASE10_CULTURAL_KNOWLEDGE; PHASE8_PRAGMATICS_WHEN_APPLICABLE,Item-level source position preserved without copying the full protected source formulation. Content family is normalized at subsection level; exact source item must be consulted at the recorded locator.,https://cvc.cervantes.es/Ensenanza/biblioteca_ele/plan_curricular/niveles/12_habilidades_y_actitudes_inventario.htm,1.26
IC-A1-180,PCIC12_INTERCULTURAL_SPECIFICATION_UNGRADED,4,Mediación cultural,4.2.3,ACTITUD,Disposición favorable y flexible,FAVORABLE_FLEXIBLE_DISPOSITION,2,5,SINGLE_UNSCALED_LIST,NOT_AN_A1_ASSERTION_BY_PCIC,UNSCALED_PCIC_INTERCULTURAL_POOL,AVAILABLE_FOR_CONTEXTUAL_CURRICULUM_SELECTION,TASK_DEPENDENT_NOT_LEVEL_DEFINED,DO_NOT_TREAT_AS_LANGUAGE_LEVEL_PASS_FAIL,INTERCULTURAL; PARTICULARLY_SPAIN_AND_HISPANIC_COUNTRIES,PHASE10_CULTURAL_KNOWLEDGE; PHASE8_PRAGMATICS_WHEN_APPLICABLE,Item-level source position preserved without copying the full protected source formulation. Content family is normalized at subsection level; exact source item must be consulted at the recorded locator.,https://cvc.cervantes.es/Ensenanza/biblioteca_ele/plan_curricular/niveles/12_habilidades_y_actitudes_inventario.htm,1.26
IC-A1-181,PCIC12_INTERCULTURAL_SPECIFICATION_UNGRADED,4,Mediación cultural,4.2.3,ACTITUD,Disposición favorable y flexible,FAVORABLE_FLEXIBLE_DISPOSITION,3,5,SINGLE_UNSCALED_LIST,NOT_AN_A1_ASSERTION_BY_PCIC,UNSCALED_PCIC_INTERCULTURAL_POOL,AVAILABLE_FOR_CONTEXTUAL_CURRICULUM_SELECTION,TASK_DEPENDENT_NOT_LEVEL_DEFINED,DO_NOT_TREAT_AS_LANGUAGE_LEVEL_PASS_FAIL,INTERCULTURAL; PARTICULARLY_SPAIN_AND_HISPANIC_COUNTRIES,PHASE10_CULTURAL_KNOWLEDGE; PHASE8_PRAGMATICS_WHEN_APPLICABLE,Item-level source position preserved without copying the full protected source formulation. Content family is normalized at subsection level; exact source item must be consulted at the recorded locator.,https://cvc.cervantes.es/Ensenanza/biblioteca_ele/plan_curricular/niveles/12_habilidades_y_actitudes_inventario.htm,1.26
IC-A1-182,PCIC12_INTERCULTURAL_SPECIFICATION_UNGRADED,4,Mediación cultural,4.2.3,ACTITUD,Disposición favorable y flexible,FAVORABLE_FLEXIBLE_DISPOSITION,4,5,SINGLE_UNSCALED_LIST,NOT_AN_A1_ASSERTION_BY_PCIC,UNSCALED_PCIC_INTERCULTURAL_POOL,AVAILABLE_FOR_CONTEXTUAL_CURRICULUM_SELECTION,TASK_DEPENDENT_NOT_LEVEL_DEFINED,DO_NOT_TREAT_AS_LANGUAGE_LEVEL_PASS_FAIL,INTERCULTURAL; PARTICULARLY_SPAIN_AND_HISPANIC_COUNTRIES,PHASE10_CULTURAL_KNOWLEDGE; PHASE8_PRAGMATICS_WHEN_APPLICABLE,Item-level source position preserved without copying the full protected source formulation. Content family is normalized at subsection level; exact source item must be consulted at the recorded locator.,https://cvc.cervantes.es/Ensenanza/biblioteca_ele/plan_curricular/niveles/12_habilidades_y_actitudes_inventario.htm,1.26
IC-A1-183,PCIC12_INTERCULTURAL_SPECIFICATION_UNGRADED,4,Mediación cultural,4.2.3,ACTITUD,Disposición favorable y flexible,FAVORABLE_FLEXIBLE_DISPOSITION,5,5,SINGLE_UNSCALED_LIST,NOT_AN_A1_ASSERTION_BY_PCIC,UNSCALED_PCIC_INTERCULTURAL_POOL,AVAILABLE_FOR_CONTEXTUAL_CURRICULUM_SELECTION,TASK_DEPENDENT_NOT_LEVEL_DEFINED,DO_NOT_TREAT_AS_LANGUAGE_LEVEL_PASS_FAIL,INTERCULTURAL; PARTICULARLY_SPAIN_AND_HISPANIC_COUNTRIES,PHASE10_CULTURAL_KNOWLEDGE; PHASE8_PRAGMATICS_WHEN_APPLICABLE,Item-level source position preserved without copying the full protected source formulation. Content family is normalized at subsection level; exact source item must be consulted at the recorded locator.,https://cvc.cervantes.es/Ensenanza/biblioteca_ele/plan_curricular/niveles/12_habilidades_y_actitudes_inventario.htm,1.26
IC-A1-184,PCIC12_INTERCULTURAL_SPECIFICATION_UNGRADED,4,Mediación cultural,4.2.4,ACTITUD,"Distanciamiento, relativización",DISTANCING_RELATIVIZATION,1,1,SINGLE_UNSCALED_LIST,NOT_AN_A1_ASSERTION_BY_PCIC,UNSCALED_PCIC_INTERCULTURAL_POOL,AVAILABLE_FOR_CONTEXTUAL_CURRICULUM_SELECTION,TASK_DEPENDENT_NOT_LEVEL_DEFINED,DO_NOT_TREAT_AS_LANGUAGE_LEVEL_PASS_FAIL,INTERCULTURAL; PARTICULARLY_SPAIN_AND_HISPANIC_COUNTRIES,PHASE10_CULTURAL_KNOWLEDGE; PHASE8_PRAGMATICS_WHEN_APPLICABLE,Item-level source position preserved without copying the full protected source formulation. Content family is normalized at subsection level; exact source item must be consulted at the recorded locator.,https://cvc.cervantes.es/Ensenanza/biblioteca_ele/plan_curricular/niveles/12_habilidades_y_actitudes_inventario.htm,1.26
IC-A1-185,PCIC12_INTERCULTURAL_SPECIFICATION_UNGRADED,4,Mediación cultural,4.2.5,ACTITUD,Tolerancia a la ambigüedad,AMBIGUITY_TOLERANCE,1,1,SINGLE_UNSCALED_LIST,NOT_AN_A1_ASSERTION_BY_PCIC,UNSCALED_PCIC_INTERCULTURAL_POOL,AVAILABLE_FOR_CONTEXTUAL_CURRICULUM_SELECTION,TASK_DEPENDENT_NOT_LEVEL_DEFINED,DO_NOT_TREAT_AS_LANGUAGE_LEVEL_PASS_FAIL,INTERCULTURAL; PARTICULARLY_SPAIN_AND_HISPANIC_COUNTRIES,PHASE10_CULTURAL_KNOWLEDGE; PHASE8_PRAGMATICS_WHEN_APPLICABLE,Item-level source position preserved without copying the full protected source formulation. Content family is normalized at subsection level; exact source item must be consulted at the recorded locator.,https://cvc.cervantes.es/Ensenanza/biblioteca_ele/plan_curricular/niveles/12_habilidades_y_actitudes_inventario.htm,1.26
IC-A1-186,PCIC12_INTERCULTURAL_SPECIFICATION_UNGRADED,4,Mediación cultural,4.2.6,ACTITUD,Regulación de los factores afectivos,AFFECTIVE_REGULATION,1,3,SINGLE_UNSCALED_LIST,NOT_AN_A1_ASSERTION_BY_PCIC,UNSCALED_PCIC_INTERCULTURAL_POOL,AVAILABLE_FOR_CONTEXTUAL_CURRICULUM_SELECTION,TASK_DEPENDENT_NOT_LEVEL_DEFINED,DO_NOT_TREAT_AS_LANGUAGE_LEVEL_PASS_FAIL,INTERCULTURAL; PARTICULARLY_SPAIN_AND_HISPANIC_COUNTRIES,PHASE10_CULTURAL_KNOWLEDGE; PHASE8_PRAGMATICS_WHEN_APPLICABLE,Item-level source position preserved without copying the full protected source formulation. Content family is normalized at subsection level; exact source item must be consulted at the recorded locator.,https://cvc.cervantes.es/Ensenanza/biblioteca_ele/plan_curricular/niveles/12_habilidades_y_actitudes_inventario.htm,1.26
IC-A1-187,PCIC12_INTERCULTURAL_SPECIFICATION_UNGRADED,4,Mediación cultural,4.2.6,ACTITUD,Regulación de los factores afectivos,AFFECTIVE_REGULATION,2,3,SINGLE_UNSCALED_LIST,NOT_AN_A1_ASSERTION_BY_PCIC,UNSCALED_PCIC_INTERCULTURAL_POOL,AVAILABLE_FOR_CONTEXTUAL_CURRICULUM_SELECTION,TASK_DEPENDENT_NOT_LEVEL_DEFINED,DO_NOT_TREAT_AS_LANGUAGE_LEVEL_PASS_FAIL,INTERCULTURAL; PARTICULARLY_SPAIN_AND_HISPANIC_COUNTRIES,PHASE10_CULTURAL_KNOWLEDGE; PHASE8_PRAGMATICS_WHEN_APPLICABLE,Item-level source position preserved without copying the full protected source formulation. Content family is normalized at subsection level; exact source item must be consulted at the recorded locator.,https://cvc.cervantes.es/Ensenanza/biblioteca_ele/plan_curricular/niveles/12_habilidades_y_actitudes_inventario.htm,1.26
IC-A1-188,PCIC12_INTERCULTURAL_SPECIFICATION_UNGRADED,4,Mediación cultural,4.2.6,ACTITUD,Regulación de los factores afectivos,AFFECTIVE_REGULATION,3,3,SINGLE_UNSCALED_LIST,NOT_AN_A1_ASSERTION_BY_PCIC,UNSCALED_PCIC_INTERCULTURAL_POOL,AVAILABLE_FOR_CONTEXTUAL_CURRICULUM_SELECTION,TASK_DEPENDENT_NOT_LEVEL_DEFINED,DO_NOT_TREAT_AS_LANGUAGE_LEVEL_PASS_FAIL,INTERCULTURAL; PARTICULARLY_SPAIN_AND_HISPANIC_COUNTRIES,PHASE10_CULTURAL_KNOWLEDGE; PHASE8_PRAGMATICS_WHEN_APPLICABLE,Item-level source position preserved without copying the full protected source formulation. Content family is normalized at subsection level; exact source item must be consulted at the recorded locator.,https://cvc.cervantes.es/Ensenanza/biblioteca_ele/plan_curricular/niveles/12_habilidades_y_actitudes_inventario.htm,1.26
IC-A1-189,PCIC12_SECTION_SUMMARY,1,Configuración de una identidad cultural plural,,SUMMARY,,SECTION_COUNT,,65,SINGLE_UNSCALED_LIST,NOT_AN_A1_ASSERTION_BY_PCIC,STRUCTURAL_COUNT_ONLY,CURRICULUM_POOL_SUMMARY,NOT_APPLICABLE,NOT_APPLICABLE,INTERCULTURAL,,Exact count of procedural specifications in this major section.,https://cvc.cervantes.es/Ensenanza/biblioteca_ele/plan_curricular/niveles/12_habilidades_y_actitudes_inventario.htm,1.26
IC-A1-190,PCIC12_SECTION_SUMMARY,2,Asimilación de los saberes culturales,,SUMMARY,,SECTION_COUNT,,34,SINGLE_UNSCALED_LIST,NOT_AN_A1_ASSERTION_BY_PCIC,STRUCTURAL_COUNT_ONLY,CURRICULUM_POOL_SUMMARY,NOT_APPLICABLE,NOT_APPLICABLE,INTERCULTURAL,,Exact count of procedural specifications in this major section.,https://cvc.cervantes.es/Ensenanza/biblioteca_ele/plan_curricular/niveles/12_habilidades_y_actitudes_inventario.htm,1.26
IC-A1-191,PCIC12_SECTION_SUMMARY,3,Interacción cultural,,SUMMARY,,SECTION_COUNT,,48,SINGLE_UNSCALED_LIST,NOT_AN_A1_ASSERTION_BY_PCIC,STRUCTURAL_COUNT_ONLY,CURRICULUM_POOL_SUMMARY,NOT_APPLICABLE,NOT_APPLICABLE,INTERCULTURAL,,Exact count of procedural specifications in this major section.,https://cvc.cervantes.es/Ensenanza/biblioteca_ele/plan_curricular/niveles/12_habilidades_y_actitudes_inventario.htm,1.26
IC-A1-192,PCIC12_SECTION_SUMMARY,4,Mediación cultural,,SUMMARY,,SECTION_COUNT,,41,SINGLE_UNSCALED_LIST,NOT_AN_A1_ASSERTION_BY_PCIC,STRUCTURAL_COUNT_ONLY,CURRICULUM_POOL_SUMMARY,NOT_APPLICABLE,NOT_APPLICABLE,INTERCULTURAL,,Exact count of procedural specifications in this major section.,https://cvc.cervantes.es/Ensenanza/biblioteca_ele/plan_curricular/niveles/12_habilidades_y_actitudes_inventario.htm,1.26
IC-A1-193,CEFR_A1_OPERATIONAL_CROSSWALK,3/4,Interacción / mediación cultural,,A1_CROSSWALK,,SHOW_WELCOME_AND_INTEREST_SIMPLE_WORDS,,,CEFR_A1_VALIDATED_DESCRIPTOR,A1_OPERATIONAL_MINIMUM_CONFIRMED,CEFR_A1_FACILITATING_PLURICULTURAL_SPACE,REQUIRED_OR_AVAILABLE_AT_A1_WITH_SIMPLE_LANGUAGE,SIMPLE_WORDS_SIGNS_NONVERBAL,CAN_BE_OBSERVED_IN_SIMPLE_SUPPORTED_TASKS,PLURICULTURAL_GENERAL,PHASE8_SOCIAL_INTERACTION; PHASE10_SOCIOCULTURAL_MINIMUM,Show welcome/interest using a very limited verbal repertoire.,https://rm.coe.int/cefrcompanion-volume-with-new-descriptors-2018/1680787989,1.26
IC-A1-194,CEFR_A1_OPERATIONAL_CROSSWALK,3/4,Interacción / mediación cultural,,A1_CROSSWALK,,SHOW_INTEREST_NONVERBALLY,,,CEFR_A1_VALIDATED_DESCRIPTOR,A1_OPERATIONAL_MINIMUM_CONFIRMED,CEFR_A1_FACILITATING_PLURICULTURAL_SPACE,REQUIRED_OR_AVAILABLE_AT_A1_WITH_SIMPLE_LANGUAGE,SIMPLE_WORDS_SIGNS_NONVERBAL,CAN_BE_OBSERVED_IN_SIMPLE_SUPPORTED_TASKS,PLURICULTURAL_GENERAL,PHASE8_SOCIAL_INTERACTION; PHASE10_SOCIOCULTURAL_MINIMUM,Use simple non-verbal signals to show interest/welcome.,https://rm.coe.int/cefrcompanion-volume-with-new-descriptors-2018/1680787989,1.26
IC-A1-195,CEFR_A1_OPERATIONAL_CROSSWALK,3/4,Interacción / mediación cultural,,A1_CROSSWALK,,INVITE_OTHERS_TO_CONTRIBUTE,,,CEFR_A1_VALIDATED_DESCRIPTOR,A1_OPERATIONAL_MINIMUM_CONFIRMED,CEFR_A1_FACILITATING_PLURICULTURAL_SPACE,REQUIRED_OR_AVAILABLE_AT_A1_WITH_SIMPLE_LANGUAGE,SIMPLE_WORDS_SIGNS_NONVERBAL,CAN_BE_OBSERVED_IN_SIMPLE_SUPPORTED_TASKS,PLURICULTURAL_GENERAL,PHASE8_SOCIAL_INTERACTION; PHASE10_SOCIOCULTURAL_MINIMUM,Invite another participant to speak/contribute with simple means.,https://rm.coe.int/cefrcompanion-volume-with-new-descriptors-2018/1680787989,1.26
IC-A1-196,CEFR_A1_OPERATIONAL_CROSSWALK,3/4,Interacción / mediación cultural,,A1_CROSSWALK,,SIGNAL_UNDERSTANDING_WHEN_ADDRESSED,,,CEFR_A1_VALIDATED_DESCRIPTOR,A1_OPERATIONAL_MINIMUM_CONFIRMED,CEFR_A1_FACILITATING_PLURICULTURAL_SPACE,REQUIRED_OR_AVAILABLE_AT_A1_WITH_SIMPLE_LANGUAGE,SIMPLE_WORDS_SIGNS_NONVERBAL,CAN_BE_OBSERVED_IN_SIMPLE_SUPPORTED_TASKS,PLURICULTURAL_GENERAL,PHASE8_SOCIAL_INTERACTION; PHASE10_SOCIOCULTURAL_MINIMUM,Indicate whether one understands when addressed directly.,https://rm.coe.int/cefrcompanion-volume-with-new-descriptors-2018/1680787989,1.26
IC-A1-197,A1_IMPLEMENTATION_CANDIDATE_NON_NORMATIVE,1/2/3,Cross-cutting early implementation,,PEDAGOGICAL_SELECTION,,NOTICE_ONE_CULTURAL_DIFFERENCE,,,PCIC12_UNSCALED_PLUS_A1_TASK_SIMPLIFICATION,NOT_NORMATIVE_A1; EARLY_TASK_CANDIDATE,COGNITIVE_AND_TASK_SIMPLIFICATION_NOT_LEVEL_ASSERTION,OPTIONAL_SUPPORTED_A1_ACTIVITY,L1_OR_ICONS_OR_MINIMAL_SPANISH_ALLOWED,FORMATIVE_ONLY_NOT_LEVEL_GATE,INTERCULTURAL,PHASE10_CULTURAL_CONTENT; PHASE8_GENRES_PRAGMATICS,Notice one visible difference in a highly supported everyday scene.,https://cvc.cervantes.es/Ensenanza/biblioteca_ele/plan_curricular/niveles/12_habilidades_y_actitudes_inventario.htm,1.26
IC-A1-198,A1_IMPLEMENTATION_CANDIDATE_NON_NORMATIVE,1/2/3,Cross-cutting early implementation,,PEDAGOGICAL_SELECTION,,NOTICE_ONE_CULTURAL_SIMILARITY,,,PCIC12_UNSCALED_PLUS_A1_TASK_SIMPLIFICATION,NOT_NORMATIVE_A1; EARLY_TASK_CANDIDATE,COGNITIVE_AND_TASK_SIMPLIFICATION_NOT_LEVEL_ASSERTION,OPTIONAL_SUPPORTED_A1_ACTIVITY,L1_OR_ICONS_OR_MINIMAL_SPANISH_ALLOWED,FORMATIVE_ONLY_NOT_LEVEL_GATE,INTERCULTURAL,PHASE10_CULTURAL_CONTENT; PHASE8_GENRES_PRAGMATICS,Notice one simple similarity between own experience and a target-culture scene.,https://cvc.cervantes.es/Ensenanza/biblioteca_ele/plan_curricular/niveles/12_habilidades_y_actitudes_inventario.htm,1.26
IC-A1-199,A1_IMPLEMENTATION_CANDIDATE_NON_NORMATIVE,1/2/3,Cross-cutting early implementation,,PEDAGOGICAL_SELECTION,,OBSERVE_GREETING_OR_DISTANCE,,,PCIC12_UNSCALED_PLUS_A1_TASK_SIMPLIFICATION,NOT_NORMATIVE_A1; EARLY_TASK_CANDIDATE,COGNITIVE_AND_TASK_SIMPLIFICATION_NOT_LEVEL_ASSERTION,OPTIONAL_SUPPORTED_A1_ACTIVITY,L1_OR_ICONS_OR_MINIMAL_SPANISH_ALLOWED,FORMATIVE_ONLY_NOT_LEVEL_GATE,INTERCULTURAL,PHASE10_CULTURAL_CONTENT; PHASE8_GENRES_PRAGMATICS,"Observe greetings, interpersonal distance or gestures without requiring abstract explanation.",https://cvc.cervantes.es/Ensenanza/biblioteca_ele/plan_curricular/niveles/12_habilidades_y_actitudes_inventario.htm,1.26
IC-A1-200,A1_IMPLEMENTATION_CANDIDATE_NON_NORMATIVE,1/2/3,Cross-cutting early implementation,,PEDAGOGICAL_SELECTION,,SEPARATE_OBSERVATION_FROM_JUDGMENT,,,PCIC12_UNSCALED_PLUS_A1_TASK_SIMPLIFICATION,NOT_NORMATIVE_A1; EARLY_TASK_CANDIDATE,COGNITIVE_AND_TASK_SIMPLIFICATION_NOT_LEVEL_ASSERTION,OPTIONAL_SUPPORTED_A1_ACTIVITY,L1_OR_ICONS_OR_MINIMAL_SPANISH_ALLOWED,FORMATIVE_ONLY_NOT_LEVEL_GATE,INTERCULTURAL,PHASE10_CULTURAL_CONTENT; PHASE8_GENRES_PRAGMATICS,Classify a simple statement as observation vs value judgment with scaffolding/L1 support.,https://cvc.cervantes.es/Ensenanza/biblioteca_ele/plan_curricular/niveles/12_habilidades_y_actitudes_inventario.htm,1.26
IC-A1-201,A1_IMPLEMENTATION_CANDIDATE_NON_NORMATIVE,1/2/3,Cross-cutting early implementation,,PEDAGOGICAL_SELECTION,,SHOW_CURIOSITY_WITH_SIMPLE_REACTION,,,PCIC12_UNSCALED_PLUS_A1_TASK_SIMPLIFICATION,NOT_NORMATIVE_A1; EARLY_TASK_CANDIDATE,COGNITIVE_AND_TASK_SIMPLIFICATION_NOT_LEVEL_ASSERTION,OPTIONAL_SUPPORTED_A1_ACTIVITY,L1_OR_ICONS_OR_MINIMAL_SPANISH_ALLOWED,FORMATIVE_ONLY_NOT_LEVEL_GATE,INTERCULTURAL,PHASE10_CULTURAL_CONTENT; PHASE8_GENRES_PRAGMATICS,"Show curiosity or interest using a simple reaction, question or non-verbal cue.",https://cvc.cervantes.es/Ensenanza/biblioteca_ele/plan_curricular/niveles/12_habilidades_y_actitudes_inventario.htm,1.26
IC-A1-202,A1_IMPLEMENTATION_CANDIDATE_NON_NORMATIVE,1/2/3,Cross-cutting early implementation,,PEDAGOGICAL_SELECTION,,ACCEPT_TEMPORARY_NOT_UNDERSTANDING,,,PCIC12_UNSCALED_PLUS_A1_TASK_SIMPLIFICATION,NOT_NORMATIVE_A1; EARLY_TASK_CANDIDATE,COGNITIVE_AND_TASK_SIMPLIFICATION_NOT_LEVEL_ASSERTION,OPTIONAL_SUPPORTED_A1_ACTIVITY,L1_OR_ICONS_OR_MINIMAL_SPANISH_ALLOWED,FORMATIVE_ONLY_NOT_LEVEL_GATE,INTERCULTURAL,PHASE10_CULTURAL_CONTENT; PHASE8_GENRES_PRAGMATICS,Tolerate a small unresolved cultural ambiguity in a supported activity.,https://cvc.cervantes.es/Ensenanza/biblioteca_ele/plan_curricular/niveles/12_habilidades_y_actitudes_inventario.htm,1.26
IC-A1-203,A1_IMPLEMENTATION_CANDIDATE_NON_NORMATIVE,1/2/3,Cross-cutting early implementation,,PEDAGOGICAL_SELECTION,,RECORD_SIMPLE_DIFFERENCE_SIMILARITY,,,PCIC12_UNSCALED_PLUS_A1_TASK_SIMPLIFICATION,NOT_NORMATIVE_A1; EARLY_TASK_CANDIDATE,COGNITIVE_AND_TASK_SIMPLIFICATION_NOT_LEVEL_ASSERTION,OPTIONAL_SUPPORTED_A1_ACTIVITY,L1_OR_ICONS_OR_MINIMAL_SPANISH_ALLOWED,FORMATIVE_ONLY_NOT_LEVEL_GATE,INTERCULTURAL,PHASE10_CULTURAL_CONTENT; PHASE8_GENRES_PRAGMATICS,"Record one difference/similarity in a checklist, icon or very short phrase.",https://cvc.cervantes.es/Ensenanza/biblioteca_ele/plan_curricular/niveles/12_habilidades_y_actitudes_inventario.htm,1.26
IC-A1-204,A1_IMPLEMENTATION_CANDIDATE_NON_NORMATIVE,1/2/3,Cross-cutting early implementation,,PEDAGOGICAL_SELECTION,,REVISE_SIMPLE_STEREOTYPE_AFTER_EVIDENCE,,,PCIC12_UNSCALED_PLUS_A1_TASK_SIMPLIFICATION,NOT_NORMATIVE_A1; EARLY_TASK_CANDIDATE,COGNITIVE_AND_TASK_SIMPLIFICATION_NOT_LEVEL_ASSERTION,OPTIONAL_SUPPORTED_A1_ACTIVITY,L1_OR_ICONS_OR_MINIMAL_SPANISH_ALLOWED,FORMATIVE_ONLY_NOT_LEVEL_GATE,INTERCULTURAL,PHASE10_CULTURAL_CONTENT; PHASE8_GENRES_PRAGMATICS,"Revise an overgeneralization after seeing a counterexample, with strong teacher/L1 support.",https://cvc.cervantes.es/Ensenanza/biblioteca_ele/plan_curricular/niveles/12_habilidades_y_actitudes_inventario.htm,1.26
IC-A1-205,STRUCTURAL_RULE,ALL,PCIC-12 structural policy,,RULE,,PCIC12_SINGLE_LIST_NO_GRADING,,,STRUCTURAL,POLICY,NOT_APPLICABLE,ENFORCE,NOT_APPLICABLE,NOT_APPLICABLE,ALL,,PCIC-12 is presented as one modular list without phases/grades.,https://cvc.cervantes.es/Ensenanza/biblioteca_ele/plan_curricular/niveles/12_habilidades_y_actitudes_introduccion.htm,1.26
IC-A1-206,STRUCTURAL_RULE,ALL,PCIC-12 structural policy,,RULE,,NO_SYSTEMATIC_CORRELATION_WITH_LANGUAGE_LEVELS,,,STRUCTURAL,POLICY,NOT_APPLICABLE,ENFORCE,NOT_APPLICABLE,NOT_APPLICABLE,ALL,,Intercultural development is not systematically correlated with linguistic A1/A2/etc.,https://cvc.cervantes.es/Ensenanza/biblioteca_ele/plan_curricular/niveles/12_habilidades_y_actitudes_introduccion.htm,1.26
IC-A1-207,STRUCTURAL_RULE,ALL,PCIC-12 structural policy,,RULE,,SKILL_VS_ATTITUDE_SEPARATION,,,STRUCTURAL,POLICY,NOT_APPLICABLE,ENFORCE,NOT_APPLICABLE,NOT_APPLICABLE,ALL,,Skills are strategic operations for processing/acting; attitudes regulate cognitive/emotional/behavioral predisposition.,https://cvc.cervantes.es/Ensenanza/biblioteca_ele/plan_curricular/niveles/12_habilidades_y_actitudes_introduccion.htm,1.26
IC-A1-208,STRUCTURAL_RULE,ALL,PCIC-12 structural policy,,RULE,,PROCEDURAL_NOT_LEXICAL,,,STRUCTURAL,POLICY,NOT_APPLICABLE,ENFORCE,NOT_APPLICABLE,NOT_APPLICABLE,ALL,,PCIC-12 specifications are procedures; they do not create lexical A1 entries.,https://cvc.cervantes.es/Ensenanza/biblioteca_ele/plan_curricular/niveles/12_habilidades_y_actitudes_introduccion.htm,1.26
IC-A1-209,STRUCTURAL_RULE,ALL,PCIC-12 structural policy,,RULE,,A1_MINIMUM_REQUIRES_EXTERNAL_ANCHOR,,,STRUCTURAL,POLICY,NOT_APPLICABLE,ENFORCE,NOT_APPLICABLE,NOT_APPLICABLE,ALL,,Only external level-specific evidence such as CEFR A1 may create an A1 operational minimum.,https://cvc.cervantes.es/Ensenanza/biblioteca_ele/plan_curricular/niveles/12_habilidades_y_actitudes_introduccion.htm,1.26
IC-A1-210,STRUCTURAL_RULE,ALL,PCIC-12 structural policy,,RULE,,ATTITUDES_NOT_LANGUAGE_PROFICIENCY_SCORE,,,STRUCTURAL,POLICY,NOT_APPLICABLE,ENFORCE,NOT_APPLICABLE,NOT_APPLICABLE,ALL,,Empathy/openness/ambiguity tolerance are not to be converted into a linguistic proficiency score.,https://cvc.cervantes.es/Ensenanza/biblioteca_ele/plan_curricular/niveles/12_habilidades_y_actitudes_introduccion.htm,1.26
IC-A1-211,STRUCTURAL_RULE,ALL,PCIC-12 structural policy,,RULE,,MEDIATION_NOT_AUTOMATIC_A1,,,STRUCTURAL,POLICY,NOT_APPLICABLE,ENFORCE,NOT_APPLICABLE,NOT_APPLICABLE,ALL,,Presence of cultural mediation in PCIC-12 does not imply full cultural mediation is an A1 production objective.,https://cvc.cervantes.es/Ensenanza/biblioteca_ele/plan_curricular/niveles/12_habilidades_y_actitudes_introduccion.htm,1.26
IC-A1-212,STRUCTURAL_RULE,ALL,PCIC-12 structural policy,,RULE,,INTERCULTURAL_GEOGRAPHIC_SCOPE,,,STRUCTURAL,POLICY,NOT_APPLICABLE,ENFORCE,NOT_APPLICABLE,NOT_APPLICABLE,ALL,,"The inventory targets intercultural approach, particularly Spain and Hispanic countries; it is not Spain-only like PCIC-11.",https://cvc.cervantes.es/Ensenanza/biblioteca_ele/plan_curricular/niveles/12_habilidades_y_actitudes_introduccion.htm,1.26
IC-A1-213,STRUCTURAL_RULE,ALL,PCIC-12 structural policy,,RULE,,SOURCE_TEXT_MINIMIZATION,,,STRUCTURAL,POLICY,NOT_APPLICABLE,ENFORCE,NOT_APPLICABLE,NOT_APPLICABLE,ALL,,Store normalized procedural metadata and source locators; do not reproduce the complete protected PCIC formulations.,https://cvc.cervantes.es/Ensenanza/biblioteca_ele/plan_curricular/niveles/12_habilidades_y_actitudes_introduccion.htm,1.26
IC-A1-214,STRUCTURAL_RULE,ALL,PCIC-12 structural policy,,RULE,,LEXICAL_BASELINE_INVARIANT,,,STRUCTURAL,POLICY,NOT_APPLICABLE,ENFORCE,NOT_APPLICABLE,NOT_APPLICABLE,ALL,,Phase 11 changes no lexical surface or MWU counts.,https://cvc.cervantes.es/Ensenanza/biblioteca_ele/plan_curricular/niveles/12_habilidades_y_actitudes_introduccion.htm,1.26
IC-A1-215,CROSS_PHASE_RESOLUTION,ALL,PCIC-12,,RESOLUTION,,RESOLVE_PHASE10_DEFERRED_PCIC12,,,SINGLE_UNSCALED_LIST,SEPARATE_INTERCULTURAL_LAYER_ESTABLISHED,STRUCTURAL_RESOLUTION,CLOSE_DEFERRED_COMPONENT,NOT_APPLICABLE,NOT_APPLICABLE,INTERCULTURAL,PHASE10 §60.8,Closes the PCIC-12 component explicitly deferred in Phase 10 without merging it into cultural knowledge or sociocultural behavior.,https://cvc.cervantes.es/Ensenanza/biblioteca_ele/plan_curricular/niveles/12_habilidades_y_actitudes_inventario.htm,1.26
