record_id,record_type,item,object_type,source_id,source_name,corpus_register,geographic_scope,frequency_dimension,measurement_status,raw_value,normalized_value,unit,license_or_terms_status,commercial_ingest_status,provenance_risk,level_effect,priority_use,notes,source_url,curriculum_version
FREQ-ATOM-0001,ITEM_SCAFFOLD,a,ATOMIC_SURFACE_FORM,,,,,MULTI_SOURCE_PENDING,PENDING_12B_EXTERNAL_INGEST,,,,,NOT_YET_CLEARED_PER_MEASUREMENT,,NONE,FUTURE_WITHIN_A1_ORDERING_ONLY,Origin=PHASE6_BASE. Exact surface scaffold reconstructed from audited 572 baseline + v1.10–v1.12 corrections - instrumento + 17 Phase-7C regional additions.,,1.30
FREQ-ATOM-0002,ITEM_SCAFFOLD,abierto,ATOMIC_SURFACE_FORM,,,,,MULTI_SOURCE_PENDING,PENDING_12B_EXTERNAL_INGEST,,,,,NOT_YET_CLEARED_PER_MEASUREMENT,,NONE,FUTURE_WITHIN_A1_ORDERING_ONLY,Origin=PHASE6_BASE. Exact surface scaffold reconstructed from audited 572 baseline + v1.10–v1.12 corrections - instrumento + 17 Phase-7C regional additions.,,1.30
FREQ-ATOM-0003,ITEM_SCAFFOLD,abogado,ATOMIC_SURFACE_FORM,,,,,MULTI_SOURCE_PENDING,PENDING_12B_EXTERNAL_INGEST,,,,,NOT_YET_CLEARED_PER_MEASUREMENT,,NONE,FUTURE_WITHIN_A1_ORDERING_ONLY,Origin=PHASE6_BASE. Exact surface scaffold reconstructed from audited 572 baseline + v1.10–v1.12 corrections - instrumento + 17 Phase-7C regional additions.,,1.30
FREQ-ATOM-0004,ITEM_SCAFFOLD,abrir,ATOMIC_SURFACE_FORM,,,,,MULTI_SOURCE_PENDING,PENDING_12B_EXTERNAL_INGEST,,,,,NOT_YET_CLEARED_PER_MEASUREMENT,,NONE,FUTURE_WITHIN_A1_ORDERING_ONLY,Origin=PHASE6_BASE. Exact surface scaffold reconstructed from audited 572 baseline + v1.10–v1.12 corrections - instrumento + 17 Phase-7C regional additions.,,1.30
FREQ-ATOM-0005,ITEM_SCAFFOLD,abuelo,ATOMIC_SURFACE_FORM,,,,,MULTI_SOURCE_PENDING,PENDING_12B_EXTERNAL_INGEST,,,,,NOT_YET_CLEARED_PER_MEASUREMENT,,NONE,FUTURE_WITHIN_A1_ORDERING_ONLY,Origin=PHASE6_BASE. Exact surface scaffold reconstructed from audited 572 baseline + v1.10–v1.12 corrections - instrumento + 17 Phase-7C regional additions.,,1.30
FREQ-ATOM-0006,ITEM_SCAFFOLD,acondicionado,ATOMIC_SURFACE_FORM,,,,,MULTI_SOURCE_PENDING,PENDING_12B_EXTERNAL_INGEST,,,,,NOT_YET_CLEARED_PER_MEASUREMENT,,NONE,FUTURE_WITHIN_A1_ORDERING_ONLY,Origin=PHASE6_BASE. Exact surface scaffold reconstructed from audited 572 baseline + v1.10–v1.12 corrections - instrumento + 17 Phase-7C regional additions.,,1.30
FREQ-ATOM-0007,ITEM_SCAFFOLD,actividad,ATOMIC_SURFACE_FORM,,,,,MULTI_SOURCE_PENDING,PENDING_12B_EXTERNAL_INGEST,,,,,NOT_YET_CLEARED_PER_MEASUREMENT,,NONE,FUTURE_WITHIN_A1_ORDERING_ONLY,Origin=PHASE6_BASE. Exact surface scaffold reconstructed from audited 572 baseline + v1.10–v1.12 corrections - instrumento + 17 Phase-7C regional additions.,,1.30
FREQ-ATOM-0008,ITEM_SCAFFOLD,actor,ATOMIC_SURFACE_FORM,,,,,MULTI_SOURCE_PENDING,PENDING_12B_EXTERNAL_INGEST,,,,,NOT_YET_CLEARED_PER_MEASUREMENT,,NONE,FUTURE_WITHIN_A1_ORDERING_ONLY,Origin=PHASE6_BASE. Exact surface scaffold reconstructed from audited 572 baseline + v1.10–v1.12 corrections - instrumento + 17 Phase-7C regional additions.,,1.30
FREQ-ATOM-0009,ITEM_SCAFFOLD,actriz,ATOMIC_SURFACE_FORM,,,,,MULTI_SOURCE_PENDING,PENDING_12B_EXTERNAL_INGEST,,,,,NOT_YET_CLEARED_PER_MEASUREMENT,,NONE,FUTURE_WITHIN_A1_ORDERING_ONLY,Origin=PHASE6_BASE. Exact surface scaffold reconstructed from audited 572 baseline + v1.10–v1.12 corrections - instrumento + 17 Phase-7C regional additions.,,1.30
FREQ-ATOM-0010,ITEM_SCAFFOLD,acá,ATOMIC_SURFACE_FORM,,,,,MULTI_SOURCE_PENDING,PENDING_12B_EXTERNAL_INGEST,,,,,NOT_YET_CLEARED_PER_MEASUREMENT,,NONE,FUTURE_WITHIN_A1_ORDERING_ONLY,Origin=PHASE6_BASE. Exact surface scaffold reconstructed from audited 572 baseline + v1.10–v1.12 corrections - instrumento + 17 Phase-7C regional additions.,,1.30
FREQ-ATOM-0011,ITEM_SCAFFOLD,adiós,ATOMIC_SURFACE_FORM,,,,,MULTI_SOURCE_PENDING,PENDING_12B_EXTERNAL_INGEST,,,,,NOT_YET_CLEARED_PER_MEASUREMENT,,NONE,FUTURE_WITHIN_A1_ORDERING_ONLY,Origin=PHASE6_BASE. Exact surface scaffold reconstructed from audited 572 baseline + v1.10–v1.12 corrections - instrumento + 17 Phase-7C regional additions.,,1.30
FREQ-ATOM-0012,ITEM_SCAFFOLD,aeropuerto,ATOMIC_SURFACE_FORM,,,,,MULTI_SOURCE_PENDING,PENDING_12B_EXTERNAL_INGEST,,,,,NOT_YET_CLEARED_PER_MEASUREMENT,,NONE,FUTURE_WITHIN_A1_ORDERING_ONLY,Origin=PHASE6_BASE. Exact surface scaffold reconstructed from audited 572 baseline + v1.10–v1.12 corrections - instrumento + 17 Phase-7C regional additions.,,1.30
FREQ-ATOM-0013,ITEM_SCAFFOLD,agua,ATOMIC_SURFACE_FORM,,,,,MULTI_SOURCE_PENDING,PENDING_12B_EXTERNAL_INGEST,,,,,NOT_YET_CLEARED_PER_MEASUREMENT,,NONE,FUTURE_WITHIN_A1_ORDERING_ONLY,Origin=PHASE6_BASE. Exact surface scaffold reconstructed from audited 572 baseline + v1.10–v1.12 corrections - instrumento + 17 Phase-7C regional additions.,,1.30
FREQ-ATOM-0014,ITEM_SCAFFOLD,ahora,ATOMIC_SURFACE_FORM,,,,,MULTI_SOURCE_PENDING,PENDING_12B_EXTERNAL_INGEST,,,,,NOT_YET_CLEARED_PER_MEASUREMENT,,NONE,FUTURE_WITHIN_A1_ORDERING_ONLY,Origin=PHASE6_BASE. Exact surface scaffold reconstructed from audited 572 baseline + v1.10–v1.12 corrections - instrumento + 17 Phase-7C regional additions.,,1.30
FREQ-ATOM-0015,ITEM_SCAFFOLD,ahoy,ATOMIC_SURFACE_FORM,,,,,MULTI_SOURCE_PENDING,PENDING_12B_EXTERNAL_INGEST,,,,,NOT_YET_CLEARED_PER_MEASUREMENT,,NONE,FUTURE_WITHIN_A1_ORDERING_ONLY,Origin=7C_REGIONAL_ADDITION. Exact surface scaffold reconstructed from audited 572 baseline + v1.10–v1.12 corrections - instrumento + 17 Phase-7C regional additions.,,1.30
FREQ-ATOM-0016,ITEM_SCAFFOLD,ahí,ATOMIC_SURFACE_FORM,,,,,MULTI_SOURCE_PENDING,PENDING_12B_EXTERNAL_INGEST,,,,,NOT_YET_CLEARED_PER_MEASUREMENT,,NONE,FUTURE_WITHIN_A1_ORDERING_ONLY,Origin=PHASE6_BASE. Exact surface scaffold reconstructed from audited 572 baseline + v1.10–v1.12 corrections - instrumento + 17 Phase-7C regional additions.,,1.30
FREQ-ATOM-0017,ITEM_SCAFFOLD,aire,ATOMIC_SURFACE_FORM,,,,,MULTI_SOURCE_PENDING,PENDING_12B_EXTERNAL_INGEST,,,,,NOT_YET_CLEARED_PER_MEASUREMENT,,NONE,FUTURE_WITHIN_A1_ORDERING_ONLY,Origin=PHASE6_BASE. Exact surface scaffold reconstructed from audited 572 baseline + v1.10–v1.12 corrections - instrumento + 17 Phase-7C regional additions.,,1.30
FREQ-ATOM-0018,ITEM_SCAFFOLD,al,ATOMIC_SURFACE_FORM,,,,,MULTI_SOURCE_PENDING,PENDING_12B_EXTERNAL_INGEST,,,,,NOT_YET_CLEARED_PER_MEASUREMENT,,NONE,FUTURE_WITHIN_A1_ORDERING_ONLY,Origin=PHASE6_BASE. Exact surface scaffold reconstructed from audited 572 baseline + v1.10–v1.12 corrections - instrumento + 17 Phase-7C regional additions.,,1.30
FREQ-ATOM-0019,ITEM_SCAFFOLD,alegre,ATOMIC_SURFACE_FORM,,,,,MULTI_SOURCE_PENDING,PENDING_12B_EXTERNAL_INGEST,,,,,NOT_YET_CLEARED_PER_MEASUREMENT,,NONE,FUTURE_WITHIN_A1_ORDERING_ONLY,Origin=PHASE6_BASE. Exact surface scaffold reconstructed from audited 572 baseline + v1.10–v1.12 corrections - instrumento + 17 Phase-7C regional additions.,,1.30
FREQ-ATOM-0020,ITEM_SCAFFOLD,alemán,ATOMIC_SURFACE_FORM,,,,,MULTI_SOURCE_PENDING,PENDING_12B_EXTERNAL_INGEST,,,,,NOT_YET_CLEARED_PER_MEASUREMENT,,NONE,FUTURE_WITHIN_A1_ORDERING_ONLY,Origin=PHASE6_BASE. Exact surface scaffold reconstructed from audited 572 baseline + v1.10–v1.12 corrections - instrumento + 17 Phase-7C regional additions.,,1.30
FREQ-ATOM-0021,ITEM_SCAFFOLD,allá,ATOMIC_SURFACE_FORM,,,,,MULTI_SOURCE_PENDING,PENDING_12B_EXTERNAL_INGEST,,,,,NOT_YET_CLEARED_PER_MEASUREMENT,,NONE,FUTURE_WITHIN_A1_ORDERING_ONLY,Origin=PHASE6_BASE. Exact surface scaffold reconstructed from audited 572 baseline + v1.10–v1.12 corrections - instrumento + 17 Phase-7C regional additions.,,1.30
FREQ-ATOM-0022,ITEM_SCAFFOLD,allí,ATOMIC_SURFACE_FORM,,,,,MULTI_SOURCE_PENDING,PENDING_12B_EXTERNAL_INGEST,,,,,NOT_YET_CLEARED_PER_MEASUREMENT,,NONE,FUTURE_WITHIN_A1_ORDERING_ONLY,Origin=PHASE6_BASE. Exact surface scaffold reconstructed from audited 572 baseline + v1.10–v1.12 corrections - instrumento + 17 Phase-7C regional additions.,,1.30
FREQ-ATOM-0023,ITEM_SCAFFOLD,alquilar,ATOMIC_SURFACE_FORM,,,,,MULTI_SOURCE_PENDING,PENDING_12B_EXTERNAL_INGEST,,,,,NOT_YET_CLEARED_PER_MEASUREMENT,,NONE,FUTURE_WITHIN_A1_ORDERING_ONLY,Origin=PHASE6_BASE. Exact surface scaffold reconstructed from audited 572 baseline + v1.10–v1.12 corrections - instrumento + 17 Phase-7C regional additions.,,1.30
FREQ-ATOM-0024,ITEM_SCAFFOLD,alto,ATOMIC_SURFACE_FORM,,,,,MULTI_SOURCE_PENDING,PENDING_12B_EXTERNAL_INGEST,,,,,NOT_YET_CLEARED_PER_MEASUREMENT,,NONE,FUTURE_WITHIN_A1_ORDERING_ONLY,Origin=PHASE6_BASE. Exact surface scaffold reconstructed from audited 572 baseline + v1.10–v1.12 corrections - instrumento + 17 Phase-7C regional additions.,,1.30
FREQ-ATOM-0025,ITEM_SCAFFOLD,amarillo,ATOMIC_SURFACE_FORM,,,,,MULTI_SOURCE_PENDING,PENDING_12B_EXTERNAL_INGEST,,,,,NOT_YET_CLEARED_PER_MEASUREMENT,,NONE,FUTURE_WITHIN_A1_ORDERING_ONLY,Origin=PHASE6_BASE. Exact surface scaffold reconstructed from audited 572 baseline + v1.10–v1.12 corrections - instrumento + 17 Phase-7C regional additions.,,1.30
FREQ-ATOM-0026,ITEM_SCAFFOLD,amigo,ATOMIC_SURFACE_FORM,,,,,MULTI_SOURCE_PENDING,PENDING_12B_EXTERNAL_INGEST,,,,,NOT_YET_CLEARED_PER_MEASUREMENT,,NONE,FUTURE_WITHIN_A1_ORDERING_ONLY,Origin=PHASE6_BASE. Exact surface scaffold reconstructed from audited 572 baseline + v1.10–v1.12 corrections - instrumento + 17 Phase-7C regional additions.,,1.30
FREQ-ATOM-0027,ITEM_SCAFFOLD,andar,ATOMIC_SURFACE_FORM,,,,,MULTI_SOURCE_PENDING,PENDING_12B_EXTERNAL_INGEST,,,,,NOT_YET_CLEARED_PER_MEASUREMENT,,NONE,FUTURE_WITHIN_A1_ORDERING_ONLY,Origin=PHASE6_BASE. Exact surface scaffold reconstructed from audited 572 baseline + v1.10–v1.12 corrections - instrumento + 17 Phase-7C regional additions.,,1.30
FREQ-ATOM-0028,ITEM_SCAFFOLD,animal,ATOMIC_SURFACE_FORM,,,,,MULTI_SOURCE_PENDING,PENDING_12B_EXTERNAL_INGEST,,,,,NOT_YET_CLEARED_PER_MEASUREMENT,,NONE,FUTURE_WITHIN_A1_ORDERING_ONLY,Origin=PHASE6_BASE. Exact surface scaffold reconstructed from audited 572 baseline + v1.10–v1.12 corrections - instrumento + 17 Phase-7C regional additions.,,1.30
FREQ-ATOM-0029,ITEM_SCAFFOLD,anteojos,ATOMIC_SURFACE_FORM,,,,,MULTI_SOURCE_PENDING,PENDING_12B_EXTERNAL_INGEST,,,,,NOT_YET_CLEARED_PER_MEASUREMENT,,NONE,FUTURE_WITHIN_A1_ORDERING_ONLY,Origin=7C_REGIONAL_ADDITION. Exact surface scaffold reconstructed from audited 572 baseline + v1.10–v1.12 corrections - instrumento + 17 Phase-7C regional additions.,,1.30
FREQ-ATOM-0030,ITEM_SCAFFOLD,antes,ATOMIC_SURFACE_FORM,,,,,MULTI_SOURCE_PENDING,PENDING_12B_EXTERNAL_INGEST,,,,,NOT_YET_CLEARED_PER_MEASUREMENT,,NONE,FUTURE_WITHIN_A1_ORDERING_ONLY,Origin=PHASE6_BASE. Exact surface scaffold reconstructed from audited 572 baseline + v1.10–v1.12 corrections - instrumento + 17 Phase-7C regional additions.,,1.30
FREQ-ATOM-0031,ITEM_SCAFFOLD,antipático,ATOMIC_SURFACE_FORM,,,,,MULTI_SOURCE_PENDING,PENDING_12B_EXTERNAL_INGEST,,,,,NOT_YET_CLEARED_PER_MEASUREMENT,,NONE,FUTURE_WITHIN_A1_ORDERING_ONLY,Origin=PHASE6_BASE. Exact surface scaffold reconstructed from audited 572 baseline + v1.10–v1.12 corrections - instrumento + 17 Phase-7C regional additions.,,1.30
FREQ-ATOM-0032,ITEM_SCAFFOLD,aparcamiento,ATOMIC_SURFACE_FORM,,,,,MULTI_SOURCE_PENDING,PENDING_12B_EXTERNAL_INGEST,,,,,NOT_YET_CLEARED_PER_MEASUREMENT,,NONE,FUTURE_WITHIN_A1_ORDERING_ONLY,Origin=PHASE6_BASE. Exact surface scaffold reconstructed from audited 572 baseline + v1.10–v1.12 corrections - instrumento + 17 Phase-7C regional additions.,,1.30
FREQ-ATOM-0033,ITEM_SCAFFOLD,apartamento,ATOMIC_SURFACE_FORM,,,,,MULTI_SOURCE_PENDING,PENDING_12B_EXTERNAL_INGEST,,,,,NOT_YET_CLEARED_PER_MEASUREMENT,,NONE,FUTURE_WITHIN_A1_ORDERING_ONLY,Origin=PHASE6_BASE. Exact surface scaffold reconstructed from audited 572 baseline + v1.10–v1.12 corrections - instrumento + 17 Phase-7C regional additions.,,1.30
FREQ-ATOM-0034,ITEM_SCAFFOLD,apellido,ATOMIC_SURFACE_FORM,,,,,MULTI_SOURCE_PENDING,PENDING_12B_EXTERNAL_INGEST,,,,,NOT_YET_CLEARED_PER_MEASUREMENT,,NONE,FUTURE_WITHIN_A1_ORDERING_ONLY,Origin=PHASE6_BASE. Exact surface scaffold reconstructed from audited 572 baseline + v1.10–v1.12 corrections - instrumento + 17 Phase-7C regional additions.,,1.30
FREQ-ATOM-0035,ITEM_SCAFFOLD,aprender,ATOMIC_SURFACE_FORM,,,,,MULTI_SOURCE_PENDING,PENDING_12B_EXTERNAL_INGEST,,,,,NOT_YET_CLEARED_PER_MEASUREMENT,,NONE,FUTURE_WITHIN_A1_ORDERING_ONLY,Origin=PHASE6_BASE. Exact surface scaffold reconstructed from audited 572 baseline + v1.10–v1.12 corrections - instrumento + 17 Phase-7C regional additions.,,1.30
FREQ-ATOM-0036,ITEM_SCAFFOLD,aquel,ATOMIC_SURFACE_FORM,,,,,MULTI_SOURCE_PENDING,PENDING_12B_EXTERNAL_INGEST,,,,,NOT_YET_CLEARED_PER_MEASUREMENT,,NONE,FUTURE_WITHIN_A1_ORDERING_ONLY,Origin=PHASE6_BASE. Exact surface scaffold reconstructed from audited 572 baseline + v1.10–v1.12 corrections - instrumento + 17 Phase-7C regional additions.,,1.30
FREQ-ATOM-0037,ITEM_SCAFFOLD,aquella,ATOMIC_SURFACE_FORM,,,,,MULTI_SOURCE_PENDING,PENDING_12B_EXTERNAL_INGEST,,,,,NOT_YET_CLEARED_PER_MEASUREMENT,,NONE,FUTURE_WITHIN_A1_ORDERING_ONLY,Origin=PHASE6_BASE. Exact surface scaffold reconstructed from audited 572 baseline + v1.10–v1.12 corrections - instrumento + 17 Phase-7C regional additions.,,1.30
FREQ-ATOM-0038,ITEM_SCAFFOLD,aquellas,ATOMIC_SURFACE_FORM,,,,,MULTI_SOURCE_PENDING,PENDING_12B_EXTERNAL_INGEST,,,,,NOT_YET_CLEARED_PER_MEASUREMENT,,NONE,FUTURE_WITHIN_A1_ORDERING_ONLY,Origin=PHASE6_BASE. Exact surface scaffold reconstructed from audited 572 baseline + v1.10–v1.12 corrections - instrumento + 17 Phase-7C regional additions.,,1.30
FREQ-ATOM-0039,ITEM_SCAFFOLD,aquello,ATOMIC_SURFACE_FORM,,,,,MULTI_SOURCE_PENDING,PENDING_12B_EXTERNAL_INGEST,,,,,NOT_YET_CLEARED_PER_MEASUREMENT,,NONE,FUTURE_WITHIN_A1_ORDERING_ONLY,Origin=PHASE6_BASE. Exact surface scaffold reconstructed from audited 572 baseline + v1.10–v1.12 corrections - instrumento + 17 Phase-7C regional additions.,,1.30
FREQ-ATOM-0040,ITEM_SCAFFOLD,aquellos,ATOMIC_SURFACE_FORM,,,,,MULTI_SOURCE_PENDING,PENDING_12B_EXTERNAL_INGEST,,,,,NOT_YET_CLEARED_PER_MEASUREMENT,,NONE,FUTURE_WITHIN_A1_ORDERING_ONLY,Origin=PHASE6_BASE. Exact surface scaffold reconstructed from audited 572 baseline + v1.10–v1.12 corrections - instrumento + 17 Phase-7C regional additions.,,1.30
FREQ-ATOM-0041,ITEM_SCAFFOLD,aquí,ATOMIC_SURFACE_FORM,,,,,MULTI_SOURCE_PENDING,PENDING_12B_EXTERNAL_INGEST,,,,,NOT_YET_CLEARED_PER_MEASUREMENT,,NONE,FUTURE_WITHIN_A1_ORDERING_ONLY,Origin=PHASE6_BASE. Exact surface scaffold reconstructed from audited 572 baseline + v1.10–v1.12 corrections - instrumento + 17 Phase-7C regional additions.,,1.30
FREQ-ATOM-0042,ITEM_SCAFFOLD,armario,ATOMIC_SURFACE_FORM,,,,,MULTI_SOURCE_PENDING,PENDING_12B_EXTERNAL_INGEST,,,,,NOT_YET_CLEARED_PER_MEASUREMENT,,NONE,FUTURE_WITHIN_A1_ORDERING_ONLY,Origin=PHASE6_BASE. Exact surface scaffold reconstructed from audited 572 baseline + v1.10–v1.12 corrections - instrumento + 17 Phase-7C regional additions.,,1.30
FREQ-ATOM-0043,ITEM_SCAFFOLD,arroba,ATOMIC_SURFACE_FORM,,,,,MULTI_SOURCE_PENDING,PENDING_12B_EXTERNAL_INGEST,,,,,NOT_YET_CLEARED_PER_MEASUREMENT,,NONE,FUTURE_WITHIN_A1_ORDERING_ONLY,Origin=PHASE6_BASE. Exact surface scaffold reconstructed from audited 572 baseline + v1.10–v1.12 corrections - instrumento + 17 Phase-7C regional additions.,,1.30
FREQ-ATOM-0044,ITEM_SCAFFOLD,ascensor,ATOMIC_SURFACE_FORM,,,,,MULTI_SOURCE_PENDING,PENDING_12B_EXTERNAL_INGEST,,,,,NOT_YET_CLEARED_PER_MEASUREMENT,,NONE,FUTURE_WITHIN_A1_ORDERING_ONLY,Origin=PHASE6_BASE. Exact surface scaffold reconstructed from audited 572 baseline + v1.10–v1.12 corrections - instrumento + 17 Phase-7C regional additions.,,1.30
FREQ-ATOM-0045,ITEM_SCAFFOLD,autobús,ATOMIC_SURFACE_FORM,,,,,MULTI_SOURCE_PENDING,PENDING_12B_EXTERNAL_INGEST,,,,,NOT_YET_CLEARED_PER_MEASUREMENT,,NONE,FUTURE_WITHIN_A1_ORDERING_ONLY,Origin=PHASE6_BASE. Exact surface scaffold reconstructed from audited 572 baseline + v1.10–v1.12 corrections - instrumento + 17 Phase-7C regional additions.,,1.30
FREQ-ATOM-0046,ITEM_SCAFFOLD,avenida,ATOMIC_SURFACE_FORM,,,,,MULTI_SOURCE_PENDING,PENDING_12B_EXTERNAL_INGEST,,,,,NOT_YET_CLEARED_PER_MEASUREMENT,,NONE,FUTURE_WITHIN_A1_ORDERING_ONLY,Origin=PHASE6_BASE. Exact surface scaffold reconstructed from audited 572 baseline + v1.10–v1.12 corrections - instrumento + 17 Phase-7C regional additions.,,1.30
FREQ-ATOM-0047,ITEM_SCAFFOLD,avión,ATOMIC_SURFACE_FORM,,,,,MULTI_SOURCE_PENDING,PENDING_12B_EXTERNAL_INGEST,,,,,NOT_YET_CLEARED_PER_MEASUREMENT,,NONE,FUTURE_WITHIN_A1_ORDERING_ONLY,Origin=PHASE6_BASE. Exact surface scaffold reconstructed from audited 572 baseline + v1.10–v1.12 corrections - instrumento + 17 Phase-7C regional additions.,,1.30
FREQ-ATOM-0048,ITEM_SCAFFOLD,ayer,ATOMIC_SURFACE_FORM,,,,,MULTI_SOURCE_PENDING,PENDING_12B_EXTERNAL_INGEST,,,,,NOT_YET_CLEARED_PER_MEASUREMENT,,NONE,FUTURE_WITHIN_A1_ORDERING_ONLY,Origin=PHASE6_BASE. Exact surface scaffold reconstructed from audited 572 baseline + v1.10–v1.12 corrections - instrumento + 17 Phase-7C regional additions.,,1.30
FREQ-ATOM-0049,ITEM_SCAFFOLD,azul,ATOMIC_SURFACE_FORM,,,,,MULTI_SOURCE_PENDING,PENDING_12B_EXTERNAL_INGEST,,,,,NOT_YET_CLEARED_PER_MEASUREMENT,,NONE,FUTURE_WITHIN_A1_ORDERING_ONLY,Origin=PHASE6_BASE. Exact surface scaffold reconstructed from audited 572 baseline + v1.10–v1.12 corrections - instrumento + 17 Phase-7C regional additions.,,1.30
FREQ-ATOM-0050,ITEM_SCAFFOLD,año,ATOMIC_SURFACE_FORM,,,,,MULTI_SOURCE_PENDING,PENDING_12B_EXTERNAL_INGEST,,,,,NOT_YET_CLEARED_PER_MEASUREMENT,,NONE,FUTURE_WITHIN_A1_ORDERING_ONLY,Origin=PHASE6_BASE. Exact surface scaffold reconstructed from audited 572 baseline + v1.10–v1.12 corrections - instrumento + 17 Phase-7C regional additions.,,1.30
FREQ-ATOM-0051,ITEM_SCAFFOLD,años,ATOMIC_SURFACE_FORM,,,,,MULTI_SOURCE_PENDING,PENDING_12B_EXTERNAL_INGEST,,,,,NOT_YET_CLEARED_PER_MEASUREMENT,,NONE,FUTURE_WITHIN_A1_ORDERING_ONLY,Origin=7B_SURFACE_CORRECTION. Exact surface scaffold reconstructed from audited 572 baseline + v1.10–v1.12 corrections - instrumento + 17 Phase-7C regional additions.,,1.30
FREQ-ATOM-0052,ITEM_SCAFFOLD,bailar,ATOMIC_SURFACE_FORM,,,,,MULTI_SOURCE_PENDING,PENDING_12B_EXTERNAL_INGEST,,,,,NOT_YET_CLEARED_PER_MEASUREMENT,,NONE,FUTURE_WITHIN_A1_ORDERING_ONLY,Origin=PHASE6_BASE. Exact surface scaffold reconstructed from audited 572 baseline + v1.10–v1.12 corrections - instrumento + 17 Phase-7C regional additions.,,1.30
FREQ-ATOM-0053,ITEM_SCAFFOLD,bajo,ATOMIC_SURFACE_FORM,,,,,MULTI_SOURCE_PENDING,PENDING_12B_EXTERNAL_INGEST,,,,,NOT_YET_CLEARED_PER_MEASUREMENT,,NONE,FUTURE_WITHIN_A1_ORDERING_ONLY,Origin=PHASE6_BASE. Exact surface scaffold reconstructed from audited 572 baseline + v1.10–v1.12 corrections - instrumento + 17 Phase-7C regional additions.,,1.30
FREQ-ATOM-0054,ITEM_SCAFFOLD,baloncesto,ATOMIC_SURFACE_FORM,,,,,MULTI_SOURCE_PENDING,PENDING_12B_EXTERNAL_INGEST,,,,,NOT_YET_CLEARED_PER_MEASUREMENT,,NONE,FUTURE_WITHIN_A1_ORDERING_ONLY,Origin=PHASE6_BASE. Exact surface scaffold reconstructed from audited 572 baseline + v1.10–v1.12 corrections - instrumento + 17 Phase-7C regional additions.,,1.30
FREQ-ATOM-0055,ITEM_SCAFFOLD,banco,ATOMIC_SURFACE_FORM,,,,,MULTI_SOURCE_PENDING,PENDING_12B_EXTERNAL_INGEST,,,,,NOT_YET_CLEARED_PER_MEASUREMENT,,NONE,FUTURE_WITHIN_A1_ORDERING_ONLY,Origin=PHASE6_BASE. Exact surface scaffold reconstructed from audited 572 baseline + v1.10–v1.12 corrections - instrumento + 17 Phase-7C regional additions.,,1.30
FREQ-ATOM-0056,ITEM_SCAFFOLD,bar,ATOMIC_SURFACE_FORM,,,,,MULTI_SOURCE_PENDING,PENDING_12B_EXTERNAL_INGEST,,,,,NOT_YET_CLEARED_PER_MEASUREMENT,,NONE,FUTURE_WITHIN_A1_ORDERING_ONLY,Origin=PHASE6_BASE. Exact surface scaffold reconstructed from audited 572 baseline + v1.10–v1.12 corrections - instrumento + 17 Phase-7C regional additions.,,1.30
FREQ-ATOM-0057,ITEM_SCAFFOLD,barato,ATOMIC_SURFACE_FORM,,,,,MULTI_SOURCE_PENDING,PENDING_12B_EXTERNAL_INGEST,,,,,NOT_YET_CLEARED_PER_MEASUREMENT,,NONE,FUTURE_WITHIN_A1_ORDERING_ONLY,Origin=PHASE6_BASE. Exact surface scaffold reconstructed from audited 572 baseline + v1.10–v1.12 corrections - instrumento + 17 Phase-7C regional additions.,,1.30
FREQ-ATOM-0058,ITEM_SCAFFOLD,barba,ATOMIC_SURFACE_FORM,,,,,MULTI_SOURCE_PENDING,PENDING_12B_EXTERNAL_INGEST,,,,,NOT_YET_CLEARED_PER_MEASUREMENT,,NONE,FUTURE_WITHIN_A1_ORDERING_ONLY,Origin=PHASE6_BASE. Exact surface scaffold reconstructed from audited 572 baseline + v1.10–v1.12 corrections - instrumento + 17 Phase-7C regional additions.,,1.30
FREQ-ATOM-0059,ITEM_SCAFFOLD,barco,ATOMIC_SURFACE_FORM,,,,,MULTI_SOURCE_PENDING,PENDING_12B_EXTERNAL_INGEST,,,,,NOT_YET_CLEARED_PER_MEASUREMENT,,NONE,FUTURE_WITHIN_A1_ORDERING_ONLY,Origin=PHASE6_BASE. Exact surface scaffold reconstructed from audited 572 baseline + v1.10–v1.12 corrections - instrumento + 17 Phase-7C regional additions.,,1.30
FREQ-ATOM-0060,ITEM_SCAFFOLD,bastante,ATOMIC_SURFACE_FORM,,,,,MULTI_SOURCE_PENDING,PENDING_12B_EXTERNAL_INGEST,,,,,NOT_YET_CLEARED_PER_MEASUREMENT,,NONE,FUTURE_WITHIN_A1_ORDERING_ONLY,Origin=PHASE6_BASE. Exact surface scaffold reconstructed from audited 572 baseline + v1.10–v1.12 corrections - instrumento + 17 Phase-7C regional additions.,,1.30
FREQ-ATOM-0061,ITEM_SCAFFOLD,bañarse,ATOMIC_SURFACE_FORM,,,,,MULTI_SOURCE_PENDING,PENDING_12B_EXTERNAL_INGEST,,,,,NOT_YET_CLEARED_PER_MEASUREMENT,,NONE,FUTURE_WITHIN_A1_ORDERING_ONLY,Origin=PHASE6_BASE. Exact surface scaffold reconstructed from audited 572 baseline + v1.10–v1.12 corrections - instrumento + 17 Phase-7C regional additions.,,1.30
FREQ-ATOM-0062,ITEM_SCAFFOLD,baño,ATOMIC_SURFACE_FORM,,,,,MULTI_SOURCE_PENDING,PENDING_12B_EXTERNAL_INGEST,,,,,NOT_YET_CLEARED_PER_MEASUREMENT,,NONE,FUTURE_WITHIN_A1_ORDERING_ONLY,Origin=PHASE6_BASE. Exact surface scaffold reconstructed from audited 572 baseline + v1.10–v1.12 corrections - instrumento + 17 Phase-7C regional additions.,,1.30
FREQ-ATOM-0063,ITEM_SCAFFOLD,beber,ATOMIC_SURFACE_FORM,,,,,MULTI_SOURCE_PENDING,PENDING_12B_EXTERNAL_INGEST,,,,,NOT_YET_CLEARED_PER_MEASUREMENT,,NONE,FUTURE_WITHIN_A1_ORDERING_ONLY,Origin=PHASE6_BASE. Exact surface scaffold reconstructed from audited 572 baseline + v1.10–v1.12 corrections - instrumento + 17 Phase-7C regional additions.,,1.30
FREQ-ATOM-0064,ITEM_SCAFFOLD,biblioteca,ATOMIC_SURFACE_FORM,,,,,MULTI_SOURCE_PENDING,PENDING_12B_EXTERNAL_INGEST,,,,,NOT_YET_CLEARED_PER_MEASUREMENT,,NONE,FUTURE_WITHIN_A1_ORDERING_ONLY,Origin=PHASE6_BASE. Exact surface scaffold reconstructed from audited 572 baseline + v1.10–v1.12 corrections - instrumento + 17 Phase-7C regional additions.,,1.30
FREQ-ATOM-0065,ITEM_SCAFFOLD,bien,ATOMIC_SURFACE_FORM,,,,,MULTI_SOURCE_PENDING,PENDING_12B_EXTERNAL_INGEST,,,,,NOT_YET_CLEARED_PER_MEASUREMENT,,NONE,FUTURE_WITHIN_A1_ORDERING_ONLY,Origin=PHASE6_BASE. Exact surface scaffold reconstructed from audited 572 baseline + v1.10–v1.12 corrections - instrumento + 17 Phase-7C regional additions.,,1.30
FREQ-ATOM-0066,ITEM_SCAFFOLD,bigote,ATOMIC_SURFACE_FORM,,,,,MULTI_SOURCE_PENDING,PENDING_12B_EXTERNAL_INGEST,,,,,NOT_YET_CLEARED_PER_MEASUREMENT,,NONE,FUTURE_WITHIN_A1_ORDERING_ONLY,Origin=PHASE6_BASE. Exact surface scaffold reconstructed from audited 572 baseline + v1.10–v1.12 corrections - instrumento + 17 Phase-7C regional additions.,,1.30
FREQ-ATOM-0067,ITEM_SCAFFOLD,billete,ATOMIC_SURFACE_FORM,,,,,MULTI_SOURCE_PENDING,PENDING_12B_EXTERNAL_INGEST,,,,,NOT_YET_CLEARED_PER_MEASUREMENT,,NONE,FUTURE_WITHIN_A1_ORDERING_ONLY,Origin=PHASE6_BASE. Exact surface scaffold reconstructed from audited 572 baseline + v1.10–v1.12 corrections - instrumento + 17 Phase-7C regional additions.,,1.30
FREQ-ATOM-0068,ITEM_SCAFFOLD,blanco,ATOMIC_SURFACE_FORM,,,,,MULTI_SOURCE_PENDING,PENDING_12B_EXTERNAL_INGEST,,,,,NOT_YET_CLEARED_PER_MEASUREMENT,,NONE,FUTURE_WITHIN_A1_ORDERING_ONLY,Origin=PHASE6_BASE. Exact surface scaffold reconstructed from audited 572 baseline + v1.10–v1.12 corrections - instrumento + 17 Phase-7C regional additions.,,1.30
FREQ-ATOM-0069,ITEM_SCAFFOLD,bocadillo,ATOMIC_SURFACE_FORM,,,,,MULTI_SOURCE_PENDING,PENDING_12B_EXTERNAL_INGEST,,,,,NOT_YET_CLEARED_PER_MEASUREMENT,,NONE,FUTURE_WITHIN_A1_ORDERING_ONLY,Origin=PHASE6_BASE. Exact surface scaffold reconstructed from audited 572 baseline + v1.10–v1.12 corrections - instrumento + 17 Phase-7C regional additions.,,1.30
FREQ-ATOM-0070,ITEM_SCAFFOLD,boleto,ATOMIC_SURFACE_FORM,,,,,MULTI_SOURCE_PENDING,PENDING_12B_EXTERNAL_INGEST,,,,,NOT_YET_CLEARED_PER_MEASUREMENT,,NONE,FUTURE_WITHIN_A1_ORDERING_ONLY,Origin=7C_REGIONAL_ADDITION. Exact surface scaffold reconstructed from audited 572 baseline + v1.10–v1.12 corrections - instrumento + 17 Phase-7C regional additions.,,1.30
FREQ-ATOM-0071,ITEM_SCAFFOLD,bolso,ATOMIC_SURFACE_FORM,,,,,MULTI_SOURCE_PENDING,PENDING_12B_EXTERNAL_INGEST,,,,,NOT_YET_CLEARED_PER_MEASUREMENT,,NONE,FUTURE_WITHIN_A1_ORDERING_ONLY,Origin=PHASE6_BASE. Exact surface scaffold reconstructed from audited 572 baseline + v1.10–v1.12 corrections - instrumento + 17 Phase-7C regional additions.,,1.30
FREQ-ATOM-0072,ITEM_SCAFFOLD,bolígrafo,ATOMIC_SURFACE_FORM,,,,,MULTI_SOURCE_PENDING,PENDING_12B_EXTERNAL_INGEST,,,,,NOT_YET_CLEARED_PER_MEASUREMENT,,NONE,FUTURE_WITHIN_A1_ORDERING_ONLY,Origin=PHASE6_BASE. Exact surface scaffold reconstructed from audited 572 baseline + v1.10–v1.12 corrections - instrumento + 17 Phase-7C regional additions.,,1.30
FREQ-ATOM-0073,ITEM_SCAFFOLD,bombero,ATOMIC_SURFACE_FORM,,,,,MULTI_SOURCE_PENDING,PENDING_12B_EXTERNAL_INGEST,,,,,NOT_YET_CLEARED_PER_MEASUREMENT,,NONE,FUTURE_WITHIN_A1_ORDERING_ONLY,Origin=PHASE6_BASE. Exact surface scaffold reconstructed from audited 572 baseline + v1.10–v1.12 corrections - instrumento + 17 Phase-7C regional additions.,,1.30
FREQ-ATOM-0074,ITEM_SCAFFOLD,bonito,ATOMIC_SURFACE_FORM,,,,,MULTI_SOURCE_PENDING,PENDING_12B_EXTERNAL_INGEST,,,,,NOT_YET_CLEARED_PER_MEASUREMENT,,NONE,FUTURE_WITHIN_A1_ORDERING_ONLY,Origin=PHASE6_BASE. Exact surface scaffold reconstructed from audited 572 baseline + v1.10–v1.12 corrections - instrumento + 17 Phase-7C regional additions.,,1.30
FREQ-ATOM-0075,ITEM_SCAFFOLD,budista,ATOMIC_SURFACE_FORM,,,,,MULTI_SOURCE_PENDING,PENDING_12B_EXTERNAL_INGEST,,,,,NOT_YET_CLEARED_PER_MEASUREMENT,,NONE,FUTURE_WITHIN_A1_ORDERING_ONLY,Origin=PHASE6_BASE. Exact surface scaffold reconstructed from audited 572 baseline + v1.10–v1.12 corrections - instrumento + 17 Phase-7C regional additions.,,1.30
FREQ-ATOM-0076,ITEM_SCAFFOLD,bueno,ATOMIC_SURFACE_FORM,,,,,MULTI_SOURCE_PENDING,PENDING_12B_EXTERNAL_INGEST,,,,,NOT_YET_CLEARED_PER_MEASUREMENT,,NONE,FUTURE_WITHIN_A1_ORDERING_ONLY,Origin=PHASE6_BASE. Exact surface scaffold reconstructed from audited 572 baseline + v1.10–v1.12 corrections - instrumento + 17 Phase-7C regional additions.,,1.30
FREQ-ATOM-0077,ITEM_SCAFFOLD,café,ATOMIC_SURFACE_FORM,,,,,MULTI_SOURCE_PENDING,PENDING_12B_EXTERNAL_INGEST,,,,,NOT_YET_CLEARED_PER_MEASUREMENT,,NONE,FUTURE_WITHIN_A1_ORDERING_ONLY,Origin=PHASE6_BASE. Exact surface scaffold reconstructed from audited 572 baseline + v1.10–v1.12 corrections - instrumento + 17 Phase-7C regional additions.,,1.30
FREQ-ATOM-0078,ITEM_SCAFFOLD,calefacción,ATOMIC_SURFACE_FORM,,,,,MULTI_SOURCE_PENDING,PENDING_12B_EXTERNAL_INGEST,,,,,NOT_YET_CLEARED_PER_MEASUREMENT,,NONE,FUTURE_WITHIN_A1_ORDERING_ONLY,Origin=PHASE6_BASE. Exact surface scaffold reconstructed from audited 572 baseline + v1.10–v1.12 corrections - instrumento + 17 Phase-7C regional additions.,,1.30
FREQ-ATOM-0079,ITEM_SCAFFOLD,caliente,ATOMIC_SURFACE_FORM,,,,,MULTI_SOURCE_PENDING,PENDING_12B_EXTERNAL_INGEST,,,,,NOT_YET_CLEARED_PER_MEASUREMENT,,NONE,FUTURE_WITHIN_A1_ORDERING_ONLY,Origin=PHASE6_BASE. Exact surface scaffold reconstructed from audited 572 baseline + v1.10–v1.12 corrections - instrumento + 17 Phase-7C regional additions.,,1.30
FREQ-ATOM-0080,ITEM_SCAFFOLD,calle,ATOMIC_SURFACE_FORM,,,,,MULTI_SOURCE_PENDING,PENDING_12B_EXTERNAL_INGEST,,,,,NOT_YET_CLEARED_PER_MEASUREMENT,,NONE,FUTURE_WITHIN_A1_ORDERING_ONLY,Origin=PHASE6_BASE. Exact surface scaffold reconstructed from audited 572 baseline + v1.10–v1.12 corrections - instrumento + 17 Phase-7C regional additions.,,1.30
FREQ-ATOM-0081,ITEM_SCAFFOLD,calor,ATOMIC_SURFACE_FORM,,,,,MULTI_SOURCE_PENDING,PENDING_12B_EXTERNAL_INGEST,,,,,NOT_YET_CLEARED_PER_MEASUREMENT,,NONE,FUTURE_WITHIN_A1_ORDERING_ONLY,Origin=PHASE6_BASE. Exact surface scaffold reconstructed from audited 572 baseline + v1.10–v1.12 corrections - instrumento + 17 Phase-7C regional additions.,,1.30
FREQ-ATOM-0082,ITEM_SCAFFOLD,cama,ATOMIC_SURFACE_FORM,,,,,MULTI_SOURCE_PENDING,PENDING_12B_EXTERNAL_INGEST,,,,,NOT_YET_CLEARED_PER_MEASUREMENT,,NONE,FUTURE_WITHIN_A1_ORDERING_ONLY,Origin=PHASE6_BASE. Exact surface scaffold reconstructed from audited 572 baseline + v1.10–v1.12 corrections - instrumento + 17 Phase-7C regional additions.,,1.30
FREQ-ATOM-0083,ITEM_SCAFFOLD,camarero,ATOMIC_SURFACE_FORM,,,,,MULTI_SOURCE_PENDING,PENDING_12B_EXTERNAL_INGEST,,,,,NOT_YET_CLEARED_PER_MEASUREMENT,,NONE,FUTURE_WITHIN_A1_ORDERING_ONLY,Origin=PHASE6_BASE. Exact surface scaffold reconstructed from audited 572 baseline + v1.10–v1.12 corrections - instrumento + 17 Phase-7C regional additions.,,1.30
FREQ-ATOM-0084,ITEM_SCAFFOLD,cambiar,ATOMIC_SURFACE_FORM,,,,,MULTI_SOURCE_PENDING,PENDING_12B_EXTERNAL_INGEST,,,,,NOT_YET_CLEARED_PER_MEASUREMENT,,NONE,FUTURE_WITHIN_A1_ORDERING_ONLY,Origin=PHASE6_BASE. Exact surface scaffold reconstructed from audited 572 baseline + v1.10–v1.12 corrections - instrumento + 17 Phase-7C regional additions.,,1.30
FREQ-ATOM-0085,ITEM_SCAFFOLD,camisa,ATOMIC_SURFACE_FORM,,,,,MULTI_SOURCE_PENDING,PENDING_12B_EXTERNAL_INGEST,,,,,NOT_YET_CLEARED_PER_MEASUREMENT,,NONE,FUTURE_WITHIN_A1_ORDERING_ONLY,Origin=PHASE6_BASE. Exact surface scaffold reconstructed from audited 572 baseline + v1.10–v1.12 corrections - instrumento + 17 Phase-7C regional additions.,,1.30
FREQ-ATOM-0086,ITEM_SCAFFOLD,campin,ATOMIC_SURFACE_FORM,,,,,MULTI_SOURCE_PENDING,PENDING_12B_EXTERNAL_INGEST,,,,,NOT_YET_CLEARED_PER_MEASUREMENT,,NONE,FUTURE_WITHIN_A1_ORDERING_ONLY,Origin=PHASE6_BASE. Exact surface scaffold reconstructed from audited 572 baseline + v1.10–v1.12 corrections - instrumento + 17 Phase-7C regional additions.,,1.30
FREQ-ATOM-0087,ITEM_SCAFFOLD,campo,ATOMIC_SURFACE_FORM,,,,,MULTI_SOURCE_PENDING,PENDING_12B_EXTERNAL_INGEST,,,,,NOT_YET_CLEARED_PER_MEASUREMENT,,NONE,FUTURE_WITHIN_A1_ORDERING_ONLY,Origin=PHASE6_BASE. Exact surface scaffold reconstructed from audited 572 baseline + v1.10–v1.12 corrections - instrumento + 17 Phase-7C regional additions.,,1.30
FREQ-ATOM-0088,ITEM_SCAFFOLD,canción,ATOMIC_SURFACE_FORM,,,,,MULTI_SOURCE_PENDING,PENDING_12B_EXTERNAL_INGEST,,,,,NOT_YET_CLEARED_PER_MEASUREMENT,,NONE,FUTURE_WITHIN_A1_ORDERING_ONLY,Origin=PHASE6_BASE. Exact surface scaffold reconstructed from audited 572 baseline + v1.10–v1.12 corrections - instrumento + 17 Phase-7C regional additions.,,1.30
FREQ-ATOM-0089,ITEM_SCAFFOLD,cantante,ATOMIC_SURFACE_FORM,,,,,MULTI_SOURCE_PENDING,PENDING_12B_EXTERNAL_INGEST,,,,,NOT_YET_CLEARED_PER_MEASUREMENT,,NONE,FUTURE_WITHIN_A1_ORDERING_ONLY,Origin=PHASE6_BASE. Exact surface scaffold reconstructed from audited 572 baseline + v1.10–v1.12 corrections - instrumento + 17 Phase-7C regional additions.,,1.30
FREQ-ATOM-0090,ITEM_SCAFFOLD,cantar,ATOMIC_SURFACE_FORM,,,,,MULTI_SOURCE_PENDING,PENDING_12B_EXTERNAL_INGEST,,,,,NOT_YET_CLEARED_PER_MEASUREMENT,,NONE,FUTURE_WITHIN_A1_ORDERING_ONLY,Origin=PHASE6_BASE. Exact surface scaffold reconstructed from audited 572 baseline + v1.10–v1.12 corrections - instrumento + 17 Phase-7C regional additions.,,1.30
FREQ-ATOM-0091,ITEM_SCAFFOLD,capital,ATOMIC_SURFACE_FORM,,,,,MULTI_SOURCE_PENDING,PENDING_12B_EXTERNAL_INGEST,,,,,NOT_YET_CLEARED_PER_MEASUREMENT,,NONE,FUTURE_WITHIN_A1_ORDERING_ONLY,Origin=PHASE6_BASE. Exact surface scaffold reconstructed from audited 572 baseline + v1.10–v1.12 corrections - instrumento + 17 Phase-7C regional additions.,,1.30
FREQ-ATOM-0092,ITEM_SCAFFOLD,cara,ATOMIC_SURFACE_FORM,,,,,MULTI_SOURCE_PENDING,PENDING_12B_EXTERNAL_INGEST,,,,,NOT_YET_CLEARED_PER_MEASUREMENT,,NONE,FUTURE_WITHIN_A1_ORDERING_ONLY,Origin=PHASE6_BASE. Exact surface scaffold reconstructed from audited 572 baseline + v1.10–v1.12 corrections - instrumento + 17 Phase-7C regional additions.,,1.30
FREQ-ATOM-0093,ITEM_SCAFFOLD,carne,ATOMIC_SURFACE_FORM,,,,,MULTI_SOURCE_PENDING,PENDING_12B_EXTERNAL_INGEST,,,,,NOT_YET_CLEARED_PER_MEASUREMENT,,NONE,FUTURE_WITHIN_A1_ORDERING_ONLY,Origin=PHASE6_BASE. Exact surface scaffold reconstructed from audited 572 baseline + v1.10–v1.12 corrections - instrumento + 17 Phase-7C regional additions.,,1.30
FREQ-ATOM-0094,ITEM_SCAFFOLD,carné,ATOMIC_SURFACE_FORM,,,,,MULTI_SOURCE_PENDING,PENDING_12B_EXTERNAL_INGEST,,,,,NOT_YET_CLEARED_PER_MEASUREMENT,,NONE,FUTURE_WITHIN_A1_ORDERING_ONLY,Origin=PHASE6_BASE. Exact surface scaffold reconstructed from audited 572 baseline + v1.10–v1.12 corrections - instrumento + 17 Phase-7C regional additions.,,1.30
FREQ-ATOM-0095,ITEM_SCAFFOLD,caro,ATOMIC_SURFACE_FORM,,,,,MULTI_SOURCE_PENDING,PENDING_12B_EXTERNAL_INGEST,,,,,NOT_YET_CLEARED_PER_MEASUREMENT,,NONE,FUTURE_WITHIN_A1_ORDERING_ONLY,Origin=PHASE6_BASE. Exact surface scaffold reconstructed from audited 572 baseline + v1.10–v1.12 corrections - instrumento + 17 Phase-7C regional additions.,,1.30
FREQ-ATOM-0096,ITEM_SCAFFOLD,carretera,ATOMIC_SURFACE_FORM,,,,,MULTI_SOURCE_PENDING,PENDING_12B_EXTERNAL_INGEST,,,,,NOT_YET_CLEARED_PER_MEASUREMENT,,NONE,FUTURE_WITHIN_A1_ORDERING_ONLY,Origin=PHASE6_BASE. Exact surface scaffold reconstructed from audited 572 baseline + v1.10–v1.12 corrections - instrumento + 17 Phase-7C regional additions.,,1.30
FREQ-ATOM-0097,ITEM_SCAFFOLD,carro,ATOMIC_SURFACE_FORM,,,,,MULTI_SOURCE_PENDING,PENDING_12B_EXTERNAL_INGEST,,,,,NOT_YET_CLEARED_PER_MEASUREMENT,,NONE,FUTURE_WITHIN_A1_ORDERING_ONLY,Origin=7C_REGIONAL_ADDITION. Exact surface scaffold reconstructed from audited 572 baseline + v1.10–v1.12 corrections - instrumento + 17 Phase-7C regional additions.,,1.30
FREQ-ATOM-0098,ITEM_SCAFFOLD,carta,ATOMIC_SURFACE_FORM,,,,,MULTI_SOURCE_PENDING,PENDING_12B_EXTERNAL_INGEST,,,,,NOT_YET_CLEARED_PER_MEASUREMENT,,NONE,FUTURE_WITHIN_A1_ORDERING_ONLY,Origin=PHASE6_BASE. Exact surface scaffold reconstructed from audited 572 baseline + v1.10–v1.12 corrections - instrumento + 17 Phase-7C regional additions.,,1.30
FREQ-ATOM-0099,ITEM_SCAFFOLD,cartera,ATOMIC_SURFACE_FORM,,,,,MULTI_SOURCE_PENDING,PENDING_12B_EXTERNAL_INGEST,,,,,NOT_YET_CLEARED_PER_MEASUREMENT,,NONE,FUTURE_WITHIN_A1_ORDERING_ONLY,Origin=PHASE6_BASE. Exact surface scaffold reconstructed from audited 572 baseline + v1.10–v1.12 corrections - instrumento + 17 Phase-7C regional additions.,,1.30
FREQ-ATOM-0100,ITEM_SCAFFOLD,casa,ATOMIC_SURFACE_FORM,,,,,MULTI_SOURCE_PENDING,PENDING_12B_EXTERNAL_INGEST,,,,,NOT_YET_CLEARED_PER_MEASUREMENT,,NONE,FUTURE_WITHIN_A1_ORDERING_ONLY,Origin=PHASE6_BASE. Exact surface scaffold reconstructed from audited 572 baseline + v1.10–v1.12 corrections - instrumento + 17 Phase-7C regional additions.,,1.30
FREQ-ATOM-0101,ITEM_SCAFFOLD,casado,ATOMIC_SURFACE_FORM,,,,,MULTI_SOURCE_PENDING,PENDING_12B_EXTERNAL_INGEST,,,,,NOT_YET_CLEARED_PER_MEASUREMENT,,NONE,FUTURE_WITHIN_A1_ORDERING_ONLY,Origin=PHASE6_BASE. Exact surface scaffold reconstructed from audited 572 baseline + v1.10–v1.12 corrections - instrumento + 17 Phase-7C regional additions.,,1.30
FREQ-ATOM-0102,ITEM_SCAFFOLD,catedral,ATOMIC_SURFACE_FORM,,,,,MULTI_SOURCE_PENDING,PENDING_12B_EXTERNAL_INGEST,,,,,NOT_YET_CLEARED_PER_MEASUREMENT,,NONE,FUTURE_WITHIN_A1_ORDERING_ONLY,Origin=PHASE6_BASE. Exact surface scaffold reconstructed from audited 572 baseline + v1.10–v1.12 corrections - instrumento + 17 Phase-7C regional additions.,,1.30
FREQ-ATOM-0103,ITEM_SCAFFOLD,celular,ATOMIC_SURFACE_FORM,,,,,MULTI_SOURCE_PENDING,PENDING_12B_EXTERNAL_INGEST,,,,,NOT_YET_CLEARED_PER_MEASUREMENT,,NONE,FUTURE_WITHIN_A1_ORDERING_ONLY,Origin=7C_REGIONAL_ADDITION. Exact surface scaffold reconstructed from audited 572 baseline + v1.10–v1.12 corrections - instrumento + 17 Phase-7C regional additions.,,1.30
FREQ-ATOM-0104,ITEM_SCAFFOLD,cena,ATOMIC_SURFACE_FORM,,,,,MULTI_SOURCE_PENDING,PENDING_12B_EXTERNAL_INGEST,,,,,NOT_YET_CLEARED_PER_MEASUREMENT,,NONE,FUTURE_WITHIN_A1_ORDERING_ONLY,Origin=PHASE6_BASE. Exact surface scaffold reconstructed from audited 572 baseline + v1.10–v1.12 corrections - instrumento + 17 Phase-7C regional additions.,,1.30
FREQ-ATOM-0105,ITEM_SCAFFOLD,cenar,ATOMIC_SURFACE_FORM,,,,,MULTI_SOURCE_PENDING,PENDING_12B_EXTERNAL_INGEST,,,,,NOT_YET_CLEARED_PER_MEASUREMENT,,NONE,FUTURE_WITHIN_A1_ORDERING_ONLY,Origin=PHASE6_BASE. Exact surface scaffold reconstructed from audited 572 baseline + v1.10–v1.12 corrections - instrumento + 17 Phase-7C regional additions.,,1.30
FREQ-ATOM-0106,ITEM_SCAFFOLD,centavo,ATOMIC_SURFACE_FORM,,,,,MULTI_SOURCE_PENDING,PENDING_12B_EXTERNAL_INGEST,,,,,NOT_YET_CLEARED_PER_MEASUREMENT,,NONE,FUTURE_WITHIN_A1_ORDERING_ONLY,Origin=7C_REGIONAL_ADDITION. Exact surface scaffold reconstructed from audited 572 baseline + v1.10–v1.12 corrections - instrumento + 17 Phase-7C regional additions.,,1.30
FREQ-ATOM-0107,ITEM_SCAFFOLD,central,ATOMIC_SURFACE_FORM,,,,,MULTI_SOURCE_PENDING,PENDING_12B_EXTERNAL_INGEST,,,,,NOT_YET_CLEARED_PER_MEASUREMENT,,NONE,FUTURE_WITHIN_A1_ORDERING_ONLY,Origin=PHASE6_BASE. Exact surface scaffold reconstructed from audited 572 baseline + v1.10–v1.12 corrections - instrumento + 17 Phase-7C regional additions.,,1.30
FREQ-ATOM-0108,ITEM_SCAFFOLD,centro,ATOMIC_SURFACE_FORM,,,,,MULTI_SOURCE_PENDING,PENDING_12B_EXTERNAL_INGEST,,,,,NOT_YET_CLEARED_PER_MEASUREMENT,,NONE,FUTURE_WITHIN_A1_ORDERING_ONLY,Origin=PHASE6_BASE. Exact surface scaffold reconstructed from audited 572 baseline + v1.10–v1.12 corrections - instrumento + 17 Phase-7C regional additions.,,1.30
FREQ-ATOM-0109,ITEM_SCAFFOLD,cerca,ATOMIC_SURFACE_FORM,,,,,MULTI_SOURCE_PENDING,PENDING_12B_EXTERNAL_INGEST,,,,,NOT_YET_CLEARED_PER_MEASUREMENT,,NONE,FUTURE_WITHIN_A1_ORDERING_ONLY,Origin=PHASE6_BASE. Exact surface scaffold reconstructed from audited 572 baseline + v1.10–v1.12 corrections - instrumento + 17 Phase-7C regional additions.,,1.30
FREQ-ATOM-0110,ITEM_SCAFFOLD,cerrado,ATOMIC_SURFACE_FORM,,,,,MULTI_SOURCE_PENDING,PENDING_12B_EXTERNAL_INGEST,,,,,NOT_YET_CLEARED_PER_MEASUREMENT,,NONE,FUTURE_WITHIN_A1_ORDERING_ONLY,Origin=PHASE6_BASE. Exact surface scaffold reconstructed from audited 572 baseline + v1.10–v1.12 corrections - instrumento + 17 Phase-7C regional additions.,,1.30
FREQ-ATOM-0111,ITEM_SCAFFOLD,cerrar,ATOMIC_SURFACE_FORM,,,,,MULTI_SOURCE_PENDING,PENDING_12B_EXTERNAL_INGEST,,,,,NOT_YET_CLEARED_PER_MEASUREMENT,,NONE,FUTURE_WITHIN_A1_ORDERING_ONLY,Origin=PHASE6_BASE. Exact surface scaffold reconstructed from audited 572 baseline + v1.10–v1.12 corrections - instrumento + 17 Phase-7C regional additions.,,1.30
FREQ-ATOM-0112,ITEM_SCAFFOLD,cerveza,ATOMIC_SURFACE_FORM,,,,,MULTI_SOURCE_PENDING,PENDING_12B_EXTERNAL_INGEST,,,,,NOT_YET_CLEARED_PER_MEASUREMENT,,NONE,FUTURE_WITHIN_A1_ORDERING_ONLY,Origin=PHASE6_BASE. Exact surface scaffold reconstructed from audited 572 baseline + v1.10–v1.12 corrections - instrumento + 17 Phase-7C regional additions.,,1.30
FREQ-ATOM-0113,ITEM_SCAFFOLD,chao,ATOMIC_SURFACE_FORM,,,,,MULTI_SOURCE_PENDING,PENDING_12B_EXTERNAL_INGEST,,,,,NOT_YET_CLEARED_PER_MEASUREMENT,,NONE,FUTURE_WITHIN_A1_ORDERING_ONLY,Origin=PHASE6_BASE. Exact surface scaffold reconstructed from audited 572 baseline + v1.10–v1.12 corrections - instrumento + 17 Phase-7C regional additions.,,1.30
FREQ-ATOM-0114,ITEM_SCAFFOLD,chica,ATOMIC_SURFACE_FORM,,,,,MULTI_SOURCE_PENDING,PENDING_12B_EXTERNAL_INGEST,,,,,NOT_YET_CLEARED_PER_MEASUREMENT,,NONE,FUTURE_WITHIN_A1_ORDERING_ONLY,Origin=7B_SURFACE_CORRECTION. Exact surface scaffold reconstructed from audited 572 baseline + v1.10–v1.12 corrections - instrumento + 17 Phase-7C regional additions.,,1.30
FREQ-ATOM-0115,ITEM_SCAFFOLD,chico,ATOMIC_SURFACE_FORM,,,,,MULTI_SOURCE_PENDING,PENDING_12B_EXTERNAL_INGEST,,,,,NOT_YET_CLEARED_PER_MEASUREMENT,,NONE,FUTURE_WITHIN_A1_ORDERING_ONLY,Origin=PHASE6_BASE. Exact surface scaffold reconstructed from audited 572 baseline + v1.10–v1.12 corrections - instrumento + 17 Phase-7C regional additions.,,1.30
FREQ-ATOM-0116,ITEM_SCAFFOLD,chofer,ATOMIC_SURFACE_FORM,,,,,MULTI_SOURCE_PENDING,PENDING_12B_EXTERNAL_INGEST,,,,,NOT_YET_CLEARED_PER_MEASUREMENT,,NONE,FUTURE_WITHIN_A1_ORDERING_ONLY,Origin=7C_REGIONAL_ADDITION. Exact surface scaffold reconstructed from audited 572 baseline + v1.10–v1.12 corrections - instrumento + 17 Phase-7C regional additions.,,1.30
FREQ-ATOM-0117,ITEM_SCAFFOLD,cine,ATOMIC_SURFACE_FORM,,,,,MULTI_SOURCE_PENDING,PENDING_12B_EXTERNAL_INGEST,,,,,NOT_YET_CLEARED_PER_MEASUREMENT,,NONE,FUTURE_WITHIN_A1_ORDERING_ONLY,Origin=PHASE6_BASE. Exact surface scaffold reconstructed from audited 572 baseline + v1.10–v1.12 corrections - instrumento + 17 Phase-7C regional additions.,,1.30
FREQ-ATOM-0118,ITEM_SCAFFOLD,circo,ATOMIC_SURFACE_FORM,,,,,MULTI_SOURCE_PENDING,PENDING_12B_EXTERNAL_INGEST,,,,,NOT_YET_CLEARED_PER_MEASUREMENT,,NONE,FUTURE_WITHIN_A1_ORDERING_ONLY,Origin=PHASE6_BASE. Exact surface scaffold reconstructed from audited 572 baseline + v1.10–v1.12 corrections - instrumento + 17 Phase-7C regional additions.,,1.30
FREQ-ATOM-0119,ITEM_SCAFFOLD,ciudad,ATOMIC_SURFACE_FORM,,,,,MULTI_SOURCE_PENDING,PENDING_12B_EXTERNAL_INGEST,,,,,NOT_YET_CLEARED_PER_MEASUREMENT,,NONE,FUTURE_WITHIN_A1_ORDERING_ONLY,Origin=PHASE6_BASE. Exact surface scaffold reconstructed from audited 572 baseline + v1.10–v1.12 corrections - instrumento + 17 Phase-7C regional additions.,,1.30
FREQ-ATOM-0120,ITEM_SCAFFOLD,claro,ATOMIC_SURFACE_FORM,,,,,MULTI_SOURCE_PENDING,PENDING_12B_EXTERNAL_INGEST,,,,,NOT_YET_CLEARED_PER_MEASUREMENT,,NONE,FUTURE_WITHIN_A1_ORDERING_ONLY,Origin=PHASE6_BASE. Exact surface scaffold reconstructed from audited 572 baseline + v1.10–v1.12 corrections - instrumento + 17 Phase-7C regional additions.,,1.30
FREQ-ATOM-0121,ITEM_SCAFFOLD,clase,ATOMIC_SURFACE_FORM,,,,,MULTI_SOURCE_PENDING,PENDING_12B_EXTERNAL_INGEST,,,,,NOT_YET_CLEARED_PER_MEASUREMENT,,NONE,FUTURE_WITHIN_A1_ORDERING_ONLY,Origin=PHASE6_BASE. Exact surface scaffold reconstructed from audited 572 baseline + v1.10–v1.12 corrections - instrumento + 17 Phase-7C regional additions.,,1.30
FREQ-ATOM-0122,ITEM_SCAFFOLD,coche,ATOMIC_SURFACE_FORM,,,,,MULTI_SOURCE_PENDING,PENDING_12B_EXTERNAL_INGEST,,,,,NOT_YET_CLEARED_PER_MEASUREMENT,,NONE,FUTURE_WITHIN_A1_ORDERING_ONLY,Origin=PHASE6_BASE. Exact surface scaffold reconstructed from audited 572 baseline + v1.10–v1.12 corrections - instrumento + 17 Phase-7C regional additions.,,1.30
FREQ-ATOM-0123,ITEM_SCAFFOLD,cocina,ATOMIC_SURFACE_FORM,,,,,MULTI_SOURCE_PENDING,PENDING_12B_EXTERNAL_INGEST,,,,,NOT_YET_CLEARED_PER_MEASUREMENT,,NONE,FUTURE_WITHIN_A1_ORDERING_ONLY,Origin=PHASE6_BASE. Exact surface scaffold reconstructed from audited 572 baseline + v1.10–v1.12 corrections - instrumento + 17 Phase-7C regional additions.,,1.30
FREQ-ATOM-0124,ITEM_SCAFFOLD,colectivo,ATOMIC_SURFACE_FORM,,,,,MULTI_SOURCE_PENDING,PENDING_12B_EXTERNAL_INGEST,,,,,NOT_YET_CLEARED_PER_MEASUREMENT,,NONE,FUTURE_WITHIN_A1_ORDERING_ONLY,Origin=7C_REGIONAL_ADDITION. Exact surface scaffold reconstructed from audited 572 baseline + v1.10–v1.12 corrections - instrumento + 17 Phase-7C regional additions.,,1.30
FREQ-ATOM-0125,ITEM_SCAFFOLD,colegio,ATOMIC_SURFACE_FORM,,,,,MULTI_SOURCE_PENDING,PENDING_12B_EXTERNAL_INGEST,,,,,NOT_YET_CLEARED_PER_MEASUREMENT,,NONE,FUTURE_WITHIN_A1_ORDERING_ONLY,Origin=PHASE6_BASE. Exact surface scaffold reconstructed from audited 572 baseline + v1.10–v1.12 corrections - instrumento + 17 Phase-7C regional additions.,,1.30
FREQ-ATOM-0126,ITEM_SCAFFOLD,comer,ATOMIC_SURFACE_FORM,,,,,MULTI_SOURCE_PENDING,PENDING_12B_EXTERNAL_INGEST,,,,,NOT_YET_CLEARED_PER_MEASUREMENT,,NONE,FUTURE_WITHIN_A1_ORDERING_ONLY,Origin=PHASE6_BASE. Exact surface scaffold reconstructed from audited 572 baseline + v1.10–v1.12 corrections - instrumento + 17 Phase-7C regional additions.,,1.30
FREQ-ATOM-0127,ITEM_SCAFFOLD,comercial,ATOMIC_SURFACE_FORM,,,,,MULTI_SOURCE_PENDING,PENDING_12B_EXTERNAL_INGEST,,,,,NOT_YET_CLEARED_PER_MEASUREMENT,,NONE,FUTURE_WITHIN_A1_ORDERING_ONLY,Origin=PHASE6_BASE. Exact surface scaffold reconstructed from audited 572 baseline + v1.10–v1.12 corrections - instrumento + 17 Phase-7C regional additions.,,1.30
FREQ-ATOM-0128,ITEM_SCAFFOLD,comida,ATOMIC_SURFACE_FORM,,,,,MULTI_SOURCE_PENDING,PENDING_12B_EXTERNAL_INGEST,,,,,NOT_YET_CLEARED_PER_MEASUREMENT,,NONE,FUTURE_WITHIN_A1_ORDERING_ONLY,Origin=PHASE6_BASE. Exact surface scaffold reconstructed from audited 572 baseline + v1.10–v1.12 corrections - instrumento + 17 Phase-7C regional additions.,,1.30
FREQ-ATOM-0129,ITEM_SCAFFOLD,compañero,ATOMIC_SURFACE_FORM,,,,,MULTI_SOURCE_PENDING,PENDING_12B_EXTERNAL_INGEST,,,,,NOT_YET_CLEARED_PER_MEASUREMENT,,NONE,FUTURE_WITHIN_A1_ORDERING_ONLY,Origin=PHASE6_BASE. Exact surface scaffold reconstructed from audited 572 baseline + v1.10–v1.12 corrections - instrumento + 17 Phase-7C regional additions.,,1.30
FREQ-ATOM-0130,ITEM_SCAFFOLD,comprador,ATOMIC_SURFACE_FORM,,,,,MULTI_SOURCE_PENDING,PENDING_12B_EXTERNAL_INGEST,,,,,NOT_YET_CLEARED_PER_MEASUREMENT,,NONE,FUTURE_WITHIN_A1_ORDERING_ONLY,Origin=PHASE6_BASE. Exact surface scaffold reconstructed from audited 572 baseline + v1.10–v1.12 corrections - instrumento + 17 Phase-7C regional additions.,,1.30
FREQ-ATOM-0131,ITEM_SCAFFOLD,comprar,ATOMIC_SURFACE_FORM,,,,,MULTI_SOURCE_PENDING,PENDING_12B_EXTERNAL_INGEST,,,,,NOT_YET_CLEARED_PER_MEASUREMENT,,NONE,FUTURE_WITHIN_A1_ORDERING_ONLY,Origin=PHASE6_BASE. Exact surface scaffold reconstructed from audited 572 baseline + v1.10–v1.12 corrections - instrumento + 17 Phase-7C regional additions.,,1.30
FREQ-ATOM-0132,ITEM_SCAFFOLD,comprender,ATOMIC_SURFACE_FORM,,,,,MULTI_SOURCE_PENDING,PENDING_12B_EXTERNAL_INGEST,,,,,NOT_YET_CLEARED_PER_MEASUREMENT,,NONE,FUTURE_WITHIN_A1_ORDERING_ONLY,Origin=PHASE6_BASE. Exact surface scaffold reconstructed from audited 572 baseline + v1.10–v1.12 corrections - instrumento + 17 Phase-7C regional additions.,,1.30
FREQ-ATOM-0133,ITEM_SCAFFOLD,computadora,ATOMIC_SURFACE_FORM,,,,,MULTI_SOURCE_PENDING,PENDING_12B_EXTERNAL_INGEST,,,,,NOT_YET_CLEARED_PER_MEASUREMENT,,NONE,FUTURE_WITHIN_A1_ORDERING_ONLY,Origin=7C_REGIONAL_ADDITION. Exact surface scaffold reconstructed from audited 572 baseline + v1.10–v1.12 corrections - instrumento + 17 Phase-7C regional additions.,,1.30
FREQ-ATOM-0134,ITEM_SCAFFOLD,comunicado,ATOMIC_SURFACE_FORM,,,,,MULTI_SOURCE_PENDING,PENDING_12B_EXTERNAL_INGEST,,,,,NOT_YET_CLEARED_PER_MEASUREMENT,,NONE,FUTURE_WITHIN_A1_ORDERING_ONLY,Origin=PHASE6_BASE. Exact surface scaffold reconstructed from audited 572 baseline + v1.10–v1.12 corrections - instrumento + 17 Phase-7C regional additions.,,1.30
FREQ-ATOM-0135,ITEM_SCAFFOLD,con,ATOMIC_SURFACE_FORM,,,,,MULTI_SOURCE_PENDING,PENDING_12B_EXTERNAL_INGEST,,,,,NOT_YET_CLEARED_PER_MEASUREMENT,,NONE,FUTURE_WITHIN_A1_ORDERING_ONLY,Origin=PHASE6_BASE. Exact surface scaffold reconstructed from audited 572 baseline + v1.10–v1.12 corrections - instrumento + 17 Phase-7C regional additions.,,1.30
FREQ-ATOM-0136,ITEM_SCAFFOLD,concierto,ATOMIC_SURFACE_FORM,,,,,MULTI_SOURCE_PENDING,PENDING_12B_EXTERNAL_INGEST,,,,,NOT_YET_CLEARED_PER_MEASUREMENT,,NONE,FUTURE_WITHIN_A1_ORDERING_ONLY,Origin=PHASE6_BASE. Exact surface scaffold reconstructed from audited 572 baseline + v1.10–v1.12 corrections - instrumento + 17 Phase-7C regional additions.,,1.30
FREQ-ATOM-0137,ITEM_SCAFFOLD,conducir,ATOMIC_SURFACE_FORM,,,,,MULTI_SOURCE_PENDING,PENDING_12B_EXTERNAL_INGEST,,,,,NOT_YET_CLEARED_PER_MEASUREMENT,,NONE,FUTURE_WITHIN_A1_ORDERING_ONLY,Origin=PHASE6_BASE. Exact surface scaffold reconstructed from audited 572 baseline + v1.10–v1.12 corrections - instrumento + 17 Phase-7C regional additions.,,1.30
FREQ-ATOM-0138,ITEM_SCAFFOLD,conductor,ATOMIC_SURFACE_FORM,,,,,MULTI_SOURCE_PENDING,PENDING_12B_EXTERNAL_INGEST,,,,,NOT_YET_CLEARED_PER_MEASUREMENT,,NONE,FUTURE_WITHIN_A1_ORDERING_ONLY,Origin=PHASE6_BASE. Exact surface scaffold reconstructed from audited 572 baseline + v1.10–v1.12 corrections - instrumento + 17 Phase-7C regional additions.,,1.30
FREQ-ATOM-0139,ITEM_SCAFFOLD,conocer,ATOMIC_SURFACE_FORM,,,,,MULTI_SOURCE_PENDING,PENDING_12B_EXTERNAL_INGEST,,,,,NOT_YET_CLEARED_PER_MEASUREMENT,,NONE,FUTURE_WITHIN_A1_ORDERING_ONLY,Origin=PHASE6_BASE. Exact surface scaffold reconstructed from audited 572 baseline + v1.10–v1.12 corrections - instrumento + 17 Phase-7C regional additions.,,1.30
FREQ-ATOM-0140,ITEM_SCAFFOLD,correo,ATOMIC_SURFACE_FORM,,,,,MULTI_SOURCE_PENDING,PENDING_12B_EXTERNAL_INGEST,,,,,NOT_YET_CLEARED_PER_MEASUREMENT,,NONE,FUTURE_WITHIN_A1_ORDERING_ONLY,Origin=PHASE6_BASE. Exact surface scaffold reconstructed from audited 572 baseline + v1.10–v1.12 corrections - instrumento + 17 Phase-7C regional additions.,,1.30
FREQ-ATOM-0141,ITEM_SCAFFOLD,correr,ATOMIC_SURFACE_FORM,,,,,MULTI_SOURCE_PENDING,PENDING_12B_EXTERNAL_INGEST,,,,,NOT_YET_CLEARED_PER_MEASUREMENT,,NONE,FUTURE_WITHIN_A1_ORDERING_ONLY,Origin=PHASE6_BASE. Exact surface scaffold reconstructed from audited 572 baseline + v1.10–v1.12 corrections - instrumento + 17 Phase-7C regional additions.,,1.30
FREQ-ATOM-0142,ITEM_SCAFFOLD,corto,ATOMIC_SURFACE_FORM,,,,,MULTI_SOURCE_PENDING,PENDING_12B_EXTERNAL_INGEST,,,,,NOT_YET_CLEARED_PER_MEASUREMENT,,NONE,FUTURE_WITHIN_A1_ORDERING_ONLY,Origin=PHASE6_BASE. Exact surface scaffold reconstructed from audited 572 baseline + v1.10–v1.12 corrections - instrumento + 17 Phase-7C regional additions.,,1.30
FREQ-ATOM-0143,ITEM_SCAFFOLD,costar,ATOMIC_SURFACE_FORM,,,,,MULTI_SOURCE_PENDING,PENDING_12B_EXTERNAL_INGEST,,,,,NOT_YET_CLEARED_PER_MEASUREMENT,,NONE,FUTURE_WITHIN_A1_ORDERING_ONLY,Origin=PHASE6_BASE. Exact surface scaffold reconstructed from audited 572 baseline + v1.10–v1.12 corrections - instrumento + 17 Phase-7C regional additions.,,1.30
FREQ-ATOM-0144,ITEM_SCAFFOLD,creer,ATOMIC_SURFACE_FORM,,,,,MULTI_SOURCE_PENDING,PENDING_12B_EXTERNAL_INGEST,,,,,NOT_YET_CLEARED_PER_MEASUREMENT,,NONE,FUTURE_WITHIN_A1_ORDERING_ONLY,Origin=PHASE6_BASE. Exact surface scaffold reconstructed from audited 572 baseline + v1.10–v1.12 corrections - instrumento + 17 Phase-7C regional additions.,,1.30
FREQ-ATOM-0145,ITEM_SCAFFOLD,cristiano,ATOMIC_SURFACE_FORM,,,,,MULTI_SOURCE_PENDING,PENDING_12B_EXTERNAL_INGEST,,,,,NOT_YET_CLEARED_PER_MEASUREMENT,,NONE,FUTURE_WITHIN_A1_ORDERING_ONLY,Origin=PHASE6_BASE. Exact surface scaffold reconstructed from audited 572 baseline + v1.10–v1.12 corrections - instrumento + 17 Phase-7C regional additions.,,1.30
FREQ-ATOM-0146,ITEM_SCAFFOLD,crédito,ATOMIC_SURFACE_FORM,,,,,MULTI_SOURCE_PENDING,PENDING_12B_EXTERNAL_INGEST,,,,,NOT_YET_CLEARED_PER_MEASUREMENT,,NONE,FUTURE_WITHIN_A1_ORDERING_ONLY,Origin=PHASE6_BASE. Exact surface scaffold reconstructed from audited 572 baseline + v1.10–v1.12 corrections - instrumento + 17 Phase-7C regional additions.,,1.30
FREQ-ATOM-0147,ITEM_SCAFFOLD,cuarta,ATOMIC_SURFACE_FORM,,,,,MULTI_SOURCE_PENDING,PENDING_12B_EXTERNAL_INGEST,,,,,NOT_YET_CLEARED_PER_MEASUREMENT,,NONE,FUTURE_WITHIN_A1_ORDERING_ONLY,Origin=PHASE6_BASE. Exact surface scaffold reconstructed from audited 572 baseline + v1.10–v1.12 corrections - instrumento + 17 Phase-7C regional additions.,,1.30
FREQ-ATOM-0148,ITEM_SCAFFOLD,cuarto,ATOMIC_SURFACE_FORM,,,,,MULTI_SOURCE_PENDING,PENDING_12B_EXTERNAL_INGEST,,,,,NOT_YET_CLEARED_PER_MEASUREMENT,,NONE,FUTURE_WITHIN_A1_ORDERING_ONLY,Origin=PHASE6_BASE. Exact surface scaffold reconstructed from audited 572 baseline + v1.10–v1.12 corrections - instrumento + 17 Phase-7C regional additions.,,1.30
FREQ-ATOM-0149,ITEM_SCAFFOLD,cuenta,ATOMIC_SURFACE_FORM,,,,,MULTI_SOURCE_PENDING,PENDING_12B_EXTERNAL_INGEST,,,,,NOT_YET_CLEARED_PER_MEASUREMENT,,NONE,FUTURE_WITHIN_A1_ORDERING_ONLY,Origin=PHASE6_BASE. Exact surface scaffold reconstructed from audited 572 baseline + v1.10–v1.12 corrections - instrumento + 17 Phase-7C regional additions.,,1.30
FREQ-ATOM-0150,ITEM_SCAFFOLD,cuál,ATOMIC_SURFACE_FORM,,,,,MULTI_SOURCE_PENDING,PENDING_12B_EXTERNAL_INGEST,,,,,NOT_YET_CLEARED_PER_MEASUREMENT,,NONE,FUTURE_WITHIN_A1_ORDERING_ONLY,Origin=PHASE6_BASE. Exact surface scaffold reconstructed from audited 572 baseline + v1.10–v1.12 corrections - instrumento + 17 Phase-7C regional additions.,,1.30
FREQ-ATOM-0151,ITEM_SCAFFOLD,cuándo,ATOMIC_SURFACE_FORM,,,,,MULTI_SOURCE_PENDING,PENDING_12B_EXTERNAL_INGEST,,,,,NOT_YET_CLEARED_PER_MEASUREMENT,,NONE,FUTURE_WITHIN_A1_ORDERING_ONLY,Origin=PHASE6_BASE. Exact surface scaffold reconstructed from audited 572 baseline + v1.10–v1.12 corrections - instrumento + 17 Phase-7C regional additions.,,1.30
FREQ-ATOM-0152,ITEM_SCAFFOLD,cuánta,ATOMIC_SURFACE_FORM,,,,,MULTI_SOURCE_PENDING,PENDING_12B_EXTERNAL_INGEST,,,,,NOT_YET_CLEARED_PER_MEASUREMENT,,NONE,FUTURE_WITHIN_A1_ORDERING_ONLY,Origin=PHASE6_BASE. Exact surface scaffold reconstructed from audited 572 baseline + v1.10–v1.12 corrections - instrumento + 17 Phase-7C regional additions.,,1.30
FREQ-ATOM-0153,ITEM_SCAFFOLD,cuántas,ATOMIC_SURFACE_FORM,,,,,MULTI_SOURCE_PENDING,PENDING_12B_EXTERNAL_INGEST,,,,,NOT_YET_CLEARED_PER_MEASUREMENT,,NONE,FUTURE_WITHIN_A1_ORDERING_ONLY,Origin=PHASE6_BASE. Exact surface scaffold reconstructed from audited 572 baseline + v1.10–v1.12 corrections - instrumento + 17 Phase-7C regional additions.,,1.30
FREQ-ATOM-0154,ITEM_SCAFFOLD,cuánto,ATOMIC_SURFACE_FORM,,,,,MULTI_SOURCE_PENDING,PENDING_12B_EXTERNAL_INGEST,,,,,NOT_YET_CLEARED_PER_MEASUREMENT,,NONE,FUTURE_WITHIN_A1_ORDERING_ONLY,Origin=PHASE6_BASE. Exact surface scaffold reconstructed from audited 572 baseline + v1.10–v1.12 corrections - instrumento + 17 Phase-7C regional additions.,,1.30
FREQ-ATOM-0155,ITEM_SCAFFOLD,cuántos,ATOMIC_SURFACE_FORM,,,,,MULTI_SOURCE_PENDING,PENDING_12B_EXTERNAL_INGEST,,,,,NOT_YET_CLEARED_PER_MEASUREMENT,,NONE,FUTURE_WITHIN_A1_ORDERING_ONLY,Origin=PHASE6_BASE. Exact surface scaffold reconstructed from audited 572 baseline + v1.10–v1.12 corrections - instrumento + 17 Phase-7C regional additions.,,1.30
FREQ-ATOM-0156,ITEM_SCAFFOLD,céntimo,ATOMIC_SURFACE_FORM,,,,,MULTI_SOURCE_PENDING,PENDING_12B_EXTERNAL_INGEST,,,,,NOT_YET_CLEARED_PER_MEASUREMENT,,NONE,FUTURE_WITHIN_A1_ORDERING_ONLY,Origin=PHASE6_BASE. Exact surface scaffold reconstructed from audited 572 baseline + v1.10–v1.12 corrections - instrumento + 17 Phase-7C regional additions.,,1.30
FREQ-ATOM-0157,ITEM_SCAFFOLD,céntrico,ATOMIC_SURFACE_FORM,,,,,MULTI_SOURCE_PENDING,PENDING_12B_EXTERNAL_INGEST,,,,,NOT_YET_CLEARED_PER_MEASUREMENT,,NONE,FUTURE_WITHIN_A1_ORDERING_ONLY,Origin=PHASE6_BASE. Exact surface scaffold reconstructed from audited 572 baseline + v1.10–v1.12 corrections - instrumento + 17 Phase-7C regional additions.,,1.30
FREQ-ATOM-0158,ITEM_SCAFFOLD,código,ATOMIC_SURFACE_FORM,,,,,MULTI_SOURCE_PENDING,PENDING_12B_EXTERNAL_INGEST,,,,,NOT_YET_CLEARED_PER_MEASUREMENT,,NONE,FUTURE_WITHIN_A1_ORDERING_ONLY,Origin=PHASE6_BASE. Exact surface scaffold reconstructed from audited 572 baseline + v1.10–v1.12 corrections - instrumento + 17 Phase-7C regional additions.,,1.30
FREQ-ATOM-0159,ITEM_SCAFFOLD,cómo,ATOMIC_SURFACE_FORM,,,,,MULTI_SOURCE_PENDING,PENDING_12B_EXTERNAL_INGEST,,,,,NOT_YET_CLEARED_PER_MEASUREMENT,,NONE,FUTURE_WITHIN_A1_ORDERING_ONLY,Origin=PHASE6_BASE. Exact surface scaffold reconstructed from audited 572 baseline + v1.10–v1.12 corrections - instrumento + 17 Phase-7C regional additions.,,1.30
FREQ-ATOM-0160,ITEM_SCAFFOLD,de,ATOMIC_SURFACE_FORM,,,,,MULTI_SOURCE_PENDING,PENDING_12B_EXTERNAL_INGEST,,,,,NOT_YET_CLEARED_PER_MEASUREMENT,,NONE,FUTURE_WITHIN_A1_ORDERING_ONLY,Origin=PHASE6_BASE. Exact surface scaffold reconstructed from audited 572 baseline + v1.10–v1.12 corrections - instrumento + 17 Phase-7C regional additions.,,1.30
FREQ-ATOM-0161,ITEM_SCAFFOLD,dedicarse,ATOMIC_SURFACE_FORM,,,,,MULTI_SOURCE_PENDING,PENDING_12B_EXTERNAL_INGEST,,,,,NOT_YET_CLEARED_PER_MEASUREMENT,,NONE,FUTURE_WITHIN_A1_ORDERING_ONLY,Origin=PHASE6_BASE. Exact surface scaffold reconstructed from audited 572 baseline + v1.10–v1.12 corrections - instrumento + 17 Phase-7C regional additions.,,1.30
FREQ-ATOM-0162,ITEM_SCAFFOLD,del,ATOMIC_SURFACE_FORM,,,,,MULTI_SOURCE_PENDING,PENDING_12B_EXTERNAL_INGEST,,,,,NOT_YET_CLEARED_PER_MEASUREMENT,,NONE,FUTURE_WITHIN_A1_ORDERING_ONLY,Origin=PHASE6_BASE. Exact surface scaffold reconstructed from audited 572 baseline + v1.10–v1.12 corrections - instrumento + 17 Phase-7C regional additions.,,1.30
FREQ-ATOM-0163,ITEM_SCAFFOLD,delgado,ATOMIC_SURFACE_FORM,,,,,MULTI_SOURCE_PENDING,PENDING_12B_EXTERNAL_INGEST,,,,,NOT_YET_CLEARED_PER_MEASUREMENT,,NONE,FUTURE_WITHIN_A1_ORDERING_ONLY,Origin=PHASE6_BASE. Exact surface scaffold reconstructed from audited 572 baseline + v1.10–v1.12 corrections - instrumento + 17 Phase-7C regional additions.,,1.30
FREQ-ATOM-0164,ITEM_SCAFFOLD,demasiado,ATOMIC_SURFACE_FORM,,,,,MULTI_SOURCE_PENDING,PENDING_12B_EXTERNAL_INGEST,,,,,NOT_YET_CLEARED_PER_MEASUREMENT,,NONE,FUTURE_WITHIN_A1_ORDERING_ONLY,Origin=7C_REGIONAL_ADDITION. Exact surface scaffold reconstructed from audited 572 baseline + v1.10–v1.12 corrections - instrumento + 17 Phase-7C regional additions.,,1.30
FREQ-ATOM-0165,ITEM_SCAFFOLD,deporte,ATOMIC_SURFACE_FORM,,,,,MULTI_SOURCE_PENDING,PENDING_12B_EXTERNAL_INGEST,,,,,NOT_YET_CLEARED_PER_MEASUREMENT,,NONE,FUTURE_WITHIN_A1_ORDERING_ONLY,Origin=PHASE6_BASE. Exact surface scaffold reconstructed from audited 572 baseline + v1.10–v1.12 corrections - instrumento + 17 Phase-7C regional additions.,,1.30
FREQ-ATOM-0166,ITEM_SCAFFOLD,desayunar,ATOMIC_SURFACE_FORM,,,,,MULTI_SOURCE_PENDING,PENDING_12B_EXTERNAL_INGEST,,,,,NOT_YET_CLEARED_PER_MEASUREMENT,,NONE,FUTURE_WITHIN_A1_ORDERING_ONLY,Origin=PHASE6_BASE. Exact surface scaffold reconstructed from audited 572 baseline + v1.10–v1.12 corrections - instrumento + 17 Phase-7C regional additions.,,1.30
FREQ-ATOM-0167,ITEM_SCAFFOLD,desayuno,ATOMIC_SURFACE_FORM,,,,,MULTI_SOURCE_PENDING,PENDING_12B_EXTERNAL_INGEST,,,,,NOT_YET_CLEARED_PER_MEASUREMENT,,NONE,FUTURE_WITHIN_A1_ORDERING_ONLY,Origin=PHASE6_BASE. Exact surface scaffold reconstructed from audited 572 baseline + v1.10–v1.12 corrections - instrumento + 17 Phase-7C regional additions.,,1.30
FREQ-ATOM-0168,ITEM_SCAFFOLD,despacio,ATOMIC_SURFACE_FORM,,,,,MULTI_SOURCE_PENDING,PENDING_12B_EXTERNAL_INGEST,,,,,NOT_YET_CLEARED_PER_MEASUREMENT,,NONE,FUTURE_WITHIN_A1_ORDERING_ONLY,Origin=PHASE6_BASE. Exact surface scaffold reconstructed from audited 572 baseline + v1.10–v1.12 corrections - instrumento + 17 Phase-7C regional additions.,,1.30
FREQ-ATOM-0169,ITEM_SCAFFOLD,después,ATOMIC_SURFACE_FORM,,,,,MULTI_SOURCE_PENDING,PENDING_12B_EXTERNAL_INGEST,,,,,NOT_YET_CLEARED_PER_MEASUREMENT,,NONE,FUTURE_WITHIN_A1_ORDERING_ONLY,Origin=PHASE6_BASE. Exact surface scaffold reconstructed from audited 572 baseline + v1.10–v1.12 corrections - instrumento + 17 Phase-7C regional additions.,,1.30
FREQ-ATOM-0170,ITEM_SCAFFOLD,diccionario,ATOMIC_SURFACE_FORM,,,,,MULTI_SOURCE_PENDING,PENDING_12B_EXTERNAL_INGEST,,,,,NOT_YET_CLEARED_PER_MEASUREMENT,,NONE,FUTURE_WITHIN_A1_ORDERING_ONLY,Origin=PHASE6_BASE. Exact surface scaffold reconstructed from audited 572 baseline + v1.10–v1.12 corrections - instrumento + 17 Phase-7C regional additions.,,1.30
FREQ-ATOM-0171,ITEM_SCAFFOLD,diente,ATOMIC_SURFACE_FORM,,,,,MULTI_SOURCE_PENDING,PENDING_12B_EXTERNAL_INGEST,,,,,NOT_YET_CLEARED_PER_MEASUREMENT,,NONE,FUTURE_WITHIN_A1_ORDERING_ONLY,Origin=PHASE6_BASE. Exact surface scaffold reconstructed from audited 572 baseline + v1.10–v1.12 corrections - instrumento + 17 Phase-7C regional additions.,,1.30
FREQ-ATOM-0172,ITEM_SCAFFOLD,difícil,ATOMIC_SURFACE_FORM,,,,,MULTI_SOURCE_PENDING,PENDING_12B_EXTERNAL_INGEST,,,,,NOT_YET_CLEARED_PER_MEASUREMENT,,NONE,FUTURE_WITHIN_A1_ORDERING_ONLY,Origin=PHASE6_BASE. Exact surface scaffold reconstructed from audited 572 baseline + v1.10–v1.12 corrections - instrumento + 17 Phase-7C regional additions.,,1.30
FREQ-ATOM-0173,ITEM_SCAFFOLD,dinero,ATOMIC_SURFACE_FORM,,,,,MULTI_SOURCE_PENDING,PENDING_12B_EXTERNAL_INGEST,,,,,NOT_YET_CLEARED_PER_MEASUREMENT,,NONE,FUTURE_WITHIN_A1_ORDERING_ONLY,Origin=PHASE6_BASE. Exact surface scaffold reconstructed from audited 572 baseline + v1.10–v1.12 corrections - instrumento + 17 Phase-7C regional additions.,,1.30
FREQ-ATOM-0174,ITEM_SCAFFOLD,dirección,ATOMIC_SURFACE_FORM,,,,,MULTI_SOURCE_PENDING,PENDING_12B_EXTERNAL_INGEST,,,,,NOT_YET_CLEARED_PER_MEASUREMENT,,NONE,FUTURE_WITHIN_A1_ORDERING_ONLY,Origin=PHASE6_BASE. Exact surface scaffold reconstructed from audited 572 baseline + v1.10–v1.12 corrections - instrumento + 17 Phase-7C regional additions.,,1.30
FREQ-ATOM-0175,ITEM_SCAFFOLD,director,ATOMIC_SURFACE_FORM,,,,,MULTI_SOURCE_PENDING,PENDING_12B_EXTERNAL_INGEST,,,,,NOT_YET_CLEARED_PER_MEASUREMENT,,NONE,FUTURE_WITHIN_A1_ORDERING_ONLY,Origin=PHASE6_BASE. Exact surface scaffold reconstructed from audited 572 baseline + v1.10–v1.12 corrections - instrumento + 17 Phase-7C regional additions.,,1.30
FREQ-ATOM-0176,ITEM_SCAFFOLD,discoteca,ATOMIC_SURFACE_FORM,,,,,MULTI_SOURCE_PENDING,PENDING_12B_EXTERNAL_INGEST,,,,,NOT_YET_CLEARED_PER_MEASUREMENT,,NONE,FUTURE_WITHIN_A1_ORDERING_ONLY,Origin=PHASE6_BASE. Exact surface scaffold reconstructed from audited 572 baseline + v1.10–v1.12 corrections - instrumento + 17 Phase-7C regional additions.,,1.30
FREQ-ATOM-0177,ITEM_SCAFFOLD,divorciado,ATOMIC_SURFACE_FORM,,,,,MULTI_SOURCE_PENDING,PENDING_12B_EXTERNAL_INGEST,,,,,NOT_YET_CLEARED_PER_MEASUREMENT,,NONE,FUTURE_WITHIN_A1_ORDERING_ONLY,Origin=PHASE6_BASE. Exact surface scaffold reconstructed from audited 572 baseline + v1.10–v1.12 corrections - instrumento + 17 Phase-7C regional additions.,,1.30
FREQ-ATOM-0178,ITEM_SCAFFOLD,doble,ATOMIC_SURFACE_FORM,,,,,MULTI_SOURCE_PENDING,PENDING_12B_EXTERNAL_INGEST,,,,,NOT_YET_CLEARED_PER_MEASUREMENT,,NONE,FUTURE_WITHIN_A1_ORDERING_ONLY,Origin=PHASE6_BASE. Exact surface scaffold reconstructed from audited 572 baseline + v1.10–v1.12 corrections - instrumento + 17 Phase-7C regional additions.,,1.30
FREQ-ATOM-0179,ITEM_SCAFFOLD,don,ATOMIC_SURFACE_FORM,,,,,MULTI_SOURCE_PENDING,PENDING_12B_EXTERNAL_INGEST,,,,,NOT_YET_CLEARED_PER_MEASUREMENT,,NONE,FUTURE_WITHIN_A1_ORDERING_ONLY,Origin=PHASE6_BASE. Exact surface scaffold reconstructed from audited 572 baseline + v1.10–v1.12 corrections - instrumento + 17 Phase-7C regional additions.,,1.30
FREQ-ATOM-0180,ITEM_SCAFFOLD,dormitorio,ATOMIC_SURFACE_FORM,,,,,MULTI_SOURCE_PENDING,PENDING_12B_EXTERNAL_INGEST,,,,,NOT_YET_CLEARED_PER_MEASUREMENT,,NONE,FUTURE_WITHIN_A1_ORDERING_ONLY,Origin=PHASE6_BASE. Exact surface scaffold reconstructed from audited 572 baseline + v1.10–v1.12 corrections - instrumento + 17 Phase-7C regional additions.,,1.30
FREQ-ATOM-0181,ITEM_SCAFFOLD,doña,ATOMIC_SURFACE_FORM,,,,,MULTI_SOURCE_PENDING,PENDING_12B_EXTERNAL_INGEST,,,,,NOT_YET_CLEARED_PER_MEASUREMENT,,NONE,FUTURE_WITHIN_A1_ORDERING_ONLY,Origin=PHASE6_BASE. Exact surface scaffold reconstructed from audited 572 baseline + v1.10–v1.12 corrections - instrumento + 17 Phase-7C regional additions.,,1.30
FREQ-ATOM-0182,ITEM_SCAFFOLD,ducha,ATOMIC_SURFACE_FORM,,,,,MULTI_SOURCE_PENDING,PENDING_12B_EXTERNAL_INGEST,,,,,NOT_YET_CLEARED_PER_MEASUREMENT,,NONE,FUTURE_WITHIN_A1_ORDERING_ONLY,Origin=PHASE6_BASE. Exact surface scaffold reconstructed from audited 572 baseline + v1.10–v1.12 corrections - instrumento + 17 Phase-7C regional additions.,,1.30
FREQ-ATOM-0183,ITEM_SCAFFOLD,ducharse,ATOMIC_SURFACE_FORM,,,,,MULTI_SOURCE_PENDING,PENDING_12B_EXTERNAL_INGEST,,,,,NOT_YET_CLEARED_PER_MEASUREMENT,,NONE,FUTURE_WITHIN_A1_ORDERING_ONLY,Origin=PHASE6_BASE. Exact surface scaffold reconstructed from audited 572 baseline + v1.10–v1.12 corrections - instrumento + 17 Phase-7C regional additions.,,1.30
FREQ-ATOM-0184,ITEM_SCAFFOLD,DVD,ATOMIC_SURFACE_FORM,,,,,MULTI_SOURCE_PENDING,PENDING_12B_EXTERNAL_INGEST,,,,,NOT_YET_CLEARED_PER_MEASUREMENT,,NONE,FUTURE_WITHIN_A1_ORDERING_ONLY,Origin=PHASE6_BASE. Exact surface scaffold reconstructed from audited 572 baseline + v1.10–v1.12 corrections - instrumento + 17 Phase-7C regional additions.,,1.30
FREQ-ATOM-0185,ITEM_SCAFFOLD,décima,ATOMIC_SURFACE_FORM,,,,,MULTI_SOURCE_PENDING,PENDING_12B_EXTERNAL_INGEST,,,,,NOT_YET_CLEARED_PER_MEASUREMENT,,NONE,FUTURE_WITHIN_A1_ORDERING_ONLY,Origin=PHASE6_BASE. Exact surface scaffold reconstructed from audited 572 baseline + v1.10–v1.12 corrections - instrumento + 17 Phase-7C regional additions.,,1.30
FREQ-ATOM-0186,ITEM_SCAFFOLD,décimo,ATOMIC_SURFACE_FORM,,,,,MULTI_SOURCE_PENDING,PENDING_12B_EXTERNAL_INGEST,,,,,NOT_YET_CLEARED_PER_MEASUREMENT,,NONE,FUTURE_WITHIN_A1_ORDERING_ONLY,Origin=PHASE6_BASE. Exact surface scaffold reconstructed from audited 572 baseline + v1.10–v1.12 corrections - instrumento + 17 Phase-7C regional additions.,,1.30
FREQ-ATOM-0187,ITEM_SCAFFOLD,día,ATOMIC_SURFACE_FORM,,,,,MULTI_SOURCE_PENDING,PENDING_12B_EXTERNAL_INGEST,,,,,NOT_YET_CLEARED_PER_MEASUREMENT,,NONE,FUTURE_WITHIN_A1_ORDERING_ONLY,Origin=PHASE6_BASE. Exact surface scaffold reconstructed from audited 572 baseline + v1.10–v1.12 corrections - instrumento + 17 Phase-7C regional additions.,,1.30
FREQ-ATOM-0188,ITEM_SCAFFOLD,dónde,ATOMIC_SURFACE_FORM,,,,,MULTI_SOURCE_PENDING,PENDING_12B_EXTERNAL_INGEST,,,,,NOT_YET_CLEARED_PER_MEASUREMENT,,NONE,FUTURE_WITHIN_A1_ORDERING_ONLY,Origin=PHASE6_BASE. Exact surface scaffold reconstructed from audited 572 baseline + v1.10–v1.12 corrections - instrumento + 17 Phase-7C regional additions.,,1.30
FREQ-ATOM-0189,ITEM_SCAFFOLD,edad,ATOMIC_SURFACE_FORM,,,,,MULTI_SOURCE_PENDING,PENDING_12B_EXTERNAL_INGEST,,,,,NOT_YET_CLEARED_PER_MEASUREMENT,,NONE,FUTURE_WITHIN_A1_ORDERING_ONLY,Origin=PHASE6_BASE. Exact surface scaffold reconstructed from audited 572 baseline + v1.10–v1.12 corrections - instrumento + 17 Phase-7C regional additions.,,1.30
FREQ-ATOM-0190,ITEM_SCAFFOLD,edificio,ATOMIC_SURFACE_FORM,,,,,MULTI_SOURCE_PENDING,PENDING_12B_EXTERNAL_INGEST,,,,,NOT_YET_CLEARED_PER_MEASUREMENT,,NONE,FUTURE_WITHIN_A1_ORDERING_ONLY,Origin=PHASE6_BASE. Exact surface scaffold reconstructed from audited 572 baseline + v1.10–v1.12 corrections - instrumento + 17 Phase-7C regional additions.,,1.30
FREQ-ATOM-0191,ITEM_SCAFFOLD,eh,ATOMIC_SURFACE_FORM,,,,,MULTI_SOURCE_PENDING,PENDING_12B_EXTERNAL_INGEST,,,,,NOT_YET_CLEARED_PER_MEASUREMENT,,NONE,FUTURE_WITHIN_A1_ORDERING_ONLY,Origin=PHASE6_BASE. Exact surface scaffold reconstructed from audited 572 baseline + v1.10–v1.12 corrections - instrumento + 17 Phase-7C regional additions.,,1.30
FREQ-ATOM-0192,ITEM_SCAFFOLD,ejercicio,ATOMIC_SURFACE_FORM,,,,,MULTI_SOURCE_PENDING,PENDING_12B_EXTERNAL_INGEST,,,,,NOT_YET_CLEARED_PER_MEASUREMENT,,NONE,FUTURE_WITHIN_A1_ORDERING_ONLY,Origin=PHASE6_BASE. Exact surface scaffold reconstructed from audited 572 baseline + v1.10–v1.12 corrections - instrumento + 17 Phase-7C regional additions.,,1.30
FREQ-ATOM-0193,ITEM_SCAFFOLD,el,ATOMIC_SURFACE_FORM,,,,,MULTI_SOURCE_PENDING,PENDING_12B_EXTERNAL_INGEST,,,,,NOT_YET_CLEARED_PER_MEASUREMENT,,NONE,FUTURE_WITHIN_A1_ORDERING_ONLY,Origin=PHASE6_BASE. Exact surface scaffold reconstructed from audited 572 baseline + v1.10–v1.12 corrections - instrumento + 17 Phase-7C regional additions.,,1.30
FREQ-ATOM-0194,ITEM_SCAFFOLD,electrónico,ATOMIC_SURFACE_FORM,,,,,MULTI_SOURCE_PENDING,PENDING_12B_EXTERNAL_INGEST,,,,,NOT_YET_CLEARED_PER_MEASUREMENT,,NONE,FUTURE_WITHIN_A1_ORDERING_ONLY,Origin=PHASE6_BASE. Exact surface scaffold reconstructed from audited 572 baseline + v1.10–v1.12 corrections - instrumento + 17 Phase-7C regional additions.,,1.30
FREQ-ATOM-0195,ITEM_SCAFFOLD,ella,ATOMIC_SURFACE_FORM,,,,,MULTI_SOURCE_PENDING,PENDING_12B_EXTERNAL_INGEST,,,,,NOT_YET_CLEARED_PER_MEASUREMENT,,NONE,FUTURE_WITHIN_A1_ORDERING_ONLY,Origin=PHASE6_BASE. Exact surface scaffold reconstructed from audited 572 baseline + v1.10–v1.12 corrections - instrumento + 17 Phase-7C regional additions.,,1.30
FREQ-ATOM-0196,ITEM_SCAFFOLD,ellas,ATOMIC_SURFACE_FORM,,,,,MULTI_SOURCE_PENDING,PENDING_12B_EXTERNAL_INGEST,,,,,NOT_YET_CLEARED_PER_MEASUREMENT,,NONE,FUTURE_WITHIN_A1_ORDERING_ONLY,Origin=PHASE6_BASE. Exact surface scaffold reconstructed from audited 572 baseline + v1.10–v1.12 corrections - instrumento + 17 Phase-7C regional additions.,,1.30
FREQ-ATOM-0197,ITEM_SCAFFOLD,ellos,ATOMIC_SURFACE_FORM,,,,,MULTI_SOURCE_PENDING,PENDING_12B_EXTERNAL_INGEST,,,,,NOT_YET_CLEARED_PER_MEASUREMENT,,NONE,FUTURE_WITHIN_A1_ORDERING_ONLY,Origin=PHASE6_BASE. Exact surface scaffold reconstructed from audited 572 baseline + v1.10–v1.12 corrections - instrumento + 17 Phase-7C regional additions.,,1.30
FREQ-ATOM-0198,ITEM_SCAFFOLD,empezar,ATOMIC_SURFACE_FORM,,,,,MULTI_SOURCE_PENDING,PENDING_12B_EXTERNAL_INGEST,,,,,NOT_YET_CLEARED_PER_MEASUREMENT,,NONE,FUTURE_WITHIN_A1_ORDERING_ONLY,Origin=PHASE6_BASE. Exact surface scaffold reconstructed from audited 572 baseline + v1.10–v1.12 corrections - instrumento + 17 Phase-7C regional additions.,,1.30
FREQ-ATOM-0199,ITEM_SCAFFOLD,empresa,ATOMIC_SURFACE_FORM,,,,,MULTI_SOURCE_PENDING,PENDING_12B_EXTERNAL_INGEST,,,,,NOT_YET_CLEARED_PER_MEASUREMENT,,NONE,FUTURE_WITHIN_A1_ORDERING_ONLY,Origin=PHASE6_BASE. Exact surface scaffold reconstructed from audited 572 baseline + v1.10–v1.12 corrections - instrumento + 17 Phase-7C regional additions.,,1.30
FREQ-ATOM-0200,ITEM_SCAFFOLD,en,ATOMIC_SURFACE_FORM,,,,,MULTI_SOURCE_PENDING,PENDING_12B_EXTERNAL_INGEST,,,,,NOT_YET_CLEARED_PER_MEASUREMENT,,NONE,FUTURE_WITHIN_A1_ORDERING_ONLY,Origin=PHASE6_BASE. Exact surface scaffold reconstructed from audited 572 baseline + v1.10–v1.12 corrections - instrumento + 17 Phase-7C regional additions.,,1.30
FREQ-ATOM-0201,ITEM_SCAFFOLD,encantado,ATOMIC_SURFACE_FORM,,,,,MULTI_SOURCE_PENDING,PENDING_12B_EXTERNAL_INGEST,,,,,NOT_YET_CLEARED_PER_MEASUREMENT,,NONE,FUTURE_WITHIN_A1_ORDERING_ONLY,Origin=PHASE6_BASE. Exact surface scaffold reconstructed from audited 572 baseline + v1.10–v1.12 corrections - instrumento + 17 Phase-7C regional additions.,,1.30
FREQ-ATOM-0202,ITEM_SCAFFOLD,enfermera,ATOMIC_SURFACE_FORM,,,,,MULTI_SOURCE_PENDING,PENDING_12B_EXTERNAL_INGEST,,,,,NOT_YET_CLEARED_PER_MEASUREMENT,,NONE,FUTURE_WITHIN_A1_ORDERING_ONLY,Origin=7B_SURFACE_CORRECTION. Exact surface scaffold reconstructed from audited 572 baseline + v1.10–v1.12 corrections - instrumento + 17 Phase-7C regional additions.,,1.30
FREQ-ATOM-0203,ITEM_SCAFFOLD,enfermero,ATOMIC_SURFACE_FORM,,,,,MULTI_SOURCE_PENDING,PENDING_12B_EXTERNAL_INGEST,,,,,NOT_YET_CLEARED_PER_MEASUREMENT,,NONE,FUTURE_WITHIN_A1_ORDERING_ONLY,Origin=PHASE6_BASE. Exact surface scaffold reconstructed from audited 572 baseline + v1.10–v1.12 corrections - instrumento + 17 Phase-7C regional additions.,,1.30
FREQ-ATOM-0204,ITEM_SCAFFOLD,enfermo,ATOMIC_SURFACE_FORM,,,,,MULTI_SOURCE_PENDING,PENDING_12B_EXTERNAL_INGEST,,,,,NOT_YET_CLEARED_PER_MEASUREMENT,,NONE,FUTURE_WITHIN_A1_ORDERING_ONLY,Origin=PHASE6_BASE. Exact surface scaffold reconstructed from audited 572 baseline + v1.10–v1.12 corrections - instrumento + 17 Phase-7C regional additions.,,1.30
FREQ-ATOM-0205,ITEM_SCAFFOLD,ensalada,ATOMIC_SURFACE_FORM,,,,,MULTI_SOURCE_PENDING,PENDING_12B_EXTERNAL_INGEST,,,,,NOT_YET_CLEARED_PER_MEASUREMENT,,NONE,FUTURE_WITHIN_A1_ORDERING_ONLY,Origin=PHASE6_BASE. Exact surface scaffold reconstructed from audited 572 baseline + v1.10–v1.12 corrections - instrumento + 17 Phase-7C regional additions.,,1.30
FREQ-ATOM-0206,ITEM_SCAFFOLD,entender,ATOMIC_SURFACE_FORM,,,,,MULTI_SOURCE_PENDING,PENDING_12B_EXTERNAL_INGEST,,,,,NOT_YET_CLEARED_PER_MEASUREMENT,,NONE,FUTURE_WITHIN_A1_ORDERING_ONLY,Origin=PHASE6_BASE. Exact surface scaffold reconstructed from audited 572 baseline + v1.10–v1.12 corrections - instrumento + 17 Phase-7C regional additions.,,1.30
FREQ-ATOM-0207,ITEM_SCAFFOLD,entonces,ATOMIC_SURFACE_FORM,,,,,MULTI_SOURCE_PENDING,PENDING_12B_EXTERNAL_INGEST,,,,,NOT_YET_CLEARED_PER_MEASUREMENT,,NONE,FUTURE_WITHIN_A1_ORDERING_ONLY,Origin=PHASE6_BASE. Exact surface scaffold reconstructed from audited 572 baseline + v1.10–v1.12 corrections - instrumento + 17 Phase-7C regional additions.,,1.30
FREQ-ATOM-0208,ITEM_SCAFFOLD,entrada,ATOMIC_SURFACE_FORM,,,,,MULTI_SOURCE_PENDING,PENDING_12B_EXTERNAL_INGEST,,,,,NOT_YET_CLEARED_PER_MEASUREMENT,,NONE,FUTURE_WITHIN_A1_ORDERING_ONLY,Origin=PHASE6_BASE. Exact surface scaffold reconstructed from audited 572 baseline + v1.10–v1.12 corrections - instrumento + 17 Phase-7C regional additions.,,1.30
FREQ-ATOM-0209,ITEM_SCAFFOLD,entrar,ATOMIC_SURFACE_FORM,,,,,MULTI_SOURCE_PENDING,PENDING_12B_EXTERNAL_INGEST,,,,,NOT_YET_CLEARED_PER_MEASUREMENT,,NONE,FUTURE_WITHIN_A1_ORDERING_ONLY,Origin=PHASE6_BASE. Exact surface scaffold reconstructed from audited 572 baseline + v1.10–v1.12 corrections - instrumento + 17 Phase-7C regional additions.,,1.30
FREQ-ATOM-0210,ITEM_SCAFFOLD,entre,ATOMIC_SURFACE_FORM,,,,,MULTI_SOURCE_PENDING,PENDING_12B_EXTERNAL_INGEST,,,,,NOT_YET_CLEARED_PER_MEASUREMENT,,NONE,FUTURE_WITHIN_A1_ORDERING_ONLY,Origin=PHASE6_BASE. Exact surface scaffold reconstructed from audited 572 baseline + v1.10–v1.12 corrections - instrumento + 17 Phase-7C regional additions.,,1.30
FREQ-ATOM-0211,ITEM_SCAFFOLD,esa,ATOMIC_SURFACE_FORM,,,,,MULTI_SOURCE_PENDING,PENDING_12B_EXTERNAL_INGEST,,,,,NOT_YET_CLEARED_PER_MEASUREMENT,,NONE,FUTURE_WITHIN_A1_ORDERING_ONLY,Origin=PHASE6_BASE. Exact surface scaffold reconstructed from audited 572 baseline + v1.10–v1.12 corrections - instrumento + 17 Phase-7C regional additions.,,1.30
FREQ-ATOM-0212,ITEM_SCAFFOLD,esas,ATOMIC_SURFACE_FORM,,,,,MULTI_SOURCE_PENDING,PENDING_12B_EXTERNAL_INGEST,,,,,NOT_YET_CLEARED_PER_MEASUREMENT,,NONE,FUTURE_WITHIN_A1_ORDERING_ONLY,Origin=PHASE6_BASE. Exact surface scaffold reconstructed from audited 572 baseline + v1.10–v1.12 corrections - instrumento + 17 Phase-7C regional additions.,,1.30
FREQ-ATOM-0213,ITEM_SCAFFOLD,escalera,ATOMIC_SURFACE_FORM,,,,,MULTI_SOURCE_PENDING,PENDING_12B_EXTERNAL_INGEST,,,,,NOT_YET_CLEARED_PER_MEASUREMENT,,NONE,FUTURE_WITHIN_A1_ORDERING_ONLY,Origin=PHASE6_BASE. Exact surface scaffold reconstructed from audited 572 baseline + v1.10–v1.12 corrections - instrumento + 17 Phase-7C regional additions.,,1.30
FREQ-ATOM-0214,ITEM_SCAFFOLD,escribir,ATOMIC_SURFACE_FORM,,,,,MULTI_SOURCE_PENDING,PENDING_12B_EXTERNAL_INGEST,,,,,NOT_YET_CLEARED_PER_MEASUREMENT,,NONE,FUTURE_WITHIN_A1_ORDERING_ONLY,Origin=PHASE6_BASE. Exact surface scaffold reconstructed from audited 572 baseline + v1.10–v1.12 corrections - instrumento + 17 Phase-7C regional additions.,,1.30
FREQ-ATOM-0215,ITEM_SCAFFOLD,escuchar,ATOMIC_SURFACE_FORM,,,,,MULTI_SOURCE_PENDING,PENDING_12B_EXTERNAL_INGEST,,,,,NOT_YET_CLEARED_PER_MEASUREMENT,,NONE,FUTURE_WITHIN_A1_ORDERING_ONLY,Origin=PHASE6_BASE. Exact surface scaffold reconstructed from audited 572 baseline + v1.10–v1.12 corrections - instrumento + 17 Phase-7C regional additions.,,1.30
FREQ-ATOM-0216,ITEM_SCAFFOLD,escuela,ATOMIC_SURFACE_FORM,,,,,MULTI_SOURCE_PENDING,PENDING_12B_EXTERNAL_INGEST,,,,,NOT_YET_CLEARED_PER_MEASUREMENT,,NONE,FUTURE_WITHIN_A1_ORDERING_ONLY,Origin=PHASE6_BASE. Exact surface scaffold reconstructed from audited 572 baseline + v1.10–v1.12 corrections - instrumento + 17 Phase-7C regional additions.,,1.30
FREQ-ATOM-0217,ITEM_SCAFFOLD,ese,ATOMIC_SURFACE_FORM,,,,,MULTI_SOURCE_PENDING,PENDING_12B_EXTERNAL_INGEST,,,,,NOT_YET_CLEARED_PER_MEASUREMENT,,NONE,FUTURE_WITHIN_A1_ORDERING_ONLY,Origin=PHASE6_BASE. Exact surface scaffold reconstructed from audited 572 baseline + v1.10–v1.12 corrections - instrumento + 17 Phase-7C regional additions.,,1.30
FREQ-ATOM-0218,ITEM_SCAFFOLD,eso,ATOMIC_SURFACE_FORM,,,,,MULTI_SOURCE_PENDING,PENDING_12B_EXTERNAL_INGEST,,,,,NOT_YET_CLEARED_PER_MEASUREMENT,,NONE,FUTURE_WITHIN_A1_ORDERING_ONLY,Origin=PHASE6_BASE. Exact surface scaffold reconstructed from audited 572 baseline + v1.10–v1.12 corrections - instrumento + 17 Phase-7C regional additions.,,1.30
FREQ-ATOM-0219,ITEM_SCAFFOLD,esos,ATOMIC_SURFACE_FORM,,,,,MULTI_SOURCE_PENDING,PENDING_12B_EXTERNAL_INGEST,,,,,NOT_YET_CLEARED_PER_MEASUREMENT,,NONE,FUTURE_WITHIN_A1_ORDERING_ONLY,Origin=PHASE6_BASE. Exact surface scaffold reconstructed from audited 572 baseline + v1.10–v1.12 corrections - instrumento + 17 Phase-7C regional additions.,,1.30
FREQ-ATOM-0220,ITEM_SCAFFOLD,español,ATOMIC_SURFACE_FORM,,,,,MULTI_SOURCE_PENDING,PENDING_12B_EXTERNAL_INGEST,,,,,NOT_YET_CLEARED_PER_MEASUREMENT,,NONE,FUTURE_WITHIN_A1_ORDERING_ONLY,Origin=PHASE6_BASE. Exact surface scaffold reconstructed from audited 572 baseline + v1.10–v1.12 corrections - instrumento + 17 Phase-7C regional additions.,,1.30
FREQ-ATOM-0221,ITEM_SCAFFOLD,esquiar,ATOMIC_SURFACE_FORM,,,,,MULTI_SOURCE_PENDING,PENDING_12B_EXTERNAL_INGEST,,,,,NOT_YET_CLEARED_PER_MEASUREMENT,,NONE,FUTURE_WITHIN_A1_ORDERING_ONLY,Origin=PHASE6_BASE. Exact surface scaffold reconstructed from audited 572 baseline + v1.10–v1.12 corrections - instrumento + 17 Phase-7C regional additions.,,1.30
FREQ-ATOM-0222,ITEM_SCAFFOLD,esta,ATOMIC_SURFACE_FORM,,,,,MULTI_SOURCE_PENDING,PENDING_12B_EXTERNAL_INGEST,,,,,NOT_YET_CLEARED_PER_MEASUREMENT,,NONE,FUTURE_WITHIN_A1_ORDERING_ONLY,Origin=PHASE6_BASE. Exact surface scaffold reconstructed from audited 572 baseline + v1.10–v1.12 corrections - instrumento + 17 Phase-7C regional additions.,,1.30
FREQ-ATOM-0223,ITEM_SCAFFOLD,estación,ATOMIC_SURFACE_FORM,,,,,MULTI_SOURCE_PENDING,PENDING_12B_EXTERNAL_INGEST,,,,,NOT_YET_CLEARED_PER_MEASUREMENT,,NONE,FUTURE_WITHIN_A1_ORDERING_ONLY,Origin=PHASE6_BASE. Exact surface scaffold reconstructed from audited 572 baseline + v1.10–v1.12 corrections - instrumento + 17 Phase-7C regional additions.,,1.30
FREQ-ATOM-0224,ITEM_SCAFFOLD,estampilla,ATOMIC_SURFACE_FORM,,,,,MULTI_SOURCE_PENDING,PENDING_12B_EXTERNAL_INGEST,,,,,NOT_YET_CLEARED_PER_MEASUREMENT,,NONE,FUTURE_WITHIN_A1_ORDERING_ONLY,Origin=7C_REGIONAL_ADDITION. Exact surface scaffold reconstructed from audited 572 baseline + v1.10–v1.12 corrections - instrumento + 17 Phase-7C regional additions.,,1.30
FREQ-ATOM-0225,ITEM_SCAFFOLD,estantería,ATOMIC_SURFACE_FORM,,,,,MULTI_SOURCE_PENDING,PENDING_12B_EXTERNAL_INGEST,,,,,NOT_YET_CLEARED_PER_MEASUREMENT,,NONE,FUTURE_WITHIN_A1_ORDERING_ONLY,Origin=PHASE6_BASE. Exact surface scaffold reconstructed from audited 572 baseline + v1.10–v1.12 corrections - instrumento + 17 Phase-7C regional additions.,,1.30
FREQ-ATOM-0226,ITEM_SCAFFOLD,estar,ATOMIC_SURFACE_FORM,,,,,MULTI_SOURCE_PENDING,PENDING_12B_EXTERNAL_INGEST,,,,,NOT_YET_CLEARED_PER_MEASUREMENT,,NONE,FUTURE_WITHIN_A1_ORDERING_ONLY,Origin=PHASE6_BASE. Exact surface scaffold reconstructed from audited 572 baseline + v1.10–v1.12 corrections - instrumento + 17 Phase-7C regional additions.,,1.30
FREQ-ATOM-0227,ITEM_SCAFFOLD,estas,ATOMIC_SURFACE_FORM,,,,,MULTI_SOURCE_PENDING,PENDING_12B_EXTERNAL_INGEST,,,,,NOT_YET_CLEARED_PER_MEASUREMENT,,NONE,FUTURE_WITHIN_A1_ORDERING_ONLY,Origin=PHASE6_BASE. Exact surface scaffold reconstructed from audited 572 baseline + v1.10–v1.12 corrections - instrumento + 17 Phase-7C regional additions.,,1.30
FREQ-ATOM-0228,ITEM_SCAFFOLD,este,ATOMIC_SURFACE_FORM,,,,,MULTI_SOURCE_PENDING,PENDING_12B_EXTERNAL_INGEST,,,,,NOT_YET_CLEARED_PER_MEASUREMENT,,NONE,FUTURE_WITHIN_A1_ORDERING_ONLY,Origin=PHASE6_BASE. Exact surface scaffold reconstructed from audited 572 baseline + v1.10–v1.12 corrections - instrumento + 17 Phase-7C regional additions.,,1.30
FREQ-ATOM-0229,ITEM_SCAFFOLD,esto,ATOMIC_SURFACE_FORM,,,,,MULTI_SOURCE_PENDING,PENDING_12B_EXTERNAL_INGEST,,,,,NOT_YET_CLEARED_PER_MEASUREMENT,,NONE,FUTURE_WITHIN_A1_ORDERING_ONLY,Origin=PHASE6_BASE. Exact surface scaffold reconstructed from audited 572 baseline + v1.10–v1.12 corrections - instrumento + 17 Phase-7C regional additions.,,1.30
FREQ-ATOM-0230,ITEM_SCAFFOLD,estos,ATOMIC_SURFACE_FORM,,,,,MULTI_SOURCE_PENDING,PENDING_12B_EXTERNAL_INGEST,,,,,NOT_YET_CLEARED_PER_MEASUREMENT,,NONE,FUTURE_WITHIN_A1_ORDERING_ONLY,Origin=PHASE6_BASE. Exact surface scaffold reconstructed from audited 572 baseline + v1.10–v1.12 corrections - instrumento + 17 Phase-7C regional additions.,,1.30
FREQ-ATOM-0231,ITEM_SCAFFOLD,estudiante,ATOMIC_SURFACE_FORM,,,,,MULTI_SOURCE_PENDING,PENDING_12B_EXTERNAL_INGEST,,,,,NOT_YET_CLEARED_PER_MEASUREMENT,,NONE,FUTURE_WITHIN_A1_ORDERING_ONLY,Origin=PHASE6_BASE. Exact surface scaffold reconstructed from audited 572 baseline + v1.10–v1.12 corrections - instrumento + 17 Phase-7C regional additions.,,1.30
FREQ-ATOM-0232,ITEM_SCAFFOLD,estudiar,ATOMIC_SURFACE_FORM,,,,,MULTI_SOURCE_PENDING,PENDING_12B_EXTERNAL_INGEST,,,,,NOT_YET_CLEARED_PER_MEASUREMENT,,NONE,FUTURE_WITHIN_A1_ORDERING_ONLY,Origin=PHASE6_BASE. Exact surface scaffold reconstructed from audited 572 baseline + v1.10–v1.12 corrections - instrumento + 17 Phase-7C regional additions.,,1.30
FREQ-ATOM-0233,ITEM_SCAFFOLD,estudio,ATOMIC_SURFACE_FORM,,,,,MULTI_SOURCE_PENDING,PENDING_12B_EXTERNAL_INGEST,,,,,NOT_YET_CLEARED_PER_MEASUREMENT,,NONE,FUTURE_WITHIN_A1_ORDERING_ONLY,Origin=PHASE6_BASE. Exact surface scaffold reconstructed from audited 572 baseline + v1.10–v1.12 corrections - instrumento + 17 Phase-7C regional additions.,,1.30
FREQ-ATOM-0234,ITEM_SCAFFOLD,euro,ATOMIC_SURFACE_FORM,,,,,MULTI_SOURCE_PENDING,PENDING_12B_EXTERNAL_INGEST,,,,,NOT_YET_CLEARED_PER_MEASUREMENT,,NONE,FUTURE_WITHIN_A1_ORDERING_ONLY,Origin=PHASE6_BASE. Exact surface scaffold reconstructed from audited 572 baseline + v1.10–v1.12 corrections - instrumento + 17 Phase-7C regional additions.,,1.30
FREQ-ATOM-0235,ITEM_SCAFFOLD,examen,ATOMIC_SURFACE_FORM,,,,,MULTI_SOURCE_PENDING,PENDING_12B_EXTERNAL_INGEST,,,,,NOT_YET_CLEARED_PER_MEASUREMENT,,NONE,FUTURE_WITHIN_A1_ORDERING_ONLY,Origin=PHASE6_BASE. Exact surface scaffold reconstructed from audited 572 baseline + v1.10–v1.12 corrections - instrumento + 17 Phase-7C regional additions.,,1.30
FREQ-ATOM-0236,ITEM_SCAFFOLD,exposición,ATOMIC_SURFACE_FORM,,,,,MULTI_SOURCE_PENDING,PENDING_12B_EXTERNAL_INGEST,,,,,NOT_YET_CLEARED_PER_MEASUREMENT,,NONE,FUTURE_WITHIN_A1_ORDERING_ONLY,Origin=PHASE6_BASE. Exact surface scaffold reconstructed from audited 572 baseline + v1.10–v1.12 corrections - instrumento + 17 Phase-7C regional additions.,,1.30
FREQ-ATOM-0237,ITEM_SCAFFOLD,exterior,ATOMIC_SURFACE_FORM,,,,,MULTI_SOURCE_PENDING,PENDING_12B_EXTERNAL_INGEST,,,,,NOT_YET_CLEARED_PER_MEASUREMENT,,NONE,FUTURE_WITHIN_A1_ORDERING_ONLY,Origin=PHASE6_BASE. Exact surface scaffold reconstructed from audited 572 baseline + v1.10–v1.12 corrections - instrumento + 17 Phase-7C regional additions.,,1.30
FREQ-ATOM-0238,ITEM_SCAFFOLD,extranjero,ATOMIC_SURFACE_FORM,,,,,MULTI_SOURCE_PENDING,PENDING_12B_EXTERNAL_INGEST,,,,,NOT_YET_CLEARED_PER_MEASUREMENT,,NONE,FUTURE_WITHIN_A1_ORDERING_ONLY,Origin=PHASE6_BASE. Exact surface scaffold reconstructed from audited 572 baseline + v1.10–v1.12 corrections - instrumento + 17 Phase-7C regional additions.,,1.30
FREQ-ATOM-0239,ITEM_SCAFFOLD,falda,ATOMIC_SURFACE_FORM,,,,,MULTI_SOURCE_PENDING,PENDING_12B_EXTERNAL_INGEST,,,,,NOT_YET_CLEARED_PER_MEASUREMENT,,NONE,FUTURE_WITHIN_A1_ORDERING_ONLY,Origin=PHASE6_BASE. Exact surface scaffold reconstructed from audited 572 baseline + v1.10–v1.12 corrections - instrumento + 17 Phase-7C regional additions.,,1.30
FREQ-ATOM-0240,ITEM_SCAFFOLD,familia,ATOMIC_SURFACE_FORM,,,,,MULTI_SOURCE_PENDING,PENDING_12B_EXTERNAL_INGEST,,,,,NOT_YET_CLEARED_PER_MEASUREMENT,,NONE,FUTURE_WITHIN_A1_ORDERING_ONLY,Origin=PHASE6_BASE. Exact surface scaffold reconstructed from audited 572 baseline + v1.10–v1.12 corrections - instrumento + 17 Phase-7C regional additions.,,1.30
FREQ-ATOM-0241,ITEM_SCAFFOLD,farmacia,ATOMIC_SURFACE_FORM,,,,,MULTI_SOURCE_PENDING,PENDING_12B_EXTERNAL_INGEST,,,,,NOT_YET_CLEARED_PER_MEASUREMENT,,NONE,FUTURE_WITHIN_A1_ORDERING_ONLY,Origin=PHASE6_BASE. Exact surface scaffold reconstructed from audited 572 baseline + v1.10–v1.12 corrections - instrumento + 17 Phase-7C regional additions.,,1.30
FREQ-ATOM-0242,ITEM_SCAFFOLD,fax,ATOMIC_SURFACE_FORM,,,,,MULTI_SOURCE_PENDING,PENDING_12B_EXTERNAL_INGEST,,,,,NOT_YET_CLEARED_PER_MEASUREMENT,,NONE,FUTURE_WITHIN_A1_ORDERING_ONLY,Origin=PHASE6_BASE. Exact surface scaffold reconstructed from audited 572 baseline + v1.10–v1.12 corrections - instrumento + 17 Phase-7C regional additions.,,1.30
FREQ-ATOM-0243,ITEM_SCAFFOLD,felicidades,ATOMIC_SURFACE_FORM,,,,,MULTI_SOURCE_PENDING,PENDING_12B_EXTERNAL_INGEST,,,,,NOT_YET_CLEARED_PER_MEASUREMENT,,NONE,FUTURE_WITHIN_A1_ORDERING_ONLY,Origin=PHASE6_BASE. Exact surface scaffold reconstructed from audited 572 baseline + v1.10–v1.12 corrections - instrumento + 17 Phase-7C regional additions.,,1.30
FREQ-ATOM-0244,ITEM_SCAFFOLD,feo,ATOMIC_SURFACE_FORM,,,,,MULTI_SOURCE_PENDING,PENDING_12B_EXTERNAL_INGEST,,,,,NOT_YET_CLEARED_PER_MEASUREMENT,,NONE,FUTURE_WITHIN_A1_ORDERING_ONLY,Origin=PHASE6_BASE. Exact surface scaffold reconstructed from audited 572 baseline + v1.10–v1.12 corrections - instrumento + 17 Phase-7C regional additions.,,1.30
FREQ-ATOM-0245,ITEM_SCAFFOLD,fiesta,ATOMIC_SURFACE_FORM,,,,,MULTI_SOURCE_PENDING,PENDING_12B_EXTERNAL_INGEST,,,,,NOT_YET_CLEARED_PER_MEASUREMENT,,NONE,FUTURE_WITHIN_A1_ORDERING_ONLY,Origin=PHASE6_BASE. Exact surface scaffold reconstructed from audited 572 baseline + v1.10–v1.12 corrections - instrumento + 17 Phase-7C regional additions.,,1.30
FREQ-ATOM-0246,ITEM_SCAFFOLD,fijo,ATOMIC_SURFACE_FORM,,,,,MULTI_SOURCE_PENDING,PENDING_12B_EXTERNAL_INGEST,,,,,NOT_YET_CLEARED_PER_MEASUREMENT,,NONE,FUTURE_WITHIN_A1_ORDERING_ONLY,Origin=PHASE6_BASE. Exact surface scaffold reconstructed from audited 572 baseline + v1.10–v1.12 corrections - instrumento + 17 Phase-7C regional additions.,,1.30
FREQ-ATOM-0247,ITEM_SCAFFOLD,firmar,ATOMIC_SURFACE_FORM,,,,,MULTI_SOURCE_PENDING,PENDING_12B_EXTERNAL_INGEST,,,,,NOT_YET_CLEARED_PER_MEASUREMENT,,NONE,FUTURE_WITHIN_A1_ORDERING_ONLY,Origin=PHASE6_BASE. Exact surface scaffold reconstructed from audited 572 baseline + v1.10–v1.12 corrections - instrumento + 17 Phase-7C regional additions.,,1.30
FREQ-ATOM-0248,ITEM_SCAFFOLD,flor,ATOMIC_SURFACE_FORM,,,,,MULTI_SOURCE_PENDING,PENDING_12B_EXTERNAL_INGEST,,,,,NOT_YET_CLEARED_PER_MEASUREMENT,,NONE,FUTURE_WITHIN_A1_ORDERING_ONLY,Origin=PHASE6_BASE. Exact surface scaffold reconstructed from audited 572 baseline + v1.10–v1.12 corrections - instrumento + 17 Phase-7C regional additions.,,1.30
FREQ-ATOM-0249,ITEM_SCAFFOLD,foto,ATOMIC_SURFACE_FORM,,,,,MULTI_SOURCE_PENDING,PENDING_12B_EXTERNAL_INGEST,,,,,NOT_YET_CLEARED_PER_MEASUREMENT,,NONE,FUTURE_WITHIN_A1_ORDERING_ONLY,Origin=PHASE6_BASE. Exact surface scaffold reconstructed from audited 572 baseline + v1.10–v1.12 corrections - instrumento + 17 Phase-7C regional additions.,,1.30
FREQ-ATOM-0250,ITEM_SCAFFOLD,fotocopia,ATOMIC_SURFACE_FORM,,,,,MULTI_SOURCE_PENDING,PENDING_12B_EXTERNAL_INGEST,,,,,NOT_YET_CLEARED_PER_MEASUREMENT,,NONE,FUTURE_WITHIN_A1_ORDERING_ONLY,Origin=PHASE6_BASE. Exact surface scaffold reconstructed from audited 572 baseline + v1.10–v1.12 corrections - instrumento + 17 Phase-7C regional additions.,,1.30
FREQ-ATOM-0251,ITEM_SCAFFOLD,fruta,ATOMIC_SURFACE_FORM,,,,,MULTI_SOURCE_PENDING,PENDING_12B_EXTERNAL_INGEST,,,,,NOT_YET_CLEARED_PER_MEASUREMENT,,NONE,FUTURE_WITHIN_A1_ORDERING_ONLY,Origin=PHASE6_BASE. Exact surface scaffold reconstructed from audited 572 baseline + v1.10–v1.12 corrections - instrumento + 17 Phase-7C regional additions.,,1.30
FREQ-ATOM-0252,ITEM_SCAFFOLD,frío,ATOMIC_SURFACE_FORM,,,,,MULTI_SOURCE_PENDING,PENDING_12B_EXTERNAL_INGEST,,,,,NOT_YET_CLEARED_PER_MEASUREMENT,,NONE,FUTURE_WITHIN_A1_ORDERING_ONLY,Origin=PHASE6_BASE. Exact surface scaffold reconstructed from audited 572 baseline + v1.10–v1.12 corrections - instrumento + 17 Phase-7C regional additions.,,1.30
FREQ-ATOM-0253,ITEM_SCAFFOLD,fácil,ATOMIC_SURFACE_FORM,,,,,MULTI_SOURCE_PENDING,PENDING_12B_EXTERNAL_INGEST,,,,,NOT_YET_CLEARED_PER_MEASUREMENT,,NONE,FUTURE_WITHIN_A1_ORDERING_ONLY,Origin=PHASE6_BASE. Exact surface scaffold reconstructed from audited 572 baseline + v1.10–v1.12 corrections - instrumento + 17 Phase-7C regional additions.,,1.30
FREQ-ATOM-0254,ITEM_SCAFFOLD,fútbol,ATOMIC_SURFACE_FORM,,,,,MULTI_SOURCE_PENDING,PENDING_12B_EXTERNAL_INGEST,,,,,NOT_YET_CLEARED_PER_MEASUREMENT,,NONE,FUTURE_WITHIN_A1_ORDERING_ONLY,Origin=PHASE6_BASE. Exact surface scaffold reconstructed from audited 572 baseline + v1.10–v1.12 corrections - instrumento + 17 Phase-7C regional additions.,,1.30
FREQ-ATOM-0255,ITEM_SCAFFOLD,gafa,ATOMIC_SURFACE_FORM,,,,,MULTI_SOURCE_PENDING,PENDING_12B_EXTERNAL_INGEST,,,,,NOT_YET_CLEARED_PER_MEASUREMENT,,NONE,FUTURE_WITHIN_A1_ORDERING_ONLY,Origin=PHASE6_BASE. Exact surface scaffold reconstructed from audited 572 baseline + v1.10–v1.12 corrections - instrumento + 17 Phase-7C regional additions.,,1.30
FREQ-ATOM-0256,ITEM_SCAFFOLD,gafas,ATOMIC_SURFACE_FORM,,,,,MULTI_SOURCE_PENDING,PENDING_12B_EXTERNAL_INGEST,,,,,NOT_YET_CLEARED_PER_MEASUREMENT,,NONE,FUTURE_WITHIN_A1_ORDERING_ONLY,Origin=7B_SURFACE_CORRECTION. Exact surface scaffold reconstructed from audited 572 baseline + v1.10–v1.12 corrections - instrumento + 17 Phase-7C regional additions.,,1.30
FREQ-ATOM-0257,ITEM_SCAFFOLD,garaje,ATOMIC_SURFACE_FORM,,,,,MULTI_SOURCE_PENDING,PENDING_12B_EXTERNAL_INGEST,,,,,NOT_YET_CLEARED_PER_MEASUREMENT,,NONE,FUTURE_WITHIN_A1_ORDERING_ONLY,Origin=PHASE6_BASE. Exact surface scaffold reconstructed from audited 572 baseline + v1.10–v1.12 corrections - instrumento + 17 Phase-7C regional additions.,,1.30
FREQ-ATOM-0258,ITEM_SCAFFOLD,gente,ATOMIC_SURFACE_FORM,,,,,MULTI_SOURCE_PENDING,PENDING_12B_EXTERNAL_INGEST,,,,,NOT_YET_CLEARED_PER_MEASUREMENT,,NONE,FUTURE_WITHIN_A1_ORDERING_ONLY,Origin=PHASE6_BASE. Exact surface scaffold reconstructed from audited 572 baseline + v1.10–v1.12 corrections - instrumento + 17 Phase-7C regional additions.,,1.30
FREQ-ATOM-0259,ITEM_SCAFFOLD,gimnasia,ATOMIC_SURFACE_FORM,,,,,MULTI_SOURCE_PENDING,PENDING_12B_EXTERNAL_INGEST,,,,,NOT_YET_CLEARED_PER_MEASUREMENT,,NONE,FUTURE_WITHIN_A1_ORDERING_ONLY,Origin=PHASE6_BASE. Exact surface scaffold reconstructed from audited 572 baseline + v1.10–v1.12 corrections - instrumento + 17 Phase-7C regional additions.,,1.30
FREQ-ATOM-0260,ITEM_SCAFFOLD,goma,ATOMIC_SURFACE_FORM,,,,,MULTI_SOURCE_PENDING,PENDING_12B_EXTERNAL_INGEST,,,,,NOT_YET_CLEARED_PER_MEASUREMENT,,NONE,FUTURE_WITHIN_A1_ORDERING_ONLY,Origin=PHASE6_BASE. Exact surface scaffold reconstructed from audited 572 baseline + v1.10–v1.12 corrections - instrumento + 17 Phase-7C regional additions.,,1.30
FREQ-ATOM-0261,ITEM_SCAFFOLD,gordo,ATOMIC_SURFACE_FORM,,,,,MULTI_SOURCE_PENDING,PENDING_12B_EXTERNAL_INGEST,,,,,NOT_YET_CLEARED_PER_MEASUREMENT,,NONE,FUTURE_WITHIN_A1_ORDERING_ONLY,Origin=PHASE6_BASE. Exact surface scaffold reconstructed from audited 572 baseline + v1.10–v1.12 corrections - instrumento + 17 Phase-7C regional additions.,,1.30
FREQ-ATOM-0262,ITEM_SCAFFOLD,gracias,ATOMIC_SURFACE_FORM,,,,,MULTI_SOURCE_PENDING,PENDING_12B_EXTERNAL_INGEST,,,,,NOT_YET_CLEARED_PER_MEASUREMENT,,NONE,FUTURE_WITHIN_A1_ORDERING_ONLY,Origin=PHASE6_BASE. Exact surface scaffold reconstructed from audited 572 baseline + v1.10–v1.12 corrections - instrumento + 17 Phase-7C regional additions.,,1.30
FREQ-ATOM-0263,ITEM_SCAFFOLD,grande,ATOMIC_SURFACE_FORM,,,,,MULTI_SOURCE_PENDING,PENDING_12B_EXTERNAL_INGEST,,,,,NOT_YET_CLEARED_PER_MEASUREMENT,,NONE,FUTURE_WITHIN_A1_ORDERING_ONLY,Origin=PHASE6_BASE. Exact surface scaffold reconstructed from audited 572 baseline + v1.10–v1.12 corrections - instrumento + 17 Phase-7C regional additions.,,1.30
FREQ-ATOM-0264,ITEM_SCAFFOLD,gris,ATOMIC_SURFACE_FORM,,,,,MULTI_SOURCE_PENDING,PENDING_12B_EXTERNAL_INGEST,,,,,NOT_YET_CLEARED_PER_MEASUREMENT,,NONE,FUTURE_WITHIN_A1_ORDERING_ONLY,Origin=PHASE6_BASE. Exact surface scaffold reconstructed from audited 572 baseline + v1.10–v1.12 corrections - instrumento + 17 Phase-7C regional additions.,,1.30
FREQ-ATOM-0265,ITEM_SCAFFOLD,guagua,ATOMIC_SURFACE_FORM,,,,,MULTI_SOURCE_PENDING,PENDING_12B_EXTERNAL_INGEST,,,,,NOT_YET_CLEARED_PER_MEASUREMENT,,NONE,FUTURE_WITHIN_A1_ORDERING_ONLY,Origin=7C_REGIONAL_ADDITION. Exact surface scaffold reconstructed from audited 572 baseline + v1.10–v1.12 corrections - instrumento + 17 Phase-7C regional additions.,,1.30
FREQ-ATOM-0266,ITEM_SCAFFOLD,guapo,ATOMIC_SURFACE_FORM,,,,,MULTI_SOURCE_PENDING,PENDING_12B_EXTERNAL_INGEST,,,,,NOT_YET_CLEARED_PER_MEASUREMENT,,NONE,FUTURE_WITHIN_A1_ORDERING_ONLY,Origin=PHASE6_BASE. Exact surface scaffold reconstructed from audited 572 baseline + v1.10–v1.12 corrections - instrumento + 17 Phase-7C regional additions.,,1.30
FREQ-ATOM-0267,ITEM_SCAFFOLD,guión,ATOMIC_SURFACE_FORM,,,,,MULTI_SOURCE_PENDING,PENDING_12B_EXTERNAL_INGEST,,,,,NOT_YET_CLEARED_PER_MEASUREMENT,,NONE,FUTURE_WITHIN_A1_ORDERING_ONLY,Origin=PHASE6_BASE. Exact surface scaffold reconstructed from audited 572 baseline + v1.10–v1.12 corrections - instrumento + 17 Phase-7C regional additions.,,1.30
FREQ-ATOM-0268,ITEM_SCAFFOLD,gustar,ATOMIC_SURFACE_FORM,,,,,MULTI_SOURCE_PENDING,PENDING_12B_EXTERNAL_INGEST,,,,,NOT_YET_CLEARED_PER_MEASUREMENT,,NONE,FUTURE_WITHIN_A1_ORDERING_ONLY,Origin=PHASE6_BASE. Exact surface scaffold reconstructed from audited 572 baseline + v1.10–v1.12 corrections - instrumento + 17 Phase-7C regional additions.,,1.30
FREQ-ATOM-0269,ITEM_SCAFFOLD,haber,ATOMIC_SURFACE_FORM,,,,,MULTI_SOURCE_PENDING,PENDING_12B_EXTERNAL_INGEST,,,,,NOT_YET_CLEARED_PER_MEASUREMENT,,NONE,FUTURE_WITHIN_A1_ORDERING_ONLY,Origin=PHASE6_BASE. Exact surface scaffold reconstructed from audited 572 baseline + v1.10–v1.12 corrections - instrumento + 17 Phase-7C regional additions.,,1.30
FREQ-ATOM-0270,ITEM_SCAFFOLD,habitación,ATOMIC_SURFACE_FORM,,,,,MULTI_SOURCE_PENDING,PENDING_12B_EXTERNAL_INGEST,,,,,NOT_YET_CLEARED_PER_MEASUREMENT,,NONE,FUTURE_WITHIN_A1_ORDERING_ONLY,Origin=PHASE6_BASE. Exact surface scaffold reconstructed from audited 572 baseline + v1.10–v1.12 corrections - instrumento + 17 Phase-7C regional additions.,,1.30
FREQ-ATOM-0271,ITEM_SCAFFOLD,hablar,ATOMIC_SURFACE_FORM,,,,,MULTI_SOURCE_PENDING,PENDING_12B_EXTERNAL_INGEST,,,,,NOT_YET_CLEARED_PER_MEASUREMENT,,NONE,FUTURE_WITHIN_A1_ORDERING_ONLY,Origin=PHASE6_BASE. Exact surface scaffold reconstructed from audited 572 baseline + v1.10–v1.12 corrections - instrumento + 17 Phase-7C regional additions.,,1.30
FREQ-ATOM-0272,ITEM_SCAFFOLD,hacer,ATOMIC_SURFACE_FORM,,,,,MULTI_SOURCE_PENDING,PENDING_12B_EXTERNAL_INGEST,,,,,NOT_YET_CLEARED_PER_MEASUREMENT,,NONE,FUTURE_WITHIN_A1_ORDERING_ONLY,Origin=PHASE6_BASE. Exact surface scaffold reconstructed from audited 572 baseline + v1.10–v1.12 corrections - instrumento + 17 Phase-7C regional additions.,,1.30
FREQ-ATOM-0273,ITEM_SCAFFOLD,hamburguesa,ATOMIC_SURFACE_FORM,,,,,MULTI_SOURCE_PENDING,PENDING_12B_EXTERNAL_INGEST,,,,,NOT_YET_CLEARED_PER_MEASUREMENT,,NONE,FUTURE_WITHIN_A1_ORDERING_ONLY,Origin=PHASE6_BASE. Exact surface scaffold reconstructed from audited 572 baseline + v1.10–v1.12 corrections - instrumento + 17 Phase-7C regional additions.,,1.30
FREQ-ATOM-0274,ITEM_SCAFFOLD,hasta,ATOMIC_SURFACE_FORM,,,,,MULTI_SOURCE_PENDING,PENDING_12B_EXTERNAL_INGEST,,,,,NOT_YET_CLEARED_PER_MEASUREMENT,,NONE,FUTURE_WITHIN_A1_ORDERING_ONLY,Origin=PHASE6_BASE. Exact surface scaffold reconstructed from audited 572 baseline + v1.10–v1.12 corrections - instrumento + 17 Phase-7C regional additions.,,1.30
FREQ-ATOM-0275,ITEM_SCAFFOLD,hermano,ATOMIC_SURFACE_FORM,,,,,MULTI_SOURCE_PENDING,PENDING_12B_EXTERNAL_INGEST,,,,,NOT_YET_CLEARED_PER_MEASUREMENT,,NONE,FUTURE_WITHIN_A1_ORDERING_ONLY,Origin=PHASE6_BASE. Exact surface scaffold reconstructed from audited 572 baseline + v1.10–v1.12 corrections - instrumento + 17 Phase-7C regional additions.,,1.30
FREQ-ATOM-0276,ITEM_SCAFFOLD,hermoso,ATOMIC_SURFACE_FORM,,,,,MULTI_SOURCE_PENDING,PENDING_12B_EXTERNAL_INGEST,,,,,NOT_YET_CLEARED_PER_MEASUREMENT,,NONE,FUTURE_WITHIN_A1_ORDERING_ONLY,Origin=PHASE6_BASE. Exact surface scaffold reconstructed from audited 572 baseline + v1.10–v1.12 corrections - instrumento + 17 Phase-7C regional additions.,,1.30
FREQ-ATOM-0277,ITEM_SCAFFOLD,hijo,ATOMIC_SURFACE_FORM,,,,,MULTI_SOURCE_PENDING,PENDING_12B_EXTERNAL_INGEST,,,,,NOT_YET_CLEARED_PER_MEASUREMENT,,NONE,FUTURE_WITHIN_A1_ORDERING_ONLY,Origin=PHASE6_BASE. Exact surface scaffold reconstructed from audited 572 baseline + v1.10–v1.12 corrections - instrumento + 17 Phase-7C regional additions.,,1.30
FREQ-ATOM-0278,ITEM_SCAFFOLD,hola,ATOMIC_SURFACE_FORM,,,,,MULTI_SOURCE_PENDING,PENDING_12B_EXTERNAL_INGEST,,,,,NOT_YET_CLEARED_PER_MEASUREMENT,,NONE,FUTURE_WITHIN_A1_ORDERING_ONLY,Origin=PHASE6_BASE. Exact surface scaffold reconstructed from audited 572 baseline + v1.10–v1.12 corrections - instrumento + 17 Phase-7C regional additions.,,1.30
FREQ-ATOM-0279,ITEM_SCAFFOLD,hombre,ATOMIC_SURFACE_FORM,,,,,MULTI_SOURCE_PENDING,PENDING_12B_EXTERNAL_INGEST,,,,,NOT_YET_CLEARED_PER_MEASUREMENT,,NONE,FUTURE_WITHIN_A1_ORDERING_ONLY,Origin=PHASE6_BASE. Exact surface scaffold reconstructed from audited 572 baseline + v1.10–v1.12 corrections - instrumento + 17 Phase-7C regional additions.,,1.30
FREQ-ATOM-0280,ITEM_SCAFFOLD,hora,ATOMIC_SURFACE_FORM,,,,,MULTI_SOURCE_PENDING,PENDING_12B_EXTERNAL_INGEST,,,,,NOT_YET_CLEARED_PER_MEASUREMENT,,NONE,FUTURE_WITHIN_A1_ORDERING_ONLY,Origin=PHASE6_BASE. Exact surface scaffold reconstructed from audited 572 baseline + v1.10–v1.12 corrections - instrumento + 17 Phase-7C regional additions.,,1.30
FREQ-ATOM-0281,ITEM_SCAFFOLD,horario,ATOMIC_SURFACE_FORM,,,,,MULTI_SOURCE_PENDING,PENDING_12B_EXTERNAL_INGEST,,,,,NOT_YET_CLEARED_PER_MEASUREMENT,,NONE,FUTURE_WITHIN_A1_ORDERING_ONLY,Origin=PHASE6_BASE. Exact surface scaffold reconstructed from audited 572 baseline + v1.10–v1.12 corrections - instrumento + 17 Phase-7C regional additions.,,1.30
FREQ-ATOM-0282,ITEM_SCAFFOLD,hospital,ATOMIC_SURFACE_FORM,,,,,MULTI_SOURCE_PENDING,PENDING_12B_EXTERNAL_INGEST,,,,,NOT_YET_CLEARED_PER_MEASUREMENT,,NONE,FUTURE_WITHIN_A1_ORDERING_ONLY,Origin=PHASE6_BASE. Exact surface scaffold reconstructed from audited 572 baseline + v1.10–v1.12 corrections - instrumento + 17 Phase-7C regional additions.,,1.30
FREQ-ATOM-0283,ITEM_SCAFFOLD,hotel,ATOMIC_SURFACE_FORM,,,,,MULTI_SOURCE_PENDING,PENDING_12B_EXTERNAL_INGEST,,,,,NOT_YET_CLEARED_PER_MEASUREMENT,,NONE,FUTURE_WITHIN_A1_ORDERING_ONLY,Origin=PHASE6_BASE. Exact surface scaffold reconstructed from audited 572 baseline + v1.10–v1.12 corrections - instrumento + 17 Phase-7C regional additions.,,1.30
FREQ-ATOM-0284,ITEM_SCAFFOLD,hoy,ATOMIC_SURFACE_FORM,,,,,MULTI_SOURCE_PENDING,PENDING_12B_EXTERNAL_INGEST,,,,,NOT_YET_CLEARED_PER_MEASUREMENT,,NONE,FUTURE_WITHIN_A1_ORDERING_ONLY,Origin=PHASE6_BASE. Exact surface scaffold reconstructed from audited 572 baseline + v1.10–v1.12 corrections - instrumento + 17 Phase-7C regional additions.,,1.30
FREQ-ATOM-0285,ITEM_SCAFFOLD,huevo,ATOMIC_SURFACE_FORM,,,,,MULTI_SOURCE_PENDING,PENDING_12B_EXTERNAL_INGEST,,,,,NOT_YET_CLEARED_PER_MEASUREMENT,,NONE,FUTURE_WITHIN_A1_ORDERING_ONLY,Origin=PHASE6_BASE. Exact surface scaffold reconstructed from audited 572 baseline + v1.10–v1.12 corrections - instrumento + 17 Phase-7C regional additions.,,1.30
FREQ-ATOM-0286,ITEM_SCAFFOLD,ida,ATOMIC_SURFACE_FORM,,,,,MULTI_SOURCE_PENDING,PENDING_12B_EXTERNAL_INGEST,,,,,NOT_YET_CLEARED_PER_MEASUREMENT,,NONE,FUTURE_WITHIN_A1_ORDERING_ONLY,Origin=PHASE6_BASE. Exact surface scaffold reconstructed from audited 572 baseline + v1.10–v1.12 corrections - instrumento + 17 Phase-7C regional additions.,,1.30
FREQ-ATOM-0287,ITEM_SCAFFOLD,identidad,ATOMIC_SURFACE_FORM,,,,,MULTI_SOURCE_PENDING,PENDING_12B_EXTERNAL_INGEST,,,,,NOT_YET_CLEARED_PER_MEASUREMENT,,NONE,FUTURE_WITHIN_A1_ORDERING_ONLY,Origin=PHASE6_BASE. Exact surface scaffold reconstructed from audited 572 baseline + v1.10–v1.12 corrections - instrumento + 17 Phase-7C regional additions.,,1.30
FREQ-ATOM-0288,ITEM_SCAFFOLD,iglesia,ATOMIC_SURFACE_FORM,,,,,MULTI_SOURCE_PENDING,PENDING_12B_EXTERNAL_INGEST,,,,,NOT_YET_CLEARED_PER_MEASUREMENT,,NONE,FUTURE_WITHIN_A1_ORDERING_ONLY,Origin=PHASE6_BASE. Exact surface scaffold reconstructed from audited 572 baseline + v1.10–v1.12 corrections - instrumento + 17 Phase-7C regional additions.,,1.30
FREQ-ATOM-0289,ITEM_SCAFFOLD,individual,ATOMIC_SURFACE_FORM,,,,,MULTI_SOURCE_PENDING,PENDING_12B_EXTERNAL_INGEST,,,,,NOT_YET_CLEARED_PER_MEASUREMENT,,NONE,FUTURE_WITHIN_A1_ORDERING_ONLY,Origin=PHASE6_BASE. Exact surface scaffold reconstructed from audited 572 baseline + v1.10–v1.12 corrections - instrumento + 17 Phase-7C regional additions.,,1.30
FREQ-ATOM-0290,ITEM_SCAFFOLD,información,ATOMIC_SURFACE_FORM,,,,,MULTI_SOURCE_PENDING,PENDING_12B_EXTERNAL_INGEST,,,,,NOT_YET_CLEARED_PER_MEASUREMENT,,NONE,FUTURE_WITHIN_A1_ORDERING_ONLY,Origin=PHASE6_BASE. Exact surface scaffold reconstructed from audited 572 baseline + v1.10–v1.12 corrections - instrumento + 17 Phase-7C regional additions.,,1.30
FREQ-ATOM-0291,ITEM_SCAFFOLD,ingeniero,ATOMIC_SURFACE_FORM,,,,,MULTI_SOURCE_PENDING,PENDING_12B_EXTERNAL_INGEST,,,,,NOT_YET_CLEARED_PER_MEASUREMENT,,NONE,FUTURE_WITHIN_A1_ORDERING_ONLY,Origin=PHASE6_BASE. Exact surface scaffold reconstructed from audited 572 baseline + v1.10–v1.12 corrections - instrumento + 17 Phase-7C regional additions.,,1.30
FREQ-ATOM-0292,ITEM_SCAFFOLD,instituto,ATOMIC_SURFACE_FORM,,,,,MULTI_SOURCE_PENDING,PENDING_12B_EXTERNAL_INGEST,,,,,NOT_YET_CLEARED_PER_MEASUREMENT,,NONE,FUTURE_WITHIN_A1_ORDERING_ONLY,Origin=PHASE6_BASE. Exact surface scaffold reconstructed from audited 572 baseline + v1.10–v1.12 corrections - instrumento + 17 Phase-7C regional additions.,,1.30
FREQ-ATOM-0293,ITEM_SCAFFOLD,inteligente,ATOMIC_SURFACE_FORM,,,,,MULTI_SOURCE_PENDING,PENDING_12B_EXTERNAL_INGEST,,,,,NOT_YET_CLEARED_PER_MEASUREMENT,,NONE,FUTURE_WITHIN_A1_ORDERING_ONLY,Origin=PHASE6_BASE. Exact surface scaffold reconstructed from audited 572 baseline + v1.10–v1.12 corrections - instrumento + 17 Phase-7C regional additions.,,1.30
FREQ-ATOM-0294,ITEM_SCAFFOLD,interesante,ATOMIC_SURFACE_FORM,,,,,MULTI_SOURCE_PENDING,PENDING_12B_EXTERNAL_INGEST,,,,,NOT_YET_CLEARED_PER_MEASUREMENT,,NONE,FUTURE_WITHIN_A1_ORDERING_ONLY,Origin=PHASE6_BASE. Exact surface scaffold reconstructed from audited 572 baseline + v1.10–v1.12 corrections - instrumento + 17 Phase-7C regional additions.,,1.30
FREQ-ATOM-0295,ITEM_SCAFFOLD,interior,ATOMIC_SURFACE_FORM,,,,,MULTI_SOURCE_PENDING,PENDING_12B_EXTERNAL_INGEST,,,,,NOT_YET_CLEARED_PER_MEASUREMENT,,NONE,FUTURE_WITHIN_A1_ORDERING_ONLY,Origin=PHASE6_BASE. Exact surface scaffold reconstructed from audited 572 baseline + v1.10–v1.12 corrections - instrumento + 17 Phase-7C regional additions.,,1.30
FREQ-ATOM-0296,ITEM_SCAFFOLD,Internet,ATOMIC_SURFACE_FORM,,,,,MULTI_SOURCE_PENDING,PENDING_12B_EXTERNAL_INGEST,,,,,NOT_YET_CLEARED_PER_MEASUREMENT,,NONE,FUTURE_WITHIN_A1_ORDERING_ONLY,Origin=PHASE6_BASE. Exact surface scaffold reconstructed from audited 572 baseline + v1.10–v1.12 corrections - instrumento + 17 Phase-7C regional additions.,,1.30
FREQ-ATOM-0297,ITEM_SCAFFOLD,invierno,ATOMIC_SURFACE_FORM,,,,,MULTI_SOURCE_PENDING,PENDING_12B_EXTERNAL_INGEST,,,,,NOT_YET_CLEARED_PER_MEASUREMENT,,NONE,FUTURE_WITHIN_A1_ORDERING_ONLY,Origin=PHASE6_BASE. Exact surface scaffold reconstructed from audited 572 baseline + v1.10–v1.12 corrections - instrumento + 17 Phase-7C regional additions.,,1.30
FREQ-ATOM-0298,ITEM_SCAFFOLD,ir,ATOMIC_SURFACE_FORM,,,,,MULTI_SOURCE_PENDING,PENDING_12B_EXTERNAL_INGEST,,,,,NOT_YET_CLEARED_PER_MEASUREMENT,,NONE,FUTURE_WITHIN_A1_ORDERING_ONLY,Origin=PHASE6_BASE. Exact surface scaffold reconstructed from audited 572 baseline + v1.10–v1.12 corrections - instrumento + 17 Phase-7C regional additions.,,1.30
FREQ-ATOM-0299,ITEM_SCAFFOLD,jabón,ATOMIC_SURFACE_FORM,,,,,MULTI_SOURCE_PENDING,PENDING_12B_EXTERNAL_INGEST,,,,,NOT_YET_CLEARED_PER_MEASUREMENT,,NONE,FUTURE_WITHIN_A1_ORDERING_ONLY,Origin=PHASE6_BASE. Exact surface scaffold reconstructed from audited 572 baseline + v1.10–v1.12 corrections - instrumento + 17 Phase-7C regional additions.,,1.30
FREQ-ATOM-0300,ITEM_SCAFFOLD,japonés,ATOMIC_SURFACE_FORM,,,,,MULTI_SOURCE_PENDING,PENDING_12B_EXTERNAL_INGEST,,,,,NOT_YET_CLEARED_PER_MEASUREMENT,,NONE,FUTURE_WITHIN_A1_ORDERING_ONLY,Origin=PHASE6_BASE. Exact surface scaffold reconstructed from audited 572 baseline + v1.10–v1.12 corrections - instrumento + 17 Phase-7C regional additions.,,1.30
FREQ-ATOM-0301,ITEM_SCAFFOLD,jardín,ATOMIC_SURFACE_FORM,,,,,MULTI_SOURCE_PENDING,PENDING_12B_EXTERNAL_INGEST,,,,,NOT_YET_CLEARED_PER_MEASUREMENT,,NONE,FUTURE_WITHIN_A1_ORDERING_ONLY,Origin=PHASE6_BASE. Exact surface scaffold reconstructed from audited 572 baseline + v1.10–v1.12 corrections - instrumento + 17 Phase-7C regional additions.,,1.30
FREQ-ATOM-0302,ITEM_SCAFFOLD,jefe,ATOMIC_SURFACE_FORM,,,,,MULTI_SOURCE_PENDING,PENDING_12B_EXTERNAL_INGEST,,,,,NOT_YET_CLEARED_PER_MEASUREMENT,,NONE,FUTURE_WITHIN_A1_ORDERING_ONLY,Origin=PHASE6_BASE. Exact surface scaffold reconstructed from audited 572 baseline + v1.10–v1.12 corrections - instrumento + 17 Phase-7C regional additions.,,1.30
FREQ-ATOM-0303,ITEM_SCAFFOLD,jersey,ATOMIC_SURFACE_FORM,,,,,MULTI_SOURCE_PENDING,PENDING_12B_EXTERNAL_INGEST,,,,,NOT_YET_CLEARED_PER_MEASUREMENT,,NONE,FUTURE_WITHIN_A1_ORDERING_ONLY,Origin=PHASE6_BASE. Exact surface scaffold reconstructed from audited 572 baseline + v1.10–v1.12 corrections - instrumento + 17 Phase-7C regional additions.,,1.30
FREQ-ATOM-0304,ITEM_SCAFFOLD,joven,ATOMIC_SURFACE_FORM,,,,,MULTI_SOURCE_PENDING,PENDING_12B_EXTERNAL_INGEST,,,,,NOT_YET_CLEARED_PER_MEASUREMENT,,NONE,FUTURE_WITHIN_A1_ORDERING_ONLY,Origin=PHASE6_BASE. Exact surface scaffold reconstructed from audited 572 baseline + v1.10–v1.12 corrections - instrumento + 17 Phase-7C regional additions.,,1.30
FREQ-ATOM-0305,ITEM_SCAFFOLD,judío,ATOMIC_SURFACE_FORM,,,,,MULTI_SOURCE_PENDING,PENDING_12B_EXTERNAL_INGEST,,,,,NOT_YET_CLEARED_PER_MEASUREMENT,,NONE,FUTURE_WITHIN_A1_ORDERING_ONLY,Origin=PHASE6_BASE. Exact surface scaffold reconstructed from audited 572 baseline + v1.10–v1.12 corrections - instrumento + 17 Phase-7C regional additions.,,1.30
FREQ-ATOM-0306,ITEM_SCAFFOLD,juego,ATOMIC_SURFACE_FORM,,,,,MULTI_SOURCE_PENDING,PENDING_12B_EXTERNAL_INGEST,,,,,NOT_YET_CLEARED_PER_MEASUREMENT,,NONE,FUTURE_WITHIN_A1_ORDERING_ONLY,Origin=PHASE6_BASE. Exact surface scaffold reconstructed from audited 572 baseline + v1.10–v1.12 corrections - instrumento + 17 Phase-7C regional additions.,,1.30
FREQ-ATOM-0307,ITEM_SCAFFOLD,jugar,ATOMIC_SURFACE_FORM,,,,,MULTI_SOURCE_PENDING,PENDING_12B_EXTERNAL_INGEST,,,,,NOT_YET_CLEARED_PER_MEASUREMENT,,NONE,FUTURE_WITHIN_A1_ORDERING_ONLY,Origin=PHASE6_BASE. Exact surface scaffold reconstructed from audited 572 baseline + v1.10–v1.12 corrections - instrumento + 17 Phase-7C regional additions.,,1.30
FREQ-ATOM-0308,ITEM_SCAFFOLD,kilómetro,ATOMIC_SURFACE_FORM,,,,,MULTI_SOURCE_PENDING,PENDING_12B_EXTERNAL_INGEST,,,,,NOT_YET_CLEARED_PER_MEASUREMENT,,NONE,FUTURE_WITHIN_A1_ORDERING_ONLY,Origin=PHASE6_BASE. Exact surface scaffold reconstructed from audited 572 baseline + v1.10–v1.12 corrections - instrumento + 17 Phase-7C regional additions.,,1.30
FREQ-ATOM-0309,ITEM_SCAFFOLD,la,ATOMIC_SURFACE_FORM,,,,,MULTI_SOURCE_PENDING,PENDING_12B_EXTERNAL_INGEST,,,,,NOT_YET_CLEARED_PER_MEASUREMENT,,NONE,FUTURE_WITHIN_A1_ORDERING_ONLY,Origin=PHASE6_BASE. Exact surface scaffold reconstructed from audited 572 baseline + v1.10–v1.12 corrections - instrumento + 17 Phase-7C regional additions.,,1.30
FREQ-ATOM-0310,ITEM_SCAFFOLD,largo,ATOMIC_SURFACE_FORM,,,,,MULTI_SOURCE_PENDING,PENDING_12B_EXTERNAL_INGEST,,,,,NOT_YET_CLEARED_PER_MEASUREMENT,,NONE,FUTURE_WITHIN_A1_ORDERING_ONLY,Origin=PHASE6_BASE. Exact surface scaffold reconstructed from audited 572 baseline + v1.10–v1.12 corrections - instrumento + 17 Phase-7C regional additions.,,1.30
FREQ-ATOM-0311,ITEM_SCAFFOLD,las,ATOMIC_SURFACE_FORM,,,,,MULTI_SOURCE_PENDING,PENDING_12B_EXTERNAL_INGEST,,,,,NOT_YET_CLEARED_PER_MEASUREMENT,,NONE,FUTURE_WITHIN_A1_ORDERING_ONLY,Origin=PHASE6_BASE. Exact surface scaffold reconstructed from audited 572 baseline + v1.10–v1.12 corrections - instrumento + 17 Phase-7C regional additions.,,1.30
FREQ-ATOM-0312,ITEM_SCAFFOLD,lavabo,ATOMIC_SURFACE_FORM,,,,,MULTI_SOURCE_PENDING,PENDING_12B_EXTERNAL_INGEST,,,,,NOT_YET_CLEARED_PER_MEASUREMENT,,NONE,FUTURE_WITHIN_A1_ORDERING_ONLY,Origin=PHASE6_BASE. Exact surface scaffold reconstructed from audited 572 baseline + v1.10–v1.12 corrections - instrumento + 17 Phase-7C regional additions.,,1.30
FREQ-ATOM-0313,ITEM_SCAFFOLD,lavarse,ATOMIC_SURFACE_FORM,,,,,MULTI_SOURCE_PENDING,PENDING_12B_EXTERNAL_INGEST,,,,,NOT_YET_CLEARED_PER_MEASUREMENT,,NONE,FUTURE_WITHIN_A1_ORDERING_ONLY,Origin=PHASE6_BASE. Exact surface scaffold reconstructed from audited 572 baseline + v1.10–v1.12 corrections - instrumento + 17 Phase-7C regional additions.,,1.30
FREQ-ATOM-0314,ITEM_SCAFFOLD,lección,ATOMIC_SURFACE_FORM,,,,,MULTI_SOURCE_PENDING,PENDING_12B_EXTERNAL_INGEST,,,,,NOT_YET_CLEARED_PER_MEASUREMENT,,NONE,FUTURE_WITHIN_A1_ORDERING_ONLY,Origin=PHASE6_BASE. Exact surface scaffold reconstructed from audited 572 baseline + v1.10–v1.12 corrections - instrumento + 17 Phase-7C regional additions.,,1.30
FREQ-ATOM-0315,ITEM_SCAFFOLD,leche,ATOMIC_SURFACE_FORM,,,,,MULTI_SOURCE_PENDING,PENDING_12B_EXTERNAL_INGEST,,,,,NOT_YET_CLEARED_PER_MEASUREMENT,,NONE,FUTURE_WITHIN_A1_ORDERING_ONLY,Origin=PHASE6_BASE. Exact surface scaffold reconstructed from audited 572 baseline + v1.10–v1.12 corrections - instrumento + 17 Phase-7C regional additions.,,1.30
FREQ-ATOM-0316,ITEM_SCAFFOLD,leer,ATOMIC_SURFACE_FORM,,,,,MULTI_SOURCE_PENDING,PENDING_12B_EXTERNAL_INGEST,,,,,NOT_YET_CLEARED_PER_MEASUREMENT,,NONE,FUTURE_WITHIN_A1_ORDERING_ONLY,Origin=PHASE6_BASE. Exact surface scaffold reconstructed from audited 572 baseline + v1.10–v1.12 corrections - instrumento + 17 Phase-7C regional additions.,,1.30
FREQ-ATOM-0317,ITEM_SCAFFOLD,lejos,ATOMIC_SURFACE_FORM,,,,,MULTI_SOURCE_PENDING,PENDING_12B_EXTERNAL_INGEST,,,,,NOT_YET_CLEARED_PER_MEASUREMENT,,NONE,FUTURE_WITHIN_A1_ORDERING_ONLY,Origin=PHASE6_BASE. Exact surface scaffold reconstructed from audited 572 baseline + v1.10–v1.12 corrections - instrumento + 17 Phase-7C regional additions.,,1.30
FREQ-ATOM-0318,ITEM_SCAFFOLD,lento,ATOMIC_SURFACE_FORM,,,,,MULTI_SOURCE_PENDING,PENDING_12B_EXTERNAL_INGEST,,,,,NOT_YET_CLEARED_PER_MEASUREMENT,,NONE,FUTURE_WITHIN_A1_ORDERING_ONLY,Origin=PHASE6_BASE. Exact surface scaffold reconstructed from audited 572 baseline + v1.10–v1.12 corrections - instrumento + 17 Phase-7C regional additions.,,1.30
FREQ-ATOM-0319,ITEM_SCAFFOLD,levantarse,ATOMIC_SURFACE_FORM,,,,,MULTI_SOURCE_PENDING,PENDING_12B_EXTERNAL_INGEST,,,,,NOT_YET_CLEARED_PER_MEASUREMENT,,NONE,FUTURE_WITHIN_A1_ORDERING_ONLY,Origin=PHASE6_BASE. Exact surface scaffold reconstructed from audited 572 baseline + v1.10–v1.12 corrections - instrumento + 17 Phase-7C regional additions.,,1.30
FREQ-ATOM-0320,ITEM_SCAFFOLD,libro,ATOMIC_SURFACE_FORM,,,,,MULTI_SOURCE_PENDING,PENDING_12B_EXTERNAL_INGEST,,,,,NOT_YET_CLEARED_PER_MEASUREMENT,,NONE,FUTURE_WITHIN_A1_ORDERING_ONLY,Origin=PHASE6_BASE. Exact surface scaffold reconstructed from audited 572 baseline + v1.10–v1.12 corrections - instrumento + 17 Phase-7C regional additions.,,1.30
FREQ-ATOM-0321,ITEM_SCAFFOLD,lindo,ATOMIC_SURFACE_FORM,,,,,MULTI_SOURCE_PENDING,PENDING_12B_EXTERNAL_INGEST,,,,,NOT_YET_CLEARED_PER_MEASUREMENT,,NONE,FUTURE_WITHIN_A1_ORDERING_ONLY,Origin=PHASE6_BASE. Exact surface scaffold reconstructed from audited 572 baseline + v1.10–v1.12 corrections - instrumento + 17 Phase-7C regional additions.,,1.30
FREQ-ATOM-0322,ITEM_SCAFFOLD,llamarse,ATOMIC_SURFACE_FORM,,,,,MULTI_SOURCE_PENDING,PENDING_12B_EXTERNAL_INGEST,,,,,NOT_YET_CLEARED_PER_MEASUREMENT,,NONE,FUTURE_WITHIN_A1_ORDERING_ONLY,Origin=PHASE6_BASE. Exact surface scaffold reconstructed from audited 572 baseline + v1.10–v1.12 corrections - instrumento + 17 Phase-7C regional additions.,,1.30
FREQ-ATOM-0323,ITEM_SCAFFOLD,llave,ATOMIC_SURFACE_FORM,,,,,MULTI_SOURCE_PENDING,PENDING_12B_EXTERNAL_INGEST,,,,,NOT_YET_CLEARED_PER_MEASUREMENT,,NONE,FUTURE_WITHIN_A1_ORDERING_ONLY,Origin=PHASE6_BASE. Exact surface scaffold reconstructed from audited 572 baseline + v1.10–v1.12 corrections - instrumento + 17 Phase-7C regional additions.,,1.30
FREQ-ATOM-0324,ITEM_SCAFFOLD,llaves,ATOMIC_SURFACE_FORM,,,,,MULTI_SOURCE_PENDING,PENDING_12B_EXTERNAL_INGEST,,,,,NOT_YET_CLEARED_PER_MEASUREMENT,,NONE,FUTURE_WITHIN_A1_ORDERING_ONLY,Origin=7B_SURFACE_CORRECTION. Exact surface scaffold reconstructed from audited 572 baseline + v1.10–v1.12 corrections - instrumento + 17 Phase-7C regional additions.,,1.30
FREQ-ATOM-0325,ITEM_SCAFFOLD,llegar,ATOMIC_SURFACE_FORM,,,,,MULTI_SOURCE_PENDING,PENDING_12B_EXTERNAL_INGEST,,,,,NOT_YET_CLEARED_PER_MEASUREMENT,,NONE,FUTURE_WITHIN_A1_ORDERING_ONLY,Origin=PHASE6_BASE. Exact surface scaffold reconstructed from audited 572 baseline + v1.10–v1.12 corrections - instrumento + 17 Phase-7C regional additions.,,1.30
FREQ-ATOM-0326,ITEM_SCAFFOLD,llevar,ATOMIC_SURFACE_FORM,,,,,MULTI_SOURCE_PENDING,PENDING_12B_EXTERNAL_INGEST,,,,,NOT_YET_CLEARED_PER_MEASUREMENT,,NONE,FUTURE_WITHIN_A1_ORDERING_ONLY,Origin=PHASE6_BASE. Exact surface scaffold reconstructed from audited 572 baseline + v1.10–v1.12 corrections - instrumento + 17 Phase-7C regional additions.,,1.30
FREQ-ATOM-0327,ITEM_SCAFFOLD,llover,ATOMIC_SURFACE_FORM,,,,,MULTI_SOURCE_PENDING,PENDING_12B_EXTERNAL_INGEST,,,,,NOT_YET_CLEARED_PER_MEASUREMENT,,NONE,FUTURE_WITHIN_A1_ORDERING_ONLY,Origin=PHASE6_BASE. Exact surface scaffold reconstructed from audited 572 baseline + v1.10–v1.12 corrections - instrumento + 17 Phase-7C regional additions.,,1.30
FREQ-ATOM-0328,ITEM_SCAFFOLD,los,ATOMIC_SURFACE_FORM,,,,,MULTI_SOURCE_PENDING,PENDING_12B_EXTERNAL_INGEST,,,,,NOT_YET_CLEARED_PER_MEASUREMENT,,NONE,FUTURE_WITHIN_A1_ORDERING_ONLY,Origin=PHASE6_BASE. Exact surface scaffold reconstructed from audited 572 baseline + v1.10–v1.12 corrections - instrumento + 17 Phase-7C regional additions.,,1.30
FREQ-ATOM-0329,ITEM_SCAFFOLD,lugar,ATOMIC_SURFACE_FORM,,,,,MULTI_SOURCE_PENDING,PENDING_12B_EXTERNAL_INGEST,,,,,NOT_YET_CLEARED_PER_MEASUREMENT,,NONE,FUTURE_WITHIN_A1_ORDERING_ONLY,Origin=PHASE6_BASE. Exact surface scaffold reconstructed from audited 572 baseline + v1.10–v1.12 corrections - instrumento + 17 Phase-7C regional additions.,,1.30
FREQ-ATOM-0330,ITEM_SCAFFOLD,lápiz,ATOMIC_SURFACE_FORM,,,,,MULTI_SOURCE_PENDING,PENDING_12B_EXTERNAL_INGEST,,,,,NOT_YET_CLEARED_PER_MEASUREMENT,,NONE,FUTURE_WITHIN_A1_ORDERING_ONLY,Origin=PHASE6_BASE. Exact surface scaffold reconstructed from audited 572 baseline + v1.10–v1.12 corrections - instrumento + 17 Phase-7C regional additions.,,1.30
FREQ-ATOM-0331,ITEM_SCAFFOLD,madre,ATOMIC_SURFACE_FORM,,,,,MULTI_SOURCE_PENDING,PENDING_12B_EXTERNAL_INGEST,,,,,NOT_YET_CLEARED_PER_MEASUREMENT,,NONE,FUTURE_WITHIN_A1_ORDERING_ONLY,Origin=PHASE6_BASE. Exact surface scaffold reconstructed from audited 572 baseline + v1.10–v1.12 corrections - instrumento + 17 Phase-7C regional additions.,,1.30
FREQ-ATOM-0332,ITEM_SCAFFOLD,mal,ATOMIC_SURFACE_FORM,,,,,MULTI_SOURCE_PENDING,PENDING_12B_EXTERNAL_INGEST,,,,,NOT_YET_CLEARED_PER_MEASUREMENT,,NONE,FUTURE_WITHIN_A1_ORDERING_ONLY,Origin=PHASE6_BASE. Exact surface scaffold reconstructed from audited 572 baseline + v1.10–v1.12 corrections - instrumento + 17 Phase-7C regional additions.,,1.30
FREQ-ATOM-0333,ITEM_SCAFFOLD,maleta,ATOMIC_SURFACE_FORM,,,,,MULTI_SOURCE_PENDING,PENDING_12B_EXTERNAL_INGEST,,,,,NOT_YET_CLEARED_PER_MEASUREMENT,,NONE,FUTURE_WITHIN_A1_ORDERING_ONLY,Origin=PHASE6_BASE. Exact surface scaffold reconstructed from audited 572 baseline + v1.10–v1.12 corrections - instrumento + 17 Phase-7C regional additions.,,1.30
FREQ-ATOM-0334,ITEM_SCAFFOLD,malo,ATOMIC_SURFACE_FORM,,,,,MULTI_SOURCE_PENDING,PENDING_12B_EXTERNAL_INGEST,,,,,NOT_YET_CLEARED_PER_MEASUREMENT,,NONE,FUTURE_WITHIN_A1_ORDERING_ONLY,Origin=PHASE6_BASE. Exact surface scaffold reconstructed from audited 572 baseline + v1.10–v1.12 corrections - instrumento + 17 Phase-7C regional additions.,,1.30
FREQ-ATOM-0335,ITEM_SCAFFOLD,mano,ATOMIC_SURFACE_FORM,,,,,MULTI_SOURCE_PENDING,PENDING_12B_EXTERNAL_INGEST,,,,,NOT_YET_CLEARED_PER_MEASUREMENT,,NONE,FUTURE_WITHIN_A1_ORDERING_ONLY,Origin=PHASE6_BASE. Exact surface scaffold reconstructed from audited 572 baseline + v1.10–v1.12 corrections - instrumento + 17 Phase-7C regional additions.,,1.30
FREQ-ATOM-0336,ITEM_SCAFFOLD,mapa,ATOMIC_SURFACE_FORM,,,,,MULTI_SOURCE_PENDING,PENDING_12B_EXTERNAL_INGEST,,,,,NOT_YET_CLEARED_PER_MEASUREMENT,,NONE,FUTURE_WITHIN_A1_ORDERING_ONLY,Origin=PHASE6_BASE. Exact surface scaffold reconstructed from audited 572 baseline + v1.10–v1.12 corrections - instrumento + 17 Phase-7C regional additions.,,1.30
FREQ-ATOM-0337,ITEM_SCAFFOLD,mar,ATOMIC_SURFACE_FORM,,,,,MULTI_SOURCE_PENDING,PENDING_12B_EXTERNAL_INGEST,,,,,NOT_YET_CLEARED_PER_MEASUREMENT,,NONE,FUTURE_WITHIN_A1_ORDERING_ONLY,Origin=PHASE6_BASE. Exact surface scaffold reconstructed from audited 572 baseline + v1.10–v1.12 corrections - instrumento + 17 Phase-7C regional additions.,,1.30
FREQ-ATOM-0338,ITEM_SCAFFOLD,marido,ATOMIC_SURFACE_FORM,,,,,MULTI_SOURCE_PENDING,PENDING_12B_EXTERNAL_INGEST,,,,,NOT_YET_CLEARED_PER_MEASUREMENT,,NONE,FUTURE_WITHIN_A1_ORDERING_ONLY,Origin=PHASE6_BASE. Exact surface scaffold reconstructed from audited 572 baseline + v1.10–v1.12 corrections - instrumento + 17 Phase-7C regional additions.,,1.30
FREQ-ATOM-0339,ITEM_SCAFFOLD,marroquí,ATOMIC_SURFACE_FORM,,,,,MULTI_SOURCE_PENDING,PENDING_12B_EXTERNAL_INGEST,,,,,NOT_YET_CLEARED_PER_MEASUREMENT,,NONE,FUTURE_WITHIN_A1_ORDERING_ONLY,Origin=PHASE6_BASE. Exact surface scaffold reconstructed from audited 572 baseline + v1.10–v1.12 corrections - instrumento + 17 Phase-7C regional additions.,,1.30
FREQ-ATOM-0340,ITEM_SCAFFOLD,marrón,ATOMIC_SURFACE_FORM,,,,,MULTI_SOURCE_PENDING,PENDING_12B_EXTERNAL_INGEST,,,,,NOT_YET_CLEARED_PER_MEASUREMENT,,NONE,FUTURE_WITHIN_A1_ORDERING_ONLY,Origin=PHASE6_BASE. Exact surface scaffold reconstructed from audited 572 baseline + v1.10–v1.12 corrections - instrumento + 17 Phase-7C regional additions.,,1.30
FREQ-ATOM-0341,ITEM_SCAFFOLD,mañana,ATOMIC_SURFACE_FORM,,,,,MULTI_SOURCE_PENDING,PENDING_12B_EXTERNAL_INGEST,,,,,NOT_YET_CLEARED_PER_MEASUREMENT,,NONE,FUTURE_WITHIN_A1_ORDERING_ONLY,Origin=PHASE6_BASE. Exact surface scaffold reconstructed from audited 572 baseline + v1.10–v1.12 corrections - instrumento + 17 Phase-7C regional additions.,,1.30
FREQ-ATOM-0342,ITEM_SCAFFOLD,me,ATOMIC_SURFACE_FORM,,,,,MULTI_SOURCE_PENDING,PENDING_12B_EXTERNAL_INGEST,,,,,NOT_YET_CLEARED_PER_MEASUREMENT,,NONE,FUTURE_WITHIN_A1_ORDERING_ONLY,Origin=PHASE6_BASE. Exact surface scaffold reconstructed from audited 572 baseline + v1.10–v1.12 corrections - instrumento + 17 Phase-7C regional additions.,,1.30
FREQ-ATOM-0343,ITEM_SCAFFOLD,menos,ATOMIC_SURFACE_FORM,,,,,MULTI_SOURCE_PENDING,PENDING_12B_EXTERNAL_INGEST,,,,,NOT_YET_CLEARED_PER_MEASUREMENT,,NONE,FUTURE_WITHIN_A1_ORDERING_ONLY,Origin=PHASE6_BASE. Exact surface scaffold reconstructed from audited 572 baseline + v1.10–v1.12 corrections - instrumento + 17 Phase-7C regional additions.,,1.30
FREQ-ATOM-0344,ITEM_SCAFFOLD,mensaje,ATOMIC_SURFACE_FORM,,,,,MULTI_SOURCE_PENDING,PENDING_12B_EXTERNAL_INGEST,,,,,NOT_YET_CLEARED_PER_MEASUREMENT,,NONE,FUTURE_WITHIN_A1_ORDERING_ONLY,Origin=PHASE6_BASE. Exact surface scaffold reconstructed from audited 572 baseline + v1.10–v1.12 corrections - instrumento + 17 Phase-7C regional additions.,,1.30
FREQ-ATOM-0345,ITEM_SCAFFOLD,menú,ATOMIC_SURFACE_FORM,,,,,MULTI_SOURCE_PENDING,PENDING_12B_EXTERNAL_INGEST,,,,,NOT_YET_CLEARED_PER_MEASUREMENT,,NONE,FUTURE_WITHIN_A1_ORDERING_ONLY,Origin=PHASE6_BASE. Exact surface scaffold reconstructed from audited 572 baseline + v1.10–v1.12 corrections - instrumento + 17 Phase-7C regional additions.,,1.30
FREQ-ATOM-0346,ITEM_SCAFFOLD,mercado,ATOMIC_SURFACE_FORM,,,,,MULTI_SOURCE_PENDING,PENDING_12B_EXTERNAL_INGEST,,,,,NOT_YET_CLEARED_PER_MEASUREMENT,,NONE,FUTURE_WITHIN_A1_ORDERING_ONLY,Origin=PHASE6_BASE. Exact surface scaffold reconstructed from audited 572 baseline + v1.10–v1.12 corrections - instrumento + 17 Phase-7C regional additions.,,1.30
FREQ-ATOM-0347,ITEM_SCAFFOLD,merendar,ATOMIC_SURFACE_FORM,,,,,MULTI_SOURCE_PENDING,PENDING_12B_EXTERNAL_INGEST,,,,,NOT_YET_CLEARED_PER_MEASUREMENT,,NONE,FUTURE_WITHIN_A1_ORDERING_ONLY,Origin=PHASE6_BASE. Exact surface scaffold reconstructed from audited 572 baseline + v1.10–v1.12 corrections - instrumento + 17 Phase-7C regional additions.,,1.30
FREQ-ATOM-0348,ITEM_SCAFFOLD,merienda,ATOMIC_SURFACE_FORM,,,,,MULTI_SOURCE_PENDING,PENDING_12B_EXTERNAL_INGEST,,,,,NOT_YET_CLEARED_PER_MEASUREMENT,,NONE,FUTURE_WITHIN_A1_ORDERING_ONLY,Origin=PHASE6_BASE. Exact surface scaffold reconstructed from audited 572 baseline + v1.10–v1.12 corrections - instrumento + 17 Phase-7C regional additions.,,1.30
FREQ-ATOM-0349,ITEM_SCAFFOLD,mes,ATOMIC_SURFACE_FORM,,,,,MULTI_SOURCE_PENDING,PENDING_12B_EXTERNAL_INGEST,,,,,NOT_YET_CLEARED_PER_MEASUREMENT,,NONE,FUTURE_WITHIN_A1_ORDERING_ONLY,Origin=PHASE6_BASE. Exact surface scaffold reconstructed from audited 572 baseline + v1.10–v1.12 corrections - instrumento + 17 Phase-7C regional additions.,,1.30
FREQ-ATOM-0350,ITEM_SCAFFOLD,mesa,ATOMIC_SURFACE_FORM,,,,,MULTI_SOURCE_PENDING,PENDING_12B_EXTERNAL_INGEST,,,,,NOT_YET_CLEARED_PER_MEASUREMENT,,NONE,FUTURE_WITHIN_A1_ORDERING_ONLY,Origin=PHASE6_BASE. Exact surface scaffold reconstructed from audited 572 baseline + v1.10–v1.12 corrections - instrumento + 17 Phase-7C regional additions.,,1.30
FREQ-ATOM-0351,ITEM_SCAFFOLD,mesero,ATOMIC_SURFACE_FORM,,,,,MULTI_SOURCE_PENDING,PENDING_12B_EXTERNAL_INGEST,,,,,NOT_YET_CLEARED_PER_MEASUREMENT,,NONE,FUTURE_WITHIN_A1_ORDERING_ONLY,Origin=7C_REGIONAL_ADDITION. Exact surface scaffold reconstructed from audited 572 baseline + v1.10–v1.12 corrections - instrumento + 17 Phase-7C regional additions.,,1.30
FREQ-ATOM-0352,ITEM_SCAFFOLD,metro,ATOMIC_SURFACE_FORM,,,,,MULTI_SOURCE_PENDING,PENDING_12B_EXTERNAL_INGEST,,,,,NOT_YET_CLEARED_PER_MEASUREMENT,,NONE,FUTURE_WITHIN_A1_ORDERING_ONLY,Origin=PHASE6_BASE. Exact surface scaffold reconstructed from audited 572 baseline + v1.10–v1.12 corrections - instrumento + 17 Phase-7C regional additions.,,1.30
FREQ-ATOM-0353,ITEM_SCAFFOLD,mexicano,ATOMIC_SURFACE_FORM,,,,,MULTI_SOURCE_PENDING,PENDING_12B_EXTERNAL_INGEST,,,,,NOT_YET_CLEARED_PER_MEASUREMENT,,NONE,FUTURE_WITHIN_A1_ORDERING_ONLY,Origin=PHASE6_BASE. Exact surface scaffold reconstructed from audited 572 baseline + v1.10–v1.12 corrections - instrumento + 17 Phase-7C regional additions.,,1.30
FREQ-ATOM-0354,ITEM_SCAFFOLD,mezquita,ATOMIC_SURFACE_FORM,,,,,MULTI_SOURCE_PENDING,PENDING_12B_EXTERNAL_INGEST,,,,,NOT_YET_CLEARED_PER_MEASUREMENT,,NONE,FUTURE_WITHIN_A1_ORDERING_ONLY,Origin=PHASE6_BASE. Exact surface scaffold reconstructed from audited 572 baseline + v1.10–v1.12 corrections - instrumento + 17 Phase-7C regional additions.,,1.30
FREQ-ATOM-0355,ITEM_SCAFFOLD,mi,ATOMIC_SURFACE_FORM,,,,,MULTI_SOURCE_PENDING,PENDING_12B_EXTERNAL_INGEST,,,,,NOT_YET_CLEARED_PER_MEASUREMENT,,NONE,FUTURE_WITHIN_A1_ORDERING_ONLY,Origin=PHASE6_BASE. Exact surface scaffold reconstructed from audited 572 baseline + v1.10–v1.12 corrections - instrumento + 17 Phase-7C regional additions.,,1.30
FREQ-ATOM-0356,ITEM_SCAFFOLD,minuto,ATOMIC_SURFACE_FORM,,,,,MULTI_SOURCE_PENDING,PENDING_12B_EXTERNAL_INGEST,,,,,NOT_YET_CLEARED_PER_MEASUREMENT,,NONE,FUTURE_WITHIN_A1_ORDERING_ONLY,Origin=PHASE6_BASE. Exact surface scaffold reconstructed from audited 572 baseline + v1.10–v1.12 corrections - instrumento + 17 Phase-7C regional additions.,,1.30
FREQ-ATOM-0357,ITEM_SCAFFOLD,mis,ATOMIC_SURFACE_FORM,,,,,MULTI_SOURCE_PENDING,PENDING_12B_EXTERNAL_INGEST,,,,,NOT_YET_CLEARED_PER_MEASUREMENT,,NONE,FUTURE_WITHIN_A1_ORDERING_ONLY,Origin=PHASE6_BASE. Exact surface scaffold reconstructed from audited 572 baseline + v1.10–v1.12 corrections - instrumento + 17 Phase-7C regional additions.,,1.30
FREQ-ATOM-0358,ITEM_SCAFFOLD,momento,ATOMIC_SURFACE_FORM,,,,,MULTI_SOURCE_PENDING,PENDING_12B_EXTERNAL_INGEST,,,,,NOT_YET_CLEARED_PER_MEASUREMENT,,NONE,FUTURE_WITHIN_A1_ORDERING_ONLY,Origin=PHASE6_BASE. Exact surface scaffold reconstructed from audited 572 baseline + v1.10–v1.12 corrections - instrumento + 17 Phase-7C regional additions.,,1.30
FREQ-ATOM-0359,ITEM_SCAFFOLD,montaña,ATOMIC_SURFACE_FORM,,,,,MULTI_SOURCE_PENDING,PENDING_12B_EXTERNAL_INGEST,,,,,NOT_YET_CLEARED_PER_MEASUREMENT,,NONE,FUTURE_WITHIN_A1_ORDERING_ONLY,Origin=PHASE6_BASE. Exact surface scaffold reconstructed from audited 572 baseline + v1.10–v1.12 corrections - instrumento + 17 Phase-7C regional additions.,,1.30
FREQ-ATOM-0360,ITEM_SCAFFOLD,monumento,ATOMIC_SURFACE_FORM,,,,,MULTI_SOURCE_PENDING,PENDING_12B_EXTERNAL_INGEST,,,,,NOT_YET_CLEARED_PER_MEASUREMENT,,NONE,FUTURE_WITHIN_A1_ORDERING_ONLY,Origin=PHASE6_BASE. Exact surface scaffold reconstructed from audited 572 baseline + v1.10–v1.12 corrections - instrumento + 17 Phase-7C regional additions.,,1.30
FREQ-ATOM-0361,ITEM_SCAFFOLD,moreno,ATOMIC_SURFACE_FORM,,,,,MULTI_SOURCE_PENDING,PENDING_12B_EXTERNAL_INGEST,,,,,NOT_YET_CLEARED_PER_MEASUREMENT,,NONE,FUTURE_WITHIN_A1_ORDERING_ONLY,Origin=PHASE6_BASE. Exact surface scaffold reconstructed from audited 572 baseline + v1.10–v1.12 corrections - instrumento + 17 Phase-7C regional additions.,,1.30
FREQ-ATOM-0362,ITEM_SCAFFOLD,mucho,ATOMIC_SURFACE_FORM,,,,,MULTI_SOURCE_PENDING,PENDING_12B_EXTERNAL_INGEST,,,,,NOT_YET_CLEARED_PER_MEASUREMENT,,NONE,FUTURE_WITHIN_A1_ORDERING_ONLY,Origin=PHASE6_BASE. Exact surface scaffold reconstructed from audited 572 baseline + v1.10–v1.12 corrections - instrumento + 17 Phase-7C regional additions.,,1.30
FREQ-ATOM-0363,ITEM_SCAFFOLD,muchos,ATOMIC_SURFACE_FORM,,,,,MULTI_SOURCE_PENDING,PENDING_12B_EXTERNAL_INGEST,,,,,NOT_YET_CLEARED_PER_MEASUREMENT,,NONE,FUTURE_WITHIN_A1_ORDERING_ONLY,Origin=7B_SURFACE_CORRECTION. Exact surface scaffold reconstructed from audited 572 baseline + v1.10–v1.12 corrections - instrumento + 17 Phase-7C regional additions.,,1.30
FREQ-ATOM-0364,ITEM_SCAFFOLD,mujer,ATOMIC_SURFACE_FORM,,,,,MULTI_SOURCE_PENDING,PENDING_12B_EXTERNAL_INGEST,,,,,NOT_YET_CLEARED_PER_MEASUREMENT,,NONE,FUTURE_WITHIN_A1_ORDERING_ONLY,Origin=PHASE6_BASE. Exact surface scaffold reconstructed from audited 572 baseline + v1.10–v1.12 corrections - instrumento + 17 Phase-7C regional additions.,,1.30
FREQ-ATOM-0365,ITEM_SCAFFOLD,museo,ATOMIC_SURFACE_FORM,,,,,MULTI_SOURCE_PENDING,PENDING_12B_EXTERNAL_INGEST,,,,,NOT_YET_CLEARED_PER_MEASUREMENT,,NONE,FUTURE_WITHIN_A1_ORDERING_ONLY,Origin=PHASE6_BASE. Exact surface scaffold reconstructed from audited 572 baseline + v1.10–v1.12 corrections - instrumento + 17 Phase-7C regional additions.,,1.30
FREQ-ATOM-0366,ITEM_SCAFFOLD,musulmán,ATOMIC_SURFACE_FORM,,,,,MULTI_SOURCE_PENDING,PENDING_12B_EXTERNAL_INGEST,,,,,NOT_YET_CLEARED_PER_MEASUREMENT,,NONE,FUTURE_WITHIN_A1_ORDERING_ONLY,Origin=PHASE6_BASE. Exact surface scaffold reconstructed from audited 572 baseline + v1.10–v1.12 corrections - instrumento + 17 Phase-7C regional additions.,,1.30
FREQ-ATOM-0367,ITEM_SCAFFOLD,muy,ATOMIC_SURFACE_FORM,,,,,MULTI_SOURCE_PENDING,PENDING_12B_EXTERNAL_INGEST,,,,,NOT_YET_CLEARED_PER_MEASUREMENT,,NONE,FUTURE_WITHIN_A1_ORDERING_ONLY,Origin=PHASE6_BASE. Exact surface scaffold reconstructed from audited 572 baseline + v1.10–v1.12 corrections - instrumento + 17 Phase-7C regional additions.,,1.30
FREQ-ATOM-0368,ITEM_SCAFFOLD,más,ATOMIC_SURFACE_FORM,,,,,MULTI_SOURCE_PENDING,PENDING_12B_EXTERNAL_INGEST,,,,,NOT_YET_CLEARED_PER_MEASUREMENT,,NONE,FUTURE_WITHIN_A1_ORDERING_ONLY,Origin=PHASE6_BASE. Exact surface scaffold reconstructed from audited 572 baseline + v1.10–v1.12 corrections - instrumento + 17 Phase-7C regional additions.,,1.30
FREQ-ATOM-0369,ITEM_SCAFFOLD,médico,ATOMIC_SURFACE_FORM,,,,,MULTI_SOURCE_PENDING,PENDING_12B_EXTERNAL_INGEST,,,,,NOT_YET_CLEARED_PER_MEASUREMENT,,NONE,FUTURE_WITHIN_A1_ORDERING_ONLY,Origin=PHASE6_BASE. Exact surface scaffold reconstructed from audited 572 baseline + v1.10–v1.12 corrections - instrumento + 17 Phase-7C regional additions.,,1.30
FREQ-ATOM-0370,ITEM_SCAFFOLD,móvil,ATOMIC_SURFACE_FORM,,,,,MULTI_SOURCE_PENDING,PENDING_12B_EXTERNAL_INGEST,,,,,NOT_YET_CLEARED_PER_MEASUREMENT,,NONE,FUTURE_WITHIN_A1_ORDERING_ONLY,Origin=PHASE6_BASE. Exact surface scaffold reconstructed from audited 572 baseline + v1.10–v1.12 corrections - instrumento + 17 Phase-7C regional additions.,,1.30
FREQ-ATOM-0371,ITEM_SCAFFOLD,música,ATOMIC_SURFACE_FORM,,,,,MULTI_SOURCE_PENDING,PENDING_12B_EXTERNAL_INGEST,,,,,NOT_YET_CLEARED_PER_MEASUREMENT,,NONE,FUTURE_WITHIN_A1_ORDERING_ONLY,Origin=PHASE6_BASE. Exact surface scaffold reconstructed from audited 572 baseline + v1.10–v1.12 corrections - instrumento + 17 Phase-7C regional additions.,,1.30
FREQ-ATOM-0372,ITEM_SCAFFOLD,nacionalidad,ATOMIC_SURFACE_FORM,,,,,MULTI_SOURCE_PENDING,PENDING_12B_EXTERNAL_INGEST,,,,,NOT_YET_CLEARED_PER_MEASUREMENT,,NONE,FUTURE_WITHIN_A1_ORDERING_ONLY,Origin=PHASE6_BASE. Exact surface scaffold reconstructed from audited 572 baseline + v1.10–v1.12 corrections - instrumento + 17 Phase-7C regional additions.,,1.30
FREQ-ATOM-0373,ITEM_SCAFFOLD,nadar,ATOMIC_SURFACE_FORM,,,,,MULTI_SOURCE_PENDING,PENDING_12B_EXTERNAL_INGEST,,,,,NOT_YET_CLEARED_PER_MEASUREMENT,,NONE,FUTURE_WITHIN_A1_ORDERING_ONLY,Origin=PHASE6_BASE. Exact surface scaffold reconstructed from audited 572 baseline + v1.10–v1.12 corrections - instrumento + 17 Phase-7C regional additions.,,1.30
FREQ-ATOM-0374,ITEM_SCAFFOLD,naranja,ATOMIC_SURFACE_FORM,,,,,MULTI_SOURCE_PENDING,PENDING_12B_EXTERNAL_INGEST,,,,,NOT_YET_CLEARED_PER_MEASUREMENT,,NONE,FUTURE_WITHIN_A1_ORDERING_ONLY,Origin=PHASE6_BASE. Exact surface scaffold reconstructed from audited 572 baseline + v1.10–v1.12 corrections - instrumento + 17 Phase-7C regional additions.,,1.30
FREQ-ATOM-0375,ITEM_SCAFFOLD,nariz,ATOMIC_SURFACE_FORM,,,,,MULTI_SOURCE_PENDING,PENDING_12B_EXTERNAL_INGEST,,,,,NOT_YET_CLEARED_PER_MEASUREMENT,,NONE,FUTURE_WITHIN_A1_ORDERING_ONLY,Origin=PHASE6_BASE. Exact surface scaffold reconstructed from audited 572 baseline + v1.10–v1.12 corrections - instrumento + 17 Phase-7C regional additions.,,1.30
FREQ-ATOM-0376,ITEM_SCAFFOLD,negro,ATOMIC_SURFACE_FORM,,,,,MULTI_SOURCE_PENDING,PENDING_12B_EXTERNAL_INGEST,,,,,NOT_YET_CLEARED_PER_MEASUREMENT,,NONE,FUTURE_WITHIN_A1_ORDERING_ONLY,Origin=PHASE6_BASE. Exact surface scaffold reconstructed from audited 572 baseline + v1.10–v1.12 corrections - instrumento + 17 Phase-7C regional additions.,,1.30
FREQ-ATOM-0377,ITEM_SCAFFOLD,nevar,ATOMIC_SURFACE_FORM,,,,,MULTI_SOURCE_PENDING,PENDING_12B_EXTERNAL_INGEST,,,,,NOT_YET_CLEARED_PER_MEASUREMENT,,NONE,FUTURE_WITHIN_A1_ORDERING_ONLY,Origin=PHASE6_BASE. Exact surface scaffold reconstructed from audited 572 baseline + v1.10–v1.12 corrections - instrumento + 17 Phase-7C regional additions.,,1.30
FREQ-ATOM-0378,ITEM_SCAFFOLD,ni,ATOMIC_SURFACE_FORM,,,,,MULTI_SOURCE_PENDING,PENDING_12B_EXTERNAL_INGEST,,,,,NOT_YET_CLEARED_PER_MEASUREMENT,,NONE,FUTURE_WITHIN_A1_ORDERING_ONLY,Origin=PHASE6_BASE. Exact surface scaffold reconstructed from audited 572 baseline + v1.10–v1.12 corrections - instrumento + 17 Phase-7C regional additions.,,1.30
FREQ-ATOM-0379,ITEM_SCAFFOLD,nieto,ATOMIC_SURFACE_FORM,,,,,MULTI_SOURCE_PENDING,PENDING_12B_EXTERNAL_INGEST,,,,,NOT_YET_CLEARED_PER_MEASUREMENT,,NONE,FUTURE_WITHIN_A1_ORDERING_ONLY,Origin=PHASE6_BASE. Exact surface scaffold reconstructed from audited 572 baseline + v1.10–v1.12 corrections - instrumento + 17 Phase-7C regional additions.,,1.30
FREQ-ATOM-0380,ITEM_SCAFFOLD,niña,ATOMIC_SURFACE_FORM,,,,,MULTI_SOURCE_PENDING,PENDING_12B_EXTERNAL_INGEST,,,,,NOT_YET_CLEARED_PER_MEASUREMENT,,NONE,FUTURE_WITHIN_A1_ORDERING_ONLY,Origin=7B_SURFACE_CORRECTION. Exact surface scaffold reconstructed from audited 572 baseline + v1.10–v1.12 corrections - instrumento + 17 Phase-7C regional additions.,,1.30
FREQ-ATOM-0381,ITEM_SCAFFOLD,niño,ATOMIC_SURFACE_FORM,,,,,MULTI_SOURCE_PENDING,PENDING_12B_EXTERNAL_INGEST,,,,,NOT_YET_CLEARED_PER_MEASUREMENT,,NONE,FUTURE_WITHIN_A1_ORDERING_ONLY,Origin=PHASE6_BASE. Exact surface scaffold reconstructed from audited 572 baseline + v1.10–v1.12 corrections - instrumento + 17 Phase-7C regional additions.,,1.30
FREQ-ATOM-0382,ITEM_SCAFFOLD,no,ATOMIC_SURFACE_FORM,,,,,MULTI_SOURCE_PENDING,PENDING_12B_EXTERNAL_INGEST,,,,,NOT_YET_CLEARED_PER_MEASUREMENT,,NONE,FUTURE_WITHIN_A1_ORDERING_ONLY,Origin=PHASE6_BASE. Exact surface scaffold reconstructed from audited 572 baseline + v1.10–v1.12 corrections - instrumento + 17 Phase-7C regional additions.,,1.30
FREQ-ATOM-0383,ITEM_SCAFFOLD,noche,ATOMIC_SURFACE_FORM,,,,,MULTI_SOURCE_PENDING,PENDING_12B_EXTERNAL_INGEST,,,,,NOT_YET_CLEARED_PER_MEASUREMENT,,NONE,FUTURE_WITHIN_A1_ORDERING_ONLY,Origin=PHASE6_BASE. Exact surface scaffold reconstructed from audited 572 baseline + v1.10–v1.12 corrections - instrumento + 17 Phase-7C regional additions.,,1.30
FREQ-ATOM-0384,ITEM_SCAFFOLD,nombre,ATOMIC_SURFACE_FORM,,,,,MULTI_SOURCE_PENDING,PENDING_12B_EXTERNAL_INGEST,,,,,NOT_YET_CLEARED_PER_MEASUREMENT,,NONE,FUTURE_WITHIN_A1_ORDERING_ONLY,Origin=PHASE6_BASE. Exact surface scaffold reconstructed from audited 572 baseline + v1.10–v1.12 corrections - instrumento + 17 Phase-7C regional additions.,,1.30
FREQ-ATOM-0385,ITEM_SCAFFOLD,normalmente,ATOMIC_SURFACE_FORM,,,,,MULTI_SOURCE_PENDING,PENDING_12B_EXTERNAL_INGEST,,,,,NOT_YET_CLEARED_PER_MEASUREMENT,,NONE,FUTURE_WITHIN_A1_ORDERING_ONLY,Origin=PHASE6_BASE. Exact surface scaffold reconstructed from audited 572 baseline + v1.10–v1.12 corrections - instrumento + 17 Phase-7C regional additions.,,1.30
FREQ-ATOM-0386,ITEM_SCAFFOLD,norte,ATOMIC_SURFACE_FORM,,,,,MULTI_SOURCE_PENDING,PENDING_12B_EXTERNAL_INGEST,,,,,NOT_YET_CLEARED_PER_MEASUREMENT,,NONE,FUTURE_WITHIN_A1_ORDERING_ONLY,Origin=PHASE6_BASE. Exact surface scaffold reconstructed from audited 572 baseline + v1.10–v1.12 corrections - instrumento + 17 Phase-7C regional additions.,,1.30
FREQ-ATOM-0387,ITEM_SCAFFOLD,nosotras,ATOMIC_SURFACE_FORM,,,,,MULTI_SOURCE_PENDING,PENDING_12B_EXTERNAL_INGEST,,,,,NOT_YET_CLEARED_PER_MEASUREMENT,,NONE,FUTURE_WITHIN_A1_ORDERING_ONLY,Origin=PHASE6_BASE. Exact surface scaffold reconstructed from audited 572 baseline + v1.10–v1.12 corrections - instrumento + 17 Phase-7C regional additions.,,1.30
FREQ-ATOM-0388,ITEM_SCAFFOLD,nosotros,ATOMIC_SURFACE_FORM,,,,,MULTI_SOURCE_PENDING,PENDING_12B_EXTERNAL_INGEST,,,,,NOT_YET_CLEARED_PER_MEASUREMENT,,NONE,FUTURE_WITHIN_A1_ORDERING_ONLY,Origin=PHASE6_BASE. Exact surface scaffold reconstructed from audited 572 baseline + v1.10–v1.12 corrections - instrumento + 17 Phase-7C regional additions.,,1.30
FREQ-ATOM-0389,ITEM_SCAFFOLD,novena,ATOMIC_SURFACE_FORM,,,,,MULTI_SOURCE_PENDING,PENDING_12B_EXTERNAL_INGEST,,,,,NOT_YET_CLEARED_PER_MEASUREMENT,,NONE,FUTURE_WITHIN_A1_ORDERING_ONLY,Origin=PHASE6_BASE. Exact surface scaffold reconstructed from audited 572 baseline + v1.10–v1.12 corrections - instrumento + 17 Phase-7C regional additions.,,1.30
FREQ-ATOM-0390,ITEM_SCAFFOLD,noveno,ATOMIC_SURFACE_FORM,,,,,MULTI_SOURCE_PENDING,PENDING_12B_EXTERNAL_INGEST,,,,,NOT_YET_CLEARED_PER_MEASUREMENT,,NONE,FUTURE_WITHIN_A1_ORDERING_ONLY,Origin=PHASE6_BASE. Exact surface scaffold reconstructed from audited 572 baseline + v1.10–v1.12 corrections - instrumento + 17 Phase-7C regional additions.,,1.30
FREQ-ATOM-0391,ITEM_SCAFFOLD,novio,ATOMIC_SURFACE_FORM,,,,,MULTI_SOURCE_PENDING,PENDING_12B_EXTERNAL_INGEST,,,,,NOT_YET_CLEARED_PER_MEASUREMENT,,NONE,FUTURE_WITHIN_A1_ORDERING_ONLY,Origin=PHASE6_BASE. Exact surface scaffold reconstructed from audited 572 baseline + v1.10–v1.12 corrections - instrumento + 17 Phase-7C regional additions.,,1.30
FREQ-ATOM-0392,ITEM_SCAFFOLD,nuestra,ATOMIC_SURFACE_FORM,,,,,MULTI_SOURCE_PENDING,PENDING_12B_EXTERNAL_INGEST,,,,,NOT_YET_CLEARED_PER_MEASUREMENT,,NONE,FUTURE_WITHIN_A1_ORDERING_ONLY,Origin=PHASE6_BASE. Exact surface scaffold reconstructed from audited 572 baseline + v1.10–v1.12 corrections - instrumento + 17 Phase-7C regional additions.,,1.30
FREQ-ATOM-0393,ITEM_SCAFFOLD,nuestras,ATOMIC_SURFACE_FORM,,,,,MULTI_SOURCE_PENDING,PENDING_12B_EXTERNAL_INGEST,,,,,NOT_YET_CLEARED_PER_MEASUREMENT,,NONE,FUTURE_WITHIN_A1_ORDERING_ONLY,Origin=PHASE6_BASE. Exact surface scaffold reconstructed from audited 572 baseline + v1.10–v1.12 corrections - instrumento + 17 Phase-7C regional additions.,,1.30
FREQ-ATOM-0394,ITEM_SCAFFOLD,nuestro,ATOMIC_SURFACE_FORM,,,,,MULTI_SOURCE_PENDING,PENDING_12B_EXTERNAL_INGEST,,,,,NOT_YET_CLEARED_PER_MEASUREMENT,,NONE,FUTURE_WITHIN_A1_ORDERING_ONLY,Origin=PHASE6_BASE. Exact surface scaffold reconstructed from audited 572 baseline + v1.10–v1.12 corrections - instrumento + 17 Phase-7C regional additions.,,1.30
FREQ-ATOM-0395,ITEM_SCAFFOLD,nuestros,ATOMIC_SURFACE_FORM,,,,,MULTI_SOURCE_PENDING,PENDING_12B_EXTERNAL_INGEST,,,,,NOT_YET_CLEARED_PER_MEASUREMENT,,NONE,FUTURE_WITHIN_A1_ORDERING_ONLY,Origin=PHASE6_BASE. Exact surface scaffold reconstructed from audited 572 baseline + v1.10–v1.12 corrections - instrumento + 17 Phase-7C regional additions.,,1.30
FREQ-ATOM-0396,ITEM_SCAFFOLD,nuevo,ATOMIC_SURFACE_FORM,,,,,MULTI_SOURCE_PENDING,PENDING_12B_EXTERNAL_INGEST,,,,,NOT_YET_CLEARED_PER_MEASUREMENT,,NONE,FUTURE_WITHIN_A1_ORDERING_ONLY,Origin=PHASE6_BASE. Exact surface scaffold reconstructed from audited 572 baseline + v1.10–v1.12 corrections - instrumento + 17 Phase-7C regional additions.,,1.30
FREQ-ATOM-0397,ITEM_SCAFFOLD,nunca,ATOMIC_SURFACE_FORM,,,,,MULTI_SOURCE_PENDING,PENDING_12B_EXTERNAL_INGEST,,,,,NOT_YET_CLEARED_PER_MEASUREMENT,,NONE,FUTURE_WITHIN_A1_ORDERING_ONLY,Origin=PHASE6_BASE. Exact surface scaffold reconstructed from audited 572 baseline + v1.10–v1.12 corrections - instrumento + 17 Phase-7C regional additions.,,1.30
FREQ-ATOM-0398,ITEM_SCAFFOLD,número,ATOMIC_SURFACE_FORM,,,,,MULTI_SOURCE_PENDING,PENDING_12B_EXTERNAL_INGEST,,,,,NOT_YET_CLEARED_PER_MEASUREMENT,,NONE,FUTURE_WITHIN_A1_ORDERING_ONLY,Origin=PHASE6_BASE. Exact surface scaffold reconstructed from audited 572 baseline + v1.10–v1.12 corrections - instrumento + 17 Phase-7C regional additions.,,1.30
FREQ-ATOM-0399,ITEM_SCAFFOLD,o,ATOMIC_SURFACE_FORM,,,,,MULTI_SOURCE_PENDING,PENDING_12B_EXTERNAL_INGEST,,,,,NOT_YET_CLEARED_PER_MEASUREMENT,,NONE,FUTURE_WITHIN_A1_ORDERING_ONLY,Origin=PHASE6_BASE. Exact surface scaffold reconstructed from audited 572 baseline + v1.10–v1.12 corrections - instrumento + 17 Phase-7C regional additions.,,1.30
FREQ-ATOM-0400,ITEM_SCAFFOLD,octava,ATOMIC_SURFACE_FORM,,,,,MULTI_SOURCE_PENDING,PENDING_12B_EXTERNAL_INGEST,,,,,NOT_YET_CLEARED_PER_MEASUREMENT,,NONE,FUTURE_WITHIN_A1_ORDERING_ONLY,Origin=PHASE6_BASE. Exact surface scaffold reconstructed from audited 572 baseline + v1.10–v1.12 corrections - instrumento + 17 Phase-7C regional additions.,,1.30
FREQ-ATOM-0401,ITEM_SCAFFOLD,octavo,ATOMIC_SURFACE_FORM,,,,,MULTI_SOURCE_PENDING,PENDING_12B_EXTERNAL_INGEST,,,,,NOT_YET_CLEARED_PER_MEASUREMENT,,NONE,FUTURE_WITHIN_A1_ORDERING_ONLY,Origin=PHASE6_BASE. Exact surface scaffold reconstructed from audited 572 baseline + v1.10–v1.12 corrections - instrumento + 17 Phase-7C regional additions.,,1.30
FREQ-ATOM-0402,ITEM_SCAFFOLD,oeste,ATOMIC_SURFACE_FORM,,,,,MULTI_SOURCE_PENDING,PENDING_12B_EXTERNAL_INGEST,,,,,NOT_YET_CLEARED_PER_MEASUREMENT,,NONE,FUTURE_WITHIN_A1_ORDERING_ONLY,Origin=PHASE6_BASE. Exact surface scaffold reconstructed from audited 572 baseline + v1.10–v1.12 corrections - instrumento + 17 Phase-7C regional additions.,,1.30
FREQ-ATOM-0403,ITEM_SCAFFOLD,oficina,ATOMIC_SURFACE_FORM,,,,,MULTI_SOURCE_PENDING,PENDING_12B_EXTERNAL_INGEST,,,,,NOT_YET_CLEARED_PER_MEASUREMENT,,NONE,FUTURE_WITHIN_A1_ORDERING_ONLY,Origin=PHASE6_BASE. Exact surface scaffold reconstructed from audited 572 baseline + v1.10–v1.12 corrections - instrumento + 17 Phase-7C regional additions.,,1.30
FREQ-ATOM-0404,ITEM_SCAFFOLD,ojo,ATOMIC_SURFACE_FORM,,,,,MULTI_SOURCE_PENDING,PENDING_12B_EXTERNAL_INGEST,,,,,NOT_YET_CLEARED_PER_MEASUREMENT,,NONE,FUTURE_WITHIN_A1_ORDERING_ONLY,Origin=PHASE6_BASE. Exact surface scaffold reconstructed from audited 572 baseline + v1.10–v1.12 corrections - instrumento + 17 Phase-7C regional additions.,,1.30
FREQ-ATOM-0405,ITEM_SCAFFOLD,okay,ATOMIC_SURFACE_FORM,,,,,MULTI_SOURCE_PENDING,PENDING_12B_EXTERNAL_INGEST,,,,,NOT_YET_CLEARED_PER_MEASUREMENT,,NONE,FUTURE_WITHIN_A1_ORDERING_ONLY,Origin=7C_REGIONAL_ADDITION. Exact surface scaffold reconstructed from audited 572 baseline + v1.10–v1.12 corrections - instrumento + 17 Phase-7C regional additions.,,1.30
FREQ-ATOM-0406,ITEM_SCAFFOLD,ordenador,ATOMIC_SURFACE_FORM,,,,,MULTI_SOURCE_PENDING,PENDING_12B_EXTERNAL_INGEST,,,,,NOT_YET_CLEARED_PER_MEASUREMENT,,NONE,FUTURE_WITHIN_A1_ORDERING_ONLY,Origin=PHASE6_BASE. Exact surface scaffold reconstructed from audited 572 baseline + v1.10–v1.12 corrections - instrumento + 17 Phase-7C regional additions.,,1.30
FREQ-ATOM-0407,ITEM_SCAFFOLD,oscuro,ATOMIC_SURFACE_FORM,,,,,MULTI_SOURCE_PENDING,PENDING_12B_EXTERNAL_INGEST,,,,,NOT_YET_CLEARED_PER_MEASUREMENT,,NONE,FUTURE_WITHIN_A1_ORDERING_ONLY,Origin=PHASE6_BASE. Exact surface scaffold reconstructed from audited 572 baseline + v1.10–v1.12 corrections - instrumento + 17 Phase-7C regional additions.,,1.30
FREQ-ATOM-0408,ITEM_SCAFFOLD,otoño,ATOMIC_SURFACE_FORM,,,,,MULTI_SOURCE_PENDING,PENDING_12B_EXTERNAL_INGEST,,,,,NOT_YET_CLEARED_PER_MEASUREMENT,,NONE,FUTURE_WITHIN_A1_ORDERING_ONLY,Origin=PHASE6_BASE. Exact surface scaffold reconstructed from audited 572 baseline + v1.10–v1.12 corrections - instrumento + 17 Phase-7C regional additions.,,1.30
FREQ-ATOM-0409,ITEM_SCAFFOLD,padre,ATOMIC_SURFACE_FORM,,,,,MULTI_SOURCE_PENDING,PENDING_12B_EXTERNAL_INGEST,,,,,NOT_YET_CLEARED_PER_MEASUREMENT,,NONE,FUTURE_WITHIN_A1_ORDERING_ONLY,Origin=PHASE6_BASE. Exact surface scaffold reconstructed from audited 572 baseline + v1.10–v1.12 corrections - instrumento + 17 Phase-7C regional additions.,,1.30
FREQ-ATOM-0410,ITEM_SCAFFOLD,padres,ATOMIC_SURFACE_FORM,,,,,MULTI_SOURCE_PENDING,PENDING_12B_EXTERNAL_INGEST,,,,,NOT_YET_CLEARED_PER_MEASUREMENT,,NONE,FUTURE_WITHIN_A1_ORDERING_ONLY,Origin=7B_SURFACE_CORRECTION. Exact surface scaffold reconstructed from audited 572 baseline + v1.10–v1.12 corrections - instrumento + 17 Phase-7C regional additions.,,1.30
FREQ-ATOM-0411,ITEM_SCAFFOLD,paella,ATOMIC_SURFACE_FORM,,,,,MULTI_SOURCE_PENDING,PENDING_12B_EXTERNAL_INGEST,,,,,NOT_YET_CLEARED_PER_MEASUREMENT,,NONE,FUTURE_WITHIN_A1_ORDERING_ONLY,Origin=PHASE6_BASE. Exact surface scaffold reconstructed from audited 572 baseline + v1.10–v1.12 corrections - instrumento + 17 Phase-7C regional additions.,,1.30
FREQ-ATOM-0412,ITEM_SCAFFOLD,pagar,ATOMIC_SURFACE_FORM,,,,,MULTI_SOURCE_PENDING,PENDING_12B_EXTERNAL_INGEST,,,,,NOT_YET_CLEARED_PER_MEASUREMENT,,NONE,FUTURE_WITHIN_A1_ORDERING_ONLY,Origin=PHASE6_BASE. Exact surface scaffold reconstructed from audited 572 baseline + v1.10–v1.12 corrections - instrumento + 17 Phase-7C regional additions.,,1.30
FREQ-ATOM-0413,ITEM_SCAFFOLD,pan,ATOMIC_SURFACE_FORM,,,,,MULTI_SOURCE_PENDING,PENDING_12B_EXTERNAL_INGEST,,,,,NOT_YET_CLEARED_PER_MEASUREMENT,,NONE,FUTURE_WITHIN_A1_ORDERING_ONLY,Origin=PHASE6_BASE. Exact surface scaffold reconstructed from audited 572 baseline + v1.10–v1.12 corrections - instrumento + 17 Phase-7C regional additions.,,1.30
FREQ-ATOM-0414,ITEM_SCAFFOLD,pantalones,ATOMIC_SURFACE_FORM,,,,,MULTI_SOURCE_PENDING,PENDING_12B_EXTERNAL_INGEST,,,,,NOT_YET_CLEARED_PER_MEASUREMENT,,NONE,FUTURE_WITHIN_A1_ORDERING_ONLY,Origin=7B_SURFACE_CORRECTION. Exact surface scaffold reconstructed from audited 572 baseline + v1.10–v1.12 corrections - instrumento + 17 Phase-7C regional additions.,,1.30
FREQ-ATOM-0415,ITEM_SCAFFOLD,pantalón,ATOMIC_SURFACE_FORM,,,,,MULTI_SOURCE_PENDING,PENDING_12B_EXTERNAL_INGEST,,,,,NOT_YET_CLEARED_PER_MEASUREMENT,,NONE,FUTURE_WITHIN_A1_ORDERING_ONLY,Origin=PHASE6_BASE. Exact surface scaffold reconstructed from audited 572 baseline + v1.10–v1.12 corrections - instrumento + 17 Phase-7C regional additions.,,1.30
FREQ-ATOM-0416,ITEM_SCAFFOLD,papel,ATOMIC_SURFACE_FORM,,,,,MULTI_SOURCE_PENDING,PENDING_12B_EXTERNAL_INGEST,,,,,NOT_YET_CLEARED_PER_MEASUREMENT,,NONE,FUTURE_WITHIN_A1_ORDERING_ONLY,Origin=PHASE6_BASE. Exact surface scaffold reconstructed from audited 572 baseline + v1.10–v1.12 corrections - instrumento + 17 Phase-7C regional additions.,,1.30
FREQ-ATOM-0417,ITEM_SCAFFOLD,para,ATOMIC_SURFACE_FORM,,,,,MULTI_SOURCE_PENDING,PENDING_12B_EXTERNAL_INGEST,,,,,NOT_YET_CLEARED_PER_MEASUREMENT,,NONE,FUTURE_WITHIN_A1_ORDERING_ONLY,Origin=PHASE6_BASE. Exact surface scaffold reconstructed from audited 572 baseline + v1.10–v1.12 corrections - instrumento + 17 Phase-7C regional additions.,,1.30
FREQ-ATOM-0418,ITEM_SCAFFOLD,parada,ATOMIC_SURFACE_FORM,,,,,MULTI_SOURCE_PENDING,PENDING_12B_EXTERNAL_INGEST,,,,,NOT_YET_CLEARED_PER_MEASUREMENT,,NONE,FUTURE_WITHIN_A1_ORDERING_ONLY,Origin=PHASE6_BASE. Exact surface scaffold reconstructed from audited 572 baseline + v1.10–v1.12 corrections - instrumento + 17 Phase-7C regional additions.,,1.30
FREQ-ATOM-0419,ITEM_SCAFFOLD,pareja,ATOMIC_SURFACE_FORM,,,,,MULTI_SOURCE_PENDING,PENDING_12B_EXTERNAL_INGEST,,,,,NOT_YET_CLEARED_PER_MEASUREMENT,,NONE,FUTURE_WITHIN_A1_ORDERING_ONLY,Origin=PHASE6_BASE. Exact surface scaffold reconstructed from audited 572 baseline + v1.10–v1.12 corrections - instrumento + 17 Phase-7C regional additions.,,1.30
FREQ-ATOM-0420,ITEM_SCAFFOLD,parque,ATOMIC_SURFACE_FORM,,,,,MULTI_SOURCE_PENDING,PENDING_12B_EXTERNAL_INGEST,,,,,NOT_YET_CLEARED_PER_MEASUREMENT,,NONE,FUTURE_WITHIN_A1_ORDERING_ONLY,Origin=PHASE6_BASE. Exact surface scaffold reconstructed from audited 572 baseline + v1.10–v1.12 corrections - instrumento + 17 Phase-7C regional additions.,,1.30
FREQ-ATOM-0421,ITEM_SCAFFOLD,parqueadero,ATOMIC_SURFACE_FORM,,,,,MULTI_SOURCE_PENDING,PENDING_12B_EXTERNAL_INGEST,,,,,NOT_YET_CLEARED_PER_MEASUREMENT,,NONE,FUTURE_WITHIN_A1_ORDERING_ONLY,Origin=7C_REGIONAL_ADDITION. Exact surface scaffold reconstructed from audited 572 baseline + v1.10–v1.12 corrections - instrumento + 17 Phase-7C regional additions.,,1.30
FREQ-ATOM-0422,ITEM_SCAFFOLD,pasaporte,ATOMIC_SURFACE_FORM,,,,,MULTI_SOURCE_PENDING,PENDING_12B_EXTERNAL_INGEST,,,,,NOT_YET_CLEARED_PER_MEASUREMENT,,NONE,FUTURE_WITHIN_A1_ORDERING_ONLY,Origin=PHASE6_BASE. Exact surface scaffold reconstructed from audited 572 baseline + v1.10–v1.12 corrections - instrumento + 17 Phase-7C regional additions.,,1.30
FREQ-ATOM-0423,ITEM_SCAFFOLD,paseo,ATOMIC_SURFACE_FORM,,,,,MULTI_SOURCE_PENDING,PENDING_12B_EXTERNAL_INGEST,,,,,NOT_YET_CLEARED_PER_MEASUREMENT,,NONE,FUTURE_WITHIN_A1_ORDERING_ONLY,Origin=PHASE6_BASE. Exact surface scaffold reconstructed from audited 572 baseline + v1.10–v1.12 corrections - instrumento + 17 Phase-7C regional additions.,,1.30
FREQ-ATOM-0424,ITEM_SCAFFOLD,país,ATOMIC_SURFACE_FORM,,,,,MULTI_SOURCE_PENDING,PENDING_12B_EXTERNAL_INGEST,,,,,NOT_YET_CLEARED_PER_MEASUREMENT,,NONE,FUTURE_WITHIN_A1_ORDERING_ONLY,Origin=PHASE6_BASE. Exact surface scaffold reconstructed from audited 572 baseline + v1.10–v1.12 corrections - instrumento + 17 Phase-7C regional additions.,,1.30
FREQ-ATOM-0425,ITEM_SCAFFOLD,pelo,ATOMIC_SURFACE_FORM,,,,,MULTI_SOURCE_PENDING,PENDING_12B_EXTERNAL_INGEST,,,,,NOT_YET_CLEARED_PER_MEASUREMENT,,NONE,FUTURE_WITHIN_A1_ORDERING_ONLY,Origin=PHASE6_BASE. Exact surface scaffold reconstructed from audited 572 baseline + v1.10–v1.12 corrections - instrumento + 17 Phase-7C regional additions.,,1.30
FREQ-ATOM-0426,ITEM_SCAFFOLD,película,ATOMIC_SURFACE_FORM,,,,,MULTI_SOURCE_PENDING,PENDING_12B_EXTERNAL_INGEST,,,,,NOT_YET_CLEARED_PER_MEASUREMENT,,NONE,FUTURE_WITHIN_A1_ORDERING_ONLY,Origin=PHASE6_BASE. Exact surface scaffold reconstructed from audited 572 baseline + v1.10–v1.12 corrections - instrumento + 17 Phase-7C regional additions.,,1.30
FREQ-ATOM-0427,ITEM_SCAFFOLD,pequeño,ATOMIC_SURFACE_FORM,,,,,MULTI_SOURCE_PENDING,PENDING_12B_EXTERNAL_INGEST,,,,,NOT_YET_CLEARED_PER_MEASUREMENT,,NONE,FUTURE_WITHIN_A1_ORDERING_ONLY,Origin=PHASE6_BASE. Exact surface scaffold reconstructed from audited 572 baseline + v1.10–v1.12 corrections - instrumento + 17 Phase-7C regional additions.,,1.30
FREQ-ATOM-0428,ITEM_SCAFFOLD,perdón,ATOMIC_SURFACE_FORM,,,,,MULTI_SOURCE_PENDING,PENDING_12B_EXTERNAL_INGEST,,,,,NOT_YET_CLEARED_PER_MEASUREMENT,,NONE,FUTURE_WITHIN_A1_ORDERING_ONLY,Origin=PHASE6_BASE. Exact surface scaffold reconstructed from audited 572 baseline + v1.10–v1.12 corrections - instrumento + 17 Phase-7C regional additions.,,1.30
FREQ-ATOM-0429,ITEM_SCAFFOLD,periódico,ATOMIC_SURFACE_FORM,,,,,MULTI_SOURCE_PENDING,PENDING_12B_EXTERNAL_INGEST,,,,,NOT_YET_CLEARED_PER_MEASUREMENT,,NONE,FUTURE_WITHIN_A1_ORDERING_ONLY,Origin=PHASE6_BASE. Exact surface scaffold reconstructed from audited 572 baseline + v1.10–v1.12 corrections - instrumento + 17 Phase-7C regional additions.,,1.30
FREQ-ATOM-0430,ITEM_SCAFFOLD,pero,ATOMIC_SURFACE_FORM,,,,,MULTI_SOURCE_PENDING,PENDING_12B_EXTERNAL_INGEST,,,,,NOT_YET_CLEARED_PER_MEASUREMENT,,NONE,FUTURE_WITHIN_A1_ORDERING_ONLY,Origin=PHASE6_BASE. Exact surface scaffold reconstructed from audited 572 baseline + v1.10–v1.12 corrections - instrumento + 17 Phase-7C regional additions.,,1.30
FREQ-ATOM-0431,ITEM_SCAFFOLD,pescado,ATOMIC_SURFACE_FORM,,,,,MULTI_SOURCE_PENDING,PENDING_12B_EXTERNAL_INGEST,,,,,NOT_YET_CLEARED_PER_MEASUREMENT,,NONE,FUTURE_WITHIN_A1_ORDERING_ONLY,Origin=PHASE6_BASE. Exact surface scaffold reconstructed from audited 572 baseline + v1.10–v1.12 corrections - instrumento + 17 Phase-7C regional additions.,,1.30
FREQ-ATOM-0432,ITEM_SCAFFOLD,piso,ATOMIC_SURFACE_FORM,,,,,MULTI_SOURCE_PENDING,PENDING_12B_EXTERNAL_INGEST,,,,,NOT_YET_CLEARED_PER_MEASUREMENT,,NONE,FUTURE_WITHIN_A1_ORDERING_ONLY,Origin=PHASE6_BASE. Exact surface scaffold reconstructed from audited 572 baseline + v1.10–v1.12 corrections - instrumento + 17 Phase-7C regional additions.,,1.30
FREQ-ATOM-0433,ITEM_SCAFFOLD,pizarra,ATOMIC_SURFACE_FORM,,,,,MULTI_SOURCE_PENDING,PENDING_12B_EXTERNAL_INGEST,,,,,NOT_YET_CLEARED_PER_MEASUREMENT,,NONE,FUTURE_WITHIN_A1_ORDERING_ONLY,Origin=PHASE6_BASE. Exact surface scaffold reconstructed from audited 572 baseline + v1.10–v1.12 corrections - instrumento + 17 Phase-7C regional additions.,,1.30
FREQ-ATOM-0434,ITEM_SCAFFOLD,pizarrón,ATOMIC_SURFACE_FORM,,,,,MULTI_SOURCE_PENDING,PENDING_12B_EXTERNAL_INGEST,,,,,NOT_YET_CLEARED_PER_MEASUREMENT,,NONE,FUTURE_WITHIN_A1_ORDERING_ONLY,Origin=7C_REGIONAL_ADDITION. Exact surface scaffold reconstructed from audited 572 baseline + v1.10–v1.12 corrections - instrumento + 17 Phase-7C regional additions.,,1.30
FREQ-ATOM-0435,ITEM_SCAFFOLD,plano,ATOMIC_SURFACE_FORM,,,,,MULTI_SOURCE_PENDING,PENDING_12B_EXTERNAL_INGEST,,,,,NOT_YET_CLEARED_PER_MEASUREMENT,,NONE,FUTURE_WITHIN_A1_ORDERING_ONLY,Origin=PHASE6_BASE. Exact surface scaffold reconstructed from audited 572 baseline + v1.10–v1.12 corrections - instrumento + 17 Phase-7C regional additions.,,1.30
FREQ-ATOM-0436,ITEM_SCAFFOLD,planta,ATOMIC_SURFACE_FORM,,,,,MULTI_SOURCE_PENDING,PENDING_12B_EXTERNAL_INGEST,,,,,NOT_YET_CLEARED_PER_MEASUREMENT,,NONE,FUTURE_WITHIN_A1_ORDERING_ONLY,Origin=PHASE6_BASE. Exact surface scaffold reconstructed from audited 572 baseline + v1.10–v1.12 corrections - instrumento + 17 Phase-7C regional additions.,,1.30
FREQ-ATOM-0437,ITEM_SCAFFOLD,playa,ATOMIC_SURFACE_FORM,,,,,MULTI_SOURCE_PENDING,PENDING_12B_EXTERNAL_INGEST,,,,,NOT_YET_CLEARED_PER_MEASUREMENT,,NONE,FUTURE_WITHIN_A1_ORDERING_ONLY,Origin=PHASE6_BASE. Exact surface scaffold reconstructed from audited 572 baseline + v1.10–v1.12 corrections - instrumento + 17 Phase-7C regional additions.,,1.30
FREQ-ATOM-0438,ITEM_SCAFFOLD,plaza,ATOMIC_SURFACE_FORM,,,,,MULTI_SOURCE_PENDING,PENDING_12B_EXTERNAL_INGEST,,,,,NOT_YET_CLEARED_PER_MEASUREMENT,,NONE,FUTURE_WITHIN_A1_ORDERING_ONLY,Origin=PHASE6_BASE. Exact surface scaffold reconstructed from audited 572 baseline + v1.10–v1.12 corrections - instrumento + 17 Phase-7C regional additions.,,1.30
FREQ-ATOM-0439,ITEM_SCAFFOLD,poco,ATOMIC_SURFACE_FORM,,,,,MULTI_SOURCE_PENDING,PENDING_12B_EXTERNAL_INGEST,,,,,NOT_YET_CLEARED_PER_MEASUREMENT,,NONE,FUTURE_WITHIN_A1_ORDERING_ONLY,Origin=PHASE6_BASE. Exact surface scaffold reconstructed from audited 572 baseline + v1.10–v1.12 corrections - instrumento + 17 Phase-7C regional additions.,,1.30
FREQ-ATOM-0440,ITEM_SCAFFOLD,pocos,ATOMIC_SURFACE_FORM,,,,,MULTI_SOURCE_PENDING,PENDING_12B_EXTERNAL_INGEST,,,,,NOT_YET_CLEARED_PER_MEASUREMENT,,NONE,FUTURE_WITHIN_A1_ORDERING_ONLY,Origin=7B_SURFACE_CORRECTION. Exact surface scaffold reconstructed from audited 572 baseline + v1.10–v1.12 corrections - instrumento + 17 Phase-7C regional additions.,,1.30
FREQ-ATOM-0441,ITEM_SCAFFOLD,poder,ATOMIC_SURFACE_FORM,,,,,MULTI_SOURCE_PENDING,PENDING_12B_EXTERNAL_INGEST,,,,,NOT_YET_CLEARED_PER_MEASUREMENT,,NONE,FUTURE_WITHIN_A1_ORDERING_ONLY,Origin=PHASE6_BASE. Exact surface scaffold reconstructed from audited 572 baseline + v1.10–v1.12 corrections - instrumento + 17 Phase-7C regional additions.,,1.30
FREQ-ATOM-0442,ITEM_SCAFFOLD,policía,ATOMIC_SURFACE_FORM,,,,,MULTI_SOURCE_PENDING,PENDING_12B_EXTERNAL_INGEST,,,,,NOT_YET_CLEARED_PER_MEASUREMENT,,NONE,FUTURE_WITHIN_A1_ORDERING_ONLY,Origin=PHASE6_BASE. Exact surface scaffold reconstructed from audited 572 baseline + v1.10–v1.12 corrections - instrumento + 17 Phase-7C regional additions.,,1.30
FREQ-ATOM-0443,ITEM_SCAFFOLD,porque,ATOMIC_SURFACE_FORM,,,,,MULTI_SOURCE_PENDING,PENDING_12B_EXTERNAL_INGEST,,,,,NOT_YET_CLEARED_PER_MEASUREMENT,,NONE,FUTURE_WITHIN_A1_ORDERING_ONLY,Origin=PHASE6_BASE. Exact surface scaffold reconstructed from audited 572 baseline + v1.10–v1.12 corrections - instrumento + 17 Phase-7C regional additions.,,1.30
FREQ-ATOM-0444,ITEM_SCAFFOLD,posible,ATOMIC_SURFACE_FORM,,,,,MULTI_SOURCE_PENDING,PENDING_12B_EXTERNAL_INGEST,,,,,NOT_YET_CLEARED_PER_MEASUREMENT,,NONE,FUTURE_WITHIN_A1_ORDERING_ONLY,Origin=PHASE6_BASE. Exact surface scaffold reconstructed from audited 572 baseline + v1.10–v1.12 corrections - instrumento + 17 Phase-7C regional additions.,,1.30
FREQ-ATOM-0445,ITEM_SCAFFOLD,postal,ATOMIC_SURFACE_FORM,,,,,MULTI_SOURCE_PENDING,PENDING_12B_EXTERNAL_INGEST,,,,,NOT_YET_CLEARED_PER_MEASUREMENT,,NONE,FUTURE_WITHIN_A1_ORDERING_ONLY,Origin=PHASE6_BASE. Exact surface scaffold reconstructed from audited 572 baseline + v1.10–v1.12 corrections - instrumento + 17 Phase-7C regional additions.,,1.30
FREQ-ATOM-0446,ITEM_SCAFFOLD,postre,ATOMIC_SURFACE_FORM,,,,,MULTI_SOURCE_PENDING,PENDING_12B_EXTERNAL_INGEST,,,,,NOT_YET_CLEARED_PER_MEASUREMENT,,NONE,FUTURE_WITHIN_A1_ORDERING_ONLY,Origin=PHASE6_BASE. Exact surface scaffold reconstructed from audited 572 baseline + v1.10–v1.12 corrections - instrumento + 17 Phase-7C regional additions.,,1.30
FREQ-ATOM-0447,ITEM_SCAFFOLD,practicar,ATOMIC_SURFACE_FORM,,,,,MULTI_SOURCE_PENDING,PENDING_12B_EXTERNAL_INGEST,,,,,NOT_YET_CLEARED_PER_MEASUREMENT,,NONE,FUTURE_WITHIN_A1_ORDERING_ONLY,Origin=PHASE6_BASE. Exact surface scaffold reconstructed from audited 572 baseline + v1.10–v1.12 corrections - instrumento + 17 Phase-7C regional additions.,,1.30
FREQ-ATOM-0448,ITEM_SCAFFOLD,precio,ATOMIC_SURFACE_FORM,,,,,MULTI_SOURCE_PENDING,PENDING_12B_EXTERNAL_INGEST,,,,,NOT_YET_CLEARED_PER_MEASUREMENT,,NONE,FUTURE_WITHIN_A1_ORDERING_ONLY,Origin=PHASE6_BASE. Exact surface scaffold reconstructed from audited 572 baseline + v1.10–v1.12 corrections - instrumento + 17 Phase-7C regional additions.,,1.30
FREQ-ATOM-0449,ITEM_SCAFFOLD,preferir,ATOMIC_SURFACE_FORM,,,,,MULTI_SOURCE_PENDING,PENDING_12B_EXTERNAL_INGEST,,,,,NOT_YET_CLEARED_PER_MEASUREMENT,,NONE,FUTURE_WITHIN_A1_ORDERING_ONLY,Origin=PHASE6_BASE. Exact surface scaffold reconstructed from audited 572 baseline + v1.10–v1.12 corrections - instrumento + 17 Phase-7C regional additions.,,1.30
FREQ-ATOM-0450,ITEM_SCAFFOLD,pregunta,ATOMIC_SURFACE_FORM,,,,,MULTI_SOURCE_PENDING,PENDING_12B_EXTERNAL_INGEST,,,,,NOT_YET_CLEARED_PER_MEASUREMENT,,NONE,FUTURE_WITHIN_A1_ORDERING_ONLY,Origin=PHASE6_BASE. Exact surface scaffold reconstructed from audited 572 baseline + v1.10–v1.12 corrections - instrumento + 17 Phase-7C regional additions.,,1.30
FREQ-ATOM-0451,ITEM_SCAFFOLD,presidente,ATOMIC_SURFACE_FORM,,,,,MULTI_SOURCE_PENDING,PENDING_12B_EXTERNAL_INGEST,,,,,NOT_YET_CLEARED_PER_MEASUREMENT,,NONE,FUTURE_WITHIN_A1_ORDERING_ONLY,Origin=PHASE6_BASE. Exact surface scaffold reconstructed from audited 572 baseline + v1.10–v1.12 corrections - instrumento + 17 Phase-7C regional additions.,,1.30
FREQ-ATOM-0452,ITEM_SCAFFOLD,primavera,ATOMIC_SURFACE_FORM,,,,,MULTI_SOURCE_PENDING,PENDING_12B_EXTERNAL_INGEST,,,,,NOT_YET_CLEARED_PER_MEASUREMENT,,NONE,FUTURE_WITHIN_A1_ORDERING_ONLY,Origin=PHASE6_BASE. Exact surface scaffold reconstructed from audited 572 baseline + v1.10–v1.12 corrections - instrumento + 17 Phase-7C regional additions.,,1.30
FREQ-ATOM-0453,ITEM_SCAFFOLD,primer,ATOMIC_SURFACE_FORM,,,,,MULTI_SOURCE_PENDING,PENDING_12B_EXTERNAL_INGEST,,,,,NOT_YET_CLEARED_PER_MEASUREMENT,,NONE,FUTURE_WITHIN_A1_ORDERING_ONLY,Origin=7B_SURFACE_CORRECTION. Exact surface scaffold reconstructed from audited 572 baseline + v1.10–v1.12 corrections - instrumento + 17 Phase-7C regional additions.,,1.30
FREQ-ATOM-0454,ITEM_SCAFFOLD,primera,ATOMIC_SURFACE_FORM,,,,,MULTI_SOURCE_PENDING,PENDING_12B_EXTERNAL_INGEST,,,,,NOT_YET_CLEARED_PER_MEASUREMENT,,NONE,FUTURE_WITHIN_A1_ORDERING_ONLY,Origin=PHASE6_BASE. Exact surface scaffold reconstructed from audited 572 baseline + v1.10–v1.12 corrections - instrumento + 17 Phase-7C regional additions.,,1.30
FREQ-ATOM-0455,ITEM_SCAFFOLD,primero,ATOMIC_SURFACE_FORM,,,,,MULTI_SOURCE_PENDING,PENDING_12B_EXTERNAL_INGEST,,,,,NOT_YET_CLEARED_PER_MEASUREMENT,,NONE,FUTURE_WITHIN_A1_ORDERING_ONLY,Origin=PHASE6_BASE. Exact surface scaffold reconstructed from audited 572 baseline + v1.10–v1.12 corrections - instrumento + 17 Phase-7C regional additions.,,1.30
FREQ-ATOM-0456,ITEM_SCAFFOLD,primo,ATOMIC_SURFACE_FORM,,,,,MULTI_SOURCE_PENDING,PENDING_12B_EXTERNAL_INGEST,,,,,NOT_YET_CLEARED_PER_MEASUREMENT,,NONE,FUTURE_WITHIN_A1_ORDERING_ONLY,Origin=PHASE6_BASE. Exact surface scaffold reconstructed from audited 572 baseline + v1.10–v1.12 corrections - instrumento + 17 Phase-7C regional additions.,,1.30
FREQ-ATOM-0457,ITEM_SCAFFOLD,profesión,ATOMIC_SURFACE_FORM,,,,,MULTI_SOURCE_PENDING,PENDING_12B_EXTERNAL_INGEST,,,,,NOT_YET_CLEARED_PER_MEASUREMENT,,NONE,FUTURE_WITHIN_A1_ORDERING_ONLY,Origin=PHASE6_BASE. Exact surface scaffold reconstructed from audited 572 baseline + v1.10–v1.12 corrections - instrumento + 17 Phase-7C regional additions.,,1.30
FREQ-ATOM-0458,ITEM_SCAFFOLD,profesor,ATOMIC_SURFACE_FORM,,,,,MULTI_SOURCE_PENDING,PENDING_12B_EXTERNAL_INGEST,,,,,NOT_YET_CLEARED_PER_MEASUREMENT,,NONE,FUTURE_WITHIN_A1_ORDERING_ONLY,Origin=PHASE6_BASE. Exact surface scaffold reconstructed from audited 572 baseline + v1.10–v1.12 corrections - instrumento + 17 Phase-7C regional additions.,,1.30
FREQ-ATOM-0459,ITEM_SCAFFOLD,pronto,ATOMIC_SURFACE_FORM,,,,,MULTI_SOURCE_PENDING,PENDING_12B_EXTERNAL_INGEST,,,,,NOT_YET_CLEARED_PER_MEASUREMENT,,NONE,FUTURE_WITHIN_A1_ORDERING_ONLY,Origin=PHASE6_BASE. Exact surface scaffold reconstructed from audited 572 baseline + v1.10–v1.12 corrections - instrumento + 17 Phase-7C regional additions.,,1.30
FREQ-ATOM-0460,ITEM_SCAFFOLD,publicidad,ATOMIC_SURFACE_FORM,,,,,MULTI_SOURCE_PENDING,PENDING_12B_EXTERNAL_INGEST,,,,,NOT_YET_CLEARED_PER_MEASUREMENT,,NONE,FUTURE_WITHIN_A1_ORDERING_ONLY,Origin=PHASE6_BASE. Exact surface scaffold reconstructed from audited 572 baseline + v1.10–v1.12 corrections - instrumento + 17 Phase-7C regional additions.,,1.30
FREQ-ATOM-0461,ITEM_SCAFFOLD,pueblo,ATOMIC_SURFACE_FORM,,,,,MULTI_SOURCE_PENDING,PENDING_12B_EXTERNAL_INGEST,,,,,NOT_YET_CLEARED_PER_MEASUREMENT,,NONE,FUTURE_WITHIN_A1_ORDERING_ONLY,Origin=PHASE6_BASE. Exact surface scaffold reconstructed from audited 572 baseline + v1.10–v1.12 corrections - instrumento + 17 Phase-7C regional additions.,,1.30
FREQ-ATOM-0462,ITEM_SCAFFOLD,puerta,ATOMIC_SURFACE_FORM,,,,,MULTI_SOURCE_PENDING,PENDING_12B_EXTERNAL_INGEST,,,,,NOT_YET_CLEARED_PER_MEASUREMENT,,NONE,FUTURE_WITHIN_A1_ORDERING_ONLY,Origin=PHASE6_BASE. Exact surface scaffold reconstructed from audited 572 baseline + v1.10–v1.12 corrections - instrumento + 17 Phase-7C regional additions.,,1.30
FREQ-ATOM-0463,ITEM_SCAFFOLD,puerto,ATOMIC_SURFACE_FORM,,,,,MULTI_SOURCE_PENDING,PENDING_12B_EXTERNAL_INGEST,,,,,NOT_YET_CLEARED_PER_MEASUREMENT,,NONE,FUTURE_WITHIN_A1_ORDERING_ONLY,Origin=PHASE6_BASE. Exact surface scaffold reconstructed from audited 572 baseline + v1.10–v1.12 corrections - instrumento + 17 Phase-7C regional additions.,,1.30
FREQ-ATOM-0464,ITEM_SCAFFOLD,punto,ATOMIC_SURFACE_FORM,,,,,MULTI_SOURCE_PENDING,PENDING_12B_EXTERNAL_INGEST,,,,,NOT_YET_CLEARED_PER_MEASUREMENT,,NONE,FUTURE_WITHIN_A1_ORDERING_ONLY,Origin=PHASE6_BASE. Exact surface scaffold reconstructed from audited 572 baseline + v1.10–v1.12 corrections - instrumento + 17 Phase-7C regional additions.,,1.30
FREQ-ATOM-0465,ITEM_SCAFFOLD,página,ATOMIC_SURFACE_FORM,,,,,MULTI_SOURCE_PENDING,PENDING_12B_EXTERNAL_INGEST,,,,,NOT_YET_CLEARED_PER_MEASUREMENT,,NONE,FUTURE_WITHIN_A1_ORDERING_ONLY,Origin=PHASE6_BASE. Exact surface scaffold reconstructed from audited 572 baseline + v1.10–v1.12 corrections - instrumento + 17 Phase-7C regional additions.,,1.30
FREQ-ATOM-0466,ITEM_SCAFFOLD,que,ATOMIC_SURFACE_FORM,,,,,MULTI_SOURCE_PENDING,PENDING_12B_EXTERNAL_INGEST,,,,,NOT_YET_CLEARED_PER_MEASUREMENT,,NONE,FUTURE_WITHIN_A1_ORDERING_ONLY,Origin=PHASE6_BASE. Exact surface scaffold reconstructed from audited 572 baseline + v1.10–v1.12 corrections - instrumento + 17 Phase-7C regional additions.,,1.30
FREQ-ATOM-0467,ITEM_SCAFFOLD,querer,ATOMIC_SURFACE_FORM,,,,,MULTI_SOURCE_PENDING,PENDING_12B_EXTERNAL_INGEST,,,,,NOT_YET_CLEARED_PER_MEASUREMENT,,NONE,FUTURE_WITHIN_A1_ORDERING_ONLY,Origin=PHASE6_BASE. Exact surface scaffold reconstructed from audited 572 baseline + v1.10–v1.12 corrections - instrumento + 17 Phase-7C regional additions.,,1.30
FREQ-ATOM-0468,ITEM_SCAFFOLD,quinta,ATOMIC_SURFACE_FORM,,,,,MULTI_SOURCE_PENDING,PENDING_12B_EXTERNAL_INGEST,,,,,NOT_YET_CLEARED_PER_MEASUREMENT,,NONE,FUTURE_WITHIN_A1_ORDERING_ONLY,Origin=PHASE6_BASE. Exact surface scaffold reconstructed from audited 572 baseline + v1.10–v1.12 corrections - instrumento + 17 Phase-7C regional additions.,,1.30
FREQ-ATOM-0469,ITEM_SCAFFOLD,quinto,ATOMIC_SURFACE_FORM,,,,,MULTI_SOURCE_PENDING,PENDING_12B_EXTERNAL_INGEST,,,,,NOT_YET_CLEARED_PER_MEASUREMENT,,NONE,FUTURE_WITHIN_A1_ORDERING_ONLY,Origin=PHASE6_BASE. Exact surface scaffold reconstructed from audited 572 baseline + v1.10–v1.12 corrections - instrumento + 17 Phase-7C regional additions.,,1.30
FREQ-ATOM-0470,ITEM_SCAFFOLD,quiosco,ATOMIC_SURFACE_FORM,,,,,MULTI_SOURCE_PENDING,PENDING_12B_EXTERNAL_INGEST,,,,,NOT_YET_CLEARED_PER_MEASUREMENT,,NONE,FUTURE_WITHIN_A1_ORDERING_ONLY,Origin=PHASE6_BASE. Exact surface scaffold reconstructed from audited 572 baseline + v1.10–v1.12 corrections - instrumento + 17 Phase-7C regional additions.,,1.30
FREQ-ATOM-0471,ITEM_SCAFFOLD,quizá,ATOMIC_SURFACE_FORM,,,,,MULTI_SOURCE_PENDING,PENDING_12B_EXTERNAL_INGEST,,,,,NOT_YET_CLEARED_PER_MEASUREMENT,,NONE,FUTURE_WITHIN_A1_ORDERING_ONLY,Origin=PHASE6_BASE. Exact surface scaffold reconstructed from audited 572 baseline + v1.10–v1.12 corrections - instrumento + 17 Phase-7C regional additions.,,1.30
FREQ-ATOM-0472,ITEM_SCAFFOLD,quizás,ATOMIC_SURFACE_FORM,,,,,MULTI_SOURCE_PENDING,PENDING_12B_EXTERNAL_INGEST,,,,,NOT_YET_CLEARED_PER_MEASUREMENT,,NONE,FUTURE_WITHIN_A1_ORDERING_ONLY,Origin=PHASE6_BASE. Exact surface scaffold reconstructed from audited 572 baseline + v1.10–v1.12 corrections - instrumento + 17 Phase-7C regional additions.,,1.30
FREQ-ATOM-0473,ITEM_SCAFFOLD,quién,ATOMIC_SURFACE_FORM,,,,,MULTI_SOURCE_PENDING,PENDING_12B_EXTERNAL_INGEST,,,,,NOT_YET_CLEARED_PER_MEASUREMENT,,NONE,FUTURE_WITHIN_A1_ORDERING_ONLY,Origin=PHASE6_BASE. Exact surface scaffold reconstructed from audited 572 baseline + v1.10–v1.12 corrections - instrumento + 17 Phase-7C regional additions.,,1.30
FREQ-ATOM-0474,ITEM_SCAFFOLD,qué,ATOMIC_SURFACE_FORM,,,,,MULTI_SOURCE_PENDING,PENDING_12B_EXTERNAL_INGEST,,,,,NOT_YET_CLEARED_PER_MEASUREMENT,,NONE,FUTURE_WITHIN_A1_ORDERING_ONLY,Origin=PHASE6_BASE. Exact surface scaffold reconstructed from audited 572 baseline + v1.10–v1.12 corrections - instrumento + 17 Phase-7C regional additions.,,1.30
FREQ-ATOM-0475,ITEM_SCAFFOLD,radio,ATOMIC_SURFACE_FORM,,,,,MULTI_SOURCE_PENDING,PENDING_12B_EXTERNAL_INGEST,,,,,NOT_YET_CLEARED_PER_MEASUREMENT,,NONE,FUTURE_WITHIN_A1_ORDERING_ONLY,Origin=PHASE6_BASE. Exact surface scaffold reconstructed from audited 572 baseline + v1.10–v1.12 corrections - instrumento + 17 Phase-7C regional additions.,,1.30
FREQ-ATOM-0476,ITEM_SCAFFOLD,regular,ATOMIC_SURFACE_FORM,,,,,MULTI_SOURCE_PENDING,PENDING_12B_EXTERNAL_INGEST,,,,,NOT_YET_CLEARED_PER_MEASUREMENT,,NONE,FUTURE_WITHIN_A1_ORDERING_ONLY,Origin=PHASE6_BASE. Exact surface scaffold reconstructed from audited 572 baseline + v1.10–v1.12 corrections - instrumento + 17 Phase-7C regional additions.,,1.30
FREQ-ATOM-0477,ITEM_SCAFFOLD,reina,ATOMIC_SURFACE_FORM,,,,,MULTI_SOURCE_PENDING,PENDING_12B_EXTERNAL_INGEST,,,,,NOT_YET_CLEARED_PER_MEASUREMENT,,NONE,FUTURE_WITHIN_A1_ORDERING_ONLY,Origin=PHASE6_BASE. Exact surface scaffold reconstructed from audited 572 baseline + v1.10–v1.12 corrections - instrumento + 17 Phase-7C regional additions.,,1.30
FREQ-ATOM-0478,ITEM_SCAFFOLD,religión,ATOMIC_SURFACE_FORM,,,,,MULTI_SOURCE_PENDING,PENDING_12B_EXTERNAL_INGEST,,,,,NOT_YET_CLEARED_PER_MEASUREMENT,,NONE,FUTURE_WITHIN_A1_ORDERING_ONLY,Origin=PHASE6_BASE. Exact surface scaffold reconstructed from audited 572 baseline + v1.10–v1.12 corrections - instrumento + 17 Phase-7C regional additions.,,1.30
FREQ-ATOM-0479,ITEM_SCAFFOLD,reloj,ATOMIC_SURFACE_FORM,,,,,MULTI_SOURCE_PENDING,PENDING_12B_EXTERNAL_INGEST,,,,,NOT_YET_CLEARED_PER_MEASUREMENT,,NONE,FUTURE_WITHIN_A1_ORDERING_ONLY,Origin=PHASE6_BASE. Exact surface scaffold reconstructed from audited 572 baseline + v1.10–v1.12 corrections - instrumento + 17 Phase-7C regional additions.,,1.30
FREQ-ATOM-0480,ITEM_SCAFFOLD,repetir,ATOMIC_SURFACE_FORM,,,,,MULTI_SOURCE_PENDING,PENDING_12B_EXTERNAL_INGEST,,,,,NOT_YET_CLEARED_PER_MEASUREMENT,,NONE,FUTURE_WITHIN_A1_ORDERING_ONLY,Origin=PHASE6_BASE. Exact surface scaffold reconstructed from audited 572 baseline + v1.10–v1.12 corrections - instrumento + 17 Phase-7C regional additions.,,1.30
FREQ-ATOM-0481,ITEM_SCAFFOLD,restaurante,ATOMIC_SURFACE_FORM,,,,,MULTI_SOURCE_PENDING,PENDING_12B_EXTERNAL_INGEST,,,,,NOT_YET_CLEARED_PER_MEASUREMENT,,NONE,FUTURE_WITHIN_A1_ORDERING_ONLY,Origin=PHASE6_BASE. Exact surface scaffold reconstructed from audited 572 baseline + v1.10–v1.12 corrections - instrumento + 17 Phase-7C regional additions.,,1.30
FREQ-ATOM-0482,ITEM_SCAFFOLD,revista,ATOMIC_SURFACE_FORM,,,,,MULTI_SOURCE_PENDING,PENDING_12B_EXTERNAL_INGEST,,,,,NOT_YET_CLEARED_PER_MEASUREMENT,,NONE,FUTURE_WITHIN_A1_ORDERING_ONLY,Origin=PHASE6_BASE. Exact surface scaffold reconstructed from audited 572 baseline + v1.10–v1.12 corrections - instrumento + 17 Phase-7C regional additions.,,1.30
FREQ-ATOM-0483,ITEM_SCAFFOLD,rey,ATOMIC_SURFACE_FORM,,,,,MULTI_SOURCE_PENDING,PENDING_12B_EXTERNAL_INGEST,,,,,NOT_YET_CLEARED_PER_MEASUREMENT,,NONE,FUTURE_WITHIN_A1_ORDERING_ONLY,Origin=PHASE6_BASE. Exact surface scaffold reconstructed from audited 572 baseline + v1.10–v1.12 corrections - instrumento + 17 Phase-7C regional additions.,,1.30
FREQ-ATOM-0484,ITEM_SCAFFOLD,rojo,ATOMIC_SURFACE_FORM,,,,,MULTI_SOURCE_PENDING,PENDING_12B_EXTERNAL_INGEST,,,,,NOT_YET_CLEARED_PER_MEASUREMENT,,NONE,FUTURE_WITHIN_A1_ORDERING_ONLY,Origin=PHASE6_BASE. Exact surface scaffold reconstructed from audited 572 baseline + v1.10–v1.12 corrections - instrumento + 17 Phase-7C regional additions.,,1.30
FREQ-ATOM-0485,ITEM_SCAFFOLD,rubio,ATOMIC_SURFACE_FORM,,,,,MULTI_SOURCE_PENDING,PENDING_12B_EXTERNAL_INGEST,,,,,NOT_YET_CLEARED_PER_MEASUREMENT,,NONE,FUTURE_WITHIN_A1_ORDERING_ONLY,Origin=PHASE6_BASE. Exact surface scaffold reconstructed from audited 572 baseline + v1.10–v1.12 corrections - instrumento + 17 Phase-7C regional additions.,,1.30
FREQ-ATOM-0486,ITEM_SCAFFOLD,rápido,ATOMIC_SURFACE_FORM,,,,,MULTI_SOURCE_PENDING,PENDING_12B_EXTERNAL_INGEST,,,,,NOT_YET_CLEARED_PER_MEASUREMENT,,NONE,FUTURE_WITHIN_A1_ORDERING_ONLY,Origin=PHASE6_BASE. Exact surface scaffold reconstructed from audited 572 baseline + v1.10–v1.12 corrections - instrumento + 17 Phase-7C regional additions.,,1.30
FREQ-ATOM-0487,ITEM_SCAFFOLD,río,ATOMIC_SURFACE_FORM,,,,,MULTI_SOURCE_PENDING,PENDING_12B_EXTERNAL_INGEST,,,,,NOT_YET_CLEARED_PER_MEASUREMENT,,NONE,FUTURE_WITHIN_A1_ORDERING_ONLY,Origin=PHASE6_BASE. Exact surface scaffold reconstructed from audited 572 baseline + v1.10–v1.12 corrections - instrumento + 17 Phase-7C regional additions.,,1.30
FREQ-ATOM-0488,ITEM_SCAFFOLD,saber,ATOMIC_SURFACE_FORM,,,,,MULTI_SOURCE_PENDING,PENDING_12B_EXTERNAL_INGEST,,,,,NOT_YET_CLEARED_PER_MEASUREMENT,,NONE,FUTURE_WITHIN_A1_ORDERING_ONLY,Origin=PHASE6_BASE. Exact surface scaffold reconstructed from audited 572 baseline + v1.10–v1.12 corrections - instrumento + 17 Phase-7C regional additions.,,1.30
FREQ-ATOM-0489,ITEM_SCAFFOLD,sala,ATOMIC_SURFACE_FORM,,,,,MULTI_SOURCE_PENDING,PENDING_12B_EXTERNAL_INGEST,,,,,NOT_YET_CLEARED_PER_MEASUREMENT,,NONE,FUTURE_WITHIN_A1_ORDERING_ONLY,Origin=PHASE6_BASE. Exact surface scaffold reconstructed from audited 572 baseline + v1.10–v1.12 corrections - instrumento + 17 Phase-7C regional additions.,,1.30
FREQ-ATOM-0490,ITEM_SCAFFOLD,salida,ATOMIC_SURFACE_FORM,,,,,MULTI_SOURCE_PENDING,PENDING_12B_EXTERNAL_INGEST,,,,,NOT_YET_CLEARED_PER_MEASUREMENT,,NONE,FUTURE_WITHIN_A1_ORDERING_ONLY,Origin=PHASE6_BASE. Exact surface scaffold reconstructed from audited 572 baseline + v1.10–v1.12 corrections - instrumento + 17 Phase-7C regional additions.,,1.30
FREQ-ATOM-0491,ITEM_SCAFFOLD,salir,ATOMIC_SURFACE_FORM,,,,,MULTI_SOURCE_PENDING,PENDING_12B_EXTERNAL_INGEST,,,,,NOT_YET_CLEARED_PER_MEASUREMENT,,NONE,FUTURE_WITHIN_A1_ORDERING_ONLY,Origin=PHASE6_BASE. Exact surface scaffold reconstructed from audited 572 baseline + v1.10–v1.12 corrections - instrumento + 17 Phase-7C regional additions.,,1.30
FREQ-ATOM-0492,ITEM_SCAFFOLD,salud,ATOMIC_SURFACE_FORM,,,,,MULTI_SOURCE_PENDING,PENDING_12B_EXTERNAL_INGEST,,,,,NOT_YET_CLEARED_PER_MEASUREMENT,,NONE,FUTURE_WITHIN_A1_ORDERING_ONLY,Origin=PHASE6_BASE. Exact surface scaffold reconstructed from audited 572 baseline + v1.10–v1.12 corrections - instrumento + 17 Phase-7C regional additions.,,1.30
FREQ-ATOM-0493,ITEM_SCAFFOLD,salón,ATOMIC_SURFACE_FORM,,,,,MULTI_SOURCE_PENDING,PENDING_12B_EXTERNAL_INGEST,,,,,NOT_YET_CLEARED_PER_MEASUREMENT,,NONE,FUTURE_WITHIN_A1_ORDERING_ONLY,Origin=PHASE6_BASE. Exact surface scaffold reconstructed from audited 572 baseline + v1.10–v1.12 corrections - instrumento + 17 Phase-7C regional additions.,,1.30
FREQ-ATOM-0494,ITEM_SCAFFOLD,se,ATOMIC_SURFACE_FORM,,,,,MULTI_SOURCE_PENDING,PENDING_12B_EXTERNAL_INGEST,,,,,NOT_YET_CLEARED_PER_MEASUREMENT,,NONE,FUTURE_WITHIN_A1_ORDERING_ONLY,Origin=PHASE6_BASE. Exact surface scaffold reconstructed from audited 572 baseline + v1.10–v1.12 corrections - instrumento + 17 Phase-7C regional additions.,,1.30
FREQ-ATOM-0495,ITEM_SCAFFOLD,segunda,ATOMIC_SURFACE_FORM,,,,,MULTI_SOURCE_PENDING,PENDING_12B_EXTERNAL_INGEST,,,,,NOT_YET_CLEARED_PER_MEASUREMENT,,NONE,FUTURE_WITHIN_A1_ORDERING_ONLY,Origin=PHASE6_BASE. Exact surface scaffold reconstructed from audited 572 baseline + v1.10–v1.12 corrections - instrumento + 17 Phase-7C regional additions.,,1.30
FREQ-ATOM-0496,ITEM_SCAFFOLD,segundo,ATOMIC_SURFACE_FORM,,,,,MULTI_SOURCE_PENDING,PENDING_12B_EXTERNAL_INGEST,,,,,NOT_YET_CLEARED_PER_MEASUREMENT,,NONE,FUTURE_WITHIN_A1_ORDERING_ONLY,Origin=PHASE6_BASE. Exact surface scaffold reconstructed from audited 572 baseline + v1.10–v1.12 corrections - instrumento + 17 Phase-7C regional additions.,,1.30
FREQ-ATOM-0497,ITEM_SCAFFOLD,sello,ATOMIC_SURFACE_FORM,,,,,MULTI_SOURCE_PENDING,PENDING_12B_EXTERNAL_INGEST,,,,,NOT_YET_CLEARED_PER_MEASUREMENT,,NONE,FUTURE_WITHIN_A1_ORDERING_ONLY,Origin=PHASE6_BASE. Exact surface scaffold reconstructed from audited 572 baseline + v1.10–v1.12 corrections - instrumento + 17 Phase-7C regional additions.,,1.30
FREQ-ATOM-0498,ITEM_SCAFFOLD,semana,ATOMIC_SURFACE_FORM,,,,,MULTI_SOURCE_PENDING,PENDING_12B_EXTERNAL_INGEST,,,,,NOT_YET_CLEARED_PER_MEASUREMENT,,NONE,FUTURE_WITHIN_A1_ORDERING_ONLY,Origin=PHASE6_BASE. Exact surface scaffold reconstructed from audited 572 baseline + v1.10–v1.12 corrections - instrumento + 17 Phase-7C regional additions.,,1.30
FREQ-ATOM-0499,ITEM_SCAFFOLD,separado,ATOMIC_SURFACE_FORM,,,,,MULTI_SOURCE_PENDING,PENDING_12B_EXTERNAL_INGEST,,,,,NOT_YET_CLEARED_PER_MEASUREMENT,,NONE,FUTURE_WITHIN_A1_ORDERING_ONLY,Origin=PHASE6_BASE. Exact surface scaffold reconstructed from audited 572 baseline + v1.10–v1.12 corrections - instrumento + 17 Phase-7C regional additions.,,1.30
FREQ-ATOM-0500,ITEM_SCAFFOLD,ser,ATOMIC_SURFACE_FORM,,,,,MULTI_SOURCE_PENDING,PENDING_12B_EXTERNAL_INGEST,,,,,NOT_YET_CLEARED_PER_MEASUREMENT,,NONE,FUTURE_WITHIN_A1_ORDERING_ONLY,Origin=PHASE6_BASE. Exact surface scaffold reconstructed from audited 572 baseline + v1.10–v1.12 corrections - instrumento + 17 Phase-7C regional additions.,,1.30
FREQ-ATOM-0501,ITEM_SCAFFOLD,serio,ATOMIC_SURFACE_FORM,,,,,MULTI_SOURCE_PENDING,PENDING_12B_EXTERNAL_INGEST,,,,,NOT_YET_CLEARED_PER_MEASUREMENT,,NONE,FUTURE_WITHIN_A1_ORDERING_ONLY,Origin=PHASE6_BASE. Exact surface scaffold reconstructed from audited 572 baseline + v1.10–v1.12 corrections - instrumento + 17 Phase-7C regional additions.,,1.30
FREQ-ATOM-0502,ITEM_SCAFFOLD,sexta,ATOMIC_SURFACE_FORM,,,,,MULTI_SOURCE_PENDING,PENDING_12B_EXTERNAL_INGEST,,,,,NOT_YET_CLEARED_PER_MEASUREMENT,,NONE,FUTURE_WITHIN_A1_ORDERING_ONLY,Origin=PHASE6_BASE. Exact surface scaffold reconstructed from audited 572 baseline + v1.10–v1.12 corrections - instrumento + 17 Phase-7C regional additions.,,1.30
FREQ-ATOM-0503,ITEM_SCAFFOLD,sexto,ATOMIC_SURFACE_FORM,,,,,MULTI_SOURCE_PENDING,PENDING_12B_EXTERNAL_INGEST,,,,,NOT_YET_CLEARED_PER_MEASUREMENT,,NONE,FUTURE_WITHIN_A1_ORDERING_ONLY,Origin=PHASE6_BASE. Exact surface scaffold reconstructed from audited 572 baseline + v1.10–v1.12 corrections - instrumento + 17 Phase-7C regional additions.,,1.30
FREQ-ATOM-0504,ITEM_SCAFFOLD,señor,ATOMIC_SURFACE_FORM,,,,,MULTI_SOURCE_PENDING,PENDING_12B_EXTERNAL_INGEST,,,,,NOT_YET_CLEARED_PER_MEASUREMENT,,NONE,FUTURE_WITHIN_A1_ORDERING_ONLY,Origin=PHASE6_BASE. Exact surface scaffold reconstructed from audited 572 baseline + v1.10–v1.12 corrections - instrumento + 17 Phase-7C regional additions.,,1.30
FREQ-ATOM-0505,ITEM_SCAFFOLD,señora,ATOMIC_SURFACE_FORM,,,,,MULTI_SOURCE_PENDING,PENDING_12B_EXTERNAL_INGEST,,,,,NOT_YET_CLEARED_PER_MEASUREMENT,,NONE,FUTURE_WITHIN_A1_ORDERING_ONLY,Origin=PHASE6_BASE. Exact surface scaffold reconstructed from audited 572 baseline + v1.10–v1.12 corrections - instrumento + 17 Phase-7C regional additions.,,1.30
FREQ-ATOM-0506,ITEM_SCAFFOLD,señores,ATOMIC_SURFACE_FORM,,,,,MULTI_SOURCE_PENDING,PENDING_12B_EXTERNAL_INGEST,,,,,NOT_YET_CLEARED_PER_MEASUREMENT,,NONE,FUTURE_WITHIN_A1_ORDERING_ONLY,Origin=7B_SURFACE_CORRECTION. Exact surface scaffold reconstructed from audited 572 baseline + v1.10–v1.12 corrections - instrumento + 17 Phase-7C regional additions.,,1.30
FREQ-ATOM-0507,ITEM_SCAFFOLD,siempre,ATOMIC_SURFACE_FORM,,,,,MULTI_SOURCE_PENDING,PENDING_12B_EXTERNAL_INGEST,,,,,NOT_YET_CLEARED_PER_MEASUREMENT,,NONE,FUTURE_WITHIN_A1_ORDERING_ONLY,Origin=PHASE6_BASE. Exact surface scaffold reconstructed from audited 572 baseline + v1.10–v1.12 corrections - instrumento + 17 Phase-7C regional additions.,,1.30
FREQ-ATOM-0508,ITEM_SCAFFOLD,silencio,ATOMIC_SURFACE_FORM,,,,,MULTI_SOURCE_PENDING,PENDING_12B_EXTERNAL_INGEST,,,,,NOT_YET_CLEARED_PER_MEASUREMENT,,NONE,FUTURE_WITHIN_A1_ORDERING_ONLY,Origin=PHASE6_BASE. Exact surface scaffold reconstructed from audited 572 baseline + v1.10–v1.12 corrections - instrumento + 17 Phase-7C regional additions.,,1.30
FREQ-ATOM-0509,ITEM_SCAFFOLD,silla,ATOMIC_SURFACE_FORM,,,,,MULTI_SOURCE_PENDING,PENDING_12B_EXTERNAL_INGEST,,,,,NOT_YET_CLEARED_PER_MEASUREMENT,,NONE,FUTURE_WITHIN_A1_ORDERING_ONLY,Origin=PHASE6_BASE. Exact surface scaffold reconstructed from audited 572 baseline + v1.10–v1.12 corrections - instrumento + 17 Phase-7C regional additions.,,1.30
FREQ-ATOM-0510,ITEM_SCAFFOLD,sillón,ATOMIC_SURFACE_FORM,,,,,MULTI_SOURCE_PENDING,PENDING_12B_EXTERNAL_INGEST,,,,,NOT_YET_CLEARED_PER_MEASUREMENT,,NONE,FUTURE_WITHIN_A1_ORDERING_ONLY,Origin=PHASE6_BASE. Exact surface scaffold reconstructed from audited 572 baseline + v1.10–v1.12 corrections - instrumento + 17 Phase-7C regional additions.,,1.30
FREQ-ATOM-0511,ITEM_SCAFFOLD,simpático,ATOMIC_SURFACE_FORM,,,,,MULTI_SOURCE_PENDING,PENDING_12B_EXTERNAL_INGEST,,,,,NOT_YET_CLEARED_PER_MEASUREMENT,,NONE,FUTURE_WITHIN_A1_ORDERING_ONLY,Origin=PHASE6_BASE. Exact surface scaffold reconstructed from audited 572 baseline + v1.10–v1.12 corrections - instrumento + 17 Phase-7C regional additions.,,1.30
FREQ-ATOM-0512,ITEM_SCAFFOLD,sin,ATOMIC_SURFACE_FORM,,,,,MULTI_SOURCE_PENDING,PENDING_12B_EXTERNAL_INGEST,,,,,NOT_YET_CLEARED_PER_MEASUREMENT,,NONE,FUTURE_WITHIN_A1_ORDERING_ONLY,Origin=PHASE6_BASE. Exact surface scaffold reconstructed from audited 572 baseline + v1.10–v1.12 corrections - instrumento + 17 Phase-7C regional additions.,,1.30
FREQ-ATOM-0513,ITEM_SCAFFOLD,sinagoga,ATOMIC_SURFACE_FORM,,,,,MULTI_SOURCE_PENDING,PENDING_12B_EXTERNAL_INGEST,,,,,NOT_YET_CLEARED_PER_MEASUREMENT,,NONE,FUTURE_WITHIN_A1_ORDERING_ONLY,Origin=PHASE6_BASE. Exact surface scaffold reconstructed from audited 572 baseline + v1.10–v1.12 corrections - instrumento + 17 Phase-7C regional additions.,,1.30
FREQ-ATOM-0514,ITEM_SCAFFOLD,sobre,ATOMIC_SURFACE_FORM,,,,,MULTI_SOURCE_PENDING,PENDING_12B_EXTERNAL_INGEST,,,,,NOT_YET_CLEARED_PER_MEASUREMENT,,NONE,FUTURE_WITHIN_A1_ORDERING_ONLY,Origin=PHASE6_BASE. Exact surface scaffold reconstructed from audited 572 baseline + v1.10–v1.12 corrections - instrumento + 17 Phase-7C regional additions.,,1.30
FREQ-ATOM-0515,ITEM_SCAFFOLD,sobrino,ATOMIC_SURFACE_FORM,,,,,MULTI_SOURCE_PENDING,PENDING_12B_EXTERNAL_INGEST,,,,,NOT_YET_CLEARED_PER_MEASUREMENT,,NONE,FUTURE_WITHIN_A1_ORDERING_ONLY,Origin=PHASE6_BASE. Exact surface scaffold reconstructed from audited 572 baseline + v1.10–v1.12 corrections - instrumento + 17 Phase-7C regional additions.,,1.30
FREQ-ATOM-0516,ITEM_SCAFFOLD,sociable,ATOMIC_SURFACE_FORM,,,,,MULTI_SOURCE_PENDING,PENDING_12B_EXTERNAL_INGEST,,,,,NOT_YET_CLEARED_PER_MEASUREMENT,,NONE,FUTURE_WITHIN_A1_ORDERING_ONLY,Origin=PHASE6_BASE. Exact surface scaffold reconstructed from audited 572 baseline + v1.10–v1.12 corrections - instrumento + 17 Phase-7C regional additions.,,1.30
FREQ-ATOM-0517,ITEM_SCAFFOLD,sofá,ATOMIC_SURFACE_FORM,,,,,MULTI_SOURCE_PENDING,PENDING_12B_EXTERNAL_INGEST,,,,,NOT_YET_CLEARED_PER_MEASUREMENT,,NONE,FUTURE_WITHIN_A1_ORDERING_ONLY,Origin=PHASE6_BASE. Exact surface scaffold reconstructed from audited 572 baseline + v1.10–v1.12 corrections - instrumento + 17 Phase-7C regional additions.,,1.30
FREQ-ATOM-0518,ITEM_SCAFFOLD,sol,ATOMIC_SURFACE_FORM,,,,,MULTI_SOURCE_PENDING,PENDING_12B_EXTERNAL_INGEST,,,,,NOT_YET_CLEARED_PER_MEASUREMENT,,NONE,FUTURE_WITHIN_A1_ORDERING_ONLY,Origin=PHASE6_BASE. Exact surface scaffold reconstructed from audited 572 baseline + v1.10–v1.12 corrections - instrumento + 17 Phase-7C regional additions.,,1.30
FREQ-ATOM-0519,ITEM_SCAFFOLD,soltero,ATOMIC_SURFACE_FORM,,,,,MULTI_SOURCE_PENDING,PENDING_12B_EXTERNAL_INGEST,,,,,NOT_YET_CLEARED_PER_MEASUREMENT,,NONE,FUTURE_WITHIN_A1_ORDERING_ONLY,Origin=PHASE6_BASE. Exact surface scaffold reconstructed from audited 572 baseline + v1.10–v1.12 corrections - instrumento + 17 Phase-7C regional additions.,,1.30
FREQ-ATOM-0520,ITEM_SCAFFOLD,sopa,ATOMIC_SURFACE_FORM,,,,,MULTI_SOURCE_PENDING,PENDING_12B_EXTERNAL_INGEST,,,,,NOT_YET_CLEARED_PER_MEASUREMENT,,NONE,FUTURE_WITHIN_A1_ORDERING_ONLY,Origin=PHASE6_BASE. Exact surface scaffold reconstructed from audited 572 baseline + v1.10–v1.12 corrections - instrumento + 17 Phase-7C regional additions.,,1.30
FREQ-ATOM-0521,ITEM_SCAFFOLD,su,ATOMIC_SURFACE_FORM,,,,,MULTI_SOURCE_PENDING,PENDING_12B_EXTERNAL_INGEST,,,,,NOT_YET_CLEARED_PER_MEASUREMENT,,NONE,FUTURE_WITHIN_A1_ORDERING_ONLY,Origin=PHASE6_BASE. Exact surface scaffold reconstructed from audited 572 baseline + v1.10–v1.12 corrections - instrumento + 17 Phase-7C regional additions.,,1.30
FREQ-ATOM-0522,ITEM_SCAFFOLD,supermercado,ATOMIC_SURFACE_FORM,,,,,MULTI_SOURCE_PENDING,PENDING_12B_EXTERNAL_INGEST,,,,,NOT_YET_CLEARED_PER_MEASUREMENT,,NONE,FUTURE_WITHIN_A1_ORDERING_ONLY,Origin=PHASE6_BASE. Exact surface scaffold reconstructed from audited 572 baseline + v1.10–v1.12 corrections - instrumento + 17 Phase-7C regional additions.,,1.30
FREQ-ATOM-0523,ITEM_SCAFFOLD,sur,ATOMIC_SURFACE_FORM,,,,,MULTI_SOURCE_PENDING,PENDING_12B_EXTERNAL_INGEST,,,,,NOT_YET_CLEARED_PER_MEASUREMENT,,NONE,FUTURE_WITHIN_A1_ORDERING_ONLY,Origin=PHASE6_BASE. Exact surface scaffold reconstructed from audited 572 baseline + v1.10–v1.12 corrections - instrumento + 17 Phase-7C regional additions.,,1.30
FREQ-ATOM-0524,ITEM_SCAFFOLD,sus,ATOMIC_SURFACE_FORM,,,,,MULTI_SOURCE_PENDING,PENDING_12B_EXTERNAL_INGEST,,,,,NOT_YET_CLEARED_PER_MEASUREMENT,,NONE,FUTURE_WITHIN_A1_ORDERING_ONLY,Origin=PHASE6_BASE. Exact surface scaffold reconstructed from audited 572 baseline + v1.10–v1.12 corrections - instrumento + 17 Phase-7C regional additions.,,1.30
FREQ-ATOM-0525,ITEM_SCAFFOLD,sándwich,ATOMIC_SURFACE_FORM,,,,,MULTI_SOURCE_PENDING,PENDING_12B_EXTERNAL_INGEST,,,,,NOT_YET_CLEARED_PER_MEASUREMENT,,NONE,FUTURE_WITHIN_A1_ORDERING_ONLY,Origin=PHASE6_BASE. Exact surface scaffold reconstructed from audited 572 baseline + v1.10–v1.12 corrections - instrumento + 17 Phase-7C regional additions.,,1.30
FREQ-ATOM-0526,ITEM_SCAFFOLD,séptima,ATOMIC_SURFACE_FORM,,,,,MULTI_SOURCE_PENDING,PENDING_12B_EXTERNAL_INGEST,,,,,NOT_YET_CLEARED_PER_MEASUREMENT,,NONE,FUTURE_WITHIN_A1_ORDERING_ONLY,Origin=PHASE6_BASE. Exact surface scaffold reconstructed from audited 572 baseline + v1.10–v1.12 corrections - instrumento + 17 Phase-7C regional additions.,,1.30
FREQ-ATOM-0527,ITEM_SCAFFOLD,séptimo,ATOMIC_SURFACE_FORM,,,,,MULTI_SOURCE_PENDING,PENDING_12B_EXTERNAL_INGEST,,,,,NOT_YET_CLEARED_PER_MEASUREMENT,,NONE,FUTURE_WITHIN_A1_ORDERING_ONLY,Origin=PHASE6_BASE. Exact surface scaffold reconstructed from audited 572 baseline + v1.10–v1.12 corrections - instrumento + 17 Phase-7C regional additions.,,1.30
FREQ-ATOM-0528,ITEM_SCAFFOLD,sí,ATOMIC_SURFACE_FORM,,,,,MULTI_SOURCE_PENDING,PENDING_12B_EXTERNAL_INGEST,,,,,NOT_YET_CLEARED_PER_MEASUREMENT,,NONE,FUTURE_WITHIN_A1_ORDERING_ONLY,Origin=PHASE6_BASE. Exact surface scaffold reconstructed from audited 572 baseline + v1.10–v1.12 corrections - instrumento + 17 Phase-7C regional additions.,,1.30
FREQ-ATOM-0529,ITEM_SCAFFOLD,también,ATOMIC_SURFACE_FORM,,,,,MULTI_SOURCE_PENDING,PENDING_12B_EXTERNAL_INGEST,,,,,NOT_YET_CLEARED_PER_MEASUREMENT,,NONE,FUTURE_WITHIN_A1_ORDERING_ONLY,Origin=PHASE6_BASE. Exact surface scaffold reconstructed from audited 572 baseline + v1.10–v1.12 corrections - instrumento + 17 Phase-7C regional additions.,,1.30
FREQ-ATOM-0530,ITEM_SCAFFOLD,tampoco,ATOMIC_SURFACE_FORM,,,,,MULTI_SOURCE_PENDING,PENDING_12B_EXTERNAL_INGEST,,,,,NOT_YET_CLEARED_PER_MEASUREMENT,,NONE,FUTURE_WITHIN_A1_ORDERING_ONLY,Origin=PHASE6_BASE. Exact surface scaffold reconstructed from audited 572 baseline + v1.10–v1.12 corrections - instrumento + 17 Phase-7C regional additions.,,1.30
FREQ-ATOM-0531,ITEM_SCAFFOLD,tarde,ATOMIC_SURFACE_FORM,,,,,MULTI_SOURCE_PENDING,PENDING_12B_EXTERNAL_INGEST,,,,,NOT_YET_CLEARED_PER_MEASUREMENT,,NONE,FUTURE_WITHIN_A1_ORDERING_ONLY,Origin=PHASE6_BASE. Exact surface scaffold reconstructed from audited 572 baseline + v1.10–v1.12 corrections - instrumento + 17 Phase-7C regional additions.,,1.30
FREQ-ATOM-0532,ITEM_SCAFFOLD,tarjeta,ATOMIC_SURFACE_FORM,,,,,MULTI_SOURCE_PENDING,PENDING_12B_EXTERNAL_INGEST,,,,,NOT_YET_CLEARED_PER_MEASUREMENT,,NONE,FUTURE_WITHIN_A1_ORDERING_ONLY,Origin=PHASE6_BASE. Exact surface scaffold reconstructed from audited 572 baseline + v1.10–v1.12 corrections - instrumento + 17 Phase-7C regional additions.,,1.30
FREQ-ATOM-0533,ITEM_SCAFFOLD,taxi,ATOMIC_SURFACE_FORM,,,,,MULTI_SOURCE_PENDING,PENDING_12B_EXTERNAL_INGEST,,,,,NOT_YET_CLEARED_PER_MEASUREMENT,,NONE,FUTURE_WITHIN_A1_ORDERING_ONLY,Origin=PHASE6_BASE. Exact surface scaffold reconstructed from audited 572 baseline + v1.10–v1.12 corrections - instrumento + 17 Phase-7C regional additions.,,1.30
FREQ-ATOM-0534,ITEM_SCAFFOLD,taxista,ATOMIC_SURFACE_FORM,,,,,MULTI_SOURCE_PENDING,PENDING_12B_EXTERNAL_INGEST,,,,,NOT_YET_CLEARED_PER_MEASUREMENT,,NONE,FUTURE_WITHIN_A1_ORDERING_ONLY,Origin=PHASE6_BASE. Exact surface scaffold reconstructed from audited 572 baseline + v1.10–v1.12 corrections - instrumento + 17 Phase-7C regional additions.,,1.30
FREQ-ATOM-0535,ITEM_SCAFFOLD,teatro,ATOMIC_SURFACE_FORM,,,,,MULTI_SOURCE_PENDING,PENDING_12B_EXTERNAL_INGEST,,,,,NOT_YET_CLEARED_PER_MEASUREMENT,,NONE,FUTURE_WITHIN_A1_ORDERING_ONLY,Origin=PHASE6_BASE. Exact surface scaffold reconstructed from audited 572 baseline + v1.10–v1.12 corrections - instrumento + 17 Phase-7C regional additions.,,1.30
FREQ-ATOM-0536,ITEM_SCAFFOLD,televisión,ATOMIC_SURFACE_FORM,,,,,MULTI_SOURCE_PENDING,PENDING_12B_EXTERNAL_INGEST,,,,,NOT_YET_CLEARED_PER_MEASUREMENT,,NONE,FUTURE_WITHIN_A1_ORDERING_ONLY,Origin=PHASE6_BASE. Exact surface scaffold reconstructed from audited 572 baseline + v1.10–v1.12 corrections - instrumento + 17 Phase-7C regional additions.,,1.30
FREQ-ATOM-0537,ITEM_SCAFFOLD,teléfono,ATOMIC_SURFACE_FORM,,,,,MULTI_SOURCE_PENDING,PENDING_12B_EXTERNAL_INGEST,,,,,NOT_YET_CLEARED_PER_MEASUREMENT,,NONE,FUTURE_WITHIN_A1_ORDERING_ONLY,Origin=PHASE6_BASE. Exact surface scaffold reconstructed from audited 572 baseline + v1.10–v1.12 corrections - instrumento + 17 Phase-7C regional additions.,,1.30
FREQ-ATOM-0538,ITEM_SCAFFOLD,temprano,ATOMIC_SURFACE_FORM,,,,,MULTI_SOURCE_PENDING,PENDING_12B_EXTERNAL_INGEST,,,,,NOT_YET_CLEARED_PER_MEASUREMENT,,NONE,FUTURE_WITHIN_A1_ORDERING_ONLY,Origin=PHASE6_BASE. Exact surface scaffold reconstructed from audited 572 baseline + v1.10–v1.12 corrections - instrumento + 17 Phase-7C regional additions.,,1.30
FREQ-ATOM-0539,ITEM_SCAFFOLD,tener,ATOMIC_SURFACE_FORM,,,,,MULTI_SOURCE_PENDING,PENDING_12B_EXTERNAL_INGEST,,,,,NOT_YET_CLEARED_PER_MEASUREMENT,,NONE,FUTURE_WITHIN_A1_ORDERING_ONLY,Origin=PHASE6_BASE. Exact surface scaffold reconstructed from audited 572 baseline + v1.10–v1.12 corrections - instrumento + 17 Phase-7C regional additions.,,1.30
FREQ-ATOM-0540,ITEM_SCAFFOLD,tenis,ATOMIC_SURFACE_FORM,,,,,MULTI_SOURCE_PENDING,PENDING_12B_EXTERNAL_INGEST,,,,,NOT_YET_CLEARED_PER_MEASUREMENT,,NONE,FUTURE_WITHIN_A1_ORDERING_ONLY,Origin=PHASE6_BASE. Exact surface scaffold reconstructed from audited 572 baseline + v1.10–v1.12 corrections - instrumento + 17 Phase-7C regional additions.,,1.30
FREQ-ATOM-0541,ITEM_SCAFFOLD,tercera,ATOMIC_SURFACE_FORM,,,,,MULTI_SOURCE_PENDING,PENDING_12B_EXTERNAL_INGEST,,,,,NOT_YET_CLEARED_PER_MEASUREMENT,,NONE,FUTURE_WITHIN_A1_ORDERING_ONLY,Origin=PHASE6_BASE. Exact surface scaffold reconstructed from audited 572 baseline + v1.10–v1.12 corrections - instrumento + 17 Phase-7C regional additions.,,1.30
FREQ-ATOM-0542,ITEM_SCAFFOLD,tercero,ATOMIC_SURFACE_FORM,,,,,MULTI_SOURCE_PENDING,PENDING_12B_EXTERNAL_INGEST,,,,,NOT_YET_CLEARED_PER_MEASUREMENT,,NONE,FUTURE_WITHIN_A1_ORDERING_ONLY,Origin=PHASE6_BASE. Exact surface scaffold reconstructed from audited 572 baseline + v1.10–v1.12 corrections - instrumento + 17 Phase-7C regional additions.,,1.30
FREQ-ATOM-0543,ITEM_SCAFFOLD,terminar,ATOMIC_SURFACE_FORM,,,,,MULTI_SOURCE_PENDING,PENDING_12B_EXTERNAL_INGEST,,,,,NOT_YET_CLEARED_PER_MEASUREMENT,,NONE,FUTURE_WITHIN_A1_ORDERING_ONLY,Origin=PHASE6_BASE. Exact surface scaffold reconstructed from audited 572 baseline + v1.10–v1.12 corrections - instrumento + 17 Phase-7C regional additions.,,1.30
FREQ-ATOM-0544,ITEM_SCAFFOLD,terraza,ATOMIC_SURFACE_FORM,,,,,MULTI_SOURCE_PENDING,PENDING_12B_EXTERNAL_INGEST,,,,,NOT_YET_CLEARED_PER_MEASUREMENT,,NONE,FUTURE_WITHIN_A1_ORDERING_ONLY,Origin=PHASE6_BASE. Exact surface scaffold reconstructed from audited 572 baseline + v1.10–v1.12 corrections - instrumento + 17 Phase-7C regional additions.,,1.30
FREQ-ATOM-0545,ITEM_SCAFFOLD,tiempo,ATOMIC_SURFACE_FORM,,,,,MULTI_SOURCE_PENDING,PENDING_12B_EXTERNAL_INGEST,,,,,NOT_YET_CLEARED_PER_MEASUREMENT,,NONE,FUTURE_WITHIN_A1_ORDERING_ONLY,Origin=PHASE6_BASE. Exact surface scaffold reconstructed from audited 572 baseline + v1.10–v1.12 corrections - instrumento + 17 Phase-7C regional additions.,,1.30
FREQ-ATOM-0546,ITEM_SCAFFOLD,tienda,ATOMIC_SURFACE_FORM,,,,,MULTI_SOURCE_PENDING,PENDING_12B_EXTERNAL_INGEST,,,,,NOT_YET_CLEARED_PER_MEASUREMENT,,NONE,FUTURE_WITHIN_A1_ORDERING_ONLY,Origin=PHASE6_BASE. Exact surface scaffold reconstructed from audited 572 baseline + v1.10–v1.12 corrections - instrumento + 17 Phase-7C regional additions.,,1.30
FREQ-ATOM-0547,ITEM_SCAFFOLD,tortilla,ATOMIC_SURFACE_FORM,,,,,MULTI_SOURCE_PENDING,PENDING_12B_EXTERNAL_INGEST,,,,,NOT_YET_CLEARED_PER_MEASUREMENT,,NONE,FUTURE_WITHIN_A1_ORDERING_ONLY,Origin=PHASE6_BASE. Exact surface scaffold reconstructed from audited 572 baseline + v1.10–v1.12 corrections - instrumento + 17 Phase-7C regional additions.,,1.30
FREQ-ATOM-0548,ITEM_SCAFFOLD,trabajador,ATOMIC_SURFACE_FORM,,,,,MULTI_SOURCE_PENDING,PENDING_12B_EXTERNAL_INGEST,,,,,NOT_YET_CLEARED_PER_MEASUREMENT,,NONE,FUTURE_WITHIN_A1_ORDERING_ONLY,Origin=PHASE6_BASE. Exact surface scaffold reconstructed from audited 572 baseline + v1.10–v1.12 corrections - instrumento + 17 Phase-7C regional additions.,,1.30
FREQ-ATOM-0549,ITEM_SCAFFOLD,trabajar,ATOMIC_SURFACE_FORM,,,,,MULTI_SOURCE_PENDING,PENDING_12B_EXTERNAL_INGEST,,,,,NOT_YET_CLEARED_PER_MEASUREMENT,,NONE,FUTURE_WITHIN_A1_ORDERING_ONLY,Origin=PHASE6_BASE. Exact surface scaffold reconstructed from audited 572 baseline + v1.10–v1.12 corrections - instrumento + 17 Phase-7C regional additions.,,1.30
FREQ-ATOM-0550,ITEM_SCAFFOLD,trabajo,ATOMIC_SURFACE_FORM,,,,,MULTI_SOURCE_PENDING,PENDING_12B_EXTERNAL_INGEST,,,,,NOT_YET_CLEARED_PER_MEASUREMENT,,NONE,FUTURE_WITHIN_A1_ORDERING_ONLY,Origin=PHASE6_BASE. Exact surface scaffold reconstructed from audited 572 baseline + v1.10–v1.12 corrections - instrumento + 17 Phase-7C regional additions.,,1.30
FREQ-ATOM-0551,ITEM_SCAFFOLD,tren,ATOMIC_SURFACE_FORM,,,,,MULTI_SOURCE_PENDING,PENDING_12B_EXTERNAL_INGEST,,,,,NOT_YET_CLEARED_PER_MEASUREMENT,,NONE,FUTURE_WITHIN_A1_ORDERING_ONLY,Origin=PHASE6_BASE. Exact surface scaffold reconstructed from audited 572 baseline + v1.10–v1.12 corrections - instrumento + 17 Phase-7C regional additions.,,1.30
FREQ-ATOM-0552,ITEM_SCAFFOLD,tu,ATOMIC_SURFACE_FORM,,,,,MULTI_SOURCE_PENDING,PENDING_12B_EXTERNAL_INGEST,,,,,NOT_YET_CLEARED_PER_MEASUREMENT,,NONE,FUTURE_WITHIN_A1_ORDERING_ONLY,Origin=PHASE6_BASE. Exact surface scaffold reconstructed from audited 572 baseline + v1.10–v1.12 corrections - instrumento + 17 Phase-7C regional additions.,,1.30
FREQ-ATOM-0553,ITEM_SCAFFOLD,turismo,ATOMIC_SURFACE_FORM,,,,,MULTI_SOURCE_PENDING,PENDING_12B_EXTERNAL_INGEST,,,,,NOT_YET_CLEARED_PER_MEASUREMENT,,NONE,FUTURE_WITHIN_A1_ORDERING_ONLY,Origin=PHASE6_BASE. Exact surface scaffold reconstructed from audited 572 baseline + v1.10–v1.12 corrections - instrumento + 17 Phase-7C regional additions.,,1.30
FREQ-ATOM-0554,ITEM_SCAFFOLD,turista,ATOMIC_SURFACE_FORM,,,,,MULTI_SOURCE_PENDING,PENDING_12B_EXTERNAL_INGEST,,,,,NOT_YET_CLEARED_PER_MEASUREMENT,,NONE,FUTURE_WITHIN_A1_ORDERING_ONLY,Origin=PHASE6_BASE. Exact surface scaffold reconstructed from audited 572 baseline + v1.10–v1.12 corrections - instrumento + 17 Phase-7C regional additions.,,1.30
FREQ-ATOM-0555,ITEM_SCAFFOLD,tus,ATOMIC_SURFACE_FORM,,,,,MULTI_SOURCE_PENDING,PENDING_12B_EXTERNAL_INGEST,,,,,NOT_YET_CLEARED_PER_MEASUREMENT,,NONE,FUTURE_WITHIN_A1_ORDERING_ONLY,Origin=PHASE6_BASE. Exact surface scaffold reconstructed from audited 572 baseline + v1.10–v1.12 corrections - instrumento + 17 Phase-7C regional additions.,,1.30
FREQ-ATOM-0556,ITEM_SCAFFOLD,té,ATOMIC_SURFACE_FORM,,,,,MULTI_SOURCE_PENDING,PENDING_12B_EXTERNAL_INGEST,,,,,NOT_YET_CLEARED_PER_MEASUREMENT,,NONE,FUTURE_WITHIN_A1_ORDERING_ONLY,Origin=PHASE6_BASE. Exact surface scaffold reconstructed from audited 572 baseline + v1.10–v1.12 corrections - instrumento + 17 Phase-7C regional additions.,,1.30
FREQ-ATOM-0557,ITEM_SCAFFOLD,tímido,ATOMIC_SURFACE_FORM,,,,,MULTI_SOURCE_PENDING,PENDING_12B_EXTERNAL_INGEST,,,,,NOT_YET_CLEARED_PER_MEASUREMENT,,NONE,FUTURE_WITHIN_A1_ORDERING_ONLY,Origin=PHASE6_BASE. Exact surface scaffold reconstructed from audited 572 baseline + v1.10–v1.12 corrections - instrumento + 17 Phase-7C regional additions.,,1.30
FREQ-ATOM-0558,ITEM_SCAFFOLD,tío,ATOMIC_SURFACE_FORM,,,,,MULTI_SOURCE_PENDING,PENDING_12B_EXTERNAL_INGEST,,,,,NOT_YET_CLEARED_PER_MEASUREMENT,,NONE,FUTURE_WITHIN_A1_ORDERING_ONLY,Origin=PHASE6_BASE. Exact surface scaffold reconstructed from audited 572 baseline + v1.10–v1.12 corrections - instrumento + 17 Phase-7C regional additions.,,1.30
FREQ-ATOM-0559,ITEM_SCAFFOLD,tú,ATOMIC_SURFACE_FORM,,,,,MULTI_SOURCE_PENDING,PENDING_12B_EXTERNAL_INGEST,,,,,NOT_YET_CLEARED_PER_MEASUREMENT,,NONE,FUTURE_WITHIN_A1_ORDERING_ONLY,Origin=PHASE6_BASE. Exact surface scaffold reconstructed from audited 572 baseline + v1.10–v1.12 corrections - instrumento + 17 Phase-7C regional additions.,,1.30
FREQ-ATOM-0560,ITEM_SCAFFOLD,un,ATOMIC_SURFACE_FORM,,,,,MULTI_SOURCE_PENDING,PENDING_12B_EXTERNAL_INGEST,,,,,NOT_YET_CLEARED_PER_MEASUREMENT,,NONE,FUTURE_WITHIN_A1_ORDERING_ONLY,Origin=PHASE6_BASE. Exact surface scaffold reconstructed from audited 572 baseline + v1.10–v1.12 corrections - instrumento + 17 Phase-7C regional additions.,,1.30
FREQ-ATOM-0561,ITEM_SCAFFOLD,una,ATOMIC_SURFACE_FORM,,,,,MULTI_SOURCE_PENDING,PENDING_12B_EXTERNAL_INGEST,,,,,NOT_YET_CLEARED_PER_MEASUREMENT,,NONE,FUTURE_WITHIN_A1_ORDERING_ONLY,Origin=PHASE6_BASE. Exact surface scaffold reconstructed from audited 572 baseline + v1.10–v1.12 corrections - instrumento + 17 Phase-7C regional additions.,,1.30
FREQ-ATOM-0562,ITEM_SCAFFOLD,unas,ATOMIC_SURFACE_FORM,,,,,MULTI_SOURCE_PENDING,PENDING_12B_EXTERNAL_INGEST,,,,,NOT_YET_CLEARED_PER_MEASUREMENT,,NONE,FUTURE_WITHIN_A1_ORDERING_ONLY,Origin=PHASE6_BASE. Exact surface scaffold reconstructed from audited 572 baseline + v1.10–v1.12 corrections - instrumento + 17 Phase-7C regional additions.,,1.30
FREQ-ATOM-0563,ITEM_SCAFFOLD,unidad,ATOMIC_SURFACE_FORM,,,,,MULTI_SOURCE_PENDING,PENDING_12B_EXTERNAL_INGEST,,,,,NOT_YET_CLEARED_PER_MEASUREMENT,,NONE,FUTURE_WITHIN_A1_ORDERING_ONLY,Origin=PHASE6_BASE. Exact surface scaffold reconstructed from audited 572 baseline + v1.10–v1.12 corrections - instrumento + 17 Phase-7C regional additions.,,1.30
FREQ-ATOM-0564,ITEM_SCAFFOLD,universidad,ATOMIC_SURFACE_FORM,,,,,MULTI_SOURCE_PENDING,PENDING_12B_EXTERNAL_INGEST,,,,,NOT_YET_CLEARED_PER_MEASUREMENT,,NONE,FUTURE_WITHIN_A1_ORDERING_ONLY,Origin=PHASE6_BASE. Exact surface scaffold reconstructed from audited 572 baseline + v1.10–v1.12 corrections - instrumento + 17 Phase-7C regional additions.,,1.30
FREQ-ATOM-0565,ITEM_SCAFFOLD,unos,ATOMIC_SURFACE_FORM,,,,,MULTI_SOURCE_PENDING,PENDING_12B_EXTERNAL_INGEST,,,,,NOT_YET_CLEARED_PER_MEASUREMENT,,NONE,FUTURE_WITHIN_A1_ORDERING_ONLY,Origin=PHASE6_BASE. Exact surface scaffold reconstructed from audited 572 baseline + v1.10–v1.12 corrections - instrumento + 17 Phase-7C regional additions.,,1.30
FREQ-ATOM-0566,ITEM_SCAFFOLD,usted,ATOMIC_SURFACE_FORM,,,,,MULTI_SOURCE_PENDING,PENDING_12B_EXTERNAL_INGEST,,,,,NOT_YET_CLEARED_PER_MEASUREMENT,,NONE,FUTURE_WITHIN_A1_ORDERING_ONLY,Origin=PHASE6_BASE. Exact surface scaffold reconstructed from audited 572 baseline + v1.10–v1.12 corrections - instrumento + 17 Phase-7C regional additions.,,1.30
FREQ-ATOM-0567,ITEM_SCAFFOLD,ustedes,ATOMIC_SURFACE_FORM,,,,,MULTI_SOURCE_PENDING,PENDING_12B_EXTERNAL_INGEST,,,,,NOT_YET_CLEARED_PER_MEASUREMENT,,NONE,FUTURE_WITHIN_A1_ORDERING_ONLY,Origin=PHASE6_BASE. Exact surface scaffold reconstructed from audited 572 baseline + v1.10–v1.12 corrections - instrumento + 17 Phase-7C regional additions.,,1.30
FREQ-ATOM-0568,ITEM_SCAFFOLD,vacaciones,ATOMIC_SURFACE_FORM,,,,,MULTI_SOURCE_PENDING,PENDING_12B_EXTERNAL_INGEST,,,,,NOT_YET_CLEARED_PER_MEASUREMENT,,NONE,FUTURE_WITHIN_A1_ORDERING_ONLY,Origin=PHASE6_BASE. Exact surface scaffold reconstructed from audited 572 baseline + v1.10–v1.12 corrections - instrumento + 17 Phase-7C regional additions.,,1.30
FREQ-ATOM-0569,ITEM_SCAFFOLD,vaquero,ATOMIC_SURFACE_FORM,,,,,MULTI_SOURCE_PENDING,PENDING_12B_EXTERNAL_INGEST,,,,,NOT_YET_CLEARED_PER_MEASUREMENT,,NONE,FUTURE_WITHIN_A1_ORDERING_ONLY,Origin=PHASE6_BASE. Exact surface scaffold reconstructed from audited 572 baseline + v1.10–v1.12 corrections - instrumento + 17 Phase-7C regional additions.,,1.30
FREQ-ATOM-0570,ITEM_SCAFFOLD,vaqueros,ATOMIC_SURFACE_FORM,,,,,MULTI_SOURCE_PENDING,PENDING_12B_EXTERNAL_INGEST,,,,,NOT_YET_CLEARED_PER_MEASUREMENT,,NONE,FUTURE_WITHIN_A1_ORDERING_ONLY,Origin=7B_SURFACE_CORRECTION. Exact surface scaffold reconstructed from audited 572 baseline + v1.10–v1.12 corrections - instrumento + 17 Phase-7C regional additions.,,1.30
FREQ-ATOM-0571,ITEM_SCAFFOLD,vendedor,ATOMIC_SURFACE_FORM,,,,,MULTI_SOURCE_PENDING,PENDING_12B_EXTERNAL_INGEST,,,,,NOT_YET_CLEARED_PER_MEASUREMENT,,NONE,FUTURE_WITHIN_A1_ORDERING_ONLY,Origin=PHASE6_BASE. Exact surface scaffold reconstructed from audited 572 baseline + v1.10–v1.12 corrections - instrumento + 17 Phase-7C regional additions.,,1.30
FREQ-ATOM-0572,ITEM_SCAFFOLD,vender,ATOMIC_SURFACE_FORM,,,,,MULTI_SOURCE_PENDING,PENDING_12B_EXTERNAL_INGEST,,,,,NOT_YET_CLEARED_PER_MEASUREMENT,,NONE,FUTURE_WITHIN_A1_ORDERING_ONLY,Origin=PHASE6_BASE. Exact surface scaffold reconstructed from audited 572 baseline + v1.10–v1.12 corrections - instrumento + 17 Phase-7C regional additions.,,1.30
FREQ-ATOM-0573,ITEM_SCAFFOLD,venir,ATOMIC_SURFACE_FORM,,,,,MULTI_SOURCE_PENDING,PENDING_12B_EXTERNAL_INGEST,,,,,NOT_YET_CLEARED_PER_MEASUREMENT,,NONE,FUTURE_WITHIN_A1_ORDERING_ONLY,Origin=PHASE6_BASE. Exact surface scaffold reconstructed from audited 572 baseline + v1.10–v1.12 corrections - instrumento + 17 Phase-7C regional additions.,,1.30
FREQ-ATOM-0574,ITEM_SCAFFOLD,ventana,ATOMIC_SURFACE_FORM,,,,,MULTI_SOURCE_PENDING,PENDING_12B_EXTERNAL_INGEST,,,,,NOT_YET_CLEARED_PER_MEASUREMENT,,NONE,FUTURE_WITHIN_A1_ORDERING_ONLY,Origin=PHASE6_BASE. Exact surface scaffold reconstructed from audited 572 baseline + v1.10–v1.12 corrections - instrumento + 17 Phase-7C regional additions.,,1.30
FREQ-ATOM-0575,ITEM_SCAFFOLD,ver,ATOMIC_SURFACE_FORM,,,,,MULTI_SOURCE_PENDING,PENDING_12B_EXTERNAL_INGEST,,,,,NOT_YET_CLEARED_PER_MEASUREMENT,,NONE,FUTURE_WITHIN_A1_ORDERING_ONLY,Origin=PHASE6_BASE. Exact surface scaffold reconstructed from audited 572 baseline + v1.10–v1.12 corrections - instrumento + 17 Phase-7C regional additions.,,1.30
FREQ-ATOM-0576,ITEM_SCAFFOLD,verano,ATOMIC_SURFACE_FORM,,,,,MULTI_SOURCE_PENDING,PENDING_12B_EXTERNAL_INGEST,,,,,NOT_YET_CLEARED_PER_MEASUREMENT,,NONE,FUTURE_WITHIN_A1_ORDERING_ONLY,Origin=PHASE6_BASE. Exact surface scaffold reconstructed from audited 572 baseline + v1.10–v1.12 corrections - instrumento + 17 Phase-7C regional additions.,,1.30
FREQ-ATOM-0577,ITEM_SCAFFOLD,verde,ATOMIC_SURFACE_FORM,,,,,MULTI_SOURCE_PENDING,PENDING_12B_EXTERNAL_INGEST,,,,,NOT_YET_CLEARED_PER_MEASUREMENT,,NONE,FUTURE_WITHIN_A1_ORDERING_ONLY,Origin=PHASE6_BASE. Exact surface scaffold reconstructed from audited 572 baseline + v1.10–v1.12 corrections - instrumento + 17 Phase-7C regional additions.,,1.30
FREQ-ATOM-0578,ITEM_SCAFFOLD,verdura,ATOMIC_SURFACE_FORM,,,,,MULTI_SOURCE_PENDING,PENDING_12B_EXTERNAL_INGEST,,,,,NOT_YET_CLEARED_PER_MEASUREMENT,,NONE,FUTURE_WITHIN_A1_ORDERING_ONLY,Origin=PHASE6_BASE. Exact surface scaffold reconstructed from audited 572 baseline + v1.10–v1.12 corrections - instrumento + 17 Phase-7C regional additions.,,1.30
FREQ-ATOM-0579,ITEM_SCAFFOLD,viajar,ATOMIC_SURFACE_FORM,,,,,MULTI_SOURCE_PENDING,PENDING_12B_EXTERNAL_INGEST,,,,,NOT_YET_CLEARED_PER_MEASUREMENT,,NONE,FUTURE_WITHIN_A1_ORDERING_ONLY,Origin=PHASE6_BASE. Exact surface scaffold reconstructed from audited 572 baseline + v1.10–v1.12 corrections - instrumento + 17 Phase-7C regional additions.,,1.30
FREQ-ATOM-0580,ITEM_SCAFFOLD,video,ATOMIC_SURFACE_FORM,,,,,MULTI_SOURCE_PENDING,PENDING_12B_EXTERNAL_INGEST,,,,,NOT_YET_CLEARED_PER_MEASUREMENT,,NONE,FUTURE_WITHIN_A1_ORDERING_ONLY,Origin=7C_REGIONAL_ADDITION. Exact surface scaffold reconstructed from audited 572 baseline + v1.10–v1.12 corrections - instrumento + 17 Phase-7C regional additions.,,1.30
FREQ-ATOM-0581,ITEM_SCAFFOLD,viejo,ATOMIC_SURFACE_FORM,,,,,MULTI_SOURCE_PENDING,PENDING_12B_EXTERNAL_INGEST,,,,,NOT_YET_CLEARED_PER_MEASUREMENT,,NONE,FUTURE_WITHIN_A1_ORDERING_ONLY,Origin=PHASE6_BASE. Exact surface scaffold reconstructed from audited 572 baseline + v1.10–v1.12 corrections - instrumento + 17 Phase-7C regional additions.,,1.30
FREQ-ATOM-0582,ITEM_SCAFFOLD,viento,ATOMIC_SURFACE_FORM,,,,,MULTI_SOURCE_PENDING,PENDING_12B_EXTERNAL_INGEST,,,,,NOT_YET_CLEARED_PER_MEASUREMENT,,NONE,FUTURE_WITHIN_A1_ORDERING_ONLY,Origin=PHASE6_BASE. Exact surface scaffold reconstructed from audited 572 baseline + v1.10–v1.12 corrections - instrumento + 17 Phase-7C regional additions.,,1.30
FREQ-ATOM-0583,ITEM_SCAFFOLD,vino,ATOMIC_SURFACE_FORM,,,,,MULTI_SOURCE_PENDING,PENDING_12B_EXTERNAL_INGEST,,,,,NOT_YET_CLEARED_PER_MEASUREMENT,,NONE,FUTURE_WITHIN_A1_ORDERING_ONLY,Origin=PHASE6_BASE. Exact surface scaffold reconstructed from audited 572 baseline + v1.10–v1.12 corrections - instrumento + 17 Phase-7C regional additions.,,1.30
FREQ-ATOM-0584,ITEM_SCAFFOLD,viudo,ATOMIC_SURFACE_FORM,,,,,MULTI_SOURCE_PENDING,PENDING_12B_EXTERNAL_INGEST,,,,,NOT_YET_CLEARED_PER_MEASUREMENT,,NONE,FUTURE_WITHIN_A1_ORDERING_ONLY,Origin=PHASE6_BASE. Exact surface scaffold reconstructed from audited 572 baseline + v1.10–v1.12 corrections - instrumento + 17 Phase-7C regional additions.,,1.30
FREQ-ATOM-0585,ITEM_SCAFFOLD,vivir,ATOMIC_SURFACE_FORM,,,,,MULTI_SOURCE_PENDING,PENDING_12B_EXTERNAL_INGEST,,,,,NOT_YET_CLEARED_PER_MEASUREMENT,,NONE,FUTURE_WITHIN_A1_ORDERING_ONLY,Origin=PHASE6_BASE. Exact surface scaffold reconstructed from audited 572 baseline + v1.10–v1.12 corrections - instrumento + 17 Phase-7C regional additions.,,1.30
FREQ-ATOM-0586,ITEM_SCAFFOLD,volver,ATOMIC_SURFACE_FORM,,,,,MULTI_SOURCE_PENDING,PENDING_12B_EXTERNAL_INGEST,,,,,NOT_YET_CLEARED_PER_MEASUREMENT,,NONE,FUTURE_WITHIN_A1_ORDERING_ONLY,Origin=PHASE6_BASE. Exact surface scaffold reconstructed from audited 572 baseline + v1.10–v1.12 corrections - instrumento + 17 Phase-7C regional additions.,,1.30
FREQ-ATOM-0587,ITEM_SCAFFOLD,vos,ATOMIC_SURFACE_FORM,,,,,MULTI_SOURCE_PENDING,PENDING_12B_EXTERNAL_INGEST,,,,,NOT_YET_CLEARED_PER_MEASUREMENT,,NONE,FUTURE_WITHIN_A1_ORDERING_ONLY,Origin=PHASE6_BASE. Exact surface scaffold reconstructed from audited 572 baseline + v1.10–v1.12 corrections - instrumento + 17 Phase-7C regional additions.,,1.30
FREQ-ATOM-0588,ITEM_SCAFFOLD,vosotras,ATOMIC_SURFACE_FORM,,,,,MULTI_SOURCE_PENDING,PENDING_12B_EXTERNAL_INGEST,,,,,NOT_YET_CLEARED_PER_MEASUREMENT,,NONE,FUTURE_WITHIN_A1_ORDERING_ONLY,Origin=PHASE6_BASE. Exact surface scaffold reconstructed from audited 572 baseline + v1.10–v1.12 corrections - instrumento + 17 Phase-7C regional additions.,,1.30
FREQ-ATOM-0589,ITEM_SCAFFOLD,vosotros,ATOMIC_SURFACE_FORM,,,,,MULTI_SOURCE_PENDING,PENDING_12B_EXTERNAL_INGEST,,,,,NOT_YET_CLEARED_PER_MEASUREMENT,,NONE,FUTURE_WITHIN_A1_ORDERING_ONLY,Origin=PHASE6_BASE. Exact surface scaffold reconstructed from audited 572 baseline + v1.10–v1.12 corrections - instrumento + 17 Phase-7C regional additions.,,1.30
FREQ-ATOM-0590,ITEM_SCAFFOLD,vuelta,ATOMIC_SURFACE_FORM,,,,,MULTI_SOURCE_PENDING,PENDING_12B_EXTERNAL_INGEST,,,,,NOT_YET_CLEARED_PER_MEASUREMENT,,NONE,FUTURE_WITHIN_A1_ORDERING_ONLY,Origin=PHASE6_BASE. Exact surface scaffold reconstructed from audited 572 baseline + v1.10–v1.12 corrections - instrumento + 17 Phase-7C regional additions.,,1.30
FREQ-ATOM-0591,ITEM_SCAFFOLD,vuestra,ATOMIC_SURFACE_FORM,,,,,MULTI_SOURCE_PENDING,PENDING_12B_EXTERNAL_INGEST,,,,,NOT_YET_CLEARED_PER_MEASUREMENT,,NONE,FUTURE_WITHIN_A1_ORDERING_ONLY,Origin=PHASE6_BASE. Exact surface scaffold reconstructed from audited 572 baseline + v1.10–v1.12 corrections - instrumento + 17 Phase-7C regional additions.,,1.30
FREQ-ATOM-0592,ITEM_SCAFFOLD,vuestras,ATOMIC_SURFACE_FORM,,,,,MULTI_SOURCE_PENDING,PENDING_12B_EXTERNAL_INGEST,,,,,NOT_YET_CLEARED_PER_MEASUREMENT,,NONE,FUTURE_WITHIN_A1_ORDERING_ONLY,Origin=PHASE6_BASE. Exact surface scaffold reconstructed from audited 572 baseline + v1.10–v1.12 corrections - instrumento + 17 Phase-7C regional additions.,,1.30
FREQ-ATOM-0593,ITEM_SCAFFOLD,vuestro,ATOMIC_SURFACE_FORM,,,,,MULTI_SOURCE_PENDING,PENDING_12B_EXTERNAL_INGEST,,,,,NOT_YET_CLEARED_PER_MEASUREMENT,,NONE,FUTURE_WITHIN_A1_ORDERING_ONLY,Origin=PHASE6_BASE. Exact surface scaffold reconstructed from audited 572 baseline + v1.10–v1.12 corrections - instrumento + 17 Phase-7C regional additions.,,1.30
FREQ-ATOM-0594,ITEM_SCAFFOLD,vuestros,ATOMIC_SURFACE_FORM,,,,,MULTI_SOURCE_PENDING,PENDING_12B_EXTERNAL_INGEST,,,,,NOT_YET_CLEARED_PER_MEASUREMENT,,NONE,FUTURE_WITHIN_A1_ORDERING_ONLY,Origin=PHASE6_BASE. Exact surface scaffold reconstructed from audited 572 baseline + v1.10–v1.12 corrections - instrumento + 17 Phase-7C regional additions.,,1.30
FREQ-ATOM-0595,ITEM_SCAFFOLD,vídeo,ATOMIC_SURFACE_FORM,,,,,MULTI_SOURCE_PENDING,PENDING_12B_EXTERNAL_INGEST,,,,,NOT_YET_CLEARED_PER_MEASUREMENT,,NONE,FUTURE_WITHIN_A1_ORDERING_ONLY,Origin=PHASE6_BASE. Exact surface scaffold reconstructed from audited 572 baseline + v1.10–v1.12 corrections - instrumento + 17 Phase-7C regional additions.,,1.30
FREQ-ATOM-0596,ITEM_SCAFFOLD,web,ATOMIC_SURFACE_FORM,,,,,MULTI_SOURCE_PENDING,PENDING_12B_EXTERNAL_INGEST,,,,,NOT_YET_CLEARED_PER_MEASUREMENT,,NONE,FUTURE_WITHIN_A1_ORDERING_ONLY,Origin=PHASE6_BASE. Exact surface scaffold reconstructed from audited 572 baseline + v1.10–v1.12 corrections - instrumento + 17 Phase-7C regional additions.,,1.30
FREQ-ATOM-0597,ITEM_SCAFFOLD,y,ATOMIC_SURFACE_FORM,,,,,MULTI_SOURCE_PENDING,PENDING_12B_EXTERNAL_INGEST,,,,,NOT_YET_CLEARED_PER_MEASUREMENT,,NONE,FUTURE_WITHIN_A1_ORDERING_ONLY,Origin=PHASE6_BASE. Exact surface scaffold reconstructed from audited 572 baseline + v1.10–v1.12 corrections - instrumento + 17 Phase-7C regional additions.,,1.30
FREQ-ATOM-0598,ITEM_SCAFFOLD,yo,ATOMIC_SURFACE_FORM,,,,,MULTI_SOURCE_PENDING,PENDING_12B_EXTERNAL_INGEST,,,,,NOT_YET_CLEARED_PER_MEASUREMENT,,NONE,FUTURE_WITHIN_A1_ORDERING_ONLY,Origin=PHASE6_BASE. Exact surface scaffold reconstructed from audited 572 baseline + v1.10–v1.12 corrections - instrumento + 17 Phase-7C regional additions.,,1.30
FREQ-ATOM-0599,ITEM_SCAFFOLD,zapato,ATOMIC_SURFACE_FORM,,,,,MULTI_SOURCE_PENDING,PENDING_12B_EXTERNAL_INGEST,,,,,NOT_YET_CLEARED_PER_MEASUREMENT,,NONE,FUTURE_WITHIN_A1_ORDERING_ONLY,Origin=PHASE6_BASE. Exact surface scaffold reconstructed from audited 572 baseline + v1.10–v1.12 corrections - instrumento + 17 Phase-7C regional additions.,,1.30
FREQ-ATOM-0600,ITEM_SCAFFOLD,zapatos,ATOMIC_SURFACE_FORM,,,,,MULTI_SOURCE_PENDING,PENDING_12B_EXTERNAL_INGEST,,,,,NOT_YET_CLEARED_PER_MEASUREMENT,,NONE,FUTURE_WITHIN_A1_ORDERING_ONLY,Origin=7B_SURFACE_CORRECTION. Exact surface scaffold reconstructed from audited 572 baseline + v1.10–v1.12 corrections - instrumento + 17 Phase-7C regional additions.,,1.30
FREQ-ATOM-0601,ITEM_SCAFFOLD,árbol,ATOMIC_SURFACE_FORM,,,,,MULTI_SOURCE_PENDING,PENDING_12B_EXTERNAL_INGEST,,,,,NOT_YET_CLEARED_PER_MEASUREMENT,,NONE,FUTURE_WITHIN_A1_ORDERING_ONLY,Origin=PHASE6_BASE. Exact surface scaffold reconstructed from audited 572 baseline + v1.10–v1.12 corrections - instrumento + 17 Phase-7C regional additions.,,1.30
FREQ-ATOM-0602,ITEM_SCAFFOLD,él,ATOMIC_SURFACE_FORM,,,,,MULTI_SOURCE_PENDING,PENDING_12B_EXTERNAL_INGEST,,,,,NOT_YET_CLEARED_PER_MEASUREMENT,,NONE,FUTURE_WITHIN_A1_ORDERING_ONLY,Origin=PHASE6_BASE. Exact surface scaffold reconstructed from audited 572 baseline + v1.10–v1.12 corrections - instrumento + 17 Phase-7C regional additions.,,1.30
FREQ-MWU-0001,ITEM_SCAFFOLD,carné de conducir,MWU_CHUNK,,,,,MWU_EXPRESSION_FREQUENCY,PENDING_PHRASE_QUERY_12B,,,,,NOT_YET_CLEARED_PER_MEASUREMENT,,NONE,FUTURE_WITHIN_A1_ORDERING_ONLY,Phase origin=6A. Must be queried as phrase/construction; component frequencies cannot substitute.,,1.30
FREQ-MWU-0002,ITEM_SCAFFOLD,carné de identidad,MWU_CHUNK,,,,,MWU_EXPRESSION_FREQUENCY,PENDING_PHRASE_QUERY_12B,,,,,NOT_YET_CLEARED_PER_MEASUREMENT,,NONE,FUTURE_WITHIN_A1_ORDERING_ONLY,Phase origin=6A. Must be queried as phrase/construction; component frequencies cannot substitute.,,1.30
FREQ-MWU-0003,ITEM_SCAFFOLD,correo electrónico,MWU_CHUNK,,,,,MWU_EXPRESSION_FREQUENCY,PENDING_PHRASE_QUERY_12B,,,,,NOT_YET_CLEARED_PER_MEASUREMENT,,NONE,FUTURE_WITHIN_A1_ORDERING_ONLY,Phase origin=6A. Must be queried as phrase/construction; component frequencies cannot substitute.,,1.30
FREQ-MWU-0004,ITEM_SCAFFOLD,código postal,MWU_CHUNK,,,,,MWU_EXPRESSION_FREQUENCY,PENDING_PHRASE_QUERY_12B,,,,,NOT_YET_CLEARED_PER_MEASUREMENT,,NONE,FUTURE_WITHIN_A1_ORDERING_ONLY,Phase origin=6A. Must be queried as phrase/construction; component frequencies cannot substitute.,,1.30
FREQ-MWU-0005,ITEM_SCAFFOLD,estado civil,MWU_CHUNK,,,,,MWU_EXPRESSION_FREQUENCY,PENDING_PHRASE_QUERY_12B,,,,,NOT_YET_CLEARED_PER_MEASUREMENT,,NONE,FUTURE_WITHIN_A1_ORDERING_ONLY,Phase origin=6A. Must be queried as phrase/construction; component frequencies cannot substitute.,,1.30
FREQ-MWU-0006,ITEM_SCAFFOLD,fecha de nacimiento,MWU_CHUNK,,,,,MWU_EXPRESSION_FREQUENCY,PENDING_PHRASE_QUERY_12B,,,,,NOT_YET_CLEARED_PER_MEASUREMENT,,NONE,FUTURE_WITHIN_A1_ORDERING_ONLY,Phase origin=6A. Must be queried as phrase/construction; component frequencies cannot substitute.,,1.30
FREQ-MWU-0007,ITEM_SCAFFOLD,lugar de nacimiento,MWU_CHUNK,,,,,MWU_EXPRESSION_FREQUENCY,PENDING_PHRASE_QUERY_12B,,,,,NOT_YET_CLEARED_PER_MEASUREMENT,,NONE,FUTURE_WITHIN_A1_ORDERING_ONLY,Phase origin=6A. Must be queried as phrase/construction; component frequencies cannot substitute.,,1.30
FREQ-MWU-0008,ITEM_SCAFFOLD,número de teléfono,MWU_CHUNK,,,,,MWU_EXPRESSION_FREQUENCY,PENDING_PHRASE_QUERY_12B,,,,,NOT_YET_CLEARED_PER_MEASUREMENT,,NONE,FUTURE_WITHIN_A1_ORDERING_ONLY,Phase origin=6A. Must be queried as phrase/construction; component frequencies cannot substitute.,,1.30
FREQ-MWU-0009,ITEM_SCAFFOLD,tarjeta de crédito,MWU_CHUNK,,,,,MWU_EXPRESSION_FREQUENCY,PENDING_PHRASE_QUERY_12B,,,,,NOT_YET_CLEARED_PER_MEASUREMENT,,NONE,FUTURE_WITHIN_A1_ORDERING_ONLY,Phase origin=6A. Must be queried as phrase/construction; component frequencies cannot substitute.,,1.30
FREQ-MWU-0010,ITEM_SCAFFOLD,agua con gas,MWU_CHUNK,,,,,MWU_EXPRESSION_FREQUENCY,PENDING_PHRASE_QUERY_12B,,,,,NOT_YET_CLEARED_PER_MEASUREMENT,,NONE,FUTURE_WITHIN_A1_ORDERING_ONLY,Phase origin=6A. Must be queried as phrase/construction; component frequencies cannot substitute.,,1.30
FREQ-MWU-0011,ITEM_SCAFFOLD,agua mineral,MWU_CHUNK,,,,,MWU_EXPRESSION_FREQUENCY,PENDING_PHRASE_QUERY_12B,,,,,NOT_YET_CLEARED_PER_MEASUREMENT,,NONE,FUTURE_WITHIN_A1_ORDERING_ONLY,Phase origin=6A. Must be queried as phrase/construction; component frequencies cannot substitute.,,1.30
FREQ-MWU-0012,ITEM_SCAFFOLD,agua sin gas,MWU_CHUNK,,,,,MWU_EXPRESSION_FREQUENCY,PENDING_PHRASE_QUERY_12B,,,,,NOT_YET_CLEARED_PER_MEASUREMENT,,NONE,FUTURE_WITHIN_A1_ORDERING_ONLY,Phase origin=6A. Must be queried as phrase/construction; component frequencies cannot substitute.,,1.30
FREQ-MWU-0013,ITEM_SCAFFOLD,café con leche,MWU_CHUNK,,,,,MWU_EXPRESSION_FREQUENCY,PENDING_PHRASE_QUERY_12B,,,,,NOT_YET_CLEARED_PER_MEASUREMENT,,NONE,FUTURE_WITHIN_A1_ORDERING_ONLY,Phase origin=6A. Must be queried as phrase/construction; component frequencies cannot substitute.,,1.30
FREQ-MWU-0014,ITEM_SCAFFOLD,café cortado,MWU_CHUNK,,,,,MWU_EXPRESSION_FREQUENCY,PENDING_PHRASE_QUERY_12B,,,,,NOT_YET_CLEARED_PER_MEASUREMENT,,NONE,FUTURE_WITHIN_A1_ORDERING_ONLY,Phase origin=6A. Must be queried as phrase/construction; component frequencies cannot substitute.,,1.30
FREQ-MWU-0015,ITEM_SCAFFOLD,café solo,MWU_CHUNK,,,,,MWU_EXPRESSION_FREQUENCY,PENDING_PHRASE_QUERY_12B,,,,,NOT_YET_CLEARED_PER_MEASUREMENT,,NONE,FUTURE_WITHIN_A1_ORDERING_ONLY,Phase origin=6A. Must be queried as phrase/construction; component frequencies cannot substitute.,,1.30
FREQ-MWU-0016,ITEM_SCAFFOLD,primer plato,MWU_CHUNK,,,,,MWU_EXPRESSION_FREQUENCY,PENDING_PHRASE_QUERY_12B,,,,,NOT_YET_CLEARED_PER_MEASUREMENT,,NONE,FUTURE_WITHIN_A1_ORDERING_ONLY,Phase origin=6A. Must be queried as phrase/construction; component frequencies cannot substitute.,,1.30
FREQ-MWU-0017,ITEM_SCAFFOLD,segundo plato,MWU_CHUNK,,,,,MWU_EXPRESSION_FREQUENCY,PENDING_PHRASE_QUERY_12B,,,,,NOT_YET_CLEARED_PER_MEASUREMENT,,NONE,FUTURE_WITHIN_A1_ORDERING_ONLY,Phase origin=6A. Must be queried as phrase/construction; component frequencies cannot substitute.,,1.30
FREQ-MWU-0018,ITEM_SCAFFOLD,vino blanco,MWU_CHUNK,,,,,MWU_EXPRESSION_FREQUENCY,PENDING_PHRASE_QUERY_12B,,,,,NOT_YET_CLEARED_PER_MEASUREMENT,,NONE,FUTURE_WITHIN_A1_ORDERING_ONLY,Phase origin=6A. Must be queried as phrase/construction; component frequencies cannot substitute.,,1.30
FREQ-MWU-0019,ITEM_SCAFFOLD,vino tinto,MWU_CHUNK,,,,,MWU_EXPRESSION_FREQUENCY,PENDING_PHRASE_QUERY_12B,,,,,NOT_YET_CLEARED_PER_MEASUREMENT,,NONE,FUTURE_WITHIN_A1_ORDERING_ONLY,Phase origin=6A. Must be queried as phrase/construction; component frequencies cannot substitute.,,1.30
FREQ-MWU-0020,ITEM_SCAFFOLD,clase de español,MWU_CHUNK,,,,,MWU_EXPRESSION_FREQUENCY,PENDING_PHRASE_QUERY_12B,,,,,NOT_YET_CLEARED_PER_MEASUREMENT,,NONE,FUTURE_WITHIN_A1_ORDERING_ONLY,Phase origin=6A. Must be queried as phrase/construction; component frequencies cannot substitute.,,1.30
FREQ-MWU-0021,ITEM_SCAFFOLD,clase de historia,MWU_CHUNK,,,,,MWU_EXPRESSION_FREQUENCY,PENDING_PHRASE_QUERY_12B,,,,,NOT_YET_CLEARED_PER_MEASUREMENT,,NONE,FUTURE_WITHIN_A1_ORDERING_ONLY,Phase origin=6A. Must be queried as phrase/construction; component frequencies cannot substitute.,,1.30
FREQ-MWU-0022,ITEM_SCAFFOLD,clase de matemáticas,MWU_CHUNK,,,,,MWU_EXPRESSION_FREQUENCY,PENDING_PHRASE_QUERY_12B,,,,,NOT_YET_CLEARED_PER_MEASUREMENT,,NONE,FUTURE_WITHIN_A1_ORDERING_ONLY,Phase origin=6A. Must be queried as phrase/construction; component frequencies cannot substitute.,,1.30
FREQ-MWU-0023,ITEM_SCAFFOLD,en grupos,MWU_CHUNK,,,,,MWU_EXPRESSION_FREQUENCY,PENDING_PHRASE_QUERY_12B,,,,,NOT_YET_CLEARED_PER_MEASUREMENT,,NONE,FUTURE_WITHIN_A1_ORDERING_ONLY,Phase origin=6A. Must be queried as phrase/construction; component frequencies cannot substitute.,,1.30
FREQ-MWU-0024,ITEM_SCAFFOLD,en parejas,MWU_CHUNK,,,,,MWU_EXPRESSION_FREQUENCY,PENDING_PHRASE_QUERY_12B,,,,,NOT_YET_CLEARED_PER_MEASUREMENT,,NONE,FUTURE_WITHIN_A1_ORDERING_ONLY,Phase origin=6A. Must be queried as phrase/construction; component frequencies cannot substitute.,,1.30
FREQ-MWU-0025,ITEM_SCAFFOLD,hacer los deberes,MWU_CHUNK,,,,,MWU_EXPRESSION_FREQUENCY,PENDING_PHRASE_QUERY_12B,,,,,NOT_YET_CLEARED_PER_MEASUREMENT,,NONE,FUTURE_WITHIN_A1_ORDERING_ONLY,Phase origin=6A. Must be queried as phrase/construction; component frequencies cannot substitute.,,1.30
FREQ-MWU-0026,ITEM_SCAFFOLD,hacer un ejercicio,MWU_CHUNK,,,,,MWU_EXPRESSION_FREQUENCY,PENDING_PHRASE_QUERY_12B,,,,,NOT_YET_CLEARED_PER_MEASUREMENT,,NONE,FUTURE_WITHIN_A1_ORDERING_ONLY,Phase origin=6A. Must be queried as phrase/construction; component frequencies cannot substitute.,,1.30
FREQ-MWU-0027,ITEM_SCAFFOLD,hacer un examen,MWU_CHUNK,,,,,MWU_EXPRESSION_FREQUENCY,PENDING_PHRASE_QUERY_12B,,,,,NOT_YET_CLEARED_PER_MEASUREMENT,,NONE,FUTURE_WITHIN_A1_ORDERING_ONLY,Phase origin=6A. Must be queried as phrase/construction; component frequencies cannot substitute.,,1.30
FREQ-MWU-0028,ITEM_SCAFFOLD,hacer una actividad,MWU_CHUNK,,,,,MWU_EXPRESSION_FREQUENCY,PENDING_PHRASE_QUERY_12B,,,,,NOT_YET_CLEARED_PER_MEASUREMENT,,NONE,FUTURE_WITHIN_A1_ORDERING_ONLY,Phase origin=6A. Must be queried as phrase/construction; component frequencies cannot substitute.,,1.30
FREQ-MWU-0029,ITEM_SCAFFOLD,ir a clase,MWU_CHUNK,,,,,MWU_EXPRESSION_FREQUENCY,PENDING_PHRASE_QUERY_12B,,,,,NOT_YET_CLEARED_PER_MEASUREMENT,,NONE,FUTURE_WITHIN_A1_ORDERING_ONLY,Phase origin=6A. Must be queried as phrase/construction; component frequencies cannot substitute.,,1.30
FREQ-MWU-0030,ITEM_SCAFFOLD,tener un examen,MWU_CHUNK,,,,,MWU_EXPRESSION_FREQUENCY,PENDING_PHRASE_QUERY_12B,,,,,NOT_YET_CLEARED_PER_MEASUREMENT,,NONE,FUTURE_WITHIN_A1_ORDERING_ONLY,Phase origin=6A. Must be queried as phrase/construction; component frequencies cannot substitute.,,1.30
FREQ-MWU-0031,ITEM_SCAFFOLD,ama de casa,MWU_CHUNK,,,,,MWU_EXPRESSION_FREQUENCY,PENDING_PHRASE_QUERY_12B,,,,,NOT_YET_CLEARED_PER_MEASUREMENT,,NONE,FUTURE_WITHIN_A1_ORDERING_ONLY,Phase origin=6A. Must be queried as phrase/construction; component frequencies cannot substitute.,,1.30
FREQ-MWU-0032,ITEM_SCAFFOLD,dedicarse a,MWU_CHUNK,,,,,MWU_EXPRESSION_FREQUENCY,PENDING_PHRASE_QUERY_12B,,,,,NOT_YET_CLEARED_PER_MEASUREMENT,,NONE,FUTURE_WITHIN_A1_ORDERING_ONLY,Phase origin=6A. Must be queried as phrase/construction; component frequencies cannot substitute.,,1.30
FREQ-MWU-0033,ITEM_SCAFFOLD,estar en paro,MWU_CHUNK,,,,,MWU_EXPRESSION_FREQUENCY,PENDING_PHRASE_QUERY_12B,,,,,NOT_YET_CLEARED_PER_MEASUREMENT,,NONE,FUTURE_WITHIN_A1_ORDERING_ONLY,Phase origin=6A. Must be queried as phrase/construction; component frequencies cannot substitute.,,1.30
FREQ-MWU-0034,ITEM_SCAFFOLD,ser trabajador,MWU_CHUNK,,,,,MWU_EXPRESSION_FREQUENCY,PENDING_PHRASE_QUERY_12B,,,,,NOT_YET_CLEARED_PER_MEASUREMENT,,NONE,FUTURE_WITHIN_A1_ORDERING_ONLY,Phase origin=6A. Must be queried as phrase/construction; component frequencies cannot substitute.,,1.30
FREQ-MWU-0035,ITEM_SCAFFOLD,tener trabajo,MWU_CHUNK,,,,,MWU_EXPRESSION_FREQUENCY,PENDING_PHRASE_QUERY_12B,,,,,NOT_YET_CLEARED_PER_MEASUREMENT,,NONE,FUTURE_WITHIN_A1_ORDERING_ONLY,Phase origin=6A. Must be queried as phrase/construction; component frequencies cannot substitute.,,1.30
FREQ-MWU-0036,ITEM_SCAFFOLD,tener vacaciones,MWU_CHUNK,,,,,MWU_EXPRESSION_FREQUENCY,PENDING_PHRASE_QUERY_12B,,,,,NOT_YET_CLEARED_PER_MEASUREMENT,,NONE,FUTURE_WITHIN_A1_ORDERING_ONLY,Phase origin=6A. Must be queried as phrase/construction; component frequencies cannot substitute.,,1.30
FREQ-MWU-0037,ITEM_SCAFFOLD,compañero de juego,MWU_CHUNK,,,,,MWU_EXPRESSION_FREQUENCY,PENDING_PHRASE_QUERY_12B,,,,,NOT_YET_CLEARED_PER_MEASUREMENT,,NONE,FUTURE_WITHIN_A1_ORDERING_ONLY,Phase origin=6A. Must be queried as phrase/construction; component frequencies cannot substitute.,,1.30
FREQ-MWU-0038,ITEM_SCAFFOLD,escuchar la radio,MWU_CHUNK,,,,,MWU_EXPRESSION_FREQUENCY,PENDING_PHRASE_QUERY_12B,,,,,NOT_YET_CLEARED_PER_MEASUREMENT,,NONE,FUTURE_WITHIN_A1_ORDERING_ONLY,Phase origin=6A. Must be queried as phrase/construction; component frequencies cannot substitute.,,1.30
FREQ-MWU-0039,ITEM_SCAFFOLD,escuchar música,MWU_CHUNK,,,,,MWU_EXPRESSION_FREQUENCY,PENDING_PHRASE_QUERY_12B,,,,,NOT_YET_CLEARED_PER_MEASUREMENT,,NONE,FUTURE_WITHIN_A1_ORDERING_ONLY,Phase origin=6A. Must be queried as phrase/construction; component frequencies cannot substitute.,,1.30
FREQ-MWU-0040,ITEM_SCAFFOLD,escuchar una canción,MWU_CHUNK,,,,,MWU_EXPRESSION_FREQUENCY,PENDING_PHRASE_QUERY_12B,,,,,NOT_YET_CLEARED_PER_MEASUREMENT,,NONE,FUTURE_WITHIN_A1_ORDERING_ONLY,Phase origin=6A. Must be queried as phrase/construction; component frequencies cannot substitute.,,1.30
FREQ-MWU-0041,ITEM_SCAFFOLD,hacer deporte,MWU_CHUNK,,,,,MWU_EXPRESSION_FREQUENCY,PENDING_PHRASE_QUERY_12B,,,,,NOT_YET_CLEARED_PER_MEASUREMENT,,NONE,FUTURE_WITHIN_A1_ORDERING_ONLY,Phase origin=6A. Must be queried as phrase/construction; component frequencies cannot substitute.,,1.30
FREQ-MWU-0042,ITEM_SCAFFOLD,hacer ejercicio,MWU_CHUNK,,,,,MWU_EXPRESSION_FREQUENCY,PENDING_PHRASE_QUERY_12B,,,,,NOT_YET_CLEARED_PER_MEASUREMENT,,NONE,FUTURE_WITHIN_A1_ORDERING_ONLY,Phase origin=6A. Must be queried as phrase/construction; component frequencies cannot substitute.,,1.30
FREQ-MWU-0043,ITEM_SCAFFOLD,hacer gimnasia,MWU_CHUNK,,,,,MWU_EXPRESSION_FREQUENCY,PENDING_PHRASE_QUERY_12B,,,,,NOT_YET_CLEARED_PER_MEASUREMENT,,NONE,FUTURE_WITHIN_A1_ORDERING_ONLY,Phase origin=6A. Must be queried as phrase/construction; component frequencies cannot substitute.,,1.30
FREQ-MWU-0044,ITEM_SCAFFOLD,ir a un bar,MWU_CHUNK,,,,,MWU_EXPRESSION_FREQUENCY,PENDING_PHRASE_QUERY_12B,,,,,NOT_YET_CLEARED_PER_MEASUREMENT,,NONE,FUTURE_WITHIN_A1_ORDERING_ONLY,Phase origin=6A. Must be queried as phrase/construction; component frequencies cannot substitute.,,1.30
FREQ-MWU-0045,ITEM_SCAFFOLD,ir a un café,MWU_CHUNK,,,,,MWU_EXPRESSION_FREQUENCY,PENDING_PHRASE_QUERY_12B,,,,,NOT_YET_CLEARED_PER_MEASUREMENT,,NONE,FUTURE_WITHIN_A1_ORDERING_ONLY,Phase origin=6A. Must be queried as phrase/construction; component frequencies cannot substitute.,,1.30
FREQ-MWU-0046,ITEM_SCAFFOLD,ir a un concierto,MWU_CHUNK,,,,,MWU_EXPRESSION_FREQUENCY,PENDING_PHRASE_QUERY_12B,,,,,NOT_YET_CLEARED_PER_MEASUREMENT,,NONE,FUTURE_WITHIN_A1_ORDERING_ONLY,Phase origin=6A. Must be queried as phrase/construction; component frequencies cannot substitute.,,1.30
FREQ-MWU-0047,ITEM_SCAFFOLD,ir a un museo,MWU_CHUNK,,,,,MWU_EXPRESSION_FREQUENCY,PENDING_PHRASE_QUERY_12B,,,,,NOT_YET_CLEARED_PER_MEASUREMENT,,NONE,FUTURE_WITHIN_A1_ORDERING_ONLY,Phase origin=6A. Must be queried as phrase/construction; component frequencies cannot substitute.,,1.30
FREQ-MWU-0048,ITEM_SCAFFOLD,ir a un restaurante,MWU_CHUNK,,,,,MWU_EXPRESSION_FREQUENCY,PENDING_PHRASE_QUERY_12B,,,,,NOT_YET_CLEARED_PER_MEASUREMENT,,NONE,FUTURE_WITHIN_A1_ORDERING_ONLY,Phase origin=6A. Must be queried as phrase/construction; component frequencies cannot substitute.,,1.30
FREQ-MWU-0049,ITEM_SCAFFOLD,ir a una discoteca,MWU_CHUNK,,,,,MWU_EXPRESSION_FREQUENCY,PENDING_PHRASE_QUERY_12B,,,,,NOT_YET_CLEARED_PER_MEASUREMENT,,NONE,FUTURE_WITHIN_A1_ORDERING_ONLY,Phase origin=6A. Must be queried as phrase/construction; component frequencies cannot substitute.,,1.30
FREQ-MWU-0050,ITEM_SCAFFOLD,ir al cine,MWU_CHUNK,,,,,MWU_EXPRESSION_FREQUENCY,PENDING_PHRASE_QUERY_12B,,,,,NOT_YET_CLEARED_PER_MEASUREMENT,,NONE,FUTURE_WITHIN_A1_ORDERING_ONLY,Phase origin=6A. Must be queried as phrase/construction; component frequencies cannot substitute.,,1.30
FREQ-MWU-0051,ITEM_SCAFFOLD,ir al circo,MWU_CHUNK,,,,,MWU_EXPRESSION_FREQUENCY,PENDING_PHRASE_QUERY_12B,,,,,NOT_YET_CLEARED_PER_MEASUREMENT,,NONE,FUTURE_WITHIN_A1_ORDERING_ONLY,Phase origin=6A. Must be queried as phrase/construction; component frequencies cannot substitute.,,1.30
FREQ-MWU-0052,ITEM_SCAFFOLD,ir al parque,MWU_CHUNK,,,,,MWU_EXPRESSION_FREQUENCY,PENDING_PHRASE_QUERY_12B,,,,,NOT_YET_CLEARED_PER_MEASUREMENT,,NONE,FUTURE_WITHIN_A1_ORDERING_ONLY,Phase origin=6A. Must be queried as phrase/construction; component frequencies cannot substitute.,,1.30
FREQ-MWU-0053,ITEM_SCAFFOLD,ir al teatro,MWU_CHUNK,,,,,MWU_EXPRESSION_FREQUENCY,PENDING_PHRASE_QUERY_12B,,,,,NOT_YET_CLEARED_PER_MEASUREMENT,,NONE,FUTURE_WITHIN_A1_ORDERING_ONLY,Phase origin=6A. Must be queried as phrase/construction; component frequencies cannot substitute.,,1.30
FREQ-MWU-0054,ITEM_SCAFFOLD,jugar al baloncesto,MWU_CHUNK,,,,,MWU_EXPRESSION_FREQUENCY,PENDING_PHRASE_QUERY_12B,,,,,NOT_YET_CLEARED_PER_MEASUREMENT,,NONE,FUTURE_WITHIN_A1_ORDERING_ONLY,Phase origin=6A. Must be queried as phrase/construction; component frequencies cannot substitute.,,1.30
FREQ-MWU-0055,ITEM_SCAFFOLD,jugar al fútbol,MWU_CHUNK,,,,,MWU_EXPRESSION_FREQUENCY,PENDING_PHRASE_QUERY_12B,,,,,NOT_YET_CLEARED_PER_MEASUREMENT,,NONE,FUTURE_WITHIN_A1_ORDERING_ONLY,Phase origin=6A. Must be queried as phrase/construction; component frequencies cannot substitute.,,1.30
FREQ-MWU-0056,ITEM_SCAFFOLD,jugar al tenis,MWU_CHUNK,,,,,MWU_EXPRESSION_FREQUENCY,PENDING_PHRASE_QUERY_12B,,,,,NOT_YET_CLEARED_PER_MEASUREMENT,,NONE,FUTURE_WITHIN_A1_ORDERING_ONLY,Phase origin=6A. Must be queried as phrase/construction; component frequencies cannot substitute.,,1.30
FREQ-MWU-0057,ITEM_SCAFFOLD,leer el periódico,MWU_CHUNK,,,,,MWU_EXPRESSION_FREQUENCY,PENDING_PHRASE_QUERY_12B,,,,,NOT_YET_CLEARED_PER_MEASUREMENT,,NONE,FUTURE_WITHIN_A1_ORDERING_ONLY,Phase origin=6A. Must be queried as phrase/construction; component frequencies cannot substitute.,,1.30
FREQ-MWU-0058,ITEM_SCAFFOLD,leer un libro,MWU_CHUNK,,,,,MWU_EXPRESSION_FREQUENCY,PENDING_PHRASE_QUERY_12B,,,,,NOT_YET_CLEARED_PER_MEASUREMENT,,NONE,FUTURE_WITHIN_A1_ORDERING_ONLY,Phase origin=6A. Must be queried as phrase/construction; component frequencies cannot substitute.,,1.30
FREQ-MWU-0059,ITEM_SCAFFOLD,leer una revista,MWU_CHUNK,,,,,MWU_EXPRESSION_FREQUENCY,PENDING_PHRASE_QUERY_12B,,,,,NOT_YET_CLEARED_PER_MEASUREMENT,,NONE,FUTURE_WITHIN_A1_ORDERING_ONLY,Phase origin=6A. Must be queried as phrase/construction; component frequencies cannot substitute.,,1.30
FREQ-MWU-0060,ITEM_SCAFFOLD,oficina de información,MWU_CHUNK,,,,,MWU_EXPRESSION_FREQUENCY,PENDING_PHRASE_QUERY_12B,,,,,NOT_YET_CLEARED_PER_MEASUREMENT,,NONE,FUTURE_WITHIN_A1_ORDERING_ONLY,Phase origin=6A. Must be queried as phrase/construction; component frequencies cannot substitute.,,1.30
FREQ-MWU-0061,ITEM_SCAFFOLD,oficina de turismo,MWU_CHUNK,,,,,MWU_EXPRESSION_FREQUENCY,PENDING_PHRASE_QUERY_12B,,,,,NOT_YET_CLEARED_PER_MEASUREMENT,,NONE,FUTURE_WITHIN_A1_ORDERING_ONLY,Phase origin=6A. Must be queried as phrase/construction; component frequencies cannot substitute.,,1.30
FREQ-MWU-0062,ITEM_SCAFFOLD,ver la televisión,MWU_CHUNK,,,,,MWU_EXPRESSION_FREQUENCY,PENDING_PHRASE_QUERY_12B,,,,,NOT_YET_CLEARED_PER_MEASUREMENT,,NONE,FUTURE_WITHIN_A1_ORDERING_ONLY,Phase origin=6A. Must be queried as phrase/construction; component frequencies cannot substitute.,,1.30
FREQ-MWU-0063,ITEM_SCAFFOLD,ver una película,MWU_CHUNK,,,,,MWU_EXPRESSION_FREQUENCY,PENDING_PHRASE_QUERY_12B,,,,,NOT_YET_CLEARED_PER_MEASUREMENT,,NONE,FUTURE_WITHIN_A1_ORDERING_ONLY,Phase origin=6A. Must be queried as phrase/construction; component frequencies cannot substitute.,,1.30
FREQ-MWU-0064,ITEM_SCAFFOLD,escribir un mensaje electrónico,MWU_CHUNK,,,,,MWU_EXPRESSION_FREQUENCY,PENDING_PHRASE_QUERY_12B,,,,,NOT_YET_CLEARED_PER_MEASUREMENT,,NONE,FUTURE_WITHIN_A1_ORDERING_ONLY,Phase origin=6A. Must be queried as phrase/construction; component frequencies cannot substitute.,,1.30
FREQ-MWU-0065,ITEM_SCAFFOLD,escribir una carta,MWU_CHUNK,,,,,MWU_EXPRESSION_FREQUENCY,PENDING_PHRASE_QUERY_12B,,,,,NOT_YET_CLEARED_PER_MEASUREMENT,,NONE,FUTURE_WITHIN_A1_ORDERING_ONLY,Phase origin=6A. Must be queried as phrase/construction; component frequencies cannot substitute.,,1.30
FREQ-MWU-0066,ITEM_SCAFFOLD,escribir una postal,MWU_CHUNK,,,,,MWU_EXPRESSION_FREQUENCY,PENDING_PHRASE_QUERY_12B,,,,,NOT_YET_CLEARED_PER_MEASUREMENT,,NONE,FUTURE_WITHIN_A1_ORDERING_ONLY,Phase origin=6A. Must be queried as phrase/construction; component frequencies cannot substitute.,,1.30
FREQ-MWU-0067,ITEM_SCAFFOLD,guión bajo,MWU_CHUNK,,,,,MWU_EXPRESSION_FREQUENCY,PENDING_PHRASE_QUERY_12B,,,,,NOT_YET_CLEARED_PER_MEASUREMENT,,NONE,FUTURE_WITHIN_A1_ORDERING_ONLY,Phase origin=6A. Must be queried as phrase/construction; component frequencies cannot substitute.,,1.30
FREQ-MWU-0068,ITEM_SCAFFOLD,leer un periódico,MWU_CHUNK,,,,,MWU_EXPRESSION_FREQUENCY,PENDING_PHRASE_QUERY_12B,,,,,NOT_YET_CLEARED_PER_MEASUREMENT,,NONE,FUTURE_WITHIN_A1_ORDERING_ONLY,Phase origin=6A. Must be queried as phrase/construction; component frequencies cannot substitute.,,1.30
FREQ-MWU-0069,ITEM_SCAFFOLD,página web,MWU_CHUNK,,,,,MWU_EXPRESSION_FREQUENCY,PENDING_PHRASE_QUERY_12B,,,,,NOT_YET_CLEARED_PER_MEASUREMENT,,NONE,FUTURE_WITHIN_A1_ORDERING_ONLY,Phase origin=6A. Must be queried as phrase/construction; component frequencies cannot substitute.,,1.30
FREQ-MWU-0070,ITEM_SCAFFOLD,teléfono fijo,MWU_CHUNK,,,,,MWU_EXPRESSION_FREQUENCY,PENDING_PHRASE_QUERY_12B,,,,,NOT_YET_CLEARED_PER_MEASUREMENT,,NONE,FUTURE_WITHIN_A1_ORDERING_ONLY,Phase origin=6A. Must be queried as phrase/construction; component frequencies cannot substitute.,,1.30
FREQ-MWU-0071,ITEM_SCAFFOLD,teléfono móvil,MWU_CHUNK,,,,,MWU_EXPRESSION_FREQUENCY,PENDING_PHRASE_QUERY_12B,,,,,NOT_YET_CLEARED_PER_MEASUREMENT,,NONE,FUTURE_WITHIN_A1_ORDERING_ONLY,Phase origin=6A. Must be queried as phrase/construction; component frequencies cannot substitute.,,1.30
FREQ-MWU-0072,ITEM_SCAFFOLD,aire acondicionado,MWU_CHUNK,,,,,MWU_EXPRESSION_FREQUENCY,PENDING_PHRASE_QUERY_12B,,,,,NOT_YET_CLEARED_PER_MEASUREMENT,,NONE,FUTURE_WITHIN_A1_ORDERING_ONLY,Phase origin=6A. Must be queried as phrase/construction; component frequencies cannot substitute.,,1.30
FREQ-MWU-0073,ITEM_SCAFFOLD,alquilar un apartamento,MWU_CHUNK,,,,,MWU_EXPRESSION_FREQUENCY,PENDING_PHRASE_QUERY_12B,,,,,NOT_YET_CLEARED_PER_MEASUREMENT,,NONE,FUTURE_WITHIN_A1_ORDERING_ONLY,Phase origin=6A. Must be queried as phrase/construction; component frequencies cannot substitute.,,1.30
FREQ-MWU-0074,ITEM_SCAFFOLD,alquilar un piso,MWU_CHUNK,,,,,MWU_EXPRESSION_FREQUENCY,PENDING_PHRASE_QUERY_12B,,,,,NOT_YET_CLEARED_PER_MEASUREMENT,,NONE,FUTURE_WITHIN_A1_ORDERING_ONLY,Phase origin=6A. Must be queried as phrase/construction; component frequencies cannot substitute.,,1.30
FREQ-MWU-0075,ITEM_SCAFFOLD,bien comunicado,MWU_CHUNK,,,,,MWU_EXPRESSION_FREQUENCY,PENDING_PHRASE_QUERY_12B,,,,,NOT_YET_CLEARED_PER_MEASUREMENT,,NONE,FUTURE_WITHIN_A1_ORDERING_ONLY,Phase origin=6A. Must be queried as phrase/construction; component frequencies cannot substitute.,,1.30
FREQ-MWU-0076,ITEM_SCAFFOLD,calefacción central,MWU_CHUNK,,,,,MWU_EXPRESSION_FREQUENCY,PENDING_PHRASE_QUERY_12B,,,,,NOT_YET_CLEARED_PER_MEASUREMENT,,NONE,FUTURE_WITHIN_A1_ORDERING_ONLY,Phase origin=6A. Must be queried as phrase/construction; component frequencies cannot substitute.,,1.30
FREQ-MWU-0077,ITEM_SCAFFOLD,calefacción individual,MWU_CHUNK,,,,,MWU_EXPRESSION_FREQUENCY,PENDING_PHRASE_QUERY_12B,,,,,NOT_YET_CLEARED_PER_MEASUREMENT,,NONE,FUTURE_WITHIN_A1_ORDERING_ONLY,Phase origin=6A. Must be queried as phrase/construction; component frequencies cannot substitute.,,1.30
FREQ-MWU-0078,ITEM_SCAFFOLD,comprar un apartamento,MWU_CHUNK,,,,,MWU_EXPRESSION_FREQUENCY,PENDING_PHRASE_QUERY_12B,,,,,NOT_YET_CLEARED_PER_MEASUREMENT,,NONE,FUTURE_WITHIN_A1_ORDERING_ONLY,Phase origin=6A. Must be queried as phrase/construction; component frequencies cannot substitute.,,1.30
FREQ-MWU-0079,ITEM_SCAFFOLD,comprar un piso,MWU_CHUNK,,,,,MWU_EXPRESSION_FREQUENCY,PENDING_PHRASE_QUERY_12B,,,,,NOT_YET_CLEARED_PER_MEASUREMENT,,NONE,FUTURE_WITHIN_A1_ORDERING_ONLY,Phase origin=6A. Must be queried as phrase/construction; component frequencies cannot substitute.,,1.30
FREQ-MWU-0080,ITEM_SCAFFOLD,cuarto de baño,MWU_CHUNK,,,,,MWU_EXPRESSION_FREQUENCY,PENDING_PHRASE_QUERY_12B,,,,,NOT_YET_CLEARED_PER_MEASUREMENT,,NONE,FUTURE_WITHIN_A1_ORDERING_ONLY,Phase origin=6A. Must be queried as phrase/construction; component frequencies cannot substitute.,,1.30
FREQ-MWU-0081,ITEM_SCAFFOLD,mal comunicado,MWU_CHUNK,,,,,MWU_EXPRESSION_FREQUENCY,PENDING_PHRASE_QUERY_12B,,,,,NOT_YET_CLEARED_PER_MEASUREMENT,,NONE,FUTURE_WITHIN_A1_ORDERING_ONLY,Phase origin=6A. Must be queried as phrase/construction; component frequencies cannot substitute.,,1.30
FREQ-MWU-0082,ITEM_SCAFFOLD,sala de estar,MWU_CHUNK,,,,,MWU_EXPRESSION_FREQUENCY,PENDING_PHRASE_QUERY_12B,,,,,NOT_YET_CLEARED_PER_MEASUREMENT,,NONE,FUTURE_WITHIN_A1_ORDERING_ONLY,Phase origin=6A. Must be queried as phrase/construction; component frequencies cannot substitute.,,1.30
FREQ-MWU-0083,ITEM_SCAFFOLD,tener ascensor,MWU_CHUNK,,,,,MWU_EXPRESSION_FREQUENCY,PENDING_PHRASE_QUERY_12B,,,,,NOT_YET_CLEARED_PER_MEASUREMENT,,NONE,FUTURE_WITHIN_A1_ORDERING_ONLY,Phase origin=6A. Must be queried as phrase/construction; component frequencies cannot substitute.,,1.30
FREQ-MWU-0084,ITEM_SCAFFOLD,tener teléfono,MWU_CHUNK,,,,,MWU_EXPRESSION_FREQUENCY,PENDING_PHRASE_QUERY_12B,,,,,NOT_YET_CLEARED_PER_MEASUREMENT,,NONE,FUTURE_WITHIN_A1_ORDERING_ONLY,Phase origin=6A. Must be queried as phrase/construction; component frequencies cannot substitute.,,1.30
FREQ-MWU-0085,ITEM_SCAFFOLD,vender un apartamento,MWU_CHUNK,,,,,MWU_EXPRESSION_FREQUENCY,PENDING_PHRASE_QUERY_12B,,,,,NOT_YET_CLEARED_PER_MEASUREMENT,,NONE,FUTURE_WITHIN_A1_ORDERING_ONLY,Phase origin=6A. Must be queried as phrase/construction; component frequencies cannot substitute.,,1.30
FREQ-MWU-0086,ITEM_SCAFFOLD,vender un piso,MWU_CHUNK,,,,,MWU_EXPRESSION_FREQUENCY,PENDING_PHRASE_QUERY_12B,,,,,NOT_YET_CLEARED_PER_MEASUREMENT,,NONE,FUTURE_WITHIN_A1_ORDERING_ONLY,Phase origin=6A. Must be queried as phrase/construction; component frequencies cannot substitute.,,1.30
FREQ-MWU-0087,ITEM_SCAFFOLD,vivir en un apartamento,MWU_CHUNK,,,,,MWU_EXPRESSION_FREQUENCY,PENDING_PHRASE_QUERY_12B,,,,,NOT_YET_CLEARED_PER_MEASUREMENT,,NONE,FUTURE_WITHIN_A1_ORDERING_ONLY,Phase origin=6A. Must be queried as phrase/construction; component frequencies cannot substitute.,,1.30
FREQ-MWU-0088,ITEM_SCAFFOLD,vivir en un piso,MWU_CHUNK,,,,,MWU_EXPRESSION_FREQUENCY,PENDING_PHRASE_QUERY_12B,,,,,NOT_YET_CLEARED_PER_MEASUREMENT,,NONE,FUTURE_WITHIN_A1_ORDERING_ONLY,Phase origin=6A. Must be queried as phrase/construction; component frequencies cannot substitute.,,1.30
FREQ-MWU-0089,ITEM_SCAFFOLD,vivir en una casa,MWU_CHUNK,,,,,MWU_EXPRESSION_FREQUENCY,PENDING_PHRASE_QUERY_12B,,,,,NOT_YET_CLEARED_PER_MEASUREMENT,,NONE,FUTURE_WITHIN_A1_ORDERING_ONLY,Phase origin=6A. Must be queried as phrase/construction; component frequencies cannot substitute.,,1.30
FREQ-MWU-0090,ITEM_SCAFFOLD,cambiar dinero,MWU_CHUNK,,,,,MWU_EXPRESSION_FREQUENCY,PENDING_PHRASE_QUERY_12B,,,,,NOT_YET_CLEARED_PER_MEASUREMENT,,NONE,FUTURE_WITHIN_A1_ORDERING_ONLY,Phase origin=6A. Must be queried as phrase/construction; component frequencies cannot substitute.,,1.30
FREQ-MWU-0091,ITEM_SCAFFOLD,pagar con tarjeta,MWU_CHUNK,,,,,MWU_EXPRESSION_FREQUENCY,PENDING_PHRASE_QUERY_12B,,,,,NOT_YET_CLEARED_PER_MEASUREMENT,,NONE,FUTURE_WITHIN_A1_ORDERING_ONLY,Phase origin=6A. Must be queried as phrase/construction; component frequencies cannot substitute.,,1.30
FREQ-MWU-0092,ITEM_SCAFFOLD,estar enfermo,MWU_CHUNK,,,,,MWU_EXPRESSION_FREQUENCY,PENDING_PHRASE_QUERY_12B,,,,,NOT_YET_CLEARED_PER_MEASUREMENT,,NONE,FUTURE_WITHIN_A1_ORDERING_ONLY,Phase origin=6A. Must be queried as phrase/construction; component frequencies cannot substitute.,,1.30
FREQ-MWU-0093,ITEM_SCAFFOLD,estar malo,MWU_CHUNK,,,,,MWU_EXPRESSION_FREQUENCY,PENDING_PHRASE_QUERY_12B,,,,,NOT_YET_CLEARED_PER_MEASUREMENT,,NONE,FUTURE_WITHIN_A1_ORDERING_ONLY,Phase origin=6A. Must be queried as phrase/construction; component frequencies cannot substitute.,,1.30
FREQ-MWU-0094,ITEM_SCAFFOLD,ir al hospital,MWU_CHUNK,,,,,MWU_EXPRESSION_FREQUENCY,PENDING_PHRASE_QUERY_12B,,,,,NOT_YET_CLEARED_PER_MEASUREMENT,,NONE,FUTURE_WITHIN_A1_ORDERING_ONLY,Phase origin=6A. Must be queried as phrase/construction; component frequencies cannot substitute.,,1.30
FREQ-MWU-0095,ITEM_SCAFFOLD,ir al médico,MWU_CHUNK,,,,,MWU_EXPRESSION_FREQUENCY,PENDING_PHRASE_QUERY_12B,,,,,NOT_YET_CLEARED_PER_MEASUREMENT,,NONE,FUTURE_WITHIN_A1_ORDERING_ONLY,Phase origin=6A. Must be queried as phrase/construction; component frequencies cannot substitute.,,1.30
FREQ-MWU-0096,ITEM_SCAFFOLD,lavarse el pelo,MWU_CHUNK,,,,,MWU_EXPRESSION_FREQUENCY,PENDING_PHRASE_QUERY_12B,,,,,NOT_YET_CLEARED_PER_MEASUREMENT,,NONE,FUTURE_WITHIN_A1_ORDERING_ONLY,Phase origin=6A. Must be queried as phrase/construction; component frequencies cannot substitute.,,1.30
FREQ-MWU-0097,ITEM_SCAFFOLD,lavarse la cara,MWU_CHUNK,,,,,MWU_EXPRESSION_FREQUENCY,PENDING_PHRASE_QUERY_12B,,,,,NOT_YET_CLEARED_PER_MEASUREMENT,,NONE,FUTURE_WITHIN_A1_ORDERING_ONLY,Phase origin=6A. Must be queried as phrase/construction; component frequencies cannot substitute.,,1.30
FREQ-MWU-0098,ITEM_SCAFFOLD,lavarse las manos,MWU_CHUNK,,,,,MWU_EXPRESSION_FREQUENCY,PENDING_PHRASE_QUERY_12B,,,,,NOT_YET_CLEARED_PER_MEASUREMENT,,NONE,FUTURE_WITHIN_A1_ORDERING_ONLY,Phase origin=6A. Must be queried as phrase/construction; component frequencies cannot substitute.,,1.30
FREQ-MWU-0099,ITEM_SCAFFOLD,lavarse los dientes,MWU_CHUNK,,,,,MWU_EXPRESSION_FREQUENCY,PENDING_PHRASE_QUERY_12B,,,,,NOT_YET_CLEARED_PER_MEASUREMENT,,NONE,FUTURE_WITHIN_A1_ORDERING_ONLY,Phase origin=6A. Must be queried as phrase/construction; component frequencies cannot substitute.,,1.30
FREQ-MWU-0100,ITEM_SCAFFOLD,comprar un billete de ida,MWU_CHUNK,,,,,MWU_EXPRESSION_FREQUENCY,PENDING_PHRASE_QUERY_12B,,,,,NOT_YET_CLEARED_PER_MEASUREMENT,,NONE,FUTURE_WITHIN_A1_ORDERING_ONLY,Phase origin=6A. Must be queried as phrase/construction; component frequencies cannot substitute.,,1.30
FREQ-MWU-0101,ITEM_SCAFFOLD,comprar un billete de ida y vuelta,MWU_CHUNK,,,,,MWU_EXPRESSION_FREQUENCY,PENDING_PHRASE_QUERY_12B,,,,,NOT_YET_CLEARED_PER_MEASUREMENT,,NONE,FUTURE_WITHIN_A1_ORDERING_ONLY,Phase origin=6A. Must be queried as phrase/construction; component frequencies cannot substitute.,,1.30
FREQ-MWU-0102,ITEM_SCAFFOLD,estación de autobuses,MWU_CHUNK,,,,,MWU_EXPRESSION_FREQUENCY,PENDING_PHRASE_QUERY_12B,,,,,NOT_YET_CLEARED_PER_MEASUREMENT,,NONE,FUTURE_WITHIN_A1_ORDERING_ONLY,Phase origin=6A. Must be queried as phrase/construction; component frequencies cannot substitute.,,1.30
FREQ-MWU-0103,ITEM_SCAFFOLD,estación de metro,MWU_CHUNK,,,,,MWU_EXPRESSION_FREQUENCY,PENDING_PHRASE_QUERY_12B,,,,,NOT_YET_CLEARED_PER_MEASUREMENT,,NONE,FUTURE_WITHIN_A1_ORDERING_ONLY,Phase origin=6A. Must be queried as phrase/construction; component frequencies cannot substitute.,,1.30
FREQ-MWU-0104,ITEM_SCAFFOLD,estación de tren,MWU_CHUNK,,,,,MWU_EXPRESSION_FREQUENCY,PENDING_PHRASE_QUERY_12B,,,,,NOT_YET_CLEARED_PER_MEASUREMENT,,NONE,FUTURE_WITHIN_A1_ORDERING_ONLY,Phase origin=6A. Must be queried as phrase/construction; component frequencies cannot substitute.,,1.30
FREQ-MWU-0105,ITEM_SCAFFOLD,habitación con aire acondicionado,MWU_CHUNK,,,,,MWU_EXPRESSION_FREQUENCY,PENDING_PHRASE_QUERY_12B,,,,,NOT_YET_CLEARED_PER_MEASUREMENT,,NONE,FUTURE_WITHIN_A1_ORDERING_ONLY,Phase origin=6A. Must be queried as phrase/construction; component frequencies cannot substitute.,,1.30
FREQ-MWU-0106,ITEM_SCAFFOLD,habitación con baño,MWU_CHUNK,,,,,MWU_EXPRESSION_FREQUENCY,PENDING_PHRASE_QUERY_12B,,,,,NOT_YET_CLEARED_PER_MEASUREMENT,,NONE,FUTURE_WITHIN_A1_ORDERING_ONLY,Phase origin=6A. Must be queried as phrase/construction; component frequencies cannot substitute.,,1.30
FREQ-MWU-0107,ITEM_SCAFFOLD,habitación con televisión,MWU_CHUNK,,,,,MWU_EXPRESSION_FREQUENCY,PENDING_PHRASE_QUERY_12B,,,,,NOT_YET_CLEARED_PER_MEASUREMENT,,NONE,FUTURE_WITHIN_A1_ORDERING_ONLY,Phase origin=6A. Must be queried as phrase/construction; component frequencies cannot substitute.,,1.30
FREQ-MWU-0108,ITEM_SCAFFOLD,habitación con teléfono,MWU_CHUNK,,,,,MWU_EXPRESSION_FREQUENCY,PENDING_PHRASE_QUERY_12B,,,,,NOT_YET_CLEARED_PER_MEASUREMENT,,NONE,FUTURE_WITHIN_A1_ORDERING_ONLY,Phase origin=6A. Must be queried as phrase/construction; component frequencies cannot substitute.,,1.30
FREQ-MWU-0109,ITEM_SCAFFOLD,habitación doble,MWU_CHUNK,,,,,MWU_EXPRESSION_FREQUENCY,PENDING_PHRASE_QUERY_12B,,,,,NOT_YET_CLEARED_PER_MEASUREMENT,,NONE,FUTURE_WITHIN_A1_ORDERING_ONLY,Phase origin=6A. Must be queried as phrase/construction; component frequencies cannot substitute.,,1.30
FREQ-MWU-0110,ITEM_SCAFFOLD,habitación individual,MWU_CHUNK,,,,,MWU_EXPRESSION_FREQUENCY,PENDING_PHRASE_QUERY_12B,,,,,NOT_YET_CLEARED_PER_MEASUREMENT,,NONE,FUTURE_WITHIN_A1_ORDERING_ONLY,Phase origin=6A. Must be queried as phrase/construction; component frequencies cannot substitute.,,1.30
FREQ-MWU-0111,ITEM_SCAFFOLD,ir a la montaña,MWU_CHUNK,,,,,MWU_EXPRESSION_FREQUENCY,PENDING_PHRASE_QUERY_12B,,,,,NOT_YET_CLEARED_PER_MEASUREMENT,,NONE,FUTURE_WITHIN_A1_ORDERING_ONLY,Phase origin=6A. Must be queried as phrase/construction; component frequencies cannot substitute.,,1.30
FREQ-MWU-0112,ITEM_SCAFFOLD,ir a la playa,MWU_CHUNK,,,,,MWU_EXPRESSION_FREQUENCY,PENDING_PHRASE_QUERY_12B,,,,,NOT_YET_CLEARED_PER_MEASUREMENT,,NONE,FUTURE_WITHIN_A1_ORDERING_ONLY,Phase origin=6A. Must be queried as phrase/construction; component frequencies cannot substitute.,,1.30
FREQ-MWU-0113,ITEM_SCAFFOLD,ir andando,MWU_CHUNK,,,,,MWU_EXPRESSION_FREQUENCY,PENDING_PHRASE_QUERY_12B,,,,,NOT_YET_CLEARED_PER_MEASUREMENT,,NONE,FUTURE_WITHIN_A1_ORDERING_ONLY,Phase origin=6A. Must be queried as phrase/construction; component frequencies cannot substitute.,,1.30
FREQ-MWU-0114,ITEM_SCAFFOLD,ir en autobús,MWU_CHUNK,,,,,MWU_EXPRESSION_FREQUENCY,PENDING_PHRASE_QUERY_12B,,,,,NOT_YET_CLEARED_PER_MEASUREMENT,,NONE,FUTURE_WITHIN_A1_ORDERING_ONLY,Phase origin=6A. Must be queried as phrase/construction; component frequencies cannot substitute.,,1.30
FREQ-MWU-0115,ITEM_SCAFFOLD,ir en avión,MWU_CHUNK,,,,,MWU_EXPRESSION_FREQUENCY,PENDING_PHRASE_QUERY_12B,,,,,NOT_YET_CLEARED_PER_MEASUREMENT,,NONE,FUTURE_WITHIN_A1_ORDERING_ONLY,Phase origin=6A. Must be queried as phrase/construction; component frequencies cannot substitute.,,1.30
FREQ-MWU-0116,ITEM_SCAFFOLD,ir en barco,MWU_CHUNK,,,,,MWU_EXPRESSION_FREQUENCY,PENDING_PHRASE_QUERY_12B,,,,,NOT_YET_CLEARED_PER_MEASUREMENT,,NONE,FUTURE_WITHIN_A1_ORDERING_ONLY,Phase origin=6A. Must be queried as phrase/construction; component frequencies cannot substitute.,,1.30
FREQ-MWU-0117,ITEM_SCAFFOLD,ir en coche,MWU_CHUNK,,,,,MWU_EXPRESSION_FREQUENCY,PENDING_PHRASE_QUERY_12B,,,,,NOT_YET_CLEARED_PER_MEASUREMENT,,NONE,FUTURE_WITHIN_A1_ORDERING_ONLY,Phase origin=6A. Must be queried as phrase/construction; component frequencies cannot substitute.,,1.30
FREQ-MWU-0118,ITEM_SCAFFOLD,ir en metro,MWU_CHUNK,,,,,MWU_EXPRESSION_FREQUENCY,PENDING_PHRASE_QUERY_12B,,,,,NOT_YET_CLEARED_PER_MEASUREMENT,,NONE,FUTURE_WITHIN_A1_ORDERING_ONLY,Phase origin=6A. Must be queried as phrase/construction; component frequencies cannot substitute.,,1.30
FREQ-MWU-0119,ITEM_SCAFFOLD,ir en taxi,MWU_CHUNK,,,,,MWU_EXPRESSION_FREQUENCY,PENDING_PHRASE_QUERY_12B,,,,,NOT_YET_CLEARED_PER_MEASUREMENT,,NONE,FUTURE_WITHIN_A1_ORDERING_ONLY,Phase origin=6A. Must be queried as phrase/construction; component frequencies cannot substitute.,,1.30
FREQ-MWU-0120,ITEM_SCAFFOLD,ir en tren,MWU_CHUNK,,,,,MWU_EXPRESSION_FREQUENCY,PENDING_PHRASE_QUERY_12B,,,,,NOT_YET_CLEARED_PER_MEASUREMENT,,NONE,FUTURE_WITHIN_A1_ORDERING_ONLY,Phase origin=6A. Must be queried as phrase/construction; component frequencies cannot substitute.,,1.30
FREQ-MWU-0121,ITEM_SCAFFOLD,oficina de información y turismo,MWU_CHUNK,,,,,MWU_EXPRESSION_FREQUENCY,PENDING_PHRASE_QUERY_12B,,,,,NOT_YET_CLEARED_PER_MEASUREMENT,,NONE,FUTURE_WITHIN_A1_ORDERING_ONLY,Phase origin=6A. Must be queried as phrase/construction; component frequencies cannot substitute.,,1.30
FREQ-MWU-0122,ITEM_SCAFFOLD,parada de autobús,MWU_CHUNK,,,,,MWU_EXPRESSION_FREQUENCY,PENDING_PHRASE_QUERY_12B,,,,,NOT_YET_CLEARED_PER_MEASUREMENT,,NONE,FUTURE_WITHIN_A1_ORDERING_ONLY,Phase origin=6A. Must be queried as phrase/construction; component frequencies cannot substitute.,,1.30
FREQ-MWU-0123,ITEM_SCAFFOLD,parada de metro,MWU_CHUNK,,,,,MWU_EXPRESSION_FREQUENCY,PENDING_PHRASE_QUERY_12B,,,,,NOT_YET_CLEARED_PER_MEASUREMENT,,NONE,FUTURE_WITHIN_A1_ORDERING_ONLY,Phase origin=6A. Must be queried as phrase/construction; component frequencies cannot substitute.,,1.30
FREQ-MWU-0124,ITEM_SCAFFOLD,parada de taxi,MWU_CHUNK,,,,,MWU_EXPRESSION_FREQUENCY,PENDING_PHRASE_QUERY_12B,,,,,NOT_YET_CLEARED_PER_MEASUREMENT,,NONE,FUTURE_WITHIN_A1_ORDERING_ONLY,Phase origin=6A. Must be queried as phrase/construction; component frequencies cannot substitute.,,1.30
FREQ-MWU-0125,ITEM_SCAFFOLD,viajar en avión,MWU_CHUNK,,,,,MWU_EXPRESSION_FREQUENCY,PENDING_PHRASE_QUERY_12B,,,,,NOT_YET_CLEARED_PER_MEASUREMENT,,NONE,FUTURE_WITHIN_A1_ORDERING_ONLY,Phase origin=6A. Must be queried as phrase/construction; component frequencies cannot substitute.,,1.30
FREQ-MWU-0126,ITEM_SCAFFOLD,viajar en barco,MWU_CHUNK,,,,,MWU_EXPRESSION_FREQUENCY,PENDING_PHRASE_QUERY_12B,,,,,NOT_YET_CLEARED_PER_MEASUREMENT,,NONE,FUTURE_WITHIN_A1_ORDERING_ONLY,Phase origin=6A. Must be queried as phrase/construction; component frequencies cannot substitute.,,1.30
FREQ-MWU-0127,ITEM_SCAFFOLD,ser bonito,MWU_CHUNK,,,,,MWU_EXPRESSION_FREQUENCY,PENDING_PHRASE_QUERY_12B,,,,,NOT_YET_CLEARED_PER_MEASUREMENT,,NONE,FUTURE_WITHIN_A1_ORDERING_ONLY,Phase origin=6A. Must be queried as phrase/construction; component frequencies cannot substitute.,,1.30
FREQ-MWU-0128,ITEM_SCAFFOLD,ser feo,MWU_CHUNK,,,,,MWU_EXPRESSION_FREQUENCY,PENDING_PHRASE_QUERY_12B,,,,,NOT_YET_CLEARED_PER_MEASUREMENT,,NONE,FUTURE_WITHIN_A1_ORDERING_ONLY,Phase origin=6A. Must be queried as phrase/construction; component frequencies cannot substitute.,,1.30
FREQ-MWU-0129,ITEM_SCAFFOLD,ser interesante,MWU_CHUNK,,,,,MWU_EXPRESSION_FREQUENCY,PENDING_PHRASE_QUERY_12B,,,,,NOT_YET_CLEARED_PER_MEASUREMENT,,NONE,FUTURE_WITHIN_A1_ORDERING_ONLY,Phase origin=6A. Must be queried as phrase/construction; component frequencies cannot substitute.,,1.30
FREQ-MWU-0130,ITEM_SCAFFOLD,ir a la iglesia,MWU_CHUNK,,,,,MWU_EXPRESSION_FREQUENCY,PENDING_PHRASE_QUERY_12B,,,,,NOT_YET_CLEARED_PER_MEASUREMENT,,NONE,FUTURE_WITHIN_A1_ORDERING_ONLY,Phase origin=6A. Must be queried as phrase/construction; component frequencies cannot substitute.,,1.30
FREQ-MWU-0131,ITEM_SCAFFOLD,ir a la mezquita,MWU_CHUNK,,,,,MWU_EXPRESSION_FREQUENCY,PENDING_PHRASE_QUERY_12B,,,,,NOT_YET_CLEARED_PER_MEASUREMENT,,NONE,FUTURE_WITHIN_A1_ORDERING_ONLY,Phase origin=6A. Must be queried as phrase/construction; component frequencies cannot substitute.,,1.30
FREQ-MWU-0132,ITEM_SCAFFOLD,ir a la sinagoga,MWU_CHUNK,,,,,MWU_EXPRESSION_FREQUENCY,PENDING_PHRASE_QUERY_12B,,,,,NOT_YET_CLEARED_PER_MEASUREMENT,,NONE,FUTURE_WITHIN_A1_ORDERING_ONLY,Phase origin=6A. Must be queried as phrase/construction; component frequencies cannot substitute.,,1.30
FREQ-MWU-0133,ITEM_SCAFFOLD,centro comercial,MWU_CHUNK,,,,,MWU_EXPRESSION_FREQUENCY,PENDING_PHRASE_QUERY_12B,,,,,NOT_YET_CLEARED_PER_MEASUREMENT,,NONE,FUTURE_WITHIN_A1_ORDERING_ONLY,Phase origin=6A. Must be queried as phrase/construction; component frequencies cannot substitute.,,1.30
FREQ-MWU-0134,ITEM_SCAFFOLD,hacer buen tiempo,MWU_CHUNK,,,,,MWU_EXPRESSION_FREQUENCY,PENDING_PHRASE_QUERY_12B,,,,,NOT_YET_CLEARED_PER_MEASUREMENT,,NONE,FUTURE_WITHIN_A1_ORDERING_ONLY,Phase origin=6A. Must be queried as phrase/construction; component frequencies cannot substitute.,,1.30
FREQ-MWU-0135,ITEM_SCAFFOLD,hacer calor,MWU_CHUNK,,,,,MWU_EXPRESSION_FREQUENCY,PENDING_PHRASE_QUERY_12B,,,,,NOT_YET_CLEARED_PER_MEASUREMENT,,NONE,FUTURE_WITHIN_A1_ORDERING_ONLY,Phase origin=6A. Must be queried as phrase/construction; component frequencies cannot substitute.,,1.30
FREQ-MWU-0136,ITEM_SCAFFOLD,hacer frío,MWU_CHUNK,,,,,MWU_EXPRESSION_FREQUENCY,PENDING_PHRASE_QUERY_12B,,,,,NOT_YET_CLEARED_PER_MEASUREMENT,,NONE,FUTURE_WITHIN_A1_ORDERING_ONLY,Phase origin=6A. Must be queried as phrase/construction; component frequencies cannot substitute.,,1.30
FREQ-MWU-0137,ITEM_SCAFFOLD,hacer mal tiempo,MWU_CHUNK,,,,,MWU_EXPRESSION_FREQUENCY,PENDING_PHRASE_QUERY_12B,,,,,NOT_YET_CLEARED_PER_MEASUREMENT,,NONE,FUTURE_WITHIN_A1_ORDERING_ONLY,Phase origin=6A. Must be queried as phrase/construction; component frequencies cannot substitute.,,1.30
FREQ-MWU-0138,ITEM_SCAFFOLD,hacer sol,MWU_CHUNK,,,,,MWU_EXPRESSION_FREQUENCY,PENDING_PHRASE_QUERY_12B,,,,,NOT_YET_CLEARED_PER_MEASUREMENT,,NONE,FUTURE_WITHIN_A1_ORDERING_ONLY,Phase origin=6A. Must be queried as phrase/construction; component frequencies cannot substitute.,,1.30
FREQ-MWU-0139,ITEM_SCAFFOLD,hacer viento,MWU_CHUNK,,,,,MWU_EXPRESSION_FREQUENCY,PENDING_PHRASE_QUERY_12B,,,,,NOT_YET_CLEARED_PER_MEASUREMENT,,NONE,FUTURE_WITHIN_A1_ORDERING_ONLY,Phase origin=6A. Must be queried as phrase/construction; component frequencies cannot substitute.,,1.30
FREQ-MWU-0140,ITEM_SCAFFOLD,parada de taxis,MWU_CHUNK,,,,,MWU_EXPRESSION_FREQUENCY,PENDING_PHRASE_QUERY_12B,,,,,NOT_YET_CLEARED_PER_MEASUREMENT,,NONE,FUTURE_WITHIN_A1_ORDERING_ONLY,Phase origin=6A. Must be queried as phrase/construction; component frequencies cannot substitute.,,1.30
FREQ-MWU-0141,ITEM_SCAFFOLD,a la derecha,MWU_CHUNK,,,,,MWU_EXPRESSION_FREQUENCY,PENDING_PHRASE_QUERY_12B,,,,,NOT_YET_CLEARED_PER_MEASUREMENT,,NONE,FUTURE_WITHIN_A1_ORDERING_ONLY,Phase origin=6B. Must be queried as phrase/construction; component frequencies cannot substitute.,,1.30
FREQ-MWU-0142,ITEM_SCAFFOLD,a la izquierda,MWU_CHUNK,,,,,MWU_EXPRESSION_FREQUENCY,PENDING_PHRASE_QUERY_12B,,,,,NOT_YET_CLEARED_PER_MEASUREMENT,,NONE,FUTURE_WITHIN_A1_ORDERING_ONLY,Phase origin=6B. Must be queried as phrase/construction; component frequencies cannot substitute.,,1.30
FREQ-MWU-0143,ITEM_SCAFFOLD,a mediodía,MWU_CHUNK,,,,,MWU_EXPRESSION_FREQUENCY,PENDING_PHRASE_QUERY_12B,,,,,NOT_YET_CLEARED_PER_MEASUREMENT,,NONE,FUTURE_WITHIN_A1_ORDERING_ONLY,Phase origin=6B. Must be queried as phrase/construction; component frequencies cannot substitute.,,1.30
FREQ-MWU-0144,ITEM_SCAFFOLD,a pie,MWU_CHUNK,,,,,MWU_EXPRESSION_FREQUENCY,PENDING_PHRASE_QUERY_12B,,,,,NOT_YET_CLEARED_PER_MEASUREMENT,,NONE,FUTURE_WITHIN_A1_ORDERING_ONLY,Phase origin=6B. Must be queried as phrase/construction; component frequencies cannot substitute.,,1.30
FREQ-MWU-0145,ITEM_SCAFFOLD,a veces,MWU_CHUNK,,,,,MWU_EXPRESSION_FREQUENCY,PENDING_PHRASE_QUERY_12B,,,,,NOT_YET_CLEARED_PER_MEASUREMENT,,NONE,FUTURE_WITHIN_A1_ORDERING_ONLY,Phase origin=6B. Must be queried as phrase/construction; component frequencies cannot substitute.,,1.30
FREQ-MWU-0146,ITEM_SCAFFOLD,al este,MWU_CHUNK,,,,,MWU_EXPRESSION_FREQUENCY,PENDING_PHRASE_QUERY_12B,,,,,NOT_YET_CLEARED_PER_MEASUREMENT,,NONE,FUTURE_WITHIN_A1_ORDERING_ONLY,Phase origin=6B. Must be queried as phrase/construction; component frequencies cannot substitute.,,1.30
FREQ-MWU-0147,ITEM_SCAFFOLD,al final,MWU_CHUNK,,,,,MWU_EXPRESSION_FREQUENCY,PENDING_PHRASE_QUERY_12B,,,,,NOT_YET_CLEARED_PER_MEASUREMENT,,NONE,FUTURE_WITHIN_A1_ORDERING_ONLY,Phase origin=6B. Must be queried as phrase/construction; component frequencies cannot substitute.,,1.30
FREQ-MWU-0148,ITEM_SCAFFOLD,al lado,MWU_CHUNK,,,,,MWU_EXPRESSION_FREQUENCY,PENDING_PHRASE_QUERY_12B,,,,,NOT_YET_CLEARED_PER_MEASUREMENT,,NONE,FUTURE_WITHIN_A1_ORDERING_ONLY,Phase origin=6B. Must be queried as phrase/construction; component frequencies cannot substitute.,,1.30
FREQ-MWU-0149,ITEM_SCAFFOLD,al norte,MWU_CHUNK,,,,,MWU_EXPRESSION_FREQUENCY,PENDING_PHRASE_QUERY_12B,,,,,NOT_YET_CLEARED_PER_MEASUREMENT,,NONE,FUTURE_WITHIN_A1_ORDERING_ONLY,Phase origin=6B. Must be queried as phrase/construction; component frequencies cannot substitute.,,1.30
FREQ-MWU-0150,ITEM_SCAFFOLD,al oeste,MWU_CHUNK,,,,,MWU_EXPRESSION_FREQUENCY,PENDING_PHRASE_QUERY_12B,,,,,NOT_YET_CLEARED_PER_MEASUREMENT,,NONE,FUTURE_WITHIN_A1_ORDERING_ONLY,Phase origin=6B. Must be queried as phrase/construction; component frequencies cannot substitute.,,1.30
FREQ-MWU-0151,ITEM_SCAFFOLD,al sur,MWU_CHUNK,,,,,MWU_EXPRESSION_FREQUENCY,PENDING_PHRASE_QUERY_12B,,,,,NOT_YET_CLEARED_PER_MEASUREMENT,,NONE,FUTURE_WITHIN_A1_ORDERING_ONLY,Phase origin=6B. Must be queried as phrase/construction; component frequencies cannot substitute.,,1.30
FREQ-MWU-0152,ITEM_SCAFFOLD,de acuerdo,MWU_CHUNK,,,,,MWU_EXPRESSION_FREQUENCY,PENDING_PHRASE_QUERY_12B,,,,,NOT_YET_CLEARED_PER_MEASUREMENT,,NONE,FUTURE_WITHIN_A1_ORDERING_ONLY,Phase origin=6B. Must be queried as phrase/construction; component frequencies cannot substitute.,,1.30
FREQ-MWU-0153,ITEM_SCAFFOLD,el fin de semana,MWU_CHUNK,,,,,MWU_EXPRESSION_FREQUENCY,PENDING_PHRASE_QUERY_12B,,,,,NOT_YET_CLEARED_PER_MEASUREMENT,,NONE,FUTURE_WITHIN_A1_ORDERING_ONLY,Phase origin=6B. Must be queried as phrase/construction; component frequencies cannot substitute.,,1.30
FREQ-MWU-0154,ITEM_SCAFFOLD,en autobús,MWU_CHUNK,,,,,MWU_EXPRESSION_FREQUENCY,PENDING_PHRASE_QUERY_12B,,,,,NOT_YET_CLEARED_PER_MEASUREMENT,,NONE,FUTURE_WITHIN_A1_ORDERING_ONLY,Phase origin=6B. Must be queried as phrase/construction; component frequencies cannot substitute.,,1.30
FREQ-MWU-0155,ITEM_SCAFFOLD,en avión,MWU_CHUNK,,,,,MWU_EXPRESSION_FREQUENCY,PENDING_PHRASE_QUERY_12B,,,,,NOT_YET_CLEARED_PER_MEASUREMENT,,NONE,FUTURE_WITHIN_A1_ORDERING_ONLY,Phase origin=6B. Must be queried as phrase/construction; component frequencies cannot substitute.,,1.30
FREQ-MWU-0156,ITEM_SCAFFOLD,en barco,MWU_CHUNK,,,,,MWU_EXPRESSION_FREQUENCY,PENDING_PHRASE_QUERY_12B,,,,,NOT_YET_CLEARED_PER_MEASUREMENT,,NONE,FUTURE_WITHIN_A1_ORDERING_ONLY,Phase origin=6B. Must be queried as phrase/construction; component frequencies cannot substitute.,,1.30
FREQ-MWU-0157,ITEM_SCAFFOLD,en coche,MWU_CHUNK,,,,,MWU_EXPRESSION_FREQUENCY,PENDING_PHRASE_QUERY_12B,,,,,NOT_YET_CLEARED_PER_MEASUREMENT,,NONE,FUTURE_WITHIN_A1_ORDERING_ONLY,Phase origin=6B. Must be queried as phrase/construction; component frequencies cannot substitute.,,1.30
FREQ-MWU-0158,ITEM_SCAFFOLD,en el centro,MWU_CHUNK,,,,,MWU_EXPRESSION_FREQUENCY,PENDING_PHRASE_QUERY_12B,,,,,NOT_YET_CLEARED_PER_MEASUREMENT,,NONE,FUTURE_WITHIN_A1_ORDERING_ONLY,Phase origin=6B. Must be queried as phrase/construction; component frequencies cannot substitute.,,1.30
FREQ-MWU-0159,ITEM_SCAFFOLD,en la mañana,MWU_CHUNK,,,,,MWU_EXPRESSION_FREQUENCY,PENDING_PHRASE_QUERY_12B,,,,,NOT_YET_CLEARED_PER_MEASUREMENT,,NONE,FUTURE_WITHIN_A1_ORDERING_ONLY,Phase origin=6B. Must be queried as phrase/construction; component frequencies cannot substitute.,,1.30
FREQ-MWU-0160,ITEM_SCAFFOLD,en la noche,MWU_CHUNK,,,,,MWU_EXPRESSION_FREQUENCY,PENDING_PHRASE_QUERY_12B,,,,,NOT_YET_CLEARED_PER_MEASUREMENT,,NONE,FUTURE_WITHIN_A1_ORDERING_ONLY,Phase origin=6B. Must be queried as phrase/construction; component frequencies cannot substitute.,,1.30
FREQ-MWU-0161,ITEM_SCAFFOLD,en la tarde,MWU_CHUNK,,,,,MWU_EXPRESSION_FREQUENCY,PENDING_PHRASE_QUERY_12B,,,,,NOT_YET_CLEARED_PER_MEASUREMENT,,NONE,FUTURE_WITHIN_A1_ORDERING_ONLY,Phase origin=6B. Must be queried as phrase/construction; component frequencies cannot substitute.,,1.30
FREQ-MWU-0162,ITEM_SCAFFOLD,en metro,MWU_CHUNK,,,,,MWU_EXPRESSION_FREQUENCY,PENDING_PHRASE_QUERY_12B,,,,,NOT_YET_CLEARED_PER_MEASUREMENT,,NONE,FUTURE_WITHIN_A1_ORDERING_ONLY,Phase origin=6B. Must be queried as phrase/construction; component frequencies cannot substitute.,,1.30
FREQ-MWU-0163,ITEM_SCAFFOLD,en tren,MWU_CHUNK,,,,,MWU_EXPRESSION_FREQUENCY,PENDING_PHRASE_QUERY_12B,,,,,NOT_YET_CLEARED_PER_MEASUREMENT,,NONE,FUTURE_WITHIN_A1_ORDERING_ONLY,Phase origin=6B. Must be queried as phrase/construction; component frequencies cannot substitute.,,1.30
FREQ-MWU-0164,ITEM_SCAFFOLD,estar abierto,MWU_CHUNK,,,,,MWU_EXPRESSION_FREQUENCY,PENDING_PHRASE_QUERY_12B,,,,,NOT_YET_CLEARED_PER_MEASUREMENT,,NONE,FUTURE_WITHIN_A1_ORDERING_ONLY,Phase origin=6B. Must be queried as phrase/construction; component frequencies cannot substitute.,,1.30
FREQ-MWU-0165,ITEM_SCAFFOLD,estar cerrado,MWU_CHUNK,,,,,MWU_EXPRESSION_FREQUENCY,PENDING_PHRASE_QUERY_12B,,,,,NOT_YET_CLEARED_PER_MEASUREMENT,,NONE,FUTURE_WITHIN_A1_ORDERING_ONLY,Phase origin=6B. Must be queried as phrase/construction; component frequencies cannot substitute.,,1.30
FREQ-MWU-0166,ITEM_SCAFFOLD,llegar pronto,MWU_CHUNK,,,,,MWU_EXPRESSION_FREQUENCY,PENDING_PHRASE_QUERY_12B,,,,,NOT_YET_CLEARED_PER_MEASUREMENT,,NONE,FUTURE_WITHIN_A1_ORDERING_ONLY,Phase origin=6B. Must be queried as phrase/construction; component frequencies cannot substitute.,,1.30
FREQ-MWU-0167,ITEM_SCAFFOLD,llegar tarde,MWU_CHUNK,,,,,MWU_EXPRESSION_FREQUENCY,PENDING_PHRASE_QUERY_12B,,,,,NOT_YET_CLEARED_PER_MEASUREMENT,,NONE,FUTURE_WITHIN_A1_ORDERING_ONLY,Phase origin=6B. Must be queried as phrase/construction; component frequencies cannot substitute.,,1.30
FREQ-MWU-0168,ITEM_SCAFFOLD,llegar temprano,MWU_CHUNK,,,,,MWU_EXPRESSION_FREQUENCY,PENDING_PHRASE_QUERY_12B,,,,,NOT_YET_CLEARED_PER_MEASUREMENT,,NONE,FUTURE_WITHIN_A1_ORDERING_ONLY,Phase origin=6B. Must be queried as phrase/construction; component frequencies cannot substitute.,,1.30
FREQ-MWU-0169,ITEM_SCAFFOLD,muy bien,MWU_CHUNK,,,,,MWU_EXPRESSION_FREQUENCY,PENDING_PHRASE_QUERY_12B,,,,,NOT_YET_CLEARED_PER_MEASUREMENT,,NONE,FUTURE_WITHIN_A1_ORDERING_ONLY,Phase origin=6B. Must be queried as phrase/construction; component frequencies cannot substitute.,,1.30
FREQ-MWU-0170,ITEM_SCAFFOLD,muy mal,MWU_CHUNK,,,,,MWU_EXPRESSION_FREQUENCY,PENDING_PHRASE_QUERY_12B,,,,,NOT_YET_CLEARED_PER_MEASUREMENT,,NONE,FUTURE_WITHIN_A1_ORDERING_ONLY,Phase origin=6B. Must be queried as phrase/construction; component frequencies cannot substitute.,,1.30
FREQ-MWU-0171,ITEM_SCAFFOLD,más o menos,MWU_CHUNK,,,,,MWU_EXPRESSION_FREQUENCY,PENDING_PHRASE_QUERY_12B,,,,,NOT_YET_CLEARED_PER_MEASUREMENT,,NONE,FUTURE_WITHIN_A1_ORDERING_ONLY,Phase origin=6B. Must be queried as phrase/construction; component frequencies cannot substitute.,,1.30
FREQ-MWU-0172,ITEM_SCAFFOLD,por la mañana,MWU_CHUNK,,,,,MWU_EXPRESSION_FREQUENCY,PENDING_PHRASE_QUERY_12B,,,,,NOT_YET_CLEARED_PER_MEASUREMENT,,NONE,FUTURE_WITHIN_A1_ORDERING_ONLY,Phase origin=6B. Must be queried as phrase/construction; component frequencies cannot substitute.,,1.30
FREQ-MWU-0173,ITEM_SCAFFOLD,por la noche,MWU_CHUNK,,,,,MWU_EXPRESSION_FREQUENCY,PENDING_PHRASE_QUERY_12B,,,,,NOT_YET_CLEARED_PER_MEASUREMENT,,NONE,FUTURE_WITHIN_A1_ORDERING_ONLY,Phase origin=6B. Must be queried as phrase/construction; component frequencies cannot substitute.,,1.30
FREQ-MWU-0174,ITEM_SCAFFOLD,por la tarde,MWU_CHUNK,,,,,MWU_EXPRESSION_FREQUENCY,PENDING_PHRASE_QUERY_12B,,,,,NOT_YET_CLEARED_PER_MEASUREMENT,,NONE,FUTURE_WITHIN_A1_ORDERING_ONLY,Phase origin=6B. Must be queried as phrase/construction; component frequencies cannot substitute.,,1.30
FREQ-MWU-0175,ITEM_SCAFFOLD,salir pronto,MWU_CHUNK,,,,,MWU_EXPRESSION_FREQUENCY,PENDING_PHRASE_QUERY_12B,,,,,NOT_YET_CLEARED_PER_MEASUREMENT,,NONE,FUTURE_WITHIN_A1_ORDERING_ONLY,Phase origin=6B. Must be queried as phrase/construction; component frequencies cannot substitute.,,1.30
FREQ-MWU-0176,ITEM_SCAFFOLD,salir tarde,MWU_CHUNK,,,,,MWU_EXPRESSION_FREQUENCY,PENDING_PHRASE_QUERY_12B,,,,,NOT_YET_CLEARED_PER_MEASUREMENT,,NONE,FUTURE_WITHIN_A1_ORDERING_ONLY,Phase origin=6B. Must be queried as phrase/construction; component frequencies cannot substitute.,,1.30
FREQ-MWU-0177,ITEM_SCAFFOLD,salir temprano,MWU_CHUNK,,,,,MWU_EXPRESSION_FREQUENCY,PENDING_PHRASE_QUERY_12B,,,,,NOT_YET_CLEARED_PER_MEASUREMENT,,NONE,FUTURE_WITHIN_A1_ORDERING_ONLY,Phase origin=6B. Must be queried as phrase/construction; component frequencies cannot substitute.,,1.30
FREQ-MWU-0178,ITEM_SCAFFOLD,ser bueno,MWU_CHUNK,,,,,MWU_EXPRESSION_FREQUENCY,PENDING_PHRASE_QUERY_12B,,,,,NOT_YET_CLEARED_PER_MEASUREMENT,,NONE,FUTURE_WITHIN_A1_ORDERING_ONLY,Phase origin=6B. Must be queried as phrase/construction; component frequencies cannot substitute.,,1.30
FREQ-MWU-0179,ITEM_SCAFFOLD,ser de,MWU_CHUNK,,,,,MWU_EXPRESSION_FREQUENCY,PENDING_PHRASE_QUERY_12B,,,,,NOT_YET_CLEARED_PER_MEASUREMENT,,NONE,FUTURE_WITHIN_A1_ORDERING_ONLY,Phase origin=6B. Must be queried as phrase/construction; component frequencies cannot substitute.,,1.30
FREQ-MWU-0180,ITEM_SCAFFOLD,ser difícil,MWU_CHUNK,,,,,MWU_EXPRESSION_FREQUENCY,PENDING_PHRASE_QUERY_12B,,,,,NOT_YET_CLEARED_PER_MEASUREMENT,,NONE,FUTURE_WITHIN_A1_ORDERING_ONLY,Phase origin=6B. Must be queried as phrase/construction; component frequencies cannot substitute.,,1.30
FREQ-MWU-0181,ITEM_SCAFFOLD,ser malo,MWU_CHUNK,,,,,MWU_EXPRESSION_FREQUENCY,PENDING_PHRASE_QUERY_12B,,,,,NOT_YET_CLEARED_PER_MEASUREMENT,,NONE,FUTURE_WITHIN_A1_ORDERING_ONLY,Phase origin=6B. Must be queried as phrase/construction; component frequencies cannot substitute.,,1.30
FREQ-MWU-0182,ITEM_SCAFFOLD,ser posible,MWU_CHUNK,,,,,MWU_EXPRESSION_FREQUENCY,PENDING_PHRASE_QUERY_12B,,,,,NOT_YET_CLEARED_PER_MEASUREMENT,,NONE,FUTURE_WITHIN_A1_ORDERING_ONLY,Phase origin=6B. Must be queried as phrase/construction; component frequencies cannot substitute.,,1.30
FREQ-MWU-0183,ITEM_SCAFFOLD,ser pronto,MWU_CHUNK,,,,,MWU_EXPRESSION_FREQUENCY,PENDING_PHRASE_QUERY_12B,,,,,NOT_YET_CLEARED_PER_MEASUREMENT,,NONE,FUTURE_WITHIN_A1_ORDERING_ONLY,Phase origin=6B. Must be queried as phrase/construction; component frequencies cannot substitute.,,1.30
FREQ-MWU-0184,ITEM_SCAFFOLD,ser tarde,MWU_CHUNK,,,,,MWU_EXPRESSION_FREQUENCY,PENDING_PHRASE_QUERY_12B,,,,,NOT_YET_CLEARED_PER_MEASUREMENT,,NONE,FUTURE_WITHIN_A1_ORDERING_ONLY,Phase origin=6B. Must be queried as phrase/construction; component frequencies cannot substitute.,,1.30
FREQ-MWU-0185,ITEM_SCAFFOLD,ser temprano,MWU_CHUNK,,,,,MWU_EXPRESSION_FREQUENCY,PENDING_PHRASE_QUERY_12B,,,,,NOT_YET_CLEARED_PER_MEASUREMENT,,NONE,FUTURE_WITHIN_A1_ORDERING_ONLY,Phase origin=6B. Must be queried as phrase/construction; component frequencies cannot substitute.,,1.30
FREQ-MWU-0186,ITEM_SCAFFOLD,todo recto,MWU_CHUNK,,,,,MWU_EXPRESSION_FREQUENCY,PENDING_PHRASE_QUERY_12B,,,,,NOT_YET_CLEARED_PER_MEASUREMENT,,NONE,FUTURE_WITHIN_A1_ORDERING_ONLY,Phase origin=6B. Must be queried as phrase/construction; component frequencies cannot substitute.,,1.30
FREQ-MWU-0187,ITEM_SCAFFOLD,todos los días,MWU_CHUNK,,,,,MWU_EXPRESSION_FREQUENCY,PENDING_PHRASE_QUERY_12B,,,,,NOT_YET_CLEARED_PER_MEASUREMENT,,NONE,FUTURE_WITHIN_A1_ORDERING_ONLY,Phase origin=6B. Must be queried as phrase/construction; component frequencies cannot substitute.,,1.30
FREQ-MWU-0188,ITEM_SCAFFOLD,un poco,MWU_CHUNK,,,,,MWU_EXPRESSION_FREQUENCY,PENDING_PHRASE_QUERY_12B,,,,,NOT_YET_CLEARED_PER_MEASUREMENT,,NONE,FUTURE_WITHIN_A1_ORDERING_ONLY,Phase origin=6B. Must be queried as phrase/construction; component frequencies cannot substitute.,,1.30
FREQ-MWU-0189,ITEM_SCAFFOLD,de dónde,MWU_CHUNK,,,,,MWU_EXPRESSION_FREQUENCY,PENDING_PHRASE_QUERY_12B,,,,,NOT_YET_CLEARED_PER_MEASUREMENT,,NONE,FUTURE_WITHIN_A1_ORDERING_ONLY,Phase origin=6C. Must be queried as phrase/construction; component frequencies cannot substitute.,,1.30
FREQ-MWU-0190,ITEM_SCAFFOLD,por qué,MWU_CHUNK,,,,,MWU_EXPRESSION_FREQUENCY,PENDING_PHRASE_QUERY_12B,,,,,NOT_YET_CLEARED_PER_MEASUREMENT,,NONE,FUTURE_WITHIN_A1_ORDERING_ONLY,Phase origin=6C. Must be queried as phrase/construction; component frequencies cannot substitute.,,1.30
FREQ-MWU-0191,ITEM_SCAFFOLD,¿y tú?,MWU_CHUNK,,,,,MWU_EXPRESSION_FREQUENCY,PENDING_PHRASE_QUERY_12B,,,,,NOT_YET_CLEARED_PER_MEASUREMENT,,NONE,FUTURE_WITHIN_A1_ORDERING_ONLY,Phase origin=6C. Must be queried as phrase/construction; component frequencies cannot substitute.,,1.30
FREQ-MWU-0192,ITEM_SCAFFOLD,creo que,MWU_CHUNK,,,,,MWU_EXPRESSION_FREQUENCY,PENDING_PHRASE_QUERY_12B,,,,,NOT_YET_CLEARED_PER_MEASUREMENT,,NONE,FUTURE_WITHIN_A1_ORDERING_ONLY,Phase origin=6C. Must be queried as phrase/construction; component frequencies cannot substitute.,,1.30
FREQ-MWU-0193,ITEM_SCAFFOLD,está bien,MWU_CHUNK,,,,,MWU_EXPRESSION_FREQUENCY,PENDING_PHRASE_QUERY_12B,,,,,NOT_YET_CLEARED_PER_MEASUREMENT,,NONE,FUTURE_WITHIN_A1_ORDERING_ONLY,Phase origin=6C. Must be queried as phrase/construction; component frequencies cannot substitute.,,1.30
FREQ-MWU-0194,ITEM_SCAFFOLD,"así, así",MWU_CHUNK,,,,,MWU_EXPRESSION_FREQUENCY,PENDING_PHRASE_QUERY_12B,,,,,NOT_YET_CLEARED_PER_MEASUREMENT,,NONE,FUTURE_WITHIN_A1_ORDERING_ONLY,Phase origin=6C. Must be queried as phrase/construction; component frequencies cannot substitute.,,1.30
FREQ-MWU-0195,ITEM_SCAFFOLD,yo también,MWU_CHUNK,,,,,MWU_EXPRESSION_FREQUENCY,PENDING_PHRASE_QUERY_12B,,,,,NOT_YET_CLEARED_PER_MEASUREMENT,,NONE,FUTURE_WITHIN_A1_ORDERING_ONLY,Phase origin=6C. Must be queried as phrase/construction; component frequencies cannot substitute.,,1.30
FREQ-MWU-0196,ITEM_SCAFFOLD,yo tampoco,MWU_CHUNK,,,,,MWU_EXPRESSION_FREQUENCY,PENDING_PHRASE_QUERY_12B,,,,,NOT_YET_CLEARED_PER_MEASUREMENT,,NONE,FUTURE_WITHIN_A1_ORDERING_ONLY,Phase origin=6C. Must be queried as phrase/construction; component frequencies cannot substitute.,,1.30
FREQ-MWU-0197,ITEM_SCAFFOLD,no sé,MWU_CHUNK,,,,,MWU_EXPRESSION_FREQUENCY,PENDING_PHRASE_QUERY_12B,,,,,NOT_YET_CLEARED_PER_MEASUREMENT,,NONE,FUTURE_WITHIN_A1_ORDERING_ONLY,Phase origin=6C. Must be queried as phrase/construction; component frequencies cannot substitute.,,1.30
FREQ-MWU-0198,ITEM_SCAFFOLD,"sí, pero",MWU_CHUNK,,,,,MWU_EXPRESSION_FREQUENCY,PENDING_PHRASE_QUERY_12B,,,,,NOT_YET_CLEARED_PER_MEASUREMENT,,NONE,FUTURE_WITHIN_A1_ORDERING_ONLY,Phase origin=6C. Must be queried as phrase/construction; component frequencies cannot substitute.,,1.30
FREQ-MWU-0199,ITEM_SCAFFOLD,por favor,MWU_CHUNK,,,,,MWU_EXPRESSION_FREQUENCY,PENDING_PHRASE_QUERY_12B,,,,,NOT_YET_CLEARED_PER_MEASUREMENT,,NONE,FUTURE_WITHIN_A1_ORDERING_ONLY,Phase origin=6C. Must be queried as phrase/construction; component frequencies cannot substitute.,,1.30
FREQ-MWU-0200,ITEM_SCAFFOLD,"silencio, por favor",MWU_CHUNK,,,,,MWU_EXPRESSION_FREQUENCY,PENDING_PHRASE_QUERY_12B,,,,,NOT_YET_CLEARED_PER_MEASUREMENT,,NONE,FUTURE_WITHIN_A1_ORDERING_ONLY,Phase origin=6C. Must be queried as phrase/construction; component frequencies cannot substitute.,,1.30
FREQ-MWU-0201,ITEM_SCAFFOLD,"más despacio, por favor",MWU_CHUNK,,,,,MWU_EXPRESSION_FREQUENCY,PENDING_PHRASE_QUERY_12B,,,,,NOT_YET_CLEARED_PER_MEASUREMENT,,NONE,FUTURE_WITHIN_A1_ORDERING_ONLY,Phase origin=6C. Must be queried as phrase/construction; component frequencies cannot substitute.,,1.30
FREQ-MWU-0202,ITEM_SCAFFOLD,"más alto, por favor",MWU_CHUNK,,,,,MWU_EXPRESSION_FREQUENCY,PENDING_PHRASE_QUERY_12B,,,,,NOT_YET_CLEARED_PER_MEASUREMENT,,NONE,FUTURE_WITHIN_A1_ORDERING_ONLY,Phase origin=6C. Must be queried as phrase/construction; component frequencies cannot substitute.,,1.30
FREQ-MWU-0203,ITEM_SCAFFOLD,¿puedes repetir?,MWU_CHUNK,,,,,MWU_EXPRESSION_FREQUENCY,PENDING_PHRASE_QUERY_12B,,,,,NOT_YET_CLEARED_PER_MEASUREMENT,,NONE,FUTURE_WITHIN_A1_ORDERING_ONLY,Phase origin=6C. Must be queried as phrase/construction; component frequencies cannot substitute.,,1.30
FREQ-MWU-0204,ITEM_SCAFFOLD,"sí, sí",MWU_CHUNK,,,,,MWU_EXPRESSION_FREQUENCY,PENDING_PHRASE_QUERY_12B,,,,,NOT_YET_CLEARED_PER_MEASUREMENT,,NONE,FUTURE_WITHIN_A1_ORDERING_ONLY,Phase origin=6C. Must be queried as phrase/construction; component frequencies cannot substitute.,,1.30
FREQ-MWU-0205,ITEM_SCAFFOLD,lo siento,MWU_CHUNK,,,,,MWU_EXPRESSION_FREQUENCY,PENDING_PHRASE_QUERY_12B,,,,,NOT_YET_CLEARED_PER_MEASUREMENT,,NONE,FUTURE_WITHIN_A1_ORDERING_ONLY,Phase origin=6C. Must be queried as phrase/construction; component frequencies cannot substitute.,,1.30
FREQ-MWU-0206,ITEM_SCAFFOLD,"sí, gracias",MWU_CHUNK,,,,,MWU_EXPRESSION_FREQUENCY,PENDING_PHRASE_QUERY_12B,,,,,NOT_YET_CLEARED_PER_MEASUREMENT,,NONE,FUTURE_WITHIN_A1_ORDERING_ONLY,Phase origin=6C. Must be queried as phrase/construction; component frequencies cannot substitute.,,1.30
FREQ-MWU-0207,ITEM_SCAFFOLD,"no, gracias",MWU_CHUNK,,,,,MWU_EXPRESSION_FREQUENCY,PENDING_PHRASE_QUERY_12B,,,,,NOT_YET_CLEARED_PER_MEASUREMENT,,NONE,FUTURE_WITHIN_A1_ORDERING_ONLY,Phase origin=6C. Must be queried as phrase/construction; component frequencies cannot substitute.,,1.30
FREQ-MWU-0208,ITEM_SCAFFOLD,buenos días,MWU_CHUNK,,,,,MWU_EXPRESSION_FREQUENCY,PENDING_PHRASE_QUERY_12B,,,,,NOT_YET_CLEARED_PER_MEASUREMENT,,NONE,FUTURE_WITHIN_A1_ORDERING_ONLY,Phase origin=6C. Must be queried as phrase/construction; component frequencies cannot substitute.,,1.30
FREQ-MWU-0209,ITEM_SCAFFOLD,buenas tardes,MWU_CHUNK,,,,,MWU_EXPRESSION_FREQUENCY,PENDING_PHRASE_QUERY_12B,,,,,NOT_YET_CLEARED_PER_MEASUREMENT,,NONE,FUTURE_WITHIN_A1_ORDERING_ONLY,Phase origin=6C. Must be queried as phrase/construction; component frequencies cannot substitute.,,1.30
FREQ-MWU-0210,ITEM_SCAFFOLD,buenas noches,MWU_CHUNK,,,,,MWU_EXPRESSION_FREQUENCY,PENDING_PHRASE_QUERY_12B,,,,,NOT_YET_CLEARED_PER_MEASUREMENT,,NONE,FUTURE_WITHIN_A1_ORDERING_ONLY,Phase origin=6C. Must be queried as phrase/construction; component frequencies cannot substitute.,,1.30
FREQ-MWU-0211,ITEM_SCAFFOLD,"hola, ¿qué tal?",MWU_CHUNK,,,,,MWU_EXPRESSION_FREQUENCY,PENDING_PHRASE_QUERY_12B,,,,,NOT_YET_CLEARED_PER_MEASUREMENT,,NONE,FUTURE_WITHIN_A1_ORDERING_ONLY,Phase origin=6C. Must be queried as phrase/construction; component frequencies cannot substitute.,,1.30
FREQ-MWU-0212,ITEM_SCAFFOLD,muchas gracias,MWU_CHUNK,,,,,MWU_EXPRESSION_FREQUENCY,PENDING_PHRASE_QUERY_12B,,,,,NOT_YET_CLEARED_PER_MEASUREMENT,,NONE,FUTURE_WITHIN_A1_ORDERING_ONLY,Phase origin=6C. Must be queried as phrase/construction; component frequencies cannot substitute.,,1.30
FREQ-MWU-0213,ITEM_SCAFFOLD,hasta mañana,MWU_CHUNK,,,,,MWU_EXPRESSION_FREQUENCY,PENDING_PHRASE_QUERY_12B,,,,,NOT_YET_CLEARED_PER_MEASUREMENT,,NONE,FUTURE_WITHIN_A1_ORDERING_ONLY,Phase origin=6C. Must be queried as phrase/construction; component frequencies cannot substitute.,,1.30
FREQ-MWU-0214,ITEM_SCAFFOLD,"sí, soy yo",MWU_CHUNK,,,,,MWU_EXPRESSION_FREQUENCY,PENDING_PHRASE_QUERY_12B,,,,,NOT_YET_CLEARED_PER_MEASUREMENT,,NONE,FUTURE_WITHIN_A1_ORDERING_ONLY,Phase origin=6C. Must be queried as phrase/construction; component frequencies cannot substitute.,,1.30
FREQ-SRC-001,SOURCE_PROFILE,,SOURCE,CORP-01,CORPES XXI v1.5,general+panhispanic+written+oral,SOURCE_SPECIFIC,surface/lemma frequency; country/area; written/oral; dispersion,SOURCE_AUDITED,,,,RESEARCH_QUERY_ONLY,RESEARCH_QUERY_ONLY,CRITICAL,NONE,CONTRAST_AND_PRIORITY_SIGNAL,"Operator/rightsholder=RAE/ASALE. Current v1.5 (2026-06) exceeds 455M orthographic forms; excellent panhispanic reference, but not a product-ingest source by default.",https://www.rae.es/banco-de-datos/corpes-xxi,1.30
FREQ-SRC-002,SOURCE_PROFILE,,SOURCE,CORP-02,PRESEEA,oral+sociolinguistic+regional,SOURCE_SPECIFIC,oral attestation; regional/social dispersion,SOURCE_AUDITED,,,,RESEARCH_ONLY_NC_ND,RESEARCH_ONLY_NC_ND,CRITICAL,NONE,CONTRAST_AND_PRIORITY_SIGNAL,Operator/rightsholder=PRESEEA. Useful for oral and regional validation; commercial use excluded under project terms.,https://preseea.uah.es/corpus-preseea,1.30
FREQ-SRC-003,SOURCE_PROFILE,,SOURCE,CORP-03,SUBTLEX-ESP,subtitle+conversational_proxy,SOURCE_SPECIFIC,surface frequency; contextual diversity where available,SOURCE_AUDITED,,,,LICENSE_HOLD,LICENSE_HOLD,HIGH,NONE,CONTRAST_AND_PRIORITY_SIGNAL,"Operator/rightsholder=Cuetos et al.. 41M-word subtitle corpus; strong psycholinguistic relevance, but exact dataset license must be verified before product ingestion.",https://biblio.ugent.be/publication/2001948,1.30
FREQ-SRC-004,SOURCE_PROFILE,,SOURCE,CORP-04,EsPal,written+web+subtitle+contextual_diversity,SOURCE_SPECIFIC,surface frequency; lemma/POS; contextual diversity,SOURCE_AUDITED,,,,RESEARCH_QUERY_ONLY_LICENSE_UNRESOLVED,RESEARCH_QUERY_ONLY_LICENSE_UNRESOLVED,HIGH,NONE,CONTRAST_AND_PRIORITY_SIGNAL,"Operator/rightsholder=BCBL / EsPal. Written database exposes 307,740,458 tokens and separate subtitle/contextual-diversity databases; queryable in bulk, but product redistribution license is unresolved.",https://www.bcbl.eu/databases/espal/,1.30
FREQ-SRC-005,SOURCE_PROFILE,,SOURCE,CORP-05,A Frequency Dictionary of Spanish 2e,multi-country_frequency_dictionary,SOURCE_SPECIFIC,lemma rank; thematic benchmark,SOURCE_AUDITED,,,,BENCHMARK_ONLY,BENCHMARK_ONLY,HIGH,NONE,CONTRAST_AND_PRIORITY_SIGNAL,Operator/rightsholder=Routledge / Davies & Davies. Commercial copyrighted reference; do not reconstruct or redistribute full rankings.,,1.30
FREQ-SRC-006,SOURCE_PROFILE,,SOURCE,CORP-06,Corpus del Español — Davies,web+dialect+genre,SOURCE_SPECIFIC,lemma/form frequency; country; genre; chronology,SOURCE_AUDITED,,,,RESEARCH_ONLY_PRODUCT_RESTRICTED,RESEARCH_ONLY_PRODUCT_RESTRICTED,CRITICAL,NONE,CONTRAST_AND_PRIORITY_SIGNAL,Operator/rightsholder=Mark Davies. Research benchmark only; prior rights audit excludes downloaded corpus data from commercial pipeline.,https://www.corpusdelespanol.org/,1.30
FREQ-SRC-007,SOURCE_PROFILE,,SOURCE,CORP-07,CEDEL2 v3,learner_written,SOURCE_SPECIFIC,learner production; L1/level distribution,SOURCE_AUDITED,,,,RESEARCH_ONLY_NC_ND,RESEARCH_ONLY_NC_ND,CRITICAL,NONE,CONTRAST_AND_PRIORITY_SIGNAL,"Operator/rightsholder=CEDEL2. Learner evidence, not native frequency; noncommercial/no-derivatives license.",https://cedel2.learnercorpora.com/,1.30
FREQ-SRC-008,SOURCE_PROFILE,,SOURCE,CORP-08,NIM,psycholinguistic+crosslinguistic,SOURCE_SPECIFIC,frequency/POS/neighborhood; crosslinguistic similarity,SOURCE_AUDITED,,,,LICENSE_HOLD,LICENSE_HOLD,HIGH,NONE,CONTRAST_AND_PRIORITY_SIGNAL,Operator/rightsholder=NIM / URV. Support for word properties and cognate operationalization; upstream dataset rights require verification.,https://psico.fcep.urv.cat/utilitats/nim/eng/about.php,1.30
FREQ-SRC-009,SOURCE_PROFILE,,SOURCE,CORP-09,CREA / historical RAE corpora,historical_comparison,SOURCE_SPECIFIC,historical frequency contrast,SOURCE_AUDITED,,,,RESEARCH_QUERY_ONLY,RESEARCH_QUERY_ONLY,HIGH,NONE,CONTRAST_AND_PRIORITY_SIGNAL,"Operator/rightsholder=RAE/ASALE. Historical comparator, not primary contemporary source.",https://www.rae.es/banco-de-datos/crea,1.30
FREQ-SRC-010,SOURCE_PROFILE,,SOURCE,CORP-10,OpenSLR SLR21,newswire,SOURCE_SPECIFIC,surface count/rank,SOURCE_AUDITED,,,,OPEN_CC_BY_SA_3_0,OPEN_CC_BY_SA_3_0,LOW,NONE,CONTRAST_AND_PRIORITY_SIGNAL,Operator/rightsholder=OpenSLR / Spanish Gigaword-derived list. 22 MB JSON word-frequency list; open commercial route with attribution/share-alike; strong newswire bias.,https://www.openslr.org/21/,1.30
FREQ-SRC-011,SOURCE_PROFILE,,SOURCE,CORP-11,Leipzig Corpora Collection,corpus_specific_general,SOURCE_SPECIFIC,frequency class; baseform where available,SOURCE_AUDITED,,,,OPEN_CC_BY_4_0_VERIFY_RELEASE,OPEN_CC_BY_4_0_VERIFY_RELEASE,LOW_MEDIUM,NONE,CONTRAST_AND_PRIORITY_SIGNAL,Operator/rightsholder=Universität Leipzig. API is CC BY 4.0; metrics are corpus-specific and exact corpus/release must be pinned.,https://api.wortschatz-leipzig.de/ws/swagger-ui/index.html,1.30
FREQ-SRC-012,SOURCE_PROFILE,,SOURCE,CORP-12,Sketch Engine,heterogeneous_corpora,SOURCE_SPECIFIC,lemma/POS; ngrams; frequency; MWU,SOURCE_AUDITED,,,,CONDITIONAL_PER_CORPUS,CONDITIONAL_PER_CORPUS,HIGH,NONE,CONTRAST_AND_PRIORITY_SIGNAL,"Operator/rightsholder=Lexical Computing + corpus owners. Tool/service, not a single rights-cleared corpus. Verify exact corpus and export rights.",https://www.sketchengine.eu/spanish-word-list/,1.30
FREQ-SRC-013,SOURCE_PROFILE,,SOURCE,CORP-13,"Oral frequency norms 67,979 Spanish words",oral_frequency_norms,SOURCE_SPECIFIC,oral frequency,SOURCE_AUDITED,,,,LICENSE_HOLD,LICENSE_HOLD,HIGH,NONE,CONTRAST_AND_PRIORITY_SIGNAL,Operator/rightsholder=Alonso et al.. Valuable oral-frequency comparator; dataset license to verify before ingestion.,https://pubmed.ncbi.nlm.nih.gov/21416306/,1.30
FREQ-SRC-014,SOURCE_PROFILE,,SOURCE,CORP-14,SPALEX,native_familiarity+lexical_decision,SOURCE_SPECIFIC,recognition/familiarity proxy; RT/accuracy,SOURCE_AUDITED,,,,OPEN_CANDIDATE_VERIFY_DATA_FILES,OPEN_CANDIDATE_VERIFY_DATA_FILES,MEDIUM,NONE,CONTRAST_AND_PRIORITY_SIGNAL,Operator/rightsholder=SPALEX authors / Frontiers. Not a corpus-frequency authority; useful independent familiarity/recognition signal.,https://www.frontiersin.org/journals/psychology/articles/10.3389/fpsyg.2018.02156/full,1.30
FREQ-SRC-015,SOURCE_PROFILE,,SOURCE,CORP-15,CORPEEU,US_Spanish_variation,SOURCE_SPECIFIC,US Spanish distribution,SOURCE_AUDITED,,,,RESEARCH_ONLY_CONSERVATIVE,RESEARCH_ONLY_CONSERVATIVE,HIGH,NONE,CONTRAST_AND_PRIORITY_SIGNAL,Operator/rightsholder=corpus project / PRESEEA context. Use as US-Spanish variation signal; keep outside universal-core ranking and commercial ingestion until terms are verified.,https://preseea.uah.es/corpus/,1.30
FREQ-SRC-016,SOURCE_PROFILE,,SOURCE,CORP-16,Wiktionary Spanish frequency lists,heterogeneous_aggregator,SOURCE_SPECIFIC,audit-only rank/frequency,SOURCE_AUDITED,,,,PER_LIST_LICENSE_REQUIRED,PER_LIST_LICENSE_REQUIRED,HIGH,NONE,CONTRAST_AND_PRIORITY_SIGNAL,Operator/rightsholder=Wikimedia + upstream list owners. Aggregator only; provenance and license must be checked for each individual list.,https://en.wiktionary.org/wiki/Wiktionary:Frequency_lists/Spanish,1.30
FREQ-SRC-017,SOURCE_PROFILE,,SOURCE,CORP-17,ELELex / CEFRLex,graded_L2_receptive,SOURCE_SPECIFIC,frequency by CEFR level; lemma/POS,SOURCE_AUDITED,,,,RESEARCH_TEACHING_NC_SA,RESEARCH_TEACHING_NC_SA,CRITICAL,NONE,CONTRAST_AND_PRIORITY_SIGNAL,"Operator/rightsholder=CENTAL UCLouvain. 14,290 lexical entries; L2 material exposure signal, not normative level; CC BY-NC-SA 4.0.",https://cental.uclouvain.be/cefrlex/elelex/download/,1.30
FREQ-SRC-018,SOURCE_PROFILE,,SOURCE,CORP-18,FrequencyWords / OpenSubtitles2018,subtitle_surface,SOURCE_SPECIFIC,surface count/rank,SOURCE_AUDITED,,,,OPEN_CC_BY_SA_4_0,OPEN_CC_BY_SA_4_0,LOW_MEDIUM,NONE,CONTRAST_AND_PRIORITY_SIGNAL,Operator/rightsholder=hermitdave/FrequencyWords. 50k/full surface lists from OpenSubtitles2018; open and reproducible but unlemmatized/noisy.,https://github.com/hermitdave/FrequencyWords,1.30
FREQ-METRIC-001,METRIC_DEFINITION,SURFACE_FREQ,METRIC,,,,,Raw visible-form frequency,DEFINED,,,SOURCE_SPECIFIC,,,,NONE,NORMALIZATION_SCHEMA,Count/rank of the exact orthographic surface. Never substitute for lemma frequency.,,1.30
FREQ-METRIC-002,METRIC_DEFINITION,LEMMA_FREQ,METRIC,,,,,Lemma frequency,DEFINED,,,SOURCE_SPECIFIC,,,,NONE,NORMALIZATION_SCHEMA,Aggregate inflectional forms only after Phase-14 lexical identity is stable.,,1.30
FREQ-METRIC-003,METRIC_DEFINITION,SUBTITLE_FREQ,METRIC,,,,,Subtitle/conversational-proxy frequency,DEFINED,,,SOURCE_SPECIFIC,,,,NONE,NORMALIZATION_SCHEMA,Useful for dialogue-like exposure; subtitle register has strong genre bias.,,1.30
FREQ-METRIC-004,METRIC_DEFINITION,ORAL_FREQ,METRIC,,,,,Oral frequency,DEFINED,,,SOURCE_SPECIFIC,,,,NONE,NORMALIZATION_SCHEMA,Separate from subtitle frequency; use true oral corpora/norms.,,1.30
FREQ-METRIC-005,METRIC_DEFINITION,WRITTEN_FREQ,METRIC,,,,,Written frequency,DEFINED,,,SOURCE_SPECIFIC,,,,NONE,NORMALIZATION_SCHEMA,General/web/news/literary written evidence; register must remain explicit.,,1.30
FREQ-METRIC-006,METRIC_DEFINITION,CONTEXTUAL_DIVERSITY,METRIC,,,,,Context/document dispersion,DEFINED,,,SOURCE_SPECIFIC,,,,NONE,NORMALIZATION_SCHEMA,"Number/proportion of independent documents/films/contexts, preferred over count alone when available.",,1.30
FREQ-METRIC-007,METRIC_DEFINITION,GEOGRAPHIC_DISPERSION,METRIC,,,,,Country/area dispersion,DEFINED,,,SOURCE_SPECIFIC,,,,NONE,NORMALIZATION_SCHEMA,Panhispanic distribution; do not infer from a globally aggregated corpus.,,1.30
FREQ-METRIC-008,METRIC_DEFINITION,REGISTER_DISPERSION,METRIC,,,,,Register dispersion,DEFINED,,,SOURCE_SPECIFIC,,,,NONE,NORMALIZATION_SCHEMA,Presence across oral/written/news/subtitle/etc.,,1.30
FREQ-METRIC-009,METRIC_DEFINITION,L2_A1_EXPOSURE,METRIC,,,,,A1 material exposure,DEFINED,,,SOURCE_SPECIFIC,,,,NONE,NORMALIZATION_SCHEMA,ELELex-type evidence: attested frequency in graded L2 materials; not normative membership.,,1.30
FREQ-METRIC-010,METRIC_DEFINITION,LEARNER_PRODUCTION,METRIC,,,,,Learner production evidence,DEFINED,,,SOURCE_SPECIFIC,,,,NONE,NORMALIZATION_SCHEMA,"CEDEL2-type evidence; developmental observation, not native utility.",,1.30
FREQ-METRIC-011,METRIC_DEFINITION,FAMILIARITY_RECOGNITION,METRIC,,,,,Native familiarity/recognition,DEFINED,,,SOURCE_SPECIFIC,,,,NONE,NORMALIZATION_SCHEMA,SPALEX/psycholinguistic support; distinct from corpus frequency.,,1.30
FREQ-METRIC-012,METRIC_DEFINITION,COMMUNICATIVE_CENTRALITY,METRIC,,,,,Internal curricular centrality,DEFINED,,,SOURCE_SPECIFIC,,,,NONE,NORMALIZATION_SCHEMA,Number/diversity of independent A1 functions/domains/assertions that need the unit.,,1.30
FREQ-GATE-001,GATE_RULE,FREQ_NOT_LEVEL,RULE,,,,,,ACTIVE,,,,,,,PROHIBITS_AUTOMATIC_LEVEL_CHANGE,QUALITY_GATE,Frequency may reprioritize an accepted A1 item or flag a gap; it cannot promote an item to A1 by itself.,,1.30
FREQ-GATE-002,GATE_RULE,NO_SINGLE_CORPUS_SCORE,RULE,,,,,,ACTIVE,,,,,,,PROHIBITS_AUTOMATIC_LEVEL_CHANGE,QUALITY_GATE,No single corpus rank becomes a universal utility score.,,1.30
FREQ-GATE-003,GATE_RULE,SURFACE_NOT_LEMMA,RULE,,,,,,ACTIVE,,,,,,,PROHIBITS_AUTOMATIC_LEVEL_CHANGE,QUALITY_GATE,Surface counts remain surface counts until lexical normalization.,,1.30
FREQ-GATE-004,GATE_RULE,MWU_QUERY_SEPARATE,RULE,,,,,,ACTIVE,,,,,,,PROHIBITS_AUTOMATIC_LEVEL_CHANGE,QUALITY_GATE,"MWU frequency must be queried as an expression/construction, not estimated from component-word frequencies.",,1.30
FREQ-GATE-005,GATE_RULE,REGISTER_VISIBLE,RULE,,,,,,ACTIVE,,,,,,,PROHIBITS_AUTOMATIC_LEVEL_CHANGE,QUALITY_GATE,Every quantitative observation must retain corpus/register identity.,,1.30
FREQ-GATE-006,GATE_RULE,REGION_VISIBLE,RULE,,,,,,ACTIVE,,,,,,,PROHIBITS_AUTOMATIC_LEVEL_CHANGE,QUALITY_GATE,Every regional observation must retain geographic scope.,,1.30
FREQ-GATE-007,GATE_RULE,DISPERSION_SEPARATE,RULE,,,,,,ACTIVE,,,,,,,PROHIBITS_AUTOMATIC_LEVEL_CHANGE,QUALITY_GATE,Frequency and dispersion are stored as separate variables.,,1.30
FREQ-GATE-008,GATE_RULE,NC_NOT_PRODUCT,RULE,,,,,,ACTIVE,,,,,,,PROHIBITS_AUTOMATIC_LEVEL_CHANGE,QUALITY_GATE,Noncommercial datasets may inform research but cannot feed the commercial distributable data layer.,,1.30
FREQ-GATE-009,GATE_RULE,SA_BOUNDARY,RULE,,,,,,ACTIVE,,,,,,,PROHIBITS_AUTOMATIC_LEVEL_CHANGE,QUALITY_GATE,Share-alike datasets must remain provenance-separable so redistribution obligations can be honored.,,1.30
FREQ-GATE-010,GATE_RULE,MISSING_IS_MISSING,RULE,,,,,,ACTIVE,,,,,,,PROHIBITS_AUTOMATIC_LEVEL_CHANGE,QUALITY_GATE,"No hit or inaccessible source is NA/PENDING, never frequency zero unless the corpus query proves zero.",,1.30
FREQ-GATE-011,GATE_RULE,NO_INTUITIVE_UTILITY,RULE,,,,,,ACTIVE,,,,,,,PROHIBITS_AUTOMATIC_LEVEL_CHANGE,QUALITY_GATE,"Communicative usefulness must be traceable to CEFR/PCIC/functions/tasks, not editor intuition alone.",,1.30
