record_id,item,object_type,measurement_source_id,measurement_source_name,source_version,measurement_dimension,measurement_status,raw_occurrence_count,rank_in_top50k,top50k_match_status,matching_method,consulted_at,normalization_candidate,normalization_candidate_raw_occurrence_count,normalization_candidate_rank_in_top50k,normalization_review_reason,curricular_variant_status,scan_verified_through_rank,normalized_frequency,normalized_frequency_unit,source_register,source_year,source_data_origin,license,commercial_use_status,level_effect,priority_effect_status,source_url,evidence_url,notes,curriculum_version
12B1-ATOM-0001,a,ATOMIC_SURFACE_FORM,CORP-18,FrequencyWords / OpenSubtitles2018 Spanish 50k,FrequencyWords content/2018/es/es_50k.txt (OpenSubtitles2018-derived),SURFACE_SUBTITLE_OCCURRENCE_COUNT_AND_RANK,MEASURED_EXACT_SURFACE,9549646,4,FOUND_TOP50K,EXACT_CASE_SENSITIVE_SURFACE_TOKEN,2026-09-04,,,,,NONE_OR_NOT_ANNOTATED_IN_THIS_PASS,FULL_TOP50K_EXACT_LOOKUP_50000,,NOT_CALCULATED_DENOMINATOR_NOT_FIXED,SUBTITLE_AUDIOVISUAL,2018,OpenSubtitles2018 via FrequencyWords processing,CC BY-SA 4.0 content,ALLOWED_WITH_ATTRIBUTION_AND_SHAREALIKE_BOUNDARY,NONE_FREQUENCY_DOES_NOT_SET_LEVEL,QUANT_SIGNAL_AVAILABLE_NOT_YET_COMPOSITE_SCORED,https://github.com/hermitdave/FrequencyWords/blob/master/content/2018/es/es_50k.txt,https://raw.githubusercontent.com/hermitdave/FrequencyWords/refs/heads/master/content/2018/es/es_50k.txt,Full continuous top-50k exact surface sweep completed on 2026-09-04. Frequency is quantitative evidence only and does not set CEFR level.,1.32
12B1-ATOM-0002,abierto,ATOMIC_SURFACE_FORM,CORP-18,FrequencyWords / OpenSubtitles2018 Spanish 50k,FrequencyWords content/2018/es/es_50k.txt (OpenSubtitles2018-derived),SURFACE_SUBTITLE_OCCURRENCE_COUNT_AND_RANK,MEASURED_EXACT_SURFACE,19934,1714,FOUND_TOP50K,EXACT_CASE_SENSITIVE_SURFACE_TOKEN,2026-09-04,,,,,NONE_OR_NOT_ANNOTATED_IN_THIS_PASS,FULL_TOP50K_EXACT_LOOKUP_50000,,NOT_CALCULATED_DENOMINATOR_NOT_FIXED,SUBTITLE_AUDIOVISUAL,2018,OpenSubtitles2018 via FrequencyWords processing,CC BY-SA 4.0 content,ALLOWED_WITH_ATTRIBUTION_AND_SHAREALIKE_BOUNDARY,NONE_FREQUENCY_DOES_NOT_SET_LEVEL,QUANT_SIGNAL_AVAILABLE_NOT_YET_COMPOSITE_SCORED,https://github.com/hermitdave/FrequencyWords/blob/master/content/2018/es/es_50k.txt,https://raw.githubusercontent.com/hermitdave/FrequencyWords/refs/heads/master/content/2018/es/es_50k.txt,Full continuous top-50k exact surface sweep completed on 2026-09-04. Frequency is quantitative evidence only and does not set CEFR level.,1.32
12B1-ATOM-0003,abogado,ATOMIC_SURFACE_FORM,CORP-18,FrequencyWords / OpenSubtitles2018 Spanish 50k,FrequencyWords content/2018/es/es_50k.txt (OpenSubtitles2018-derived),SURFACE_SUBTITLE_OCCURRENCE_COUNT_AND_RANK,MEASURED_EXACT_SURFACE,48914,768,FOUND_TOP50K,EXACT_CASE_SENSITIVE_SURFACE_TOKEN,2026-09-04,,,,,NONE_OR_NOT_ANNOTATED_IN_THIS_PASS,FULL_TOP50K_EXACT_LOOKUP_50000,,NOT_CALCULATED_DENOMINATOR_NOT_FIXED,SUBTITLE_AUDIOVISUAL,2018,OpenSubtitles2018 via FrequencyWords processing,CC BY-SA 4.0 content,ALLOWED_WITH_ATTRIBUTION_AND_SHAREALIKE_BOUNDARY,NONE_FREQUENCY_DOES_NOT_SET_LEVEL,QUANT_SIGNAL_AVAILABLE_NOT_YET_COMPOSITE_SCORED,https://github.com/hermitdave/FrequencyWords/blob/master/content/2018/es/es_50k.txt,https://raw.githubusercontent.com/hermitdave/FrequencyWords/refs/heads/master/content/2018/es/es_50k.txt,Full continuous top-50k exact surface sweep completed on 2026-09-04. Frequency is quantitative evidence only and does not set CEFR level.,1.32
12B1-ATOM-0004,abrir,ATOMIC_SURFACE_FORM,CORP-18,FrequencyWords / OpenSubtitles2018 Spanish 50k,FrequencyWords content/2018/es/es_50k.txt (OpenSubtitles2018-derived),SURFACE_SUBTITLE_OCCURRENCE_COUNT_AND_RANK,MEASURED_EXACT_SURFACE,28090,1261,FOUND_TOP50K,EXACT_CASE_SENSITIVE_SURFACE_TOKEN,2026-09-04,,,,,NONE_OR_NOT_ANNOTATED_IN_THIS_PASS,FULL_TOP50K_EXACT_LOOKUP_50000,,NOT_CALCULATED_DENOMINATOR_NOT_FIXED,SUBTITLE_AUDIOVISUAL,2018,OpenSubtitles2018 via FrequencyWords processing,CC BY-SA 4.0 content,ALLOWED_WITH_ATTRIBUTION_AND_SHAREALIKE_BOUNDARY,NONE_FREQUENCY_DOES_NOT_SET_LEVEL,QUANT_SIGNAL_AVAILABLE_NOT_YET_COMPOSITE_SCORED,https://github.com/hermitdave/FrequencyWords/blob/master/content/2018/es/es_50k.txt,https://raw.githubusercontent.com/hermitdave/FrequencyWords/refs/heads/master/content/2018/es/es_50k.txt,Full continuous top-50k exact surface sweep completed on 2026-09-04. Frequency is quantitative evidence only and does not set CEFR level.,1.32
12B1-ATOM-0005,abuelo,ATOMIC_SURFACE_FORM,CORP-18,FrequencyWords / OpenSubtitles2018 Spanish 50k,FrequencyWords content/2018/es/es_50k.txt (OpenSubtitles2018-derived),SURFACE_SUBTITLE_OCCURRENCE_COUNT_AND_RANK,MEASURED_EXACT_SURFACE,37062,980,FOUND_TOP50K,EXACT_CASE_SENSITIVE_SURFACE_TOKEN,2026-09-04,,,,,NONE_OR_NOT_ANNOTATED_IN_THIS_PASS,FULL_TOP50K_EXACT_LOOKUP_50000,,NOT_CALCULATED_DENOMINATOR_NOT_FIXED,SUBTITLE_AUDIOVISUAL,2018,OpenSubtitles2018 via FrequencyWords processing,CC BY-SA 4.0 content,ALLOWED_WITH_ATTRIBUTION_AND_SHAREALIKE_BOUNDARY,NONE_FREQUENCY_DOES_NOT_SET_LEVEL,QUANT_SIGNAL_AVAILABLE_NOT_YET_COMPOSITE_SCORED,https://github.com/hermitdave/FrequencyWords/blob/master/content/2018/es/es_50k.txt,https://raw.githubusercontent.com/hermitdave/FrequencyWords/refs/heads/master/content/2018/es/es_50k.txt,Full continuous top-50k exact surface sweep completed on 2026-09-04. Frequency is quantitative evidence only and does not set CEFR level.,1.32
12B1-ATOM-0006,acondicionado,ATOMIC_SURFACE_FORM,CORP-18,FrequencyWords / OpenSubtitles2018 Spanish 50k,FrequencyWords content/2018/es/es_50k.txt (OpenSubtitles2018-derived),SURFACE_SUBTITLE_OCCURRENCE_COUNT_AND_RANK,MEASURED_EXACT_SURFACE,3167,7895,FOUND_TOP50K,EXACT_CASE_SENSITIVE_SURFACE_TOKEN,2026-09-04,,,,,NONE_OR_NOT_ANNOTATED_IN_THIS_PASS,FULL_TOP50K_EXACT_LOOKUP_50000,,NOT_CALCULATED_DENOMINATOR_NOT_FIXED,SUBTITLE_AUDIOVISUAL,2018,OpenSubtitles2018 via FrequencyWords processing,CC BY-SA 4.0 content,ALLOWED_WITH_ATTRIBUTION_AND_SHAREALIKE_BOUNDARY,NONE_FREQUENCY_DOES_NOT_SET_LEVEL,QUANT_SIGNAL_AVAILABLE_NOT_YET_COMPOSITE_SCORED,https://github.com/hermitdave/FrequencyWords/blob/master/content/2018/es/es_50k.txt,https://raw.githubusercontent.com/hermitdave/FrequencyWords/refs/heads/master/content/2018/es/es_50k.txt,Full continuous top-50k exact surface sweep completed on 2026-09-04. Frequency is quantitative evidence only and does not set CEFR level.,1.32
12B1-ATOM-0007,actividad,ATOMIC_SURFACE_FORM,CORP-18,FrequencyWords / OpenSubtitles2018 Spanish 50k,FrequencyWords content/2018/es/es_50k.txt (OpenSubtitles2018-derived),SURFACE_SUBTITLE_OCCURRENCE_COUNT_AND_RANK,MEASURED_EXACT_SURFACE,8392,3612,FOUND_TOP50K,EXACT_CASE_SENSITIVE_SURFACE_TOKEN,2026-09-04,,,,,NONE_OR_NOT_ANNOTATED_IN_THIS_PASS,FULL_TOP50K_EXACT_LOOKUP_50000,,NOT_CALCULATED_DENOMINATOR_NOT_FIXED,SUBTITLE_AUDIOVISUAL,2018,OpenSubtitles2018 via FrequencyWords processing,CC BY-SA 4.0 content,ALLOWED_WITH_ATTRIBUTION_AND_SHAREALIKE_BOUNDARY,NONE_FREQUENCY_DOES_NOT_SET_LEVEL,QUANT_SIGNAL_AVAILABLE_NOT_YET_COMPOSITE_SCORED,https://github.com/hermitdave/FrequencyWords/blob/master/content/2018/es/es_50k.txt,https://raw.githubusercontent.com/hermitdave/FrequencyWords/refs/heads/master/content/2018/es/es_50k.txt,Full continuous top-50k exact surface sweep completed on 2026-09-04. Frequency is quantitative evidence only and does not set CEFR level.,1.32
12B1-ATOM-0008,actor,ATOMIC_SURFACE_FORM,CORP-18,FrequencyWords / OpenSubtitles2018 Spanish 50k,FrequencyWords content/2018/es/es_50k.txt (OpenSubtitles2018-derived),SURFACE_SUBTITLE_OCCURRENCE_COUNT_AND_RANK,MEASURED_EXACT_SURFACE,11282,2828,FOUND_TOP50K,EXACT_CASE_SENSITIVE_SURFACE_TOKEN,2026-09-04,,,,,NONE_OR_NOT_ANNOTATED_IN_THIS_PASS,FULL_TOP50K_EXACT_LOOKUP_50000,,NOT_CALCULATED_DENOMINATOR_NOT_FIXED,SUBTITLE_AUDIOVISUAL,2018,OpenSubtitles2018 via FrequencyWords processing,CC BY-SA 4.0 content,ALLOWED_WITH_ATTRIBUTION_AND_SHAREALIKE_BOUNDARY,NONE_FREQUENCY_DOES_NOT_SET_LEVEL,QUANT_SIGNAL_AVAILABLE_NOT_YET_COMPOSITE_SCORED,https://github.com/hermitdave/FrequencyWords/blob/master/content/2018/es/es_50k.txt,https://raw.githubusercontent.com/hermitdave/FrequencyWords/refs/heads/master/content/2018/es/es_50k.txt,Full continuous top-50k exact surface sweep completed on 2026-09-04. Frequency is quantitative evidence only and does not set CEFR level.,1.32
12B1-ATOM-0009,actriz,ATOMIC_SURFACE_FORM,CORP-18,FrequencyWords / OpenSubtitles2018 Spanish 50k,FrequencyWords content/2018/es/es_50k.txt (OpenSubtitles2018-derived),SURFACE_SUBTITLE_OCCURRENCE_COUNT_AND_RANK,MEASURED_EXACT_SURFACE,8190,3687,FOUND_TOP50K,EXACT_CASE_SENSITIVE_SURFACE_TOKEN,2026-09-04,,,,,NONE_OR_NOT_ANNOTATED_IN_THIS_PASS,FULL_TOP50K_EXACT_LOOKUP_50000,,NOT_CALCULATED_DENOMINATOR_NOT_FIXED,SUBTITLE_AUDIOVISUAL,2018,OpenSubtitles2018 via FrequencyWords processing,CC BY-SA 4.0 content,ALLOWED_WITH_ATTRIBUTION_AND_SHAREALIKE_BOUNDARY,NONE_FREQUENCY_DOES_NOT_SET_LEVEL,QUANT_SIGNAL_AVAILABLE_NOT_YET_COMPOSITE_SCORED,https://github.com/hermitdave/FrequencyWords/blob/master/content/2018/es/es_50k.txt,https://raw.githubusercontent.com/hermitdave/FrequencyWords/refs/heads/master/content/2018/es/es_50k.txt,Full continuous top-50k exact surface sweep completed on 2026-09-04. Frequency is quantitative evidence only and does not set CEFR level.,1.32
12B1-ATOM-0010,acá,ATOMIC_SURFACE_FORM,CORP-18,FrequencyWords / OpenSubtitles2018 Spanish 50k,FrequencyWords content/2018/es/es_50k.txt (OpenSubtitles2018-derived),SURFACE_SUBTITLE_OCCURRENCE_COUNT_AND_RANK,MEASURED_EXACT_SURFACE,41151,896,FOUND_TOP50K,EXACT_CASE_SENSITIVE_SURFACE_TOKEN,2026-09-04,,,,,REGIONAL_VARIANT_ALREADY_PRESENT_PCIC,FULL_TOP50K_EXACT_LOOKUP_50000,,NOT_CALCULATED_DENOMINATOR_NOT_FIXED,SUBTITLE_AUDIOVISUAL,2018,OpenSubtitles2018 via FrequencyWords processing,CC BY-SA 4.0 content,ALLOWED_WITH_ATTRIBUTION_AND_SHAREALIKE_BOUNDARY,NONE_FREQUENCY_DOES_NOT_SET_LEVEL,QUANT_SIGNAL_AVAILABLE_NOT_YET_COMPOSITE_SCORED,https://github.com/hermitdave/FrequencyWords/blob/master/content/2018/es/es_50k.txt,https://raw.githubusercontent.com/hermitdave/FrequencyWords/refs/heads/master/content/2018/es/es_50k.txt,Full continuous top-50k exact surface sweep completed on 2026-09-04. Frequency is quantitative evidence only and does not set CEFR level.,1.32
12B1-ATOM-0011,adiós,ATOMIC_SURFACE_FORM,CORP-18,FrequencyWords / OpenSubtitles2018 Spanish 50k,FrequencyWords content/2018/es/es_50k.txt (OpenSubtitles2018-derived),SURFACE_SUBTITLE_OCCURRENCE_COUNT_AND_RANK,MEASURED_EXACT_SURFACE,143677,297,FOUND_TOP50K,EXACT_CASE_SENSITIVE_SURFACE_TOKEN,2026-09-04,,,,,NONE_OR_NOT_ANNOTATED_IN_THIS_PASS,FULL_TOP50K_EXACT_LOOKUP_50000,,NOT_CALCULATED_DENOMINATOR_NOT_FIXED,SUBTITLE_AUDIOVISUAL,2018,OpenSubtitles2018 via FrequencyWords processing,CC BY-SA 4.0 content,ALLOWED_WITH_ATTRIBUTION_AND_SHAREALIKE_BOUNDARY,NONE_FREQUENCY_DOES_NOT_SET_LEVEL,QUANT_SIGNAL_AVAILABLE_NOT_YET_COMPOSITE_SCORED,https://github.com/hermitdave/FrequencyWords/blob/master/content/2018/es/es_50k.txt,https://raw.githubusercontent.com/hermitdave/FrequencyWords/refs/heads/master/content/2018/es/es_50k.txt,Full continuous top-50k exact surface sweep completed on 2026-09-04. Frequency is quantitative evidence only and does not set CEFR level.,1.32
12B1-ATOM-0012,aeropuerto,ATOMIC_SURFACE_FORM,CORP-18,FrequencyWords / OpenSubtitles2018 Spanish 50k,FrequencyWords content/2018/es/es_50k.txt (OpenSubtitles2018-derived),SURFACE_SUBTITLE_OCCURRENCE_COUNT_AND_RANK,MEASURED_EXACT_SURFACE,16235,2069,FOUND_TOP50K,EXACT_CASE_SENSITIVE_SURFACE_TOKEN,2026-09-04,,,,,NONE_OR_NOT_ANNOTATED_IN_THIS_PASS,FULL_TOP50K_EXACT_LOOKUP_50000,,NOT_CALCULATED_DENOMINATOR_NOT_FIXED,SUBTITLE_AUDIOVISUAL,2018,OpenSubtitles2018 via FrequencyWords processing,CC BY-SA 4.0 content,ALLOWED_WITH_ATTRIBUTION_AND_SHAREALIKE_BOUNDARY,NONE_FREQUENCY_DOES_NOT_SET_LEVEL,QUANT_SIGNAL_AVAILABLE_NOT_YET_COMPOSITE_SCORED,https://github.com/hermitdave/FrequencyWords/blob/master/content/2018/es/es_50k.txt,https://raw.githubusercontent.com/hermitdave/FrequencyWords/refs/heads/master/content/2018/es/es_50k.txt,Full continuous top-50k exact surface sweep completed on 2026-09-04. Frequency is quantitative evidence only and does not set CEFR level.,1.32
12B1-ATOM-0013,agua,ATOMIC_SURFACE_FORM,CORP-18,FrequencyWords / OpenSubtitles2018 Spanish 50k,FrequencyWords content/2018/es/es_50k.txt (OpenSubtitles2018-derived),SURFACE_SUBTITLE_OCCURRENCE_COUNT_AND_RANK,MEASURED_EXACT_SURFACE,117654,358,FOUND_TOP50K,EXACT_CASE_SENSITIVE_SURFACE_TOKEN,2026-09-04,,,,,NONE_OR_NOT_ANNOTATED_IN_THIS_PASS,FULL_TOP50K_EXACT_LOOKUP_50000,,NOT_CALCULATED_DENOMINATOR_NOT_FIXED,SUBTITLE_AUDIOVISUAL,2018,OpenSubtitles2018 via FrequencyWords processing,CC BY-SA 4.0 content,ALLOWED_WITH_ATTRIBUTION_AND_SHAREALIKE_BOUNDARY,NONE_FREQUENCY_DOES_NOT_SET_LEVEL,QUANT_SIGNAL_AVAILABLE_NOT_YET_COMPOSITE_SCORED,https://github.com/hermitdave/FrequencyWords/blob/master/content/2018/es/es_50k.txt,https://raw.githubusercontent.com/hermitdave/FrequencyWords/refs/heads/master/content/2018/es/es_50k.txt,Full continuous top-50k exact surface sweep completed on 2026-09-04. Frequency is quantitative evidence only and does not set CEFR level.,1.32
12B1-ATOM-0014,ahora,ATOMIC_SURFACE_FORM,CORP-18,FrequencyWords / OpenSubtitles2018 Spanish 50k,FrequencyWords content/2018/es/es_50k.txt (OpenSubtitles2018-derived),SURFACE_SUBTITLE_OCCURRENCE_COUNT_AND_RANK,MEASURED_EXACT_SURFACE,1088174,42,FOUND_TOP50K,EXACT_CASE_SENSITIVE_SURFACE_TOKEN,2026-09-04,,,,,NONE_OR_NOT_ANNOTATED_IN_THIS_PASS,FULL_TOP50K_EXACT_LOOKUP_50000,,NOT_CALCULATED_DENOMINATOR_NOT_FIXED,SUBTITLE_AUDIOVISUAL,2018,OpenSubtitles2018 via FrequencyWords processing,CC BY-SA 4.0 content,ALLOWED_WITH_ATTRIBUTION_AND_SHAREALIKE_BOUNDARY,NONE_FREQUENCY_DOES_NOT_SET_LEVEL,QUANT_SIGNAL_AVAILABLE_NOT_YET_COMPOSITE_SCORED,https://github.com/hermitdave/FrequencyWords/blob/master/content/2018/es/es_50k.txt,https://raw.githubusercontent.com/hermitdave/FrequencyWords/refs/heads/master/content/2018/es/es_50k.txt,Full continuous top-50k exact surface sweep completed on 2026-09-04. Frequency is quantitative evidence only and does not set CEFR level.,1.32
12B1-ATOM-0015,ahoy,ATOMIC_SURFACE_FORM,CORP-18,FrequencyWords / OpenSubtitles2018 Spanish 50k,FrequencyWords content/2018/es/es_50k.txt (OpenSubtitles2018-derived),SURFACE_SUBTITLE_OCCURRENCE_COUNT_AND_RANK,NOT_FOUND_TOP50K_EXACT_SURFACE,,,NOT_FOUND_TOP50K,EXACT_CASE_SENSITIVE_SURFACE_TOKEN_FULL_SCAN,2026-09-04,,,,,PCIC_EXPLICIT_REGIONAL_USAGE,FULL_TOP50K_EXACT_LOOKUP_50000,,NOT_CALCULATED_DENOMINATOR_NOT_FIXED,SUBTITLE_AUDIOVISUAL,2018,OpenSubtitles2018 via FrequencyWords processing,CC BY-SA 4.0 content,ALLOWED_WITH_ATTRIBUTION_AND_SHAREALIKE_BOUNDARY,NONE_FREQUENCY_DOES_NOT_SET_LEVEL,NO_QUANT_SIGNAL_FROM_THIS_SOURCE_NOT_ZERO,https://github.com/hermitdave/FrequencyWords/blob/master/content/2018/es/es_50k.txt,https://raw.githubusercontent.com/hermitdave/FrequencyWords/refs/heads/master/content/2018/es/es_50k.txt,Full continuous top-50k exact surface sweep completed on 2026-09-04. Frequency is quantitative evidence only and does not set CEFR level. Exact absence in this top-50k list is NOT frequency zero and does not alter the curricular level.,1.32
12B1-ATOM-0016,ahí,ATOMIC_SURFACE_FORM,CORP-18,FrequencyWords / OpenSubtitles2018 Spanish 50k,FrequencyWords content/2018/es/es_50k.txt (OpenSubtitles2018-derived),SURFACE_SUBTITLE_OCCURRENCE_COUNT_AND_RANK,MEASURED_EXACT_SURFACE,422871,127,FOUND_TOP50K,EXACT_CASE_SENSITIVE_SURFACE_TOKEN,2026-09-04,,,,,NONE_OR_NOT_ANNOTATED_IN_THIS_PASS,FULL_TOP50K_EXACT_LOOKUP_50000,,NOT_CALCULATED_DENOMINATOR_NOT_FIXED,SUBTITLE_AUDIOVISUAL,2018,OpenSubtitles2018 via FrequencyWords processing,CC BY-SA 4.0 content,ALLOWED_WITH_ATTRIBUTION_AND_SHAREALIKE_BOUNDARY,NONE_FREQUENCY_DOES_NOT_SET_LEVEL,QUANT_SIGNAL_AVAILABLE_NOT_YET_COMPOSITE_SCORED,https://github.com/hermitdave/FrequencyWords/blob/master/content/2018/es/es_50k.txt,https://raw.githubusercontent.com/hermitdave/FrequencyWords/refs/heads/master/content/2018/es/es_50k.txt,Full continuous top-50k exact surface sweep completed on 2026-09-04. Frequency is quantitative evidence only and does not set CEFR level.,1.32
12B1-ATOM-0017,aire,ATOMIC_SURFACE_FORM,CORP-18,FrequencyWords / OpenSubtitles2018 Spanish 50k,FrequencyWords content/2018/es/es_50k.txt (OpenSubtitles2018-derived),SURFACE_SUBTITLE_OCCURRENCE_COUNT_AND_RANK,MEASURED_EXACT_SURFACE,50788,742,FOUND_TOP50K,EXACT_CASE_SENSITIVE_SURFACE_TOKEN,2026-09-04,,,,,NONE_OR_NOT_ANNOTATED_IN_THIS_PASS,FULL_TOP50K_EXACT_LOOKUP_50000,,NOT_CALCULATED_DENOMINATOR_NOT_FIXED,SUBTITLE_AUDIOVISUAL,2018,OpenSubtitles2018 via FrequencyWords processing,CC BY-SA 4.0 content,ALLOWED_WITH_ATTRIBUTION_AND_SHAREALIKE_BOUNDARY,NONE_FREQUENCY_DOES_NOT_SET_LEVEL,QUANT_SIGNAL_AVAILABLE_NOT_YET_COMPOSITE_SCORED,https://github.com/hermitdave/FrequencyWords/blob/master/content/2018/es/es_50k.txt,https://raw.githubusercontent.com/hermitdave/FrequencyWords/refs/heads/master/content/2018/es/es_50k.txt,Full continuous top-50k exact surface sweep completed on 2026-09-04. Frequency is quantitative evidence only and does not set CEFR level.,1.32
12B1-ATOM-0018,al,ATOMIC_SURFACE_FORM,CORP-18,FrequencyWords / OpenSubtitles2018 Spanish 50k,FrequencyWords content/2018/es/es_50k.txt (OpenSubtitles2018-derived),SURFACE_SUBTITLE_OCCURRENCE_COUNT_AND_RANK,MEASURED_EXACT_SURFACE,1549489,35,FOUND_TOP50K,EXACT_CASE_SENSITIVE_SURFACE_TOKEN,2026-09-04,,,,,NONE_OR_NOT_ANNOTATED_IN_THIS_PASS,FULL_TOP50K_EXACT_LOOKUP_50000,,NOT_CALCULATED_DENOMINATOR_NOT_FIXED,SUBTITLE_AUDIOVISUAL,2018,OpenSubtitles2018 via FrequencyWords processing,CC BY-SA 4.0 content,ALLOWED_WITH_ATTRIBUTION_AND_SHAREALIKE_BOUNDARY,NONE_FREQUENCY_DOES_NOT_SET_LEVEL,QUANT_SIGNAL_AVAILABLE_NOT_YET_COMPOSITE_SCORED,https://github.com/hermitdave/FrequencyWords/blob/master/content/2018/es/es_50k.txt,https://raw.githubusercontent.com/hermitdave/FrequencyWords/refs/heads/master/content/2018/es/es_50k.txt,Full continuous top-50k exact surface sweep completed on 2026-09-04. Frequency is quantitative evidence only and does not set CEFR level.,1.32
12B1-ATOM-0019,alegre,ATOMIC_SURFACE_FORM,CORP-18,FrequencyWords / OpenSubtitles2018 Spanish 50k,FrequencyWords content/2018/es/es_50k.txt (OpenSubtitles2018-derived),SURFACE_SUBTITLE_OCCURRENCE_COUNT_AND_RANK,MEASURED_EXACT_SURFACE,7790,3822,FOUND_TOP50K,EXACT_CASE_SENSITIVE_SURFACE_TOKEN,2026-09-04,,,,,NONE_OR_NOT_ANNOTATED_IN_THIS_PASS,FULL_TOP50K_EXACT_LOOKUP_50000,,NOT_CALCULATED_DENOMINATOR_NOT_FIXED,SUBTITLE_AUDIOVISUAL,2018,OpenSubtitles2018 via FrequencyWords processing,CC BY-SA 4.0 content,ALLOWED_WITH_ATTRIBUTION_AND_SHAREALIKE_BOUNDARY,NONE_FREQUENCY_DOES_NOT_SET_LEVEL,QUANT_SIGNAL_AVAILABLE_NOT_YET_COMPOSITE_SCORED,https://github.com/hermitdave/FrequencyWords/blob/master/content/2018/es/es_50k.txt,https://raw.githubusercontent.com/hermitdave/FrequencyWords/refs/heads/master/content/2018/es/es_50k.txt,Full continuous top-50k exact surface sweep completed on 2026-09-04. Frequency is quantitative evidence only and does not set CEFR level.,1.32
12B1-ATOM-0020,alemán,ATOMIC_SURFACE_FORM,CORP-18,FrequencyWords / OpenSubtitles2018 Spanish 50k,FrequencyWords content/2018/es/es_50k.txt (OpenSubtitles2018-derived),SURFACE_SUBTITLE_OCCURRENCE_COUNT_AND_RANK,MEASURED_EXACT_SURFACE,12091,2671,FOUND_TOP50K,EXACT_CASE_SENSITIVE_SURFACE_TOKEN,2026-09-04,,,,,NONE_OR_NOT_ANNOTATED_IN_THIS_PASS,FULL_TOP50K_EXACT_LOOKUP_50000,,NOT_CALCULATED_DENOMINATOR_NOT_FIXED,SUBTITLE_AUDIOVISUAL,2018,OpenSubtitles2018 via FrequencyWords processing,CC BY-SA 4.0 content,ALLOWED_WITH_ATTRIBUTION_AND_SHAREALIKE_BOUNDARY,NONE_FREQUENCY_DOES_NOT_SET_LEVEL,QUANT_SIGNAL_AVAILABLE_NOT_YET_COMPOSITE_SCORED,https://github.com/hermitdave/FrequencyWords/blob/master/content/2018/es/es_50k.txt,https://raw.githubusercontent.com/hermitdave/FrequencyWords/refs/heads/master/content/2018/es/es_50k.txt,Full continuous top-50k exact surface sweep completed on 2026-09-04. Frequency is quantitative evidence only and does not set CEFR level.,1.32
12B1-ATOM-0021,allá,ATOMIC_SURFACE_FORM,CORP-18,FrequencyWords / OpenSubtitles2018 Spanish 50k,FrequencyWords content/2018/es/es_50k.txt (OpenSubtitles2018-derived),SURFACE_SUBTITLE_OCCURRENCE_COUNT_AND_RANK,MEASURED_EXACT_SURFACE,102642,418,FOUND_TOP50K,EXACT_CASE_SENSITIVE_SURFACE_TOKEN,2026-09-04,,,,,REGIONAL_VARIANT_ALREADY_PRESENT_PCIC,FULL_TOP50K_EXACT_LOOKUP_50000,,NOT_CALCULATED_DENOMINATOR_NOT_FIXED,SUBTITLE_AUDIOVISUAL,2018,OpenSubtitles2018 via FrequencyWords processing,CC BY-SA 4.0 content,ALLOWED_WITH_ATTRIBUTION_AND_SHAREALIKE_BOUNDARY,NONE_FREQUENCY_DOES_NOT_SET_LEVEL,QUANT_SIGNAL_AVAILABLE_NOT_YET_COMPOSITE_SCORED,https://github.com/hermitdave/FrequencyWords/blob/master/content/2018/es/es_50k.txt,https://raw.githubusercontent.com/hermitdave/FrequencyWords/refs/heads/master/content/2018/es/es_50k.txt,Full continuous top-50k exact surface sweep completed on 2026-09-04. Frequency is quantitative evidence only and does not set CEFR level.,1.32
12B1-ATOM-0022,allí,ATOMIC_SURFACE_FORM,CORP-18,FrequencyWords / OpenSubtitles2018 Spanish 50k,FrequencyWords content/2018/es/es_50k.txt (OpenSubtitles2018-derived),SURFACE_SUBTITLE_OCCURRENCE_COUNT_AND_RANK,MEASURED_EXACT_SURFACE,267215,189,FOUND_TOP50K,EXACT_CASE_SENSITIVE_SURFACE_TOKEN,2026-09-04,,,,,NONE_OR_NOT_ANNOTATED_IN_THIS_PASS,FULL_TOP50K_EXACT_LOOKUP_50000,,NOT_CALCULATED_DENOMINATOR_NOT_FIXED,SUBTITLE_AUDIOVISUAL,2018,OpenSubtitles2018 via FrequencyWords processing,CC BY-SA 4.0 content,ALLOWED_WITH_ATTRIBUTION_AND_SHAREALIKE_BOUNDARY,NONE_FREQUENCY_DOES_NOT_SET_LEVEL,QUANT_SIGNAL_AVAILABLE_NOT_YET_COMPOSITE_SCORED,https://github.com/hermitdave/FrequencyWords/blob/master/content/2018/es/es_50k.txt,https://raw.githubusercontent.com/hermitdave/FrequencyWords/refs/heads/master/content/2018/es/es_50k.txt,Full continuous top-50k exact surface sweep completed on 2026-09-04. Frequency is quantitative evidence only and does not set CEFR level.,1.32
12B1-ATOM-0023,alquilar,ATOMIC_SURFACE_FORM,CORP-18,FrequencyWords / OpenSubtitles2018 Spanish 50k,FrequencyWords content/2018/es/es_50k.txt (OpenSubtitles2018-derived),SURFACE_SUBTITLE_OCCURRENCE_COUNT_AND_RANK,MEASURED_EXACT_SURFACE,3110,8007,FOUND_TOP50K,EXACT_CASE_SENSITIVE_SURFACE_TOKEN,2026-09-04,,,,,NONE_OR_NOT_ANNOTATED_IN_THIS_PASS,FULL_TOP50K_EXACT_LOOKUP_50000,,NOT_CALCULATED_DENOMINATOR_NOT_FIXED,SUBTITLE_AUDIOVISUAL,2018,OpenSubtitles2018 via FrequencyWords processing,CC BY-SA 4.0 content,ALLOWED_WITH_ATTRIBUTION_AND_SHAREALIKE_BOUNDARY,NONE_FREQUENCY_DOES_NOT_SET_LEVEL,QUANT_SIGNAL_AVAILABLE_NOT_YET_COMPOSITE_SCORED,https://github.com/hermitdave/FrequencyWords/blob/master/content/2018/es/es_50k.txt,https://raw.githubusercontent.com/hermitdave/FrequencyWords/refs/heads/master/content/2018/es/es_50k.txt,Full continuous top-50k exact surface sweep completed on 2026-09-04. Frequency is quantitative evidence only and does not set CEFR level.,1.32
12B1-ATOM-0024,alto,ATOMIC_SURFACE_FORM,CORP-18,FrequencyWords / OpenSubtitles2018 Spanish 50k,FrequencyWords content/2018/es/es_50k.txt (OpenSubtitles2018-derived),SURFACE_SUBTITLE_OCCURRENCE_COUNT_AND_RANK,MEASURED_EXACT_SURFACE,78496,525,FOUND_TOP50K,EXACT_CASE_SENSITIVE_SURFACE_TOKEN,2026-09-04,,,,,NONE_OR_NOT_ANNOTATED_IN_THIS_PASS,FULL_TOP50K_EXACT_LOOKUP_50000,,NOT_CALCULATED_DENOMINATOR_NOT_FIXED,SUBTITLE_AUDIOVISUAL,2018,OpenSubtitles2018 via FrequencyWords processing,CC BY-SA 4.0 content,ALLOWED_WITH_ATTRIBUTION_AND_SHAREALIKE_BOUNDARY,NONE_FREQUENCY_DOES_NOT_SET_LEVEL,QUANT_SIGNAL_AVAILABLE_NOT_YET_COMPOSITE_SCORED,https://github.com/hermitdave/FrequencyWords/blob/master/content/2018/es/es_50k.txt,https://raw.githubusercontent.com/hermitdave/FrequencyWords/refs/heads/master/content/2018/es/es_50k.txt,Full continuous top-50k exact surface sweep completed on 2026-09-04. Frequency is quantitative evidence only and does not set CEFR level.,1.32
12B1-ATOM-0025,amarillo,ATOMIC_SURFACE_FORM,CORP-18,FrequencyWords / OpenSubtitles2018 Spanish 50k,FrequencyWords content/2018/es/es_50k.txt (OpenSubtitles2018-derived),SURFACE_SUBTITLE_OCCURRENCE_COUNT_AND_RANK,MEASURED_EXACT_SURFACE,6846,4254,FOUND_TOP50K,EXACT_CASE_SENSITIVE_SURFACE_TOKEN,2026-09-04,,,,,NONE_OR_NOT_ANNOTATED_IN_THIS_PASS,FULL_TOP50K_EXACT_LOOKUP_50000,,NOT_CALCULATED_DENOMINATOR_NOT_FIXED,SUBTITLE_AUDIOVISUAL,2018,OpenSubtitles2018 via FrequencyWords processing,CC BY-SA 4.0 content,ALLOWED_WITH_ATTRIBUTION_AND_SHAREALIKE_BOUNDARY,NONE_FREQUENCY_DOES_NOT_SET_LEVEL,QUANT_SIGNAL_AVAILABLE_NOT_YET_COMPOSITE_SCORED,https://github.com/hermitdave/FrequencyWords/blob/master/content/2018/es/es_50k.txt,https://raw.githubusercontent.com/hermitdave/FrequencyWords/refs/heads/master/content/2018/es/es_50k.txt,Full continuous top-50k exact surface sweep completed on 2026-09-04. Frequency is quantitative evidence only and does not set CEFR level.,1.32
12B1-ATOM-0026,amigo,ATOMIC_SURFACE_FORM,CORP-18,FrequencyWords / OpenSubtitles2018 Spanish 50k,FrequencyWords content/2018/es/es_50k.txt (OpenSubtitles2018-derived),SURFACE_SUBTITLE_OCCURRENCE_COUNT_AND_RANK,MEASURED_EXACT_SURFACE,258356,192,FOUND_TOP50K,EXACT_CASE_SENSITIVE_SURFACE_TOKEN,2026-09-04,,,,,NONE_OR_NOT_ANNOTATED_IN_THIS_PASS,FULL_TOP50K_EXACT_LOOKUP_50000,,NOT_CALCULATED_DENOMINATOR_NOT_FIXED,SUBTITLE_AUDIOVISUAL,2018,OpenSubtitles2018 via FrequencyWords processing,CC BY-SA 4.0 content,ALLOWED_WITH_ATTRIBUTION_AND_SHAREALIKE_BOUNDARY,NONE_FREQUENCY_DOES_NOT_SET_LEVEL,QUANT_SIGNAL_AVAILABLE_NOT_YET_COMPOSITE_SCORED,https://github.com/hermitdave/FrequencyWords/blob/master/content/2018/es/es_50k.txt,https://raw.githubusercontent.com/hermitdave/FrequencyWords/refs/heads/master/content/2018/es/es_50k.txt,Full continuous top-50k exact surface sweep completed on 2026-09-04. Frequency is quantitative evidence only and does not set CEFR level.,1.32
12B1-ATOM-0027,andar,ATOMIC_SURFACE_FORM,CORP-18,FrequencyWords / OpenSubtitles2018 Spanish 50k,FrequencyWords content/2018/es/es_50k.txt (OpenSubtitles2018-derived),SURFACE_SUBTITLE_OCCURRENCE_COUNT_AND_RANK,MEASURED_EXACT_SURFACE,13336,2449,FOUND_TOP50K,EXACT_CASE_SENSITIVE_SURFACE_TOKEN,2026-09-04,,,,,NONE_OR_NOT_ANNOTATED_IN_THIS_PASS,FULL_TOP50K_EXACT_LOOKUP_50000,,NOT_CALCULATED_DENOMINATOR_NOT_FIXED,SUBTITLE_AUDIOVISUAL,2018,OpenSubtitles2018 via FrequencyWords processing,CC BY-SA 4.0 content,ALLOWED_WITH_ATTRIBUTION_AND_SHAREALIKE_BOUNDARY,NONE_FREQUENCY_DOES_NOT_SET_LEVEL,QUANT_SIGNAL_AVAILABLE_NOT_YET_COMPOSITE_SCORED,https://github.com/hermitdave/FrequencyWords/blob/master/content/2018/es/es_50k.txt,https://raw.githubusercontent.com/hermitdave/FrequencyWords/refs/heads/master/content/2018/es/es_50k.txt,Full continuous top-50k exact surface sweep completed on 2026-09-04. Frequency is quantitative evidence only and does not set CEFR level.,1.32
12B1-ATOM-0028,animal,ATOMIC_SURFACE_FORM,CORP-18,FrequencyWords / OpenSubtitles2018 Spanish 50k,FrequencyWords content/2018/es/es_50k.txt (OpenSubtitles2018-derived),SURFACE_SUBTITLE_OCCURRENCE_COUNT_AND_RANK,MEASURED_EXACT_SURFACE,19868,1722,FOUND_TOP50K,EXACT_CASE_SENSITIVE_SURFACE_TOKEN,2026-09-04,,,,,NONE_OR_NOT_ANNOTATED_IN_THIS_PASS,FULL_TOP50K_EXACT_LOOKUP_50000,,NOT_CALCULATED_DENOMINATOR_NOT_FIXED,SUBTITLE_AUDIOVISUAL,2018,OpenSubtitles2018 via FrequencyWords processing,CC BY-SA 4.0 content,ALLOWED_WITH_ATTRIBUTION_AND_SHAREALIKE_BOUNDARY,NONE_FREQUENCY_DOES_NOT_SET_LEVEL,QUANT_SIGNAL_AVAILABLE_NOT_YET_COMPOSITE_SCORED,https://github.com/hermitdave/FrequencyWords/blob/master/content/2018/es/es_50k.txt,https://raw.githubusercontent.com/hermitdave/FrequencyWords/refs/heads/master/content/2018/es/es_50k.txt,Full continuous top-50k exact surface sweep completed on 2026-09-04. Frequency is quantitative evidence only and does not set CEFR level.,1.32
12B1-ATOM-0029,anteojos,ATOMIC_SURFACE_FORM,CORP-18,FrequencyWords / OpenSubtitles2018 Spanish 50k,FrequencyWords content/2018/es/es_50k.txt (OpenSubtitles2018-derived),SURFACE_SUBTITLE_OCCURRENCE_COUNT_AND_RANK,MEASURED_EXACT_SURFACE,2695,8899,FOUND_TOP50K,EXACT_CASE_SENSITIVE_SURFACE_TOKEN,2026-09-04,,,,,REGIONAL_VARIANT_A1_RECEPTIVE,FULL_TOP50K_EXACT_LOOKUP_50000,,NOT_CALCULATED_DENOMINATOR_NOT_FIXED,SUBTITLE_AUDIOVISUAL,2018,OpenSubtitles2018 via FrequencyWords processing,CC BY-SA 4.0 content,ALLOWED_WITH_ATTRIBUTION_AND_SHAREALIKE_BOUNDARY,NONE_FREQUENCY_DOES_NOT_SET_LEVEL,QUANT_SIGNAL_AVAILABLE_NOT_YET_COMPOSITE_SCORED,https://github.com/hermitdave/FrequencyWords/blob/master/content/2018/es/es_50k.txt,https://raw.githubusercontent.com/hermitdave/FrequencyWords/refs/heads/master/content/2018/es/es_50k.txt,Full continuous top-50k exact surface sweep completed on 2026-09-04. Frequency is quantitative evidence only and does not set CEFR level.,1.32
12B1-ATOM-0030,antes,ATOMIC_SURFACE_FORM,CORP-18,FrequencyWords / OpenSubtitles2018 Spanish 50k,FrequencyWords content/2018/es/es_50k.txt (OpenSubtitles2018-derived),SURFACE_SUBTITLE_OCCURRENCE_COUNT_AND_RANK,MEASURED_EXACT_SURFACE,405555,130,FOUND_TOP50K,EXACT_CASE_SENSITIVE_SURFACE_TOKEN,2026-09-04,,,,,NONE_OR_NOT_ANNOTATED_IN_THIS_PASS,FULL_TOP50K_EXACT_LOOKUP_50000,,NOT_CALCULATED_DENOMINATOR_NOT_FIXED,SUBTITLE_AUDIOVISUAL,2018,OpenSubtitles2018 via FrequencyWords processing,CC BY-SA 4.0 content,ALLOWED_WITH_ATTRIBUTION_AND_SHAREALIKE_BOUNDARY,NONE_FREQUENCY_DOES_NOT_SET_LEVEL,QUANT_SIGNAL_AVAILABLE_NOT_YET_COMPOSITE_SCORED,https://github.com/hermitdave/FrequencyWords/blob/master/content/2018/es/es_50k.txt,https://raw.githubusercontent.com/hermitdave/FrequencyWords/refs/heads/master/content/2018/es/es_50k.txt,Full continuous top-50k exact surface sweep completed on 2026-09-04. Frequency is quantitative evidence only and does not set CEFR level.,1.32
12B1-ATOM-0031,antipático,ATOMIC_SURFACE_FORM,CORP-18,FrequencyWords / OpenSubtitles2018 Spanish 50k,FrequencyWords content/2018/es/es_50k.txt (OpenSubtitles2018-derived),SURFACE_SUBTITLE_OCCURRENCE_COUNT_AND_RANK,MEASURED_EXACT_SURFACE,463,29137,FOUND_TOP50K,EXACT_CASE_SENSITIVE_SURFACE_TOKEN,2026-09-04,,,,,NONE_OR_NOT_ANNOTATED_IN_THIS_PASS,FULL_TOP50K_EXACT_LOOKUP_50000,,NOT_CALCULATED_DENOMINATOR_NOT_FIXED,SUBTITLE_AUDIOVISUAL,2018,OpenSubtitles2018 via FrequencyWords processing,CC BY-SA 4.0 content,ALLOWED_WITH_ATTRIBUTION_AND_SHAREALIKE_BOUNDARY,NONE_FREQUENCY_DOES_NOT_SET_LEVEL,QUANT_SIGNAL_AVAILABLE_NOT_YET_COMPOSITE_SCORED,https://github.com/hermitdave/FrequencyWords/blob/master/content/2018/es/es_50k.txt,https://raw.githubusercontent.com/hermitdave/FrequencyWords/refs/heads/master/content/2018/es/es_50k.txt,Full continuous top-50k exact surface sweep completed on 2026-09-04. Frequency is quantitative evidence only and does not set CEFR level.,1.32
12B1-ATOM-0032,aparcamiento,ATOMIC_SURFACE_FORM,CORP-18,FrequencyWords / OpenSubtitles2018 Spanish 50k,FrequencyWords content/2018/es/es_50k.txt (OpenSubtitles2018-derived),SURFACE_SUBTITLE_OCCURRENCE_COUNT_AND_RANK,MEASURED_EXACT_SURFACE,3298,7642,FOUND_TOP50K,EXACT_CASE_SENSITIVE_SURFACE_TOKEN,2026-09-04,,,,,NONE_OR_NOT_ANNOTATED_IN_THIS_PASS,FULL_TOP50K_EXACT_LOOKUP_50000,,NOT_CALCULATED_DENOMINATOR_NOT_FIXED,SUBTITLE_AUDIOVISUAL,2018,OpenSubtitles2018 via FrequencyWords processing,CC BY-SA 4.0 content,ALLOWED_WITH_ATTRIBUTION_AND_SHAREALIKE_BOUNDARY,NONE_FREQUENCY_DOES_NOT_SET_LEVEL,QUANT_SIGNAL_AVAILABLE_NOT_YET_COMPOSITE_SCORED,https://github.com/hermitdave/FrequencyWords/blob/master/content/2018/es/es_50k.txt,https://raw.githubusercontent.com/hermitdave/FrequencyWords/refs/heads/master/content/2018/es/es_50k.txt,Full continuous top-50k exact surface sweep completed on 2026-09-04. Frequency is quantitative evidence only and does not set CEFR level.,1.32
12B1-ATOM-0033,apartamento,ATOMIC_SURFACE_FORM,CORP-18,FrequencyWords / OpenSubtitles2018 Spanish 50k,FrequencyWords content/2018/es/es_50k.txt (OpenSubtitles2018-derived),SURFACE_SUBTITLE_OCCURRENCE_COUNT_AND_RANK,MEASURED_EXACT_SURFACE,27936,1267,FOUND_TOP50K,EXACT_CASE_SENSITIVE_SURFACE_TOKEN,2026-09-04,,,,,NONE_OR_NOT_ANNOTATED_IN_THIS_PASS,FULL_TOP50K_EXACT_LOOKUP_50000,,NOT_CALCULATED_DENOMINATOR_NOT_FIXED,SUBTITLE_AUDIOVISUAL,2018,OpenSubtitles2018 via FrequencyWords processing,CC BY-SA 4.0 content,ALLOWED_WITH_ATTRIBUTION_AND_SHAREALIKE_BOUNDARY,NONE_FREQUENCY_DOES_NOT_SET_LEVEL,QUANT_SIGNAL_AVAILABLE_NOT_YET_COMPOSITE_SCORED,https://github.com/hermitdave/FrequencyWords/blob/master/content/2018/es/es_50k.txt,https://raw.githubusercontent.com/hermitdave/FrequencyWords/refs/heads/master/content/2018/es/es_50k.txt,Full continuous top-50k exact surface sweep completed on 2026-09-04. Frequency is quantitative evidence only and does not set CEFR level.,1.32
12B1-ATOM-0034,apellido,ATOMIC_SURFACE_FORM,CORP-18,FrequencyWords / OpenSubtitles2018 Spanish 50k,FrequencyWords content/2018/es/es_50k.txt (OpenSubtitles2018-derived),SURFACE_SUBTITLE_OCCURRENCE_COUNT_AND_RANK,MEASURED_EXACT_SURFACE,8984,3430,FOUND_TOP50K,EXACT_CASE_SENSITIVE_SURFACE_TOKEN,2026-09-04,,,,,NONE_OR_NOT_ANNOTATED_IN_THIS_PASS,FULL_TOP50K_EXACT_LOOKUP_50000,,NOT_CALCULATED_DENOMINATOR_NOT_FIXED,SUBTITLE_AUDIOVISUAL,2018,OpenSubtitles2018 via FrequencyWords processing,CC BY-SA 4.0 content,ALLOWED_WITH_ATTRIBUTION_AND_SHAREALIKE_BOUNDARY,NONE_FREQUENCY_DOES_NOT_SET_LEVEL,QUANT_SIGNAL_AVAILABLE_NOT_YET_COMPOSITE_SCORED,https://github.com/hermitdave/FrequencyWords/blob/master/content/2018/es/es_50k.txt,https://raw.githubusercontent.com/hermitdave/FrequencyWords/refs/heads/master/content/2018/es/es_50k.txt,Full continuous top-50k exact surface sweep completed on 2026-09-04. Frequency is quantitative evidence only and does not set CEFR level.,1.32
12B1-ATOM-0035,aprender,ATOMIC_SURFACE_FORM,CORP-18,FrequencyWords / OpenSubtitles2018 Spanish 50k,FrequencyWords content/2018/es/es_50k.txt (OpenSubtitles2018-derived),SURFACE_SUBTITLE_OCCURRENCE_COUNT_AND_RANK,MEASURED_EXACT_SURFACE,28760,1229,FOUND_TOP50K,EXACT_CASE_SENSITIVE_SURFACE_TOKEN,2026-09-04,,,,,NONE_OR_NOT_ANNOTATED_IN_THIS_PASS,FULL_TOP50K_EXACT_LOOKUP_50000,,NOT_CALCULATED_DENOMINATOR_NOT_FIXED,SUBTITLE_AUDIOVISUAL,2018,OpenSubtitles2018 via FrequencyWords processing,CC BY-SA 4.0 content,ALLOWED_WITH_ATTRIBUTION_AND_SHAREALIKE_BOUNDARY,NONE_FREQUENCY_DOES_NOT_SET_LEVEL,QUANT_SIGNAL_AVAILABLE_NOT_YET_COMPOSITE_SCORED,https://github.com/hermitdave/FrequencyWords/blob/master/content/2018/es/es_50k.txt,https://raw.githubusercontent.com/hermitdave/FrequencyWords/refs/heads/master/content/2018/es/es_50k.txt,Full continuous top-50k exact surface sweep completed on 2026-09-04. Frequency is quantitative evidence only and does not set CEFR level.,1.32
12B1-ATOM-0036,aquel,ATOMIC_SURFACE_FORM,CORP-18,FrequencyWords / OpenSubtitles2018 Spanish 50k,FrequencyWords content/2018/es/es_50k.txt (OpenSubtitles2018-derived),SURFACE_SUBTITLE_OCCURRENCE_COUNT_AND_RANK,MEASURED_EXACT_SURFACE,27160,1301,FOUND_TOP50K,EXACT_CASE_SENSITIVE_SURFACE_TOKEN,2026-09-04,,,,,NONE_OR_NOT_ANNOTATED_IN_THIS_PASS,FULL_TOP50K_EXACT_LOOKUP_50000,,NOT_CALCULATED_DENOMINATOR_NOT_FIXED,SUBTITLE_AUDIOVISUAL,2018,OpenSubtitles2018 via FrequencyWords processing,CC BY-SA 4.0 content,ALLOWED_WITH_ATTRIBUTION_AND_SHAREALIKE_BOUNDARY,NONE_FREQUENCY_DOES_NOT_SET_LEVEL,QUANT_SIGNAL_AVAILABLE_NOT_YET_COMPOSITE_SCORED,https://github.com/hermitdave/FrequencyWords/blob/master/content/2018/es/es_50k.txt,https://raw.githubusercontent.com/hermitdave/FrequencyWords/refs/heads/master/content/2018/es/es_50k.txt,Full continuous top-50k exact surface sweep completed on 2026-09-04. Frequency is quantitative evidence only and does not set CEFR level.,1.32
12B1-ATOM-0037,aquella,ATOMIC_SURFACE_FORM,CORP-18,FrequencyWords / OpenSubtitles2018 Spanish 50k,FrequencyWords content/2018/es/es_50k.txt (OpenSubtitles2018-derived),SURFACE_SUBTITLE_OCCURRENCE_COUNT_AND_RANK,MEASURED_EXACT_SURFACE,20688,1662,FOUND_TOP50K,EXACT_CASE_SENSITIVE_SURFACE_TOKEN,2026-09-04,,,,,NONE_OR_NOT_ANNOTATED_IN_THIS_PASS,FULL_TOP50K_EXACT_LOOKUP_50000,,NOT_CALCULATED_DENOMINATOR_NOT_FIXED,SUBTITLE_AUDIOVISUAL,2018,OpenSubtitles2018 via FrequencyWords processing,CC BY-SA 4.0 content,ALLOWED_WITH_ATTRIBUTION_AND_SHAREALIKE_BOUNDARY,NONE_FREQUENCY_DOES_NOT_SET_LEVEL,QUANT_SIGNAL_AVAILABLE_NOT_YET_COMPOSITE_SCORED,https://github.com/hermitdave/FrequencyWords/blob/master/content/2018/es/es_50k.txt,https://raw.githubusercontent.com/hermitdave/FrequencyWords/refs/heads/master/content/2018/es/es_50k.txt,Full continuous top-50k exact surface sweep completed on 2026-09-04. Frequency is quantitative evidence only and does not set CEFR level.,1.32
12B1-ATOM-0038,aquellas,ATOMIC_SURFACE_FORM,CORP-18,FrequencyWords / OpenSubtitles2018 Spanish 50k,FrequencyWords content/2018/es/es_50k.txt (OpenSubtitles2018-derived),SURFACE_SUBTITLE_OCCURRENCE_COUNT_AND_RANK,MEASURED_EXACT_SURFACE,4020,6545,FOUND_TOP50K,EXACT_CASE_SENSITIVE_SURFACE_TOKEN,2026-09-04,,,,,NONE_OR_NOT_ANNOTATED_IN_THIS_PASS,FULL_TOP50K_EXACT_LOOKUP_50000,,NOT_CALCULATED_DENOMINATOR_NOT_FIXED,SUBTITLE_AUDIOVISUAL,2018,OpenSubtitles2018 via FrequencyWords processing,CC BY-SA 4.0 content,ALLOWED_WITH_ATTRIBUTION_AND_SHAREALIKE_BOUNDARY,NONE_FREQUENCY_DOES_NOT_SET_LEVEL,QUANT_SIGNAL_AVAILABLE_NOT_YET_COMPOSITE_SCORED,https://github.com/hermitdave/FrequencyWords/blob/master/content/2018/es/es_50k.txt,https://raw.githubusercontent.com/hermitdave/FrequencyWords/refs/heads/master/content/2018/es/es_50k.txt,Full continuous top-50k exact surface sweep completed on 2026-09-04. Frequency is quantitative evidence only and does not set CEFR level.,1.32
12B1-ATOM-0039,aquello,ATOMIC_SURFACE_FORM,CORP-18,FrequencyWords / OpenSubtitles2018 Spanish 50k,FrequencyWords content/2018/es/es_50k.txt (OpenSubtitles2018-derived),SURFACE_SUBTITLE_OCCURRENCE_COUNT_AND_RANK,MEASURED_EXACT_SURFACE,10940,2904,FOUND_TOP50K,EXACT_CASE_SENSITIVE_SURFACE_TOKEN,2026-09-04,,,,,NONE_OR_NOT_ANNOTATED_IN_THIS_PASS,FULL_TOP50K_EXACT_LOOKUP_50000,,NOT_CALCULATED_DENOMINATOR_NOT_FIXED,SUBTITLE_AUDIOVISUAL,2018,OpenSubtitles2018 via FrequencyWords processing,CC BY-SA 4.0 content,ALLOWED_WITH_ATTRIBUTION_AND_SHAREALIKE_BOUNDARY,NONE_FREQUENCY_DOES_NOT_SET_LEVEL,QUANT_SIGNAL_AVAILABLE_NOT_YET_COMPOSITE_SCORED,https://github.com/hermitdave/FrequencyWords/blob/master/content/2018/es/es_50k.txt,https://raw.githubusercontent.com/hermitdave/FrequencyWords/refs/heads/master/content/2018/es/es_50k.txt,Full continuous top-50k exact surface sweep completed on 2026-09-04. Frequency is quantitative evidence only and does not set CEFR level.,1.32
12B1-ATOM-0040,aquellos,ATOMIC_SURFACE_FORM,CORP-18,FrequencyWords / OpenSubtitles2018 Spanish 50k,FrequencyWords content/2018/es/es_50k.txt (OpenSubtitles2018-derived),SURFACE_SUBTITLE_OCCURRENCE_COUNT_AND_RANK,MEASURED_EXACT_SURFACE,20238,1694,FOUND_TOP50K,EXACT_CASE_SENSITIVE_SURFACE_TOKEN,2026-09-04,,,,,NONE_OR_NOT_ANNOTATED_IN_THIS_PASS,FULL_TOP50K_EXACT_LOOKUP_50000,,NOT_CALCULATED_DENOMINATOR_NOT_FIXED,SUBTITLE_AUDIOVISUAL,2018,OpenSubtitles2018 via FrequencyWords processing,CC BY-SA 4.0 content,ALLOWED_WITH_ATTRIBUTION_AND_SHAREALIKE_BOUNDARY,NONE_FREQUENCY_DOES_NOT_SET_LEVEL,QUANT_SIGNAL_AVAILABLE_NOT_YET_COMPOSITE_SCORED,https://github.com/hermitdave/FrequencyWords/blob/master/content/2018/es/es_50k.txt,https://raw.githubusercontent.com/hermitdave/FrequencyWords/refs/heads/master/content/2018/es/es_50k.txt,Full continuous top-50k exact surface sweep completed on 2026-09-04. Frequency is quantitative evidence only and does not set CEFR level.,1.32
12B1-ATOM-0041,aquí,ATOMIC_SURFACE_FORM,CORP-18,FrequencyWords / OpenSubtitles2018 Spanish 50k,FrequencyWords content/2018/es/es_50k.txt (OpenSubtitles2018-derived),SURFACE_SUBTITLE_OCCURRENCE_COUNT_AND_RANK,MEASURED_EXACT_SURFACE,1625090,33,FOUND_TOP50K,EXACT_CASE_SENSITIVE_SURFACE_TOKEN,2026-09-04,,,,,NONE_OR_NOT_ANNOTATED_IN_THIS_PASS,FULL_TOP50K_EXACT_LOOKUP_50000,,NOT_CALCULATED_DENOMINATOR_NOT_FIXED,SUBTITLE_AUDIOVISUAL,2018,OpenSubtitles2018 via FrequencyWords processing,CC BY-SA 4.0 content,ALLOWED_WITH_ATTRIBUTION_AND_SHAREALIKE_BOUNDARY,NONE_FREQUENCY_DOES_NOT_SET_LEVEL,QUANT_SIGNAL_AVAILABLE_NOT_YET_COMPOSITE_SCORED,https://github.com/hermitdave/FrequencyWords/blob/master/content/2018/es/es_50k.txt,https://raw.githubusercontent.com/hermitdave/FrequencyWords/refs/heads/master/content/2018/es/es_50k.txt,Full continuous top-50k exact surface sweep completed on 2026-09-04. Frequency is quantitative evidence only and does not set CEFR level.,1.32
12B1-ATOM-0042,armario,ATOMIC_SURFACE_FORM,CORP-18,FrequencyWords / OpenSubtitles2018 Spanish 50k,FrequencyWords content/2018/es/es_50k.txt (OpenSubtitles2018-derived),SURFACE_SUBTITLE_OCCURRENCE_COUNT_AND_RANK,MEASURED_EXACT_SURFACE,12465,2595,FOUND_TOP50K,EXACT_CASE_SENSITIVE_SURFACE_TOKEN,2026-09-04,,,,,NONE_OR_NOT_ANNOTATED_IN_THIS_PASS,FULL_TOP50K_EXACT_LOOKUP_50000,,NOT_CALCULATED_DENOMINATOR_NOT_FIXED,SUBTITLE_AUDIOVISUAL,2018,OpenSubtitles2018 via FrequencyWords processing,CC BY-SA 4.0 content,ALLOWED_WITH_ATTRIBUTION_AND_SHAREALIKE_BOUNDARY,NONE_FREQUENCY_DOES_NOT_SET_LEVEL,QUANT_SIGNAL_AVAILABLE_NOT_YET_COMPOSITE_SCORED,https://github.com/hermitdave/FrequencyWords/blob/master/content/2018/es/es_50k.txt,https://raw.githubusercontent.com/hermitdave/FrequencyWords/refs/heads/master/content/2018/es/es_50k.txt,Full continuous top-50k exact surface sweep completed on 2026-09-04. Frequency is quantitative evidence only and does not set CEFR level.,1.32
12B1-ATOM-0043,arroba,ATOMIC_SURFACE_FORM,CORP-18,FrequencyWords / OpenSubtitles2018 Spanish 50k,FrequencyWords content/2018/es/es_50k.txt (OpenSubtitles2018-derived),SURFACE_SUBTITLE_OCCURRENCE_COUNT_AND_RANK,NOT_FOUND_TOP50K_EXACT_SURFACE,,,NOT_FOUND_TOP50K,EXACT_CASE_SENSITIVE_SURFACE_TOKEN_FULL_SCAN,2026-09-04,,,,,NONE_OR_NOT_ANNOTATED_IN_THIS_PASS,FULL_TOP50K_EXACT_LOOKUP_50000,,NOT_CALCULATED_DENOMINATOR_NOT_FIXED,SUBTITLE_AUDIOVISUAL,2018,OpenSubtitles2018 via FrequencyWords processing,CC BY-SA 4.0 content,ALLOWED_WITH_ATTRIBUTION_AND_SHAREALIKE_BOUNDARY,NONE_FREQUENCY_DOES_NOT_SET_LEVEL,NO_QUANT_SIGNAL_FROM_THIS_SOURCE_NOT_ZERO,https://github.com/hermitdave/FrequencyWords/blob/master/content/2018/es/es_50k.txt,https://raw.githubusercontent.com/hermitdave/FrequencyWords/refs/heads/master/content/2018/es/es_50k.txt,Full continuous top-50k exact surface sweep completed on 2026-09-04. Frequency is quantitative evidence only and does not set CEFR level. Exact absence in this top-50k list is NOT frequency zero and does not alter the curricular level.,1.32
12B1-ATOM-0044,ascensor,ATOMIC_SURFACE_FORM,CORP-18,FrequencyWords / OpenSubtitles2018 Spanish 50k,FrequencyWords content/2018/es/es_50k.txt (OpenSubtitles2018-derived),SURFACE_SUBTITLE_OCCURRENCE_COUNT_AND_RANK,MEASURED_EXACT_SURFACE,8607,3548,FOUND_TOP50K,EXACT_CASE_SENSITIVE_SURFACE_TOKEN,2026-09-04,,,,,NONE_OR_NOT_ANNOTATED_IN_THIS_PASS,FULL_TOP50K_EXACT_LOOKUP_50000,,NOT_CALCULATED_DENOMINATOR_NOT_FIXED,SUBTITLE_AUDIOVISUAL,2018,OpenSubtitles2018 via FrequencyWords processing,CC BY-SA 4.0 content,ALLOWED_WITH_ATTRIBUTION_AND_SHAREALIKE_BOUNDARY,NONE_FREQUENCY_DOES_NOT_SET_LEVEL,QUANT_SIGNAL_AVAILABLE_NOT_YET_COMPOSITE_SCORED,https://github.com/hermitdave/FrequencyWords/blob/master/content/2018/es/es_50k.txt,https://raw.githubusercontent.com/hermitdave/FrequencyWords/refs/heads/master/content/2018/es/es_50k.txt,Full continuous top-50k exact surface sweep completed on 2026-09-04. Frequency is quantitative evidence only and does not set CEFR level.,1.32
12B1-ATOM-0045,autobús,ATOMIC_SURFACE_FORM,CORP-18,FrequencyWords / OpenSubtitles2018 Spanish 50k,FrequencyWords content/2018/es/es_50k.txt (OpenSubtitles2018-derived),SURFACE_SUBTITLE_OCCURRENCE_COUNT_AND_RANK,MEASURED_EXACT_SURFACE,20079,1702,FOUND_TOP50K,EXACT_CASE_SENSITIVE_SURFACE_TOKEN,2026-09-04,,,,,NONE_OR_NOT_ANNOTATED_IN_THIS_PASS,FULL_TOP50K_EXACT_LOOKUP_50000,,NOT_CALCULATED_DENOMINATOR_NOT_FIXED,SUBTITLE_AUDIOVISUAL,2018,OpenSubtitles2018 via FrequencyWords processing,CC BY-SA 4.0 content,ALLOWED_WITH_ATTRIBUTION_AND_SHAREALIKE_BOUNDARY,NONE_FREQUENCY_DOES_NOT_SET_LEVEL,QUANT_SIGNAL_AVAILABLE_NOT_YET_COMPOSITE_SCORED,https://github.com/hermitdave/FrequencyWords/blob/master/content/2018/es/es_50k.txt,https://raw.githubusercontent.com/hermitdave/FrequencyWords/refs/heads/master/content/2018/es/es_50k.txt,Full continuous top-50k exact surface sweep completed on 2026-09-04. Frequency is quantitative evidence only and does not set CEFR level.,1.32
12B1-ATOM-0046,avenida,ATOMIC_SURFACE_FORM,CORP-18,FrequencyWords / OpenSubtitles2018 Spanish 50k,FrequencyWords content/2018/es/es_50k.txt (OpenSubtitles2018-derived),SURFACE_SUBTITLE_OCCURRENCE_COUNT_AND_RANK,MEASURED_EXACT_SURFACE,4971,5519,FOUND_TOP50K,EXACT_CASE_SENSITIVE_SURFACE_TOKEN,2026-09-04,,,,,NONE_OR_NOT_ANNOTATED_IN_THIS_PASS,FULL_TOP50K_EXACT_LOOKUP_50000,,NOT_CALCULATED_DENOMINATOR_NOT_FIXED,SUBTITLE_AUDIOVISUAL,2018,OpenSubtitles2018 via FrequencyWords processing,CC BY-SA 4.0 content,ALLOWED_WITH_ATTRIBUTION_AND_SHAREALIKE_BOUNDARY,NONE_FREQUENCY_DOES_NOT_SET_LEVEL,QUANT_SIGNAL_AVAILABLE_NOT_YET_COMPOSITE_SCORED,https://github.com/hermitdave/FrequencyWords/blob/master/content/2018/es/es_50k.txt,https://raw.githubusercontent.com/hermitdave/FrequencyWords/refs/heads/master/content/2018/es/es_50k.txt,Full continuous top-50k exact surface sweep completed on 2026-09-04. Frequency is quantitative evidence only and does not set CEFR level.,1.32
12B1-ATOM-0047,avión,ATOMIC_SURFACE_FORM,CORP-18,FrequencyWords / OpenSubtitles2018 Spanish 50k,FrequencyWords content/2018/es/es_50k.txt (OpenSubtitles2018-derived),SURFACE_SUBTITLE_OCCURRENCE_COUNT_AND_RANK,MEASURED_EXACT_SURFACE,39484,929,FOUND_TOP50K,EXACT_CASE_SENSITIVE_SURFACE_TOKEN,2026-09-04,,,,,NONE_OR_NOT_ANNOTATED_IN_THIS_PASS,FULL_TOP50K_EXACT_LOOKUP_50000,,NOT_CALCULATED_DENOMINATOR_NOT_FIXED,SUBTITLE_AUDIOVISUAL,2018,OpenSubtitles2018 via FrequencyWords processing,CC BY-SA 4.0 content,ALLOWED_WITH_ATTRIBUTION_AND_SHAREALIKE_BOUNDARY,NONE_FREQUENCY_DOES_NOT_SET_LEVEL,QUANT_SIGNAL_AVAILABLE_NOT_YET_COMPOSITE_SCORED,https://github.com/hermitdave/FrequencyWords/blob/master/content/2018/es/es_50k.txt,https://raw.githubusercontent.com/hermitdave/FrequencyWords/refs/heads/master/content/2018/es/es_50k.txt,Full continuous top-50k exact surface sweep completed on 2026-09-04. Frequency is quantitative evidence only and does not set CEFR level.,1.32
12B1-ATOM-0048,ayer,ATOMIC_SURFACE_FORM,CORP-18,FrequencyWords / OpenSubtitles2018 Spanish 50k,FrequencyWords content/2018/es/es_50k.txt (OpenSubtitles2018-derived),SURFACE_SUBTITLE_OCCURRENCE_COUNT_AND_RANK,MEASURED_EXACT_SURFACE,59013,670,FOUND_TOP50K,EXACT_CASE_SENSITIVE_SURFACE_TOKEN,2026-09-04,,,,,NONE_OR_NOT_ANNOTATED_IN_THIS_PASS,FULL_TOP50K_EXACT_LOOKUP_50000,,NOT_CALCULATED_DENOMINATOR_NOT_FIXED,SUBTITLE_AUDIOVISUAL,2018,OpenSubtitles2018 via FrequencyWords processing,CC BY-SA 4.0 content,ALLOWED_WITH_ATTRIBUTION_AND_SHAREALIKE_BOUNDARY,NONE_FREQUENCY_DOES_NOT_SET_LEVEL,QUANT_SIGNAL_AVAILABLE_NOT_YET_COMPOSITE_SCORED,https://github.com/hermitdave/FrequencyWords/blob/master/content/2018/es/es_50k.txt,https://raw.githubusercontent.com/hermitdave/FrequencyWords/refs/heads/master/content/2018/es/es_50k.txt,Full continuous top-50k exact surface sweep completed on 2026-09-04. Frequency is quantitative evidence only and does not set CEFR level.,1.32
12B1-ATOM-0049,azul,ATOMIC_SURFACE_FORM,CORP-18,FrequencyWords / OpenSubtitles2018 Spanish 50k,FrequencyWords content/2018/es/es_50k.txt (OpenSubtitles2018-derived),SURFACE_SUBTITLE_OCCURRENCE_COUNT_AND_RANK,MEASURED_EXACT_SURFACE,28477,1244,FOUND_TOP50K,EXACT_CASE_SENSITIVE_SURFACE_TOKEN,2026-09-04,,,,,NONE_OR_NOT_ANNOTATED_IN_THIS_PASS,FULL_TOP50K_EXACT_LOOKUP_50000,,NOT_CALCULATED_DENOMINATOR_NOT_FIXED,SUBTITLE_AUDIOVISUAL,2018,OpenSubtitles2018 via FrequencyWords processing,CC BY-SA 4.0 content,ALLOWED_WITH_ATTRIBUTION_AND_SHAREALIKE_BOUNDARY,NONE_FREQUENCY_DOES_NOT_SET_LEVEL,QUANT_SIGNAL_AVAILABLE_NOT_YET_COMPOSITE_SCORED,https://github.com/hermitdave/FrequencyWords/blob/master/content/2018/es/es_50k.txt,https://raw.githubusercontent.com/hermitdave/FrequencyWords/refs/heads/master/content/2018/es/es_50k.txt,Full continuous top-50k exact surface sweep completed on 2026-09-04. Frequency is quantitative evidence only and does not set CEFR level.,1.32
12B1-ATOM-0050,año,ATOMIC_SURFACE_FORM,CORP-18,FrequencyWords / OpenSubtitles2018 Spanish 50k,FrequencyWords content/2018/es/es_50k.txt (OpenSubtitles2018-derived),SURFACE_SUBTITLE_OCCURRENCE_COUNT_AND_RANK,MEASURED_EXACT_SURFACE,128910,331,FOUND_TOP50K,EXACT_CASE_SENSITIVE_SURFACE_TOKEN,2026-09-04,,,,,NONE_OR_NOT_ANNOTATED_IN_THIS_PASS,FULL_TOP50K_EXACT_LOOKUP_50000,,NOT_CALCULATED_DENOMINATOR_NOT_FIXED,SUBTITLE_AUDIOVISUAL,2018,OpenSubtitles2018 via FrequencyWords processing,CC BY-SA 4.0 content,ALLOWED_WITH_ATTRIBUTION_AND_SHAREALIKE_BOUNDARY,NONE_FREQUENCY_DOES_NOT_SET_LEVEL,QUANT_SIGNAL_AVAILABLE_NOT_YET_COMPOSITE_SCORED,https://github.com/hermitdave/FrequencyWords/blob/master/content/2018/es/es_50k.txt,https://raw.githubusercontent.com/hermitdave/FrequencyWords/refs/heads/master/content/2018/es/es_50k.txt,Full continuous top-50k exact surface sweep completed on 2026-09-04. Frequency is quantitative evidence only and does not set CEFR level.,1.32
12B1-ATOM-0051,años,ATOMIC_SURFACE_FORM,CORP-18,FrequencyWords / OpenSubtitles2018 Spanish 50k,FrequencyWords content/2018/es/es_50k.txt (OpenSubtitles2018-derived),SURFACE_SUBTITLE_OCCURRENCE_COUNT_AND_RANK,MEASURED_EXACT_SURFACE,408547,129,FOUND_TOP50K,EXACT_CASE_SENSITIVE_SURFACE_TOKEN,2026-09-04,,,,,NONE_OR_NOT_ANNOTATED_IN_THIS_PASS,FULL_TOP50K_EXACT_LOOKUP_50000,,NOT_CALCULATED_DENOMINATOR_NOT_FIXED,SUBTITLE_AUDIOVISUAL,2018,OpenSubtitles2018 via FrequencyWords processing,CC BY-SA 4.0 content,ALLOWED_WITH_ATTRIBUTION_AND_SHAREALIKE_BOUNDARY,NONE_FREQUENCY_DOES_NOT_SET_LEVEL,QUANT_SIGNAL_AVAILABLE_NOT_YET_COMPOSITE_SCORED,https://github.com/hermitdave/FrequencyWords/blob/master/content/2018/es/es_50k.txt,https://raw.githubusercontent.com/hermitdave/FrequencyWords/refs/heads/master/content/2018/es/es_50k.txt,Full continuous top-50k exact surface sweep completed on 2026-09-04. Frequency is quantitative evidence only and does not set CEFR level.,1.32
12B1-ATOM-0052,bailar,ATOMIC_SURFACE_FORM,CORP-18,FrequencyWords / OpenSubtitles2018 Spanish 50k,FrequencyWords content/2018/es/es_50k.txt (OpenSubtitles2018-derived),SURFACE_SUBTITLE_OCCURRENCE_COUNT_AND_RANK,MEASURED_EXACT_SURFACE,28886,1222,FOUND_TOP50K,EXACT_CASE_SENSITIVE_SURFACE_TOKEN,2026-09-04,,,,,NONE_OR_NOT_ANNOTATED_IN_THIS_PASS,FULL_TOP50K_EXACT_LOOKUP_50000,,NOT_CALCULATED_DENOMINATOR_NOT_FIXED,SUBTITLE_AUDIOVISUAL,2018,OpenSubtitles2018 via FrequencyWords processing,CC BY-SA 4.0 content,ALLOWED_WITH_ATTRIBUTION_AND_SHAREALIKE_BOUNDARY,NONE_FREQUENCY_DOES_NOT_SET_LEVEL,QUANT_SIGNAL_AVAILABLE_NOT_YET_COMPOSITE_SCORED,https://github.com/hermitdave/FrequencyWords/blob/master/content/2018/es/es_50k.txt,https://raw.githubusercontent.com/hermitdave/FrequencyWords/refs/heads/master/content/2018/es/es_50k.txt,Full continuous top-50k exact surface sweep completed on 2026-09-04. Frequency is quantitative evidence only and does not set CEFR level.,1.32
12B1-ATOM-0053,bajo,ATOMIC_SURFACE_FORM,CORP-18,FrequencyWords / OpenSubtitles2018 Spanish 50k,FrequencyWords content/2018/es/es_50k.txt (OpenSubtitles2018-derived),SURFACE_SUBTITLE_OCCURRENCE_COUNT_AND_RANK,MEASURED_EXACT_SURFACE,111241,380,FOUND_TOP50K,EXACT_CASE_SENSITIVE_SURFACE_TOKEN,2026-09-04,,,,,NONE_OR_NOT_ANNOTATED_IN_THIS_PASS,FULL_TOP50K_EXACT_LOOKUP_50000,,NOT_CALCULATED_DENOMINATOR_NOT_FIXED,SUBTITLE_AUDIOVISUAL,2018,OpenSubtitles2018 via FrequencyWords processing,CC BY-SA 4.0 content,ALLOWED_WITH_ATTRIBUTION_AND_SHAREALIKE_BOUNDARY,NONE_FREQUENCY_DOES_NOT_SET_LEVEL,QUANT_SIGNAL_AVAILABLE_NOT_YET_COMPOSITE_SCORED,https://github.com/hermitdave/FrequencyWords/blob/master/content/2018/es/es_50k.txt,https://raw.githubusercontent.com/hermitdave/FrequencyWords/refs/heads/master/content/2018/es/es_50k.txt,Full continuous top-50k exact surface sweep completed on 2026-09-04. Frequency is quantitative evidence only and does not set CEFR level.,1.32
12B1-ATOM-0054,baloncesto,ATOMIC_SURFACE_FORM,CORP-18,FrequencyWords / OpenSubtitles2018 Spanish 50k,FrequencyWords content/2018/es/es_50k.txt (OpenSubtitles2018-derived),SURFACE_SUBTITLE_OCCURRENCE_COUNT_AND_RANK,MEASURED_EXACT_SURFACE,3955,6645,FOUND_TOP50K,EXACT_CASE_SENSITIVE_SURFACE_TOKEN,2026-09-04,,,,,NONE_OR_NOT_ANNOTATED_IN_THIS_PASS,FULL_TOP50K_EXACT_LOOKUP_50000,,NOT_CALCULATED_DENOMINATOR_NOT_FIXED,SUBTITLE_AUDIOVISUAL,2018,OpenSubtitles2018 via FrequencyWords processing,CC BY-SA 4.0 content,ALLOWED_WITH_ATTRIBUTION_AND_SHAREALIKE_BOUNDARY,NONE_FREQUENCY_DOES_NOT_SET_LEVEL,QUANT_SIGNAL_AVAILABLE_NOT_YET_COMPOSITE_SCORED,https://github.com/hermitdave/FrequencyWords/blob/master/content/2018/es/es_50k.txt,https://raw.githubusercontent.com/hermitdave/FrequencyWords/refs/heads/master/content/2018/es/es_50k.txt,Full continuous top-50k exact surface sweep completed on 2026-09-04. Frequency is quantitative evidence only and does not set CEFR level.,1.32
12B1-ATOM-0055,banco,ATOMIC_SURFACE_FORM,CORP-18,FrequencyWords / OpenSubtitles2018 Spanish 50k,FrequencyWords content/2018/es/es_50k.txt (OpenSubtitles2018-derived),SURFACE_SUBTITLE_OCCURRENCE_COUNT_AND_RANK,MEASURED_EXACT_SURFACE,32880,1103,FOUND_TOP50K,EXACT_CASE_SENSITIVE_SURFACE_TOKEN,2026-09-04,,,,,NONE_OR_NOT_ANNOTATED_IN_THIS_PASS,FULL_TOP50K_EXACT_LOOKUP_50000,,NOT_CALCULATED_DENOMINATOR_NOT_FIXED,SUBTITLE_AUDIOVISUAL,2018,OpenSubtitles2018 via FrequencyWords processing,CC BY-SA 4.0 content,ALLOWED_WITH_ATTRIBUTION_AND_SHAREALIKE_BOUNDARY,NONE_FREQUENCY_DOES_NOT_SET_LEVEL,QUANT_SIGNAL_AVAILABLE_NOT_YET_COMPOSITE_SCORED,https://github.com/hermitdave/FrequencyWords/blob/master/content/2018/es/es_50k.txt,https://raw.githubusercontent.com/hermitdave/FrequencyWords/refs/heads/master/content/2018/es/es_50k.txt,Full continuous top-50k exact surface sweep completed on 2026-09-04. Frequency is quantitative evidence only and does not set CEFR level.,1.32
12B1-ATOM-0056,bar,ATOMIC_SURFACE_FORM,CORP-18,FrequencyWords / OpenSubtitles2018 Spanish 50k,FrequencyWords content/2018/es/es_50k.txt (OpenSubtitles2018-derived),SURFACE_SUBTITLE_OCCURRENCE_COUNT_AND_RANK,MEASURED_EXACT_SURFACE,35461,1024,FOUND_TOP50K,EXACT_CASE_SENSITIVE_SURFACE_TOKEN,2026-09-04,,,,,NONE_OR_NOT_ANNOTATED_IN_THIS_PASS,FULL_TOP50K_EXACT_LOOKUP_50000,,NOT_CALCULATED_DENOMINATOR_NOT_FIXED,SUBTITLE_AUDIOVISUAL,2018,OpenSubtitles2018 via FrequencyWords processing,CC BY-SA 4.0 content,ALLOWED_WITH_ATTRIBUTION_AND_SHAREALIKE_BOUNDARY,NONE_FREQUENCY_DOES_NOT_SET_LEVEL,QUANT_SIGNAL_AVAILABLE_NOT_YET_COMPOSITE_SCORED,https://github.com/hermitdave/FrequencyWords/blob/master/content/2018/es/es_50k.txt,https://raw.githubusercontent.com/hermitdave/FrequencyWords/refs/heads/master/content/2018/es/es_50k.txt,Full continuous top-50k exact surface sweep completed on 2026-09-04. Frequency is quantitative evidence only and does not set CEFR level.,1.32
12B1-ATOM-0057,barato,ATOMIC_SURFACE_FORM,CORP-18,FrequencyWords / OpenSubtitles2018 Spanish 50k,FrequencyWords content/2018/es/es_50k.txt (OpenSubtitles2018-derived),SURFACE_SUBTITLE_OCCURRENCE_COUNT_AND_RANK,MEASURED_EXACT_SURFACE,8324,3627,FOUND_TOP50K,EXACT_CASE_SENSITIVE_SURFACE_TOKEN,2026-09-04,,,,,NONE_OR_NOT_ANNOTATED_IN_THIS_PASS,FULL_TOP50K_EXACT_LOOKUP_50000,,NOT_CALCULATED_DENOMINATOR_NOT_FIXED,SUBTITLE_AUDIOVISUAL,2018,OpenSubtitles2018 via FrequencyWords processing,CC BY-SA 4.0 content,ALLOWED_WITH_ATTRIBUTION_AND_SHAREALIKE_BOUNDARY,NONE_FREQUENCY_DOES_NOT_SET_LEVEL,QUANT_SIGNAL_AVAILABLE_NOT_YET_COMPOSITE_SCORED,https://github.com/hermitdave/FrequencyWords/blob/master/content/2018/es/es_50k.txt,https://raw.githubusercontent.com/hermitdave/FrequencyWords/refs/heads/master/content/2018/es/es_50k.txt,Full continuous top-50k exact surface sweep completed on 2026-09-04. Frequency is quantitative evidence only and does not set CEFR level.,1.32
12B1-ATOM-0058,barba,ATOMIC_SURFACE_FORM,CORP-18,FrequencyWords / OpenSubtitles2018 Spanish 50k,FrequencyWords content/2018/es/es_50k.txt (OpenSubtitles2018-derived),SURFACE_SUBTITLE_OCCURRENCE_COUNT_AND_RANK,MEASURED_EXACT_SURFACE,7082,4131,FOUND_TOP50K,EXACT_CASE_SENSITIVE_SURFACE_TOKEN,2026-09-04,,,,,NONE_OR_NOT_ANNOTATED_IN_THIS_PASS,FULL_TOP50K_EXACT_LOOKUP_50000,,NOT_CALCULATED_DENOMINATOR_NOT_FIXED,SUBTITLE_AUDIOVISUAL,2018,OpenSubtitles2018 via FrequencyWords processing,CC BY-SA 4.0 content,ALLOWED_WITH_ATTRIBUTION_AND_SHAREALIKE_BOUNDARY,NONE_FREQUENCY_DOES_NOT_SET_LEVEL,QUANT_SIGNAL_AVAILABLE_NOT_YET_COMPOSITE_SCORED,https://github.com/hermitdave/FrequencyWords/blob/master/content/2018/es/es_50k.txt,https://raw.githubusercontent.com/hermitdave/FrequencyWords/refs/heads/master/content/2018/es/es_50k.txt,Full continuous top-50k exact surface sweep completed on 2026-09-04. Frequency is quantitative evidence only and does not set CEFR level.,1.32
12B1-ATOM-0059,barco,ATOMIC_SURFACE_FORM,CORP-18,FrequencyWords / OpenSubtitles2018 Spanish 50k,FrequencyWords content/2018/es/es_50k.txt (OpenSubtitles2018-derived),SURFACE_SUBTITLE_OCCURRENCE_COUNT_AND_RANK,MEASURED_EXACT_SURFACE,43597,849,FOUND_TOP50K,EXACT_CASE_SENSITIVE_SURFACE_TOKEN,2026-09-04,,,,,NONE_OR_NOT_ANNOTATED_IN_THIS_PASS,FULL_TOP50K_EXACT_LOOKUP_50000,,NOT_CALCULATED_DENOMINATOR_NOT_FIXED,SUBTITLE_AUDIOVISUAL,2018,OpenSubtitles2018 via FrequencyWords processing,CC BY-SA 4.0 content,ALLOWED_WITH_ATTRIBUTION_AND_SHAREALIKE_BOUNDARY,NONE_FREQUENCY_DOES_NOT_SET_LEVEL,QUANT_SIGNAL_AVAILABLE_NOT_YET_COMPOSITE_SCORED,https://github.com/hermitdave/FrequencyWords/blob/master/content/2018/es/es_50k.txt,https://raw.githubusercontent.com/hermitdave/FrequencyWords/refs/heads/master/content/2018/es/es_50k.txt,Full continuous top-50k exact surface sweep completed on 2026-09-04. Frequency is quantitative evidence only and does not set CEFR level.,1.32
12B1-ATOM-0060,bastante,ATOMIC_SURFACE_FORM,CORP-18,FrequencyWords / OpenSubtitles2018 Spanish 50k,FrequencyWords content/2018/es/es_50k.txt (OpenSubtitles2018-derived),SURFACE_SUBTITLE_OCCURRENCE_COUNT_AND_RANK,MEASURED_EXACT_SURFACE,109431,385,FOUND_TOP50K,EXACT_CASE_SENSITIVE_SURFACE_TOKEN,2026-09-04,,,,,NONE_OR_NOT_ANNOTATED_IN_THIS_PASS,FULL_TOP50K_EXACT_LOOKUP_50000,,NOT_CALCULATED_DENOMINATOR_NOT_FIXED,SUBTITLE_AUDIOVISUAL,2018,OpenSubtitles2018 via FrequencyWords processing,CC BY-SA 4.0 content,ALLOWED_WITH_ATTRIBUTION_AND_SHAREALIKE_BOUNDARY,NONE_FREQUENCY_DOES_NOT_SET_LEVEL,QUANT_SIGNAL_AVAILABLE_NOT_YET_COMPOSITE_SCORED,https://github.com/hermitdave/FrequencyWords/blob/master/content/2018/es/es_50k.txt,https://raw.githubusercontent.com/hermitdave/FrequencyWords/refs/heads/master/content/2018/es/es_50k.txt,Full continuous top-50k exact surface sweep completed on 2026-09-04. Frequency is quantitative evidence only and does not set CEFR level.,1.32
12B1-ATOM-0061,bañarse,ATOMIC_SURFACE_FORM,CORP-18,FrequencyWords / OpenSubtitles2018 Spanish 50k,FrequencyWords content/2018/es/es_50k.txt (OpenSubtitles2018-derived),SURFACE_SUBTITLE_OCCURRENCE_COUNT_AND_RANK,MEASURED_EXACT_SURFACE,1002,17738,FOUND_TOP50K,EXACT_CASE_SENSITIVE_SURFACE_TOKEN,2026-09-04,,,,,NONE_OR_NOT_ANNOTATED_IN_THIS_PASS,FULL_TOP50K_EXACT_LOOKUP_50000,,NOT_CALCULATED_DENOMINATOR_NOT_FIXED,SUBTITLE_AUDIOVISUAL,2018,OpenSubtitles2018 via FrequencyWords processing,CC BY-SA 4.0 content,ALLOWED_WITH_ATTRIBUTION_AND_SHAREALIKE_BOUNDARY,NONE_FREQUENCY_DOES_NOT_SET_LEVEL,QUANT_SIGNAL_AVAILABLE_NOT_YET_COMPOSITE_SCORED,https://github.com/hermitdave/FrequencyWords/blob/master/content/2018/es/es_50k.txt,https://raw.githubusercontent.com/hermitdave/FrequencyWords/refs/heads/master/content/2018/es/es_50k.txt,Full continuous top-50k exact surface sweep completed on 2026-09-04. Frequency is quantitative evidence only and does not set CEFR level.,1.32
12B1-ATOM-0062,baño,ATOMIC_SURFACE_FORM,CORP-18,FrequencyWords / OpenSubtitles2018 Spanish 50k,FrequencyWords content/2018/es/es_50k.txt (OpenSubtitles2018-derived),SURFACE_SUBTITLE_OCCURRENCE_COUNT_AND_RANK,MEASURED_EXACT_SURFACE,53455,715,FOUND_TOP50K,EXACT_CASE_SENSITIVE_SURFACE_TOKEN,2026-09-04,,,,,NONE_OR_NOT_ANNOTATED_IN_THIS_PASS,FULL_TOP50K_EXACT_LOOKUP_50000,,NOT_CALCULATED_DENOMINATOR_NOT_FIXED,SUBTITLE_AUDIOVISUAL,2018,OpenSubtitles2018 via FrequencyWords processing,CC BY-SA 4.0 content,ALLOWED_WITH_ATTRIBUTION_AND_SHAREALIKE_BOUNDARY,NONE_FREQUENCY_DOES_NOT_SET_LEVEL,QUANT_SIGNAL_AVAILABLE_NOT_YET_COMPOSITE_SCORED,https://github.com/hermitdave/FrequencyWords/blob/master/content/2018/es/es_50k.txt,https://raw.githubusercontent.com/hermitdave/FrequencyWords/refs/heads/master/content/2018/es/es_50k.txt,Full continuous top-50k exact surface sweep completed on 2026-09-04. Frequency is quantitative evidence only and does not set CEFR level.,1.32
12B1-ATOM-0063,beber,ATOMIC_SURFACE_FORM,CORP-18,FrequencyWords / OpenSubtitles2018 Spanish 50k,FrequencyWords content/2018/es/es_50k.txt (OpenSubtitles2018-derived),SURFACE_SUBTITLE_OCCURRENCE_COUNT_AND_RANK,MEASURED_EXACT_SURFACE,34576,1053,FOUND_TOP50K,EXACT_CASE_SENSITIVE_SURFACE_TOKEN,2026-09-04,,,,,NONE_OR_NOT_ANNOTATED_IN_THIS_PASS,FULL_TOP50K_EXACT_LOOKUP_50000,,NOT_CALCULATED_DENOMINATOR_NOT_FIXED,SUBTITLE_AUDIOVISUAL,2018,OpenSubtitles2018 via FrequencyWords processing,CC BY-SA 4.0 content,ALLOWED_WITH_ATTRIBUTION_AND_SHAREALIKE_BOUNDARY,NONE_FREQUENCY_DOES_NOT_SET_LEVEL,QUANT_SIGNAL_AVAILABLE_NOT_YET_COMPOSITE_SCORED,https://github.com/hermitdave/FrequencyWords/blob/master/content/2018/es/es_50k.txt,https://raw.githubusercontent.com/hermitdave/FrequencyWords/refs/heads/master/content/2018/es/es_50k.txt,Full continuous top-50k exact surface sweep completed on 2026-09-04. Frequency is quantitative evidence only and does not set CEFR level.,1.32
12B1-ATOM-0064,biblioteca,ATOMIC_SURFACE_FORM,CORP-18,FrequencyWords / OpenSubtitles2018 Spanish 50k,FrequencyWords content/2018/es/es_50k.txt (OpenSubtitles2018-derived),SURFACE_SUBTITLE_OCCURRENCE_COUNT_AND_RANK,MEASURED_EXACT_SURFACE,10732,2948,FOUND_TOP50K,EXACT_CASE_SENSITIVE_SURFACE_TOKEN,2026-09-04,,,,,NONE_OR_NOT_ANNOTATED_IN_THIS_PASS,FULL_TOP50K_EXACT_LOOKUP_50000,,NOT_CALCULATED_DENOMINATOR_NOT_FIXED,SUBTITLE_AUDIOVISUAL,2018,OpenSubtitles2018 via FrequencyWords processing,CC BY-SA 4.0 content,ALLOWED_WITH_ATTRIBUTION_AND_SHAREALIKE_BOUNDARY,NONE_FREQUENCY_DOES_NOT_SET_LEVEL,QUANT_SIGNAL_AVAILABLE_NOT_YET_COMPOSITE_SCORED,https://github.com/hermitdave/FrequencyWords/blob/master/content/2018/es/es_50k.txt,https://raw.githubusercontent.com/hermitdave/FrequencyWords/refs/heads/master/content/2018/es/es_50k.txt,Full continuous top-50k exact surface sweep completed on 2026-09-04. Frequency is quantitative evidence only and does not set CEFR level.,1.32
12B1-ATOM-0065,bien,ATOMIC_SURFACE_FORM,CORP-18,FrequencyWords / OpenSubtitles2018 Spanish 50k,FrequencyWords content/2018/es/es_50k.txt (OpenSubtitles2018-derived),SURFACE_SUBTITLE_OCCURRENCE_COUNT_AND_RANK,MEASURED_EXACT_SURFACE,2045290,26,FOUND_TOP50K,EXACT_CASE_SENSITIVE_SURFACE_TOKEN,2026-09-04,,,,,NONE_OR_NOT_ANNOTATED_IN_THIS_PASS,FULL_TOP50K_EXACT_LOOKUP_50000,,NOT_CALCULATED_DENOMINATOR_NOT_FIXED,SUBTITLE_AUDIOVISUAL,2018,OpenSubtitles2018 via FrequencyWords processing,CC BY-SA 4.0 content,ALLOWED_WITH_ATTRIBUTION_AND_SHAREALIKE_BOUNDARY,NONE_FREQUENCY_DOES_NOT_SET_LEVEL,QUANT_SIGNAL_AVAILABLE_NOT_YET_COMPOSITE_SCORED,https://github.com/hermitdave/FrequencyWords/blob/master/content/2018/es/es_50k.txt,https://raw.githubusercontent.com/hermitdave/FrequencyWords/refs/heads/master/content/2018/es/es_50k.txt,Full continuous top-50k exact surface sweep completed on 2026-09-04. Frequency is quantitative evidence only and does not set CEFR level.,1.32
12B1-ATOM-0066,bigote,ATOMIC_SURFACE_FORM,CORP-18,FrequencyWords / OpenSubtitles2018 Spanish 50k,FrequencyWords content/2018/es/es_50k.txt (OpenSubtitles2018-derived),SURFACE_SUBTITLE_OCCURRENCE_COUNT_AND_RANK,MEASURED_EXACT_SURFACE,4757,5706,FOUND_TOP50K,EXACT_CASE_SENSITIVE_SURFACE_TOKEN,2026-09-04,,,,,NONE_OR_NOT_ANNOTATED_IN_THIS_PASS,FULL_TOP50K_EXACT_LOOKUP_50000,,NOT_CALCULATED_DENOMINATOR_NOT_FIXED,SUBTITLE_AUDIOVISUAL,2018,OpenSubtitles2018 via FrequencyWords processing,CC BY-SA 4.0 content,ALLOWED_WITH_ATTRIBUTION_AND_SHAREALIKE_BOUNDARY,NONE_FREQUENCY_DOES_NOT_SET_LEVEL,QUANT_SIGNAL_AVAILABLE_NOT_YET_COMPOSITE_SCORED,https://github.com/hermitdave/FrequencyWords/blob/master/content/2018/es/es_50k.txt,https://raw.githubusercontent.com/hermitdave/FrequencyWords/refs/heads/master/content/2018/es/es_50k.txt,Full continuous top-50k exact surface sweep completed on 2026-09-04. Frequency is quantitative evidence only and does not set CEFR level.,1.32
12B1-ATOM-0067,billete,ATOMIC_SURFACE_FORM,CORP-18,FrequencyWords / OpenSubtitles2018 Spanish 50k,FrequencyWords content/2018/es/es_50k.txt (OpenSubtitles2018-derived),SURFACE_SUBTITLE_OCCURRENCE_COUNT_AND_RANK,MEASURED_EXACT_SURFACE,7453,3981,FOUND_TOP50K,EXACT_CASE_SENSITIVE_SURFACE_TOKEN,2026-09-04,,,,,NONE_OR_NOT_ANNOTATED_IN_THIS_PASS,FULL_TOP50K_EXACT_LOOKUP_50000,,NOT_CALCULATED_DENOMINATOR_NOT_FIXED,SUBTITLE_AUDIOVISUAL,2018,OpenSubtitles2018 via FrequencyWords processing,CC BY-SA 4.0 content,ALLOWED_WITH_ATTRIBUTION_AND_SHAREALIKE_BOUNDARY,NONE_FREQUENCY_DOES_NOT_SET_LEVEL,QUANT_SIGNAL_AVAILABLE_NOT_YET_COMPOSITE_SCORED,https://github.com/hermitdave/FrequencyWords/blob/master/content/2018/es/es_50k.txt,https://raw.githubusercontent.com/hermitdave/FrequencyWords/refs/heads/master/content/2018/es/es_50k.txt,Full continuous top-50k exact surface sweep completed on 2026-09-04. Frequency is quantitative evidence only and does not set CEFR level.,1.32
12B1-ATOM-0068,blanco,ATOMIC_SURFACE_FORM,CORP-18,FrequencyWords / OpenSubtitles2018 Spanish 50k,FrequencyWords content/2018/es/es_50k.txt (OpenSubtitles2018-derived),SURFACE_SUBTITLE_OCCURRENCE_COUNT_AND_RANK,MEASURED_EXACT_SURFACE,43530,850,FOUND_TOP50K,EXACT_CASE_SENSITIVE_SURFACE_TOKEN,2026-09-04,,,,,NONE_OR_NOT_ANNOTATED_IN_THIS_PASS,FULL_TOP50K_EXACT_LOOKUP_50000,,NOT_CALCULATED_DENOMINATOR_NOT_FIXED,SUBTITLE_AUDIOVISUAL,2018,OpenSubtitles2018 via FrequencyWords processing,CC BY-SA 4.0 content,ALLOWED_WITH_ATTRIBUTION_AND_SHAREALIKE_BOUNDARY,NONE_FREQUENCY_DOES_NOT_SET_LEVEL,QUANT_SIGNAL_AVAILABLE_NOT_YET_COMPOSITE_SCORED,https://github.com/hermitdave/FrequencyWords/blob/master/content/2018/es/es_50k.txt,https://raw.githubusercontent.com/hermitdave/FrequencyWords/refs/heads/master/content/2018/es/es_50k.txt,Full continuous top-50k exact surface sweep completed on 2026-09-04. Frequency is quantitative evidence only and does not set CEFR level.,1.32
12B1-ATOM-0069,bocadillo,ATOMIC_SURFACE_FORM,CORP-18,FrequencyWords / OpenSubtitles2018 Spanish 50k,FrequencyWords content/2018/es/es_50k.txt (OpenSubtitles2018-derived),SURFACE_SUBTITLE_OCCURRENCE_COUNT_AND_RANK,MEASURED_EXACT_SURFACE,1842,11705,FOUND_TOP50K,EXACT_CASE_SENSITIVE_SURFACE_TOKEN,2026-09-04,,,,,NONE_OR_NOT_ANNOTATED_IN_THIS_PASS,FULL_TOP50K_EXACT_LOOKUP_50000,,NOT_CALCULATED_DENOMINATOR_NOT_FIXED,SUBTITLE_AUDIOVISUAL,2018,OpenSubtitles2018 via FrequencyWords processing,CC BY-SA 4.0 content,ALLOWED_WITH_ATTRIBUTION_AND_SHAREALIKE_BOUNDARY,NONE_FREQUENCY_DOES_NOT_SET_LEVEL,QUANT_SIGNAL_AVAILABLE_NOT_YET_COMPOSITE_SCORED,https://github.com/hermitdave/FrequencyWords/blob/master/content/2018/es/es_50k.txt,https://raw.githubusercontent.com/hermitdave/FrequencyWords/refs/heads/master/content/2018/es/es_50k.txt,Full continuous top-50k exact surface sweep completed on 2026-09-04. Frequency is quantitative evidence only and does not set CEFR level.,1.32
12B1-ATOM-0070,boleto,ATOMIC_SURFACE_FORM,CORP-18,FrequencyWords / OpenSubtitles2018 Spanish 50k,FrequencyWords content/2018/es/es_50k.txt (OpenSubtitles2018-derived),SURFACE_SUBTITLE_OCCURRENCE_COUNT_AND_RANK,MEASURED_EXACT_SURFACE,5091,5412,FOUND_TOP50K,EXACT_CASE_SENSITIVE_SURFACE_TOKEN,2026-09-04,,,,,REGIONAL_VARIANT_A1_RECEPTIVE,FULL_TOP50K_EXACT_LOOKUP_50000,,NOT_CALCULATED_DENOMINATOR_NOT_FIXED,SUBTITLE_AUDIOVISUAL,2018,OpenSubtitles2018 via FrequencyWords processing,CC BY-SA 4.0 content,ALLOWED_WITH_ATTRIBUTION_AND_SHAREALIKE_BOUNDARY,NONE_FREQUENCY_DOES_NOT_SET_LEVEL,QUANT_SIGNAL_AVAILABLE_NOT_YET_COMPOSITE_SCORED,https://github.com/hermitdave/FrequencyWords/blob/master/content/2018/es/es_50k.txt,https://raw.githubusercontent.com/hermitdave/FrequencyWords/refs/heads/master/content/2018/es/es_50k.txt,Full continuous top-50k exact surface sweep completed on 2026-09-04. Frequency is quantitative evidence only and does not set CEFR level.,1.32
12B1-ATOM-0071,bolso,ATOMIC_SURFACE_FORM,CORP-18,FrequencyWords / OpenSubtitles2018 Spanish 50k,FrequencyWords content/2018/es/es_50k.txt (OpenSubtitles2018-derived),SURFACE_SUBTITLE_OCCURRENCE_COUNT_AND_RANK,MEASURED_EXACT_SURFACE,13969,2358,FOUND_TOP50K,EXACT_CASE_SENSITIVE_SURFACE_TOKEN,2026-09-04,,,,,NONE_OR_NOT_ANNOTATED_IN_THIS_PASS,FULL_TOP50K_EXACT_LOOKUP_50000,,NOT_CALCULATED_DENOMINATOR_NOT_FIXED,SUBTITLE_AUDIOVISUAL,2018,OpenSubtitles2018 via FrequencyWords processing,CC BY-SA 4.0 content,ALLOWED_WITH_ATTRIBUTION_AND_SHAREALIKE_BOUNDARY,NONE_FREQUENCY_DOES_NOT_SET_LEVEL,QUANT_SIGNAL_AVAILABLE_NOT_YET_COMPOSITE_SCORED,https://github.com/hermitdave/FrequencyWords/blob/master/content/2018/es/es_50k.txt,https://raw.githubusercontent.com/hermitdave/FrequencyWords/refs/heads/master/content/2018/es/es_50k.txt,Full continuous top-50k exact surface sweep completed on 2026-09-04. Frequency is quantitative evidence only and does not set CEFR level.,1.32
12B1-ATOM-0072,bolígrafo,ATOMIC_SURFACE_FORM,CORP-18,FrequencyWords / OpenSubtitles2018 Spanish 50k,FrequencyWords content/2018/es/es_50k.txt (OpenSubtitles2018-derived),SURFACE_SUBTITLE_OCCURRENCE_COUNT_AND_RANK,MEASURED_EXACT_SURFACE,2383,9728,FOUND_TOP50K,EXACT_CASE_SENSITIVE_SURFACE_TOKEN,2026-09-04,,,,,NONE_OR_NOT_ANNOTATED_IN_THIS_PASS,FULL_TOP50K_EXACT_LOOKUP_50000,,NOT_CALCULATED_DENOMINATOR_NOT_FIXED,SUBTITLE_AUDIOVISUAL,2018,OpenSubtitles2018 via FrequencyWords processing,CC BY-SA 4.0 content,ALLOWED_WITH_ATTRIBUTION_AND_SHAREALIKE_BOUNDARY,NONE_FREQUENCY_DOES_NOT_SET_LEVEL,QUANT_SIGNAL_AVAILABLE_NOT_YET_COMPOSITE_SCORED,https://github.com/hermitdave/FrequencyWords/blob/master/content/2018/es/es_50k.txt,https://raw.githubusercontent.com/hermitdave/FrequencyWords/refs/heads/master/content/2018/es/es_50k.txt,Full continuous top-50k exact surface sweep completed on 2026-09-04. Frequency is quantitative evidence only and does not set CEFR level.,1.32
12B1-ATOM-0073,bombero,ATOMIC_SURFACE_FORM,CORP-18,FrequencyWords / OpenSubtitles2018 Spanish 50k,FrequencyWords content/2018/es/es_50k.txt (OpenSubtitles2018-derived),SURFACE_SUBTITLE_OCCURRENCE_COUNT_AND_RANK,MEASURED_EXACT_SURFACE,2556,9240,FOUND_TOP50K,EXACT_CASE_SENSITIVE_SURFACE_TOKEN,2026-09-04,,,,,NONE_OR_NOT_ANNOTATED_IN_THIS_PASS,FULL_TOP50K_EXACT_LOOKUP_50000,,NOT_CALCULATED_DENOMINATOR_NOT_FIXED,SUBTITLE_AUDIOVISUAL,2018,OpenSubtitles2018 via FrequencyWords processing,CC BY-SA 4.0 content,ALLOWED_WITH_ATTRIBUTION_AND_SHAREALIKE_BOUNDARY,NONE_FREQUENCY_DOES_NOT_SET_LEVEL,QUANT_SIGNAL_AVAILABLE_NOT_YET_COMPOSITE_SCORED,https://github.com/hermitdave/FrequencyWords/blob/master/content/2018/es/es_50k.txt,https://raw.githubusercontent.com/hermitdave/FrequencyWords/refs/heads/master/content/2018/es/es_50k.txt,Full continuous top-50k exact surface sweep completed on 2026-09-04. Frequency is quantitative evidence only and does not set CEFR level.,1.32
12B1-ATOM-0074,bonito,ATOMIC_SURFACE_FORM,CORP-18,FrequencyWords / OpenSubtitles2018 Spanish 50k,FrequencyWords content/2018/es/es_50k.txt (OpenSubtitles2018-derived),SURFACE_SUBTITLE_OCCURRENCE_COUNT_AND_RANK,MEASURED_EXACT_SURFACE,46554,805,FOUND_TOP50K,EXACT_CASE_SENSITIVE_SURFACE_TOKEN,2026-09-04,,,,,NONE_OR_NOT_ANNOTATED_IN_THIS_PASS,FULL_TOP50K_EXACT_LOOKUP_50000,,NOT_CALCULATED_DENOMINATOR_NOT_FIXED,SUBTITLE_AUDIOVISUAL,2018,OpenSubtitles2018 via FrequencyWords processing,CC BY-SA 4.0 content,ALLOWED_WITH_ATTRIBUTION_AND_SHAREALIKE_BOUNDARY,NONE_FREQUENCY_DOES_NOT_SET_LEVEL,QUANT_SIGNAL_AVAILABLE_NOT_YET_COMPOSITE_SCORED,https://github.com/hermitdave/FrequencyWords/blob/master/content/2018/es/es_50k.txt,https://raw.githubusercontent.com/hermitdave/FrequencyWords/refs/heads/master/content/2018/es/es_50k.txt,Full continuous top-50k exact surface sweep completed on 2026-09-04. Frequency is quantitative evidence only and does not set CEFR level.,1.32
12B1-ATOM-0075,budista,ATOMIC_SURFACE_FORM,CORP-18,FrequencyWords / OpenSubtitles2018 Spanish 50k,FrequencyWords content/2018/es/es_50k.txt (OpenSubtitles2018-derived),SURFACE_SUBTITLE_OCCURRENCE_COUNT_AND_RANK,MEASURED_EXACT_SURFACE,942,18463,FOUND_TOP50K,EXACT_CASE_SENSITIVE_SURFACE_TOKEN,2026-09-04,,,,,NONE_OR_NOT_ANNOTATED_IN_THIS_PASS,FULL_TOP50K_EXACT_LOOKUP_50000,,NOT_CALCULATED_DENOMINATOR_NOT_FIXED,SUBTITLE_AUDIOVISUAL,2018,OpenSubtitles2018 via FrequencyWords processing,CC BY-SA 4.0 content,ALLOWED_WITH_ATTRIBUTION_AND_SHAREALIKE_BOUNDARY,NONE_FREQUENCY_DOES_NOT_SET_LEVEL,QUANT_SIGNAL_AVAILABLE_NOT_YET_COMPOSITE_SCORED,https://github.com/hermitdave/FrequencyWords/blob/master/content/2018/es/es_50k.txt,https://raw.githubusercontent.com/hermitdave/FrequencyWords/refs/heads/master/content/2018/es/es_50k.txt,Full continuous top-50k exact surface sweep completed on 2026-09-04. Frequency is quantitative evidence only and does not set CEFR level.,1.32
12B1-ATOM-0076,bueno,ATOMIC_SURFACE_FORM,CORP-18,FrequencyWords / OpenSubtitles2018 Spanish 50k,FrequencyWords content/2018/es/es_50k.txt (OpenSubtitles2018-derived),SURFACE_SUBTITLE_OCCURRENCE_COUNT_AND_RANK,MEASURED_EXACT_SURFACE,1012700,50,FOUND_TOP50K,EXACT_CASE_SENSITIVE_SURFACE_TOKEN,2026-09-04,,,,,NONE_OR_NOT_ANNOTATED_IN_THIS_PASS,FULL_TOP50K_EXACT_LOOKUP_50000,,NOT_CALCULATED_DENOMINATOR_NOT_FIXED,SUBTITLE_AUDIOVISUAL,2018,OpenSubtitles2018 via FrequencyWords processing,CC BY-SA 4.0 content,ALLOWED_WITH_ATTRIBUTION_AND_SHAREALIKE_BOUNDARY,NONE_FREQUENCY_DOES_NOT_SET_LEVEL,QUANT_SIGNAL_AVAILABLE_NOT_YET_COMPOSITE_SCORED,https://github.com/hermitdave/FrequencyWords/blob/master/content/2018/es/es_50k.txt,https://raw.githubusercontent.com/hermitdave/FrequencyWords/refs/heads/master/content/2018/es/es_50k.txt,Full continuous top-50k exact surface sweep completed on 2026-09-04. Frequency is quantitative evidence only and does not set CEFR level.,1.32
12B1-ATOM-0077,café,ATOMIC_SURFACE_FORM,CORP-18,FrequencyWords / OpenSubtitles2018 Spanish 50k,FrequencyWords content/2018/es/es_50k.txt (OpenSubtitles2018-derived),SURFACE_SUBTITLE_OCCURRENCE_COUNT_AND_RANK,MEASURED_EXACT_SURFACE,63914,617,FOUND_TOP50K,EXACT_CASE_SENSITIVE_SURFACE_TOKEN,2026-09-04,,,,,NONE_OR_NOT_ANNOTATED_IN_THIS_PASS,FULL_TOP50K_EXACT_LOOKUP_50000,,NOT_CALCULATED_DENOMINATOR_NOT_FIXED,SUBTITLE_AUDIOVISUAL,2018,OpenSubtitles2018 via FrequencyWords processing,CC BY-SA 4.0 content,ALLOWED_WITH_ATTRIBUTION_AND_SHAREALIKE_BOUNDARY,NONE_FREQUENCY_DOES_NOT_SET_LEVEL,QUANT_SIGNAL_AVAILABLE_NOT_YET_COMPOSITE_SCORED,https://github.com/hermitdave/FrequencyWords/blob/master/content/2018/es/es_50k.txt,https://raw.githubusercontent.com/hermitdave/FrequencyWords/refs/heads/master/content/2018/es/es_50k.txt,Full continuous top-50k exact surface sweep completed on 2026-09-04. Frequency is quantitative evidence only and does not set CEFR level.,1.32
12B1-ATOM-0078,calefacción,ATOMIC_SURFACE_FORM,CORP-18,FrequencyWords / OpenSubtitles2018 Spanish 50k,FrequencyWords content/2018/es/es_50k.txt (OpenSubtitles2018-derived),SURFACE_SUBTITLE_OCCURRENCE_COUNT_AND_RANK,MEASURED_EXACT_SURFACE,2245,10168,FOUND_TOP50K,EXACT_CASE_SENSITIVE_SURFACE_TOKEN,2026-09-04,,,,,NONE_OR_NOT_ANNOTATED_IN_THIS_PASS,FULL_TOP50K_EXACT_LOOKUP_50000,,NOT_CALCULATED_DENOMINATOR_NOT_FIXED,SUBTITLE_AUDIOVISUAL,2018,OpenSubtitles2018 via FrequencyWords processing,CC BY-SA 4.0 content,ALLOWED_WITH_ATTRIBUTION_AND_SHAREALIKE_BOUNDARY,NONE_FREQUENCY_DOES_NOT_SET_LEVEL,QUANT_SIGNAL_AVAILABLE_NOT_YET_COMPOSITE_SCORED,https://github.com/hermitdave/FrequencyWords/blob/master/content/2018/es/es_50k.txt,https://raw.githubusercontent.com/hermitdave/FrequencyWords/refs/heads/master/content/2018/es/es_50k.txt,Full continuous top-50k exact surface sweep completed on 2026-09-04. Frequency is quantitative evidence only and does not set CEFR level.,1.32
12B1-ATOM-0079,caliente,ATOMIC_SURFACE_FORM,CORP-18,FrequencyWords / OpenSubtitles2018 Spanish 50k,FrequencyWords content/2018/es/es_50k.txt (OpenSubtitles2018-derived),SURFACE_SUBTITLE_OCCURRENCE_COUNT_AND_RANK,MEASURED_EXACT_SURFACE,33249,1098,FOUND_TOP50K,EXACT_CASE_SENSITIVE_SURFACE_TOKEN,2026-09-04,,,,,NONE_OR_NOT_ANNOTATED_IN_THIS_PASS,FULL_TOP50K_EXACT_LOOKUP_50000,,NOT_CALCULATED_DENOMINATOR_NOT_FIXED,SUBTITLE_AUDIOVISUAL,2018,OpenSubtitles2018 via FrequencyWords processing,CC BY-SA 4.0 content,ALLOWED_WITH_ATTRIBUTION_AND_SHAREALIKE_BOUNDARY,NONE_FREQUENCY_DOES_NOT_SET_LEVEL,QUANT_SIGNAL_AVAILABLE_NOT_YET_COMPOSITE_SCORED,https://github.com/hermitdave/FrequencyWords/blob/master/content/2018/es/es_50k.txt,https://raw.githubusercontent.com/hermitdave/FrequencyWords/refs/heads/master/content/2018/es/es_50k.txt,Full continuous top-50k exact surface sweep completed on 2026-09-04. Frequency is quantitative evidence only and does not set CEFR level.,1.32
12B1-ATOM-0080,calle,ATOMIC_SURFACE_FORM,CORP-18,FrequencyWords / OpenSubtitles2018 Spanish 50k,FrequencyWords content/2018/es/es_50k.txt (OpenSubtitles2018-derived),SURFACE_SUBTITLE_OCCURRENCE_COUNT_AND_RANK,MEASURED_EXACT_SURFACE,64675,607,FOUND_TOP50K,EXACT_CASE_SENSITIVE_SURFACE_TOKEN,2026-09-04,,,,,NONE_OR_NOT_ANNOTATED_IN_THIS_PASS,FULL_TOP50K_EXACT_LOOKUP_50000,,NOT_CALCULATED_DENOMINATOR_NOT_FIXED,SUBTITLE_AUDIOVISUAL,2018,OpenSubtitles2018 via FrequencyWords processing,CC BY-SA 4.0 content,ALLOWED_WITH_ATTRIBUTION_AND_SHAREALIKE_BOUNDARY,NONE_FREQUENCY_DOES_NOT_SET_LEVEL,QUANT_SIGNAL_AVAILABLE_NOT_YET_COMPOSITE_SCORED,https://github.com/hermitdave/FrequencyWords/blob/master/content/2018/es/es_50k.txt,https://raw.githubusercontent.com/hermitdave/FrequencyWords/refs/heads/master/content/2018/es/es_50k.txt,Full continuous top-50k exact surface sweep completed on 2026-09-04. Frequency is quantitative evidence only and does not set CEFR level.,1.32
12B1-ATOM-0081,calor,ATOMIC_SURFACE_FORM,CORP-18,FrequencyWords / OpenSubtitles2018 Spanish 50k,FrequencyWords content/2018/es/es_50k.txt (OpenSubtitles2018-derived),SURFACE_SUBTITLE_OCCURRENCE_COUNT_AND_RANK,MEASURED_EXACT_SURFACE,25680,1369,FOUND_TOP50K,EXACT_CASE_SENSITIVE_SURFACE_TOKEN,2026-09-04,,,,,NONE_OR_NOT_ANNOTATED_IN_THIS_PASS,FULL_TOP50K_EXACT_LOOKUP_50000,,NOT_CALCULATED_DENOMINATOR_NOT_FIXED,SUBTITLE_AUDIOVISUAL,2018,OpenSubtitles2018 via FrequencyWords processing,CC BY-SA 4.0 content,ALLOWED_WITH_ATTRIBUTION_AND_SHAREALIKE_BOUNDARY,NONE_FREQUENCY_DOES_NOT_SET_LEVEL,QUANT_SIGNAL_AVAILABLE_NOT_YET_COMPOSITE_SCORED,https://github.com/hermitdave/FrequencyWords/blob/master/content/2018/es/es_50k.txt,https://raw.githubusercontent.com/hermitdave/FrequencyWords/refs/heads/master/content/2018/es/es_50k.txt,Full continuous top-50k exact surface sweep completed on 2026-09-04. Frequency is quantitative evidence only and does not set CEFR level.,1.32
12B1-ATOM-0082,cama,ATOMIC_SURFACE_FORM,CORP-18,FrequencyWords / OpenSubtitles2018 Spanish 50k,FrequencyWords content/2018/es/es_50k.txt (OpenSubtitles2018-derived),SURFACE_SUBTITLE_OCCURRENCE_COUNT_AND_RANK,MEASURED_EXACT_SURFACE,75441,540,FOUND_TOP50K,EXACT_CASE_SENSITIVE_SURFACE_TOKEN,2026-09-04,,,,,NONE_OR_NOT_ANNOTATED_IN_THIS_PASS,FULL_TOP50K_EXACT_LOOKUP_50000,,NOT_CALCULATED_DENOMINATOR_NOT_FIXED,SUBTITLE_AUDIOVISUAL,2018,OpenSubtitles2018 via FrequencyWords processing,CC BY-SA 4.0 content,ALLOWED_WITH_ATTRIBUTION_AND_SHAREALIKE_BOUNDARY,NONE_FREQUENCY_DOES_NOT_SET_LEVEL,QUANT_SIGNAL_AVAILABLE_NOT_YET_COMPOSITE_SCORED,https://github.com/hermitdave/FrequencyWords/blob/master/content/2018/es/es_50k.txt,https://raw.githubusercontent.com/hermitdave/FrequencyWords/refs/heads/master/content/2018/es/es_50k.txt,Full continuous top-50k exact surface sweep completed on 2026-09-04. Frequency is quantitative evidence only and does not set CEFR level.,1.32
12B1-ATOM-0083,camarero,ATOMIC_SURFACE_FORM,CORP-18,FrequencyWords / OpenSubtitles2018 Spanish 50k,FrequencyWords content/2018/es/es_50k.txt (OpenSubtitles2018-derived),SURFACE_SUBTITLE_OCCURRENCE_COUNT_AND_RANK,MEASURED_EXACT_SURFACE,6805,4292,FOUND_TOP50K,EXACT_CASE_SENSITIVE_SURFACE_TOKEN,2026-09-04,,,,,NONE_OR_NOT_ANNOTATED_IN_THIS_PASS,FULL_TOP50K_EXACT_LOOKUP_50000,,NOT_CALCULATED_DENOMINATOR_NOT_FIXED,SUBTITLE_AUDIOVISUAL,2018,OpenSubtitles2018 via FrequencyWords processing,CC BY-SA 4.0 content,ALLOWED_WITH_ATTRIBUTION_AND_SHAREALIKE_BOUNDARY,NONE_FREQUENCY_DOES_NOT_SET_LEVEL,QUANT_SIGNAL_AVAILABLE_NOT_YET_COMPOSITE_SCORED,https://github.com/hermitdave/FrequencyWords/blob/master/content/2018/es/es_50k.txt,https://raw.githubusercontent.com/hermitdave/FrequencyWords/refs/heads/master/content/2018/es/es_50k.txt,Full continuous top-50k exact surface sweep completed on 2026-09-04. Frequency is quantitative evidence only and does not set CEFR level.,1.32
12B1-ATOM-0084,cambiar,ATOMIC_SURFACE_FORM,CORP-18,FrequencyWords / OpenSubtitles2018 Spanish 50k,FrequencyWords content/2018/es/es_50k.txt (OpenSubtitles2018-derived),SURFACE_SUBTITLE_OCCURRENCE_COUNT_AND_RANK,MEASURED_EXACT_SURFACE,55360,699,FOUND_TOP50K,EXACT_CASE_SENSITIVE_SURFACE_TOKEN,2026-09-04,,,,,NONE_OR_NOT_ANNOTATED_IN_THIS_PASS,FULL_TOP50K_EXACT_LOOKUP_50000,,NOT_CALCULATED_DENOMINATOR_NOT_FIXED,SUBTITLE_AUDIOVISUAL,2018,OpenSubtitles2018 via FrequencyWords processing,CC BY-SA 4.0 content,ALLOWED_WITH_ATTRIBUTION_AND_SHAREALIKE_BOUNDARY,NONE_FREQUENCY_DOES_NOT_SET_LEVEL,QUANT_SIGNAL_AVAILABLE_NOT_YET_COMPOSITE_SCORED,https://github.com/hermitdave/FrequencyWords/blob/master/content/2018/es/es_50k.txt,https://raw.githubusercontent.com/hermitdave/FrequencyWords/refs/heads/master/content/2018/es/es_50k.txt,Full continuous top-50k exact surface sweep completed on 2026-09-04. Frequency is quantitative evidence only and does not set CEFR level.,1.32
12B1-ATOM-0085,camisa,ATOMIC_SURFACE_FORM,CORP-18,FrequencyWords / OpenSubtitles2018 Spanish 50k,FrequencyWords content/2018/es/es_50k.txt (OpenSubtitles2018-derived),SURFACE_SUBTITLE_OCCURRENCE_COUNT_AND_RANK,MEASURED_EXACT_SURFACE,15874,2116,FOUND_TOP50K,EXACT_CASE_SENSITIVE_SURFACE_TOKEN,2026-09-04,,,,,NONE_OR_NOT_ANNOTATED_IN_THIS_PASS,FULL_TOP50K_EXACT_LOOKUP_50000,,NOT_CALCULATED_DENOMINATOR_NOT_FIXED,SUBTITLE_AUDIOVISUAL,2018,OpenSubtitles2018 via FrequencyWords processing,CC BY-SA 4.0 content,ALLOWED_WITH_ATTRIBUTION_AND_SHAREALIKE_BOUNDARY,NONE_FREQUENCY_DOES_NOT_SET_LEVEL,QUANT_SIGNAL_AVAILABLE_NOT_YET_COMPOSITE_SCORED,https://github.com/hermitdave/FrequencyWords/blob/master/content/2018/es/es_50k.txt,https://raw.githubusercontent.com/hermitdave/FrequencyWords/refs/heads/master/content/2018/es/es_50k.txt,Full continuous top-50k exact surface sweep completed on 2026-09-04. Frequency is quantitative evidence only and does not set CEFR level.,1.32
12B1-ATOM-0086,campin,ATOMIC_SURFACE_FORM,CORP-18,FrequencyWords / OpenSubtitles2018 Spanish 50k,FrequencyWords content/2018/es/es_50k.txt (OpenSubtitles2018-derived),SURFACE_SUBTITLE_OCCURRENCE_COUNT_AND_RANK,NORMALIZATION_REVIEW_REQUIRED,,,NORMALIZATION_REVIEW_REQUIRED,NO_EXACT_CASE_SENSITIVE_MATCH_CANDIDATE_PRESERVED_SEPARATELY,2026-09-04,camping,984,17955,ORTHOGRAPHIC_LEXICAL_NORMALIZATION_CANDIDATE_REVIEW_PHASE14,NONE_OR_NOT_ANNOTATED_IN_THIS_PASS,FULL_TOP50K_EXACT_LOOKUP_50000,,NOT_CALCULATED_DENOMINATOR_NOT_FIXED,SUBTITLE_AUDIOVISUAL,2018,OpenSubtitles2018 via FrequencyWords processing,CC BY-SA 4.0 content,ALLOWED_WITH_ATTRIBUTION_AND_SHAREALIKE_BOUNDARY,NONE_FREQUENCY_DOES_NOT_SET_LEVEL,QUANT_SIGNAL_WITHHELD_PENDING_NORMALIZATION,https://github.com/hermitdave/FrequencyWords/blob/master/content/2018/es/es_50k.txt,https://raw.githubusercontent.com/hermitdave/FrequencyWords/refs/heads/master/content/2018/es/es_50k.txt,Full continuous top-50k exact surface sweep completed on 2026-09-04. Frequency is quantitative evidence only and does not set CEFR level. No exact surface match stored; a non-destructive normalization candidate is recorded separately for Phase 14 review.,1.32
12B1-ATOM-0087,campo,ATOMIC_SURFACE_FORM,CORP-18,FrequencyWords / OpenSubtitles2018 Spanish 50k,FrequencyWords content/2018/es/es_50k.txt (OpenSubtitles2018-derived),SURFACE_SUBTITLE_OCCURRENCE_COUNT_AND_RANK,MEASURED_EXACT_SURFACE,49614,760,FOUND_TOP50K,EXACT_CASE_SENSITIVE_SURFACE_TOKEN,2026-09-04,,,,,NONE_OR_NOT_ANNOTATED_IN_THIS_PASS,FULL_TOP50K_EXACT_LOOKUP_50000,,NOT_CALCULATED_DENOMINATOR_NOT_FIXED,SUBTITLE_AUDIOVISUAL,2018,OpenSubtitles2018 via FrequencyWords processing,CC BY-SA 4.0 content,ALLOWED_WITH_ATTRIBUTION_AND_SHAREALIKE_BOUNDARY,NONE_FREQUENCY_DOES_NOT_SET_LEVEL,QUANT_SIGNAL_AVAILABLE_NOT_YET_COMPOSITE_SCORED,https://github.com/hermitdave/FrequencyWords/blob/master/content/2018/es/es_50k.txt,https://raw.githubusercontent.com/hermitdave/FrequencyWords/refs/heads/master/content/2018/es/es_50k.txt,Full continuous top-50k exact surface sweep completed on 2026-09-04. Frequency is quantitative evidence only and does not set CEFR level.,1.32
12B1-ATOM-0088,canción,ATOMIC_SURFACE_FORM,CORP-18,FrequencyWords / OpenSubtitles2018 Spanish 50k,FrequencyWords content/2018/es/es_50k.txt (OpenSubtitles2018-derived),SURFACE_SUBTITLE_OCCURRENCE_COUNT_AND_RANK,MEASURED_EXACT_SURFACE,42468,866,FOUND_TOP50K,EXACT_CASE_SENSITIVE_SURFACE_TOKEN,2026-09-04,,,,,NONE_OR_NOT_ANNOTATED_IN_THIS_PASS,FULL_TOP50K_EXACT_LOOKUP_50000,,NOT_CALCULATED_DENOMINATOR_NOT_FIXED,SUBTITLE_AUDIOVISUAL,2018,OpenSubtitles2018 via FrequencyWords processing,CC BY-SA 4.0 content,ALLOWED_WITH_ATTRIBUTION_AND_SHAREALIKE_BOUNDARY,NONE_FREQUENCY_DOES_NOT_SET_LEVEL,QUANT_SIGNAL_AVAILABLE_NOT_YET_COMPOSITE_SCORED,https://github.com/hermitdave/FrequencyWords/blob/master/content/2018/es/es_50k.txt,https://raw.githubusercontent.com/hermitdave/FrequencyWords/refs/heads/master/content/2018/es/es_50k.txt,Full continuous top-50k exact surface sweep completed on 2026-09-04. Frequency is quantitative evidence only and does not set CEFR level.,1.32
12B1-ATOM-0089,cantante,ATOMIC_SURFACE_FORM,CORP-18,FrequencyWords / OpenSubtitles2018 Spanish 50k,FrequencyWords content/2018/es/es_50k.txt (OpenSubtitles2018-derived),SURFACE_SUBTITLE_OCCURRENCE_COUNT_AND_RANK,MEASURED_EXACT_SURFACE,7513,3955,FOUND_TOP50K,EXACT_CASE_SENSITIVE_SURFACE_TOKEN,2026-09-04,,,,,NONE_OR_NOT_ANNOTATED_IN_THIS_PASS,FULL_TOP50K_EXACT_LOOKUP_50000,,NOT_CALCULATED_DENOMINATOR_NOT_FIXED,SUBTITLE_AUDIOVISUAL,2018,OpenSubtitles2018 via FrequencyWords processing,CC BY-SA 4.0 content,ALLOWED_WITH_ATTRIBUTION_AND_SHAREALIKE_BOUNDARY,NONE_FREQUENCY_DOES_NOT_SET_LEVEL,QUANT_SIGNAL_AVAILABLE_NOT_YET_COMPOSITE_SCORED,https://github.com/hermitdave/FrequencyWords/blob/master/content/2018/es/es_50k.txt,https://raw.githubusercontent.com/hermitdave/FrequencyWords/refs/heads/master/content/2018/es/es_50k.txt,Full continuous top-50k exact surface sweep completed on 2026-09-04. Frequency is quantitative evidence only and does not set CEFR level.,1.32
12B1-ATOM-0090,cantar,ATOMIC_SURFACE_FORM,CORP-18,FrequencyWords / OpenSubtitles2018 Spanish 50k,FrequencyWords content/2018/es/es_50k.txt (OpenSubtitles2018-derived),SURFACE_SUBTITLE_OCCURRENCE_COUNT_AND_RANK,MEASURED_EXACT_SURFACE,21325,1620,FOUND_TOP50K,EXACT_CASE_SENSITIVE_SURFACE_TOKEN,2026-09-04,,,,,NONE_OR_NOT_ANNOTATED_IN_THIS_PASS,FULL_TOP50K_EXACT_LOOKUP_50000,,NOT_CALCULATED_DENOMINATOR_NOT_FIXED,SUBTITLE_AUDIOVISUAL,2018,OpenSubtitles2018 via FrequencyWords processing,CC BY-SA 4.0 content,ALLOWED_WITH_ATTRIBUTION_AND_SHAREALIKE_BOUNDARY,NONE_FREQUENCY_DOES_NOT_SET_LEVEL,QUANT_SIGNAL_AVAILABLE_NOT_YET_COMPOSITE_SCORED,https://github.com/hermitdave/FrequencyWords/blob/master/content/2018/es/es_50k.txt,https://raw.githubusercontent.com/hermitdave/FrequencyWords/refs/heads/master/content/2018/es/es_50k.txt,Full continuous top-50k exact surface sweep completed on 2026-09-04. Frequency is quantitative evidence only and does not set CEFR level.,1.32
12B1-ATOM-0091,capital,ATOMIC_SURFACE_FORM,CORP-18,FrequencyWords / OpenSubtitles2018 Spanish 50k,FrequencyWords content/2018/es/es_50k.txt (OpenSubtitles2018-derived),SURFACE_SUBTITLE_OCCURRENCE_COUNT_AND_RANK,MEASURED_EXACT_SURFACE,8336,3623,FOUND_TOP50K,EXACT_CASE_SENSITIVE_SURFACE_TOKEN,2026-09-04,,,,,NONE_OR_NOT_ANNOTATED_IN_THIS_PASS,FULL_TOP50K_EXACT_LOOKUP_50000,,NOT_CALCULATED_DENOMINATOR_NOT_FIXED,SUBTITLE_AUDIOVISUAL,2018,OpenSubtitles2018 via FrequencyWords processing,CC BY-SA 4.0 content,ALLOWED_WITH_ATTRIBUTION_AND_SHAREALIKE_BOUNDARY,NONE_FREQUENCY_DOES_NOT_SET_LEVEL,QUANT_SIGNAL_AVAILABLE_NOT_YET_COMPOSITE_SCORED,https://github.com/hermitdave/FrequencyWords/blob/master/content/2018/es/es_50k.txt,https://raw.githubusercontent.com/hermitdave/FrequencyWords/refs/heads/master/content/2018/es/es_50k.txt,Full continuous top-50k exact surface sweep completed on 2026-09-04. Frequency is quantitative evidence only and does not set CEFR level.,1.32
12B1-ATOM-0092,cara,ATOMIC_SURFACE_FORM,CORP-18,FrequencyWords / OpenSubtitles2018 Spanish 50k,FrequencyWords content/2018/es/es_50k.txt (OpenSubtitles2018-derived),SURFACE_SUBTITLE_OCCURRENCE_COUNT_AND_RANK,MEASURED_EXACT_SURFACE,111953,378,FOUND_TOP50K,EXACT_CASE_SENSITIVE_SURFACE_TOKEN,2026-09-04,,,,,NONE_OR_NOT_ANNOTATED_IN_THIS_PASS,FULL_TOP50K_EXACT_LOOKUP_50000,,NOT_CALCULATED_DENOMINATOR_NOT_FIXED,SUBTITLE_AUDIOVISUAL,2018,OpenSubtitles2018 via FrequencyWords processing,CC BY-SA 4.0 content,ALLOWED_WITH_ATTRIBUTION_AND_SHAREALIKE_BOUNDARY,NONE_FREQUENCY_DOES_NOT_SET_LEVEL,QUANT_SIGNAL_AVAILABLE_NOT_YET_COMPOSITE_SCORED,https://github.com/hermitdave/FrequencyWords/blob/master/content/2018/es/es_50k.txt,https://raw.githubusercontent.com/hermitdave/FrequencyWords/refs/heads/master/content/2018/es/es_50k.txt,Full continuous top-50k exact surface sweep completed on 2026-09-04. Frequency is quantitative evidence only and does not set CEFR level.,1.32
12B1-ATOM-0093,carne,ATOMIC_SURFACE_FORM,CORP-18,FrequencyWords / OpenSubtitles2018 Spanish 50k,FrequencyWords content/2018/es/es_50k.txt (OpenSubtitles2018-derived),SURFACE_SUBTITLE_OCCURRENCE_COUNT_AND_RANK,MEASURED_EXACT_SURFACE,35253,1032,FOUND_TOP50K,EXACT_CASE_SENSITIVE_SURFACE_TOKEN,2026-09-04,,,,,NONE_OR_NOT_ANNOTATED_IN_THIS_PASS,FULL_TOP50K_EXACT_LOOKUP_50000,,NOT_CALCULATED_DENOMINATOR_NOT_FIXED,SUBTITLE_AUDIOVISUAL,2018,OpenSubtitles2018 via FrequencyWords processing,CC BY-SA 4.0 content,ALLOWED_WITH_ATTRIBUTION_AND_SHAREALIKE_BOUNDARY,NONE_FREQUENCY_DOES_NOT_SET_LEVEL,QUANT_SIGNAL_AVAILABLE_NOT_YET_COMPOSITE_SCORED,https://github.com/hermitdave/FrequencyWords/blob/master/content/2018/es/es_50k.txt,https://raw.githubusercontent.com/hermitdave/FrequencyWords/refs/heads/master/content/2018/es/es_50k.txt,Full continuous top-50k exact surface sweep completed on 2026-09-04. Frequency is quantitative evidence only and does not set CEFR level.,1.32
12B1-ATOM-0094,carné,ATOMIC_SURFACE_FORM,CORP-18,FrequencyWords / OpenSubtitles2018 Spanish 50k,FrequencyWords content/2018/es/es_50k.txt (OpenSubtitles2018-derived),SURFACE_SUBTITLE_OCCURRENCE_COUNT_AND_RANK,MEASURED_EXACT_SURFACE,1468,13731,FOUND_TOP50K,EXACT_CASE_SENSITIVE_SURFACE_TOKEN,2026-09-04,,,,,NONE_OR_NOT_ANNOTATED_IN_THIS_PASS,FULL_TOP50K_EXACT_LOOKUP_50000,,NOT_CALCULATED_DENOMINATOR_NOT_FIXED,SUBTITLE_AUDIOVISUAL,2018,OpenSubtitles2018 via FrequencyWords processing,CC BY-SA 4.0 content,ALLOWED_WITH_ATTRIBUTION_AND_SHAREALIKE_BOUNDARY,NONE_FREQUENCY_DOES_NOT_SET_LEVEL,QUANT_SIGNAL_AVAILABLE_NOT_YET_COMPOSITE_SCORED,https://github.com/hermitdave/FrequencyWords/blob/master/content/2018/es/es_50k.txt,https://raw.githubusercontent.com/hermitdave/FrequencyWords/refs/heads/master/content/2018/es/es_50k.txt,Full continuous top-50k exact surface sweep completed on 2026-09-04. Frequency is quantitative evidence only and does not set CEFR level.,1.32
12B1-ATOM-0095,caro,ATOMIC_SURFACE_FORM,CORP-18,FrequencyWords / OpenSubtitles2018 Spanish 50k,FrequencyWords content/2018/es/es_50k.txt (OpenSubtitles2018-derived),SURFACE_SUBTITLE_OCCURRENCE_COUNT_AND_RANK,MEASURED_EXACT_SURFACE,10393,3034,FOUND_TOP50K,EXACT_CASE_SENSITIVE_SURFACE_TOKEN,2026-09-04,,,,,NONE_OR_NOT_ANNOTATED_IN_THIS_PASS,FULL_TOP50K_EXACT_LOOKUP_50000,,NOT_CALCULATED_DENOMINATOR_NOT_FIXED,SUBTITLE_AUDIOVISUAL,2018,OpenSubtitles2018 via FrequencyWords processing,CC BY-SA 4.0 content,ALLOWED_WITH_ATTRIBUTION_AND_SHAREALIKE_BOUNDARY,NONE_FREQUENCY_DOES_NOT_SET_LEVEL,QUANT_SIGNAL_AVAILABLE_NOT_YET_COMPOSITE_SCORED,https://github.com/hermitdave/FrequencyWords/blob/master/content/2018/es/es_50k.txt,https://raw.githubusercontent.com/hermitdave/FrequencyWords/refs/heads/master/content/2018/es/es_50k.txt,Full continuous top-50k exact surface sweep completed on 2026-09-04. Frequency is quantitative evidence only and does not set CEFR level.,1.32
12B1-ATOM-0096,carretera,ATOMIC_SURFACE_FORM,CORP-18,FrequencyWords / OpenSubtitles2018 Spanish 50k,FrequencyWords content/2018/es/es_50k.txt (OpenSubtitles2018-derived),SURFACE_SUBTITLE_OCCURRENCE_COUNT_AND_RANK,MEASURED_EXACT_SURFACE,17275,1951,FOUND_TOP50K,EXACT_CASE_SENSITIVE_SURFACE_TOKEN,2026-09-04,,,,,NONE_OR_NOT_ANNOTATED_IN_THIS_PASS,FULL_TOP50K_EXACT_LOOKUP_50000,,NOT_CALCULATED_DENOMINATOR_NOT_FIXED,SUBTITLE_AUDIOVISUAL,2018,OpenSubtitles2018 via FrequencyWords processing,CC BY-SA 4.0 content,ALLOWED_WITH_ATTRIBUTION_AND_SHAREALIKE_BOUNDARY,NONE_FREQUENCY_DOES_NOT_SET_LEVEL,QUANT_SIGNAL_AVAILABLE_NOT_YET_COMPOSITE_SCORED,https://github.com/hermitdave/FrequencyWords/blob/master/content/2018/es/es_50k.txt,https://raw.githubusercontent.com/hermitdave/FrequencyWords/refs/heads/master/content/2018/es/es_50k.txt,Full continuous top-50k exact surface sweep completed on 2026-09-04. Frequency is quantitative evidence only and does not set CEFR level.,1.32
12B1-ATOM-0097,carro,ATOMIC_SURFACE_FORM,CORP-18,FrequencyWords / OpenSubtitles2018 Spanish 50k,FrequencyWords content/2018/es/es_50k.txt (OpenSubtitles2018-derived),SURFACE_SUBTITLE_OCCURRENCE_COUNT_AND_RANK,MEASURED_EXACT_SURFACE,13558,2412,FOUND_TOP50K,EXACT_CASE_SENSITIVE_SURFACE_TOKEN,2026-09-04,,,,,REGIONAL_VARIANT_A1_RECEPTIVE,FULL_TOP50K_EXACT_LOOKUP_50000,,NOT_CALCULATED_DENOMINATOR_NOT_FIXED,SUBTITLE_AUDIOVISUAL,2018,OpenSubtitles2018 via FrequencyWords processing,CC BY-SA 4.0 content,ALLOWED_WITH_ATTRIBUTION_AND_SHAREALIKE_BOUNDARY,NONE_FREQUENCY_DOES_NOT_SET_LEVEL,QUANT_SIGNAL_AVAILABLE_NOT_YET_COMPOSITE_SCORED,https://github.com/hermitdave/FrequencyWords/blob/master/content/2018/es/es_50k.txt,https://raw.githubusercontent.com/hermitdave/FrequencyWords/refs/heads/master/content/2018/es/es_50k.txt,Full continuous top-50k exact surface sweep completed on 2026-09-04. Frequency is quantitative evidence only and does not set CEFR level.,1.32
12B1-ATOM-0098,carta,ATOMIC_SURFACE_FORM,CORP-18,FrequencyWords / OpenSubtitles2018 Spanish 50k,FrequencyWords content/2018/es/es_50k.txt (OpenSubtitles2018-derived),SURFACE_SUBTITLE_OCCURRENCE_COUNT_AND_RANK,MEASURED_EXACT_SURFACE,45152,832,FOUND_TOP50K,EXACT_CASE_SENSITIVE_SURFACE_TOKEN,2026-09-04,,,,,NONE_OR_NOT_ANNOTATED_IN_THIS_PASS,FULL_TOP50K_EXACT_LOOKUP_50000,,NOT_CALCULATED_DENOMINATOR_NOT_FIXED,SUBTITLE_AUDIOVISUAL,2018,OpenSubtitles2018 via FrequencyWords processing,CC BY-SA 4.0 content,ALLOWED_WITH_ATTRIBUTION_AND_SHAREALIKE_BOUNDARY,NONE_FREQUENCY_DOES_NOT_SET_LEVEL,QUANT_SIGNAL_AVAILABLE_NOT_YET_COMPOSITE_SCORED,https://github.com/hermitdave/FrequencyWords/blob/master/content/2018/es/es_50k.txt,https://raw.githubusercontent.com/hermitdave/FrequencyWords/refs/heads/master/content/2018/es/es_50k.txt,Full continuous top-50k exact surface sweep completed on 2026-09-04. Frequency is quantitative evidence only and does not set CEFR level.,1.32
12B1-ATOM-0099,cartera,ATOMIC_SURFACE_FORM,CORP-18,FrequencyWords / OpenSubtitles2018 Spanish 50k,FrequencyWords content/2018/es/es_50k.txt (OpenSubtitles2018-derived),SURFACE_SUBTITLE_OCCURRENCE_COUNT_AND_RANK,MEASURED_EXACT_SURFACE,8716,3517,FOUND_TOP50K,EXACT_CASE_SENSITIVE_SURFACE_TOKEN,2026-09-04,,,,,NONE_OR_NOT_ANNOTATED_IN_THIS_PASS,FULL_TOP50K_EXACT_LOOKUP_50000,,NOT_CALCULATED_DENOMINATOR_NOT_FIXED,SUBTITLE_AUDIOVISUAL,2018,OpenSubtitles2018 via FrequencyWords processing,CC BY-SA 4.0 content,ALLOWED_WITH_ATTRIBUTION_AND_SHAREALIKE_BOUNDARY,NONE_FREQUENCY_DOES_NOT_SET_LEVEL,QUANT_SIGNAL_AVAILABLE_NOT_YET_COMPOSITE_SCORED,https://github.com/hermitdave/FrequencyWords/blob/master/content/2018/es/es_50k.txt,https://raw.githubusercontent.com/hermitdave/FrequencyWords/refs/heads/master/content/2018/es/es_50k.txt,Full continuous top-50k exact surface sweep completed on 2026-09-04. Frequency is quantitative evidence only and does not set CEFR level.,1.32
12B1-ATOM-0100,casa,ATOMIC_SURFACE_FORM,CORP-18,FrequencyWords / OpenSubtitles2018 Spanish 50k,FrequencyWords content/2018/es/es_50k.txt (OpenSubtitles2018-derived),SURFACE_SUBTITLE_OCCURRENCE_COUNT_AND_RANK,MEASURED_EXACT_SURFACE,587832,91,FOUND_TOP50K,EXACT_CASE_SENSITIVE_SURFACE_TOKEN,2026-09-04,,,,,NONE_OR_NOT_ANNOTATED_IN_THIS_PASS,FULL_TOP50K_EXACT_LOOKUP_50000,,NOT_CALCULATED_DENOMINATOR_NOT_FIXED,SUBTITLE_AUDIOVISUAL,2018,OpenSubtitles2018 via FrequencyWords processing,CC BY-SA 4.0 content,ALLOWED_WITH_ATTRIBUTION_AND_SHAREALIKE_BOUNDARY,NONE_FREQUENCY_DOES_NOT_SET_LEVEL,QUANT_SIGNAL_AVAILABLE_NOT_YET_COMPOSITE_SCORED,https://github.com/hermitdave/FrequencyWords/blob/master/content/2018/es/es_50k.txt,https://raw.githubusercontent.com/hermitdave/FrequencyWords/refs/heads/master/content/2018/es/es_50k.txt,Full continuous top-50k exact surface sweep completed on 2026-09-04. Frequency is quantitative evidence only and does not set CEFR level.,1.32
12B1-ATOM-0101,casado,ATOMIC_SURFACE_FORM,CORP-18,FrequencyWords / OpenSubtitles2018 Spanish 50k,FrequencyWords content/2018/es/es_50k.txt (OpenSubtitles2018-derived),SURFACE_SUBTITLE_OCCURRENCE_COUNT_AND_RANK,MEASURED_EXACT_SURFACE,23560,1472,FOUND_TOP50K,EXACT_CASE_SENSITIVE_SURFACE_TOKEN,2026-09-04,,,,,NONE_OR_NOT_ANNOTATED_IN_THIS_PASS,FULL_TOP50K_EXACT_LOOKUP_50000,,NOT_CALCULATED_DENOMINATOR_NOT_FIXED,SUBTITLE_AUDIOVISUAL,2018,OpenSubtitles2018 via FrequencyWords processing,CC BY-SA 4.0 content,ALLOWED_WITH_ATTRIBUTION_AND_SHAREALIKE_BOUNDARY,NONE_FREQUENCY_DOES_NOT_SET_LEVEL,QUANT_SIGNAL_AVAILABLE_NOT_YET_COMPOSITE_SCORED,https://github.com/hermitdave/FrequencyWords/blob/master/content/2018/es/es_50k.txt,https://raw.githubusercontent.com/hermitdave/FrequencyWords/refs/heads/master/content/2018/es/es_50k.txt,Full continuous top-50k exact surface sweep completed on 2026-09-04. Frequency is quantitative evidence only and does not set CEFR level.,1.32
12B1-ATOM-0102,catedral,ATOMIC_SURFACE_FORM,CORP-18,FrequencyWords / OpenSubtitles2018 Spanish 50k,FrequencyWords content/2018/es/es_50k.txt (OpenSubtitles2018-derived),SURFACE_SUBTITLE_OCCURRENCE_COUNT_AND_RANK,MEASURED_EXACT_SURFACE,1838,11727,FOUND_TOP50K,EXACT_CASE_SENSITIVE_SURFACE_TOKEN,2026-09-04,,,,,NONE_OR_NOT_ANNOTATED_IN_THIS_PASS,FULL_TOP50K_EXACT_LOOKUP_50000,,NOT_CALCULATED_DENOMINATOR_NOT_FIXED,SUBTITLE_AUDIOVISUAL,2018,OpenSubtitles2018 via FrequencyWords processing,CC BY-SA 4.0 content,ALLOWED_WITH_ATTRIBUTION_AND_SHAREALIKE_BOUNDARY,NONE_FREQUENCY_DOES_NOT_SET_LEVEL,QUANT_SIGNAL_AVAILABLE_NOT_YET_COMPOSITE_SCORED,https://github.com/hermitdave/FrequencyWords/blob/master/content/2018/es/es_50k.txt,https://raw.githubusercontent.com/hermitdave/FrequencyWords/refs/heads/master/content/2018/es/es_50k.txt,Full continuous top-50k exact surface sweep completed on 2026-09-04. Frequency is quantitative evidence only and does not set CEFR level.,1.32
12B1-ATOM-0103,celular,ATOMIC_SURFACE_FORM,CORP-18,FrequencyWords / OpenSubtitles2018 Spanish 50k,FrequencyWords content/2018/es/es_50k.txt (OpenSubtitles2018-derived),SURFACE_SUBTITLE_OCCURRENCE_COUNT_AND_RANK,MEASURED_EXACT_SURFACE,13042,2492,FOUND_TOP50K,EXACT_CASE_SENSITIVE_SURFACE_TOKEN,2026-09-04,,,,,REGIONAL_VARIANT_A1_RECEPTIVE,FULL_TOP50K_EXACT_LOOKUP_50000,,NOT_CALCULATED_DENOMINATOR_NOT_FIXED,SUBTITLE_AUDIOVISUAL,2018,OpenSubtitles2018 via FrequencyWords processing,CC BY-SA 4.0 content,ALLOWED_WITH_ATTRIBUTION_AND_SHAREALIKE_BOUNDARY,NONE_FREQUENCY_DOES_NOT_SET_LEVEL,QUANT_SIGNAL_AVAILABLE_NOT_YET_COMPOSITE_SCORED,https://github.com/hermitdave/FrequencyWords/blob/master/content/2018/es/es_50k.txt,https://raw.githubusercontent.com/hermitdave/FrequencyWords/refs/heads/master/content/2018/es/es_50k.txt,Full continuous top-50k exact surface sweep completed on 2026-09-04. Frequency is quantitative evidence only and does not set CEFR level.,1.32
12B1-ATOM-0104,cena,ATOMIC_SURFACE_FORM,CORP-18,FrequencyWords / OpenSubtitles2018 Spanish 50k,FrequencyWords content/2018/es/es_50k.txt (OpenSubtitles2018-derived),SURFACE_SUBTITLE_OCCURRENCE_COUNT_AND_RANK,MEASURED_EXACT_SURFACE,47357,797,FOUND_TOP50K,EXACT_CASE_SENSITIVE_SURFACE_TOKEN,2026-09-04,,,,,NONE_OR_NOT_ANNOTATED_IN_THIS_PASS,FULL_TOP50K_EXACT_LOOKUP_50000,,NOT_CALCULATED_DENOMINATOR_NOT_FIXED,SUBTITLE_AUDIOVISUAL,2018,OpenSubtitles2018 via FrequencyWords processing,CC BY-SA 4.0 content,ALLOWED_WITH_ATTRIBUTION_AND_SHAREALIKE_BOUNDARY,NONE_FREQUENCY_DOES_NOT_SET_LEVEL,QUANT_SIGNAL_AVAILABLE_NOT_YET_COMPOSITE_SCORED,https://github.com/hermitdave/FrequencyWords/blob/master/content/2018/es/es_50k.txt,https://raw.githubusercontent.com/hermitdave/FrequencyWords/refs/heads/master/content/2018/es/es_50k.txt,Full continuous top-50k exact surface sweep completed on 2026-09-04. Frequency is quantitative evidence only and does not set CEFR level.,1.32
12B1-ATOM-0105,cenar,ATOMIC_SURFACE_FORM,CORP-18,FrequencyWords / OpenSubtitles2018 Spanish 50k,FrequencyWords content/2018/es/es_50k.txt (OpenSubtitles2018-derived),SURFACE_SUBTITLE_OCCURRENCE_COUNT_AND_RANK,MEASURED_EXACT_SURFACE,33146,1100,FOUND_TOP50K,EXACT_CASE_SENSITIVE_SURFACE_TOKEN,2026-09-04,,,,,NONE_OR_NOT_ANNOTATED_IN_THIS_PASS,FULL_TOP50K_EXACT_LOOKUP_50000,,NOT_CALCULATED_DENOMINATOR_NOT_FIXED,SUBTITLE_AUDIOVISUAL,2018,OpenSubtitles2018 via FrequencyWords processing,CC BY-SA 4.0 content,ALLOWED_WITH_ATTRIBUTION_AND_SHAREALIKE_BOUNDARY,NONE_FREQUENCY_DOES_NOT_SET_LEVEL,QUANT_SIGNAL_AVAILABLE_NOT_YET_COMPOSITE_SCORED,https://github.com/hermitdave/FrequencyWords/blob/master/content/2018/es/es_50k.txt,https://raw.githubusercontent.com/hermitdave/FrequencyWords/refs/heads/master/content/2018/es/es_50k.txt,Full continuous top-50k exact surface sweep completed on 2026-09-04. Frequency is quantitative evidence only and does not set CEFR level.,1.32
12B1-ATOM-0106,centavo,ATOMIC_SURFACE_FORM,CORP-18,FrequencyWords / OpenSubtitles2018 Spanish 50k,FrequencyWords content/2018/es/es_50k.txt (OpenSubtitles2018-derived),SURFACE_SUBTITLE_OCCURRENCE_COUNT_AND_RANK,MEASURED_EXACT_SURFACE,6250,4592,FOUND_TOP50K,EXACT_CASE_SENSITIVE_SURFACE_TOKEN,2026-09-04,,,,,REGIONAL_VARIANT_A1_RECEPTIVE,FULL_TOP50K_EXACT_LOOKUP_50000,,NOT_CALCULATED_DENOMINATOR_NOT_FIXED,SUBTITLE_AUDIOVISUAL,2018,OpenSubtitles2018 via FrequencyWords processing,CC BY-SA 4.0 content,ALLOWED_WITH_ATTRIBUTION_AND_SHAREALIKE_BOUNDARY,NONE_FREQUENCY_DOES_NOT_SET_LEVEL,QUANT_SIGNAL_AVAILABLE_NOT_YET_COMPOSITE_SCORED,https://github.com/hermitdave/FrequencyWords/blob/master/content/2018/es/es_50k.txt,https://raw.githubusercontent.com/hermitdave/FrequencyWords/refs/heads/master/content/2018/es/es_50k.txt,Full continuous top-50k exact surface sweep completed on 2026-09-04. Frequency is quantitative evidence only and does not set CEFR level.,1.32
12B1-ATOM-0107,central,ATOMIC_SURFACE_FORM,CORP-18,FrequencyWords / OpenSubtitles2018 Spanish 50k,FrequencyWords content/2018/es/es_50k.txt (OpenSubtitles2018-derived),SURFACE_SUBTITLE_OCCURRENCE_COUNT_AND_RANK,MEASURED_EXACT_SURFACE,18819,1805,FOUND_TOP50K,EXACT_CASE_SENSITIVE_SURFACE_TOKEN,2026-09-04,,,,,NONE_OR_NOT_ANNOTATED_IN_THIS_PASS,FULL_TOP50K_EXACT_LOOKUP_50000,,NOT_CALCULATED_DENOMINATOR_NOT_FIXED,SUBTITLE_AUDIOVISUAL,2018,OpenSubtitles2018 via FrequencyWords processing,CC BY-SA 4.0 content,ALLOWED_WITH_ATTRIBUTION_AND_SHAREALIKE_BOUNDARY,NONE_FREQUENCY_DOES_NOT_SET_LEVEL,QUANT_SIGNAL_AVAILABLE_NOT_YET_COMPOSITE_SCORED,https://github.com/hermitdave/FrequencyWords/blob/master/content/2018/es/es_50k.txt,https://raw.githubusercontent.com/hermitdave/FrequencyWords/refs/heads/master/content/2018/es/es_50k.txt,Full continuous top-50k exact surface sweep completed on 2026-09-04. Frequency is quantitative evidence only and does not set CEFR level.,1.32
12B1-ATOM-0108,centro,ATOMIC_SURFACE_FORM,CORP-18,FrequencyWords / OpenSubtitles2018 Spanish 50k,FrequencyWords content/2018/es/es_50k.txt (OpenSubtitles2018-derived),SURFACE_SUBTITLE_OCCURRENCE_COUNT_AND_RANK,MEASURED_EXACT_SURFACE,45864,820,FOUND_TOP50K,EXACT_CASE_SENSITIVE_SURFACE_TOKEN,2026-09-04,,,,,NONE_OR_NOT_ANNOTATED_IN_THIS_PASS,FULL_TOP50K_EXACT_LOOKUP_50000,,NOT_CALCULATED_DENOMINATOR_NOT_FIXED,SUBTITLE_AUDIOVISUAL,2018,OpenSubtitles2018 via FrequencyWords processing,CC BY-SA 4.0 content,ALLOWED_WITH_ATTRIBUTION_AND_SHAREALIKE_BOUNDARY,NONE_FREQUENCY_DOES_NOT_SET_LEVEL,QUANT_SIGNAL_AVAILABLE_NOT_YET_COMPOSITE_SCORED,https://github.com/hermitdave/FrequencyWords/blob/master/content/2018/es/es_50k.txt,https://raw.githubusercontent.com/hermitdave/FrequencyWords/refs/heads/master/content/2018/es/es_50k.txt,Full continuous top-50k exact surface sweep completed on 2026-09-04. Frequency is quantitative evidence only and does not set CEFR level.,1.32
12B1-ATOM-0109,cerca,ATOMIC_SURFACE_FORM,CORP-18,FrequencyWords / OpenSubtitles2018 Spanish 50k,FrequencyWords content/2018/es/es_50k.txt (OpenSubtitles2018-derived),SURFACE_SUBTITLE_OCCURRENCE_COUNT_AND_RANK,MEASURED_EXACT_SURFACE,110690,381,FOUND_TOP50K,EXACT_CASE_SENSITIVE_SURFACE_TOKEN,2026-09-04,,,,,NONE_OR_NOT_ANNOTATED_IN_THIS_PASS,FULL_TOP50K_EXACT_LOOKUP_50000,,NOT_CALCULATED_DENOMINATOR_NOT_FIXED,SUBTITLE_AUDIOVISUAL,2018,OpenSubtitles2018 via FrequencyWords processing,CC BY-SA 4.0 content,ALLOWED_WITH_ATTRIBUTION_AND_SHAREALIKE_BOUNDARY,NONE_FREQUENCY_DOES_NOT_SET_LEVEL,QUANT_SIGNAL_AVAILABLE_NOT_YET_COMPOSITE_SCORED,https://github.com/hermitdave/FrequencyWords/blob/master/content/2018/es/es_50k.txt,https://raw.githubusercontent.com/hermitdave/FrequencyWords/refs/heads/master/content/2018/es/es_50k.txt,Full continuous top-50k exact surface sweep completed on 2026-09-04. Frequency is quantitative evidence only and does not set CEFR level.,1.32
12B1-ATOM-0110,cerrado,ATOMIC_SURFACE_FORM,CORP-18,FrequencyWords / OpenSubtitles2018 Spanish 50k,FrequencyWords content/2018/es/es_50k.txt (OpenSubtitles2018-derived),SURFACE_SUBTITLE_OCCURRENCE_COUNT_AND_RANK,MEASURED_EXACT_SURFACE,17604,1914,FOUND_TOP50K,EXACT_CASE_SENSITIVE_SURFACE_TOKEN,2026-09-04,,,,,NONE_OR_NOT_ANNOTATED_IN_THIS_PASS,FULL_TOP50K_EXACT_LOOKUP_50000,,NOT_CALCULATED_DENOMINATOR_NOT_FIXED,SUBTITLE_AUDIOVISUAL,2018,OpenSubtitles2018 via FrequencyWords processing,CC BY-SA 4.0 content,ALLOWED_WITH_ATTRIBUTION_AND_SHAREALIKE_BOUNDARY,NONE_FREQUENCY_DOES_NOT_SET_LEVEL,QUANT_SIGNAL_AVAILABLE_NOT_YET_COMPOSITE_SCORED,https://github.com/hermitdave/FrequencyWords/blob/master/content/2018/es/es_50k.txt,https://raw.githubusercontent.com/hermitdave/FrequencyWords/refs/heads/master/content/2018/es/es_50k.txt,Full continuous top-50k exact surface sweep completed on 2026-09-04. Frequency is quantitative evidence only and does not set CEFR level.,1.32
12B1-ATOM-0111,cerrar,ATOMIC_SURFACE_FORM,CORP-18,FrequencyWords / OpenSubtitles2018 Spanish 50k,FrequencyWords content/2018/es/es_50k.txt (OpenSubtitles2018-derived),SURFACE_SUBTITLE_OCCURRENCE_COUNT_AND_RANK,MEASURED_EXACT_SURFACE,18896,1798,FOUND_TOP50K,EXACT_CASE_SENSITIVE_SURFACE_TOKEN,2026-09-04,,,,,NONE_OR_NOT_ANNOTATED_IN_THIS_PASS,FULL_TOP50K_EXACT_LOOKUP_50000,,NOT_CALCULATED_DENOMINATOR_NOT_FIXED,SUBTITLE_AUDIOVISUAL,2018,OpenSubtitles2018 via FrequencyWords processing,CC BY-SA 4.0 content,ALLOWED_WITH_ATTRIBUTION_AND_SHAREALIKE_BOUNDARY,NONE_FREQUENCY_DOES_NOT_SET_LEVEL,QUANT_SIGNAL_AVAILABLE_NOT_YET_COMPOSITE_SCORED,https://github.com/hermitdave/FrequencyWords/blob/master/content/2018/es/es_50k.txt,https://raw.githubusercontent.com/hermitdave/FrequencyWords/refs/heads/master/content/2018/es/es_50k.txt,Full continuous top-50k exact surface sweep completed on 2026-09-04. Frequency is quantitative evidence only and does not set CEFR level.,1.32
12B1-ATOM-0112,cerveza,ATOMIC_SURFACE_FORM,CORP-18,FrequencyWords / OpenSubtitles2018 Spanish 50k,FrequencyWords content/2018/es/es_50k.txt (OpenSubtitles2018-derived),SURFACE_SUBTITLE_OCCURRENCE_COUNT_AND_RANK,MEASURED_EXACT_SURFACE,33902,1075,FOUND_TOP50K,EXACT_CASE_SENSITIVE_SURFACE_TOKEN,2026-09-04,,,,,NONE_OR_NOT_ANNOTATED_IN_THIS_PASS,FULL_TOP50K_EXACT_LOOKUP_50000,,NOT_CALCULATED_DENOMINATOR_NOT_FIXED,SUBTITLE_AUDIOVISUAL,2018,OpenSubtitles2018 via FrequencyWords processing,CC BY-SA 4.0 content,ALLOWED_WITH_ATTRIBUTION_AND_SHAREALIKE_BOUNDARY,NONE_FREQUENCY_DOES_NOT_SET_LEVEL,QUANT_SIGNAL_AVAILABLE_NOT_YET_COMPOSITE_SCORED,https://github.com/hermitdave/FrequencyWords/blob/master/content/2018/es/es_50k.txt,https://raw.githubusercontent.com/hermitdave/FrequencyWords/refs/heads/master/content/2018/es/es_50k.txt,Full continuous top-50k exact surface sweep completed on 2026-09-04. Frequency is quantitative evidence only and does not set CEFR level.,1.32
12B1-ATOM-0113,chao,ATOMIC_SURFACE_FORM,CORP-18,FrequencyWords / OpenSubtitles2018 Spanish 50k,FrequencyWords content/2018/es/es_50k.txt (OpenSubtitles2018-derived),SURFACE_SUBTITLE_OCCURRENCE_COUNT_AND_RANK,MEASURED_EXACT_SURFACE,2650,9007,FOUND_TOP50K,EXACT_CASE_SENSITIVE_SURFACE_TOKEN,2026-09-04,,,,,NONE_OR_NOT_ANNOTATED_IN_THIS_PASS,FULL_TOP50K_EXACT_LOOKUP_50000,,NOT_CALCULATED_DENOMINATOR_NOT_FIXED,SUBTITLE_AUDIOVISUAL,2018,OpenSubtitles2018 via FrequencyWords processing,CC BY-SA 4.0 content,ALLOWED_WITH_ATTRIBUTION_AND_SHAREALIKE_BOUNDARY,NONE_FREQUENCY_DOES_NOT_SET_LEVEL,QUANT_SIGNAL_AVAILABLE_NOT_YET_COMPOSITE_SCORED,https://github.com/hermitdave/FrequencyWords/blob/master/content/2018/es/es_50k.txt,https://raw.githubusercontent.com/hermitdave/FrequencyWords/refs/heads/master/content/2018/es/es_50k.txt,Full continuous top-50k exact surface sweep completed on 2026-09-04. Frequency is quantitative evidence only and does not set CEFR level.,1.32
12B1-ATOM-0114,chica,ATOMIC_SURFACE_FORM,CORP-18,FrequencyWords / OpenSubtitles2018 Spanish 50k,FrequencyWords content/2018/es/es_50k.txt (OpenSubtitles2018-derived),SURFACE_SUBTITLE_OCCURRENCE_COUNT_AND_RANK,MEASURED_EXACT_SURFACE,173210,259,FOUND_TOP50K,EXACT_CASE_SENSITIVE_SURFACE_TOKEN,2026-09-04,,,,,NONE_OR_NOT_ANNOTATED_IN_THIS_PASS,FULL_TOP50K_EXACT_LOOKUP_50000,,NOT_CALCULATED_DENOMINATOR_NOT_FIXED,SUBTITLE_AUDIOVISUAL,2018,OpenSubtitles2018 via FrequencyWords processing,CC BY-SA 4.0 content,ALLOWED_WITH_ATTRIBUTION_AND_SHAREALIKE_BOUNDARY,NONE_FREQUENCY_DOES_NOT_SET_LEVEL,QUANT_SIGNAL_AVAILABLE_NOT_YET_COMPOSITE_SCORED,https://github.com/hermitdave/FrequencyWords/blob/master/content/2018/es/es_50k.txt,https://raw.githubusercontent.com/hermitdave/FrequencyWords/refs/heads/master/content/2018/es/es_50k.txt,Full continuous top-50k exact surface sweep completed on 2026-09-04. Frequency is quantitative evidence only and does not set CEFR level.,1.32
12B1-ATOM-0115,chico,ATOMIC_SURFACE_FORM,CORP-18,FrequencyWords / OpenSubtitles2018 Spanish 50k,FrequencyWords content/2018/es/es_50k.txt (OpenSubtitles2018-derived),SURFACE_SUBTITLE_OCCURRENCE_COUNT_AND_RANK,MEASURED_EXACT_SURFACE,145009,293,FOUND_TOP50K,EXACT_CASE_SENSITIVE_SURFACE_TOKEN,2026-09-04,,,,,NONE_OR_NOT_ANNOTATED_IN_THIS_PASS,FULL_TOP50K_EXACT_LOOKUP_50000,,NOT_CALCULATED_DENOMINATOR_NOT_FIXED,SUBTITLE_AUDIOVISUAL,2018,OpenSubtitles2018 via FrequencyWords processing,CC BY-SA 4.0 content,ALLOWED_WITH_ATTRIBUTION_AND_SHAREALIKE_BOUNDARY,NONE_FREQUENCY_DOES_NOT_SET_LEVEL,QUANT_SIGNAL_AVAILABLE_NOT_YET_COMPOSITE_SCORED,https://github.com/hermitdave/FrequencyWords/blob/master/content/2018/es/es_50k.txt,https://raw.githubusercontent.com/hermitdave/FrequencyWords/refs/heads/master/content/2018/es/es_50k.txt,Full continuous top-50k exact surface sweep completed on 2026-09-04. Frequency is quantitative evidence only and does not set CEFR level.,1.32
12B1-ATOM-0116,chofer,ATOMIC_SURFACE_FORM,CORP-18,FrequencyWords / OpenSubtitles2018 Spanish 50k,FrequencyWords content/2018/es/es_50k.txt (OpenSubtitles2018-derived),SURFACE_SUBTITLE_OCCURRENCE_COUNT_AND_RANK,MEASURED_EXACT_SURFACE,4047,6510,FOUND_TOP50K,EXACT_CASE_SENSITIVE_SURFACE_TOKEN,2026-09-04,,,,,REGIONAL_VARIANT_A1_RECEPTIVE,FULL_TOP50K_EXACT_LOOKUP_50000,,NOT_CALCULATED_DENOMINATOR_NOT_FIXED,SUBTITLE_AUDIOVISUAL,2018,OpenSubtitles2018 via FrequencyWords processing,CC BY-SA 4.0 content,ALLOWED_WITH_ATTRIBUTION_AND_SHAREALIKE_BOUNDARY,NONE_FREQUENCY_DOES_NOT_SET_LEVEL,QUANT_SIGNAL_AVAILABLE_NOT_YET_COMPOSITE_SCORED,https://github.com/hermitdave/FrequencyWords/blob/master/content/2018/es/es_50k.txt,https://raw.githubusercontent.com/hermitdave/FrequencyWords/refs/heads/master/content/2018/es/es_50k.txt,Full continuous top-50k exact surface sweep completed on 2026-09-04. Frequency is quantitative evidence only and does not set CEFR level.,1.32
12B1-ATOM-0117,cine,ATOMIC_SURFACE_FORM,CORP-18,FrequencyWords / OpenSubtitles2018 Spanish 50k,FrequencyWords content/2018/es/es_50k.txt (OpenSubtitles2018-derived),SURFACE_SUBTITLE_OCCURRENCE_COUNT_AND_RANK,MEASURED_EXACT_SURFACE,24776,1406,FOUND_TOP50K,EXACT_CASE_SENSITIVE_SURFACE_TOKEN,2026-09-04,,,,,NONE_OR_NOT_ANNOTATED_IN_THIS_PASS,FULL_TOP50K_EXACT_LOOKUP_50000,,NOT_CALCULATED_DENOMINATOR_NOT_FIXED,SUBTITLE_AUDIOVISUAL,2018,OpenSubtitles2018 via FrequencyWords processing,CC BY-SA 4.0 content,ALLOWED_WITH_ATTRIBUTION_AND_SHAREALIKE_BOUNDARY,NONE_FREQUENCY_DOES_NOT_SET_LEVEL,QUANT_SIGNAL_AVAILABLE_NOT_YET_COMPOSITE_SCORED,https://github.com/hermitdave/FrequencyWords/blob/master/content/2018/es/es_50k.txt,https://raw.githubusercontent.com/hermitdave/FrequencyWords/refs/heads/master/content/2018/es/es_50k.txt,Full continuous top-50k exact surface sweep completed on 2026-09-04. Frequency is quantitative evidence only and does not set CEFR level.,1.32
12B1-ATOM-0118,circo,ATOMIC_SURFACE_FORM,CORP-18,FrequencyWords / OpenSubtitles2018 Spanish 50k,FrequencyWords content/2018/es/es_50k.txt (OpenSubtitles2018-derived),SURFACE_SUBTITLE_OCCURRENCE_COUNT_AND_RANK,MEASURED_EXACT_SURFACE,7326,4029,FOUND_TOP50K,EXACT_CASE_SENSITIVE_SURFACE_TOKEN,2026-09-04,,,,,NONE_OR_NOT_ANNOTATED_IN_THIS_PASS,FULL_TOP50K_EXACT_LOOKUP_50000,,NOT_CALCULATED_DENOMINATOR_NOT_FIXED,SUBTITLE_AUDIOVISUAL,2018,OpenSubtitles2018 via FrequencyWords processing,CC BY-SA 4.0 content,ALLOWED_WITH_ATTRIBUTION_AND_SHAREALIKE_BOUNDARY,NONE_FREQUENCY_DOES_NOT_SET_LEVEL,QUANT_SIGNAL_AVAILABLE_NOT_YET_COMPOSITE_SCORED,https://github.com/hermitdave/FrequencyWords/blob/master/content/2018/es/es_50k.txt,https://raw.githubusercontent.com/hermitdave/FrequencyWords/refs/heads/master/content/2018/es/es_50k.txt,Full continuous top-50k exact surface sweep completed on 2026-09-04. Frequency is quantitative evidence only and does not set CEFR level.,1.32
12B1-ATOM-0119,ciudad,ATOMIC_SURFACE_FORM,CORP-18,FrequencyWords / OpenSubtitles2018 Spanish 50k,FrequencyWords content/2018/es/es_50k.txt (OpenSubtitles2018-derived),SURFACE_SUBTITLE_OCCURRENCE_COUNT_AND_RANK,MEASURED_EXACT_SURFACE,126710,336,FOUND_TOP50K,EXACT_CASE_SENSITIVE_SURFACE_TOKEN,2026-09-04,,,,,NONE_OR_NOT_ANNOTATED_IN_THIS_PASS,FULL_TOP50K_EXACT_LOOKUP_50000,,NOT_CALCULATED_DENOMINATOR_NOT_FIXED,SUBTITLE_AUDIOVISUAL,2018,OpenSubtitles2018 via FrequencyWords processing,CC BY-SA 4.0 content,ALLOWED_WITH_ATTRIBUTION_AND_SHAREALIKE_BOUNDARY,NONE_FREQUENCY_DOES_NOT_SET_LEVEL,QUANT_SIGNAL_AVAILABLE_NOT_YET_COMPOSITE_SCORED,https://github.com/hermitdave/FrequencyWords/blob/master/content/2018/es/es_50k.txt,https://raw.githubusercontent.com/hermitdave/FrequencyWords/refs/heads/master/content/2018/es/es_50k.txt,Full continuous top-50k exact surface sweep completed on 2026-09-04. Frequency is quantitative evidence only and does not set CEFR level.,1.32
12B1-ATOM-0120,claro,ATOMIC_SURFACE_FORM,CORP-18,FrequencyWords / OpenSubtitles2018 Spanish 50k,FrequencyWords content/2018/es/es_50k.txt (OpenSubtitles2018-derived),SURFACE_SUBTITLE_OCCURRENCE_COUNT_AND_RANK,MEASURED_EXACT_SURFACE,296584,166,FOUND_TOP50K,EXACT_CASE_SENSITIVE_SURFACE_TOKEN,2026-09-04,,,,,NONE_OR_NOT_ANNOTATED_IN_THIS_PASS,FULL_TOP50K_EXACT_LOOKUP_50000,,NOT_CALCULATED_DENOMINATOR_NOT_FIXED,SUBTITLE_AUDIOVISUAL,2018,OpenSubtitles2018 via FrequencyWords processing,CC BY-SA 4.0 content,ALLOWED_WITH_ATTRIBUTION_AND_SHAREALIKE_BOUNDARY,NONE_FREQUENCY_DOES_NOT_SET_LEVEL,QUANT_SIGNAL_AVAILABLE_NOT_YET_COMPOSITE_SCORED,https://github.com/hermitdave/FrequencyWords/blob/master/content/2018/es/es_50k.txt,https://raw.githubusercontent.com/hermitdave/FrequencyWords/refs/heads/master/content/2018/es/es_50k.txt,Full continuous top-50k exact surface sweep completed on 2026-09-04. Frequency is quantitative evidence only and does not set CEFR level.,1.32
12B1-ATOM-0121,clase,ATOMIC_SURFACE_FORM,CORP-18,FrequencyWords / OpenSubtitles2018 Spanish 50k,FrequencyWords content/2018/es/es_50k.txt (OpenSubtitles2018-derived),SURFACE_SUBTITLE_OCCURRENCE_COUNT_AND_RANK,MEASURED_EXACT_SURFACE,103827,410,FOUND_TOP50K,EXACT_CASE_SENSITIVE_SURFACE_TOKEN,2026-09-04,,,,,NONE_OR_NOT_ANNOTATED_IN_THIS_PASS,FULL_TOP50K_EXACT_LOOKUP_50000,,NOT_CALCULATED_DENOMINATOR_NOT_FIXED,SUBTITLE_AUDIOVISUAL,2018,OpenSubtitles2018 via FrequencyWords processing,CC BY-SA 4.0 content,ALLOWED_WITH_ATTRIBUTION_AND_SHAREALIKE_BOUNDARY,NONE_FREQUENCY_DOES_NOT_SET_LEVEL,QUANT_SIGNAL_AVAILABLE_NOT_YET_COMPOSITE_SCORED,https://github.com/hermitdave/FrequencyWords/blob/master/content/2018/es/es_50k.txt,https://raw.githubusercontent.com/hermitdave/FrequencyWords/refs/heads/master/content/2018/es/es_50k.txt,Full continuous top-50k exact surface sweep completed on 2026-09-04. Frequency is quantitative evidence only and does not set CEFR level.,1.32
12B1-ATOM-0122,coche,ATOMIC_SURFACE_FORM,CORP-18,FrequencyWords / OpenSubtitles2018 Spanish 50k,FrequencyWords content/2018/es/es_50k.txt (OpenSubtitles2018-derived),SURFACE_SUBTITLE_OCCURRENCE_COUNT_AND_RANK,MEASURED_EXACT_SURFACE,103946,408,FOUND_TOP50K,EXACT_CASE_SENSITIVE_SURFACE_TOKEN,2026-09-04,,,,,NONE_OR_NOT_ANNOTATED_IN_THIS_PASS,FULL_TOP50K_EXACT_LOOKUP_50000,,NOT_CALCULATED_DENOMINATOR_NOT_FIXED,SUBTITLE_AUDIOVISUAL,2018,OpenSubtitles2018 via FrequencyWords processing,CC BY-SA 4.0 content,ALLOWED_WITH_ATTRIBUTION_AND_SHAREALIKE_BOUNDARY,NONE_FREQUENCY_DOES_NOT_SET_LEVEL,QUANT_SIGNAL_AVAILABLE_NOT_YET_COMPOSITE_SCORED,https://github.com/hermitdave/FrequencyWords/blob/master/content/2018/es/es_50k.txt,https://raw.githubusercontent.com/hermitdave/FrequencyWords/refs/heads/master/content/2018/es/es_50k.txt,Full continuous top-50k exact surface sweep completed on 2026-09-04. Frequency is quantitative evidence only and does not set CEFR level.,1.32
12B1-ATOM-0123,cocina,ATOMIC_SURFACE_FORM,CORP-18,FrequencyWords / OpenSubtitles2018 Spanish 50k,FrequencyWords content/2018/es/es_50k.txt (OpenSubtitles2018-derived),SURFACE_SUBTITLE_OCCURRENCE_COUNT_AND_RANK,MEASURED_EXACT_SURFACE,35715,1018,FOUND_TOP50K,EXACT_CASE_SENSITIVE_SURFACE_TOKEN,2026-09-04,,,,,NONE_OR_NOT_ANNOTATED_IN_THIS_PASS,FULL_TOP50K_EXACT_LOOKUP_50000,,NOT_CALCULATED_DENOMINATOR_NOT_FIXED,SUBTITLE_AUDIOVISUAL,2018,OpenSubtitles2018 via FrequencyWords processing,CC BY-SA 4.0 content,ALLOWED_WITH_ATTRIBUTION_AND_SHAREALIKE_BOUNDARY,NONE_FREQUENCY_DOES_NOT_SET_LEVEL,QUANT_SIGNAL_AVAILABLE_NOT_YET_COMPOSITE_SCORED,https://github.com/hermitdave/FrequencyWords/blob/master/content/2018/es/es_50k.txt,https://raw.githubusercontent.com/hermitdave/FrequencyWords/refs/heads/master/content/2018/es/es_50k.txt,Full continuous top-50k exact surface sweep completed on 2026-09-04. Frequency is quantitative evidence only and does not set CEFR level.,1.32
12B1-ATOM-0124,colectivo,ATOMIC_SURFACE_FORM,CORP-18,FrequencyWords / OpenSubtitles2018 Spanish 50k,FrequencyWords content/2018/es/es_50k.txt (OpenSubtitles2018-derived),SURFACE_SUBTITLE_OCCURRENCE_COUNT_AND_RANK,MEASURED_EXACT_SURFACE,1416,14044,FOUND_TOP50K,EXACT_CASE_SENSITIVE_SURFACE_TOKEN,2026-09-04,,,,,REGIONAL_VARIANT_A1_RECEPTIVE,FULL_TOP50K_EXACT_LOOKUP_50000,,NOT_CALCULATED_DENOMINATOR_NOT_FIXED,SUBTITLE_AUDIOVISUAL,2018,OpenSubtitles2018 via FrequencyWords processing,CC BY-SA 4.0 content,ALLOWED_WITH_ATTRIBUTION_AND_SHAREALIKE_BOUNDARY,NONE_FREQUENCY_DOES_NOT_SET_LEVEL,QUANT_SIGNAL_AVAILABLE_NOT_YET_COMPOSITE_SCORED,https://github.com/hermitdave/FrequencyWords/blob/master/content/2018/es/es_50k.txt,https://raw.githubusercontent.com/hermitdave/FrequencyWords/refs/heads/master/content/2018/es/es_50k.txt,Full continuous top-50k exact surface sweep completed on 2026-09-04. Frequency is quantitative evidence only and does not set CEFR level.,1.32
12B1-ATOM-0125,colegio,ATOMIC_SURFACE_FORM,CORP-18,FrequencyWords / OpenSubtitles2018 Spanish 50k,FrequencyWords content/2018/es/es_50k.txt (OpenSubtitles2018-derived),SURFACE_SUBTITLE_OCCURRENCE_COUNT_AND_RANK,MEASURED_EXACT_SURFACE,22498,1539,FOUND_TOP50K,EXACT_CASE_SENSITIVE_SURFACE_TOKEN,2026-09-04,,,,,NONE_OR_NOT_ANNOTATED_IN_THIS_PASS,FULL_TOP50K_EXACT_LOOKUP_50000,,NOT_CALCULATED_DENOMINATOR_NOT_FIXED,SUBTITLE_AUDIOVISUAL,2018,OpenSubtitles2018 via FrequencyWords processing,CC BY-SA 4.0 content,ALLOWED_WITH_ATTRIBUTION_AND_SHAREALIKE_BOUNDARY,NONE_FREQUENCY_DOES_NOT_SET_LEVEL,QUANT_SIGNAL_AVAILABLE_NOT_YET_COMPOSITE_SCORED,https://github.com/hermitdave/FrequencyWords/blob/master/content/2018/es/es_50k.txt,https://raw.githubusercontent.com/hermitdave/FrequencyWords/refs/heads/master/content/2018/es/es_50k.txt,Full continuous top-50k exact surface sweep completed on 2026-09-04. Frequency is quantitative evidence only and does not set CEFR level.,1.32
12B1-ATOM-0126,comer,ATOMIC_SURFACE_FORM,CORP-18,FrequencyWords / OpenSubtitles2018 Spanish 50k,FrequencyWords content/2018/es/es_50k.txt (OpenSubtitles2018-derived),SURFACE_SUBTITLE_OCCURRENCE_COUNT_AND_RANK,MEASURED_EXACT_SURFACE,86671,488,FOUND_TOP50K,EXACT_CASE_SENSITIVE_SURFACE_TOKEN,2026-09-04,,,,,NONE_OR_NOT_ANNOTATED_IN_THIS_PASS,FULL_TOP50K_EXACT_LOOKUP_50000,,NOT_CALCULATED_DENOMINATOR_NOT_FIXED,SUBTITLE_AUDIOVISUAL,2018,OpenSubtitles2018 via FrequencyWords processing,CC BY-SA 4.0 content,ALLOWED_WITH_ATTRIBUTION_AND_SHAREALIKE_BOUNDARY,NONE_FREQUENCY_DOES_NOT_SET_LEVEL,QUANT_SIGNAL_AVAILABLE_NOT_YET_COMPOSITE_SCORED,https://github.com/hermitdave/FrequencyWords/blob/master/content/2018/es/es_50k.txt,https://raw.githubusercontent.com/hermitdave/FrequencyWords/refs/heads/master/content/2018/es/es_50k.txt,Full continuous top-50k exact surface sweep completed on 2026-09-04. Frequency is quantitative evidence only and does not set CEFR level.,1.32
12B1-ATOM-0127,comercial,ATOMIC_SURFACE_FORM,CORP-18,FrequencyWords / OpenSubtitles2018 Spanish 50k,FrequencyWords content/2018/es/es_50k.txt (OpenSubtitles2018-derived),SURFACE_SUBTITLE_OCCURRENCE_COUNT_AND_RANK,MEASURED_EXACT_SURFACE,11227,2843,FOUND_TOP50K,EXACT_CASE_SENSITIVE_SURFACE_TOKEN,2026-09-04,,,,,NONE_OR_NOT_ANNOTATED_IN_THIS_PASS,FULL_TOP50K_EXACT_LOOKUP_50000,,NOT_CALCULATED_DENOMINATOR_NOT_FIXED,SUBTITLE_AUDIOVISUAL,2018,OpenSubtitles2018 via FrequencyWords processing,CC BY-SA 4.0 content,ALLOWED_WITH_ATTRIBUTION_AND_SHAREALIKE_BOUNDARY,NONE_FREQUENCY_DOES_NOT_SET_LEVEL,QUANT_SIGNAL_AVAILABLE_NOT_YET_COMPOSITE_SCORED,https://github.com/hermitdave/FrequencyWords/blob/master/content/2018/es/es_50k.txt,https://raw.githubusercontent.com/hermitdave/FrequencyWords/refs/heads/master/content/2018/es/es_50k.txt,Full continuous top-50k exact surface sweep completed on 2026-09-04. Frequency is quantitative evidence only and does not set CEFR level.,1.32
12B1-ATOM-0128,comida,ATOMIC_SURFACE_FORM,CORP-18,FrequencyWords / OpenSubtitles2018 Spanish 50k,FrequencyWords content/2018/es/es_50k.txt (OpenSubtitles2018-derived),SURFACE_SUBTITLE_OCCURRENCE_COUNT_AND_RANK,MEASURED_EXACT_SURFACE,87661,483,FOUND_TOP50K,EXACT_CASE_SENSITIVE_SURFACE_TOKEN,2026-09-04,,,,,NONE_OR_NOT_ANNOTATED_IN_THIS_PASS,FULL_TOP50K_EXACT_LOOKUP_50000,,NOT_CALCULATED_DENOMINATOR_NOT_FIXED,SUBTITLE_AUDIOVISUAL,2018,OpenSubtitles2018 via FrequencyWords processing,CC BY-SA 4.0 content,ALLOWED_WITH_ATTRIBUTION_AND_SHAREALIKE_BOUNDARY,NONE_FREQUENCY_DOES_NOT_SET_LEVEL,QUANT_SIGNAL_AVAILABLE_NOT_YET_COMPOSITE_SCORED,https://github.com/hermitdave/FrequencyWords/blob/master/content/2018/es/es_50k.txt,https://raw.githubusercontent.com/hermitdave/FrequencyWords/refs/heads/master/content/2018/es/es_50k.txt,Full continuous top-50k exact surface sweep completed on 2026-09-04. Frequency is quantitative evidence only and does not set CEFR level.,1.32
12B1-ATOM-0129,compañero,ATOMIC_SURFACE_FORM,CORP-18,FrequencyWords / OpenSubtitles2018 Spanish 50k,FrequencyWords content/2018/es/es_50k.txt (OpenSubtitles2018-derived),SURFACE_SUBTITLE_OCCURRENCE_COUNT_AND_RANK,MEASURED_EXACT_SURFACE,32947,1101,FOUND_TOP50K,EXACT_CASE_SENSITIVE_SURFACE_TOKEN,2026-09-04,,,,,NONE_OR_NOT_ANNOTATED_IN_THIS_PASS,FULL_TOP50K_EXACT_LOOKUP_50000,,NOT_CALCULATED_DENOMINATOR_NOT_FIXED,SUBTITLE_AUDIOVISUAL,2018,OpenSubtitles2018 via FrequencyWords processing,CC BY-SA 4.0 content,ALLOWED_WITH_ATTRIBUTION_AND_SHAREALIKE_BOUNDARY,NONE_FREQUENCY_DOES_NOT_SET_LEVEL,QUANT_SIGNAL_AVAILABLE_NOT_YET_COMPOSITE_SCORED,https://github.com/hermitdave/FrequencyWords/blob/master/content/2018/es/es_50k.txt,https://raw.githubusercontent.com/hermitdave/FrequencyWords/refs/heads/master/content/2018/es/es_50k.txt,Full continuous top-50k exact surface sweep completed on 2026-09-04. Frequency is quantitative evidence only and does not set CEFR level.,1.32
12B1-ATOM-0130,comprador,ATOMIC_SURFACE_FORM,CORP-18,FrequencyWords / OpenSubtitles2018 Spanish 50k,FrequencyWords content/2018/es/es_50k.txt (OpenSubtitles2018-derived),SURFACE_SUBTITLE_OCCURRENCE_COUNT_AND_RANK,MEASURED_EXACT_SURFACE,2822,8606,FOUND_TOP50K,EXACT_CASE_SENSITIVE_SURFACE_TOKEN,2026-09-04,,,,,NONE_OR_NOT_ANNOTATED_IN_THIS_PASS,FULL_TOP50K_EXACT_LOOKUP_50000,,NOT_CALCULATED_DENOMINATOR_NOT_FIXED,SUBTITLE_AUDIOVISUAL,2018,OpenSubtitles2018 via FrequencyWords processing,CC BY-SA 4.0 content,ALLOWED_WITH_ATTRIBUTION_AND_SHAREALIKE_BOUNDARY,NONE_FREQUENCY_DOES_NOT_SET_LEVEL,QUANT_SIGNAL_AVAILABLE_NOT_YET_COMPOSITE_SCORED,https://github.com/hermitdave/FrequencyWords/blob/master/content/2018/es/es_50k.txt,https://raw.githubusercontent.com/hermitdave/FrequencyWords/refs/heads/master/content/2018/es/es_50k.txt,Full continuous top-50k exact surface sweep completed on 2026-09-04. Frequency is quantitative evidence only and does not set CEFR level.,1.32
12B1-ATOM-0131,comprar,ATOMIC_SURFACE_FORM,CORP-18,FrequencyWords / OpenSubtitles2018 Spanish 50k,FrequencyWords content/2018/es/es_50k.txt (OpenSubtitles2018-derived),SURFACE_SUBTITLE_OCCURRENCE_COUNT_AND_RANK,MEASURED_EXACT_SURFACE,45899,818,FOUND_TOP50K,EXACT_CASE_SENSITIVE_SURFACE_TOKEN,2026-09-04,,,,,NONE_OR_NOT_ANNOTATED_IN_THIS_PASS,FULL_TOP50K_EXACT_LOOKUP_50000,,NOT_CALCULATED_DENOMINATOR_NOT_FIXED,SUBTITLE_AUDIOVISUAL,2018,OpenSubtitles2018 via FrequencyWords processing,CC BY-SA 4.0 content,ALLOWED_WITH_ATTRIBUTION_AND_SHAREALIKE_BOUNDARY,NONE_FREQUENCY_DOES_NOT_SET_LEVEL,QUANT_SIGNAL_AVAILABLE_NOT_YET_COMPOSITE_SCORED,https://github.com/hermitdave/FrequencyWords/blob/master/content/2018/es/es_50k.txt,https://raw.githubusercontent.com/hermitdave/FrequencyWords/refs/heads/master/content/2018/es/es_50k.txt,Full continuous top-50k exact surface sweep completed on 2026-09-04. Frequency is quantitative evidence only and does not set CEFR level.,1.32
12B1-ATOM-0132,comprender,ATOMIC_SURFACE_FORM,CORP-18,FrequencyWords / OpenSubtitles2018 Spanish 50k,FrequencyWords content/2018/es/es_50k.txt (OpenSubtitles2018-derived),SURFACE_SUBTITLE_OCCURRENCE_COUNT_AND_RANK,MEASURED_EXACT_SURFACE,7785,3823,FOUND_TOP50K,EXACT_CASE_SENSITIVE_SURFACE_TOKEN,2026-09-04,,,,,NONE_OR_NOT_ANNOTATED_IN_THIS_PASS,FULL_TOP50K_EXACT_LOOKUP_50000,,NOT_CALCULATED_DENOMINATOR_NOT_FIXED,SUBTITLE_AUDIOVISUAL,2018,OpenSubtitles2018 via FrequencyWords processing,CC BY-SA 4.0 content,ALLOWED_WITH_ATTRIBUTION_AND_SHAREALIKE_BOUNDARY,NONE_FREQUENCY_DOES_NOT_SET_LEVEL,QUANT_SIGNAL_AVAILABLE_NOT_YET_COMPOSITE_SCORED,https://github.com/hermitdave/FrequencyWords/blob/master/content/2018/es/es_50k.txt,https://raw.githubusercontent.com/hermitdave/FrequencyWords/refs/heads/master/content/2018/es/es_50k.txt,Full continuous top-50k exact surface sweep completed on 2026-09-04. Frequency is quantitative evidence only and does not set CEFR level.,1.32
12B1-ATOM-0133,computadora,ATOMIC_SURFACE_FORM,CORP-18,FrequencyWords / OpenSubtitles2018 Spanish 50k,FrequencyWords content/2018/es/es_50k.txt (OpenSubtitles2018-derived),SURFACE_SUBTITLE_OCCURRENCE_COUNT_AND_RANK,MEASURED_EXACT_SURFACE,14689,2249,FOUND_TOP50K,EXACT_CASE_SENSITIVE_SURFACE_TOKEN,2026-09-04,,,,,REGIONAL_VARIANT_A1_RECEPTIVE,FULL_TOP50K_EXACT_LOOKUP_50000,,NOT_CALCULATED_DENOMINATOR_NOT_FIXED,SUBTITLE_AUDIOVISUAL,2018,OpenSubtitles2018 via FrequencyWords processing,CC BY-SA 4.0 content,ALLOWED_WITH_ATTRIBUTION_AND_SHAREALIKE_BOUNDARY,NONE_FREQUENCY_DOES_NOT_SET_LEVEL,QUANT_SIGNAL_AVAILABLE_NOT_YET_COMPOSITE_SCORED,https://github.com/hermitdave/FrequencyWords/blob/master/content/2018/es/es_50k.txt,https://raw.githubusercontent.com/hermitdave/FrequencyWords/refs/heads/master/content/2018/es/es_50k.txt,Full continuous top-50k exact surface sweep completed on 2026-09-04. Frequency is quantitative evidence only and does not set CEFR level.,1.32
12B1-ATOM-0134,comunicado,ATOMIC_SURFACE_FORM,CORP-18,FrequencyWords / OpenSubtitles2018 Spanish 50k,FrequencyWords content/2018/es/es_50k.txt (OpenSubtitles2018-derived),SURFACE_SUBTITLE_OCCURRENCE_COUNT_AND_RANK,MEASURED_EXACT_SURFACE,2864,8513,FOUND_TOP50K,EXACT_CASE_SENSITIVE_SURFACE_TOKEN,2026-09-04,,,,,NONE_OR_NOT_ANNOTATED_IN_THIS_PASS,FULL_TOP50K_EXACT_LOOKUP_50000,,NOT_CALCULATED_DENOMINATOR_NOT_FIXED,SUBTITLE_AUDIOVISUAL,2018,OpenSubtitles2018 via FrequencyWords processing,CC BY-SA 4.0 content,ALLOWED_WITH_ATTRIBUTION_AND_SHAREALIKE_BOUNDARY,NONE_FREQUENCY_DOES_NOT_SET_LEVEL,QUANT_SIGNAL_AVAILABLE_NOT_YET_COMPOSITE_SCORED,https://github.com/hermitdave/FrequencyWords/blob/master/content/2018/es/es_50k.txt,https://raw.githubusercontent.com/hermitdave/FrequencyWords/refs/heads/master/content/2018/es/es_50k.txt,Full continuous top-50k exact surface sweep completed on 2026-09-04. Frequency is quantitative evidence only and does not set CEFR level.,1.32
12B1-ATOM-0135,con,ATOMIC_SURFACE_FORM,CORP-18,FrequencyWords / OpenSubtitles2018 Spanish 50k,FrequencyWords content/2018/es/es_50k.txt (OpenSubtitles2018-derived),SURFACE_SUBTITLE_OCCURRENCE_COUNT_AND_RANK,MEASURED_EXACT_SURFACE,3028045,19,FOUND_TOP50K,EXACT_CASE_SENSITIVE_SURFACE_TOKEN,2026-09-04,,,,,NONE_OR_NOT_ANNOTATED_IN_THIS_PASS,FULL_TOP50K_EXACT_LOOKUP_50000,,NOT_CALCULATED_DENOMINATOR_NOT_FIXED,SUBTITLE_AUDIOVISUAL,2018,OpenSubtitles2018 via FrequencyWords processing,CC BY-SA 4.0 content,ALLOWED_WITH_ATTRIBUTION_AND_SHAREALIKE_BOUNDARY,NONE_FREQUENCY_DOES_NOT_SET_LEVEL,QUANT_SIGNAL_AVAILABLE_NOT_YET_COMPOSITE_SCORED,https://github.com/hermitdave/FrequencyWords/blob/master/content/2018/es/es_50k.txt,https://raw.githubusercontent.com/hermitdave/FrequencyWords/refs/heads/master/content/2018/es/es_50k.txt,Full continuous top-50k exact surface sweep completed on 2026-09-04. Frequency is quantitative evidence only and does not set CEFR level.,1.32
12B1-ATOM-0136,concierto,ATOMIC_SURFACE_FORM,CORP-18,FrequencyWords / OpenSubtitles2018 Spanish 50k,FrequencyWords content/2018/es/es_50k.txt (OpenSubtitles2018-derived),SURFACE_SUBTITLE_OCCURRENCE_COUNT_AND_RANK,MEASURED_EXACT_SURFACE,11423,2800,FOUND_TOP50K,EXACT_CASE_SENSITIVE_SURFACE_TOKEN,2026-09-04,,,,,NONE_OR_NOT_ANNOTATED_IN_THIS_PASS,FULL_TOP50K_EXACT_LOOKUP_50000,,NOT_CALCULATED_DENOMINATOR_NOT_FIXED,SUBTITLE_AUDIOVISUAL,2018,OpenSubtitles2018 via FrequencyWords processing,CC BY-SA 4.0 content,ALLOWED_WITH_ATTRIBUTION_AND_SHAREALIKE_BOUNDARY,NONE_FREQUENCY_DOES_NOT_SET_LEVEL,QUANT_SIGNAL_AVAILABLE_NOT_YET_COMPOSITE_SCORED,https://github.com/hermitdave/FrequencyWords/blob/master/content/2018/es/es_50k.txt,https://raw.githubusercontent.com/hermitdave/FrequencyWords/refs/heads/master/content/2018/es/es_50k.txt,Full continuous top-50k exact surface sweep completed on 2026-09-04. Frequency is quantitative evidence only and does not set CEFR level.,1.32
12B1-ATOM-0137,conducir,ATOMIC_SURFACE_FORM,CORP-18,FrequencyWords / OpenSubtitles2018 Spanish 50k,FrequencyWords content/2018/es/es_50k.txt (OpenSubtitles2018-derived),SURFACE_SUBTITLE_OCCURRENCE_COUNT_AND_RANK,MEASURED_EXACT_SURFACE,19903,1719,FOUND_TOP50K,EXACT_CASE_SENSITIVE_SURFACE_TOKEN,2026-09-04,,,,,NONE_OR_NOT_ANNOTATED_IN_THIS_PASS,FULL_TOP50K_EXACT_LOOKUP_50000,,NOT_CALCULATED_DENOMINATOR_NOT_FIXED,SUBTITLE_AUDIOVISUAL,2018,OpenSubtitles2018 via FrequencyWords processing,CC BY-SA 4.0 content,ALLOWED_WITH_ATTRIBUTION_AND_SHAREALIKE_BOUNDARY,NONE_FREQUENCY_DOES_NOT_SET_LEVEL,QUANT_SIGNAL_AVAILABLE_NOT_YET_COMPOSITE_SCORED,https://github.com/hermitdave/FrequencyWords/blob/master/content/2018/es/es_50k.txt,https://raw.githubusercontent.com/hermitdave/FrequencyWords/refs/heads/master/content/2018/es/es_50k.txt,Full continuous top-50k exact surface sweep completed on 2026-09-04. Frequency is quantitative evidence only and does not set CEFR level.,1.32
12B1-ATOM-0138,conductor,ATOMIC_SURFACE_FORM,CORP-18,FrequencyWords / OpenSubtitles2018 Spanish 50k,FrequencyWords content/2018/es/es_50k.txt (OpenSubtitles2018-derived),SURFACE_SUBTITLE_OCCURRENCE_COUNT_AND_RANK,MEASURED_EXACT_SURFACE,12376,2613,FOUND_TOP50K,EXACT_CASE_SENSITIVE_SURFACE_TOKEN,2026-09-04,,,,,NONE_OR_NOT_ANNOTATED_IN_THIS_PASS,FULL_TOP50K_EXACT_LOOKUP_50000,,NOT_CALCULATED_DENOMINATOR_NOT_FIXED,SUBTITLE_AUDIOVISUAL,2018,OpenSubtitles2018 via FrequencyWords processing,CC BY-SA 4.0 content,ALLOWED_WITH_ATTRIBUTION_AND_SHAREALIKE_BOUNDARY,NONE_FREQUENCY_DOES_NOT_SET_LEVEL,QUANT_SIGNAL_AVAILABLE_NOT_YET_COMPOSITE_SCORED,https://github.com/hermitdave/FrequencyWords/blob/master/content/2018/es/es_50k.txt,https://raw.githubusercontent.com/hermitdave/FrequencyWords/refs/heads/master/content/2018/es/es_50k.txt,Full continuous top-50k exact surface sweep completed on 2026-09-04. Frequency is quantitative evidence only and does not set CEFR level.,1.32
12B1-ATOM-0139,conocer,ATOMIC_SURFACE_FORM,CORP-18,FrequencyWords / OpenSubtitles2018 Spanish 50k,FrequencyWords content/2018/es/es_50k.txt (OpenSubtitles2018-derived),SURFACE_SUBTITLE_OCCURRENCE_COUNT_AND_RANK,MEASURED_EXACT_SURFACE,35058,1039,FOUND_TOP50K,EXACT_CASE_SENSITIVE_SURFACE_TOKEN,2026-09-04,,,,,NONE_OR_NOT_ANNOTATED_IN_THIS_PASS,FULL_TOP50K_EXACT_LOOKUP_50000,,NOT_CALCULATED_DENOMINATOR_NOT_FIXED,SUBTITLE_AUDIOVISUAL,2018,OpenSubtitles2018 via FrequencyWords processing,CC BY-SA 4.0 content,ALLOWED_WITH_ATTRIBUTION_AND_SHAREALIKE_BOUNDARY,NONE_FREQUENCY_DOES_NOT_SET_LEVEL,QUANT_SIGNAL_AVAILABLE_NOT_YET_COMPOSITE_SCORED,https://github.com/hermitdave/FrequencyWords/blob/master/content/2018/es/es_50k.txt,https://raw.githubusercontent.com/hermitdave/FrequencyWords/refs/heads/master/content/2018/es/es_50k.txt,Full continuous top-50k exact surface sweep completed on 2026-09-04. Frequency is quantitative evidence only and does not set CEFR level.,1.32
12B1-ATOM-0140,correo,ATOMIC_SURFACE_FORM,CORP-18,FrequencyWords / OpenSubtitles2018 Spanish 50k,FrequencyWords content/2018/es/es_50k.txt (OpenSubtitles2018-derived),SURFACE_SUBTITLE_OCCURRENCE_COUNT_AND_RANK,MEASURED_EXACT_SURFACE,18059,1875,FOUND_TOP50K,EXACT_CASE_SENSITIVE_SURFACE_TOKEN,2026-09-04,,,,,NONE_OR_NOT_ANNOTATED_IN_THIS_PASS,FULL_TOP50K_EXACT_LOOKUP_50000,,NOT_CALCULATED_DENOMINATOR_NOT_FIXED,SUBTITLE_AUDIOVISUAL,2018,OpenSubtitles2018 via FrequencyWords processing,CC BY-SA 4.0 content,ALLOWED_WITH_ATTRIBUTION_AND_SHAREALIKE_BOUNDARY,NONE_FREQUENCY_DOES_NOT_SET_LEVEL,QUANT_SIGNAL_AVAILABLE_NOT_YET_COMPOSITE_SCORED,https://github.com/hermitdave/FrequencyWords/blob/master/content/2018/es/es_50k.txt,https://raw.githubusercontent.com/hermitdave/FrequencyWords/refs/heads/master/content/2018/es/es_50k.txt,Full continuous top-50k exact surface sweep completed on 2026-09-04. Frequency is quantitative evidence only and does not set CEFR level.,1.32
12B1-ATOM-0141,correr,ATOMIC_SURFACE_FORM,CORP-18,FrequencyWords / OpenSubtitles2018 Spanish 50k,FrequencyWords content/2018/es/es_50k.txt (OpenSubtitles2018-derived),SURFACE_SUBTITLE_OCCURRENCE_COUNT_AND_RANK,MEASURED_EXACT_SURFACE,26352,1339,FOUND_TOP50K,EXACT_CASE_SENSITIVE_SURFACE_TOKEN,2026-09-04,,,,,NONE_OR_NOT_ANNOTATED_IN_THIS_PASS,FULL_TOP50K_EXACT_LOOKUP_50000,,NOT_CALCULATED_DENOMINATOR_NOT_FIXED,SUBTITLE_AUDIOVISUAL,2018,OpenSubtitles2018 via FrequencyWords processing,CC BY-SA 4.0 content,ALLOWED_WITH_ATTRIBUTION_AND_SHAREALIKE_BOUNDARY,NONE_FREQUENCY_DOES_NOT_SET_LEVEL,QUANT_SIGNAL_AVAILABLE_NOT_YET_COMPOSITE_SCORED,https://github.com/hermitdave/FrequencyWords/blob/master/content/2018/es/es_50k.txt,https://raw.githubusercontent.com/hermitdave/FrequencyWords/refs/heads/master/content/2018/es/es_50k.txt,Full continuous top-50k exact surface sweep completed on 2026-09-04. Frequency is quantitative evidence only and does not set CEFR level.,1.32
12B1-ATOM-0142,corto,ATOMIC_SURFACE_FORM,CORP-18,FrequencyWords / OpenSubtitles2018 Spanish 50k,FrequencyWords content/2018/es/es_50k.txt (OpenSubtitles2018-derived),SURFACE_SUBTITLE_OCCURRENCE_COUNT_AND_RANK,MEASURED_EXACT_SURFACE,14875,2224,FOUND_TOP50K,EXACT_CASE_SENSITIVE_SURFACE_TOKEN,2026-09-04,,,,,NONE_OR_NOT_ANNOTATED_IN_THIS_PASS,FULL_TOP50K_EXACT_LOOKUP_50000,,NOT_CALCULATED_DENOMINATOR_NOT_FIXED,SUBTITLE_AUDIOVISUAL,2018,OpenSubtitles2018 via FrequencyWords processing,CC BY-SA 4.0 content,ALLOWED_WITH_ATTRIBUTION_AND_SHAREALIKE_BOUNDARY,NONE_FREQUENCY_DOES_NOT_SET_LEVEL,QUANT_SIGNAL_AVAILABLE_NOT_YET_COMPOSITE_SCORED,https://github.com/hermitdave/FrequencyWords/blob/master/content/2018/es/es_50k.txt,https://raw.githubusercontent.com/hermitdave/FrequencyWords/refs/heads/master/content/2018/es/es_50k.txt,Full continuous top-50k exact surface sweep completed on 2026-09-04. Frequency is quantitative evidence only and does not set CEFR level.,1.32
12B1-ATOM-0143,costar,ATOMIC_SURFACE_FORM,CORP-18,FrequencyWords / OpenSubtitles2018 Spanish 50k,FrequencyWords content/2018/es/es_50k.txt (OpenSubtitles2018-derived),SURFACE_SUBTITLE_OCCURRENCE_COUNT_AND_RANK,MEASURED_EXACT_SURFACE,3050,8133,FOUND_TOP50K,EXACT_CASE_SENSITIVE_SURFACE_TOKEN,2026-09-04,,,,,NONE_OR_NOT_ANNOTATED_IN_THIS_PASS,FULL_TOP50K_EXACT_LOOKUP_50000,,NOT_CALCULATED_DENOMINATOR_NOT_FIXED,SUBTITLE_AUDIOVISUAL,2018,OpenSubtitles2018 via FrequencyWords processing,CC BY-SA 4.0 content,ALLOWED_WITH_ATTRIBUTION_AND_SHAREALIKE_BOUNDARY,NONE_FREQUENCY_DOES_NOT_SET_LEVEL,QUANT_SIGNAL_AVAILABLE_NOT_YET_COMPOSITE_SCORED,https://github.com/hermitdave/FrequencyWords/blob/master/content/2018/es/es_50k.txt,https://raw.githubusercontent.com/hermitdave/FrequencyWords/refs/heads/master/content/2018/es/es_50k.txt,Full continuous top-50k exact surface sweep completed on 2026-09-04. Frequency is quantitative evidence only and does not set CEFR level.,1.32
12B1-ATOM-0144,creer,ATOMIC_SURFACE_FORM,CORP-18,FrequencyWords / OpenSubtitles2018 Spanish 50k,FrequencyWords content/2018/es/es_50k.txt (OpenSubtitles2018-derived),SURFACE_SUBTITLE_OCCURRENCE_COUNT_AND_RANK,MEASURED_EXACT_SURFACE,84624,497,FOUND_TOP50K,EXACT_CASE_SENSITIVE_SURFACE_TOKEN,2026-09-04,,,,,NONE_OR_NOT_ANNOTATED_IN_THIS_PASS,FULL_TOP50K_EXACT_LOOKUP_50000,,NOT_CALCULATED_DENOMINATOR_NOT_FIXED,SUBTITLE_AUDIOVISUAL,2018,OpenSubtitles2018 via FrequencyWords processing,CC BY-SA 4.0 content,ALLOWED_WITH_ATTRIBUTION_AND_SHAREALIKE_BOUNDARY,NONE_FREQUENCY_DOES_NOT_SET_LEVEL,QUANT_SIGNAL_AVAILABLE_NOT_YET_COMPOSITE_SCORED,https://github.com/hermitdave/FrequencyWords/blob/master/content/2018/es/es_50k.txt,https://raw.githubusercontent.com/hermitdave/FrequencyWords/refs/heads/master/content/2018/es/es_50k.txt,Full continuous top-50k exact surface sweep completed on 2026-09-04. Frequency is quantitative evidence only and does not set CEFR level.,1.32
12B1-ATOM-0145,cristiano,ATOMIC_SURFACE_FORM,CORP-18,FrequencyWords / OpenSubtitles2018 Spanish 50k,FrequencyWords content/2018/es/es_50k.txt (OpenSubtitles2018-derived),SURFACE_SUBTITLE_OCCURRENCE_COUNT_AND_RANK,MEASURED_EXACT_SURFACE,4334,6155,FOUND_TOP50K,EXACT_CASE_SENSITIVE_SURFACE_TOKEN,2026-09-04,,,,,NONE_OR_NOT_ANNOTATED_IN_THIS_PASS,FULL_TOP50K_EXACT_LOOKUP_50000,,NOT_CALCULATED_DENOMINATOR_NOT_FIXED,SUBTITLE_AUDIOVISUAL,2018,OpenSubtitles2018 via FrequencyWords processing,CC BY-SA 4.0 content,ALLOWED_WITH_ATTRIBUTION_AND_SHAREALIKE_BOUNDARY,NONE_FREQUENCY_DOES_NOT_SET_LEVEL,QUANT_SIGNAL_AVAILABLE_NOT_YET_COMPOSITE_SCORED,https://github.com/hermitdave/FrequencyWords/blob/master/content/2018/es/es_50k.txt,https://raw.githubusercontent.com/hermitdave/FrequencyWords/refs/heads/master/content/2018/es/es_50k.txt,Full continuous top-50k exact surface sweep completed on 2026-09-04. Frequency is quantitative evidence only and does not set CEFR level.,1.32
12B1-ATOM-0146,crédito,ATOMIC_SURFACE_FORM,CORP-18,FrequencyWords / OpenSubtitles2018 Spanish 50k,FrequencyWords content/2018/es/es_50k.txt (OpenSubtitles2018-derived),SURFACE_SUBTITLE_OCCURRENCE_COUNT_AND_RANK,MEASURED_EXACT_SURFACE,15668,2136,FOUND_TOP50K,EXACT_CASE_SENSITIVE_SURFACE_TOKEN,2026-09-04,,,,,NONE_OR_NOT_ANNOTATED_IN_THIS_PASS,FULL_TOP50K_EXACT_LOOKUP_50000,,NOT_CALCULATED_DENOMINATOR_NOT_FIXED,SUBTITLE_AUDIOVISUAL,2018,OpenSubtitles2018 via FrequencyWords processing,CC BY-SA 4.0 content,ALLOWED_WITH_ATTRIBUTION_AND_SHAREALIKE_BOUNDARY,NONE_FREQUENCY_DOES_NOT_SET_LEVEL,QUANT_SIGNAL_AVAILABLE_NOT_YET_COMPOSITE_SCORED,https://github.com/hermitdave/FrequencyWords/blob/master/content/2018/es/es_50k.txt,https://raw.githubusercontent.com/hermitdave/FrequencyWords/refs/heads/master/content/2018/es/es_50k.txt,Full continuous top-50k exact surface sweep completed on 2026-09-04. Frequency is quantitative evidence only and does not set CEFR level.,1.32
12B1-ATOM-0147,cuarta,ATOMIC_SURFACE_FORM,CORP-18,FrequencyWords / OpenSubtitles2018 Spanish 50k,FrequencyWords content/2018/es/es_50k.txt (OpenSubtitles2018-derived),SURFACE_SUBTITLE_OCCURRENCE_COUNT_AND_RANK,MEASURED_EXACT_SURFACE,5638,5002,FOUND_TOP50K,EXACT_CASE_SENSITIVE_SURFACE_TOKEN,2026-09-04,,,,,NONE_OR_NOT_ANNOTATED_IN_THIS_PASS,FULL_TOP50K_EXACT_LOOKUP_50000,,NOT_CALCULATED_DENOMINATOR_NOT_FIXED,SUBTITLE_AUDIOVISUAL,2018,OpenSubtitles2018 via FrequencyWords processing,CC BY-SA 4.0 content,ALLOWED_WITH_ATTRIBUTION_AND_SHAREALIKE_BOUNDARY,NONE_FREQUENCY_DOES_NOT_SET_LEVEL,QUANT_SIGNAL_AVAILABLE_NOT_YET_COMPOSITE_SCORED,https://github.com/hermitdave/FrequencyWords/blob/master/content/2018/es/es_50k.txt,https://raw.githubusercontent.com/hermitdave/FrequencyWords/refs/heads/master/content/2018/es/es_50k.txt,Full continuous top-50k exact surface sweep completed on 2026-09-04. Frequency is quantitative evidence only and does not set CEFR level.,1.32
12B1-ATOM-0148,cuarto,ATOMIC_SURFACE_FORM,CORP-18,FrequencyWords / OpenSubtitles2018 Spanish 50k,FrequencyWords content/2018/es/es_50k.txt (OpenSubtitles2018-derived),SURFACE_SUBTITLE_OCCURRENCE_COUNT_AND_RANK,MEASURED_EXACT_SURFACE,62590,628,FOUND_TOP50K,EXACT_CASE_SENSITIVE_SURFACE_TOKEN,2026-09-04,,,,,NONE_OR_NOT_ANNOTATED_IN_THIS_PASS,FULL_TOP50K_EXACT_LOOKUP_50000,,NOT_CALCULATED_DENOMINATOR_NOT_FIXED,SUBTITLE_AUDIOVISUAL,2018,OpenSubtitles2018 via FrequencyWords processing,CC BY-SA 4.0 content,ALLOWED_WITH_ATTRIBUTION_AND_SHAREALIKE_BOUNDARY,NONE_FREQUENCY_DOES_NOT_SET_LEVEL,QUANT_SIGNAL_AVAILABLE_NOT_YET_COMPOSITE_SCORED,https://github.com/hermitdave/FrequencyWords/blob/master/content/2018/es/es_50k.txt,https://raw.githubusercontent.com/hermitdave/FrequencyWords/refs/heads/master/content/2018/es/es_50k.txt,Full continuous top-50k exact surface sweep completed on 2026-09-04. Frequency is quantitative evidence only and does not set CEFR level.,1.32
12B1-ATOM-0149,cuenta,ATOMIC_SURFACE_FORM,CORP-18,FrequencyWords / OpenSubtitles2018 Spanish 50k,FrequencyWords content/2018/es/es_50k.txt (OpenSubtitles2018-derived),SURFACE_SUBTITLE_OCCURRENCE_COUNT_AND_RANK,MEASURED_EXACT_SURFACE,169714,262,FOUND_TOP50K,EXACT_CASE_SENSITIVE_SURFACE_TOKEN,2026-09-04,,,,,NONE_OR_NOT_ANNOTATED_IN_THIS_PASS,FULL_TOP50K_EXACT_LOOKUP_50000,,NOT_CALCULATED_DENOMINATOR_NOT_FIXED,SUBTITLE_AUDIOVISUAL,2018,OpenSubtitles2018 via FrequencyWords processing,CC BY-SA 4.0 content,ALLOWED_WITH_ATTRIBUTION_AND_SHAREALIKE_BOUNDARY,NONE_FREQUENCY_DOES_NOT_SET_LEVEL,QUANT_SIGNAL_AVAILABLE_NOT_YET_COMPOSITE_SCORED,https://github.com/hermitdave/FrequencyWords/blob/master/content/2018/es/es_50k.txt,https://raw.githubusercontent.com/hermitdave/FrequencyWords/refs/heads/master/content/2018/es/es_50k.txt,Full continuous top-50k exact surface sweep completed on 2026-09-04. Frequency is quantitative evidence only and does not set CEFR level.,1.32
12B1-ATOM-0150,cuál,ATOMIC_SURFACE_FORM,CORP-18,FrequencyWords / OpenSubtitles2018 Spanish 50k,FrequencyWords content/2018/es/es_50k.txt (OpenSubtitles2018-derived),SURFACE_SUBTITLE_OCCURRENCE_COUNT_AND_RANK,MEASURED_EXACT_SURFACE,136406,312,FOUND_TOP50K,EXACT_CASE_SENSITIVE_SURFACE_TOKEN,2026-09-04,,,,,NONE_OR_NOT_ANNOTATED_IN_THIS_PASS,FULL_TOP50K_EXACT_LOOKUP_50000,,NOT_CALCULATED_DENOMINATOR_NOT_FIXED,SUBTITLE_AUDIOVISUAL,2018,OpenSubtitles2018 via FrequencyWords processing,CC BY-SA 4.0 content,ALLOWED_WITH_ATTRIBUTION_AND_SHAREALIKE_BOUNDARY,NONE_FREQUENCY_DOES_NOT_SET_LEVEL,QUANT_SIGNAL_AVAILABLE_NOT_YET_COMPOSITE_SCORED,https://github.com/hermitdave/FrequencyWords/blob/master/content/2018/es/es_50k.txt,https://raw.githubusercontent.com/hermitdave/FrequencyWords/refs/heads/master/content/2018/es/es_50k.txt,Full continuous top-50k exact surface sweep completed on 2026-09-04. Frequency is quantitative evidence only and does not set CEFR level.,1.32
12B1-ATOM-0151,cuándo,ATOMIC_SURFACE_FORM,CORP-18,FrequencyWords / OpenSubtitles2018 Spanish 50k,FrequencyWords content/2018/es/es_50k.txt (OpenSubtitles2018-derived),SURFACE_SUBTITLE_OCCURRENCE_COUNT_AND_RANK,MEASURED_EXACT_SURFACE,106920,394,FOUND_TOP50K,EXACT_CASE_SENSITIVE_SURFACE_TOKEN,2026-09-04,,,,,NONE_OR_NOT_ANNOTATED_IN_THIS_PASS,FULL_TOP50K_EXACT_LOOKUP_50000,,NOT_CALCULATED_DENOMINATOR_NOT_FIXED,SUBTITLE_AUDIOVISUAL,2018,OpenSubtitles2018 via FrequencyWords processing,CC BY-SA 4.0 content,ALLOWED_WITH_ATTRIBUTION_AND_SHAREALIKE_BOUNDARY,NONE_FREQUENCY_DOES_NOT_SET_LEVEL,QUANT_SIGNAL_AVAILABLE_NOT_YET_COMPOSITE_SCORED,https://github.com/hermitdave/FrequencyWords/blob/master/content/2018/es/es_50k.txt,https://raw.githubusercontent.com/hermitdave/FrequencyWords/refs/heads/master/content/2018/es/es_50k.txt,Full continuous top-50k exact surface sweep completed on 2026-09-04. Frequency is quantitative evidence only and does not set CEFR level.,1.32
12B1-ATOM-0152,cuánta,ATOMIC_SURFACE_FORM,CORP-18,FrequencyWords / OpenSubtitles2018 Spanish 50k,FrequencyWords content/2018/es/es_50k.txt (OpenSubtitles2018-derived),SURFACE_SUBTITLE_OCCURRENCE_COUNT_AND_RANK,MEASURED_EXACT_SURFACE,5685,4964,FOUND_TOP50K,EXACT_CASE_SENSITIVE_SURFACE_TOKEN,2026-09-04,,,,,NONE_OR_NOT_ANNOTATED_IN_THIS_PASS,FULL_TOP50K_EXACT_LOOKUP_50000,,NOT_CALCULATED_DENOMINATOR_NOT_FIXED,SUBTITLE_AUDIOVISUAL,2018,OpenSubtitles2018 via FrequencyWords processing,CC BY-SA 4.0 content,ALLOWED_WITH_ATTRIBUTION_AND_SHAREALIKE_BOUNDARY,NONE_FREQUENCY_DOES_NOT_SET_LEVEL,QUANT_SIGNAL_AVAILABLE_NOT_YET_COMPOSITE_SCORED,https://github.com/hermitdave/FrequencyWords/blob/master/content/2018/es/es_50k.txt,https://raw.githubusercontent.com/hermitdave/FrequencyWords/refs/heads/master/content/2018/es/es_50k.txt,Full continuous top-50k exact surface sweep completed on 2026-09-04. Frequency is quantitative evidence only and does not set CEFR level.,1.32
12B1-ATOM-0153,cuántas,ATOMIC_SURFACE_FORM,CORP-18,FrequencyWords / OpenSubtitles2018 Spanish 50k,FrequencyWords content/2018/es/es_50k.txt (OpenSubtitles2018-derived),SURFACE_SUBTITLE_OCCURRENCE_COUNT_AND_RANK,MEASURED_EXACT_SURFACE,23906,1451,FOUND_TOP50K,EXACT_CASE_SENSITIVE_SURFACE_TOKEN,2026-09-04,,,,,NONE_OR_NOT_ANNOTATED_IN_THIS_PASS,FULL_TOP50K_EXACT_LOOKUP_50000,,NOT_CALCULATED_DENOMINATOR_NOT_FIXED,SUBTITLE_AUDIOVISUAL,2018,OpenSubtitles2018 via FrequencyWords processing,CC BY-SA 4.0 content,ALLOWED_WITH_ATTRIBUTION_AND_SHAREALIKE_BOUNDARY,NONE_FREQUENCY_DOES_NOT_SET_LEVEL,QUANT_SIGNAL_AVAILABLE_NOT_YET_COMPOSITE_SCORED,https://github.com/hermitdave/FrequencyWords/blob/master/content/2018/es/es_50k.txt,https://raw.githubusercontent.com/hermitdave/FrequencyWords/refs/heads/master/content/2018/es/es_50k.txt,Full continuous top-50k exact surface sweep completed on 2026-09-04. Frequency is quantitative evidence only and does not set CEFR level.,1.32
12B1-ATOM-0154,cuánto,ATOMIC_SURFACE_FORM,CORP-18,FrequencyWords / OpenSubtitles2018 Spanish 50k,FrequencyWords content/2018/es/es_50k.txt (OpenSubtitles2018-derived),SURFACE_SUBTITLE_OCCURRENCE_COUNT_AND_RANK,MEASURED_EXACT_SURFACE,123138,343,FOUND_TOP50K,EXACT_CASE_SENSITIVE_SURFACE_TOKEN,2026-09-04,,,,,NONE_OR_NOT_ANNOTATED_IN_THIS_PASS,FULL_TOP50K_EXACT_LOOKUP_50000,,NOT_CALCULATED_DENOMINATOR_NOT_FIXED,SUBTITLE_AUDIOVISUAL,2018,OpenSubtitles2018 via FrequencyWords processing,CC BY-SA 4.0 content,ALLOWED_WITH_ATTRIBUTION_AND_SHAREALIKE_BOUNDARY,NONE_FREQUENCY_DOES_NOT_SET_LEVEL,QUANT_SIGNAL_AVAILABLE_NOT_YET_COMPOSITE_SCORED,https://github.com/hermitdave/FrequencyWords/blob/master/content/2018/es/es_50k.txt,https://raw.githubusercontent.com/hermitdave/FrequencyWords/refs/heads/master/content/2018/es/es_50k.txt,Full continuous top-50k exact surface sweep completed on 2026-09-04. Frequency is quantitative evidence only and does not set CEFR level.,1.32
12B1-ATOM-0155,cuántos,ATOMIC_SURFACE_FORM,CORP-18,FrequencyWords / OpenSubtitles2018 Spanish 50k,FrequencyWords content/2018/es/es_50k.txt (OpenSubtitles2018-derived),SURFACE_SUBTITLE_OCCURRENCE_COUNT_AND_RANK,MEASURED_EXACT_SURFACE,33572,1081,FOUND_TOP50K,EXACT_CASE_SENSITIVE_SURFACE_TOKEN,2026-09-04,,,,,NONE_OR_NOT_ANNOTATED_IN_THIS_PASS,FULL_TOP50K_EXACT_LOOKUP_50000,,NOT_CALCULATED_DENOMINATOR_NOT_FIXED,SUBTITLE_AUDIOVISUAL,2018,OpenSubtitles2018 via FrequencyWords processing,CC BY-SA 4.0 content,ALLOWED_WITH_ATTRIBUTION_AND_SHAREALIKE_BOUNDARY,NONE_FREQUENCY_DOES_NOT_SET_LEVEL,QUANT_SIGNAL_AVAILABLE_NOT_YET_COMPOSITE_SCORED,https://github.com/hermitdave/FrequencyWords/blob/master/content/2018/es/es_50k.txt,https://raw.githubusercontent.com/hermitdave/FrequencyWords/refs/heads/master/content/2018/es/es_50k.txt,Full continuous top-50k exact surface sweep completed on 2026-09-04. Frequency is quantitative evidence only and does not set CEFR level.,1.32
12B1-ATOM-0156,céntimo,ATOMIC_SURFACE_FORM,CORP-18,FrequencyWords / OpenSubtitles2018 Spanish 50k,FrequencyWords content/2018/es/es_50k.txt (OpenSubtitles2018-derived),SURFACE_SUBTITLE_OCCURRENCE_COUNT_AND_RANK,MEASURED_EXACT_SURFACE,1230,15499,FOUND_TOP50K,EXACT_CASE_SENSITIVE_SURFACE_TOKEN,2026-09-04,,,,,NONE_OR_NOT_ANNOTATED_IN_THIS_PASS,FULL_TOP50K_EXACT_LOOKUP_50000,,NOT_CALCULATED_DENOMINATOR_NOT_FIXED,SUBTITLE_AUDIOVISUAL,2018,OpenSubtitles2018 via FrequencyWords processing,CC BY-SA 4.0 content,ALLOWED_WITH_ATTRIBUTION_AND_SHAREALIKE_BOUNDARY,NONE_FREQUENCY_DOES_NOT_SET_LEVEL,QUANT_SIGNAL_AVAILABLE_NOT_YET_COMPOSITE_SCORED,https://github.com/hermitdave/FrequencyWords/blob/master/content/2018/es/es_50k.txt,https://raw.githubusercontent.com/hermitdave/FrequencyWords/refs/heads/master/content/2018/es/es_50k.txt,Full continuous top-50k exact surface sweep completed on 2026-09-04. Frequency is quantitative evidence only and does not set CEFR level.,1.32
12B1-ATOM-0157,céntrico,ATOMIC_SURFACE_FORM,CORP-18,FrequencyWords / OpenSubtitles2018 Spanish 50k,FrequencyWords content/2018/es/es_50k.txt (OpenSubtitles2018-derived),SURFACE_SUBTITLE_OCCURRENCE_COUNT_AND_RANK,NOT_FOUND_TOP50K_EXACT_SURFACE,,,NOT_FOUND_TOP50K,EXACT_CASE_SENSITIVE_SURFACE_TOKEN_FULL_SCAN,2026-09-04,,,,,NONE_OR_NOT_ANNOTATED_IN_THIS_PASS,FULL_TOP50K_EXACT_LOOKUP_50000,,NOT_CALCULATED_DENOMINATOR_NOT_FIXED,SUBTITLE_AUDIOVISUAL,2018,OpenSubtitles2018 via FrequencyWords processing,CC BY-SA 4.0 content,ALLOWED_WITH_ATTRIBUTION_AND_SHAREALIKE_BOUNDARY,NONE_FREQUENCY_DOES_NOT_SET_LEVEL,NO_QUANT_SIGNAL_FROM_THIS_SOURCE_NOT_ZERO,https://github.com/hermitdave/FrequencyWords/blob/master/content/2018/es/es_50k.txt,https://raw.githubusercontent.com/hermitdave/FrequencyWords/refs/heads/master/content/2018/es/es_50k.txt,Full continuous top-50k exact surface sweep completed on 2026-09-04. Frequency is quantitative evidence only and does not set CEFR level. Exact absence in this top-50k list is NOT frequency zero and does not alter the curricular level.,1.32
12B1-ATOM-0158,código,ATOMIC_SURFACE_FORM,CORP-18,FrequencyWords / OpenSubtitles2018 Spanish 50k,FrequencyWords content/2018/es/es_50k.txt (OpenSubtitles2018-derived),SURFACE_SUBTITLE_OCCURRENCE_COUNT_AND_RANK,MEASURED_EXACT_SURFACE,22378,1543,FOUND_TOP50K,EXACT_CASE_SENSITIVE_SURFACE_TOKEN,2026-09-04,,,,,NONE_OR_NOT_ANNOTATED_IN_THIS_PASS,FULL_TOP50K_EXACT_LOOKUP_50000,,NOT_CALCULATED_DENOMINATOR_NOT_FIXED,SUBTITLE_AUDIOVISUAL,2018,OpenSubtitles2018 via FrequencyWords processing,CC BY-SA 4.0 content,ALLOWED_WITH_ATTRIBUTION_AND_SHAREALIKE_BOUNDARY,NONE_FREQUENCY_DOES_NOT_SET_LEVEL,QUANT_SIGNAL_AVAILABLE_NOT_YET_COMPOSITE_SCORED,https://github.com/hermitdave/FrequencyWords/blob/master/content/2018/es/es_50k.txt,https://raw.githubusercontent.com/hermitdave/FrequencyWords/refs/heads/master/content/2018/es/es_50k.txt,Full continuous top-50k exact surface sweep completed on 2026-09-04. Frequency is quantitative evidence only and does not set CEFR level.,1.32
12B1-ATOM-0159,cómo,ATOMIC_SURFACE_FORM,CORP-18,FrequencyWords / OpenSubtitles2018 Spanish 50k,FrequencyWords content/2018/es/es_50k.txt (OpenSubtitles2018-derived),SURFACE_SUBTITLE_OCCURRENCE_COUNT_AND_RANK,MEASURED_EXACT_SURFACE,862349,59,FOUND_TOP50K,EXACT_CASE_SENSITIVE_SURFACE_TOKEN,2026-09-04,,,,,NONE_OR_NOT_ANNOTATED_IN_THIS_PASS,FULL_TOP50K_EXACT_LOOKUP_50000,,NOT_CALCULATED_DENOMINATOR_NOT_FIXED,SUBTITLE_AUDIOVISUAL,2018,OpenSubtitles2018 via FrequencyWords processing,CC BY-SA 4.0 content,ALLOWED_WITH_ATTRIBUTION_AND_SHAREALIKE_BOUNDARY,NONE_FREQUENCY_DOES_NOT_SET_LEVEL,QUANT_SIGNAL_AVAILABLE_NOT_YET_COMPOSITE_SCORED,https://github.com/hermitdave/FrequencyWords/blob/master/content/2018/es/es_50k.txt,https://raw.githubusercontent.com/hermitdave/FrequencyWords/refs/heads/master/content/2018/es/es_50k.txt,Full continuous top-50k exact surface sweep completed on 2026-09-04. Frequency is quantitative evidence only and does not set CEFR level.,1.32
12B1-ATOM-0160,de,ATOMIC_SURFACE_FORM,CORP-18,FrequencyWords / OpenSubtitles2018 Spanish 50k,FrequencyWords content/2018/es/es_50k.txt (OpenSubtitles2018-derived),SURFACE_SUBTITLE_OCCURRENCE_COUNT_AND_RANK,MEASURED_EXACT_SURFACE,14459520,1,FOUND_TOP50K,EXACT_CASE_SENSITIVE_SURFACE_TOKEN,2026-09-04,,,,,NONE_OR_NOT_ANNOTATED_IN_THIS_PASS,FULL_TOP50K_EXACT_LOOKUP_50000,,NOT_CALCULATED_DENOMINATOR_NOT_FIXED,SUBTITLE_AUDIOVISUAL,2018,OpenSubtitles2018 via FrequencyWords processing,CC BY-SA 4.0 content,ALLOWED_WITH_ATTRIBUTION_AND_SHAREALIKE_BOUNDARY,NONE_FREQUENCY_DOES_NOT_SET_LEVEL,QUANT_SIGNAL_AVAILABLE_NOT_YET_COMPOSITE_SCORED,https://github.com/hermitdave/FrequencyWords/blob/master/content/2018/es/es_50k.txt,https://raw.githubusercontent.com/hermitdave/FrequencyWords/refs/heads/master/content/2018/es/es_50k.txt,Full continuous top-50k exact surface sweep completed on 2026-09-04. Frequency is quantitative evidence only and does not set CEFR level.,1.32
12B1-ATOM-0161,dedicarse,ATOMIC_SURFACE_FORM,CORP-18,FrequencyWords / OpenSubtitles2018 Spanish 50k,FrequencyWords content/2018/es/es_50k.txt (OpenSubtitles2018-derived),SURFACE_SUBTITLE_OCCURRENCE_COUNT_AND_RANK,MEASURED_EXACT_SURFACE,635,24020,FOUND_TOP50K,EXACT_CASE_SENSITIVE_SURFACE_TOKEN,2026-09-04,,,,,NONE_OR_NOT_ANNOTATED_IN_THIS_PASS,FULL_TOP50K_EXACT_LOOKUP_50000,,NOT_CALCULATED_DENOMINATOR_NOT_FIXED,SUBTITLE_AUDIOVISUAL,2018,OpenSubtitles2018 via FrequencyWords processing,CC BY-SA 4.0 content,ALLOWED_WITH_ATTRIBUTION_AND_SHAREALIKE_BOUNDARY,NONE_FREQUENCY_DOES_NOT_SET_LEVEL,QUANT_SIGNAL_AVAILABLE_NOT_YET_COMPOSITE_SCORED,https://github.com/hermitdave/FrequencyWords/blob/master/content/2018/es/es_50k.txt,https://raw.githubusercontent.com/hermitdave/FrequencyWords/refs/heads/master/content/2018/es/es_50k.txt,Full continuous top-50k exact surface sweep completed on 2026-09-04. Frequency is quantitative evidence only and does not set CEFR level.,1.32
12B1-ATOM-0162,del,ATOMIC_SURFACE_FORM,CORP-18,FrequencyWords / OpenSubtitles2018 Spanish 50k,FrequencyWords content/2018/es/es_50k.txt (OpenSubtitles2018-derived),SURFACE_SUBTITLE_OCCURRENCE_COUNT_AND_RANK,MEASURED_EXACT_SURFACE,1647872,31,FOUND_TOP50K,EXACT_CASE_SENSITIVE_SURFACE_TOKEN,2026-09-04,,,,,NONE_OR_NOT_ANNOTATED_IN_THIS_PASS,FULL_TOP50K_EXACT_LOOKUP_50000,,NOT_CALCULATED_DENOMINATOR_NOT_FIXED,SUBTITLE_AUDIOVISUAL,2018,OpenSubtitles2018 via FrequencyWords processing,CC BY-SA 4.0 content,ALLOWED_WITH_ATTRIBUTION_AND_SHAREALIKE_BOUNDARY,NONE_FREQUENCY_DOES_NOT_SET_LEVEL,QUANT_SIGNAL_AVAILABLE_NOT_YET_COMPOSITE_SCORED,https://github.com/hermitdave/FrequencyWords/blob/master/content/2018/es/es_50k.txt,https://raw.githubusercontent.com/hermitdave/FrequencyWords/refs/heads/master/content/2018/es/es_50k.txt,Full continuous top-50k exact surface sweep completed on 2026-09-04. Frequency is quantitative evidence only and does not set CEFR level.,1.32
12B1-ATOM-0163,delgado,ATOMIC_SURFACE_FORM,CORP-18,FrequencyWords / OpenSubtitles2018 Spanish 50k,FrequencyWords content/2018/es/es_50k.txt (OpenSubtitles2018-derived),SURFACE_SUBTITLE_OCCURRENCE_COUNT_AND_RANK,MEASURED_EXACT_SURFACE,4031,6532,FOUND_TOP50K,EXACT_CASE_SENSITIVE_SURFACE_TOKEN,2026-09-04,,,,,NONE_OR_NOT_ANNOTATED_IN_THIS_PASS,FULL_TOP50K_EXACT_LOOKUP_50000,,NOT_CALCULATED_DENOMINATOR_NOT_FIXED,SUBTITLE_AUDIOVISUAL,2018,OpenSubtitles2018 via FrequencyWords processing,CC BY-SA 4.0 content,ALLOWED_WITH_ATTRIBUTION_AND_SHAREALIKE_BOUNDARY,NONE_FREQUENCY_DOES_NOT_SET_LEVEL,QUANT_SIGNAL_AVAILABLE_NOT_YET_COMPOSITE_SCORED,https://github.com/hermitdave/FrequencyWords/blob/master/content/2018/es/es_50k.txt,https://raw.githubusercontent.com/hermitdave/FrequencyWords/refs/heads/master/content/2018/es/es_50k.txt,Full continuous top-50k exact surface sweep completed on 2026-09-04. Frequency is quantitative evidence only and does not set CEFR level.,1.32
12B1-ATOM-0164,demasiado,ATOMIC_SURFACE_FORM,CORP-18,FrequencyWords / OpenSubtitles2018 Spanish 50k,FrequencyWords content/2018/es/es_50k.txt (OpenSubtitles2018-derived),SURFACE_SUBTITLE_OCCURRENCE_COUNT_AND_RANK,MEASURED_EXACT_SURFACE,182668,249,FOUND_TOP50K,EXACT_CASE_SENSITIVE_SURFACE_TOKEN,2026-09-04,,,,,PCIC_EXPLICIT_REGIONAL_SENSE_ONLY,FULL_TOP50K_EXACT_LOOKUP_50000,,NOT_CALCULATED_DENOMINATOR_NOT_FIXED,SUBTITLE_AUDIOVISUAL,2018,OpenSubtitles2018 via FrequencyWords processing,CC BY-SA 4.0 content,ALLOWED_WITH_ATTRIBUTION_AND_SHAREALIKE_BOUNDARY,NONE_FREQUENCY_DOES_NOT_SET_LEVEL,QUANT_SIGNAL_AVAILABLE_NOT_YET_COMPOSITE_SCORED,https://github.com/hermitdave/FrequencyWords/blob/master/content/2018/es/es_50k.txt,https://raw.githubusercontent.com/hermitdave/FrequencyWords/refs/heads/master/content/2018/es/es_50k.txt,Full continuous top-50k exact surface sweep completed on 2026-09-04. Frequency is quantitative evidence only and does not set CEFR level.,1.32
12B1-ATOM-0165,deporte,ATOMIC_SURFACE_FORM,CORP-18,FrequencyWords / OpenSubtitles2018 Spanish 50k,FrequencyWords content/2018/es/es_50k.txt (OpenSubtitles2018-derived),SURFACE_SUBTITLE_OCCURRENCE_COUNT_AND_RANK,MEASURED_EXACT_SURFACE,6795,4299,FOUND_TOP50K,EXACT_CASE_SENSITIVE_SURFACE_TOKEN,2026-09-04,,,,,NONE_OR_NOT_ANNOTATED_IN_THIS_PASS,FULL_TOP50K_EXACT_LOOKUP_50000,,NOT_CALCULATED_DENOMINATOR_NOT_FIXED,SUBTITLE_AUDIOVISUAL,2018,OpenSubtitles2018 via FrequencyWords processing,CC BY-SA 4.0 content,ALLOWED_WITH_ATTRIBUTION_AND_SHAREALIKE_BOUNDARY,NONE_FREQUENCY_DOES_NOT_SET_LEVEL,QUANT_SIGNAL_AVAILABLE_NOT_YET_COMPOSITE_SCORED,https://github.com/hermitdave/FrequencyWords/blob/master/content/2018/es/es_50k.txt,https://raw.githubusercontent.com/hermitdave/FrequencyWords/refs/heads/master/content/2018/es/es_50k.txt,Full continuous top-50k exact surface sweep completed on 2026-09-04. Frequency is quantitative evidence only and does not set CEFR level.,1.32
12B1-ATOM-0166,desayunar,ATOMIC_SURFACE_FORM,CORP-18,FrequencyWords / OpenSubtitles2018 Spanish 50k,FrequencyWords content/2018/es/es_50k.txt (OpenSubtitles2018-derived),SURFACE_SUBTITLE_OCCURRENCE_COUNT_AND_RANK,MEASURED_EXACT_SURFACE,5997,4742,FOUND_TOP50K,EXACT_CASE_SENSITIVE_SURFACE_TOKEN,2026-09-04,,,,,NONE_OR_NOT_ANNOTATED_IN_THIS_PASS,FULL_TOP50K_EXACT_LOOKUP_50000,,NOT_CALCULATED_DENOMINATOR_NOT_FIXED,SUBTITLE_AUDIOVISUAL,2018,OpenSubtitles2018 via FrequencyWords processing,CC BY-SA 4.0 content,ALLOWED_WITH_ATTRIBUTION_AND_SHAREALIKE_BOUNDARY,NONE_FREQUENCY_DOES_NOT_SET_LEVEL,QUANT_SIGNAL_AVAILABLE_NOT_YET_COMPOSITE_SCORED,https://github.com/hermitdave/FrequencyWords/blob/master/content/2018/es/es_50k.txt,https://raw.githubusercontent.com/hermitdave/FrequencyWords/refs/heads/master/content/2018/es/es_50k.txt,Full continuous top-50k exact surface sweep completed on 2026-09-04. Frequency is quantitative evidence only and does not set CEFR level.,1.32
12B1-ATOM-0167,desayuno,ATOMIC_SURFACE_FORM,CORP-18,FrequencyWords / OpenSubtitles2018 Spanish 50k,FrequencyWords content/2018/es/es_50k.txt (OpenSubtitles2018-derived),SURFACE_SUBTITLE_OCCURRENCE_COUNT_AND_RANK,MEASURED_EXACT_SURFACE,17272,1953,FOUND_TOP50K,EXACT_CASE_SENSITIVE_SURFACE_TOKEN,2026-09-04,,,,,NONE_OR_NOT_ANNOTATED_IN_THIS_PASS,FULL_TOP50K_EXACT_LOOKUP_50000,,NOT_CALCULATED_DENOMINATOR_NOT_FIXED,SUBTITLE_AUDIOVISUAL,2018,OpenSubtitles2018 via FrequencyWords processing,CC BY-SA 4.0 content,ALLOWED_WITH_ATTRIBUTION_AND_SHAREALIKE_BOUNDARY,NONE_FREQUENCY_DOES_NOT_SET_LEVEL,QUANT_SIGNAL_AVAILABLE_NOT_YET_COMPOSITE_SCORED,https://github.com/hermitdave/FrequencyWords/blob/master/content/2018/es/es_50k.txt,https://raw.githubusercontent.com/hermitdave/FrequencyWords/refs/heads/master/content/2018/es/es_50k.txt,Full continuous top-50k exact surface sweep completed on 2026-09-04. Frequency is quantitative evidence only and does not set CEFR level.,1.32
12B1-ATOM-0168,despacio,ATOMIC_SURFACE_FORM,CORP-18,FrequencyWords / OpenSubtitles2018 Spanish 50k,FrequencyWords content/2018/es/es_50k.txt (OpenSubtitles2018-derived),SURFACE_SUBTITLE_OCCURRENCE_COUNT_AND_RANK,MEASURED_EXACT_SURFACE,19378,1760,FOUND_TOP50K,EXACT_CASE_SENSITIVE_SURFACE_TOKEN,2026-09-04,,,,,NONE_OR_NOT_ANNOTATED_IN_THIS_PASS,FULL_TOP50K_EXACT_LOOKUP_50000,,NOT_CALCULATED_DENOMINATOR_NOT_FIXED,SUBTITLE_AUDIOVISUAL,2018,OpenSubtitles2018 via FrequencyWords processing,CC BY-SA 4.0 content,ALLOWED_WITH_ATTRIBUTION_AND_SHAREALIKE_BOUNDARY,NONE_FREQUENCY_DOES_NOT_SET_LEVEL,QUANT_SIGNAL_AVAILABLE_NOT_YET_COMPOSITE_SCORED,https://github.com/hermitdave/FrequencyWords/blob/master/content/2018/es/es_50k.txt,https://raw.githubusercontent.com/hermitdave/FrequencyWords/refs/heads/master/content/2018/es/es_50k.txt,Full continuous top-50k exact surface sweep completed on 2026-09-04. Frequency is quantitative evidence only and does not set CEFR level.,1.32
12B1-ATOM-0169,después,ATOMIC_SURFACE_FORM,CORP-18,FrequencyWords / OpenSubtitles2018 Spanish 50k,FrequencyWords content/2018/es/es_50k.txt (OpenSubtitles2018-derived),SURFACE_SUBTITLE_OCCURRENCE_COUNT_AND_RANK,MEASURED_EXACT_SURFACE,311500,161,FOUND_TOP50K,EXACT_CASE_SENSITIVE_SURFACE_TOKEN,2026-09-04,,,,,NONE_OR_NOT_ANNOTATED_IN_THIS_PASS,FULL_TOP50K_EXACT_LOOKUP_50000,,NOT_CALCULATED_DENOMINATOR_NOT_FIXED,SUBTITLE_AUDIOVISUAL,2018,OpenSubtitles2018 via FrequencyWords processing,CC BY-SA 4.0 content,ALLOWED_WITH_ATTRIBUTION_AND_SHAREALIKE_BOUNDARY,NONE_FREQUENCY_DOES_NOT_SET_LEVEL,QUANT_SIGNAL_AVAILABLE_NOT_YET_COMPOSITE_SCORED,https://github.com/hermitdave/FrequencyWords/blob/master/content/2018/es/es_50k.txt,https://raw.githubusercontent.com/hermitdave/FrequencyWords/refs/heads/master/content/2018/es/es_50k.txt,Full continuous top-50k exact surface sweep completed on 2026-09-04. Frequency is quantitative evidence only and does not set CEFR level.,1.32
12B1-ATOM-0170,diccionario,ATOMIC_SURFACE_FORM,CORP-18,FrequencyWords / OpenSubtitles2018 Spanish 50k,FrequencyWords content/2018/es/es_50k.txt (OpenSubtitles2018-derived),SURFACE_SUBTITLE_OCCURRENCE_COUNT_AND_RANK,MEASURED_EXACT_SURFACE,1627,12801,FOUND_TOP50K,EXACT_CASE_SENSITIVE_SURFACE_TOKEN,2026-09-04,,,,,NONE_OR_NOT_ANNOTATED_IN_THIS_PASS,FULL_TOP50K_EXACT_LOOKUP_50000,,NOT_CALCULATED_DENOMINATOR_NOT_FIXED,SUBTITLE_AUDIOVISUAL,2018,OpenSubtitles2018 via FrequencyWords processing,CC BY-SA 4.0 content,ALLOWED_WITH_ATTRIBUTION_AND_SHAREALIKE_BOUNDARY,NONE_FREQUENCY_DOES_NOT_SET_LEVEL,QUANT_SIGNAL_AVAILABLE_NOT_YET_COMPOSITE_SCORED,https://github.com/hermitdave/FrequencyWords/blob/master/content/2018/es/es_50k.txt,https://raw.githubusercontent.com/hermitdave/FrequencyWords/refs/heads/master/content/2018/es/es_50k.txt,Full continuous top-50k exact surface sweep completed on 2026-09-04. Frequency is quantitative evidence only and does not set CEFR level.,1.32
12B1-ATOM-0171,diente,ATOMIC_SURFACE_FORM,CORP-18,FrequencyWords / OpenSubtitles2018 Spanish 50k,FrequencyWords content/2018/es/es_50k.txt (OpenSubtitles2018-derived),SURFACE_SUBTITLE_OCCURRENCE_COUNT_AND_RANK,MEASURED_EXACT_SURFACE,4663,5809,FOUND_TOP50K,EXACT_CASE_SENSITIVE_SURFACE_TOKEN,2026-09-04,,,,,NONE_OR_NOT_ANNOTATED_IN_THIS_PASS,FULL_TOP50K_EXACT_LOOKUP_50000,,NOT_CALCULATED_DENOMINATOR_NOT_FIXED,SUBTITLE_AUDIOVISUAL,2018,OpenSubtitles2018 via FrequencyWords processing,CC BY-SA 4.0 content,ALLOWED_WITH_ATTRIBUTION_AND_SHAREALIKE_BOUNDARY,NONE_FREQUENCY_DOES_NOT_SET_LEVEL,QUANT_SIGNAL_AVAILABLE_NOT_YET_COMPOSITE_SCORED,https://github.com/hermitdave/FrequencyWords/blob/master/content/2018/es/es_50k.txt,https://raw.githubusercontent.com/hermitdave/FrequencyWords/refs/heads/master/content/2018/es/es_50k.txt,Full continuous top-50k exact surface sweep completed on 2026-09-04. Frequency is quantitative evidence only and does not set CEFR level.,1.32
12B1-ATOM-0172,difícil,ATOMIC_SURFACE_FORM,CORP-18,FrequencyWords / OpenSubtitles2018 Spanish 50k,FrequencyWords content/2018/es/es_50k.txt (OpenSubtitles2018-derived),SURFACE_SUBTITLE_OCCURRENCE_COUNT_AND_RANK,MEASURED_EXACT_SURFACE,104985,404,FOUND_TOP50K,EXACT_CASE_SENSITIVE_SURFACE_TOKEN,2026-09-04,,,,,NONE_OR_NOT_ANNOTATED_IN_THIS_PASS,FULL_TOP50K_EXACT_LOOKUP_50000,,NOT_CALCULATED_DENOMINATOR_NOT_FIXED,SUBTITLE_AUDIOVISUAL,2018,OpenSubtitles2018 via FrequencyWords processing,CC BY-SA 4.0 content,ALLOWED_WITH_ATTRIBUTION_AND_SHAREALIKE_BOUNDARY,NONE_FREQUENCY_DOES_NOT_SET_LEVEL,QUANT_SIGNAL_AVAILABLE_NOT_YET_COMPOSITE_SCORED,https://github.com/hermitdave/FrequencyWords/blob/master/content/2018/es/es_50k.txt,https://raw.githubusercontent.com/hermitdave/FrequencyWords/refs/heads/master/content/2018/es/es_50k.txt,Full continuous top-50k exact surface sweep completed on 2026-09-04. Frequency is quantitative evidence only and does not set CEFR level.,1.32
12B1-ATOM-0173,dinero,ATOMIC_SURFACE_FORM,CORP-18,FrequencyWords / OpenSubtitles2018 Spanish 50k,FrequencyWords content/2018/es/es_50k.txt (OpenSubtitles2018-derived),SURFACE_SUBTITLE_OCCURRENCE_COUNT_AND_RANK,MEASURED_EXACT_SURFACE,300518,164,FOUND_TOP50K,EXACT_CASE_SENSITIVE_SURFACE_TOKEN,2026-09-04,,,,,NONE_OR_NOT_ANNOTATED_IN_THIS_PASS,FULL_TOP50K_EXACT_LOOKUP_50000,,NOT_CALCULATED_DENOMINATOR_NOT_FIXED,SUBTITLE_AUDIOVISUAL,2018,OpenSubtitles2018 via FrequencyWords processing,CC BY-SA 4.0 content,ALLOWED_WITH_ATTRIBUTION_AND_SHAREALIKE_BOUNDARY,NONE_FREQUENCY_DOES_NOT_SET_LEVEL,QUANT_SIGNAL_AVAILABLE_NOT_YET_COMPOSITE_SCORED,https://github.com/hermitdave/FrequencyWords/blob/master/content/2018/es/es_50k.txt,https://raw.githubusercontent.com/hermitdave/FrequencyWords/refs/heads/master/content/2018/es/es_50k.txt,Full continuous top-50k exact surface sweep completed on 2026-09-04. Frequency is quantitative evidence only and does not set CEFR level.,1.32
12B1-ATOM-0174,dirección,ATOMIC_SURFACE_FORM,CORP-18,FrequencyWords / OpenSubtitles2018 Spanish 50k,FrequencyWords content/2018/es/es_50k.txt (OpenSubtitles2018-derived),SURFACE_SUBTITLE_OCCURRENCE_COUNT_AND_RANK,MEASURED_EXACT_SURFACE,44229,843,FOUND_TOP50K,EXACT_CASE_SENSITIVE_SURFACE_TOKEN,2026-09-04,,,,,NONE_OR_NOT_ANNOTATED_IN_THIS_PASS,FULL_TOP50K_EXACT_LOOKUP_50000,,NOT_CALCULATED_DENOMINATOR_NOT_FIXED,SUBTITLE_AUDIOVISUAL,2018,OpenSubtitles2018 via FrequencyWords processing,CC BY-SA 4.0 content,ALLOWED_WITH_ATTRIBUTION_AND_SHAREALIKE_BOUNDARY,NONE_FREQUENCY_DOES_NOT_SET_LEVEL,QUANT_SIGNAL_AVAILABLE_NOT_YET_COMPOSITE_SCORED,https://github.com/hermitdave/FrequencyWords/blob/master/content/2018/es/es_50k.txt,https://raw.githubusercontent.com/hermitdave/FrequencyWords/refs/heads/master/content/2018/es/es_50k.txt,Full continuous top-50k exact surface sweep completed on 2026-09-04. Frequency is quantitative evidence only and does not set CEFR level.,1.32
12B1-ATOM-0175,director,ATOMIC_SURFACE_FORM,CORP-18,FrequencyWords / OpenSubtitles2018 Spanish 50k,FrequencyWords content/2018/es/es_50k.txt (OpenSubtitles2018-derived),SURFACE_SUBTITLE_OCCURRENCE_COUNT_AND_RANK,MEASURED_EXACT_SURFACE,37428,967,FOUND_TOP50K,EXACT_CASE_SENSITIVE_SURFACE_TOKEN,2026-09-04,,,,,NONE_OR_NOT_ANNOTATED_IN_THIS_PASS,FULL_TOP50K_EXACT_LOOKUP_50000,,NOT_CALCULATED_DENOMINATOR_NOT_FIXED,SUBTITLE_AUDIOVISUAL,2018,OpenSubtitles2018 via FrequencyWords processing,CC BY-SA 4.0 content,ALLOWED_WITH_ATTRIBUTION_AND_SHAREALIKE_BOUNDARY,NONE_FREQUENCY_DOES_NOT_SET_LEVEL,QUANT_SIGNAL_AVAILABLE_NOT_YET_COMPOSITE_SCORED,https://github.com/hermitdave/FrequencyWords/blob/master/content/2018/es/es_50k.txt,https://raw.githubusercontent.com/hermitdave/FrequencyWords/refs/heads/master/content/2018/es/es_50k.txt,Full continuous top-50k exact surface sweep completed on 2026-09-04. Frequency is quantitative evidence only and does not set CEFR level.,1.32
12B1-ATOM-0176,discoteca,ATOMIC_SURFACE_FORM,CORP-18,FrequencyWords / OpenSubtitles2018 Spanish 50k,FrequencyWords content/2018/es/es_50k.txt (OpenSubtitles2018-derived),SURFACE_SUBTITLE_OCCURRENCE_COUNT_AND_RANK,MEASURED_EXACT_SURFACE,1666,12579,FOUND_TOP50K,EXACT_CASE_SENSITIVE_SURFACE_TOKEN,2026-09-04,,,,,NONE_OR_NOT_ANNOTATED_IN_THIS_PASS,FULL_TOP50K_EXACT_LOOKUP_50000,,NOT_CALCULATED_DENOMINATOR_NOT_FIXED,SUBTITLE_AUDIOVISUAL,2018,OpenSubtitles2018 via FrequencyWords processing,CC BY-SA 4.0 content,ALLOWED_WITH_ATTRIBUTION_AND_SHAREALIKE_BOUNDARY,NONE_FREQUENCY_DOES_NOT_SET_LEVEL,QUANT_SIGNAL_AVAILABLE_NOT_YET_COMPOSITE_SCORED,https://github.com/hermitdave/FrequencyWords/blob/master/content/2018/es/es_50k.txt,https://raw.githubusercontent.com/hermitdave/FrequencyWords/refs/heads/master/content/2018/es/es_50k.txt,Full continuous top-50k exact surface sweep completed on 2026-09-04. Frequency is quantitative evidence only and does not set CEFR level.,1.32
12B1-ATOM-0177,divorciado,ATOMIC_SURFACE_FORM,CORP-18,FrequencyWords / OpenSubtitles2018 Spanish 50k,FrequencyWords content/2018/es/es_50k.txt (OpenSubtitles2018-derived),SURFACE_SUBTITLE_OCCURRENCE_COUNT_AND_RANK,MEASURED_EXACT_SURFACE,2066,10787,FOUND_TOP50K,EXACT_CASE_SENSITIVE_SURFACE_TOKEN,2026-09-04,,,,,NONE_OR_NOT_ANNOTATED_IN_THIS_PASS,FULL_TOP50K_EXACT_LOOKUP_50000,,NOT_CALCULATED_DENOMINATOR_NOT_FIXED,SUBTITLE_AUDIOVISUAL,2018,OpenSubtitles2018 via FrequencyWords processing,CC BY-SA 4.0 content,ALLOWED_WITH_ATTRIBUTION_AND_SHAREALIKE_BOUNDARY,NONE_FREQUENCY_DOES_NOT_SET_LEVEL,QUANT_SIGNAL_AVAILABLE_NOT_YET_COMPOSITE_SCORED,https://github.com/hermitdave/FrequencyWords/blob/master/content/2018/es/es_50k.txt,https://raw.githubusercontent.com/hermitdave/FrequencyWords/refs/heads/master/content/2018/es/es_50k.txt,Full continuous top-50k exact surface sweep completed on 2026-09-04. Frequency is quantitative evidence only and does not set CEFR level.,1.32
12B1-ATOM-0178,doble,ATOMIC_SURFACE_FORM,CORP-18,FrequencyWords / OpenSubtitles2018 Spanish 50k,FrequencyWords content/2018/es/es_50k.txt (OpenSubtitles2018-derived),SURFACE_SUBTITLE_OCCURRENCE_COUNT_AND_RANK,MEASURED_EXACT_SURFACE,26787,1317,FOUND_TOP50K,EXACT_CASE_SENSITIVE_SURFACE_TOKEN,2026-09-04,,,,,NONE_OR_NOT_ANNOTATED_IN_THIS_PASS,FULL_TOP50K_EXACT_LOOKUP_50000,,NOT_CALCULATED_DENOMINATOR_NOT_FIXED,SUBTITLE_AUDIOVISUAL,2018,OpenSubtitles2018 via FrequencyWords processing,CC BY-SA 4.0 content,ALLOWED_WITH_ATTRIBUTION_AND_SHAREALIKE_BOUNDARY,NONE_FREQUENCY_DOES_NOT_SET_LEVEL,QUANT_SIGNAL_AVAILABLE_NOT_YET_COMPOSITE_SCORED,https://github.com/hermitdave/FrequencyWords/blob/master/content/2018/es/es_50k.txt,https://raw.githubusercontent.com/hermitdave/FrequencyWords/refs/heads/master/content/2018/es/es_50k.txt,Full continuous top-50k exact surface sweep completed on 2026-09-04. Frequency is quantitative evidence only and does not set CEFR level.,1.32
12B1-ATOM-0179,don,ATOMIC_SURFACE_FORM,CORP-18,FrequencyWords / OpenSubtitles2018 Spanish 50k,FrequencyWords content/2018/es/es_50k.txt (OpenSubtitles2018-derived),SURFACE_SUBTITLE_OCCURRENCE_COUNT_AND_RANK,MEASURED_EXACT_SURFACE,41978,879,FOUND_TOP50K,EXACT_CASE_SENSITIVE_SURFACE_TOKEN,2026-09-04,,,,,NONE_OR_NOT_ANNOTATED_IN_THIS_PASS,FULL_TOP50K_EXACT_LOOKUP_50000,,NOT_CALCULATED_DENOMINATOR_NOT_FIXED,SUBTITLE_AUDIOVISUAL,2018,OpenSubtitles2018 via FrequencyWords processing,CC BY-SA 4.0 content,ALLOWED_WITH_ATTRIBUTION_AND_SHAREALIKE_BOUNDARY,NONE_FREQUENCY_DOES_NOT_SET_LEVEL,QUANT_SIGNAL_AVAILABLE_NOT_YET_COMPOSITE_SCORED,https://github.com/hermitdave/FrequencyWords/blob/master/content/2018/es/es_50k.txt,https://raw.githubusercontent.com/hermitdave/FrequencyWords/refs/heads/master/content/2018/es/es_50k.txt,Full continuous top-50k exact surface sweep completed on 2026-09-04. Frequency is quantitative evidence only and does not set CEFR level.,1.32
12B1-ATOM-0180,dormitorio,ATOMIC_SURFACE_FORM,CORP-18,FrequencyWords / OpenSubtitles2018 Spanish 50k,FrequencyWords content/2018/es/es_50k.txt (OpenSubtitles2018-derived),SURFACE_SUBTITLE_OCCURRENCE_COUNT_AND_RANK,MEASURED_EXACT_SURFACE,8930,3445,FOUND_TOP50K,EXACT_CASE_SENSITIVE_SURFACE_TOKEN,2026-09-04,,,,,NONE_OR_NOT_ANNOTATED_IN_THIS_PASS,FULL_TOP50K_EXACT_LOOKUP_50000,,NOT_CALCULATED_DENOMINATOR_NOT_FIXED,SUBTITLE_AUDIOVISUAL,2018,OpenSubtitles2018 via FrequencyWords processing,CC BY-SA 4.0 content,ALLOWED_WITH_ATTRIBUTION_AND_SHAREALIKE_BOUNDARY,NONE_FREQUENCY_DOES_NOT_SET_LEVEL,QUANT_SIGNAL_AVAILABLE_NOT_YET_COMPOSITE_SCORED,https://github.com/hermitdave/FrequencyWords/blob/master/content/2018/es/es_50k.txt,https://raw.githubusercontent.com/hermitdave/FrequencyWords/refs/heads/master/content/2018/es/es_50k.txt,Full continuous top-50k exact surface sweep completed on 2026-09-04. Frequency is quantitative evidence only and does not set CEFR level.,1.32
12B1-ATOM-0181,doña,ATOMIC_SURFACE_FORM,CORP-18,FrequencyWords / OpenSubtitles2018 Spanish 50k,FrequencyWords content/2018/es/es_50k.txt (OpenSubtitles2018-derived),SURFACE_SUBTITLE_OCCURRENCE_COUNT_AND_RANK,MEASURED_EXACT_SURFACE,4695,5778,FOUND_TOP50K,EXACT_CASE_SENSITIVE_SURFACE_TOKEN,2026-09-04,,,,,NONE_OR_NOT_ANNOTATED_IN_THIS_PASS,FULL_TOP50K_EXACT_LOOKUP_50000,,NOT_CALCULATED_DENOMINATOR_NOT_FIXED,SUBTITLE_AUDIOVISUAL,2018,OpenSubtitles2018 via FrequencyWords processing,CC BY-SA 4.0 content,ALLOWED_WITH_ATTRIBUTION_AND_SHAREALIKE_BOUNDARY,NONE_FREQUENCY_DOES_NOT_SET_LEVEL,QUANT_SIGNAL_AVAILABLE_NOT_YET_COMPOSITE_SCORED,https://github.com/hermitdave/FrequencyWords/blob/master/content/2018/es/es_50k.txt,https://raw.githubusercontent.com/hermitdave/FrequencyWords/refs/heads/master/content/2018/es/es_50k.txt,Full continuous top-50k exact surface sweep completed on 2026-09-04. Frequency is quantitative evidence only and does not set CEFR level.,1.32
12B1-ATOM-0182,ducha,ATOMIC_SURFACE_FORM,CORP-18,FrequencyWords / OpenSubtitles2018 Spanish 50k,FrequencyWords content/2018/es/es_50k.txt (OpenSubtitles2018-derived),SURFACE_SUBTITLE_OCCURRENCE_COUNT_AND_RANK,MEASURED_EXACT_SURFACE,11312,2822,FOUND_TOP50K,EXACT_CASE_SENSITIVE_SURFACE_TOKEN,2026-09-04,,,,,NONE_OR_NOT_ANNOTATED_IN_THIS_PASS,FULL_TOP50K_EXACT_LOOKUP_50000,,NOT_CALCULATED_DENOMINATOR_NOT_FIXED,SUBTITLE_AUDIOVISUAL,2018,OpenSubtitles2018 via FrequencyWords processing,CC BY-SA 4.0 content,ALLOWED_WITH_ATTRIBUTION_AND_SHAREALIKE_BOUNDARY,NONE_FREQUENCY_DOES_NOT_SET_LEVEL,QUANT_SIGNAL_AVAILABLE_NOT_YET_COMPOSITE_SCORED,https://github.com/hermitdave/FrequencyWords/blob/master/content/2018/es/es_50k.txt,https://raw.githubusercontent.com/hermitdave/FrequencyWords/refs/heads/master/content/2018/es/es_50k.txt,Full continuous top-50k exact surface sweep completed on 2026-09-04. Frequency is quantitative evidence only and does not set CEFR level.,1.32
12B1-ATOM-0183,ducharse,ATOMIC_SURFACE_FORM,CORP-18,FrequencyWords / OpenSubtitles2018 Spanish 50k,FrequencyWords content/2018/es/es_50k.txt (OpenSubtitles2018-derived),SURFACE_SUBTITLE_OCCURRENCE_COUNT_AND_RANK,MEASURED_EXACT_SURFACE,393,32282,FOUND_TOP50K,EXACT_CASE_SENSITIVE_SURFACE_TOKEN,2026-09-04,,,,,NONE_OR_NOT_ANNOTATED_IN_THIS_PASS,FULL_TOP50K_EXACT_LOOKUP_50000,,NOT_CALCULATED_DENOMINATOR_NOT_FIXED,SUBTITLE_AUDIOVISUAL,2018,OpenSubtitles2018 via FrequencyWords processing,CC BY-SA 4.0 content,ALLOWED_WITH_ATTRIBUTION_AND_SHAREALIKE_BOUNDARY,NONE_FREQUENCY_DOES_NOT_SET_LEVEL,QUANT_SIGNAL_AVAILABLE_NOT_YET_COMPOSITE_SCORED,https://github.com/hermitdave/FrequencyWords/blob/master/content/2018/es/es_50k.txt,https://raw.githubusercontent.com/hermitdave/FrequencyWords/refs/heads/master/content/2018/es/es_50k.txt,Full continuous top-50k exact surface sweep completed on 2026-09-04. Frequency is quantitative evidence only and does not set CEFR level.,1.32
12B1-ATOM-0184,DVD,ATOMIC_SURFACE_FORM,CORP-18,FrequencyWords / OpenSubtitles2018 Spanish 50k,FrequencyWords content/2018/es/es_50k.txt (OpenSubtitles2018-derived),SURFACE_SUBTITLE_OCCURRENCE_COUNT_AND_RANK,NORMALIZATION_REVIEW_REQUIRED,,,NORMALIZATION_REVIEW_REQUIRED,NO_EXACT_CASE_SENSITIVE_MATCH_CANDIDATE_PRESERVED_SEPARATELY,2026-09-04,dvd,2910,8411,CASE_MISMATCH_CORPUS_LOWERCASE,NONE_OR_NOT_ANNOTATED_IN_THIS_PASS,FULL_TOP50K_EXACT_LOOKUP_50000,,NOT_CALCULATED_DENOMINATOR_NOT_FIXED,SUBTITLE_AUDIOVISUAL,2018,OpenSubtitles2018 via FrequencyWords processing,CC BY-SA 4.0 content,ALLOWED_WITH_ATTRIBUTION_AND_SHAREALIKE_BOUNDARY,NONE_FREQUENCY_DOES_NOT_SET_LEVEL,QUANT_SIGNAL_WITHHELD_PENDING_NORMALIZATION,https://github.com/hermitdave/FrequencyWords/blob/master/content/2018/es/es_50k.txt,https://raw.githubusercontent.com/hermitdave/FrequencyWords/refs/heads/master/content/2018/es/es_50k.txt,Full continuous top-50k exact surface sweep completed on 2026-09-04. Frequency is quantitative evidence only and does not set CEFR level. No exact surface match stored; a non-destructive normalization candidate is recorded separately for Phase 14 review.,1.32
12B1-ATOM-0185,décima,ATOMIC_SURFACE_FORM,CORP-18,FrequencyWords / OpenSubtitles2018 Spanish 50k,FrequencyWords content/2018/es/es_50k.txt (OpenSubtitles2018-derived),SURFACE_SUBTITLE_OCCURRENCE_COUNT_AND_RANK,MEASURED_EXACT_SURFACE,1151,16189,FOUND_TOP50K,EXACT_CASE_SENSITIVE_SURFACE_TOKEN,2026-09-04,,,,,NONE_OR_NOT_ANNOTATED_IN_THIS_PASS,FULL_TOP50K_EXACT_LOOKUP_50000,,NOT_CALCULATED_DENOMINATOR_NOT_FIXED,SUBTITLE_AUDIOVISUAL,2018,OpenSubtitles2018 via FrequencyWords processing,CC BY-SA 4.0 content,ALLOWED_WITH_ATTRIBUTION_AND_SHAREALIKE_BOUNDARY,NONE_FREQUENCY_DOES_NOT_SET_LEVEL,QUANT_SIGNAL_AVAILABLE_NOT_YET_COMPOSITE_SCORED,https://github.com/hermitdave/FrequencyWords/blob/master/content/2018/es/es_50k.txt,https://raw.githubusercontent.com/hermitdave/FrequencyWords/refs/heads/master/content/2018/es/es_50k.txt,Full continuous top-50k exact surface sweep completed on 2026-09-04. Frequency is quantitative evidence only and does not set CEFR level.,1.32
12B1-ATOM-0186,décimo,ATOMIC_SURFACE_FORM,CORP-18,FrequencyWords / OpenSubtitles2018 Spanish 50k,FrequencyWords content/2018/es/es_50k.txt (OpenSubtitles2018-derived),SURFACE_SUBTITLE_OCCURRENCE_COUNT_AND_RANK,MEASURED_EXACT_SURFACE,1652,12649,FOUND_TOP50K,EXACT_CASE_SENSITIVE_SURFACE_TOKEN,2026-09-04,,,,,NONE_OR_NOT_ANNOTATED_IN_THIS_PASS,FULL_TOP50K_EXACT_LOOKUP_50000,,NOT_CALCULATED_DENOMINATOR_NOT_FIXED,SUBTITLE_AUDIOVISUAL,2018,OpenSubtitles2018 via FrequencyWords processing,CC BY-SA 4.0 content,ALLOWED_WITH_ATTRIBUTION_AND_SHAREALIKE_BOUNDARY,NONE_FREQUENCY_DOES_NOT_SET_LEVEL,QUANT_SIGNAL_AVAILABLE_NOT_YET_COMPOSITE_SCORED,https://github.com/hermitdave/FrequencyWords/blob/master/content/2018/es/es_50k.txt,https://raw.githubusercontent.com/hermitdave/FrequencyWords/refs/heads/master/content/2018/es/es_50k.txt,Full continuous top-50k exact surface sweep completed on 2026-09-04. Frequency is quantitative evidence only and does not set CEFR level.,1.32
12B1-ATOM-0187,día,ATOMIC_SURFACE_FORM,CORP-18,FrequencyWords / OpenSubtitles2018 Spanish 50k,FrequencyWords content/2018/es/es_50k.txt (OpenSubtitles2018-derived),SURFACE_SUBTITLE_OCCURRENCE_COUNT_AND_RANK,MEASURED_EXACT_SURFACE,395131,134,FOUND_TOP50K,EXACT_CASE_SENSITIVE_SURFACE_TOKEN,2026-09-04,,,,,NONE_OR_NOT_ANNOTATED_IN_THIS_PASS,FULL_TOP50K_EXACT_LOOKUP_50000,,NOT_CALCULATED_DENOMINATOR_NOT_FIXED,SUBTITLE_AUDIOVISUAL,2018,OpenSubtitles2018 via FrequencyWords processing,CC BY-SA 4.0 content,ALLOWED_WITH_ATTRIBUTION_AND_SHAREALIKE_BOUNDARY,NONE_FREQUENCY_DOES_NOT_SET_LEVEL,QUANT_SIGNAL_AVAILABLE_NOT_YET_COMPOSITE_SCORED,https://github.com/hermitdave/FrequencyWords/blob/master/content/2018/es/es_50k.txt,https://raw.githubusercontent.com/hermitdave/FrequencyWords/refs/heads/master/content/2018/es/es_50k.txt,Full continuous top-50k exact surface sweep completed on 2026-09-04. Frequency is quantitative evidence only and does not set CEFR level.,1.32
12B1-ATOM-0188,dónde,ATOMIC_SURFACE_FORM,CORP-18,FrequencyWords / OpenSubtitles2018 Spanish 50k,FrequencyWords content/2018/es/es_50k.txt (OpenSubtitles2018-derived),SURFACE_SUBTITLE_OCCURRENCE_COUNT_AND_RANK,MEASURED_EXACT_SURFACE,539643,99,FOUND_TOP50K,EXACT_CASE_SENSITIVE_SURFACE_TOKEN,2026-09-04,,,,,NONE_OR_NOT_ANNOTATED_IN_THIS_PASS,FULL_TOP50K_EXACT_LOOKUP_50000,,NOT_CALCULATED_DENOMINATOR_NOT_FIXED,SUBTITLE_AUDIOVISUAL,2018,OpenSubtitles2018 via FrequencyWords processing,CC BY-SA 4.0 content,ALLOWED_WITH_ATTRIBUTION_AND_SHAREALIKE_BOUNDARY,NONE_FREQUENCY_DOES_NOT_SET_LEVEL,QUANT_SIGNAL_AVAILABLE_NOT_YET_COMPOSITE_SCORED,https://github.com/hermitdave/FrequencyWords/blob/master/content/2018/es/es_50k.txt,https://raw.githubusercontent.com/hermitdave/FrequencyWords/refs/heads/master/content/2018/es/es_50k.txt,Full continuous top-50k exact surface sweep completed on 2026-09-04. Frequency is quantitative evidence only and does not set CEFR level.,1.32
12B1-ATOM-0189,edad,ATOMIC_SURFACE_FORM,CORP-18,FrequencyWords / OpenSubtitles2018 Spanish 50k,FrequencyWords content/2018/es/es_50k.txt (OpenSubtitles2018-derived),SURFACE_SUBTITLE_OCCURRENCE_COUNT_AND_RANK,MEASURED_EXACT_SURFACE,51163,736,FOUND_TOP50K,EXACT_CASE_SENSITIVE_SURFACE_TOKEN,2026-09-04,,,,,NONE_OR_NOT_ANNOTATED_IN_THIS_PASS,FULL_TOP50K_EXACT_LOOKUP_50000,,NOT_CALCULATED_DENOMINATOR_NOT_FIXED,SUBTITLE_AUDIOVISUAL,2018,OpenSubtitles2018 via FrequencyWords processing,CC BY-SA 4.0 content,ALLOWED_WITH_ATTRIBUTION_AND_SHAREALIKE_BOUNDARY,NONE_FREQUENCY_DOES_NOT_SET_LEVEL,QUANT_SIGNAL_AVAILABLE_NOT_YET_COMPOSITE_SCORED,https://github.com/hermitdave/FrequencyWords/blob/master/content/2018/es/es_50k.txt,https://raw.githubusercontent.com/hermitdave/FrequencyWords/refs/heads/master/content/2018/es/es_50k.txt,Full continuous top-50k exact surface sweep completed on 2026-09-04. Frequency is quantitative evidence only and does not set CEFR level.,1.32
12B1-ATOM-0190,edificio,ATOMIC_SURFACE_FORM,CORP-18,FrequencyWords / OpenSubtitles2018 Spanish 50k,FrequencyWords content/2018/es/es_50k.txt (OpenSubtitles2018-derived),SURFACE_SUBTITLE_OCCURRENCE_COUNT_AND_RANK,MEASURED_EXACT_SURFACE,35098,1038,FOUND_TOP50K,EXACT_CASE_SENSITIVE_SURFACE_TOKEN,2026-09-04,,,,,NONE_OR_NOT_ANNOTATED_IN_THIS_PASS,FULL_TOP50K_EXACT_LOOKUP_50000,,NOT_CALCULATED_DENOMINATOR_NOT_FIXED,SUBTITLE_AUDIOVISUAL,2018,OpenSubtitles2018 via FrequencyWords processing,CC BY-SA 4.0 content,ALLOWED_WITH_ATTRIBUTION_AND_SHAREALIKE_BOUNDARY,NONE_FREQUENCY_DOES_NOT_SET_LEVEL,QUANT_SIGNAL_AVAILABLE_NOT_YET_COMPOSITE_SCORED,https://github.com/hermitdave/FrequencyWords/blob/master/content/2018/es/es_50k.txt,https://raw.githubusercontent.com/hermitdave/FrequencyWords/refs/heads/master/content/2018/es/es_50k.txt,Full continuous top-50k exact surface sweep completed on 2026-09-04. Frequency is quantitative evidence only and does not set CEFR level.,1.32
12B1-ATOM-0191,eh,ATOMIC_SURFACE_FORM,CORP-18,FrequencyWords / OpenSubtitles2018 Spanish 50k,FrequencyWords content/2018/es/es_50k.txt (OpenSubtitles2018-derived),SURFACE_SUBTITLE_OCCURRENCE_COUNT_AND_RANK,MEASURED_EXACT_SURFACE,193299,242,FOUND_TOP50K,EXACT_CASE_SENSITIVE_SURFACE_TOKEN,2026-09-04,,,,,NONE_OR_NOT_ANNOTATED_IN_THIS_PASS,FULL_TOP50K_EXACT_LOOKUP_50000,,NOT_CALCULATED_DENOMINATOR_NOT_FIXED,SUBTITLE_AUDIOVISUAL,2018,OpenSubtitles2018 via FrequencyWords processing,CC BY-SA 4.0 content,ALLOWED_WITH_ATTRIBUTION_AND_SHAREALIKE_BOUNDARY,NONE_FREQUENCY_DOES_NOT_SET_LEVEL,QUANT_SIGNAL_AVAILABLE_NOT_YET_COMPOSITE_SCORED,https://github.com/hermitdave/FrequencyWords/blob/master/content/2018/es/es_50k.txt,https://raw.githubusercontent.com/hermitdave/FrequencyWords/refs/heads/master/content/2018/es/es_50k.txt,Full continuous top-50k exact surface sweep completed on 2026-09-04. Frequency is quantitative evidence only and does not set CEFR level.,1.32
12B1-ATOM-0192,ejercicio,ATOMIC_SURFACE_FORM,CORP-18,FrequencyWords / OpenSubtitles2018 Spanish 50k,FrequencyWords content/2018/es/es_50k.txt (OpenSubtitles2018-derived),SURFACE_SUBTITLE_OCCURRENCE_COUNT_AND_RANK,MEASURED_EXACT_SURFACE,8504,3573,FOUND_TOP50K,EXACT_CASE_SENSITIVE_SURFACE_TOKEN,2026-09-04,,,,,NONE_OR_NOT_ANNOTATED_IN_THIS_PASS,FULL_TOP50K_EXACT_LOOKUP_50000,,NOT_CALCULATED_DENOMINATOR_NOT_FIXED,SUBTITLE_AUDIOVISUAL,2018,OpenSubtitles2018 via FrequencyWords processing,CC BY-SA 4.0 content,ALLOWED_WITH_ATTRIBUTION_AND_SHAREALIKE_BOUNDARY,NONE_FREQUENCY_DOES_NOT_SET_LEVEL,QUANT_SIGNAL_AVAILABLE_NOT_YET_COMPOSITE_SCORED,https://github.com/hermitdave/FrequencyWords/blob/master/content/2018/es/es_50k.txt,https://raw.githubusercontent.com/hermitdave/FrequencyWords/refs/heads/master/content/2018/es/es_50k.txt,Full continuous top-50k exact surface sweep completed on 2026-09-04. Frequency is quantitative evidence only and does not set CEFR level.,1.32
12B1-ATOM-0193,el,ATOMIC_SURFACE_FORM,CORP-18,FrequencyWords / OpenSubtitles2018 Spanish 50k,FrequencyWords content/2018/es/es_50k.txt (OpenSubtitles2018-derived),SURFACE_SUBTITLE_OCCURRENCE_COUNT_AND_RANK,MEASURED_EXACT_SURFACE,7531226,6,FOUND_TOP50K,EXACT_CASE_SENSITIVE_SURFACE_TOKEN,2026-09-04,,,,,NONE_OR_NOT_ANNOTATED_IN_THIS_PASS,FULL_TOP50K_EXACT_LOOKUP_50000,,NOT_CALCULATED_DENOMINATOR_NOT_FIXED,SUBTITLE_AUDIOVISUAL,2018,OpenSubtitles2018 via FrequencyWords processing,CC BY-SA 4.0 content,ALLOWED_WITH_ATTRIBUTION_AND_SHAREALIKE_BOUNDARY,NONE_FREQUENCY_DOES_NOT_SET_LEVEL,QUANT_SIGNAL_AVAILABLE_NOT_YET_COMPOSITE_SCORED,https://github.com/hermitdave/FrequencyWords/blob/master/content/2018/es/es_50k.txt,https://raw.githubusercontent.com/hermitdave/FrequencyWords/refs/heads/master/content/2018/es/es_50k.txt,Full continuous top-50k exact surface sweep completed on 2026-09-04. Frequency is quantitative evidence only and does not set CEFR level.,1.32
12B1-ATOM-0194,electrónico,ATOMIC_SURFACE_FORM,CORP-18,FrequencyWords / OpenSubtitles2018 Spanish 50k,FrequencyWords content/2018/es/es_50k.txt (OpenSubtitles2018-derived),SURFACE_SUBTITLE_OCCURRENCE_COUNT_AND_RANK,MEASURED_EXACT_SURFACE,3771,6899,FOUND_TOP50K,EXACT_CASE_SENSITIVE_SURFACE_TOKEN,2026-09-04,,,,,NONE_OR_NOT_ANNOTATED_IN_THIS_PASS,FULL_TOP50K_EXACT_LOOKUP_50000,,NOT_CALCULATED_DENOMINATOR_NOT_FIXED,SUBTITLE_AUDIOVISUAL,2018,OpenSubtitles2018 via FrequencyWords processing,CC BY-SA 4.0 content,ALLOWED_WITH_ATTRIBUTION_AND_SHAREALIKE_BOUNDARY,NONE_FREQUENCY_DOES_NOT_SET_LEVEL,QUANT_SIGNAL_AVAILABLE_NOT_YET_COMPOSITE_SCORED,https://github.com/hermitdave/FrequencyWords/blob/master/content/2018/es/es_50k.txt,https://raw.githubusercontent.com/hermitdave/FrequencyWords/refs/heads/master/content/2018/es/es_50k.txt,Full continuous top-50k exact surface sweep completed on 2026-09-04. Frequency is quantitative evidence only and does not set CEFR level.,1.32
12B1-ATOM-0195,ella,ATOMIC_SURFACE_FORM,CORP-18,FrequencyWords / OpenSubtitles2018 Spanish 50k,FrequencyWords content/2018/es/es_50k.txt (OpenSubtitles2018-derived),SURFACE_SUBTITLE_OCCURRENCE_COUNT_AND_RANK,MEASURED_EXACT_SURFACE,800671,66,FOUND_TOP50K,EXACT_CASE_SENSITIVE_SURFACE_TOKEN,2026-09-04,,,,,NONE_OR_NOT_ANNOTATED_IN_THIS_PASS,FULL_TOP50K_EXACT_LOOKUP_50000,,NOT_CALCULATED_DENOMINATOR_NOT_FIXED,SUBTITLE_AUDIOVISUAL,2018,OpenSubtitles2018 via FrequencyWords processing,CC BY-SA 4.0 content,ALLOWED_WITH_ATTRIBUTION_AND_SHAREALIKE_BOUNDARY,NONE_FREQUENCY_DOES_NOT_SET_LEVEL,QUANT_SIGNAL_AVAILABLE_NOT_YET_COMPOSITE_SCORED,https://github.com/hermitdave/FrequencyWords/blob/master/content/2018/es/es_50k.txt,https://raw.githubusercontent.com/hermitdave/FrequencyWords/refs/heads/master/content/2018/es/es_50k.txt,Full continuous top-50k exact surface sweep completed on 2026-09-04. Frequency is quantitative evidence only and does not set CEFR level.,1.32
12B1-ATOM-0196,ellas,ATOMIC_SURFACE_FORM,CORP-18,FrequencyWords / OpenSubtitles2018 Spanish 50k,FrequencyWords content/2018/es/es_50k.txt (OpenSubtitles2018-derived),SURFACE_SUBTITLE_OCCURRENCE_COUNT_AND_RANK,MEASURED_EXACT_SURFACE,46892,802,FOUND_TOP50K,EXACT_CASE_SENSITIVE_SURFACE_TOKEN,2026-09-04,,,,,NONE_OR_NOT_ANNOTATED_IN_THIS_PASS,FULL_TOP50K_EXACT_LOOKUP_50000,,NOT_CALCULATED_DENOMINATOR_NOT_FIXED,SUBTITLE_AUDIOVISUAL,2018,OpenSubtitles2018 via FrequencyWords processing,CC BY-SA 4.0 content,ALLOWED_WITH_ATTRIBUTION_AND_SHAREALIKE_BOUNDARY,NONE_FREQUENCY_DOES_NOT_SET_LEVEL,QUANT_SIGNAL_AVAILABLE_NOT_YET_COMPOSITE_SCORED,https://github.com/hermitdave/FrequencyWords/blob/master/content/2018/es/es_50k.txt,https://raw.githubusercontent.com/hermitdave/FrequencyWords/refs/heads/master/content/2018/es/es_50k.txt,Full continuous top-50k exact surface sweep completed on 2026-09-04. Frequency is quantitative evidence only and does not set CEFR level.,1.32
12B1-ATOM-0197,ellos,ATOMIC_SURFACE_FORM,CORP-18,FrequencyWords / OpenSubtitles2018 Spanish 50k,FrequencyWords content/2018/es/es_50k.txt (OpenSubtitles2018-derived),SURFACE_SUBTITLE_OCCURRENCE_COUNT_AND_RANK,MEASURED_EXACT_SURFACE,323892,156,FOUND_TOP50K,EXACT_CASE_SENSITIVE_SURFACE_TOKEN,2026-09-04,,,,,NONE_OR_NOT_ANNOTATED_IN_THIS_PASS,FULL_TOP50K_EXACT_LOOKUP_50000,,NOT_CALCULATED_DENOMINATOR_NOT_FIXED,SUBTITLE_AUDIOVISUAL,2018,OpenSubtitles2018 via FrequencyWords processing,CC BY-SA 4.0 content,ALLOWED_WITH_ATTRIBUTION_AND_SHAREALIKE_BOUNDARY,NONE_FREQUENCY_DOES_NOT_SET_LEVEL,QUANT_SIGNAL_AVAILABLE_NOT_YET_COMPOSITE_SCORED,https://github.com/hermitdave/FrequencyWords/blob/master/content/2018/es/es_50k.txt,https://raw.githubusercontent.com/hermitdave/FrequencyWords/refs/heads/master/content/2018/es/es_50k.txt,Full continuous top-50k exact surface sweep completed on 2026-09-04. Frequency is quantitative evidence only and does not set CEFR level.,1.32
12B1-ATOM-0198,empezar,ATOMIC_SURFACE_FORM,CORP-18,FrequencyWords / OpenSubtitles2018 Spanish 50k,FrequencyWords content/2018/es/es_50k.txt (OpenSubtitles2018-derived),SURFACE_SUBTITLE_OCCURRENCE_COUNT_AND_RANK,MEASURED_EXACT_SURFACE,63463,619,FOUND_TOP50K,EXACT_CASE_SENSITIVE_SURFACE_TOKEN,2026-09-04,,,,,NONE_OR_NOT_ANNOTATED_IN_THIS_PASS,FULL_TOP50K_EXACT_LOOKUP_50000,,NOT_CALCULATED_DENOMINATOR_NOT_FIXED,SUBTITLE_AUDIOVISUAL,2018,OpenSubtitles2018 via FrequencyWords processing,CC BY-SA 4.0 content,ALLOWED_WITH_ATTRIBUTION_AND_SHAREALIKE_BOUNDARY,NONE_FREQUENCY_DOES_NOT_SET_LEVEL,QUANT_SIGNAL_AVAILABLE_NOT_YET_COMPOSITE_SCORED,https://github.com/hermitdave/FrequencyWords/blob/master/content/2018/es/es_50k.txt,https://raw.githubusercontent.com/hermitdave/FrequencyWords/refs/heads/master/content/2018/es/es_50k.txt,Full continuous top-50k exact surface sweep completed on 2026-09-04. Frequency is quantitative evidence only and does not set CEFR level.,1.32
12B1-ATOM-0199,empresa,ATOMIC_SURFACE_FORM,CORP-18,FrequencyWords / OpenSubtitles2018 Spanish 50k,FrequencyWords content/2018/es/es_50k.txt (OpenSubtitles2018-derived),SURFACE_SUBTITLE_OCCURRENCE_COUNT_AND_RANK,MEASURED_EXACT_SURFACE,23858,1458,FOUND_TOP50K,EXACT_CASE_SENSITIVE_SURFACE_TOKEN,2026-09-04,,,,,NONE_OR_NOT_ANNOTATED_IN_THIS_PASS,FULL_TOP50K_EXACT_LOOKUP_50000,,NOT_CALCULATED_DENOMINATOR_NOT_FIXED,SUBTITLE_AUDIOVISUAL,2018,OpenSubtitles2018 via FrequencyWords processing,CC BY-SA 4.0 content,ALLOWED_WITH_ATTRIBUTION_AND_SHAREALIKE_BOUNDARY,NONE_FREQUENCY_DOES_NOT_SET_LEVEL,QUANT_SIGNAL_AVAILABLE_NOT_YET_COMPOSITE_SCORED,https://github.com/hermitdave/FrequencyWords/blob/master/content/2018/es/es_50k.txt,https://raw.githubusercontent.com/hermitdave/FrequencyWords/refs/heads/master/content/2018/es/es_50k.txt,Full continuous top-50k exact surface sweep completed on 2026-09-04. Frequency is quantitative evidence only and does not set CEFR level.,1.32
12B1-ATOM-0200,en,ATOMIC_SURFACE_FORM,CORP-18,FrequencyWords / OpenSubtitles2018 Spanish 50k,FrequencyWords content/2018/es/es_50k.txt (OpenSubtitles2018-derived),SURFACE_SUBTITLE_OCCURRENCE_COUNT_AND_RANK,MEASURED_EXACT_SURFACE,6817324,9,FOUND_TOP50K,EXACT_CASE_SENSITIVE_SURFACE_TOKEN,2026-09-04,,,,,NONE_OR_NOT_ANNOTATED_IN_THIS_PASS,FULL_TOP50K_EXACT_LOOKUP_50000,,NOT_CALCULATED_DENOMINATOR_NOT_FIXED,SUBTITLE_AUDIOVISUAL,2018,OpenSubtitles2018 via FrequencyWords processing,CC BY-SA 4.0 content,ALLOWED_WITH_ATTRIBUTION_AND_SHAREALIKE_BOUNDARY,NONE_FREQUENCY_DOES_NOT_SET_LEVEL,QUANT_SIGNAL_AVAILABLE_NOT_YET_COMPOSITE_SCORED,https://github.com/hermitdave/FrequencyWords/blob/master/content/2018/es/es_50k.txt,https://raw.githubusercontent.com/hermitdave/FrequencyWords/refs/heads/master/content/2018/es/es_50k.txt,Full continuous top-50k exact surface sweep completed on 2026-09-04. Frequency is quantitative evidence only and does not set CEFR level.,1.32
12B1-ATOM-0201,encantado,ATOMIC_SURFACE_FORM,CORP-18,FrequencyWords / OpenSubtitles2018 Spanish 50k,FrequencyWords content/2018/es/es_50k.txt (OpenSubtitles2018-derived),SURFACE_SUBTITLE_OCCURRENCE_COUNT_AND_RANK,MEASURED_EXACT_SURFACE,22800,1520,FOUND_TOP50K,EXACT_CASE_SENSITIVE_SURFACE_TOKEN,2026-09-04,,,,,NONE_OR_NOT_ANNOTATED_IN_THIS_PASS,FULL_TOP50K_EXACT_LOOKUP_50000,,NOT_CALCULATED_DENOMINATOR_NOT_FIXED,SUBTITLE_AUDIOVISUAL,2018,OpenSubtitles2018 via FrequencyWords processing,CC BY-SA 4.0 content,ALLOWED_WITH_ATTRIBUTION_AND_SHAREALIKE_BOUNDARY,NONE_FREQUENCY_DOES_NOT_SET_LEVEL,QUANT_SIGNAL_AVAILABLE_NOT_YET_COMPOSITE_SCORED,https://github.com/hermitdave/FrequencyWords/blob/master/content/2018/es/es_50k.txt,https://raw.githubusercontent.com/hermitdave/FrequencyWords/refs/heads/master/content/2018/es/es_50k.txt,Full continuous top-50k exact surface sweep completed on 2026-09-04. Frequency is quantitative evidence only and does not set CEFR level.,1.32
12B1-ATOM-0202,enfermera,ATOMIC_SURFACE_FORM,CORP-18,FrequencyWords / OpenSubtitles2018 Spanish 50k,FrequencyWords content/2018/es/es_50k.txt (OpenSubtitles2018-derived),SURFACE_SUBTITLE_OCCURRENCE_COUNT_AND_RANK,MEASURED_EXACT_SURFACE,17587,1916,FOUND_TOP50K,EXACT_CASE_SENSITIVE_SURFACE_TOKEN,2026-09-04,,,,,NONE_OR_NOT_ANNOTATED_IN_THIS_PASS,FULL_TOP50K_EXACT_LOOKUP_50000,,NOT_CALCULATED_DENOMINATOR_NOT_FIXED,SUBTITLE_AUDIOVISUAL,2018,OpenSubtitles2018 via FrequencyWords processing,CC BY-SA 4.0 content,ALLOWED_WITH_ATTRIBUTION_AND_SHAREALIKE_BOUNDARY,NONE_FREQUENCY_DOES_NOT_SET_LEVEL,QUANT_SIGNAL_AVAILABLE_NOT_YET_COMPOSITE_SCORED,https://github.com/hermitdave/FrequencyWords/blob/master/content/2018/es/es_50k.txt,https://raw.githubusercontent.com/hermitdave/FrequencyWords/refs/heads/master/content/2018/es/es_50k.txt,Full continuous top-50k exact surface sweep completed on 2026-09-04. Frequency is quantitative evidence only and does not set CEFR level.,1.32
12B1-ATOM-0203,enfermero,ATOMIC_SURFACE_FORM,CORP-18,FrequencyWords / OpenSubtitles2018 Spanish 50k,FrequencyWords content/2018/es/es_50k.txt (OpenSubtitles2018-derived),SURFACE_SUBTITLE_OCCURRENCE_COUNT_AND_RANK,MEASURED_EXACT_SURFACE,1489,13584,FOUND_TOP50K,EXACT_CASE_SENSITIVE_SURFACE_TOKEN,2026-09-04,,,,,NONE_OR_NOT_ANNOTATED_IN_THIS_PASS,FULL_TOP50K_EXACT_LOOKUP_50000,,NOT_CALCULATED_DENOMINATOR_NOT_FIXED,SUBTITLE_AUDIOVISUAL,2018,OpenSubtitles2018 via FrequencyWords processing,CC BY-SA 4.0 content,ALLOWED_WITH_ATTRIBUTION_AND_SHAREALIKE_BOUNDARY,NONE_FREQUENCY_DOES_NOT_SET_LEVEL,QUANT_SIGNAL_AVAILABLE_NOT_YET_COMPOSITE_SCORED,https://github.com/hermitdave/FrequencyWords/blob/master/content/2018/es/es_50k.txt,https://raw.githubusercontent.com/hermitdave/FrequencyWords/refs/heads/master/content/2018/es/es_50k.txt,Full continuous top-50k exact surface sweep completed on 2026-09-04. Frequency is quantitative evidence only and does not set CEFR level.,1.32
12B1-ATOM-0204,enfermo,ATOMIC_SURFACE_FORM,CORP-18,FrequencyWords / OpenSubtitles2018 Spanish 50k,FrequencyWords content/2018/es/es_50k.txt (OpenSubtitles2018-derived),SURFACE_SUBTITLE_OCCURRENCE_COUNT_AND_RANK,MEASURED_EXACT_SURFACE,29931,1184,FOUND_TOP50K,EXACT_CASE_SENSITIVE_SURFACE_TOKEN,2026-09-04,,,,,NONE_OR_NOT_ANNOTATED_IN_THIS_PASS,FULL_TOP50K_EXACT_LOOKUP_50000,,NOT_CALCULATED_DENOMINATOR_NOT_FIXED,SUBTITLE_AUDIOVISUAL,2018,OpenSubtitles2018 via FrequencyWords processing,CC BY-SA 4.0 content,ALLOWED_WITH_ATTRIBUTION_AND_SHAREALIKE_BOUNDARY,NONE_FREQUENCY_DOES_NOT_SET_LEVEL,QUANT_SIGNAL_AVAILABLE_NOT_YET_COMPOSITE_SCORED,https://github.com/hermitdave/FrequencyWords/blob/master/content/2018/es/es_50k.txt,https://raw.githubusercontent.com/hermitdave/FrequencyWords/refs/heads/master/content/2018/es/es_50k.txt,Full continuous top-50k exact surface sweep completed on 2026-09-04. Frequency is quantitative evidence only and does not set CEFR level.,1.32
12B1-ATOM-0205,ensalada,ATOMIC_SURFACE_FORM,CORP-18,FrequencyWords / OpenSubtitles2018 Spanish 50k,FrequencyWords content/2018/es/es_50k.txt (OpenSubtitles2018-derived),SURFACE_SUBTITLE_OCCURRENCE_COUNT_AND_RANK,MEASURED_EXACT_SURFACE,6960,4192,FOUND_TOP50K,EXACT_CASE_SENSITIVE_SURFACE_TOKEN,2026-09-04,,,,,NONE_OR_NOT_ANNOTATED_IN_THIS_PASS,FULL_TOP50K_EXACT_LOOKUP_50000,,NOT_CALCULATED_DENOMINATOR_NOT_FIXED,SUBTITLE_AUDIOVISUAL,2018,OpenSubtitles2018 via FrequencyWords processing,CC BY-SA 4.0 content,ALLOWED_WITH_ATTRIBUTION_AND_SHAREALIKE_BOUNDARY,NONE_FREQUENCY_DOES_NOT_SET_LEVEL,QUANT_SIGNAL_AVAILABLE_NOT_YET_COMPOSITE_SCORED,https://github.com/hermitdave/FrequencyWords/blob/master/content/2018/es/es_50k.txt,https://raw.githubusercontent.com/hermitdave/FrequencyWords/refs/heads/master/content/2018/es/es_50k.txt,Full continuous top-50k exact surface sweep completed on 2026-09-04. Frequency is quantitative evidence only and does not set CEFR level.,1.32
12B1-ATOM-0206,entender,ATOMIC_SURFACE_FORM,CORP-18,FrequencyWords / OpenSubtitles2018 Spanish 50k,FrequencyWords content/2018/es/es_50k.txt (OpenSubtitles2018-derived),SURFACE_SUBTITLE_OCCURRENCE_COUNT_AND_RANK,MEASURED_EXACT_SURFACE,34253,1064,FOUND_TOP50K,EXACT_CASE_SENSITIVE_SURFACE_TOKEN,2026-09-04,,,,,NONE_OR_NOT_ANNOTATED_IN_THIS_PASS,FULL_TOP50K_EXACT_LOOKUP_50000,,NOT_CALCULATED_DENOMINATOR_NOT_FIXED,SUBTITLE_AUDIOVISUAL,2018,OpenSubtitles2018 via FrequencyWords processing,CC BY-SA 4.0 content,ALLOWED_WITH_ATTRIBUTION_AND_SHAREALIKE_BOUNDARY,NONE_FREQUENCY_DOES_NOT_SET_LEVEL,QUANT_SIGNAL_AVAILABLE_NOT_YET_COMPOSITE_SCORED,https://github.com/hermitdave/FrequencyWords/blob/master/content/2018/es/es_50k.txt,https://raw.githubusercontent.com/hermitdave/FrequencyWords/refs/heads/master/content/2018/es/es_50k.txt,Full continuous top-50k exact surface sweep completed on 2026-09-04. Frequency is quantitative evidence only and does not set CEFR level.,1.32
12B1-ATOM-0207,entonces,ATOMIC_SURFACE_FORM,CORP-18,FrequencyWords / OpenSubtitles2018 Spanish 50k,FrequencyWords content/2018/es/es_50k.txt (OpenSubtitles2018-derived),SURFACE_SUBTITLE_OCCURRENCE_COUNT_AND_RANK,MEASURED_EXACT_SURFACE,609938,87,FOUND_TOP50K,EXACT_CASE_SENSITIVE_SURFACE_TOKEN,2026-09-04,,,,,NONE_OR_NOT_ANNOTATED_IN_THIS_PASS,FULL_TOP50K_EXACT_LOOKUP_50000,,NOT_CALCULATED_DENOMINATOR_NOT_FIXED,SUBTITLE_AUDIOVISUAL,2018,OpenSubtitles2018 via FrequencyWords processing,CC BY-SA 4.0 content,ALLOWED_WITH_ATTRIBUTION_AND_SHAREALIKE_BOUNDARY,NONE_FREQUENCY_DOES_NOT_SET_LEVEL,QUANT_SIGNAL_AVAILABLE_NOT_YET_COMPOSITE_SCORED,https://github.com/hermitdave/FrequencyWords/blob/master/content/2018/es/es_50k.txt,https://raw.githubusercontent.com/hermitdave/FrequencyWords/refs/heads/master/content/2018/es/es_50k.txt,Full continuous top-50k exact surface sweep completed on 2026-09-04. Frequency is quantitative evidence only and does not set CEFR level.,1.32
12B1-ATOM-0208,entrada,ATOMIC_SURFACE_FORM,CORP-18,FrequencyWords / OpenSubtitles2018 Spanish 50k,FrequencyWords content/2018/es/es_50k.txt (OpenSubtitles2018-derived),SURFACE_SUBTITLE_OCCURRENCE_COUNT_AND_RANK,MEASURED_EXACT_SURFACE,26809,1316,FOUND_TOP50K,EXACT_CASE_SENSITIVE_SURFACE_TOKEN,2026-09-04,,,,,NONE_OR_NOT_ANNOTATED_IN_THIS_PASS,FULL_TOP50K_EXACT_LOOKUP_50000,,NOT_CALCULATED_DENOMINATOR_NOT_FIXED,SUBTITLE_AUDIOVISUAL,2018,OpenSubtitles2018 via FrequencyWords processing,CC BY-SA 4.0 content,ALLOWED_WITH_ATTRIBUTION_AND_SHAREALIKE_BOUNDARY,NONE_FREQUENCY_DOES_NOT_SET_LEVEL,QUANT_SIGNAL_AVAILABLE_NOT_YET_COMPOSITE_SCORED,https://github.com/hermitdave/FrequencyWords/blob/master/content/2018/es/es_50k.txt,https://raw.githubusercontent.com/hermitdave/FrequencyWords/refs/heads/master/content/2018/es/es_50k.txt,Full continuous top-50k exact surface sweep completed on 2026-09-04. Frequency is quantitative evidence only and does not set CEFR level.,1.32
12B1-ATOM-0209,entrar,ATOMIC_SURFACE_FORM,CORP-18,FrequencyWords / OpenSubtitles2018 Spanish 50k,FrequencyWords content/2018/es/es_50k.txt (OpenSubtitles2018-derived),SURFACE_SUBTITLE_OCCURRENCE_COUNT_AND_RANK,MEASURED_EXACT_SURFACE,95899,438,FOUND_TOP50K,EXACT_CASE_SENSITIVE_SURFACE_TOKEN,2026-09-04,,,,,NONE_OR_NOT_ANNOTATED_IN_THIS_PASS,FULL_TOP50K_EXACT_LOOKUP_50000,,NOT_CALCULATED_DENOMINATOR_NOT_FIXED,SUBTITLE_AUDIOVISUAL,2018,OpenSubtitles2018 via FrequencyWords processing,CC BY-SA 4.0 content,ALLOWED_WITH_ATTRIBUTION_AND_SHAREALIKE_BOUNDARY,NONE_FREQUENCY_DOES_NOT_SET_LEVEL,QUANT_SIGNAL_AVAILABLE_NOT_YET_COMPOSITE_SCORED,https://github.com/hermitdave/FrequencyWords/blob/master/content/2018/es/es_50k.txt,https://raw.githubusercontent.com/hermitdave/FrequencyWords/refs/heads/master/content/2018/es/es_50k.txt,Full continuous top-50k exact surface sweep completed on 2026-09-04. Frequency is quantitative evidence only and does not set CEFR level.,1.32
12B1-ATOM-0210,entre,ATOMIC_SURFACE_FORM,CORP-18,FrequencyWords / OpenSubtitles2018 Spanish 50k,FrequencyWords content/2018/es/es_50k.txt (OpenSubtitles2018-derived),SURFACE_SUBTITLE_OCCURRENCE_COUNT_AND_RANK,MEASURED_EXACT_SURFACE,181114,251,FOUND_TOP50K,EXACT_CASE_SENSITIVE_SURFACE_TOKEN,2026-09-04,,,,,NONE_OR_NOT_ANNOTATED_IN_THIS_PASS,FULL_TOP50K_EXACT_LOOKUP_50000,,NOT_CALCULATED_DENOMINATOR_NOT_FIXED,SUBTITLE_AUDIOVISUAL,2018,OpenSubtitles2018 via FrequencyWords processing,CC BY-SA 4.0 content,ALLOWED_WITH_ATTRIBUTION_AND_SHAREALIKE_BOUNDARY,NONE_FREQUENCY_DOES_NOT_SET_LEVEL,QUANT_SIGNAL_AVAILABLE_NOT_YET_COMPOSITE_SCORED,https://github.com/hermitdave/FrequencyWords/blob/master/content/2018/es/es_50k.txt,https://raw.githubusercontent.com/hermitdave/FrequencyWords/refs/heads/master/content/2018/es/es_50k.txt,Full continuous top-50k exact surface sweep completed on 2026-09-04. Frequency is quantitative evidence only and does not set CEFR level.,1.32
12B1-ATOM-0211,esa,ATOMIC_SURFACE_FORM,CORP-18,FrequencyWords / OpenSubtitles2018 Spanish 50k,FrequencyWords content/2018/es/es_50k.txt (OpenSubtitles2018-derived),SURFACE_SUBTITLE_OCCURRENCE_COUNT_AND_RANK,MEASURED_EXACT_SURFACE,553442,97,FOUND_TOP50K,EXACT_CASE_SENSITIVE_SURFACE_TOKEN,2026-09-04,,,,,NONE_OR_NOT_ANNOTATED_IN_THIS_PASS,FULL_TOP50K_EXACT_LOOKUP_50000,,NOT_CALCULATED_DENOMINATOR_NOT_FIXED,SUBTITLE_AUDIOVISUAL,2018,OpenSubtitles2018 via FrequencyWords processing,CC BY-SA 4.0 content,ALLOWED_WITH_ATTRIBUTION_AND_SHAREALIKE_BOUNDARY,NONE_FREQUENCY_DOES_NOT_SET_LEVEL,QUANT_SIGNAL_AVAILABLE_NOT_YET_COMPOSITE_SCORED,https://github.com/hermitdave/FrequencyWords/blob/master/content/2018/es/es_50k.txt,https://raw.githubusercontent.com/hermitdave/FrequencyWords/refs/heads/master/content/2018/es/es_50k.txt,Full continuous top-50k exact surface sweep completed on 2026-09-04. Frequency is quantitative evidence only and does not set CEFR level.,1.32
12B1-ATOM-0212,esas,ATOMIC_SURFACE_FORM,CORP-18,FrequencyWords / OpenSubtitles2018 Spanish 50k,FrequencyWords content/2018/es/es_50k.txt (OpenSubtitles2018-derived),SURFACE_SUBTITLE_OCCURRENCE_COUNT_AND_RANK,MEASURED_EXACT_SURFACE,140885,302,FOUND_TOP50K,EXACT_CASE_SENSITIVE_SURFACE_TOKEN,2026-09-04,,,,,NONE_OR_NOT_ANNOTATED_IN_THIS_PASS,FULL_TOP50K_EXACT_LOOKUP_50000,,NOT_CALCULATED_DENOMINATOR_NOT_FIXED,SUBTITLE_AUDIOVISUAL,2018,OpenSubtitles2018 via FrequencyWords processing,CC BY-SA 4.0 content,ALLOWED_WITH_ATTRIBUTION_AND_SHAREALIKE_BOUNDARY,NONE_FREQUENCY_DOES_NOT_SET_LEVEL,QUANT_SIGNAL_AVAILABLE_NOT_YET_COMPOSITE_SCORED,https://github.com/hermitdave/FrequencyWords/blob/master/content/2018/es/es_50k.txt,https://raw.githubusercontent.com/hermitdave/FrequencyWords/refs/heads/master/content/2018/es/es_50k.txt,Full continuous top-50k exact surface sweep completed on 2026-09-04. Frequency is quantitative evidence only and does not set CEFR level.,1.32
12B1-ATOM-0213,escalera,ATOMIC_SURFACE_FORM,CORP-18,FrequencyWords / OpenSubtitles2018 Spanish 50k,FrequencyWords content/2018/es/es_50k.txt (OpenSubtitles2018-derived),SURFACE_SUBTITLE_OCCURRENCE_COUNT_AND_RANK,MEASURED_EXACT_SURFACE,10323,3053,FOUND_TOP50K,EXACT_CASE_SENSITIVE_SURFACE_TOKEN,2026-09-04,,,,,NONE_OR_NOT_ANNOTATED_IN_THIS_PASS,FULL_TOP50K_EXACT_LOOKUP_50000,,NOT_CALCULATED_DENOMINATOR_NOT_FIXED,SUBTITLE_AUDIOVISUAL,2018,OpenSubtitles2018 via FrequencyWords processing,CC BY-SA 4.0 content,ALLOWED_WITH_ATTRIBUTION_AND_SHAREALIKE_BOUNDARY,NONE_FREQUENCY_DOES_NOT_SET_LEVEL,QUANT_SIGNAL_AVAILABLE_NOT_YET_COMPOSITE_SCORED,https://github.com/hermitdave/FrequencyWords/blob/master/content/2018/es/es_50k.txt,https://raw.githubusercontent.com/hermitdave/FrequencyWords/refs/heads/master/content/2018/es/es_50k.txt,Full continuous top-50k exact surface sweep completed on 2026-09-04. Frequency is quantitative evidence only and does not set CEFR level.,1.32
12B1-ATOM-0214,escribir,ATOMIC_SURFACE_FORM,CORP-18,FrequencyWords / OpenSubtitles2018 Spanish 50k,FrequencyWords content/2018/es/es_50k.txt (OpenSubtitles2018-derived),SURFACE_SUBTITLE_OCCURRENCE_COUNT_AND_RANK,MEASURED_EXACT_SURFACE,30111,1178,FOUND_TOP50K,EXACT_CASE_SENSITIVE_SURFACE_TOKEN,2026-09-04,,,,,NONE_OR_NOT_ANNOTATED_IN_THIS_PASS,FULL_TOP50K_EXACT_LOOKUP_50000,,NOT_CALCULATED_DENOMINATOR_NOT_FIXED,SUBTITLE_AUDIOVISUAL,2018,OpenSubtitles2018 via FrequencyWords processing,CC BY-SA 4.0 content,ALLOWED_WITH_ATTRIBUTION_AND_SHAREALIKE_BOUNDARY,NONE_FREQUENCY_DOES_NOT_SET_LEVEL,QUANT_SIGNAL_AVAILABLE_NOT_YET_COMPOSITE_SCORED,https://github.com/hermitdave/FrequencyWords/blob/master/content/2018/es/es_50k.txt,https://raw.githubusercontent.com/hermitdave/FrequencyWords/refs/heads/master/content/2018/es/es_50k.txt,Full continuous top-50k exact surface sweep completed on 2026-09-04. Frequency is quantitative evidence only and does not set CEFR level.,1.32
12B1-ATOM-0215,escuchar,ATOMIC_SURFACE_FORM,CORP-18,FrequencyWords / OpenSubtitles2018 Spanish 50k,FrequencyWords content/2018/es/es_50k.txt (OpenSubtitles2018-derived),SURFACE_SUBTITLE_OCCURRENCE_COUNT_AND_RANK,MEASURED_EXACT_SURFACE,41472,888,FOUND_TOP50K,EXACT_CASE_SENSITIVE_SURFACE_TOKEN,2026-09-04,,,,,NONE_OR_NOT_ANNOTATED_IN_THIS_PASS,FULL_TOP50K_EXACT_LOOKUP_50000,,NOT_CALCULATED_DENOMINATOR_NOT_FIXED,SUBTITLE_AUDIOVISUAL,2018,OpenSubtitles2018 via FrequencyWords processing,CC BY-SA 4.0 content,ALLOWED_WITH_ATTRIBUTION_AND_SHAREALIKE_BOUNDARY,NONE_FREQUENCY_DOES_NOT_SET_LEVEL,QUANT_SIGNAL_AVAILABLE_NOT_YET_COMPOSITE_SCORED,https://github.com/hermitdave/FrequencyWords/blob/master/content/2018/es/es_50k.txt,https://raw.githubusercontent.com/hermitdave/FrequencyWords/refs/heads/master/content/2018/es/es_50k.txt,Full continuous top-50k exact surface sweep completed on 2026-09-04. Frequency is quantitative evidence only and does not set CEFR level.,1.32
12B1-ATOM-0216,escuela,ATOMIC_SURFACE_FORM,CORP-18,FrequencyWords / OpenSubtitles2018 Spanish 50k,FrequencyWords content/2018/es/es_50k.txt (OpenSubtitles2018-derived),SURFACE_SUBTITLE_OCCURRENCE_COUNT_AND_RANK,MEASURED_EXACT_SURFACE,90725,463,FOUND_TOP50K,EXACT_CASE_SENSITIVE_SURFACE_TOKEN,2026-09-04,,,,,NONE_OR_NOT_ANNOTATED_IN_THIS_PASS,FULL_TOP50K_EXACT_LOOKUP_50000,,NOT_CALCULATED_DENOMINATOR_NOT_FIXED,SUBTITLE_AUDIOVISUAL,2018,OpenSubtitles2018 via FrequencyWords processing,CC BY-SA 4.0 content,ALLOWED_WITH_ATTRIBUTION_AND_SHAREALIKE_BOUNDARY,NONE_FREQUENCY_DOES_NOT_SET_LEVEL,QUANT_SIGNAL_AVAILABLE_NOT_YET_COMPOSITE_SCORED,https://github.com/hermitdave/FrequencyWords/blob/master/content/2018/es/es_50k.txt,https://raw.githubusercontent.com/hermitdave/FrequencyWords/refs/heads/master/content/2018/es/es_50k.txt,Full continuous top-50k exact surface sweep completed on 2026-09-04. Frequency is quantitative evidence only and does not set CEFR level.,1.32
12B1-ATOM-0217,ese,ATOMIC_SURFACE_FORM,CORP-18,FrequencyWords / OpenSubtitles2018 Spanish 50k,FrequencyWords content/2018/es/es_50k.txt (OpenSubtitles2018-derived),SURFACE_SUBTITLE_OCCURRENCE_COUNT_AND_RANK,MEASURED_EXACT_SURFACE,624205,85,FOUND_TOP50K,EXACT_CASE_SENSITIVE_SURFACE_TOKEN,2026-09-04,,,,,NONE_OR_NOT_ANNOTATED_IN_THIS_PASS,FULL_TOP50K_EXACT_LOOKUP_50000,,NOT_CALCULATED_DENOMINATOR_NOT_FIXED,SUBTITLE_AUDIOVISUAL,2018,OpenSubtitles2018 via FrequencyWords processing,CC BY-SA 4.0 content,ALLOWED_WITH_ATTRIBUTION_AND_SHAREALIKE_BOUNDARY,NONE_FREQUENCY_DOES_NOT_SET_LEVEL,QUANT_SIGNAL_AVAILABLE_NOT_YET_COMPOSITE_SCORED,https://github.com/hermitdave/FrequencyWords/blob/master/content/2018/es/es_50k.txt,https://raw.githubusercontent.com/hermitdave/FrequencyWords/refs/heads/master/content/2018/es/es_50k.txt,Full continuous top-50k exact surface sweep completed on 2026-09-04. Frequency is quantitative evidence only and does not set CEFR level.,1.32
12B1-ATOM-0218,eso,ATOMIC_SURFACE_FORM,CORP-18,FrequencyWords / OpenSubtitles2018 Spanish 50k,FrequencyWords content/2018/es/es_50k.txt (OpenSubtitles2018-derived),SURFACE_SUBTITLE_OCCURRENCE_COUNT_AND_RANK,MEASURED_EXACT_SURFACE,2029720,27,FOUND_TOP50K,EXACT_CASE_SENSITIVE_SURFACE_TOKEN,2026-09-04,,,,,NONE_OR_NOT_ANNOTATED_IN_THIS_PASS,FULL_TOP50K_EXACT_LOOKUP_50000,,NOT_CALCULATED_DENOMINATOR_NOT_FIXED,SUBTITLE_AUDIOVISUAL,2018,OpenSubtitles2018 via FrequencyWords processing,CC BY-SA 4.0 content,ALLOWED_WITH_ATTRIBUTION_AND_SHAREALIKE_BOUNDARY,NONE_FREQUENCY_DOES_NOT_SET_LEVEL,QUANT_SIGNAL_AVAILABLE_NOT_YET_COMPOSITE_SCORED,https://github.com/hermitdave/FrequencyWords/blob/master/content/2018/es/es_50k.txt,https://raw.githubusercontent.com/hermitdave/FrequencyWords/refs/heads/master/content/2018/es/es_50k.txt,Full continuous top-50k exact surface sweep completed on 2026-09-04. Frequency is quantitative evidence only and does not set CEFR level.,1.32
12B1-ATOM-0219,esos,ATOMIC_SURFACE_FORM,CORP-18,FrequencyWords / OpenSubtitles2018 Spanish 50k,FrequencyWords content/2018/es/es_50k.txt (OpenSubtitles2018-derived),SURFACE_SUBTITLE_OCCURRENCE_COUNT_AND_RANK,MEASURED_EXACT_SURFACE,171237,260,FOUND_TOP50K,EXACT_CASE_SENSITIVE_SURFACE_TOKEN,2026-09-04,,,,,NONE_OR_NOT_ANNOTATED_IN_THIS_PASS,FULL_TOP50K_EXACT_LOOKUP_50000,,NOT_CALCULATED_DENOMINATOR_NOT_FIXED,SUBTITLE_AUDIOVISUAL,2018,OpenSubtitles2018 via FrequencyWords processing,CC BY-SA 4.0 content,ALLOWED_WITH_ATTRIBUTION_AND_SHAREALIKE_BOUNDARY,NONE_FREQUENCY_DOES_NOT_SET_LEVEL,QUANT_SIGNAL_AVAILABLE_NOT_YET_COMPOSITE_SCORED,https://github.com/hermitdave/FrequencyWords/blob/master/content/2018/es/es_50k.txt,https://raw.githubusercontent.com/hermitdave/FrequencyWords/refs/heads/master/content/2018/es/es_50k.txt,Full continuous top-50k exact surface sweep completed on 2026-09-04. Frequency is quantitative evidence only and does not set CEFR level.,1.32
12B1-ATOM-0220,español,ATOMIC_SURFACE_FORM,CORP-18,FrequencyWords / OpenSubtitles2018 Spanish 50k,FrequencyWords content/2018/es/es_50k.txt (OpenSubtitles2018-derived),SURFACE_SUBTITLE_OCCURRENCE_COUNT_AND_RANK,MEASURED_EXACT_SURFACE,9551,3233,FOUND_TOP50K,EXACT_CASE_SENSITIVE_SURFACE_TOKEN,2026-09-04,,,,,NONE_OR_NOT_ANNOTATED_IN_THIS_PASS,FULL_TOP50K_EXACT_LOOKUP_50000,,NOT_CALCULATED_DENOMINATOR_NOT_FIXED,SUBTITLE_AUDIOVISUAL,2018,OpenSubtitles2018 via FrequencyWords processing,CC BY-SA 4.0 content,ALLOWED_WITH_ATTRIBUTION_AND_SHAREALIKE_BOUNDARY,NONE_FREQUENCY_DOES_NOT_SET_LEVEL,QUANT_SIGNAL_AVAILABLE_NOT_YET_COMPOSITE_SCORED,https://github.com/hermitdave/FrequencyWords/blob/master/content/2018/es/es_50k.txt,https://raw.githubusercontent.com/hermitdave/FrequencyWords/refs/heads/master/content/2018/es/es_50k.txt,Full continuous top-50k exact surface sweep completed on 2026-09-04. Frequency is quantitative evidence only and does not set CEFR level.,1.32
12B1-ATOM-0221,esquiar,ATOMIC_SURFACE_FORM,CORP-18,FrequencyWords / OpenSubtitles2018 Spanish 50k,FrequencyWords content/2018/es/es_50k.txt (OpenSubtitles2018-derived),SURFACE_SUBTITLE_OCCURRENCE_COUNT_AND_RANK,MEASURED_EXACT_SURFACE,1489,13589,FOUND_TOP50K,EXACT_CASE_SENSITIVE_SURFACE_TOKEN,2026-09-04,,,,,NONE_OR_NOT_ANNOTATED_IN_THIS_PASS,FULL_TOP50K_EXACT_LOOKUP_50000,,NOT_CALCULATED_DENOMINATOR_NOT_FIXED,SUBTITLE_AUDIOVISUAL,2018,OpenSubtitles2018 via FrequencyWords processing,CC BY-SA 4.0 content,ALLOWED_WITH_ATTRIBUTION_AND_SHAREALIKE_BOUNDARY,NONE_FREQUENCY_DOES_NOT_SET_LEVEL,QUANT_SIGNAL_AVAILABLE_NOT_YET_COMPOSITE_SCORED,https://github.com/hermitdave/FrequencyWords/blob/master/content/2018/es/es_50k.txt,https://raw.githubusercontent.com/hermitdave/FrequencyWords/refs/heads/master/content/2018/es/es_50k.txt,Full continuous top-50k exact surface sweep completed on 2026-09-04. Frequency is quantitative evidence only and does not set CEFR level.,1.32
12B1-ATOM-0222,esta,ATOMIC_SURFACE_FORM,CORP-18,FrequencyWords / OpenSubtitles2018 Spanish 50k,FrequencyWords content/2018/es/es_50k.txt (OpenSubtitles2018-derived),SURFACE_SUBTITLE_OCCURRENCE_COUNT_AND_RANK,MEASURED_EXACT_SURFACE,1051900,45,FOUND_TOP50K,EXACT_CASE_SENSITIVE_SURFACE_TOKEN,2026-09-04,,,,,NONE_OR_NOT_ANNOTATED_IN_THIS_PASS,FULL_TOP50K_EXACT_LOOKUP_50000,,NOT_CALCULATED_DENOMINATOR_NOT_FIXED,SUBTITLE_AUDIOVISUAL,2018,OpenSubtitles2018 via FrequencyWords processing,CC BY-SA 4.0 content,ALLOWED_WITH_ATTRIBUTION_AND_SHAREALIKE_BOUNDARY,NONE_FREQUENCY_DOES_NOT_SET_LEVEL,QUANT_SIGNAL_AVAILABLE_NOT_YET_COMPOSITE_SCORED,https://github.com/hermitdave/FrequencyWords/blob/master/content/2018/es/es_50k.txt,https://raw.githubusercontent.com/hermitdave/FrequencyWords/refs/heads/master/content/2018/es/es_50k.txt,Full continuous top-50k exact surface sweep completed on 2026-09-04. Frequency is quantitative evidence only and does not set CEFR level.,1.32
12B1-ATOM-0223,estación,ATOMIC_SURFACE_FORM,CORP-18,FrequencyWords / OpenSubtitles2018 Spanish 50k,FrequencyWords content/2018/es/es_50k.txt (OpenSubtitles2018-derived),SURFACE_SUBTITLE_OCCURRENCE_COUNT_AND_RANK,MEASURED_EXACT_SURFACE,30100,1179,FOUND_TOP50K,EXACT_CASE_SENSITIVE_SURFACE_TOKEN,2026-09-04,,,,,NONE_OR_NOT_ANNOTATED_IN_THIS_PASS,FULL_TOP50K_EXACT_LOOKUP_50000,,NOT_CALCULATED_DENOMINATOR_NOT_FIXED,SUBTITLE_AUDIOVISUAL,2018,OpenSubtitles2018 via FrequencyWords processing,CC BY-SA 4.0 content,ALLOWED_WITH_ATTRIBUTION_AND_SHAREALIKE_BOUNDARY,NONE_FREQUENCY_DOES_NOT_SET_LEVEL,QUANT_SIGNAL_AVAILABLE_NOT_YET_COMPOSITE_SCORED,https://github.com/hermitdave/FrequencyWords/blob/master/content/2018/es/es_50k.txt,https://raw.githubusercontent.com/hermitdave/FrequencyWords/refs/heads/master/content/2018/es/es_50k.txt,Full continuous top-50k exact surface sweep completed on 2026-09-04. Frequency is quantitative evidence only and does not set CEFR level.,1.32
12B1-ATOM-0224,estampilla,ATOMIC_SURFACE_FORM,CORP-18,FrequencyWords / OpenSubtitles2018 Spanish 50k,FrequencyWords content/2018/es/es_50k.txt (OpenSubtitles2018-derived),SURFACE_SUBTITLE_OCCURRENCE_COUNT_AND_RANK,MEASURED_EXACT_SURFACE,314,36947,FOUND_TOP50K,EXACT_CASE_SENSITIVE_SURFACE_TOKEN,2026-09-04,,,,,REGIONAL_VARIANT_A1_RECEPTIVE,FULL_TOP50K_EXACT_LOOKUP_50000,,NOT_CALCULATED_DENOMINATOR_NOT_FIXED,SUBTITLE_AUDIOVISUAL,2018,OpenSubtitles2018 via FrequencyWords processing,CC BY-SA 4.0 content,ALLOWED_WITH_ATTRIBUTION_AND_SHAREALIKE_BOUNDARY,NONE_FREQUENCY_DOES_NOT_SET_LEVEL,QUANT_SIGNAL_AVAILABLE_NOT_YET_COMPOSITE_SCORED,https://github.com/hermitdave/FrequencyWords/blob/master/content/2018/es/es_50k.txt,https://raw.githubusercontent.com/hermitdave/FrequencyWords/refs/heads/master/content/2018/es/es_50k.txt,Full continuous top-50k exact surface sweep completed on 2026-09-04. Frequency is quantitative evidence only and does not set CEFR level.,1.32
12B1-ATOM-0225,estantería,ATOMIC_SURFACE_FORM,CORP-18,FrequencyWords / OpenSubtitles2018 Spanish 50k,FrequencyWords content/2018/es/es_50k.txt (OpenSubtitles2018-derived),SURFACE_SUBTITLE_OCCURRENCE_COUNT_AND_RANK,MEASURED_EXACT_SURFACE,800,20647,FOUND_TOP50K,EXACT_CASE_SENSITIVE_SURFACE_TOKEN,2026-09-04,,,,,NONE_OR_NOT_ANNOTATED_IN_THIS_PASS,FULL_TOP50K_EXACT_LOOKUP_50000,,NOT_CALCULATED_DENOMINATOR_NOT_FIXED,SUBTITLE_AUDIOVISUAL,2018,OpenSubtitles2018 via FrequencyWords processing,CC BY-SA 4.0 content,ALLOWED_WITH_ATTRIBUTION_AND_SHAREALIKE_BOUNDARY,NONE_FREQUENCY_DOES_NOT_SET_LEVEL,QUANT_SIGNAL_AVAILABLE_NOT_YET_COMPOSITE_SCORED,https://github.com/hermitdave/FrequencyWords/blob/master/content/2018/es/es_50k.txt,https://raw.githubusercontent.com/hermitdave/FrequencyWords/refs/heads/master/content/2018/es/es_50k.txt,Full continuous top-50k exact surface sweep completed on 2026-09-04. Frequency is quantitative evidence only and does not set CEFR level.,1.32
12B1-ATOM-0226,estar,ATOMIC_SURFACE_FORM,CORP-18,FrequencyWords / OpenSubtitles2018 Spanish 50k,FrequencyWords content/2018/es/es_50k.txt (OpenSubtitles2018-derived),SURFACE_SUBTITLE_OCCURRENCE_COUNT_AND_RANK,MEASURED_EXACT_SURFACE,402369,131,FOUND_TOP50K,EXACT_CASE_SENSITIVE_SURFACE_TOKEN,2026-09-04,,,,,NONE_OR_NOT_ANNOTATED_IN_THIS_PASS,FULL_TOP50K_EXACT_LOOKUP_50000,,NOT_CALCULATED_DENOMINATOR_NOT_FIXED,SUBTITLE_AUDIOVISUAL,2018,OpenSubtitles2018 via FrequencyWords processing,CC BY-SA 4.0 content,ALLOWED_WITH_ATTRIBUTION_AND_SHAREALIKE_BOUNDARY,NONE_FREQUENCY_DOES_NOT_SET_LEVEL,QUANT_SIGNAL_AVAILABLE_NOT_YET_COMPOSITE_SCORED,https://github.com/hermitdave/FrequencyWords/blob/master/content/2018/es/es_50k.txt,https://raw.githubusercontent.com/hermitdave/FrequencyWords/refs/heads/master/content/2018/es/es_50k.txt,Full continuous top-50k exact surface sweep completed on 2026-09-04. Frequency is quantitative evidence only and does not set CEFR level.,1.32
12B1-ATOM-0227,estas,ATOMIC_SURFACE_FORM,CORP-18,FrequencyWords / OpenSubtitles2018 Spanish 50k,FrequencyWords content/2018/es/es_50k.txt (OpenSubtitles2018-derived),SURFACE_SUBTITLE_OCCURRENCE_COUNT_AND_RANK,MEASURED_EXACT_SURFACE,216844,222,FOUND_TOP50K,EXACT_CASE_SENSITIVE_SURFACE_TOKEN,2026-09-04,,,,,NONE_OR_NOT_ANNOTATED_IN_THIS_PASS,FULL_TOP50K_EXACT_LOOKUP_50000,,NOT_CALCULATED_DENOMINATOR_NOT_FIXED,SUBTITLE_AUDIOVISUAL,2018,OpenSubtitles2018 via FrequencyWords processing,CC BY-SA 4.0 content,ALLOWED_WITH_ATTRIBUTION_AND_SHAREALIKE_BOUNDARY,NONE_FREQUENCY_DOES_NOT_SET_LEVEL,QUANT_SIGNAL_AVAILABLE_NOT_YET_COMPOSITE_SCORED,https://github.com/hermitdave/FrequencyWords/blob/master/content/2018/es/es_50k.txt,https://raw.githubusercontent.com/hermitdave/FrequencyWords/refs/heads/master/content/2018/es/es_50k.txt,Full continuous top-50k exact surface sweep completed on 2026-09-04. Frequency is quantitative evidence only and does not set CEFR level.,1.32
12B1-ATOM-0228,este,ATOMIC_SURFACE_FORM,CORP-18,FrequencyWords / OpenSubtitles2018 Spanish 50k,FrequencyWords content/2018/es/es_50k.txt (OpenSubtitles2018-derived),SURFACE_SUBTITLE_OCCURRENCE_COUNT_AND_RANK,MEASURED_EXACT_SURFACE,858931,60,FOUND_TOP50K,EXACT_CASE_SENSITIVE_SURFACE_TOKEN,2026-09-04,,,,,NONE_OR_NOT_ANNOTATED_IN_THIS_PASS,FULL_TOP50K_EXACT_LOOKUP_50000,,NOT_CALCULATED_DENOMINATOR_NOT_FIXED,SUBTITLE_AUDIOVISUAL,2018,OpenSubtitles2018 via FrequencyWords processing,CC BY-SA 4.0 content,ALLOWED_WITH_ATTRIBUTION_AND_SHAREALIKE_BOUNDARY,NONE_FREQUENCY_DOES_NOT_SET_LEVEL,QUANT_SIGNAL_AVAILABLE_NOT_YET_COMPOSITE_SCORED,https://github.com/hermitdave/FrequencyWords/blob/master/content/2018/es/es_50k.txt,https://raw.githubusercontent.com/hermitdave/FrequencyWords/refs/heads/master/content/2018/es/es_50k.txt,Full continuous top-50k exact surface sweep completed on 2026-09-04. Frequency is quantitative evidence only and does not set CEFR level.,1.32
12B1-ATOM-0229,esto,ATOMIC_SURFACE_FORM,CORP-18,FrequencyWords / OpenSubtitles2018 Spanish 50k,FrequencyWords content/2018/es/es_50k.txt (OpenSubtitles2018-derived),SURFACE_SUBTITLE_OCCURRENCE_COUNT_AND_RANK,MEASURED_EXACT_SURFACE,1297847,38,FOUND_TOP50K,EXACT_CASE_SENSITIVE_SURFACE_TOKEN,2026-09-04,,,,,NONE_OR_NOT_ANNOTATED_IN_THIS_PASS,FULL_TOP50K_EXACT_LOOKUP_50000,,NOT_CALCULATED_DENOMINATOR_NOT_FIXED,SUBTITLE_AUDIOVISUAL,2018,OpenSubtitles2018 via FrequencyWords processing,CC BY-SA 4.0 content,ALLOWED_WITH_ATTRIBUTION_AND_SHAREALIKE_BOUNDARY,NONE_FREQUENCY_DOES_NOT_SET_LEVEL,QUANT_SIGNAL_AVAILABLE_NOT_YET_COMPOSITE_SCORED,https://github.com/hermitdave/FrequencyWords/blob/master/content/2018/es/es_50k.txt,https://raw.githubusercontent.com/hermitdave/FrequencyWords/refs/heads/master/content/2018/es/es_50k.txt,Full continuous top-50k exact surface sweep completed on 2026-09-04. Frequency is quantitative evidence only and does not set CEFR level.,1.32
12B1-ATOM-0230,estos,ATOMIC_SURFACE_FORM,CORP-18,FrequencyWords / OpenSubtitles2018 Spanish 50k,FrequencyWords content/2018/es/es_50k.txt (OpenSubtitles2018-derived),SURFACE_SUBTITLE_OCCURRENCE_COUNT_AND_RANK,MEASURED_EXACT_SURFACE,176532,255,FOUND_TOP50K,EXACT_CASE_SENSITIVE_SURFACE_TOKEN,2026-09-04,,,,,NONE_OR_NOT_ANNOTATED_IN_THIS_PASS,FULL_TOP50K_EXACT_LOOKUP_50000,,NOT_CALCULATED_DENOMINATOR_NOT_FIXED,SUBTITLE_AUDIOVISUAL,2018,OpenSubtitles2018 via FrequencyWords processing,CC BY-SA 4.0 content,ALLOWED_WITH_ATTRIBUTION_AND_SHAREALIKE_BOUNDARY,NONE_FREQUENCY_DOES_NOT_SET_LEVEL,QUANT_SIGNAL_AVAILABLE_NOT_YET_COMPOSITE_SCORED,https://github.com/hermitdave/FrequencyWords/blob/master/content/2018/es/es_50k.txt,https://raw.githubusercontent.com/hermitdave/FrequencyWords/refs/heads/master/content/2018/es/es_50k.txt,Full continuous top-50k exact surface sweep completed on 2026-09-04. Frequency is quantitative evidence only and does not set CEFR level.,1.32
12B1-ATOM-0231,estudiante,ATOMIC_SURFACE_FORM,CORP-18,FrequencyWords / OpenSubtitles2018 Spanish 50k,FrequencyWords content/2018/es/es_50k.txt (OpenSubtitles2018-derived),SURFACE_SUBTITLE_OCCURRENCE_COUNT_AND_RANK,MEASURED_EXACT_SURFACE,14682,2250,FOUND_TOP50K,EXACT_CASE_SENSITIVE_SURFACE_TOKEN,2026-09-04,,,,,NONE_OR_NOT_ANNOTATED_IN_THIS_PASS,FULL_TOP50K_EXACT_LOOKUP_50000,,NOT_CALCULATED_DENOMINATOR_NOT_FIXED,SUBTITLE_AUDIOVISUAL,2018,OpenSubtitles2018 via FrequencyWords processing,CC BY-SA 4.0 content,ALLOWED_WITH_ATTRIBUTION_AND_SHAREALIKE_BOUNDARY,NONE_FREQUENCY_DOES_NOT_SET_LEVEL,QUANT_SIGNAL_AVAILABLE_NOT_YET_COMPOSITE_SCORED,https://github.com/hermitdave/FrequencyWords/blob/master/content/2018/es/es_50k.txt,https://raw.githubusercontent.com/hermitdave/FrequencyWords/refs/heads/master/content/2018/es/es_50k.txt,Full continuous top-50k exact surface sweep completed on 2026-09-04. Frequency is quantitative evidence only and does not set CEFR level.,1.32
12B1-ATOM-0232,estudiar,ATOMIC_SURFACE_FORM,CORP-18,FrequencyWords / OpenSubtitles2018 Spanish 50k,FrequencyWords content/2018/es/es_50k.txt (OpenSubtitles2018-derived),SURFACE_SUBTITLE_OCCURRENCE_COUNT_AND_RANK,MEASURED_EXACT_SURFACE,13144,2477,FOUND_TOP50K,EXACT_CASE_SENSITIVE_SURFACE_TOKEN,2026-09-04,,,,,NONE_OR_NOT_ANNOTATED_IN_THIS_PASS,FULL_TOP50K_EXACT_LOOKUP_50000,,NOT_CALCULATED_DENOMINATOR_NOT_FIXED,SUBTITLE_AUDIOVISUAL,2018,OpenSubtitles2018 via FrequencyWords processing,CC BY-SA 4.0 content,ALLOWED_WITH_ATTRIBUTION_AND_SHAREALIKE_BOUNDARY,NONE_FREQUENCY_DOES_NOT_SET_LEVEL,QUANT_SIGNAL_AVAILABLE_NOT_YET_COMPOSITE_SCORED,https://github.com/hermitdave/FrequencyWords/blob/master/content/2018/es/es_50k.txt,https://raw.githubusercontent.com/hermitdave/FrequencyWords/refs/heads/master/content/2018/es/es_50k.txt,Full continuous top-50k exact surface sweep completed on 2026-09-04. Frequency is quantitative evidence only and does not set CEFR level.,1.32
12B1-ATOM-0233,estudio,ATOMIC_SURFACE_FORM,CORP-18,FrequencyWords / OpenSubtitles2018 Spanish 50k,FrequencyWords content/2018/es/es_50k.txt (OpenSubtitles2018-derived),SURFACE_SUBTITLE_OCCURRENCE_COUNT_AND_RANK,MEASURED_EXACT_SURFACE,24243,1434,FOUND_TOP50K,EXACT_CASE_SENSITIVE_SURFACE_TOKEN,2026-09-04,,,,,NONE_OR_NOT_ANNOTATED_IN_THIS_PASS,FULL_TOP50K_EXACT_LOOKUP_50000,,NOT_CALCULATED_DENOMINATOR_NOT_FIXED,SUBTITLE_AUDIOVISUAL,2018,OpenSubtitles2018 via FrequencyWords processing,CC BY-SA 4.0 content,ALLOWED_WITH_ATTRIBUTION_AND_SHAREALIKE_BOUNDARY,NONE_FREQUENCY_DOES_NOT_SET_LEVEL,QUANT_SIGNAL_AVAILABLE_NOT_YET_COMPOSITE_SCORED,https://github.com/hermitdave/FrequencyWords/blob/master/content/2018/es/es_50k.txt,https://raw.githubusercontent.com/hermitdave/FrequencyWords/refs/heads/master/content/2018/es/es_50k.txt,Full continuous top-50k exact surface sweep completed on 2026-09-04. Frequency is quantitative evidence only and does not set CEFR level.,1.32
12B1-ATOM-0234,euro,ATOMIC_SURFACE_FORM,CORP-18,FrequencyWords / OpenSubtitles2018 Spanish 50k,FrequencyWords content/2018/es/es_50k.txt (OpenSubtitles2018-derived),SURFACE_SUBTITLE_OCCURRENCE_COUNT_AND_RANK,MEASURED_EXACT_SURFACE,434,30398,FOUND_TOP50K,EXACT_CASE_SENSITIVE_SURFACE_TOKEN,2026-09-04,,,,,NONE_OR_NOT_ANNOTATED_IN_THIS_PASS,FULL_TOP50K_EXACT_LOOKUP_50000,,NOT_CALCULATED_DENOMINATOR_NOT_FIXED,SUBTITLE_AUDIOVISUAL,2018,OpenSubtitles2018 via FrequencyWords processing,CC BY-SA 4.0 content,ALLOWED_WITH_ATTRIBUTION_AND_SHAREALIKE_BOUNDARY,NONE_FREQUENCY_DOES_NOT_SET_LEVEL,QUANT_SIGNAL_AVAILABLE_NOT_YET_COMPOSITE_SCORED,https://github.com/hermitdave/FrequencyWords/blob/master/content/2018/es/es_50k.txt,https://raw.githubusercontent.com/hermitdave/FrequencyWords/refs/heads/master/content/2018/es/es_50k.txt,Full continuous top-50k exact surface sweep completed on 2026-09-04. Frequency is quantitative evidence only and does not set CEFR level.,1.32
12B1-ATOM-0235,examen,ATOMIC_SURFACE_FORM,CORP-18,FrequencyWords / OpenSubtitles2018 Spanish 50k,FrequencyWords content/2018/es/es_50k.txt (OpenSubtitles2018-derived),SURFACE_SUBTITLE_OCCURRENCE_COUNT_AND_RANK,MEASURED_EXACT_SURFACE,16611,2024,FOUND_TOP50K,EXACT_CASE_SENSITIVE_SURFACE_TOKEN,2026-09-04,,,,,NONE_OR_NOT_ANNOTATED_IN_THIS_PASS,FULL_TOP50K_EXACT_LOOKUP_50000,,NOT_CALCULATED_DENOMINATOR_NOT_FIXED,SUBTITLE_AUDIOVISUAL,2018,OpenSubtitles2018 via FrequencyWords processing,CC BY-SA 4.0 content,ALLOWED_WITH_ATTRIBUTION_AND_SHAREALIKE_BOUNDARY,NONE_FREQUENCY_DOES_NOT_SET_LEVEL,QUANT_SIGNAL_AVAILABLE_NOT_YET_COMPOSITE_SCORED,https://github.com/hermitdave/FrequencyWords/blob/master/content/2018/es/es_50k.txt,https://raw.githubusercontent.com/hermitdave/FrequencyWords/refs/heads/master/content/2018/es/es_50k.txt,Full continuous top-50k exact surface sweep completed on 2026-09-04. Frequency is quantitative evidence only and does not set CEFR level.,1.32
12B1-ATOM-0236,exposición,ATOMIC_SURFACE_FORM,CORP-18,FrequencyWords / OpenSubtitles2018 Spanish 50k,FrequencyWords content/2018/es/es_50k.txt (OpenSubtitles2018-derived),SURFACE_SUBTITLE_OCCURRENCE_COUNT_AND_RANK,MEASURED_EXACT_SURFACE,5830,4846,FOUND_TOP50K,EXACT_CASE_SENSITIVE_SURFACE_TOKEN,2026-09-04,,,,,NONE_OR_NOT_ANNOTATED_IN_THIS_PASS,FULL_TOP50K_EXACT_LOOKUP_50000,,NOT_CALCULATED_DENOMINATOR_NOT_FIXED,SUBTITLE_AUDIOVISUAL,2018,OpenSubtitles2018 via FrequencyWords processing,CC BY-SA 4.0 content,ALLOWED_WITH_ATTRIBUTION_AND_SHAREALIKE_BOUNDARY,NONE_FREQUENCY_DOES_NOT_SET_LEVEL,QUANT_SIGNAL_AVAILABLE_NOT_YET_COMPOSITE_SCORED,https://github.com/hermitdave/FrequencyWords/blob/master/content/2018/es/es_50k.txt,https://raw.githubusercontent.com/hermitdave/FrequencyWords/refs/heads/master/content/2018/es/es_50k.txt,Full continuous top-50k exact surface sweep completed on 2026-09-04. Frequency is quantitative evidence only and does not set CEFR level.,1.32
12B1-ATOM-0237,exterior,ATOMIC_SURFACE_FORM,CORP-18,FrequencyWords / OpenSubtitles2018 Spanish 50k,FrequencyWords content/2018/es/es_50k.txt (OpenSubtitles2018-derived),SURFACE_SUBTITLE_OCCURRENCE_COUNT_AND_RANK,MEASURED_EXACT_SURFACE,10601,2984,FOUND_TOP50K,EXACT_CASE_SENSITIVE_SURFACE_TOKEN,2026-09-04,,,,,NONE_OR_NOT_ANNOTATED_IN_THIS_PASS,FULL_TOP50K_EXACT_LOOKUP_50000,,NOT_CALCULATED_DENOMINATOR_NOT_FIXED,SUBTITLE_AUDIOVISUAL,2018,OpenSubtitles2018 via FrequencyWords processing,CC BY-SA 4.0 content,ALLOWED_WITH_ATTRIBUTION_AND_SHAREALIKE_BOUNDARY,NONE_FREQUENCY_DOES_NOT_SET_LEVEL,QUANT_SIGNAL_AVAILABLE_NOT_YET_COMPOSITE_SCORED,https://github.com/hermitdave/FrequencyWords/blob/master/content/2018/es/es_50k.txt,https://raw.githubusercontent.com/hermitdave/FrequencyWords/refs/heads/master/content/2018/es/es_50k.txt,Full continuous top-50k exact surface sweep completed on 2026-09-04. Frequency is quantitative evidence only and does not set CEFR level.,1.32
12B1-ATOM-0238,extranjero,ATOMIC_SURFACE_FORM,CORP-18,FrequencyWords / OpenSubtitles2018 Spanish 50k,FrequencyWords content/2018/es/es_50k.txt (OpenSubtitles2018-derived),SURFACE_SUBTITLE_OCCURRENCE_COUNT_AND_RANK,MEASURED_EXACT_SURFACE,10273,3070,FOUND_TOP50K,EXACT_CASE_SENSITIVE_SURFACE_TOKEN,2026-09-04,,,,,NONE_OR_NOT_ANNOTATED_IN_THIS_PASS,FULL_TOP50K_EXACT_LOOKUP_50000,,NOT_CALCULATED_DENOMINATOR_NOT_FIXED,SUBTITLE_AUDIOVISUAL,2018,OpenSubtitles2018 via FrequencyWords processing,CC BY-SA 4.0 content,ALLOWED_WITH_ATTRIBUTION_AND_SHAREALIKE_BOUNDARY,NONE_FREQUENCY_DOES_NOT_SET_LEVEL,QUANT_SIGNAL_AVAILABLE_NOT_YET_COMPOSITE_SCORED,https://github.com/hermitdave/FrequencyWords/blob/master/content/2018/es/es_50k.txt,https://raw.githubusercontent.com/hermitdave/FrequencyWords/refs/heads/master/content/2018/es/es_50k.txt,Full continuous top-50k exact surface sweep completed on 2026-09-04. Frequency is quantitative evidence only and does not set CEFR level.,1.32
12B1-ATOM-0239,falda,ATOMIC_SURFACE_FORM,CORP-18,FrequencyWords / OpenSubtitles2018 Spanish 50k,FrequencyWords content/2018/es/es_50k.txt (OpenSubtitles2018-derived),SURFACE_SUBTITLE_OCCURRENCE_COUNT_AND_RANK,MEASURED_EXACT_SURFACE,4108,6436,FOUND_TOP50K,EXACT_CASE_SENSITIVE_SURFACE_TOKEN,2026-09-04,,,,,NONE_OR_NOT_ANNOTATED_IN_THIS_PASS,FULL_TOP50K_EXACT_LOOKUP_50000,,NOT_CALCULATED_DENOMINATOR_NOT_FIXED,SUBTITLE_AUDIOVISUAL,2018,OpenSubtitles2018 via FrequencyWords processing,CC BY-SA 4.0 content,ALLOWED_WITH_ATTRIBUTION_AND_SHAREALIKE_BOUNDARY,NONE_FREQUENCY_DOES_NOT_SET_LEVEL,QUANT_SIGNAL_AVAILABLE_NOT_YET_COMPOSITE_SCORED,https://github.com/hermitdave/FrequencyWords/blob/master/content/2018/es/es_50k.txt,https://raw.githubusercontent.com/hermitdave/FrequencyWords/refs/heads/master/content/2018/es/es_50k.txt,Full continuous top-50k exact surface sweep completed on 2026-09-04. Frequency is quantitative evidence only and does not set CEFR level.,1.32
12B1-ATOM-0240,familia,ATOMIC_SURFACE_FORM,CORP-18,FrequencyWords / OpenSubtitles2018 Spanish 50k,FrequencyWords content/2018/es/es_50k.txt (OpenSubtitles2018-derived),SURFACE_SUBTITLE_OCCURRENCE_COUNT_AND_RANK,MEASURED_EXACT_SURFACE,177748,254,FOUND_TOP50K,EXACT_CASE_SENSITIVE_SURFACE_TOKEN,2026-09-04,,,,,NONE_OR_NOT_ANNOTATED_IN_THIS_PASS,FULL_TOP50K_EXACT_LOOKUP_50000,,NOT_CALCULATED_DENOMINATOR_NOT_FIXED,SUBTITLE_AUDIOVISUAL,2018,OpenSubtitles2018 via FrequencyWords processing,CC BY-SA 4.0 content,ALLOWED_WITH_ATTRIBUTION_AND_SHAREALIKE_BOUNDARY,NONE_FREQUENCY_DOES_NOT_SET_LEVEL,QUANT_SIGNAL_AVAILABLE_NOT_YET_COMPOSITE_SCORED,https://github.com/hermitdave/FrequencyWords/blob/master/content/2018/es/es_50k.txt,https://raw.githubusercontent.com/hermitdave/FrequencyWords/refs/heads/master/content/2018/es/es_50k.txt,Full continuous top-50k exact surface sweep completed on 2026-09-04. Frequency is quantitative evidence only and does not set CEFR level.,1.32
12B1-ATOM-0241,farmacia,ATOMIC_SURFACE_FORM,CORP-18,FrequencyWords / OpenSubtitles2018 Spanish 50k,FrequencyWords content/2018/es/es_50k.txt (OpenSubtitles2018-derived),SURFACE_SUBTITLE_OCCURRENCE_COUNT_AND_RANK,MEASURED_EXACT_SURFACE,3785,6877,FOUND_TOP50K,EXACT_CASE_SENSITIVE_SURFACE_TOKEN,2026-09-04,,,,,NONE_OR_NOT_ANNOTATED_IN_THIS_PASS,FULL_TOP50K_EXACT_LOOKUP_50000,,NOT_CALCULATED_DENOMINATOR_NOT_FIXED,SUBTITLE_AUDIOVISUAL,2018,OpenSubtitles2018 via FrequencyWords processing,CC BY-SA 4.0 content,ALLOWED_WITH_ATTRIBUTION_AND_SHAREALIKE_BOUNDARY,NONE_FREQUENCY_DOES_NOT_SET_LEVEL,QUANT_SIGNAL_AVAILABLE_NOT_YET_COMPOSITE_SCORED,https://github.com/hermitdave/FrequencyWords/blob/master/content/2018/es/es_50k.txt,https://raw.githubusercontent.com/hermitdave/FrequencyWords/refs/heads/master/content/2018/es/es_50k.txt,Full continuous top-50k exact surface sweep completed on 2026-09-04. Frequency is quantitative evidence only and does not set CEFR level.,1.32
12B1-ATOM-0242,fax,ATOMIC_SURFACE_FORM,CORP-18,FrequencyWords / OpenSubtitles2018 Spanish 50k,FrequencyWords content/2018/es/es_50k.txt (OpenSubtitles2018-derived),SURFACE_SUBTITLE_OCCURRENCE_COUNT_AND_RANK,MEASURED_EXACT_SURFACE,2471,9483,FOUND_TOP50K,EXACT_CASE_SENSITIVE_SURFACE_TOKEN,2026-09-04,,,,,NONE_OR_NOT_ANNOTATED_IN_THIS_PASS,FULL_TOP50K_EXACT_LOOKUP_50000,,NOT_CALCULATED_DENOMINATOR_NOT_FIXED,SUBTITLE_AUDIOVISUAL,2018,OpenSubtitles2018 via FrequencyWords processing,CC BY-SA 4.0 content,ALLOWED_WITH_ATTRIBUTION_AND_SHAREALIKE_BOUNDARY,NONE_FREQUENCY_DOES_NOT_SET_LEVEL,QUANT_SIGNAL_AVAILABLE_NOT_YET_COMPOSITE_SCORED,https://github.com/hermitdave/FrequencyWords/blob/master/content/2018/es/es_50k.txt,https://raw.githubusercontent.com/hermitdave/FrequencyWords/refs/heads/master/content/2018/es/es_50k.txt,Full continuous top-50k exact surface sweep completed on 2026-09-04. Frequency is quantitative evidence only and does not set CEFR level.,1.32
12B1-ATOM-0243,felicidades,ATOMIC_SURFACE_FORM,CORP-18,FrequencyWords / OpenSubtitles2018 Spanish 50k,FrequencyWords content/2018/es/es_50k.txt (OpenSubtitles2018-derived),SURFACE_SUBTITLE_OCCURRENCE_COUNT_AND_RANK,MEASURED_EXACT_SURFACE,14818,2232,FOUND_TOP50K,EXACT_CASE_SENSITIVE_SURFACE_TOKEN,2026-09-04,,,,,NONE_OR_NOT_ANNOTATED_IN_THIS_PASS,FULL_TOP50K_EXACT_LOOKUP_50000,,NOT_CALCULATED_DENOMINATOR_NOT_FIXED,SUBTITLE_AUDIOVISUAL,2018,OpenSubtitles2018 via FrequencyWords processing,CC BY-SA 4.0 content,ALLOWED_WITH_ATTRIBUTION_AND_SHAREALIKE_BOUNDARY,NONE_FREQUENCY_DOES_NOT_SET_LEVEL,QUANT_SIGNAL_AVAILABLE_NOT_YET_COMPOSITE_SCORED,https://github.com/hermitdave/FrequencyWords/blob/master/content/2018/es/es_50k.txt,https://raw.githubusercontent.com/hermitdave/FrequencyWords/refs/heads/master/content/2018/es/es_50k.txt,Full continuous top-50k exact surface sweep completed on 2026-09-04. Frequency is quantitative evidence only and does not set CEFR level.,1.32
12B1-ATOM-0244,feo,ATOMIC_SURFACE_FORM,CORP-18,FrequencyWords / OpenSubtitles2018 Spanish 50k,FrequencyWords content/2018/es/es_50k.txt (OpenSubtitles2018-derived),SURFACE_SUBTITLE_OCCURRENCE_COUNT_AND_RANK,MEASURED_EXACT_SURFACE,10939,2907,FOUND_TOP50K,EXACT_CASE_SENSITIVE_SURFACE_TOKEN,2026-09-04,,,,,NONE_OR_NOT_ANNOTATED_IN_THIS_PASS,FULL_TOP50K_EXACT_LOOKUP_50000,,NOT_CALCULATED_DENOMINATOR_NOT_FIXED,SUBTITLE_AUDIOVISUAL,2018,OpenSubtitles2018 via FrequencyWords processing,CC BY-SA 4.0 content,ALLOWED_WITH_ATTRIBUTION_AND_SHAREALIKE_BOUNDARY,NONE_FREQUENCY_DOES_NOT_SET_LEVEL,QUANT_SIGNAL_AVAILABLE_NOT_YET_COMPOSITE_SCORED,https://github.com/hermitdave/FrequencyWords/blob/master/content/2018/es/es_50k.txt,https://raw.githubusercontent.com/hermitdave/FrequencyWords/refs/heads/master/content/2018/es/es_50k.txt,Full continuous top-50k exact surface sweep completed on 2026-09-04. Frequency is quantitative evidence only and does not set CEFR level.,1.32
12B1-ATOM-0245,fiesta,ATOMIC_SURFACE_FORM,CORP-18,FrequencyWords / OpenSubtitles2018 Spanish 50k,FrequencyWords content/2018/es/es_50k.txt (OpenSubtitles2018-derived),SURFACE_SUBTITLE_OCCURRENCE_COUNT_AND_RANK,MEASURED_EXACT_SURFACE,94739,447,FOUND_TOP50K,EXACT_CASE_SENSITIVE_SURFACE_TOKEN,2026-09-04,,,,,NONE_OR_NOT_ANNOTATED_IN_THIS_PASS,FULL_TOP50K_EXACT_LOOKUP_50000,,NOT_CALCULATED_DENOMINATOR_NOT_FIXED,SUBTITLE_AUDIOVISUAL,2018,OpenSubtitles2018 via FrequencyWords processing,CC BY-SA 4.0 content,ALLOWED_WITH_ATTRIBUTION_AND_SHAREALIKE_BOUNDARY,NONE_FREQUENCY_DOES_NOT_SET_LEVEL,QUANT_SIGNAL_AVAILABLE_NOT_YET_COMPOSITE_SCORED,https://github.com/hermitdave/FrequencyWords/blob/master/content/2018/es/es_50k.txt,https://raw.githubusercontent.com/hermitdave/FrequencyWords/refs/heads/master/content/2018/es/es_50k.txt,Full continuous top-50k exact surface sweep completed on 2026-09-04. Frequency is quantitative evidence only and does not set CEFR level.,1.32
12B1-ATOM-0246,fijo,ATOMIC_SURFACE_FORM,CORP-18,FrequencyWords / OpenSubtitles2018 Spanish 50k,FrequencyWords content/2018/es/es_50k.txt (OpenSubtitles2018-derived),SURFACE_SUBTITLE_OCCURRENCE_COUNT_AND_RANK,MEASURED_EXACT_SURFACE,3593,7155,FOUND_TOP50K,EXACT_CASE_SENSITIVE_SURFACE_TOKEN,2026-09-04,,,,,NONE_OR_NOT_ANNOTATED_IN_THIS_PASS,FULL_TOP50K_EXACT_LOOKUP_50000,,NOT_CALCULATED_DENOMINATOR_NOT_FIXED,SUBTITLE_AUDIOVISUAL,2018,OpenSubtitles2018 via FrequencyWords processing,CC BY-SA 4.0 content,ALLOWED_WITH_ATTRIBUTION_AND_SHAREALIKE_BOUNDARY,NONE_FREQUENCY_DOES_NOT_SET_LEVEL,QUANT_SIGNAL_AVAILABLE_NOT_YET_COMPOSITE_SCORED,https://github.com/hermitdave/FrequencyWords/blob/master/content/2018/es/es_50k.txt,https://raw.githubusercontent.com/hermitdave/FrequencyWords/refs/heads/master/content/2018/es/es_50k.txt,Full continuous top-50k exact surface sweep completed on 2026-09-04. Frequency is quantitative evidence only and does not set CEFR level.,1.32
12B1-ATOM-0247,firmar,ATOMIC_SURFACE_FORM,CORP-18,FrequencyWords / OpenSubtitles2018 Spanish 50k,FrequencyWords content/2018/es/es_50k.txt (OpenSubtitles2018-derived),SURFACE_SUBTITLE_OCCURRENCE_COUNT_AND_RANK,MEASURED_EXACT_SURFACE,11338,2816,FOUND_TOP50K,EXACT_CASE_SENSITIVE_SURFACE_TOKEN,2026-09-04,,,,,NONE_OR_NOT_ANNOTATED_IN_THIS_PASS,FULL_TOP50K_EXACT_LOOKUP_50000,,NOT_CALCULATED_DENOMINATOR_NOT_FIXED,SUBTITLE_AUDIOVISUAL,2018,OpenSubtitles2018 via FrequencyWords processing,CC BY-SA 4.0 content,ALLOWED_WITH_ATTRIBUTION_AND_SHAREALIKE_BOUNDARY,NONE_FREQUENCY_DOES_NOT_SET_LEVEL,QUANT_SIGNAL_AVAILABLE_NOT_YET_COMPOSITE_SCORED,https://github.com/hermitdave/FrequencyWords/blob/master/content/2018/es/es_50k.txt,https://raw.githubusercontent.com/hermitdave/FrequencyWords/refs/heads/master/content/2018/es/es_50k.txt,Full continuous top-50k exact surface sweep completed on 2026-09-04. Frequency is quantitative evidence only and does not set CEFR level.,1.32
12B1-ATOM-0248,flor,ATOMIC_SURFACE_FORM,CORP-18,FrequencyWords / OpenSubtitles2018 Spanish 50k,FrequencyWords content/2018/es/es_50k.txt (OpenSubtitles2018-derived),SURFACE_SUBTITLE_OCCURRENCE_COUNT_AND_RANK,MEASURED_EXACT_SURFACE,9765,3172,FOUND_TOP50K,EXACT_CASE_SENSITIVE_SURFACE_TOKEN,2026-09-04,,,,,NONE_OR_NOT_ANNOTATED_IN_THIS_PASS,FULL_TOP50K_EXACT_LOOKUP_50000,,NOT_CALCULATED_DENOMINATOR_NOT_FIXED,SUBTITLE_AUDIOVISUAL,2018,OpenSubtitles2018 via FrequencyWords processing,CC BY-SA 4.0 content,ALLOWED_WITH_ATTRIBUTION_AND_SHAREALIKE_BOUNDARY,NONE_FREQUENCY_DOES_NOT_SET_LEVEL,QUANT_SIGNAL_AVAILABLE_NOT_YET_COMPOSITE_SCORED,https://github.com/hermitdave/FrequencyWords/blob/master/content/2018/es/es_50k.txt,https://raw.githubusercontent.com/hermitdave/FrequencyWords/refs/heads/master/content/2018/es/es_50k.txt,Full continuous top-50k exact surface sweep completed on 2026-09-04. Frequency is quantitative evidence only and does not set CEFR level.,1.32
12B1-ATOM-0249,foto,ATOMIC_SURFACE_FORM,CORP-18,FrequencyWords / OpenSubtitles2018 Spanish 50k,FrequencyWords content/2018/es/es_50k.txt (OpenSubtitles2018-derived),SURFACE_SUBTITLE_OCCURRENCE_COUNT_AND_RANK,MEASURED_EXACT_SURFACE,48915,767,FOUND_TOP50K,EXACT_CASE_SENSITIVE_SURFACE_TOKEN,2026-09-04,,,,,NONE_OR_NOT_ANNOTATED_IN_THIS_PASS,FULL_TOP50K_EXACT_LOOKUP_50000,,NOT_CALCULATED_DENOMINATOR_NOT_FIXED,SUBTITLE_AUDIOVISUAL,2018,OpenSubtitles2018 via FrequencyWords processing,CC BY-SA 4.0 content,ALLOWED_WITH_ATTRIBUTION_AND_SHAREALIKE_BOUNDARY,NONE_FREQUENCY_DOES_NOT_SET_LEVEL,QUANT_SIGNAL_AVAILABLE_NOT_YET_COMPOSITE_SCORED,https://github.com/hermitdave/FrequencyWords/blob/master/content/2018/es/es_50k.txt,https://raw.githubusercontent.com/hermitdave/FrequencyWords/refs/heads/master/content/2018/es/es_50k.txt,Full continuous top-50k exact surface sweep completed on 2026-09-04. Frequency is quantitative evidence only and does not set CEFR level.,1.32
12B1-ATOM-0250,fotocopia,ATOMIC_SURFACE_FORM,CORP-18,FrequencyWords / OpenSubtitles2018 Spanish 50k,FrequencyWords content/2018/es/es_50k.txt (OpenSubtitles2018-derived),SURFACE_SUBTITLE_OCCURRENCE_COUNT_AND_RANK,MEASURED_EXACT_SURFACE,306,37507,FOUND_TOP50K,EXACT_CASE_SENSITIVE_SURFACE_TOKEN,2026-09-04,,,,,NONE_OR_NOT_ANNOTATED_IN_THIS_PASS,FULL_TOP50K_EXACT_LOOKUP_50000,,NOT_CALCULATED_DENOMINATOR_NOT_FIXED,SUBTITLE_AUDIOVISUAL,2018,OpenSubtitles2018 via FrequencyWords processing,CC BY-SA 4.0 content,ALLOWED_WITH_ATTRIBUTION_AND_SHAREALIKE_BOUNDARY,NONE_FREQUENCY_DOES_NOT_SET_LEVEL,QUANT_SIGNAL_AVAILABLE_NOT_YET_COMPOSITE_SCORED,https://github.com/hermitdave/FrequencyWords/blob/master/content/2018/es/es_50k.txt,https://raw.githubusercontent.com/hermitdave/FrequencyWords/refs/heads/master/content/2018/es/es_50k.txt,Full continuous top-50k exact surface sweep completed on 2026-09-04. Frequency is quantitative evidence only and does not set CEFR level.,1.32
12B1-ATOM-0251,fruta,ATOMIC_SURFACE_FORM,CORP-18,FrequencyWords / OpenSubtitles2018 Spanish 50k,FrequencyWords content/2018/es/es_50k.txt (OpenSubtitles2018-derived),SURFACE_SUBTITLE_OCCURRENCE_COUNT_AND_RANK,MEASURED_EXACT_SURFACE,6083,4693,FOUND_TOP50K,EXACT_CASE_SENSITIVE_SURFACE_TOKEN,2026-09-04,,,,,NONE_OR_NOT_ANNOTATED_IN_THIS_PASS,FULL_TOP50K_EXACT_LOOKUP_50000,,NOT_CALCULATED_DENOMINATOR_NOT_FIXED,SUBTITLE_AUDIOVISUAL,2018,OpenSubtitles2018 via FrequencyWords processing,CC BY-SA 4.0 content,ALLOWED_WITH_ATTRIBUTION_AND_SHAREALIKE_BOUNDARY,NONE_FREQUENCY_DOES_NOT_SET_LEVEL,QUANT_SIGNAL_AVAILABLE_NOT_YET_COMPOSITE_SCORED,https://github.com/hermitdave/FrequencyWords/blob/master/content/2018/es/es_50k.txt,https://raw.githubusercontent.com/hermitdave/FrequencyWords/refs/heads/master/content/2018/es/es_50k.txt,Full continuous top-50k exact surface sweep completed on 2026-09-04. Frequency is quantitative evidence only and does not set CEFR level.,1.32
12B1-ATOM-0252,frío,ATOMIC_SURFACE_FORM,CORP-18,FrequencyWords / OpenSubtitles2018 Spanish 50k,FrequencyWords content/2018/es/es_50k.txt (OpenSubtitles2018-derived),SURFACE_SUBTITLE_OCCURRENCE_COUNT_AND_RANK,MEASURED_EXACT_SURFACE,34936,1044,FOUND_TOP50K,EXACT_CASE_SENSITIVE_SURFACE_TOKEN,2026-09-04,,,,,NONE_OR_NOT_ANNOTATED_IN_THIS_PASS,FULL_TOP50K_EXACT_LOOKUP_50000,,NOT_CALCULATED_DENOMINATOR_NOT_FIXED,SUBTITLE_AUDIOVISUAL,2018,OpenSubtitles2018 via FrequencyWords processing,CC BY-SA 4.0 content,ALLOWED_WITH_ATTRIBUTION_AND_SHAREALIKE_BOUNDARY,NONE_FREQUENCY_DOES_NOT_SET_LEVEL,QUANT_SIGNAL_AVAILABLE_NOT_YET_COMPOSITE_SCORED,https://github.com/hermitdave/FrequencyWords/blob/master/content/2018/es/es_50k.txt,https://raw.githubusercontent.com/hermitdave/FrequencyWords/refs/heads/master/content/2018/es/es_50k.txt,Full continuous top-50k exact surface sweep completed on 2026-09-04. Frequency is quantitative evidence only and does not set CEFR level.,1.32
12B1-ATOM-0253,fácil,ATOMIC_SURFACE_FORM,CORP-18,FrequencyWords / OpenSubtitles2018 Spanish 50k,FrequencyWords content/2018/es/es_50k.txt (OpenSubtitles2018-derived),SURFACE_SUBTITLE_OCCURRENCE_COUNT_AND_RANK,MEASURED_EXACT_SURFACE,87099,487,FOUND_TOP50K,EXACT_CASE_SENSITIVE_SURFACE_TOKEN,2026-09-04,,,,,NONE_OR_NOT_ANNOTATED_IN_THIS_PASS,FULL_TOP50K_EXACT_LOOKUP_50000,,NOT_CALCULATED_DENOMINATOR_NOT_FIXED,SUBTITLE_AUDIOVISUAL,2018,OpenSubtitles2018 via FrequencyWords processing,CC BY-SA 4.0 content,ALLOWED_WITH_ATTRIBUTION_AND_SHAREALIKE_BOUNDARY,NONE_FREQUENCY_DOES_NOT_SET_LEVEL,QUANT_SIGNAL_AVAILABLE_NOT_YET_COMPOSITE_SCORED,https://github.com/hermitdave/FrequencyWords/blob/master/content/2018/es/es_50k.txt,https://raw.githubusercontent.com/hermitdave/FrequencyWords/refs/heads/master/content/2018/es/es_50k.txt,Full continuous top-50k exact surface sweep completed on 2026-09-04. Frequency is quantitative evidence only and does not set CEFR level.,1.32
12B1-ATOM-0254,fútbol,ATOMIC_SURFACE_FORM,CORP-18,FrequencyWords / OpenSubtitles2018 Spanish 50k,FrequencyWords content/2018/es/es_50k.txt (OpenSubtitles2018-derived),SURFACE_SUBTITLE_OCCURRENCE_COUNT_AND_RANK,MEASURED_EXACT_SURFACE,16513,2035,FOUND_TOP50K,EXACT_CASE_SENSITIVE_SURFACE_TOKEN,2026-09-04,,,,,NONE_OR_NOT_ANNOTATED_IN_THIS_PASS,FULL_TOP50K_EXACT_LOOKUP_50000,,NOT_CALCULATED_DENOMINATOR_NOT_FIXED,SUBTITLE_AUDIOVISUAL,2018,OpenSubtitles2018 via FrequencyWords processing,CC BY-SA 4.0 content,ALLOWED_WITH_ATTRIBUTION_AND_SHAREALIKE_BOUNDARY,NONE_FREQUENCY_DOES_NOT_SET_LEVEL,QUANT_SIGNAL_AVAILABLE_NOT_YET_COMPOSITE_SCORED,https://github.com/hermitdave/FrequencyWords/blob/master/content/2018/es/es_50k.txt,https://raw.githubusercontent.com/hermitdave/FrequencyWords/refs/heads/master/content/2018/es/es_50k.txt,Full continuous top-50k exact surface sweep completed on 2026-09-04. Frequency is quantitative evidence only and does not set CEFR level.,1.32
12B1-ATOM-0255,gafa,ATOMIC_SURFACE_FORM,CORP-18,FrequencyWords / OpenSubtitles2018 Spanish 50k,FrequencyWords content/2018/es/es_50k.txt (OpenSubtitles2018-derived),SURFACE_SUBTITLE_OCCURRENCE_COUNT_AND_RANK,NORMALIZATION_REVIEW_REQUIRED,,,NORMALIZATION_REVIEW_REQUIRED,NO_EXACT_CASE_SENSITIVE_MATCH_CANDIDATE_PRESERVED_SEPARATELY,2026-09-04,gafas,8215,3673,CURRICULUM_ALREADY_DECLARED_GAFAS_TO_PROVISIONAL_LEMMA_GAFA_REVIEW_PHASE14,NONE_OR_NOT_ANNOTATED_IN_THIS_PASS,FULL_TOP50K_EXACT_LOOKUP_50000,,NOT_CALCULATED_DENOMINATOR_NOT_FIXED,SUBTITLE_AUDIOVISUAL,2018,OpenSubtitles2018 via FrequencyWords processing,CC BY-SA 4.0 content,ALLOWED_WITH_ATTRIBUTION_AND_SHAREALIKE_BOUNDARY,NONE_FREQUENCY_DOES_NOT_SET_LEVEL,QUANT_SIGNAL_WITHHELD_PENDING_NORMALIZATION,https://github.com/hermitdave/FrequencyWords/blob/master/content/2018/es/es_50k.txt,https://raw.githubusercontent.com/hermitdave/FrequencyWords/refs/heads/master/content/2018/es/es_50k.txt,Full continuous top-50k exact surface sweep completed on 2026-09-04. Frequency is quantitative evidence only and does not set CEFR level. No exact surface match stored; a non-destructive normalization candidate is recorded separately for Phase 14 review.,1.32
12B1-ATOM-0256,gafas,ATOMIC_SURFACE_FORM,CORP-18,FrequencyWords / OpenSubtitles2018 Spanish 50k,FrequencyWords content/2018/es/es_50k.txt (OpenSubtitles2018-derived),SURFACE_SUBTITLE_OCCURRENCE_COUNT_AND_RANK,MEASURED_EXACT_SURFACE,8215,3673,FOUND_TOP50K,EXACT_CASE_SENSITIVE_SURFACE_TOKEN,2026-09-04,,,,,NONE_OR_NOT_ANNOTATED_IN_THIS_PASS,FULL_TOP50K_EXACT_LOOKUP_50000,,NOT_CALCULATED_DENOMINATOR_NOT_FIXED,SUBTITLE_AUDIOVISUAL,2018,OpenSubtitles2018 via FrequencyWords processing,CC BY-SA 4.0 content,ALLOWED_WITH_ATTRIBUTION_AND_SHAREALIKE_BOUNDARY,NONE_FREQUENCY_DOES_NOT_SET_LEVEL,QUANT_SIGNAL_AVAILABLE_NOT_YET_COMPOSITE_SCORED,https://github.com/hermitdave/FrequencyWords/blob/master/content/2018/es/es_50k.txt,https://raw.githubusercontent.com/hermitdave/FrequencyWords/refs/heads/master/content/2018/es/es_50k.txt,Full continuous top-50k exact surface sweep completed on 2026-09-04. Frequency is quantitative evidence only and does not set CEFR level.,1.32
12B1-ATOM-0257,garaje,ATOMIC_SURFACE_FORM,CORP-18,FrequencyWords / OpenSubtitles2018 Spanish 50k,FrequencyWords content/2018/es/es_50k.txt (OpenSubtitles2018-derived),SURFACE_SUBTITLE_OCCURRENCE_COUNT_AND_RANK,MEASURED_EXACT_SURFACE,8424,3602,FOUND_TOP50K,EXACT_CASE_SENSITIVE_SURFACE_TOKEN,2026-09-04,,,,,NONE_OR_NOT_ANNOTATED_IN_THIS_PASS,FULL_TOP50K_EXACT_LOOKUP_50000,,NOT_CALCULATED_DENOMINATOR_NOT_FIXED,SUBTITLE_AUDIOVISUAL,2018,OpenSubtitles2018 via FrequencyWords processing,CC BY-SA 4.0 content,ALLOWED_WITH_ATTRIBUTION_AND_SHAREALIKE_BOUNDARY,NONE_FREQUENCY_DOES_NOT_SET_LEVEL,QUANT_SIGNAL_AVAILABLE_NOT_YET_COMPOSITE_SCORED,https://github.com/hermitdave/FrequencyWords/blob/master/content/2018/es/es_50k.txt,https://raw.githubusercontent.com/hermitdave/FrequencyWords/refs/heads/master/content/2018/es/es_50k.txt,Full continuous top-50k exact surface sweep completed on 2026-09-04. Frequency is quantitative evidence only and does not set CEFR level.,1.32
12B1-ATOM-0258,gente,ATOMIC_SURFACE_FORM,CORP-18,FrequencyWords / OpenSubtitles2018 Spanish 50k,FrequencyWords content/2018/es/es_50k.txt (OpenSubtitles2018-derived),SURFACE_SUBTITLE_OCCURRENCE_COUNT_AND_RANK,MEASURED_EXACT_SURFACE,354586,145,FOUND_TOP50K,EXACT_CASE_SENSITIVE_SURFACE_TOKEN,2026-09-04,,,,,NONE_OR_NOT_ANNOTATED_IN_THIS_PASS,FULL_TOP50K_EXACT_LOOKUP_50000,,NOT_CALCULATED_DENOMINATOR_NOT_FIXED,SUBTITLE_AUDIOVISUAL,2018,OpenSubtitles2018 via FrequencyWords processing,CC BY-SA 4.0 content,ALLOWED_WITH_ATTRIBUTION_AND_SHAREALIKE_BOUNDARY,NONE_FREQUENCY_DOES_NOT_SET_LEVEL,QUANT_SIGNAL_AVAILABLE_NOT_YET_COMPOSITE_SCORED,https://github.com/hermitdave/FrequencyWords/blob/master/content/2018/es/es_50k.txt,https://raw.githubusercontent.com/hermitdave/FrequencyWords/refs/heads/master/content/2018/es/es_50k.txt,Full continuous top-50k exact surface sweep completed on 2026-09-04. Frequency is quantitative evidence only and does not set CEFR level.,1.32
12B1-ATOM-0259,gimnasia,ATOMIC_SURFACE_FORM,CORP-18,FrequencyWords / OpenSubtitles2018 Spanish 50k,FrequencyWords content/2018/es/es_50k.txt (OpenSubtitles2018-derived),SURFACE_SUBTITLE_OCCURRENCE_COUNT_AND_RANK,MEASURED_EXACT_SURFACE,2817,8618,FOUND_TOP50K,EXACT_CASE_SENSITIVE_SURFACE_TOKEN,2026-09-04,,,,,NONE_OR_NOT_ANNOTATED_IN_THIS_PASS,FULL_TOP50K_EXACT_LOOKUP_50000,,NOT_CALCULATED_DENOMINATOR_NOT_FIXED,SUBTITLE_AUDIOVISUAL,2018,OpenSubtitles2018 via FrequencyWords processing,CC BY-SA 4.0 content,ALLOWED_WITH_ATTRIBUTION_AND_SHAREALIKE_BOUNDARY,NONE_FREQUENCY_DOES_NOT_SET_LEVEL,QUANT_SIGNAL_AVAILABLE_NOT_YET_COMPOSITE_SCORED,https://github.com/hermitdave/FrequencyWords/blob/master/content/2018/es/es_50k.txt,https://raw.githubusercontent.com/hermitdave/FrequencyWords/refs/heads/master/content/2018/es/es_50k.txt,Full continuous top-50k exact surface sweep completed on 2026-09-04. Frequency is quantitative evidence only and does not set CEFR level.,1.32
12B1-ATOM-0260,goma,ATOMIC_SURFACE_FORM,CORP-18,FrequencyWords / OpenSubtitles2018 Spanish 50k,FrequencyWords content/2018/es/es_50k.txt (OpenSubtitles2018-derived),SURFACE_SUBTITLE_OCCURRENCE_COUNT_AND_RANK,MEASURED_EXACT_SURFACE,4855,5622,FOUND_TOP50K,EXACT_CASE_SENSITIVE_SURFACE_TOKEN,2026-09-04,,,,,NONE_OR_NOT_ANNOTATED_IN_THIS_PASS,FULL_TOP50K_EXACT_LOOKUP_50000,,NOT_CALCULATED_DENOMINATOR_NOT_FIXED,SUBTITLE_AUDIOVISUAL,2018,OpenSubtitles2018 via FrequencyWords processing,CC BY-SA 4.0 content,ALLOWED_WITH_ATTRIBUTION_AND_SHAREALIKE_BOUNDARY,NONE_FREQUENCY_DOES_NOT_SET_LEVEL,QUANT_SIGNAL_AVAILABLE_NOT_YET_COMPOSITE_SCORED,https://github.com/hermitdave/FrequencyWords/blob/master/content/2018/es/es_50k.txt,https://raw.githubusercontent.com/hermitdave/FrequencyWords/refs/heads/master/content/2018/es/es_50k.txt,Full continuous top-50k exact surface sweep completed on 2026-09-04. Frequency is quantitative evidence only and does not set CEFR level.,1.32
12B1-ATOM-0261,gordo,ATOMIC_SURFACE_FORM,CORP-18,FrequencyWords / OpenSubtitles2018 Spanish 50k,FrequencyWords content/2018/es/es_50k.txt (OpenSubtitles2018-derived),SURFACE_SUBTITLE_OCCURRENCE_COUNT_AND_RANK,MEASURED_EXACT_SURFACE,16416,2045,FOUND_TOP50K,EXACT_CASE_SENSITIVE_SURFACE_TOKEN,2026-09-04,,,,,NONE_OR_NOT_ANNOTATED_IN_THIS_PASS,FULL_TOP50K_EXACT_LOOKUP_50000,,NOT_CALCULATED_DENOMINATOR_NOT_FIXED,SUBTITLE_AUDIOVISUAL,2018,OpenSubtitles2018 via FrequencyWords processing,CC BY-SA 4.0 content,ALLOWED_WITH_ATTRIBUTION_AND_SHAREALIKE_BOUNDARY,NONE_FREQUENCY_DOES_NOT_SET_LEVEL,QUANT_SIGNAL_AVAILABLE_NOT_YET_COMPOSITE_SCORED,https://github.com/hermitdave/FrequencyWords/blob/master/content/2018/es/es_50k.txt,https://raw.githubusercontent.com/hermitdave/FrequencyWords/refs/heads/master/content/2018/es/es_50k.txt,Full continuous top-50k exact surface sweep completed on 2026-09-04. Frequency is quantitative evidence only and does not set CEFR level.,1.32
12B1-ATOM-0262,gracias,ATOMIC_SURFACE_FORM,CORP-18,FrequencyWords / OpenSubtitles2018 Spanish 50k,FrequencyWords content/2018/es/es_50k.txt (OpenSubtitles2018-derived),SURFACE_SUBTITLE_OCCURRENCE_COUNT_AND_RANK,MEASURED_EXACT_SURFACE,779503,70,FOUND_TOP50K,EXACT_CASE_SENSITIVE_SURFACE_TOKEN,2026-09-04,,,,,NONE_OR_NOT_ANNOTATED_IN_THIS_PASS,FULL_TOP50K_EXACT_LOOKUP_50000,,NOT_CALCULATED_DENOMINATOR_NOT_FIXED,SUBTITLE_AUDIOVISUAL,2018,OpenSubtitles2018 via FrequencyWords processing,CC BY-SA 4.0 content,ALLOWED_WITH_ATTRIBUTION_AND_SHAREALIKE_BOUNDARY,NONE_FREQUENCY_DOES_NOT_SET_LEVEL,QUANT_SIGNAL_AVAILABLE_NOT_YET_COMPOSITE_SCORED,https://github.com/hermitdave/FrequencyWords/blob/master/content/2018/es/es_50k.txt,https://raw.githubusercontent.com/hermitdave/FrequencyWords/refs/heads/master/content/2018/es/es_50k.txt,Full continuous top-50k exact surface sweep completed on 2026-09-04. Frequency is quantitative evidence only and does not set CEFR level.,1.32
12B1-ATOM-0263,grande,ATOMIC_SURFACE_FORM,CORP-18,FrequencyWords / OpenSubtitles2018 Spanish 50k,FrequencyWords content/2018/es/es_50k.txt (OpenSubtitles2018-derived),SURFACE_SUBTITLE_OCCURRENCE_COUNT_AND_RANK,MEASURED_EXACT_SURFACE,106057,398,FOUND_TOP50K,EXACT_CASE_SENSITIVE_SURFACE_TOKEN,2026-09-04,,,,,NONE_OR_NOT_ANNOTATED_IN_THIS_PASS,FULL_TOP50K_EXACT_LOOKUP_50000,,NOT_CALCULATED_DENOMINATOR_NOT_FIXED,SUBTITLE_AUDIOVISUAL,2018,OpenSubtitles2018 via FrequencyWords processing,CC BY-SA 4.0 content,ALLOWED_WITH_ATTRIBUTION_AND_SHAREALIKE_BOUNDARY,NONE_FREQUENCY_DOES_NOT_SET_LEVEL,QUANT_SIGNAL_AVAILABLE_NOT_YET_COMPOSITE_SCORED,https://github.com/hermitdave/FrequencyWords/blob/master/content/2018/es/es_50k.txt,https://raw.githubusercontent.com/hermitdave/FrequencyWords/refs/heads/master/content/2018/es/es_50k.txt,Full continuous top-50k exact surface sweep completed on 2026-09-04. Frequency is quantitative evidence only and does not set CEFR level.,1.32
12B1-ATOM-0264,gris,ATOMIC_SURFACE_FORM,CORP-18,FrequencyWords / OpenSubtitles2018 Spanish 50k,FrequencyWords content/2018/es/es_50k.txt (OpenSubtitles2018-derived),SURFACE_SUBTITLE_OCCURRENCE_COUNT_AND_RANK,MEASURED_EXACT_SURFACE,6607,4398,FOUND_TOP50K,EXACT_CASE_SENSITIVE_SURFACE_TOKEN,2026-09-04,,,,,NONE_OR_NOT_ANNOTATED_IN_THIS_PASS,FULL_TOP50K_EXACT_LOOKUP_50000,,NOT_CALCULATED_DENOMINATOR_NOT_FIXED,SUBTITLE_AUDIOVISUAL,2018,OpenSubtitles2018 via FrequencyWords processing,CC BY-SA 4.0 content,ALLOWED_WITH_ATTRIBUTION_AND_SHAREALIKE_BOUNDARY,NONE_FREQUENCY_DOES_NOT_SET_LEVEL,QUANT_SIGNAL_AVAILABLE_NOT_YET_COMPOSITE_SCORED,https://github.com/hermitdave/FrequencyWords/blob/master/content/2018/es/es_50k.txt,https://raw.githubusercontent.com/hermitdave/FrequencyWords/refs/heads/master/content/2018/es/es_50k.txt,Full continuous top-50k exact surface sweep completed on 2026-09-04. Frequency is quantitative evidence only and does not set CEFR level.,1.32
12B1-ATOM-0265,guagua,ATOMIC_SURFACE_FORM,CORP-18,FrequencyWords / OpenSubtitles2018 Spanish 50k,FrequencyWords content/2018/es/es_50k.txt (OpenSubtitles2018-derived),SURFACE_SUBTITLE_OCCURRENCE_COUNT_AND_RANK,NOT_FOUND_TOP50K_EXACT_SURFACE,,,NOT_FOUND_TOP50K,EXACT_CASE_SENSITIVE_SURFACE_TOKEN_FULL_SCAN,2026-09-04,,,,,REGIONAL_VARIANT_A1_RECEPTIVE,FULL_TOP50K_EXACT_LOOKUP_50000,,NOT_CALCULATED_DENOMINATOR_NOT_FIXED,SUBTITLE_AUDIOVISUAL,2018,OpenSubtitles2018 via FrequencyWords processing,CC BY-SA 4.0 content,ALLOWED_WITH_ATTRIBUTION_AND_SHAREALIKE_BOUNDARY,NONE_FREQUENCY_DOES_NOT_SET_LEVEL,NO_QUANT_SIGNAL_FROM_THIS_SOURCE_NOT_ZERO,https://github.com/hermitdave/FrequencyWords/blob/master/content/2018/es/es_50k.txt,https://raw.githubusercontent.com/hermitdave/FrequencyWords/refs/heads/master/content/2018/es/es_50k.txt,Full continuous top-50k exact surface sweep completed on 2026-09-04. Frequency is quantitative evidence only and does not set CEFR level. Exact absence in this top-50k list is NOT frequency zero and does not alter the curricular level.,1.32
12B1-ATOM-0266,guapo,ATOMIC_SURFACE_FORM,CORP-18,FrequencyWords / OpenSubtitles2018 Spanish 50k,FrequencyWords content/2018/es/es_50k.txt (OpenSubtitles2018-derived),SURFACE_SUBTITLE_OCCURRENCE_COUNT_AND_RANK,MEASURED_EXACT_SURFACE,16932,1986,FOUND_TOP50K,EXACT_CASE_SENSITIVE_SURFACE_TOKEN,2026-09-04,,,,,NONE_OR_NOT_ANNOTATED_IN_THIS_PASS,FULL_TOP50K_EXACT_LOOKUP_50000,,NOT_CALCULATED_DENOMINATOR_NOT_FIXED,SUBTITLE_AUDIOVISUAL,2018,OpenSubtitles2018 via FrequencyWords processing,CC BY-SA 4.0 content,ALLOWED_WITH_ATTRIBUTION_AND_SHAREALIKE_BOUNDARY,NONE_FREQUENCY_DOES_NOT_SET_LEVEL,QUANT_SIGNAL_AVAILABLE_NOT_YET_COMPOSITE_SCORED,https://github.com/hermitdave/FrequencyWords/blob/master/content/2018/es/es_50k.txt,https://raw.githubusercontent.com/hermitdave/FrequencyWords/refs/heads/master/content/2018/es/es_50k.txt,Full continuous top-50k exact surface sweep completed on 2026-09-04. Frequency is quantitative evidence only and does not set CEFR level.,1.32
12B1-ATOM-0267,guión,ATOMIC_SURFACE_FORM,CORP-18,FrequencyWords / OpenSubtitles2018 Spanish 50k,FrequencyWords content/2018/es/es_50k.txt (OpenSubtitles2018-derived),SURFACE_SUBTITLE_OCCURRENCE_COUNT_AND_RANK,MEASURED_EXACT_SURFACE,7961,3764,FOUND_TOP50K,EXACT_CASE_SENSITIVE_SURFACE_TOKEN,2026-09-04,guion,947,18404,DUAL_ORTHOGRAPHIC_SURFACES_IN_CORPUS_REVIEW_PHASE14,NONE_OR_NOT_ANNOTATED_IN_THIS_PASS,FULL_TOP50K_EXACT_LOOKUP_50000,,NOT_CALCULATED_DENOMINATOR_NOT_FIXED,SUBTITLE_AUDIOVISUAL,2018,OpenSubtitles2018 via FrequencyWords processing,CC BY-SA 4.0 content,ALLOWED_WITH_ATTRIBUTION_AND_SHAREALIKE_BOUNDARY,NONE_FREQUENCY_DOES_NOT_SET_LEVEL,QUANT_SIGNAL_AVAILABLE_NOT_YET_COMPOSITE_SCORED,https://github.com/hermitdave/FrequencyWords/blob/master/content/2018/es/es_50k.txt,https://raw.githubusercontent.com/hermitdave/FrequencyWords/refs/heads/master/content/2018/es/es_50k.txt,Full continuous top-50k exact surface sweep completed on 2026-09-04. Frequency is quantitative evidence only and does not set CEFR level. Exact surface was measured; an alternate corpus surface guion is recorded separately for Phase 14 orthographic normalization review.,1.32
12B1-ATOM-0268,gustar,ATOMIC_SURFACE_FORM,CORP-18,FrequencyWords / OpenSubtitles2018 Spanish 50k,FrequencyWords content/2018/es/es_50k.txt (OpenSubtitles2018-derived),SURFACE_SUBTITLE_OCCURRENCE_COUNT_AND_RANK,MEASURED_EXACT_SURFACE,6917,4220,FOUND_TOP50K,EXACT_CASE_SENSITIVE_SURFACE_TOKEN,2026-09-04,,,,,NONE_OR_NOT_ANNOTATED_IN_THIS_PASS,FULL_TOP50K_EXACT_LOOKUP_50000,,NOT_CALCULATED_DENOMINATOR_NOT_FIXED,SUBTITLE_AUDIOVISUAL,2018,OpenSubtitles2018 via FrequencyWords processing,CC BY-SA 4.0 content,ALLOWED_WITH_ATTRIBUTION_AND_SHAREALIKE_BOUNDARY,NONE_FREQUENCY_DOES_NOT_SET_LEVEL,QUANT_SIGNAL_AVAILABLE_NOT_YET_COMPOSITE_SCORED,https://github.com/hermitdave/FrequencyWords/blob/master/content/2018/es/es_50k.txt,https://raw.githubusercontent.com/hermitdave/FrequencyWords/refs/heads/master/content/2018/es/es_50k.txt,Full continuous top-50k exact surface sweep completed on 2026-09-04. Frequency is quantitative evidence only and does not set CEFR level.,1.32
12B1-ATOM-0269,haber,ATOMIC_SURFACE_FORM,CORP-18,FrequencyWords / OpenSubtitles2018 Spanish 50k,FrequencyWords content/2018/es/es_50k.txt (OpenSubtitles2018-derived),SURFACE_SUBTITLE_OCCURRENCE_COUNT_AND_RANK,MEASURED_EXACT_SURFACE,229602,210,FOUND_TOP50K,EXACT_CASE_SENSITIVE_SURFACE_TOKEN,2026-09-04,,,,,NONE_OR_NOT_ANNOTATED_IN_THIS_PASS,FULL_TOP50K_EXACT_LOOKUP_50000,,NOT_CALCULATED_DENOMINATOR_NOT_FIXED,SUBTITLE_AUDIOVISUAL,2018,OpenSubtitles2018 via FrequencyWords processing,CC BY-SA 4.0 content,ALLOWED_WITH_ATTRIBUTION_AND_SHAREALIKE_BOUNDARY,NONE_FREQUENCY_DOES_NOT_SET_LEVEL,QUANT_SIGNAL_AVAILABLE_NOT_YET_COMPOSITE_SCORED,https://github.com/hermitdave/FrequencyWords/blob/master/content/2018/es/es_50k.txt,https://raw.githubusercontent.com/hermitdave/FrequencyWords/refs/heads/master/content/2018/es/es_50k.txt,Full continuous top-50k exact surface sweep completed on 2026-09-04. Frequency is quantitative evidence only and does not set CEFR level.,1.32
12B1-ATOM-0270,habitación,ATOMIC_SURFACE_FORM,CORP-18,FrequencyWords / OpenSubtitles2018 Spanish 50k,FrequencyWords content/2018/es/es_50k.txt (OpenSubtitles2018-derived),SURFACE_SUBTITLE_OCCURRENCE_COUNT_AND_RANK,MEASURED_EXACT_SURFACE,84704,496,FOUND_TOP50K,EXACT_CASE_SENSITIVE_SURFACE_TOKEN,2026-09-04,,,,,NONE_OR_NOT_ANNOTATED_IN_THIS_PASS,FULL_TOP50K_EXACT_LOOKUP_50000,,NOT_CALCULATED_DENOMINATOR_NOT_FIXED,SUBTITLE_AUDIOVISUAL,2018,OpenSubtitles2018 via FrequencyWords processing,CC BY-SA 4.0 content,ALLOWED_WITH_ATTRIBUTION_AND_SHAREALIKE_BOUNDARY,NONE_FREQUENCY_DOES_NOT_SET_LEVEL,QUANT_SIGNAL_AVAILABLE_NOT_YET_COMPOSITE_SCORED,https://github.com/hermitdave/FrequencyWords/blob/master/content/2018/es/es_50k.txt,https://raw.githubusercontent.com/hermitdave/FrequencyWords/refs/heads/master/content/2018/es/es_50k.txt,Full continuous top-50k exact surface sweep completed on 2026-09-04. Frequency is quantitative evidence only and does not set CEFR level.,1.32
12B1-ATOM-0271,hablar,ATOMIC_SURFACE_FORM,CORP-18,FrequencyWords / OpenSubtitles2018 Spanish 50k,FrequencyWords content/2018/es/es_50k.txt (OpenSubtitles2018-derived),SURFACE_SUBTITLE_OCCURRENCE_COUNT_AND_RANK,MEASURED_EXACT_SURFACE,327201,154,FOUND_TOP50K,EXACT_CASE_SENSITIVE_SURFACE_TOKEN,2026-09-04,,,,,NONE_OR_NOT_ANNOTATED_IN_THIS_PASS,FULL_TOP50K_EXACT_LOOKUP_50000,,NOT_CALCULATED_DENOMINATOR_NOT_FIXED,SUBTITLE_AUDIOVISUAL,2018,OpenSubtitles2018 via FrequencyWords processing,CC BY-SA 4.0 content,ALLOWED_WITH_ATTRIBUTION_AND_SHAREALIKE_BOUNDARY,NONE_FREQUENCY_DOES_NOT_SET_LEVEL,QUANT_SIGNAL_AVAILABLE_NOT_YET_COMPOSITE_SCORED,https://github.com/hermitdave/FrequencyWords/blob/master/content/2018/es/es_50k.txt,https://raw.githubusercontent.com/hermitdave/FrequencyWords/refs/heads/master/content/2018/es/es_50k.txt,Full continuous top-50k exact surface sweep completed on 2026-09-04. Frequency is quantitative evidence only and does not set CEFR level.,1.32
12B1-ATOM-0272,hacer,ATOMIC_SURFACE_FORM,CORP-18,FrequencyWords / OpenSubtitles2018 Spanish 50k,FrequencyWords content/2018/es/es_50k.txt (OpenSubtitles2018-derived),SURFACE_SUBTITLE_OCCURRENCE_COUNT_AND_RANK,MEASURED_EXACT_SURFACE,794408,68,FOUND_TOP50K,EXACT_CASE_SENSITIVE_SURFACE_TOKEN,2026-09-04,,,,,NONE_OR_NOT_ANNOTATED_IN_THIS_PASS,FULL_TOP50K_EXACT_LOOKUP_50000,,NOT_CALCULATED_DENOMINATOR_NOT_FIXED,SUBTITLE_AUDIOVISUAL,2018,OpenSubtitles2018 via FrequencyWords processing,CC BY-SA 4.0 content,ALLOWED_WITH_ATTRIBUTION_AND_SHAREALIKE_BOUNDARY,NONE_FREQUENCY_DOES_NOT_SET_LEVEL,QUANT_SIGNAL_AVAILABLE_NOT_YET_COMPOSITE_SCORED,https://github.com/hermitdave/FrequencyWords/blob/master/content/2018/es/es_50k.txt,https://raw.githubusercontent.com/hermitdave/FrequencyWords/refs/heads/master/content/2018/es/es_50k.txt,Full continuous top-50k exact surface sweep completed on 2026-09-04. Frequency is quantitative evidence only and does not set CEFR level.,1.32
12B1-ATOM-0273,hamburguesa,ATOMIC_SURFACE_FORM,CORP-18,FrequencyWords / OpenSubtitles2018 Spanish 50k,FrequencyWords content/2018/es/es_50k.txt (OpenSubtitles2018-derived),SURFACE_SUBTITLE_OCCURRENCE_COUNT_AND_RANK,MEASURED_EXACT_SURFACE,5342,5209,FOUND_TOP50K,EXACT_CASE_SENSITIVE_SURFACE_TOKEN,2026-09-04,,,,,NONE_OR_NOT_ANNOTATED_IN_THIS_PASS,FULL_TOP50K_EXACT_LOOKUP_50000,,NOT_CALCULATED_DENOMINATOR_NOT_FIXED,SUBTITLE_AUDIOVISUAL,2018,OpenSubtitles2018 via FrequencyWords processing,CC BY-SA 4.0 content,ALLOWED_WITH_ATTRIBUTION_AND_SHAREALIKE_BOUNDARY,NONE_FREQUENCY_DOES_NOT_SET_LEVEL,QUANT_SIGNAL_AVAILABLE_NOT_YET_COMPOSITE_SCORED,https://github.com/hermitdave/FrequencyWords/blob/master/content/2018/es/es_50k.txt,https://raw.githubusercontent.com/hermitdave/FrequencyWords/refs/heads/master/content/2018/es/es_50k.txt,Full continuous top-50k exact surface sweep completed on 2026-09-04. Frequency is quantitative evidence only and does not set CEFR level.,1.32
12B1-ATOM-0274,hasta,ATOMIC_SURFACE_FORM,CORP-18,FrequencyWords / OpenSubtitles2018 Spanish 50k,FrequencyWords content/2018/es/es_50k.txt (OpenSubtitles2018-derived),SURFACE_SUBTITLE_OCCURRENCE_COUNT_AND_RANK,MEASURED_EXACT_SURFACE,423321,126,FOUND_TOP50K,EXACT_CASE_SENSITIVE_SURFACE_TOKEN,2026-09-04,,,,,NONE_OR_NOT_ANNOTATED_IN_THIS_PASS,FULL_TOP50K_EXACT_LOOKUP_50000,,NOT_CALCULATED_DENOMINATOR_NOT_FIXED,SUBTITLE_AUDIOVISUAL,2018,OpenSubtitles2018 via FrequencyWords processing,CC BY-SA 4.0 content,ALLOWED_WITH_ATTRIBUTION_AND_SHAREALIKE_BOUNDARY,NONE_FREQUENCY_DOES_NOT_SET_LEVEL,QUANT_SIGNAL_AVAILABLE_NOT_YET_COMPOSITE_SCORED,https://github.com/hermitdave/FrequencyWords/blob/master/content/2018/es/es_50k.txt,https://raw.githubusercontent.com/hermitdave/FrequencyWords/refs/heads/master/content/2018/es/es_50k.txt,Full continuous top-50k exact surface sweep completed on 2026-09-04. Frequency is quantitative evidence only and does not set CEFR level.,1.32
12B1-ATOM-0275,hermano,ATOMIC_SURFACE_FORM,CORP-18,FrequencyWords / OpenSubtitles2018 Spanish 50k,FrequencyWords content/2018/es/es_50k.txt (OpenSubtitles2018-derived),SURFACE_SUBTITLE_OCCURRENCE_COUNT_AND_RANK,MEASURED_EXACT_SURFACE,159678,271,FOUND_TOP50K,EXACT_CASE_SENSITIVE_SURFACE_TOKEN,2026-09-04,,,,,NONE_OR_NOT_ANNOTATED_IN_THIS_PASS,FULL_TOP50K_EXACT_LOOKUP_50000,,NOT_CALCULATED_DENOMINATOR_NOT_FIXED,SUBTITLE_AUDIOVISUAL,2018,OpenSubtitles2018 via FrequencyWords processing,CC BY-SA 4.0 content,ALLOWED_WITH_ATTRIBUTION_AND_SHAREALIKE_BOUNDARY,NONE_FREQUENCY_DOES_NOT_SET_LEVEL,QUANT_SIGNAL_AVAILABLE_NOT_YET_COMPOSITE_SCORED,https://github.com/hermitdave/FrequencyWords/blob/master/content/2018/es/es_50k.txt,https://raw.githubusercontent.com/hermitdave/FrequencyWords/refs/heads/master/content/2018/es/es_50k.txt,Full continuous top-50k exact surface sweep completed on 2026-09-04. Frequency is quantitative evidence only and does not set CEFR level.,1.32
12B1-ATOM-0276,hermoso,ATOMIC_SURFACE_FORM,CORP-18,FrequencyWords / OpenSubtitles2018 Spanish 50k,FrequencyWords content/2018/es/es_50k.txt (OpenSubtitles2018-derived),SURFACE_SUBTITLE_OCCURRENCE_COUNT_AND_RANK,MEASURED_EXACT_SURFACE,34066,1069,FOUND_TOP50K,EXACT_CASE_SENSITIVE_SURFACE_TOKEN,2026-09-04,,,,,REGIONAL_VARIANT_ALREADY_PRESENT_PCIC,FULL_TOP50K_EXACT_LOOKUP_50000,,NOT_CALCULATED_DENOMINATOR_NOT_FIXED,SUBTITLE_AUDIOVISUAL,2018,OpenSubtitles2018 via FrequencyWords processing,CC BY-SA 4.0 content,ALLOWED_WITH_ATTRIBUTION_AND_SHAREALIKE_BOUNDARY,NONE_FREQUENCY_DOES_NOT_SET_LEVEL,QUANT_SIGNAL_AVAILABLE_NOT_YET_COMPOSITE_SCORED,https://github.com/hermitdave/FrequencyWords/blob/master/content/2018/es/es_50k.txt,https://raw.githubusercontent.com/hermitdave/FrequencyWords/refs/heads/master/content/2018/es/es_50k.txt,Full continuous top-50k exact surface sweep completed on 2026-09-04. Frequency is quantitative evidence only and does not set CEFR level.,1.32
12B1-ATOM-0277,hijo,ATOMIC_SURFACE_FORM,CORP-18,FrequencyWords / OpenSubtitles2018 Spanish 50k,FrequencyWords content/2018/es/es_50k.txt (OpenSubtitles2018-derived),SURFACE_SUBTITLE_OCCURRENCE_COUNT_AND_RANK,MEASURED_EXACT_SURFACE,267856,188,FOUND_TOP50K,EXACT_CASE_SENSITIVE_SURFACE_TOKEN,2026-09-04,,,,,NONE_OR_NOT_ANNOTATED_IN_THIS_PASS,FULL_TOP50K_EXACT_LOOKUP_50000,,NOT_CALCULATED_DENOMINATOR_NOT_FIXED,SUBTITLE_AUDIOVISUAL,2018,OpenSubtitles2018 via FrequencyWords processing,CC BY-SA 4.0 content,ALLOWED_WITH_ATTRIBUTION_AND_SHAREALIKE_BOUNDARY,NONE_FREQUENCY_DOES_NOT_SET_LEVEL,QUANT_SIGNAL_AVAILABLE_NOT_YET_COMPOSITE_SCORED,https://github.com/hermitdave/FrequencyWords/blob/master/content/2018/es/es_50k.txt,https://raw.githubusercontent.com/hermitdave/FrequencyWords/refs/heads/master/content/2018/es/es_50k.txt,Full continuous top-50k exact surface sweep completed on 2026-09-04. Frequency is quantitative evidence only and does not set CEFR level.,1.32
12B1-ATOM-0278,hola,ATOMIC_SURFACE_FORM,CORP-18,FrequencyWords / OpenSubtitles2018 Spanish 50k,FrequencyWords content/2018/es/es_50k.txt (OpenSubtitles2018-derived),SURFACE_SUBTITLE_OCCURRENCE_COUNT_AND_RANK,MEASURED_EXACT_SURFACE,601523,88,FOUND_TOP50K,EXACT_CASE_SENSITIVE_SURFACE_TOKEN,2026-09-04,,,,,NONE_OR_NOT_ANNOTATED_IN_THIS_PASS,FULL_TOP50K_EXACT_LOOKUP_50000,,NOT_CALCULATED_DENOMINATOR_NOT_FIXED,SUBTITLE_AUDIOVISUAL,2018,OpenSubtitles2018 via FrequencyWords processing,CC BY-SA 4.0 content,ALLOWED_WITH_ATTRIBUTION_AND_SHAREALIKE_BOUNDARY,NONE_FREQUENCY_DOES_NOT_SET_LEVEL,QUANT_SIGNAL_AVAILABLE_NOT_YET_COMPOSITE_SCORED,https://github.com/hermitdave/FrequencyWords/blob/master/content/2018/es/es_50k.txt,https://raw.githubusercontent.com/hermitdave/FrequencyWords/refs/heads/master/content/2018/es/es_50k.txt,Full continuous top-50k exact surface sweep completed on 2026-09-04. Frequency is quantitative evidence only and does not set CEFR level.,1.32
12B1-ATOM-0279,hombre,ATOMIC_SURFACE_FORM,CORP-18,FrequencyWords / OpenSubtitles2018 Spanish 50k,FrequencyWords content/2018/es/es_50k.txt (OpenSubtitles2018-derived),SURFACE_SUBTITLE_OCCURRENCE_COUNT_AND_RANK,MEASURED_EXACT_SURFACE,460084,121,FOUND_TOP50K,EXACT_CASE_SENSITIVE_SURFACE_TOKEN,2026-09-04,,,,,NONE_OR_NOT_ANNOTATED_IN_THIS_PASS,FULL_TOP50K_EXACT_LOOKUP_50000,,NOT_CALCULATED_DENOMINATOR_NOT_FIXED,SUBTITLE_AUDIOVISUAL,2018,OpenSubtitles2018 via FrequencyWords processing,CC BY-SA 4.0 content,ALLOWED_WITH_ATTRIBUTION_AND_SHAREALIKE_BOUNDARY,NONE_FREQUENCY_DOES_NOT_SET_LEVEL,QUANT_SIGNAL_AVAILABLE_NOT_YET_COMPOSITE_SCORED,https://github.com/hermitdave/FrequencyWords/blob/master/content/2018/es/es_50k.txt,https://raw.githubusercontent.com/hermitdave/FrequencyWords/refs/heads/master/content/2018/es/es_50k.txt,Full continuous top-50k exact surface sweep completed on 2026-09-04. Frequency is quantitative evidence only and does not set CEFR level.,1.32
12B1-ATOM-0280,hora,ATOMIC_SURFACE_FORM,CORP-18,FrequencyWords / OpenSubtitles2018 Spanish 50k,FrequencyWords content/2018/es/es_50k.txt (OpenSubtitles2018-derived),SURFACE_SUBTITLE_OCCURRENCE_COUNT_AND_RANK,MEASURED_EXACT_SURFACE,189851,245,FOUND_TOP50K,EXACT_CASE_SENSITIVE_SURFACE_TOKEN,2026-09-04,,,,,NONE_OR_NOT_ANNOTATED_IN_THIS_PASS,FULL_TOP50K_EXACT_LOOKUP_50000,,NOT_CALCULATED_DENOMINATOR_NOT_FIXED,SUBTITLE_AUDIOVISUAL,2018,OpenSubtitles2018 via FrequencyWords processing,CC BY-SA 4.0 content,ALLOWED_WITH_ATTRIBUTION_AND_SHAREALIKE_BOUNDARY,NONE_FREQUENCY_DOES_NOT_SET_LEVEL,QUANT_SIGNAL_AVAILABLE_NOT_YET_COMPOSITE_SCORED,https://github.com/hermitdave/FrequencyWords/blob/master/content/2018/es/es_50k.txt,https://raw.githubusercontent.com/hermitdave/FrequencyWords/refs/heads/master/content/2018/es/es_50k.txt,Full continuous top-50k exact surface sweep completed on 2026-09-04. Frequency is quantitative evidence only and does not set CEFR level.,1.32
12B1-ATOM-0281,horario,ATOMIC_SURFACE_FORM,CORP-18,FrequencyWords / OpenSubtitles2018 Spanish 50k,FrequencyWords content/2018/es/es_50k.txt (OpenSubtitles2018-derived),SURFACE_SUBTITLE_OCCURRENCE_COUNT_AND_RANK,MEASURED_EXACT_SURFACE,6532,4448,FOUND_TOP50K,EXACT_CASE_SENSITIVE_SURFACE_TOKEN,2026-09-04,,,,,NONE_OR_NOT_ANNOTATED_IN_THIS_PASS,FULL_TOP50K_EXACT_LOOKUP_50000,,NOT_CALCULATED_DENOMINATOR_NOT_FIXED,SUBTITLE_AUDIOVISUAL,2018,OpenSubtitles2018 via FrequencyWords processing,CC BY-SA 4.0 content,ALLOWED_WITH_ATTRIBUTION_AND_SHAREALIKE_BOUNDARY,NONE_FREQUENCY_DOES_NOT_SET_LEVEL,QUANT_SIGNAL_AVAILABLE_NOT_YET_COMPOSITE_SCORED,https://github.com/hermitdave/FrequencyWords/blob/master/content/2018/es/es_50k.txt,https://raw.githubusercontent.com/hermitdave/FrequencyWords/refs/heads/master/content/2018/es/es_50k.txt,Full continuous top-50k exact surface sweep completed on 2026-09-04. Frequency is quantitative evidence only and does not set CEFR level.,1.32
12B1-ATOM-0282,hospital,ATOMIC_SURFACE_FORM,CORP-18,FrequencyWords / OpenSubtitles2018 Spanish 50k,FrequencyWords content/2018/es/es_50k.txt (OpenSubtitles2018-derived),SURFACE_SUBTITLE_OCCURRENCE_COUNT_AND_RANK,MEASURED_EXACT_SURFACE,66316,596,FOUND_TOP50K,EXACT_CASE_SENSITIVE_SURFACE_TOKEN,2026-09-04,,,,,NONE_OR_NOT_ANNOTATED_IN_THIS_PASS,FULL_TOP50K_EXACT_LOOKUP_50000,,NOT_CALCULATED_DENOMINATOR_NOT_FIXED,SUBTITLE_AUDIOVISUAL,2018,OpenSubtitles2018 via FrequencyWords processing,CC BY-SA 4.0 content,ALLOWED_WITH_ATTRIBUTION_AND_SHAREALIKE_BOUNDARY,NONE_FREQUENCY_DOES_NOT_SET_LEVEL,QUANT_SIGNAL_AVAILABLE_NOT_YET_COMPOSITE_SCORED,https://github.com/hermitdave/FrequencyWords/blob/master/content/2018/es/es_50k.txt,https://raw.githubusercontent.com/hermitdave/FrequencyWords/refs/heads/master/content/2018/es/es_50k.txt,Full continuous top-50k exact surface sweep completed on 2026-09-04. Frequency is quantitative evidence only and does not set CEFR level.,1.32
12B1-ATOM-0283,hotel,ATOMIC_SURFACE_FORM,CORP-18,FrequencyWords / OpenSubtitles2018 Spanish 50k,FrequencyWords content/2018/es/es_50k.txt (OpenSubtitles2018-derived),SURFACE_SUBTITLE_OCCURRENCE_COUNT_AND_RANK,MEASURED_EXACT_SURFACE,49177,764,FOUND_TOP50K,EXACT_CASE_SENSITIVE_SURFACE_TOKEN,2026-09-04,,,,,NONE_OR_NOT_ANNOTATED_IN_THIS_PASS,FULL_TOP50K_EXACT_LOOKUP_50000,,NOT_CALCULATED_DENOMINATOR_NOT_FIXED,SUBTITLE_AUDIOVISUAL,2018,OpenSubtitles2018 via FrequencyWords processing,CC BY-SA 4.0 content,ALLOWED_WITH_ATTRIBUTION_AND_SHAREALIKE_BOUNDARY,NONE_FREQUENCY_DOES_NOT_SET_LEVEL,QUANT_SIGNAL_AVAILABLE_NOT_YET_COMPOSITE_SCORED,https://github.com/hermitdave/FrequencyWords/blob/master/content/2018/es/es_50k.txt,https://raw.githubusercontent.com/hermitdave/FrequencyWords/refs/heads/master/content/2018/es/es_50k.txt,Full continuous top-50k exact surface sweep completed on 2026-09-04. Frequency is quantitative evidence only and does not set CEFR level.,1.32
12B1-ATOM-0284,hoy,ATOMIC_SURFACE_FORM,CORP-18,FrequencyWords / OpenSubtitles2018 Spanish 50k,FrequencyWords content/2018/es/es_50k.txt (OpenSubtitles2018-derived),SURFACE_SUBTITLE_OCCURRENCE_COUNT_AND_RANK,MEASURED_EXACT_SURFACE,240395,201,FOUND_TOP50K,EXACT_CASE_SENSITIVE_SURFACE_TOKEN,2026-09-04,,,,,NONE_OR_NOT_ANNOTATED_IN_THIS_PASS,FULL_TOP50K_EXACT_LOOKUP_50000,,NOT_CALCULATED_DENOMINATOR_NOT_FIXED,SUBTITLE_AUDIOVISUAL,2018,OpenSubtitles2018 via FrequencyWords processing,CC BY-SA 4.0 content,ALLOWED_WITH_ATTRIBUTION_AND_SHAREALIKE_BOUNDARY,NONE_FREQUENCY_DOES_NOT_SET_LEVEL,QUANT_SIGNAL_AVAILABLE_NOT_YET_COMPOSITE_SCORED,https://github.com/hermitdave/FrequencyWords/blob/master/content/2018/es/es_50k.txt,https://raw.githubusercontent.com/hermitdave/FrequencyWords/refs/heads/master/content/2018/es/es_50k.txt,Full continuous top-50k exact surface sweep completed on 2026-09-04. Frequency is quantitative evidence only and does not set CEFR level.,1.32
12B1-ATOM-0285,huevo,ATOMIC_SURFACE_FORM,CORP-18,FrequencyWords / OpenSubtitles2018 Spanish 50k,FrequencyWords content/2018/es/es_50k.txt (OpenSubtitles2018-derived),SURFACE_SUBTITLE_OCCURRENCE_COUNT_AND_RANK,MEASURED_EXACT_SURFACE,9707,3193,FOUND_TOP50K,EXACT_CASE_SENSITIVE_SURFACE_TOKEN,2026-09-04,,,,,NONE_OR_NOT_ANNOTATED_IN_THIS_PASS,FULL_TOP50K_EXACT_LOOKUP_50000,,NOT_CALCULATED_DENOMINATOR_NOT_FIXED,SUBTITLE_AUDIOVISUAL,2018,OpenSubtitles2018 via FrequencyWords processing,CC BY-SA 4.0 content,ALLOWED_WITH_ATTRIBUTION_AND_SHAREALIKE_BOUNDARY,NONE_FREQUENCY_DOES_NOT_SET_LEVEL,QUANT_SIGNAL_AVAILABLE_NOT_YET_COMPOSITE_SCORED,https://github.com/hermitdave/FrequencyWords/blob/master/content/2018/es/es_50k.txt,https://raw.githubusercontent.com/hermitdave/FrequencyWords/refs/heads/master/content/2018/es/es_50k.txt,Full continuous top-50k exact surface sweep completed on 2026-09-04. Frequency is quantitative evidence only and does not set CEFR level.,1.32
12B1-ATOM-0286,ida,ATOMIC_SURFACE_FORM,CORP-18,FrequencyWords / OpenSubtitles2018 Spanish 50k,FrequencyWords content/2018/es/es_50k.txt (OpenSubtitles2018-derived),SURFACE_SUBTITLE_OCCURRENCE_COUNT_AND_RANK,MEASURED_EXACT_SURFACE,4434,6048,FOUND_TOP50K,EXACT_CASE_SENSITIVE_SURFACE_TOKEN,2026-09-04,,,,,NONE_OR_NOT_ANNOTATED_IN_THIS_PASS,FULL_TOP50K_EXACT_LOOKUP_50000,,NOT_CALCULATED_DENOMINATOR_NOT_FIXED,SUBTITLE_AUDIOVISUAL,2018,OpenSubtitles2018 via FrequencyWords processing,CC BY-SA 4.0 content,ALLOWED_WITH_ATTRIBUTION_AND_SHAREALIKE_BOUNDARY,NONE_FREQUENCY_DOES_NOT_SET_LEVEL,QUANT_SIGNAL_AVAILABLE_NOT_YET_COMPOSITE_SCORED,https://github.com/hermitdave/FrequencyWords/blob/master/content/2018/es/es_50k.txt,https://raw.githubusercontent.com/hermitdave/FrequencyWords/refs/heads/master/content/2018/es/es_50k.txt,Full continuous top-50k exact surface sweep completed on 2026-09-04. Frequency is quantitative evidence only and does not set CEFR level.,1.32
12B1-ATOM-0287,identidad,ATOMIC_SURFACE_FORM,CORP-18,FrequencyWords / OpenSubtitles2018 Spanish 50k,FrequencyWords content/2018/es/es_50k.txt (OpenSubtitles2018-derived),SURFACE_SUBTITLE_OCCURRENCE_COUNT_AND_RANK,MEASURED_EXACT_SURFACE,11688,2754,FOUND_TOP50K,EXACT_CASE_SENSITIVE_SURFACE_TOKEN,2026-09-04,,,,,NONE_OR_NOT_ANNOTATED_IN_THIS_PASS,FULL_TOP50K_EXACT_LOOKUP_50000,,NOT_CALCULATED_DENOMINATOR_NOT_FIXED,SUBTITLE_AUDIOVISUAL,2018,OpenSubtitles2018 via FrequencyWords processing,CC BY-SA 4.0 content,ALLOWED_WITH_ATTRIBUTION_AND_SHAREALIKE_BOUNDARY,NONE_FREQUENCY_DOES_NOT_SET_LEVEL,QUANT_SIGNAL_AVAILABLE_NOT_YET_COMPOSITE_SCORED,https://github.com/hermitdave/FrequencyWords/blob/master/content/2018/es/es_50k.txt,https://raw.githubusercontent.com/hermitdave/FrequencyWords/refs/heads/master/content/2018/es/es_50k.txt,Full continuous top-50k exact surface sweep completed on 2026-09-04. Frequency is quantitative evidence only and does not set CEFR level.,1.32
12B1-ATOM-0288,iglesia,ATOMIC_SURFACE_FORM,CORP-18,FrequencyWords / OpenSubtitles2018 Spanish 50k,FrequencyWords content/2018/es/es_50k.txt (OpenSubtitles2018-derived),SURFACE_SUBTITLE_OCCURRENCE_COUNT_AND_RANK,MEASURED_EXACT_SURFACE,36300,1000,FOUND_TOP50K,EXACT_CASE_SENSITIVE_SURFACE_TOKEN,2026-09-04,,,,,NONE_OR_NOT_ANNOTATED_IN_THIS_PASS,FULL_TOP50K_EXACT_LOOKUP_50000,,NOT_CALCULATED_DENOMINATOR_NOT_FIXED,SUBTITLE_AUDIOVISUAL,2018,OpenSubtitles2018 via FrequencyWords processing,CC BY-SA 4.0 content,ALLOWED_WITH_ATTRIBUTION_AND_SHAREALIKE_BOUNDARY,NONE_FREQUENCY_DOES_NOT_SET_LEVEL,QUANT_SIGNAL_AVAILABLE_NOT_YET_COMPOSITE_SCORED,https://github.com/hermitdave/FrequencyWords/blob/master/content/2018/es/es_50k.txt,https://raw.githubusercontent.com/hermitdave/FrequencyWords/refs/heads/master/content/2018/es/es_50k.txt,Full continuous top-50k exact surface sweep completed on 2026-09-04. Frequency is quantitative evidence only and does not set CEFR level.,1.32
12B1-ATOM-0289,individual,ATOMIC_SURFACE_FORM,CORP-18,FrequencyWords / OpenSubtitles2018 Spanish 50k,FrequencyWords content/2018/es/es_50k.txt (OpenSubtitles2018-derived),SURFACE_SUBTITLE_OCCURRENCE_COUNT_AND_RANK,MEASURED_EXACT_SURFACE,2056,10823,FOUND_TOP50K,EXACT_CASE_SENSITIVE_SURFACE_TOKEN,2026-09-04,,,,,NONE_OR_NOT_ANNOTATED_IN_THIS_PASS,FULL_TOP50K_EXACT_LOOKUP_50000,,NOT_CALCULATED_DENOMINATOR_NOT_FIXED,SUBTITLE_AUDIOVISUAL,2018,OpenSubtitles2018 via FrequencyWords processing,CC BY-SA 4.0 content,ALLOWED_WITH_ATTRIBUTION_AND_SHAREALIKE_BOUNDARY,NONE_FREQUENCY_DOES_NOT_SET_LEVEL,QUANT_SIGNAL_AVAILABLE_NOT_YET_COMPOSITE_SCORED,https://github.com/hermitdave/FrequencyWords/blob/master/content/2018/es/es_50k.txt,https://raw.githubusercontent.com/hermitdave/FrequencyWords/refs/heads/master/content/2018/es/es_50k.txt,Full continuous top-50k exact surface sweep completed on 2026-09-04. Frequency is quantitative evidence only and does not set CEFR level.,1.32
12B1-ATOM-0290,información,ATOMIC_SURFACE_FORM,CORP-18,FrequencyWords / OpenSubtitles2018 Spanish 50k,FrequencyWords content/2018/es/es_50k.txt (OpenSubtitles2018-derived),SURFACE_SUBTITLE_OCCURRENCE_COUNT_AND_RANK,MEASURED_EXACT_SURFACE,60090,657,FOUND_TOP50K,EXACT_CASE_SENSITIVE_SURFACE_TOKEN,2026-09-04,,,,,NONE_OR_NOT_ANNOTATED_IN_THIS_PASS,FULL_TOP50K_EXACT_LOOKUP_50000,,NOT_CALCULATED_DENOMINATOR_NOT_FIXED,SUBTITLE_AUDIOVISUAL,2018,OpenSubtitles2018 via FrequencyWords processing,CC BY-SA 4.0 content,ALLOWED_WITH_ATTRIBUTION_AND_SHAREALIKE_BOUNDARY,NONE_FREQUENCY_DOES_NOT_SET_LEVEL,QUANT_SIGNAL_AVAILABLE_NOT_YET_COMPOSITE_SCORED,https://github.com/hermitdave/FrequencyWords/blob/master/content/2018/es/es_50k.txt,https://raw.githubusercontent.com/hermitdave/FrequencyWords/refs/heads/master/content/2018/es/es_50k.txt,Full continuous top-50k exact surface sweep completed on 2026-09-04. Frequency is quantitative evidence only and does not set CEFR level.,1.32
12B1-ATOM-0291,ingeniero,ATOMIC_SURFACE_FORM,CORP-18,FrequencyWords / OpenSubtitles2018 Spanish 50k,FrequencyWords content/2018/es/es_50k.txt (OpenSubtitles2018-derived),SURFACE_SUBTITLE_OCCURRENCE_COUNT_AND_RANK,MEASURED_EXACT_SURFACE,5991,4746,FOUND_TOP50K,EXACT_CASE_SENSITIVE_SURFACE_TOKEN,2026-09-04,,,,,NONE_OR_NOT_ANNOTATED_IN_THIS_PASS,FULL_TOP50K_EXACT_LOOKUP_50000,,NOT_CALCULATED_DENOMINATOR_NOT_FIXED,SUBTITLE_AUDIOVISUAL,2018,OpenSubtitles2018 via FrequencyWords processing,CC BY-SA 4.0 content,ALLOWED_WITH_ATTRIBUTION_AND_SHAREALIKE_BOUNDARY,NONE_FREQUENCY_DOES_NOT_SET_LEVEL,QUANT_SIGNAL_AVAILABLE_NOT_YET_COMPOSITE_SCORED,https://github.com/hermitdave/FrequencyWords/blob/master/content/2018/es/es_50k.txt,https://raw.githubusercontent.com/hermitdave/FrequencyWords/refs/heads/master/content/2018/es/es_50k.txt,Full continuous top-50k exact surface sweep completed on 2026-09-04. Frequency is quantitative evidence only and does not set CEFR level.,1.32
12B1-ATOM-0292,instituto,ATOMIC_SURFACE_FORM,CORP-18,FrequencyWords / OpenSubtitles2018 Spanish 50k,FrequencyWords content/2018/es/es_50k.txt (OpenSubtitles2018-derived),SURFACE_SUBTITLE_OCCURRENCE_COUNT_AND_RANK,MEASURED_EXACT_SURFACE,16145,2080,FOUND_TOP50K,EXACT_CASE_SENSITIVE_SURFACE_TOKEN,2026-09-04,,,,,NONE_OR_NOT_ANNOTATED_IN_THIS_PASS,FULL_TOP50K_EXACT_LOOKUP_50000,,NOT_CALCULATED_DENOMINATOR_NOT_FIXED,SUBTITLE_AUDIOVISUAL,2018,OpenSubtitles2018 via FrequencyWords processing,CC BY-SA 4.0 content,ALLOWED_WITH_ATTRIBUTION_AND_SHAREALIKE_BOUNDARY,NONE_FREQUENCY_DOES_NOT_SET_LEVEL,QUANT_SIGNAL_AVAILABLE_NOT_YET_COMPOSITE_SCORED,https://github.com/hermitdave/FrequencyWords/blob/master/content/2018/es/es_50k.txt,https://raw.githubusercontent.com/hermitdave/FrequencyWords/refs/heads/master/content/2018/es/es_50k.txt,Full continuous top-50k exact surface sweep completed on 2026-09-04. Frequency is quantitative evidence only and does not set CEFR level.,1.32
12B1-ATOM-0293,inteligente,ATOMIC_SURFACE_FORM,CORP-18,FrequencyWords / OpenSubtitles2018 Spanish 50k,FrequencyWords content/2018/es/es_50k.txt (OpenSubtitles2018-derived),SURFACE_SUBTITLE_OCCURRENCE_COUNT_AND_RANK,MEASURED_EXACT_SURFACE,35632,1019,FOUND_TOP50K,EXACT_CASE_SENSITIVE_SURFACE_TOKEN,2026-09-04,,,,,NONE_OR_NOT_ANNOTATED_IN_THIS_PASS,FULL_TOP50K_EXACT_LOOKUP_50000,,NOT_CALCULATED_DENOMINATOR_NOT_FIXED,SUBTITLE_AUDIOVISUAL,2018,OpenSubtitles2018 via FrequencyWords processing,CC BY-SA 4.0 content,ALLOWED_WITH_ATTRIBUTION_AND_SHAREALIKE_BOUNDARY,NONE_FREQUENCY_DOES_NOT_SET_LEVEL,QUANT_SIGNAL_AVAILABLE_NOT_YET_COMPOSITE_SCORED,https://github.com/hermitdave/FrequencyWords/blob/master/content/2018/es/es_50k.txt,https://raw.githubusercontent.com/hermitdave/FrequencyWords/refs/heads/master/content/2018/es/es_50k.txt,Full continuous top-50k exact surface sweep completed on 2026-09-04. Frequency is quantitative evidence only and does not set CEFR level.,1.32
12B1-ATOM-0294,interesante,ATOMIC_SURFACE_FORM,CORP-18,FrequencyWords / OpenSubtitles2018 Spanish 50k,FrequencyWords content/2018/es/es_50k.txt (OpenSubtitles2018-derived),SURFACE_SUBTITLE_OCCURRENCE_COUNT_AND_RANK,MEASURED_EXACT_SURFACE,41640,886,FOUND_TOP50K,EXACT_CASE_SENSITIVE_SURFACE_TOKEN,2026-09-04,,,,,NONE_OR_NOT_ANNOTATED_IN_THIS_PASS,FULL_TOP50K_EXACT_LOOKUP_50000,,NOT_CALCULATED_DENOMINATOR_NOT_FIXED,SUBTITLE_AUDIOVISUAL,2018,OpenSubtitles2018 via FrequencyWords processing,CC BY-SA 4.0 content,ALLOWED_WITH_ATTRIBUTION_AND_SHAREALIKE_BOUNDARY,NONE_FREQUENCY_DOES_NOT_SET_LEVEL,QUANT_SIGNAL_AVAILABLE_NOT_YET_COMPOSITE_SCORED,https://github.com/hermitdave/FrequencyWords/blob/master/content/2018/es/es_50k.txt,https://raw.githubusercontent.com/hermitdave/FrequencyWords/refs/heads/master/content/2018/es/es_50k.txt,Full continuous top-50k exact surface sweep completed on 2026-09-04. Frequency is quantitative evidence only and does not set CEFR level.,1.32
12B1-ATOM-0295,interior,ATOMIC_SURFACE_FORM,CORP-18,FrequencyWords / OpenSubtitles2018 Spanish 50k,FrequencyWords content/2018/es/es_50k.txt (OpenSubtitles2018-derived),SURFACE_SUBTITLE_OCCURRENCE_COUNT_AND_RANK,MEASURED_EXACT_SURFACE,27979,1266,FOUND_TOP50K,EXACT_CASE_SENSITIVE_SURFACE_TOKEN,2026-09-04,,,,,NONE_OR_NOT_ANNOTATED_IN_THIS_PASS,FULL_TOP50K_EXACT_LOOKUP_50000,,NOT_CALCULATED_DENOMINATOR_NOT_FIXED,SUBTITLE_AUDIOVISUAL,2018,OpenSubtitles2018 via FrequencyWords processing,CC BY-SA 4.0 content,ALLOWED_WITH_ATTRIBUTION_AND_SHAREALIKE_BOUNDARY,NONE_FREQUENCY_DOES_NOT_SET_LEVEL,QUANT_SIGNAL_AVAILABLE_NOT_YET_COMPOSITE_SCORED,https://github.com/hermitdave/FrequencyWords/blob/master/content/2018/es/es_50k.txt,https://raw.githubusercontent.com/hermitdave/FrequencyWords/refs/heads/master/content/2018/es/es_50k.txt,Full continuous top-50k exact surface sweep completed on 2026-09-04. Frequency is quantitative evidence only and does not set CEFR level.,1.32
12B1-ATOM-0296,Internet,ATOMIC_SURFACE_FORM,CORP-18,FrequencyWords / OpenSubtitles2018 Spanish 50k,FrequencyWords content/2018/es/es_50k.txt (OpenSubtitles2018-derived),SURFACE_SUBTITLE_OCCURRENCE_COUNT_AND_RANK,NORMALIZATION_REVIEW_REQUIRED,,,NORMALIZATION_REVIEW_REQUIRED,NO_EXACT_CASE_SENSITIVE_MATCH_CANDIDATE_PRESERVED_SEPARATELY,2026-09-04,internet,16784,2003,CASE_MISMATCH_CORPUS_LOWERCASE,NONE_OR_NOT_ANNOTATED_IN_THIS_PASS,FULL_TOP50K_EXACT_LOOKUP_50000,,NOT_CALCULATED_DENOMINATOR_NOT_FIXED,SUBTITLE_AUDIOVISUAL,2018,OpenSubtitles2018 via FrequencyWords processing,CC BY-SA 4.0 content,ALLOWED_WITH_ATTRIBUTION_AND_SHAREALIKE_BOUNDARY,NONE_FREQUENCY_DOES_NOT_SET_LEVEL,QUANT_SIGNAL_WITHHELD_PENDING_NORMALIZATION,https://github.com/hermitdave/FrequencyWords/blob/master/content/2018/es/es_50k.txt,https://raw.githubusercontent.com/hermitdave/FrequencyWords/refs/heads/master/content/2018/es/es_50k.txt,Full continuous top-50k exact surface sweep completed on 2026-09-04. Frequency is quantitative evidence only and does not set CEFR level. No exact surface match stored; a non-destructive normalization candidate is recorded separately for Phase 14 review.,1.32
12B1-ATOM-0297,invierno,ATOMIC_SURFACE_FORM,CORP-18,FrequencyWords / OpenSubtitles2018 Spanish 50k,FrequencyWords content/2018/es/es_50k.txt (OpenSubtitles2018-derived),SURFACE_SUBTITLE_OCCURRENCE_COUNT_AND_RANK,MEASURED_EXACT_SURFACE,12425,2609,FOUND_TOP50K,EXACT_CASE_SENSITIVE_SURFACE_TOKEN,2026-09-04,,,,,NONE_OR_NOT_ANNOTATED_IN_THIS_PASS,FULL_TOP50K_EXACT_LOOKUP_50000,,NOT_CALCULATED_DENOMINATOR_NOT_FIXED,SUBTITLE_AUDIOVISUAL,2018,OpenSubtitles2018 via FrequencyWords processing,CC BY-SA 4.0 content,ALLOWED_WITH_ATTRIBUTION_AND_SHAREALIKE_BOUNDARY,NONE_FREQUENCY_DOES_NOT_SET_LEVEL,QUANT_SIGNAL_AVAILABLE_NOT_YET_COMPOSITE_SCORED,https://github.com/hermitdave/FrequencyWords/blob/master/content/2018/es/es_50k.txt,https://raw.githubusercontent.com/hermitdave/FrequencyWords/refs/heads/master/content/2018/es/es_50k.txt,Full continuous top-50k exact surface sweep completed on 2026-09-04. Frequency is quantitative evidence only and does not set CEFR level.,1.32
12B1-ATOM-0298,ir,ATOMIC_SURFACE_FORM,CORP-18,FrequencyWords / OpenSubtitles2018 Spanish 50k,FrequencyWords content/2018/es/es_50k.txt (OpenSubtitles2018-derived),SURFACE_SUBTITLE_OCCURRENCE_COUNT_AND_RANK,MEASURED_EXACT_SURFACE,411198,128,FOUND_TOP50K,EXACT_CASE_SENSITIVE_SURFACE_TOKEN,2026-09-04,,,,,NONE_OR_NOT_ANNOTATED_IN_THIS_PASS,FULL_TOP50K_EXACT_LOOKUP_50000,,NOT_CALCULATED_DENOMINATOR_NOT_FIXED,SUBTITLE_AUDIOVISUAL,2018,OpenSubtitles2018 via FrequencyWords processing,CC BY-SA 4.0 content,ALLOWED_WITH_ATTRIBUTION_AND_SHAREALIKE_BOUNDARY,NONE_FREQUENCY_DOES_NOT_SET_LEVEL,QUANT_SIGNAL_AVAILABLE_NOT_YET_COMPOSITE_SCORED,https://github.com/hermitdave/FrequencyWords/blob/master/content/2018/es/es_50k.txt,https://raw.githubusercontent.com/hermitdave/FrequencyWords/refs/heads/master/content/2018/es/es_50k.txt,Full continuous top-50k exact surface sweep completed on 2026-09-04. Frequency is quantitative evidence only and does not set CEFR level.,1.32
12B1-ATOM-0299,jabón,ATOMIC_SURFACE_FORM,CORP-18,FrequencyWords / OpenSubtitles2018 Spanish 50k,FrequencyWords content/2018/es/es_50k.txt (OpenSubtitles2018-derived),SURFACE_SUBTITLE_OCCURRENCE_COUNT_AND_RANK,MEASURED_EXACT_SURFACE,4351,6134,FOUND_TOP50K,EXACT_CASE_SENSITIVE_SURFACE_TOKEN,2026-09-04,,,,,NONE_OR_NOT_ANNOTATED_IN_THIS_PASS,FULL_TOP50K_EXACT_LOOKUP_50000,,NOT_CALCULATED_DENOMINATOR_NOT_FIXED,SUBTITLE_AUDIOVISUAL,2018,OpenSubtitles2018 via FrequencyWords processing,CC BY-SA 4.0 content,ALLOWED_WITH_ATTRIBUTION_AND_SHAREALIKE_BOUNDARY,NONE_FREQUENCY_DOES_NOT_SET_LEVEL,QUANT_SIGNAL_AVAILABLE_NOT_YET_COMPOSITE_SCORED,https://github.com/hermitdave/FrequencyWords/blob/master/content/2018/es/es_50k.txt,https://raw.githubusercontent.com/hermitdave/FrequencyWords/refs/heads/master/content/2018/es/es_50k.txt,Full continuous top-50k exact surface sweep completed on 2026-09-04. Frequency is quantitative evidence only and does not set CEFR level.,1.32
12B1-ATOM-0300,japonés,ATOMIC_SURFACE_FORM,CORP-18,FrequencyWords / OpenSubtitles2018 Spanish 50k,FrequencyWords content/2018/es/es_50k.txt (OpenSubtitles2018-derived),SURFACE_SUBTITLE_OCCURRENCE_COUNT_AND_RANK,MEASURED_EXACT_SURFACE,5422,5160,FOUND_TOP50K,EXACT_CASE_SENSITIVE_SURFACE_TOKEN,2026-09-04,,,,,NONE_OR_NOT_ANNOTATED_IN_THIS_PASS,FULL_TOP50K_EXACT_LOOKUP_50000,,NOT_CALCULATED_DENOMINATOR_NOT_FIXED,SUBTITLE_AUDIOVISUAL,2018,OpenSubtitles2018 via FrequencyWords processing,CC BY-SA 4.0 content,ALLOWED_WITH_ATTRIBUTION_AND_SHAREALIKE_BOUNDARY,NONE_FREQUENCY_DOES_NOT_SET_LEVEL,QUANT_SIGNAL_AVAILABLE_NOT_YET_COMPOSITE_SCORED,https://github.com/hermitdave/FrequencyWords/blob/master/content/2018/es/es_50k.txt,https://raw.githubusercontent.com/hermitdave/FrequencyWords/refs/heads/master/content/2018/es/es_50k.txt,Full continuous top-50k exact surface sweep completed on 2026-09-04. Frequency is quantitative evidence only and does not set CEFR level.,1.32
12B1-ATOM-0301,jardín,ATOMIC_SURFACE_FORM,CORP-18,FrequencyWords / OpenSubtitles2018 Spanish 50k,FrequencyWords content/2018/es/es_50k.txt (OpenSubtitles2018-derived),SURFACE_SUBTITLE_OCCURRENCE_COUNT_AND_RANK,MEASURED_EXACT_SURFACE,18576,1829,FOUND_TOP50K,EXACT_CASE_SENSITIVE_SURFACE_TOKEN,2026-09-04,,,,,NONE_OR_NOT_ANNOTATED_IN_THIS_PASS,FULL_TOP50K_EXACT_LOOKUP_50000,,NOT_CALCULATED_DENOMINATOR_NOT_FIXED,SUBTITLE_AUDIOVISUAL,2018,OpenSubtitles2018 via FrequencyWords processing,CC BY-SA 4.0 content,ALLOWED_WITH_ATTRIBUTION_AND_SHAREALIKE_BOUNDARY,NONE_FREQUENCY_DOES_NOT_SET_LEVEL,QUANT_SIGNAL_AVAILABLE_NOT_YET_COMPOSITE_SCORED,https://github.com/hermitdave/FrequencyWords/blob/master/content/2018/es/es_50k.txt,https://raw.githubusercontent.com/hermitdave/FrequencyWords/refs/heads/master/content/2018/es/es_50k.txt,Full continuous top-50k exact surface sweep completed on 2026-09-04. Frequency is quantitative evidence only and does not set CEFR level.,1.32
12B1-ATOM-0302,jefe,ATOMIC_SURFACE_FORM,CORP-18,FrequencyWords / OpenSubtitles2018 Spanish 50k,FrequencyWords content/2018/es/es_50k.txt (OpenSubtitles2018-derived),SURFACE_SUBTITLE_OCCURRENCE_COUNT_AND_RANK,MEASURED_EXACT_SURFACE,118458,357,FOUND_TOP50K,EXACT_CASE_SENSITIVE_SURFACE_TOKEN,2026-09-04,,,,,NONE_OR_NOT_ANNOTATED_IN_THIS_PASS,FULL_TOP50K_EXACT_LOOKUP_50000,,NOT_CALCULATED_DENOMINATOR_NOT_FIXED,SUBTITLE_AUDIOVISUAL,2018,OpenSubtitles2018 via FrequencyWords processing,CC BY-SA 4.0 content,ALLOWED_WITH_ATTRIBUTION_AND_SHAREALIKE_BOUNDARY,NONE_FREQUENCY_DOES_NOT_SET_LEVEL,QUANT_SIGNAL_AVAILABLE_NOT_YET_COMPOSITE_SCORED,https://github.com/hermitdave/FrequencyWords/blob/master/content/2018/es/es_50k.txt,https://raw.githubusercontent.com/hermitdave/FrequencyWords/refs/heads/master/content/2018/es/es_50k.txt,Full continuous top-50k exact surface sweep completed on 2026-09-04. Frequency is quantitative evidence only and does not set CEFR level.,1.32
12B1-ATOM-0303,jersey,ATOMIC_SURFACE_FORM,CORP-18,FrequencyWords / OpenSubtitles2018 Spanish 50k,FrequencyWords content/2018/es/es_50k.txt (OpenSubtitles2018-derived),SURFACE_SUBTITLE_OCCURRENCE_COUNT_AND_RANK,MEASURED_EXACT_SURFACE,7662,3895,FOUND_TOP50K,EXACT_CASE_SENSITIVE_SURFACE_TOKEN,2026-09-04,,,,,NONE_OR_NOT_ANNOTATED_IN_THIS_PASS,FULL_TOP50K_EXACT_LOOKUP_50000,,NOT_CALCULATED_DENOMINATOR_NOT_FIXED,SUBTITLE_AUDIOVISUAL,2018,OpenSubtitles2018 via FrequencyWords processing,CC BY-SA 4.0 content,ALLOWED_WITH_ATTRIBUTION_AND_SHAREALIKE_BOUNDARY,NONE_FREQUENCY_DOES_NOT_SET_LEVEL,QUANT_SIGNAL_AVAILABLE_NOT_YET_COMPOSITE_SCORED,https://github.com/hermitdave/FrequencyWords/blob/master/content/2018/es/es_50k.txt,https://raw.githubusercontent.com/hermitdave/FrequencyWords/refs/heads/master/content/2018/es/es_50k.txt,Full continuous top-50k exact surface sweep completed on 2026-09-04. Frequency is quantitative evidence only and does not set CEFR level.,1.32
12B1-ATOM-0304,joven,ATOMIC_SURFACE_FORM,CORP-18,FrequencyWords / OpenSubtitles2018 Spanish 50k,FrequencyWords content/2018/es/es_50k.txt (OpenSubtitles2018-derived),SURFACE_SUBTITLE_OCCURRENCE_COUNT_AND_RANK,MEASURED_EXACT_SURFACE,82919,506,FOUND_TOP50K,EXACT_CASE_SENSITIVE_SURFACE_TOKEN,2026-09-04,,,,,NONE_OR_NOT_ANNOTATED_IN_THIS_PASS,FULL_TOP50K_EXACT_LOOKUP_50000,,NOT_CALCULATED_DENOMINATOR_NOT_FIXED,SUBTITLE_AUDIOVISUAL,2018,OpenSubtitles2018 via FrequencyWords processing,CC BY-SA 4.0 content,ALLOWED_WITH_ATTRIBUTION_AND_SHAREALIKE_BOUNDARY,NONE_FREQUENCY_DOES_NOT_SET_LEVEL,QUANT_SIGNAL_AVAILABLE_NOT_YET_COMPOSITE_SCORED,https://github.com/hermitdave/FrequencyWords/blob/master/content/2018/es/es_50k.txt,https://raw.githubusercontent.com/hermitdave/FrequencyWords/refs/heads/master/content/2018/es/es_50k.txt,Full continuous top-50k exact surface sweep completed on 2026-09-04. Frequency is quantitative evidence only and does not set CEFR level.,1.32
12B1-ATOM-0305,judío,ATOMIC_SURFACE_FORM,CORP-18,FrequencyWords / OpenSubtitles2018 Spanish 50k,FrequencyWords content/2018/es/es_50k.txt (OpenSubtitles2018-derived),SURFACE_SUBTITLE_OCCURRENCE_COUNT_AND_RANK,MEASURED_EXACT_SURFACE,8643,3535,FOUND_TOP50K,EXACT_CASE_SENSITIVE_SURFACE_TOKEN,2026-09-04,,,,,NONE_OR_NOT_ANNOTATED_IN_THIS_PASS,FULL_TOP50K_EXACT_LOOKUP_50000,,NOT_CALCULATED_DENOMINATOR_NOT_FIXED,SUBTITLE_AUDIOVISUAL,2018,OpenSubtitles2018 via FrequencyWords processing,CC BY-SA 4.0 content,ALLOWED_WITH_ATTRIBUTION_AND_SHAREALIKE_BOUNDARY,NONE_FREQUENCY_DOES_NOT_SET_LEVEL,QUANT_SIGNAL_AVAILABLE_NOT_YET_COMPOSITE_SCORED,https://github.com/hermitdave/FrequencyWords/blob/master/content/2018/es/es_50k.txt,https://raw.githubusercontent.com/hermitdave/FrequencyWords/refs/heads/master/content/2018/es/es_50k.txt,Full continuous top-50k exact surface sweep completed on 2026-09-04. Frequency is quantitative evidence only and does not set CEFR level.,1.32
12B1-ATOM-0306,juego,ATOMIC_SURFACE_FORM,CORP-18,FrequencyWords / OpenSubtitles2018 Spanish 50k,FrequencyWords content/2018/es/es_50k.txt (OpenSubtitles2018-derived),SURFACE_SUBTITLE_OCCURRENCE_COUNT_AND_RANK,MEASURED_EXACT_SURFACE,99041,433,FOUND_TOP50K,EXACT_CASE_SENSITIVE_SURFACE_TOKEN,2026-09-04,,,,,NONE_OR_NOT_ANNOTATED_IN_THIS_PASS,FULL_TOP50K_EXACT_LOOKUP_50000,,NOT_CALCULATED_DENOMINATOR_NOT_FIXED,SUBTITLE_AUDIOVISUAL,2018,OpenSubtitles2018 via FrequencyWords processing,CC BY-SA 4.0 content,ALLOWED_WITH_ATTRIBUTION_AND_SHAREALIKE_BOUNDARY,NONE_FREQUENCY_DOES_NOT_SET_LEVEL,QUANT_SIGNAL_AVAILABLE_NOT_YET_COMPOSITE_SCORED,https://github.com/hermitdave/FrequencyWords/blob/master/content/2018/es/es_50k.txt,https://raw.githubusercontent.com/hermitdave/FrequencyWords/refs/heads/master/content/2018/es/es_50k.txt,Full continuous top-50k exact surface sweep completed on 2026-09-04. Frequency is quantitative evidence only and does not set CEFR level.,1.32
12B1-ATOM-0307,jugar,ATOMIC_SURFACE_FORM,CORP-18,FrequencyWords / OpenSubtitles2018 Spanish 50k,FrequencyWords content/2018/es/es_50k.txt (OpenSubtitles2018-derived),SURFACE_SUBTITLE_OCCURRENCE_COUNT_AND_RANK,MEASURED_EXACT_SURFACE,62132,639,FOUND_TOP50K,EXACT_CASE_SENSITIVE_SURFACE_TOKEN,2026-09-04,,,,,NONE_OR_NOT_ANNOTATED_IN_THIS_PASS,FULL_TOP50K_EXACT_LOOKUP_50000,,NOT_CALCULATED_DENOMINATOR_NOT_FIXED,SUBTITLE_AUDIOVISUAL,2018,OpenSubtitles2018 via FrequencyWords processing,CC BY-SA 4.0 content,ALLOWED_WITH_ATTRIBUTION_AND_SHAREALIKE_BOUNDARY,NONE_FREQUENCY_DOES_NOT_SET_LEVEL,QUANT_SIGNAL_AVAILABLE_NOT_YET_COMPOSITE_SCORED,https://github.com/hermitdave/FrequencyWords/blob/master/content/2018/es/es_50k.txt,https://raw.githubusercontent.com/hermitdave/FrequencyWords/refs/heads/master/content/2018/es/es_50k.txt,Full continuous top-50k exact surface sweep completed on 2026-09-04. Frequency is quantitative evidence only and does not set CEFR level.,1.32
12B1-ATOM-0308,kilómetro,ATOMIC_SURFACE_FORM,CORP-18,FrequencyWords / OpenSubtitles2018 Spanish 50k,FrequencyWords content/2018/es/es_50k.txt (OpenSubtitles2018-derived),SURFACE_SUBTITLE_OCCURRENCE_COUNT_AND_RANK,MEASURED_EXACT_SURFACE,2316,9950,FOUND_TOP50K,EXACT_CASE_SENSITIVE_SURFACE_TOKEN,2026-09-04,,,,,NONE_OR_NOT_ANNOTATED_IN_THIS_PASS,FULL_TOP50K_EXACT_LOOKUP_50000,,NOT_CALCULATED_DENOMINATOR_NOT_FIXED,SUBTITLE_AUDIOVISUAL,2018,OpenSubtitles2018 via FrequencyWords processing,CC BY-SA 4.0 content,ALLOWED_WITH_ATTRIBUTION_AND_SHAREALIKE_BOUNDARY,NONE_FREQUENCY_DOES_NOT_SET_LEVEL,QUANT_SIGNAL_AVAILABLE_NOT_YET_COMPOSITE_SCORED,https://github.com/hermitdave/FrequencyWords/blob/master/content/2018/es/es_50k.txt,https://raw.githubusercontent.com/hermitdave/FrequencyWords/refs/heads/master/content/2018/es/es_50k.txt,Full continuous top-50k exact surface sweep completed on 2026-09-04. Frequency is quantitative evidence only and does not set CEFR level.,1.32
12B1-ATOM-0309,la,ATOMIC_SURFACE_FORM,CORP-18,FrequencyWords / OpenSubtitles2018 Spanish 50k,FrequencyWords content/2018/es/es_50k.txt (OpenSubtitles2018-derived),SURFACE_SUBTITLE_OCCURRENCE_COUNT_AND_RANK,MEASURED_EXACT_SURFACE,9125471,5,FOUND_TOP50K,EXACT_CASE_SENSITIVE_SURFACE_TOKEN,2026-09-04,,,,,NONE_OR_NOT_ANNOTATED_IN_THIS_PASS,FULL_TOP50K_EXACT_LOOKUP_50000,,NOT_CALCULATED_DENOMINATOR_NOT_FIXED,SUBTITLE_AUDIOVISUAL,2018,OpenSubtitles2018 via FrequencyWords processing,CC BY-SA 4.0 content,ALLOWED_WITH_ATTRIBUTION_AND_SHAREALIKE_BOUNDARY,NONE_FREQUENCY_DOES_NOT_SET_LEVEL,QUANT_SIGNAL_AVAILABLE_NOT_YET_COMPOSITE_SCORED,https://github.com/hermitdave/FrequencyWords/blob/master/content/2018/es/es_50k.txt,https://raw.githubusercontent.com/hermitdave/FrequencyWords/refs/heads/master/content/2018/es/es_50k.txt,Full continuous top-50k exact surface sweep completed on 2026-09-04. Frequency is quantitative evidence only and does not set CEFR level.,1.32
12B1-ATOM-0310,largo,ATOMIC_SURFACE_FORM,CORP-18,FrequencyWords / OpenSubtitles2018 Spanish 50k,FrequencyWords content/2018/es/es_50k.txt (OpenSubtitles2018-derived),SURFACE_SUBTITLE_OCCURRENCE_COUNT_AND_RANK,MEASURED_EXACT_SURFACE,53833,709,FOUND_TOP50K,EXACT_CASE_SENSITIVE_SURFACE_TOKEN,2026-09-04,,,,,NONE_OR_NOT_ANNOTATED_IN_THIS_PASS,FULL_TOP50K_EXACT_LOOKUP_50000,,NOT_CALCULATED_DENOMINATOR_NOT_FIXED,SUBTITLE_AUDIOVISUAL,2018,OpenSubtitles2018 via FrequencyWords processing,CC BY-SA 4.0 content,ALLOWED_WITH_ATTRIBUTION_AND_SHAREALIKE_BOUNDARY,NONE_FREQUENCY_DOES_NOT_SET_LEVEL,QUANT_SIGNAL_AVAILABLE_NOT_YET_COMPOSITE_SCORED,https://github.com/hermitdave/FrequencyWords/blob/master/content/2018/es/es_50k.txt,https://raw.githubusercontent.com/hermitdave/FrequencyWords/refs/heads/master/content/2018/es/es_50k.txt,Full continuous top-50k exact surface sweep completed on 2026-09-04. Frequency is quantitative evidence only and does not set CEFR level.,1.32
12B1-ATOM-0311,las,ATOMIC_SURFACE_FORM,CORP-18,FrequencyWords / OpenSubtitles2018 Spanish 50k,FrequencyWords content/2018/es/es_50k.txt (OpenSubtitles2018-derived),SURFACE_SUBTITLE_OCCURRENCE_COUNT_AND_RANK,MEASURED_EXACT_SURFACE,2001203,29,FOUND_TOP50K,EXACT_CASE_SENSITIVE_SURFACE_TOKEN,2026-09-04,,,,,NONE_OR_NOT_ANNOTATED_IN_THIS_PASS,FULL_TOP50K_EXACT_LOOKUP_50000,,NOT_CALCULATED_DENOMINATOR_NOT_FIXED,SUBTITLE_AUDIOVISUAL,2018,OpenSubtitles2018 via FrequencyWords processing,CC BY-SA 4.0 content,ALLOWED_WITH_ATTRIBUTION_AND_SHAREALIKE_BOUNDARY,NONE_FREQUENCY_DOES_NOT_SET_LEVEL,QUANT_SIGNAL_AVAILABLE_NOT_YET_COMPOSITE_SCORED,https://github.com/hermitdave/FrequencyWords/blob/master/content/2018/es/es_50k.txt,https://raw.githubusercontent.com/hermitdave/FrequencyWords/refs/heads/master/content/2018/es/es_50k.txt,Full continuous top-50k exact surface sweep completed on 2026-09-04. Frequency is quantitative evidence only and does not set CEFR level.,1.32
12B1-ATOM-0312,lavabo,ATOMIC_SURFACE_FORM,CORP-18,FrequencyWords / OpenSubtitles2018 Spanish 50k,FrequencyWords content/2018/es/es_50k.txt (OpenSubtitles2018-derived),SURFACE_SUBTITLE_OCCURRENCE_COUNT_AND_RANK,MEASURED_EXACT_SURFACE,2154,10469,FOUND_TOP50K,EXACT_CASE_SENSITIVE_SURFACE_TOKEN,2026-09-04,,,,,NONE_OR_NOT_ANNOTATED_IN_THIS_PASS,FULL_TOP50K_EXACT_LOOKUP_50000,,NOT_CALCULATED_DENOMINATOR_NOT_FIXED,SUBTITLE_AUDIOVISUAL,2018,OpenSubtitles2018 via FrequencyWords processing,CC BY-SA 4.0 content,ALLOWED_WITH_ATTRIBUTION_AND_SHAREALIKE_BOUNDARY,NONE_FREQUENCY_DOES_NOT_SET_LEVEL,QUANT_SIGNAL_AVAILABLE_NOT_YET_COMPOSITE_SCORED,https://github.com/hermitdave/FrequencyWords/blob/master/content/2018/es/es_50k.txt,https://raw.githubusercontent.com/hermitdave/FrequencyWords/refs/heads/master/content/2018/es/es_50k.txt,Full continuous top-50k exact surface sweep completed on 2026-09-04. Frequency is quantitative evidence only and does not set CEFR level.,1.32
12B1-ATOM-0313,lavarse,ATOMIC_SURFACE_FORM,CORP-18,FrequencyWords / OpenSubtitles2018 Spanish 50k,FrequencyWords content/2018/es/es_50k.txt (OpenSubtitles2018-derived),SURFACE_SUBTITLE_OCCURRENCE_COUNT_AND_RANK,MEASURED_EXACT_SURFACE,1034,17398,FOUND_TOP50K,EXACT_CASE_SENSITIVE_SURFACE_TOKEN,2026-09-04,,,,,NONE_OR_NOT_ANNOTATED_IN_THIS_PASS,FULL_TOP50K_EXACT_LOOKUP_50000,,NOT_CALCULATED_DENOMINATOR_NOT_FIXED,SUBTITLE_AUDIOVISUAL,2018,OpenSubtitles2018 via FrequencyWords processing,CC BY-SA 4.0 content,ALLOWED_WITH_ATTRIBUTION_AND_SHAREALIKE_BOUNDARY,NONE_FREQUENCY_DOES_NOT_SET_LEVEL,QUANT_SIGNAL_AVAILABLE_NOT_YET_COMPOSITE_SCORED,https://github.com/hermitdave/FrequencyWords/blob/master/content/2018/es/es_50k.txt,https://raw.githubusercontent.com/hermitdave/FrequencyWords/refs/heads/master/content/2018/es/es_50k.txt,Full continuous top-50k exact surface sweep completed on 2026-09-04. Frequency is quantitative evidence only and does not set CEFR level.,1.32
12B1-ATOM-0314,lección,ATOMIC_SURFACE_FORM,CORP-18,FrequencyWords / OpenSubtitles2018 Spanish 50k,FrequencyWords content/2018/es/es_50k.txt (OpenSubtitles2018-derived),SURFACE_SUBTITLE_OCCURRENCE_COUNT_AND_RANK,MEASURED_EXACT_SURFACE,13437,2429,FOUND_TOP50K,EXACT_CASE_SENSITIVE_SURFACE_TOKEN,2026-09-04,,,,,NONE_OR_NOT_ANNOTATED_IN_THIS_PASS,FULL_TOP50K_EXACT_LOOKUP_50000,,NOT_CALCULATED_DENOMINATOR_NOT_FIXED,SUBTITLE_AUDIOVISUAL,2018,OpenSubtitles2018 via FrequencyWords processing,CC BY-SA 4.0 content,ALLOWED_WITH_ATTRIBUTION_AND_SHAREALIKE_BOUNDARY,NONE_FREQUENCY_DOES_NOT_SET_LEVEL,QUANT_SIGNAL_AVAILABLE_NOT_YET_COMPOSITE_SCORED,https://github.com/hermitdave/FrequencyWords/blob/master/content/2018/es/es_50k.txt,https://raw.githubusercontent.com/hermitdave/FrequencyWords/refs/heads/master/content/2018/es/es_50k.txt,Full continuous top-50k exact surface sweep completed on 2026-09-04. Frequency is quantitative evidence only and does not set CEFR level.,1.32
12B1-ATOM-0315,leche,ATOMIC_SURFACE_FORM,CORP-18,FrequencyWords / OpenSubtitles2018 Spanish 50k,FrequencyWords content/2018/es/es_50k.txt (OpenSubtitles2018-derived),SURFACE_SUBTITLE_OCCURRENCE_COUNT_AND_RANK,MEASURED_EXACT_SURFACE,23267,1495,FOUND_TOP50K,EXACT_CASE_SENSITIVE_SURFACE_TOKEN,2026-09-04,,,,,NONE_OR_NOT_ANNOTATED_IN_THIS_PASS,FULL_TOP50K_EXACT_LOOKUP_50000,,NOT_CALCULATED_DENOMINATOR_NOT_FIXED,SUBTITLE_AUDIOVISUAL,2018,OpenSubtitles2018 via FrequencyWords processing,CC BY-SA 4.0 content,ALLOWED_WITH_ATTRIBUTION_AND_SHAREALIKE_BOUNDARY,NONE_FREQUENCY_DOES_NOT_SET_LEVEL,QUANT_SIGNAL_AVAILABLE_NOT_YET_COMPOSITE_SCORED,https://github.com/hermitdave/FrequencyWords/blob/master/content/2018/es/es_50k.txt,https://raw.githubusercontent.com/hermitdave/FrequencyWords/refs/heads/master/content/2018/es/es_50k.txt,Full continuous top-50k exact surface sweep completed on 2026-09-04. Frequency is quantitative evidence only and does not set CEFR level.,1.32
12B1-ATOM-0316,leer,ATOMIC_SURFACE_FORM,CORP-18,FrequencyWords / OpenSubtitles2018 Spanish 50k,FrequencyWords content/2018/es/es_50k.txt (OpenSubtitles2018-derived),SURFACE_SUBTITLE_OCCURRENCE_COUNT_AND_RANK,MEASURED_EXACT_SURFACE,30383,1171,FOUND_TOP50K,EXACT_CASE_SENSITIVE_SURFACE_TOKEN,2026-09-04,,,,,NONE_OR_NOT_ANNOTATED_IN_THIS_PASS,FULL_TOP50K_EXACT_LOOKUP_50000,,NOT_CALCULATED_DENOMINATOR_NOT_FIXED,SUBTITLE_AUDIOVISUAL,2018,OpenSubtitles2018 via FrequencyWords processing,CC BY-SA 4.0 content,ALLOWED_WITH_ATTRIBUTION_AND_SHAREALIKE_BOUNDARY,NONE_FREQUENCY_DOES_NOT_SET_LEVEL,QUANT_SIGNAL_AVAILABLE_NOT_YET_COMPOSITE_SCORED,https://github.com/hermitdave/FrequencyWords/blob/master/content/2018/es/es_50k.txt,https://raw.githubusercontent.com/hermitdave/FrequencyWords/refs/heads/master/content/2018/es/es_50k.txt,Full continuous top-50k exact surface sweep completed on 2026-09-04. Frequency is quantitative evidence only and does not set CEFR level.,1.32
12B1-ATOM-0317,lejos,ATOMIC_SURFACE_FORM,CORP-18,FrequencyWords / OpenSubtitles2018 Spanish 50k,FrequencyWords content/2018/es/es_50k.txt (OpenSubtitles2018-derived),SURFACE_SUBTITLE_OCCURRENCE_COUNT_AND_RANK,MEASURED_EXACT_SURFACE,79091,523,FOUND_TOP50K,EXACT_CASE_SENSITIVE_SURFACE_TOKEN,2026-09-04,,,,,NONE_OR_NOT_ANNOTATED_IN_THIS_PASS,FULL_TOP50K_EXACT_LOOKUP_50000,,NOT_CALCULATED_DENOMINATOR_NOT_FIXED,SUBTITLE_AUDIOVISUAL,2018,OpenSubtitles2018 via FrequencyWords processing,CC BY-SA 4.0 content,ALLOWED_WITH_ATTRIBUTION_AND_SHAREALIKE_BOUNDARY,NONE_FREQUENCY_DOES_NOT_SET_LEVEL,QUANT_SIGNAL_AVAILABLE_NOT_YET_COMPOSITE_SCORED,https://github.com/hermitdave/FrequencyWords/blob/master/content/2018/es/es_50k.txt,https://raw.githubusercontent.com/hermitdave/FrequencyWords/refs/heads/master/content/2018/es/es_50k.txt,Full continuous top-50k exact surface sweep completed on 2026-09-04. Frequency is quantitative evidence only and does not set CEFR level.,1.32
12B1-ATOM-0318,lento,ATOMIC_SURFACE_FORM,CORP-18,FrequencyWords / OpenSubtitles2018 Spanish 50k,FrequencyWords content/2018/es/es_50k.txt (OpenSubtitles2018-derived),SURFACE_SUBTITLE_OCCURRENCE_COUNT_AND_RANK,MEASURED_EXACT_SURFACE,10257,3076,FOUND_TOP50K,EXACT_CASE_SENSITIVE_SURFACE_TOKEN,2026-09-04,,,,,NONE_OR_NOT_ANNOTATED_IN_THIS_PASS,FULL_TOP50K_EXACT_LOOKUP_50000,,NOT_CALCULATED_DENOMINATOR_NOT_FIXED,SUBTITLE_AUDIOVISUAL,2018,OpenSubtitles2018 via FrequencyWords processing,CC BY-SA 4.0 content,ALLOWED_WITH_ATTRIBUTION_AND_SHAREALIKE_BOUNDARY,NONE_FREQUENCY_DOES_NOT_SET_LEVEL,QUANT_SIGNAL_AVAILABLE_NOT_YET_COMPOSITE_SCORED,https://github.com/hermitdave/FrequencyWords/blob/master/content/2018/es/es_50k.txt,https://raw.githubusercontent.com/hermitdave/FrequencyWords/refs/heads/master/content/2018/es/es_50k.txt,Full continuous top-50k exact surface sweep completed on 2026-09-04. Frequency is quantitative evidence only and does not set CEFR level.,1.32
12B1-ATOM-0319,levantarse,ATOMIC_SURFACE_FORM,CORP-18,FrequencyWords / OpenSubtitles2018 Spanish 50k,FrequencyWords content/2018/es/es_50k.txt (OpenSubtitles2018-derived),SURFACE_SUBTITLE_OCCURRENCE_COUNT_AND_RANK,MEASURED_EXACT_SURFACE,4356,6129,FOUND_TOP50K,EXACT_CASE_SENSITIVE_SURFACE_TOKEN,2026-09-04,,,,,NONE_OR_NOT_ANNOTATED_IN_THIS_PASS,FULL_TOP50K_EXACT_LOOKUP_50000,,NOT_CALCULATED_DENOMINATOR_NOT_FIXED,SUBTITLE_AUDIOVISUAL,2018,OpenSubtitles2018 via FrequencyWords processing,CC BY-SA 4.0 content,ALLOWED_WITH_ATTRIBUTION_AND_SHAREALIKE_BOUNDARY,NONE_FREQUENCY_DOES_NOT_SET_LEVEL,QUANT_SIGNAL_AVAILABLE_NOT_YET_COMPOSITE_SCORED,https://github.com/hermitdave/FrequencyWords/blob/master/content/2018/es/es_50k.txt,https://raw.githubusercontent.com/hermitdave/FrequencyWords/refs/heads/master/content/2018/es/es_50k.txt,Full continuous top-50k exact surface sweep completed on 2026-09-04. Frequency is quantitative evidence only and does not set CEFR level.,1.32
12B1-ATOM-0320,libro,ATOMIC_SURFACE_FORM,CORP-18,FrequencyWords / OpenSubtitles2018 Spanish 50k,FrequencyWords content/2018/es/es_50k.txt (OpenSubtitles2018-derived),SURFACE_SUBTITLE_OCCURRENCE_COUNT_AND_RANK,MEASURED_EXACT_SURFACE,64445,612,FOUND_TOP50K,EXACT_CASE_SENSITIVE_SURFACE_TOKEN,2026-09-04,,,,,NONE_OR_NOT_ANNOTATED_IN_THIS_PASS,FULL_TOP50K_EXACT_LOOKUP_50000,,NOT_CALCULATED_DENOMINATOR_NOT_FIXED,SUBTITLE_AUDIOVISUAL,2018,OpenSubtitles2018 via FrequencyWords processing,CC BY-SA 4.0 content,ALLOWED_WITH_ATTRIBUTION_AND_SHAREALIKE_BOUNDARY,NONE_FREQUENCY_DOES_NOT_SET_LEVEL,QUANT_SIGNAL_AVAILABLE_NOT_YET_COMPOSITE_SCORED,https://github.com/hermitdave/FrequencyWords/blob/master/content/2018/es/es_50k.txt,https://raw.githubusercontent.com/hermitdave/FrequencyWords/refs/heads/master/content/2018/es/es_50k.txt,Full continuous top-50k exact surface sweep completed on 2026-09-04. Frequency is quantitative evidence only and does not set CEFR level.,1.32
12B1-ATOM-0321,lindo,ATOMIC_SURFACE_FORM,CORP-18,FrequencyWords / OpenSubtitles2018 Spanish 50k,FrequencyWords content/2018/es/es_50k.txt (OpenSubtitles2018-derived),SURFACE_SUBTITLE_OCCURRENCE_COUNT_AND_RANK,MEASURED_EXACT_SURFACE,35195,1035,FOUND_TOP50K,EXACT_CASE_SENSITIVE_SURFACE_TOKEN,2026-09-04,,,,,REGIONAL_VARIANT_ALREADY_PRESENT_PCIC,FULL_TOP50K_EXACT_LOOKUP_50000,,NOT_CALCULATED_DENOMINATOR_NOT_FIXED,SUBTITLE_AUDIOVISUAL,2018,OpenSubtitles2018 via FrequencyWords processing,CC BY-SA 4.0 content,ALLOWED_WITH_ATTRIBUTION_AND_SHAREALIKE_BOUNDARY,NONE_FREQUENCY_DOES_NOT_SET_LEVEL,QUANT_SIGNAL_AVAILABLE_NOT_YET_COMPOSITE_SCORED,https://github.com/hermitdave/FrequencyWords/blob/master/content/2018/es/es_50k.txt,https://raw.githubusercontent.com/hermitdave/FrequencyWords/refs/heads/master/content/2018/es/es_50k.txt,Full continuous top-50k exact surface sweep completed on 2026-09-04. Frequency is quantitative evidence only and does not set CEFR level.,1.32
12B1-ATOM-0322,llamarse,ATOMIC_SURFACE_FORM,CORP-18,FrequencyWords / OpenSubtitles2018 Spanish 50k,FrequencyWords content/2018/es/es_50k.txt (OpenSubtitles2018-derived),SURFACE_SUBTITLE_OCCURRENCE_COUNT_AND_RANK,MEASURED_EXACT_SURFACE,1401,14132,FOUND_TOP50K,EXACT_CASE_SENSITIVE_SURFACE_TOKEN,2026-09-04,,,,,NONE_OR_NOT_ANNOTATED_IN_THIS_PASS,FULL_TOP50K_EXACT_LOOKUP_50000,,NOT_CALCULATED_DENOMINATOR_NOT_FIXED,SUBTITLE_AUDIOVISUAL,2018,OpenSubtitles2018 via FrequencyWords processing,CC BY-SA 4.0 content,ALLOWED_WITH_ATTRIBUTION_AND_SHAREALIKE_BOUNDARY,NONE_FREQUENCY_DOES_NOT_SET_LEVEL,QUANT_SIGNAL_AVAILABLE_NOT_YET_COMPOSITE_SCORED,https://github.com/hermitdave/FrequencyWords/blob/master/content/2018/es/es_50k.txt,https://raw.githubusercontent.com/hermitdave/FrequencyWords/refs/heads/master/content/2018/es/es_50k.txt,Full continuous top-50k exact surface sweep completed on 2026-09-04. Frequency is quantitative evidence only and does not set CEFR level.,1.32
12B1-ATOM-0323,llave,ATOMIC_SURFACE_FORM,CORP-18,FrequencyWords / OpenSubtitles2018 Spanish 50k,FrequencyWords content/2018/es/es_50k.txt (OpenSubtitles2018-derived),SURFACE_SUBTITLE_OCCURRENCE_COUNT_AND_RANK,MEASURED_EXACT_SURFACE,31899,1131,FOUND_TOP50K,EXACT_CASE_SENSITIVE_SURFACE_TOKEN,2026-09-04,,,,,NONE_OR_NOT_ANNOTATED_IN_THIS_PASS,FULL_TOP50K_EXACT_LOOKUP_50000,,NOT_CALCULATED_DENOMINATOR_NOT_FIXED,SUBTITLE_AUDIOVISUAL,2018,OpenSubtitles2018 via FrequencyWords processing,CC BY-SA 4.0 content,ALLOWED_WITH_ATTRIBUTION_AND_SHAREALIKE_BOUNDARY,NONE_FREQUENCY_DOES_NOT_SET_LEVEL,QUANT_SIGNAL_AVAILABLE_NOT_YET_COMPOSITE_SCORED,https://github.com/hermitdave/FrequencyWords/blob/master/content/2018/es/es_50k.txt,https://raw.githubusercontent.com/hermitdave/FrequencyWords/refs/heads/master/content/2018/es/es_50k.txt,Full continuous top-50k exact surface sweep completed on 2026-09-04. Frequency is quantitative evidence only and does not set CEFR level.,1.32
12B1-ATOM-0324,llaves,ATOMIC_SURFACE_FORM,CORP-18,FrequencyWords / OpenSubtitles2018 Spanish 50k,FrequencyWords content/2018/es/es_50k.txt (OpenSubtitles2018-derived),SURFACE_SUBTITLE_OCCURRENCE_COUNT_AND_RANK,MEASURED_EXACT_SURFACE,24052,1440,FOUND_TOP50K,EXACT_CASE_SENSITIVE_SURFACE_TOKEN,2026-09-04,,,,,NONE_OR_NOT_ANNOTATED_IN_THIS_PASS,FULL_TOP50K_EXACT_LOOKUP_50000,,NOT_CALCULATED_DENOMINATOR_NOT_FIXED,SUBTITLE_AUDIOVISUAL,2018,OpenSubtitles2018 via FrequencyWords processing,CC BY-SA 4.0 content,ALLOWED_WITH_ATTRIBUTION_AND_SHAREALIKE_BOUNDARY,NONE_FREQUENCY_DOES_NOT_SET_LEVEL,QUANT_SIGNAL_AVAILABLE_NOT_YET_COMPOSITE_SCORED,https://github.com/hermitdave/FrequencyWords/blob/master/content/2018/es/es_50k.txt,https://raw.githubusercontent.com/hermitdave/FrequencyWords/refs/heads/master/content/2018/es/es_50k.txt,Full continuous top-50k exact surface sweep completed on 2026-09-04. Frequency is quantitative evidence only and does not set CEFR level.,1.32
12B1-ATOM-0325,llegar,ATOMIC_SURFACE_FORM,CORP-18,FrequencyWords / OpenSubtitles2018 Spanish 50k,FrequencyWords content/2018/es/es_50k.txt (OpenSubtitles2018-derived),SURFACE_SUBTITLE_OCCURRENCE_COUNT_AND_RANK,MEASURED_EXACT_SURFACE,105719,400,FOUND_TOP50K,EXACT_CASE_SENSITIVE_SURFACE_TOKEN,2026-09-04,,,,,NONE_OR_NOT_ANNOTATED_IN_THIS_PASS,FULL_TOP50K_EXACT_LOOKUP_50000,,NOT_CALCULATED_DENOMINATOR_NOT_FIXED,SUBTITLE_AUDIOVISUAL,2018,OpenSubtitles2018 via FrequencyWords processing,CC BY-SA 4.0 content,ALLOWED_WITH_ATTRIBUTION_AND_SHAREALIKE_BOUNDARY,NONE_FREQUENCY_DOES_NOT_SET_LEVEL,QUANT_SIGNAL_AVAILABLE_NOT_YET_COMPOSITE_SCORED,https://github.com/hermitdave/FrequencyWords/blob/master/content/2018/es/es_50k.txt,https://raw.githubusercontent.com/hermitdave/FrequencyWords/refs/heads/master/content/2018/es/es_50k.txt,Full continuous top-50k exact surface sweep completed on 2026-09-04. Frequency is quantitative evidence only and does not set CEFR level.,1.32
12B1-ATOM-0326,llevar,ATOMIC_SURFACE_FORM,CORP-18,FrequencyWords / OpenSubtitles2018 Spanish 50k,FrequencyWords content/2018/es/es_50k.txt (OpenSubtitles2018-derived),SURFACE_SUBTITLE_OCCURRENCE_COUNT_AND_RANK,MEASURED_EXACT_SURFACE,65446,602,FOUND_TOP50K,EXACT_CASE_SENSITIVE_SURFACE_TOKEN,2026-09-04,,,,,NONE_OR_NOT_ANNOTATED_IN_THIS_PASS,FULL_TOP50K_EXACT_LOOKUP_50000,,NOT_CALCULATED_DENOMINATOR_NOT_FIXED,SUBTITLE_AUDIOVISUAL,2018,OpenSubtitles2018 via FrequencyWords processing,CC BY-SA 4.0 content,ALLOWED_WITH_ATTRIBUTION_AND_SHAREALIKE_BOUNDARY,NONE_FREQUENCY_DOES_NOT_SET_LEVEL,QUANT_SIGNAL_AVAILABLE_NOT_YET_COMPOSITE_SCORED,https://github.com/hermitdave/FrequencyWords/blob/master/content/2018/es/es_50k.txt,https://raw.githubusercontent.com/hermitdave/FrequencyWords/refs/heads/master/content/2018/es/es_50k.txt,Full continuous top-50k exact surface sweep completed on 2026-09-04. Frequency is quantitative evidence only and does not set CEFR level.,1.32
12B1-ATOM-0327,llover,ATOMIC_SURFACE_FORM,CORP-18,FrequencyWords / OpenSubtitles2018 Spanish 50k,FrequencyWords content/2018/es/es_50k.txt (OpenSubtitles2018-derived),SURFACE_SUBTITLE_OCCURRENCE_COUNT_AND_RANK,MEASURED_EXACT_SURFACE,3179,7868,FOUND_TOP50K,EXACT_CASE_SENSITIVE_SURFACE_TOKEN,2026-09-04,,,,,NONE_OR_NOT_ANNOTATED_IN_THIS_PASS,FULL_TOP50K_EXACT_LOOKUP_50000,,NOT_CALCULATED_DENOMINATOR_NOT_FIXED,SUBTITLE_AUDIOVISUAL,2018,OpenSubtitles2018 via FrequencyWords processing,CC BY-SA 4.0 content,ALLOWED_WITH_ATTRIBUTION_AND_SHAREALIKE_BOUNDARY,NONE_FREQUENCY_DOES_NOT_SET_LEVEL,QUANT_SIGNAL_AVAILABLE_NOT_YET_COMPOSITE_SCORED,https://github.com/hermitdave/FrequencyWords/blob/master/content/2018/es/es_50k.txt,https://raw.githubusercontent.com/hermitdave/FrequencyWords/refs/heads/master/content/2018/es/es_50k.txt,Full continuous top-50k exact surface sweep completed on 2026-09-04. Frequency is quantitative evidence only and does not set CEFR level.,1.32
12B1-ATOM-0328,los,ATOMIC_SURFACE_FORM,CORP-18,FrequencyWords / OpenSubtitles2018 Spanish 50k,FrequencyWords content/2018/es/es_50k.txt (OpenSubtitles2018-derived),SURFACE_SUBTITLE_OCCURRENCE_COUNT_AND_RANK,MEASURED_EXACT_SURFACE,3069193,16,FOUND_TOP50K,EXACT_CASE_SENSITIVE_SURFACE_TOKEN,2026-09-04,,,,,NONE_OR_NOT_ANNOTATED_IN_THIS_PASS,FULL_TOP50K_EXACT_LOOKUP_50000,,NOT_CALCULATED_DENOMINATOR_NOT_FIXED,SUBTITLE_AUDIOVISUAL,2018,OpenSubtitles2018 via FrequencyWords processing,CC BY-SA 4.0 content,ALLOWED_WITH_ATTRIBUTION_AND_SHAREALIKE_BOUNDARY,NONE_FREQUENCY_DOES_NOT_SET_LEVEL,QUANT_SIGNAL_AVAILABLE_NOT_YET_COMPOSITE_SCORED,https://github.com/hermitdave/FrequencyWords/blob/master/content/2018/es/es_50k.txt,https://raw.githubusercontent.com/hermitdave/FrequencyWords/refs/heads/master/content/2018/es/es_50k.txt,Full continuous top-50k exact surface sweep completed on 2026-09-04. Frequency is quantitative evidence only and does not set CEFR level.,1.32
12B1-ATOM-0329,lugar,ATOMIC_SURFACE_FORM,CORP-18,FrequencyWords / OpenSubtitles2018 Spanish 50k,FrequencyWords content/2018/es/es_50k.txt (OpenSubtitles2018-derived),SURFACE_SUBTITLE_OCCURRENCE_COUNT_AND_RANK,MEASURED_EXACT_SURFACE,280315,177,FOUND_TOP50K,EXACT_CASE_SENSITIVE_SURFACE_TOKEN,2026-09-04,,,,,NONE_OR_NOT_ANNOTATED_IN_THIS_PASS,FULL_TOP50K_EXACT_LOOKUP_50000,,NOT_CALCULATED_DENOMINATOR_NOT_FIXED,SUBTITLE_AUDIOVISUAL,2018,OpenSubtitles2018 via FrequencyWords processing,CC BY-SA 4.0 content,ALLOWED_WITH_ATTRIBUTION_AND_SHAREALIKE_BOUNDARY,NONE_FREQUENCY_DOES_NOT_SET_LEVEL,QUANT_SIGNAL_AVAILABLE_NOT_YET_COMPOSITE_SCORED,https://github.com/hermitdave/FrequencyWords/blob/master/content/2018/es/es_50k.txt,https://raw.githubusercontent.com/hermitdave/FrequencyWords/refs/heads/master/content/2018/es/es_50k.txt,Full continuous top-50k exact surface sweep completed on 2026-09-04. Frequency is quantitative evidence only and does not set CEFR level.,1.32
12B1-ATOM-0330,lápiz,ATOMIC_SURFACE_FORM,CORP-18,FrequencyWords / OpenSubtitles2018 Spanish 50k,FrequencyWords content/2018/es/es_50k.txt (OpenSubtitles2018-derived),SURFACE_SUBTITLE_OCCURRENCE_COUNT_AND_RANK,MEASURED_EXACT_SURFACE,4979,5513,FOUND_TOP50K,EXACT_CASE_SENSITIVE_SURFACE_TOKEN,2026-09-04,,,,,NONE_OR_NOT_ANNOTATED_IN_THIS_PASS,FULL_TOP50K_EXACT_LOOKUP_50000,,NOT_CALCULATED_DENOMINATOR_NOT_FIXED,SUBTITLE_AUDIOVISUAL,2018,OpenSubtitles2018 via FrequencyWords processing,CC BY-SA 4.0 content,ALLOWED_WITH_ATTRIBUTION_AND_SHAREALIKE_BOUNDARY,NONE_FREQUENCY_DOES_NOT_SET_LEVEL,QUANT_SIGNAL_AVAILABLE_NOT_YET_COMPOSITE_SCORED,https://github.com/hermitdave/FrequencyWords/blob/master/content/2018/es/es_50k.txt,https://raw.githubusercontent.com/hermitdave/FrequencyWords/refs/heads/master/content/2018/es/es_50k.txt,Full continuous top-50k exact surface sweep completed on 2026-09-04. Frequency is quantitative evidence only and does not set CEFR level.,1.32
12B1-ATOM-0331,madre,ATOMIC_SURFACE_FORM,CORP-18,FrequencyWords / OpenSubtitles2018 Spanish 50k,FrequencyWords content/2018/es/es_50k.txt (OpenSubtitles2018-derived),SURFACE_SUBTITLE_OCCURRENCE_COUNT_AND_RANK,MEASURED_EXACT_SURFACE,281646,175,FOUND_TOP50K,EXACT_CASE_SENSITIVE_SURFACE_TOKEN,2026-09-04,,,,,NONE_OR_NOT_ANNOTATED_IN_THIS_PASS,FULL_TOP50K_EXACT_LOOKUP_50000,,NOT_CALCULATED_DENOMINATOR_NOT_FIXED,SUBTITLE_AUDIOVISUAL,2018,OpenSubtitles2018 via FrequencyWords processing,CC BY-SA 4.0 content,ALLOWED_WITH_ATTRIBUTION_AND_SHAREALIKE_BOUNDARY,NONE_FREQUENCY_DOES_NOT_SET_LEVEL,QUANT_SIGNAL_AVAILABLE_NOT_YET_COMPOSITE_SCORED,https://github.com/hermitdave/FrequencyWords/blob/master/content/2018/es/es_50k.txt,https://raw.githubusercontent.com/hermitdave/FrequencyWords/refs/heads/master/content/2018/es/es_50k.txt,Full continuous top-50k exact surface sweep completed on 2026-09-04. Frequency is quantitative evidence only and does not set CEFR level.,1.32
12B1-ATOM-0332,mal,ATOMIC_SURFACE_FORM,CORP-18,FrequencyWords / OpenSubtitles2018 Spanish 50k,FrequencyWords content/2018/es/es_50k.txt (OpenSubtitles2018-derived),SURFACE_SUBTITLE_OCCURRENCE_COUNT_AND_RANK,MEASURED_EXACT_SURFACE,220024,219,FOUND_TOP50K,EXACT_CASE_SENSITIVE_SURFACE_TOKEN,2026-09-04,,,,,NONE_OR_NOT_ANNOTATED_IN_THIS_PASS,FULL_TOP50K_EXACT_LOOKUP_50000,,NOT_CALCULATED_DENOMINATOR_NOT_FIXED,SUBTITLE_AUDIOVISUAL,2018,OpenSubtitles2018 via FrequencyWords processing,CC BY-SA 4.0 content,ALLOWED_WITH_ATTRIBUTION_AND_SHAREALIKE_BOUNDARY,NONE_FREQUENCY_DOES_NOT_SET_LEVEL,QUANT_SIGNAL_AVAILABLE_NOT_YET_COMPOSITE_SCORED,https://github.com/hermitdave/FrequencyWords/blob/master/content/2018/es/es_50k.txt,https://raw.githubusercontent.com/hermitdave/FrequencyWords/refs/heads/master/content/2018/es/es_50k.txt,Full continuous top-50k exact surface sweep completed on 2026-09-04. Frequency is quantitative evidence only and does not set CEFR level.,1.32
12B1-ATOM-0333,maleta,ATOMIC_SURFACE_FORM,CORP-18,FrequencyWords / OpenSubtitles2018 Spanish 50k,FrequencyWords content/2018/es/es_50k.txt (OpenSubtitles2018-derived),SURFACE_SUBTITLE_OCCURRENCE_COUNT_AND_RANK,MEASURED_EXACT_SURFACE,9572,3226,FOUND_TOP50K,EXACT_CASE_SENSITIVE_SURFACE_TOKEN,2026-09-04,,,,,NONE_OR_NOT_ANNOTATED_IN_THIS_PASS,FULL_TOP50K_EXACT_LOOKUP_50000,,NOT_CALCULATED_DENOMINATOR_NOT_FIXED,SUBTITLE_AUDIOVISUAL,2018,OpenSubtitles2018 via FrequencyWords processing,CC BY-SA 4.0 content,ALLOWED_WITH_ATTRIBUTION_AND_SHAREALIKE_BOUNDARY,NONE_FREQUENCY_DOES_NOT_SET_LEVEL,QUANT_SIGNAL_AVAILABLE_NOT_YET_COMPOSITE_SCORED,https://github.com/hermitdave/FrequencyWords/blob/master/content/2018/es/es_50k.txt,https://raw.githubusercontent.com/hermitdave/FrequencyWords/refs/heads/master/content/2018/es/es_50k.txt,Full continuous top-50k exact surface sweep completed on 2026-09-04. Frequency is quantitative evidence only and does not set CEFR level.,1.32
12B1-ATOM-0334,malo,ATOMIC_SURFACE_FORM,CORP-18,FrequencyWords / OpenSubtitles2018 Spanish 50k,FrequencyWords content/2018/es/es_50k.txt (OpenSubtitles2018-derived),SURFACE_SUBTITLE_OCCURRENCE_COUNT_AND_RANK,MEASURED_EXACT_SURFACE,88555,476,FOUND_TOP50K,EXACT_CASE_SENSITIVE_SURFACE_TOKEN,2026-09-04,,,,,NONE_OR_NOT_ANNOTATED_IN_THIS_PASS,FULL_TOP50K_EXACT_LOOKUP_50000,,NOT_CALCULATED_DENOMINATOR_NOT_FIXED,SUBTITLE_AUDIOVISUAL,2018,OpenSubtitles2018 via FrequencyWords processing,CC BY-SA 4.0 content,ALLOWED_WITH_ATTRIBUTION_AND_SHAREALIKE_BOUNDARY,NONE_FREQUENCY_DOES_NOT_SET_LEVEL,QUANT_SIGNAL_AVAILABLE_NOT_YET_COMPOSITE_SCORED,https://github.com/hermitdave/FrequencyWords/blob/master/content/2018/es/es_50k.txt,https://raw.githubusercontent.com/hermitdave/FrequencyWords/refs/heads/master/content/2018/es/es_50k.txt,Full continuous top-50k exact surface sweep completed on 2026-09-04. Frequency is quantitative evidence only and does not set CEFR level.,1.32
12B1-ATOM-0335,mano,ATOMIC_SURFACE_FORM,CORP-18,FrequencyWords / OpenSubtitles2018 Spanish 50k,FrequencyWords content/2018/es/es_50k.txt (OpenSubtitles2018-derived),SURFACE_SUBTITLE_OCCURRENCE_COUNT_AND_RANK,MEASURED_EXACT_SURFACE,112665,373,FOUND_TOP50K,EXACT_CASE_SENSITIVE_SURFACE_TOKEN,2026-09-04,,,,,NONE_OR_NOT_ANNOTATED_IN_THIS_PASS,FULL_TOP50K_EXACT_LOOKUP_50000,,NOT_CALCULATED_DENOMINATOR_NOT_FIXED,SUBTITLE_AUDIOVISUAL,2018,OpenSubtitles2018 via FrequencyWords processing,CC BY-SA 4.0 content,ALLOWED_WITH_ATTRIBUTION_AND_SHAREALIKE_BOUNDARY,NONE_FREQUENCY_DOES_NOT_SET_LEVEL,QUANT_SIGNAL_AVAILABLE_NOT_YET_COMPOSITE_SCORED,https://github.com/hermitdave/FrequencyWords/blob/master/content/2018/es/es_50k.txt,https://raw.githubusercontent.com/hermitdave/FrequencyWords/refs/heads/master/content/2018/es/es_50k.txt,Full continuous top-50k exact surface sweep completed on 2026-09-04. Frequency is quantitative evidence only and does not set CEFR level.,1.32
12B1-ATOM-0336,mapa,ATOMIC_SURFACE_FORM,CORP-18,FrequencyWords / OpenSubtitles2018 Spanish 50k,FrequencyWords content/2018/es/es_50k.txt (OpenSubtitles2018-derived),SURFACE_SUBTITLE_OCCURRENCE_COUNT_AND_RANK,MEASURED_EXACT_SURFACE,14760,2241,FOUND_TOP50K,EXACT_CASE_SENSITIVE_SURFACE_TOKEN,2026-09-04,,,,,NONE_OR_NOT_ANNOTATED_IN_THIS_PASS,FULL_TOP50K_EXACT_LOOKUP_50000,,NOT_CALCULATED_DENOMINATOR_NOT_FIXED,SUBTITLE_AUDIOVISUAL,2018,OpenSubtitles2018 via FrequencyWords processing,CC BY-SA 4.0 content,ALLOWED_WITH_ATTRIBUTION_AND_SHAREALIKE_BOUNDARY,NONE_FREQUENCY_DOES_NOT_SET_LEVEL,QUANT_SIGNAL_AVAILABLE_NOT_YET_COMPOSITE_SCORED,https://github.com/hermitdave/FrequencyWords/blob/master/content/2018/es/es_50k.txt,https://raw.githubusercontent.com/hermitdave/FrequencyWords/refs/heads/master/content/2018/es/es_50k.txt,Full continuous top-50k exact surface sweep completed on 2026-09-04. Frequency is quantitative evidence only and does not set CEFR level.,1.32
12B1-ATOM-0337,mar,ATOMIC_SURFACE_FORM,CORP-18,FrequencyWords / OpenSubtitles2018 Spanish 50k,FrequencyWords content/2018/es/es_50k.txt (OpenSubtitles2018-derived),SURFACE_SUBTITLE_OCCURRENCE_COUNT_AND_RANK,MEASURED_EXACT_SURFACE,35149,1036,FOUND_TOP50K,EXACT_CASE_SENSITIVE_SURFACE_TOKEN,2026-09-04,,,,,NONE_OR_NOT_ANNOTATED_IN_THIS_PASS,FULL_TOP50K_EXACT_LOOKUP_50000,,NOT_CALCULATED_DENOMINATOR_NOT_FIXED,SUBTITLE_AUDIOVISUAL,2018,OpenSubtitles2018 via FrequencyWords processing,CC BY-SA 4.0 content,ALLOWED_WITH_ATTRIBUTION_AND_SHAREALIKE_BOUNDARY,NONE_FREQUENCY_DOES_NOT_SET_LEVEL,QUANT_SIGNAL_AVAILABLE_NOT_YET_COMPOSITE_SCORED,https://github.com/hermitdave/FrequencyWords/blob/master/content/2018/es/es_50k.txt,https://raw.githubusercontent.com/hermitdave/FrequencyWords/refs/heads/master/content/2018/es/es_50k.txt,Full continuous top-50k exact surface sweep completed on 2026-09-04. Frequency is quantitative evidence only and does not set CEFR level.,1.32
12B1-ATOM-0338,marido,ATOMIC_SURFACE_FORM,CORP-18,FrequencyWords / OpenSubtitles2018 Spanish 50k,FrequencyWords content/2018/es/es_50k.txt (OpenSubtitles2018-derived),SURFACE_SUBTITLE_OCCURRENCE_COUNT_AND_RANK,MEASURED_EXACT_SURFACE,72210,562,FOUND_TOP50K,EXACT_CASE_SENSITIVE_SURFACE_TOKEN,2026-09-04,,,,,NONE_OR_NOT_ANNOTATED_IN_THIS_PASS,FULL_TOP50K_EXACT_LOOKUP_50000,,NOT_CALCULATED_DENOMINATOR_NOT_FIXED,SUBTITLE_AUDIOVISUAL,2018,OpenSubtitles2018 via FrequencyWords processing,CC BY-SA 4.0 content,ALLOWED_WITH_ATTRIBUTION_AND_SHAREALIKE_BOUNDARY,NONE_FREQUENCY_DOES_NOT_SET_LEVEL,QUANT_SIGNAL_AVAILABLE_NOT_YET_COMPOSITE_SCORED,https://github.com/hermitdave/FrequencyWords/blob/master/content/2018/es/es_50k.txt,https://raw.githubusercontent.com/hermitdave/FrequencyWords/refs/heads/master/content/2018/es/es_50k.txt,Full continuous top-50k exact surface sweep completed on 2026-09-04. Frequency is quantitative evidence only and does not set CEFR level.,1.32
12B1-ATOM-0339,marroquí,ATOMIC_SURFACE_FORM,CORP-18,FrequencyWords / OpenSubtitles2018 Spanish 50k,FrequencyWords content/2018/es/es_50k.txt (OpenSubtitles2018-derived),SURFACE_SUBTITLE_OCCURRENCE_COUNT_AND_RANK,MEASURED_EXACT_SURFACE,366,33670,FOUND_TOP50K,EXACT_CASE_SENSITIVE_SURFACE_TOKEN,2026-09-04,,,,,NONE_OR_NOT_ANNOTATED_IN_THIS_PASS,FULL_TOP50K_EXACT_LOOKUP_50000,,NOT_CALCULATED_DENOMINATOR_NOT_FIXED,SUBTITLE_AUDIOVISUAL,2018,OpenSubtitles2018 via FrequencyWords processing,CC BY-SA 4.0 content,ALLOWED_WITH_ATTRIBUTION_AND_SHAREALIKE_BOUNDARY,NONE_FREQUENCY_DOES_NOT_SET_LEVEL,QUANT_SIGNAL_AVAILABLE_NOT_YET_COMPOSITE_SCORED,https://github.com/hermitdave/FrequencyWords/blob/master/content/2018/es/es_50k.txt,https://raw.githubusercontent.com/hermitdave/FrequencyWords/refs/heads/master/content/2018/es/es_50k.txt,Full continuous top-50k exact surface sweep completed on 2026-09-04. Frequency is quantitative evidence only and does not set CEFR level.,1.32
12B1-ATOM-0340,marrón,ATOMIC_SURFACE_FORM,CORP-18,FrequencyWords / OpenSubtitles2018 Spanish 50k,FrequencyWords content/2018/es/es_50k.txt (OpenSubtitles2018-derived),SURFACE_SUBTITLE_OCCURRENCE_COUNT_AND_RANK,MEASURED_EXACT_SURFACE,4201,6305,FOUND_TOP50K,EXACT_CASE_SENSITIVE_SURFACE_TOKEN,2026-09-04,,,,,NONE_OR_NOT_ANNOTATED_IN_THIS_PASS,FULL_TOP50K_EXACT_LOOKUP_50000,,NOT_CALCULATED_DENOMINATOR_NOT_FIXED,SUBTITLE_AUDIOVISUAL,2018,OpenSubtitles2018 via FrequencyWords processing,CC BY-SA 4.0 content,ALLOWED_WITH_ATTRIBUTION_AND_SHAREALIKE_BOUNDARY,NONE_FREQUENCY_DOES_NOT_SET_LEVEL,QUANT_SIGNAL_AVAILABLE_NOT_YET_COMPOSITE_SCORED,https://github.com/hermitdave/FrequencyWords/blob/master/content/2018/es/es_50k.txt,https://raw.githubusercontent.com/hermitdave/FrequencyWords/refs/heads/master/content/2018/es/es_50k.txt,Full continuous top-50k exact surface sweep completed on 2026-09-04. Frequency is quantitative evidence only and does not set CEFR level.,1.32
12B1-ATOM-0341,mañana,ATOMIC_SURFACE_FORM,CORP-18,FrequencyWords / OpenSubtitles2018 Spanish 50k,FrequencyWords content/2018/es/es_50k.txt (OpenSubtitles2018-derived),SURFACE_SUBTITLE_OCCURRENCE_COUNT_AND_RANK,MEASURED_EXACT_SURFACE,283391,173,FOUND_TOP50K,EXACT_CASE_SENSITIVE_SURFACE_TOKEN,2026-09-04,,,,,NONE_OR_NOT_ANNOTATED_IN_THIS_PASS,FULL_TOP50K_EXACT_LOOKUP_50000,,NOT_CALCULATED_DENOMINATOR_NOT_FIXED,SUBTITLE_AUDIOVISUAL,2018,OpenSubtitles2018 via FrequencyWords processing,CC BY-SA 4.0 content,ALLOWED_WITH_ATTRIBUTION_AND_SHAREALIKE_BOUNDARY,NONE_FREQUENCY_DOES_NOT_SET_LEVEL,QUANT_SIGNAL_AVAILABLE_NOT_YET_COMPOSITE_SCORED,https://github.com/hermitdave/FrequencyWords/blob/master/content/2018/es/es_50k.txt,https://raw.githubusercontent.com/hermitdave/FrequencyWords/refs/heads/master/content/2018/es/es_50k.txt,Full continuous top-50k exact surface sweep completed on 2026-09-04. Frequency is quantitative evidence only and does not set CEFR level.,1.32
12B1-ATOM-0342,me,ATOMIC_SURFACE_FORM,CORP-18,FrequencyWords / OpenSubtitles2018 Spanish 50k,FrequencyWords content/2018/es/es_50k.txt (OpenSubtitles2018-derived),SURFACE_SUBTITLE_OCCURRENCE_COUNT_AND_RANK,MEASURED_EXACT_SURFACE,3927712,14,FOUND_TOP50K,EXACT_CASE_SENSITIVE_SURFACE_TOKEN,2026-09-04,,,,,NONE_OR_NOT_ANNOTATED_IN_THIS_PASS,FULL_TOP50K_EXACT_LOOKUP_50000,,NOT_CALCULATED_DENOMINATOR_NOT_FIXED,SUBTITLE_AUDIOVISUAL,2018,OpenSubtitles2018 via FrequencyWords processing,CC BY-SA 4.0 content,ALLOWED_WITH_ATTRIBUTION_AND_SHAREALIKE_BOUNDARY,NONE_FREQUENCY_DOES_NOT_SET_LEVEL,QUANT_SIGNAL_AVAILABLE_NOT_YET_COMPOSITE_SCORED,https://github.com/hermitdave/FrequencyWords/blob/master/content/2018/es/es_50k.txt,https://raw.githubusercontent.com/hermitdave/FrequencyWords/refs/heads/master/content/2018/es/es_50k.txt,Full continuous top-50k exact surface sweep completed on 2026-09-04. Frequency is quantitative evidence only and does not set CEFR level.,1.32
12B1-ATOM-0343,menos,ATOMIC_SURFACE_FORM,CORP-18,FrequencyWords / OpenSubtitles2018 Spanish 50k,FrequencyWords content/2018/es/es_50k.txt (OpenSubtitles2018-derived),SURFACE_SUBTITLE_OCCURRENCE_COUNT_AND_RANK,MEASURED_EXACT_SURFACE,263837,190,FOUND_TOP50K,EXACT_CASE_SENSITIVE_SURFACE_TOKEN,2026-09-04,,,,,NONE_OR_NOT_ANNOTATED_IN_THIS_PASS,FULL_TOP50K_EXACT_LOOKUP_50000,,NOT_CALCULATED_DENOMINATOR_NOT_FIXED,SUBTITLE_AUDIOVISUAL,2018,OpenSubtitles2018 via FrequencyWords processing,CC BY-SA 4.0 content,ALLOWED_WITH_ATTRIBUTION_AND_SHAREALIKE_BOUNDARY,NONE_FREQUENCY_DOES_NOT_SET_LEVEL,QUANT_SIGNAL_AVAILABLE_NOT_YET_COMPOSITE_SCORED,https://github.com/hermitdave/FrequencyWords/blob/master/content/2018/es/es_50k.txt,https://raw.githubusercontent.com/hermitdave/FrequencyWords/refs/heads/master/content/2018/es/es_50k.txt,Full continuous top-50k exact surface sweep completed on 2026-09-04. Frequency is quantitative evidence only and does not set CEFR level.,1.32
12B1-ATOM-0344,mensaje,ATOMIC_SURFACE_FORM,CORP-18,FrequencyWords / OpenSubtitles2018 Spanish 50k,FrequencyWords content/2018/es/es_50k.txt (OpenSubtitles2018-derived),SURFACE_SUBTITLE_OCCURRENCE_COUNT_AND_RANK,MEASURED_EXACT_SURFACE,56126,691,FOUND_TOP50K,EXACT_CASE_SENSITIVE_SURFACE_TOKEN,2026-09-04,,,,,NONE_OR_NOT_ANNOTATED_IN_THIS_PASS,FULL_TOP50K_EXACT_LOOKUP_50000,,NOT_CALCULATED_DENOMINATOR_NOT_FIXED,SUBTITLE_AUDIOVISUAL,2018,OpenSubtitles2018 via FrequencyWords processing,CC BY-SA 4.0 content,ALLOWED_WITH_ATTRIBUTION_AND_SHAREALIKE_BOUNDARY,NONE_FREQUENCY_DOES_NOT_SET_LEVEL,QUANT_SIGNAL_AVAILABLE_NOT_YET_COMPOSITE_SCORED,https://github.com/hermitdave/FrequencyWords/blob/master/content/2018/es/es_50k.txt,https://raw.githubusercontent.com/hermitdave/FrequencyWords/refs/heads/master/content/2018/es/es_50k.txt,Full continuous top-50k exact surface sweep completed on 2026-09-04. Frequency is quantitative evidence only and does not set CEFR level.,1.32
12B1-ATOM-0345,menú,ATOMIC_SURFACE_FORM,CORP-18,FrequencyWords / OpenSubtitles2018 Spanish 50k,FrequencyWords content/2018/es/es_50k.txt (OpenSubtitles2018-derived),SURFACE_SUBTITLE_OCCURRENCE_COUNT_AND_RANK,MEASURED_EXACT_SURFACE,4691,5786,FOUND_TOP50K,EXACT_CASE_SENSITIVE_SURFACE_TOKEN,2026-09-04,,,,,NONE_OR_NOT_ANNOTATED_IN_THIS_PASS,FULL_TOP50K_EXACT_LOOKUP_50000,,NOT_CALCULATED_DENOMINATOR_NOT_FIXED,SUBTITLE_AUDIOVISUAL,2018,OpenSubtitles2018 via FrequencyWords processing,CC BY-SA 4.0 content,ALLOWED_WITH_ATTRIBUTION_AND_SHAREALIKE_BOUNDARY,NONE_FREQUENCY_DOES_NOT_SET_LEVEL,QUANT_SIGNAL_AVAILABLE_NOT_YET_COMPOSITE_SCORED,https://github.com/hermitdave/FrequencyWords/blob/master/content/2018/es/es_50k.txt,https://raw.githubusercontent.com/hermitdave/FrequencyWords/refs/heads/master/content/2018/es/es_50k.txt,Full continuous top-50k exact surface sweep completed on 2026-09-04. Frequency is quantitative evidence only and does not set CEFR level.,1.32
12B1-ATOM-0346,mercado,ATOMIC_SURFACE_FORM,CORP-18,FrequencyWords / OpenSubtitles2018 Spanish 50k,FrequencyWords content/2018/es/es_50k.txt (OpenSubtitles2018-derived),SURFACE_SUBTITLE_OCCURRENCE_COUNT_AND_RANK,MEASURED_EXACT_SURFACE,19238,1767,FOUND_TOP50K,EXACT_CASE_SENSITIVE_SURFACE_TOKEN,2026-09-04,,,,,NONE_OR_NOT_ANNOTATED_IN_THIS_PASS,FULL_TOP50K_EXACT_LOOKUP_50000,,NOT_CALCULATED_DENOMINATOR_NOT_FIXED,SUBTITLE_AUDIOVISUAL,2018,OpenSubtitles2018 via FrequencyWords processing,CC BY-SA 4.0 content,ALLOWED_WITH_ATTRIBUTION_AND_SHAREALIKE_BOUNDARY,NONE_FREQUENCY_DOES_NOT_SET_LEVEL,QUANT_SIGNAL_AVAILABLE_NOT_YET_COMPOSITE_SCORED,https://github.com/hermitdave/FrequencyWords/blob/master/content/2018/es/es_50k.txt,https://raw.githubusercontent.com/hermitdave/FrequencyWords/refs/heads/master/content/2018/es/es_50k.txt,Full continuous top-50k exact surface sweep completed on 2026-09-04. Frequency is quantitative evidence only and does not set CEFR level.,1.32
12B1-ATOM-0347,merendar,ATOMIC_SURFACE_FORM,CORP-18,FrequencyWords / OpenSubtitles2018 Spanish 50k,FrequencyWords content/2018/es/es_50k.txt (OpenSubtitles2018-derived),SURFACE_SUBTITLE_OCCURRENCE_COUNT_AND_RANK,MEASURED_EXACT_SURFACE,246,42522,FOUND_TOP50K,EXACT_CASE_SENSITIVE_SURFACE_TOKEN,2026-09-04,,,,,NONE_OR_NOT_ANNOTATED_IN_THIS_PASS,FULL_TOP50K_EXACT_LOOKUP_50000,,NOT_CALCULATED_DENOMINATOR_NOT_FIXED,SUBTITLE_AUDIOVISUAL,2018,OpenSubtitles2018 via FrequencyWords processing,CC BY-SA 4.0 content,ALLOWED_WITH_ATTRIBUTION_AND_SHAREALIKE_BOUNDARY,NONE_FREQUENCY_DOES_NOT_SET_LEVEL,QUANT_SIGNAL_AVAILABLE_NOT_YET_COMPOSITE_SCORED,https://github.com/hermitdave/FrequencyWords/blob/master/content/2018/es/es_50k.txt,https://raw.githubusercontent.com/hermitdave/FrequencyWords/refs/heads/master/content/2018/es/es_50k.txt,Full continuous top-50k exact surface sweep completed on 2026-09-04. Frequency is quantitative evidence only and does not set CEFR level.,1.32
12B1-ATOM-0348,merienda,ATOMIC_SURFACE_FORM,CORP-18,FrequencyWords / OpenSubtitles2018 Spanish 50k,FrequencyWords content/2018/es/es_50k.txt (OpenSubtitles2018-derived),SURFACE_SUBTITLE_OCCURRENCE_COUNT_AND_RANK,MEASURED_EXACT_SURFACE,806,20537,FOUND_TOP50K,EXACT_CASE_SENSITIVE_SURFACE_TOKEN,2026-09-04,,,,,NONE_OR_NOT_ANNOTATED_IN_THIS_PASS,FULL_TOP50K_EXACT_LOOKUP_50000,,NOT_CALCULATED_DENOMINATOR_NOT_FIXED,SUBTITLE_AUDIOVISUAL,2018,OpenSubtitles2018 via FrequencyWords processing,CC BY-SA 4.0 content,ALLOWED_WITH_ATTRIBUTION_AND_SHAREALIKE_BOUNDARY,NONE_FREQUENCY_DOES_NOT_SET_LEVEL,QUANT_SIGNAL_AVAILABLE_NOT_YET_COMPOSITE_SCORED,https://github.com/hermitdave/FrequencyWords/blob/master/content/2018/es/es_50k.txt,https://raw.githubusercontent.com/hermitdave/FrequencyWords/refs/heads/master/content/2018/es/es_50k.txt,Full continuous top-50k exact surface sweep completed on 2026-09-04. Frequency is quantitative evidence only and does not set CEFR level.,1.32
12B1-ATOM-0349,mes,ATOMIC_SURFACE_FORM,CORP-18,FrequencyWords / OpenSubtitles2018 Spanish 50k,FrequencyWords content/2018/es/es_50k.txt (OpenSubtitles2018-derived),SURFACE_SUBTITLE_OCCURRENCE_COUNT_AND_RANK,MEASURED_EXACT_SURFACE,45648,822,FOUND_TOP50K,EXACT_CASE_SENSITIVE_SURFACE_TOKEN,2026-09-04,,,,,NONE_OR_NOT_ANNOTATED_IN_THIS_PASS,FULL_TOP50K_EXACT_LOOKUP_50000,,NOT_CALCULATED_DENOMINATOR_NOT_FIXED,SUBTITLE_AUDIOVISUAL,2018,OpenSubtitles2018 via FrequencyWords processing,CC BY-SA 4.0 content,ALLOWED_WITH_ATTRIBUTION_AND_SHAREALIKE_BOUNDARY,NONE_FREQUENCY_DOES_NOT_SET_LEVEL,QUANT_SIGNAL_AVAILABLE_NOT_YET_COMPOSITE_SCORED,https://github.com/hermitdave/FrequencyWords/blob/master/content/2018/es/es_50k.txt,https://raw.githubusercontent.com/hermitdave/FrequencyWords/refs/heads/master/content/2018/es/es_50k.txt,Full continuous top-50k exact surface sweep completed on 2026-09-04. Frequency is quantitative evidence only and does not set CEFR level.,1.32
12B1-ATOM-0350,mesa,ATOMIC_SURFACE_FORM,CORP-18,FrequencyWords / OpenSubtitles2018 Spanish 50k,FrequencyWords content/2018/es/es_50k.txt (OpenSubtitles2018-derived),SURFACE_SUBTITLE_OCCURRENCE_COUNT_AND_RANK,MEASURED_EXACT_SURFACE,45409,828,FOUND_TOP50K,EXACT_CASE_SENSITIVE_SURFACE_TOKEN,2026-09-04,,,,,NONE_OR_NOT_ANNOTATED_IN_THIS_PASS,FULL_TOP50K_EXACT_LOOKUP_50000,,NOT_CALCULATED_DENOMINATOR_NOT_FIXED,SUBTITLE_AUDIOVISUAL,2018,OpenSubtitles2018 via FrequencyWords processing,CC BY-SA 4.0 content,ALLOWED_WITH_ATTRIBUTION_AND_SHAREALIKE_BOUNDARY,NONE_FREQUENCY_DOES_NOT_SET_LEVEL,QUANT_SIGNAL_AVAILABLE_NOT_YET_COMPOSITE_SCORED,https://github.com/hermitdave/FrequencyWords/blob/master/content/2018/es/es_50k.txt,https://raw.githubusercontent.com/hermitdave/FrequencyWords/refs/heads/master/content/2018/es/es_50k.txt,Full continuous top-50k exact surface sweep completed on 2026-09-04. Frequency is quantitative evidence only and does not set CEFR level.,1.32
12B1-ATOM-0351,mesero,ATOMIC_SURFACE_FORM,CORP-18,FrequencyWords / OpenSubtitles2018 Spanish 50k,FrequencyWords content/2018/es/es_50k.txt (OpenSubtitles2018-derived),SURFACE_SUBTITLE_OCCURRENCE_COUNT_AND_RANK,MEASURED_EXACT_SURFACE,955,18297,FOUND_TOP50K,EXACT_CASE_SENSITIVE_SURFACE_TOKEN,2026-09-04,,,,,REGIONAL_VARIANT_A1_RECEPTIVE,FULL_TOP50K_EXACT_LOOKUP_50000,,NOT_CALCULATED_DENOMINATOR_NOT_FIXED,SUBTITLE_AUDIOVISUAL,2018,OpenSubtitles2018 via FrequencyWords processing,CC BY-SA 4.0 content,ALLOWED_WITH_ATTRIBUTION_AND_SHAREALIKE_BOUNDARY,NONE_FREQUENCY_DOES_NOT_SET_LEVEL,QUANT_SIGNAL_AVAILABLE_NOT_YET_COMPOSITE_SCORED,https://github.com/hermitdave/FrequencyWords/blob/master/content/2018/es/es_50k.txt,https://raw.githubusercontent.com/hermitdave/FrequencyWords/refs/heads/master/content/2018/es/es_50k.txt,Full continuous top-50k exact surface sweep completed on 2026-09-04. Frequency is quantitative evidence only and does not set CEFR level.,1.32
12B1-ATOM-0352,metro,ATOMIC_SURFACE_FORM,CORP-18,FrequencyWords / OpenSubtitles2018 Spanish 50k,FrequencyWords content/2018/es/es_50k.txt (OpenSubtitles2018-derived),SURFACE_SUBTITLE_OCCURRENCE_COUNT_AND_RANK,MEASURED_EXACT_SURFACE,9564,3230,FOUND_TOP50K,EXACT_CASE_SENSITIVE_SURFACE_TOKEN,2026-09-04,,,,,NONE_OR_NOT_ANNOTATED_IN_THIS_PASS,FULL_TOP50K_EXACT_LOOKUP_50000,,NOT_CALCULATED_DENOMINATOR_NOT_FIXED,SUBTITLE_AUDIOVISUAL,2018,OpenSubtitles2018 via FrequencyWords processing,CC BY-SA 4.0 content,ALLOWED_WITH_ATTRIBUTION_AND_SHAREALIKE_BOUNDARY,NONE_FREQUENCY_DOES_NOT_SET_LEVEL,QUANT_SIGNAL_AVAILABLE_NOT_YET_COMPOSITE_SCORED,https://github.com/hermitdave/FrequencyWords/blob/master/content/2018/es/es_50k.txt,https://raw.githubusercontent.com/hermitdave/FrequencyWords/refs/heads/master/content/2018/es/es_50k.txt,Full continuous top-50k exact surface sweep completed on 2026-09-04. Frequency is quantitative evidence only and does not set CEFR level.,1.32
12B1-ATOM-0353,mexicano,ATOMIC_SURFACE_FORM,CORP-18,FrequencyWords / OpenSubtitles2018 Spanish 50k,FrequencyWords content/2018/es/es_50k.txt (OpenSubtitles2018-derived),SURFACE_SUBTITLE_OCCURRENCE_COUNT_AND_RANK,MEASURED_EXACT_SURFACE,2629,9048,FOUND_TOP50K,EXACT_CASE_SENSITIVE_SURFACE_TOKEN,2026-09-04,,,,,NONE_OR_NOT_ANNOTATED_IN_THIS_PASS,FULL_TOP50K_EXACT_LOOKUP_50000,,NOT_CALCULATED_DENOMINATOR_NOT_FIXED,SUBTITLE_AUDIOVISUAL,2018,OpenSubtitles2018 via FrequencyWords processing,CC BY-SA 4.0 content,ALLOWED_WITH_ATTRIBUTION_AND_SHAREALIKE_BOUNDARY,NONE_FREQUENCY_DOES_NOT_SET_LEVEL,QUANT_SIGNAL_AVAILABLE_NOT_YET_COMPOSITE_SCORED,https://github.com/hermitdave/FrequencyWords/blob/master/content/2018/es/es_50k.txt,https://raw.githubusercontent.com/hermitdave/FrequencyWords/refs/heads/master/content/2018/es/es_50k.txt,Full continuous top-50k exact surface sweep completed on 2026-09-04. Frequency is quantitative evidence only and does not set CEFR level.,1.32
12B1-ATOM-0354,mezquita,ATOMIC_SURFACE_FORM,CORP-18,FrequencyWords / OpenSubtitles2018 Spanish 50k,FrequencyWords content/2018/es/es_50k.txt (OpenSubtitles2018-derived),SURFACE_SUBTITLE_OCCURRENCE_COUNT_AND_RANK,MEASURED_EXACT_SURFACE,1207,15687,FOUND_TOP50K,EXACT_CASE_SENSITIVE_SURFACE_TOKEN,2026-09-04,,,,,NONE_OR_NOT_ANNOTATED_IN_THIS_PASS,FULL_TOP50K_EXACT_LOOKUP_50000,,NOT_CALCULATED_DENOMINATOR_NOT_FIXED,SUBTITLE_AUDIOVISUAL,2018,OpenSubtitles2018 via FrequencyWords processing,CC BY-SA 4.0 content,ALLOWED_WITH_ATTRIBUTION_AND_SHAREALIKE_BOUNDARY,NONE_FREQUENCY_DOES_NOT_SET_LEVEL,QUANT_SIGNAL_AVAILABLE_NOT_YET_COMPOSITE_SCORED,https://github.com/hermitdave/FrequencyWords/blob/master/content/2018/es/es_50k.txt,https://raw.githubusercontent.com/hermitdave/FrequencyWords/refs/heads/master/content/2018/es/es_50k.txt,Full continuous top-50k exact surface sweep completed on 2026-09-04. Frequency is quantitative evidence only and does not set CEFR level.,1.32
12B1-ATOM-0355,mi,ATOMIC_SURFACE_FORM,CORP-18,FrequencyWords / OpenSubtitles2018 Spanish 50k,FrequencyWords content/2018/es/es_50k.txt (OpenSubtitles2018-derived),SURFACE_SUBTITLE_OCCURRENCE_COUNT_AND_RANK,MEASURED_EXACT_SURFACE,2403204,22,FOUND_TOP50K,EXACT_CASE_SENSITIVE_SURFACE_TOKEN,2026-09-04,,,,,NONE_OR_NOT_ANNOTATED_IN_THIS_PASS,FULL_TOP50K_EXACT_LOOKUP_50000,,NOT_CALCULATED_DENOMINATOR_NOT_FIXED,SUBTITLE_AUDIOVISUAL,2018,OpenSubtitles2018 via FrequencyWords processing,CC BY-SA 4.0 content,ALLOWED_WITH_ATTRIBUTION_AND_SHAREALIKE_BOUNDARY,NONE_FREQUENCY_DOES_NOT_SET_LEVEL,QUANT_SIGNAL_AVAILABLE_NOT_YET_COMPOSITE_SCORED,https://github.com/hermitdave/FrequencyWords/blob/master/content/2018/es/es_50k.txt,https://raw.githubusercontent.com/hermitdave/FrequencyWords/refs/heads/master/content/2018/es/es_50k.txt,Full continuous top-50k exact surface sweep completed on 2026-09-04. Frequency is quantitative evidence only and does not set CEFR level.,1.32
12B1-ATOM-0356,minuto,ATOMIC_SURFACE_FORM,CORP-18,FrequencyWords / OpenSubtitles2018 Spanish 50k,FrequencyWords content/2018/es/es_50k.txt (OpenSubtitles2018-derived),SURFACE_SUBTITLE_OCCURRENCE_COUNT_AND_RANK,MEASURED_EXACT_SURFACE,68878,579,FOUND_TOP50K,EXACT_CASE_SENSITIVE_SURFACE_TOKEN,2026-09-04,,,,,NONE_OR_NOT_ANNOTATED_IN_THIS_PASS,FULL_TOP50K_EXACT_LOOKUP_50000,,NOT_CALCULATED_DENOMINATOR_NOT_FIXED,SUBTITLE_AUDIOVISUAL,2018,OpenSubtitles2018 via FrequencyWords processing,CC BY-SA 4.0 content,ALLOWED_WITH_ATTRIBUTION_AND_SHAREALIKE_BOUNDARY,NONE_FREQUENCY_DOES_NOT_SET_LEVEL,QUANT_SIGNAL_AVAILABLE_NOT_YET_COMPOSITE_SCORED,https://github.com/hermitdave/FrequencyWords/blob/master/content/2018/es/es_50k.txt,https://raw.githubusercontent.com/hermitdave/FrequencyWords/refs/heads/master/content/2018/es/es_50k.txt,Full continuous top-50k exact surface sweep completed on 2026-09-04. Frequency is quantitative evidence only and does not set CEFR level.,1.32
12B1-ATOM-0357,mis,ATOMIC_SURFACE_FORM,CORP-18,FrequencyWords / OpenSubtitles2018 Spanish 50k,FrequencyWords content/2018/es/es_50k.txt (OpenSubtitles2018-derived),SURFACE_SUBTITLE_OCCURRENCE_COUNT_AND_RANK,MEASURED_EXACT_SURFACE,385798,138,FOUND_TOP50K,EXACT_CASE_SENSITIVE_SURFACE_TOKEN,2026-09-04,,,,,NONE_OR_NOT_ANNOTATED_IN_THIS_PASS,FULL_TOP50K_EXACT_LOOKUP_50000,,NOT_CALCULATED_DENOMINATOR_NOT_FIXED,SUBTITLE_AUDIOVISUAL,2018,OpenSubtitles2018 via FrequencyWords processing,CC BY-SA 4.0 content,ALLOWED_WITH_ATTRIBUTION_AND_SHAREALIKE_BOUNDARY,NONE_FREQUENCY_DOES_NOT_SET_LEVEL,QUANT_SIGNAL_AVAILABLE_NOT_YET_COMPOSITE_SCORED,https://github.com/hermitdave/FrequencyWords/blob/master/content/2018/es/es_50k.txt,https://raw.githubusercontent.com/hermitdave/FrequencyWords/refs/heads/master/content/2018/es/es_50k.txt,Full continuous top-50k exact surface sweep completed on 2026-09-04. Frequency is quantitative evidence only and does not set CEFR level.,1.32
12B1-ATOM-0358,momento,ATOMIC_SURFACE_FORM,CORP-18,FrequencyWords / OpenSubtitles2018 Spanish 50k,FrequencyWords content/2018/es/es_50k.txt (OpenSubtitles2018-derived),SURFACE_SUBTITLE_OCCURRENCE_COUNT_AND_RANK,MEASURED_EXACT_SURFACE,294559,167,FOUND_TOP50K,EXACT_CASE_SENSITIVE_SURFACE_TOKEN,2026-09-04,,,,,NONE_OR_NOT_ANNOTATED_IN_THIS_PASS,FULL_TOP50K_EXACT_LOOKUP_50000,,NOT_CALCULATED_DENOMINATOR_NOT_FIXED,SUBTITLE_AUDIOVISUAL,2018,OpenSubtitles2018 via FrequencyWords processing,CC BY-SA 4.0 content,ALLOWED_WITH_ATTRIBUTION_AND_SHAREALIKE_BOUNDARY,NONE_FREQUENCY_DOES_NOT_SET_LEVEL,QUANT_SIGNAL_AVAILABLE_NOT_YET_COMPOSITE_SCORED,https://github.com/hermitdave/FrequencyWords/blob/master/content/2018/es/es_50k.txt,https://raw.githubusercontent.com/hermitdave/FrequencyWords/refs/heads/master/content/2018/es/es_50k.txt,Full continuous top-50k exact surface sweep completed on 2026-09-04. Frequency is quantitative evidence only and does not set CEFR level.,1.32
12B1-ATOM-0359,montaña,ATOMIC_SURFACE_FORM,CORP-18,FrequencyWords / OpenSubtitles2018 Spanish 50k,FrequencyWords content/2018/es/es_50k.txt (OpenSubtitles2018-derived),SURFACE_SUBTITLE_OCCURRENCE_COUNT_AND_RANK,MEASURED_EXACT_SURFACE,16591,2026,FOUND_TOP50K,EXACT_CASE_SENSITIVE_SURFACE_TOKEN,2026-09-04,,,,,NONE_OR_NOT_ANNOTATED_IN_THIS_PASS,FULL_TOP50K_EXACT_LOOKUP_50000,,NOT_CALCULATED_DENOMINATOR_NOT_FIXED,SUBTITLE_AUDIOVISUAL,2018,OpenSubtitles2018 via FrequencyWords processing,CC BY-SA 4.0 content,ALLOWED_WITH_ATTRIBUTION_AND_SHAREALIKE_BOUNDARY,NONE_FREQUENCY_DOES_NOT_SET_LEVEL,QUANT_SIGNAL_AVAILABLE_NOT_YET_COMPOSITE_SCORED,https://github.com/hermitdave/FrequencyWords/blob/master/content/2018/es/es_50k.txt,https://raw.githubusercontent.com/hermitdave/FrequencyWords/refs/heads/master/content/2018/es/es_50k.txt,Full continuous top-50k exact surface sweep completed on 2026-09-04. Frequency is quantitative evidence only and does not set CEFR level.,1.32
12B1-ATOM-0360,monumento,ATOMIC_SURFACE_FORM,CORP-18,FrequencyWords / OpenSubtitles2018 Spanish 50k,FrequencyWords content/2018/es/es_50k.txt (OpenSubtitles2018-derived),SURFACE_SUBTITLE_OCCURRENCE_COUNT_AND_RANK,MEASURED_EXACT_SURFACE,2098,10676,FOUND_TOP50K,EXACT_CASE_SENSITIVE_SURFACE_TOKEN,2026-09-04,,,,,NONE_OR_NOT_ANNOTATED_IN_THIS_PASS,FULL_TOP50K_EXACT_LOOKUP_50000,,NOT_CALCULATED_DENOMINATOR_NOT_FIXED,SUBTITLE_AUDIOVISUAL,2018,OpenSubtitles2018 via FrequencyWords processing,CC BY-SA 4.0 content,ALLOWED_WITH_ATTRIBUTION_AND_SHAREALIKE_BOUNDARY,NONE_FREQUENCY_DOES_NOT_SET_LEVEL,QUANT_SIGNAL_AVAILABLE_NOT_YET_COMPOSITE_SCORED,https://github.com/hermitdave/FrequencyWords/blob/master/content/2018/es/es_50k.txt,https://raw.githubusercontent.com/hermitdave/FrequencyWords/refs/heads/master/content/2018/es/es_50k.txt,Full continuous top-50k exact surface sweep completed on 2026-09-04. Frequency is quantitative evidence only and does not set CEFR level.,1.32
12B1-ATOM-0361,moreno,ATOMIC_SURFACE_FORM,CORP-18,FrequencyWords / OpenSubtitles2018 Spanish 50k,FrequencyWords content/2018/es/es_50k.txt (OpenSubtitles2018-derived),SURFACE_SUBTITLE_OCCURRENCE_COUNT_AND_RANK,MEASURED_EXACT_SURFACE,2144,10497,FOUND_TOP50K,EXACT_CASE_SENSITIVE_SURFACE_TOKEN,2026-09-04,,,,,NONE_OR_NOT_ANNOTATED_IN_THIS_PASS,FULL_TOP50K_EXACT_LOOKUP_50000,,NOT_CALCULATED_DENOMINATOR_NOT_FIXED,SUBTITLE_AUDIOVISUAL,2018,OpenSubtitles2018 via FrequencyWords processing,CC BY-SA 4.0 content,ALLOWED_WITH_ATTRIBUTION_AND_SHAREALIKE_BOUNDARY,NONE_FREQUENCY_DOES_NOT_SET_LEVEL,QUANT_SIGNAL_AVAILABLE_NOT_YET_COMPOSITE_SCORED,https://github.com/hermitdave/FrequencyWords/blob/master/content/2018/es/es_50k.txt,https://raw.githubusercontent.com/hermitdave/FrequencyWords/refs/heads/master/content/2018/es/es_50k.txt,Full continuous top-50k exact surface sweep completed on 2026-09-04. Frequency is quantitative evidence only and does not set CEFR level.,1.32
12B1-ATOM-0362,mucho,ATOMIC_SURFACE_FORM,CORP-18,FrequencyWords / OpenSubtitles2018 Spanish 50k,FrequencyWords content/2018/es/es_50k.txt (OpenSubtitles2018-derived),SURFACE_SUBTITLE_OCCURRENCE_COUNT_AND_RANK,MEASURED_EXACT_SURFACE,516361,103,FOUND_TOP50K,EXACT_CASE_SENSITIVE_SURFACE_TOKEN,2026-09-04,,,,,NONE_OR_NOT_ANNOTATED_IN_THIS_PASS,FULL_TOP50K_EXACT_LOOKUP_50000,,NOT_CALCULATED_DENOMINATOR_NOT_FIXED,SUBTITLE_AUDIOVISUAL,2018,OpenSubtitles2018 via FrequencyWords processing,CC BY-SA 4.0 content,ALLOWED_WITH_ATTRIBUTION_AND_SHAREALIKE_BOUNDARY,NONE_FREQUENCY_DOES_NOT_SET_LEVEL,QUANT_SIGNAL_AVAILABLE_NOT_YET_COMPOSITE_SCORED,https://github.com/hermitdave/FrequencyWords/blob/master/content/2018/es/es_50k.txt,https://raw.githubusercontent.com/hermitdave/FrequencyWords/refs/heads/master/content/2018/es/es_50k.txt,Full continuous top-50k exact surface sweep completed on 2026-09-04. Frequency is quantitative evidence only and does not set CEFR level.,1.32
12B1-ATOM-0363,muchos,ATOMIC_SURFACE_FORM,CORP-18,FrequencyWords / OpenSubtitles2018 Spanish 50k,FrequencyWords content/2018/es/es_50k.txt (OpenSubtitles2018-derived),SURFACE_SUBTITLE_OCCURRENCE_COUNT_AND_RANK,MEASURED_EXACT_SURFACE,94250,448,FOUND_TOP50K,EXACT_CASE_SENSITIVE_SURFACE_TOKEN,2026-09-04,,,,,NONE_OR_NOT_ANNOTATED_IN_THIS_PASS,FULL_TOP50K_EXACT_LOOKUP_50000,,NOT_CALCULATED_DENOMINATOR_NOT_FIXED,SUBTITLE_AUDIOVISUAL,2018,OpenSubtitles2018 via FrequencyWords processing,CC BY-SA 4.0 content,ALLOWED_WITH_ATTRIBUTION_AND_SHAREALIKE_BOUNDARY,NONE_FREQUENCY_DOES_NOT_SET_LEVEL,QUANT_SIGNAL_AVAILABLE_NOT_YET_COMPOSITE_SCORED,https://github.com/hermitdave/FrequencyWords/blob/master/content/2018/es/es_50k.txt,https://raw.githubusercontent.com/hermitdave/FrequencyWords/refs/heads/master/content/2018/es/es_50k.txt,Full continuous top-50k exact surface sweep completed on 2026-09-04. Frequency is quantitative evidence only and does not set CEFR level.,1.32
12B1-ATOM-0364,mujer,ATOMIC_SURFACE_FORM,CORP-18,FrequencyWords / OpenSubtitles2018 Spanish 50k,FrequencyWords content/2018/es/es_50k.txt (OpenSubtitles2018-derived),SURFACE_SUBTITLE_OCCURRENCE_COUNT_AND_RANK,MEASURED_EXACT_SURFACE,249627,195,FOUND_TOP50K,EXACT_CASE_SENSITIVE_SURFACE_TOKEN,2026-09-04,,,,,NONE_OR_NOT_ANNOTATED_IN_THIS_PASS,FULL_TOP50K_EXACT_LOOKUP_50000,,NOT_CALCULATED_DENOMINATOR_NOT_FIXED,SUBTITLE_AUDIOVISUAL,2018,OpenSubtitles2018 via FrequencyWords processing,CC BY-SA 4.0 content,ALLOWED_WITH_ATTRIBUTION_AND_SHAREALIKE_BOUNDARY,NONE_FREQUENCY_DOES_NOT_SET_LEVEL,QUANT_SIGNAL_AVAILABLE_NOT_YET_COMPOSITE_SCORED,https://github.com/hermitdave/FrequencyWords/blob/master/content/2018/es/es_50k.txt,https://raw.githubusercontent.com/hermitdave/FrequencyWords/refs/heads/master/content/2018/es/es_50k.txt,Full continuous top-50k exact surface sweep completed on 2026-09-04. Frequency is quantitative evidence only and does not set CEFR level.,1.32
12B1-ATOM-0365,museo,ATOMIC_SURFACE_FORM,CORP-18,FrequencyWords / OpenSubtitles2018 Spanish 50k,FrequencyWords content/2018/es/es_50k.txt (OpenSubtitles2018-derived),SURFACE_SUBTITLE_OCCURRENCE_COUNT_AND_RANK,MEASURED_EXACT_SURFACE,9727,3190,FOUND_TOP50K,EXACT_CASE_SENSITIVE_SURFACE_TOKEN,2026-09-04,,,,,NONE_OR_NOT_ANNOTATED_IN_THIS_PASS,FULL_TOP50K_EXACT_LOOKUP_50000,,NOT_CALCULATED_DENOMINATOR_NOT_FIXED,SUBTITLE_AUDIOVISUAL,2018,OpenSubtitles2018 via FrequencyWords processing,CC BY-SA 4.0 content,ALLOWED_WITH_ATTRIBUTION_AND_SHAREALIKE_BOUNDARY,NONE_FREQUENCY_DOES_NOT_SET_LEVEL,QUANT_SIGNAL_AVAILABLE_NOT_YET_COMPOSITE_SCORED,https://github.com/hermitdave/FrequencyWords/blob/master/content/2018/es/es_50k.txt,https://raw.githubusercontent.com/hermitdave/FrequencyWords/refs/heads/master/content/2018/es/es_50k.txt,Full continuous top-50k exact surface sweep completed on 2026-09-04. Frequency is quantitative evidence only and does not set CEFR level.,1.32
12B1-ATOM-0366,musulmán,ATOMIC_SURFACE_FORM,CORP-18,FrequencyWords / OpenSubtitles2018 Spanish 50k,FrequencyWords content/2018/es/es_50k.txt (OpenSubtitles2018-derived),SURFACE_SUBTITLE_OCCURRENCE_COUNT_AND_RANK,MEASURED_EXACT_SURFACE,1676,12514,FOUND_TOP50K,EXACT_CASE_SENSITIVE_SURFACE_TOKEN,2026-09-04,,,,,NONE_OR_NOT_ANNOTATED_IN_THIS_PASS,FULL_TOP50K_EXACT_LOOKUP_50000,,NOT_CALCULATED_DENOMINATOR_NOT_FIXED,SUBTITLE_AUDIOVISUAL,2018,OpenSubtitles2018 via FrequencyWords processing,CC BY-SA 4.0 content,ALLOWED_WITH_ATTRIBUTION_AND_SHAREALIKE_BOUNDARY,NONE_FREQUENCY_DOES_NOT_SET_LEVEL,QUANT_SIGNAL_AVAILABLE_NOT_YET_COMPOSITE_SCORED,https://github.com/hermitdave/FrequencyWords/blob/master/content/2018/es/es_50k.txt,https://raw.githubusercontent.com/hermitdave/FrequencyWords/refs/heads/master/content/2018/es/es_50k.txt,Full continuous top-50k exact surface sweep completed on 2026-09-04. Frequency is quantitative evidence only and does not set CEFR level.,1.32
12B1-ATOM-0367,muy,ATOMIC_SURFACE_FORM,CORP-18,FrequencyWords / OpenSubtitles2018 Spanish 50k,FrequencyWords content/2018/es/es_50k.txt (OpenSubtitles2018-derived),SURFACE_SUBTITLE_OCCURRENCE_COUNT_AND_RANK,MEASURED_EXACT_SURFACE,1086248,43,FOUND_TOP50K,EXACT_CASE_SENSITIVE_SURFACE_TOKEN,2026-09-04,,,,,NONE_OR_NOT_ANNOTATED_IN_THIS_PASS,FULL_TOP50K_EXACT_LOOKUP_50000,,NOT_CALCULATED_DENOMINATOR_NOT_FIXED,SUBTITLE_AUDIOVISUAL,2018,OpenSubtitles2018 via FrequencyWords processing,CC BY-SA 4.0 content,ALLOWED_WITH_ATTRIBUTION_AND_SHAREALIKE_BOUNDARY,NONE_FREQUENCY_DOES_NOT_SET_LEVEL,QUANT_SIGNAL_AVAILABLE_NOT_YET_COMPOSITE_SCORED,https://github.com/hermitdave/FrequencyWords/blob/master/content/2018/es/es_50k.txt,https://raw.githubusercontent.com/hermitdave/FrequencyWords/refs/heads/master/content/2018/es/es_50k.txt,Full continuous top-50k exact surface sweep completed on 2026-09-04. Frequency is quantitative evidence only and does not set CEFR level.,1.32
12B1-ATOM-0368,más,ATOMIC_SURFACE_FORM,CORP-18,FrequencyWords / OpenSubtitles2018 Spanish 50k,FrequencyWords content/2018/es/es_50k.txt (OpenSubtitles2018-derived),SURFACE_SUBTITLE_OCCURRENCE_COUNT_AND_RANK,MEASURED_EXACT_SURFACE,1503527,36,FOUND_TOP50K,EXACT_CASE_SENSITIVE_SURFACE_TOKEN,2026-09-04,,,,,NONE_OR_NOT_ANNOTATED_IN_THIS_PASS,FULL_TOP50K_EXACT_LOOKUP_50000,,NOT_CALCULATED_DENOMINATOR_NOT_FIXED,SUBTITLE_AUDIOVISUAL,2018,OpenSubtitles2018 via FrequencyWords processing,CC BY-SA 4.0 content,ALLOWED_WITH_ATTRIBUTION_AND_SHAREALIKE_BOUNDARY,NONE_FREQUENCY_DOES_NOT_SET_LEVEL,QUANT_SIGNAL_AVAILABLE_NOT_YET_COMPOSITE_SCORED,https://github.com/hermitdave/FrequencyWords/blob/master/content/2018/es/es_50k.txt,https://raw.githubusercontent.com/hermitdave/FrequencyWords/refs/heads/master/content/2018/es/es_50k.txt,Full continuous top-50k exact surface sweep completed on 2026-09-04. Frequency is quantitative evidence only and does not set CEFR level.,1.32
12B1-ATOM-0369,médico,ATOMIC_SURFACE_FORM,CORP-18,FrequencyWords / OpenSubtitles2018 Spanish 50k,FrequencyWords content/2018/es/es_50k.txt (OpenSubtitles2018-derived),SURFACE_SUBTITLE_OCCURRENCE_COUNT_AND_RANK,MEASURED_EXACT_SURFACE,54547,704,FOUND_TOP50K,EXACT_CASE_SENSITIVE_SURFACE_TOKEN,2026-09-04,,,,,NONE_OR_NOT_ANNOTATED_IN_THIS_PASS,FULL_TOP50K_EXACT_LOOKUP_50000,,NOT_CALCULATED_DENOMINATOR_NOT_FIXED,SUBTITLE_AUDIOVISUAL,2018,OpenSubtitles2018 via FrequencyWords processing,CC BY-SA 4.0 content,ALLOWED_WITH_ATTRIBUTION_AND_SHAREALIKE_BOUNDARY,NONE_FREQUENCY_DOES_NOT_SET_LEVEL,QUANT_SIGNAL_AVAILABLE_NOT_YET_COMPOSITE_SCORED,https://github.com/hermitdave/FrequencyWords/blob/master/content/2018/es/es_50k.txt,https://raw.githubusercontent.com/hermitdave/FrequencyWords/refs/heads/master/content/2018/es/es_50k.txt,Full continuous top-50k exact surface sweep completed on 2026-09-04. Frequency is quantitative evidence only and does not set CEFR level.,1.32
12B1-ATOM-0370,móvil,ATOMIC_SURFACE_FORM,CORP-18,FrequencyWords / OpenSubtitles2018 Spanish 50k,FrequencyWords content/2018/es/es_50k.txt (OpenSubtitles2018-derived),SURFACE_SUBTITLE_OCCURRENCE_COUNT_AND_RANK,MEASURED_EXACT_SURFACE,14734,2244,FOUND_TOP50K,EXACT_CASE_SENSITIVE_SURFACE_TOKEN,2026-09-04,,,,,NONE_OR_NOT_ANNOTATED_IN_THIS_PASS,FULL_TOP50K_EXACT_LOOKUP_50000,,NOT_CALCULATED_DENOMINATOR_NOT_FIXED,SUBTITLE_AUDIOVISUAL,2018,OpenSubtitles2018 via FrequencyWords processing,CC BY-SA 4.0 content,ALLOWED_WITH_ATTRIBUTION_AND_SHAREALIKE_BOUNDARY,NONE_FREQUENCY_DOES_NOT_SET_LEVEL,QUANT_SIGNAL_AVAILABLE_NOT_YET_COMPOSITE_SCORED,https://github.com/hermitdave/FrequencyWords/blob/master/content/2018/es/es_50k.txt,https://raw.githubusercontent.com/hermitdave/FrequencyWords/refs/heads/master/content/2018/es/es_50k.txt,Full continuous top-50k exact surface sweep completed on 2026-09-04. Frequency is quantitative evidence only and does not set CEFR level.,1.32
12B1-ATOM-0371,música,ATOMIC_SURFACE_FORM,CORP-18,FrequencyWords / OpenSubtitles2018 Spanish 50k,FrequencyWords content/2018/es/es_50k.txt (OpenSubtitles2018-derived),SURFACE_SUBTITLE_OCCURRENCE_COUNT_AND_RANK,MEASURED_EXACT_SURFACE,69241,577,FOUND_TOP50K,EXACT_CASE_SENSITIVE_SURFACE_TOKEN,2026-09-04,,,,,NONE_OR_NOT_ANNOTATED_IN_THIS_PASS,FULL_TOP50K_EXACT_LOOKUP_50000,,NOT_CALCULATED_DENOMINATOR_NOT_FIXED,SUBTITLE_AUDIOVISUAL,2018,OpenSubtitles2018 via FrequencyWords processing,CC BY-SA 4.0 content,ALLOWED_WITH_ATTRIBUTION_AND_SHAREALIKE_BOUNDARY,NONE_FREQUENCY_DOES_NOT_SET_LEVEL,QUANT_SIGNAL_AVAILABLE_NOT_YET_COMPOSITE_SCORED,https://github.com/hermitdave/FrequencyWords/blob/master/content/2018/es/es_50k.txt,https://raw.githubusercontent.com/hermitdave/FrequencyWords/refs/heads/master/content/2018/es/es_50k.txt,Full continuous top-50k exact surface sweep completed on 2026-09-04. Frequency is quantitative evidence only and does not set CEFR level.,1.32
12B1-ATOM-0372,nacionalidad,ATOMIC_SURFACE_FORM,CORP-18,FrequencyWords / OpenSubtitles2018 Spanish 50k,FrequencyWords content/2018/es/es_50k.txt (OpenSubtitles2018-derived),SURFACE_SUBTITLE_OCCURRENCE_COUNT_AND_RANK,MEASURED_EXACT_SURFACE,801,20627,FOUND_TOP50K,EXACT_CASE_SENSITIVE_SURFACE_TOKEN,2026-09-04,,,,,NONE_OR_NOT_ANNOTATED_IN_THIS_PASS,FULL_TOP50K_EXACT_LOOKUP_50000,,NOT_CALCULATED_DENOMINATOR_NOT_FIXED,SUBTITLE_AUDIOVISUAL,2018,OpenSubtitles2018 via FrequencyWords processing,CC BY-SA 4.0 content,ALLOWED_WITH_ATTRIBUTION_AND_SHAREALIKE_BOUNDARY,NONE_FREQUENCY_DOES_NOT_SET_LEVEL,QUANT_SIGNAL_AVAILABLE_NOT_YET_COMPOSITE_SCORED,https://github.com/hermitdave/FrequencyWords/blob/master/content/2018/es/es_50k.txt,https://raw.githubusercontent.com/hermitdave/FrequencyWords/refs/heads/master/content/2018/es/es_50k.txt,Full continuous top-50k exact surface sweep completed on 2026-09-04. Frequency is quantitative evidence only and does not set CEFR level.,1.32
12B1-ATOM-0373,nadar,ATOMIC_SURFACE_FORM,CORP-18,FrequencyWords / OpenSubtitles2018 Spanish 50k,FrequencyWords content/2018/es/es_50k.txt (OpenSubtitles2018-derived),SURFACE_SUBTITLE_OCCURRENCE_COUNT_AND_RANK,MEASURED_EXACT_SURFACE,9935,3141,FOUND_TOP50K,EXACT_CASE_SENSITIVE_SURFACE_TOKEN,2026-09-04,,,,,NONE_OR_NOT_ANNOTATED_IN_THIS_PASS,FULL_TOP50K_EXACT_LOOKUP_50000,,NOT_CALCULATED_DENOMINATOR_NOT_FIXED,SUBTITLE_AUDIOVISUAL,2018,OpenSubtitles2018 via FrequencyWords processing,CC BY-SA 4.0 content,ALLOWED_WITH_ATTRIBUTION_AND_SHAREALIKE_BOUNDARY,NONE_FREQUENCY_DOES_NOT_SET_LEVEL,QUANT_SIGNAL_AVAILABLE_NOT_YET_COMPOSITE_SCORED,https://github.com/hermitdave/FrequencyWords/blob/master/content/2018/es/es_50k.txt,https://raw.githubusercontent.com/hermitdave/FrequencyWords/refs/heads/master/content/2018/es/es_50k.txt,Full continuous top-50k exact surface sweep completed on 2026-09-04. Frequency is quantitative evidence only and does not set CEFR level.,1.32
12B1-ATOM-0374,naranja,ATOMIC_SURFACE_FORM,CORP-18,FrequencyWords / OpenSubtitles2018 Spanish 50k,FrequencyWords content/2018/es/es_50k.txt (OpenSubtitles2018-derived),SURFACE_SUBTITLE_OCCURRENCE_COUNT_AND_RANK,MEASURED_EXACT_SURFACE,7230,4068,FOUND_TOP50K,EXACT_CASE_SENSITIVE_SURFACE_TOKEN,2026-09-04,,,,,NONE_OR_NOT_ANNOTATED_IN_THIS_PASS,FULL_TOP50K_EXACT_LOOKUP_50000,,NOT_CALCULATED_DENOMINATOR_NOT_FIXED,SUBTITLE_AUDIOVISUAL,2018,OpenSubtitles2018 via FrequencyWords processing,CC BY-SA 4.0 content,ALLOWED_WITH_ATTRIBUTION_AND_SHAREALIKE_BOUNDARY,NONE_FREQUENCY_DOES_NOT_SET_LEVEL,QUANT_SIGNAL_AVAILABLE_NOT_YET_COMPOSITE_SCORED,https://github.com/hermitdave/FrequencyWords/blob/master/content/2018/es/es_50k.txt,https://raw.githubusercontent.com/hermitdave/FrequencyWords/refs/heads/master/content/2018/es/es_50k.txt,Full continuous top-50k exact surface sweep completed on 2026-09-04. Frequency is quantitative evidence only and does not set CEFR level.,1.32
12B1-ATOM-0375,nariz,ATOMIC_SURFACE_FORM,CORP-18,FrequencyWords / OpenSubtitles2018 Spanish 50k,FrequencyWords content/2018/es/es_50k.txt (OpenSubtitles2018-derived),SURFACE_SUBTITLE_OCCURRENCE_COUNT_AND_RANK,MEASURED_EXACT_SURFACE,20247,1693,FOUND_TOP50K,EXACT_CASE_SENSITIVE_SURFACE_TOKEN,2026-09-04,,,,,NONE_OR_NOT_ANNOTATED_IN_THIS_PASS,FULL_TOP50K_EXACT_LOOKUP_50000,,NOT_CALCULATED_DENOMINATOR_NOT_FIXED,SUBTITLE_AUDIOVISUAL,2018,OpenSubtitles2018 via FrequencyWords processing,CC BY-SA 4.0 content,ALLOWED_WITH_ATTRIBUTION_AND_SHAREALIKE_BOUNDARY,NONE_FREQUENCY_DOES_NOT_SET_LEVEL,QUANT_SIGNAL_AVAILABLE_NOT_YET_COMPOSITE_SCORED,https://github.com/hermitdave/FrequencyWords/blob/master/content/2018/es/es_50k.txt,https://raw.githubusercontent.com/hermitdave/FrequencyWords/refs/heads/master/content/2018/es/es_50k.txt,Full continuous top-50k exact surface sweep completed on 2026-09-04. Frequency is quantitative evidence only and does not set CEFR level.,1.32
12B1-ATOM-0376,negro,ATOMIC_SURFACE_FORM,CORP-18,FrequencyWords / OpenSubtitles2018 Spanish 50k,FrequencyWords content/2018/es/es_50k.txt (OpenSubtitles2018-derived),SURFACE_SUBTITLE_OCCURRENCE_COUNT_AND_RANK,MEASURED_EXACT_SURFACE,50987,739,FOUND_TOP50K,EXACT_CASE_SENSITIVE_SURFACE_TOKEN,2026-09-04,,,,,NONE_OR_NOT_ANNOTATED_IN_THIS_PASS,FULL_TOP50K_EXACT_LOOKUP_50000,,NOT_CALCULATED_DENOMINATOR_NOT_FIXED,SUBTITLE_AUDIOVISUAL,2018,OpenSubtitles2018 via FrequencyWords processing,CC BY-SA 4.0 content,ALLOWED_WITH_ATTRIBUTION_AND_SHAREALIKE_BOUNDARY,NONE_FREQUENCY_DOES_NOT_SET_LEVEL,QUANT_SIGNAL_AVAILABLE_NOT_YET_COMPOSITE_SCORED,https://github.com/hermitdave/FrequencyWords/blob/master/content/2018/es/es_50k.txt,https://raw.githubusercontent.com/hermitdave/FrequencyWords/refs/heads/master/content/2018/es/es_50k.txt,Full continuous top-50k exact surface sweep completed on 2026-09-04. Frequency is quantitative evidence only and does not set CEFR level.,1.32
12B1-ATOM-0377,nevar,ATOMIC_SURFACE_FORM,CORP-18,FrequencyWords / OpenSubtitles2018 Spanish 50k,FrequencyWords content/2018/es/es_50k.txt (OpenSubtitles2018-derived),SURFACE_SUBTITLE_OCCURRENCE_COUNT_AND_RANK,MEASURED_EXACT_SURFACE,496,27995,FOUND_TOP50K,EXACT_CASE_SENSITIVE_SURFACE_TOKEN,2026-09-04,,,,,NONE_OR_NOT_ANNOTATED_IN_THIS_PASS,FULL_TOP50K_EXACT_LOOKUP_50000,,NOT_CALCULATED_DENOMINATOR_NOT_FIXED,SUBTITLE_AUDIOVISUAL,2018,OpenSubtitles2018 via FrequencyWords processing,CC BY-SA 4.0 content,ALLOWED_WITH_ATTRIBUTION_AND_SHAREALIKE_BOUNDARY,NONE_FREQUENCY_DOES_NOT_SET_LEVEL,QUANT_SIGNAL_AVAILABLE_NOT_YET_COMPOSITE_SCORED,https://github.com/hermitdave/FrequencyWords/blob/master/content/2018/es/es_50k.txt,https://raw.githubusercontent.com/hermitdave/FrequencyWords/refs/heads/master/content/2018/es/es_50k.txt,Full continuous top-50k exact surface sweep completed on 2026-09-04. Frequency is quantitative evidence only and does not set CEFR level.,1.32
12B1-ATOM-0378,ni,ATOMIC_SURFACE_FORM,CORP-18,FrequencyWords / OpenSubtitles2018 Spanish 50k,FrequencyWords content/2018/es/es_50k.txt (OpenSubtitles2018-derived),SURFACE_SUBTITLE_OCCURRENCE_COUNT_AND_RANK,MEASURED_EXACT_SURFACE,401980,132,FOUND_TOP50K,EXACT_CASE_SENSITIVE_SURFACE_TOKEN,2026-09-04,,,,,NONE_OR_NOT_ANNOTATED_IN_THIS_PASS,FULL_TOP50K_EXACT_LOOKUP_50000,,NOT_CALCULATED_DENOMINATOR_NOT_FIXED,SUBTITLE_AUDIOVISUAL,2018,OpenSubtitles2018 via FrequencyWords processing,CC BY-SA 4.0 content,ALLOWED_WITH_ATTRIBUTION_AND_SHAREALIKE_BOUNDARY,NONE_FREQUENCY_DOES_NOT_SET_LEVEL,QUANT_SIGNAL_AVAILABLE_NOT_YET_COMPOSITE_SCORED,https://github.com/hermitdave/FrequencyWords/blob/master/content/2018/es/es_50k.txt,https://raw.githubusercontent.com/hermitdave/FrequencyWords/refs/heads/master/content/2018/es/es_50k.txt,Full continuous top-50k exact surface sweep completed on 2026-09-04. Frequency is quantitative evidence only and does not set CEFR level.,1.32
12B1-ATOM-0379,nieto,ATOMIC_SURFACE_FORM,CORP-18,FrequencyWords / OpenSubtitles2018 Spanish 50k,FrequencyWords content/2018/es/es_50k.txt (OpenSubtitles2018-derived),SURFACE_SUBTITLE_OCCURRENCE_COUNT_AND_RANK,MEASURED_EXACT_SURFACE,6188,4625,FOUND_TOP50K,EXACT_CASE_SENSITIVE_SURFACE_TOKEN,2026-09-04,,,,,NONE_OR_NOT_ANNOTATED_IN_THIS_PASS,FULL_TOP50K_EXACT_LOOKUP_50000,,NOT_CALCULATED_DENOMINATOR_NOT_FIXED,SUBTITLE_AUDIOVISUAL,2018,OpenSubtitles2018 via FrequencyWords processing,CC BY-SA 4.0 content,ALLOWED_WITH_ATTRIBUTION_AND_SHAREALIKE_BOUNDARY,NONE_FREQUENCY_DOES_NOT_SET_LEVEL,QUANT_SIGNAL_AVAILABLE_NOT_YET_COMPOSITE_SCORED,https://github.com/hermitdave/FrequencyWords/blob/master/content/2018/es/es_50k.txt,https://raw.githubusercontent.com/hermitdave/FrequencyWords/refs/heads/master/content/2018/es/es_50k.txt,Full continuous top-50k exact surface sweep completed on 2026-09-04. Frequency is quantitative evidence only and does not set CEFR level.,1.32
12B1-ATOM-0380,niña,ATOMIC_SURFACE_FORM,CORP-18,FrequencyWords / OpenSubtitles2018 Spanish 50k,FrequencyWords content/2018/es/es_50k.txt (OpenSubtitles2018-derived),SURFACE_SUBTITLE_OCCURRENCE_COUNT_AND_RANK,MEASURED_EXACT_SURFACE,66672,592,FOUND_TOP50K,EXACT_CASE_SENSITIVE_SURFACE_TOKEN,2026-09-04,,,,,NONE_OR_NOT_ANNOTATED_IN_THIS_PASS,FULL_TOP50K_EXACT_LOOKUP_50000,,NOT_CALCULATED_DENOMINATOR_NOT_FIXED,SUBTITLE_AUDIOVISUAL,2018,OpenSubtitles2018 via FrequencyWords processing,CC BY-SA 4.0 content,ALLOWED_WITH_ATTRIBUTION_AND_SHAREALIKE_BOUNDARY,NONE_FREQUENCY_DOES_NOT_SET_LEVEL,QUANT_SIGNAL_AVAILABLE_NOT_YET_COMPOSITE_SCORED,https://github.com/hermitdave/FrequencyWords/blob/master/content/2018/es/es_50k.txt,https://raw.githubusercontent.com/hermitdave/FrequencyWords/refs/heads/master/content/2018/es/es_50k.txt,Full continuous top-50k exact surface sweep completed on 2026-09-04. Frequency is quantitative evidence only and does not set CEFR level.,1.32
12B1-ATOM-0381,niño,ATOMIC_SURFACE_FORM,CORP-18,FrequencyWords / OpenSubtitles2018 Spanish 50k,FrequencyWords content/2018/es/es_50k.txt (OpenSubtitles2018-derived),SURFACE_SUBTITLE_OCCURRENCE_COUNT_AND_RANK,MEASURED_EXACT_SURFACE,112512,375,FOUND_TOP50K,EXACT_CASE_SENSITIVE_SURFACE_TOKEN,2026-09-04,,,,,NONE_OR_NOT_ANNOTATED_IN_THIS_PASS,FULL_TOP50K_EXACT_LOOKUP_50000,,NOT_CALCULATED_DENOMINATOR_NOT_FIXED,SUBTITLE_AUDIOVISUAL,2018,OpenSubtitles2018 via FrequencyWords processing,CC BY-SA 4.0 content,ALLOWED_WITH_ATTRIBUTION_AND_SHAREALIKE_BOUNDARY,NONE_FREQUENCY_DOES_NOT_SET_LEVEL,QUANT_SIGNAL_AVAILABLE_NOT_YET_COMPOSITE_SCORED,https://github.com/hermitdave/FrequencyWords/blob/master/content/2018/es/es_50k.txt,https://raw.githubusercontent.com/hermitdave/FrequencyWords/refs/heads/master/content/2018/es/es_50k.txt,Full continuous top-50k exact surface sweep completed on 2026-09-04. Frequency is quantitative evidence only and does not set CEFR level.,1.32
12B1-ATOM-0382,no,ATOMIC_SURFACE_FORM,CORP-18,FrequencyWords / OpenSubtitles2018 Spanish 50k,FrequencyWords content/2018/es/es_50k.txt (OpenSubtitles2018-derived),SURFACE_SUBTITLE_OCCURRENCE_COUNT_AND_RANK,MEASURED_EXACT_SURFACE,12379505,3,FOUND_TOP50K,EXACT_CASE_SENSITIVE_SURFACE_TOKEN,2026-09-04,,,,,NONE_OR_NOT_ANNOTATED_IN_THIS_PASS,FULL_TOP50K_EXACT_LOOKUP_50000,,NOT_CALCULATED_DENOMINATOR_NOT_FIXED,SUBTITLE_AUDIOVISUAL,2018,OpenSubtitles2018 via FrequencyWords processing,CC BY-SA 4.0 content,ALLOWED_WITH_ATTRIBUTION_AND_SHAREALIKE_BOUNDARY,NONE_FREQUENCY_DOES_NOT_SET_LEVEL,QUANT_SIGNAL_AVAILABLE_NOT_YET_COMPOSITE_SCORED,https://github.com/hermitdave/FrequencyWords/blob/master/content/2018/es/es_50k.txt,https://raw.githubusercontent.com/hermitdave/FrequencyWords/refs/heads/master/content/2018/es/es_50k.txt,Full continuous top-50k exact surface sweep completed on 2026-09-04. Frequency is quantitative evidence only and does not set CEFR level.,1.32
12B1-ATOM-0383,noche,ATOMIC_SURFACE_FORM,CORP-18,FrequencyWords / OpenSubtitles2018 Spanish 50k,FrequencyWords content/2018/es/es_50k.txt (OpenSubtitles2018-derived),SURFACE_SUBTITLE_OCCURRENCE_COUNT_AND_RANK,MEASURED_EXACT_SURFACE,391078,136,FOUND_TOP50K,EXACT_CASE_SENSITIVE_SURFACE_TOKEN,2026-09-04,,,,,NONE_OR_NOT_ANNOTATED_IN_THIS_PASS,FULL_TOP50K_EXACT_LOOKUP_50000,,NOT_CALCULATED_DENOMINATOR_NOT_FIXED,SUBTITLE_AUDIOVISUAL,2018,OpenSubtitles2018 via FrequencyWords processing,CC BY-SA 4.0 content,ALLOWED_WITH_ATTRIBUTION_AND_SHAREALIKE_BOUNDARY,NONE_FREQUENCY_DOES_NOT_SET_LEVEL,QUANT_SIGNAL_AVAILABLE_NOT_YET_COMPOSITE_SCORED,https://github.com/hermitdave/FrequencyWords/blob/master/content/2018/es/es_50k.txt,https://raw.githubusercontent.com/hermitdave/FrequencyWords/refs/heads/master/content/2018/es/es_50k.txt,Full continuous top-50k exact surface sweep completed on 2026-09-04. Frequency is quantitative evidence only and does not set CEFR level.,1.32
12B1-ATOM-0384,nombre,ATOMIC_SURFACE_FORM,CORP-18,FrequencyWords / OpenSubtitles2018 Spanish 50k,FrequencyWords content/2018/es/es_50k.txt (OpenSubtitles2018-derived),SURFACE_SUBTITLE_OCCURRENCE_COUNT_AND_RANK,MEASURED_EXACT_SURFACE,222406,216,FOUND_TOP50K,EXACT_CASE_SENSITIVE_SURFACE_TOKEN,2026-09-04,,,,,NONE_OR_NOT_ANNOTATED_IN_THIS_PASS,FULL_TOP50K_EXACT_LOOKUP_50000,,NOT_CALCULATED_DENOMINATOR_NOT_FIXED,SUBTITLE_AUDIOVISUAL,2018,OpenSubtitles2018 via FrequencyWords processing,CC BY-SA 4.0 content,ALLOWED_WITH_ATTRIBUTION_AND_SHAREALIKE_BOUNDARY,NONE_FREQUENCY_DOES_NOT_SET_LEVEL,QUANT_SIGNAL_AVAILABLE_NOT_YET_COMPOSITE_SCORED,https://github.com/hermitdave/FrequencyWords/blob/master/content/2018/es/es_50k.txt,https://raw.githubusercontent.com/hermitdave/FrequencyWords/refs/heads/master/content/2018/es/es_50k.txt,Full continuous top-50k exact surface sweep completed on 2026-09-04. Frequency is quantitative evidence only and does not set CEFR level.,1.32
12B1-ATOM-0385,normalmente,ATOMIC_SURFACE_FORM,CORP-18,FrequencyWords / OpenSubtitles2018 Spanish 50k,FrequencyWords content/2018/es/es_50k.txt (OpenSubtitles2018-derived),SURFACE_SUBTITLE_OCCURRENCE_COUNT_AND_RANK,MEASURED_EXACT_SURFACE,17799,1903,FOUND_TOP50K,EXACT_CASE_SENSITIVE_SURFACE_TOKEN,2026-09-04,,,,,NONE_OR_NOT_ANNOTATED_IN_THIS_PASS,FULL_TOP50K_EXACT_LOOKUP_50000,,NOT_CALCULATED_DENOMINATOR_NOT_FIXED,SUBTITLE_AUDIOVISUAL,2018,OpenSubtitles2018 via FrequencyWords processing,CC BY-SA 4.0 content,ALLOWED_WITH_ATTRIBUTION_AND_SHAREALIKE_BOUNDARY,NONE_FREQUENCY_DOES_NOT_SET_LEVEL,QUANT_SIGNAL_AVAILABLE_NOT_YET_COMPOSITE_SCORED,https://github.com/hermitdave/FrequencyWords/blob/master/content/2018/es/es_50k.txt,https://raw.githubusercontent.com/hermitdave/FrequencyWords/refs/heads/master/content/2018/es/es_50k.txt,Full continuous top-50k exact surface sweep completed on 2026-09-04. Frequency is quantitative evidence only and does not set CEFR level.,1.32
12B1-ATOM-0386,norte,ATOMIC_SURFACE_FORM,CORP-18,FrequencyWords / OpenSubtitles2018 Spanish 50k,FrequencyWords content/2018/es/es_50k.txt (OpenSubtitles2018-derived),SURFACE_SUBTITLE_OCCURRENCE_COUNT_AND_RANK,MEASURED_EXACT_SURFACE,32319,1118,FOUND_TOP50K,EXACT_CASE_SENSITIVE_SURFACE_TOKEN,2026-09-04,,,,,NONE_OR_NOT_ANNOTATED_IN_THIS_PASS,FULL_TOP50K_EXACT_LOOKUP_50000,,NOT_CALCULATED_DENOMINATOR_NOT_FIXED,SUBTITLE_AUDIOVISUAL,2018,OpenSubtitles2018 via FrequencyWords processing,CC BY-SA 4.0 content,ALLOWED_WITH_ATTRIBUTION_AND_SHAREALIKE_BOUNDARY,NONE_FREQUENCY_DOES_NOT_SET_LEVEL,QUANT_SIGNAL_AVAILABLE_NOT_YET_COMPOSITE_SCORED,https://github.com/hermitdave/FrequencyWords/blob/master/content/2018/es/es_50k.txt,https://raw.githubusercontent.com/hermitdave/FrequencyWords/refs/heads/master/content/2018/es/es_50k.txt,Full continuous top-50k exact surface sweep completed on 2026-09-04. Frequency is quantitative evidence only and does not set CEFR level.,1.32
12B1-ATOM-0387,nosotras,ATOMIC_SURFACE_FORM,CORP-18,FrequencyWords / OpenSubtitles2018 Spanish 50k,FrequencyWords content/2018/es/es_50k.txt (OpenSubtitles2018-derived),SURFACE_SUBTITLE_OCCURRENCE_COUNT_AND_RANK,MEASURED_EXACT_SURFACE,21518,1605,FOUND_TOP50K,EXACT_CASE_SENSITIVE_SURFACE_TOKEN,2026-09-04,,,,,NONE_OR_NOT_ANNOTATED_IN_THIS_PASS,FULL_TOP50K_EXACT_LOOKUP_50000,,NOT_CALCULATED_DENOMINATOR_NOT_FIXED,SUBTITLE_AUDIOVISUAL,2018,OpenSubtitles2018 via FrequencyWords processing,CC BY-SA 4.0 content,ALLOWED_WITH_ATTRIBUTION_AND_SHAREALIKE_BOUNDARY,NONE_FREQUENCY_DOES_NOT_SET_LEVEL,QUANT_SIGNAL_AVAILABLE_NOT_YET_COMPOSITE_SCORED,https://github.com/hermitdave/FrequencyWords/blob/master/content/2018/es/es_50k.txt,https://raw.githubusercontent.com/hermitdave/FrequencyWords/refs/heads/master/content/2018/es/es_50k.txt,Full continuous top-50k exact surface sweep completed on 2026-09-04. Frequency is quantitative evidence only and does not set CEFR level.,1.32
12B1-ATOM-0388,nosotros,ATOMIC_SURFACE_FORM,CORP-18,FrequencyWords / OpenSubtitles2018 Spanish 50k,FrequencyWords content/2018/es/es_50k.txt (OpenSubtitles2018-derived),SURFACE_SUBTITLE_OCCURRENCE_COUNT_AND_RANK,MEASURED_EXACT_SURFACE,357836,143,FOUND_TOP50K,EXACT_CASE_SENSITIVE_SURFACE_TOKEN,2026-09-04,,,,,NONE_OR_NOT_ANNOTATED_IN_THIS_PASS,FULL_TOP50K_EXACT_LOOKUP_50000,,NOT_CALCULATED_DENOMINATOR_NOT_FIXED,SUBTITLE_AUDIOVISUAL,2018,OpenSubtitles2018 via FrequencyWords processing,CC BY-SA 4.0 content,ALLOWED_WITH_ATTRIBUTION_AND_SHAREALIKE_BOUNDARY,NONE_FREQUENCY_DOES_NOT_SET_LEVEL,QUANT_SIGNAL_AVAILABLE_NOT_YET_COMPOSITE_SCORED,https://github.com/hermitdave/FrequencyWords/blob/master/content/2018/es/es_50k.txt,https://raw.githubusercontent.com/hermitdave/FrequencyWords/refs/heads/master/content/2018/es/es_50k.txt,Full continuous top-50k exact surface sweep completed on 2026-09-04. Frequency is quantitative evidence only and does not set CEFR level.,1.32
12B1-ATOM-0389,novena,ATOMIC_SURFACE_FORM,CORP-18,FrequencyWords / OpenSubtitles2018 Spanish 50k,FrequencyWords content/2018/es/es_50k.txt (OpenSubtitles2018-derived),SURFACE_SUBTITLE_OCCURRENCE_COUNT_AND_RANK,MEASURED_EXACT_SURFACE,1082,16865,FOUND_TOP50K,EXACT_CASE_SENSITIVE_SURFACE_TOKEN,2026-09-04,,,,,NONE_OR_NOT_ANNOTATED_IN_THIS_PASS,FULL_TOP50K_EXACT_LOOKUP_50000,,NOT_CALCULATED_DENOMINATOR_NOT_FIXED,SUBTITLE_AUDIOVISUAL,2018,OpenSubtitles2018 via FrequencyWords processing,CC BY-SA 4.0 content,ALLOWED_WITH_ATTRIBUTION_AND_SHAREALIKE_BOUNDARY,NONE_FREQUENCY_DOES_NOT_SET_LEVEL,QUANT_SIGNAL_AVAILABLE_NOT_YET_COMPOSITE_SCORED,https://github.com/hermitdave/FrequencyWords/blob/master/content/2018/es/es_50k.txt,https://raw.githubusercontent.com/hermitdave/FrequencyWords/refs/heads/master/content/2018/es/es_50k.txt,Full continuous top-50k exact surface sweep completed on 2026-09-04. Frequency is quantitative evidence only and does not set CEFR level.,1.32
12B1-ATOM-0390,noveno,ATOMIC_SURFACE_FORM,CORP-18,FrequencyWords / OpenSubtitles2018 Spanish 50k,FrequencyWords content/2018/es/es_50k.txt (OpenSubtitles2018-derived),SURFACE_SUBTITLE_OCCURRENCE_COUNT_AND_RANK,MEASURED_EXACT_SURFACE,1510,13462,FOUND_TOP50K,EXACT_CASE_SENSITIVE_SURFACE_TOKEN,2026-09-04,,,,,NONE_OR_NOT_ANNOTATED_IN_THIS_PASS,FULL_TOP50K_EXACT_LOOKUP_50000,,NOT_CALCULATED_DENOMINATOR_NOT_FIXED,SUBTITLE_AUDIOVISUAL,2018,OpenSubtitles2018 via FrequencyWords processing,CC BY-SA 4.0 content,ALLOWED_WITH_ATTRIBUTION_AND_SHAREALIKE_BOUNDARY,NONE_FREQUENCY_DOES_NOT_SET_LEVEL,QUANT_SIGNAL_AVAILABLE_NOT_YET_COMPOSITE_SCORED,https://github.com/hermitdave/FrequencyWords/blob/master/content/2018/es/es_50k.txt,https://raw.githubusercontent.com/hermitdave/FrequencyWords/refs/heads/master/content/2018/es/es_50k.txt,Full continuous top-50k exact surface sweep completed on 2026-09-04. Frequency is quantitative evidence only and does not set CEFR level.,1.32
12B1-ATOM-0391,novio,ATOMIC_SURFACE_FORM,CORP-18,FrequencyWords / OpenSubtitles2018 Spanish 50k,FrequencyWords content/2018/es/es_50k.txt (OpenSubtitles2018-derived),SURFACE_SUBTITLE_OCCURRENCE_COUNT_AND_RANK,MEASURED_EXACT_SURFACE,44832,836,FOUND_TOP50K,EXACT_CASE_SENSITIVE_SURFACE_TOKEN,2026-09-04,,,,,NONE_OR_NOT_ANNOTATED_IN_THIS_PASS,FULL_TOP50K_EXACT_LOOKUP_50000,,NOT_CALCULATED_DENOMINATOR_NOT_FIXED,SUBTITLE_AUDIOVISUAL,2018,OpenSubtitles2018 via FrequencyWords processing,CC BY-SA 4.0 content,ALLOWED_WITH_ATTRIBUTION_AND_SHAREALIKE_BOUNDARY,NONE_FREQUENCY_DOES_NOT_SET_LEVEL,QUANT_SIGNAL_AVAILABLE_NOT_YET_COMPOSITE_SCORED,https://github.com/hermitdave/FrequencyWords/blob/master/content/2018/es/es_50k.txt,https://raw.githubusercontent.com/hermitdave/FrequencyWords/refs/heads/master/content/2018/es/es_50k.txt,Full continuous top-50k exact surface sweep completed on 2026-09-04. Frequency is quantitative evidence only and does not set CEFR level.,1.32
12B1-ATOM-0392,nuestra,ATOMIC_SURFACE_FORM,CORP-18,FrequencyWords / OpenSubtitles2018 Spanish 50k,FrequencyWords content/2018/es/es_50k.txt (OpenSubtitles2018-derived),SURFACE_SUBTITLE_OCCURRENCE_COUNT_AND_RANK,MEASURED_EXACT_SURFACE,221503,218,FOUND_TOP50K,EXACT_CASE_SENSITIVE_SURFACE_TOKEN,2026-09-04,,,,,NONE_OR_NOT_ANNOTATED_IN_THIS_PASS,FULL_TOP50K_EXACT_LOOKUP_50000,,NOT_CALCULATED_DENOMINATOR_NOT_FIXED,SUBTITLE_AUDIOVISUAL,2018,OpenSubtitles2018 via FrequencyWords processing,CC BY-SA 4.0 content,ALLOWED_WITH_ATTRIBUTION_AND_SHAREALIKE_BOUNDARY,NONE_FREQUENCY_DOES_NOT_SET_LEVEL,QUANT_SIGNAL_AVAILABLE_NOT_YET_COMPOSITE_SCORED,https://github.com/hermitdave/FrequencyWords/blob/master/content/2018/es/es_50k.txt,https://raw.githubusercontent.com/hermitdave/FrequencyWords/refs/heads/master/content/2018/es/es_50k.txt,Full continuous top-50k exact surface sweep completed on 2026-09-04. Frequency is quantitative evidence only and does not set CEFR level.,1.32
12B1-ATOM-0393,nuestras,ATOMIC_SURFACE_FORM,CORP-18,FrequencyWords / OpenSubtitles2018 Spanish 50k,FrequencyWords content/2018/es/es_50k.txt (OpenSubtitles2018-derived),SURFACE_SUBTITLE_OCCURRENCE_COUNT_AND_RANK,MEASURED_EXACT_SURFACE,73354,555,FOUND_TOP50K,EXACT_CASE_SENSITIVE_SURFACE_TOKEN,2026-09-04,,,,,NONE_OR_NOT_ANNOTATED_IN_THIS_PASS,FULL_TOP50K_EXACT_LOOKUP_50000,,NOT_CALCULATED_DENOMINATOR_NOT_FIXED,SUBTITLE_AUDIOVISUAL,2018,OpenSubtitles2018 via FrequencyWords processing,CC BY-SA 4.0 content,ALLOWED_WITH_ATTRIBUTION_AND_SHAREALIKE_BOUNDARY,NONE_FREQUENCY_DOES_NOT_SET_LEVEL,QUANT_SIGNAL_AVAILABLE_NOT_YET_COMPOSITE_SCORED,https://github.com/hermitdave/FrequencyWords/blob/master/content/2018/es/es_50k.txt,https://raw.githubusercontent.com/hermitdave/FrequencyWords/refs/heads/master/content/2018/es/es_50k.txt,Full continuous top-50k exact surface sweep completed on 2026-09-04. Frequency is quantitative evidence only and does not set CEFR level.,1.32
12B1-ATOM-0394,nuestro,ATOMIC_SURFACE_FORM,CORP-18,FrequencyWords / OpenSubtitles2018 Spanish 50k,FrequencyWords content/2018/es/es_50k.txt (OpenSubtitles2018-derived),SURFACE_SUBTITLE_OCCURRENCE_COUNT_AND_RANK,MEASURED_EXACT_SURFACE,254046,194,FOUND_TOP50K,EXACT_CASE_SENSITIVE_SURFACE_TOKEN,2026-09-04,,,,,NONE_OR_NOT_ANNOTATED_IN_THIS_PASS,FULL_TOP50K_EXACT_LOOKUP_50000,,NOT_CALCULATED_DENOMINATOR_NOT_FIXED,SUBTITLE_AUDIOVISUAL,2018,OpenSubtitles2018 via FrequencyWords processing,CC BY-SA 4.0 content,ALLOWED_WITH_ATTRIBUTION_AND_SHAREALIKE_BOUNDARY,NONE_FREQUENCY_DOES_NOT_SET_LEVEL,QUANT_SIGNAL_AVAILABLE_NOT_YET_COMPOSITE_SCORED,https://github.com/hermitdave/FrequencyWords/blob/master/content/2018/es/es_50k.txt,https://raw.githubusercontent.com/hermitdave/FrequencyWords/refs/heads/master/content/2018/es/es_50k.txt,Full continuous top-50k exact surface sweep completed on 2026-09-04. Frequency is quantitative evidence only and does not set CEFR level.,1.32
12B1-ATOM-0395,nuestros,ATOMIC_SURFACE_FORM,CORP-18,FrequencyWords / OpenSubtitles2018 Spanish 50k,FrequencyWords content/2018/es/es_50k.txt (OpenSubtitles2018-derived),SURFACE_SUBTITLE_OCCURRENCE_COUNT_AND_RANK,MEASURED_EXACT_SURFACE,114018,369,FOUND_TOP50K,EXACT_CASE_SENSITIVE_SURFACE_TOKEN,2026-09-04,,,,,NONE_OR_NOT_ANNOTATED_IN_THIS_PASS,FULL_TOP50K_EXACT_LOOKUP_50000,,NOT_CALCULATED_DENOMINATOR_NOT_FIXED,SUBTITLE_AUDIOVISUAL,2018,OpenSubtitles2018 via FrequencyWords processing,CC BY-SA 4.0 content,ALLOWED_WITH_ATTRIBUTION_AND_SHAREALIKE_BOUNDARY,NONE_FREQUENCY_DOES_NOT_SET_LEVEL,QUANT_SIGNAL_AVAILABLE_NOT_YET_COMPOSITE_SCORED,https://github.com/hermitdave/FrequencyWords/blob/master/content/2018/es/es_50k.txt,https://raw.githubusercontent.com/hermitdave/FrequencyWords/refs/heads/master/content/2018/es/es_50k.txt,Full continuous top-50k exact surface sweep completed on 2026-09-04. Frequency is quantitative evidence only and does not set CEFR level.,1.32
12B1-ATOM-0396,nuevo,ATOMIC_SURFACE_FORM,CORP-18,FrequencyWords / OpenSubtitles2018 Spanish 50k,FrequencyWords content/2018/es/es_50k.txt (OpenSubtitles2018-derived),SURFACE_SUBTITLE_OCCURRENCE_COUNT_AND_RANK,MEASURED_EXACT_SURFACE,269895,185,FOUND_TOP50K,EXACT_CASE_SENSITIVE_SURFACE_TOKEN,2026-09-04,,,,,NONE_OR_NOT_ANNOTATED_IN_THIS_PASS,FULL_TOP50K_EXACT_LOOKUP_50000,,NOT_CALCULATED_DENOMINATOR_NOT_FIXED,SUBTITLE_AUDIOVISUAL,2018,OpenSubtitles2018 via FrequencyWords processing,CC BY-SA 4.0 content,ALLOWED_WITH_ATTRIBUTION_AND_SHAREALIKE_BOUNDARY,NONE_FREQUENCY_DOES_NOT_SET_LEVEL,QUANT_SIGNAL_AVAILABLE_NOT_YET_COMPOSITE_SCORED,https://github.com/hermitdave/FrequencyWords/blob/master/content/2018/es/es_50k.txt,https://raw.githubusercontent.com/hermitdave/FrequencyWords/refs/heads/master/content/2018/es/es_50k.txt,Full continuous top-50k exact surface sweep completed on 2026-09-04. Frequency is quantitative evidence only and does not set CEFR level.,1.32
12B1-ATOM-0397,nunca,ATOMIC_SURFACE_FORM,CORP-18,FrequencyWords / OpenSubtitles2018 Spanish 50k,FrequencyWords content/2018/es/es_50k.txt (OpenSubtitles2018-derived),SURFACE_SUBTITLE_OCCURRENCE_COUNT_AND_RANK,MEASURED_EXACT_SURFACE,549997,98,FOUND_TOP50K,EXACT_CASE_SENSITIVE_SURFACE_TOKEN,2026-09-04,,,,,NONE_OR_NOT_ANNOTATED_IN_THIS_PASS,FULL_TOP50K_EXACT_LOOKUP_50000,,NOT_CALCULATED_DENOMINATOR_NOT_FIXED,SUBTITLE_AUDIOVISUAL,2018,OpenSubtitles2018 via FrequencyWords processing,CC BY-SA 4.0 content,ALLOWED_WITH_ATTRIBUTION_AND_SHAREALIKE_BOUNDARY,NONE_FREQUENCY_DOES_NOT_SET_LEVEL,QUANT_SIGNAL_AVAILABLE_NOT_YET_COMPOSITE_SCORED,https://github.com/hermitdave/FrequencyWords/blob/master/content/2018/es/es_50k.txt,https://raw.githubusercontent.com/hermitdave/FrequencyWords/refs/heads/master/content/2018/es/es_50k.txt,Full continuous top-50k exact surface sweep completed on 2026-09-04. Frequency is quantitative evidence only and does not set CEFR level.,1.32
12B1-ATOM-0398,número,ATOMIC_SURFACE_FORM,CORP-18,FrequencyWords / OpenSubtitles2018 Spanish 50k,FrequencyWords content/2018/es/es_50k.txt (OpenSubtitles2018-derived),SURFACE_SUBTITLE_OCCURRENCE_COUNT_AND_RANK,MEASURED_EXACT_SURFACE,92183,458,FOUND_TOP50K,EXACT_CASE_SENSITIVE_SURFACE_TOKEN,2026-09-04,,,,,NONE_OR_NOT_ANNOTATED_IN_THIS_PASS,FULL_TOP50K_EXACT_LOOKUP_50000,,NOT_CALCULATED_DENOMINATOR_NOT_FIXED,SUBTITLE_AUDIOVISUAL,2018,OpenSubtitles2018 via FrequencyWords processing,CC BY-SA 4.0 content,ALLOWED_WITH_ATTRIBUTION_AND_SHAREALIKE_BOUNDARY,NONE_FREQUENCY_DOES_NOT_SET_LEVEL,QUANT_SIGNAL_AVAILABLE_NOT_YET_COMPOSITE_SCORED,https://github.com/hermitdave/FrequencyWords/blob/master/content/2018/es/es_50k.txt,https://raw.githubusercontent.com/hermitdave/FrequencyWords/refs/heads/master/content/2018/es/es_50k.txt,Full continuous top-50k exact surface sweep completed on 2026-09-04. Frequency is quantitative evidence only and does not set CEFR level.,1.32
12B1-ATOM-0399,o,ATOMIC_SURFACE_FORM,CORP-18,FrequencyWords / OpenSubtitles2018 Spanish 50k,FrequencyWords content/2018/es/es_50k.txt (OpenSubtitles2018-derived),SURFACE_SUBTITLE_OCCURRENCE_COUNT_AND_RANK,MEASURED_EXACT_SURFACE,843972,61,FOUND_TOP50K,EXACT_CASE_SENSITIVE_SURFACE_TOKEN,2026-09-04,,,,,NONE_OR_NOT_ANNOTATED_IN_THIS_PASS,FULL_TOP50K_EXACT_LOOKUP_50000,,NOT_CALCULATED_DENOMINATOR_NOT_FIXED,SUBTITLE_AUDIOVISUAL,2018,OpenSubtitles2018 via FrequencyWords processing,CC BY-SA 4.0 content,ALLOWED_WITH_ATTRIBUTION_AND_SHAREALIKE_BOUNDARY,NONE_FREQUENCY_DOES_NOT_SET_LEVEL,QUANT_SIGNAL_AVAILABLE_NOT_YET_COMPOSITE_SCORED,https://github.com/hermitdave/FrequencyWords/blob/master/content/2018/es/es_50k.txt,https://raw.githubusercontent.com/hermitdave/FrequencyWords/refs/heads/master/content/2018/es/es_50k.txt,Full continuous top-50k exact surface sweep completed on 2026-09-04. Frequency is quantitative evidence only and does not set CEFR level.,1.32
12B1-ATOM-0400,octava,ATOMIC_SURFACE_FORM,CORP-18,FrequencyWords / OpenSubtitles2018 Spanish 50k,FrequencyWords content/2018/es/es_50k.txt (OpenSubtitles2018-derived),SURFACE_SUBTITLE_OCCURRENCE_COUNT_AND_RANK,MEASURED_EXACT_SURFACE,1251,15331,FOUND_TOP50K,EXACT_CASE_SENSITIVE_SURFACE_TOKEN,2026-09-04,,,,,NONE_OR_NOT_ANNOTATED_IN_THIS_PASS,FULL_TOP50K_EXACT_LOOKUP_50000,,NOT_CALCULATED_DENOMINATOR_NOT_FIXED,SUBTITLE_AUDIOVISUAL,2018,OpenSubtitles2018 via FrequencyWords processing,CC BY-SA 4.0 content,ALLOWED_WITH_ATTRIBUTION_AND_SHAREALIKE_BOUNDARY,NONE_FREQUENCY_DOES_NOT_SET_LEVEL,QUANT_SIGNAL_AVAILABLE_NOT_YET_COMPOSITE_SCORED,https://github.com/hermitdave/FrequencyWords/blob/master/content/2018/es/es_50k.txt,https://raw.githubusercontent.com/hermitdave/FrequencyWords/refs/heads/master/content/2018/es/es_50k.txt,Full continuous top-50k exact surface sweep completed on 2026-09-04. Frequency is quantitative evidence only and does not set CEFR level.,1.32
12B1-ATOM-0401,octavo,ATOMIC_SURFACE_FORM,CORP-18,FrequencyWords / OpenSubtitles2018 Spanish 50k,FrequencyWords content/2018/es/es_50k.txt (OpenSubtitles2018-derived),SURFACE_SUBTITLE_OCCURRENCE_COUNT_AND_RANK,MEASURED_EXACT_SURFACE,2177,10399,FOUND_TOP50K,EXACT_CASE_SENSITIVE_SURFACE_TOKEN,2026-09-04,,,,,NONE_OR_NOT_ANNOTATED_IN_THIS_PASS,FULL_TOP50K_EXACT_LOOKUP_50000,,NOT_CALCULATED_DENOMINATOR_NOT_FIXED,SUBTITLE_AUDIOVISUAL,2018,OpenSubtitles2018 via FrequencyWords processing,CC BY-SA 4.0 content,ALLOWED_WITH_ATTRIBUTION_AND_SHAREALIKE_BOUNDARY,NONE_FREQUENCY_DOES_NOT_SET_LEVEL,QUANT_SIGNAL_AVAILABLE_NOT_YET_COMPOSITE_SCORED,https://github.com/hermitdave/FrequencyWords/blob/master/content/2018/es/es_50k.txt,https://raw.githubusercontent.com/hermitdave/FrequencyWords/refs/heads/master/content/2018/es/es_50k.txt,Full continuous top-50k exact surface sweep completed on 2026-09-04. Frequency is quantitative evidence only and does not set CEFR level.,1.32
12B1-ATOM-0402,oeste,ATOMIC_SURFACE_FORM,CORP-18,FrequencyWords / OpenSubtitles2018 Spanish 50k,FrequencyWords content/2018/es/es_50k.txt (OpenSubtitles2018-derived),SURFACE_SUBTITLE_OCCURRENCE_COUNT_AND_RANK,MEASURED_EXACT_SURFACE,19385,1758,FOUND_TOP50K,EXACT_CASE_SENSITIVE_SURFACE_TOKEN,2026-09-04,,,,,NONE_OR_NOT_ANNOTATED_IN_THIS_PASS,FULL_TOP50K_EXACT_LOOKUP_50000,,NOT_CALCULATED_DENOMINATOR_NOT_FIXED,SUBTITLE_AUDIOVISUAL,2018,OpenSubtitles2018 via FrequencyWords processing,CC BY-SA 4.0 content,ALLOWED_WITH_ATTRIBUTION_AND_SHAREALIKE_BOUNDARY,NONE_FREQUENCY_DOES_NOT_SET_LEVEL,QUANT_SIGNAL_AVAILABLE_NOT_YET_COMPOSITE_SCORED,https://github.com/hermitdave/FrequencyWords/blob/master/content/2018/es/es_50k.txt,https://raw.githubusercontent.com/hermitdave/FrequencyWords/refs/heads/master/content/2018/es/es_50k.txt,Full continuous top-50k exact surface sweep completed on 2026-09-04. Frequency is quantitative evidence only and does not set CEFR level.,1.32
12B1-ATOM-0403,oficina,ATOMIC_SURFACE_FORM,CORP-18,FrequencyWords / OpenSubtitles2018 Spanish 50k,FrequencyWords content/2018/es/es_50k.txt (OpenSubtitles2018-derived),SURFACE_SUBTITLE_OCCURRENCE_COUNT_AND_RANK,MEASURED_EXACT_SURFACE,75697,537,FOUND_TOP50K,EXACT_CASE_SENSITIVE_SURFACE_TOKEN,2026-09-04,,,,,NONE_OR_NOT_ANNOTATED_IN_THIS_PASS,FULL_TOP50K_EXACT_LOOKUP_50000,,NOT_CALCULATED_DENOMINATOR_NOT_FIXED,SUBTITLE_AUDIOVISUAL,2018,OpenSubtitles2018 via FrequencyWords processing,CC BY-SA 4.0 content,ALLOWED_WITH_ATTRIBUTION_AND_SHAREALIKE_BOUNDARY,NONE_FREQUENCY_DOES_NOT_SET_LEVEL,QUANT_SIGNAL_AVAILABLE_NOT_YET_COMPOSITE_SCORED,https://github.com/hermitdave/FrequencyWords/blob/master/content/2018/es/es_50k.txt,https://raw.githubusercontent.com/hermitdave/FrequencyWords/refs/heads/master/content/2018/es/es_50k.txt,Full continuous top-50k exact surface sweep completed on 2026-09-04. Frequency is quantitative evidence only and does not set CEFR level.,1.32
12B1-ATOM-0404,ojo,ATOMIC_SURFACE_FORM,CORP-18,FrequencyWords / OpenSubtitles2018 Spanish 50k,FrequencyWords content/2018/es/es_50k.txt (OpenSubtitles2018-derived),SURFACE_SUBTITLE_OCCURRENCE_COUNT_AND_RANK,MEASURED_EXACT_SURFACE,28589,1240,FOUND_TOP50K,EXACT_CASE_SENSITIVE_SURFACE_TOKEN,2026-09-04,,,,,NONE_OR_NOT_ANNOTATED_IN_THIS_PASS,FULL_TOP50K_EXACT_LOOKUP_50000,,NOT_CALCULATED_DENOMINATOR_NOT_FIXED,SUBTITLE_AUDIOVISUAL,2018,OpenSubtitles2018 via FrequencyWords processing,CC BY-SA 4.0 content,ALLOWED_WITH_ATTRIBUTION_AND_SHAREALIKE_BOUNDARY,NONE_FREQUENCY_DOES_NOT_SET_LEVEL,QUANT_SIGNAL_AVAILABLE_NOT_YET_COMPOSITE_SCORED,https://github.com/hermitdave/FrequencyWords/blob/master/content/2018/es/es_50k.txt,https://raw.githubusercontent.com/hermitdave/FrequencyWords/refs/heads/master/content/2018/es/es_50k.txt,Full continuous top-50k exact surface sweep completed on 2026-09-04. Frequency is quantitative evidence only and does not set CEFR level.,1.32
12B1-ATOM-0405,okay,ATOMIC_SURFACE_FORM,CORP-18,FrequencyWords / OpenSubtitles2018 Spanish 50k,FrequencyWords content/2018/es/es_50k.txt (OpenSubtitles2018-derived),SURFACE_SUBTITLE_OCCURRENCE_COUNT_AND_RANK,MEASURED_EXACT_SURFACE,13145,2476,FOUND_TOP50K,EXACT_CASE_SENSITIVE_SURFACE_TOKEN,2026-09-04,,,,,PCIC_EXPLICIT_REGIONAL_USAGE,FULL_TOP50K_EXACT_LOOKUP_50000,,NOT_CALCULATED_DENOMINATOR_NOT_FIXED,SUBTITLE_AUDIOVISUAL,2018,OpenSubtitles2018 via FrequencyWords processing,CC BY-SA 4.0 content,ALLOWED_WITH_ATTRIBUTION_AND_SHAREALIKE_BOUNDARY,NONE_FREQUENCY_DOES_NOT_SET_LEVEL,QUANT_SIGNAL_AVAILABLE_NOT_YET_COMPOSITE_SCORED,https://github.com/hermitdave/FrequencyWords/blob/master/content/2018/es/es_50k.txt,https://raw.githubusercontent.com/hermitdave/FrequencyWords/refs/heads/master/content/2018/es/es_50k.txt,Full continuous top-50k exact surface sweep completed on 2026-09-04. Frequency is quantitative evidence only and does not set CEFR level.,1.32
12B1-ATOM-0406,ordenador,ATOMIC_SURFACE_FORM,CORP-18,FrequencyWords / OpenSubtitles2018 Spanish 50k,FrequencyWords content/2018/es/es_50k.txt (OpenSubtitles2018-derived),SURFACE_SUBTITLE_OCCURRENCE_COUNT_AND_RANK,MEASURED_EXACT_SURFACE,9604,3218,FOUND_TOP50K,EXACT_CASE_SENSITIVE_SURFACE_TOKEN,2026-09-04,,,,,NONE_OR_NOT_ANNOTATED_IN_THIS_PASS,FULL_TOP50K_EXACT_LOOKUP_50000,,NOT_CALCULATED_DENOMINATOR_NOT_FIXED,SUBTITLE_AUDIOVISUAL,2018,OpenSubtitles2018 via FrequencyWords processing,CC BY-SA 4.0 content,ALLOWED_WITH_ATTRIBUTION_AND_SHAREALIKE_BOUNDARY,NONE_FREQUENCY_DOES_NOT_SET_LEVEL,QUANT_SIGNAL_AVAILABLE_NOT_YET_COMPOSITE_SCORED,https://github.com/hermitdave/FrequencyWords/blob/master/content/2018/es/es_50k.txt,https://raw.githubusercontent.com/hermitdave/FrequencyWords/refs/heads/master/content/2018/es/es_50k.txt,Full continuous top-50k exact surface sweep completed on 2026-09-04. Frequency is quantitative evidence only and does not set CEFR level.,1.32
12B1-ATOM-0407,oscuro,ATOMIC_SURFACE_FORM,CORP-18,FrequencyWords / OpenSubtitles2018 Spanish 50k,FrequencyWords content/2018/es/es_50k.txt (OpenSubtitles2018-derived),SURFACE_SUBTITLE_OCCURRENCE_COUNT_AND_RANK,MEASURED_EXACT_SURFACE,19262,1766,FOUND_TOP50K,EXACT_CASE_SENSITIVE_SURFACE_TOKEN,2026-09-04,,,,,NONE_OR_NOT_ANNOTATED_IN_THIS_PASS,FULL_TOP50K_EXACT_LOOKUP_50000,,NOT_CALCULATED_DENOMINATOR_NOT_FIXED,SUBTITLE_AUDIOVISUAL,2018,OpenSubtitles2018 via FrequencyWords processing,CC BY-SA 4.0 content,ALLOWED_WITH_ATTRIBUTION_AND_SHAREALIKE_BOUNDARY,NONE_FREQUENCY_DOES_NOT_SET_LEVEL,QUANT_SIGNAL_AVAILABLE_NOT_YET_COMPOSITE_SCORED,https://github.com/hermitdave/FrequencyWords/blob/master/content/2018/es/es_50k.txt,https://raw.githubusercontent.com/hermitdave/FrequencyWords/refs/heads/master/content/2018/es/es_50k.txt,Full continuous top-50k exact surface sweep completed on 2026-09-04. Frequency is quantitative evidence only and does not set CEFR level.,1.32
12B1-ATOM-0408,otoño,ATOMIC_SURFACE_FORM,CORP-18,FrequencyWords / OpenSubtitles2018 Spanish 50k,FrequencyWords content/2018/es/es_50k.txt (OpenSubtitles2018-derived),SURFACE_SUBTITLE_OCCURRENCE_COUNT_AND_RANK,MEASURED_EXACT_SURFACE,5484,5113,FOUND_TOP50K,EXACT_CASE_SENSITIVE_SURFACE_TOKEN,2026-09-04,,,,,NONE_OR_NOT_ANNOTATED_IN_THIS_PASS,FULL_TOP50K_EXACT_LOOKUP_50000,,NOT_CALCULATED_DENOMINATOR_NOT_FIXED,SUBTITLE_AUDIOVISUAL,2018,OpenSubtitles2018 via FrequencyWords processing,CC BY-SA 4.0 content,ALLOWED_WITH_ATTRIBUTION_AND_SHAREALIKE_BOUNDARY,NONE_FREQUENCY_DOES_NOT_SET_LEVEL,QUANT_SIGNAL_AVAILABLE_NOT_YET_COMPOSITE_SCORED,https://github.com/hermitdave/FrequencyWords/blob/master/content/2018/es/es_50k.txt,https://raw.githubusercontent.com/hermitdave/FrequencyWords/refs/heads/master/content/2018/es/es_50k.txt,Full continuous top-50k exact surface sweep completed on 2026-09-04. Frequency is quantitative evidence only and does not set CEFR level.,1.32
12B1-ATOM-0409,padre,ATOMIC_SURFACE_FORM,CORP-18,FrequencyWords / OpenSubtitles2018 Spanish 50k,FrequencyWords content/2018/es/es_50k.txt (OpenSubtitles2018-derived),SURFACE_SUBTITLE_OCCURRENCE_COUNT_AND_RANK,MEASURED_EXACT_SURFACE,351051,147,FOUND_TOP50K,EXACT_CASE_SENSITIVE_SURFACE_TOKEN,2026-09-04,,,,,NONE_OR_NOT_ANNOTATED_IN_THIS_PASS,FULL_TOP50K_EXACT_LOOKUP_50000,,NOT_CALCULATED_DENOMINATOR_NOT_FIXED,SUBTITLE_AUDIOVISUAL,2018,OpenSubtitles2018 via FrequencyWords processing,CC BY-SA 4.0 content,ALLOWED_WITH_ATTRIBUTION_AND_SHAREALIKE_BOUNDARY,NONE_FREQUENCY_DOES_NOT_SET_LEVEL,QUANT_SIGNAL_AVAILABLE_NOT_YET_COMPOSITE_SCORED,https://github.com/hermitdave/FrequencyWords/blob/master/content/2018/es/es_50k.txt,https://raw.githubusercontent.com/hermitdave/FrequencyWords/refs/heads/master/content/2018/es/es_50k.txt,Full continuous top-50k exact surface sweep completed on 2026-09-04. Frequency is quantitative evidence only and does not set CEFR level.,1.32
12B1-ATOM-0410,padres,ATOMIC_SURFACE_FORM,CORP-18,FrequencyWords / OpenSubtitles2018 Spanish 50k,FrequencyWords content/2018/es/es_50k.txt (OpenSubtitles2018-derived),SURFACE_SUBTITLE_OCCURRENCE_COUNT_AND_RANK,MEASURED_EXACT_SURFACE,84855,495,FOUND_TOP50K,EXACT_CASE_SENSITIVE_SURFACE_TOKEN,2026-09-04,,,,,NONE_OR_NOT_ANNOTATED_IN_THIS_PASS,FULL_TOP50K_EXACT_LOOKUP_50000,,NOT_CALCULATED_DENOMINATOR_NOT_FIXED,SUBTITLE_AUDIOVISUAL,2018,OpenSubtitles2018 via FrequencyWords processing,CC BY-SA 4.0 content,ALLOWED_WITH_ATTRIBUTION_AND_SHAREALIKE_BOUNDARY,NONE_FREQUENCY_DOES_NOT_SET_LEVEL,QUANT_SIGNAL_AVAILABLE_NOT_YET_COMPOSITE_SCORED,https://github.com/hermitdave/FrequencyWords/blob/master/content/2018/es/es_50k.txt,https://raw.githubusercontent.com/hermitdave/FrequencyWords/refs/heads/master/content/2018/es/es_50k.txt,Full continuous top-50k exact surface sweep completed on 2026-09-04. Frequency is quantitative evidence only and does not set CEFR level.,1.32
12B1-ATOM-0411,paella,ATOMIC_SURFACE_FORM,CORP-18,FrequencyWords / OpenSubtitles2018 Spanish 50k,FrequencyWords content/2018/es/es_50k.txt (OpenSubtitles2018-derived),SURFACE_SUBTITLE_OCCURRENCE_COUNT_AND_RANK,MEASURED_EXACT_SURFACE,380,32914,FOUND_TOP50K,EXACT_CASE_SENSITIVE_SURFACE_TOKEN,2026-09-04,,,,,NONE_OR_NOT_ANNOTATED_IN_THIS_PASS,FULL_TOP50K_EXACT_LOOKUP_50000,,NOT_CALCULATED_DENOMINATOR_NOT_FIXED,SUBTITLE_AUDIOVISUAL,2018,OpenSubtitles2018 via FrequencyWords processing,CC BY-SA 4.0 content,ALLOWED_WITH_ATTRIBUTION_AND_SHAREALIKE_BOUNDARY,NONE_FREQUENCY_DOES_NOT_SET_LEVEL,QUANT_SIGNAL_AVAILABLE_NOT_YET_COMPOSITE_SCORED,https://github.com/hermitdave/FrequencyWords/blob/master/content/2018/es/es_50k.txt,https://raw.githubusercontent.com/hermitdave/FrequencyWords/refs/heads/master/content/2018/es/es_50k.txt,Full continuous top-50k exact surface sweep completed on 2026-09-04. Frequency is quantitative evidence only and does not set CEFR level.,1.32
12B1-ATOM-0412,pagar,ATOMIC_SURFACE_FORM,CORP-18,FrequencyWords / OpenSubtitles2018 Spanish 50k,FrequencyWords content/2018/es/es_50k.txt (OpenSubtitles2018-derived),SURFACE_SUBTITLE_OCCURRENCE_COUNT_AND_RANK,MEASURED_EXACT_SURFACE,48636,775,FOUND_TOP50K,EXACT_CASE_SENSITIVE_SURFACE_TOKEN,2026-09-04,,,,,NONE_OR_NOT_ANNOTATED_IN_THIS_PASS,FULL_TOP50K_EXACT_LOOKUP_50000,,NOT_CALCULATED_DENOMINATOR_NOT_FIXED,SUBTITLE_AUDIOVISUAL,2018,OpenSubtitles2018 via FrequencyWords processing,CC BY-SA 4.0 content,ALLOWED_WITH_ATTRIBUTION_AND_SHAREALIKE_BOUNDARY,NONE_FREQUENCY_DOES_NOT_SET_LEVEL,QUANT_SIGNAL_AVAILABLE_NOT_YET_COMPOSITE_SCORED,https://github.com/hermitdave/FrequencyWords/blob/master/content/2018/es/es_50k.txt,https://raw.githubusercontent.com/hermitdave/FrequencyWords/refs/heads/master/content/2018/es/es_50k.txt,Full continuous top-50k exact surface sweep completed on 2026-09-04. Frequency is quantitative evidence only and does not set CEFR level.,1.32
12B1-ATOM-0413,pan,ATOMIC_SURFACE_FORM,CORP-18,FrequencyWords / OpenSubtitles2018 Spanish 50k,FrequencyWords content/2018/es/es_50k.txt (OpenSubtitles2018-derived),SURFACE_SUBTITLE_OCCURRENCE_COUNT_AND_RANK,MEASURED_EXACT_SURFACE,22311,1549,FOUND_TOP50K,EXACT_CASE_SENSITIVE_SURFACE_TOKEN,2026-09-04,,,,,NONE_OR_NOT_ANNOTATED_IN_THIS_PASS,FULL_TOP50K_EXACT_LOOKUP_50000,,NOT_CALCULATED_DENOMINATOR_NOT_FIXED,SUBTITLE_AUDIOVISUAL,2018,OpenSubtitles2018 via FrequencyWords processing,CC BY-SA 4.0 content,ALLOWED_WITH_ATTRIBUTION_AND_SHAREALIKE_BOUNDARY,NONE_FREQUENCY_DOES_NOT_SET_LEVEL,QUANT_SIGNAL_AVAILABLE_NOT_YET_COMPOSITE_SCORED,https://github.com/hermitdave/FrequencyWords/blob/master/content/2018/es/es_50k.txt,https://raw.githubusercontent.com/hermitdave/FrequencyWords/refs/heads/master/content/2018/es/es_50k.txt,Full continuous top-50k exact surface sweep completed on 2026-09-04. Frequency is quantitative evidence only and does not set CEFR level.,1.32
12B1-ATOM-0414,pantalones,ATOMIC_SURFACE_FORM,CORP-18,FrequencyWords / OpenSubtitles2018 Spanish 50k,FrequencyWords content/2018/es/es_50k.txt (OpenSubtitles2018-derived),SURFACE_SUBTITLE_OCCURRENCE_COUNT_AND_RANK,MEASURED_EXACT_SURFACE,24609,1416,FOUND_TOP50K,EXACT_CASE_SENSITIVE_SURFACE_TOKEN,2026-09-04,,,,,NONE_OR_NOT_ANNOTATED_IN_THIS_PASS,FULL_TOP50K_EXACT_LOOKUP_50000,,NOT_CALCULATED_DENOMINATOR_NOT_FIXED,SUBTITLE_AUDIOVISUAL,2018,OpenSubtitles2018 via FrequencyWords processing,CC BY-SA 4.0 content,ALLOWED_WITH_ATTRIBUTION_AND_SHAREALIKE_BOUNDARY,NONE_FREQUENCY_DOES_NOT_SET_LEVEL,QUANT_SIGNAL_AVAILABLE_NOT_YET_COMPOSITE_SCORED,https://github.com/hermitdave/FrequencyWords/blob/master/content/2018/es/es_50k.txt,https://raw.githubusercontent.com/hermitdave/FrequencyWords/refs/heads/master/content/2018/es/es_50k.txt,Full continuous top-50k exact surface sweep completed on 2026-09-04. Frequency is quantitative evidence only and does not set CEFR level.,1.32
12B1-ATOM-0415,pantalón,ATOMIC_SURFACE_FORM,CORP-18,FrequencyWords / OpenSubtitles2018 Spanish 50k,FrequencyWords content/2018/es/es_50k.txt (OpenSubtitles2018-derived),SURFACE_SUBTITLE_OCCURRENCE_COUNT_AND_RANK,MEASURED_EXACT_SURFACE,2368,9783,FOUND_TOP50K,EXACT_CASE_SENSITIVE_SURFACE_TOKEN,2026-09-04,,,,,NONE_OR_NOT_ANNOTATED_IN_THIS_PASS,FULL_TOP50K_EXACT_LOOKUP_50000,,NOT_CALCULATED_DENOMINATOR_NOT_FIXED,SUBTITLE_AUDIOVISUAL,2018,OpenSubtitles2018 via FrequencyWords processing,CC BY-SA 4.0 content,ALLOWED_WITH_ATTRIBUTION_AND_SHAREALIKE_BOUNDARY,NONE_FREQUENCY_DOES_NOT_SET_LEVEL,QUANT_SIGNAL_AVAILABLE_NOT_YET_COMPOSITE_SCORED,https://github.com/hermitdave/FrequencyWords/blob/master/content/2018/es/es_50k.txt,https://raw.githubusercontent.com/hermitdave/FrequencyWords/refs/heads/master/content/2018/es/es_50k.txt,Full continuous top-50k exact surface sweep completed on 2026-09-04. Frequency is quantitative evidence only and does not set CEFR level.,1.32
12B1-ATOM-0416,papel,ATOMIC_SURFACE_FORM,CORP-18,FrequencyWords / OpenSubtitles2018 Spanish 50k,FrequencyWords content/2018/es/es_50k.txt (OpenSubtitles2018-derived),SURFACE_SUBTITLE_OCCURRENCE_COUNT_AND_RANK,MEASURED_EXACT_SURFACE,39262,935,FOUND_TOP50K,EXACT_CASE_SENSITIVE_SURFACE_TOKEN,2026-09-04,,,,,NONE_OR_NOT_ANNOTATED_IN_THIS_PASS,FULL_TOP50K_EXACT_LOOKUP_50000,,NOT_CALCULATED_DENOMINATOR_NOT_FIXED,SUBTITLE_AUDIOVISUAL,2018,OpenSubtitles2018 via FrequencyWords processing,CC BY-SA 4.0 content,ALLOWED_WITH_ATTRIBUTION_AND_SHAREALIKE_BOUNDARY,NONE_FREQUENCY_DOES_NOT_SET_LEVEL,QUANT_SIGNAL_AVAILABLE_NOT_YET_COMPOSITE_SCORED,https://github.com/hermitdave/FrequencyWords/blob/master/content/2018/es/es_50k.txt,https://raw.githubusercontent.com/hermitdave/FrequencyWords/refs/heads/master/content/2018/es/es_50k.txt,Full continuous top-50k exact surface sweep completed on 2026-09-04. Frequency is quantitative evidence only and does not set CEFR level.,1.32
12B1-ATOM-0417,para,ATOMIC_SURFACE_FORM,CORP-18,FrequencyWords / OpenSubtitles2018 Spanish 50k,FrequencyWords content/2018/es/es_50k.txt (OpenSubtitles2018-derived),SURFACE_SUBTITLE_OCCURRENCE_COUNT_AND_RANK,MEASURED_EXACT_SURFACE,2832100,20,FOUND_TOP50K,EXACT_CASE_SENSITIVE_SURFACE_TOKEN,2026-09-04,,,,,NONE_OR_NOT_ANNOTATED_IN_THIS_PASS,FULL_TOP50K_EXACT_LOOKUP_50000,,NOT_CALCULATED_DENOMINATOR_NOT_FIXED,SUBTITLE_AUDIOVISUAL,2018,OpenSubtitles2018 via FrequencyWords processing,CC BY-SA 4.0 content,ALLOWED_WITH_ATTRIBUTION_AND_SHAREALIKE_BOUNDARY,NONE_FREQUENCY_DOES_NOT_SET_LEVEL,QUANT_SIGNAL_AVAILABLE_NOT_YET_COMPOSITE_SCORED,https://github.com/hermitdave/FrequencyWords/blob/master/content/2018/es/es_50k.txt,https://raw.githubusercontent.com/hermitdave/FrequencyWords/refs/heads/master/content/2018/es/es_50k.txt,Full continuous top-50k exact surface sweep completed on 2026-09-04. Frequency is quantitative evidence only and does not set CEFR level.,1.32
12B1-ATOM-0418,parada,ATOMIC_SURFACE_FORM,CORP-18,FrequencyWords / OpenSubtitles2018 Spanish 50k,FrequencyWords content/2018/es/es_50k.txt (OpenSubtitles2018-derived),SURFACE_SUBTITLE_OCCURRENCE_COUNT_AND_RANK,MEASURED_EXACT_SURFACE,12633,2567,FOUND_TOP50K,EXACT_CASE_SENSITIVE_SURFACE_TOKEN,2026-09-04,,,,,NONE_OR_NOT_ANNOTATED_IN_THIS_PASS,FULL_TOP50K_EXACT_LOOKUP_50000,,NOT_CALCULATED_DENOMINATOR_NOT_FIXED,SUBTITLE_AUDIOVISUAL,2018,OpenSubtitles2018 via FrequencyWords processing,CC BY-SA 4.0 content,ALLOWED_WITH_ATTRIBUTION_AND_SHAREALIKE_BOUNDARY,NONE_FREQUENCY_DOES_NOT_SET_LEVEL,QUANT_SIGNAL_AVAILABLE_NOT_YET_COMPOSITE_SCORED,https://github.com/hermitdave/FrequencyWords/blob/master/content/2018/es/es_50k.txt,https://raw.githubusercontent.com/hermitdave/FrequencyWords/refs/heads/master/content/2018/es/es_50k.txt,Full continuous top-50k exact surface sweep completed on 2026-09-04. Frequency is quantitative evidence only and does not set CEFR level.,1.32
12B1-ATOM-0419,pareja,ATOMIC_SURFACE_FORM,CORP-18,FrequencyWords / OpenSubtitles2018 Spanish 50k,FrequencyWords content/2018/es/es_50k.txt (OpenSubtitles2018-derived),SURFACE_SUBTITLE_OCCURRENCE_COUNT_AND_RANK,MEASURED_EXACT_SURFACE,26503,1330,FOUND_TOP50K,EXACT_CASE_SENSITIVE_SURFACE_TOKEN,2026-09-04,,,,,NONE_OR_NOT_ANNOTATED_IN_THIS_PASS,FULL_TOP50K_EXACT_LOOKUP_50000,,NOT_CALCULATED_DENOMINATOR_NOT_FIXED,SUBTITLE_AUDIOVISUAL,2018,OpenSubtitles2018 via FrequencyWords processing,CC BY-SA 4.0 content,ALLOWED_WITH_ATTRIBUTION_AND_SHAREALIKE_BOUNDARY,NONE_FREQUENCY_DOES_NOT_SET_LEVEL,QUANT_SIGNAL_AVAILABLE_NOT_YET_COMPOSITE_SCORED,https://github.com/hermitdave/FrequencyWords/blob/master/content/2018/es/es_50k.txt,https://raw.githubusercontent.com/hermitdave/FrequencyWords/refs/heads/master/content/2018/es/es_50k.txt,Full continuous top-50k exact surface sweep completed on 2026-09-04. Frequency is quantitative evidence only and does not set CEFR level.,1.32
12B1-ATOM-0420,parque,ATOMIC_SURFACE_FORM,CORP-18,FrequencyWords / OpenSubtitles2018 Spanish 50k,FrequencyWords content/2018/es/es_50k.txt (OpenSubtitles2018-derived),SURFACE_SUBTITLE_OCCURRENCE_COUNT_AND_RANK,MEASURED_EXACT_SURFACE,20907,1646,FOUND_TOP50K,EXACT_CASE_SENSITIVE_SURFACE_TOKEN,2026-09-04,,,,,NONE_OR_NOT_ANNOTATED_IN_THIS_PASS,FULL_TOP50K_EXACT_LOOKUP_50000,,NOT_CALCULATED_DENOMINATOR_NOT_FIXED,SUBTITLE_AUDIOVISUAL,2018,OpenSubtitles2018 via FrequencyWords processing,CC BY-SA 4.0 content,ALLOWED_WITH_ATTRIBUTION_AND_SHAREALIKE_BOUNDARY,NONE_FREQUENCY_DOES_NOT_SET_LEVEL,QUANT_SIGNAL_AVAILABLE_NOT_YET_COMPOSITE_SCORED,https://github.com/hermitdave/FrequencyWords/blob/master/content/2018/es/es_50k.txt,https://raw.githubusercontent.com/hermitdave/FrequencyWords/refs/heads/master/content/2018/es/es_50k.txt,Full continuous top-50k exact surface sweep completed on 2026-09-04. Frequency is quantitative evidence only and does not set CEFR level.,1.32
12B1-ATOM-0421,parqueadero,ATOMIC_SURFACE_FORM,CORP-18,FrequencyWords / OpenSubtitles2018 Spanish 50k,FrequencyWords content/2018/es/es_50k.txt (OpenSubtitles2018-derived),SURFACE_SUBTITLE_OCCURRENCE_COUNT_AND_RANK,NOT_FOUND_TOP50K_EXACT_SURFACE,,,NOT_FOUND_TOP50K,EXACT_CASE_SENSITIVE_SURFACE_TOKEN_FULL_SCAN,2026-09-04,,,,,REGIONAL_VARIANT_A1_RECEPTIVE,FULL_TOP50K_EXACT_LOOKUP_50000,,NOT_CALCULATED_DENOMINATOR_NOT_FIXED,SUBTITLE_AUDIOVISUAL,2018,OpenSubtitles2018 via FrequencyWords processing,CC BY-SA 4.0 content,ALLOWED_WITH_ATTRIBUTION_AND_SHAREALIKE_BOUNDARY,NONE_FREQUENCY_DOES_NOT_SET_LEVEL,NO_QUANT_SIGNAL_FROM_THIS_SOURCE_NOT_ZERO,https://github.com/hermitdave/FrequencyWords/blob/master/content/2018/es/es_50k.txt,https://raw.githubusercontent.com/hermitdave/FrequencyWords/refs/heads/master/content/2018/es/es_50k.txt,Full continuous top-50k exact surface sweep completed on 2026-09-04. Frequency is quantitative evidence only and does not set CEFR level. Exact absence in this top-50k list is NOT frequency zero and does not alter the curricular level.,1.32
12B1-ATOM-0422,pasaporte,ATOMIC_SURFACE_FORM,CORP-18,FrequencyWords / OpenSubtitles2018 Spanish 50k,FrequencyWords content/2018/es/es_50k.txt (OpenSubtitles2018-derived),SURFACE_SUBTITLE_OCCURRENCE_COUNT_AND_RANK,MEASURED_EXACT_SURFACE,7104,4119,FOUND_TOP50K,EXACT_CASE_SENSITIVE_SURFACE_TOKEN,2026-09-04,,,,,NONE_OR_NOT_ANNOTATED_IN_THIS_PASS,FULL_TOP50K_EXACT_LOOKUP_50000,,NOT_CALCULATED_DENOMINATOR_NOT_FIXED,SUBTITLE_AUDIOVISUAL,2018,OpenSubtitles2018 via FrequencyWords processing,CC BY-SA 4.0 content,ALLOWED_WITH_ATTRIBUTION_AND_SHAREALIKE_BOUNDARY,NONE_FREQUENCY_DOES_NOT_SET_LEVEL,QUANT_SIGNAL_AVAILABLE_NOT_YET_COMPOSITE_SCORED,https://github.com/hermitdave/FrequencyWords/blob/master/content/2018/es/es_50k.txt,https://raw.githubusercontent.com/hermitdave/FrequencyWords/refs/heads/master/content/2018/es/es_50k.txt,Full continuous top-50k exact surface sweep completed on 2026-09-04. Frequency is quantitative evidence only and does not set CEFR level.,1.32
12B1-ATOM-0423,paseo,ATOMIC_SURFACE_FORM,CORP-18,FrequencyWords / OpenSubtitles2018 Spanish 50k,FrequencyWords content/2018/es/es_50k.txt (OpenSubtitles2018-derived),SURFACE_SUBTITLE_OCCURRENCE_COUNT_AND_RANK,MEASURED_EXACT_SURFACE,20024,1709,FOUND_TOP50K,EXACT_CASE_SENSITIVE_SURFACE_TOKEN,2026-09-04,,,,,NONE_OR_NOT_ANNOTATED_IN_THIS_PASS,FULL_TOP50K_EXACT_LOOKUP_50000,,NOT_CALCULATED_DENOMINATOR_NOT_FIXED,SUBTITLE_AUDIOVISUAL,2018,OpenSubtitles2018 via FrequencyWords processing,CC BY-SA 4.0 content,ALLOWED_WITH_ATTRIBUTION_AND_SHAREALIKE_BOUNDARY,NONE_FREQUENCY_DOES_NOT_SET_LEVEL,QUANT_SIGNAL_AVAILABLE_NOT_YET_COMPOSITE_SCORED,https://github.com/hermitdave/FrequencyWords/blob/master/content/2018/es/es_50k.txt,https://raw.githubusercontent.com/hermitdave/FrequencyWords/refs/heads/master/content/2018/es/es_50k.txt,Full continuous top-50k exact surface sweep completed on 2026-09-04. Frequency is quantitative evidence only and does not set CEFR level.,1.32
12B1-ATOM-0424,país,ATOMIC_SURFACE_FORM,CORP-18,FrequencyWords / OpenSubtitles2018 Spanish 50k,FrequencyWords content/2018/es/es_50k.txt (OpenSubtitles2018-derived),SURFACE_SUBTITLE_OCCURRENCE_COUNT_AND_RANK,MEASURED_EXACT_SURFACE,68539,583,FOUND_TOP50K,EXACT_CASE_SENSITIVE_SURFACE_TOKEN,2026-09-04,,,,,NONE_OR_NOT_ANNOTATED_IN_THIS_PASS,FULL_TOP50K_EXACT_LOOKUP_50000,,NOT_CALCULATED_DENOMINATOR_NOT_FIXED,SUBTITLE_AUDIOVISUAL,2018,OpenSubtitles2018 via FrequencyWords processing,CC BY-SA 4.0 content,ALLOWED_WITH_ATTRIBUTION_AND_SHAREALIKE_BOUNDARY,NONE_FREQUENCY_DOES_NOT_SET_LEVEL,QUANT_SIGNAL_AVAILABLE_NOT_YET_COMPOSITE_SCORED,https://github.com/hermitdave/FrequencyWords/blob/master/content/2018/es/es_50k.txt,https://raw.githubusercontent.com/hermitdave/FrequencyWords/refs/heads/master/content/2018/es/es_50k.txt,Full continuous top-50k exact surface sweep completed on 2026-09-04. Frequency is quantitative evidence only and does not set CEFR level.,1.32
12B1-ATOM-0425,pelo,ATOMIC_SURFACE_FORM,CORP-18,FrequencyWords / OpenSubtitles2018 Spanish 50k,FrequencyWords content/2018/es/es_50k.txt (OpenSubtitles2018-derived),SURFACE_SUBTITLE_OCCURRENCE_COUNT_AND_RANK,MEASURED_EXACT_SURFACE,48293,785,FOUND_TOP50K,EXACT_CASE_SENSITIVE_SURFACE_TOKEN,2026-09-04,,,,,NONE_OR_NOT_ANNOTATED_IN_THIS_PASS,FULL_TOP50K_EXACT_LOOKUP_50000,,NOT_CALCULATED_DENOMINATOR_NOT_FIXED,SUBTITLE_AUDIOVISUAL,2018,OpenSubtitles2018 via FrequencyWords processing,CC BY-SA 4.0 content,ALLOWED_WITH_ATTRIBUTION_AND_SHAREALIKE_BOUNDARY,NONE_FREQUENCY_DOES_NOT_SET_LEVEL,QUANT_SIGNAL_AVAILABLE_NOT_YET_COMPOSITE_SCORED,https://github.com/hermitdave/FrequencyWords/blob/master/content/2018/es/es_50k.txt,https://raw.githubusercontent.com/hermitdave/FrequencyWords/refs/heads/master/content/2018/es/es_50k.txt,Full continuous top-50k exact surface sweep completed on 2026-09-04. Frequency is quantitative evidence only and does not set CEFR level.,1.32
12B1-ATOM-0426,película,ATOMIC_SURFACE_FORM,CORP-18,FrequencyWords / OpenSubtitles2018 Spanish 50k,FrequencyWords content/2018/es/es_50k.txt (OpenSubtitles2018-derived),SURFACE_SUBTITLE_OCCURRENCE_COUNT_AND_RANK,MEASURED_EXACT_SURFACE,61985,641,FOUND_TOP50K,EXACT_CASE_SENSITIVE_SURFACE_TOKEN,2026-09-04,,,,,NONE_OR_NOT_ANNOTATED_IN_THIS_PASS,FULL_TOP50K_EXACT_LOOKUP_50000,,NOT_CALCULATED_DENOMINATOR_NOT_FIXED,SUBTITLE_AUDIOVISUAL,2018,OpenSubtitles2018 via FrequencyWords processing,CC BY-SA 4.0 content,ALLOWED_WITH_ATTRIBUTION_AND_SHAREALIKE_BOUNDARY,NONE_FREQUENCY_DOES_NOT_SET_LEVEL,QUANT_SIGNAL_AVAILABLE_NOT_YET_COMPOSITE_SCORED,https://github.com/hermitdave/FrequencyWords/blob/master/content/2018/es/es_50k.txt,https://raw.githubusercontent.com/hermitdave/FrequencyWords/refs/heads/master/content/2018/es/es_50k.txt,Full continuous top-50k exact surface sweep completed on 2026-09-04. Frequency is quantitative evidence only and does not set CEFR level.,1.32
12B1-ATOM-0427,pequeño,ATOMIC_SURFACE_FORM,CORP-18,FrequencyWords / OpenSubtitles2018 Spanish 50k,FrequencyWords content/2018/es/es_50k.txt (OpenSubtitles2018-derived),SURFACE_SUBTITLE_OCCURRENCE_COUNT_AND_RANK,MEASURED_EXACT_SURFACE,103016,414,FOUND_TOP50K,EXACT_CASE_SENSITIVE_SURFACE_TOKEN,2026-09-04,,,,,NONE_OR_NOT_ANNOTATED_IN_THIS_PASS,FULL_TOP50K_EXACT_LOOKUP_50000,,NOT_CALCULATED_DENOMINATOR_NOT_FIXED,SUBTITLE_AUDIOVISUAL,2018,OpenSubtitles2018 via FrequencyWords processing,CC BY-SA 4.0 content,ALLOWED_WITH_ATTRIBUTION_AND_SHAREALIKE_BOUNDARY,NONE_FREQUENCY_DOES_NOT_SET_LEVEL,QUANT_SIGNAL_AVAILABLE_NOT_YET_COMPOSITE_SCORED,https://github.com/hermitdave/FrequencyWords/blob/master/content/2018/es/es_50k.txt,https://raw.githubusercontent.com/hermitdave/FrequencyWords/refs/heads/master/content/2018/es/es_50k.txt,Full continuous top-50k exact surface sweep completed on 2026-09-04. Frequency is quantitative evidence only and does not set CEFR level.,1.32
12B1-ATOM-0428,perdón,ATOMIC_SURFACE_FORM,CORP-18,FrequencyWords / OpenSubtitles2018 Spanish 50k,FrequencyWords content/2018/es/es_50k.txt (OpenSubtitles2018-derived),SURFACE_SUBTITLE_OCCURRENCE_COUNT_AND_RANK,MEASURED_EXACT_SURFACE,67516,586,FOUND_TOP50K,EXACT_CASE_SENSITIVE_SURFACE_TOKEN,2026-09-04,,,,,NONE_OR_NOT_ANNOTATED_IN_THIS_PASS,FULL_TOP50K_EXACT_LOOKUP_50000,,NOT_CALCULATED_DENOMINATOR_NOT_FIXED,SUBTITLE_AUDIOVISUAL,2018,OpenSubtitles2018 via FrequencyWords processing,CC BY-SA 4.0 content,ALLOWED_WITH_ATTRIBUTION_AND_SHAREALIKE_BOUNDARY,NONE_FREQUENCY_DOES_NOT_SET_LEVEL,QUANT_SIGNAL_AVAILABLE_NOT_YET_COMPOSITE_SCORED,https://github.com/hermitdave/FrequencyWords/blob/master/content/2018/es/es_50k.txt,https://raw.githubusercontent.com/hermitdave/FrequencyWords/refs/heads/master/content/2018/es/es_50k.txt,Full continuous top-50k exact surface sweep completed on 2026-09-04. Frequency is quantitative evidence only and does not set CEFR level.,1.32
12B1-ATOM-0429,periódico,ATOMIC_SURFACE_FORM,CORP-18,FrequencyWords / OpenSubtitles2018 Spanish 50k,FrequencyWords content/2018/es/es_50k.txt (OpenSubtitles2018-derived),SURFACE_SUBTITLE_OCCURRENCE_COUNT_AND_RANK,MEASURED_EXACT_SURFACE,17023,1974,FOUND_TOP50K,EXACT_CASE_SENSITIVE_SURFACE_TOKEN,2026-09-04,,,,,NONE_OR_NOT_ANNOTATED_IN_THIS_PASS,FULL_TOP50K_EXACT_LOOKUP_50000,,NOT_CALCULATED_DENOMINATOR_NOT_FIXED,SUBTITLE_AUDIOVISUAL,2018,OpenSubtitles2018 via FrequencyWords processing,CC BY-SA 4.0 content,ALLOWED_WITH_ATTRIBUTION_AND_SHAREALIKE_BOUNDARY,NONE_FREQUENCY_DOES_NOT_SET_LEVEL,QUANT_SIGNAL_AVAILABLE_NOT_YET_COMPOSITE_SCORED,https://github.com/hermitdave/FrequencyWords/blob/master/content/2018/es/es_50k.txt,https://raw.githubusercontent.com/hermitdave/FrequencyWords/refs/heads/master/content/2018/es/es_50k.txt,Full continuous top-50k exact surface sweep completed on 2026-09-04. Frequency is quantitative evidence only and does not set CEFR level.,1.32
12B1-ATOM-0430,pero,ATOMIC_SURFACE_FORM,CORP-18,FrequencyWords / OpenSubtitles2018 Spanish 50k,FrequencyWords content/2018/es/es_50k.txt (OpenSubtitles2018-derived),SURFACE_SUBTITLE_OCCURRENCE_COUNT_AND_RANK,MEASURED_EXACT_SURFACE,2369484,23,FOUND_TOP50K,EXACT_CASE_SENSITIVE_SURFACE_TOKEN,2026-09-04,,,,,NONE_OR_NOT_ANNOTATED_IN_THIS_PASS,FULL_TOP50K_EXACT_LOOKUP_50000,,NOT_CALCULATED_DENOMINATOR_NOT_FIXED,SUBTITLE_AUDIOVISUAL,2018,OpenSubtitles2018 via FrequencyWords processing,CC BY-SA 4.0 content,ALLOWED_WITH_ATTRIBUTION_AND_SHAREALIKE_BOUNDARY,NONE_FREQUENCY_DOES_NOT_SET_LEVEL,QUANT_SIGNAL_AVAILABLE_NOT_YET_COMPOSITE_SCORED,https://github.com/hermitdave/FrequencyWords/blob/master/content/2018/es/es_50k.txt,https://raw.githubusercontent.com/hermitdave/FrequencyWords/refs/heads/master/content/2018/es/es_50k.txt,Full continuous top-50k exact surface sweep completed on 2026-09-04. Frequency is quantitative evidence only and does not set CEFR level.,1.32
12B1-ATOM-0431,pescado,ATOMIC_SURFACE_FORM,CORP-18,FrequencyWords / OpenSubtitles2018 Spanish 50k,FrequencyWords content/2018/es/es_50k.txt (OpenSubtitles2018-derived),SURFACE_SUBTITLE_OCCURRENCE_COUNT_AND_RANK,MEASURED_EXACT_SURFACE,13262,2464,FOUND_TOP50K,EXACT_CASE_SENSITIVE_SURFACE_TOKEN,2026-09-04,,,,,NONE_OR_NOT_ANNOTATED_IN_THIS_PASS,FULL_TOP50K_EXACT_LOOKUP_50000,,NOT_CALCULATED_DENOMINATOR_NOT_FIXED,SUBTITLE_AUDIOVISUAL,2018,OpenSubtitles2018 via FrequencyWords processing,CC BY-SA 4.0 content,ALLOWED_WITH_ATTRIBUTION_AND_SHAREALIKE_BOUNDARY,NONE_FREQUENCY_DOES_NOT_SET_LEVEL,QUANT_SIGNAL_AVAILABLE_NOT_YET_COMPOSITE_SCORED,https://github.com/hermitdave/FrequencyWords/blob/master/content/2018/es/es_50k.txt,https://raw.githubusercontent.com/hermitdave/FrequencyWords/refs/heads/master/content/2018/es/es_50k.txt,Full continuous top-50k exact surface sweep completed on 2026-09-04. Frequency is quantitative evidence only and does not set CEFR level.,1.32
12B1-ATOM-0432,piso,ATOMIC_SURFACE_FORM,CORP-18,FrequencyWords / OpenSubtitles2018 Spanish 50k,FrequencyWords content/2018/es/es_50k.txt (OpenSubtitles2018-derived),SURFACE_SUBTITLE_OCCURRENCE_COUNT_AND_RANK,MEASURED_EXACT_SURFACE,36054,1007,FOUND_TOP50K,EXACT_CASE_SENSITIVE_SURFACE_TOKEN,2026-09-04,,,,,NONE_OR_NOT_ANNOTATED_IN_THIS_PASS,FULL_TOP50K_EXACT_LOOKUP_50000,,NOT_CALCULATED_DENOMINATOR_NOT_FIXED,SUBTITLE_AUDIOVISUAL,2018,OpenSubtitles2018 via FrequencyWords processing,CC BY-SA 4.0 content,ALLOWED_WITH_ATTRIBUTION_AND_SHAREALIKE_BOUNDARY,NONE_FREQUENCY_DOES_NOT_SET_LEVEL,QUANT_SIGNAL_AVAILABLE_NOT_YET_COMPOSITE_SCORED,https://github.com/hermitdave/FrequencyWords/blob/master/content/2018/es/es_50k.txt,https://raw.githubusercontent.com/hermitdave/FrequencyWords/refs/heads/master/content/2018/es/es_50k.txt,Full continuous top-50k exact surface sweep completed on 2026-09-04. Frequency is quantitative evidence only and does not set CEFR level.,1.32
12B1-ATOM-0433,pizarra,ATOMIC_SURFACE_FORM,CORP-18,FrequencyWords / OpenSubtitles2018 Spanish 50k,FrequencyWords content/2018/es/es_50k.txt (OpenSubtitles2018-derived),SURFACE_SUBTITLE_OCCURRENCE_COUNT_AND_RANK,MEASURED_EXACT_SURFACE,1846,11680,FOUND_TOP50K,EXACT_CASE_SENSITIVE_SURFACE_TOKEN,2026-09-04,,,,,NONE_OR_NOT_ANNOTATED_IN_THIS_PASS,FULL_TOP50K_EXACT_LOOKUP_50000,,NOT_CALCULATED_DENOMINATOR_NOT_FIXED,SUBTITLE_AUDIOVISUAL,2018,OpenSubtitles2018 via FrequencyWords processing,CC BY-SA 4.0 content,ALLOWED_WITH_ATTRIBUTION_AND_SHAREALIKE_BOUNDARY,NONE_FREQUENCY_DOES_NOT_SET_LEVEL,QUANT_SIGNAL_AVAILABLE_NOT_YET_COMPOSITE_SCORED,https://github.com/hermitdave/FrequencyWords/blob/master/content/2018/es/es_50k.txt,https://raw.githubusercontent.com/hermitdave/FrequencyWords/refs/heads/master/content/2018/es/es_50k.txt,Full continuous top-50k exact surface sweep completed on 2026-09-04. Frequency is quantitative evidence only and does not set CEFR level.,1.32
12B1-ATOM-0434,pizarrón,ATOMIC_SURFACE_FORM,CORP-18,FrequencyWords / OpenSubtitles2018 Spanish 50k,FrequencyWords content/2018/es/es_50k.txt (OpenSubtitles2018-derived),SURFACE_SUBTITLE_OCCURRENCE_COUNT_AND_RANK,MEASURED_EXACT_SURFACE,386,32599,FOUND_TOP50K,EXACT_CASE_SENSITIVE_SURFACE_TOKEN,2026-09-04,,,,,REGIONAL_VARIANT_A1_RECEPTIVE,FULL_TOP50K_EXACT_LOOKUP_50000,,NOT_CALCULATED_DENOMINATOR_NOT_FIXED,SUBTITLE_AUDIOVISUAL,2018,OpenSubtitles2018 via FrequencyWords processing,CC BY-SA 4.0 content,ALLOWED_WITH_ATTRIBUTION_AND_SHAREALIKE_BOUNDARY,NONE_FREQUENCY_DOES_NOT_SET_LEVEL,QUANT_SIGNAL_AVAILABLE_NOT_YET_COMPOSITE_SCORED,https://github.com/hermitdave/FrequencyWords/blob/master/content/2018/es/es_50k.txt,https://raw.githubusercontent.com/hermitdave/FrequencyWords/refs/heads/master/content/2018/es/es_50k.txt,Full continuous top-50k exact surface sweep completed on 2026-09-04. Frequency is quantitative evidence only and does not set CEFR level.,1.32
12B1-ATOM-0435,plano,ATOMIC_SURFACE_FORM,CORP-18,FrequencyWords / OpenSubtitles2018 Spanish 50k,FrequencyWords content/2018/es/es_50k.txt (OpenSubtitles2018-derived),SURFACE_SUBTITLE_OCCURRENCE_COUNT_AND_RANK,MEASURED_EXACT_SURFACE,6059,4713,FOUND_TOP50K,EXACT_CASE_SENSITIVE_SURFACE_TOKEN,2026-09-04,,,,,NONE_OR_NOT_ANNOTATED_IN_THIS_PASS,FULL_TOP50K_EXACT_LOOKUP_50000,,NOT_CALCULATED_DENOMINATOR_NOT_FIXED,SUBTITLE_AUDIOVISUAL,2018,OpenSubtitles2018 via FrequencyWords processing,CC BY-SA 4.0 content,ALLOWED_WITH_ATTRIBUTION_AND_SHAREALIKE_BOUNDARY,NONE_FREQUENCY_DOES_NOT_SET_LEVEL,QUANT_SIGNAL_AVAILABLE_NOT_YET_COMPOSITE_SCORED,https://github.com/hermitdave/FrequencyWords/blob/master/content/2018/es/es_50k.txt,https://raw.githubusercontent.com/hermitdave/FrequencyWords/refs/heads/master/content/2018/es/es_50k.txt,Full continuous top-50k exact surface sweep completed on 2026-09-04. Frequency is quantitative evidence only and does not set CEFR level.,1.32
12B1-ATOM-0436,planta,ATOMIC_SURFACE_FORM,CORP-18,FrequencyWords / OpenSubtitles2018 Spanish 50k,FrequencyWords content/2018/es/es_50k.txt (OpenSubtitles2018-derived),SURFACE_SUBTITLE_OCCURRENCE_COUNT_AND_RANK,MEASURED_EXACT_SURFACE,13868,2372,FOUND_TOP50K,EXACT_CASE_SENSITIVE_SURFACE_TOKEN,2026-09-04,,,,,NONE_OR_NOT_ANNOTATED_IN_THIS_PASS,FULL_TOP50K_EXACT_LOOKUP_50000,,NOT_CALCULATED_DENOMINATOR_NOT_FIXED,SUBTITLE_AUDIOVISUAL,2018,OpenSubtitles2018 via FrequencyWords processing,CC BY-SA 4.0 content,ALLOWED_WITH_ATTRIBUTION_AND_SHAREALIKE_BOUNDARY,NONE_FREQUENCY_DOES_NOT_SET_LEVEL,QUANT_SIGNAL_AVAILABLE_NOT_YET_COMPOSITE_SCORED,https://github.com/hermitdave/FrequencyWords/blob/master/content/2018/es/es_50k.txt,https://raw.githubusercontent.com/hermitdave/FrequencyWords/refs/heads/master/content/2018/es/es_50k.txt,Full continuous top-50k exact surface sweep completed on 2026-09-04. Frequency is quantitative evidence only and does not set CEFR level.,1.32
12B1-ATOM-0437,playa,ATOMIC_SURFACE_FORM,CORP-18,FrequencyWords / OpenSubtitles2018 Spanish 50k,FrequencyWords content/2018/es/es_50k.txt (OpenSubtitles2018-derived),SURFACE_SUBTITLE_OCCURRENCE_COUNT_AND_RANK,MEASURED_EXACT_SURFACE,21337,1619,FOUND_TOP50K,EXACT_CASE_SENSITIVE_SURFACE_TOKEN,2026-09-04,,,,,NONE_OR_NOT_ANNOTATED_IN_THIS_PASS,FULL_TOP50K_EXACT_LOOKUP_50000,,NOT_CALCULATED_DENOMINATOR_NOT_FIXED,SUBTITLE_AUDIOVISUAL,2018,OpenSubtitles2018 via FrequencyWords processing,CC BY-SA 4.0 content,ALLOWED_WITH_ATTRIBUTION_AND_SHAREALIKE_BOUNDARY,NONE_FREQUENCY_DOES_NOT_SET_LEVEL,QUANT_SIGNAL_AVAILABLE_NOT_YET_COMPOSITE_SCORED,https://github.com/hermitdave/FrequencyWords/blob/master/content/2018/es/es_50k.txt,https://raw.githubusercontent.com/hermitdave/FrequencyWords/refs/heads/master/content/2018/es/es_50k.txt,Full continuous top-50k exact surface sweep completed on 2026-09-04. Frequency is quantitative evidence only and does not set CEFR level.,1.32
12B1-ATOM-0438,plaza,ATOMIC_SURFACE_FORM,CORP-18,FrequencyWords / OpenSubtitles2018 Spanish 50k,FrequencyWords content/2018/es/es_50k.txt (OpenSubtitles2018-derived),SURFACE_SUBTITLE_OCCURRENCE_COUNT_AND_RANK,MEASURED_EXACT_SURFACE,8759,3505,FOUND_TOP50K,EXACT_CASE_SENSITIVE_SURFACE_TOKEN,2026-09-04,,,,,NONE_OR_NOT_ANNOTATED_IN_THIS_PASS,FULL_TOP50K_EXACT_LOOKUP_50000,,NOT_CALCULATED_DENOMINATOR_NOT_FIXED,SUBTITLE_AUDIOVISUAL,2018,OpenSubtitles2018 via FrequencyWords processing,CC BY-SA 4.0 content,ALLOWED_WITH_ATTRIBUTION_AND_SHAREALIKE_BOUNDARY,NONE_FREQUENCY_DOES_NOT_SET_LEVEL,QUANT_SIGNAL_AVAILABLE_NOT_YET_COMPOSITE_SCORED,https://github.com/hermitdave/FrequencyWords/blob/master/content/2018/es/es_50k.txt,https://raw.githubusercontent.com/hermitdave/FrequencyWords/refs/heads/master/content/2018/es/es_50k.txt,Full continuous top-50k exact surface sweep completed on 2026-09-04. Frequency is quantitative evidence only and does not set CEFR level.,1.32
12B1-ATOM-0439,poco,ATOMIC_SURFACE_FORM,CORP-18,FrequencyWords / OpenSubtitles2018 Spanish 50k,FrequencyWords content/2018/es/es_50k.txt (OpenSubtitles2018-derived),SURFACE_SUBTITLE_OCCURRENCE_COUNT_AND_RANK,MEASURED_EXACT_SURFACE,397739,133,FOUND_TOP50K,EXACT_CASE_SENSITIVE_SURFACE_TOKEN,2026-09-04,,,,,NONE_OR_NOT_ANNOTATED_IN_THIS_PASS,FULL_TOP50K_EXACT_LOOKUP_50000,,NOT_CALCULATED_DENOMINATOR_NOT_FIXED,SUBTITLE_AUDIOVISUAL,2018,OpenSubtitles2018 via FrequencyWords processing,CC BY-SA 4.0 content,ALLOWED_WITH_ATTRIBUTION_AND_SHAREALIKE_BOUNDARY,NONE_FREQUENCY_DOES_NOT_SET_LEVEL,QUANT_SIGNAL_AVAILABLE_NOT_YET_COMPOSITE_SCORED,https://github.com/hermitdave/FrequencyWords/blob/master/content/2018/es/es_50k.txt,https://raw.githubusercontent.com/hermitdave/FrequencyWords/refs/heads/master/content/2018/es/es_50k.txt,Full continuous top-50k exact surface sweep completed on 2026-09-04. Frequency is quantitative evidence only and does not set CEFR level.,1.32
12B1-ATOM-0440,pocos,ATOMIC_SURFACE_FORM,CORP-18,FrequencyWords / OpenSubtitles2018 Spanish 50k,FrequencyWords content/2018/es/es_50k.txt (OpenSubtitles2018-derived),SURFACE_SUBTITLE_OCCURRENCE_COUNT_AND_RANK,MEASURED_EXACT_SURFACE,20047,1706,FOUND_TOP50K,EXACT_CASE_SENSITIVE_SURFACE_TOKEN,2026-09-04,,,,,NONE_OR_NOT_ANNOTATED_IN_THIS_PASS,FULL_TOP50K_EXACT_LOOKUP_50000,,NOT_CALCULATED_DENOMINATOR_NOT_FIXED,SUBTITLE_AUDIOVISUAL,2018,OpenSubtitles2018 via FrequencyWords processing,CC BY-SA 4.0 content,ALLOWED_WITH_ATTRIBUTION_AND_SHAREALIKE_BOUNDARY,NONE_FREQUENCY_DOES_NOT_SET_LEVEL,QUANT_SIGNAL_AVAILABLE_NOT_YET_COMPOSITE_SCORED,https://github.com/hermitdave/FrequencyWords/blob/master/content/2018/es/es_50k.txt,https://raw.githubusercontent.com/hermitdave/FrequencyWords/refs/heads/master/content/2018/es/es_50k.txt,Full continuous top-50k exact surface sweep completed on 2026-09-04. Frequency is quantitative evidence only and does not set CEFR level.,1.32
12B1-ATOM-0441,poder,ATOMIC_SURFACE_FORM,CORP-18,FrequencyWords / OpenSubtitles2018 Spanish 50k,FrequencyWords content/2018/es/es_50k.txt (OpenSubtitles2018-derived),SURFACE_SUBTITLE_OCCURRENCE_COUNT_AND_RANK,MEASURED_EXACT_SURFACE,115246,362,FOUND_TOP50K,EXACT_CASE_SENSITIVE_SURFACE_TOKEN,2026-09-04,,,,,NONE_OR_NOT_ANNOTATED_IN_THIS_PASS,FULL_TOP50K_EXACT_LOOKUP_50000,,NOT_CALCULATED_DENOMINATOR_NOT_FIXED,SUBTITLE_AUDIOVISUAL,2018,OpenSubtitles2018 via FrequencyWords processing,CC BY-SA 4.0 content,ALLOWED_WITH_ATTRIBUTION_AND_SHAREALIKE_BOUNDARY,NONE_FREQUENCY_DOES_NOT_SET_LEVEL,QUANT_SIGNAL_AVAILABLE_NOT_YET_COMPOSITE_SCORED,https://github.com/hermitdave/FrequencyWords/blob/master/content/2018/es/es_50k.txt,https://raw.githubusercontent.com/hermitdave/FrequencyWords/refs/heads/master/content/2018/es/es_50k.txt,Full continuous top-50k exact surface sweep completed on 2026-09-04. Frequency is quantitative evidence only and does not set CEFR level.,1.32
12B1-ATOM-0442,policía,ATOMIC_SURFACE_FORM,CORP-18,FrequencyWords / OpenSubtitles2018 Spanish 50k,FrequencyWords content/2018/es/es_50k.txt (OpenSubtitles2018-derived),SURFACE_SUBTITLE_OCCURRENCE_COUNT_AND_RANK,MEASURED_EXACT_SURFACE,175471,256,FOUND_TOP50K,EXACT_CASE_SENSITIVE_SURFACE_TOKEN,2026-09-04,,,,,NONE_OR_NOT_ANNOTATED_IN_THIS_PASS,FULL_TOP50K_EXACT_LOOKUP_50000,,NOT_CALCULATED_DENOMINATOR_NOT_FIXED,SUBTITLE_AUDIOVISUAL,2018,OpenSubtitles2018 via FrequencyWords processing,CC BY-SA 4.0 content,ALLOWED_WITH_ATTRIBUTION_AND_SHAREALIKE_BOUNDARY,NONE_FREQUENCY_DOES_NOT_SET_LEVEL,QUANT_SIGNAL_AVAILABLE_NOT_YET_COMPOSITE_SCORED,https://github.com/hermitdave/FrequencyWords/blob/master/content/2018/es/es_50k.txt,https://raw.githubusercontent.com/hermitdave/FrequencyWords/refs/heads/master/content/2018/es/es_50k.txt,Full continuous top-50k exact surface sweep completed on 2026-09-04. Frequency is quantitative evidence only and does not set CEFR level.,1.32
12B1-ATOM-0443,porque,ATOMIC_SURFACE_FORM,CORP-18,FrequencyWords / OpenSubtitles2018 Spanish 50k,FrequencyWords content/2018/es/es_50k.txt (OpenSubtitles2018-derived),SURFACE_SUBTITLE_OCCURRENCE_COUNT_AND_RANK,MEASURED_EXACT_SURFACE,685059,76,FOUND_TOP50K,EXACT_CASE_SENSITIVE_SURFACE_TOKEN,2026-09-04,,,,,NONE_OR_NOT_ANNOTATED_IN_THIS_PASS,FULL_TOP50K_EXACT_LOOKUP_50000,,NOT_CALCULATED_DENOMINATOR_NOT_FIXED,SUBTITLE_AUDIOVISUAL,2018,OpenSubtitles2018 via FrequencyWords processing,CC BY-SA 4.0 content,ALLOWED_WITH_ATTRIBUTION_AND_SHAREALIKE_BOUNDARY,NONE_FREQUENCY_DOES_NOT_SET_LEVEL,QUANT_SIGNAL_AVAILABLE_NOT_YET_COMPOSITE_SCORED,https://github.com/hermitdave/FrequencyWords/blob/master/content/2018/es/es_50k.txt,https://raw.githubusercontent.com/hermitdave/FrequencyWords/refs/heads/master/content/2018/es/es_50k.txt,Full continuous top-50k exact surface sweep completed on 2026-09-04. Frequency is quantitative evidence only and does not set CEFR level.,1.32
12B1-ATOM-0444,posible,ATOMIC_SURFACE_FORM,CORP-18,FrequencyWords / OpenSubtitles2018 Spanish 50k,FrequencyWords content/2018/es/es_50k.txt (OpenSubtitles2018-derived),SURFACE_SUBTITLE_OCCURRENCE_COUNT_AND_RANK,MEASURED_EXACT_SURFACE,92449,455,FOUND_TOP50K,EXACT_CASE_SENSITIVE_SURFACE_TOKEN,2026-09-04,,,,,NONE_OR_NOT_ANNOTATED_IN_THIS_PASS,FULL_TOP50K_EXACT_LOOKUP_50000,,NOT_CALCULATED_DENOMINATOR_NOT_FIXED,SUBTITLE_AUDIOVISUAL,2018,OpenSubtitles2018 via FrequencyWords processing,CC BY-SA 4.0 content,ALLOWED_WITH_ATTRIBUTION_AND_SHAREALIKE_BOUNDARY,NONE_FREQUENCY_DOES_NOT_SET_LEVEL,QUANT_SIGNAL_AVAILABLE_NOT_YET_COMPOSITE_SCORED,https://github.com/hermitdave/FrequencyWords/blob/master/content/2018/es/es_50k.txt,https://raw.githubusercontent.com/hermitdave/FrequencyWords/refs/heads/master/content/2018/es/es_50k.txt,Full continuous top-50k exact surface sweep completed on 2026-09-04. Frequency is quantitative evidence only and does not set CEFR level.,1.32
12B1-ATOM-0445,postal,ATOMIC_SURFACE_FORM,CORP-18,FrequencyWords / OpenSubtitles2018 Spanish 50k,FrequencyWords content/2018/es/es_50k.txt (OpenSubtitles2018-derived),SURFACE_SUBTITLE_OCCURRENCE_COUNT_AND_RANK,MEASURED_EXACT_SURFACE,4055,6499,FOUND_TOP50K,EXACT_CASE_SENSITIVE_SURFACE_TOKEN,2026-09-04,,,,,NONE_OR_NOT_ANNOTATED_IN_THIS_PASS,FULL_TOP50K_EXACT_LOOKUP_50000,,NOT_CALCULATED_DENOMINATOR_NOT_FIXED,SUBTITLE_AUDIOVISUAL,2018,OpenSubtitles2018 via FrequencyWords processing,CC BY-SA 4.0 content,ALLOWED_WITH_ATTRIBUTION_AND_SHAREALIKE_BOUNDARY,NONE_FREQUENCY_DOES_NOT_SET_LEVEL,QUANT_SIGNAL_AVAILABLE_NOT_YET_COMPOSITE_SCORED,https://github.com/hermitdave/FrequencyWords/blob/master/content/2018/es/es_50k.txt,https://raw.githubusercontent.com/hermitdave/FrequencyWords/refs/heads/master/content/2018/es/es_50k.txt,Full continuous top-50k exact surface sweep completed on 2026-09-04. Frequency is quantitative evidence only and does not set CEFR level.,1.32
12B1-ATOM-0446,postre,ATOMIC_SURFACE_FORM,CORP-18,FrequencyWords / OpenSubtitles2018 Spanish 50k,FrequencyWords content/2018/es/es_50k.txt (OpenSubtitles2018-derived),SURFACE_SUBTITLE_OCCURRENCE_COUNT_AND_RANK,MEASURED_EXACT_SURFACE,6435,4492,FOUND_TOP50K,EXACT_CASE_SENSITIVE_SURFACE_TOKEN,2026-09-04,,,,,NONE_OR_NOT_ANNOTATED_IN_THIS_PASS,FULL_TOP50K_EXACT_LOOKUP_50000,,NOT_CALCULATED_DENOMINATOR_NOT_FIXED,SUBTITLE_AUDIOVISUAL,2018,OpenSubtitles2018 via FrequencyWords processing,CC BY-SA 4.0 content,ALLOWED_WITH_ATTRIBUTION_AND_SHAREALIKE_BOUNDARY,NONE_FREQUENCY_DOES_NOT_SET_LEVEL,QUANT_SIGNAL_AVAILABLE_NOT_YET_COMPOSITE_SCORED,https://github.com/hermitdave/FrequencyWords/blob/master/content/2018/es/es_50k.txt,https://raw.githubusercontent.com/hermitdave/FrequencyWords/refs/heads/master/content/2018/es/es_50k.txt,Full continuous top-50k exact surface sweep completed on 2026-09-04. Frequency is quantitative evidence only and does not set CEFR level.,1.32
12B1-ATOM-0447,practicar,ATOMIC_SURFACE_FORM,CORP-18,FrequencyWords / OpenSubtitles2018 Spanish 50k,FrequencyWords content/2018/es/es_50k.txt (OpenSubtitles2018-derived),SURFACE_SUBTITLE_OCCURRENCE_COUNT_AND_RANK,MEASURED_EXACT_SURFACE,6361,4531,FOUND_TOP50K,EXACT_CASE_SENSITIVE_SURFACE_TOKEN,2026-09-04,,,,,NONE_OR_NOT_ANNOTATED_IN_THIS_PASS,FULL_TOP50K_EXACT_LOOKUP_50000,,NOT_CALCULATED_DENOMINATOR_NOT_FIXED,SUBTITLE_AUDIOVISUAL,2018,OpenSubtitles2018 via FrequencyWords processing,CC BY-SA 4.0 content,ALLOWED_WITH_ATTRIBUTION_AND_SHAREALIKE_BOUNDARY,NONE_FREQUENCY_DOES_NOT_SET_LEVEL,QUANT_SIGNAL_AVAILABLE_NOT_YET_COMPOSITE_SCORED,https://github.com/hermitdave/FrequencyWords/blob/master/content/2018/es/es_50k.txt,https://raw.githubusercontent.com/hermitdave/FrequencyWords/refs/heads/master/content/2018/es/es_50k.txt,Full continuous top-50k exact surface sweep completed on 2026-09-04. Frequency is quantitative evidence only and does not set CEFR level.,1.32
12B1-ATOM-0448,precio,ATOMIC_SURFACE_FORM,CORP-18,FrequencyWords / OpenSubtitles2018 Spanish 50k,FrequencyWords content/2018/es/es_50k.txt (OpenSubtitles2018-derived),SURFACE_SUBTITLE_OCCURRENCE_COUNT_AND_RANK,MEASURED_EXACT_SURFACE,28723,1230,FOUND_TOP50K,EXACT_CASE_SENSITIVE_SURFACE_TOKEN,2026-09-04,,,,,NONE_OR_NOT_ANNOTATED_IN_THIS_PASS,FULL_TOP50K_EXACT_LOOKUP_50000,,NOT_CALCULATED_DENOMINATOR_NOT_FIXED,SUBTITLE_AUDIOVISUAL,2018,OpenSubtitles2018 via FrequencyWords processing,CC BY-SA 4.0 content,ALLOWED_WITH_ATTRIBUTION_AND_SHAREALIKE_BOUNDARY,NONE_FREQUENCY_DOES_NOT_SET_LEVEL,QUANT_SIGNAL_AVAILABLE_NOT_YET_COMPOSITE_SCORED,https://github.com/hermitdave/FrequencyWords/blob/master/content/2018/es/es_50k.txt,https://raw.githubusercontent.com/hermitdave/FrequencyWords/refs/heads/master/content/2018/es/es_50k.txt,Full continuous top-50k exact surface sweep completed on 2026-09-04. Frequency is quantitative evidence only and does not set CEFR level.,1.32
12B1-ATOM-0449,preferir,ATOMIC_SURFACE_FORM,CORP-18,FrequencyWords / OpenSubtitles2018 Spanish 50k,FrequencyWords content/2018/es/es_50k.txt (OpenSubtitles2018-derived),SURFACE_SUBTITLE_OCCURRENCE_COUNT_AND_RANK,MEASURED_EXACT_SURFACE,260,41183,FOUND_TOP50K,EXACT_CASE_SENSITIVE_SURFACE_TOKEN,2026-09-04,,,,,NONE_OR_NOT_ANNOTATED_IN_THIS_PASS,FULL_TOP50K_EXACT_LOOKUP_50000,,NOT_CALCULATED_DENOMINATOR_NOT_FIXED,SUBTITLE_AUDIOVISUAL,2018,OpenSubtitles2018 via FrequencyWords processing,CC BY-SA 4.0 content,ALLOWED_WITH_ATTRIBUTION_AND_SHAREALIKE_BOUNDARY,NONE_FREQUENCY_DOES_NOT_SET_LEVEL,QUANT_SIGNAL_AVAILABLE_NOT_YET_COMPOSITE_SCORED,https://github.com/hermitdave/FrequencyWords/blob/master/content/2018/es/es_50k.txt,https://raw.githubusercontent.com/hermitdave/FrequencyWords/refs/heads/master/content/2018/es/es_50k.txt,Full continuous top-50k exact surface sweep completed on 2026-09-04. Frequency is quantitative evidence only and does not set CEFR level.,1.32
12B1-ATOM-0450,pregunta,ATOMIC_SURFACE_FORM,CORP-18,FrequencyWords / OpenSubtitles2018 Spanish 50k,FrequencyWords content/2018/es/es_50k.txt (OpenSubtitles2018-derived),SURFACE_SUBTITLE_OCCURRENCE_COUNT_AND_RANK,MEASURED_EXACT_SURFACE,89617,470,FOUND_TOP50K,EXACT_CASE_SENSITIVE_SURFACE_TOKEN,2026-09-04,,,,,NONE_OR_NOT_ANNOTATED_IN_THIS_PASS,FULL_TOP50K_EXACT_LOOKUP_50000,,NOT_CALCULATED_DENOMINATOR_NOT_FIXED,SUBTITLE_AUDIOVISUAL,2018,OpenSubtitles2018 via FrequencyWords processing,CC BY-SA 4.0 content,ALLOWED_WITH_ATTRIBUTION_AND_SHAREALIKE_BOUNDARY,NONE_FREQUENCY_DOES_NOT_SET_LEVEL,QUANT_SIGNAL_AVAILABLE_NOT_YET_COMPOSITE_SCORED,https://github.com/hermitdave/FrequencyWords/blob/master/content/2018/es/es_50k.txt,https://raw.githubusercontent.com/hermitdave/FrequencyWords/refs/heads/master/content/2018/es/es_50k.txt,Full continuous top-50k exact surface sweep completed on 2026-09-04. Frequency is quantitative evidence only and does not set CEFR level.,1.32
12B1-ATOM-0451,presidente,ATOMIC_SURFACE_FORM,CORP-18,FrequencyWords / OpenSubtitles2018 Spanish 50k,FrequencyWords content/2018/es/es_50k.txt (OpenSubtitles2018-derived),SURFACE_SUBTITLE_OCCURRENCE_COUNT_AND_RANK,MEASURED_EXACT_SURFACE,61090,649,FOUND_TOP50K,EXACT_CASE_SENSITIVE_SURFACE_TOKEN,2026-09-04,,,,,NONE_OR_NOT_ANNOTATED_IN_THIS_PASS,FULL_TOP50K_EXACT_LOOKUP_50000,,NOT_CALCULATED_DENOMINATOR_NOT_FIXED,SUBTITLE_AUDIOVISUAL,2018,OpenSubtitles2018 via FrequencyWords processing,CC BY-SA 4.0 content,ALLOWED_WITH_ATTRIBUTION_AND_SHAREALIKE_BOUNDARY,NONE_FREQUENCY_DOES_NOT_SET_LEVEL,QUANT_SIGNAL_AVAILABLE_NOT_YET_COMPOSITE_SCORED,https://github.com/hermitdave/FrequencyWords/blob/master/content/2018/es/es_50k.txt,https://raw.githubusercontent.com/hermitdave/FrequencyWords/refs/heads/master/content/2018/es/es_50k.txt,Full continuous top-50k exact surface sweep completed on 2026-09-04. Frequency is quantitative evidence only and does not set CEFR level.,1.32
12B1-ATOM-0452,primavera,ATOMIC_SURFACE_FORM,CORP-18,FrequencyWords / OpenSubtitles2018 Spanish 50k,FrequencyWords content/2018/es/es_50k.txt (OpenSubtitles2018-derived),SURFACE_SUBTITLE_OCCURRENCE_COUNT_AND_RANK,MEASURED_EXACT_SURFACE,10950,2900,FOUND_TOP50K,EXACT_CASE_SENSITIVE_SURFACE_TOKEN,2026-09-04,,,,,NONE_OR_NOT_ANNOTATED_IN_THIS_PASS,FULL_TOP50K_EXACT_LOOKUP_50000,,NOT_CALCULATED_DENOMINATOR_NOT_FIXED,SUBTITLE_AUDIOVISUAL,2018,OpenSubtitles2018 via FrequencyWords processing,CC BY-SA 4.0 content,ALLOWED_WITH_ATTRIBUTION_AND_SHAREALIKE_BOUNDARY,NONE_FREQUENCY_DOES_NOT_SET_LEVEL,QUANT_SIGNAL_AVAILABLE_NOT_YET_COMPOSITE_SCORED,https://github.com/hermitdave/FrequencyWords/blob/master/content/2018/es/es_50k.txt,https://raw.githubusercontent.com/hermitdave/FrequencyWords/refs/heads/master/content/2018/es/es_50k.txt,Full continuous top-50k exact surface sweep completed on 2026-09-04. Frequency is quantitative evidence only and does not set CEFR level.,1.32
12B1-ATOM-0453,primer,ATOMIC_SURFACE_FORM,CORP-18,FrequencyWords / OpenSubtitles2018 Spanish 50k,FrequencyWords content/2018/es/es_50k.txt (OpenSubtitles2018-derived),SURFACE_SUBTITLE_OCCURRENCE_COUNT_AND_RANK,MEASURED_EXACT_SURFACE,104138,407,FOUND_TOP50K,EXACT_CASE_SENSITIVE_SURFACE_TOKEN,2026-09-04,,,,,NONE_OR_NOT_ANNOTATED_IN_THIS_PASS,FULL_TOP50K_EXACT_LOOKUP_50000,,NOT_CALCULATED_DENOMINATOR_NOT_FIXED,SUBTITLE_AUDIOVISUAL,2018,OpenSubtitles2018 via FrequencyWords processing,CC BY-SA 4.0 content,ALLOWED_WITH_ATTRIBUTION_AND_SHAREALIKE_BOUNDARY,NONE_FREQUENCY_DOES_NOT_SET_LEVEL,QUANT_SIGNAL_AVAILABLE_NOT_YET_COMPOSITE_SCORED,https://github.com/hermitdave/FrequencyWords/blob/master/content/2018/es/es_50k.txt,https://raw.githubusercontent.com/hermitdave/FrequencyWords/refs/heads/master/content/2018/es/es_50k.txt,Full continuous top-50k exact surface sweep completed on 2026-09-04. Frequency is quantitative evidence only and does not set CEFR level.,1.32
12B1-ATOM-0454,primera,ATOMIC_SURFACE_FORM,CORP-18,FrequencyWords / OpenSubtitles2018 Spanish 50k,FrequencyWords content/2018/es/es_50k.txt (OpenSubtitles2018-derived),SURFACE_SUBTITLE_OCCURRENCE_COUNT_AND_RANK,MEASURED_EXACT_SURFACE,145110,291,FOUND_TOP50K,EXACT_CASE_SENSITIVE_SURFACE_TOKEN,2026-09-04,,,,,NONE_OR_NOT_ANNOTATED_IN_THIS_PASS,FULL_TOP50K_EXACT_LOOKUP_50000,,NOT_CALCULATED_DENOMINATOR_NOT_FIXED,SUBTITLE_AUDIOVISUAL,2018,OpenSubtitles2018 via FrequencyWords processing,CC BY-SA 4.0 content,ALLOWED_WITH_ATTRIBUTION_AND_SHAREALIKE_BOUNDARY,NONE_FREQUENCY_DOES_NOT_SET_LEVEL,QUANT_SIGNAL_AVAILABLE_NOT_YET_COMPOSITE_SCORED,https://github.com/hermitdave/FrequencyWords/blob/master/content/2018/es/es_50k.txt,https://raw.githubusercontent.com/hermitdave/FrequencyWords/refs/heads/master/content/2018/es/es_50k.txt,Full continuous top-50k exact surface sweep completed on 2026-09-04. Frequency is quantitative evidence only and does not set CEFR level.,1.32
12B1-ATOM-0455,primero,ATOMIC_SURFACE_FORM,CORP-18,FrequencyWords / OpenSubtitles2018 Spanish 50k,FrequencyWords content/2018/es/es_50k.txt (OpenSubtitles2018-derived),SURFACE_SUBTITLE_OCCURRENCE_COUNT_AND_RANK,MEASURED_EXACT_SURFACE,131298,324,FOUND_TOP50K,EXACT_CASE_SENSITIVE_SURFACE_TOKEN,2026-09-04,,,,,NONE_OR_NOT_ANNOTATED_IN_THIS_PASS,FULL_TOP50K_EXACT_LOOKUP_50000,,NOT_CALCULATED_DENOMINATOR_NOT_FIXED,SUBTITLE_AUDIOVISUAL,2018,OpenSubtitles2018 via FrequencyWords processing,CC BY-SA 4.0 content,ALLOWED_WITH_ATTRIBUTION_AND_SHAREALIKE_BOUNDARY,NONE_FREQUENCY_DOES_NOT_SET_LEVEL,QUANT_SIGNAL_AVAILABLE_NOT_YET_COMPOSITE_SCORED,https://github.com/hermitdave/FrequencyWords/blob/master/content/2018/es/es_50k.txt,https://raw.githubusercontent.com/hermitdave/FrequencyWords/refs/heads/master/content/2018/es/es_50k.txt,Full continuous top-50k exact surface sweep completed on 2026-09-04. Frequency is quantitative evidence only and does not set CEFR level.,1.32
12B1-ATOM-0456,primo,ATOMIC_SURFACE_FORM,CORP-18,FrequencyWords / OpenSubtitles2018 Spanish 50k,FrequencyWords content/2018/es/es_50k.txt (OpenSubtitles2018-derived),SURFACE_SUBTITLE_OCCURRENCE_COUNT_AND_RANK,MEASURED_EXACT_SURFACE,16896,1991,FOUND_TOP50K,EXACT_CASE_SENSITIVE_SURFACE_TOKEN,2026-09-04,,,,,NONE_OR_NOT_ANNOTATED_IN_THIS_PASS,FULL_TOP50K_EXACT_LOOKUP_50000,,NOT_CALCULATED_DENOMINATOR_NOT_FIXED,SUBTITLE_AUDIOVISUAL,2018,OpenSubtitles2018 via FrequencyWords processing,CC BY-SA 4.0 content,ALLOWED_WITH_ATTRIBUTION_AND_SHAREALIKE_BOUNDARY,NONE_FREQUENCY_DOES_NOT_SET_LEVEL,QUANT_SIGNAL_AVAILABLE_NOT_YET_COMPOSITE_SCORED,https://github.com/hermitdave/FrequencyWords/blob/master/content/2018/es/es_50k.txt,https://raw.githubusercontent.com/hermitdave/FrequencyWords/refs/heads/master/content/2018/es/es_50k.txt,Full continuous top-50k exact surface sweep completed on 2026-09-04. Frequency is quantitative evidence only and does not set CEFR level.,1.32
12B1-ATOM-0457,profesión,ATOMIC_SURFACE_FORM,CORP-18,FrequencyWords / OpenSubtitles2018 Spanish 50k,FrequencyWords content/2018/es/es_50k.txt (OpenSubtitles2018-derived),SURFACE_SUBTITLE_OCCURRENCE_COUNT_AND_RANK,MEASURED_EXACT_SURFACE,5935,4783,FOUND_TOP50K,EXACT_CASE_SENSITIVE_SURFACE_TOKEN,2026-09-04,,,,,NONE_OR_NOT_ANNOTATED_IN_THIS_PASS,FULL_TOP50K_EXACT_LOOKUP_50000,,NOT_CALCULATED_DENOMINATOR_NOT_FIXED,SUBTITLE_AUDIOVISUAL,2018,OpenSubtitles2018 via FrequencyWords processing,CC BY-SA 4.0 content,ALLOWED_WITH_ATTRIBUTION_AND_SHAREALIKE_BOUNDARY,NONE_FREQUENCY_DOES_NOT_SET_LEVEL,QUANT_SIGNAL_AVAILABLE_NOT_YET_COMPOSITE_SCORED,https://github.com/hermitdave/FrequencyWords/blob/master/content/2018/es/es_50k.txt,https://raw.githubusercontent.com/hermitdave/FrequencyWords/refs/heads/master/content/2018/es/es_50k.txt,Full continuous top-50k exact surface sweep completed on 2026-09-04. Frequency is quantitative evidence only and does not set CEFR level.,1.32
12B1-ATOM-0458,profesor,ATOMIC_SURFACE_FORM,CORP-18,FrequencyWords / OpenSubtitles2018 Spanish 50k,FrequencyWords content/2018/es/es_50k.txt (OpenSubtitles2018-derived),SURFACE_SUBTITLE_OCCURRENCE_COUNT_AND_RANK,MEASURED_EXACT_SURFACE,43370,852,FOUND_TOP50K,EXACT_CASE_SENSITIVE_SURFACE_TOKEN,2026-09-04,,,,,NONE_OR_NOT_ANNOTATED_IN_THIS_PASS,FULL_TOP50K_EXACT_LOOKUP_50000,,NOT_CALCULATED_DENOMINATOR_NOT_FIXED,SUBTITLE_AUDIOVISUAL,2018,OpenSubtitles2018 via FrequencyWords processing,CC BY-SA 4.0 content,ALLOWED_WITH_ATTRIBUTION_AND_SHAREALIKE_BOUNDARY,NONE_FREQUENCY_DOES_NOT_SET_LEVEL,QUANT_SIGNAL_AVAILABLE_NOT_YET_COMPOSITE_SCORED,https://github.com/hermitdave/FrequencyWords/blob/master/content/2018/es/es_50k.txt,https://raw.githubusercontent.com/hermitdave/FrequencyWords/refs/heads/master/content/2018/es/es_50k.txt,Full continuous top-50k exact surface sweep completed on 2026-09-04. Frequency is quantitative evidence only and does not set CEFR level.,1.32
12B1-ATOM-0459,pronto,ATOMIC_SURFACE_FORM,CORP-18,FrequencyWords / OpenSubtitles2018 Spanish 50k,FrequencyWords content/2018/es/es_50k.txt (OpenSubtitles2018-derived),SURFACE_SUBTITLE_OCCURRENCE_COUNT_AND_RANK,MEASURED_EXACT_SURFACE,128135,333,FOUND_TOP50K,EXACT_CASE_SENSITIVE_SURFACE_TOKEN,2026-09-04,,,,,NONE_OR_NOT_ANNOTATED_IN_THIS_PASS,FULL_TOP50K_EXACT_LOOKUP_50000,,NOT_CALCULATED_DENOMINATOR_NOT_FIXED,SUBTITLE_AUDIOVISUAL,2018,OpenSubtitles2018 via FrequencyWords processing,CC BY-SA 4.0 content,ALLOWED_WITH_ATTRIBUTION_AND_SHAREALIKE_BOUNDARY,NONE_FREQUENCY_DOES_NOT_SET_LEVEL,QUANT_SIGNAL_AVAILABLE_NOT_YET_COMPOSITE_SCORED,https://github.com/hermitdave/FrequencyWords/blob/master/content/2018/es/es_50k.txt,https://raw.githubusercontent.com/hermitdave/FrequencyWords/refs/heads/master/content/2018/es/es_50k.txt,Full continuous top-50k exact surface sweep completed on 2026-09-04. Frequency is quantitative evidence only and does not set CEFR level.,1.32
12B1-ATOM-0460,publicidad,ATOMIC_SURFACE_FORM,CORP-18,FrequencyWords / OpenSubtitles2018 Spanish 50k,FrequencyWords content/2018/es/es_50k.txt (OpenSubtitles2018-derived),SURFACE_SUBTITLE_OCCURRENCE_COUNT_AND_RANK,MEASURED_EXACT_SURFACE,8287,3642,FOUND_TOP50K,EXACT_CASE_SENSITIVE_SURFACE_TOKEN,2026-09-04,,,,,NONE_OR_NOT_ANNOTATED_IN_THIS_PASS,FULL_TOP50K_EXACT_LOOKUP_50000,,NOT_CALCULATED_DENOMINATOR_NOT_FIXED,SUBTITLE_AUDIOVISUAL,2018,OpenSubtitles2018 via FrequencyWords processing,CC BY-SA 4.0 content,ALLOWED_WITH_ATTRIBUTION_AND_SHAREALIKE_BOUNDARY,NONE_FREQUENCY_DOES_NOT_SET_LEVEL,QUANT_SIGNAL_AVAILABLE_NOT_YET_COMPOSITE_SCORED,https://github.com/hermitdave/FrequencyWords/blob/master/content/2018/es/es_50k.txt,https://raw.githubusercontent.com/hermitdave/FrequencyWords/refs/heads/master/content/2018/es/es_50k.txt,Full continuous top-50k exact surface sweep completed on 2026-09-04. Frequency is quantitative evidence only and does not set CEFR level.,1.32
12B1-ATOM-0461,pueblo,ATOMIC_SURFACE_FORM,CORP-18,FrequencyWords / OpenSubtitles2018 Spanish 50k,FrequencyWords content/2018/es/es_50k.txt (OpenSubtitles2018-derived),SURFACE_SUBTITLE_OCCURRENCE_COUNT_AND_RANK,MEASURED_EXACT_SURFACE,70465,570,FOUND_TOP50K,EXACT_CASE_SENSITIVE_SURFACE_TOKEN,2026-09-04,,,,,NONE_OR_NOT_ANNOTATED_IN_THIS_PASS,FULL_TOP50K_EXACT_LOOKUP_50000,,NOT_CALCULATED_DENOMINATOR_NOT_FIXED,SUBTITLE_AUDIOVISUAL,2018,OpenSubtitles2018 via FrequencyWords processing,CC BY-SA 4.0 content,ALLOWED_WITH_ATTRIBUTION_AND_SHAREALIKE_BOUNDARY,NONE_FREQUENCY_DOES_NOT_SET_LEVEL,QUANT_SIGNAL_AVAILABLE_NOT_YET_COMPOSITE_SCORED,https://github.com/hermitdave/FrequencyWords/blob/master/content/2018/es/es_50k.txt,https://raw.githubusercontent.com/hermitdave/FrequencyWords/refs/heads/master/content/2018/es/es_50k.txt,Full continuous top-50k exact surface sweep completed on 2026-09-04. Frequency is quantitative evidence only and does not set CEFR level.,1.32
12B1-ATOM-0462,puerta,ATOMIC_SURFACE_FORM,CORP-18,FrequencyWords / OpenSubtitles2018 Spanish 50k,FrequencyWords content/2018/es/es_50k.txt (OpenSubtitles2018-derived),SURFACE_SUBTITLE_OCCURRENCE_COUNT_AND_RANK,MEASURED_EXACT_SURFACE,133533,321,FOUND_TOP50K,EXACT_CASE_SENSITIVE_SURFACE_TOKEN,2026-09-04,,,,,NONE_OR_NOT_ANNOTATED_IN_THIS_PASS,FULL_TOP50K_EXACT_LOOKUP_50000,,NOT_CALCULATED_DENOMINATOR_NOT_FIXED,SUBTITLE_AUDIOVISUAL,2018,OpenSubtitles2018 via FrequencyWords processing,CC BY-SA 4.0 content,ALLOWED_WITH_ATTRIBUTION_AND_SHAREALIKE_BOUNDARY,NONE_FREQUENCY_DOES_NOT_SET_LEVEL,QUANT_SIGNAL_AVAILABLE_NOT_YET_COMPOSITE_SCORED,https://github.com/hermitdave/FrequencyWords/blob/master/content/2018/es/es_50k.txt,https://raw.githubusercontent.com/hermitdave/FrequencyWords/refs/heads/master/content/2018/es/es_50k.txt,Full continuous top-50k exact surface sweep completed on 2026-09-04. Frequency is quantitative evidence only and does not set CEFR level.,1.32
12B1-ATOM-0463,puerto,ATOMIC_SURFACE_FORM,CORP-18,FrequencyWords / OpenSubtitles2018 Spanish 50k,FrequencyWords content/2018/es/es_50k.txt (OpenSubtitles2018-derived),SURFACE_SUBTITLE_OCCURRENCE_COUNT_AND_RANK,MEASURED_EXACT_SURFACE,10711,2953,FOUND_TOP50K,EXACT_CASE_SENSITIVE_SURFACE_TOKEN,2026-09-04,,,,,NONE_OR_NOT_ANNOTATED_IN_THIS_PASS,FULL_TOP50K_EXACT_LOOKUP_50000,,NOT_CALCULATED_DENOMINATOR_NOT_FIXED,SUBTITLE_AUDIOVISUAL,2018,OpenSubtitles2018 via FrequencyWords processing,CC BY-SA 4.0 content,ALLOWED_WITH_ATTRIBUTION_AND_SHAREALIKE_BOUNDARY,NONE_FREQUENCY_DOES_NOT_SET_LEVEL,QUANT_SIGNAL_AVAILABLE_NOT_YET_COMPOSITE_SCORED,https://github.com/hermitdave/FrequencyWords/blob/master/content/2018/es/es_50k.txt,https://raw.githubusercontent.com/hermitdave/FrequencyWords/refs/heads/master/content/2018/es/es_50k.txt,Full continuous top-50k exact surface sweep completed on 2026-09-04. Frequency is quantitative evidence only and does not set CEFR level.,1.32
12B1-ATOM-0464,punto,ATOMIC_SURFACE_FORM,CORP-18,FrequencyWords / OpenSubtitles2018 Spanish 50k,FrequencyWords content/2018/es/es_50k.txt (OpenSubtitles2018-derived),SURFACE_SUBTITLE_OCCURRENCE_COUNT_AND_RANK,MEASURED_EXACT_SURFACE,106940,393,FOUND_TOP50K,EXACT_CASE_SENSITIVE_SURFACE_TOKEN,2026-09-04,,,,,NONE_OR_NOT_ANNOTATED_IN_THIS_PASS,FULL_TOP50K_EXACT_LOOKUP_50000,,NOT_CALCULATED_DENOMINATOR_NOT_FIXED,SUBTITLE_AUDIOVISUAL,2018,OpenSubtitles2018 via FrequencyWords processing,CC BY-SA 4.0 content,ALLOWED_WITH_ATTRIBUTION_AND_SHAREALIKE_BOUNDARY,NONE_FREQUENCY_DOES_NOT_SET_LEVEL,QUANT_SIGNAL_AVAILABLE_NOT_YET_COMPOSITE_SCORED,https://github.com/hermitdave/FrequencyWords/blob/master/content/2018/es/es_50k.txt,https://raw.githubusercontent.com/hermitdave/FrequencyWords/refs/heads/master/content/2018/es/es_50k.txt,Full continuous top-50k exact surface sweep completed on 2026-09-04. Frequency is quantitative evidence only and does not set CEFR level.,1.32
12B1-ATOM-0465,página,ATOMIC_SURFACE_FORM,CORP-18,FrequencyWords / OpenSubtitles2018 Spanish 50k,FrequencyWords content/2018/es/es_50k.txt (OpenSubtitles2018-derived),SURFACE_SUBTITLE_OCCURRENCE_COUNT_AND_RANK,MEASURED_EXACT_SURFACE,13788,2381,FOUND_TOP50K,EXACT_CASE_SENSITIVE_SURFACE_TOKEN,2026-09-04,,,,,NONE_OR_NOT_ANNOTATED_IN_THIS_PASS,FULL_TOP50K_EXACT_LOOKUP_50000,,NOT_CALCULATED_DENOMINATOR_NOT_FIXED,SUBTITLE_AUDIOVISUAL,2018,OpenSubtitles2018 via FrequencyWords processing,CC BY-SA 4.0 content,ALLOWED_WITH_ATTRIBUTION_AND_SHAREALIKE_BOUNDARY,NONE_FREQUENCY_DOES_NOT_SET_LEVEL,QUANT_SIGNAL_AVAILABLE_NOT_YET_COMPOSITE_SCORED,https://github.com/hermitdave/FrequencyWords/blob/master/content/2018/es/es_50k.txt,https://raw.githubusercontent.com/hermitdave/FrequencyWords/refs/heads/master/content/2018/es/es_50k.txt,Full continuous top-50k exact surface sweep completed on 2026-09-04. Frequency is quantitative evidence only and does not set CEFR level.,1.32
12B1-ATOM-0466,que,ATOMIC_SURFACE_FORM,CORP-18,FrequencyWords / OpenSubtitles2018 Spanish 50k,FrequencyWords content/2018/es/es_50k.txt (OpenSubtitles2018-derived),SURFACE_SUBTITLE_OCCURRENCE_COUNT_AND_RANK,MEASURED_EXACT_SURFACE,14421005,2,FOUND_TOP50K,EXACT_CASE_SENSITIVE_SURFACE_TOKEN,2026-09-04,,,,,NONE_OR_NOT_ANNOTATED_IN_THIS_PASS,FULL_TOP50K_EXACT_LOOKUP_50000,,NOT_CALCULATED_DENOMINATOR_NOT_FIXED,SUBTITLE_AUDIOVISUAL,2018,OpenSubtitles2018 via FrequencyWords processing,CC BY-SA 4.0 content,ALLOWED_WITH_ATTRIBUTION_AND_SHAREALIKE_BOUNDARY,NONE_FREQUENCY_DOES_NOT_SET_LEVEL,QUANT_SIGNAL_AVAILABLE_NOT_YET_COMPOSITE_SCORED,https://github.com/hermitdave/FrequencyWords/blob/master/content/2018/es/es_50k.txt,https://raw.githubusercontent.com/hermitdave/FrequencyWords/refs/heads/master/content/2018/es/es_50k.txt,Full continuous top-50k exact surface sweep completed on 2026-09-04. Frequency is quantitative evidence only and does not set CEFR level.,1.32
12B1-ATOM-0467,querer,ATOMIC_SURFACE_FORM,CORP-18,FrequencyWords / OpenSubtitles2018 Spanish 50k,FrequencyWords content/2018/es/es_50k.txt (OpenSubtitles2018-derived),SURFACE_SUBTITLE_OCCURRENCE_COUNT_AND_RANK,MEASURED_EXACT_SURFACE,22219,1557,FOUND_TOP50K,EXACT_CASE_SENSITIVE_SURFACE_TOKEN,2026-09-04,,,,,NONE_OR_NOT_ANNOTATED_IN_THIS_PASS,FULL_TOP50K_EXACT_LOOKUP_50000,,NOT_CALCULATED_DENOMINATOR_NOT_FIXED,SUBTITLE_AUDIOVISUAL,2018,OpenSubtitles2018 via FrequencyWords processing,CC BY-SA 4.0 content,ALLOWED_WITH_ATTRIBUTION_AND_SHAREALIKE_BOUNDARY,NONE_FREQUENCY_DOES_NOT_SET_LEVEL,QUANT_SIGNAL_AVAILABLE_NOT_YET_COMPOSITE_SCORED,https://github.com/hermitdave/FrequencyWords/blob/master/content/2018/es/es_50k.txt,https://raw.githubusercontent.com/hermitdave/FrequencyWords/refs/heads/master/content/2018/es/es_50k.txt,Full continuous top-50k exact surface sweep completed on 2026-09-04. Frequency is quantitative evidence only and does not set CEFR level.,1.32
12B1-ATOM-0468,quinta,ATOMIC_SURFACE_FORM,CORP-18,FrequencyWords / OpenSubtitles2018 Spanish 50k,FrequencyWords content/2018/es/es_50k.txt (OpenSubtitles2018-derived),SURFACE_SUBTITLE_OCCURRENCE_COUNT_AND_RANK,MEASURED_EXACT_SURFACE,4717,5745,FOUND_TOP50K,EXACT_CASE_SENSITIVE_SURFACE_TOKEN,2026-09-04,,,,,NONE_OR_NOT_ANNOTATED_IN_THIS_PASS,FULL_TOP50K_EXACT_LOOKUP_50000,,NOT_CALCULATED_DENOMINATOR_NOT_FIXED,SUBTITLE_AUDIOVISUAL,2018,OpenSubtitles2018 via FrequencyWords processing,CC BY-SA 4.0 content,ALLOWED_WITH_ATTRIBUTION_AND_SHAREALIKE_BOUNDARY,NONE_FREQUENCY_DOES_NOT_SET_LEVEL,QUANT_SIGNAL_AVAILABLE_NOT_YET_COMPOSITE_SCORED,https://github.com/hermitdave/FrequencyWords/blob/master/content/2018/es/es_50k.txt,https://raw.githubusercontent.com/hermitdave/FrequencyWords/refs/heads/master/content/2018/es/es_50k.txt,Full continuous top-50k exact surface sweep completed on 2026-09-04. Frequency is quantitative evidence only and does not set CEFR level.,1.32
12B1-ATOM-0469,quinto,ATOMIC_SURFACE_FORM,CORP-18,FrequencyWords / OpenSubtitles2018 Spanish 50k,FrequencyWords content/2018/es/es_50k.txt (OpenSubtitles2018-derived),SURFACE_SUBTITLE_OCCURRENCE_COUNT_AND_RANK,MEASURED_EXACT_SURFACE,5524,5079,FOUND_TOP50K,EXACT_CASE_SENSITIVE_SURFACE_TOKEN,2026-09-04,,,,,NONE_OR_NOT_ANNOTATED_IN_THIS_PASS,FULL_TOP50K_EXACT_LOOKUP_50000,,NOT_CALCULATED_DENOMINATOR_NOT_FIXED,SUBTITLE_AUDIOVISUAL,2018,OpenSubtitles2018 via FrequencyWords processing,CC BY-SA 4.0 content,ALLOWED_WITH_ATTRIBUTION_AND_SHAREALIKE_BOUNDARY,NONE_FREQUENCY_DOES_NOT_SET_LEVEL,QUANT_SIGNAL_AVAILABLE_NOT_YET_COMPOSITE_SCORED,https://github.com/hermitdave/FrequencyWords/blob/master/content/2018/es/es_50k.txt,https://raw.githubusercontent.com/hermitdave/FrequencyWords/refs/heads/master/content/2018/es/es_50k.txt,Full continuous top-50k exact surface sweep completed on 2026-09-04. Frequency is quantitative evidence only and does not set CEFR level.,1.32
12B1-ATOM-0470,quiosco,ATOMIC_SURFACE_FORM,CORP-18,FrequencyWords / OpenSubtitles2018 Spanish 50k,FrequencyWords content/2018/es/es_50k.txt (OpenSubtitles2018-derived),SURFACE_SUBTITLE_OCCURRENCE_COUNT_AND_RANK,MEASURED_EXACT_SURFACE,489,28235,FOUND_TOP50K,EXACT_CASE_SENSITIVE_SURFACE_TOKEN,2026-09-04,,,,,NONE_OR_NOT_ANNOTATED_IN_THIS_PASS,FULL_TOP50K_EXACT_LOOKUP_50000,,NOT_CALCULATED_DENOMINATOR_NOT_FIXED,SUBTITLE_AUDIOVISUAL,2018,OpenSubtitles2018 via FrequencyWords processing,CC BY-SA 4.0 content,ALLOWED_WITH_ATTRIBUTION_AND_SHAREALIKE_BOUNDARY,NONE_FREQUENCY_DOES_NOT_SET_LEVEL,QUANT_SIGNAL_AVAILABLE_NOT_YET_COMPOSITE_SCORED,https://github.com/hermitdave/FrequencyWords/blob/master/content/2018/es/es_50k.txt,https://raw.githubusercontent.com/hermitdave/FrequencyWords/refs/heads/master/content/2018/es/es_50k.txt,Full continuous top-50k exact surface sweep completed on 2026-09-04. Frequency is quantitative evidence only and does not set CEFR level.,1.32
12B1-ATOM-0471,quizá,ATOMIC_SURFACE_FORM,CORP-18,FrequencyWords / OpenSubtitles2018 Spanish 50k,FrequencyWords content/2018/es/es_50k.txt (OpenSubtitles2018-derived),SURFACE_SUBTITLE_OCCURRENCE_COUNT_AND_RANK,MEASURED_EXACT_SURFACE,140794,303,FOUND_TOP50K,EXACT_CASE_SENSITIVE_SURFACE_TOKEN,2026-09-04,,,,,NONE_OR_NOT_ANNOTATED_IN_THIS_PASS,FULL_TOP50K_EXACT_LOOKUP_50000,,NOT_CALCULATED_DENOMINATOR_NOT_FIXED,SUBTITLE_AUDIOVISUAL,2018,OpenSubtitles2018 via FrequencyWords processing,CC BY-SA 4.0 content,ALLOWED_WITH_ATTRIBUTION_AND_SHAREALIKE_BOUNDARY,NONE_FREQUENCY_DOES_NOT_SET_LEVEL,QUANT_SIGNAL_AVAILABLE_NOT_YET_COMPOSITE_SCORED,https://github.com/hermitdave/FrequencyWords/blob/master/content/2018/es/es_50k.txt,https://raw.githubusercontent.com/hermitdave/FrequencyWords/refs/heads/master/content/2018/es/es_50k.txt,Full continuous top-50k exact surface sweep completed on 2026-09-04. Frequency is quantitative evidence only and does not set CEFR level.,1.32
12B1-ATOM-0472,quizás,ATOMIC_SURFACE_FORM,CORP-18,FrequencyWords / OpenSubtitles2018 Spanish 50k,FrequencyWords content/2018/es/es_50k.txt (OpenSubtitles2018-derived),SURFACE_SUBTITLE_OCCURRENCE_COUNT_AND_RANK,MEASURED_EXACT_SURFACE,129544,328,FOUND_TOP50K,EXACT_CASE_SENSITIVE_SURFACE_TOKEN,2026-09-04,,,,,NONE_OR_NOT_ANNOTATED_IN_THIS_PASS,FULL_TOP50K_EXACT_LOOKUP_50000,,NOT_CALCULATED_DENOMINATOR_NOT_FIXED,SUBTITLE_AUDIOVISUAL,2018,OpenSubtitles2018 via FrequencyWords processing,CC BY-SA 4.0 content,ALLOWED_WITH_ATTRIBUTION_AND_SHAREALIKE_BOUNDARY,NONE_FREQUENCY_DOES_NOT_SET_LEVEL,QUANT_SIGNAL_AVAILABLE_NOT_YET_COMPOSITE_SCORED,https://github.com/hermitdave/FrequencyWords/blob/master/content/2018/es/es_50k.txt,https://raw.githubusercontent.com/hermitdave/FrequencyWords/refs/heads/master/content/2018/es/es_50k.txt,Full continuous top-50k exact surface sweep completed on 2026-09-04. Frequency is quantitative evidence only and does not set CEFR level.,1.32
12B1-ATOM-0473,quién,ATOMIC_SURFACE_FORM,CORP-18,FrequencyWords / OpenSubtitles2018 Spanish 50k,FrequencyWords content/2018/es/es_50k.txt (OpenSubtitles2018-derived),SURFACE_SUBTITLE_OCCURRENCE_COUNT_AND_RANK,MEASURED_EXACT_SURFACE,566465,93,FOUND_TOP50K,EXACT_CASE_SENSITIVE_SURFACE_TOKEN,2026-09-04,,,,,NONE_OR_NOT_ANNOTATED_IN_THIS_PASS,FULL_TOP50K_EXACT_LOOKUP_50000,,NOT_CALCULATED_DENOMINATOR_NOT_FIXED,SUBTITLE_AUDIOVISUAL,2018,OpenSubtitles2018 via FrequencyWords processing,CC BY-SA 4.0 content,ALLOWED_WITH_ATTRIBUTION_AND_SHAREALIKE_BOUNDARY,NONE_FREQUENCY_DOES_NOT_SET_LEVEL,QUANT_SIGNAL_AVAILABLE_NOT_YET_COMPOSITE_SCORED,https://github.com/hermitdave/FrequencyWords/blob/master/content/2018/es/es_50k.txt,https://raw.githubusercontent.com/hermitdave/FrequencyWords/refs/heads/master/content/2018/es/es_50k.txt,Full continuous top-50k exact surface sweep completed on 2026-09-04. Frequency is quantitative evidence only and does not set CEFR level.,1.32
12B1-ATOM-0474,qué,ATOMIC_SURFACE_FORM,CORP-18,FrequencyWords / OpenSubtitles2018 Spanish 50k,FrequencyWords content/2018/es/es_50k.txt (OpenSubtitles2018-derived),SURFACE_SUBTITLE_OCCURRENCE_COUNT_AND_RANK,MEASURED_EXACT_SURFACE,4166708,13,FOUND_TOP50K,EXACT_CASE_SENSITIVE_SURFACE_TOKEN,2026-09-04,,,,,NONE_OR_NOT_ANNOTATED_IN_THIS_PASS,FULL_TOP50K_EXACT_LOOKUP_50000,,NOT_CALCULATED_DENOMINATOR_NOT_FIXED,SUBTITLE_AUDIOVISUAL,2018,OpenSubtitles2018 via FrequencyWords processing,CC BY-SA 4.0 content,ALLOWED_WITH_ATTRIBUTION_AND_SHAREALIKE_BOUNDARY,NONE_FREQUENCY_DOES_NOT_SET_LEVEL,QUANT_SIGNAL_AVAILABLE_NOT_YET_COMPOSITE_SCORED,https://github.com/hermitdave/FrequencyWords/blob/master/content/2018/es/es_50k.txt,https://raw.githubusercontent.com/hermitdave/FrequencyWords/refs/heads/master/content/2018/es/es_50k.txt,Full continuous top-50k exact surface sweep completed on 2026-09-04. Frequency is quantitative evidence only and does not set CEFR level.,1.32
12B1-ATOM-0475,radio,ATOMIC_SURFACE_FORM,CORP-18,FrequencyWords / OpenSubtitles2018 Spanish 50k,FrequencyWords content/2018/es/es_50k.txt (OpenSubtitles2018-derived),SURFACE_SUBTITLE_OCCURRENCE_COUNT_AND_RANK,MEASURED_EXACT_SURFACE,31316,1151,FOUND_TOP50K,EXACT_CASE_SENSITIVE_SURFACE_TOKEN,2026-09-04,,,,,NONE_OR_NOT_ANNOTATED_IN_THIS_PASS,FULL_TOP50K_EXACT_LOOKUP_50000,,NOT_CALCULATED_DENOMINATOR_NOT_FIXED,SUBTITLE_AUDIOVISUAL,2018,OpenSubtitles2018 via FrequencyWords processing,CC BY-SA 4.0 content,ALLOWED_WITH_ATTRIBUTION_AND_SHAREALIKE_BOUNDARY,NONE_FREQUENCY_DOES_NOT_SET_LEVEL,QUANT_SIGNAL_AVAILABLE_NOT_YET_COMPOSITE_SCORED,https://github.com/hermitdave/FrequencyWords/blob/master/content/2018/es/es_50k.txt,https://raw.githubusercontent.com/hermitdave/FrequencyWords/refs/heads/master/content/2018/es/es_50k.txt,Full continuous top-50k exact surface sweep completed on 2026-09-04. Frequency is quantitative evidence only and does not set CEFR level.,1.32
12B1-ATOM-0476,regular,ATOMIC_SURFACE_FORM,CORP-18,FrequencyWords / OpenSubtitles2018 Spanish 50k,FrequencyWords content/2018/es/es_50k.txt (OpenSubtitles2018-derived),SURFACE_SUBTITLE_OCCURRENCE_COUNT_AND_RANK,MEASURED_EXACT_SURFACE,3517,7283,FOUND_TOP50K,EXACT_CASE_SENSITIVE_SURFACE_TOKEN,2026-09-04,,,,,NONE_OR_NOT_ANNOTATED_IN_THIS_PASS,FULL_TOP50K_EXACT_LOOKUP_50000,,NOT_CALCULATED_DENOMINATOR_NOT_FIXED,SUBTITLE_AUDIOVISUAL,2018,OpenSubtitles2018 via FrequencyWords processing,CC BY-SA 4.0 content,ALLOWED_WITH_ATTRIBUTION_AND_SHAREALIKE_BOUNDARY,NONE_FREQUENCY_DOES_NOT_SET_LEVEL,QUANT_SIGNAL_AVAILABLE_NOT_YET_COMPOSITE_SCORED,https://github.com/hermitdave/FrequencyWords/blob/master/content/2018/es/es_50k.txt,https://raw.githubusercontent.com/hermitdave/FrequencyWords/refs/heads/master/content/2018/es/es_50k.txt,Full continuous top-50k exact surface sweep completed on 2026-09-04. Frequency is quantitative evidence only and does not set CEFR level.,1.32
12B1-ATOM-0477,reina,ATOMIC_SURFACE_FORM,CORP-18,FrequencyWords / OpenSubtitles2018 Spanish 50k,FrequencyWords content/2018/es/es_50k.txt (OpenSubtitles2018-derived),SURFACE_SUBTITLE_OCCURRENCE_COUNT_AND_RANK,MEASURED_EXACT_SURFACE,33477,1084,FOUND_TOP50K,EXACT_CASE_SENSITIVE_SURFACE_TOKEN,2026-09-04,,,,,NONE_OR_NOT_ANNOTATED_IN_THIS_PASS,FULL_TOP50K_EXACT_LOOKUP_50000,,NOT_CALCULATED_DENOMINATOR_NOT_FIXED,SUBTITLE_AUDIOVISUAL,2018,OpenSubtitles2018 via FrequencyWords processing,CC BY-SA 4.0 content,ALLOWED_WITH_ATTRIBUTION_AND_SHAREALIKE_BOUNDARY,NONE_FREQUENCY_DOES_NOT_SET_LEVEL,QUANT_SIGNAL_AVAILABLE_NOT_YET_COMPOSITE_SCORED,https://github.com/hermitdave/FrequencyWords/blob/master/content/2018/es/es_50k.txt,https://raw.githubusercontent.com/hermitdave/FrequencyWords/refs/heads/master/content/2018/es/es_50k.txt,Full continuous top-50k exact surface sweep completed on 2026-09-04. Frequency is quantitative evidence only and does not set CEFR level.,1.32
12B1-ATOM-0478,religión,ATOMIC_SURFACE_FORM,CORP-18,FrequencyWords / OpenSubtitles2018 Spanish 50k,FrequencyWords content/2018/es/es_50k.txt (OpenSubtitles2018-derived),SURFACE_SUBTITLE_OCCURRENCE_COUNT_AND_RANK,MEASURED_EXACT_SURFACE,7851,3797,FOUND_TOP50K,EXACT_CASE_SENSITIVE_SURFACE_TOKEN,2026-09-04,,,,,NONE_OR_NOT_ANNOTATED_IN_THIS_PASS,FULL_TOP50K_EXACT_LOOKUP_50000,,NOT_CALCULATED_DENOMINATOR_NOT_FIXED,SUBTITLE_AUDIOVISUAL,2018,OpenSubtitles2018 via FrequencyWords processing,CC BY-SA 4.0 content,ALLOWED_WITH_ATTRIBUTION_AND_SHAREALIKE_BOUNDARY,NONE_FREQUENCY_DOES_NOT_SET_LEVEL,QUANT_SIGNAL_AVAILABLE_NOT_YET_COMPOSITE_SCORED,https://github.com/hermitdave/FrequencyWords/blob/master/content/2018/es/es_50k.txt,https://raw.githubusercontent.com/hermitdave/FrequencyWords/refs/heads/master/content/2018/es/es_50k.txt,Full continuous top-50k exact surface sweep completed on 2026-09-04. Frequency is quantitative evidence only and does not set CEFR level.,1.32
12B1-ATOM-0479,reloj,ATOMIC_SURFACE_FORM,CORP-18,FrequencyWords / OpenSubtitles2018 Spanish 50k,FrequencyWords content/2018/es/es_50k.txt (OpenSubtitles2018-derived),SURFACE_SUBTITLE_OCCURRENCE_COUNT_AND_RANK,MEASURED_EXACT_SURFACE,22691,1530,FOUND_TOP50K,EXACT_CASE_SENSITIVE_SURFACE_TOKEN,2026-09-04,,,,,NONE_OR_NOT_ANNOTATED_IN_THIS_PASS,FULL_TOP50K_EXACT_LOOKUP_50000,,NOT_CALCULATED_DENOMINATOR_NOT_FIXED,SUBTITLE_AUDIOVISUAL,2018,OpenSubtitles2018 via FrequencyWords processing,CC BY-SA 4.0 content,ALLOWED_WITH_ATTRIBUTION_AND_SHAREALIKE_BOUNDARY,NONE_FREQUENCY_DOES_NOT_SET_LEVEL,QUANT_SIGNAL_AVAILABLE_NOT_YET_COMPOSITE_SCORED,https://github.com/hermitdave/FrequencyWords/blob/master/content/2018/es/es_50k.txt,https://raw.githubusercontent.com/hermitdave/FrequencyWords/refs/heads/master/content/2018/es/es_50k.txt,Full continuous top-50k exact surface sweep completed on 2026-09-04. Frequency is quantitative evidence only and does not set CEFR level.,1.32
12B1-ATOM-0480,repetir,ATOMIC_SURFACE_FORM,CORP-18,FrequencyWords / OpenSubtitles2018 Spanish 50k,FrequencyWords content/2018/es/es_50k.txt (OpenSubtitles2018-derived),SURFACE_SUBTITLE_OCCURRENCE_COUNT_AND_RANK,MEASURED_EXACT_SURFACE,5012,5482,FOUND_TOP50K,EXACT_CASE_SENSITIVE_SURFACE_TOKEN,2026-09-04,,,,,NONE_OR_NOT_ANNOTATED_IN_THIS_PASS,FULL_TOP50K_EXACT_LOOKUP_50000,,NOT_CALCULATED_DENOMINATOR_NOT_FIXED,SUBTITLE_AUDIOVISUAL,2018,OpenSubtitles2018 via FrequencyWords processing,CC BY-SA 4.0 content,ALLOWED_WITH_ATTRIBUTION_AND_SHAREALIKE_BOUNDARY,NONE_FREQUENCY_DOES_NOT_SET_LEVEL,QUANT_SIGNAL_AVAILABLE_NOT_YET_COMPOSITE_SCORED,https://github.com/hermitdave/FrequencyWords/blob/master/content/2018/es/es_50k.txt,https://raw.githubusercontent.com/hermitdave/FrequencyWords/refs/heads/master/content/2018/es/es_50k.txt,Full continuous top-50k exact surface sweep completed on 2026-09-04. Frequency is quantitative evidence only and does not set CEFR level.,1.32
12B1-ATOM-0481,restaurante,ATOMIC_SURFACE_FORM,CORP-18,FrequencyWords / OpenSubtitles2018 Spanish 50k,FrequencyWords content/2018/es/es_50k.txt (OpenSubtitles2018-derived),SURFACE_SUBTITLE_OCCURRENCE_COUNT_AND_RANK,MEASURED_EXACT_SURFACE,23371,1488,FOUND_TOP50K,EXACT_CASE_SENSITIVE_SURFACE_TOKEN,2026-09-04,,,,,NONE_OR_NOT_ANNOTATED_IN_THIS_PASS,FULL_TOP50K_EXACT_LOOKUP_50000,,NOT_CALCULATED_DENOMINATOR_NOT_FIXED,SUBTITLE_AUDIOVISUAL,2018,OpenSubtitles2018 via FrequencyWords processing,CC BY-SA 4.0 content,ALLOWED_WITH_ATTRIBUTION_AND_SHAREALIKE_BOUNDARY,NONE_FREQUENCY_DOES_NOT_SET_LEVEL,QUANT_SIGNAL_AVAILABLE_NOT_YET_COMPOSITE_SCORED,https://github.com/hermitdave/FrequencyWords/blob/master/content/2018/es/es_50k.txt,https://raw.githubusercontent.com/hermitdave/FrequencyWords/refs/heads/master/content/2018/es/es_50k.txt,Full continuous top-50k exact surface sweep completed on 2026-09-04. Frequency is quantitative evidence only and does not set CEFR level.,1.32
12B1-ATOM-0482,revista,ATOMIC_SURFACE_FORM,CORP-18,FrequencyWords / OpenSubtitles2018 Spanish 50k,FrequencyWords content/2018/es/es_50k.txt (OpenSubtitles2018-derived),SURFACE_SUBTITLE_OCCURRENCE_COUNT_AND_RANK,MEASURED_EXACT_SURFACE,12021,2686,FOUND_TOP50K,EXACT_CASE_SENSITIVE_SURFACE_TOKEN,2026-09-04,,,,,NONE_OR_NOT_ANNOTATED_IN_THIS_PASS,FULL_TOP50K_EXACT_LOOKUP_50000,,NOT_CALCULATED_DENOMINATOR_NOT_FIXED,SUBTITLE_AUDIOVISUAL,2018,OpenSubtitles2018 via FrequencyWords processing,CC BY-SA 4.0 content,ALLOWED_WITH_ATTRIBUTION_AND_SHAREALIKE_BOUNDARY,NONE_FREQUENCY_DOES_NOT_SET_LEVEL,QUANT_SIGNAL_AVAILABLE_NOT_YET_COMPOSITE_SCORED,https://github.com/hermitdave/FrequencyWords/blob/master/content/2018/es/es_50k.txt,https://raw.githubusercontent.com/hermitdave/FrequencyWords/refs/heads/master/content/2018/es/es_50k.txt,Full continuous top-50k exact surface sweep completed on 2026-09-04. Frequency is quantitative evidence only and does not set CEFR level.,1.32
12B1-ATOM-0483,rey,ATOMIC_SURFACE_FORM,CORP-18,FrequencyWords / OpenSubtitles2018 Spanish 50k,FrequencyWords content/2018/es/es_50k.txt (OpenSubtitles2018-derived),SURFACE_SUBTITLE_OCCURRENCE_COUNT_AND_RANK,MEASURED_EXACT_SURFACE,67803,585,FOUND_TOP50K,EXACT_CASE_SENSITIVE_SURFACE_TOKEN,2026-09-04,,,,,NONE_OR_NOT_ANNOTATED_IN_THIS_PASS,FULL_TOP50K_EXACT_LOOKUP_50000,,NOT_CALCULATED_DENOMINATOR_NOT_FIXED,SUBTITLE_AUDIOVISUAL,2018,OpenSubtitles2018 via FrequencyWords processing,CC BY-SA 4.0 content,ALLOWED_WITH_ATTRIBUTION_AND_SHAREALIKE_BOUNDARY,NONE_FREQUENCY_DOES_NOT_SET_LEVEL,QUANT_SIGNAL_AVAILABLE_NOT_YET_COMPOSITE_SCORED,https://github.com/hermitdave/FrequencyWords/blob/master/content/2018/es/es_50k.txt,https://raw.githubusercontent.com/hermitdave/FrequencyWords/refs/heads/master/content/2018/es/es_50k.txt,Full continuous top-50k exact surface sweep completed on 2026-09-04. Frequency is quantitative evidence only and does not set CEFR level.,1.32
12B1-ATOM-0484,rojo,ATOMIC_SURFACE_FORM,CORP-18,FrequencyWords / OpenSubtitles2018 Spanish 50k,FrequencyWords content/2018/es/es_50k.txt (OpenSubtitles2018-derived),SURFACE_SUBTITLE_OCCURRENCE_COUNT_AND_RANK,MEASURED_EXACT_SURFACE,26834,1313,FOUND_TOP50K,EXACT_CASE_SENSITIVE_SURFACE_TOKEN,2026-09-04,,,,,NONE_OR_NOT_ANNOTATED_IN_THIS_PASS,FULL_TOP50K_EXACT_LOOKUP_50000,,NOT_CALCULATED_DENOMINATOR_NOT_FIXED,SUBTITLE_AUDIOVISUAL,2018,OpenSubtitles2018 via FrequencyWords processing,CC BY-SA 4.0 content,ALLOWED_WITH_ATTRIBUTION_AND_SHAREALIKE_BOUNDARY,NONE_FREQUENCY_DOES_NOT_SET_LEVEL,QUANT_SIGNAL_AVAILABLE_NOT_YET_COMPOSITE_SCORED,https://github.com/hermitdave/FrequencyWords/blob/master/content/2018/es/es_50k.txt,https://raw.githubusercontent.com/hermitdave/FrequencyWords/refs/heads/master/content/2018/es/es_50k.txt,Full continuous top-50k exact surface sweep completed on 2026-09-04. Frequency is quantitative evidence only and does not set CEFR level.,1.32
12B1-ATOM-0485,rubio,ATOMIC_SURFACE_FORM,CORP-18,FrequencyWords / OpenSubtitles2018 Spanish 50k,FrequencyWords content/2018/es/es_50k.txt (OpenSubtitles2018-derived),SURFACE_SUBTITLE_OCCURRENCE_COUNT_AND_RANK,MEASURED_EXACT_SURFACE,3941,6658,FOUND_TOP50K,EXACT_CASE_SENSITIVE_SURFACE_TOKEN,2026-09-04,,,,,NONE_OR_NOT_ANNOTATED_IN_THIS_PASS,FULL_TOP50K_EXACT_LOOKUP_50000,,NOT_CALCULATED_DENOMINATOR_NOT_FIXED,SUBTITLE_AUDIOVISUAL,2018,OpenSubtitles2018 via FrequencyWords processing,CC BY-SA 4.0 content,ALLOWED_WITH_ATTRIBUTION_AND_SHAREALIKE_BOUNDARY,NONE_FREQUENCY_DOES_NOT_SET_LEVEL,QUANT_SIGNAL_AVAILABLE_NOT_YET_COMPOSITE_SCORED,https://github.com/hermitdave/FrequencyWords/blob/master/content/2018/es/es_50k.txt,https://raw.githubusercontent.com/hermitdave/FrequencyWords/refs/heads/master/content/2018/es/es_50k.txt,Full continuous top-50k exact surface sweep completed on 2026-09-04. Frequency is quantitative evidence only and does not set CEFR level.,1.32
12B1-ATOM-0486,rápido,ATOMIC_SURFACE_FORM,CORP-18,FrequencyWords / OpenSubtitles2018 Spanish 50k,FrequencyWords content/2018/es/es_50k.txt (OpenSubtitles2018-derived),SURFACE_SUBTITLE_OCCURRENCE_COUNT_AND_RANK,MEASURED_EXACT_SURFACE,136953,311,FOUND_TOP50K,EXACT_CASE_SENSITIVE_SURFACE_TOKEN,2026-09-04,,,,,NONE_OR_NOT_ANNOTATED_IN_THIS_PASS,FULL_TOP50K_EXACT_LOOKUP_50000,,NOT_CALCULATED_DENOMINATOR_NOT_FIXED,SUBTITLE_AUDIOVISUAL,2018,OpenSubtitles2018 via FrequencyWords processing,CC BY-SA 4.0 content,ALLOWED_WITH_ATTRIBUTION_AND_SHAREALIKE_BOUNDARY,NONE_FREQUENCY_DOES_NOT_SET_LEVEL,QUANT_SIGNAL_AVAILABLE_NOT_YET_COMPOSITE_SCORED,https://github.com/hermitdave/FrequencyWords/blob/master/content/2018/es/es_50k.txt,https://raw.githubusercontent.com/hermitdave/FrequencyWords/refs/heads/master/content/2018/es/es_50k.txt,Full continuous top-50k exact surface sweep completed on 2026-09-04. Frequency is quantitative evidence only and does not set CEFR level.,1.32
12B1-ATOM-0487,río,ATOMIC_SURFACE_FORM,CORP-18,FrequencyWords / OpenSubtitles2018 Spanish 50k,FrequencyWords content/2018/es/es_50k.txt (OpenSubtitles2018-derived),SURFACE_SUBTITLE_OCCURRENCE_COUNT_AND_RANK,MEASURED_EXACT_SURFACE,28133,1260,FOUND_TOP50K,EXACT_CASE_SENSITIVE_SURFACE_TOKEN,2026-09-04,,,,,NONE_OR_NOT_ANNOTATED_IN_THIS_PASS,FULL_TOP50K_EXACT_LOOKUP_50000,,NOT_CALCULATED_DENOMINATOR_NOT_FIXED,SUBTITLE_AUDIOVISUAL,2018,OpenSubtitles2018 via FrequencyWords processing,CC BY-SA 4.0 content,ALLOWED_WITH_ATTRIBUTION_AND_SHAREALIKE_BOUNDARY,NONE_FREQUENCY_DOES_NOT_SET_LEVEL,QUANT_SIGNAL_AVAILABLE_NOT_YET_COMPOSITE_SCORED,https://github.com/hermitdave/FrequencyWords/blob/master/content/2018/es/es_50k.txt,https://raw.githubusercontent.com/hermitdave/FrequencyWords/refs/heads/master/content/2018/es/es_50k.txt,Full continuous top-50k exact surface sweep completed on 2026-09-04. Frequency is quantitative evidence only and does not set CEFR level.,1.32
12B1-ATOM-0488,saber,ATOMIC_SURFACE_FORM,CORP-18,FrequencyWords / OpenSubtitles2018 Spanish 50k,FrequencyWords content/2018/es/es_50k.txt (OpenSubtitles2018-derived),SURFACE_SUBTITLE_OCCURRENCE_COUNT_AND_RANK,MEASURED_EXACT_SURFACE,196610,236,FOUND_TOP50K,EXACT_CASE_SENSITIVE_SURFACE_TOKEN,2026-09-04,,,,,NONE_OR_NOT_ANNOTATED_IN_THIS_PASS,FULL_TOP50K_EXACT_LOOKUP_50000,,NOT_CALCULATED_DENOMINATOR_NOT_FIXED,SUBTITLE_AUDIOVISUAL,2018,OpenSubtitles2018 via FrequencyWords processing,CC BY-SA 4.0 content,ALLOWED_WITH_ATTRIBUTION_AND_SHAREALIKE_BOUNDARY,NONE_FREQUENCY_DOES_NOT_SET_LEVEL,QUANT_SIGNAL_AVAILABLE_NOT_YET_COMPOSITE_SCORED,https://github.com/hermitdave/FrequencyWords/blob/master/content/2018/es/es_50k.txt,https://raw.githubusercontent.com/hermitdave/FrequencyWords/refs/heads/master/content/2018/es/es_50k.txt,Full continuous top-50k exact surface sweep completed on 2026-09-04. Frequency is quantitative evidence only and does not set CEFR level.,1.32
12B1-ATOM-0489,sala,ATOMIC_SURFACE_FORM,CORP-18,FrequencyWords / OpenSubtitles2018 Spanish 50k,FrequencyWords content/2018/es/es_50k.txt (OpenSubtitles2018-derived),SURFACE_SUBTITLE_OCCURRENCE_COUNT_AND_RANK,MEASURED_EXACT_SURFACE,42122,875,FOUND_TOP50K,EXACT_CASE_SENSITIVE_SURFACE_TOKEN,2026-09-04,,,,,NONE_OR_NOT_ANNOTATED_IN_THIS_PASS,FULL_TOP50K_EXACT_LOOKUP_50000,,NOT_CALCULATED_DENOMINATOR_NOT_FIXED,SUBTITLE_AUDIOVISUAL,2018,OpenSubtitles2018 via FrequencyWords processing,CC BY-SA 4.0 content,ALLOWED_WITH_ATTRIBUTION_AND_SHAREALIKE_BOUNDARY,NONE_FREQUENCY_DOES_NOT_SET_LEVEL,QUANT_SIGNAL_AVAILABLE_NOT_YET_COMPOSITE_SCORED,https://github.com/hermitdave/FrequencyWords/blob/master/content/2018/es/es_50k.txt,https://raw.githubusercontent.com/hermitdave/FrequencyWords/refs/heads/master/content/2018/es/es_50k.txt,Full continuous top-50k exact surface sweep completed on 2026-09-04. Frequency is quantitative evidence only and does not set CEFR level.,1.32
12B1-ATOM-0490,salida,ATOMIC_SURFACE_FORM,CORP-18,FrequencyWords / OpenSubtitles2018 Spanish 50k,FrequencyWords content/2018/es/es_50k.txt (OpenSubtitles2018-derived),SURFACE_SUBTITLE_OCCURRENCE_COUNT_AND_RANK,MEASURED_EXACT_SURFACE,29479,1200,FOUND_TOP50K,EXACT_CASE_SENSITIVE_SURFACE_TOKEN,2026-09-04,,,,,NONE_OR_NOT_ANNOTATED_IN_THIS_PASS,FULL_TOP50K_EXACT_LOOKUP_50000,,NOT_CALCULATED_DENOMINATOR_NOT_FIXED,SUBTITLE_AUDIOVISUAL,2018,OpenSubtitles2018 via FrequencyWords processing,CC BY-SA 4.0 content,ALLOWED_WITH_ATTRIBUTION_AND_SHAREALIKE_BOUNDARY,NONE_FREQUENCY_DOES_NOT_SET_LEVEL,QUANT_SIGNAL_AVAILABLE_NOT_YET_COMPOSITE_SCORED,https://github.com/hermitdave/FrequencyWords/blob/master/content/2018/es/es_50k.txt,https://raw.githubusercontent.com/hermitdave/FrequencyWords/refs/heads/master/content/2018/es/es_50k.txt,Full continuous top-50k exact surface sweep completed on 2026-09-04. Frequency is quantitative evidence only and does not set CEFR level.,1.32
12B1-ATOM-0491,salir,ATOMIC_SURFACE_FORM,CORP-18,FrequencyWords / OpenSubtitles2018 Spanish 50k,FrequencyWords content/2018/es/es_50k.txt (OpenSubtitles2018-derived),SURFACE_SUBTITLE_OCCURRENCE_COUNT_AND_RANK,MEASURED_EXACT_SURFACE,165591,265,FOUND_TOP50K,EXACT_CASE_SENSITIVE_SURFACE_TOKEN,2026-09-04,,,,,NONE_OR_NOT_ANNOTATED_IN_THIS_PASS,FULL_TOP50K_EXACT_LOOKUP_50000,,NOT_CALCULATED_DENOMINATOR_NOT_FIXED,SUBTITLE_AUDIOVISUAL,2018,OpenSubtitles2018 via FrequencyWords processing,CC BY-SA 4.0 content,ALLOWED_WITH_ATTRIBUTION_AND_SHAREALIKE_BOUNDARY,NONE_FREQUENCY_DOES_NOT_SET_LEVEL,QUANT_SIGNAL_AVAILABLE_NOT_YET_COMPOSITE_SCORED,https://github.com/hermitdave/FrequencyWords/blob/master/content/2018/es/es_50k.txt,https://raw.githubusercontent.com/hermitdave/FrequencyWords/refs/heads/master/content/2018/es/es_50k.txt,Full continuous top-50k exact surface sweep completed on 2026-09-04. Frequency is quantitative evidence only and does not set CEFR level.,1.32
12B1-ATOM-0492,salud,ATOMIC_SURFACE_FORM,CORP-18,FrequencyWords / OpenSubtitles2018 Spanish 50k,FrequencyWords content/2018/es/es_50k.txt (OpenSubtitles2018-derived),SURFACE_SUBTITLE_OCCURRENCE_COUNT_AND_RANK,MEASURED_EXACT_SURFACE,37016,983,FOUND_TOP50K,EXACT_CASE_SENSITIVE_SURFACE_TOKEN,2026-09-04,,,,,NONE_OR_NOT_ANNOTATED_IN_THIS_PASS,FULL_TOP50K_EXACT_LOOKUP_50000,,NOT_CALCULATED_DENOMINATOR_NOT_FIXED,SUBTITLE_AUDIOVISUAL,2018,OpenSubtitles2018 via FrequencyWords processing,CC BY-SA 4.0 content,ALLOWED_WITH_ATTRIBUTION_AND_SHAREALIKE_BOUNDARY,NONE_FREQUENCY_DOES_NOT_SET_LEVEL,QUANT_SIGNAL_AVAILABLE_NOT_YET_COMPOSITE_SCORED,https://github.com/hermitdave/FrequencyWords/blob/master/content/2018/es/es_50k.txt,https://raw.githubusercontent.com/hermitdave/FrequencyWords/refs/heads/master/content/2018/es/es_50k.txt,Full continuous top-50k exact surface sweep completed on 2026-09-04. Frequency is quantitative evidence only and does not set CEFR level.,1.32
12B1-ATOM-0493,salón,ATOMIC_SURFACE_FORM,CORP-18,FrequencyWords / OpenSubtitles2018 Spanish 50k,FrequencyWords content/2018/es/es_50k.txt (OpenSubtitles2018-derived),SURFACE_SUBTITLE_OCCURRENCE_COUNT_AND_RANK,MEASURED_EXACT_SURFACE,15458,2163,FOUND_TOP50K,EXACT_CASE_SENSITIVE_SURFACE_TOKEN,2026-09-04,,,,,NONE_OR_NOT_ANNOTATED_IN_THIS_PASS,FULL_TOP50K_EXACT_LOOKUP_50000,,NOT_CALCULATED_DENOMINATOR_NOT_FIXED,SUBTITLE_AUDIOVISUAL,2018,OpenSubtitles2018 via FrequencyWords processing,CC BY-SA 4.0 content,ALLOWED_WITH_ATTRIBUTION_AND_SHAREALIKE_BOUNDARY,NONE_FREQUENCY_DOES_NOT_SET_LEVEL,QUANT_SIGNAL_AVAILABLE_NOT_YET_COMPOSITE_SCORED,https://github.com/hermitdave/FrequencyWords/blob/master/content/2018/es/es_50k.txt,https://raw.githubusercontent.com/hermitdave/FrequencyWords/refs/heads/master/content/2018/es/es_50k.txt,Full continuous top-50k exact surface sweep completed on 2026-09-04. Frequency is quantitative evidence only and does not set CEFR level.,1.32
12B1-ATOM-0494,se,ATOMIC_SURFACE_FORM,CORP-18,FrequencyWords / OpenSubtitles2018 Spanish 50k,FrequencyWords content/2018/es/es_50k.txt (OpenSubtitles2018-derived),SURFACE_SUBTITLE_OCCURRENCE_COUNT_AND_RANK,MEASURED_EXACT_SURFACE,3058120,17,FOUND_TOP50K,EXACT_CASE_SENSITIVE_SURFACE_TOKEN,2026-09-04,,,,,NONE_OR_NOT_ANNOTATED_IN_THIS_PASS,FULL_TOP50K_EXACT_LOOKUP_50000,,NOT_CALCULATED_DENOMINATOR_NOT_FIXED,SUBTITLE_AUDIOVISUAL,2018,OpenSubtitles2018 via FrequencyWords processing,CC BY-SA 4.0 content,ALLOWED_WITH_ATTRIBUTION_AND_SHAREALIKE_BOUNDARY,NONE_FREQUENCY_DOES_NOT_SET_LEVEL,QUANT_SIGNAL_AVAILABLE_NOT_YET_COMPOSITE_SCORED,https://github.com/hermitdave/FrequencyWords/blob/master/content/2018/es/es_50k.txt,https://raw.githubusercontent.com/hermitdave/FrequencyWords/refs/heads/master/content/2018/es/es_50k.txt,Full continuous top-50k exact surface sweep completed on 2026-09-04. Frequency is quantitative evidence only and does not set CEFR level.,1.32
12B1-ATOM-0495,segunda,ATOMIC_SURFACE_FORM,CORP-18,FrequencyWords / OpenSubtitles2018 Spanish 50k,FrequencyWords content/2018/es/es_50k.txt (OpenSubtitles2018-derived),SURFACE_SUBTITLE_OCCURRENCE_COUNT_AND_RANK,MEASURED_EXACT_SURFACE,37192,976,FOUND_TOP50K,EXACT_CASE_SENSITIVE_SURFACE_TOKEN,2026-09-04,,,,,NONE_OR_NOT_ANNOTATED_IN_THIS_PASS,FULL_TOP50K_EXACT_LOOKUP_50000,,NOT_CALCULATED_DENOMINATOR_NOT_FIXED,SUBTITLE_AUDIOVISUAL,2018,OpenSubtitles2018 via FrequencyWords processing,CC BY-SA 4.0 content,ALLOWED_WITH_ATTRIBUTION_AND_SHAREALIKE_BOUNDARY,NONE_FREQUENCY_DOES_NOT_SET_LEVEL,QUANT_SIGNAL_AVAILABLE_NOT_YET_COMPOSITE_SCORED,https://github.com/hermitdave/FrequencyWords/blob/master/content/2018/es/es_50k.txt,https://raw.githubusercontent.com/hermitdave/FrequencyWords/refs/heads/master/content/2018/es/es_50k.txt,Full continuous top-50k exact surface sweep completed on 2026-09-04. Frequency is quantitative evidence only and does not set CEFR level.,1.32
12B1-ATOM-0496,segundo,ATOMIC_SURFACE_FORM,CORP-18,FrequencyWords / OpenSubtitles2018 Spanish 50k,FrequencyWords content/2018/es/es_50k.txt (OpenSubtitles2018-derived),SURFACE_SUBTITLE_OCCURRENCE_COUNT_AND_RANK,MEASURED_EXACT_SURFACE,88232,480,FOUND_TOP50K,EXACT_CASE_SENSITIVE_SURFACE_TOKEN,2026-09-04,,,,,NONE_OR_NOT_ANNOTATED_IN_THIS_PASS,FULL_TOP50K_EXACT_LOOKUP_50000,,NOT_CALCULATED_DENOMINATOR_NOT_FIXED,SUBTITLE_AUDIOVISUAL,2018,OpenSubtitles2018 via FrequencyWords processing,CC BY-SA 4.0 content,ALLOWED_WITH_ATTRIBUTION_AND_SHAREALIKE_BOUNDARY,NONE_FREQUENCY_DOES_NOT_SET_LEVEL,QUANT_SIGNAL_AVAILABLE_NOT_YET_COMPOSITE_SCORED,https://github.com/hermitdave/FrequencyWords/blob/master/content/2018/es/es_50k.txt,https://raw.githubusercontent.com/hermitdave/FrequencyWords/refs/heads/master/content/2018/es/es_50k.txt,Full continuous top-50k exact surface sweep completed on 2026-09-04. Frequency is quantitative evidence only and does not set CEFR level.,1.32
12B1-ATOM-0497,sello,ATOMIC_SURFACE_FORM,CORP-18,FrequencyWords / OpenSubtitles2018 Spanish 50k,FrequencyWords content/2018/es/es_50k.txt (OpenSubtitles2018-derived),SURFACE_SUBTITLE_OCCURRENCE_COUNT_AND_RANK,MEASURED_EXACT_SURFACE,5301,5243,FOUND_TOP50K,EXACT_CASE_SENSITIVE_SURFACE_TOKEN,2026-09-04,,,,,NONE_OR_NOT_ANNOTATED_IN_THIS_PASS,FULL_TOP50K_EXACT_LOOKUP_50000,,NOT_CALCULATED_DENOMINATOR_NOT_FIXED,SUBTITLE_AUDIOVISUAL,2018,OpenSubtitles2018 via FrequencyWords processing,CC BY-SA 4.0 content,ALLOWED_WITH_ATTRIBUTION_AND_SHAREALIKE_BOUNDARY,NONE_FREQUENCY_DOES_NOT_SET_LEVEL,QUANT_SIGNAL_AVAILABLE_NOT_YET_COMPOSITE_SCORED,https://github.com/hermitdave/FrequencyWords/blob/master/content/2018/es/es_50k.txt,https://raw.githubusercontent.com/hermitdave/FrequencyWords/refs/heads/master/content/2018/es/es_50k.txt,Full continuous top-50k exact surface sweep completed on 2026-09-04. Frequency is quantitative evidence only and does not set CEFR level.,1.32
12B1-ATOM-0498,semana,ATOMIC_SURFACE_FORM,CORP-18,FrequencyWords / OpenSubtitles2018 Spanish 50k,FrequencyWords content/2018/es/es_50k.txt (OpenSubtitles2018-derived),SURFACE_SUBTITLE_OCCURRENCE_COUNT_AND_RANK,MEASURED_EXACT_SURFACE,130555,326,FOUND_TOP50K,EXACT_CASE_SENSITIVE_SURFACE_TOKEN,2026-09-04,,,,,NONE_OR_NOT_ANNOTATED_IN_THIS_PASS,FULL_TOP50K_EXACT_LOOKUP_50000,,NOT_CALCULATED_DENOMINATOR_NOT_FIXED,SUBTITLE_AUDIOVISUAL,2018,OpenSubtitles2018 via FrequencyWords processing,CC BY-SA 4.0 content,ALLOWED_WITH_ATTRIBUTION_AND_SHAREALIKE_BOUNDARY,NONE_FREQUENCY_DOES_NOT_SET_LEVEL,QUANT_SIGNAL_AVAILABLE_NOT_YET_COMPOSITE_SCORED,https://github.com/hermitdave/FrequencyWords/blob/master/content/2018/es/es_50k.txt,https://raw.githubusercontent.com/hermitdave/FrequencyWords/refs/heads/master/content/2018/es/es_50k.txt,Full continuous top-50k exact surface sweep completed on 2026-09-04. Frequency is quantitative evidence only and does not set CEFR level.,1.32
12B1-ATOM-0499,separado,ATOMIC_SURFACE_FORM,CORP-18,FrequencyWords / OpenSubtitles2018 Spanish 50k,FrequencyWords content/2018/es/es_50k.txt (OpenSubtitles2018-derived),SURFACE_SUBTITLE_OCCURRENCE_COUNT_AND_RANK,MEASURED_EXACT_SURFACE,4436,6045,FOUND_TOP50K,EXACT_CASE_SENSITIVE_SURFACE_TOKEN,2026-09-04,,,,,NONE_OR_NOT_ANNOTATED_IN_THIS_PASS,FULL_TOP50K_EXACT_LOOKUP_50000,,NOT_CALCULATED_DENOMINATOR_NOT_FIXED,SUBTITLE_AUDIOVISUAL,2018,OpenSubtitles2018 via FrequencyWords processing,CC BY-SA 4.0 content,ALLOWED_WITH_ATTRIBUTION_AND_SHAREALIKE_BOUNDARY,NONE_FREQUENCY_DOES_NOT_SET_LEVEL,QUANT_SIGNAL_AVAILABLE_NOT_YET_COMPOSITE_SCORED,https://github.com/hermitdave/FrequencyWords/blob/master/content/2018/es/es_50k.txt,https://raw.githubusercontent.com/hermitdave/FrequencyWords/refs/heads/master/content/2018/es/es_50k.txt,Full continuous top-50k exact surface sweep completed on 2026-09-04. Frequency is quantitative evidence only and does not set CEFR level.,1.32
12B1-ATOM-0500,ser,ATOMIC_SURFACE_FORM,CORP-18,FrequencyWords / OpenSubtitles2018 Spanish 50k,FrequencyWords content/2018/es/es_50k.txt (OpenSubtitles2018-derived),SURFACE_SUBTITLE_OCCURRENCE_COUNT_AND_RANK,MEASURED_EXACT_SURFACE,819688,63,FOUND_TOP50K,EXACT_CASE_SENSITIVE_SURFACE_TOKEN,2026-09-04,,,,,NONE_OR_NOT_ANNOTATED_IN_THIS_PASS,FULL_TOP50K_EXACT_LOOKUP_50000,,NOT_CALCULATED_DENOMINATOR_NOT_FIXED,SUBTITLE_AUDIOVISUAL,2018,OpenSubtitles2018 via FrequencyWords processing,CC BY-SA 4.0 content,ALLOWED_WITH_ATTRIBUTION_AND_SHAREALIKE_BOUNDARY,NONE_FREQUENCY_DOES_NOT_SET_LEVEL,QUANT_SIGNAL_AVAILABLE_NOT_YET_COMPOSITE_SCORED,https://github.com/hermitdave/FrequencyWords/blob/master/content/2018/es/es_50k.txt,https://raw.githubusercontent.com/hermitdave/FrequencyWords/refs/heads/master/content/2018/es/es_50k.txt,Full continuous top-50k exact surface sweep completed on 2026-09-04. Frequency is quantitative evidence only and does not set CEFR level.,1.32
12B1-ATOM-0501,serio,ATOMIC_SURFACE_FORM,CORP-18,FrequencyWords / OpenSubtitles2018 Spanish 50k,FrequencyWords content/2018/es/es_50k.txt (OpenSubtitles2018-derived),SURFACE_SUBTITLE_OCCURRENCE_COUNT_AND_RANK,MEASURED_EXACT_SURFACE,194846,239,FOUND_TOP50K,EXACT_CASE_SENSITIVE_SURFACE_TOKEN,2026-09-04,,,,,NONE_OR_NOT_ANNOTATED_IN_THIS_PASS,FULL_TOP50K_EXACT_LOOKUP_50000,,NOT_CALCULATED_DENOMINATOR_NOT_FIXED,SUBTITLE_AUDIOVISUAL,2018,OpenSubtitles2018 via FrequencyWords processing,CC BY-SA 4.0 content,ALLOWED_WITH_ATTRIBUTION_AND_SHAREALIKE_BOUNDARY,NONE_FREQUENCY_DOES_NOT_SET_LEVEL,QUANT_SIGNAL_AVAILABLE_NOT_YET_COMPOSITE_SCORED,https://github.com/hermitdave/FrequencyWords/blob/master/content/2018/es/es_50k.txt,https://raw.githubusercontent.com/hermitdave/FrequencyWords/refs/heads/master/content/2018/es/es_50k.txt,Full continuous top-50k exact surface sweep completed on 2026-09-04. Frequency is quantitative evidence only and does not set CEFR level.,1.32
12B1-ATOM-0502,sexta,ATOMIC_SURFACE_FORM,CORP-18,FrequencyWords / OpenSubtitles2018 Spanish 50k,FrequencyWords content/2018/es/es_50k.txt (OpenSubtitles2018-derived),SURFACE_SUBTITLE_OCCURRENCE_COUNT_AND_RANK,MEASURED_EXACT_SURFACE,1884,11517,FOUND_TOP50K,EXACT_CASE_SENSITIVE_SURFACE_TOKEN,2026-09-04,,,,,NONE_OR_NOT_ANNOTATED_IN_THIS_PASS,FULL_TOP50K_EXACT_LOOKUP_50000,,NOT_CALCULATED_DENOMINATOR_NOT_FIXED,SUBTITLE_AUDIOVISUAL,2018,OpenSubtitles2018 via FrequencyWords processing,CC BY-SA 4.0 content,ALLOWED_WITH_ATTRIBUTION_AND_SHAREALIKE_BOUNDARY,NONE_FREQUENCY_DOES_NOT_SET_LEVEL,QUANT_SIGNAL_AVAILABLE_NOT_YET_COMPOSITE_SCORED,https://github.com/hermitdave/FrequencyWords/blob/master/content/2018/es/es_50k.txt,https://raw.githubusercontent.com/hermitdave/FrequencyWords/refs/heads/master/content/2018/es/es_50k.txt,Full continuous top-50k exact surface sweep completed on 2026-09-04. Frequency is quantitative evidence only and does not set CEFR level.,1.32
12B1-ATOM-0503,sexto,ATOMIC_SURFACE_FORM,CORP-18,FrequencyWords / OpenSubtitles2018 Spanish 50k,FrequencyWords content/2018/es/es_50k.txt (OpenSubtitles2018-derived),SURFACE_SUBTITLE_OCCURRENCE_COUNT_AND_RANK,MEASURED_EXACT_SURFACE,3906,6707,FOUND_TOP50K,EXACT_CASE_SENSITIVE_SURFACE_TOKEN,2026-09-04,,,,,NONE_OR_NOT_ANNOTATED_IN_THIS_PASS,FULL_TOP50K_EXACT_LOOKUP_50000,,NOT_CALCULATED_DENOMINATOR_NOT_FIXED,SUBTITLE_AUDIOVISUAL,2018,OpenSubtitles2018 via FrequencyWords processing,CC BY-SA 4.0 content,ALLOWED_WITH_ATTRIBUTION_AND_SHAREALIKE_BOUNDARY,NONE_FREQUENCY_DOES_NOT_SET_LEVEL,QUANT_SIGNAL_AVAILABLE_NOT_YET_COMPOSITE_SCORED,https://github.com/hermitdave/FrequencyWords/blob/master/content/2018/es/es_50k.txt,https://raw.githubusercontent.com/hermitdave/FrequencyWords/refs/heads/master/content/2018/es/es_50k.txt,Full continuous top-50k exact surface sweep completed on 2026-09-04. Frequency is quantitative evidence only and does not set CEFR level.,1.32
12B1-ATOM-0504,señor,ATOMIC_SURFACE_FORM,CORP-18,FrequencyWords / OpenSubtitles2018 Spanish 50k,FrequencyWords content/2018/es/es_50k.txt (OpenSubtitles2018-derived),SURFACE_SUBTITLE_OCCURRENCE_COUNT_AND_RANK,MEASURED_EXACT_SURFACE,507728,107,FOUND_TOP50K,EXACT_CASE_SENSITIVE_SURFACE_TOKEN,2026-09-04,,,,,NONE_OR_NOT_ANNOTATED_IN_THIS_PASS,FULL_TOP50K_EXACT_LOOKUP_50000,,NOT_CALCULATED_DENOMINATOR_NOT_FIXED,SUBTITLE_AUDIOVISUAL,2018,OpenSubtitles2018 via FrequencyWords processing,CC BY-SA 4.0 content,ALLOWED_WITH_ATTRIBUTION_AND_SHAREALIKE_BOUNDARY,NONE_FREQUENCY_DOES_NOT_SET_LEVEL,QUANT_SIGNAL_AVAILABLE_NOT_YET_COMPOSITE_SCORED,https://github.com/hermitdave/FrequencyWords/blob/master/content/2018/es/es_50k.txt,https://raw.githubusercontent.com/hermitdave/FrequencyWords/refs/heads/master/content/2018/es/es_50k.txt,Full continuous top-50k exact surface sweep completed on 2026-09-04. Frequency is quantitative evidence only and does not set CEFR level.,1.32
12B1-ATOM-0505,señora,ATOMIC_SURFACE_FORM,CORP-18,FrequencyWords / OpenSubtitles2018 Spanish 50k,FrequencyWords content/2018/es/es_50k.txt (OpenSubtitles2018-derived),SURFACE_SUBTITLE_OCCURRENCE_COUNT_AND_RANK,MEASURED_EXACT_SURFACE,141893,300,FOUND_TOP50K,EXACT_CASE_SENSITIVE_SURFACE_TOKEN,2026-09-04,,,,,NONE_OR_NOT_ANNOTATED_IN_THIS_PASS,FULL_TOP50K_EXACT_LOOKUP_50000,,NOT_CALCULATED_DENOMINATOR_NOT_FIXED,SUBTITLE_AUDIOVISUAL,2018,OpenSubtitles2018 via FrequencyWords processing,CC BY-SA 4.0 content,ALLOWED_WITH_ATTRIBUTION_AND_SHAREALIKE_BOUNDARY,NONE_FREQUENCY_DOES_NOT_SET_LEVEL,QUANT_SIGNAL_AVAILABLE_NOT_YET_COMPOSITE_SCORED,https://github.com/hermitdave/FrequencyWords/blob/master/content/2018/es/es_50k.txt,https://raw.githubusercontent.com/hermitdave/FrequencyWords/refs/heads/master/content/2018/es/es_50k.txt,Full continuous top-50k exact surface sweep completed on 2026-09-04. Frequency is quantitative evidence only and does not set CEFR level.,1.32
12B1-ATOM-0506,señores,ATOMIC_SURFACE_FORM,CORP-18,FrequencyWords / OpenSubtitles2018 Spanish 50k,FrequencyWords content/2018/es/es_50k.txt (OpenSubtitles2018-derived),SURFACE_SUBTITLE_OCCURRENCE_COUNT_AND_RANK,MEASURED_EXACT_SURFACE,25187,1387,FOUND_TOP50K,EXACT_CASE_SENSITIVE_SURFACE_TOKEN,2026-09-04,,,,,NONE_OR_NOT_ANNOTATED_IN_THIS_PASS,FULL_TOP50K_EXACT_LOOKUP_50000,,NOT_CALCULATED_DENOMINATOR_NOT_FIXED,SUBTITLE_AUDIOVISUAL,2018,OpenSubtitles2018 via FrequencyWords processing,CC BY-SA 4.0 content,ALLOWED_WITH_ATTRIBUTION_AND_SHAREALIKE_BOUNDARY,NONE_FREQUENCY_DOES_NOT_SET_LEVEL,QUANT_SIGNAL_AVAILABLE_NOT_YET_COMPOSITE_SCORED,https://github.com/hermitdave/FrequencyWords/blob/master/content/2018/es/es_50k.txt,https://raw.githubusercontent.com/hermitdave/FrequencyWords/refs/heads/master/content/2018/es/es_50k.txt,Full continuous top-50k exact surface sweep completed on 2026-09-04. Frequency is quantitative evidence only and does not set CEFR level.,1.32
12B1-ATOM-0507,siempre,ATOMIC_SURFACE_FORM,CORP-18,FrequencyWords / OpenSubtitles2018 Spanish 50k,FrequencyWords content/2018/es/es_50k.txt (OpenSubtitles2018-derived),SURFACE_SUBTITLE_OCCURRENCE_COUNT_AND_RANK,MEASURED_EXACT_SURFACE,424363,125,FOUND_TOP50K,EXACT_CASE_SENSITIVE_SURFACE_TOKEN,2026-09-04,,,,,NONE_OR_NOT_ANNOTATED_IN_THIS_PASS,FULL_TOP50K_EXACT_LOOKUP_50000,,NOT_CALCULATED_DENOMINATOR_NOT_FIXED,SUBTITLE_AUDIOVISUAL,2018,OpenSubtitles2018 via FrequencyWords processing,CC BY-SA 4.0 content,ALLOWED_WITH_ATTRIBUTION_AND_SHAREALIKE_BOUNDARY,NONE_FREQUENCY_DOES_NOT_SET_LEVEL,QUANT_SIGNAL_AVAILABLE_NOT_YET_COMPOSITE_SCORED,https://github.com/hermitdave/FrequencyWords/blob/master/content/2018/es/es_50k.txt,https://raw.githubusercontent.com/hermitdave/FrequencyWords/refs/heads/master/content/2018/es/es_50k.txt,Full continuous top-50k exact surface sweep completed on 2026-09-04. Frequency is quantitative evidence only and does not set CEFR level.,1.32
12B1-ATOM-0508,silencio,ATOMIC_SURFACE_FORM,CORP-18,FrequencyWords / OpenSubtitles2018 Spanish 50k,FrequencyWords content/2018/es/es_50k.txt (OpenSubtitles2018-derived),SURFACE_SUBTITLE_OCCURRENCE_COUNT_AND_RANK,MEASURED_EXACT_SURFACE,40675,904,FOUND_TOP50K,EXACT_CASE_SENSITIVE_SURFACE_TOKEN,2026-09-04,,,,,NONE_OR_NOT_ANNOTATED_IN_THIS_PASS,FULL_TOP50K_EXACT_LOOKUP_50000,,NOT_CALCULATED_DENOMINATOR_NOT_FIXED,SUBTITLE_AUDIOVISUAL,2018,OpenSubtitles2018 via FrequencyWords processing,CC BY-SA 4.0 content,ALLOWED_WITH_ATTRIBUTION_AND_SHAREALIKE_BOUNDARY,NONE_FREQUENCY_DOES_NOT_SET_LEVEL,QUANT_SIGNAL_AVAILABLE_NOT_YET_COMPOSITE_SCORED,https://github.com/hermitdave/FrequencyWords/blob/master/content/2018/es/es_50k.txt,https://raw.githubusercontent.com/hermitdave/FrequencyWords/refs/heads/master/content/2018/es/es_50k.txt,Full continuous top-50k exact surface sweep completed on 2026-09-04. Frequency is quantitative evidence only and does not set CEFR level.,1.32
12B1-ATOM-0509,silla,ATOMIC_SURFACE_FORM,CORP-18,FrequencyWords / OpenSubtitles2018 Spanish 50k,FrequencyWords content/2018/es/es_50k.txt (OpenSubtitles2018-derived),SURFACE_SUBTITLE_OCCURRENCE_COUNT_AND_RANK,MEASURED_EXACT_SURFACE,21910,1579,FOUND_TOP50K,EXACT_CASE_SENSITIVE_SURFACE_TOKEN,2026-09-04,,,,,NONE_OR_NOT_ANNOTATED_IN_THIS_PASS,FULL_TOP50K_EXACT_LOOKUP_50000,,NOT_CALCULATED_DENOMINATOR_NOT_FIXED,SUBTITLE_AUDIOVISUAL,2018,OpenSubtitles2018 via FrequencyWords processing,CC BY-SA 4.0 content,ALLOWED_WITH_ATTRIBUTION_AND_SHAREALIKE_BOUNDARY,NONE_FREQUENCY_DOES_NOT_SET_LEVEL,QUANT_SIGNAL_AVAILABLE_NOT_YET_COMPOSITE_SCORED,https://github.com/hermitdave/FrequencyWords/blob/master/content/2018/es/es_50k.txt,https://raw.githubusercontent.com/hermitdave/FrequencyWords/refs/heads/master/content/2018/es/es_50k.txt,Full continuous top-50k exact surface sweep completed on 2026-09-04. Frequency is quantitative evidence only and does not set CEFR level.,1.32
12B1-ATOM-0510,sillón,ATOMIC_SURFACE_FORM,CORP-18,FrequencyWords / OpenSubtitles2018 Spanish 50k,FrequencyWords content/2018/es/es_50k.txt (OpenSubtitles2018-derived),SURFACE_SUBTITLE_OCCURRENCE_COUNT_AND_RANK,MEASURED_EXACT_SURFACE,2658,8986,FOUND_TOP50K,EXACT_CASE_SENSITIVE_SURFACE_TOKEN,2026-09-04,,,,,NONE_OR_NOT_ANNOTATED_IN_THIS_PASS,FULL_TOP50K_EXACT_LOOKUP_50000,,NOT_CALCULATED_DENOMINATOR_NOT_FIXED,SUBTITLE_AUDIOVISUAL,2018,OpenSubtitles2018 via FrequencyWords processing,CC BY-SA 4.0 content,ALLOWED_WITH_ATTRIBUTION_AND_SHAREALIKE_BOUNDARY,NONE_FREQUENCY_DOES_NOT_SET_LEVEL,QUANT_SIGNAL_AVAILABLE_NOT_YET_COMPOSITE_SCORED,https://github.com/hermitdave/FrequencyWords/blob/master/content/2018/es/es_50k.txt,https://raw.githubusercontent.com/hermitdave/FrequencyWords/refs/heads/master/content/2018/es/es_50k.txt,Full continuous top-50k exact surface sweep completed on 2026-09-04. Frequency is quantitative evidence only and does not set CEFR level.,1.32
12B1-ATOM-0511,simpático,ATOMIC_SURFACE_FORM,CORP-18,FrequencyWords / OpenSubtitles2018 Spanish 50k,FrequencyWords content/2018/es/es_50k.txt (OpenSubtitles2018-derived),SURFACE_SUBTITLE_OCCURRENCE_COUNT_AND_RANK,MEASURED_EXACT_SURFACE,4358,6124,FOUND_TOP50K,EXACT_CASE_SENSITIVE_SURFACE_TOKEN,2026-09-04,,,,,NONE_OR_NOT_ANNOTATED_IN_THIS_PASS,FULL_TOP50K_EXACT_LOOKUP_50000,,NOT_CALCULATED_DENOMINATOR_NOT_FIXED,SUBTITLE_AUDIOVISUAL,2018,OpenSubtitles2018 via FrequencyWords processing,CC BY-SA 4.0 content,ALLOWED_WITH_ATTRIBUTION_AND_SHAREALIKE_BOUNDARY,NONE_FREQUENCY_DOES_NOT_SET_LEVEL,QUANT_SIGNAL_AVAILABLE_NOT_YET_COMPOSITE_SCORED,https://github.com/hermitdave/FrequencyWords/blob/master/content/2018/es/es_50k.txt,https://raw.githubusercontent.com/hermitdave/FrequencyWords/refs/heads/master/content/2018/es/es_50k.txt,Full continuous top-50k exact surface sweep completed on 2026-09-04. Frequency is quantitative evidence only and does not set CEFR level.,1.32
12B1-ATOM-0512,sin,ATOMIC_SURFACE_FORM,CORP-18,FrequencyWords / OpenSubtitles2018 Spanish 50k,FrequencyWords content/2018/es/es_50k.txt (OpenSubtitles2018-derived),SURFACE_SUBTITLE_OCCURRENCE_COUNT_AND_RANK,MEASURED_EXACT_SURFACE,474770,115,FOUND_TOP50K,EXACT_CASE_SENSITIVE_SURFACE_TOKEN,2026-09-04,,,,,NONE_OR_NOT_ANNOTATED_IN_THIS_PASS,FULL_TOP50K_EXACT_LOOKUP_50000,,NOT_CALCULATED_DENOMINATOR_NOT_FIXED,SUBTITLE_AUDIOVISUAL,2018,OpenSubtitles2018 via FrequencyWords processing,CC BY-SA 4.0 content,ALLOWED_WITH_ATTRIBUTION_AND_SHAREALIKE_BOUNDARY,NONE_FREQUENCY_DOES_NOT_SET_LEVEL,QUANT_SIGNAL_AVAILABLE_NOT_YET_COMPOSITE_SCORED,https://github.com/hermitdave/FrequencyWords/blob/master/content/2018/es/es_50k.txt,https://raw.githubusercontent.com/hermitdave/FrequencyWords/refs/heads/master/content/2018/es/es_50k.txt,Full continuous top-50k exact surface sweep completed on 2026-09-04. Frequency is quantitative evidence only and does not set CEFR level.,1.32
12B1-ATOM-0513,sinagoga,ATOMIC_SURFACE_FORM,CORP-18,FrequencyWords / OpenSubtitles2018 Spanish 50k,FrequencyWords content/2018/es/es_50k.txt (OpenSubtitles2018-derived),SURFACE_SUBTITLE_OCCURRENCE_COUNT_AND_RANK,MEASURED_EXACT_SURFACE,574,25584,FOUND_TOP50K,EXACT_CASE_SENSITIVE_SURFACE_TOKEN,2026-09-04,,,,,NONE_OR_NOT_ANNOTATED_IN_THIS_PASS,FULL_TOP50K_EXACT_LOOKUP_50000,,NOT_CALCULATED_DENOMINATOR_NOT_FIXED,SUBTITLE_AUDIOVISUAL,2018,OpenSubtitles2018 via FrequencyWords processing,CC BY-SA 4.0 content,ALLOWED_WITH_ATTRIBUTION_AND_SHAREALIKE_BOUNDARY,NONE_FREQUENCY_DOES_NOT_SET_LEVEL,QUANT_SIGNAL_AVAILABLE_NOT_YET_COMPOSITE_SCORED,https://github.com/hermitdave/FrequencyWords/blob/master/content/2018/es/es_50k.txt,https://raw.githubusercontent.com/hermitdave/FrequencyWords/refs/heads/master/content/2018/es/es_50k.txt,Full continuous top-50k exact surface sweep completed on 2026-09-04. Frequency is quantitative evidence only and does not set CEFR level.,1.32
12B1-ATOM-0514,sobre,ATOMIC_SURFACE_FORM,CORP-18,FrequencyWords / OpenSubtitles2018 Spanish 50k,FrequencyWords content/2018/es/es_50k.txt (OpenSubtitles2018-derived),SURFACE_SUBTITLE_OCCURRENCE_COUNT_AND_RANK,MEASURED_EXACT_SURFACE,478020,113,FOUND_TOP50K,EXACT_CASE_SENSITIVE_SURFACE_TOKEN,2026-09-04,,,,,NONE_OR_NOT_ANNOTATED_IN_THIS_PASS,FULL_TOP50K_EXACT_LOOKUP_50000,,NOT_CALCULATED_DENOMINATOR_NOT_FIXED,SUBTITLE_AUDIOVISUAL,2018,OpenSubtitles2018 via FrequencyWords processing,CC BY-SA 4.0 content,ALLOWED_WITH_ATTRIBUTION_AND_SHAREALIKE_BOUNDARY,NONE_FREQUENCY_DOES_NOT_SET_LEVEL,QUANT_SIGNAL_AVAILABLE_NOT_YET_COMPOSITE_SCORED,https://github.com/hermitdave/FrequencyWords/blob/master/content/2018/es/es_50k.txt,https://raw.githubusercontent.com/hermitdave/FrequencyWords/refs/heads/master/content/2018/es/es_50k.txt,Full continuous top-50k exact surface sweep completed on 2026-09-04. Frequency is quantitative evidence only and does not set CEFR level.,1.32
12B1-ATOM-0515,sobrino,ATOMIC_SURFACE_FORM,CORP-18,FrequencyWords / OpenSubtitles2018 Spanish 50k,FrequencyWords content/2018/es/es_50k.txt (OpenSubtitles2018-derived),SURFACE_SUBTITLE_OCCURRENCE_COUNT_AND_RANK,MEASURED_EXACT_SURFACE,8212,3675,FOUND_TOP50K,EXACT_CASE_SENSITIVE_SURFACE_TOKEN,2026-09-04,,,,,NONE_OR_NOT_ANNOTATED_IN_THIS_PASS,FULL_TOP50K_EXACT_LOOKUP_50000,,NOT_CALCULATED_DENOMINATOR_NOT_FIXED,SUBTITLE_AUDIOVISUAL,2018,OpenSubtitles2018 via FrequencyWords processing,CC BY-SA 4.0 content,ALLOWED_WITH_ATTRIBUTION_AND_SHAREALIKE_BOUNDARY,NONE_FREQUENCY_DOES_NOT_SET_LEVEL,QUANT_SIGNAL_AVAILABLE_NOT_YET_COMPOSITE_SCORED,https://github.com/hermitdave/FrequencyWords/blob/master/content/2018/es/es_50k.txt,https://raw.githubusercontent.com/hermitdave/FrequencyWords/refs/heads/master/content/2018/es/es_50k.txt,Full continuous top-50k exact surface sweep completed on 2026-09-04. Frequency is quantitative evidence only and does not set CEFR level.,1.32
12B1-ATOM-0516,sociable,ATOMIC_SURFACE_FORM,CORP-18,FrequencyWords / OpenSubtitles2018 Spanish 50k,FrequencyWords content/2018/es/es_50k.txt (OpenSubtitles2018-derived),SURFACE_SUBTITLE_OCCURRENCE_COUNT_AND_RANK,MEASURED_EXACT_SURFACE,777,21051,FOUND_TOP50K,EXACT_CASE_SENSITIVE_SURFACE_TOKEN,2026-09-04,,,,,NONE_OR_NOT_ANNOTATED_IN_THIS_PASS,FULL_TOP50K_EXACT_LOOKUP_50000,,NOT_CALCULATED_DENOMINATOR_NOT_FIXED,SUBTITLE_AUDIOVISUAL,2018,OpenSubtitles2018 via FrequencyWords processing,CC BY-SA 4.0 content,ALLOWED_WITH_ATTRIBUTION_AND_SHAREALIKE_BOUNDARY,NONE_FREQUENCY_DOES_NOT_SET_LEVEL,QUANT_SIGNAL_AVAILABLE_NOT_YET_COMPOSITE_SCORED,https://github.com/hermitdave/FrequencyWords/blob/master/content/2018/es/es_50k.txt,https://raw.githubusercontent.com/hermitdave/FrequencyWords/refs/heads/master/content/2018/es/es_50k.txt,Full continuous top-50k exact surface sweep completed on 2026-09-04. Frequency is quantitative evidence only and does not set CEFR level.,1.32
12B1-ATOM-0517,sofá,ATOMIC_SURFACE_FORM,CORP-18,FrequencyWords / OpenSubtitles2018 Spanish 50k,FrequencyWords content/2018/es/es_50k.txt (OpenSubtitles2018-derived),SURFACE_SUBTITLE_OCCURRENCE_COUNT_AND_RANK,MEASURED_EXACT_SURFACE,11367,2809,FOUND_TOP50K,EXACT_CASE_SENSITIVE_SURFACE_TOKEN,2026-09-04,,,,,NONE_OR_NOT_ANNOTATED_IN_THIS_PASS,FULL_TOP50K_EXACT_LOOKUP_50000,,NOT_CALCULATED_DENOMINATOR_NOT_FIXED,SUBTITLE_AUDIOVISUAL,2018,OpenSubtitles2018 via FrequencyWords processing,CC BY-SA 4.0 content,ALLOWED_WITH_ATTRIBUTION_AND_SHAREALIKE_BOUNDARY,NONE_FREQUENCY_DOES_NOT_SET_LEVEL,QUANT_SIGNAL_AVAILABLE_NOT_YET_COMPOSITE_SCORED,https://github.com/hermitdave/FrequencyWords/blob/master/content/2018/es/es_50k.txt,https://raw.githubusercontent.com/hermitdave/FrequencyWords/refs/heads/master/content/2018/es/es_50k.txt,Full continuous top-50k exact surface sweep completed on 2026-09-04. Frequency is quantitative evidence only and does not set CEFR level.,1.32
12B1-ATOM-0518,sol,ATOMIC_SURFACE_FORM,CORP-18,FrequencyWords / OpenSubtitles2018 Spanish 50k,FrequencyWords content/2018/es/es_50k.txt (OpenSubtitles2018-derived),SURFACE_SUBTITLE_OCCURRENCE_COUNT_AND_RANK,MEASURED_EXACT_SURFACE,45567,824,FOUND_TOP50K,EXACT_CASE_SENSITIVE_SURFACE_TOKEN,2026-09-04,,,,,NONE_OR_NOT_ANNOTATED_IN_THIS_PASS,FULL_TOP50K_EXACT_LOOKUP_50000,,NOT_CALCULATED_DENOMINATOR_NOT_FIXED,SUBTITLE_AUDIOVISUAL,2018,OpenSubtitles2018 via FrequencyWords processing,CC BY-SA 4.0 content,ALLOWED_WITH_ATTRIBUTION_AND_SHAREALIKE_BOUNDARY,NONE_FREQUENCY_DOES_NOT_SET_LEVEL,QUANT_SIGNAL_AVAILABLE_NOT_YET_COMPOSITE_SCORED,https://github.com/hermitdave/FrequencyWords/blob/master/content/2018/es/es_50k.txt,https://raw.githubusercontent.com/hermitdave/FrequencyWords/refs/heads/master/content/2018/es/es_50k.txt,Full continuous top-50k exact surface sweep completed on 2026-09-04. Frequency is quantitative evidence only and does not set CEFR level.,1.32
12B1-ATOM-0519,soltero,ATOMIC_SURFACE_FORM,CORP-18,FrequencyWords / OpenSubtitles2018 Spanish 50k,FrequencyWords content/2018/es/es_50k.txt (OpenSubtitles2018-derived),SURFACE_SUBTITLE_OCCURRENCE_COUNT_AND_RANK,MEASURED_EXACT_SURFACE,7542,3938,FOUND_TOP50K,EXACT_CASE_SENSITIVE_SURFACE_TOKEN,2026-09-04,,,,,NONE_OR_NOT_ANNOTATED_IN_THIS_PASS,FULL_TOP50K_EXACT_LOOKUP_50000,,NOT_CALCULATED_DENOMINATOR_NOT_FIXED,SUBTITLE_AUDIOVISUAL,2018,OpenSubtitles2018 via FrequencyWords processing,CC BY-SA 4.0 content,ALLOWED_WITH_ATTRIBUTION_AND_SHAREALIKE_BOUNDARY,NONE_FREQUENCY_DOES_NOT_SET_LEVEL,QUANT_SIGNAL_AVAILABLE_NOT_YET_COMPOSITE_SCORED,https://github.com/hermitdave/FrequencyWords/blob/master/content/2018/es/es_50k.txt,https://raw.githubusercontent.com/hermitdave/FrequencyWords/refs/heads/master/content/2018/es/es_50k.txt,Full continuous top-50k exact surface sweep completed on 2026-09-04. Frequency is quantitative evidence only and does not set CEFR level.,1.32
12B1-ATOM-0520,sopa,ATOMIC_SURFACE_FORM,CORP-18,FrequencyWords / OpenSubtitles2018 Spanish 50k,FrequencyWords content/2018/es/es_50k.txt (OpenSubtitles2018-derived),SURFACE_SUBTITLE_OCCURRENCE_COUNT_AND_RANK,MEASURED_EXACT_SURFACE,12206,2648,FOUND_TOP50K,EXACT_CASE_SENSITIVE_SURFACE_TOKEN,2026-09-04,,,,,NONE_OR_NOT_ANNOTATED_IN_THIS_PASS,FULL_TOP50K_EXACT_LOOKUP_50000,,NOT_CALCULATED_DENOMINATOR_NOT_FIXED,SUBTITLE_AUDIOVISUAL,2018,OpenSubtitles2018 via FrequencyWords processing,CC BY-SA 4.0 content,ALLOWED_WITH_ATTRIBUTION_AND_SHAREALIKE_BOUNDARY,NONE_FREQUENCY_DOES_NOT_SET_LEVEL,QUANT_SIGNAL_AVAILABLE_NOT_YET_COMPOSITE_SCORED,https://github.com/hermitdave/FrequencyWords/blob/master/content/2018/es/es_50k.txt,https://raw.githubusercontent.com/hermitdave/FrequencyWords/refs/heads/master/content/2018/es/es_50k.txt,Full continuous top-50k exact surface sweep completed on 2026-09-04. Frequency is quantitative evidence only and does not set CEFR level.,1.32
12B1-ATOM-0521,su,ATOMIC_SURFACE_FORM,CORP-18,FrequencyWords / OpenSubtitles2018 Spanish 50k,FrequencyWords content/2018/es/es_50k.txt (OpenSubtitles2018-derived),SURFACE_SUBTITLE_OCCURRENCE_COUNT_AND_RANK,MEASURED_EXACT_SURFACE,2005512,28,FOUND_TOP50K,EXACT_CASE_SENSITIVE_SURFACE_TOKEN,2026-09-04,,,,,NONE_OR_NOT_ANNOTATED_IN_THIS_PASS,FULL_TOP50K_EXACT_LOOKUP_50000,,NOT_CALCULATED_DENOMINATOR_NOT_FIXED,SUBTITLE_AUDIOVISUAL,2018,OpenSubtitles2018 via FrequencyWords processing,CC BY-SA 4.0 content,ALLOWED_WITH_ATTRIBUTION_AND_SHAREALIKE_BOUNDARY,NONE_FREQUENCY_DOES_NOT_SET_LEVEL,QUANT_SIGNAL_AVAILABLE_NOT_YET_COMPOSITE_SCORED,https://github.com/hermitdave/FrequencyWords/blob/master/content/2018/es/es_50k.txt,https://raw.githubusercontent.com/hermitdave/FrequencyWords/refs/heads/master/content/2018/es/es_50k.txt,Full continuous top-50k exact surface sweep completed on 2026-09-04. Frequency is quantitative evidence only and does not set CEFR level.,1.32
12B1-ATOM-0522,supermercado,ATOMIC_SURFACE_FORM,CORP-18,FrequencyWords / OpenSubtitles2018 Spanish 50k,FrequencyWords content/2018/es/es_50k.txt (OpenSubtitles2018-derived),SURFACE_SUBTITLE_OCCURRENCE_COUNT_AND_RANK,MEASURED_EXACT_SURFACE,3845,6786,FOUND_TOP50K,EXACT_CASE_SENSITIVE_SURFACE_TOKEN,2026-09-04,,,,,NONE_OR_NOT_ANNOTATED_IN_THIS_PASS,FULL_TOP50K_EXACT_LOOKUP_50000,,NOT_CALCULATED_DENOMINATOR_NOT_FIXED,SUBTITLE_AUDIOVISUAL,2018,OpenSubtitles2018 via FrequencyWords processing,CC BY-SA 4.0 content,ALLOWED_WITH_ATTRIBUTION_AND_SHAREALIKE_BOUNDARY,NONE_FREQUENCY_DOES_NOT_SET_LEVEL,QUANT_SIGNAL_AVAILABLE_NOT_YET_COMPOSITE_SCORED,https://github.com/hermitdave/FrequencyWords/blob/master/content/2018/es/es_50k.txt,https://raw.githubusercontent.com/hermitdave/FrequencyWords/refs/heads/master/content/2018/es/es_50k.txt,Full continuous top-50k exact surface sweep completed on 2026-09-04. Frequency is quantitative evidence only and does not set CEFR level.,1.32
12B1-ATOM-0523,sur,ATOMIC_SURFACE_FORM,CORP-18,FrequencyWords / OpenSubtitles2018 Spanish 50k,FrequencyWords content/2018/es/es_50k.txt (OpenSubtitles2018-derived),SURFACE_SUBTITLE_OCCURRENCE_COUNT_AND_RANK,MEASURED_EXACT_SURFACE,28775,1227,FOUND_TOP50K,EXACT_CASE_SENSITIVE_SURFACE_TOKEN,2026-09-04,,,,,NONE_OR_NOT_ANNOTATED_IN_THIS_PASS,FULL_TOP50K_EXACT_LOOKUP_50000,,NOT_CALCULATED_DENOMINATOR_NOT_FIXED,SUBTITLE_AUDIOVISUAL,2018,OpenSubtitles2018 via FrequencyWords processing,CC BY-SA 4.0 content,ALLOWED_WITH_ATTRIBUTION_AND_SHAREALIKE_BOUNDARY,NONE_FREQUENCY_DOES_NOT_SET_LEVEL,QUANT_SIGNAL_AVAILABLE_NOT_YET_COMPOSITE_SCORED,https://github.com/hermitdave/FrequencyWords/blob/master/content/2018/es/es_50k.txt,https://raw.githubusercontent.com/hermitdave/FrequencyWords/refs/heads/master/content/2018/es/es_50k.txt,Full continuous top-50k exact surface sweep completed on 2026-09-04. Frequency is quantitative evidence only and does not set CEFR level.,1.32
12B1-ATOM-0524,sus,ATOMIC_SURFACE_FORM,CORP-18,FrequencyWords / OpenSubtitles2018 Spanish 50k,FrequencyWords content/2018/es/es_50k.txt (OpenSubtitles2018-derived),SURFACE_SUBTITLE_OCCURRENCE_COUNT_AND_RANK,MEASURED_EXACT_SURFACE,562087,94,FOUND_TOP50K,EXACT_CASE_SENSITIVE_SURFACE_TOKEN,2026-09-04,,,,,NONE_OR_NOT_ANNOTATED_IN_THIS_PASS,FULL_TOP50K_EXACT_LOOKUP_50000,,NOT_CALCULATED_DENOMINATOR_NOT_FIXED,SUBTITLE_AUDIOVISUAL,2018,OpenSubtitles2018 via FrequencyWords processing,CC BY-SA 4.0 content,ALLOWED_WITH_ATTRIBUTION_AND_SHAREALIKE_BOUNDARY,NONE_FREQUENCY_DOES_NOT_SET_LEVEL,QUANT_SIGNAL_AVAILABLE_NOT_YET_COMPOSITE_SCORED,https://github.com/hermitdave/FrequencyWords/blob/master/content/2018/es/es_50k.txt,https://raw.githubusercontent.com/hermitdave/FrequencyWords/refs/heads/master/content/2018/es/es_50k.txt,Full continuous top-50k exact surface sweep completed on 2026-09-04. Frequency is quantitative evidence only and does not set CEFR level.,1.32
12B1-ATOM-0525,sándwich,ATOMIC_SURFACE_FORM,CORP-18,FrequencyWords / OpenSubtitles2018 Spanish 50k,FrequencyWords content/2018/es/es_50k.txt (OpenSubtitles2018-derived),SURFACE_SUBTITLE_OCCURRENCE_COUNT_AND_RANK,MEASURED_EXACT_SURFACE,5345,5205,FOUND_TOP50K,EXACT_CASE_SENSITIVE_SURFACE_TOKEN,2026-09-04,,,,,NONE_OR_NOT_ANNOTATED_IN_THIS_PASS,FULL_TOP50K_EXACT_LOOKUP_50000,,NOT_CALCULATED_DENOMINATOR_NOT_FIXED,SUBTITLE_AUDIOVISUAL,2018,OpenSubtitles2018 via FrequencyWords processing,CC BY-SA 4.0 content,ALLOWED_WITH_ATTRIBUTION_AND_SHAREALIKE_BOUNDARY,NONE_FREQUENCY_DOES_NOT_SET_LEVEL,QUANT_SIGNAL_AVAILABLE_NOT_YET_COMPOSITE_SCORED,https://github.com/hermitdave/FrequencyWords/blob/master/content/2018/es/es_50k.txt,https://raw.githubusercontent.com/hermitdave/FrequencyWords/refs/heads/master/content/2018/es/es_50k.txt,Full continuous top-50k exact surface sweep completed on 2026-09-04. Frequency is quantitative evidence only and does not set CEFR level.,1.32
12B1-ATOM-0526,séptima,ATOMIC_SURFACE_FORM,CORP-18,FrequencyWords / OpenSubtitles2018 Spanish 50k,FrequencyWords content/2018/es/es_50k.txt (OpenSubtitles2018-derived),SURFACE_SUBTITLE_OCCURRENCE_COUNT_AND_RANK,MEASURED_EXACT_SURFACE,1501,13509,FOUND_TOP50K,EXACT_CASE_SENSITIVE_SURFACE_TOKEN,2026-09-04,,,,,NONE_OR_NOT_ANNOTATED_IN_THIS_PASS,FULL_TOP50K_EXACT_LOOKUP_50000,,NOT_CALCULATED_DENOMINATOR_NOT_FIXED,SUBTITLE_AUDIOVISUAL,2018,OpenSubtitles2018 via FrequencyWords processing,CC BY-SA 4.0 content,ALLOWED_WITH_ATTRIBUTION_AND_SHAREALIKE_BOUNDARY,NONE_FREQUENCY_DOES_NOT_SET_LEVEL,QUANT_SIGNAL_AVAILABLE_NOT_YET_COMPOSITE_SCORED,https://github.com/hermitdave/FrequencyWords/blob/master/content/2018/es/es_50k.txt,https://raw.githubusercontent.com/hermitdave/FrequencyWords/refs/heads/master/content/2018/es/es_50k.txt,Full continuous top-50k exact surface sweep completed on 2026-09-04. Frequency is quantitative evidence only and does not set CEFR level.,1.32
12B1-ATOM-0527,séptimo,ATOMIC_SURFACE_FORM,CORP-18,FrequencyWords / OpenSubtitles2018 Spanish 50k,FrequencyWords content/2018/es/es_50k.txt (OpenSubtitles2018-derived),SURFACE_SUBTITLE_OCCURRENCE_COUNT_AND_RANK,MEASURED_EXACT_SURFACE,2956,8317,FOUND_TOP50K,EXACT_CASE_SENSITIVE_SURFACE_TOKEN,2026-09-04,,,,,NONE_OR_NOT_ANNOTATED_IN_THIS_PASS,FULL_TOP50K_EXACT_LOOKUP_50000,,NOT_CALCULATED_DENOMINATOR_NOT_FIXED,SUBTITLE_AUDIOVISUAL,2018,OpenSubtitles2018 via FrequencyWords processing,CC BY-SA 4.0 content,ALLOWED_WITH_ATTRIBUTION_AND_SHAREALIKE_BOUNDARY,NONE_FREQUENCY_DOES_NOT_SET_LEVEL,QUANT_SIGNAL_AVAILABLE_NOT_YET_COMPOSITE_SCORED,https://github.com/hermitdave/FrequencyWords/blob/master/content/2018/es/es_50k.txt,https://raw.githubusercontent.com/hermitdave/FrequencyWords/refs/heads/master/content/2018/es/es_50k.txt,Full continuous top-50k exact surface sweep completed on 2026-09-04. Frequency is quantitative evidence only and does not set CEFR level.,1.32
12B1-ATOM-0528,sí,ATOMIC_SURFACE_FORM,CORP-18,FrequencyWords / OpenSubtitles2018 Spanish 50k,FrequencyWords content/2018/es/es_50k.txt (OpenSubtitles2018-derived),SURFACE_SUBTITLE_OCCURRENCE_COUNT_AND_RANK,MEASURED_EXACT_SURFACE,2350514,24,FOUND_TOP50K,EXACT_CASE_SENSITIVE_SURFACE_TOKEN,2026-09-04,,,,,NONE_OR_NOT_ANNOTATED_IN_THIS_PASS,FULL_TOP50K_EXACT_LOOKUP_50000,,NOT_CALCULATED_DENOMINATOR_NOT_FIXED,SUBTITLE_AUDIOVISUAL,2018,OpenSubtitles2018 via FrequencyWords processing,CC BY-SA 4.0 content,ALLOWED_WITH_ATTRIBUTION_AND_SHAREALIKE_BOUNDARY,NONE_FREQUENCY_DOES_NOT_SET_LEVEL,QUANT_SIGNAL_AVAILABLE_NOT_YET_COMPOSITE_SCORED,https://github.com/hermitdave/FrequencyWords/blob/master/content/2018/es/es_50k.txt,https://raw.githubusercontent.com/hermitdave/FrequencyWords/refs/heads/master/content/2018/es/es_50k.txt,Full continuous top-50k exact surface sweep completed on 2026-09-04. Frequency is quantitative evidence only and does not set CEFR level.,1.32
12B1-ATOM-0529,también,ATOMIC_SURFACE_FORM,CORP-18,FrequencyWords / OpenSubtitles2018 Spanish 50k,FrequencyWords content/2018/es/es_50k.txt (OpenSubtitles2018-derived),SURFACE_SUBTITLE_OCCURRENCE_COUNT_AND_RANK,MEASURED_EXACT_SURFACE,488057,112,FOUND_TOP50K,EXACT_CASE_SENSITIVE_SURFACE_TOKEN,2026-09-04,,,,,NONE_OR_NOT_ANNOTATED_IN_THIS_PASS,FULL_TOP50K_EXACT_LOOKUP_50000,,NOT_CALCULATED_DENOMINATOR_NOT_FIXED,SUBTITLE_AUDIOVISUAL,2018,OpenSubtitles2018 via FrequencyWords processing,CC BY-SA 4.0 content,ALLOWED_WITH_ATTRIBUTION_AND_SHAREALIKE_BOUNDARY,NONE_FREQUENCY_DOES_NOT_SET_LEVEL,QUANT_SIGNAL_AVAILABLE_NOT_YET_COMPOSITE_SCORED,https://github.com/hermitdave/FrequencyWords/blob/master/content/2018/es/es_50k.txt,https://raw.githubusercontent.com/hermitdave/FrequencyWords/refs/heads/master/content/2018/es/es_50k.txt,Full continuous top-50k exact surface sweep completed on 2026-09-04. Frequency is quantitative evidence only and does not set CEFR level.,1.32
12B1-ATOM-0530,tampoco,ATOMIC_SURFACE_FORM,CORP-18,FrequencyWords / OpenSubtitles2018 Spanish 50k,FrequencyWords content/2018/es/es_50k.txt (OpenSubtitles2018-derived),SURFACE_SUBTITLE_OCCURRENCE_COUNT_AND_RANK,MEASURED_EXACT_SURFACE,83595,504,FOUND_TOP50K,EXACT_CASE_SENSITIVE_SURFACE_TOKEN,2026-09-04,,,,,NONE_OR_NOT_ANNOTATED_IN_THIS_PASS,FULL_TOP50K_EXACT_LOOKUP_50000,,NOT_CALCULATED_DENOMINATOR_NOT_FIXED,SUBTITLE_AUDIOVISUAL,2018,OpenSubtitles2018 via FrequencyWords processing,CC BY-SA 4.0 content,ALLOWED_WITH_ATTRIBUTION_AND_SHAREALIKE_BOUNDARY,NONE_FREQUENCY_DOES_NOT_SET_LEVEL,QUANT_SIGNAL_AVAILABLE_NOT_YET_COMPOSITE_SCORED,https://github.com/hermitdave/FrequencyWords/blob/master/content/2018/es/es_50k.txt,https://raw.githubusercontent.com/hermitdave/FrequencyWords/refs/heads/master/content/2018/es/es_50k.txt,Full continuous top-50k exact surface sweep completed on 2026-09-04. Frequency is quantitative evidence only and does not set CEFR level.,1.32
12B1-ATOM-0531,tarde,ATOMIC_SURFACE_FORM,CORP-18,FrequencyWords / OpenSubtitles2018 Spanish 50k,FrequencyWords content/2018/es/es_50k.txt (OpenSubtitles2018-derived),SURFACE_SUBTITLE_OCCURRENCE_COUNT_AND_RANK,MEASURED_EXACT_SURFACE,191883,243,FOUND_TOP50K,EXACT_CASE_SENSITIVE_SURFACE_TOKEN,2026-09-04,,,,,NONE_OR_NOT_ANNOTATED_IN_THIS_PASS,FULL_TOP50K_EXACT_LOOKUP_50000,,NOT_CALCULATED_DENOMINATOR_NOT_FIXED,SUBTITLE_AUDIOVISUAL,2018,OpenSubtitles2018 via FrequencyWords processing,CC BY-SA 4.0 content,ALLOWED_WITH_ATTRIBUTION_AND_SHAREALIKE_BOUNDARY,NONE_FREQUENCY_DOES_NOT_SET_LEVEL,QUANT_SIGNAL_AVAILABLE_NOT_YET_COMPOSITE_SCORED,https://github.com/hermitdave/FrequencyWords/blob/master/content/2018/es/es_50k.txt,https://raw.githubusercontent.com/hermitdave/FrequencyWords/refs/heads/master/content/2018/es/es_50k.txt,Full continuous top-50k exact surface sweep completed on 2026-09-04. Frequency is quantitative evidence only and does not set CEFR level.,1.32
12B1-ATOM-0532,tarjeta,ATOMIC_SURFACE_FORM,CORP-18,FrequencyWords / OpenSubtitles2018 Spanish 50k,FrequencyWords content/2018/es/es_50k.txt (OpenSubtitles2018-derived),SURFACE_SUBTITLE_OCCURRENCE_COUNT_AND_RANK,MEASURED_EXACT_SURFACE,26408,1336,FOUND_TOP50K,EXACT_CASE_SENSITIVE_SURFACE_TOKEN,2026-09-04,,,,,NONE_OR_NOT_ANNOTATED_IN_THIS_PASS,FULL_TOP50K_EXACT_LOOKUP_50000,,NOT_CALCULATED_DENOMINATOR_NOT_FIXED,SUBTITLE_AUDIOVISUAL,2018,OpenSubtitles2018 via FrequencyWords processing,CC BY-SA 4.0 content,ALLOWED_WITH_ATTRIBUTION_AND_SHAREALIKE_BOUNDARY,NONE_FREQUENCY_DOES_NOT_SET_LEVEL,QUANT_SIGNAL_AVAILABLE_NOT_YET_COMPOSITE_SCORED,https://github.com/hermitdave/FrequencyWords/blob/master/content/2018/es/es_50k.txt,https://raw.githubusercontent.com/hermitdave/FrequencyWords/refs/heads/master/content/2018/es/es_50k.txt,Full continuous top-50k exact surface sweep completed on 2026-09-04. Frequency is quantitative evidence only and does not set CEFR level.,1.32
12B1-ATOM-0533,taxi,ATOMIC_SURFACE_FORM,CORP-18,FrequencyWords / OpenSubtitles2018 Spanish 50k,FrequencyWords content/2018/es/es_50k.txt (OpenSubtitles2018-derived),SURFACE_SUBTITLE_OCCURRENCE_COUNT_AND_RANK,MEASURED_EXACT_SURFACE,23114,1504,FOUND_TOP50K,EXACT_CASE_SENSITIVE_SURFACE_TOKEN,2026-09-04,,,,,NONE_OR_NOT_ANNOTATED_IN_THIS_PASS,FULL_TOP50K_EXACT_LOOKUP_50000,,NOT_CALCULATED_DENOMINATOR_NOT_FIXED,SUBTITLE_AUDIOVISUAL,2018,OpenSubtitles2018 via FrequencyWords processing,CC BY-SA 4.0 content,ALLOWED_WITH_ATTRIBUTION_AND_SHAREALIKE_BOUNDARY,NONE_FREQUENCY_DOES_NOT_SET_LEVEL,QUANT_SIGNAL_AVAILABLE_NOT_YET_COMPOSITE_SCORED,https://github.com/hermitdave/FrequencyWords/blob/master/content/2018/es/es_50k.txt,https://raw.githubusercontent.com/hermitdave/FrequencyWords/refs/heads/master/content/2018/es/es_50k.txt,Full continuous top-50k exact surface sweep completed on 2026-09-04. Frequency is quantitative evidence only and does not set CEFR level.,1.32
12B1-ATOM-0534,taxista,ATOMIC_SURFACE_FORM,CORP-18,FrequencyWords / OpenSubtitles2018 Spanish 50k,FrequencyWords content/2018/es/es_50k.txt (OpenSubtitles2018-derived),SURFACE_SUBTITLE_OCCURRENCE_COUNT_AND_RANK,MEASURED_EXACT_SURFACE,2432,9615,FOUND_TOP50K,EXACT_CASE_SENSITIVE_SURFACE_TOKEN,2026-09-04,,,,,NONE_OR_NOT_ANNOTATED_IN_THIS_PASS,FULL_TOP50K_EXACT_LOOKUP_50000,,NOT_CALCULATED_DENOMINATOR_NOT_FIXED,SUBTITLE_AUDIOVISUAL,2018,OpenSubtitles2018 via FrequencyWords processing,CC BY-SA 4.0 content,ALLOWED_WITH_ATTRIBUTION_AND_SHAREALIKE_BOUNDARY,NONE_FREQUENCY_DOES_NOT_SET_LEVEL,QUANT_SIGNAL_AVAILABLE_NOT_YET_COMPOSITE_SCORED,https://github.com/hermitdave/FrequencyWords/blob/master/content/2018/es/es_50k.txt,https://raw.githubusercontent.com/hermitdave/FrequencyWords/refs/heads/master/content/2018/es/es_50k.txt,Full continuous top-50k exact surface sweep completed on 2026-09-04. Frequency is quantitative evidence only and does not set CEFR level.,1.32
12B1-ATOM-0535,teatro,ATOMIC_SURFACE_FORM,CORP-18,FrequencyWords / OpenSubtitles2018 Spanish 50k,FrequencyWords content/2018/es/es_50k.txt (OpenSubtitles2018-derived),SURFACE_SUBTITLE_OCCURRENCE_COUNT_AND_RANK,MEASURED_EXACT_SURFACE,18029,1880,FOUND_TOP50K,EXACT_CASE_SENSITIVE_SURFACE_TOKEN,2026-09-04,,,,,NONE_OR_NOT_ANNOTATED_IN_THIS_PASS,FULL_TOP50K_EXACT_LOOKUP_50000,,NOT_CALCULATED_DENOMINATOR_NOT_FIXED,SUBTITLE_AUDIOVISUAL,2018,OpenSubtitles2018 via FrequencyWords processing,CC BY-SA 4.0 content,ALLOWED_WITH_ATTRIBUTION_AND_SHAREALIKE_BOUNDARY,NONE_FREQUENCY_DOES_NOT_SET_LEVEL,QUANT_SIGNAL_AVAILABLE_NOT_YET_COMPOSITE_SCORED,https://github.com/hermitdave/FrequencyWords/blob/master/content/2018/es/es_50k.txt,https://raw.githubusercontent.com/hermitdave/FrequencyWords/refs/heads/master/content/2018/es/es_50k.txt,Full continuous top-50k exact surface sweep completed on 2026-09-04. Frequency is quantitative evidence only and does not set CEFR level.,1.32
12B1-ATOM-0536,televisión,ATOMIC_SURFACE_FORM,CORP-18,FrequencyWords / OpenSubtitles2018 Spanish 50k,FrequencyWords content/2018/es/es_50k.txt (OpenSubtitles2018-derived),SURFACE_SUBTITLE_OCCURRENCE_COUNT_AND_RANK,MEASURED_EXACT_SURFACE,22129,1561,FOUND_TOP50K,EXACT_CASE_SENSITIVE_SURFACE_TOKEN,2026-09-04,,,,,NONE_OR_NOT_ANNOTATED_IN_THIS_PASS,FULL_TOP50K_EXACT_LOOKUP_50000,,NOT_CALCULATED_DENOMINATOR_NOT_FIXED,SUBTITLE_AUDIOVISUAL,2018,OpenSubtitles2018 via FrequencyWords processing,CC BY-SA 4.0 content,ALLOWED_WITH_ATTRIBUTION_AND_SHAREALIKE_BOUNDARY,NONE_FREQUENCY_DOES_NOT_SET_LEVEL,QUANT_SIGNAL_AVAILABLE_NOT_YET_COMPOSITE_SCORED,https://github.com/hermitdave/FrequencyWords/blob/master/content/2018/es/es_50k.txt,https://raw.githubusercontent.com/hermitdave/FrequencyWords/refs/heads/master/content/2018/es/es_50k.txt,Full continuous top-50k exact surface sweep completed on 2026-09-04. Frequency is quantitative evidence only and does not set CEFR level.,1.32
12B1-ATOM-0537,teléfono,ATOMIC_SURFACE_FORM,CORP-18,FrequencyWords / OpenSubtitles2018 Spanish 50k,FrequencyWords content/2018/es/es_50k.txt (OpenSubtitles2018-derived),SURFACE_SUBTITLE_OCCURRENCE_COUNT_AND_RANK,MEASURED_EXACT_SURFACE,95015,443,FOUND_TOP50K,EXACT_CASE_SENSITIVE_SURFACE_TOKEN,2026-09-04,,,,,NONE_OR_NOT_ANNOTATED_IN_THIS_PASS,FULL_TOP50K_EXACT_LOOKUP_50000,,NOT_CALCULATED_DENOMINATOR_NOT_FIXED,SUBTITLE_AUDIOVISUAL,2018,OpenSubtitles2018 via FrequencyWords processing,CC BY-SA 4.0 content,ALLOWED_WITH_ATTRIBUTION_AND_SHAREALIKE_BOUNDARY,NONE_FREQUENCY_DOES_NOT_SET_LEVEL,QUANT_SIGNAL_AVAILABLE_NOT_YET_COMPOSITE_SCORED,https://github.com/hermitdave/FrequencyWords/blob/master/content/2018/es/es_50k.txt,https://raw.githubusercontent.com/hermitdave/FrequencyWords/refs/heads/master/content/2018/es/es_50k.txt,Full continuous top-50k exact surface sweep completed on 2026-09-04. Frequency is quantitative evidence only and does not set CEFR level.,1.32
12B1-ATOM-0538,temprano,ATOMIC_SURFACE_FORM,CORP-18,FrequencyWords / OpenSubtitles2018 Spanish 50k,FrequencyWords content/2018/es/es_50k.txt (OpenSubtitles2018-derived),SURFACE_SUBTITLE_OCCURRENCE_COUNT_AND_RANK,MEASURED_EXACT_SURFACE,33465,1085,FOUND_TOP50K,EXACT_CASE_SENSITIVE_SURFACE_TOKEN,2026-09-04,,,,,NONE_OR_NOT_ANNOTATED_IN_THIS_PASS,FULL_TOP50K_EXACT_LOOKUP_50000,,NOT_CALCULATED_DENOMINATOR_NOT_FIXED,SUBTITLE_AUDIOVISUAL,2018,OpenSubtitles2018 via FrequencyWords processing,CC BY-SA 4.0 content,ALLOWED_WITH_ATTRIBUTION_AND_SHAREALIKE_BOUNDARY,NONE_FREQUENCY_DOES_NOT_SET_LEVEL,QUANT_SIGNAL_AVAILABLE_NOT_YET_COMPOSITE_SCORED,https://github.com/hermitdave/FrequencyWords/blob/master/content/2018/es/es_50k.txt,https://raw.githubusercontent.com/hermitdave/FrequencyWords/refs/heads/master/content/2018/es/es_50k.txt,Full continuous top-50k exact surface sweep completed on 2026-09-04. Frequency is quantitative evidence only and does not set CEFR level.,1.32
12B1-ATOM-0539,tener,ATOMIC_SURFACE_FORM,CORP-18,FrequencyWords / OpenSubtitles2018 Spanish 50k,FrequencyWords content/2018/es/es_50k.txt (OpenSubtitles2018-derived),SURFACE_SUBTITLE_OCCURRENCE_COUNT_AND_RANK,MEASURED_EXACT_SURFACE,292932,169,FOUND_TOP50K,EXACT_CASE_SENSITIVE_SURFACE_TOKEN,2026-09-04,,,,,NONE_OR_NOT_ANNOTATED_IN_THIS_PASS,FULL_TOP50K_EXACT_LOOKUP_50000,,NOT_CALCULATED_DENOMINATOR_NOT_FIXED,SUBTITLE_AUDIOVISUAL,2018,OpenSubtitles2018 via FrequencyWords processing,CC BY-SA 4.0 content,ALLOWED_WITH_ATTRIBUTION_AND_SHAREALIKE_BOUNDARY,NONE_FREQUENCY_DOES_NOT_SET_LEVEL,QUANT_SIGNAL_AVAILABLE_NOT_YET_COMPOSITE_SCORED,https://github.com/hermitdave/FrequencyWords/blob/master/content/2018/es/es_50k.txt,https://raw.githubusercontent.com/hermitdave/FrequencyWords/refs/heads/master/content/2018/es/es_50k.txt,Full continuous top-50k exact surface sweep completed on 2026-09-04. Frequency is quantitative evidence only and does not set CEFR level.,1.32
12B1-ATOM-0540,tenis,ATOMIC_SURFACE_FORM,CORP-18,FrequencyWords / OpenSubtitles2018 Spanish 50k,FrequencyWords content/2018/es/es_50k.txt (OpenSubtitles2018-derived),SURFACE_SUBTITLE_OCCURRENCE_COUNT_AND_RANK,MEASURED_EXACT_SURFACE,5231,5300,FOUND_TOP50K,EXACT_CASE_SENSITIVE_SURFACE_TOKEN,2026-09-04,,,,,NONE_OR_NOT_ANNOTATED_IN_THIS_PASS,FULL_TOP50K_EXACT_LOOKUP_50000,,NOT_CALCULATED_DENOMINATOR_NOT_FIXED,SUBTITLE_AUDIOVISUAL,2018,OpenSubtitles2018 via FrequencyWords processing,CC BY-SA 4.0 content,ALLOWED_WITH_ATTRIBUTION_AND_SHAREALIKE_BOUNDARY,NONE_FREQUENCY_DOES_NOT_SET_LEVEL,QUANT_SIGNAL_AVAILABLE_NOT_YET_COMPOSITE_SCORED,https://github.com/hermitdave/FrequencyWords/blob/master/content/2018/es/es_50k.txt,https://raw.githubusercontent.com/hermitdave/FrequencyWords/refs/heads/master/content/2018/es/es_50k.txt,Full continuous top-50k exact surface sweep completed on 2026-09-04. Frequency is quantitative evidence only and does not set CEFR level.,1.32
12B1-ATOM-0541,tercera,ATOMIC_SURFACE_FORM,CORP-18,FrequencyWords / OpenSubtitles2018 Spanish 50k,FrequencyWords content/2018/es/es_50k.txt (OpenSubtitles2018-derived),SURFACE_SUBTITLE_OCCURRENCE_COUNT_AND_RANK,MEASURED_EXACT_SURFACE,16743,2010,FOUND_TOP50K,EXACT_CASE_SENSITIVE_SURFACE_TOKEN,2026-09-04,,,,,NONE_OR_NOT_ANNOTATED_IN_THIS_PASS,FULL_TOP50K_EXACT_LOOKUP_50000,,NOT_CALCULATED_DENOMINATOR_NOT_FIXED,SUBTITLE_AUDIOVISUAL,2018,OpenSubtitles2018 via FrequencyWords processing,CC BY-SA 4.0 content,ALLOWED_WITH_ATTRIBUTION_AND_SHAREALIKE_BOUNDARY,NONE_FREQUENCY_DOES_NOT_SET_LEVEL,QUANT_SIGNAL_AVAILABLE_NOT_YET_COMPOSITE_SCORED,https://github.com/hermitdave/FrequencyWords/blob/master/content/2018/es/es_50k.txt,https://raw.githubusercontent.com/hermitdave/FrequencyWords/refs/heads/master/content/2018/es/es_50k.txt,Full continuous top-50k exact surface sweep completed on 2026-09-04. Frequency is quantitative evidence only and does not set CEFR level.,1.32
12B1-ATOM-0542,tercero,ATOMIC_SURFACE_FORM,CORP-18,FrequencyWords / OpenSubtitles2018 Spanish 50k,FrequencyWords content/2018/es/es_50k.txt (OpenSubtitles2018-derived),SURFACE_SUBTITLE_OCCURRENCE_COUNT_AND_RANK,MEASURED_EXACT_SURFACE,5965,4763,FOUND_TOP50K,EXACT_CASE_SENSITIVE_SURFACE_TOKEN,2026-09-04,,,,,NONE_OR_NOT_ANNOTATED_IN_THIS_PASS,FULL_TOP50K_EXACT_LOOKUP_50000,,NOT_CALCULATED_DENOMINATOR_NOT_FIXED,SUBTITLE_AUDIOVISUAL,2018,OpenSubtitles2018 via FrequencyWords processing,CC BY-SA 4.0 content,ALLOWED_WITH_ATTRIBUTION_AND_SHAREALIKE_BOUNDARY,NONE_FREQUENCY_DOES_NOT_SET_LEVEL,QUANT_SIGNAL_AVAILABLE_NOT_YET_COMPOSITE_SCORED,https://github.com/hermitdave/FrequencyWords/blob/master/content/2018/es/es_50k.txt,https://raw.githubusercontent.com/hermitdave/FrequencyWords/refs/heads/master/content/2018/es/es_50k.txt,Full continuous top-50k exact surface sweep completed on 2026-09-04. Frequency is quantitative evidence only and does not set CEFR level.,1.32
12B1-ATOM-0543,terminar,ATOMIC_SURFACE_FORM,CORP-18,FrequencyWords / OpenSubtitles2018 Spanish 50k,FrequencyWords content/2018/es/es_50k.txt (OpenSubtitles2018-derived),SURFACE_SUBTITLE_OCCURRENCE_COUNT_AND_RANK,MEASURED_EXACT_SURFACE,40338,909,FOUND_TOP50K,EXACT_CASE_SENSITIVE_SURFACE_TOKEN,2026-09-04,,,,,NONE_OR_NOT_ANNOTATED_IN_THIS_PASS,FULL_TOP50K_EXACT_LOOKUP_50000,,NOT_CALCULATED_DENOMINATOR_NOT_FIXED,SUBTITLE_AUDIOVISUAL,2018,OpenSubtitles2018 via FrequencyWords processing,CC BY-SA 4.0 content,ALLOWED_WITH_ATTRIBUTION_AND_SHAREALIKE_BOUNDARY,NONE_FREQUENCY_DOES_NOT_SET_LEVEL,QUANT_SIGNAL_AVAILABLE_NOT_YET_COMPOSITE_SCORED,https://github.com/hermitdave/FrequencyWords/blob/master/content/2018/es/es_50k.txt,https://raw.githubusercontent.com/hermitdave/FrequencyWords/refs/heads/master/content/2018/es/es_50k.txt,Full continuous top-50k exact surface sweep completed on 2026-09-04. Frequency is quantitative evidence only and does not set CEFR level.,1.32
12B1-ATOM-0544,terraza,ATOMIC_SURFACE_FORM,CORP-18,FrequencyWords / OpenSubtitles2018 Spanish 50k,FrequencyWords content/2018/es/es_50k.txt (OpenSubtitles2018-derived),SURFACE_SUBTITLE_OCCURRENCE_COUNT_AND_RANK,MEASURED_EXACT_SURFACE,2753,8752,FOUND_TOP50K,EXACT_CASE_SENSITIVE_SURFACE_TOKEN,2026-09-04,,,,,NONE_OR_NOT_ANNOTATED_IN_THIS_PASS,FULL_TOP50K_EXACT_LOOKUP_50000,,NOT_CALCULATED_DENOMINATOR_NOT_FIXED,SUBTITLE_AUDIOVISUAL,2018,OpenSubtitles2018 via FrequencyWords processing,CC BY-SA 4.0 content,ALLOWED_WITH_ATTRIBUTION_AND_SHAREALIKE_BOUNDARY,NONE_FREQUENCY_DOES_NOT_SET_LEVEL,QUANT_SIGNAL_AVAILABLE_NOT_YET_COMPOSITE_SCORED,https://github.com/hermitdave/FrequencyWords/blob/master/content/2018/es/es_50k.txt,https://raw.githubusercontent.com/hermitdave/FrequencyWords/refs/heads/master/content/2018/es/es_50k.txt,Full continuous top-50k exact surface sweep completed on 2026-09-04. Frequency is quantitative evidence only and does not set CEFR level.,1.32
12B1-ATOM-0545,tiempo,ATOMIC_SURFACE_FORM,CORP-18,FrequencyWords / OpenSubtitles2018 Spanish 50k,FrequencyWords content/2018/es/es_50k.txt (OpenSubtitles2018-derived),SURFACE_SUBTITLE_OCCURRENCE_COUNT_AND_RANK,MEASURED_EXACT_SURFACE,556996,95,FOUND_TOP50K,EXACT_CASE_SENSITIVE_SURFACE_TOKEN,2026-09-04,,,,,NONE_OR_NOT_ANNOTATED_IN_THIS_PASS,FULL_TOP50K_EXACT_LOOKUP_50000,,NOT_CALCULATED_DENOMINATOR_NOT_FIXED,SUBTITLE_AUDIOVISUAL,2018,OpenSubtitles2018 via FrequencyWords processing,CC BY-SA 4.0 content,ALLOWED_WITH_ATTRIBUTION_AND_SHAREALIKE_BOUNDARY,NONE_FREQUENCY_DOES_NOT_SET_LEVEL,QUANT_SIGNAL_AVAILABLE_NOT_YET_COMPOSITE_SCORED,https://github.com/hermitdave/FrequencyWords/blob/master/content/2018/es/es_50k.txt,https://raw.githubusercontent.com/hermitdave/FrequencyWords/refs/heads/master/content/2018/es/es_50k.txt,Full continuous top-50k exact surface sweep completed on 2026-09-04. Frequency is quantitative evidence only and does not set CEFR level.,1.32
12B1-ATOM-0546,tienda,ATOMIC_SURFACE_FORM,CORP-18,FrequencyWords / OpenSubtitles2018 Spanish 50k,FrequencyWords content/2018/es/es_50k.txt (OpenSubtitles2018-derived),SURFACE_SUBTITLE_OCCURRENCE_COUNT_AND_RANK,MEASURED_EXACT_SURFACE,45913,817,FOUND_TOP50K,EXACT_CASE_SENSITIVE_SURFACE_TOKEN,2026-09-04,,,,,NONE_OR_NOT_ANNOTATED_IN_THIS_PASS,FULL_TOP50K_EXACT_LOOKUP_50000,,NOT_CALCULATED_DENOMINATOR_NOT_FIXED,SUBTITLE_AUDIOVISUAL,2018,OpenSubtitles2018 via FrequencyWords processing,CC BY-SA 4.0 content,ALLOWED_WITH_ATTRIBUTION_AND_SHAREALIKE_BOUNDARY,NONE_FREQUENCY_DOES_NOT_SET_LEVEL,QUANT_SIGNAL_AVAILABLE_NOT_YET_COMPOSITE_SCORED,https://github.com/hermitdave/FrequencyWords/blob/master/content/2018/es/es_50k.txt,https://raw.githubusercontent.com/hermitdave/FrequencyWords/refs/heads/master/content/2018/es/es_50k.txt,Full continuous top-50k exact surface sweep completed on 2026-09-04. Frequency is quantitative evidence only and does not set CEFR level.,1.32
12B1-ATOM-0547,tortilla,ATOMIC_SURFACE_FORM,CORP-18,FrequencyWords / OpenSubtitles2018 Spanish 50k,FrequencyWords content/2018/es/es_50k.txt (OpenSubtitles2018-derived),SURFACE_SUBTITLE_OCCURRENCE_COUNT_AND_RANK,MEASURED_EXACT_SURFACE,1646,12685,FOUND_TOP50K,EXACT_CASE_SENSITIVE_SURFACE_TOKEN,2026-09-04,,,,,NONE_OR_NOT_ANNOTATED_IN_THIS_PASS,FULL_TOP50K_EXACT_LOOKUP_50000,,NOT_CALCULATED_DENOMINATOR_NOT_FIXED,SUBTITLE_AUDIOVISUAL,2018,OpenSubtitles2018 via FrequencyWords processing,CC BY-SA 4.0 content,ALLOWED_WITH_ATTRIBUTION_AND_SHAREALIKE_BOUNDARY,NONE_FREQUENCY_DOES_NOT_SET_LEVEL,QUANT_SIGNAL_AVAILABLE_NOT_YET_COMPOSITE_SCORED,https://github.com/hermitdave/FrequencyWords/blob/master/content/2018/es/es_50k.txt,https://raw.githubusercontent.com/hermitdave/FrequencyWords/refs/heads/master/content/2018/es/es_50k.txt,Full continuous top-50k exact surface sweep completed on 2026-09-04. Frequency is quantitative evidence only and does not set CEFR level.,1.32
12B1-ATOM-0548,trabajador,ATOMIC_SURFACE_FORM,CORP-18,FrequencyWords / OpenSubtitles2018 Spanish 50k,FrequencyWords content/2018/es/es_50k.txt (OpenSubtitles2018-derived),SURFACE_SUBTITLE_OCCURRENCE_COUNT_AND_RANK,MEASURED_EXACT_SURFACE,4445,6038,FOUND_TOP50K,EXACT_CASE_SENSITIVE_SURFACE_TOKEN,2026-09-04,,,,,NONE_OR_NOT_ANNOTATED_IN_THIS_PASS,FULL_TOP50K_EXACT_LOOKUP_50000,,NOT_CALCULATED_DENOMINATOR_NOT_FIXED,SUBTITLE_AUDIOVISUAL,2018,OpenSubtitles2018 via FrequencyWords processing,CC BY-SA 4.0 content,ALLOWED_WITH_ATTRIBUTION_AND_SHAREALIKE_BOUNDARY,NONE_FREQUENCY_DOES_NOT_SET_LEVEL,QUANT_SIGNAL_AVAILABLE_NOT_YET_COMPOSITE_SCORED,https://github.com/hermitdave/FrequencyWords/blob/master/content/2018/es/es_50k.txt,https://raw.githubusercontent.com/hermitdave/FrequencyWords/refs/heads/master/content/2018/es/es_50k.txt,Full continuous top-50k exact surface sweep completed on 2026-09-04. Frequency is quantitative evidence only and does not set CEFR level.,1.32
12B1-ATOM-0549,trabajar,ATOMIC_SURFACE_FORM,CORP-18,FrequencyWords / OpenSubtitles2018 Spanish 50k,FrequencyWords content/2018/es/es_50k.txt (OpenSubtitles2018-derived),SURFACE_SUBTITLE_OCCURRENCE_COUNT_AND_RANK,MEASURED_EXACT_SURFACE,99262,431,FOUND_TOP50K,EXACT_CASE_SENSITIVE_SURFACE_TOKEN,2026-09-04,,,,,NONE_OR_NOT_ANNOTATED_IN_THIS_PASS,FULL_TOP50K_EXACT_LOOKUP_50000,,NOT_CALCULATED_DENOMINATOR_NOT_FIXED,SUBTITLE_AUDIOVISUAL,2018,OpenSubtitles2018 via FrequencyWords processing,CC BY-SA 4.0 content,ALLOWED_WITH_ATTRIBUTION_AND_SHAREALIKE_BOUNDARY,NONE_FREQUENCY_DOES_NOT_SET_LEVEL,QUANT_SIGNAL_AVAILABLE_NOT_YET_COMPOSITE_SCORED,https://github.com/hermitdave/FrequencyWords/blob/master/content/2018/es/es_50k.txt,https://raw.githubusercontent.com/hermitdave/FrequencyWords/refs/heads/master/content/2018/es/es_50k.txt,Full continuous top-50k exact surface sweep completed on 2026-09-04. Frequency is quantitative evidence only and does not set CEFR level.,1.32
12B1-ATOM-0550,trabajo,ATOMIC_SURFACE_FORM,CORP-18,FrequencyWords / OpenSubtitles2018 Spanish 50k,FrequencyWords content/2018/es/es_50k.txt (OpenSubtitles2018-derived),SURFACE_SUBTITLE_OCCURRENCE_COUNT_AND_RANK,MEASURED_EXACT_SURFACE,363747,142,FOUND_TOP50K,EXACT_CASE_SENSITIVE_SURFACE_TOKEN,2026-09-04,,,,,NONE_OR_NOT_ANNOTATED_IN_THIS_PASS,FULL_TOP50K_EXACT_LOOKUP_50000,,NOT_CALCULATED_DENOMINATOR_NOT_FIXED,SUBTITLE_AUDIOVISUAL,2018,OpenSubtitles2018 via FrequencyWords processing,CC BY-SA 4.0 content,ALLOWED_WITH_ATTRIBUTION_AND_SHAREALIKE_BOUNDARY,NONE_FREQUENCY_DOES_NOT_SET_LEVEL,QUANT_SIGNAL_AVAILABLE_NOT_YET_COMPOSITE_SCORED,https://github.com/hermitdave/FrequencyWords/blob/master/content/2018/es/es_50k.txt,https://raw.githubusercontent.com/hermitdave/FrequencyWords/refs/heads/master/content/2018/es/es_50k.txt,Full continuous top-50k exact surface sweep completed on 2026-09-04. Frequency is quantitative evidence only and does not set CEFR level.,1.32
12B1-ATOM-0551,tren,ATOMIC_SURFACE_FORM,CORP-18,FrequencyWords / OpenSubtitles2018 Spanish 50k,FrequencyWords content/2018/es/es_50k.txt (OpenSubtitles2018-derived),SURFACE_SUBTITLE_OCCURRENCE_COUNT_AND_RANK,MEASURED_EXACT_SURFACE,37976,951,FOUND_TOP50K,EXACT_CASE_SENSITIVE_SURFACE_TOKEN,2026-09-04,,,,,NONE_OR_NOT_ANNOTATED_IN_THIS_PASS,FULL_TOP50K_EXACT_LOOKUP_50000,,NOT_CALCULATED_DENOMINATOR_NOT_FIXED,SUBTITLE_AUDIOVISUAL,2018,OpenSubtitles2018 via FrequencyWords processing,CC BY-SA 4.0 content,ALLOWED_WITH_ATTRIBUTION_AND_SHAREALIKE_BOUNDARY,NONE_FREQUENCY_DOES_NOT_SET_LEVEL,QUANT_SIGNAL_AVAILABLE_NOT_YET_COMPOSITE_SCORED,https://github.com/hermitdave/FrequencyWords/blob/master/content/2018/es/es_50k.txt,https://raw.githubusercontent.com/hermitdave/FrequencyWords/refs/heads/master/content/2018/es/es_50k.txt,Full continuous top-50k exact surface sweep completed on 2026-09-04. Frequency is quantitative evidence only and does not set CEFR level.,1.32
12B1-ATOM-0552,tu,ATOMIC_SURFACE_FORM,CORP-18,FrequencyWords / OpenSubtitles2018 Spanish 50k,FrequencyWords content/2018/es/es_50k.txt (OpenSubtitles2018-derived),SURFACE_SUBTITLE_OCCURRENCE_COUNT_AND_RANK,MEASURED_EXACT_SURFACE,1618746,34,FOUND_TOP50K,EXACT_CASE_SENSITIVE_SURFACE_TOKEN,2026-09-04,,,,,NONE_OR_NOT_ANNOTATED_IN_THIS_PASS,FULL_TOP50K_EXACT_LOOKUP_50000,,NOT_CALCULATED_DENOMINATOR_NOT_FIXED,SUBTITLE_AUDIOVISUAL,2018,OpenSubtitles2018 via FrequencyWords processing,CC BY-SA 4.0 content,ALLOWED_WITH_ATTRIBUTION_AND_SHAREALIKE_BOUNDARY,NONE_FREQUENCY_DOES_NOT_SET_LEVEL,QUANT_SIGNAL_AVAILABLE_NOT_YET_COMPOSITE_SCORED,https://github.com/hermitdave/FrequencyWords/blob/master/content/2018/es/es_50k.txt,https://raw.githubusercontent.com/hermitdave/FrequencyWords/refs/heads/master/content/2018/es/es_50k.txt,Full continuous top-50k exact surface sweep completed on 2026-09-04. Frequency is quantitative evidence only and does not set CEFR level.,1.32
12B1-ATOM-0553,turismo,ATOMIC_SURFACE_FORM,CORP-18,FrequencyWords / OpenSubtitles2018 Spanish 50k,FrequencyWords content/2018/es/es_50k.txt (OpenSubtitles2018-derived),SURFACE_SUBTITLE_OCCURRENCE_COUNT_AND_RANK,MEASURED_EXACT_SURFACE,1467,13734,FOUND_TOP50K,EXACT_CASE_SENSITIVE_SURFACE_TOKEN,2026-09-04,,,,,NONE_OR_NOT_ANNOTATED_IN_THIS_PASS,FULL_TOP50K_EXACT_LOOKUP_50000,,NOT_CALCULATED_DENOMINATOR_NOT_FIXED,SUBTITLE_AUDIOVISUAL,2018,OpenSubtitles2018 via FrequencyWords processing,CC BY-SA 4.0 content,ALLOWED_WITH_ATTRIBUTION_AND_SHAREALIKE_BOUNDARY,NONE_FREQUENCY_DOES_NOT_SET_LEVEL,QUANT_SIGNAL_AVAILABLE_NOT_YET_COMPOSITE_SCORED,https://github.com/hermitdave/FrequencyWords/blob/master/content/2018/es/es_50k.txt,https://raw.githubusercontent.com/hermitdave/FrequencyWords/refs/heads/master/content/2018/es/es_50k.txt,Full continuous top-50k exact surface sweep completed on 2026-09-04. Frequency is quantitative evidence only and does not set CEFR level.,1.32
12B1-ATOM-0554,turista,ATOMIC_SURFACE_FORM,CORP-18,FrequencyWords / OpenSubtitles2018 Spanish 50k,FrequencyWords content/2018/es/es_50k.txt (OpenSubtitles2018-derived),SURFACE_SUBTITLE_OCCURRENCE_COUNT_AND_RANK,MEASURED_EXACT_SURFACE,1902,11448,FOUND_TOP50K,EXACT_CASE_SENSITIVE_SURFACE_TOKEN,2026-09-04,,,,,NONE_OR_NOT_ANNOTATED_IN_THIS_PASS,FULL_TOP50K_EXACT_LOOKUP_50000,,NOT_CALCULATED_DENOMINATOR_NOT_FIXED,SUBTITLE_AUDIOVISUAL,2018,OpenSubtitles2018 via FrequencyWords processing,CC BY-SA 4.0 content,ALLOWED_WITH_ATTRIBUTION_AND_SHAREALIKE_BOUNDARY,NONE_FREQUENCY_DOES_NOT_SET_LEVEL,QUANT_SIGNAL_AVAILABLE_NOT_YET_COMPOSITE_SCORED,https://github.com/hermitdave/FrequencyWords/blob/master/content/2018/es/es_50k.txt,https://raw.githubusercontent.com/hermitdave/FrequencyWords/refs/heads/master/content/2018/es/es_50k.txt,Full continuous top-50k exact surface sweep completed on 2026-09-04. Frequency is quantitative evidence only and does not set CEFR level.,1.32
12B1-ATOM-0555,tus,ATOMIC_SURFACE_FORM,CORP-18,FrequencyWords / OpenSubtitles2018 Spanish 50k,FrequencyWords content/2018/es/es_50k.txt (OpenSubtitles2018-derived),SURFACE_SUBTITLE_OCCURRENCE_COUNT_AND_RANK,MEASURED_EXACT_SURFACE,271677,183,FOUND_TOP50K,EXACT_CASE_SENSITIVE_SURFACE_TOKEN,2026-09-04,,,,,NONE_OR_NOT_ANNOTATED_IN_THIS_PASS,FULL_TOP50K_EXACT_LOOKUP_50000,,NOT_CALCULATED_DENOMINATOR_NOT_FIXED,SUBTITLE_AUDIOVISUAL,2018,OpenSubtitles2018 via FrequencyWords processing,CC BY-SA 4.0 content,ALLOWED_WITH_ATTRIBUTION_AND_SHAREALIKE_BOUNDARY,NONE_FREQUENCY_DOES_NOT_SET_LEVEL,QUANT_SIGNAL_AVAILABLE_NOT_YET_COMPOSITE_SCORED,https://github.com/hermitdave/FrequencyWords/blob/master/content/2018/es/es_50k.txt,https://raw.githubusercontent.com/hermitdave/FrequencyWords/refs/heads/master/content/2018/es/es_50k.txt,Full continuous top-50k exact surface sweep completed on 2026-09-04. Frequency is quantitative evidence only and does not set CEFR level.,1.32
12B1-ATOM-0556,té,ATOMIC_SURFACE_FORM,CORP-18,FrequencyWords / OpenSubtitles2018 Spanish 50k,FrequencyWords content/2018/es/es_50k.txt (OpenSubtitles2018-derived),SURFACE_SUBTITLE_OCCURRENCE_COUNT_AND_RANK,MEASURED_EXACT_SURFACE,32049,1127,FOUND_TOP50K,EXACT_CASE_SENSITIVE_SURFACE_TOKEN,2026-09-04,,,,,NONE_OR_NOT_ANNOTATED_IN_THIS_PASS,FULL_TOP50K_EXACT_LOOKUP_50000,,NOT_CALCULATED_DENOMINATOR_NOT_FIXED,SUBTITLE_AUDIOVISUAL,2018,OpenSubtitles2018 via FrequencyWords processing,CC BY-SA 4.0 content,ALLOWED_WITH_ATTRIBUTION_AND_SHAREALIKE_BOUNDARY,NONE_FREQUENCY_DOES_NOT_SET_LEVEL,QUANT_SIGNAL_AVAILABLE_NOT_YET_COMPOSITE_SCORED,https://github.com/hermitdave/FrequencyWords/blob/master/content/2018/es/es_50k.txt,https://raw.githubusercontent.com/hermitdave/FrequencyWords/refs/heads/master/content/2018/es/es_50k.txt,Full continuous top-50k exact surface sweep completed on 2026-09-04. Frequency is quantitative evidence only and does not set CEFR level.,1.32
12B1-ATOM-0557,tímido,ATOMIC_SURFACE_FORM,CORP-18,FrequencyWords / OpenSubtitles2018 Spanish 50k,FrequencyWords content/2018/es/es_50k.txt (OpenSubtitles2018-derived),SURFACE_SUBTITLE_OCCURRENCE_COUNT_AND_RANK,MEASURED_EXACT_SURFACE,4210,6296,FOUND_TOP50K,EXACT_CASE_SENSITIVE_SURFACE_TOKEN,2026-09-04,,,,,NONE_OR_NOT_ANNOTATED_IN_THIS_PASS,FULL_TOP50K_EXACT_LOOKUP_50000,,NOT_CALCULATED_DENOMINATOR_NOT_FIXED,SUBTITLE_AUDIOVISUAL,2018,OpenSubtitles2018 via FrequencyWords processing,CC BY-SA 4.0 content,ALLOWED_WITH_ATTRIBUTION_AND_SHAREALIKE_BOUNDARY,NONE_FREQUENCY_DOES_NOT_SET_LEVEL,QUANT_SIGNAL_AVAILABLE_NOT_YET_COMPOSITE_SCORED,https://github.com/hermitdave/FrequencyWords/blob/master/content/2018/es/es_50k.txt,https://raw.githubusercontent.com/hermitdave/FrequencyWords/refs/heads/master/content/2018/es/es_50k.txt,Full continuous top-50k exact surface sweep completed on 2026-09-04. Frequency is quantitative evidence only and does not set CEFR level.,1.32
12B1-ATOM-0558,tío,ATOMIC_SURFACE_FORM,CORP-18,FrequencyWords / OpenSubtitles2018 Spanish 50k,FrequencyWords content/2018/es/es_50k.txt (OpenSubtitles2018-derived),SURFACE_SUBTITLE_OCCURRENCE_COUNT_AND_RANK,MEASURED_EXACT_SURFACE,127895,334,FOUND_TOP50K,EXACT_CASE_SENSITIVE_SURFACE_TOKEN,2026-09-04,,,,,NONE_OR_NOT_ANNOTATED_IN_THIS_PASS,FULL_TOP50K_EXACT_LOOKUP_50000,,NOT_CALCULATED_DENOMINATOR_NOT_FIXED,SUBTITLE_AUDIOVISUAL,2018,OpenSubtitles2018 via FrequencyWords processing,CC BY-SA 4.0 content,ALLOWED_WITH_ATTRIBUTION_AND_SHAREALIKE_BOUNDARY,NONE_FREQUENCY_DOES_NOT_SET_LEVEL,QUANT_SIGNAL_AVAILABLE_NOT_YET_COMPOSITE_SCORED,https://github.com/hermitdave/FrequencyWords/blob/master/content/2018/es/es_50k.txt,https://raw.githubusercontent.com/hermitdave/FrequencyWords/refs/heads/master/content/2018/es/es_50k.txt,Full continuous top-50k exact surface sweep completed on 2026-09-04. Frequency is quantitative evidence only and does not set CEFR level.,1.32
12B1-ATOM-0559,tú,ATOMIC_SURFACE_FORM,CORP-18,FrequencyWords / OpenSubtitles2018 Spanish 50k,FrequencyWords content/2018/es/es_50k.txt (OpenSubtitles2018-derived),SURFACE_SUBTITLE_OCCURRENCE_COUNT_AND_RANK,MEASURED_EXACT_SURFACE,906053,56,FOUND_TOP50K,EXACT_CASE_SENSITIVE_SURFACE_TOKEN,2026-09-04,,,,,NONE_OR_NOT_ANNOTATED_IN_THIS_PASS,FULL_TOP50K_EXACT_LOOKUP_50000,,NOT_CALCULATED_DENOMINATOR_NOT_FIXED,SUBTITLE_AUDIOVISUAL,2018,OpenSubtitles2018 via FrequencyWords processing,CC BY-SA 4.0 content,ALLOWED_WITH_ATTRIBUTION_AND_SHAREALIKE_BOUNDARY,NONE_FREQUENCY_DOES_NOT_SET_LEVEL,QUANT_SIGNAL_AVAILABLE_NOT_YET_COMPOSITE_SCORED,https://github.com/hermitdave/FrequencyWords/blob/master/content/2018/es/es_50k.txt,https://raw.githubusercontent.com/hermitdave/FrequencyWords/refs/heads/master/content/2018/es/es_50k.txt,Full continuous top-50k exact surface sweep completed on 2026-09-04. Frequency is quantitative evidence only and does not set CEFR level.,1.32
12B1-ATOM-0560,un,ATOMIC_SURFACE_FORM,CORP-18,FrequencyWords / OpenSubtitles2018 Spanish 50k,FrequencyWords content/2018/es/es_50k.txt (OpenSubtitles2018-derived),SURFACE_SUBTITLE_OCCURRENCE_COUNT_AND_RANK,MEASURED_EXACT_SURFACE,5605577,11,FOUND_TOP50K,EXACT_CASE_SENSITIVE_SURFACE_TOKEN,2026-09-04,,,,,NONE_OR_NOT_ANNOTATED_IN_THIS_PASS,FULL_TOP50K_EXACT_LOOKUP_50000,,NOT_CALCULATED_DENOMINATOR_NOT_FIXED,SUBTITLE_AUDIOVISUAL,2018,OpenSubtitles2018 via FrequencyWords processing,CC BY-SA 4.0 content,ALLOWED_WITH_ATTRIBUTION_AND_SHAREALIKE_BOUNDARY,NONE_FREQUENCY_DOES_NOT_SET_LEVEL,QUANT_SIGNAL_AVAILABLE_NOT_YET_COMPOSITE_SCORED,https://github.com/hermitdave/FrequencyWords/blob/master/content/2018/es/es_50k.txt,https://raw.githubusercontent.com/hermitdave/FrequencyWords/refs/heads/master/content/2018/es/es_50k.txt,Full continuous top-50k exact surface sweep completed on 2026-09-04. Frequency is quantitative evidence only and does not set CEFR level.,1.32
12B1-ATOM-0561,una,ATOMIC_SURFACE_FORM,CORP-18,FrequencyWords / OpenSubtitles2018 Spanish 50k,FrequencyWords content/2018/es/es_50k.txt (OpenSubtitles2018-derived),SURFACE_SUBTITLE_OCCURRENCE_COUNT_AND_RANK,MEASURED_EXACT_SURFACE,3846322,15,FOUND_TOP50K,EXACT_CASE_SENSITIVE_SURFACE_TOKEN,2026-09-04,,,,,NONE_OR_NOT_ANNOTATED_IN_THIS_PASS,FULL_TOP50K_EXACT_LOOKUP_50000,,NOT_CALCULATED_DENOMINATOR_NOT_FIXED,SUBTITLE_AUDIOVISUAL,2018,OpenSubtitles2018 via FrequencyWords processing,CC BY-SA 4.0 content,ALLOWED_WITH_ATTRIBUTION_AND_SHAREALIKE_BOUNDARY,NONE_FREQUENCY_DOES_NOT_SET_LEVEL,QUANT_SIGNAL_AVAILABLE_NOT_YET_COMPOSITE_SCORED,https://github.com/hermitdave/FrequencyWords/blob/master/content/2018/es/es_50k.txt,https://raw.githubusercontent.com/hermitdave/FrequencyWords/refs/heads/master/content/2018/es/es_50k.txt,Full continuous top-50k exact surface sweep completed on 2026-09-04. Frequency is quantitative evidence only and does not set CEFR level.,1.32
12B1-ATOM-0562,unas,ATOMIC_SURFACE_FORM,CORP-18,FrequencyWords / OpenSubtitles2018 Spanish 50k,FrequencyWords content/2018/es/es_50k.txt (OpenSubtitles2018-derived),SURFACE_SUBTITLE_OCCURRENCE_COUNT_AND_RANK,MEASURED_EXACT_SURFACE,89043,473,FOUND_TOP50K,EXACT_CASE_SENSITIVE_SURFACE_TOKEN,2026-09-04,,,,,NONE_OR_NOT_ANNOTATED_IN_THIS_PASS,FULL_TOP50K_EXACT_LOOKUP_50000,,NOT_CALCULATED_DENOMINATOR_NOT_FIXED,SUBTITLE_AUDIOVISUAL,2018,OpenSubtitles2018 via FrequencyWords processing,CC BY-SA 4.0 content,ALLOWED_WITH_ATTRIBUTION_AND_SHAREALIKE_BOUNDARY,NONE_FREQUENCY_DOES_NOT_SET_LEVEL,QUANT_SIGNAL_AVAILABLE_NOT_YET_COMPOSITE_SCORED,https://github.com/hermitdave/FrequencyWords/blob/master/content/2018/es/es_50k.txt,https://raw.githubusercontent.com/hermitdave/FrequencyWords/refs/heads/master/content/2018/es/es_50k.txt,Full continuous top-50k exact surface sweep completed on 2026-09-04. Frequency is quantitative evidence only and does not set CEFR level.,1.32
12B1-ATOM-0563,unidad,ATOMIC_SURFACE_FORM,CORP-18,FrequencyWords / OpenSubtitles2018 Spanish 50k,FrequencyWords content/2018/es/es_50k.txt (OpenSubtitles2018-derived),SURFACE_SUBTITLE_OCCURRENCE_COUNT_AND_RANK,MEASURED_EXACT_SURFACE,21181,1629,FOUND_TOP50K,EXACT_CASE_SENSITIVE_SURFACE_TOKEN,2026-09-04,,,,,NONE_OR_NOT_ANNOTATED_IN_THIS_PASS,FULL_TOP50K_EXACT_LOOKUP_50000,,NOT_CALCULATED_DENOMINATOR_NOT_FIXED,SUBTITLE_AUDIOVISUAL,2018,OpenSubtitles2018 via FrequencyWords processing,CC BY-SA 4.0 content,ALLOWED_WITH_ATTRIBUTION_AND_SHAREALIKE_BOUNDARY,NONE_FREQUENCY_DOES_NOT_SET_LEVEL,QUANT_SIGNAL_AVAILABLE_NOT_YET_COMPOSITE_SCORED,https://github.com/hermitdave/FrequencyWords/blob/master/content/2018/es/es_50k.txt,https://raw.githubusercontent.com/hermitdave/FrequencyWords/refs/heads/master/content/2018/es/es_50k.txt,Full continuous top-50k exact surface sweep completed on 2026-09-04. Frequency is quantitative evidence only and does not set CEFR level.,1.32
12B1-ATOM-0564,universidad,ATOMIC_SURFACE_FORM,CORP-18,FrequencyWords / OpenSubtitles2018 Spanish 50k,FrequencyWords content/2018/es/es_50k.txt (OpenSubtitles2018-derived),SURFACE_SUBTITLE_OCCURRENCE_COUNT_AND_RANK,MEASURED_EXACT_SURFACE,42412,868,FOUND_TOP50K,EXACT_CASE_SENSITIVE_SURFACE_TOKEN,2026-09-04,,,,,NONE_OR_NOT_ANNOTATED_IN_THIS_PASS,FULL_TOP50K_EXACT_LOOKUP_50000,,NOT_CALCULATED_DENOMINATOR_NOT_FIXED,SUBTITLE_AUDIOVISUAL,2018,OpenSubtitles2018 via FrequencyWords processing,CC BY-SA 4.0 content,ALLOWED_WITH_ATTRIBUTION_AND_SHAREALIKE_BOUNDARY,NONE_FREQUENCY_DOES_NOT_SET_LEVEL,QUANT_SIGNAL_AVAILABLE_NOT_YET_COMPOSITE_SCORED,https://github.com/hermitdave/FrequencyWords/blob/master/content/2018/es/es_50k.txt,https://raw.githubusercontent.com/hermitdave/FrequencyWords/refs/heads/master/content/2018/es/es_50k.txt,Full continuous top-50k exact surface sweep completed on 2026-09-04. Frequency is quantitative evidence only and does not set CEFR level.,1.32
12B1-ATOM-0565,unos,ATOMIC_SURFACE_FORM,CORP-18,FrequencyWords / OpenSubtitles2018 Spanish 50k,FrequencyWords content/2018/es/es_50k.txt (OpenSubtitles2018-derived),SURFACE_SUBTITLE_OCCURRENCE_COUNT_AND_RANK,MEASURED_EXACT_SURFACE,162525,268,FOUND_TOP50K,EXACT_CASE_SENSITIVE_SURFACE_TOKEN,2026-09-04,,,,,NONE_OR_NOT_ANNOTATED_IN_THIS_PASS,FULL_TOP50K_EXACT_LOOKUP_50000,,NOT_CALCULATED_DENOMINATOR_NOT_FIXED,SUBTITLE_AUDIOVISUAL,2018,OpenSubtitles2018 via FrequencyWords processing,CC BY-SA 4.0 content,ALLOWED_WITH_ATTRIBUTION_AND_SHAREALIKE_BOUNDARY,NONE_FREQUENCY_DOES_NOT_SET_LEVEL,QUANT_SIGNAL_AVAILABLE_NOT_YET_COMPOSITE_SCORED,https://github.com/hermitdave/FrequencyWords/blob/master/content/2018/es/es_50k.txt,https://raw.githubusercontent.com/hermitdave/FrequencyWords/refs/heads/master/content/2018/es/es_50k.txt,Full continuous top-50k exact surface sweep completed on 2026-09-04. Frequency is quantitative evidence only and does not set CEFR level.,1.32
12B1-ATOM-0566,usted,ATOMIC_SURFACE_FORM,CORP-18,FrequencyWords / OpenSubtitles2018 Spanish 50k,FrequencyWords content/2018/es/es_50k.txt (OpenSubtitles2018-derived),SURFACE_SUBTITLE_OCCURRENCE_COUNT_AND_RANK,MEASURED_EXACT_SURFACE,618844,86,FOUND_TOP50K,EXACT_CASE_SENSITIVE_SURFACE_TOKEN,2026-09-04,,,,,NONE_OR_NOT_ANNOTATED_IN_THIS_PASS,FULL_TOP50K_EXACT_LOOKUP_50000,,NOT_CALCULATED_DENOMINATOR_NOT_FIXED,SUBTITLE_AUDIOVISUAL,2018,OpenSubtitles2018 via FrequencyWords processing,CC BY-SA 4.0 content,ALLOWED_WITH_ATTRIBUTION_AND_SHAREALIKE_BOUNDARY,NONE_FREQUENCY_DOES_NOT_SET_LEVEL,QUANT_SIGNAL_AVAILABLE_NOT_YET_COMPOSITE_SCORED,https://github.com/hermitdave/FrequencyWords/blob/master/content/2018/es/es_50k.txt,https://raw.githubusercontent.com/hermitdave/FrequencyWords/refs/heads/master/content/2018/es/es_50k.txt,Full continuous top-50k exact surface sweep completed on 2026-09-04. Frequency is quantitative evidence only and does not set CEFR level.,1.32
12B1-ATOM-0567,ustedes,ATOMIC_SURFACE_FORM,CORP-18,FrequencyWords / OpenSubtitles2018 Spanish 50k,FrequencyWords content/2018/es/es_50k.txt (OpenSubtitles2018-derived),SURFACE_SUBTITLE_OCCURRENCE_COUNT_AND_RANK,MEASURED_EXACT_SURFACE,174241,258,FOUND_TOP50K,EXACT_CASE_SENSITIVE_SURFACE_TOKEN,2026-09-04,,,,,NONE_OR_NOT_ANNOTATED_IN_THIS_PASS,FULL_TOP50K_EXACT_LOOKUP_50000,,NOT_CALCULATED_DENOMINATOR_NOT_FIXED,SUBTITLE_AUDIOVISUAL,2018,OpenSubtitles2018 via FrequencyWords processing,CC BY-SA 4.0 content,ALLOWED_WITH_ATTRIBUTION_AND_SHAREALIKE_BOUNDARY,NONE_FREQUENCY_DOES_NOT_SET_LEVEL,QUANT_SIGNAL_AVAILABLE_NOT_YET_COMPOSITE_SCORED,https://github.com/hermitdave/FrequencyWords/blob/master/content/2018/es/es_50k.txt,https://raw.githubusercontent.com/hermitdave/FrequencyWords/refs/heads/master/content/2018/es/es_50k.txt,Full continuous top-50k exact surface sweep completed on 2026-09-04. Frequency is quantitative evidence only and does not set CEFR level.,1.32
12B1-ATOM-0568,vacaciones,ATOMIC_SURFACE_FORM,CORP-18,FrequencyWords / OpenSubtitles2018 Spanish 50k,FrequencyWords content/2018/es/es_50k.txt (OpenSubtitles2018-derived),SURFACE_SUBTITLE_OCCURRENCE_COUNT_AND_RANK,MEASURED_EXACT_SURFACE,24975,1400,FOUND_TOP50K,EXACT_CASE_SENSITIVE_SURFACE_TOKEN,2026-09-04,,,,,NONE_OR_NOT_ANNOTATED_IN_THIS_PASS,FULL_TOP50K_EXACT_LOOKUP_50000,,NOT_CALCULATED_DENOMINATOR_NOT_FIXED,SUBTITLE_AUDIOVISUAL,2018,OpenSubtitles2018 via FrequencyWords processing,CC BY-SA 4.0 content,ALLOWED_WITH_ATTRIBUTION_AND_SHAREALIKE_BOUNDARY,NONE_FREQUENCY_DOES_NOT_SET_LEVEL,QUANT_SIGNAL_AVAILABLE_NOT_YET_COMPOSITE_SCORED,https://github.com/hermitdave/FrequencyWords/blob/master/content/2018/es/es_50k.txt,https://raw.githubusercontent.com/hermitdave/FrequencyWords/refs/heads/master/content/2018/es/es_50k.txt,Full continuous top-50k exact surface sweep completed on 2026-09-04. Frequency is quantitative evidence only and does not set CEFR level.,1.32
12B1-ATOM-0569,vaquero,ATOMIC_SURFACE_FORM,CORP-18,FrequencyWords / OpenSubtitles2018 Spanish 50k,FrequencyWords content/2018/es/es_50k.txt (OpenSubtitles2018-derived),SURFACE_SUBTITLE_OCCURRENCE_COUNT_AND_RANK,MEASURED_EXACT_SURFACE,4741,5721,FOUND_TOP50K,EXACT_CASE_SENSITIVE_SURFACE_TOKEN,2026-09-04,,,,,NONE_OR_NOT_ANNOTATED_IN_THIS_PASS,FULL_TOP50K_EXACT_LOOKUP_50000,,NOT_CALCULATED_DENOMINATOR_NOT_FIXED,SUBTITLE_AUDIOVISUAL,2018,OpenSubtitles2018 via FrequencyWords processing,CC BY-SA 4.0 content,ALLOWED_WITH_ATTRIBUTION_AND_SHAREALIKE_BOUNDARY,NONE_FREQUENCY_DOES_NOT_SET_LEVEL,QUANT_SIGNAL_AVAILABLE_NOT_YET_COMPOSITE_SCORED,https://github.com/hermitdave/FrequencyWords/blob/master/content/2018/es/es_50k.txt,https://raw.githubusercontent.com/hermitdave/FrequencyWords/refs/heads/master/content/2018/es/es_50k.txt,Full continuous top-50k exact surface sweep completed on 2026-09-04. Frequency is quantitative evidence only and does not set CEFR level.,1.32
12B1-ATOM-0570,vaqueros,ATOMIC_SURFACE_FORM,CORP-18,FrequencyWords / OpenSubtitles2018 Spanish 50k,FrequencyWords content/2018/es/es_50k.txt (OpenSubtitles2018-derived),SURFACE_SUBTITLE_OCCURRENCE_COUNT_AND_RANK,MEASURED_EXACT_SURFACE,3642,7092,FOUND_TOP50K,EXACT_CASE_SENSITIVE_SURFACE_TOKEN,2026-09-04,,,,,NONE_OR_NOT_ANNOTATED_IN_THIS_PASS,FULL_TOP50K_EXACT_LOOKUP_50000,,NOT_CALCULATED_DENOMINATOR_NOT_FIXED,SUBTITLE_AUDIOVISUAL,2018,OpenSubtitles2018 via FrequencyWords processing,CC BY-SA 4.0 content,ALLOWED_WITH_ATTRIBUTION_AND_SHAREALIKE_BOUNDARY,NONE_FREQUENCY_DOES_NOT_SET_LEVEL,QUANT_SIGNAL_AVAILABLE_NOT_YET_COMPOSITE_SCORED,https://github.com/hermitdave/FrequencyWords/blob/master/content/2018/es/es_50k.txt,https://raw.githubusercontent.com/hermitdave/FrequencyWords/refs/heads/master/content/2018/es/es_50k.txt,Full continuous top-50k exact surface sweep completed on 2026-09-04. Frequency is quantitative evidence only and does not set CEFR level.,1.32
12B1-ATOM-0571,vendedor,ATOMIC_SURFACE_FORM,CORP-18,FrequencyWords / OpenSubtitles2018 Spanish 50k,FrequencyWords content/2018/es/es_50k.txt (OpenSubtitles2018-derived),SURFACE_SUBTITLE_OCCURRENCE_COUNT_AND_RANK,MEASURED_EXACT_SURFACE,6549,4438,FOUND_TOP50K,EXACT_CASE_SENSITIVE_SURFACE_TOKEN,2026-09-04,,,,,NONE_OR_NOT_ANNOTATED_IN_THIS_PASS,FULL_TOP50K_EXACT_LOOKUP_50000,,NOT_CALCULATED_DENOMINATOR_NOT_FIXED,SUBTITLE_AUDIOVISUAL,2018,OpenSubtitles2018 via FrequencyWords processing,CC BY-SA 4.0 content,ALLOWED_WITH_ATTRIBUTION_AND_SHAREALIKE_BOUNDARY,NONE_FREQUENCY_DOES_NOT_SET_LEVEL,QUANT_SIGNAL_AVAILABLE_NOT_YET_COMPOSITE_SCORED,https://github.com/hermitdave/FrequencyWords/blob/master/content/2018/es/es_50k.txt,https://raw.githubusercontent.com/hermitdave/FrequencyWords/refs/heads/master/content/2018/es/es_50k.txt,Full continuous top-50k exact surface sweep completed on 2026-09-04. Frequency is quantitative evidence only and does not set CEFR level.,1.32
12B1-ATOM-0572,vender,ATOMIC_SURFACE_FORM,CORP-18,FrequencyWords / OpenSubtitles2018 Spanish 50k,FrequencyWords content/2018/es/es_50k.txt (OpenSubtitles2018-derived),SURFACE_SUBTITLE_OCCURRENCE_COUNT_AND_RANK,MEASURED_EXACT_SURFACE,22769,1522,FOUND_TOP50K,EXACT_CASE_SENSITIVE_SURFACE_TOKEN,2026-09-04,,,,,NONE_OR_NOT_ANNOTATED_IN_THIS_PASS,FULL_TOP50K_EXACT_LOOKUP_50000,,NOT_CALCULATED_DENOMINATOR_NOT_FIXED,SUBTITLE_AUDIOVISUAL,2018,OpenSubtitles2018 via FrequencyWords processing,CC BY-SA 4.0 content,ALLOWED_WITH_ATTRIBUTION_AND_SHAREALIKE_BOUNDARY,NONE_FREQUENCY_DOES_NOT_SET_LEVEL,QUANT_SIGNAL_AVAILABLE_NOT_YET_COMPOSITE_SCORED,https://github.com/hermitdave/FrequencyWords/blob/master/content/2018/es/es_50k.txt,https://raw.githubusercontent.com/hermitdave/FrequencyWords/refs/heads/master/content/2018/es/es_50k.txt,Full continuous top-50k exact surface sweep completed on 2026-09-04. Frequency is quantitative evidence only and does not set CEFR level.,1.32
12B1-ATOM-0573,venir,ATOMIC_SURFACE_FORM,CORP-18,FrequencyWords / OpenSubtitles2018 Spanish 50k,FrequencyWords content/2018/es/es_50k.txt (OpenSubtitles2018-derived),SURFACE_SUBTITLE_OCCURRENCE_COUNT_AND_RANK,MEASURED_EXACT_SURFACE,124376,339,FOUND_TOP50K,EXACT_CASE_SENSITIVE_SURFACE_TOKEN,2026-09-04,,,,,NONE_OR_NOT_ANNOTATED_IN_THIS_PASS,FULL_TOP50K_EXACT_LOOKUP_50000,,NOT_CALCULATED_DENOMINATOR_NOT_FIXED,SUBTITLE_AUDIOVISUAL,2018,OpenSubtitles2018 via FrequencyWords processing,CC BY-SA 4.0 content,ALLOWED_WITH_ATTRIBUTION_AND_SHAREALIKE_BOUNDARY,NONE_FREQUENCY_DOES_NOT_SET_LEVEL,QUANT_SIGNAL_AVAILABLE_NOT_YET_COMPOSITE_SCORED,https://github.com/hermitdave/FrequencyWords/blob/master/content/2018/es/es_50k.txt,https://raw.githubusercontent.com/hermitdave/FrequencyWords/refs/heads/master/content/2018/es/es_50k.txt,Full continuous top-50k exact surface sweep completed on 2026-09-04. Frequency is quantitative evidence only and does not set CEFR level.,1.32
12B1-ATOM-0574,ventana,ATOMIC_SURFACE_FORM,CORP-18,FrequencyWords / OpenSubtitles2018 Spanish 50k,FrequencyWords content/2018/es/es_50k.txt (OpenSubtitles2018-derived),SURFACE_SUBTITLE_OCCURRENCE_COUNT_AND_RANK,MEASURED_EXACT_SURFACE,31521,1140,FOUND_TOP50K,EXACT_CASE_SENSITIVE_SURFACE_TOKEN,2026-09-04,,,,,NONE_OR_NOT_ANNOTATED_IN_THIS_PASS,FULL_TOP50K_EXACT_LOOKUP_50000,,NOT_CALCULATED_DENOMINATOR_NOT_FIXED,SUBTITLE_AUDIOVISUAL,2018,OpenSubtitles2018 via FrequencyWords processing,CC BY-SA 4.0 content,ALLOWED_WITH_ATTRIBUTION_AND_SHAREALIKE_BOUNDARY,NONE_FREQUENCY_DOES_NOT_SET_LEVEL,QUANT_SIGNAL_AVAILABLE_NOT_YET_COMPOSITE_SCORED,https://github.com/hermitdave/FrequencyWords/blob/master/content/2018/es/es_50k.txt,https://raw.githubusercontent.com/hermitdave/FrequencyWords/refs/heads/master/content/2018/es/es_50k.txt,Full continuous top-50k exact surface sweep completed on 2026-09-04. Frequency is quantitative evidence only and does not set CEFR level.,1.32
12B1-ATOM-0575,ver,ATOMIC_SURFACE_FORM,CORP-18,FrequencyWords / OpenSubtitles2018 Spanish 50k,FrequencyWords content/2018/es/es_50k.txt (OpenSubtitles2018-derived),SURFACE_SUBTITLE_OCCURRENCE_COUNT_AND_RANK,MEASURED_EXACT_SURFACE,462775,120,FOUND_TOP50K,EXACT_CASE_SENSITIVE_SURFACE_TOKEN,2026-09-04,,,,,NONE_OR_NOT_ANNOTATED_IN_THIS_PASS,FULL_TOP50K_EXACT_LOOKUP_50000,,NOT_CALCULATED_DENOMINATOR_NOT_FIXED,SUBTITLE_AUDIOVISUAL,2018,OpenSubtitles2018 via FrequencyWords processing,CC BY-SA 4.0 content,ALLOWED_WITH_ATTRIBUTION_AND_SHAREALIKE_BOUNDARY,NONE_FREQUENCY_DOES_NOT_SET_LEVEL,QUANT_SIGNAL_AVAILABLE_NOT_YET_COMPOSITE_SCORED,https://github.com/hermitdave/FrequencyWords/blob/master/content/2018/es/es_50k.txt,https://raw.githubusercontent.com/hermitdave/FrequencyWords/refs/heads/master/content/2018/es/es_50k.txt,Full continuous top-50k exact surface sweep completed on 2026-09-04. Frequency is quantitative evidence only and does not set CEFR level.,1.32
12B1-ATOM-0576,verano,ATOMIC_SURFACE_FORM,CORP-18,FrequencyWords / OpenSubtitles2018 Spanish 50k,FrequencyWords content/2018/es/es_50k.txt (OpenSubtitles2018-derived),SURFACE_SUBTITLE_OCCURRENCE_COUNT_AND_RANK,MEASURED_EXACT_SURFACE,26486,1331,FOUND_TOP50K,EXACT_CASE_SENSITIVE_SURFACE_TOKEN,2026-09-04,,,,,NONE_OR_NOT_ANNOTATED_IN_THIS_PASS,FULL_TOP50K_EXACT_LOOKUP_50000,,NOT_CALCULATED_DENOMINATOR_NOT_FIXED,SUBTITLE_AUDIOVISUAL,2018,OpenSubtitles2018 via FrequencyWords processing,CC BY-SA 4.0 content,ALLOWED_WITH_ATTRIBUTION_AND_SHAREALIKE_BOUNDARY,NONE_FREQUENCY_DOES_NOT_SET_LEVEL,QUANT_SIGNAL_AVAILABLE_NOT_YET_COMPOSITE_SCORED,https://github.com/hermitdave/FrequencyWords/blob/master/content/2018/es/es_50k.txt,https://raw.githubusercontent.com/hermitdave/FrequencyWords/refs/heads/master/content/2018/es/es_50k.txt,Full continuous top-50k exact surface sweep completed on 2026-09-04. Frequency is quantitative evidence only and does not set CEFR level.,1.32
12B1-ATOM-0577,verde,ATOMIC_SURFACE_FORM,CORP-18,FrequencyWords / OpenSubtitles2018 Spanish 50k,FrequencyWords content/2018/es/es_50k.txt (OpenSubtitles2018-derived),SURFACE_SUBTITLE_OCCURRENCE_COUNT_AND_RANK,MEASURED_EXACT_SURFACE,21441,1611,FOUND_TOP50K,EXACT_CASE_SENSITIVE_SURFACE_TOKEN,2026-09-04,,,,,NONE_OR_NOT_ANNOTATED_IN_THIS_PASS,FULL_TOP50K_EXACT_LOOKUP_50000,,NOT_CALCULATED_DENOMINATOR_NOT_FIXED,SUBTITLE_AUDIOVISUAL,2018,OpenSubtitles2018 via FrequencyWords processing,CC BY-SA 4.0 content,ALLOWED_WITH_ATTRIBUTION_AND_SHAREALIKE_BOUNDARY,NONE_FREQUENCY_DOES_NOT_SET_LEVEL,QUANT_SIGNAL_AVAILABLE_NOT_YET_COMPOSITE_SCORED,https://github.com/hermitdave/FrequencyWords/blob/master/content/2018/es/es_50k.txt,https://raw.githubusercontent.com/hermitdave/FrequencyWords/refs/heads/master/content/2018/es/es_50k.txt,Full continuous top-50k exact surface sweep completed on 2026-09-04. Frequency is quantitative evidence only and does not set CEFR level.,1.32
12B1-ATOM-0578,verdura,ATOMIC_SURFACE_FORM,CORP-18,FrequencyWords / OpenSubtitles2018 Spanish 50k,FrequencyWords content/2018/es/es_50k.txt (OpenSubtitles2018-derived),SURFACE_SUBTITLE_OCCURRENCE_COUNT_AND_RANK,MEASURED_EXACT_SURFACE,612,24570,FOUND_TOP50K,EXACT_CASE_SENSITIVE_SURFACE_TOKEN,2026-09-04,,,,,NONE_OR_NOT_ANNOTATED_IN_THIS_PASS,FULL_TOP50K_EXACT_LOOKUP_50000,,NOT_CALCULATED_DENOMINATOR_NOT_FIXED,SUBTITLE_AUDIOVISUAL,2018,OpenSubtitles2018 via FrequencyWords processing,CC BY-SA 4.0 content,ALLOWED_WITH_ATTRIBUTION_AND_SHAREALIKE_BOUNDARY,NONE_FREQUENCY_DOES_NOT_SET_LEVEL,QUANT_SIGNAL_AVAILABLE_NOT_YET_COMPOSITE_SCORED,https://github.com/hermitdave/FrequencyWords/blob/master/content/2018/es/es_50k.txt,https://raw.githubusercontent.com/hermitdave/FrequencyWords/refs/heads/master/content/2018/es/es_50k.txt,Full continuous top-50k exact surface sweep completed on 2026-09-04. Frequency is quantitative evidence only and does not set CEFR level.,1.32
12B1-ATOM-0579,viajar,ATOMIC_SURFACE_FORM,CORP-18,FrequencyWords / OpenSubtitles2018 Spanish 50k,FrequencyWords content/2018/es/es_50k.txt (OpenSubtitles2018-derived),SURFACE_SUBTITLE_OCCURRENCE_COUNT_AND_RANK,MEASURED_EXACT_SURFACE,12841,2530,FOUND_TOP50K,EXACT_CASE_SENSITIVE_SURFACE_TOKEN,2026-09-04,,,,,NONE_OR_NOT_ANNOTATED_IN_THIS_PASS,FULL_TOP50K_EXACT_LOOKUP_50000,,NOT_CALCULATED_DENOMINATOR_NOT_FIXED,SUBTITLE_AUDIOVISUAL,2018,OpenSubtitles2018 via FrequencyWords processing,CC BY-SA 4.0 content,ALLOWED_WITH_ATTRIBUTION_AND_SHAREALIKE_BOUNDARY,NONE_FREQUENCY_DOES_NOT_SET_LEVEL,QUANT_SIGNAL_AVAILABLE_NOT_YET_COMPOSITE_SCORED,https://github.com/hermitdave/FrequencyWords/blob/master/content/2018/es/es_50k.txt,https://raw.githubusercontent.com/hermitdave/FrequencyWords/refs/heads/master/content/2018/es/es_50k.txt,Full continuous top-50k exact surface sweep completed on 2026-09-04. Frequency is quantitative evidence only and does not set CEFR level.,1.32
12B1-ATOM-0580,video,ATOMIC_SURFACE_FORM,CORP-18,FrequencyWords / OpenSubtitles2018 Spanish 50k,FrequencyWords content/2018/es/es_50k.txt (OpenSubtitles2018-derived),SURFACE_SUBTITLE_OCCURRENCE_COUNT_AND_RANK,MEASURED_EXACT_SURFACE,18044,1877,FOUND_TOP50K,EXACT_CASE_SENSITIVE_SURFACE_TOKEN,2026-09-04,,,,,ORTHOGRAPHIC_VARIANT,FULL_TOP50K_EXACT_LOOKUP_50000,,NOT_CALCULATED_DENOMINATOR_NOT_FIXED,SUBTITLE_AUDIOVISUAL,2018,OpenSubtitles2018 via FrequencyWords processing,CC BY-SA 4.0 content,ALLOWED_WITH_ATTRIBUTION_AND_SHAREALIKE_BOUNDARY,NONE_FREQUENCY_DOES_NOT_SET_LEVEL,QUANT_SIGNAL_AVAILABLE_NOT_YET_COMPOSITE_SCORED,https://github.com/hermitdave/FrequencyWords/blob/master/content/2018/es/es_50k.txt,https://raw.githubusercontent.com/hermitdave/FrequencyWords/refs/heads/master/content/2018/es/es_50k.txt,Full continuous top-50k exact surface sweep completed on 2026-09-04. Frequency is quantitative evidence only and does not set CEFR level.,1.32
12B1-ATOM-0581,viejo,ATOMIC_SURFACE_FORM,CORP-18,FrequencyWords / OpenSubtitles2018 Spanish 50k,FrequencyWords content/2018/es/es_50k.txt (OpenSubtitles2018-derived),SURFACE_SUBTITLE_OCCURRENCE_COUNT_AND_RANK,MEASURED_EXACT_SURFACE,110403,382,FOUND_TOP50K,EXACT_CASE_SENSITIVE_SURFACE_TOKEN,2026-09-04,,,,,NONE_OR_NOT_ANNOTATED_IN_THIS_PASS,FULL_TOP50K_EXACT_LOOKUP_50000,,NOT_CALCULATED_DENOMINATOR_NOT_FIXED,SUBTITLE_AUDIOVISUAL,2018,OpenSubtitles2018 via FrequencyWords processing,CC BY-SA 4.0 content,ALLOWED_WITH_ATTRIBUTION_AND_SHAREALIKE_BOUNDARY,NONE_FREQUENCY_DOES_NOT_SET_LEVEL,QUANT_SIGNAL_AVAILABLE_NOT_YET_COMPOSITE_SCORED,https://github.com/hermitdave/FrequencyWords/blob/master/content/2018/es/es_50k.txt,https://raw.githubusercontent.com/hermitdave/FrequencyWords/refs/heads/master/content/2018/es/es_50k.txt,Full continuous top-50k exact surface sweep completed on 2026-09-04. Frequency is quantitative evidence only and does not set CEFR level.,1.32
12B1-ATOM-0582,viento,ATOMIC_SURFACE_FORM,CORP-18,FrequencyWords / OpenSubtitles2018 Spanish 50k,FrequencyWords content/2018/es/es_50k.txt (OpenSubtitles2018-derived),SURFACE_SUBTITLE_OCCURRENCE_COUNT_AND_RANK,MEASURED_EXACT_SURFACE,20773,1658,FOUND_TOP50K,EXACT_CASE_SENSITIVE_SURFACE_TOKEN,2026-09-04,,,,,NONE_OR_NOT_ANNOTATED_IN_THIS_PASS,FULL_TOP50K_EXACT_LOOKUP_50000,,NOT_CALCULATED_DENOMINATOR_NOT_FIXED,SUBTITLE_AUDIOVISUAL,2018,OpenSubtitles2018 via FrequencyWords processing,CC BY-SA 4.0 content,ALLOWED_WITH_ATTRIBUTION_AND_SHAREALIKE_BOUNDARY,NONE_FREQUENCY_DOES_NOT_SET_LEVEL,QUANT_SIGNAL_AVAILABLE_NOT_YET_COMPOSITE_SCORED,https://github.com/hermitdave/FrequencyWords/blob/master/content/2018/es/es_50k.txt,https://raw.githubusercontent.com/hermitdave/FrequencyWords/refs/heads/master/content/2018/es/es_50k.txt,Full continuous top-50k exact surface sweep completed on 2026-09-04. Frequency is quantitative evidence only and does not set CEFR level.,1.32
12B1-ATOM-0583,vino,ATOMIC_SURFACE_FORM,CORP-18,FrequencyWords / OpenSubtitles2018 Spanish 50k,FrequencyWords content/2018/es/es_50k.txt (OpenSubtitles2018-derived),SURFACE_SUBTITLE_OCCURRENCE_COUNT_AND_RANK,MEASURED_EXACT_SURFACE,86406,489,FOUND_TOP50K,EXACT_CASE_SENSITIVE_SURFACE_TOKEN,2026-09-04,,,,,NONE_OR_NOT_ANNOTATED_IN_THIS_PASS,FULL_TOP50K_EXACT_LOOKUP_50000,,NOT_CALCULATED_DENOMINATOR_NOT_FIXED,SUBTITLE_AUDIOVISUAL,2018,OpenSubtitles2018 via FrequencyWords processing,CC BY-SA 4.0 content,ALLOWED_WITH_ATTRIBUTION_AND_SHAREALIKE_BOUNDARY,NONE_FREQUENCY_DOES_NOT_SET_LEVEL,QUANT_SIGNAL_AVAILABLE_NOT_YET_COMPOSITE_SCORED,https://github.com/hermitdave/FrequencyWords/blob/master/content/2018/es/es_50k.txt,https://raw.githubusercontent.com/hermitdave/FrequencyWords/refs/heads/master/content/2018/es/es_50k.txt,Full continuous top-50k exact surface sweep completed on 2026-09-04. Frequency is quantitative evidence only and does not set CEFR level.,1.32
12B1-ATOM-0584,viudo,ATOMIC_SURFACE_FORM,CORP-18,FrequencyWords / OpenSubtitles2018 Spanish 50k,FrequencyWords content/2018/es/es_50k.txt (OpenSubtitles2018-derived),SURFACE_SUBTITLE_OCCURRENCE_COUNT_AND_RANK,MEASURED_EXACT_SURFACE,948,18383,FOUND_TOP50K,EXACT_CASE_SENSITIVE_SURFACE_TOKEN,2026-09-04,,,,,NONE_OR_NOT_ANNOTATED_IN_THIS_PASS,FULL_TOP50K_EXACT_LOOKUP_50000,,NOT_CALCULATED_DENOMINATOR_NOT_FIXED,SUBTITLE_AUDIOVISUAL,2018,OpenSubtitles2018 via FrequencyWords processing,CC BY-SA 4.0 content,ALLOWED_WITH_ATTRIBUTION_AND_SHAREALIKE_BOUNDARY,NONE_FREQUENCY_DOES_NOT_SET_LEVEL,QUANT_SIGNAL_AVAILABLE_NOT_YET_COMPOSITE_SCORED,https://github.com/hermitdave/FrequencyWords/blob/master/content/2018/es/es_50k.txt,https://raw.githubusercontent.com/hermitdave/FrequencyWords/refs/heads/master/content/2018/es/es_50k.txt,Full continuous top-50k exact surface sweep completed on 2026-09-04. Frequency is quantitative evidence only and does not set CEFR level.,1.32
12B1-ATOM-0585,vivir,ATOMIC_SURFACE_FORM,CORP-18,FrequencyWords / OpenSubtitles2018 Spanish 50k,FrequencyWords content/2018/es/es_50k.txt (OpenSubtitles2018-derived),SURFACE_SUBTITLE_OCCURRENCE_COUNT_AND_RANK,MEASURED_EXACT_SURFACE,92629,454,FOUND_TOP50K,EXACT_CASE_SENSITIVE_SURFACE_TOKEN,2026-09-04,,,,,NONE_OR_NOT_ANNOTATED_IN_THIS_PASS,FULL_TOP50K_EXACT_LOOKUP_50000,,NOT_CALCULATED_DENOMINATOR_NOT_FIXED,SUBTITLE_AUDIOVISUAL,2018,OpenSubtitles2018 via FrequencyWords processing,CC BY-SA 4.0 content,ALLOWED_WITH_ATTRIBUTION_AND_SHAREALIKE_BOUNDARY,NONE_FREQUENCY_DOES_NOT_SET_LEVEL,QUANT_SIGNAL_AVAILABLE_NOT_YET_COMPOSITE_SCORED,https://github.com/hermitdave/FrequencyWords/blob/master/content/2018/es/es_50k.txt,https://raw.githubusercontent.com/hermitdave/FrequencyWords/refs/heads/master/content/2018/es/es_50k.txt,Full continuous top-50k exact surface sweep completed on 2026-09-04. Frequency is quantitative evidence only and does not set CEFR level.,1.32
12B1-ATOM-0586,volver,ATOMIC_SURFACE_FORM,CORP-18,FrequencyWords / OpenSubtitles2018 Spanish 50k,FrequencyWords content/2018/es/es_50k.txt (OpenSubtitles2018-derived),SURFACE_SUBTITLE_OCCURRENCE_COUNT_AND_RANK,MEASURED_EXACT_SURFACE,141009,301,FOUND_TOP50K,EXACT_CASE_SENSITIVE_SURFACE_TOKEN,2026-09-04,,,,,NONE_OR_NOT_ANNOTATED_IN_THIS_PASS,FULL_TOP50K_EXACT_LOOKUP_50000,,NOT_CALCULATED_DENOMINATOR_NOT_FIXED,SUBTITLE_AUDIOVISUAL,2018,OpenSubtitles2018 via FrequencyWords processing,CC BY-SA 4.0 content,ALLOWED_WITH_ATTRIBUTION_AND_SHAREALIKE_BOUNDARY,NONE_FREQUENCY_DOES_NOT_SET_LEVEL,QUANT_SIGNAL_AVAILABLE_NOT_YET_COMPOSITE_SCORED,https://github.com/hermitdave/FrequencyWords/blob/master/content/2018/es/es_50k.txt,https://raw.githubusercontent.com/hermitdave/FrequencyWords/refs/heads/master/content/2018/es/es_50k.txt,Full continuous top-50k exact surface sweep completed on 2026-09-04. Frequency is quantitative evidence only and does not set CEFR level.,1.32
12B1-ATOM-0587,vos,ATOMIC_SURFACE_FORM,CORP-18,FrequencyWords / OpenSubtitles2018 Spanish 50k,FrequencyWords content/2018/es/es_50k.txt (OpenSubtitles2018-derived),SURFACE_SUBTITLE_OCCURRENCE_COUNT_AND_RANK,MEASURED_EXACT_SURFACE,26194,1351,FOUND_TOP50K,EXACT_CASE_SENSITIVE_SURFACE_TOKEN,2026-09-04,,,,,NONE_OR_NOT_ANNOTATED_IN_THIS_PASS,FULL_TOP50K_EXACT_LOOKUP_50000,,NOT_CALCULATED_DENOMINATOR_NOT_FIXED,SUBTITLE_AUDIOVISUAL,2018,OpenSubtitles2018 via FrequencyWords processing,CC BY-SA 4.0 content,ALLOWED_WITH_ATTRIBUTION_AND_SHAREALIKE_BOUNDARY,NONE_FREQUENCY_DOES_NOT_SET_LEVEL,QUANT_SIGNAL_AVAILABLE_NOT_YET_COMPOSITE_SCORED,https://github.com/hermitdave/FrequencyWords/blob/master/content/2018/es/es_50k.txt,https://raw.githubusercontent.com/hermitdave/FrequencyWords/refs/heads/master/content/2018/es/es_50k.txt,Full continuous top-50k exact surface sweep completed on 2026-09-04. Frequency is quantitative evidence only and does not set CEFR level.,1.32
12B1-ATOM-0588,vosotras,ATOMIC_SURFACE_FORM,CORP-18,FrequencyWords / OpenSubtitles2018 Spanish 50k,FrequencyWords content/2018/es/es_50k.txt (OpenSubtitles2018-derived),SURFACE_SUBTITLE_OCCURRENCE_COUNT_AND_RANK,MEASURED_EXACT_SURFACE,5489,5110,FOUND_TOP50K,EXACT_CASE_SENSITIVE_SURFACE_TOKEN,2026-09-04,,,,,NONE_OR_NOT_ANNOTATED_IN_THIS_PASS,FULL_TOP50K_EXACT_LOOKUP_50000,,NOT_CALCULATED_DENOMINATOR_NOT_FIXED,SUBTITLE_AUDIOVISUAL,2018,OpenSubtitles2018 via FrequencyWords processing,CC BY-SA 4.0 content,ALLOWED_WITH_ATTRIBUTION_AND_SHAREALIKE_BOUNDARY,NONE_FREQUENCY_DOES_NOT_SET_LEVEL,QUANT_SIGNAL_AVAILABLE_NOT_YET_COMPOSITE_SCORED,https://github.com/hermitdave/FrequencyWords/blob/master/content/2018/es/es_50k.txt,https://raw.githubusercontent.com/hermitdave/FrequencyWords/refs/heads/master/content/2018/es/es_50k.txt,Full continuous top-50k exact surface sweep completed on 2026-09-04. Frequency is quantitative evidence only and does not set CEFR level.,1.32
12B1-ATOM-0589,vosotros,ATOMIC_SURFACE_FORM,CORP-18,FrequencyWords / OpenSubtitles2018 Spanish 50k,FrequencyWords content/2018/es/es_50k.txt (OpenSubtitles2018-derived),SURFACE_SUBTITLE_OCCURRENCE_COUNT_AND_RANK,MEASURED_EXACT_SURFACE,49111,765,FOUND_TOP50K,EXACT_CASE_SENSITIVE_SURFACE_TOKEN,2026-09-04,,,,,NONE_OR_NOT_ANNOTATED_IN_THIS_PASS,FULL_TOP50K_EXACT_LOOKUP_50000,,NOT_CALCULATED_DENOMINATOR_NOT_FIXED,SUBTITLE_AUDIOVISUAL,2018,OpenSubtitles2018 via FrequencyWords processing,CC BY-SA 4.0 content,ALLOWED_WITH_ATTRIBUTION_AND_SHAREALIKE_BOUNDARY,NONE_FREQUENCY_DOES_NOT_SET_LEVEL,QUANT_SIGNAL_AVAILABLE_NOT_YET_COMPOSITE_SCORED,https://github.com/hermitdave/FrequencyWords/blob/master/content/2018/es/es_50k.txt,https://raw.githubusercontent.com/hermitdave/FrequencyWords/refs/heads/master/content/2018/es/es_50k.txt,Full continuous top-50k exact surface sweep completed on 2026-09-04. Frequency is quantitative evidence only and does not set CEFR level.,1.32
12B1-ATOM-0590,vuelta,ATOMIC_SURFACE_FORM,CORP-18,FrequencyWords / OpenSubtitles2018 Spanish 50k,FrequencyWords content/2018/es/es_50k.txt (OpenSubtitles2018-derived),SURFACE_SUBTITLE_OCCURRENCE_COUNT_AND_RANK,MEASURED_EXACT_SURFACE,99529,429,FOUND_TOP50K,EXACT_CASE_SENSITIVE_SURFACE_TOKEN,2026-09-04,,,,,NONE_OR_NOT_ANNOTATED_IN_THIS_PASS,FULL_TOP50K_EXACT_LOOKUP_50000,,NOT_CALCULATED_DENOMINATOR_NOT_FIXED,SUBTITLE_AUDIOVISUAL,2018,OpenSubtitles2018 via FrequencyWords processing,CC BY-SA 4.0 content,ALLOWED_WITH_ATTRIBUTION_AND_SHAREALIKE_BOUNDARY,NONE_FREQUENCY_DOES_NOT_SET_LEVEL,QUANT_SIGNAL_AVAILABLE_NOT_YET_COMPOSITE_SCORED,https://github.com/hermitdave/FrequencyWords/blob/master/content/2018/es/es_50k.txt,https://raw.githubusercontent.com/hermitdave/FrequencyWords/refs/heads/master/content/2018/es/es_50k.txt,Full continuous top-50k exact surface sweep completed on 2026-09-04. Frequency is quantitative evidence only and does not set CEFR level.,1.32
12B1-ATOM-0591,vuestra,ATOMIC_SURFACE_FORM,CORP-18,FrequencyWords / OpenSubtitles2018 Spanish 50k,FrequencyWords content/2018/es/es_50k.txt (OpenSubtitles2018-derived),SURFACE_SUBTITLE_OCCURRENCE_COUNT_AND_RANK,MEASURED_EXACT_SURFACE,24707,1410,FOUND_TOP50K,EXACT_CASE_SENSITIVE_SURFACE_TOKEN,2026-09-04,,,,,NONE_OR_NOT_ANNOTATED_IN_THIS_PASS,FULL_TOP50K_EXACT_LOOKUP_50000,,NOT_CALCULATED_DENOMINATOR_NOT_FIXED,SUBTITLE_AUDIOVISUAL,2018,OpenSubtitles2018 via FrequencyWords processing,CC BY-SA 4.0 content,ALLOWED_WITH_ATTRIBUTION_AND_SHAREALIKE_BOUNDARY,NONE_FREQUENCY_DOES_NOT_SET_LEVEL,QUANT_SIGNAL_AVAILABLE_NOT_YET_COMPOSITE_SCORED,https://github.com/hermitdave/FrequencyWords/blob/master/content/2018/es/es_50k.txt,https://raw.githubusercontent.com/hermitdave/FrequencyWords/refs/heads/master/content/2018/es/es_50k.txt,Full continuous top-50k exact surface sweep completed on 2026-09-04. Frequency is quantitative evidence only and does not set CEFR level.,1.32
12B1-ATOM-0592,vuestras,ATOMIC_SURFACE_FORM,CORP-18,FrequencyWords / OpenSubtitles2018 Spanish 50k,FrequencyWords content/2018/es/es_50k.txt (OpenSubtitles2018-derived),SURFACE_SUBTITLE_OCCURRENCE_COUNT_AND_RANK,MEASURED_EXACT_SURFACE,9140,3372,FOUND_TOP50K,EXACT_CASE_SENSITIVE_SURFACE_TOKEN,2026-09-04,,,,,NONE_OR_NOT_ANNOTATED_IN_THIS_PASS,FULL_TOP50K_EXACT_LOOKUP_50000,,NOT_CALCULATED_DENOMINATOR_NOT_FIXED,SUBTITLE_AUDIOVISUAL,2018,OpenSubtitles2018 via FrequencyWords processing,CC BY-SA 4.0 content,ALLOWED_WITH_ATTRIBUTION_AND_SHAREALIKE_BOUNDARY,NONE_FREQUENCY_DOES_NOT_SET_LEVEL,QUANT_SIGNAL_AVAILABLE_NOT_YET_COMPOSITE_SCORED,https://github.com/hermitdave/FrequencyWords/blob/master/content/2018/es/es_50k.txt,https://raw.githubusercontent.com/hermitdave/FrequencyWords/refs/heads/master/content/2018/es/es_50k.txt,Full continuous top-50k exact surface sweep completed on 2026-09-04. Frequency is quantitative evidence only and does not set CEFR level.,1.32
12B1-ATOM-0593,vuestro,ATOMIC_SURFACE_FORM,CORP-18,FrequencyWords / OpenSubtitles2018 Spanish 50k,FrequencyWords content/2018/es/es_50k.txt (OpenSubtitles2018-derived),SURFACE_SUBTITLE_OCCURRENCE_COUNT_AND_RANK,MEASURED_EXACT_SURFACE,23967,1445,FOUND_TOP50K,EXACT_CASE_SENSITIVE_SURFACE_TOKEN,2026-09-04,,,,,NONE_OR_NOT_ANNOTATED_IN_THIS_PASS,FULL_TOP50K_EXACT_LOOKUP_50000,,NOT_CALCULATED_DENOMINATOR_NOT_FIXED,SUBTITLE_AUDIOVISUAL,2018,OpenSubtitles2018 via FrequencyWords processing,CC BY-SA 4.0 content,ALLOWED_WITH_ATTRIBUTION_AND_SHAREALIKE_BOUNDARY,NONE_FREQUENCY_DOES_NOT_SET_LEVEL,QUANT_SIGNAL_AVAILABLE_NOT_YET_COMPOSITE_SCORED,https://github.com/hermitdave/FrequencyWords/blob/master/content/2018/es/es_50k.txt,https://raw.githubusercontent.com/hermitdave/FrequencyWords/refs/heads/master/content/2018/es/es_50k.txt,Full continuous top-50k exact surface sweep completed on 2026-09-04. Frequency is quantitative evidence only and does not set CEFR level.,1.32
12B1-ATOM-0594,vuestros,ATOMIC_SURFACE_FORM,CORP-18,FrequencyWords / OpenSubtitles2018 Spanish 50k,FrequencyWords content/2018/es/es_50k.txt (OpenSubtitles2018-derived),SURFACE_SUBTITLE_OCCURRENCE_COUNT_AND_RANK,MEASURED_EXACT_SURFACE,10942,2902,FOUND_TOP50K,EXACT_CASE_SENSITIVE_SURFACE_TOKEN,2026-09-04,,,,,NONE_OR_NOT_ANNOTATED_IN_THIS_PASS,FULL_TOP50K_EXACT_LOOKUP_50000,,NOT_CALCULATED_DENOMINATOR_NOT_FIXED,SUBTITLE_AUDIOVISUAL,2018,OpenSubtitles2018 via FrequencyWords processing,CC BY-SA 4.0 content,ALLOWED_WITH_ATTRIBUTION_AND_SHAREALIKE_BOUNDARY,NONE_FREQUENCY_DOES_NOT_SET_LEVEL,QUANT_SIGNAL_AVAILABLE_NOT_YET_COMPOSITE_SCORED,https://github.com/hermitdave/FrequencyWords/blob/master/content/2018/es/es_50k.txt,https://raw.githubusercontent.com/hermitdave/FrequencyWords/refs/heads/master/content/2018/es/es_50k.txt,Full continuous top-50k exact surface sweep completed on 2026-09-04. Frequency is quantitative evidence only and does not set CEFR level.,1.32
12B1-ATOM-0595,vídeo,ATOMIC_SURFACE_FORM,CORP-18,FrequencyWords / OpenSubtitles2018 Spanish 50k,FrequencyWords content/2018/es/es_50k.txt (OpenSubtitles2018-derived),SURFACE_SUBTITLE_OCCURRENCE_COUNT_AND_RANK,MEASURED_EXACT_SURFACE,8661,3532,FOUND_TOP50K,EXACT_CASE_SENSITIVE_SURFACE_TOKEN,2026-09-04,,,,,NONE_OR_NOT_ANNOTATED_IN_THIS_PASS,FULL_TOP50K_EXACT_LOOKUP_50000,,NOT_CALCULATED_DENOMINATOR_NOT_FIXED,SUBTITLE_AUDIOVISUAL,2018,OpenSubtitles2018 via FrequencyWords processing,CC BY-SA 4.0 content,ALLOWED_WITH_ATTRIBUTION_AND_SHAREALIKE_BOUNDARY,NONE_FREQUENCY_DOES_NOT_SET_LEVEL,QUANT_SIGNAL_AVAILABLE_NOT_YET_COMPOSITE_SCORED,https://github.com/hermitdave/FrequencyWords/blob/master/content/2018/es/es_50k.txt,https://raw.githubusercontent.com/hermitdave/FrequencyWords/refs/heads/master/content/2018/es/es_50k.txt,Full continuous top-50k exact surface sweep completed on 2026-09-04. Frequency is quantitative evidence only and does not set CEFR level.,1.32
12B1-ATOM-0596,web,ATOMIC_SURFACE_FORM,CORP-18,FrequencyWords / OpenSubtitles2018 Spanish 50k,FrequencyWords content/2018/es/es_50k.txt (OpenSubtitles2018-derived),SURFACE_SUBTITLE_OCCURRENCE_COUNT_AND_RANK,MEASURED_EXACT_SURFACE,7432,3989,FOUND_TOP50K,EXACT_CASE_SENSITIVE_SURFACE_TOKEN,2026-09-04,,,,,NONE_OR_NOT_ANNOTATED_IN_THIS_PASS,FULL_TOP50K_EXACT_LOOKUP_50000,,NOT_CALCULATED_DENOMINATOR_NOT_FIXED,SUBTITLE_AUDIOVISUAL,2018,OpenSubtitles2018 via FrequencyWords processing,CC BY-SA 4.0 content,ALLOWED_WITH_ATTRIBUTION_AND_SHAREALIKE_BOUNDARY,NONE_FREQUENCY_DOES_NOT_SET_LEVEL,QUANT_SIGNAL_AVAILABLE_NOT_YET_COMPOSITE_SCORED,https://github.com/hermitdave/FrequencyWords/blob/master/content/2018/es/es_50k.txt,https://raw.githubusercontent.com/hermitdave/FrequencyWords/refs/heads/master/content/2018/es/es_50k.txt,Full continuous top-50k exact surface sweep completed on 2026-09-04. Frequency is quantitative evidence only and does not set CEFR level.,1.32
12B1-ATOM-0597,y,ATOMIC_SURFACE_FORM,CORP-18,FrequencyWords / OpenSubtitles2018 Spanish 50k,FrequencyWords content/2018/es/es_50k.txt (OpenSubtitles2018-derived),SURFACE_SUBTITLE_OCCURRENCE_COUNT_AND_RANK,MEASURED_EXACT_SURFACE,7128745,7,FOUND_TOP50K,EXACT_CASE_SENSITIVE_SURFACE_TOKEN,2026-09-04,,,,,NONE_OR_NOT_ANNOTATED_IN_THIS_PASS,FULL_TOP50K_EXACT_LOOKUP_50000,,NOT_CALCULATED_DENOMINATOR_NOT_FIXED,SUBTITLE_AUDIOVISUAL,2018,OpenSubtitles2018 via FrequencyWords processing,CC BY-SA 4.0 content,ALLOWED_WITH_ATTRIBUTION_AND_SHAREALIKE_BOUNDARY,NONE_FREQUENCY_DOES_NOT_SET_LEVEL,QUANT_SIGNAL_AVAILABLE_NOT_YET_COMPOSITE_SCORED,https://github.com/hermitdave/FrequencyWords/blob/master/content/2018/es/es_50k.txt,https://raw.githubusercontent.com/hermitdave/FrequencyWords/refs/heads/master/content/2018/es/es_50k.txt,Full continuous top-50k exact surface sweep completed on 2026-09-04. Frequency is quantitative evidence only and does not set CEFR level.,1.32
12B1-ATOM-0598,yo,ATOMIC_SURFACE_FORM,CORP-18,FrequencyWords / OpenSubtitles2018 Spanish 50k,FrequencyWords content/2018/es/es_50k.txt (OpenSubtitles2018-derived),SURFACE_SUBTITLE_OCCURRENCE_COUNT_AND_RANK,MEASURED_EXACT_SURFACE,1915934,30,FOUND_TOP50K,EXACT_CASE_SENSITIVE_SURFACE_TOKEN,2026-09-04,,,,,NONE_OR_NOT_ANNOTATED_IN_THIS_PASS,FULL_TOP50K_EXACT_LOOKUP_50000,,NOT_CALCULATED_DENOMINATOR_NOT_FIXED,SUBTITLE_AUDIOVISUAL,2018,OpenSubtitles2018 via FrequencyWords processing,CC BY-SA 4.0 content,ALLOWED_WITH_ATTRIBUTION_AND_SHAREALIKE_BOUNDARY,NONE_FREQUENCY_DOES_NOT_SET_LEVEL,QUANT_SIGNAL_AVAILABLE_NOT_YET_COMPOSITE_SCORED,https://github.com/hermitdave/FrequencyWords/blob/master/content/2018/es/es_50k.txt,https://raw.githubusercontent.com/hermitdave/FrequencyWords/refs/heads/master/content/2018/es/es_50k.txt,Full continuous top-50k exact surface sweep completed on 2026-09-04. Frequency is quantitative evidence only and does not set CEFR level.,1.32
12B1-ATOM-0599,zapato,ATOMIC_SURFACE_FORM,CORP-18,FrequencyWords / OpenSubtitles2018 Spanish 50k,FrequencyWords content/2018/es/es_50k.txt (OpenSubtitles2018-derived),SURFACE_SUBTITLE_OCCURRENCE_COUNT_AND_RANK,MEASURED_EXACT_SURFACE,6181,4628,FOUND_TOP50K,EXACT_CASE_SENSITIVE_SURFACE_TOKEN,2026-09-04,,,,,NONE_OR_NOT_ANNOTATED_IN_THIS_PASS,FULL_TOP50K_EXACT_LOOKUP_50000,,NOT_CALCULATED_DENOMINATOR_NOT_FIXED,SUBTITLE_AUDIOVISUAL,2018,OpenSubtitles2018 via FrequencyWords processing,CC BY-SA 4.0 content,ALLOWED_WITH_ATTRIBUTION_AND_SHAREALIKE_BOUNDARY,NONE_FREQUENCY_DOES_NOT_SET_LEVEL,QUANT_SIGNAL_AVAILABLE_NOT_YET_COMPOSITE_SCORED,https://github.com/hermitdave/FrequencyWords/blob/master/content/2018/es/es_50k.txt,https://raw.githubusercontent.com/hermitdave/FrequencyWords/refs/heads/master/content/2018/es/es_50k.txt,Full continuous top-50k exact surface sweep completed on 2026-09-04. Frequency is quantitative evidence only and does not set CEFR level.,1.32
12B1-ATOM-0600,zapatos,ATOMIC_SURFACE_FORM,CORP-18,FrequencyWords / OpenSubtitles2018 Spanish 50k,FrequencyWords content/2018/es/es_50k.txt (OpenSubtitles2018-derived),SURFACE_SUBTITLE_OCCURRENCE_COUNT_AND_RANK,MEASURED_EXACT_SURFACE,29332,1206,FOUND_TOP50K,EXACT_CASE_SENSITIVE_SURFACE_TOKEN,2026-09-04,,,,,NONE_OR_NOT_ANNOTATED_IN_THIS_PASS,FULL_TOP50K_EXACT_LOOKUP_50000,,NOT_CALCULATED_DENOMINATOR_NOT_FIXED,SUBTITLE_AUDIOVISUAL,2018,OpenSubtitles2018 via FrequencyWords processing,CC BY-SA 4.0 content,ALLOWED_WITH_ATTRIBUTION_AND_SHAREALIKE_BOUNDARY,NONE_FREQUENCY_DOES_NOT_SET_LEVEL,QUANT_SIGNAL_AVAILABLE_NOT_YET_COMPOSITE_SCORED,https://github.com/hermitdave/FrequencyWords/blob/master/content/2018/es/es_50k.txt,https://raw.githubusercontent.com/hermitdave/FrequencyWords/refs/heads/master/content/2018/es/es_50k.txt,Full continuous top-50k exact surface sweep completed on 2026-09-04. Frequency is quantitative evidence only and does not set CEFR level.,1.32
12B1-ATOM-0601,árbol,ATOMIC_SURFACE_FORM,CORP-18,FrequencyWords / OpenSubtitles2018 Spanish 50k,FrequencyWords content/2018/es/es_50k.txt (OpenSubtitles2018-derived),SURFACE_SUBTITLE_OCCURRENCE_COUNT_AND_RANK,MEASURED_EXACT_SURFACE,22850,1517,FOUND_TOP50K,EXACT_CASE_SENSITIVE_SURFACE_TOKEN,2026-09-04,,,,,NONE_OR_NOT_ANNOTATED_IN_THIS_PASS,FULL_TOP50K_EXACT_LOOKUP_50000,,NOT_CALCULATED_DENOMINATOR_NOT_FIXED,SUBTITLE_AUDIOVISUAL,2018,OpenSubtitles2018 via FrequencyWords processing,CC BY-SA 4.0 content,ALLOWED_WITH_ATTRIBUTION_AND_SHAREALIKE_BOUNDARY,NONE_FREQUENCY_DOES_NOT_SET_LEVEL,QUANT_SIGNAL_AVAILABLE_NOT_YET_COMPOSITE_SCORED,https://github.com/hermitdave/FrequencyWords/blob/master/content/2018/es/es_50k.txt,https://raw.githubusercontent.com/hermitdave/FrequencyWords/refs/heads/master/content/2018/es/es_50k.txt,Full continuous top-50k exact surface sweep completed on 2026-09-04. Frequency is quantitative evidence only and does not set CEFR level.,1.32
12B1-ATOM-0602,él,ATOMIC_SURFACE_FORM,CORP-18,FrequencyWords / OpenSubtitles2018 Spanish 50k,FrequencyWords content/2018/es/es_50k.txt (OpenSubtitles2018-derived),SURFACE_SUBTITLE_OCCURRENCE_COUNT_AND_RANK,MEASURED_EXACT_SURFACE,931487,52,FOUND_TOP50K,EXACT_CASE_SENSITIVE_SURFACE_TOKEN,2026-09-04,,,,,NONE_OR_NOT_ANNOTATED_IN_THIS_PASS,FULL_TOP50K_EXACT_LOOKUP_50000,,NOT_CALCULATED_DENOMINATOR_NOT_FIXED,SUBTITLE_AUDIOVISUAL,2018,OpenSubtitles2018 via FrequencyWords processing,CC BY-SA 4.0 content,ALLOWED_WITH_ATTRIBUTION_AND_SHAREALIKE_BOUNDARY,NONE_FREQUENCY_DOES_NOT_SET_LEVEL,QUANT_SIGNAL_AVAILABLE_NOT_YET_COMPOSITE_SCORED,https://github.com/hermitdave/FrequencyWords/blob/master/content/2018/es/es_50k.txt,https://raw.githubusercontent.com/hermitdave/FrequencyWords/refs/heads/master/content/2018/es/es_50k.txt,Full continuous top-50k exact surface sweep completed on 2026-09-04. Frequency is quantitative evidence only and does not set CEFR level.,1.32
12B1-MWU-0001,carné de conducir,MWU_CHUNK,CORP-18,FrequencyWords / OpenSubtitles2018 Spanish 50k,FrequencyWords content/2018/es/es_50k.txt (OpenSubtitles2018-derived),MWU_NOT_MEASURABLE_FROM_UNIGRAM_LIST,NOT_APPLICABLE_UNIGRAM_SOURCE,,,NOT_APPLICABLE_UNIGRAM_SOURCE,NOT_APPLICABLE_UNIGRAM_SOURCE,2026-09-04,,,,,NONE_OR_NOT_ANNOTATED_IN_THIS_PASS,FULL_SOURCE_TYPE_REVIEWED_UNIGRAM_ONLY,,,SUBTITLE_AUDIOVISUAL,2018,OpenSubtitles2018 via FrequencyWords processing,CC BY-SA 4.0 content,ALLOWED_WITH_ATTRIBUTION_AND_SHAREALIKE_BOUNDARY,NONE,NO_UNIGRAM_INFERENCE_FOR_MWU,https://github.com/hermitdave/FrequencyWords/blob/master/content/2018/es/es_50k.txt,https://github.com/hermitdave/FrequencyWords,A unigram frequency list cannot estimate MWU frequency by summing component-word counts.,1.32
12B1-MWU-0002,carné de identidad,MWU_CHUNK,CORP-18,FrequencyWords / OpenSubtitles2018 Spanish 50k,FrequencyWords content/2018/es/es_50k.txt (OpenSubtitles2018-derived),MWU_NOT_MEASURABLE_FROM_UNIGRAM_LIST,NOT_APPLICABLE_UNIGRAM_SOURCE,,,NOT_APPLICABLE_UNIGRAM_SOURCE,NOT_APPLICABLE_UNIGRAM_SOURCE,2026-09-04,,,,,NONE_OR_NOT_ANNOTATED_IN_THIS_PASS,FULL_SOURCE_TYPE_REVIEWED_UNIGRAM_ONLY,,,SUBTITLE_AUDIOVISUAL,2018,OpenSubtitles2018 via FrequencyWords processing,CC BY-SA 4.0 content,ALLOWED_WITH_ATTRIBUTION_AND_SHAREALIKE_BOUNDARY,NONE,NO_UNIGRAM_INFERENCE_FOR_MWU,https://github.com/hermitdave/FrequencyWords/blob/master/content/2018/es/es_50k.txt,https://github.com/hermitdave/FrequencyWords,A unigram frequency list cannot estimate MWU frequency by summing component-word counts.,1.32
12B1-MWU-0003,correo electrónico,MWU_CHUNK,CORP-18,FrequencyWords / OpenSubtitles2018 Spanish 50k,FrequencyWords content/2018/es/es_50k.txt (OpenSubtitles2018-derived),MWU_NOT_MEASURABLE_FROM_UNIGRAM_LIST,NOT_APPLICABLE_UNIGRAM_SOURCE,,,NOT_APPLICABLE_UNIGRAM_SOURCE,NOT_APPLICABLE_UNIGRAM_SOURCE,2026-09-04,,,,,NONE_OR_NOT_ANNOTATED_IN_THIS_PASS,FULL_SOURCE_TYPE_REVIEWED_UNIGRAM_ONLY,,,SUBTITLE_AUDIOVISUAL,2018,OpenSubtitles2018 via FrequencyWords processing,CC BY-SA 4.0 content,ALLOWED_WITH_ATTRIBUTION_AND_SHAREALIKE_BOUNDARY,NONE,NO_UNIGRAM_INFERENCE_FOR_MWU,https://github.com/hermitdave/FrequencyWords/blob/master/content/2018/es/es_50k.txt,https://github.com/hermitdave/FrequencyWords,A unigram frequency list cannot estimate MWU frequency by summing component-word counts.,1.32
12B1-MWU-0004,código postal,MWU_CHUNK,CORP-18,FrequencyWords / OpenSubtitles2018 Spanish 50k,FrequencyWords content/2018/es/es_50k.txt (OpenSubtitles2018-derived),MWU_NOT_MEASURABLE_FROM_UNIGRAM_LIST,NOT_APPLICABLE_UNIGRAM_SOURCE,,,NOT_APPLICABLE_UNIGRAM_SOURCE,NOT_APPLICABLE_UNIGRAM_SOURCE,2026-09-04,,,,,NONE_OR_NOT_ANNOTATED_IN_THIS_PASS,FULL_SOURCE_TYPE_REVIEWED_UNIGRAM_ONLY,,,SUBTITLE_AUDIOVISUAL,2018,OpenSubtitles2018 via FrequencyWords processing,CC BY-SA 4.0 content,ALLOWED_WITH_ATTRIBUTION_AND_SHAREALIKE_BOUNDARY,NONE,NO_UNIGRAM_INFERENCE_FOR_MWU,https://github.com/hermitdave/FrequencyWords/blob/master/content/2018/es/es_50k.txt,https://github.com/hermitdave/FrequencyWords,A unigram frequency list cannot estimate MWU frequency by summing component-word counts.,1.32
12B1-MWU-0005,estado civil,MWU_CHUNK,CORP-18,FrequencyWords / OpenSubtitles2018 Spanish 50k,FrequencyWords content/2018/es/es_50k.txt (OpenSubtitles2018-derived),MWU_NOT_MEASURABLE_FROM_UNIGRAM_LIST,NOT_APPLICABLE_UNIGRAM_SOURCE,,,NOT_APPLICABLE_UNIGRAM_SOURCE,NOT_APPLICABLE_UNIGRAM_SOURCE,2026-09-04,,,,,NONE_OR_NOT_ANNOTATED_IN_THIS_PASS,FULL_SOURCE_TYPE_REVIEWED_UNIGRAM_ONLY,,,SUBTITLE_AUDIOVISUAL,2018,OpenSubtitles2018 via FrequencyWords processing,CC BY-SA 4.0 content,ALLOWED_WITH_ATTRIBUTION_AND_SHAREALIKE_BOUNDARY,NONE,NO_UNIGRAM_INFERENCE_FOR_MWU,https://github.com/hermitdave/FrequencyWords/blob/master/content/2018/es/es_50k.txt,https://github.com/hermitdave/FrequencyWords,A unigram frequency list cannot estimate MWU frequency by summing component-word counts.,1.32
12B1-MWU-0006,fecha de nacimiento,MWU_CHUNK,CORP-18,FrequencyWords / OpenSubtitles2018 Spanish 50k,FrequencyWords content/2018/es/es_50k.txt (OpenSubtitles2018-derived),MWU_NOT_MEASURABLE_FROM_UNIGRAM_LIST,NOT_APPLICABLE_UNIGRAM_SOURCE,,,NOT_APPLICABLE_UNIGRAM_SOURCE,NOT_APPLICABLE_UNIGRAM_SOURCE,2026-09-04,,,,,NONE_OR_NOT_ANNOTATED_IN_THIS_PASS,FULL_SOURCE_TYPE_REVIEWED_UNIGRAM_ONLY,,,SUBTITLE_AUDIOVISUAL,2018,OpenSubtitles2018 via FrequencyWords processing,CC BY-SA 4.0 content,ALLOWED_WITH_ATTRIBUTION_AND_SHAREALIKE_BOUNDARY,NONE,NO_UNIGRAM_INFERENCE_FOR_MWU,https://github.com/hermitdave/FrequencyWords/blob/master/content/2018/es/es_50k.txt,https://github.com/hermitdave/FrequencyWords,A unigram frequency list cannot estimate MWU frequency by summing component-word counts.,1.32
12B1-MWU-0007,lugar de nacimiento,MWU_CHUNK,CORP-18,FrequencyWords / OpenSubtitles2018 Spanish 50k,FrequencyWords content/2018/es/es_50k.txt (OpenSubtitles2018-derived),MWU_NOT_MEASURABLE_FROM_UNIGRAM_LIST,NOT_APPLICABLE_UNIGRAM_SOURCE,,,NOT_APPLICABLE_UNIGRAM_SOURCE,NOT_APPLICABLE_UNIGRAM_SOURCE,2026-09-04,,,,,NONE_OR_NOT_ANNOTATED_IN_THIS_PASS,FULL_SOURCE_TYPE_REVIEWED_UNIGRAM_ONLY,,,SUBTITLE_AUDIOVISUAL,2018,OpenSubtitles2018 via FrequencyWords processing,CC BY-SA 4.0 content,ALLOWED_WITH_ATTRIBUTION_AND_SHAREALIKE_BOUNDARY,NONE,NO_UNIGRAM_INFERENCE_FOR_MWU,https://github.com/hermitdave/FrequencyWords/blob/master/content/2018/es/es_50k.txt,https://github.com/hermitdave/FrequencyWords,A unigram frequency list cannot estimate MWU frequency by summing component-word counts.,1.32
12B1-MWU-0008,número de teléfono,MWU_CHUNK,CORP-18,FrequencyWords / OpenSubtitles2018 Spanish 50k,FrequencyWords content/2018/es/es_50k.txt (OpenSubtitles2018-derived),MWU_NOT_MEASURABLE_FROM_UNIGRAM_LIST,NOT_APPLICABLE_UNIGRAM_SOURCE,,,NOT_APPLICABLE_UNIGRAM_SOURCE,NOT_APPLICABLE_UNIGRAM_SOURCE,2026-09-04,,,,,NONE_OR_NOT_ANNOTATED_IN_THIS_PASS,FULL_SOURCE_TYPE_REVIEWED_UNIGRAM_ONLY,,,SUBTITLE_AUDIOVISUAL,2018,OpenSubtitles2018 via FrequencyWords processing,CC BY-SA 4.0 content,ALLOWED_WITH_ATTRIBUTION_AND_SHAREALIKE_BOUNDARY,NONE,NO_UNIGRAM_INFERENCE_FOR_MWU,https://github.com/hermitdave/FrequencyWords/blob/master/content/2018/es/es_50k.txt,https://github.com/hermitdave/FrequencyWords,A unigram frequency list cannot estimate MWU frequency by summing component-word counts.,1.32
12B1-MWU-0009,tarjeta de crédito,MWU_CHUNK,CORP-18,FrequencyWords / OpenSubtitles2018 Spanish 50k,FrequencyWords content/2018/es/es_50k.txt (OpenSubtitles2018-derived),MWU_NOT_MEASURABLE_FROM_UNIGRAM_LIST,NOT_APPLICABLE_UNIGRAM_SOURCE,,,NOT_APPLICABLE_UNIGRAM_SOURCE,NOT_APPLICABLE_UNIGRAM_SOURCE,2026-09-04,,,,,NONE_OR_NOT_ANNOTATED_IN_THIS_PASS,FULL_SOURCE_TYPE_REVIEWED_UNIGRAM_ONLY,,,SUBTITLE_AUDIOVISUAL,2018,OpenSubtitles2018 via FrequencyWords processing,CC BY-SA 4.0 content,ALLOWED_WITH_ATTRIBUTION_AND_SHAREALIKE_BOUNDARY,NONE,NO_UNIGRAM_INFERENCE_FOR_MWU,https://github.com/hermitdave/FrequencyWords/blob/master/content/2018/es/es_50k.txt,https://github.com/hermitdave/FrequencyWords,A unigram frequency list cannot estimate MWU frequency by summing component-word counts.,1.32
12B1-MWU-0010,agua con gas,MWU_CHUNK,CORP-18,FrequencyWords / OpenSubtitles2018 Spanish 50k,FrequencyWords content/2018/es/es_50k.txt (OpenSubtitles2018-derived),MWU_NOT_MEASURABLE_FROM_UNIGRAM_LIST,NOT_APPLICABLE_UNIGRAM_SOURCE,,,NOT_APPLICABLE_UNIGRAM_SOURCE,NOT_APPLICABLE_UNIGRAM_SOURCE,2026-09-04,,,,,NONE_OR_NOT_ANNOTATED_IN_THIS_PASS,FULL_SOURCE_TYPE_REVIEWED_UNIGRAM_ONLY,,,SUBTITLE_AUDIOVISUAL,2018,OpenSubtitles2018 via FrequencyWords processing,CC BY-SA 4.0 content,ALLOWED_WITH_ATTRIBUTION_AND_SHAREALIKE_BOUNDARY,NONE,NO_UNIGRAM_INFERENCE_FOR_MWU,https://github.com/hermitdave/FrequencyWords/blob/master/content/2018/es/es_50k.txt,https://github.com/hermitdave/FrequencyWords,A unigram frequency list cannot estimate MWU frequency by summing component-word counts.,1.32
12B1-MWU-0011,agua mineral,MWU_CHUNK,CORP-18,FrequencyWords / OpenSubtitles2018 Spanish 50k,FrequencyWords content/2018/es/es_50k.txt (OpenSubtitles2018-derived),MWU_NOT_MEASURABLE_FROM_UNIGRAM_LIST,NOT_APPLICABLE_UNIGRAM_SOURCE,,,NOT_APPLICABLE_UNIGRAM_SOURCE,NOT_APPLICABLE_UNIGRAM_SOURCE,2026-09-04,,,,,NONE_OR_NOT_ANNOTATED_IN_THIS_PASS,FULL_SOURCE_TYPE_REVIEWED_UNIGRAM_ONLY,,,SUBTITLE_AUDIOVISUAL,2018,OpenSubtitles2018 via FrequencyWords processing,CC BY-SA 4.0 content,ALLOWED_WITH_ATTRIBUTION_AND_SHAREALIKE_BOUNDARY,NONE,NO_UNIGRAM_INFERENCE_FOR_MWU,https://github.com/hermitdave/FrequencyWords/blob/master/content/2018/es/es_50k.txt,https://github.com/hermitdave/FrequencyWords,A unigram frequency list cannot estimate MWU frequency by summing component-word counts.,1.32
12B1-MWU-0012,agua sin gas,MWU_CHUNK,CORP-18,FrequencyWords / OpenSubtitles2018 Spanish 50k,FrequencyWords content/2018/es/es_50k.txt (OpenSubtitles2018-derived),MWU_NOT_MEASURABLE_FROM_UNIGRAM_LIST,NOT_APPLICABLE_UNIGRAM_SOURCE,,,NOT_APPLICABLE_UNIGRAM_SOURCE,NOT_APPLICABLE_UNIGRAM_SOURCE,2026-09-04,,,,,NONE_OR_NOT_ANNOTATED_IN_THIS_PASS,FULL_SOURCE_TYPE_REVIEWED_UNIGRAM_ONLY,,,SUBTITLE_AUDIOVISUAL,2018,OpenSubtitles2018 via FrequencyWords processing,CC BY-SA 4.0 content,ALLOWED_WITH_ATTRIBUTION_AND_SHAREALIKE_BOUNDARY,NONE,NO_UNIGRAM_INFERENCE_FOR_MWU,https://github.com/hermitdave/FrequencyWords/blob/master/content/2018/es/es_50k.txt,https://github.com/hermitdave/FrequencyWords,A unigram frequency list cannot estimate MWU frequency by summing component-word counts.,1.32
12B1-MWU-0013,café con leche,MWU_CHUNK,CORP-18,FrequencyWords / OpenSubtitles2018 Spanish 50k,FrequencyWords content/2018/es/es_50k.txt (OpenSubtitles2018-derived),MWU_NOT_MEASURABLE_FROM_UNIGRAM_LIST,NOT_APPLICABLE_UNIGRAM_SOURCE,,,NOT_APPLICABLE_UNIGRAM_SOURCE,NOT_APPLICABLE_UNIGRAM_SOURCE,2026-09-04,,,,,NONE_OR_NOT_ANNOTATED_IN_THIS_PASS,FULL_SOURCE_TYPE_REVIEWED_UNIGRAM_ONLY,,,SUBTITLE_AUDIOVISUAL,2018,OpenSubtitles2018 via FrequencyWords processing,CC BY-SA 4.0 content,ALLOWED_WITH_ATTRIBUTION_AND_SHAREALIKE_BOUNDARY,NONE,NO_UNIGRAM_INFERENCE_FOR_MWU,https://github.com/hermitdave/FrequencyWords/blob/master/content/2018/es/es_50k.txt,https://github.com/hermitdave/FrequencyWords,A unigram frequency list cannot estimate MWU frequency by summing component-word counts.,1.32
12B1-MWU-0014,café cortado,MWU_CHUNK,CORP-18,FrequencyWords / OpenSubtitles2018 Spanish 50k,FrequencyWords content/2018/es/es_50k.txt (OpenSubtitles2018-derived),MWU_NOT_MEASURABLE_FROM_UNIGRAM_LIST,NOT_APPLICABLE_UNIGRAM_SOURCE,,,NOT_APPLICABLE_UNIGRAM_SOURCE,NOT_APPLICABLE_UNIGRAM_SOURCE,2026-09-04,,,,,NONE_OR_NOT_ANNOTATED_IN_THIS_PASS,FULL_SOURCE_TYPE_REVIEWED_UNIGRAM_ONLY,,,SUBTITLE_AUDIOVISUAL,2018,OpenSubtitles2018 via FrequencyWords processing,CC BY-SA 4.0 content,ALLOWED_WITH_ATTRIBUTION_AND_SHAREALIKE_BOUNDARY,NONE,NO_UNIGRAM_INFERENCE_FOR_MWU,https://github.com/hermitdave/FrequencyWords/blob/master/content/2018/es/es_50k.txt,https://github.com/hermitdave/FrequencyWords,A unigram frequency list cannot estimate MWU frequency by summing component-word counts.,1.32
12B1-MWU-0015,café solo,MWU_CHUNK,CORP-18,FrequencyWords / OpenSubtitles2018 Spanish 50k,FrequencyWords content/2018/es/es_50k.txt (OpenSubtitles2018-derived),MWU_NOT_MEASURABLE_FROM_UNIGRAM_LIST,NOT_APPLICABLE_UNIGRAM_SOURCE,,,NOT_APPLICABLE_UNIGRAM_SOURCE,NOT_APPLICABLE_UNIGRAM_SOURCE,2026-09-04,,,,,NONE_OR_NOT_ANNOTATED_IN_THIS_PASS,FULL_SOURCE_TYPE_REVIEWED_UNIGRAM_ONLY,,,SUBTITLE_AUDIOVISUAL,2018,OpenSubtitles2018 via FrequencyWords processing,CC BY-SA 4.0 content,ALLOWED_WITH_ATTRIBUTION_AND_SHAREALIKE_BOUNDARY,NONE,NO_UNIGRAM_INFERENCE_FOR_MWU,https://github.com/hermitdave/FrequencyWords/blob/master/content/2018/es/es_50k.txt,https://github.com/hermitdave/FrequencyWords,A unigram frequency list cannot estimate MWU frequency by summing component-word counts.,1.32
12B1-MWU-0016,primer plato,MWU_CHUNK,CORP-18,FrequencyWords / OpenSubtitles2018 Spanish 50k,FrequencyWords content/2018/es/es_50k.txt (OpenSubtitles2018-derived),MWU_NOT_MEASURABLE_FROM_UNIGRAM_LIST,NOT_APPLICABLE_UNIGRAM_SOURCE,,,NOT_APPLICABLE_UNIGRAM_SOURCE,NOT_APPLICABLE_UNIGRAM_SOURCE,2026-09-04,,,,,NONE_OR_NOT_ANNOTATED_IN_THIS_PASS,FULL_SOURCE_TYPE_REVIEWED_UNIGRAM_ONLY,,,SUBTITLE_AUDIOVISUAL,2018,OpenSubtitles2018 via FrequencyWords processing,CC BY-SA 4.0 content,ALLOWED_WITH_ATTRIBUTION_AND_SHAREALIKE_BOUNDARY,NONE,NO_UNIGRAM_INFERENCE_FOR_MWU,https://github.com/hermitdave/FrequencyWords/blob/master/content/2018/es/es_50k.txt,https://github.com/hermitdave/FrequencyWords,A unigram frequency list cannot estimate MWU frequency by summing component-word counts.,1.32
12B1-MWU-0017,segundo plato,MWU_CHUNK,CORP-18,FrequencyWords / OpenSubtitles2018 Spanish 50k,FrequencyWords content/2018/es/es_50k.txt (OpenSubtitles2018-derived),MWU_NOT_MEASURABLE_FROM_UNIGRAM_LIST,NOT_APPLICABLE_UNIGRAM_SOURCE,,,NOT_APPLICABLE_UNIGRAM_SOURCE,NOT_APPLICABLE_UNIGRAM_SOURCE,2026-09-04,,,,,NONE_OR_NOT_ANNOTATED_IN_THIS_PASS,FULL_SOURCE_TYPE_REVIEWED_UNIGRAM_ONLY,,,SUBTITLE_AUDIOVISUAL,2018,OpenSubtitles2018 via FrequencyWords processing,CC BY-SA 4.0 content,ALLOWED_WITH_ATTRIBUTION_AND_SHAREALIKE_BOUNDARY,NONE,NO_UNIGRAM_INFERENCE_FOR_MWU,https://github.com/hermitdave/FrequencyWords/blob/master/content/2018/es/es_50k.txt,https://github.com/hermitdave/FrequencyWords,A unigram frequency list cannot estimate MWU frequency by summing component-word counts.,1.32
12B1-MWU-0018,vino blanco,MWU_CHUNK,CORP-18,FrequencyWords / OpenSubtitles2018 Spanish 50k,FrequencyWords content/2018/es/es_50k.txt (OpenSubtitles2018-derived),MWU_NOT_MEASURABLE_FROM_UNIGRAM_LIST,NOT_APPLICABLE_UNIGRAM_SOURCE,,,NOT_APPLICABLE_UNIGRAM_SOURCE,NOT_APPLICABLE_UNIGRAM_SOURCE,2026-09-04,,,,,NONE_OR_NOT_ANNOTATED_IN_THIS_PASS,FULL_SOURCE_TYPE_REVIEWED_UNIGRAM_ONLY,,,SUBTITLE_AUDIOVISUAL,2018,OpenSubtitles2018 via FrequencyWords processing,CC BY-SA 4.0 content,ALLOWED_WITH_ATTRIBUTION_AND_SHAREALIKE_BOUNDARY,NONE,NO_UNIGRAM_INFERENCE_FOR_MWU,https://github.com/hermitdave/FrequencyWords/blob/master/content/2018/es/es_50k.txt,https://github.com/hermitdave/FrequencyWords,A unigram frequency list cannot estimate MWU frequency by summing component-word counts.,1.32
12B1-MWU-0019,vino tinto,MWU_CHUNK,CORP-18,FrequencyWords / OpenSubtitles2018 Spanish 50k,FrequencyWords content/2018/es/es_50k.txt (OpenSubtitles2018-derived),MWU_NOT_MEASURABLE_FROM_UNIGRAM_LIST,NOT_APPLICABLE_UNIGRAM_SOURCE,,,NOT_APPLICABLE_UNIGRAM_SOURCE,NOT_APPLICABLE_UNIGRAM_SOURCE,2026-09-04,,,,,NONE_OR_NOT_ANNOTATED_IN_THIS_PASS,FULL_SOURCE_TYPE_REVIEWED_UNIGRAM_ONLY,,,SUBTITLE_AUDIOVISUAL,2018,OpenSubtitles2018 via FrequencyWords processing,CC BY-SA 4.0 content,ALLOWED_WITH_ATTRIBUTION_AND_SHAREALIKE_BOUNDARY,NONE,NO_UNIGRAM_INFERENCE_FOR_MWU,https://github.com/hermitdave/FrequencyWords/blob/master/content/2018/es/es_50k.txt,https://github.com/hermitdave/FrequencyWords,A unigram frequency list cannot estimate MWU frequency by summing component-word counts.,1.32
12B1-MWU-0020,clase de español,MWU_CHUNK,CORP-18,FrequencyWords / OpenSubtitles2018 Spanish 50k,FrequencyWords content/2018/es/es_50k.txt (OpenSubtitles2018-derived),MWU_NOT_MEASURABLE_FROM_UNIGRAM_LIST,NOT_APPLICABLE_UNIGRAM_SOURCE,,,NOT_APPLICABLE_UNIGRAM_SOURCE,NOT_APPLICABLE_UNIGRAM_SOURCE,2026-09-04,,,,,NONE_OR_NOT_ANNOTATED_IN_THIS_PASS,FULL_SOURCE_TYPE_REVIEWED_UNIGRAM_ONLY,,,SUBTITLE_AUDIOVISUAL,2018,OpenSubtitles2018 via FrequencyWords processing,CC BY-SA 4.0 content,ALLOWED_WITH_ATTRIBUTION_AND_SHAREALIKE_BOUNDARY,NONE,NO_UNIGRAM_INFERENCE_FOR_MWU,https://github.com/hermitdave/FrequencyWords/blob/master/content/2018/es/es_50k.txt,https://github.com/hermitdave/FrequencyWords,A unigram frequency list cannot estimate MWU frequency by summing component-word counts.,1.32
12B1-MWU-0021,clase de historia,MWU_CHUNK,CORP-18,FrequencyWords / OpenSubtitles2018 Spanish 50k,FrequencyWords content/2018/es/es_50k.txt (OpenSubtitles2018-derived),MWU_NOT_MEASURABLE_FROM_UNIGRAM_LIST,NOT_APPLICABLE_UNIGRAM_SOURCE,,,NOT_APPLICABLE_UNIGRAM_SOURCE,NOT_APPLICABLE_UNIGRAM_SOURCE,2026-09-04,,,,,NONE_OR_NOT_ANNOTATED_IN_THIS_PASS,FULL_SOURCE_TYPE_REVIEWED_UNIGRAM_ONLY,,,SUBTITLE_AUDIOVISUAL,2018,OpenSubtitles2018 via FrequencyWords processing,CC BY-SA 4.0 content,ALLOWED_WITH_ATTRIBUTION_AND_SHAREALIKE_BOUNDARY,NONE,NO_UNIGRAM_INFERENCE_FOR_MWU,https://github.com/hermitdave/FrequencyWords/blob/master/content/2018/es/es_50k.txt,https://github.com/hermitdave/FrequencyWords,A unigram frequency list cannot estimate MWU frequency by summing component-word counts.,1.32
12B1-MWU-0022,clase de matemáticas,MWU_CHUNK,CORP-18,FrequencyWords / OpenSubtitles2018 Spanish 50k,FrequencyWords content/2018/es/es_50k.txt (OpenSubtitles2018-derived),MWU_NOT_MEASURABLE_FROM_UNIGRAM_LIST,NOT_APPLICABLE_UNIGRAM_SOURCE,,,NOT_APPLICABLE_UNIGRAM_SOURCE,NOT_APPLICABLE_UNIGRAM_SOURCE,2026-09-04,,,,,NONE_OR_NOT_ANNOTATED_IN_THIS_PASS,FULL_SOURCE_TYPE_REVIEWED_UNIGRAM_ONLY,,,SUBTITLE_AUDIOVISUAL,2018,OpenSubtitles2018 via FrequencyWords processing,CC BY-SA 4.0 content,ALLOWED_WITH_ATTRIBUTION_AND_SHAREALIKE_BOUNDARY,NONE,NO_UNIGRAM_INFERENCE_FOR_MWU,https://github.com/hermitdave/FrequencyWords/blob/master/content/2018/es/es_50k.txt,https://github.com/hermitdave/FrequencyWords,A unigram frequency list cannot estimate MWU frequency by summing component-word counts.,1.32
12B1-MWU-0023,en grupos,MWU_CHUNK,CORP-18,FrequencyWords / OpenSubtitles2018 Spanish 50k,FrequencyWords content/2018/es/es_50k.txt (OpenSubtitles2018-derived),MWU_NOT_MEASURABLE_FROM_UNIGRAM_LIST,NOT_APPLICABLE_UNIGRAM_SOURCE,,,NOT_APPLICABLE_UNIGRAM_SOURCE,NOT_APPLICABLE_UNIGRAM_SOURCE,2026-09-04,,,,,NONE_OR_NOT_ANNOTATED_IN_THIS_PASS,FULL_SOURCE_TYPE_REVIEWED_UNIGRAM_ONLY,,,SUBTITLE_AUDIOVISUAL,2018,OpenSubtitles2018 via FrequencyWords processing,CC BY-SA 4.0 content,ALLOWED_WITH_ATTRIBUTION_AND_SHAREALIKE_BOUNDARY,NONE,NO_UNIGRAM_INFERENCE_FOR_MWU,https://github.com/hermitdave/FrequencyWords/blob/master/content/2018/es/es_50k.txt,https://github.com/hermitdave/FrequencyWords,A unigram frequency list cannot estimate MWU frequency by summing component-word counts.,1.32
12B1-MWU-0024,en parejas,MWU_CHUNK,CORP-18,FrequencyWords / OpenSubtitles2018 Spanish 50k,FrequencyWords content/2018/es/es_50k.txt (OpenSubtitles2018-derived),MWU_NOT_MEASURABLE_FROM_UNIGRAM_LIST,NOT_APPLICABLE_UNIGRAM_SOURCE,,,NOT_APPLICABLE_UNIGRAM_SOURCE,NOT_APPLICABLE_UNIGRAM_SOURCE,2026-09-04,,,,,NONE_OR_NOT_ANNOTATED_IN_THIS_PASS,FULL_SOURCE_TYPE_REVIEWED_UNIGRAM_ONLY,,,SUBTITLE_AUDIOVISUAL,2018,OpenSubtitles2018 via FrequencyWords processing,CC BY-SA 4.0 content,ALLOWED_WITH_ATTRIBUTION_AND_SHAREALIKE_BOUNDARY,NONE,NO_UNIGRAM_INFERENCE_FOR_MWU,https://github.com/hermitdave/FrequencyWords/blob/master/content/2018/es/es_50k.txt,https://github.com/hermitdave/FrequencyWords,A unigram frequency list cannot estimate MWU frequency by summing component-word counts.,1.32
12B1-MWU-0025,hacer los deberes,MWU_CHUNK,CORP-18,FrequencyWords / OpenSubtitles2018 Spanish 50k,FrequencyWords content/2018/es/es_50k.txt (OpenSubtitles2018-derived),MWU_NOT_MEASURABLE_FROM_UNIGRAM_LIST,NOT_APPLICABLE_UNIGRAM_SOURCE,,,NOT_APPLICABLE_UNIGRAM_SOURCE,NOT_APPLICABLE_UNIGRAM_SOURCE,2026-09-04,,,,,NONE_OR_NOT_ANNOTATED_IN_THIS_PASS,FULL_SOURCE_TYPE_REVIEWED_UNIGRAM_ONLY,,,SUBTITLE_AUDIOVISUAL,2018,OpenSubtitles2018 via FrequencyWords processing,CC BY-SA 4.0 content,ALLOWED_WITH_ATTRIBUTION_AND_SHAREALIKE_BOUNDARY,NONE,NO_UNIGRAM_INFERENCE_FOR_MWU,https://github.com/hermitdave/FrequencyWords/blob/master/content/2018/es/es_50k.txt,https://github.com/hermitdave/FrequencyWords,A unigram frequency list cannot estimate MWU frequency by summing component-word counts.,1.32
12B1-MWU-0026,hacer un ejercicio,MWU_CHUNK,CORP-18,FrequencyWords / OpenSubtitles2018 Spanish 50k,FrequencyWords content/2018/es/es_50k.txt (OpenSubtitles2018-derived),MWU_NOT_MEASURABLE_FROM_UNIGRAM_LIST,NOT_APPLICABLE_UNIGRAM_SOURCE,,,NOT_APPLICABLE_UNIGRAM_SOURCE,NOT_APPLICABLE_UNIGRAM_SOURCE,2026-09-04,,,,,NONE_OR_NOT_ANNOTATED_IN_THIS_PASS,FULL_SOURCE_TYPE_REVIEWED_UNIGRAM_ONLY,,,SUBTITLE_AUDIOVISUAL,2018,OpenSubtitles2018 via FrequencyWords processing,CC BY-SA 4.0 content,ALLOWED_WITH_ATTRIBUTION_AND_SHAREALIKE_BOUNDARY,NONE,NO_UNIGRAM_INFERENCE_FOR_MWU,https://github.com/hermitdave/FrequencyWords/blob/master/content/2018/es/es_50k.txt,https://github.com/hermitdave/FrequencyWords,A unigram frequency list cannot estimate MWU frequency by summing component-word counts.,1.32
12B1-MWU-0027,hacer un examen,MWU_CHUNK,CORP-18,FrequencyWords / OpenSubtitles2018 Spanish 50k,FrequencyWords content/2018/es/es_50k.txt (OpenSubtitles2018-derived),MWU_NOT_MEASURABLE_FROM_UNIGRAM_LIST,NOT_APPLICABLE_UNIGRAM_SOURCE,,,NOT_APPLICABLE_UNIGRAM_SOURCE,NOT_APPLICABLE_UNIGRAM_SOURCE,2026-09-04,,,,,NONE_OR_NOT_ANNOTATED_IN_THIS_PASS,FULL_SOURCE_TYPE_REVIEWED_UNIGRAM_ONLY,,,SUBTITLE_AUDIOVISUAL,2018,OpenSubtitles2018 via FrequencyWords processing,CC BY-SA 4.0 content,ALLOWED_WITH_ATTRIBUTION_AND_SHAREALIKE_BOUNDARY,NONE,NO_UNIGRAM_INFERENCE_FOR_MWU,https://github.com/hermitdave/FrequencyWords/blob/master/content/2018/es/es_50k.txt,https://github.com/hermitdave/FrequencyWords,A unigram frequency list cannot estimate MWU frequency by summing component-word counts.,1.32
12B1-MWU-0028,hacer una actividad,MWU_CHUNK,CORP-18,FrequencyWords / OpenSubtitles2018 Spanish 50k,FrequencyWords content/2018/es/es_50k.txt (OpenSubtitles2018-derived),MWU_NOT_MEASURABLE_FROM_UNIGRAM_LIST,NOT_APPLICABLE_UNIGRAM_SOURCE,,,NOT_APPLICABLE_UNIGRAM_SOURCE,NOT_APPLICABLE_UNIGRAM_SOURCE,2026-09-04,,,,,NONE_OR_NOT_ANNOTATED_IN_THIS_PASS,FULL_SOURCE_TYPE_REVIEWED_UNIGRAM_ONLY,,,SUBTITLE_AUDIOVISUAL,2018,OpenSubtitles2018 via FrequencyWords processing,CC BY-SA 4.0 content,ALLOWED_WITH_ATTRIBUTION_AND_SHAREALIKE_BOUNDARY,NONE,NO_UNIGRAM_INFERENCE_FOR_MWU,https://github.com/hermitdave/FrequencyWords/blob/master/content/2018/es/es_50k.txt,https://github.com/hermitdave/FrequencyWords,A unigram frequency list cannot estimate MWU frequency by summing component-word counts.,1.32
12B1-MWU-0029,ir a clase,MWU_CHUNK,CORP-18,FrequencyWords / OpenSubtitles2018 Spanish 50k,FrequencyWords content/2018/es/es_50k.txt (OpenSubtitles2018-derived),MWU_NOT_MEASURABLE_FROM_UNIGRAM_LIST,NOT_APPLICABLE_UNIGRAM_SOURCE,,,NOT_APPLICABLE_UNIGRAM_SOURCE,NOT_APPLICABLE_UNIGRAM_SOURCE,2026-09-04,,,,,NONE_OR_NOT_ANNOTATED_IN_THIS_PASS,FULL_SOURCE_TYPE_REVIEWED_UNIGRAM_ONLY,,,SUBTITLE_AUDIOVISUAL,2018,OpenSubtitles2018 via FrequencyWords processing,CC BY-SA 4.0 content,ALLOWED_WITH_ATTRIBUTION_AND_SHAREALIKE_BOUNDARY,NONE,NO_UNIGRAM_INFERENCE_FOR_MWU,https://github.com/hermitdave/FrequencyWords/blob/master/content/2018/es/es_50k.txt,https://github.com/hermitdave/FrequencyWords,A unigram frequency list cannot estimate MWU frequency by summing component-word counts.,1.32
12B1-MWU-0030,tener un examen,MWU_CHUNK,CORP-18,FrequencyWords / OpenSubtitles2018 Spanish 50k,FrequencyWords content/2018/es/es_50k.txt (OpenSubtitles2018-derived),MWU_NOT_MEASURABLE_FROM_UNIGRAM_LIST,NOT_APPLICABLE_UNIGRAM_SOURCE,,,NOT_APPLICABLE_UNIGRAM_SOURCE,NOT_APPLICABLE_UNIGRAM_SOURCE,2026-09-04,,,,,NONE_OR_NOT_ANNOTATED_IN_THIS_PASS,FULL_SOURCE_TYPE_REVIEWED_UNIGRAM_ONLY,,,SUBTITLE_AUDIOVISUAL,2018,OpenSubtitles2018 via FrequencyWords processing,CC BY-SA 4.0 content,ALLOWED_WITH_ATTRIBUTION_AND_SHAREALIKE_BOUNDARY,NONE,NO_UNIGRAM_INFERENCE_FOR_MWU,https://github.com/hermitdave/FrequencyWords/blob/master/content/2018/es/es_50k.txt,https://github.com/hermitdave/FrequencyWords,A unigram frequency list cannot estimate MWU frequency by summing component-word counts.,1.32
12B1-MWU-0031,ama de casa,MWU_CHUNK,CORP-18,FrequencyWords / OpenSubtitles2018 Spanish 50k,FrequencyWords content/2018/es/es_50k.txt (OpenSubtitles2018-derived),MWU_NOT_MEASURABLE_FROM_UNIGRAM_LIST,NOT_APPLICABLE_UNIGRAM_SOURCE,,,NOT_APPLICABLE_UNIGRAM_SOURCE,NOT_APPLICABLE_UNIGRAM_SOURCE,2026-09-04,,,,,NONE_OR_NOT_ANNOTATED_IN_THIS_PASS,FULL_SOURCE_TYPE_REVIEWED_UNIGRAM_ONLY,,,SUBTITLE_AUDIOVISUAL,2018,OpenSubtitles2018 via FrequencyWords processing,CC BY-SA 4.0 content,ALLOWED_WITH_ATTRIBUTION_AND_SHAREALIKE_BOUNDARY,NONE,NO_UNIGRAM_INFERENCE_FOR_MWU,https://github.com/hermitdave/FrequencyWords/blob/master/content/2018/es/es_50k.txt,https://github.com/hermitdave/FrequencyWords,A unigram frequency list cannot estimate MWU frequency by summing component-word counts.,1.32
12B1-MWU-0032,dedicarse a,MWU_CHUNK,CORP-18,FrequencyWords / OpenSubtitles2018 Spanish 50k,FrequencyWords content/2018/es/es_50k.txt (OpenSubtitles2018-derived),MWU_NOT_MEASURABLE_FROM_UNIGRAM_LIST,NOT_APPLICABLE_UNIGRAM_SOURCE,,,NOT_APPLICABLE_UNIGRAM_SOURCE,NOT_APPLICABLE_UNIGRAM_SOURCE,2026-09-04,,,,,NONE_OR_NOT_ANNOTATED_IN_THIS_PASS,FULL_SOURCE_TYPE_REVIEWED_UNIGRAM_ONLY,,,SUBTITLE_AUDIOVISUAL,2018,OpenSubtitles2018 via FrequencyWords processing,CC BY-SA 4.0 content,ALLOWED_WITH_ATTRIBUTION_AND_SHAREALIKE_BOUNDARY,NONE,NO_UNIGRAM_INFERENCE_FOR_MWU,https://github.com/hermitdave/FrequencyWords/blob/master/content/2018/es/es_50k.txt,https://github.com/hermitdave/FrequencyWords,A unigram frequency list cannot estimate MWU frequency by summing component-word counts.,1.32
12B1-MWU-0033,estar en paro,MWU_CHUNK,CORP-18,FrequencyWords / OpenSubtitles2018 Spanish 50k,FrequencyWords content/2018/es/es_50k.txt (OpenSubtitles2018-derived),MWU_NOT_MEASURABLE_FROM_UNIGRAM_LIST,NOT_APPLICABLE_UNIGRAM_SOURCE,,,NOT_APPLICABLE_UNIGRAM_SOURCE,NOT_APPLICABLE_UNIGRAM_SOURCE,2026-09-04,,,,,NONE_OR_NOT_ANNOTATED_IN_THIS_PASS,FULL_SOURCE_TYPE_REVIEWED_UNIGRAM_ONLY,,,SUBTITLE_AUDIOVISUAL,2018,OpenSubtitles2018 via FrequencyWords processing,CC BY-SA 4.0 content,ALLOWED_WITH_ATTRIBUTION_AND_SHAREALIKE_BOUNDARY,NONE,NO_UNIGRAM_INFERENCE_FOR_MWU,https://github.com/hermitdave/FrequencyWords/blob/master/content/2018/es/es_50k.txt,https://github.com/hermitdave/FrequencyWords,A unigram frequency list cannot estimate MWU frequency by summing component-word counts.,1.32
12B1-MWU-0034,ser trabajador,MWU_CHUNK,CORP-18,FrequencyWords / OpenSubtitles2018 Spanish 50k,FrequencyWords content/2018/es/es_50k.txt (OpenSubtitles2018-derived),MWU_NOT_MEASURABLE_FROM_UNIGRAM_LIST,NOT_APPLICABLE_UNIGRAM_SOURCE,,,NOT_APPLICABLE_UNIGRAM_SOURCE,NOT_APPLICABLE_UNIGRAM_SOURCE,2026-09-04,,,,,NONE_OR_NOT_ANNOTATED_IN_THIS_PASS,FULL_SOURCE_TYPE_REVIEWED_UNIGRAM_ONLY,,,SUBTITLE_AUDIOVISUAL,2018,OpenSubtitles2018 via FrequencyWords processing,CC BY-SA 4.0 content,ALLOWED_WITH_ATTRIBUTION_AND_SHAREALIKE_BOUNDARY,NONE,NO_UNIGRAM_INFERENCE_FOR_MWU,https://github.com/hermitdave/FrequencyWords/blob/master/content/2018/es/es_50k.txt,https://github.com/hermitdave/FrequencyWords,A unigram frequency list cannot estimate MWU frequency by summing component-word counts.,1.32
12B1-MWU-0035,tener trabajo,MWU_CHUNK,CORP-18,FrequencyWords / OpenSubtitles2018 Spanish 50k,FrequencyWords content/2018/es/es_50k.txt (OpenSubtitles2018-derived),MWU_NOT_MEASURABLE_FROM_UNIGRAM_LIST,NOT_APPLICABLE_UNIGRAM_SOURCE,,,NOT_APPLICABLE_UNIGRAM_SOURCE,NOT_APPLICABLE_UNIGRAM_SOURCE,2026-09-04,,,,,NONE_OR_NOT_ANNOTATED_IN_THIS_PASS,FULL_SOURCE_TYPE_REVIEWED_UNIGRAM_ONLY,,,SUBTITLE_AUDIOVISUAL,2018,OpenSubtitles2018 via FrequencyWords processing,CC BY-SA 4.0 content,ALLOWED_WITH_ATTRIBUTION_AND_SHAREALIKE_BOUNDARY,NONE,NO_UNIGRAM_INFERENCE_FOR_MWU,https://github.com/hermitdave/FrequencyWords/blob/master/content/2018/es/es_50k.txt,https://github.com/hermitdave/FrequencyWords,A unigram frequency list cannot estimate MWU frequency by summing component-word counts.,1.32
12B1-MWU-0036,tener vacaciones,MWU_CHUNK,CORP-18,FrequencyWords / OpenSubtitles2018 Spanish 50k,FrequencyWords content/2018/es/es_50k.txt (OpenSubtitles2018-derived),MWU_NOT_MEASURABLE_FROM_UNIGRAM_LIST,NOT_APPLICABLE_UNIGRAM_SOURCE,,,NOT_APPLICABLE_UNIGRAM_SOURCE,NOT_APPLICABLE_UNIGRAM_SOURCE,2026-09-04,,,,,NONE_OR_NOT_ANNOTATED_IN_THIS_PASS,FULL_SOURCE_TYPE_REVIEWED_UNIGRAM_ONLY,,,SUBTITLE_AUDIOVISUAL,2018,OpenSubtitles2018 via FrequencyWords processing,CC BY-SA 4.0 content,ALLOWED_WITH_ATTRIBUTION_AND_SHAREALIKE_BOUNDARY,NONE,NO_UNIGRAM_INFERENCE_FOR_MWU,https://github.com/hermitdave/FrequencyWords/blob/master/content/2018/es/es_50k.txt,https://github.com/hermitdave/FrequencyWords,A unigram frequency list cannot estimate MWU frequency by summing component-word counts.,1.32
12B1-MWU-0037,compañero de juego,MWU_CHUNK,CORP-18,FrequencyWords / OpenSubtitles2018 Spanish 50k,FrequencyWords content/2018/es/es_50k.txt (OpenSubtitles2018-derived),MWU_NOT_MEASURABLE_FROM_UNIGRAM_LIST,NOT_APPLICABLE_UNIGRAM_SOURCE,,,NOT_APPLICABLE_UNIGRAM_SOURCE,NOT_APPLICABLE_UNIGRAM_SOURCE,2026-09-04,,,,,NONE_OR_NOT_ANNOTATED_IN_THIS_PASS,FULL_SOURCE_TYPE_REVIEWED_UNIGRAM_ONLY,,,SUBTITLE_AUDIOVISUAL,2018,OpenSubtitles2018 via FrequencyWords processing,CC BY-SA 4.0 content,ALLOWED_WITH_ATTRIBUTION_AND_SHAREALIKE_BOUNDARY,NONE,NO_UNIGRAM_INFERENCE_FOR_MWU,https://github.com/hermitdave/FrequencyWords/blob/master/content/2018/es/es_50k.txt,https://github.com/hermitdave/FrequencyWords,A unigram frequency list cannot estimate MWU frequency by summing component-word counts.,1.32
12B1-MWU-0038,escuchar la radio,MWU_CHUNK,CORP-18,FrequencyWords / OpenSubtitles2018 Spanish 50k,FrequencyWords content/2018/es/es_50k.txt (OpenSubtitles2018-derived),MWU_NOT_MEASURABLE_FROM_UNIGRAM_LIST,NOT_APPLICABLE_UNIGRAM_SOURCE,,,NOT_APPLICABLE_UNIGRAM_SOURCE,NOT_APPLICABLE_UNIGRAM_SOURCE,2026-09-04,,,,,NONE_OR_NOT_ANNOTATED_IN_THIS_PASS,FULL_SOURCE_TYPE_REVIEWED_UNIGRAM_ONLY,,,SUBTITLE_AUDIOVISUAL,2018,OpenSubtitles2018 via FrequencyWords processing,CC BY-SA 4.0 content,ALLOWED_WITH_ATTRIBUTION_AND_SHAREALIKE_BOUNDARY,NONE,NO_UNIGRAM_INFERENCE_FOR_MWU,https://github.com/hermitdave/FrequencyWords/blob/master/content/2018/es/es_50k.txt,https://github.com/hermitdave/FrequencyWords,A unigram frequency list cannot estimate MWU frequency by summing component-word counts.,1.32
12B1-MWU-0039,escuchar música,MWU_CHUNK,CORP-18,FrequencyWords / OpenSubtitles2018 Spanish 50k,FrequencyWords content/2018/es/es_50k.txt (OpenSubtitles2018-derived),MWU_NOT_MEASURABLE_FROM_UNIGRAM_LIST,NOT_APPLICABLE_UNIGRAM_SOURCE,,,NOT_APPLICABLE_UNIGRAM_SOURCE,NOT_APPLICABLE_UNIGRAM_SOURCE,2026-09-04,,,,,NONE_OR_NOT_ANNOTATED_IN_THIS_PASS,FULL_SOURCE_TYPE_REVIEWED_UNIGRAM_ONLY,,,SUBTITLE_AUDIOVISUAL,2018,OpenSubtitles2018 via FrequencyWords processing,CC BY-SA 4.0 content,ALLOWED_WITH_ATTRIBUTION_AND_SHAREALIKE_BOUNDARY,NONE,NO_UNIGRAM_INFERENCE_FOR_MWU,https://github.com/hermitdave/FrequencyWords/blob/master/content/2018/es/es_50k.txt,https://github.com/hermitdave/FrequencyWords,A unigram frequency list cannot estimate MWU frequency by summing component-word counts.,1.32
12B1-MWU-0040,escuchar una canción,MWU_CHUNK,CORP-18,FrequencyWords / OpenSubtitles2018 Spanish 50k,FrequencyWords content/2018/es/es_50k.txt (OpenSubtitles2018-derived),MWU_NOT_MEASURABLE_FROM_UNIGRAM_LIST,NOT_APPLICABLE_UNIGRAM_SOURCE,,,NOT_APPLICABLE_UNIGRAM_SOURCE,NOT_APPLICABLE_UNIGRAM_SOURCE,2026-09-04,,,,,NONE_OR_NOT_ANNOTATED_IN_THIS_PASS,FULL_SOURCE_TYPE_REVIEWED_UNIGRAM_ONLY,,,SUBTITLE_AUDIOVISUAL,2018,OpenSubtitles2018 via FrequencyWords processing,CC BY-SA 4.0 content,ALLOWED_WITH_ATTRIBUTION_AND_SHAREALIKE_BOUNDARY,NONE,NO_UNIGRAM_INFERENCE_FOR_MWU,https://github.com/hermitdave/FrequencyWords/blob/master/content/2018/es/es_50k.txt,https://github.com/hermitdave/FrequencyWords,A unigram frequency list cannot estimate MWU frequency by summing component-word counts.,1.32
12B1-MWU-0041,hacer deporte,MWU_CHUNK,CORP-18,FrequencyWords / OpenSubtitles2018 Spanish 50k,FrequencyWords content/2018/es/es_50k.txt (OpenSubtitles2018-derived),MWU_NOT_MEASURABLE_FROM_UNIGRAM_LIST,NOT_APPLICABLE_UNIGRAM_SOURCE,,,NOT_APPLICABLE_UNIGRAM_SOURCE,NOT_APPLICABLE_UNIGRAM_SOURCE,2026-09-04,,,,,NONE_OR_NOT_ANNOTATED_IN_THIS_PASS,FULL_SOURCE_TYPE_REVIEWED_UNIGRAM_ONLY,,,SUBTITLE_AUDIOVISUAL,2018,OpenSubtitles2018 via FrequencyWords processing,CC BY-SA 4.0 content,ALLOWED_WITH_ATTRIBUTION_AND_SHAREALIKE_BOUNDARY,NONE,NO_UNIGRAM_INFERENCE_FOR_MWU,https://github.com/hermitdave/FrequencyWords/blob/master/content/2018/es/es_50k.txt,https://github.com/hermitdave/FrequencyWords,A unigram frequency list cannot estimate MWU frequency by summing component-word counts.,1.32
12B1-MWU-0042,hacer ejercicio,MWU_CHUNK,CORP-18,FrequencyWords / OpenSubtitles2018 Spanish 50k,FrequencyWords content/2018/es/es_50k.txt (OpenSubtitles2018-derived),MWU_NOT_MEASURABLE_FROM_UNIGRAM_LIST,NOT_APPLICABLE_UNIGRAM_SOURCE,,,NOT_APPLICABLE_UNIGRAM_SOURCE,NOT_APPLICABLE_UNIGRAM_SOURCE,2026-09-04,,,,,NONE_OR_NOT_ANNOTATED_IN_THIS_PASS,FULL_SOURCE_TYPE_REVIEWED_UNIGRAM_ONLY,,,SUBTITLE_AUDIOVISUAL,2018,OpenSubtitles2018 via FrequencyWords processing,CC BY-SA 4.0 content,ALLOWED_WITH_ATTRIBUTION_AND_SHAREALIKE_BOUNDARY,NONE,NO_UNIGRAM_INFERENCE_FOR_MWU,https://github.com/hermitdave/FrequencyWords/blob/master/content/2018/es/es_50k.txt,https://github.com/hermitdave/FrequencyWords,A unigram frequency list cannot estimate MWU frequency by summing component-word counts.,1.32
12B1-MWU-0043,hacer gimnasia,MWU_CHUNK,CORP-18,FrequencyWords / OpenSubtitles2018 Spanish 50k,FrequencyWords content/2018/es/es_50k.txt (OpenSubtitles2018-derived),MWU_NOT_MEASURABLE_FROM_UNIGRAM_LIST,NOT_APPLICABLE_UNIGRAM_SOURCE,,,NOT_APPLICABLE_UNIGRAM_SOURCE,NOT_APPLICABLE_UNIGRAM_SOURCE,2026-09-04,,,,,NONE_OR_NOT_ANNOTATED_IN_THIS_PASS,FULL_SOURCE_TYPE_REVIEWED_UNIGRAM_ONLY,,,SUBTITLE_AUDIOVISUAL,2018,OpenSubtitles2018 via FrequencyWords processing,CC BY-SA 4.0 content,ALLOWED_WITH_ATTRIBUTION_AND_SHAREALIKE_BOUNDARY,NONE,NO_UNIGRAM_INFERENCE_FOR_MWU,https://github.com/hermitdave/FrequencyWords/blob/master/content/2018/es/es_50k.txt,https://github.com/hermitdave/FrequencyWords,A unigram frequency list cannot estimate MWU frequency by summing component-word counts.,1.32
12B1-MWU-0044,ir a un bar,MWU_CHUNK,CORP-18,FrequencyWords / OpenSubtitles2018 Spanish 50k,FrequencyWords content/2018/es/es_50k.txt (OpenSubtitles2018-derived),MWU_NOT_MEASURABLE_FROM_UNIGRAM_LIST,NOT_APPLICABLE_UNIGRAM_SOURCE,,,NOT_APPLICABLE_UNIGRAM_SOURCE,NOT_APPLICABLE_UNIGRAM_SOURCE,2026-09-04,,,,,NONE_OR_NOT_ANNOTATED_IN_THIS_PASS,FULL_SOURCE_TYPE_REVIEWED_UNIGRAM_ONLY,,,SUBTITLE_AUDIOVISUAL,2018,OpenSubtitles2018 via FrequencyWords processing,CC BY-SA 4.0 content,ALLOWED_WITH_ATTRIBUTION_AND_SHAREALIKE_BOUNDARY,NONE,NO_UNIGRAM_INFERENCE_FOR_MWU,https://github.com/hermitdave/FrequencyWords/blob/master/content/2018/es/es_50k.txt,https://github.com/hermitdave/FrequencyWords,A unigram frequency list cannot estimate MWU frequency by summing component-word counts.,1.32
12B1-MWU-0045,ir a un café,MWU_CHUNK,CORP-18,FrequencyWords / OpenSubtitles2018 Spanish 50k,FrequencyWords content/2018/es/es_50k.txt (OpenSubtitles2018-derived),MWU_NOT_MEASURABLE_FROM_UNIGRAM_LIST,NOT_APPLICABLE_UNIGRAM_SOURCE,,,NOT_APPLICABLE_UNIGRAM_SOURCE,NOT_APPLICABLE_UNIGRAM_SOURCE,2026-09-04,,,,,NONE_OR_NOT_ANNOTATED_IN_THIS_PASS,FULL_SOURCE_TYPE_REVIEWED_UNIGRAM_ONLY,,,SUBTITLE_AUDIOVISUAL,2018,OpenSubtitles2018 via FrequencyWords processing,CC BY-SA 4.0 content,ALLOWED_WITH_ATTRIBUTION_AND_SHAREALIKE_BOUNDARY,NONE,NO_UNIGRAM_INFERENCE_FOR_MWU,https://github.com/hermitdave/FrequencyWords/blob/master/content/2018/es/es_50k.txt,https://github.com/hermitdave/FrequencyWords,A unigram frequency list cannot estimate MWU frequency by summing component-word counts.,1.32
12B1-MWU-0046,ir a un concierto,MWU_CHUNK,CORP-18,FrequencyWords / OpenSubtitles2018 Spanish 50k,FrequencyWords content/2018/es/es_50k.txt (OpenSubtitles2018-derived),MWU_NOT_MEASURABLE_FROM_UNIGRAM_LIST,NOT_APPLICABLE_UNIGRAM_SOURCE,,,NOT_APPLICABLE_UNIGRAM_SOURCE,NOT_APPLICABLE_UNIGRAM_SOURCE,2026-09-04,,,,,NONE_OR_NOT_ANNOTATED_IN_THIS_PASS,FULL_SOURCE_TYPE_REVIEWED_UNIGRAM_ONLY,,,SUBTITLE_AUDIOVISUAL,2018,OpenSubtitles2018 via FrequencyWords processing,CC BY-SA 4.0 content,ALLOWED_WITH_ATTRIBUTION_AND_SHAREALIKE_BOUNDARY,NONE,NO_UNIGRAM_INFERENCE_FOR_MWU,https://github.com/hermitdave/FrequencyWords/blob/master/content/2018/es/es_50k.txt,https://github.com/hermitdave/FrequencyWords,A unigram frequency list cannot estimate MWU frequency by summing component-word counts.,1.32
12B1-MWU-0047,ir a un museo,MWU_CHUNK,CORP-18,FrequencyWords / OpenSubtitles2018 Spanish 50k,FrequencyWords content/2018/es/es_50k.txt (OpenSubtitles2018-derived),MWU_NOT_MEASURABLE_FROM_UNIGRAM_LIST,NOT_APPLICABLE_UNIGRAM_SOURCE,,,NOT_APPLICABLE_UNIGRAM_SOURCE,NOT_APPLICABLE_UNIGRAM_SOURCE,2026-09-04,,,,,NONE_OR_NOT_ANNOTATED_IN_THIS_PASS,FULL_SOURCE_TYPE_REVIEWED_UNIGRAM_ONLY,,,SUBTITLE_AUDIOVISUAL,2018,OpenSubtitles2018 via FrequencyWords processing,CC BY-SA 4.0 content,ALLOWED_WITH_ATTRIBUTION_AND_SHAREALIKE_BOUNDARY,NONE,NO_UNIGRAM_INFERENCE_FOR_MWU,https://github.com/hermitdave/FrequencyWords/blob/master/content/2018/es/es_50k.txt,https://github.com/hermitdave/FrequencyWords,A unigram frequency list cannot estimate MWU frequency by summing component-word counts.,1.32
12B1-MWU-0048,ir a un restaurante,MWU_CHUNK,CORP-18,FrequencyWords / OpenSubtitles2018 Spanish 50k,FrequencyWords content/2018/es/es_50k.txt (OpenSubtitles2018-derived),MWU_NOT_MEASURABLE_FROM_UNIGRAM_LIST,NOT_APPLICABLE_UNIGRAM_SOURCE,,,NOT_APPLICABLE_UNIGRAM_SOURCE,NOT_APPLICABLE_UNIGRAM_SOURCE,2026-09-04,,,,,NONE_OR_NOT_ANNOTATED_IN_THIS_PASS,FULL_SOURCE_TYPE_REVIEWED_UNIGRAM_ONLY,,,SUBTITLE_AUDIOVISUAL,2018,OpenSubtitles2018 via FrequencyWords processing,CC BY-SA 4.0 content,ALLOWED_WITH_ATTRIBUTION_AND_SHAREALIKE_BOUNDARY,NONE,NO_UNIGRAM_INFERENCE_FOR_MWU,https://github.com/hermitdave/FrequencyWords/blob/master/content/2018/es/es_50k.txt,https://github.com/hermitdave/FrequencyWords,A unigram frequency list cannot estimate MWU frequency by summing component-word counts.,1.32
12B1-MWU-0049,ir a una discoteca,MWU_CHUNK,CORP-18,FrequencyWords / OpenSubtitles2018 Spanish 50k,FrequencyWords content/2018/es/es_50k.txt (OpenSubtitles2018-derived),MWU_NOT_MEASURABLE_FROM_UNIGRAM_LIST,NOT_APPLICABLE_UNIGRAM_SOURCE,,,NOT_APPLICABLE_UNIGRAM_SOURCE,NOT_APPLICABLE_UNIGRAM_SOURCE,2026-09-04,,,,,NONE_OR_NOT_ANNOTATED_IN_THIS_PASS,FULL_SOURCE_TYPE_REVIEWED_UNIGRAM_ONLY,,,SUBTITLE_AUDIOVISUAL,2018,OpenSubtitles2018 via FrequencyWords processing,CC BY-SA 4.0 content,ALLOWED_WITH_ATTRIBUTION_AND_SHAREALIKE_BOUNDARY,NONE,NO_UNIGRAM_INFERENCE_FOR_MWU,https://github.com/hermitdave/FrequencyWords/blob/master/content/2018/es/es_50k.txt,https://github.com/hermitdave/FrequencyWords,A unigram frequency list cannot estimate MWU frequency by summing component-word counts.,1.32
12B1-MWU-0050,ir al cine,MWU_CHUNK,CORP-18,FrequencyWords / OpenSubtitles2018 Spanish 50k,FrequencyWords content/2018/es/es_50k.txt (OpenSubtitles2018-derived),MWU_NOT_MEASURABLE_FROM_UNIGRAM_LIST,NOT_APPLICABLE_UNIGRAM_SOURCE,,,NOT_APPLICABLE_UNIGRAM_SOURCE,NOT_APPLICABLE_UNIGRAM_SOURCE,2026-09-04,,,,,NONE_OR_NOT_ANNOTATED_IN_THIS_PASS,FULL_SOURCE_TYPE_REVIEWED_UNIGRAM_ONLY,,,SUBTITLE_AUDIOVISUAL,2018,OpenSubtitles2018 via FrequencyWords processing,CC BY-SA 4.0 content,ALLOWED_WITH_ATTRIBUTION_AND_SHAREALIKE_BOUNDARY,NONE,NO_UNIGRAM_INFERENCE_FOR_MWU,https://github.com/hermitdave/FrequencyWords/blob/master/content/2018/es/es_50k.txt,https://github.com/hermitdave/FrequencyWords,A unigram frequency list cannot estimate MWU frequency by summing component-word counts.,1.32
12B1-MWU-0051,ir al circo,MWU_CHUNK,CORP-18,FrequencyWords / OpenSubtitles2018 Spanish 50k,FrequencyWords content/2018/es/es_50k.txt (OpenSubtitles2018-derived),MWU_NOT_MEASURABLE_FROM_UNIGRAM_LIST,NOT_APPLICABLE_UNIGRAM_SOURCE,,,NOT_APPLICABLE_UNIGRAM_SOURCE,NOT_APPLICABLE_UNIGRAM_SOURCE,2026-09-04,,,,,NONE_OR_NOT_ANNOTATED_IN_THIS_PASS,FULL_SOURCE_TYPE_REVIEWED_UNIGRAM_ONLY,,,SUBTITLE_AUDIOVISUAL,2018,OpenSubtitles2018 via FrequencyWords processing,CC BY-SA 4.0 content,ALLOWED_WITH_ATTRIBUTION_AND_SHAREALIKE_BOUNDARY,NONE,NO_UNIGRAM_INFERENCE_FOR_MWU,https://github.com/hermitdave/FrequencyWords/blob/master/content/2018/es/es_50k.txt,https://github.com/hermitdave/FrequencyWords,A unigram frequency list cannot estimate MWU frequency by summing component-word counts.,1.32
12B1-MWU-0052,ir al parque,MWU_CHUNK,CORP-18,FrequencyWords / OpenSubtitles2018 Spanish 50k,FrequencyWords content/2018/es/es_50k.txt (OpenSubtitles2018-derived),MWU_NOT_MEASURABLE_FROM_UNIGRAM_LIST,NOT_APPLICABLE_UNIGRAM_SOURCE,,,NOT_APPLICABLE_UNIGRAM_SOURCE,NOT_APPLICABLE_UNIGRAM_SOURCE,2026-09-04,,,,,NONE_OR_NOT_ANNOTATED_IN_THIS_PASS,FULL_SOURCE_TYPE_REVIEWED_UNIGRAM_ONLY,,,SUBTITLE_AUDIOVISUAL,2018,OpenSubtitles2018 via FrequencyWords processing,CC BY-SA 4.0 content,ALLOWED_WITH_ATTRIBUTION_AND_SHAREALIKE_BOUNDARY,NONE,NO_UNIGRAM_INFERENCE_FOR_MWU,https://github.com/hermitdave/FrequencyWords/blob/master/content/2018/es/es_50k.txt,https://github.com/hermitdave/FrequencyWords,A unigram frequency list cannot estimate MWU frequency by summing component-word counts.,1.32
12B1-MWU-0053,ir al teatro,MWU_CHUNK,CORP-18,FrequencyWords / OpenSubtitles2018 Spanish 50k,FrequencyWords content/2018/es/es_50k.txt (OpenSubtitles2018-derived),MWU_NOT_MEASURABLE_FROM_UNIGRAM_LIST,NOT_APPLICABLE_UNIGRAM_SOURCE,,,NOT_APPLICABLE_UNIGRAM_SOURCE,NOT_APPLICABLE_UNIGRAM_SOURCE,2026-09-04,,,,,NONE_OR_NOT_ANNOTATED_IN_THIS_PASS,FULL_SOURCE_TYPE_REVIEWED_UNIGRAM_ONLY,,,SUBTITLE_AUDIOVISUAL,2018,OpenSubtitles2018 via FrequencyWords processing,CC BY-SA 4.0 content,ALLOWED_WITH_ATTRIBUTION_AND_SHAREALIKE_BOUNDARY,NONE,NO_UNIGRAM_INFERENCE_FOR_MWU,https://github.com/hermitdave/FrequencyWords/blob/master/content/2018/es/es_50k.txt,https://github.com/hermitdave/FrequencyWords,A unigram frequency list cannot estimate MWU frequency by summing component-word counts.,1.32
12B1-MWU-0054,jugar al baloncesto,MWU_CHUNK,CORP-18,FrequencyWords / OpenSubtitles2018 Spanish 50k,FrequencyWords content/2018/es/es_50k.txt (OpenSubtitles2018-derived),MWU_NOT_MEASURABLE_FROM_UNIGRAM_LIST,NOT_APPLICABLE_UNIGRAM_SOURCE,,,NOT_APPLICABLE_UNIGRAM_SOURCE,NOT_APPLICABLE_UNIGRAM_SOURCE,2026-09-04,,,,,NONE_OR_NOT_ANNOTATED_IN_THIS_PASS,FULL_SOURCE_TYPE_REVIEWED_UNIGRAM_ONLY,,,SUBTITLE_AUDIOVISUAL,2018,OpenSubtitles2018 via FrequencyWords processing,CC BY-SA 4.0 content,ALLOWED_WITH_ATTRIBUTION_AND_SHAREALIKE_BOUNDARY,NONE,NO_UNIGRAM_INFERENCE_FOR_MWU,https://github.com/hermitdave/FrequencyWords/blob/master/content/2018/es/es_50k.txt,https://github.com/hermitdave/FrequencyWords,A unigram frequency list cannot estimate MWU frequency by summing component-word counts.,1.32
12B1-MWU-0055,jugar al fútbol,MWU_CHUNK,CORP-18,FrequencyWords / OpenSubtitles2018 Spanish 50k,FrequencyWords content/2018/es/es_50k.txt (OpenSubtitles2018-derived),MWU_NOT_MEASURABLE_FROM_UNIGRAM_LIST,NOT_APPLICABLE_UNIGRAM_SOURCE,,,NOT_APPLICABLE_UNIGRAM_SOURCE,NOT_APPLICABLE_UNIGRAM_SOURCE,2026-09-04,,,,,NONE_OR_NOT_ANNOTATED_IN_THIS_PASS,FULL_SOURCE_TYPE_REVIEWED_UNIGRAM_ONLY,,,SUBTITLE_AUDIOVISUAL,2018,OpenSubtitles2018 via FrequencyWords processing,CC BY-SA 4.0 content,ALLOWED_WITH_ATTRIBUTION_AND_SHAREALIKE_BOUNDARY,NONE,NO_UNIGRAM_INFERENCE_FOR_MWU,https://github.com/hermitdave/FrequencyWords/blob/master/content/2018/es/es_50k.txt,https://github.com/hermitdave/FrequencyWords,A unigram frequency list cannot estimate MWU frequency by summing component-word counts.,1.32
12B1-MWU-0056,jugar al tenis,MWU_CHUNK,CORP-18,FrequencyWords / OpenSubtitles2018 Spanish 50k,FrequencyWords content/2018/es/es_50k.txt (OpenSubtitles2018-derived),MWU_NOT_MEASURABLE_FROM_UNIGRAM_LIST,NOT_APPLICABLE_UNIGRAM_SOURCE,,,NOT_APPLICABLE_UNIGRAM_SOURCE,NOT_APPLICABLE_UNIGRAM_SOURCE,2026-09-04,,,,,NONE_OR_NOT_ANNOTATED_IN_THIS_PASS,FULL_SOURCE_TYPE_REVIEWED_UNIGRAM_ONLY,,,SUBTITLE_AUDIOVISUAL,2018,OpenSubtitles2018 via FrequencyWords processing,CC BY-SA 4.0 content,ALLOWED_WITH_ATTRIBUTION_AND_SHAREALIKE_BOUNDARY,NONE,NO_UNIGRAM_INFERENCE_FOR_MWU,https://github.com/hermitdave/FrequencyWords/blob/master/content/2018/es/es_50k.txt,https://github.com/hermitdave/FrequencyWords,A unigram frequency list cannot estimate MWU frequency by summing component-word counts.,1.32
12B1-MWU-0057,leer el periódico,MWU_CHUNK,CORP-18,FrequencyWords / OpenSubtitles2018 Spanish 50k,FrequencyWords content/2018/es/es_50k.txt (OpenSubtitles2018-derived),MWU_NOT_MEASURABLE_FROM_UNIGRAM_LIST,NOT_APPLICABLE_UNIGRAM_SOURCE,,,NOT_APPLICABLE_UNIGRAM_SOURCE,NOT_APPLICABLE_UNIGRAM_SOURCE,2026-09-04,,,,,NONE_OR_NOT_ANNOTATED_IN_THIS_PASS,FULL_SOURCE_TYPE_REVIEWED_UNIGRAM_ONLY,,,SUBTITLE_AUDIOVISUAL,2018,OpenSubtitles2018 via FrequencyWords processing,CC BY-SA 4.0 content,ALLOWED_WITH_ATTRIBUTION_AND_SHAREALIKE_BOUNDARY,NONE,NO_UNIGRAM_INFERENCE_FOR_MWU,https://github.com/hermitdave/FrequencyWords/blob/master/content/2018/es/es_50k.txt,https://github.com/hermitdave/FrequencyWords,A unigram frequency list cannot estimate MWU frequency by summing component-word counts.,1.32
12B1-MWU-0058,leer un libro,MWU_CHUNK,CORP-18,FrequencyWords / OpenSubtitles2018 Spanish 50k,FrequencyWords content/2018/es/es_50k.txt (OpenSubtitles2018-derived),MWU_NOT_MEASURABLE_FROM_UNIGRAM_LIST,NOT_APPLICABLE_UNIGRAM_SOURCE,,,NOT_APPLICABLE_UNIGRAM_SOURCE,NOT_APPLICABLE_UNIGRAM_SOURCE,2026-09-04,,,,,NONE_OR_NOT_ANNOTATED_IN_THIS_PASS,FULL_SOURCE_TYPE_REVIEWED_UNIGRAM_ONLY,,,SUBTITLE_AUDIOVISUAL,2018,OpenSubtitles2018 via FrequencyWords processing,CC BY-SA 4.0 content,ALLOWED_WITH_ATTRIBUTION_AND_SHAREALIKE_BOUNDARY,NONE,NO_UNIGRAM_INFERENCE_FOR_MWU,https://github.com/hermitdave/FrequencyWords/blob/master/content/2018/es/es_50k.txt,https://github.com/hermitdave/FrequencyWords,A unigram frequency list cannot estimate MWU frequency by summing component-word counts.,1.32
12B1-MWU-0059,leer una revista,MWU_CHUNK,CORP-18,FrequencyWords / OpenSubtitles2018 Spanish 50k,FrequencyWords content/2018/es/es_50k.txt (OpenSubtitles2018-derived),MWU_NOT_MEASURABLE_FROM_UNIGRAM_LIST,NOT_APPLICABLE_UNIGRAM_SOURCE,,,NOT_APPLICABLE_UNIGRAM_SOURCE,NOT_APPLICABLE_UNIGRAM_SOURCE,2026-09-04,,,,,NONE_OR_NOT_ANNOTATED_IN_THIS_PASS,FULL_SOURCE_TYPE_REVIEWED_UNIGRAM_ONLY,,,SUBTITLE_AUDIOVISUAL,2018,OpenSubtitles2018 via FrequencyWords processing,CC BY-SA 4.0 content,ALLOWED_WITH_ATTRIBUTION_AND_SHAREALIKE_BOUNDARY,NONE,NO_UNIGRAM_INFERENCE_FOR_MWU,https://github.com/hermitdave/FrequencyWords/blob/master/content/2018/es/es_50k.txt,https://github.com/hermitdave/FrequencyWords,A unigram frequency list cannot estimate MWU frequency by summing component-word counts.,1.32
12B1-MWU-0060,oficina de información,MWU_CHUNK,CORP-18,FrequencyWords / OpenSubtitles2018 Spanish 50k,FrequencyWords content/2018/es/es_50k.txt (OpenSubtitles2018-derived),MWU_NOT_MEASURABLE_FROM_UNIGRAM_LIST,NOT_APPLICABLE_UNIGRAM_SOURCE,,,NOT_APPLICABLE_UNIGRAM_SOURCE,NOT_APPLICABLE_UNIGRAM_SOURCE,2026-09-04,,,,,NONE_OR_NOT_ANNOTATED_IN_THIS_PASS,FULL_SOURCE_TYPE_REVIEWED_UNIGRAM_ONLY,,,SUBTITLE_AUDIOVISUAL,2018,OpenSubtitles2018 via FrequencyWords processing,CC BY-SA 4.0 content,ALLOWED_WITH_ATTRIBUTION_AND_SHAREALIKE_BOUNDARY,NONE,NO_UNIGRAM_INFERENCE_FOR_MWU,https://github.com/hermitdave/FrequencyWords/blob/master/content/2018/es/es_50k.txt,https://github.com/hermitdave/FrequencyWords,A unigram frequency list cannot estimate MWU frequency by summing component-word counts.,1.32
12B1-MWU-0061,oficina de turismo,MWU_CHUNK,CORP-18,FrequencyWords / OpenSubtitles2018 Spanish 50k,FrequencyWords content/2018/es/es_50k.txt (OpenSubtitles2018-derived),MWU_NOT_MEASURABLE_FROM_UNIGRAM_LIST,NOT_APPLICABLE_UNIGRAM_SOURCE,,,NOT_APPLICABLE_UNIGRAM_SOURCE,NOT_APPLICABLE_UNIGRAM_SOURCE,2026-09-04,,,,,NONE_OR_NOT_ANNOTATED_IN_THIS_PASS,FULL_SOURCE_TYPE_REVIEWED_UNIGRAM_ONLY,,,SUBTITLE_AUDIOVISUAL,2018,OpenSubtitles2018 via FrequencyWords processing,CC BY-SA 4.0 content,ALLOWED_WITH_ATTRIBUTION_AND_SHAREALIKE_BOUNDARY,NONE,NO_UNIGRAM_INFERENCE_FOR_MWU,https://github.com/hermitdave/FrequencyWords/blob/master/content/2018/es/es_50k.txt,https://github.com/hermitdave/FrequencyWords,A unigram frequency list cannot estimate MWU frequency by summing component-word counts.,1.32
12B1-MWU-0062,ver la televisión,MWU_CHUNK,CORP-18,FrequencyWords / OpenSubtitles2018 Spanish 50k,FrequencyWords content/2018/es/es_50k.txt (OpenSubtitles2018-derived),MWU_NOT_MEASURABLE_FROM_UNIGRAM_LIST,NOT_APPLICABLE_UNIGRAM_SOURCE,,,NOT_APPLICABLE_UNIGRAM_SOURCE,NOT_APPLICABLE_UNIGRAM_SOURCE,2026-09-04,,,,,NONE_OR_NOT_ANNOTATED_IN_THIS_PASS,FULL_SOURCE_TYPE_REVIEWED_UNIGRAM_ONLY,,,SUBTITLE_AUDIOVISUAL,2018,OpenSubtitles2018 via FrequencyWords processing,CC BY-SA 4.0 content,ALLOWED_WITH_ATTRIBUTION_AND_SHAREALIKE_BOUNDARY,NONE,NO_UNIGRAM_INFERENCE_FOR_MWU,https://github.com/hermitdave/FrequencyWords/blob/master/content/2018/es/es_50k.txt,https://github.com/hermitdave/FrequencyWords,A unigram frequency list cannot estimate MWU frequency by summing component-word counts.,1.32
12B1-MWU-0063,ver una película,MWU_CHUNK,CORP-18,FrequencyWords / OpenSubtitles2018 Spanish 50k,FrequencyWords content/2018/es/es_50k.txt (OpenSubtitles2018-derived),MWU_NOT_MEASURABLE_FROM_UNIGRAM_LIST,NOT_APPLICABLE_UNIGRAM_SOURCE,,,NOT_APPLICABLE_UNIGRAM_SOURCE,NOT_APPLICABLE_UNIGRAM_SOURCE,2026-09-04,,,,,NONE_OR_NOT_ANNOTATED_IN_THIS_PASS,FULL_SOURCE_TYPE_REVIEWED_UNIGRAM_ONLY,,,SUBTITLE_AUDIOVISUAL,2018,OpenSubtitles2018 via FrequencyWords processing,CC BY-SA 4.0 content,ALLOWED_WITH_ATTRIBUTION_AND_SHAREALIKE_BOUNDARY,NONE,NO_UNIGRAM_INFERENCE_FOR_MWU,https://github.com/hermitdave/FrequencyWords/blob/master/content/2018/es/es_50k.txt,https://github.com/hermitdave/FrequencyWords,A unigram frequency list cannot estimate MWU frequency by summing component-word counts.,1.32
12B1-MWU-0064,escribir un mensaje electrónico,MWU_CHUNK,CORP-18,FrequencyWords / OpenSubtitles2018 Spanish 50k,FrequencyWords content/2018/es/es_50k.txt (OpenSubtitles2018-derived),MWU_NOT_MEASURABLE_FROM_UNIGRAM_LIST,NOT_APPLICABLE_UNIGRAM_SOURCE,,,NOT_APPLICABLE_UNIGRAM_SOURCE,NOT_APPLICABLE_UNIGRAM_SOURCE,2026-09-04,,,,,NONE_OR_NOT_ANNOTATED_IN_THIS_PASS,FULL_SOURCE_TYPE_REVIEWED_UNIGRAM_ONLY,,,SUBTITLE_AUDIOVISUAL,2018,OpenSubtitles2018 via FrequencyWords processing,CC BY-SA 4.0 content,ALLOWED_WITH_ATTRIBUTION_AND_SHAREALIKE_BOUNDARY,NONE,NO_UNIGRAM_INFERENCE_FOR_MWU,https://github.com/hermitdave/FrequencyWords/blob/master/content/2018/es/es_50k.txt,https://github.com/hermitdave/FrequencyWords,A unigram frequency list cannot estimate MWU frequency by summing component-word counts.,1.32
12B1-MWU-0065,escribir una carta,MWU_CHUNK,CORP-18,FrequencyWords / OpenSubtitles2018 Spanish 50k,FrequencyWords content/2018/es/es_50k.txt (OpenSubtitles2018-derived),MWU_NOT_MEASURABLE_FROM_UNIGRAM_LIST,NOT_APPLICABLE_UNIGRAM_SOURCE,,,NOT_APPLICABLE_UNIGRAM_SOURCE,NOT_APPLICABLE_UNIGRAM_SOURCE,2026-09-04,,,,,NONE_OR_NOT_ANNOTATED_IN_THIS_PASS,FULL_SOURCE_TYPE_REVIEWED_UNIGRAM_ONLY,,,SUBTITLE_AUDIOVISUAL,2018,OpenSubtitles2018 via FrequencyWords processing,CC BY-SA 4.0 content,ALLOWED_WITH_ATTRIBUTION_AND_SHAREALIKE_BOUNDARY,NONE,NO_UNIGRAM_INFERENCE_FOR_MWU,https://github.com/hermitdave/FrequencyWords/blob/master/content/2018/es/es_50k.txt,https://github.com/hermitdave/FrequencyWords,A unigram frequency list cannot estimate MWU frequency by summing component-word counts.,1.32
12B1-MWU-0066,escribir una postal,MWU_CHUNK,CORP-18,FrequencyWords / OpenSubtitles2018 Spanish 50k,FrequencyWords content/2018/es/es_50k.txt (OpenSubtitles2018-derived),MWU_NOT_MEASURABLE_FROM_UNIGRAM_LIST,NOT_APPLICABLE_UNIGRAM_SOURCE,,,NOT_APPLICABLE_UNIGRAM_SOURCE,NOT_APPLICABLE_UNIGRAM_SOURCE,2026-09-04,,,,,NONE_OR_NOT_ANNOTATED_IN_THIS_PASS,FULL_SOURCE_TYPE_REVIEWED_UNIGRAM_ONLY,,,SUBTITLE_AUDIOVISUAL,2018,OpenSubtitles2018 via FrequencyWords processing,CC BY-SA 4.0 content,ALLOWED_WITH_ATTRIBUTION_AND_SHAREALIKE_BOUNDARY,NONE,NO_UNIGRAM_INFERENCE_FOR_MWU,https://github.com/hermitdave/FrequencyWords/blob/master/content/2018/es/es_50k.txt,https://github.com/hermitdave/FrequencyWords,A unigram frequency list cannot estimate MWU frequency by summing component-word counts.,1.32
12B1-MWU-0067,guión bajo,MWU_CHUNK,CORP-18,FrequencyWords / OpenSubtitles2018 Spanish 50k,FrequencyWords content/2018/es/es_50k.txt (OpenSubtitles2018-derived),MWU_NOT_MEASURABLE_FROM_UNIGRAM_LIST,NOT_APPLICABLE_UNIGRAM_SOURCE,,,NOT_APPLICABLE_UNIGRAM_SOURCE,NOT_APPLICABLE_UNIGRAM_SOURCE,2026-09-04,,,,,NONE_OR_NOT_ANNOTATED_IN_THIS_PASS,FULL_SOURCE_TYPE_REVIEWED_UNIGRAM_ONLY,,,SUBTITLE_AUDIOVISUAL,2018,OpenSubtitles2018 via FrequencyWords processing,CC BY-SA 4.0 content,ALLOWED_WITH_ATTRIBUTION_AND_SHAREALIKE_BOUNDARY,NONE,NO_UNIGRAM_INFERENCE_FOR_MWU,https://github.com/hermitdave/FrequencyWords/blob/master/content/2018/es/es_50k.txt,https://github.com/hermitdave/FrequencyWords,A unigram frequency list cannot estimate MWU frequency by summing component-word counts.,1.32
12B1-MWU-0068,leer un periódico,MWU_CHUNK,CORP-18,FrequencyWords / OpenSubtitles2018 Spanish 50k,FrequencyWords content/2018/es/es_50k.txt (OpenSubtitles2018-derived),MWU_NOT_MEASURABLE_FROM_UNIGRAM_LIST,NOT_APPLICABLE_UNIGRAM_SOURCE,,,NOT_APPLICABLE_UNIGRAM_SOURCE,NOT_APPLICABLE_UNIGRAM_SOURCE,2026-09-04,,,,,NONE_OR_NOT_ANNOTATED_IN_THIS_PASS,FULL_SOURCE_TYPE_REVIEWED_UNIGRAM_ONLY,,,SUBTITLE_AUDIOVISUAL,2018,OpenSubtitles2018 via FrequencyWords processing,CC BY-SA 4.0 content,ALLOWED_WITH_ATTRIBUTION_AND_SHAREALIKE_BOUNDARY,NONE,NO_UNIGRAM_INFERENCE_FOR_MWU,https://github.com/hermitdave/FrequencyWords/blob/master/content/2018/es/es_50k.txt,https://github.com/hermitdave/FrequencyWords,A unigram frequency list cannot estimate MWU frequency by summing component-word counts.,1.32
12B1-MWU-0069,página web,MWU_CHUNK,CORP-18,FrequencyWords / OpenSubtitles2018 Spanish 50k,FrequencyWords content/2018/es/es_50k.txt (OpenSubtitles2018-derived),MWU_NOT_MEASURABLE_FROM_UNIGRAM_LIST,NOT_APPLICABLE_UNIGRAM_SOURCE,,,NOT_APPLICABLE_UNIGRAM_SOURCE,NOT_APPLICABLE_UNIGRAM_SOURCE,2026-09-04,,,,,NONE_OR_NOT_ANNOTATED_IN_THIS_PASS,FULL_SOURCE_TYPE_REVIEWED_UNIGRAM_ONLY,,,SUBTITLE_AUDIOVISUAL,2018,OpenSubtitles2018 via FrequencyWords processing,CC BY-SA 4.0 content,ALLOWED_WITH_ATTRIBUTION_AND_SHAREALIKE_BOUNDARY,NONE,NO_UNIGRAM_INFERENCE_FOR_MWU,https://github.com/hermitdave/FrequencyWords/blob/master/content/2018/es/es_50k.txt,https://github.com/hermitdave/FrequencyWords,A unigram frequency list cannot estimate MWU frequency by summing component-word counts.,1.32
12B1-MWU-0070,teléfono fijo,MWU_CHUNK,CORP-18,FrequencyWords / OpenSubtitles2018 Spanish 50k,FrequencyWords content/2018/es/es_50k.txt (OpenSubtitles2018-derived),MWU_NOT_MEASURABLE_FROM_UNIGRAM_LIST,NOT_APPLICABLE_UNIGRAM_SOURCE,,,NOT_APPLICABLE_UNIGRAM_SOURCE,NOT_APPLICABLE_UNIGRAM_SOURCE,2026-09-04,,,,,NONE_OR_NOT_ANNOTATED_IN_THIS_PASS,FULL_SOURCE_TYPE_REVIEWED_UNIGRAM_ONLY,,,SUBTITLE_AUDIOVISUAL,2018,OpenSubtitles2018 via FrequencyWords processing,CC BY-SA 4.0 content,ALLOWED_WITH_ATTRIBUTION_AND_SHAREALIKE_BOUNDARY,NONE,NO_UNIGRAM_INFERENCE_FOR_MWU,https://github.com/hermitdave/FrequencyWords/blob/master/content/2018/es/es_50k.txt,https://github.com/hermitdave/FrequencyWords,A unigram frequency list cannot estimate MWU frequency by summing component-word counts.,1.32
12B1-MWU-0071,teléfono móvil,MWU_CHUNK,CORP-18,FrequencyWords / OpenSubtitles2018 Spanish 50k,FrequencyWords content/2018/es/es_50k.txt (OpenSubtitles2018-derived),MWU_NOT_MEASURABLE_FROM_UNIGRAM_LIST,NOT_APPLICABLE_UNIGRAM_SOURCE,,,NOT_APPLICABLE_UNIGRAM_SOURCE,NOT_APPLICABLE_UNIGRAM_SOURCE,2026-09-04,,,,,NONE_OR_NOT_ANNOTATED_IN_THIS_PASS,FULL_SOURCE_TYPE_REVIEWED_UNIGRAM_ONLY,,,SUBTITLE_AUDIOVISUAL,2018,OpenSubtitles2018 via FrequencyWords processing,CC BY-SA 4.0 content,ALLOWED_WITH_ATTRIBUTION_AND_SHAREALIKE_BOUNDARY,NONE,NO_UNIGRAM_INFERENCE_FOR_MWU,https://github.com/hermitdave/FrequencyWords/blob/master/content/2018/es/es_50k.txt,https://github.com/hermitdave/FrequencyWords,A unigram frequency list cannot estimate MWU frequency by summing component-word counts.,1.32
12B1-MWU-0072,aire acondicionado,MWU_CHUNK,CORP-18,FrequencyWords / OpenSubtitles2018 Spanish 50k,FrequencyWords content/2018/es/es_50k.txt (OpenSubtitles2018-derived),MWU_NOT_MEASURABLE_FROM_UNIGRAM_LIST,NOT_APPLICABLE_UNIGRAM_SOURCE,,,NOT_APPLICABLE_UNIGRAM_SOURCE,NOT_APPLICABLE_UNIGRAM_SOURCE,2026-09-04,,,,,NONE_OR_NOT_ANNOTATED_IN_THIS_PASS,FULL_SOURCE_TYPE_REVIEWED_UNIGRAM_ONLY,,,SUBTITLE_AUDIOVISUAL,2018,OpenSubtitles2018 via FrequencyWords processing,CC BY-SA 4.0 content,ALLOWED_WITH_ATTRIBUTION_AND_SHAREALIKE_BOUNDARY,NONE,NO_UNIGRAM_INFERENCE_FOR_MWU,https://github.com/hermitdave/FrequencyWords/blob/master/content/2018/es/es_50k.txt,https://github.com/hermitdave/FrequencyWords,A unigram frequency list cannot estimate MWU frequency by summing component-word counts.,1.32
12B1-MWU-0073,alquilar un apartamento,MWU_CHUNK,CORP-18,FrequencyWords / OpenSubtitles2018 Spanish 50k,FrequencyWords content/2018/es/es_50k.txt (OpenSubtitles2018-derived),MWU_NOT_MEASURABLE_FROM_UNIGRAM_LIST,NOT_APPLICABLE_UNIGRAM_SOURCE,,,NOT_APPLICABLE_UNIGRAM_SOURCE,NOT_APPLICABLE_UNIGRAM_SOURCE,2026-09-04,,,,,NONE_OR_NOT_ANNOTATED_IN_THIS_PASS,FULL_SOURCE_TYPE_REVIEWED_UNIGRAM_ONLY,,,SUBTITLE_AUDIOVISUAL,2018,OpenSubtitles2018 via FrequencyWords processing,CC BY-SA 4.0 content,ALLOWED_WITH_ATTRIBUTION_AND_SHAREALIKE_BOUNDARY,NONE,NO_UNIGRAM_INFERENCE_FOR_MWU,https://github.com/hermitdave/FrequencyWords/blob/master/content/2018/es/es_50k.txt,https://github.com/hermitdave/FrequencyWords,A unigram frequency list cannot estimate MWU frequency by summing component-word counts.,1.32
12B1-MWU-0074,alquilar un piso,MWU_CHUNK,CORP-18,FrequencyWords / OpenSubtitles2018 Spanish 50k,FrequencyWords content/2018/es/es_50k.txt (OpenSubtitles2018-derived),MWU_NOT_MEASURABLE_FROM_UNIGRAM_LIST,NOT_APPLICABLE_UNIGRAM_SOURCE,,,NOT_APPLICABLE_UNIGRAM_SOURCE,NOT_APPLICABLE_UNIGRAM_SOURCE,2026-09-04,,,,,NONE_OR_NOT_ANNOTATED_IN_THIS_PASS,FULL_SOURCE_TYPE_REVIEWED_UNIGRAM_ONLY,,,SUBTITLE_AUDIOVISUAL,2018,OpenSubtitles2018 via FrequencyWords processing,CC BY-SA 4.0 content,ALLOWED_WITH_ATTRIBUTION_AND_SHAREALIKE_BOUNDARY,NONE,NO_UNIGRAM_INFERENCE_FOR_MWU,https://github.com/hermitdave/FrequencyWords/blob/master/content/2018/es/es_50k.txt,https://github.com/hermitdave/FrequencyWords,A unigram frequency list cannot estimate MWU frequency by summing component-word counts.,1.32
12B1-MWU-0075,bien comunicado,MWU_CHUNK,CORP-18,FrequencyWords / OpenSubtitles2018 Spanish 50k,FrequencyWords content/2018/es/es_50k.txt (OpenSubtitles2018-derived),MWU_NOT_MEASURABLE_FROM_UNIGRAM_LIST,NOT_APPLICABLE_UNIGRAM_SOURCE,,,NOT_APPLICABLE_UNIGRAM_SOURCE,NOT_APPLICABLE_UNIGRAM_SOURCE,2026-09-04,,,,,NONE_OR_NOT_ANNOTATED_IN_THIS_PASS,FULL_SOURCE_TYPE_REVIEWED_UNIGRAM_ONLY,,,SUBTITLE_AUDIOVISUAL,2018,OpenSubtitles2018 via FrequencyWords processing,CC BY-SA 4.0 content,ALLOWED_WITH_ATTRIBUTION_AND_SHAREALIKE_BOUNDARY,NONE,NO_UNIGRAM_INFERENCE_FOR_MWU,https://github.com/hermitdave/FrequencyWords/blob/master/content/2018/es/es_50k.txt,https://github.com/hermitdave/FrequencyWords,A unigram frequency list cannot estimate MWU frequency by summing component-word counts.,1.32
12B1-MWU-0076,calefacción central,MWU_CHUNK,CORP-18,FrequencyWords / OpenSubtitles2018 Spanish 50k,FrequencyWords content/2018/es/es_50k.txt (OpenSubtitles2018-derived),MWU_NOT_MEASURABLE_FROM_UNIGRAM_LIST,NOT_APPLICABLE_UNIGRAM_SOURCE,,,NOT_APPLICABLE_UNIGRAM_SOURCE,NOT_APPLICABLE_UNIGRAM_SOURCE,2026-09-04,,,,,NONE_OR_NOT_ANNOTATED_IN_THIS_PASS,FULL_SOURCE_TYPE_REVIEWED_UNIGRAM_ONLY,,,SUBTITLE_AUDIOVISUAL,2018,OpenSubtitles2018 via FrequencyWords processing,CC BY-SA 4.0 content,ALLOWED_WITH_ATTRIBUTION_AND_SHAREALIKE_BOUNDARY,NONE,NO_UNIGRAM_INFERENCE_FOR_MWU,https://github.com/hermitdave/FrequencyWords/blob/master/content/2018/es/es_50k.txt,https://github.com/hermitdave/FrequencyWords,A unigram frequency list cannot estimate MWU frequency by summing component-word counts.,1.32
12B1-MWU-0077,calefacción individual,MWU_CHUNK,CORP-18,FrequencyWords / OpenSubtitles2018 Spanish 50k,FrequencyWords content/2018/es/es_50k.txt (OpenSubtitles2018-derived),MWU_NOT_MEASURABLE_FROM_UNIGRAM_LIST,NOT_APPLICABLE_UNIGRAM_SOURCE,,,NOT_APPLICABLE_UNIGRAM_SOURCE,NOT_APPLICABLE_UNIGRAM_SOURCE,2026-09-04,,,,,NONE_OR_NOT_ANNOTATED_IN_THIS_PASS,FULL_SOURCE_TYPE_REVIEWED_UNIGRAM_ONLY,,,SUBTITLE_AUDIOVISUAL,2018,OpenSubtitles2018 via FrequencyWords processing,CC BY-SA 4.0 content,ALLOWED_WITH_ATTRIBUTION_AND_SHAREALIKE_BOUNDARY,NONE,NO_UNIGRAM_INFERENCE_FOR_MWU,https://github.com/hermitdave/FrequencyWords/blob/master/content/2018/es/es_50k.txt,https://github.com/hermitdave/FrequencyWords,A unigram frequency list cannot estimate MWU frequency by summing component-word counts.,1.32
12B1-MWU-0078,comprar un apartamento,MWU_CHUNK,CORP-18,FrequencyWords / OpenSubtitles2018 Spanish 50k,FrequencyWords content/2018/es/es_50k.txt (OpenSubtitles2018-derived),MWU_NOT_MEASURABLE_FROM_UNIGRAM_LIST,NOT_APPLICABLE_UNIGRAM_SOURCE,,,NOT_APPLICABLE_UNIGRAM_SOURCE,NOT_APPLICABLE_UNIGRAM_SOURCE,2026-09-04,,,,,NONE_OR_NOT_ANNOTATED_IN_THIS_PASS,FULL_SOURCE_TYPE_REVIEWED_UNIGRAM_ONLY,,,SUBTITLE_AUDIOVISUAL,2018,OpenSubtitles2018 via FrequencyWords processing,CC BY-SA 4.0 content,ALLOWED_WITH_ATTRIBUTION_AND_SHAREALIKE_BOUNDARY,NONE,NO_UNIGRAM_INFERENCE_FOR_MWU,https://github.com/hermitdave/FrequencyWords/blob/master/content/2018/es/es_50k.txt,https://github.com/hermitdave/FrequencyWords,A unigram frequency list cannot estimate MWU frequency by summing component-word counts.,1.32
12B1-MWU-0079,comprar un piso,MWU_CHUNK,CORP-18,FrequencyWords / OpenSubtitles2018 Spanish 50k,FrequencyWords content/2018/es/es_50k.txt (OpenSubtitles2018-derived),MWU_NOT_MEASURABLE_FROM_UNIGRAM_LIST,NOT_APPLICABLE_UNIGRAM_SOURCE,,,NOT_APPLICABLE_UNIGRAM_SOURCE,NOT_APPLICABLE_UNIGRAM_SOURCE,2026-09-04,,,,,NONE_OR_NOT_ANNOTATED_IN_THIS_PASS,FULL_SOURCE_TYPE_REVIEWED_UNIGRAM_ONLY,,,SUBTITLE_AUDIOVISUAL,2018,OpenSubtitles2018 via FrequencyWords processing,CC BY-SA 4.0 content,ALLOWED_WITH_ATTRIBUTION_AND_SHAREALIKE_BOUNDARY,NONE,NO_UNIGRAM_INFERENCE_FOR_MWU,https://github.com/hermitdave/FrequencyWords/blob/master/content/2018/es/es_50k.txt,https://github.com/hermitdave/FrequencyWords,A unigram frequency list cannot estimate MWU frequency by summing component-word counts.,1.32
12B1-MWU-0080,cuarto de baño,MWU_CHUNK,CORP-18,FrequencyWords / OpenSubtitles2018 Spanish 50k,FrequencyWords content/2018/es/es_50k.txt (OpenSubtitles2018-derived),MWU_NOT_MEASURABLE_FROM_UNIGRAM_LIST,NOT_APPLICABLE_UNIGRAM_SOURCE,,,NOT_APPLICABLE_UNIGRAM_SOURCE,NOT_APPLICABLE_UNIGRAM_SOURCE,2026-09-04,,,,,NONE_OR_NOT_ANNOTATED_IN_THIS_PASS,FULL_SOURCE_TYPE_REVIEWED_UNIGRAM_ONLY,,,SUBTITLE_AUDIOVISUAL,2018,OpenSubtitles2018 via FrequencyWords processing,CC BY-SA 4.0 content,ALLOWED_WITH_ATTRIBUTION_AND_SHAREALIKE_BOUNDARY,NONE,NO_UNIGRAM_INFERENCE_FOR_MWU,https://github.com/hermitdave/FrequencyWords/blob/master/content/2018/es/es_50k.txt,https://github.com/hermitdave/FrequencyWords,A unigram frequency list cannot estimate MWU frequency by summing component-word counts.,1.32
12B1-MWU-0081,mal comunicado,MWU_CHUNK,CORP-18,FrequencyWords / OpenSubtitles2018 Spanish 50k,FrequencyWords content/2018/es/es_50k.txt (OpenSubtitles2018-derived),MWU_NOT_MEASURABLE_FROM_UNIGRAM_LIST,NOT_APPLICABLE_UNIGRAM_SOURCE,,,NOT_APPLICABLE_UNIGRAM_SOURCE,NOT_APPLICABLE_UNIGRAM_SOURCE,2026-09-04,,,,,NONE_OR_NOT_ANNOTATED_IN_THIS_PASS,FULL_SOURCE_TYPE_REVIEWED_UNIGRAM_ONLY,,,SUBTITLE_AUDIOVISUAL,2018,OpenSubtitles2018 via FrequencyWords processing,CC BY-SA 4.0 content,ALLOWED_WITH_ATTRIBUTION_AND_SHAREALIKE_BOUNDARY,NONE,NO_UNIGRAM_INFERENCE_FOR_MWU,https://github.com/hermitdave/FrequencyWords/blob/master/content/2018/es/es_50k.txt,https://github.com/hermitdave/FrequencyWords,A unigram frequency list cannot estimate MWU frequency by summing component-word counts.,1.32
12B1-MWU-0082,sala de estar,MWU_CHUNK,CORP-18,FrequencyWords / OpenSubtitles2018 Spanish 50k,FrequencyWords content/2018/es/es_50k.txt (OpenSubtitles2018-derived),MWU_NOT_MEASURABLE_FROM_UNIGRAM_LIST,NOT_APPLICABLE_UNIGRAM_SOURCE,,,NOT_APPLICABLE_UNIGRAM_SOURCE,NOT_APPLICABLE_UNIGRAM_SOURCE,2026-09-04,,,,,NONE_OR_NOT_ANNOTATED_IN_THIS_PASS,FULL_SOURCE_TYPE_REVIEWED_UNIGRAM_ONLY,,,SUBTITLE_AUDIOVISUAL,2018,OpenSubtitles2018 via FrequencyWords processing,CC BY-SA 4.0 content,ALLOWED_WITH_ATTRIBUTION_AND_SHAREALIKE_BOUNDARY,NONE,NO_UNIGRAM_INFERENCE_FOR_MWU,https://github.com/hermitdave/FrequencyWords/blob/master/content/2018/es/es_50k.txt,https://github.com/hermitdave/FrequencyWords,A unigram frequency list cannot estimate MWU frequency by summing component-word counts.,1.32
12B1-MWU-0083,tener ascensor,MWU_CHUNK,CORP-18,FrequencyWords / OpenSubtitles2018 Spanish 50k,FrequencyWords content/2018/es/es_50k.txt (OpenSubtitles2018-derived),MWU_NOT_MEASURABLE_FROM_UNIGRAM_LIST,NOT_APPLICABLE_UNIGRAM_SOURCE,,,NOT_APPLICABLE_UNIGRAM_SOURCE,NOT_APPLICABLE_UNIGRAM_SOURCE,2026-09-04,,,,,NONE_OR_NOT_ANNOTATED_IN_THIS_PASS,FULL_SOURCE_TYPE_REVIEWED_UNIGRAM_ONLY,,,SUBTITLE_AUDIOVISUAL,2018,OpenSubtitles2018 via FrequencyWords processing,CC BY-SA 4.0 content,ALLOWED_WITH_ATTRIBUTION_AND_SHAREALIKE_BOUNDARY,NONE,NO_UNIGRAM_INFERENCE_FOR_MWU,https://github.com/hermitdave/FrequencyWords/blob/master/content/2018/es/es_50k.txt,https://github.com/hermitdave/FrequencyWords,A unigram frequency list cannot estimate MWU frequency by summing component-word counts.,1.32
12B1-MWU-0084,tener teléfono,MWU_CHUNK,CORP-18,FrequencyWords / OpenSubtitles2018 Spanish 50k,FrequencyWords content/2018/es/es_50k.txt (OpenSubtitles2018-derived),MWU_NOT_MEASURABLE_FROM_UNIGRAM_LIST,NOT_APPLICABLE_UNIGRAM_SOURCE,,,NOT_APPLICABLE_UNIGRAM_SOURCE,NOT_APPLICABLE_UNIGRAM_SOURCE,2026-09-04,,,,,NONE_OR_NOT_ANNOTATED_IN_THIS_PASS,FULL_SOURCE_TYPE_REVIEWED_UNIGRAM_ONLY,,,SUBTITLE_AUDIOVISUAL,2018,OpenSubtitles2018 via FrequencyWords processing,CC BY-SA 4.0 content,ALLOWED_WITH_ATTRIBUTION_AND_SHAREALIKE_BOUNDARY,NONE,NO_UNIGRAM_INFERENCE_FOR_MWU,https://github.com/hermitdave/FrequencyWords/blob/master/content/2018/es/es_50k.txt,https://github.com/hermitdave/FrequencyWords,A unigram frequency list cannot estimate MWU frequency by summing component-word counts.,1.32
12B1-MWU-0085,vender un apartamento,MWU_CHUNK,CORP-18,FrequencyWords / OpenSubtitles2018 Spanish 50k,FrequencyWords content/2018/es/es_50k.txt (OpenSubtitles2018-derived),MWU_NOT_MEASURABLE_FROM_UNIGRAM_LIST,NOT_APPLICABLE_UNIGRAM_SOURCE,,,NOT_APPLICABLE_UNIGRAM_SOURCE,NOT_APPLICABLE_UNIGRAM_SOURCE,2026-09-04,,,,,NONE_OR_NOT_ANNOTATED_IN_THIS_PASS,FULL_SOURCE_TYPE_REVIEWED_UNIGRAM_ONLY,,,SUBTITLE_AUDIOVISUAL,2018,OpenSubtitles2018 via FrequencyWords processing,CC BY-SA 4.0 content,ALLOWED_WITH_ATTRIBUTION_AND_SHAREALIKE_BOUNDARY,NONE,NO_UNIGRAM_INFERENCE_FOR_MWU,https://github.com/hermitdave/FrequencyWords/blob/master/content/2018/es/es_50k.txt,https://github.com/hermitdave/FrequencyWords,A unigram frequency list cannot estimate MWU frequency by summing component-word counts.,1.32
12B1-MWU-0086,vender un piso,MWU_CHUNK,CORP-18,FrequencyWords / OpenSubtitles2018 Spanish 50k,FrequencyWords content/2018/es/es_50k.txt (OpenSubtitles2018-derived),MWU_NOT_MEASURABLE_FROM_UNIGRAM_LIST,NOT_APPLICABLE_UNIGRAM_SOURCE,,,NOT_APPLICABLE_UNIGRAM_SOURCE,NOT_APPLICABLE_UNIGRAM_SOURCE,2026-09-04,,,,,NONE_OR_NOT_ANNOTATED_IN_THIS_PASS,FULL_SOURCE_TYPE_REVIEWED_UNIGRAM_ONLY,,,SUBTITLE_AUDIOVISUAL,2018,OpenSubtitles2018 via FrequencyWords processing,CC BY-SA 4.0 content,ALLOWED_WITH_ATTRIBUTION_AND_SHAREALIKE_BOUNDARY,NONE,NO_UNIGRAM_INFERENCE_FOR_MWU,https://github.com/hermitdave/FrequencyWords/blob/master/content/2018/es/es_50k.txt,https://github.com/hermitdave/FrequencyWords,A unigram frequency list cannot estimate MWU frequency by summing component-word counts.,1.32
12B1-MWU-0087,vivir en un apartamento,MWU_CHUNK,CORP-18,FrequencyWords / OpenSubtitles2018 Spanish 50k,FrequencyWords content/2018/es/es_50k.txt (OpenSubtitles2018-derived),MWU_NOT_MEASURABLE_FROM_UNIGRAM_LIST,NOT_APPLICABLE_UNIGRAM_SOURCE,,,NOT_APPLICABLE_UNIGRAM_SOURCE,NOT_APPLICABLE_UNIGRAM_SOURCE,2026-09-04,,,,,NONE_OR_NOT_ANNOTATED_IN_THIS_PASS,FULL_SOURCE_TYPE_REVIEWED_UNIGRAM_ONLY,,,SUBTITLE_AUDIOVISUAL,2018,OpenSubtitles2018 via FrequencyWords processing,CC BY-SA 4.0 content,ALLOWED_WITH_ATTRIBUTION_AND_SHAREALIKE_BOUNDARY,NONE,NO_UNIGRAM_INFERENCE_FOR_MWU,https://github.com/hermitdave/FrequencyWords/blob/master/content/2018/es/es_50k.txt,https://github.com/hermitdave/FrequencyWords,A unigram frequency list cannot estimate MWU frequency by summing component-word counts.,1.32
12B1-MWU-0088,vivir en un piso,MWU_CHUNK,CORP-18,FrequencyWords / OpenSubtitles2018 Spanish 50k,FrequencyWords content/2018/es/es_50k.txt (OpenSubtitles2018-derived),MWU_NOT_MEASURABLE_FROM_UNIGRAM_LIST,NOT_APPLICABLE_UNIGRAM_SOURCE,,,NOT_APPLICABLE_UNIGRAM_SOURCE,NOT_APPLICABLE_UNIGRAM_SOURCE,2026-09-04,,,,,NONE_OR_NOT_ANNOTATED_IN_THIS_PASS,FULL_SOURCE_TYPE_REVIEWED_UNIGRAM_ONLY,,,SUBTITLE_AUDIOVISUAL,2018,OpenSubtitles2018 via FrequencyWords processing,CC BY-SA 4.0 content,ALLOWED_WITH_ATTRIBUTION_AND_SHAREALIKE_BOUNDARY,NONE,NO_UNIGRAM_INFERENCE_FOR_MWU,https://github.com/hermitdave/FrequencyWords/blob/master/content/2018/es/es_50k.txt,https://github.com/hermitdave/FrequencyWords,A unigram frequency list cannot estimate MWU frequency by summing component-word counts.,1.32
12B1-MWU-0089,vivir en una casa,MWU_CHUNK,CORP-18,FrequencyWords / OpenSubtitles2018 Spanish 50k,FrequencyWords content/2018/es/es_50k.txt (OpenSubtitles2018-derived),MWU_NOT_MEASURABLE_FROM_UNIGRAM_LIST,NOT_APPLICABLE_UNIGRAM_SOURCE,,,NOT_APPLICABLE_UNIGRAM_SOURCE,NOT_APPLICABLE_UNIGRAM_SOURCE,2026-09-04,,,,,NONE_OR_NOT_ANNOTATED_IN_THIS_PASS,FULL_SOURCE_TYPE_REVIEWED_UNIGRAM_ONLY,,,SUBTITLE_AUDIOVISUAL,2018,OpenSubtitles2018 via FrequencyWords processing,CC BY-SA 4.0 content,ALLOWED_WITH_ATTRIBUTION_AND_SHAREALIKE_BOUNDARY,NONE,NO_UNIGRAM_INFERENCE_FOR_MWU,https://github.com/hermitdave/FrequencyWords/blob/master/content/2018/es/es_50k.txt,https://github.com/hermitdave/FrequencyWords,A unigram frequency list cannot estimate MWU frequency by summing component-word counts.,1.32
12B1-MWU-0090,cambiar dinero,MWU_CHUNK,CORP-18,FrequencyWords / OpenSubtitles2018 Spanish 50k,FrequencyWords content/2018/es/es_50k.txt (OpenSubtitles2018-derived),MWU_NOT_MEASURABLE_FROM_UNIGRAM_LIST,NOT_APPLICABLE_UNIGRAM_SOURCE,,,NOT_APPLICABLE_UNIGRAM_SOURCE,NOT_APPLICABLE_UNIGRAM_SOURCE,2026-09-04,,,,,NONE_OR_NOT_ANNOTATED_IN_THIS_PASS,FULL_SOURCE_TYPE_REVIEWED_UNIGRAM_ONLY,,,SUBTITLE_AUDIOVISUAL,2018,OpenSubtitles2018 via FrequencyWords processing,CC BY-SA 4.0 content,ALLOWED_WITH_ATTRIBUTION_AND_SHAREALIKE_BOUNDARY,NONE,NO_UNIGRAM_INFERENCE_FOR_MWU,https://github.com/hermitdave/FrequencyWords/blob/master/content/2018/es/es_50k.txt,https://github.com/hermitdave/FrequencyWords,A unigram frequency list cannot estimate MWU frequency by summing component-word counts.,1.32
12B1-MWU-0091,pagar con tarjeta,MWU_CHUNK,CORP-18,FrequencyWords / OpenSubtitles2018 Spanish 50k,FrequencyWords content/2018/es/es_50k.txt (OpenSubtitles2018-derived),MWU_NOT_MEASURABLE_FROM_UNIGRAM_LIST,NOT_APPLICABLE_UNIGRAM_SOURCE,,,NOT_APPLICABLE_UNIGRAM_SOURCE,NOT_APPLICABLE_UNIGRAM_SOURCE,2026-09-04,,,,,NONE_OR_NOT_ANNOTATED_IN_THIS_PASS,FULL_SOURCE_TYPE_REVIEWED_UNIGRAM_ONLY,,,SUBTITLE_AUDIOVISUAL,2018,OpenSubtitles2018 via FrequencyWords processing,CC BY-SA 4.0 content,ALLOWED_WITH_ATTRIBUTION_AND_SHAREALIKE_BOUNDARY,NONE,NO_UNIGRAM_INFERENCE_FOR_MWU,https://github.com/hermitdave/FrequencyWords/blob/master/content/2018/es/es_50k.txt,https://github.com/hermitdave/FrequencyWords,A unigram frequency list cannot estimate MWU frequency by summing component-word counts.,1.32
12B1-MWU-0092,estar enfermo,MWU_CHUNK,CORP-18,FrequencyWords / OpenSubtitles2018 Spanish 50k,FrequencyWords content/2018/es/es_50k.txt (OpenSubtitles2018-derived),MWU_NOT_MEASURABLE_FROM_UNIGRAM_LIST,NOT_APPLICABLE_UNIGRAM_SOURCE,,,NOT_APPLICABLE_UNIGRAM_SOURCE,NOT_APPLICABLE_UNIGRAM_SOURCE,2026-09-04,,,,,NONE_OR_NOT_ANNOTATED_IN_THIS_PASS,FULL_SOURCE_TYPE_REVIEWED_UNIGRAM_ONLY,,,SUBTITLE_AUDIOVISUAL,2018,OpenSubtitles2018 via FrequencyWords processing,CC BY-SA 4.0 content,ALLOWED_WITH_ATTRIBUTION_AND_SHAREALIKE_BOUNDARY,NONE,NO_UNIGRAM_INFERENCE_FOR_MWU,https://github.com/hermitdave/FrequencyWords/blob/master/content/2018/es/es_50k.txt,https://github.com/hermitdave/FrequencyWords,A unigram frequency list cannot estimate MWU frequency by summing component-word counts.,1.32
12B1-MWU-0093,estar malo,MWU_CHUNK,CORP-18,FrequencyWords / OpenSubtitles2018 Spanish 50k,FrequencyWords content/2018/es/es_50k.txt (OpenSubtitles2018-derived),MWU_NOT_MEASURABLE_FROM_UNIGRAM_LIST,NOT_APPLICABLE_UNIGRAM_SOURCE,,,NOT_APPLICABLE_UNIGRAM_SOURCE,NOT_APPLICABLE_UNIGRAM_SOURCE,2026-09-04,,,,,NONE_OR_NOT_ANNOTATED_IN_THIS_PASS,FULL_SOURCE_TYPE_REVIEWED_UNIGRAM_ONLY,,,SUBTITLE_AUDIOVISUAL,2018,OpenSubtitles2018 via FrequencyWords processing,CC BY-SA 4.0 content,ALLOWED_WITH_ATTRIBUTION_AND_SHAREALIKE_BOUNDARY,NONE,NO_UNIGRAM_INFERENCE_FOR_MWU,https://github.com/hermitdave/FrequencyWords/blob/master/content/2018/es/es_50k.txt,https://github.com/hermitdave/FrequencyWords,A unigram frequency list cannot estimate MWU frequency by summing component-word counts.,1.32
12B1-MWU-0094,ir al hospital,MWU_CHUNK,CORP-18,FrequencyWords / OpenSubtitles2018 Spanish 50k,FrequencyWords content/2018/es/es_50k.txt (OpenSubtitles2018-derived),MWU_NOT_MEASURABLE_FROM_UNIGRAM_LIST,NOT_APPLICABLE_UNIGRAM_SOURCE,,,NOT_APPLICABLE_UNIGRAM_SOURCE,NOT_APPLICABLE_UNIGRAM_SOURCE,2026-09-04,,,,,NONE_OR_NOT_ANNOTATED_IN_THIS_PASS,FULL_SOURCE_TYPE_REVIEWED_UNIGRAM_ONLY,,,SUBTITLE_AUDIOVISUAL,2018,OpenSubtitles2018 via FrequencyWords processing,CC BY-SA 4.0 content,ALLOWED_WITH_ATTRIBUTION_AND_SHAREALIKE_BOUNDARY,NONE,NO_UNIGRAM_INFERENCE_FOR_MWU,https://github.com/hermitdave/FrequencyWords/blob/master/content/2018/es/es_50k.txt,https://github.com/hermitdave/FrequencyWords,A unigram frequency list cannot estimate MWU frequency by summing component-word counts.,1.32
12B1-MWU-0095,ir al médico,MWU_CHUNK,CORP-18,FrequencyWords / OpenSubtitles2018 Spanish 50k,FrequencyWords content/2018/es/es_50k.txt (OpenSubtitles2018-derived),MWU_NOT_MEASURABLE_FROM_UNIGRAM_LIST,NOT_APPLICABLE_UNIGRAM_SOURCE,,,NOT_APPLICABLE_UNIGRAM_SOURCE,NOT_APPLICABLE_UNIGRAM_SOURCE,2026-09-04,,,,,NONE_OR_NOT_ANNOTATED_IN_THIS_PASS,FULL_SOURCE_TYPE_REVIEWED_UNIGRAM_ONLY,,,SUBTITLE_AUDIOVISUAL,2018,OpenSubtitles2018 via FrequencyWords processing,CC BY-SA 4.0 content,ALLOWED_WITH_ATTRIBUTION_AND_SHAREALIKE_BOUNDARY,NONE,NO_UNIGRAM_INFERENCE_FOR_MWU,https://github.com/hermitdave/FrequencyWords/blob/master/content/2018/es/es_50k.txt,https://github.com/hermitdave/FrequencyWords,A unigram frequency list cannot estimate MWU frequency by summing component-word counts.,1.32
12B1-MWU-0096,lavarse el pelo,MWU_CHUNK,CORP-18,FrequencyWords / OpenSubtitles2018 Spanish 50k,FrequencyWords content/2018/es/es_50k.txt (OpenSubtitles2018-derived),MWU_NOT_MEASURABLE_FROM_UNIGRAM_LIST,NOT_APPLICABLE_UNIGRAM_SOURCE,,,NOT_APPLICABLE_UNIGRAM_SOURCE,NOT_APPLICABLE_UNIGRAM_SOURCE,2026-09-04,,,,,NONE_OR_NOT_ANNOTATED_IN_THIS_PASS,FULL_SOURCE_TYPE_REVIEWED_UNIGRAM_ONLY,,,SUBTITLE_AUDIOVISUAL,2018,OpenSubtitles2018 via FrequencyWords processing,CC BY-SA 4.0 content,ALLOWED_WITH_ATTRIBUTION_AND_SHAREALIKE_BOUNDARY,NONE,NO_UNIGRAM_INFERENCE_FOR_MWU,https://github.com/hermitdave/FrequencyWords/blob/master/content/2018/es/es_50k.txt,https://github.com/hermitdave/FrequencyWords,A unigram frequency list cannot estimate MWU frequency by summing component-word counts.,1.32
12B1-MWU-0097,lavarse la cara,MWU_CHUNK,CORP-18,FrequencyWords / OpenSubtitles2018 Spanish 50k,FrequencyWords content/2018/es/es_50k.txt (OpenSubtitles2018-derived),MWU_NOT_MEASURABLE_FROM_UNIGRAM_LIST,NOT_APPLICABLE_UNIGRAM_SOURCE,,,NOT_APPLICABLE_UNIGRAM_SOURCE,NOT_APPLICABLE_UNIGRAM_SOURCE,2026-09-04,,,,,NONE_OR_NOT_ANNOTATED_IN_THIS_PASS,FULL_SOURCE_TYPE_REVIEWED_UNIGRAM_ONLY,,,SUBTITLE_AUDIOVISUAL,2018,OpenSubtitles2018 via FrequencyWords processing,CC BY-SA 4.0 content,ALLOWED_WITH_ATTRIBUTION_AND_SHAREALIKE_BOUNDARY,NONE,NO_UNIGRAM_INFERENCE_FOR_MWU,https://github.com/hermitdave/FrequencyWords/blob/master/content/2018/es/es_50k.txt,https://github.com/hermitdave/FrequencyWords,A unigram frequency list cannot estimate MWU frequency by summing component-word counts.,1.32
12B1-MWU-0098,lavarse las manos,MWU_CHUNK,CORP-18,FrequencyWords / OpenSubtitles2018 Spanish 50k,FrequencyWords content/2018/es/es_50k.txt (OpenSubtitles2018-derived),MWU_NOT_MEASURABLE_FROM_UNIGRAM_LIST,NOT_APPLICABLE_UNIGRAM_SOURCE,,,NOT_APPLICABLE_UNIGRAM_SOURCE,NOT_APPLICABLE_UNIGRAM_SOURCE,2026-09-04,,,,,NONE_OR_NOT_ANNOTATED_IN_THIS_PASS,FULL_SOURCE_TYPE_REVIEWED_UNIGRAM_ONLY,,,SUBTITLE_AUDIOVISUAL,2018,OpenSubtitles2018 via FrequencyWords processing,CC BY-SA 4.0 content,ALLOWED_WITH_ATTRIBUTION_AND_SHAREALIKE_BOUNDARY,NONE,NO_UNIGRAM_INFERENCE_FOR_MWU,https://github.com/hermitdave/FrequencyWords/blob/master/content/2018/es/es_50k.txt,https://github.com/hermitdave/FrequencyWords,A unigram frequency list cannot estimate MWU frequency by summing component-word counts.,1.32
12B1-MWU-0099,lavarse los dientes,MWU_CHUNK,CORP-18,FrequencyWords / OpenSubtitles2018 Spanish 50k,FrequencyWords content/2018/es/es_50k.txt (OpenSubtitles2018-derived),MWU_NOT_MEASURABLE_FROM_UNIGRAM_LIST,NOT_APPLICABLE_UNIGRAM_SOURCE,,,NOT_APPLICABLE_UNIGRAM_SOURCE,NOT_APPLICABLE_UNIGRAM_SOURCE,2026-09-04,,,,,NONE_OR_NOT_ANNOTATED_IN_THIS_PASS,FULL_SOURCE_TYPE_REVIEWED_UNIGRAM_ONLY,,,SUBTITLE_AUDIOVISUAL,2018,OpenSubtitles2018 via FrequencyWords processing,CC BY-SA 4.0 content,ALLOWED_WITH_ATTRIBUTION_AND_SHAREALIKE_BOUNDARY,NONE,NO_UNIGRAM_INFERENCE_FOR_MWU,https://github.com/hermitdave/FrequencyWords/blob/master/content/2018/es/es_50k.txt,https://github.com/hermitdave/FrequencyWords,A unigram frequency list cannot estimate MWU frequency by summing component-word counts.,1.32
12B1-MWU-0100,comprar un billete de ida,MWU_CHUNK,CORP-18,FrequencyWords / OpenSubtitles2018 Spanish 50k,FrequencyWords content/2018/es/es_50k.txt (OpenSubtitles2018-derived),MWU_NOT_MEASURABLE_FROM_UNIGRAM_LIST,NOT_APPLICABLE_UNIGRAM_SOURCE,,,NOT_APPLICABLE_UNIGRAM_SOURCE,NOT_APPLICABLE_UNIGRAM_SOURCE,2026-09-04,,,,,NONE_OR_NOT_ANNOTATED_IN_THIS_PASS,FULL_SOURCE_TYPE_REVIEWED_UNIGRAM_ONLY,,,SUBTITLE_AUDIOVISUAL,2018,OpenSubtitles2018 via FrequencyWords processing,CC BY-SA 4.0 content,ALLOWED_WITH_ATTRIBUTION_AND_SHAREALIKE_BOUNDARY,NONE,NO_UNIGRAM_INFERENCE_FOR_MWU,https://github.com/hermitdave/FrequencyWords/blob/master/content/2018/es/es_50k.txt,https://github.com/hermitdave/FrequencyWords,A unigram frequency list cannot estimate MWU frequency by summing component-word counts.,1.32
12B1-MWU-0101,comprar un billete de ida y vuelta,MWU_CHUNK,CORP-18,FrequencyWords / OpenSubtitles2018 Spanish 50k,FrequencyWords content/2018/es/es_50k.txt (OpenSubtitles2018-derived),MWU_NOT_MEASURABLE_FROM_UNIGRAM_LIST,NOT_APPLICABLE_UNIGRAM_SOURCE,,,NOT_APPLICABLE_UNIGRAM_SOURCE,NOT_APPLICABLE_UNIGRAM_SOURCE,2026-09-04,,,,,NONE_OR_NOT_ANNOTATED_IN_THIS_PASS,FULL_SOURCE_TYPE_REVIEWED_UNIGRAM_ONLY,,,SUBTITLE_AUDIOVISUAL,2018,OpenSubtitles2018 via FrequencyWords processing,CC BY-SA 4.0 content,ALLOWED_WITH_ATTRIBUTION_AND_SHAREALIKE_BOUNDARY,NONE,NO_UNIGRAM_INFERENCE_FOR_MWU,https://github.com/hermitdave/FrequencyWords/blob/master/content/2018/es/es_50k.txt,https://github.com/hermitdave/FrequencyWords,A unigram frequency list cannot estimate MWU frequency by summing component-word counts.,1.32
12B1-MWU-0102,estación de autobuses,MWU_CHUNK,CORP-18,FrequencyWords / OpenSubtitles2018 Spanish 50k,FrequencyWords content/2018/es/es_50k.txt (OpenSubtitles2018-derived),MWU_NOT_MEASURABLE_FROM_UNIGRAM_LIST,NOT_APPLICABLE_UNIGRAM_SOURCE,,,NOT_APPLICABLE_UNIGRAM_SOURCE,NOT_APPLICABLE_UNIGRAM_SOURCE,2026-09-04,,,,,NONE_OR_NOT_ANNOTATED_IN_THIS_PASS,FULL_SOURCE_TYPE_REVIEWED_UNIGRAM_ONLY,,,SUBTITLE_AUDIOVISUAL,2018,OpenSubtitles2018 via FrequencyWords processing,CC BY-SA 4.0 content,ALLOWED_WITH_ATTRIBUTION_AND_SHAREALIKE_BOUNDARY,NONE,NO_UNIGRAM_INFERENCE_FOR_MWU,https://github.com/hermitdave/FrequencyWords/blob/master/content/2018/es/es_50k.txt,https://github.com/hermitdave/FrequencyWords,A unigram frequency list cannot estimate MWU frequency by summing component-word counts.,1.32
12B1-MWU-0103,estación de metro,MWU_CHUNK,CORP-18,FrequencyWords / OpenSubtitles2018 Spanish 50k,FrequencyWords content/2018/es/es_50k.txt (OpenSubtitles2018-derived),MWU_NOT_MEASURABLE_FROM_UNIGRAM_LIST,NOT_APPLICABLE_UNIGRAM_SOURCE,,,NOT_APPLICABLE_UNIGRAM_SOURCE,NOT_APPLICABLE_UNIGRAM_SOURCE,2026-09-04,,,,,NONE_OR_NOT_ANNOTATED_IN_THIS_PASS,FULL_SOURCE_TYPE_REVIEWED_UNIGRAM_ONLY,,,SUBTITLE_AUDIOVISUAL,2018,OpenSubtitles2018 via FrequencyWords processing,CC BY-SA 4.0 content,ALLOWED_WITH_ATTRIBUTION_AND_SHAREALIKE_BOUNDARY,NONE,NO_UNIGRAM_INFERENCE_FOR_MWU,https://github.com/hermitdave/FrequencyWords/blob/master/content/2018/es/es_50k.txt,https://github.com/hermitdave/FrequencyWords,A unigram frequency list cannot estimate MWU frequency by summing component-word counts.,1.32
12B1-MWU-0104,estación de tren,MWU_CHUNK,CORP-18,FrequencyWords / OpenSubtitles2018 Spanish 50k,FrequencyWords content/2018/es/es_50k.txt (OpenSubtitles2018-derived),MWU_NOT_MEASURABLE_FROM_UNIGRAM_LIST,NOT_APPLICABLE_UNIGRAM_SOURCE,,,NOT_APPLICABLE_UNIGRAM_SOURCE,NOT_APPLICABLE_UNIGRAM_SOURCE,2026-09-04,,,,,NONE_OR_NOT_ANNOTATED_IN_THIS_PASS,FULL_SOURCE_TYPE_REVIEWED_UNIGRAM_ONLY,,,SUBTITLE_AUDIOVISUAL,2018,OpenSubtitles2018 via FrequencyWords processing,CC BY-SA 4.0 content,ALLOWED_WITH_ATTRIBUTION_AND_SHAREALIKE_BOUNDARY,NONE,NO_UNIGRAM_INFERENCE_FOR_MWU,https://github.com/hermitdave/FrequencyWords/blob/master/content/2018/es/es_50k.txt,https://github.com/hermitdave/FrequencyWords,A unigram frequency list cannot estimate MWU frequency by summing component-word counts.,1.32
12B1-MWU-0105,habitación con aire acondicionado,MWU_CHUNK,CORP-18,FrequencyWords / OpenSubtitles2018 Spanish 50k,FrequencyWords content/2018/es/es_50k.txt (OpenSubtitles2018-derived),MWU_NOT_MEASURABLE_FROM_UNIGRAM_LIST,NOT_APPLICABLE_UNIGRAM_SOURCE,,,NOT_APPLICABLE_UNIGRAM_SOURCE,NOT_APPLICABLE_UNIGRAM_SOURCE,2026-09-04,,,,,NONE_OR_NOT_ANNOTATED_IN_THIS_PASS,FULL_SOURCE_TYPE_REVIEWED_UNIGRAM_ONLY,,,SUBTITLE_AUDIOVISUAL,2018,OpenSubtitles2018 via FrequencyWords processing,CC BY-SA 4.0 content,ALLOWED_WITH_ATTRIBUTION_AND_SHAREALIKE_BOUNDARY,NONE,NO_UNIGRAM_INFERENCE_FOR_MWU,https://github.com/hermitdave/FrequencyWords/blob/master/content/2018/es/es_50k.txt,https://github.com/hermitdave/FrequencyWords,A unigram frequency list cannot estimate MWU frequency by summing component-word counts.,1.32
12B1-MWU-0106,habitación con baño,MWU_CHUNK,CORP-18,FrequencyWords / OpenSubtitles2018 Spanish 50k,FrequencyWords content/2018/es/es_50k.txt (OpenSubtitles2018-derived),MWU_NOT_MEASURABLE_FROM_UNIGRAM_LIST,NOT_APPLICABLE_UNIGRAM_SOURCE,,,NOT_APPLICABLE_UNIGRAM_SOURCE,NOT_APPLICABLE_UNIGRAM_SOURCE,2026-09-04,,,,,NONE_OR_NOT_ANNOTATED_IN_THIS_PASS,FULL_SOURCE_TYPE_REVIEWED_UNIGRAM_ONLY,,,SUBTITLE_AUDIOVISUAL,2018,OpenSubtitles2018 via FrequencyWords processing,CC BY-SA 4.0 content,ALLOWED_WITH_ATTRIBUTION_AND_SHAREALIKE_BOUNDARY,NONE,NO_UNIGRAM_INFERENCE_FOR_MWU,https://github.com/hermitdave/FrequencyWords/blob/master/content/2018/es/es_50k.txt,https://github.com/hermitdave/FrequencyWords,A unigram frequency list cannot estimate MWU frequency by summing component-word counts.,1.32
12B1-MWU-0107,habitación con televisión,MWU_CHUNK,CORP-18,FrequencyWords / OpenSubtitles2018 Spanish 50k,FrequencyWords content/2018/es/es_50k.txt (OpenSubtitles2018-derived),MWU_NOT_MEASURABLE_FROM_UNIGRAM_LIST,NOT_APPLICABLE_UNIGRAM_SOURCE,,,NOT_APPLICABLE_UNIGRAM_SOURCE,NOT_APPLICABLE_UNIGRAM_SOURCE,2026-09-04,,,,,NONE_OR_NOT_ANNOTATED_IN_THIS_PASS,FULL_SOURCE_TYPE_REVIEWED_UNIGRAM_ONLY,,,SUBTITLE_AUDIOVISUAL,2018,OpenSubtitles2018 via FrequencyWords processing,CC BY-SA 4.0 content,ALLOWED_WITH_ATTRIBUTION_AND_SHAREALIKE_BOUNDARY,NONE,NO_UNIGRAM_INFERENCE_FOR_MWU,https://github.com/hermitdave/FrequencyWords/blob/master/content/2018/es/es_50k.txt,https://github.com/hermitdave/FrequencyWords,A unigram frequency list cannot estimate MWU frequency by summing component-word counts.,1.32
12B1-MWU-0108,habitación con teléfono,MWU_CHUNK,CORP-18,FrequencyWords / OpenSubtitles2018 Spanish 50k,FrequencyWords content/2018/es/es_50k.txt (OpenSubtitles2018-derived),MWU_NOT_MEASURABLE_FROM_UNIGRAM_LIST,NOT_APPLICABLE_UNIGRAM_SOURCE,,,NOT_APPLICABLE_UNIGRAM_SOURCE,NOT_APPLICABLE_UNIGRAM_SOURCE,2026-09-04,,,,,NONE_OR_NOT_ANNOTATED_IN_THIS_PASS,FULL_SOURCE_TYPE_REVIEWED_UNIGRAM_ONLY,,,SUBTITLE_AUDIOVISUAL,2018,OpenSubtitles2018 via FrequencyWords processing,CC BY-SA 4.0 content,ALLOWED_WITH_ATTRIBUTION_AND_SHAREALIKE_BOUNDARY,NONE,NO_UNIGRAM_INFERENCE_FOR_MWU,https://github.com/hermitdave/FrequencyWords/blob/master/content/2018/es/es_50k.txt,https://github.com/hermitdave/FrequencyWords,A unigram frequency list cannot estimate MWU frequency by summing component-word counts.,1.32
12B1-MWU-0109,habitación doble,MWU_CHUNK,CORP-18,FrequencyWords / OpenSubtitles2018 Spanish 50k,FrequencyWords content/2018/es/es_50k.txt (OpenSubtitles2018-derived),MWU_NOT_MEASURABLE_FROM_UNIGRAM_LIST,NOT_APPLICABLE_UNIGRAM_SOURCE,,,NOT_APPLICABLE_UNIGRAM_SOURCE,NOT_APPLICABLE_UNIGRAM_SOURCE,2026-09-04,,,,,NONE_OR_NOT_ANNOTATED_IN_THIS_PASS,FULL_SOURCE_TYPE_REVIEWED_UNIGRAM_ONLY,,,SUBTITLE_AUDIOVISUAL,2018,OpenSubtitles2018 via FrequencyWords processing,CC BY-SA 4.0 content,ALLOWED_WITH_ATTRIBUTION_AND_SHAREALIKE_BOUNDARY,NONE,NO_UNIGRAM_INFERENCE_FOR_MWU,https://github.com/hermitdave/FrequencyWords/blob/master/content/2018/es/es_50k.txt,https://github.com/hermitdave/FrequencyWords,A unigram frequency list cannot estimate MWU frequency by summing component-word counts.,1.32
12B1-MWU-0110,habitación individual,MWU_CHUNK,CORP-18,FrequencyWords / OpenSubtitles2018 Spanish 50k,FrequencyWords content/2018/es/es_50k.txt (OpenSubtitles2018-derived),MWU_NOT_MEASURABLE_FROM_UNIGRAM_LIST,NOT_APPLICABLE_UNIGRAM_SOURCE,,,NOT_APPLICABLE_UNIGRAM_SOURCE,NOT_APPLICABLE_UNIGRAM_SOURCE,2026-09-04,,,,,NONE_OR_NOT_ANNOTATED_IN_THIS_PASS,FULL_SOURCE_TYPE_REVIEWED_UNIGRAM_ONLY,,,SUBTITLE_AUDIOVISUAL,2018,OpenSubtitles2018 via FrequencyWords processing,CC BY-SA 4.0 content,ALLOWED_WITH_ATTRIBUTION_AND_SHAREALIKE_BOUNDARY,NONE,NO_UNIGRAM_INFERENCE_FOR_MWU,https://github.com/hermitdave/FrequencyWords/blob/master/content/2018/es/es_50k.txt,https://github.com/hermitdave/FrequencyWords,A unigram frequency list cannot estimate MWU frequency by summing component-word counts.,1.32
12B1-MWU-0111,ir a la montaña,MWU_CHUNK,CORP-18,FrequencyWords / OpenSubtitles2018 Spanish 50k,FrequencyWords content/2018/es/es_50k.txt (OpenSubtitles2018-derived),MWU_NOT_MEASURABLE_FROM_UNIGRAM_LIST,NOT_APPLICABLE_UNIGRAM_SOURCE,,,NOT_APPLICABLE_UNIGRAM_SOURCE,NOT_APPLICABLE_UNIGRAM_SOURCE,2026-09-04,,,,,NONE_OR_NOT_ANNOTATED_IN_THIS_PASS,FULL_SOURCE_TYPE_REVIEWED_UNIGRAM_ONLY,,,SUBTITLE_AUDIOVISUAL,2018,OpenSubtitles2018 via FrequencyWords processing,CC BY-SA 4.0 content,ALLOWED_WITH_ATTRIBUTION_AND_SHAREALIKE_BOUNDARY,NONE,NO_UNIGRAM_INFERENCE_FOR_MWU,https://github.com/hermitdave/FrequencyWords/blob/master/content/2018/es/es_50k.txt,https://github.com/hermitdave/FrequencyWords,A unigram frequency list cannot estimate MWU frequency by summing component-word counts.,1.32
12B1-MWU-0112,ir a la playa,MWU_CHUNK,CORP-18,FrequencyWords / OpenSubtitles2018 Spanish 50k,FrequencyWords content/2018/es/es_50k.txt (OpenSubtitles2018-derived),MWU_NOT_MEASURABLE_FROM_UNIGRAM_LIST,NOT_APPLICABLE_UNIGRAM_SOURCE,,,NOT_APPLICABLE_UNIGRAM_SOURCE,NOT_APPLICABLE_UNIGRAM_SOURCE,2026-09-04,,,,,NONE_OR_NOT_ANNOTATED_IN_THIS_PASS,FULL_SOURCE_TYPE_REVIEWED_UNIGRAM_ONLY,,,SUBTITLE_AUDIOVISUAL,2018,OpenSubtitles2018 via FrequencyWords processing,CC BY-SA 4.0 content,ALLOWED_WITH_ATTRIBUTION_AND_SHAREALIKE_BOUNDARY,NONE,NO_UNIGRAM_INFERENCE_FOR_MWU,https://github.com/hermitdave/FrequencyWords/blob/master/content/2018/es/es_50k.txt,https://github.com/hermitdave/FrequencyWords,A unigram frequency list cannot estimate MWU frequency by summing component-word counts.,1.32
12B1-MWU-0113,ir andando,MWU_CHUNK,CORP-18,FrequencyWords / OpenSubtitles2018 Spanish 50k,FrequencyWords content/2018/es/es_50k.txt (OpenSubtitles2018-derived),MWU_NOT_MEASURABLE_FROM_UNIGRAM_LIST,NOT_APPLICABLE_UNIGRAM_SOURCE,,,NOT_APPLICABLE_UNIGRAM_SOURCE,NOT_APPLICABLE_UNIGRAM_SOURCE,2026-09-04,,,,,NONE_OR_NOT_ANNOTATED_IN_THIS_PASS,FULL_SOURCE_TYPE_REVIEWED_UNIGRAM_ONLY,,,SUBTITLE_AUDIOVISUAL,2018,OpenSubtitles2018 via FrequencyWords processing,CC BY-SA 4.0 content,ALLOWED_WITH_ATTRIBUTION_AND_SHAREALIKE_BOUNDARY,NONE,NO_UNIGRAM_INFERENCE_FOR_MWU,https://github.com/hermitdave/FrequencyWords/blob/master/content/2018/es/es_50k.txt,https://github.com/hermitdave/FrequencyWords,A unigram frequency list cannot estimate MWU frequency by summing component-word counts.,1.32
12B1-MWU-0114,ir en autobús,MWU_CHUNK,CORP-18,FrequencyWords / OpenSubtitles2018 Spanish 50k,FrequencyWords content/2018/es/es_50k.txt (OpenSubtitles2018-derived),MWU_NOT_MEASURABLE_FROM_UNIGRAM_LIST,NOT_APPLICABLE_UNIGRAM_SOURCE,,,NOT_APPLICABLE_UNIGRAM_SOURCE,NOT_APPLICABLE_UNIGRAM_SOURCE,2026-09-04,,,,,NONE_OR_NOT_ANNOTATED_IN_THIS_PASS,FULL_SOURCE_TYPE_REVIEWED_UNIGRAM_ONLY,,,SUBTITLE_AUDIOVISUAL,2018,OpenSubtitles2018 via FrequencyWords processing,CC BY-SA 4.0 content,ALLOWED_WITH_ATTRIBUTION_AND_SHAREALIKE_BOUNDARY,NONE,NO_UNIGRAM_INFERENCE_FOR_MWU,https://github.com/hermitdave/FrequencyWords/blob/master/content/2018/es/es_50k.txt,https://github.com/hermitdave/FrequencyWords,A unigram frequency list cannot estimate MWU frequency by summing component-word counts.,1.32
12B1-MWU-0115,ir en avión,MWU_CHUNK,CORP-18,FrequencyWords / OpenSubtitles2018 Spanish 50k,FrequencyWords content/2018/es/es_50k.txt (OpenSubtitles2018-derived),MWU_NOT_MEASURABLE_FROM_UNIGRAM_LIST,NOT_APPLICABLE_UNIGRAM_SOURCE,,,NOT_APPLICABLE_UNIGRAM_SOURCE,NOT_APPLICABLE_UNIGRAM_SOURCE,2026-09-04,,,,,NONE_OR_NOT_ANNOTATED_IN_THIS_PASS,FULL_SOURCE_TYPE_REVIEWED_UNIGRAM_ONLY,,,SUBTITLE_AUDIOVISUAL,2018,OpenSubtitles2018 via FrequencyWords processing,CC BY-SA 4.0 content,ALLOWED_WITH_ATTRIBUTION_AND_SHAREALIKE_BOUNDARY,NONE,NO_UNIGRAM_INFERENCE_FOR_MWU,https://github.com/hermitdave/FrequencyWords/blob/master/content/2018/es/es_50k.txt,https://github.com/hermitdave/FrequencyWords,A unigram frequency list cannot estimate MWU frequency by summing component-word counts.,1.32
12B1-MWU-0116,ir en barco,MWU_CHUNK,CORP-18,FrequencyWords / OpenSubtitles2018 Spanish 50k,FrequencyWords content/2018/es/es_50k.txt (OpenSubtitles2018-derived),MWU_NOT_MEASURABLE_FROM_UNIGRAM_LIST,NOT_APPLICABLE_UNIGRAM_SOURCE,,,NOT_APPLICABLE_UNIGRAM_SOURCE,NOT_APPLICABLE_UNIGRAM_SOURCE,2026-09-04,,,,,NONE_OR_NOT_ANNOTATED_IN_THIS_PASS,FULL_SOURCE_TYPE_REVIEWED_UNIGRAM_ONLY,,,SUBTITLE_AUDIOVISUAL,2018,OpenSubtitles2018 via FrequencyWords processing,CC BY-SA 4.0 content,ALLOWED_WITH_ATTRIBUTION_AND_SHAREALIKE_BOUNDARY,NONE,NO_UNIGRAM_INFERENCE_FOR_MWU,https://github.com/hermitdave/FrequencyWords/blob/master/content/2018/es/es_50k.txt,https://github.com/hermitdave/FrequencyWords,A unigram frequency list cannot estimate MWU frequency by summing component-word counts.,1.32
12B1-MWU-0117,ir en coche,MWU_CHUNK,CORP-18,FrequencyWords / OpenSubtitles2018 Spanish 50k,FrequencyWords content/2018/es/es_50k.txt (OpenSubtitles2018-derived),MWU_NOT_MEASURABLE_FROM_UNIGRAM_LIST,NOT_APPLICABLE_UNIGRAM_SOURCE,,,NOT_APPLICABLE_UNIGRAM_SOURCE,NOT_APPLICABLE_UNIGRAM_SOURCE,2026-09-04,,,,,NONE_OR_NOT_ANNOTATED_IN_THIS_PASS,FULL_SOURCE_TYPE_REVIEWED_UNIGRAM_ONLY,,,SUBTITLE_AUDIOVISUAL,2018,OpenSubtitles2018 via FrequencyWords processing,CC BY-SA 4.0 content,ALLOWED_WITH_ATTRIBUTION_AND_SHAREALIKE_BOUNDARY,NONE,NO_UNIGRAM_INFERENCE_FOR_MWU,https://github.com/hermitdave/FrequencyWords/blob/master/content/2018/es/es_50k.txt,https://github.com/hermitdave/FrequencyWords,A unigram frequency list cannot estimate MWU frequency by summing component-word counts.,1.32
12B1-MWU-0118,ir en metro,MWU_CHUNK,CORP-18,FrequencyWords / OpenSubtitles2018 Spanish 50k,FrequencyWords content/2018/es/es_50k.txt (OpenSubtitles2018-derived),MWU_NOT_MEASURABLE_FROM_UNIGRAM_LIST,NOT_APPLICABLE_UNIGRAM_SOURCE,,,NOT_APPLICABLE_UNIGRAM_SOURCE,NOT_APPLICABLE_UNIGRAM_SOURCE,2026-09-04,,,,,NONE_OR_NOT_ANNOTATED_IN_THIS_PASS,FULL_SOURCE_TYPE_REVIEWED_UNIGRAM_ONLY,,,SUBTITLE_AUDIOVISUAL,2018,OpenSubtitles2018 via FrequencyWords processing,CC BY-SA 4.0 content,ALLOWED_WITH_ATTRIBUTION_AND_SHAREALIKE_BOUNDARY,NONE,NO_UNIGRAM_INFERENCE_FOR_MWU,https://github.com/hermitdave/FrequencyWords/blob/master/content/2018/es/es_50k.txt,https://github.com/hermitdave/FrequencyWords,A unigram frequency list cannot estimate MWU frequency by summing component-word counts.,1.32
12B1-MWU-0119,ir en taxi,MWU_CHUNK,CORP-18,FrequencyWords / OpenSubtitles2018 Spanish 50k,FrequencyWords content/2018/es/es_50k.txt (OpenSubtitles2018-derived),MWU_NOT_MEASURABLE_FROM_UNIGRAM_LIST,NOT_APPLICABLE_UNIGRAM_SOURCE,,,NOT_APPLICABLE_UNIGRAM_SOURCE,NOT_APPLICABLE_UNIGRAM_SOURCE,2026-09-04,,,,,NONE_OR_NOT_ANNOTATED_IN_THIS_PASS,FULL_SOURCE_TYPE_REVIEWED_UNIGRAM_ONLY,,,SUBTITLE_AUDIOVISUAL,2018,OpenSubtitles2018 via FrequencyWords processing,CC BY-SA 4.0 content,ALLOWED_WITH_ATTRIBUTION_AND_SHAREALIKE_BOUNDARY,NONE,NO_UNIGRAM_INFERENCE_FOR_MWU,https://github.com/hermitdave/FrequencyWords/blob/master/content/2018/es/es_50k.txt,https://github.com/hermitdave/FrequencyWords,A unigram frequency list cannot estimate MWU frequency by summing component-word counts.,1.32
12B1-MWU-0120,ir en tren,MWU_CHUNK,CORP-18,FrequencyWords / OpenSubtitles2018 Spanish 50k,FrequencyWords content/2018/es/es_50k.txt (OpenSubtitles2018-derived),MWU_NOT_MEASURABLE_FROM_UNIGRAM_LIST,NOT_APPLICABLE_UNIGRAM_SOURCE,,,NOT_APPLICABLE_UNIGRAM_SOURCE,NOT_APPLICABLE_UNIGRAM_SOURCE,2026-09-04,,,,,NONE_OR_NOT_ANNOTATED_IN_THIS_PASS,FULL_SOURCE_TYPE_REVIEWED_UNIGRAM_ONLY,,,SUBTITLE_AUDIOVISUAL,2018,OpenSubtitles2018 via FrequencyWords processing,CC BY-SA 4.0 content,ALLOWED_WITH_ATTRIBUTION_AND_SHAREALIKE_BOUNDARY,NONE,NO_UNIGRAM_INFERENCE_FOR_MWU,https://github.com/hermitdave/FrequencyWords/blob/master/content/2018/es/es_50k.txt,https://github.com/hermitdave/FrequencyWords,A unigram frequency list cannot estimate MWU frequency by summing component-word counts.,1.32
12B1-MWU-0121,oficina de información y turismo,MWU_CHUNK,CORP-18,FrequencyWords / OpenSubtitles2018 Spanish 50k,FrequencyWords content/2018/es/es_50k.txt (OpenSubtitles2018-derived),MWU_NOT_MEASURABLE_FROM_UNIGRAM_LIST,NOT_APPLICABLE_UNIGRAM_SOURCE,,,NOT_APPLICABLE_UNIGRAM_SOURCE,NOT_APPLICABLE_UNIGRAM_SOURCE,2026-09-04,,,,,NONE_OR_NOT_ANNOTATED_IN_THIS_PASS,FULL_SOURCE_TYPE_REVIEWED_UNIGRAM_ONLY,,,SUBTITLE_AUDIOVISUAL,2018,OpenSubtitles2018 via FrequencyWords processing,CC BY-SA 4.0 content,ALLOWED_WITH_ATTRIBUTION_AND_SHAREALIKE_BOUNDARY,NONE,NO_UNIGRAM_INFERENCE_FOR_MWU,https://github.com/hermitdave/FrequencyWords/blob/master/content/2018/es/es_50k.txt,https://github.com/hermitdave/FrequencyWords,A unigram frequency list cannot estimate MWU frequency by summing component-word counts.,1.32
12B1-MWU-0122,parada de autobús,MWU_CHUNK,CORP-18,FrequencyWords / OpenSubtitles2018 Spanish 50k,FrequencyWords content/2018/es/es_50k.txt (OpenSubtitles2018-derived),MWU_NOT_MEASURABLE_FROM_UNIGRAM_LIST,NOT_APPLICABLE_UNIGRAM_SOURCE,,,NOT_APPLICABLE_UNIGRAM_SOURCE,NOT_APPLICABLE_UNIGRAM_SOURCE,2026-09-04,,,,,NONE_OR_NOT_ANNOTATED_IN_THIS_PASS,FULL_SOURCE_TYPE_REVIEWED_UNIGRAM_ONLY,,,SUBTITLE_AUDIOVISUAL,2018,OpenSubtitles2018 via FrequencyWords processing,CC BY-SA 4.0 content,ALLOWED_WITH_ATTRIBUTION_AND_SHAREALIKE_BOUNDARY,NONE,NO_UNIGRAM_INFERENCE_FOR_MWU,https://github.com/hermitdave/FrequencyWords/blob/master/content/2018/es/es_50k.txt,https://github.com/hermitdave/FrequencyWords,A unigram frequency list cannot estimate MWU frequency by summing component-word counts.,1.32
12B1-MWU-0123,parada de metro,MWU_CHUNK,CORP-18,FrequencyWords / OpenSubtitles2018 Spanish 50k,FrequencyWords content/2018/es/es_50k.txt (OpenSubtitles2018-derived),MWU_NOT_MEASURABLE_FROM_UNIGRAM_LIST,NOT_APPLICABLE_UNIGRAM_SOURCE,,,NOT_APPLICABLE_UNIGRAM_SOURCE,NOT_APPLICABLE_UNIGRAM_SOURCE,2026-09-04,,,,,NONE_OR_NOT_ANNOTATED_IN_THIS_PASS,FULL_SOURCE_TYPE_REVIEWED_UNIGRAM_ONLY,,,SUBTITLE_AUDIOVISUAL,2018,OpenSubtitles2018 via FrequencyWords processing,CC BY-SA 4.0 content,ALLOWED_WITH_ATTRIBUTION_AND_SHAREALIKE_BOUNDARY,NONE,NO_UNIGRAM_INFERENCE_FOR_MWU,https://github.com/hermitdave/FrequencyWords/blob/master/content/2018/es/es_50k.txt,https://github.com/hermitdave/FrequencyWords,A unigram frequency list cannot estimate MWU frequency by summing component-word counts.,1.32
12B1-MWU-0124,parada de taxi,MWU_CHUNK,CORP-18,FrequencyWords / OpenSubtitles2018 Spanish 50k,FrequencyWords content/2018/es/es_50k.txt (OpenSubtitles2018-derived),MWU_NOT_MEASURABLE_FROM_UNIGRAM_LIST,NOT_APPLICABLE_UNIGRAM_SOURCE,,,NOT_APPLICABLE_UNIGRAM_SOURCE,NOT_APPLICABLE_UNIGRAM_SOURCE,2026-09-04,,,,,NONE_OR_NOT_ANNOTATED_IN_THIS_PASS,FULL_SOURCE_TYPE_REVIEWED_UNIGRAM_ONLY,,,SUBTITLE_AUDIOVISUAL,2018,OpenSubtitles2018 via FrequencyWords processing,CC BY-SA 4.0 content,ALLOWED_WITH_ATTRIBUTION_AND_SHAREALIKE_BOUNDARY,NONE,NO_UNIGRAM_INFERENCE_FOR_MWU,https://github.com/hermitdave/FrequencyWords/blob/master/content/2018/es/es_50k.txt,https://github.com/hermitdave/FrequencyWords,A unigram frequency list cannot estimate MWU frequency by summing component-word counts.,1.32
12B1-MWU-0125,viajar en avión,MWU_CHUNK,CORP-18,FrequencyWords / OpenSubtitles2018 Spanish 50k,FrequencyWords content/2018/es/es_50k.txt (OpenSubtitles2018-derived),MWU_NOT_MEASURABLE_FROM_UNIGRAM_LIST,NOT_APPLICABLE_UNIGRAM_SOURCE,,,NOT_APPLICABLE_UNIGRAM_SOURCE,NOT_APPLICABLE_UNIGRAM_SOURCE,2026-09-04,,,,,NONE_OR_NOT_ANNOTATED_IN_THIS_PASS,FULL_SOURCE_TYPE_REVIEWED_UNIGRAM_ONLY,,,SUBTITLE_AUDIOVISUAL,2018,OpenSubtitles2018 via FrequencyWords processing,CC BY-SA 4.0 content,ALLOWED_WITH_ATTRIBUTION_AND_SHAREALIKE_BOUNDARY,NONE,NO_UNIGRAM_INFERENCE_FOR_MWU,https://github.com/hermitdave/FrequencyWords/blob/master/content/2018/es/es_50k.txt,https://github.com/hermitdave/FrequencyWords,A unigram frequency list cannot estimate MWU frequency by summing component-word counts.,1.32
12B1-MWU-0126,viajar en barco,MWU_CHUNK,CORP-18,FrequencyWords / OpenSubtitles2018 Spanish 50k,FrequencyWords content/2018/es/es_50k.txt (OpenSubtitles2018-derived),MWU_NOT_MEASURABLE_FROM_UNIGRAM_LIST,NOT_APPLICABLE_UNIGRAM_SOURCE,,,NOT_APPLICABLE_UNIGRAM_SOURCE,NOT_APPLICABLE_UNIGRAM_SOURCE,2026-09-04,,,,,NONE_OR_NOT_ANNOTATED_IN_THIS_PASS,FULL_SOURCE_TYPE_REVIEWED_UNIGRAM_ONLY,,,SUBTITLE_AUDIOVISUAL,2018,OpenSubtitles2018 via FrequencyWords processing,CC BY-SA 4.0 content,ALLOWED_WITH_ATTRIBUTION_AND_SHAREALIKE_BOUNDARY,NONE,NO_UNIGRAM_INFERENCE_FOR_MWU,https://github.com/hermitdave/FrequencyWords/blob/master/content/2018/es/es_50k.txt,https://github.com/hermitdave/FrequencyWords,A unigram frequency list cannot estimate MWU frequency by summing component-word counts.,1.32
12B1-MWU-0127,ser bonito,MWU_CHUNK,CORP-18,FrequencyWords / OpenSubtitles2018 Spanish 50k,FrequencyWords content/2018/es/es_50k.txt (OpenSubtitles2018-derived),MWU_NOT_MEASURABLE_FROM_UNIGRAM_LIST,NOT_APPLICABLE_UNIGRAM_SOURCE,,,NOT_APPLICABLE_UNIGRAM_SOURCE,NOT_APPLICABLE_UNIGRAM_SOURCE,2026-09-04,,,,,NONE_OR_NOT_ANNOTATED_IN_THIS_PASS,FULL_SOURCE_TYPE_REVIEWED_UNIGRAM_ONLY,,,SUBTITLE_AUDIOVISUAL,2018,OpenSubtitles2018 via FrequencyWords processing,CC BY-SA 4.0 content,ALLOWED_WITH_ATTRIBUTION_AND_SHAREALIKE_BOUNDARY,NONE,NO_UNIGRAM_INFERENCE_FOR_MWU,https://github.com/hermitdave/FrequencyWords/blob/master/content/2018/es/es_50k.txt,https://github.com/hermitdave/FrequencyWords,A unigram frequency list cannot estimate MWU frequency by summing component-word counts.,1.32
12B1-MWU-0128,ser feo,MWU_CHUNK,CORP-18,FrequencyWords / OpenSubtitles2018 Spanish 50k,FrequencyWords content/2018/es/es_50k.txt (OpenSubtitles2018-derived),MWU_NOT_MEASURABLE_FROM_UNIGRAM_LIST,NOT_APPLICABLE_UNIGRAM_SOURCE,,,NOT_APPLICABLE_UNIGRAM_SOURCE,NOT_APPLICABLE_UNIGRAM_SOURCE,2026-09-04,,,,,NONE_OR_NOT_ANNOTATED_IN_THIS_PASS,FULL_SOURCE_TYPE_REVIEWED_UNIGRAM_ONLY,,,SUBTITLE_AUDIOVISUAL,2018,OpenSubtitles2018 via FrequencyWords processing,CC BY-SA 4.0 content,ALLOWED_WITH_ATTRIBUTION_AND_SHAREALIKE_BOUNDARY,NONE,NO_UNIGRAM_INFERENCE_FOR_MWU,https://github.com/hermitdave/FrequencyWords/blob/master/content/2018/es/es_50k.txt,https://github.com/hermitdave/FrequencyWords,A unigram frequency list cannot estimate MWU frequency by summing component-word counts.,1.32
12B1-MWU-0129,ser interesante,MWU_CHUNK,CORP-18,FrequencyWords / OpenSubtitles2018 Spanish 50k,FrequencyWords content/2018/es/es_50k.txt (OpenSubtitles2018-derived),MWU_NOT_MEASURABLE_FROM_UNIGRAM_LIST,NOT_APPLICABLE_UNIGRAM_SOURCE,,,NOT_APPLICABLE_UNIGRAM_SOURCE,NOT_APPLICABLE_UNIGRAM_SOURCE,2026-09-04,,,,,NONE_OR_NOT_ANNOTATED_IN_THIS_PASS,FULL_SOURCE_TYPE_REVIEWED_UNIGRAM_ONLY,,,SUBTITLE_AUDIOVISUAL,2018,OpenSubtitles2018 via FrequencyWords processing,CC BY-SA 4.0 content,ALLOWED_WITH_ATTRIBUTION_AND_SHAREALIKE_BOUNDARY,NONE,NO_UNIGRAM_INFERENCE_FOR_MWU,https://github.com/hermitdave/FrequencyWords/blob/master/content/2018/es/es_50k.txt,https://github.com/hermitdave/FrequencyWords,A unigram frequency list cannot estimate MWU frequency by summing component-word counts.,1.32
12B1-MWU-0130,ir a la iglesia,MWU_CHUNK,CORP-18,FrequencyWords / OpenSubtitles2018 Spanish 50k,FrequencyWords content/2018/es/es_50k.txt (OpenSubtitles2018-derived),MWU_NOT_MEASURABLE_FROM_UNIGRAM_LIST,NOT_APPLICABLE_UNIGRAM_SOURCE,,,NOT_APPLICABLE_UNIGRAM_SOURCE,NOT_APPLICABLE_UNIGRAM_SOURCE,2026-09-04,,,,,NONE_OR_NOT_ANNOTATED_IN_THIS_PASS,FULL_SOURCE_TYPE_REVIEWED_UNIGRAM_ONLY,,,SUBTITLE_AUDIOVISUAL,2018,OpenSubtitles2018 via FrequencyWords processing,CC BY-SA 4.0 content,ALLOWED_WITH_ATTRIBUTION_AND_SHAREALIKE_BOUNDARY,NONE,NO_UNIGRAM_INFERENCE_FOR_MWU,https://github.com/hermitdave/FrequencyWords/blob/master/content/2018/es/es_50k.txt,https://github.com/hermitdave/FrequencyWords,A unigram frequency list cannot estimate MWU frequency by summing component-word counts.,1.32
12B1-MWU-0131,ir a la mezquita,MWU_CHUNK,CORP-18,FrequencyWords / OpenSubtitles2018 Spanish 50k,FrequencyWords content/2018/es/es_50k.txt (OpenSubtitles2018-derived),MWU_NOT_MEASURABLE_FROM_UNIGRAM_LIST,NOT_APPLICABLE_UNIGRAM_SOURCE,,,NOT_APPLICABLE_UNIGRAM_SOURCE,NOT_APPLICABLE_UNIGRAM_SOURCE,2026-09-04,,,,,NONE_OR_NOT_ANNOTATED_IN_THIS_PASS,FULL_SOURCE_TYPE_REVIEWED_UNIGRAM_ONLY,,,SUBTITLE_AUDIOVISUAL,2018,OpenSubtitles2018 via FrequencyWords processing,CC BY-SA 4.0 content,ALLOWED_WITH_ATTRIBUTION_AND_SHAREALIKE_BOUNDARY,NONE,NO_UNIGRAM_INFERENCE_FOR_MWU,https://github.com/hermitdave/FrequencyWords/blob/master/content/2018/es/es_50k.txt,https://github.com/hermitdave/FrequencyWords,A unigram frequency list cannot estimate MWU frequency by summing component-word counts.,1.32
12B1-MWU-0132,ir a la sinagoga,MWU_CHUNK,CORP-18,FrequencyWords / OpenSubtitles2018 Spanish 50k,FrequencyWords content/2018/es/es_50k.txt (OpenSubtitles2018-derived),MWU_NOT_MEASURABLE_FROM_UNIGRAM_LIST,NOT_APPLICABLE_UNIGRAM_SOURCE,,,NOT_APPLICABLE_UNIGRAM_SOURCE,NOT_APPLICABLE_UNIGRAM_SOURCE,2026-09-04,,,,,NONE_OR_NOT_ANNOTATED_IN_THIS_PASS,FULL_SOURCE_TYPE_REVIEWED_UNIGRAM_ONLY,,,SUBTITLE_AUDIOVISUAL,2018,OpenSubtitles2018 via FrequencyWords processing,CC BY-SA 4.0 content,ALLOWED_WITH_ATTRIBUTION_AND_SHAREALIKE_BOUNDARY,NONE,NO_UNIGRAM_INFERENCE_FOR_MWU,https://github.com/hermitdave/FrequencyWords/blob/master/content/2018/es/es_50k.txt,https://github.com/hermitdave/FrequencyWords,A unigram frequency list cannot estimate MWU frequency by summing component-word counts.,1.32
12B1-MWU-0133,centro comercial,MWU_CHUNK,CORP-18,FrequencyWords / OpenSubtitles2018 Spanish 50k,FrequencyWords content/2018/es/es_50k.txt (OpenSubtitles2018-derived),MWU_NOT_MEASURABLE_FROM_UNIGRAM_LIST,NOT_APPLICABLE_UNIGRAM_SOURCE,,,NOT_APPLICABLE_UNIGRAM_SOURCE,NOT_APPLICABLE_UNIGRAM_SOURCE,2026-09-04,,,,,NONE_OR_NOT_ANNOTATED_IN_THIS_PASS,FULL_SOURCE_TYPE_REVIEWED_UNIGRAM_ONLY,,,SUBTITLE_AUDIOVISUAL,2018,OpenSubtitles2018 via FrequencyWords processing,CC BY-SA 4.0 content,ALLOWED_WITH_ATTRIBUTION_AND_SHAREALIKE_BOUNDARY,NONE,NO_UNIGRAM_INFERENCE_FOR_MWU,https://github.com/hermitdave/FrequencyWords/blob/master/content/2018/es/es_50k.txt,https://github.com/hermitdave/FrequencyWords,A unigram frequency list cannot estimate MWU frequency by summing component-word counts.,1.32
12B1-MWU-0134,hacer buen tiempo,MWU_CHUNK,CORP-18,FrequencyWords / OpenSubtitles2018 Spanish 50k,FrequencyWords content/2018/es/es_50k.txt (OpenSubtitles2018-derived),MWU_NOT_MEASURABLE_FROM_UNIGRAM_LIST,NOT_APPLICABLE_UNIGRAM_SOURCE,,,NOT_APPLICABLE_UNIGRAM_SOURCE,NOT_APPLICABLE_UNIGRAM_SOURCE,2026-09-04,,,,,NONE_OR_NOT_ANNOTATED_IN_THIS_PASS,FULL_SOURCE_TYPE_REVIEWED_UNIGRAM_ONLY,,,SUBTITLE_AUDIOVISUAL,2018,OpenSubtitles2018 via FrequencyWords processing,CC BY-SA 4.0 content,ALLOWED_WITH_ATTRIBUTION_AND_SHAREALIKE_BOUNDARY,NONE,NO_UNIGRAM_INFERENCE_FOR_MWU,https://github.com/hermitdave/FrequencyWords/blob/master/content/2018/es/es_50k.txt,https://github.com/hermitdave/FrequencyWords,A unigram frequency list cannot estimate MWU frequency by summing component-word counts.,1.32
12B1-MWU-0135,hacer calor,MWU_CHUNK,CORP-18,FrequencyWords / OpenSubtitles2018 Spanish 50k,FrequencyWords content/2018/es/es_50k.txt (OpenSubtitles2018-derived),MWU_NOT_MEASURABLE_FROM_UNIGRAM_LIST,NOT_APPLICABLE_UNIGRAM_SOURCE,,,NOT_APPLICABLE_UNIGRAM_SOURCE,NOT_APPLICABLE_UNIGRAM_SOURCE,2026-09-04,,,,,NONE_OR_NOT_ANNOTATED_IN_THIS_PASS,FULL_SOURCE_TYPE_REVIEWED_UNIGRAM_ONLY,,,SUBTITLE_AUDIOVISUAL,2018,OpenSubtitles2018 via FrequencyWords processing,CC BY-SA 4.0 content,ALLOWED_WITH_ATTRIBUTION_AND_SHAREALIKE_BOUNDARY,NONE,NO_UNIGRAM_INFERENCE_FOR_MWU,https://github.com/hermitdave/FrequencyWords/blob/master/content/2018/es/es_50k.txt,https://github.com/hermitdave/FrequencyWords,A unigram frequency list cannot estimate MWU frequency by summing component-word counts.,1.32
12B1-MWU-0136,hacer frío,MWU_CHUNK,CORP-18,FrequencyWords / OpenSubtitles2018 Spanish 50k,FrequencyWords content/2018/es/es_50k.txt (OpenSubtitles2018-derived),MWU_NOT_MEASURABLE_FROM_UNIGRAM_LIST,NOT_APPLICABLE_UNIGRAM_SOURCE,,,NOT_APPLICABLE_UNIGRAM_SOURCE,NOT_APPLICABLE_UNIGRAM_SOURCE,2026-09-04,,,,,NONE_OR_NOT_ANNOTATED_IN_THIS_PASS,FULL_SOURCE_TYPE_REVIEWED_UNIGRAM_ONLY,,,SUBTITLE_AUDIOVISUAL,2018,OpenSubtitles2018 via FrequencyWords processing,CC BY-SA 4.0 content,ALLOWED_WITH_ATTRIBUTION_AND_SHAREALIKE_BOUNDARY,NONE,NO_UNIGRAM_INFERENCE_FOR_MWU,https://github.com/hermitdave/FrequencyWords/blob/master/content/2018/es/es_50k.txt,https://github.com/hermitdave/FrequencyWords,A unigram frequency list cannot estimate MWU frequency by summing component-word counts.,1.32
12B1-MWU-0137,hacer mal tiempo,MWU_CHUNK,CORP-18,FrequencyWords / OpenSubtitles2018 Spanish 50k,FrequencyWords content/2018/es/es_50k.txt (OpenSubtitles2018-derived),MWU_NOT_MEASURABLE_FROM_UNIGRAM_LIST,NOT_APPLICABLE_UNIGRAM_SOURCE,,,NOT_APPLICABLE_UNIGRAM_SOURCE,NOT_APPLICABLE_UNIGRAM_SOURCE,2026-09-04,,,,,NONE_OR_NOT_ANNOTATED_IN_THIS_PASS,FULL_SOURCE_TYPE_REVIEWED_UNIGRAM_ONLY,,,SUBTITLE_AUDIOVISUAL,2018,OpenSubtitles2018 via FrequencyWords processing,CC BY-SA 4.0 content,ALLOWED_WITH_ATTRIBUTION_AND_SHAREALIKE_BOUNDARY,NONE,NO_UNIGRAM_INFERENCE_FOR_MWU,https://github.com/hermitdave/FrequencyWords/blob/master/content/2018/es/es_50k.txt,https://github.com/hermitdave/FrequencyWords,A unigram frequency list cannot estimate MWU frequency by summing component-word counts.,1.32
12B1-MWU-0138,hacer sol,MWU_CHUNK,CORP-18,FrequencyWords / OpenSubtitles2018 Spanish 50k,FrequencyWords content/2018/es/es_50k.txt (OpenSubtitles2018-derived),MWU_NOT_MEASURABLE_FROM_UNIGRAM_LIST,NOT_APPLICABLE_UNIGRAM_SOURCE,,,NOT_APPLICABLE_UNIGRAM_SOURCE,NOT_APPLICABLE_UNIGRAM_SOURCE,2026-09-04,,,,,NONE_OR_NOT_ANNOTATED_IN_THIS_PASS,FULL_SOURCE_TYPE_REVIEWED_UNIGRAM_ONLY,,,SUBTITLE_AUDIOVISUAL,2018,OpenSubtitles2018 via FrequencyWords processing,CC BY-SA 4.0 content,ALLOWED_WITH_ATTRIBUTION_AND_SHAREALIKE_BOUNDARY,NONE,NO_UNIGRAM_INFERENCE_FOR_MWU,https://github.com/hermitdave/FrequencyWords/blob/master/content/2018/es/es_50k.txt,https://github.com/hermitdave/FrequencyWords,A unigram frequency list cannot estimate MWU frequency by summing component-word counts.,1.32
12B1-MWU-0139,hacer viento,MWU_CHUNK,CORP-18,FrequencyWords / OpenSubtitles2018 Spanish 50k,FrequencyWords content/2018/es/es_50k.txt (OpenSubtitles2018-derived),MWU_NOT_MEASURABLE_FROM_UNIGRAM_LIST,NOT_APPLICABLE_UNIGRAM_SOURCE,,,NOT_APPLICABLE_UNIGRAM_SOURCE,NOT_APPLICABLE_UNIGRAM_SOURCE,2026-09-04,,,,,NONE_OR_NOT_ANNOTATED_IN_THIS_PASS,FULL_SOURCE_TYPE_REVIEWED_UNIGRAM_ONLY,,,SUBTITLE_AUDIOVISUAL,2018,OpenSubtitles2018 via FrequencyWords processing,CC BY-SA 4.0 content,ALLOWED_WITH_ATTRIBUTION_AND_SHAREALIKE_BOUNDARY,NONE,NO_UNIGRAM_INFERENCE_FOR_MWU,https://github.com/hermitdave/FrequencyWords/blob/master/content/2018/es/es_50k.txt,https://github.com/hermitdave/FrequencyWords,A unigram frequency list cannot estimate MWU frequency by summing component-word counts.,1.32
12B1-MWU-0140,parada de taxis,MWU_CHUNK,CORP-18,FrequencyWords / OpenSubtitles2018 Spanish 50k,FrequencyWords content/2018/es/es_50k.txt (OpenSubtitles2018-derived),MWU_NOT_MEASURABLE_FROM_UNIGRAM_LIST,NOT_APPLICABLE_UNIGRAM_SOURCE,,,NOT_APPLICABLE_UNIGRAM_SOURCE,NOT_APPLICABLE_UNIGRAM_SOURCE,2026-09-04,,,,,NONE_OR_NOT_ANNOTATED_IN_THIS_PASS,FULL_SOURCE_TYPE_REVIEWED_UNIGRAM_ONLY,,,SUBTITLE_AUDIOVISUAL,2018,OpenSubtitles2018 via FrequencyWords processing,CC BY-SA 4.0 content,ALLOWED_WITH_ATTRIBUTION_AND_SHAREALIKE_BOUNDARY,NONE,NO_UNIGRAM_INFERENCE_FOR_MWU,https://github.com/hermitdave/FrequencyWords/blob/master/content/2018/es/es_50k.txt,https://github.com/hermitdave/FrequencyWords,A unigram frequency list cannot estimate MWU frequency by summing component-word counts.,1.32
12B1-MWU-0141,a la derecha,MWU_CHUNK,CORP-18,FrequencyWords / OpenSubtitles2018 Spanish 50k,FrequencyWords content/2018/es/es_50k.txt (OpenSubtitles2018-derived),MWU_NOT_MEASURABLE_FROM_UNIGRAM_LIST,NOT_APPLICABLE_UNIGRAM_SOURCE,,,NOT_APPLICABLE_UNIGRAM_SOURCE,NOT_APPLICABLE_UNIGRAM_SOURCE,2026-09-04,,,,,NONE_OR_NOT_ANNOTATED_IN_THIS_PASS,FULL_SOURCE_TYPE_REVIEWED_UNIGRAM_ONLY,,,SUBTITLE_AUDIOVISUAL,2018,OpenSubtitles2018 via FrequencyWords processing,CC BY-SA 4.0 content,ALLOWED_WITH_ATTRIBUTION_AND_SHAREALIKE_BOUNDARY,NONE,NO_UNIGRAM_INFERENCE_FOR_MWU,https://github.com/hermitdave/FrequencyWords/blob/master/content/2018/es/es_50k.txt,https://github.com/hermitdave/FrequencyWords,A unigram frequency list cannot estimate MWU frequency by summing component-word counts.,1.32
12B1-MWU-0142,a la izquierda,MWU_CHUNK,CORP-18,FrequencyWords / OpenSubtitles2018 Spanish 50k,FrequencyWords content/2018/es/es_50k.txt (OpenSubtitles2018-derived),MWU_NOT_MEASURABLE_FROM_UNIGRAM_LIST,NOT_APPLICABLE_UNIGRAM_SOURCE,,,NOT_APPLICABLE_UNIGRAM_SOURCE,NOT_APPLICABLE_UNIGRAM_SOURCE,2026-09-04,,,,,NONE_OR_NOT_ANNOTATED_IN_THIS_PASS,FULL_SOURCE_TYPE_REVIEWED_UNIGRAM_ONLY,,,SUBTITLE_AUDIOVISUAL,2018,OpenSubtitles2018 via FrequencyWords processing,CC BY-SA 4.0 content,ALLOWED_WITH_ATTRIBUTION_AND_SHAREALIKE_BOUNDARY,NONE,NO_UNIGRAM_INFERENCE_FOR_MWU,https://github.com/hermitdave/FrequencyWords/blob/master/content/2018/es/es_50k.txt,https://github.com/hermitdave/FrequencyWords,A unigram frequency list cannot estimate MWU frequency by summing component-word counts.,1.32
12B1-MWU-0143,a mediodía,MWU_CHUNK,CORP-18,FrequencyWords / OpenSubtitles2018 Spanish 50k,FrequencyWords content/2018/es/es_50k.txt (OpenSubtitles2018-derived),MWU_NOT_MEASURABLE_FROM_UNIGRAM_LIST,NOT_APPLICABLE_UNIGRAM_SOURCE,,,NOT_APPLICABLE_UNIGRAM_SOURCE,NOT_APPLICABLE_UNIGRAM_SOURCE,2026-09-04,,,,,NONE_OR_NOT_ANNOTATED_IN_THIS_PASS,FULL_SOURCE_TYPE_REVIEWED_UNIGRAM_ONLY,,,SUBTITLE_AUDIOVISUAL,2018,OpenSubtitles2018 via FrequencyWords processing,CC BY-SA 4.0 content,ALLOWED_WITH_ATTRIBUTION_AND_SHAREALIKE_BOUNDARY,NONE,NO_UNIGRAM_INFERENCE_FOR_MWU,https://github.com/hermitdave/FrequencyWords/blob/master/content/2018/es/es_50k.txt,https://github.com/hermitdave/FrequencyWords,A unigram frequency list cannot estimate MWU frequency by summing component-word counts.,1.32
12B1-MWU-0144,a pie,MWU_CHUNK,CORP-18,FrequencyWords / OpenSubtitles2018 Spanish 50k,FrequencyWords content/2018/es/es_50k.txt (OpenSubtitles2018-derived),MWU_NOT_MEASURABLE_FROM_UNIGRAM_LIST,NOT_APPLICABLE_UNIGRAM_SOURCE,,,NOT_APPLICABLE_UNIGRAM_SOURCE,NOT_APPLICABLE_UNIGRAM_SOURCE,2026-09-04,,,,,NONE_OR_NOT_ANNOTATED_IN_THIS_PASS,FULL_SOURCE_TYPE_REVIEWED_UNIGRAM_ONLY,,,SUBTITLE_AUDIOVISUAL,2018,OpenSubtitles2018 via FrequencyWords processing,CC BY-SA 4.0 content,ALLOWED_WITH_ATTRIBUTION_AND_SHAREALIKE_BOUNDARY,NONE,NO_UNIGRAM_INFERENCE_FOR_MWU,https://github.com/hermitdave/FrequencyWords/blob/master/content/2018/es/es_50k.txt,https://github.com/hermitdave/FrequencyWords,A unigram frequency list cannot estimate MWU frequency by summing component-word counts.,1.32
12B1-MWU-0145,a veces,MWU_CHUNK,CORP-18,FrequencyWords / OpenSubtitles2018 Spanish 50k,FrequencyWords content/2018/es/es_50k.txt (OpenSubtitles2018-derived),MWU_NOT_MEASURABLE_FROM_UNIGRAM_LIST,NOT_APPLICABLE_UNIGRAM_SOURCE,,,NOT_APPLICABLE_UNIGRAM_SOURCE,NOT_APPLICABLE_UNIGRAM_SOURCE,2026-09-04,,,,,NONE_OR_NOT_ANNOTATED_IN_THIS_PASS,FULL_SOURCE_TYPE_REVIEWED_UNIGRAM_ONLY,,,SUBTITLE_AUDIOVISUAL,2018,OpenSubtitles2018 via FrequencyWords processing,CC BY-SA 4.0 content,ALLOWED_WITH_ATTRIBUTION_AND_SHAREALIKE_BOUNDARY,NONE,NO_UNIGRAM_INFERENCE_FOR_MWU,https://github.com/hermitdave/FrequencyWords/blob/master/content/2018/es/es_50k.txt,https://github.com/hermitdave/FrequencyWords,A unigram frequency list cannot estimate MWU frequency by summing component-word counts.,1.32
12B1-MWU-0146,al este,MWU_CHUNK,CORP-18,FrequencyWords / OpenSubtitles2018 Spanish 50k,FrequencyWords content/2018/es/es_50k.txt (OpenSubtitles2018-derived),MWU_NOT_MEASURABLE_FROM_UNIGRAM_LIST,NOT_APPLICABLE_UNIGRAM_SOURCE,,,NOT_APPLICABLE_UNIGRAM_SOURCE,NOT_APPLICABLE_UNIGRAM_SOURCE,2026-09-04,,,,,NONE_OR_NOT_ANNOTATED_IN_THIS_PASS,FULL_SOURCE_TYPE_REVIEWED_UNIGRAM_ONLY,,,SUBTITLE_AUDIOVISUAL,2018,OpenSubtitles2018 via FrequencyWords processing,CC BY-SA 4.0 content,ALLOWED_WITH_ATTRIBUTION_AND_SHAREALIKE_BOUNDARY,NONE,NO_UNIGRAM_INFERENCE_FOR_MWU,https://github.com/hermitdave/FrequencyWords/blob/master/content/2018/es/es_50k.txt,https://github.com/hermitdave/FrequencyWords,A unigram frequency list cannot estimate MWU frequency by summing component-word counts.,1.32
12B1-MWU-0147,al final,MWU_CHUNK,CORP-18,FrequencyWords / OpenSubtitles2018 Spanish 50k,FrequencyWords content/2018/es/es_50k.txt (OpenSubtitles2018-derived),MWU_NOT_MEASURABLE_FROM_UNIGRAM_LIST,NOT_APPLICABLE_UNIGRAM_SOURCE,,,NOT_APPLICABLE_UNIGRAM_SOURCE,NOT_APPLICABLE_UNIGRAM_SOURCE,2026-09-04,,,,,NONE_OR_NOT_ANNOTATED_IN_THIS_PASS,FULL_SOURCE_TYPE_REVIEWED_UNIGRAM_ONLY,,,SUBTITLE_AUDIOVISUAL,2018,OpenSubtitles2018 via FrequencyWords processing,CC BY-SA 4.0 content,ALLOWED_WITH_ATTRIBUTION_AND_SHAREALIKE_BOUNDARY,NONE,NO_UNIGRAM_INFERENCE_FOR_MWU,https://github.com/hermitdave/FrequencyWords/blob/master/content/2018/es/es_50k.txt,https://github.com/hermitdave/FrequencyWords,A unigram frequency list cannot estimate MWU frequency by summing component-word counts.,1.32
12B1-MWU-0148,al lado,MWU_CHUNK,CORP-18,FrequencyWords / OpenSubtitles2018 Spanish 50k,FrequencyWords content/2018/es/es_50k.txt (OpenSubtitles2018-derived),MWU_NOT_MEASURABLE_FROM_UNIGRAM_LIST,NOT_APPLICABLE_UNIGRAM_SOURCE,,,NOT_APPLICABLE_UNIGRAM_SOURCE,NOT_APPLICABLE_UNIGRAM_SOURCE,2026-09-04,,,,,NONE_OR_NOT_ANNOTATED_IN_THIS_PASS,FULL_SOURCE_TYPE_REVIEWED_UNIGRAM_ONLY,,,SUBTITLE_AUDIOVISUAL,2018,OpenSubtitles2018 via FrequencyWords processing,CC BY-SA 4.0 content,ALLOWED_WITH_ATTRIBUTION_AND_SHAREALIKE_BOUNDARY,NONE,NO_UNIGRAM_INFERENCE_FOR_MWU,https://github.com/hermitdave/FrequencyWords/blob/master/content/2018/es/es_50k.txt,https://github.com/hermitdave/FrequencyWords,A unigram frequency list cannot estimate MWU frequency by summing component-word counts.,1.32
12B1-MWU-0149,al norte,MWU_CHUNK,CORP-18,FrequencyWords / OpenSubtitles2018 Spanish 50k,FrequencyWords content/2018/es/es_50k.txt (OpenSubtitles2018-derived),MWU_NOT_MEASURABLE_FROM_UNIGRAM_LIST,NOT_APPLICABLE_UNIGRAM_SOURCE,,,NOT_APPLICABLE_UNIGRAM_SOURCE,NOT_APPLICABLE_UNIGRAM_SOURCE,2026-09-04,,,,,NONE_OR_NOT_ANNOTATED_IN_THIS_PASS,FULL_SOURCE_TYPE_REVIEWED_UNIGRAM_ONLY,,,SUBTITLE_AUDIOVISUAL,2018,OpenSubtitles2018 via FrequencyWords processing,CC BY-SA 4.0 content,ALLOWED_WITH_ATTRIBUTION_AND_SHAREALIKE_BOUNDARY,NONE,NO_UNIGRAM_INFERENCE_FOR_MWU,https://github.com/hermitdave/FrequencyWords/blob/master/content/2018/es/es_50k.txt,https://github.com/hermitdave/FrequencyWords,A unigram frequency list cannot estimate MWU frequency by summing component-word counts.,1.32
12B1-MWU-0150,al oeste,MWU_CHUNK,CORP-18,FrequencyWords / OpenSubtitles2018 Spanish 50k,FrequencyWords content/2018/es/es_50k.txt (OpenSubtitles2018-derived),MWU_NOT_MEASURABLE_FROM_UNIGRAM_LIST,NOT_APPLICABLE_UNIGRAM_SOURCE,,,NOT_APPLICABLE_UNIGRAM_SOURCE,NOT_APPLICABLE_UNIGRAM_SOURCE,2026-09-04,,,,,NONE_OR_NOT_ANNOTATED_IN_THIS_PASS,FULL_SOURCE_TYPE_REVIEWED_UNIGRAM_ONLY,,,SUBTITLE_AUDIOVISUAL,2018,OpenSubtitles2018 via FrequencyWords processing,CC BY-SA 4.0 content,ALLOWED_WITH_ATTRIBUTION_AND_SHAREALIKE_BOUNDARY,NONE,NO_UNIGRAM_INFERENCE_FOR_MWU,https://github.com/hermitdave/FrequencyWords/blob/master/content/2018/es/es_50k.txt,https://github.com/hermitdave/FrequencyWords,A unigram frequency list cannot estimate MWU frequency by summing component-word counts.,1.32
12B1-MWU-0151,al sur,MWU_CHUNK,CORP-18,FrequencyWords / OpenSubtitles2018 Spanish 50k,FrequencyWords content/2018/es/es_50k.txt (OpenSubtitles2018-derived),MWU_NOT_MEASURABLE_FROM_UNIGRAM_LIST,NOT_APPLICABLE_UNIGRAM_SOURCE,,,NOT_APPLICABLE_UNIGRAM_SOURCE,NOT_APPLICABLE_UNIGRAM_SOURCE,2026-09-04,,,,,NONE_OR_NOT_ANNOTATED_IN_THIS_PASS,FULL_SOURCE_TYPE_REVIEWED_UNIGRAM_ONLY,,,SUBTITLE_AUDIOVISUAL,2018,OpenSubtitles2018 via FrequencyWords processing,CC BY-SA 4.0 content,ALLOWED_WITH_ATTRIBUTION_AND_SHAREALIKE_BOUNDARY,NONE,NO_UNIGRAM_INFERENCE_FOR_MWU,https://github.com/hermitdave/FrequencyWords/blob/master/content/2018/es/es_50k.txt,https://github.com/hermitdave/FrequencyWords,A unigram frequency list cannot estimate MWU frequency by summing component-word counts.,1.32
12B1-MWU-0152,de acuerdo,MWU_CHUNK,CORP-18,FrequencyWords / OpenSubtitles2018 Spanish 50k,FrequencyWords content/2018/es/es_50k.txt (OpenSubtitles2018-derived),MWU_NOT_MEASURABLE_FROM_UNIGRAM_LIST,NOT_APPLICABLE_UNIGRAM_SOURCE,,,NOT_APPLICABLE_UNIGRAM_SOURCE,NOT_APPLICABLE_UNIGRAM_SOURCE,2026-09-04,,,,,NONE_OR_NOT_ANNOTATED_IN_THIS_PASS,FULL_SOURCE_TYPE_REVIEWED_UNIGRAM_ONLY,,,SUBTITLE_AUDIOVISUAL,2018,OpenSubtitles2018 via FrequencyWords processing,CC BY-SA 4.0 content,ALLOWED_WITH_ATTRIBUTION_AND_SHAREALIKE_BOUNDARY,NONE,NO_UNIGRAM_INFERENCE_FOR_MWU,https://github.com/hermitdave/FrequencyWords/blob/master/content/2018/es/es_50k.txt,https://github.com/hermitdave/FrequencyWords,A unigram frequency list cannot estimate MWU frequency by summing component-word counts.,1.32
12B1-MWU-0153,el fin de semana,MWU_CHUNK,CORP-18,FrequencyWords / OpenSubtitles2018 Spanish 50k,FrequencyWords content/2018/es/es_50k.txt (OpenSubtitles2018-derived),MWU_NOT_MEASURABLE_FROM_UNIGRAM_LIST,NOT_APPLICABLE_UNIGRAM_SOURCE,,,NOT_APPLICABLE_UNIGRAM_SOURCE,NOT_APPLICABLE_UNIGRAM_SOURCE,2026-09-04,,,,,NONE_OR_NOT_ANNOTATED_IN_THIS_PASS,FULL_SOURCE_TYPE_REVIEWED_UNIGRAM_ONLY,,,SUBTITLE_AUDIOVISUAL,2018,OpenSubtitles2018 via FrequencyWords processing,CC BY-SA 4.0 content,ALLOWED_WITH_ATTRIBUTION_AND_SHAREALIKE_BOUNDARY,NONE,NO_UNIGRAM_INFERENCE_FOR_MWU,https://github.com/hermitdave/FrequencyWords/blob/master/content/2018/es/es_50k.txt,https://github.com/hermitdave/FrequencyWords,A unigram frequency list cannot estimate MWU frequency by summing component-word counts.,1.32
12B1-MWU-0154,en autobús,MWU_CHUNK,CORP-18,FrequencyWords / OpenSubtitles2018 Spanish 50k,FrequencyWords content/2018/es/es_50k.txt (OpenSubtitles2018-derived),MWU_NOT_MEASURABLE_FROM_UNIGRAM_LIST,NOT_APPLICABLE_UNIGRAM_SOURCE,,,NOT_APPLICABLE_UNIGRAM_SOURCE,NOT_APPLICABLE_UNIGRAM_SOURCE,2026-09-04,,,,,NONE_OR_NOT_ANNOTATED_IN_THIS_PASS,FULL_SOURCE_TYPE_REVIEWED_UNIGRAM_ONLY,,,SUBTITLE_AUDIOVISUAL,2018,OpenSubtitles2018 via FrequencyWords processing,CC BY-SA 4.0 content,ALLOWED_WITH_ATTRIBUTION_AND_SHAREALIKE_BOUNDARY,NONE,NO_UNIGRAM_INFERENCE_FOR_MWU,https://github.com/hermitdave/FrequencyWords/blob/master/content/2018/es/es_50k.txt,https://github.com/hermitdave/FrequencyWords,A unigram frequency list cannot estimate MWU frequency by summing component-word counts.,1.32
12B1-MWU-0155,en avión,MWU_CHUNK,CORP-18,FrequencyWords / OpenSubtitles2018 Spanish 50k,FrequencyWords content/2018/es/es_50k.txt (OpenSubtitles2018-derived),MWU_NOT_MEASURABLE_FROM_UNIGRAM_LIST,NOT_APPLICABLE_UNIGRAM_SOURCE,,,NOT_APPLICABLE_UNIGRAM_SOURCE,NOT_APPLICABLE_UNIGRAM_SOURCE,2026-09-04,,,,,NONE_OR_NOT_ANNOTATED_IN_THIS_PASS,FULL_SOURCE_TYPE_REVIEWED_UNIGRAM_ONLY,,,SUBTITLE_AUDIOVISUAL,2018,OpenSubtitles2018 via FrequencyWords processing,CC BY-SA 4.0 content,ALLOWED_WITH_ATTRIBUTION_AND_SHAREALIKE_BOUNDARY,NONE,NO_UNIGRAM_INFERENCE_FOR_MWU,https://github.com/hermitdave/FrequencyWords/blob/master/content/2018/es/es_50k.txt,https://github.com/hermitdave/FrequencyWords,A unigram frequency list cannot estimate MWU frequency by summing component-word counts.,1.32
12B1-MWU-0156,en barco,MWU_CHUNK,CORP-18,FrequencyWords / OpenSubtitles2018 Spanish 50k,FrequencyWords content/2018/es/es_50k.txt (OpenSubtitles2018-derived),MWU_NOT_MEASURABLE_FROM_UNIGRAM_LIST,NOT_APPLICABLE_UNIGRAM_SOURCE,,,NOT_APPLICABLE_UNIGRAM_SOURCE,NOT_APPLICABLE_UNIGRAM_SOURCE,2026-09-04,,,,,NONE_OR_NOT_ANNOTATED_IN_THIS_PASS,FULL_SOURCE_TYPE_REVIEWED_UNIGRAM_ONLY,,,SUBTITLE_AUDIOVISUAL,2018,OpenSubtitles2018 via FrequencyWords processing,CC BY-SA 4.0 content,ALLOWED_WITH_ATTRIBUTION_AND_SHAREALIKE_BOUNDARY,NONE,NO_UNIGRAM_INFERENCE_FOR_MWU,https://github.com/hermitdave/FrequencyWords/blob/master/content/2018/es/es_50k.txt,https://github.com/hermitdave/FrequencyWords,A unigram frequency list cannot estimate MWU frequency by summing component-word counts.,1.32
12B1-MWU-0157,en coche,MWU_CHUNK,CORP-18,FrequencyWords / OpenSubtitles2018 Spanish 50k,FrequencyWords content/2018/es/es_50k.txt (OpenSubtitles2018-derived),MWU_NOT_MEASURABLE_FROM_UNIGRAM_LIST,NOT_APPLICABLE_UNIGRAM_SOURCE,,,NOT_APPLICABLE_UNIGRAM_SOURCE,NOT_APPLICABLE_UNIGRAM_SOURCE,2026-09-04,,,,,NONE_OR_NOT_ANNOTATED_IN_THIS_PASS,FULL_SOURCE_TYPE_REVIEWED_UNIGRAM_ONLY,,,SUBTITLE_AUDIOVISUAL,2018,OpenSubtitles2018 via FrequencyWords processing,CC BY-SA 4.0 content,ALLOWED_WITH_ATTRIBUTION_AND_SHAREALIKE_BOUNDARY,NONE,NO_UNIGRAM_INFERENCE_FOR_MWU,https://github.com/hermitdave/FrequencyWords/blob/master/content/2018/es/es_50k.txt,https://github.com/hermitdave/FrequencyWords,A unigram frequency list cannot estimate MWU frequency by summing component-word counts.,1.32
12B1-MWU-0158,en el centro,MWU_CHUNK,CORP-18,FrequencyWords / OpenSubtitles2018 Spanish 50k,FrequencyWords content/2018/es/es_50k.txt (OpenSubtitles2018-derived),MWU_NOT_MEASURABLE_FROM_UNIGRAM_LIST,NOT_APPLICABLE_UNIGRAM_SOURCE,,,NOT_APPLICABLE_UNIGRAM_SOURCE,NOT_APPLICABLE_UNIGRAM_SOURCE,2026-09-04,,,,,NONE_OR_NOT_ANNOTATED_IN_THIS_PASS,FULL_SOURCE_TYPE_REVIEWED_UNIGRAM_ONLY,,,SUBTITLE_AUDIOVISUAL,2018,OpenSubtitles2018 via FrequencyWords processing,CC BY-SA 4.0 content,ALLOWED_WITH_ATTRIBUTION_AND_SHAREALIKE_BOUNDARY,NONE,NO_UNIGRAM_INFERENCE_FOR_MWU,https://github.com/hermitdave/FrequencyWords/blob/master/content/2018/es/es_50k.txt,https://github.com/hermitdave/FrequencyWords,A unigram frequency list cannot estimate MWU frequency by summing component-word counts.,1.32
12B1-MWU-0159,en la mañana,MWU_CHUNK,CORP-18,FrequencyWords / OpenSubtitles2018 Spanish 50k,FrequencyWords content/2018/es/es_50k.txt (OpenSubtitles2018-derived),MWU_NOT_MEASURABLE_FROM_UNIGRAM_LIST,NOT_APPLICABLE_UNIGRAM_SOURCE,,,NOT_APPLICABLE_UNIGRAM_SOURCE,NOT_APPLICABLE_UNIGRAM_SOURCE,2026-09-04,,,,,NONE_OR_NOT_ANNOTATED_IN_THIS_PASS,FULL_SOURCE_TYPE_REVIEWED_UNIGRAM_ONLY,,,SUBTITLE_AUDIOVISUAL,2018,OpenSubtitles2018 via FrequencyWords processing,CC BY-SA 4.0 content,ALLOWED_WITH_ATTRIBUTION_AND_SHAREALIKE_BOUNDARY,NONE,NO_UNIGRAM_INFERENCE_FOR_MWU,https://github.com/hermitdave/FrequencyWords/blob/master/content/2018/es/es_50k.txt,https://github.com/hermitdave/FrequencyWords,A unigram frequency list cannot estimate MWU frequency by summing component-word counts.,1.32
12B1-MWU-0160,en la noche,MWU_CHUNK,CORP-18,FrequencyWords / OpenSubtitles2018 Spanish 50k,FrequencyWords content/2018/es/es_50k.txt (OpenSubtitles2018-derived),MWU_NOT_MEASURABLE_FROM_UNIGRAM_LIST,NOT_APPLICABLE_UNIGRAM_SOURCE,,,NOT_APPLICABLE_UNIGRAM_SOURCE,NOT_APPLICABLE_UNIGRAM_SOURCE,2026-09-04,,,,,NONE_OR_NOT_ANNOTATED_IN_THIS_PASS,FULL_SOURCE_TYPE_REVIEWED_UNIGRAM_ONLY,,,SUBTITLE_AUDIOVISUAL,2018,OpenSubtitles2018 via FrequencyWords processing,CC BY-SA 4.0 content,ALLOWED_WITH_ATTRIBUTION_AND_SHAREALIKE_BOUNDARY,NONE,NO_UNIGRAM_INFERENCE_FOR_MWU,https://github.com/hermitdave/FrequencyWords/blob/master/content/2018/es/es_50k.txt,https://github.com/hermitdave/FrequencyWords,A unigram frequency list cannot estimate MWU frequency by summing component-word counts.,1.32
12B1-MWU-0161,en la tarde,MWU_CHUNK,CORP-18,FrequencyWords / OpenSubtitles2018 Spanish 50k,FrequencyWords content/2018/es/es_50k.txt (OpenSubtitles2018-derived),MWU_NOT_MEASURABLE_FROM_UNIGRAM_LIST,NOT_APPLICABLE_UNIGRAM_SOURCE,,,NOT_APPLICABLE_UNIGRAM_SOURCE,NOT_APPLICABLE_UNIGRAM_SOURCE,2026-09-04,,,,,NONE_OR_NOT_ANNOTATED_IN_THIS_PASS,FULL_SOURCE_TYPE_REVIEWED_UNIGRAM_ONLY,,,SUBTITLE_AUDIOVISUAL,2018,OpenSubtitles2018 via FrequencyWords processing,CC BY-SA 4.0 content,ALLOWED_WITH_ATTRIBUTION_AND_SHAREALIKE_BOUNDARY,NONE,NO_UNIGRAM_INFERENCE_FOR_MWU,https://github.com/hermitdave/FrequencyWords/blob/master/content/2018/es/es_50k.txt,https://github.com/hermitdave/FrequencyWords,A unigram frequency list cannot estimate MWU frequency by summing component-word counts.,1.32
12B1-MWU-0162,en metro,MWU_CHUNK,CORP-18,FrequencyWords / OpenSubtitles2018 Spanish 50k,FrequencyWords content/2018/es/es_50k.txt (OpenSubtitles2018-derived),MWU_NOT_MEASURABLE_FROM_UNIGRAM_LIST,NOT_APPLICABLE_UNIGRAM_SOURCE,,,NOT_APPLICABLE_UNIGRAM_SOURCE,NOT_APPLICABLE_UNIGRAM_SOURCE,2026-09-04,,,,,NONE_OR_NOT_ANNOTATED_IN_THIS_PASS,FULL_SOURCE_TYPE_REVIEWED_UNIGRAM_ONLY,,,SUBTITLE_AUDIOVISUAL,2018,OpenSubtitles2018 via FrequencyWords processing,CC BY-SA 4.0 content,ALLOWED_WITH_ATTRIBUTION_AND_SHAREALIKE_BOUNDARY,NONE,NO_UNIGRAM_INFERENCE_FOR_MWU,https://github.com/hermitdave/FrequencyWords/blob/master/content/2018/es/es_50k.txt,https://github.com/hermitdave/FrequencyWords,A unigram frequency list cannot estimate MWU frequency by summing component-word counts.,1.32
12B1-MWU-0163,en tren,MWU_CHUNK,CORP-18,FrequencyWords / OpenSubtitles2018 Spanish 50k,FrequencyWords content/2018/es/es_50k.txt (OpenSubtitles2018-derived),MWU_NOT_MEASURABLE_FROM_UNIGRAM_LIST,NOT_APPLICABLE_UNIGRAM_SOURCE,,,NOT_APPLICABLE_UNIGRAM_SOURCE,NOT_APPLICABLE_UNIGRAM_SOURCE,2026-09-04,,,,,NONE_OR_NOT_ANNOTATED_IN_THIS_PASS,FULL_SOURCE_TYPE_REVIEWED_UNIGRAM_ONLY,,,SUBTITLE_AUDIOVISUAL,2018,OpenSubtitles2018 via FrequencyWords processing,CC BY-SA 4.0 content,ALLOWED_WITH_ATTRIBUTION_AND_SHAREALIKE_BOUNDARY,NONE,NO_UNIGRAM_INFERENCE_FOR_MWU,https://github.com/hermitdave/FrequencyWords/blob/master/content/2018/es/es_50k.txt,https://github.com/hermitdave/FrequencyWords,A unigram frequency list cannot estimate MWU frequency by summing component-word counts.,1.32
12B1-MWU-0164,estar abierto,MWU_CHUNK,CORP-18,FrequencyWords / OpenSubtitles2018 Spanish 50k,FrequencyWords content/2018/es/es_50k.txt (OpenSubtitles2018-derived),MWU_NOT_MEASURABLE_FROM_UNIGRAM_LIST,NOT_APPLICABLE_UNIGRAM_SOURCE,,,NOT_APPLICABLE_UNIGRAM_SOURCE,NOT_APPLICABLE_UNIGRAM_SOURCE,2026-09-04,,,,,NONE_OR_NOT_ANNOTATED_IN_THIS_PASS,FULL_SOURCE_TYPE_REVIEWED_UNIGRAM_ONLY,,,SUBTITLE_AUDIOVISUAL,2018,OpenSubtitles2018 via FrequencyWords processing,CC BY-SA 4.0 content,ALLOWED_WITH_ATTRIBUTION_AND_SHAREALIKE_BOUNDARY,NONE,NO_UNIGRAM_INFERENCE_FOR_MWU,https://github.com/hermitdave/FrequencyWords/blob/master/content/2018/es/es_50k.txt,https://github.com/hermitdave/FrequencyWords,A unigram frequency list cannot estimate MWU frequency by summing component-word counts.,1.32
12B1-MWU-0165,estar cerrado,MWU_CHUNK,CORP-18,FrequencyWords / OpenSubtitles2018 Spanish 50k,FrequencyWords content/2018/es/es_50k.txt (OpenSubtitles2018-derived),MWU_NOT_MEASURABLE_FROM_UNIGRAM_LIST,NOT_APPLICABLE_UNIGRAM_SOURCE,,,NOT_APPLICABLE_UNIGRAM_SOURCE,NOT_APPLICABLE_UNIGRAM_SOURCE,2026-09-04,,,,,NONE_OR_NOT_ANNOTATED_IN_THIS_PASS,FULL_SOURCE_TYPE_REVIEWED_UNIGRAM_ONLY,,,SUBTITLE_AUDIOVISUAL,2018,OpenSubtitles2018 via FrequencyWords processing,CC BY-SA 4.0 content,ALLOWED_WITH_ATTRIBUTION_AND_SHAREALIKE_BOUNDARY,NONE,NO_UNIGRAM_INFERENCE_FOR_MWU,https://github.com/hermitdave/FrequencyWords/blob/master/content/2018/es/es_50k.txt,https://github.com/hermitdave/FrequencyWords,A unigram frequency list cannot estimate MWU frequency by summing component-word counts.,1.32
12B1-MWU-0166,llegar pronto,MWU_CHUNK,CORP-18,FrequencyWords / OpenSubtitles2018 Spanish 50k,FrequencyWords content/2018/es/es_50k.txt (OpenSubtitles2018-derived),MWU_NOT_MEASURABLE_FROM_UNIGRAM_LIST,NOT_APPLICABLE_UNIGRAM_SOURCE,,,NOT_APPLICABLE_UNIGRAM_SOURCE,NOT_APPLICABLE_UNIGRAM_SOURCE,2026-09-04,,,,,NONE_OR_NOT_ANNOTATED_IN_THIS_PASS,FULL_SOURCE_TYPE_REVIEWED_UNIGRAM_ONLY,,,SUBTITLE_AUDIOVISUAL,2018,OpenSubtitles2018 via FrequencyWords processing,CC BY-SA 4.0 content,ALLOWED_WITH_ATTRIBUTION_AND_SHAREALIKE_BOUNDARY,NONE,NO_UNIGRAM_INFERENCE_FOR_MWU,https://github.com/hermitdave/FrequencyWords/blob/master/content/2018/es/es_50k.txt,https://github.com/hermitdave/FrequencyWords,A unigram frequency list cannot estimate MWU frequency by summing component-word counts.,1.32
12B1-MWU-0167,llegar tarde,MWU_CHUNK,CORP-18,FrequencyWords / OpenSubtitles2018 Spanish 50k,FrequencyWords content/2018/es/es_50k.txt (OpenSubtitles2018-derived),MWU_NOT_MEASURABLE_FROM_UNIGRAM_LIST,NOT_APPLICABLE_UNIGRAM_SOURCE,,,NOT_APPLICABLE_UNIGRAM_SOURCE,NOT_APPLICABLE_UNIGRAM_SOURCE,2026-09-04,,,,,NONE_OR_NOT_ANNOTATED_IN_THIS_PASS,FULL_SOURCE_TYPE_REVIEWED_UNIGRAM_ONLY,,,SUBTITLE_AUDIOVISUAL,2018,OpenSubtitles2018 via FrequencyWords processing,CC BY-SA 4.0 content,ALLOWED_WITH_ATTRIBUTION_AND_SHAREALIKE_BOUNDARY,NONE,NO_UNIGRAM_INFERENCE_FOR_MWU,https://github.com/hermitdave/FrequencyWords/blob/master/content/2018/es/es_50k.txt,https://github.com/hermitdave/FrequencyWords,A unigram frequency list cannot estimate MWU frequency by summing component-word counts.,1.32
12B1-MWU-0168,llegar temprano,MWU_CHUNK,CORP-18,FrequencyWords / OpenSubtitles2018 Spanish 50k,FrequencyWords content/2018/es/es_50k.txt (OpenSubtitles2018-derived),MWU_NOT_MEASURABLE_FROM_UNIGRAM_LIST,NOT_APPLICABLE_UNIGRAM_SOURCE,,,NOT_APPLICABLE_UNIGRAM_SOURCE,NOT_APPLICABLE_UNIGRAM_SOURCE,2026-09-04,,,,,NONE_OR_NOT_ANNOTATED_IN_THIS_PASS,FULL_SOURCE_TYPE_REVIEWED_UNIGRAM_ONLY,,,SUBTITLE_AUDIOVISUAL,2018,OpenSubtitles2018 via FrequencyWords processing,CC BY-SA 4.0 content,ALLOWED_WITH_ATTRIBUTION_AND_SHAREALIKE_BOUNDARY,NONE,NO_UNIGRAM_INFERENCE_FOR_MWU,https://github.com/hermitdave/FrequencyWords/blob/master/content/2018/es/es_50k.txt,https://github.com/hermitdave/FrequencyWords,A unigram frequency list cannot estimate MWU frequency by summing component-word counts.,1.32
12B1-MWU-0169,muy bien,MWU_CHUNK,CORP-18,FrequencyWords / OpenSubtitles2018 Spanish 50k,FrequencyWords content/2018/es/es_50k.txt (OpenSubtitles2018-derived),MWU_NOT_MEASURABLE_FROM_UNIGRAM_LIST,NOT_APPLICABLE_UNIGRAM_SOURCE,,,NOT_APPLICABLE_UNIGRAM_SOURCE,NOT_APPLICABLE_UNIGRAM_SOURCE,2026-09-04,,,,,NONE_OR_NOT_ANNOTATED_IN_THIS_PASS,FULL_SOURCE_TYPE_REVIEWED_UNIGRAM_ONLY,,,SUBTITLE_AUDIOVISUAL,2018,OpenSubtitles2018 via FrequencyWords processing,CC BY-SA 4.0 content,ALLOWED_WITH_ATTRIBUTION_AND_SHAREALIKE_BOUNDARY,NONE,NO_UNIGRAM_INFERENCE_FOR_MWU,https://github.com/hermitdave/FrequencyWords/blob/master/content/2018/es/es_50k.txt,https://github.com/hermitdave/FrequencyWords,A unigram frequency list cannot estimate MWU frequency by summing component-word counts.,1.32
12B1-MWU-0170,muy mal,MWU_CHUNK,CORP-18,FrequencyWords / OpenSubtitles2018 Spanish 50k,FrequencyWords content/2018/es/es_50k.txt (OpenSubtitles2018-derived),MWU_NOT_MEASURABLE_FROM_UNIGRAM_LIST,NOT_APPLICABLE_UNIGRAM_SOURCE,,,NOT_APPLICABLE_UNIGRAM_SOURCE,NOT_APPLICABLE_UNIGRAM_SOURCE,2026-09-04,,,,,NONE_OR_NOT_ANNOTATED_IN_THIS_PASS,FULL_SOURCE_TYPE_REVIEWED_UNIGRAM_ONLY,,,SUBTITLE_AUDIOVISUAL,2018,OpenSubtitles2018 via FrequencyWords processing,CC BY-SA 4.0 content,ALLOWED_WITH_ATTRIBUTION_AND_SHAREALIKE_BOUNDARY,NONE,NO_UNIGRAM_INFERENCE_FOR_MWU,https://github.com/hermitdave/FrequencyWords/blob/master/content/2018/es/es_50k.txt,https://github.com/hermitdave/FrequencyWords,A unigram frequency list cannot estimate MWU frequency by summing component-word counts.,1.32
12B1-MWU-0171,más o menos,MWU_CHUNK,CORP-18,FrequencyWords / OpenSubtitles2018 Spanish 50k,FrequencyWords content/2018/es/es_50k.txt (OpenSubtitles2018-derived),MWU_NOT_MEASURABLE_FROM_UNIGRAM_LIST,NOT_APPLICABLE_UNIGRAM_SOURCE,,,NOT_APPLICABLE_UNIGRAM_SOURCE,NOT_APPLICABLE_UNIGRAM_SOURCE,2026-09-04,,,,,NONE_OR_NOT_ANNOTATED_IN_THIS_PASS,FULL_SOURCE_TYPE_REVIEWED_UNIGRAM_ONLY,,,SUBTITLE_AUDIOVISUAL,2018,OpenSubtitles2018 via FrequencyWords processing,CC BY-SA 4.0 content,ALLOWED_WITH_ATTRIBUTION_AND_SHAREALIKE_BOUNDARY,NONE,NO_UNIGRAM_INFERENCE_FOR_MWU,https://github.com/hermitdave/FrequencyWords/blob/master/content/2018/es/es_50k.txt,https://github.com/hermitdave/FrequencyWords,A unigram frequency list cannot estimate MWU frequency by summing component-word counts.,1.32
12B1-MWU-0172,por la mañana,MWU_CHUNK,CORP-18,FrequencyWords / OpenSubtitles2018 Spanish 50k,FrequencyWords content/2018/es/es_50k.txt (OpenSubtitles2018-derived),MWU_NOT_MEASURABLE_FROM_UNIGRAM_LIST,NOT_APPLICABLE_UNIGRAM_SOURCE,,,NOT_APPLICABLE_UNIGRAM_SOURCE,NOT_APPLICABLE_UNIGRAM_SOURCE,2026-09-04,,,,,NONE_OR_NOT_ANNOTATED_IN_THIS_PASS,FULL_SOURCE_TYPE_REVIEWED_UNIGRAM_ONLY,,,SUBTITLE_AUDIOVISUAL,2018,OpenSubtitles2018 via FrequencyWords processing,CC BY-SA 4.0 content,ALLOWED_WITH_ATTRIBUTION_AND_SHAREALIKE_BOUNDARY,NONE,NO_UNIGRAM_INFERENCE_FOR_MWU,https://github.com/hermitdave/FrequencyWords/blob/master/content/2018/es/es_50k.txt,https://github.com/hermitdave/FrequencyWords,A unigram frequency list cannot estimate MWU frequency by summing component-word counts.,1.32
12B1-MWU-0173,por la noche,MWU_CHUNK,CORP-18,FrequencyWords / OpenSubtitles2018 Spanish 50k,FrequencyWords content/2018/es/es_50k.txt (OpenSubtitles2018-derived),MWU_NOT_MEASURABLE_FROM_UNIGRAM_LIST,NOT_APPLICABLE_UNIGRAM_SOURCE,,,NOT_APPLICABLE_UNIGRAM_SOURCE,NOT_APPLICABLE_UNIGRAM_SOURCE,2026-09-04,,,,,NONE_OR_NOT_ANNOTATED_IN_THIS_PASS,FULL_SOURCE_TYPE_REVIEWED_UNIGRAM_ONLY,,,SUBTITLE_AUDIOVISUAL,2018,OpenSubtitles2018 via FrequencyWords processing,CC BY-SA 4.0 content,ALLOWED_WITH_ATTRIBUTION_AND_SHAREALIKE_BOUNDARY,NONE,NO_UNIGRAM_INFERENCE_FOR_MWU,https://github.com/hermitdave/FrequencyWords/blob/master/content/2018/es/es_50k.txt,https://github.com/hermitdave/FrequencyWords,A unigram frequency list cannot estimate MWU frequency by summing component-word counts.,1.32
12B1-MWU-0174,por la tarde,MWU_CHUNK,CORP-18,FrequencyWords / OpenSubtitles2018 Spanish 50k,FrequencyWords content/2018/es/es_50k.txt (OpenSubtitles2018-derived),MWU_NOT_MEASURABLE_FROM_UNIGRAM_LIST,NOT_APPLICABLE_UNIGRAM_SOURCE,,,NOT_APPLICABLE_UNIGRAM_SOURCE,NOT_APPLICABLE_UNIGRAM_SOURCE,2026-09-04,,,,,NONE_OR_NOT_ANNOTATED_IN_THIS_PASS,FULL_SOURCE_TYPE_REVIEWED_UNIGRAM_ONLY,,,SUBTITLE_AUDIOVISUAL,2018,OpenSubtitles2018 via FrequencyWords processing,CC BY-SA 4.0 content,ALLOWED_WITH_ATTRIBUTION_AND_SHAREALIKE_BOUNDARY,NONE,NO_UNIGRAM_INFERENCE_FOR_MWU,https://github.com/hermitdave/FrequencyWords/blob/master/content/2018/es/es_50k.txt,https://github.com/hermitdave/FrequencyWords,A unigram frequency list cannot estimate MWU frequency by summing component-word counts.,1.32
12B1-MWU-0175,salir pronto,MWU_CHUNK,CORP-18,FrequencyWords / OpenSubtitles2018 Spanish 50k,FrequencyWords content/2018/es/es_50k.txt (OpenSubtitles2018-derived),MWU_NOT_MEASURABLE_FROM_UNIGRAM_LIST,NOT_APPLICABLE_UNIGRAM_SOURCE,,,NOT_APPLICABLE_UNIGRAM_SOURCE,NOT_APPLICABLE_UNIGRAM_SOURCE,2026-09-04,,,,,NONE_OR_NOT_ANNOTATED_IN_THIS_PASS,FULL_SOURCE_TYPE_REVIEWED_UNIGRAM_ONLY,,,SUBTITLE_AUDIOVISUAL,2018,OpenSubtitles2018 via FrequencyWords processing,CC BY-SA 4.0 content,ALLOWED_WITH_ATTRIBUTION_AND_SHAREALIKE_BOUNDARY,NONE,NO_UNIGRAM_INFERENCE_FOR_MWU,https://github.com/hermitdave/FrequencyWords/blob/master/content/2018/es/es_50k.txt,https://github.com/hermitdave/FrequencyWords,A unigram frequency list cannot estimate MWU frequency by summing component-word counts.,1.32
12B1-MWU-0176,salir tarde,MWU_CHUNK,CORP-18,FrequencyWords / OpenSubtitles2018 Spanish 50k,FrequencyWords content/2018/es/es_50k.txt (OpenSubtitles2018-derived),MWU_NOT_MEASURABLE_FROM_UNIGRAM_LIST,NOT_APPLICABLE_UNIGRAM_SOURCE,,,NOT_APPLICABLE_UNIGRAM_SOURCE,NOT_APPLICABLE_UNIGRAM_SOURCE,2026-09-04,,,,,NONE_OR_NOT_ANNOTATED_IN_THIS_PASS,FULL_SOURCE_TYPE_REVIEWED_UNIGRAM_ONLY,,,SUBTITLE_AUDIOVISUAL,2018,OpenSubtitles2018 via FrequencyWords processing,CC BY-SA 4.0 content,ALLOWED_WITH_ATTRIBUTION_AND_SHAREALIKE_BOUNDARY,NONE,NO_UNIGRAM_INFERENCE_FOR_MWU,https://github.com/hermitdave/FrequencyWords/blob/master/content/2018/es/es_50k.txt,https://github.com/hermitdave/FrequencyWords,A unigram frequency list cannot estimate MWU frequency by summing component-word counts.,1.32
12B1-MWU-0177,salir temprano,MWU_CHUNK,CORP-18,FrequencyWords / OpenSubtitles2018 Spanish 50k,FrequencyWords content/2018/es/es_50k.txt (OpenSubtitles2018-derived),MWU_NOT_MEASURABLE_FROM_UNIGRAM_LIST,NOT_APPLICABLE_UNIGRAM_SOURCE,,,NOT_APPLICABLE_UNIGRAM_SOURCE,NOT_APPLICABLE_UNIGRAM_SOURCE,2026-09-04,,,,,NONE_OR_NOT_ANNOTATED_IN_THIS_PASS,FULL_SOURCE_TYPE_REVIEWED_UNIGRAM_ONLY,,,SUBTITLE_AUDIOVISUAL,2018,OpenSubtitles2018 via FrequencyWords processing,CC BY-SA 4.0 content,ALLOWED_WITH_ATTRIBUTION_AND_SHAREALIKE_BOUNDARY,NONE,NO_UNIGRAM_INFERENCE_FOR_MWU,https://github.com/hermitdave/FrequencyWords/blob/master/content/2018/es/es_50k.txt,https://github.com/hermitdave/FrequencyWords,A unigram frequency list cannot estimate MWU frequency by summing component-word counts.,1.32
12B1-MWU-0178,ser bueno,MWU_CHUNK,CORP-18,FrequencyWords / OpenSubtitles2018 Spanish 50k,FrequencyWords content/2018/es/es_50k.txt (OpenSubtitles2018-derived),MWU_NOT_MEASURABLE_FROM_UNIGRAM_LIST,NOT_APPLICABLE_UNIGRAM_SOURCE,,,NOT_APPLICABLE_UNIGRAM_SOURCE,NOT_APPLICABLE_UNIGRAM_SOURCE,2026-09-04,,,,,NONE_OR_NOT_ANNOTATED_IN_THIS_PASS,FULL_SOURCE_TYPE_REVIEWED_UNIGRAM_ONLY,,,SUBTITLE_AUDIOVISUAL,2018,OpenSubtitles2018 via FrequencyWords processing,CC BY-SA 4.0 content,ALLOWED_WITH_ATTRIBUTION_AND_SHAREALIKE_BOUNDARY,NONE,NO_UNIGRAM_INFERENCE_FOR_MWU,https://github.com/hermitdave/FrequencyWords/blob/master/content/2018/es/es_50k.txt,https://github.com/hermitdave/FrequencyWords,A unigram frequency list cannot estimate MWU frequency by summing component-word counts.,1.32
12B1-MWU-0179,ser de,MWU_CHUNK,CORP-18,FrequencyWords / OpenSubtitles2018 Spanish 50k,FrequencyWords content/2018/es/es_50k.txt (OpenSubtitles2018-derived),MWU_NOT_MEASURABLE_FROM_UNIGRAM_LIST,NOT_APPLICABLE_UNIGRAM_SOURCE,,,NOT_APPLICABLE_UNIGRAM_SOURCE,NOT_APPLICABLE_UNIGRAM_SOURCE,2026-09-04,,,,,NONE_OR_NOT_ANNOTATED_IN_THIS_PASS,FULL_SOURCE_TYPE_REVIEWED_UNIGRAM_ONLY,,,SUBTITLE_AUDIOVISUAL,2018,OpenSubtitles2018 via FrequencyWords processing,CC BY-SA 4.0 content,ALLOWED_WITH_ATTRIBUTION_AND_SHAREALIKE_BOUNDARY,NONE,NO_UNIGRAM_INFERENCE_FOR_MWU,https://github.com/hermitdave/FrequencyWords/blob/master/content/2018/es/es_50k.txt,https://github.com/hermitdave/FrequencyWords,A unigram frequency list cannot estimate MWU frequency by summing component-word counts.,1.32
12B1-MWU-0180,ser difícil,MWU_CHUNK,CORP-18,FrequencyWords / OpenSubtitles2018 Spanish 50k,FrequencyWords content/2018/es/es_50k.txt (OpenSubtitles2018-derived),MWU_NOT_MEASURABLE_FROM_UNIGRAM_LIST,NOT_APPLICABLE_UNIGRAM_SOURCE,,,NOT_APPLICABLE_UNIGRAM_SOURCE,NOT_APPLICABLE_UNIGRAM_SOURCE,2026-09-04,,,,,NONE_OR_NOT_ANNOTATED_IN_THIS_PASS,FULL_SOURCE_TYPE_REVIEWED_UNIGRAM_ONLY,,,SUBTITLE_AUDIOVISUAL,2018,OpenSubtitles2018 via FrequencyWords processing,CC BY-SA 4.0 content,ALLOWED_WITH_ATTRIBUTION_AND_SHAREALIKE_BOUNDARY,NONE,NO_UNIGRAM_INFERENCE_FOR_MWU,https://github.com/hermitdave/FrequencyWords/blob/master/content/2018/es/es_50k.txt,https://github.com/hermitdave/FrequencyWords,A unigram frequency list cannot estimate MWU frequency by summing component-word counts.,1.32
12B1-MWU-0181,ser malo,MWU_CHUNK,CORP-18,FrequencyWords / OpenSubtitles2018 Spanish 50k,FrequencyWords content/2018/es/es_50k.txt (OpenSubtitles2018-derived),MWU_NOT_MEASURABLE_FROM_UNIGRAM_LIST,NOT_APPLICABLE_UNIGRAM_SOURCE,,,NOT_APPLICABLE_UNIGRAM_SOURCE,NOT_APPLICABLE_UNIGRAM_SOURCE,2026-09-04,,,,,NONE_OR_NOT_ANNOTATED_IN_THIS_PASS,FULL_SOURCE_TYPE_REVIEWED_UNIGRAM_ONLY,,,SUBTITLE_AUDIOVISUAL,2018,OpenSubtitles2018 via FrequencyWords processing,CC BY-SA 4.0 content,ALLOWED_WITH_ATTRIBUTION_AND_SHAREALIKE_BOUNDARY,NONE,NO_UNIGRAM_INFERENCE_FOR_MWU,https://github.com/hermitdave/FrequencyWords/blob/master/content/2018/es/es_50k.txt,https://github.com/hermitdave/FrequencyWords,A unigram frequency list cannot estimate MWU frequency by summing component-word counts.,1.32
12B1-MWU-0182,ser posible,MWU_CHUNK,CORP-18,FrequencyWords / OpenSubtitles2018 Spanish 50k,FrequencyWords content/2018/es/es_50k.txt (OpenSubtitles2018-derived),MWU_NOT_MEASURABLE_FROM_UNIGRAM_LIST,NOT_APPLICABLE_UNIGRAM_SOURCE,,,NOT_APPLICABLE_UNIGRAM_SOURCE,NOT_APPLICABLE_UNIGRAM_SOURCE,2026-09-04,,,,,NONE_OR_NOT_ANNOTATED_IN_THIS_PASS,FULL_SOURCE_TYPE_REVIEWED_UNIGRAM_ONLY,,,SUBTITLE_AUDIOVISUAL,2018,OpenSubtitles2018 via FrequencyWords processing,CC BY-SA 4.0 content,ALLOWED_WITH_ATTRIBUTION_AND_SHAREALIKE_BOUNDARY,NONE,NO_UNIGRAM_INFERENCE_FOR_MWU,https://github.com/hermitdave/FrequencyWords/blob/master/content/2018/es/es_50k.txt,https://github.com/hermitdave/FrequencyWords,A unigram frequency list cannot estimate MWU frequency by summing component-word counts.,1.32
12B1-MWU-0183,ser pronto,MWU_CHUNK,CORP-18,FrequencyWords / OpenSubtitles2018 Spanish 50k,FrequencyWords content/2018/es/es_50k.txt (OpenSubtitles2018-derived),MWU_NOT_MEASURABLE_FROM_UNIGRAM_LIST,NOT_APPLICABLE_UNIGRAM_SOURCE,,,NOT_APPLICABLE_UNIGRAM_SOURCE,NOT_APPLICABLE_UNIGRAM_SOURCE,2026-09-04,,,,,NONE_OR_NOT_ANNOTATED_IN_THIS_PASS,FULL_SOURCE_TYPE_REVIEWED_UNIGRAM_ONLY,,,SUBTITLE_AUDIOVISUAL,2018,OpenSubtitles2018 via FrequencyWords processing,CC BY-SA 4.0 content,ALLOWED_WITH_ATTRIBUTION_AND_SHAREALIKE_BOUNDARY,NONE,NO_UNIGRAM_INFERENCE_FOR_MWU,https://github.com/hermitdave/FrequencyWords/blob/master/content/2018/es/es_50k.txt,https://github.com/hermitdave/FrequencyWords,A unigram frequency list cannot estimate MWU frequency by summing component-word counts.,1.32
12B1-MWU-0184,ser tarde,MWU_CHUNK,CORP-18,FrequencyWords / OpenSubtitles2018 Spanish 50k,FrequencyWords content/2018/es/es_50k.txt (OpenSubtitles2018-derived),MWU_NOT_MEASURABLE_FROM_UNIGRAM_LIST,NOT_APPLICABLE_UNIGRAM_SOURCE,,,NOT_APPLICABLE_UNIGRAM_SOURCE,NOT_APPLICABLE_UNIGRAM_SOURCE,2026-09-04,,,,,NONE_OR_NOT_ANNOTATED_IN_THIS_PASS,FULL_SOURCE_TYPE_REVIEWED_UNIGRAM_ONLY,,,SUBTITLE_AUDIOVISUAL,2018,OpenSubtitles2018 via FrequencyWords processing,CC BY-SA 4.0 content,ALLOWED_WITH_ATTRIBUTION_AND_SHAREALIKE_BOUNDARY,NONE,NO_UNIGRAM_INFERENCE_FOR_MWU,https://github.com/hermitdave/FrequencyWords/blob/master/content/2018/es/es_50k.txt,https://github.com/hermitdave/FrequencyWords,A unigram frequency list cannot estimate MWU frequency by summing component-word counts.,1.32
12B1-MWU-0185,ser temprano,MWU_CHUNK,CORP-18,FrequencyWords / OpenSubtitles2018 Spanish 50k,FrequencyWords content/2018/es/es_50k.txt (OpenSubtitles2018-derived),MWU_NOT_MEASURABLE_FROM_UNIGRAM_LIST,NOT_APPLICABLE_UNIGRAM_SOURCE,,,NOT_APPLICABLE_UNIGRAM_SOURCE,NOT_APPLICABLE_UNIGRAM_SOURCE,2026-09-04,,,,,NONE_OR_NOT_ANNOTATED_IN_THIS_PASS,FULL_SOURCE_TYPE_REVIEWED_UNIGRAM_ONLY,,,SUBTITLE_AUDIOVISUAL,2018,OpenSubtitles2018 via FrequencyWords processing,CC BY-SA 4.0 content,ALLOWED_WITH_ATTRIBUTION_AND_SHAREALIKE_BOUNDARY,NONE,NO_UNIGRAM_INFERENCE_FOR_MWU,https://github.com/hermitdave/FrequencyWords/blob/master/content/2018/es/es_50k.txt,https://github.com/hermitdave/FrequencyWords,A unigram frequency list cannot estimate MWU frequency by summing component-word counts.,1.32
12B1-MWU-0186,todo recto,MWU_CHUNK,CORP-18,FrequencyWords / OpenSubtitles2018 Spanish 50k,FrequencyWords content/2018/es/es_50k.txt (OpenSubtitles2018-derived),MWU_NOT_MEASURABLE_FROM_UNIGRAM_LIST,NOT_APPLICABLE_UNIGRAM_SOURCE,,,NOT_APPLICABLE_UNIGRAM_SOURCE,NOT_APPLICABLE_UNIGRAM_SOURCE,2026-09-04,,,,,NONE_OR_NOT_ANNOTATED_IN_THIS_PASS,FULL_SOURCE_TYPE_REVIEWED_UNIGRAM_ONLY,,,SUBTITLE_AUDIOVISUAL,2018,OpenSubtitles2018 via FrequencyWords processing,CC BY-SA 4.0 content,ALLOWED_WITH_ATTRIBUTION_AND_SHAREALIKE_BOUNDARY,NONE,NO_UNIGRAM_INFERENCE_FOR_MWU,https://github.com/hermitdave/FrequencyWords/blob/master/content/2018/es/es_50k.txt,https://github.com/hermitdave/FrequencyWords,A unigram frequency list cannot estimate MWU frequency by summing component-word counts.,1.32
12B1-MWU-0187,todos los días,MWU_CHUNK,CORP-18,FrequencyWords / OpenSubtitles2018 Spanish 50k,FrequencyWords content/2018/es/es_50k.txt (OpenSubtitles2018-derived),MWU_NOT_MEASURABLE_FROM_UNIGRAM_LIST,NOT_APPLICABLE_UNIGRAM_SOURCE,,,NOT_APPLICABLE_UNIGRAM_SOURCE,NOT_APPLICABLE_UNIGRAM_SOURCE,2026-09-04,,,,,NONE_OR_NOT_ANNOTATED_IN_THIS_PASS,FULL_SOURCE_TYPE_REVIEWED_UNIGRAM_ONLY,,,SUBTITLE_AUDIOVISUAL,2018,OpenSubtitles2018 via FrequencyWords processing,CC BY-SA 4.0 content,ALLOWED_WITH_ATTRIBUTION_AND_SHAREALIKE_BOUNDARY,NONE,NO_UNIGRAM_INFERENCE_FOR_MWU,https://github.com/hermitdave/FrequencyWords/blob/master/content/2018/es/es_50k.txt,https://github.com/hermitdave/FrequencyWords,A unigram frequency list cannot estimate MWU frequency by summing component-word counts.,1.32
12B1-MWU-0188,un poco,MWU_CHUNK,CORP-18,FrequencyWords / OpenSubtitles2018 Spanish 50k,FrequencyWords content/2018/es/es_50k.txt (OpenSubtitles2018-derived),MWU_NOT_MEASURABLE_FROM_UNIGRAM_LIST,NOT_APPLICABLE_UNIGRAM_SOURCE,,,NOT_APPLICABLE_UNIGRAM_SOURCE,NOT_APPLICABLE_UNIGRAM_SOURCE,2026-09-04,,,,,NONE_OR_NOT_ANNOTATED_IN_THIS_PASS,FULL_SOURCE_TYPE_REVIEWED_UNIGRAM_ONLY,,,SUBTITLE_AUDIOVISUAL,2018,OpenSubtitles2018 via FrequencyWords processing,CC BY-SA 4.0 content,ALLOWED_WITH_ATTRIBUTION_AND_SHAREALIKE_BOUNDARY,NONE,NO_UNIGRAM_INFERENCE_FOR_MWU,https://github.com/hermitdave/FrequencyWords/blob/master/content/2018/es/es_50k.txt,https://github.com/hermitdave/FrequencyWords,A unigram frequency list cannot estimate MWU frequency by summing component-word counts.,1.32
12B1-MWU-0189,de dónde,MWU_CHUNK,CORP-18,FrequencyWords / OpenSubtitles2018 Spanish 50k,FrequencyWords content/2018/es/es_50k.txt (OpenSubtitles2018-derived),MWU_NOT_MEASURABLE_FROM_UNIGRAM_LIST,NOT_APPLICABLE_UNIGRAM_SOURCE,,,NOT_APPLICABLE_UNIGRAM_SOURCE,NOT_APPLICABLE_UNIGRAM_SOURCE,2026-09-04,,,,,NONE_OR_NOT_ANNOTATED_IN_THIS_PASS,FULL_SOURCE_TYPE_REVIEWED_UNIGRAM_ONLY,,,SUBTITLE_AUDIOVISUAL,2018,OpenSubtitles2018 via FrequencyWords processing,CC BY-SA 4.0 content,ALLOWED_WITH_ATTRIBUTION_AND_SHAREALIKE_BOUNDARY,NONE,NO_UNIGRAM_INFERENCE_FOR_MWU,https://github.com/hermitdave/FrequencyWords/blob/master/content/2018/es/es_50k.txt,https://github.com/hermitdave/FrequencyWords,A unigram frequency list cannot estimate MWU frequency by summing component-word counts.,1.32
12B1-MWU-0190,por qué,MWU_CHUNK,CORP-18,FrequencyWords / OpenSubtitles2018 Spanish 50k,FrequencyWords content/2018/es/es_50k.txt (OpenSubtitles2018-derived),MWU_NOT_MEASURABLE_FROM_UNIGRAM_LIST,NOT_APPLICABLE_UNIGRAM_SOURCE,,,NOT_APPLICABLE_UNIGRAM_SOURCE,NOT_APPLICABLE_UNIGRAM_SOURCE,2026-09-04,,,,,NONE_OR_NOT_ANNOTATED_IN_THIS_PASS,FULL_SOURCE_TYPE_REVIEWED_UNIGRAM_ONLY,,,SUBTITLE_AUDIOVISUAL,2018,OpenSubtitles2018 via FrequencyWords processing,CC BY-SA 4.0 content,ALLOWED_WITH_ATTRIBUTION_AND_SHAREALIKE_BOUNDARY,NONE,NO_UNIGRAM_INFERENCE_FOR_MWU,https://github.com/hermitdave/FrequencyWords/blob/master/content/2018/es/es_50k.txt,https://github.com/hermitdave/FrequencyWords,A unigram frequency list cannot estimate MWU frequency by summing component-word counts.,1.32
12B1-MWU-0191,¿y tú?,MWU_CHUNK,CORP-18,FrequencyWords / OpenSubtitles2018 Spanish 50k,FrequencyWords content/2018/es/es_50k.txt (OpenSubtitles2018-derived),MWU_NOT_MEASURABLE_FROM_UNIGRAM_LIST,NOT_APPLICABLE_UNIGRAM_SOURCE,,,NOT_APPLICABLE_UNIGRAM_SOURCE,NOT_APPLICABLE_UNIGRAM_SOURCE,2026-09-04,,,,,NONE_OR_NOT_ANNOTATED_IN_THIS_PASS,FULL_SOURCE_TYPE_REVIEWED_UNIGRAM_ONLY,,,SUBTITLE_AUDIOVISUAL,2018,OpenSubtitles2018 via FrequencyWords processing,CC BY-SA 4.0 content,ALLOWED_WITH_ATTRIBUTION_AND_SHAREALIKE_BOUNDARY,NONE,NO_UNIGRAM_INFERENCE_FOR_MWU,https://github.com/hermitdave/FrequencyWords/blob/master/content/2018/es/es_50k.txt,https://github.com/hermitdave/FrequencyWords,A unigram frequency list cannot estimate MWU frequency by summing component-word counts.,1.32
12B1-MWU-0192,creo que,MWU_CHUNK,CORP-18,FrequencyWords / OpenSubtitles2018 Spanish 50k,FrequencyWords content/2018/es/es_50k.txt (OpenSubtitles2018-derived),MWU_NOT_MEASURABLE_FROM_UNIGRAM_LIST,NOT_APPLICABLE_UNIGRAM_SOURCE,,,NOT_APPLICABLE_UNIGRAM_SOURCE,NOT_APPLICABLE_UNIGRAM_SOURCE,2026-09-04,,,,,NONE_OR_NOT_ANNOTATED_IN_THIS_PASS,FULL_SOURCE_TYPE_REVIEWED_UNIGRAM_ONLY,,,SUBTITLE_AUDIOVISUAL,2018,OpenSubtitles2018 via FrequencyWords processing,CC BY-SA 4.0 content,ALLOWED_WITH_ATTRIBUTION_AND_SHAREALIKE_BOUNDARY,NONE,NO_UNIGRAM_INFERENCE_FOR_MWU,https://github.com/hermitdave/FrequencyWords/blob/master/content/2018/es/es_50k.txt,https://github.com/hermitdave/FrequencyWords,A unigram frequency list cannot estimate MWU frequency by summing component-word counts.,1.32
12B1-MWU-0193,está bien,MWU_CHUNK,CORP-18,FrequencyWords / OpenSubtitles2018 Spanish 50k,FrequencyWords content/2018/es/es_50k.txt (OpenSubtitles2018-derived),MWU_NOT_MEASURABLE_FROM_UNIGRAM_LIST,NOT_APPLICABLE_UNIGRAM_SOURCE,,,NOT_APPLICABLE_UNIGRAM_SOURCE,NOT_APPLICABLE_UNIGRAM_SOURCE,2026-09-04,,,,,NONE_OR_NOT_ANNOTATED_IN_THIS_PASS,FULL_SOURCE_TYPE_REVIEWED_UNIGRAM_ONLY,,,SUBTITLE_AUDIOVISUAL,2018,OpenSubtitles2018 via FrequencyWords processing,CC BY-SA 4.0 content,ALLOWED_WITH_ATTRIBUTION_AND_SHAREALIKE_BOUNDARY,NONE,NO_UNIGRAM_INFERENCE_FOR_MWU,https://github.com/hermitdave/FrequencyWords/blob/master/content/2018/es/es_50k.txt,https://github.com/hermitdave/FrequencyWords,A unigram frequency list cannot estimate MWU frequency by summing component-word counts.,1.32
12B1-MWU-0194,"así, así",MWU_CHUNK,CORP-18,FrequencyWords / OpenSubtitles2018 Spanish 50k,FrequencyWords content/2018/es/es_50k.txt (OpenSubtitles2018-derived),MWU_NOT_MEASURABLE_FROM_UNIGRAM_LIST,NOT_APPLICABLE_UNIGRAM_SOURCE,,,NOT_APPLICABLE_UNIGRAM_SOURCE,NOT_APPLICABLE_UNIGRAM_SOURCE,2026-09-04,,,,,NONE_OR_NOT_ANNOTATED_IN_THIS_PASS,FULL_SOURCE_TYPE_REVIEWED_UNIGRAM_ONLY,,,SUBTITLE_AUDIOVISUAL,2018,OpenSubtitles2018 via FrequencyWords processing,CC BY-SA 4.0 content,ALLOWED_WITH_ATTRIBUTION_AND_SHAREALIKE_BOUNDARY,NONE,NO_UNIGRAM_INFERENCE_FOR_MWU,https://github.com/hermitdave/FrequencyWords/blob/master/content/2018/es/es_50k.txt,https://github.com/hermitdave/FrequencyWords,A unigram frequency list cannot estimate MWU frequency by summing component-word counts.,1.32
12B1-MWU-0195,yo también,MWU_CHUNK,CORP-18,FrequencyWords / OpenSubtitles2018 Spanish 50k,FrequencyWords content/2018/es/es_50k.txt (OpenSubtitles2018-derived),MWU_NOT_MEASURABLE_FROM_UNIGRAM_LIST,NOT_APPLICABLE_UNIGRAM_SOURCE,,,NOT_APPLICABLE_UNIGRAM_SOURCE,NOT_APPLICABLE_UNIGRAM_SOURCE,2026-09-04,,,,,NONE_OR_NOT_ANNOTATED_IN_THIS_PASS,FULL_SOURCE_TYPE_REVIEWED_UNIGRAM_ONLY,,,SUBTITLE_AUDIOVISUAL,2018,OpenSubtitles2018 via FrequencyWords processing,CC BY-SA 4.0 content,ALLOWED_WITH_ATTRIBUTION_AND_SHAREALIKE_BOUNDARY,NONE,NO_UNIGRAM_INFERENCE_FOR_MWU,https://github.com/hermitdave/FrequencyWords/blob/master/content/2018/es/es_50k.txt,https://github.com/hermitdave/FrequencyWords,A unigram frequency list cannot estimate MWU frequency by summing component-word counts.,1.32
12B1-MWU-0196,yo tampoco,MWU_CHUNK,CORP-18,FrequencyWords / OpenSubtitles2018 Spanish 50k,FrequencyWords content/2018/es/es_50k.txt (OpenSubtitles2018-derived),MWU_NOT_MEASURABLE_FROM_UNIGRAM_LIST,NOT_APPLICABLE_UNIGRAM_SOURCE,,,NOT_APPLICABLE_UNIGRAM_SOURCE,NOT_APPLICABLE_UNIGRAM_SOURCE,2026-09-04,,,,,NONE_OR_NOT_ANNOTATED_IN_THIS_PASS,FULL_SOURCE_TYPE_REVIEWED_UNIGRAM_ONLY,,,SUBTITLE_AUDIOVISUAL,2018,OpenSubtitles2018 via FrequencyWords processing,CC BY-SA 4.0 content,ALLOWED_WITH_ATTRIBUTION_AND_SHAREALIKE_BOUNDARY,NONE,NO_UNIGRAM_INFERENCE_FOR_MWU,https://github.com/hermitdave/FrequencyWords/blob/master/content/2018/es/es_50k.txt,https://github.com/hermitdave/FrequencyWords,A unigram frequency list cannot estimate MWU frequency by summing component-word counts.,1.32
12B1-MWU-0197,no sé,MWU_CHUNK,CORP-18,FrequencyWords / OpenSubtitles2018 Spanish 50k,FrequencyWords content/2018/es/es_50k.txt (OpenSubtitles2018-derived),MWU_NOT_MEASURABLE_FROM_UNIGRAM_LIST,NOT_APPLICABLE_UNIGRAM_SOURCE,,,NOT_APPLICABLE_UNIGRAM_SOURCE,NOT_APPLICABLE_UNIGRAM_SOURCE,2026-09-04,,,,,NONE_OR_NOT_ANNOTATED_IN_THIS_PASS,FULL_SOURCE_TYPE_REVIEWED_UNIGRAM_ONLY,,,SUBTITLE_AUDIOVISUAL,2018,OpenSubtitles2018 via FrequencyWords processing,CC BY-SA 4.0 content,ALLOWED_WITH_ATTRIBUTION_AND_SHAREALIKE_BOUNDARY,NONE,NO_UNIGRAM_INFERENCE_FOR_MWU,https://github.com/hermitdave/FrequencyWords/blob/master/content/2018/es/es_50k.txt,https://github.com/hermitdave/FrequencyWords,A unigram frequency list cannot estimate MWU frequency by summing component-word counts.,1.32
12B1-MWU-0198,"sí, pero",MWU_CHUNK,CORP-18,FrequencyWords / OpenSubtitles2018 Spanish 50k,FrequencyWords content/2018/es/es_50k.txt (OpenSubtitles2018-derived),MWU_NOT_MEASURABLE_FROM_UNIGRAM_LIST,NOT_APPLICABLE_UNIGRAM_SOURCE,,,NOT_APPLICABLE_UNIGRAM_SOURCE,NOT_APPLICABLE_UNIGRAM_SOURCE,2026-09-04,,,,,NONE_OR_NOT_ANNOTATED_IN_THIS_PASS,FULL_SOURCE_TYPE_REVIEWED_UNIGRAM_ONLY,,,SUBTITLE_AUDIOVISUAL,2018,OpenSubtitles2018 via FrequencyWords processing,CC BY-SA 4.0 content,ALLOWED_WITH_ATTRIBUTION_AND_SHAREALIKE_BOUNDARY,NONE,NO_UNIGRAM_INFERENCE_FOR_MWU,https://github.com/hermitdave/FrequencyWords/blob/master/content/2018/es/es_50k.txt,https://github.com/hermitdave/FrequencyWords,A unigram frequency list cannot estimate MWU frequency by summing component-word counts.,1.32
12B1-MWU-0199,por favor,MWU_CHUNK,CORP-18,FrequencyWords / OpenSubtitles2018 Spanish 50k,FrequencyWords content/2018/es/es_50k.txt (OpenSubtitles2018-derived),MWU_NOT_MEASURABLE_FROM_UNIGRAM_LIST,NOT_APPLICABLE_UNIGRAM_SOURCE,,,NOT_APPLICABLE_UNIGRAM_SOURCE,NOT_APPLICABLE_UNIGRAM_SOURCE,2026-09-04,,,,,NONE_OR_NOT_ANNOTATED_IN_THIS_PASS,FULL_SOURCE_TYPE_REVIEWED_UNIGRAM_ONLY,,,SUBTITLE_AUDIOVISUAL,2018,OpenSubtitles2018 via FrequencyWords processing,CC BY-SA 4.0 content,ALLOWED_WITH_ATTRIBUTION_AND_SHAREALIKE_BOUNDARY,NONE,NO_UNIGRAM_INFERENCE_FOR_MWU,https://github.com/hermitdave/FrequencyWords/blob/master/content/2018/es/es_50k.txt,https://github.com/hermitdave/FrequencyWords,A unigram frequency list cannot estimate MWU frequency by summing component-word counts.,1.32
12B1-MWU-0200,"silencio, por favor",MWU_CHUNK,CORP-18,FrequencyWords / OpenSubtitles2018 Spanish 50k,FrequencyWords content/2018/es/es_50k.txt (OpenSubtitles2018-derived),MWU_NOT_MEASURABLE_FROM_UNIGRAM_LIST,NOT_APPLICABLE_UNIGRAM_SOURCE,,,NOT_APPLICABLE_UNIGRAM_SOURCE,NOT_APPLICABLE_UNIGRAM_SOURCE,2026-09-04,,,,,NONE_OR_NOT_ANNOTATED_IN_THIS_PASS,FULL_SOURCE_TYPE_REVIEWED_UNIGRAM_ONLY,,,SUBTITLE_AUDIOVISUAL,2018,OpenSubtitles2018 via FrequencyWords processing,CC BY-SA 4.0 content,ALLOWED_WITH_ATTRIBUTION_AND_SHAREALIKE_BOUNDARY,NONE,NO_UNIGRAM_INFERENCE_FOR_MWU,https://github.com/hermitdave/FrequencyWords/blob/master/content/2018/es/es_50k.txt,https://github.com/hermitdave/FrequencyWords,A unigram frequency list cannot estimate MWU frequency by summing component-word counts.,1.32
12B1-MWU-0201,"más despacio, por favor",MWU_CHUNK,CORP-18,FrequencyWords / OpenSubtitles2018 Spanish 50k,FrequencyWords content/2018/es/es_50k.txt (OpenSubtitles2018-derived),MWU_NOT_MEASURABLE_FROM_UNIGRAM_LIST,NOT_APPLICABLE_UNIGRAM_SOURCE,,,NOT_APPLICABLE_UNIGRAM_SOURCE,NOT_APPLICABLE_UNIGRAM_SOURCE,2026-09-04,,,,,NONE_OR_NOT_ANNOTATED_IN_THIS_PASS,FULL_SOURCE_TYPE_REVIEWED_UNIGRAM_ONLY,,,SUBTITLE_AUDIOVISUAL,2018,OpenSubtitles2018 via FrequencyWords processing,CC BY-SA 4.0 content,ALLOWED_WITH_ATTRIBUTION_AND_SHAREALIKE_BOUNDARY,NONE,NO_UNIGRAM_INFERENCE_FOR_MWU,https://github.com/hermitdave/FrequencyWords/blob/master/content/2018/es/es_50k.txt,https://github.com/hermitdave/FrequencyWords,A unigram frequency list cannot estimate MWU frequency by summing component-word counts.,1.32
12B1-MWU-0202,"más alto, por favor",MWU_CHUNK,CORP-18,FrequencyWords / OpenSubtitles2018 Spanish 50k,FrequencyWords content/2018/es/es_50k.txt (OpenSubtitles2018-derived),MWU_NOT_MEASURABLE_FROM_UNIGRAM_LIST,NOT_APPLICABLE_UNIGRAM_SOURCE,,,NOT_APPLICABLE_UNIGRAM_SOURCE,NOT_APPLICABLE_UNIGRAM_SOURCE,2026-09-04,,,,,NONE_OR_NOT_ANNOTATED_IN_THIS_PASS,FULL_SOURCE_TYPE_REVIEWED_UNIGRAM_ONLY,,,SUBTITLE_AUDIOVISUAL,2018,OpenSubtitles2018 via FrequencyWords processing,CC BY-SA 4.0 content,ALLOWED_WITH_ATTRIBUTION_AND_SHAREALIKE_BOUNDARY,NONE,NO_UNIGRAM_INFERENCE_FOR_MWU,https://github.com/hermitdave/FrequencyWords/blob/master/content/2018/es/es_50k.txt,https://github.com/hermitdave/FrequencyWords,A unigram frequency list cannot estimate MWU frequency by summing component-word counts.,1.32
12B1-MWU-0203,¿puedes repetir?,MWU_CHUNK,CORP-18,FrequencyWords / OpenSubtitles2018 Spanish 50k,FrequencyWords content/2018/es/es_50k.txt (OpenSubtitles2018-derived),MWU_NOT_MEASURABLE_FROM_UNIGRAM_LIST,NOT_APPLICABLE_UNIGRAM_SOURCE,,,NOT_APPLICABLE_UNIGRAM_SOURCE,NOT_APPLICABLE_UNIGRAM_SOURCE,2026-09-04,,,,,NONE_OR_NOT_ANNOTATED_IN_THIS_PASS,FULL_SOURCE_TYPE_REVIEWED_UNIGRAM_ONLY,,,SUBTITLE_AUDIOVISUAL,2018,OpenSubtitles2018 via FrequencyWords processing,CC BY-SA 4.0 content,ALLOWED_WITH_ATTRIBUTION_AND_SHAREALIKE_BOUNDARY,NONE,NO_UNIGRAM_INFERENCE_FOR_MWU,https://github.com/hermitdave/FrequencyWords/blob/master/content/2018/es/es_50k.txt,https://github.com/hermitdave/FrequencyWords,A unigram frequency list cannot estimate MWU frequency by summing component-word counts.,1.32
12B1-MWU-0204,"sí, sí",MWU_CHUNK,CORP-18,FrequencyWords / OpenSubtitles2018 Spanish 50k,FrequencyWords content/2018/es/es_50k.txt (OpenSubtitles2018-derived),MWU_NOT_MEASURABLE_FROM_UNIGRAM_LIST,NOT_APPLICABLE_UNIGRAM_SOURCE,,,NOT_APPLICABLE_UNIGRAM_SOURCE,NOT_APPLICABLE_UNIGRAM_SOURCE,2026-09-04,,,,,NONE_OR_NOT_ANNOTATED_IN_THIS_PASS,FULL_SOURCE_TYPE_REVIEWED_UNIGRAM_ONLY,,,SUBTITLE_AUDIOVISUAL,2018,OpenSubtitles2018 via FrequencyWords processing,CC BY-SA 4.0 content,ALLOWED_WITH_ATTRIBUTION_AND_SHAREALIKE_BOUNDARY,NONE,NO_UNIGRAM_INFERENCE_FOR_MWU,https://github.com/hermitdave/FrequencyWords/blob/master/content/2018/es/es_50k.txt,https://github.com/hermitdave/FrequencyWords,A unigram frequency list cannot estimate MWU frequency by summing component-word counts.,1.32
12B1-MWU-0205,lo siento,MWU_CHUNK,CORP-18,FrequencyWords / OpenSubtitles2018 Spanish 50k,FrequencyWords content/2018/es/es_50k.txt (OpenSubtitles2018-derived),MWU_NOT_MEASURABLE_FROM_UNIGRAM_LIST,NOT_APPLICABLE_UNIGRAM_SOURCE,,,NOT_APPLICABLE_UNIGRAM_SOURCE,NOT_APPLICABLE_UNIGRAM_SOURCE,2026-09-04,,,,,NONE_OR_NOT_ANNOTATED_IN_THIS_PASS,FULL_SOURCE_TYPE_REVIEWED_UNIGRAM_ONLY,,,SUBTITLE_AUDIOVISUAL,2018,OpenSubtitles2018 via FrequencyWords processing,CC BY-SA 4.0 content,ALLOWED_WITH_ATTRIBUTION_AND_SHAREALIKE_BOUNDARY,NONE,NO_UNIGRAM_INFERENCE_FOR_MWU,https://github.com/hermitdave/FrequencyWords/blob/master/content/2018/es/es_50k.txt,https://github.com/hermitdave/FrequencyWords,A unigram frequency list cannot estimate MWU frequency by summing component-word counts.,1.32
12B1-MWU-0206,"sí, gracias",MWU_CHUNK,CORP-18,FrequencyWords / OpenSubtitles2018 Spanish 50k,FrequencyWords content/2018/es/es_50k.txt (OpenSubtitles2018-derived),MWU_NOT_MEASURABLE_FROM_UNIGRAM_LIST,NOT_APPLICABLE_UNIGRAM_SOURCE,,,NOT_APPLICABLE_UNIGRAM_SOURCE,NOT_APPLICABLE_UNIGRAM_SOURCE,2026-09-04,,,,,NONE_OR_NOT_ANNOTATED_IN_THIS_PASS,FULL_SOURCE_TYPE_REVIEWED_UNIGRAM_ONLY,,,SUBTITLE_AUDIOVISUAL,2018,OpenSubtitles2018 via FrequencyWords processing,CC BY-SA 4.0 content,ALLOWED_WITH_ATTRIBUTION_AND_SHAREALIKE_BOUNDARY,NONE,NO_UNIGRAM_INFERENCE_FOR_MWU,https://github.com/hermitdave/FrequencyWords/blob/master/content/2018/es/es_50k.txt,https://github.com/hermitdave/FrequencyWords,A unigram frequency list cannot estimate MWU frequency by summing component-word counts.,1.32
12B1-MWU-0207,"no, gracias",MWU_CHUNK,CORP-18,FrequencyWords / OpenSubtitles2018 Spanish 50k,FrequencyWords content/2018/es/es_50k.txt (OpenSubtitles2018-derived),MWU_NOT_MEASURABLE_FROM_UNIGRAM_LIST,NOT_APPLICABLE_UNIGRAM_SOURCE,,,NOT_APPLICABLE_UNIGRAM_SOURCE,NOT_APPLICABLE_UNIGRAM_SOURCE,2026-09-04,,,,,NONE_OR_NOT_ANNOTATED_IN_THIS_PASS,FULL_SOURCE_TYPE_REVIEWED_UNIGRAM_ONLY,,,SUBTITLE_AUDIOVISUAL,2018,OpenSubtitles2018 via FrequencyWords processing,CC BY-SA 4.0 content,ALLOWED_WITH_ATTRIBUTION_AND_SHAREALIKE_BOUNDARY,NONE,NO_UNIGRAM_INFERENCE_FOR_MWU,https://github.com/hermitdave/FrequencyWords/blob/master/content/2018/es/es_50k.txt,https://github.com/hermitdave/FrequencyWords,A unigram frequency list cannot estimate MWU frequency by summing component-word counts.,1.32
12B1-MWU-0208,buenos días,MWU_CHUNK,CORP-18,FrequencyWords / OpenSubtitles2018 Spanish 50k,FrequencyWords content/2018/es/es_50k.txt (OpenSubtitles2018-derived),MWU_NOT_MEASURABLE_FROM_UNIGRAM_LIST,NOT_APPLICABLE_UNIGRAM_SOURCE,,,NOT_APPLICABLE_UNIGRAM_SOURCE,NOT_APPLICABLE_UNIGRAM_SOURCE,2026-09-04,,,,,NONE_OR_NOT_ANNOTATED_IN_THIS_PASS,FULL_SOURCE_TYPE_REVIEWED_UNIGRAM_ONLY,,,SUBTITLE_AUDIOVISUAL,2018,OpenSubtitles2018 via FrequencyWords processing,CC BY-SA 4.0 content,ALLOWED_WITH_ATTRIBUTION_AND_SHAREALIKE_BOUNDARY,NONE,NO_UNIGRAM_INFERENCE_FOR_MWU,https://github.com/hermitdave/FrequencyWords/blob/master/content/2018/es/es_50k.txt,https://github.com/hermitdave/FrequencyWords,A unigram frequency list cannot estimate MWU frequency by summing component-word counts.,1.32
12B1-MWU-0209,buenas tardes,MWU_CHUNK,CORP-18,FrequencyWords / OpenSubtitles2018 Spanish 50k,FrequencyWords content/2018/es/es_50k.txt (OpenSubtitles2018-derived),MWU_NOT_MEASURABLE_FROM_UNIGRAM_LIST,NOT_APPLICABLE_UNIGRAM_SOURCE,,,NOT_APPLICABLE_UNIGRAM_SOURCE,NOT_APPLICABLE_UNIGRAM_SOURCE,2026-09-04,,,,,NONE_OR_NOT_ANNOTATED_IN_THIS_PASS,FULL_SOURCE_TYPE_REVIEWED_UNIGRAM_ONLY,,,SUBTITLE_AUDIOVISUAL,2018,OpenSubtitles2018 via FrequencyWords processing,CC BY-SA 4.0 content,ALLOWED_WITH_ATTRIBUTION_AND_SHAREALIKE_BOUNDARY,NONE,NO_UNIGRAM_INFERENCE_FOR_MWU,https://github.com/hermitdave/FrequencyWords/blob/master/content/2018/es/es_50k.txt,https://github.com/hermitdave/FrequencyWords,A unigram frequency list cannot estimate MWU frequency by summing component-word counts.,1.32
12B1-MWU-0210,buenas noches,MWU_CHUNK,CORP-18,FrequencyWords / OpenSubtitles2018 Spanish 50k,FrequencyWords content/2018/es/es_50k.txt (OpenSubtitles2018-derived),MWU_NOT_MEASURABLE_FROM_UNIGRAM_LIST,NOT_APPLICABLE_UNIGRAM_SOURCE,,,NOT_APPLICABLE_UNIGRAM_SOURCE,NOT_APPLICABLE_UNIGRAM_SOURCE,2026-09-04,,,,,NONE_OR_NOT_ANNOTATED_IN_THIS_PASS,FULL_SOURCE_TYPE_REVIEWED_UNIGRAM_ONLY,,,SUBTITLE_AUDIOVISUAL,2018,OpenSubtitles2018 via FrequencyWords processing,CC BY-SA 4.0 content,ALLOWED_WITH_ATTRIBUTION_AND_SHAREALIKE_BOUNDARY,NONE,NO_UNIGRAM_INFERENCE_FOR_MWU,https://github.com/hermitdave/FrequencyWords/blob/master/content/2018/es/es_50k.txt,https://github.com/hermitdave/FrequencyWords,A unigram frequency list cannot estimate MWU frequency by summing component-word counts.,1.32
12B1-MWU-0211,"hola, ¿qué tal?",MWU_CHUNK,CORP-18,FrequencyWords / OpenSubtitles2018 Spanish 50k,FrequencyWords content/2018/es/es_50k.txt (OpenSubtitles2018-derived),MWU_NOT_MEASURABLE_FROM_UNIGRAM_LIST,NOT_APPLICABLE_UNIGRAM_SOURCE,,,NOT_APPLICABLE_UNIGRAM_SOURCE,NOT_APPLICABLE_UNIGRAM_SOURCE,2026-09-04,,,,,NONE_OR_NOT_ANNOTATED_IN_THIS_PASS,FULL_SOURCE_TYPE_REVIEWED_UNIGRAM_ONLY,,,SUBTITLE_AUDIOVISUAL,2018,OpenSubtitles2018 via FrequencyWords processing,CC BY-SA 4.0 content,ALLOWED_WITH_ATTRIBUTION_AND_SHAREALIKE_BOUNDARY,NONE,NO_UNIGRAM_INFERENCE_FOR_MWU,https://github.com/hermitdave/FrequencyWords/blob/master/content/2018/es/es_50k.txt,https://github.com/hermitdave/FrequencyWords,A unigram frequency list cannot estimate MWU frequency by summing component-word counts.,1.32
12B1-MWU-0212,muchas gracias,MWU_CHUNK,CORP-18,FrequencyWords / OpenSubtitles2018 Spanish 50k,FrequencyWords content/2018/es/es_50k.txt (OpenSubtitles2018-derived),MWU_NOT_MEASURABLE_FROM_UNIGRAM_LIST,NOT_APPLICABLE_UNIGRAM_SOURCE,,,NOT_APPLICABLE_UNIGRAM_SOURCE,NOT_APPLICABLE_UNIGRAM_SOURCE,2026-09-04,,,,,NONE_OR_NOT_ANNOTATED_IN_THIS_PASS,FULL_SOURCE_TYPE_REVIEWED_UNIGRAM_ONLY,,,SUBTITLE_AUDIOVISUAL,2018,OpenSubtitles2018 via FrequencyWords processing,CC BY-SA 4.0 content,ALLOWED_WITH_ATTRIBUTION_AND_SHAREALIKE_BOUNDARY,NONE,NO_UNIGRAM_INFERENCE_FOR_MWU,https://github.com/hermitdave/FrequencyWords/blob/master/content/2018/es/es_50k.txt,https://github.com/hermitdave/FrequencyWords,A unigram frequency list cannot estimate MWU frequency by summing component-word counts.,1.32
12B1-MWU-0213,hasta mañana,MWU_CHUNK,CORP-18,FrequencyWords / OpenSubtitles2018 Spanish 50k,FrequencyWords content/2018/es/es_50k.txt (OpenSubtitles2018-derived),MWU_NOT_MEASURABLE_FROM_UNIGRAM_LIST,NOT_APPLICABLE_UNIGRAM_SOURCE,,,NOT_APPLICABLE_UNIGRAM_SOURCE,NOT_APPLICABLE_UNIGRAM_SOURCE,2026-09-04,,,,,NONE_OR_NOT_ANNOTATED_IN_THIS_PASS,FULL_SOURCE_TYPE_REVIEWED_UNIGRAM_ONLY,,,SUBTITLE_AUDIOVISUAL,2018,OpenSubtitles2018 via FrequencyWords processing,CC BY-SA 4.0 content,ALLOWED_WITH_ATTRIBUTION_AND_SHAREALIKE_BOUNDARY,NONE,NO_UNIGRAM_INFERENCE_FOR_MWU,https://github.com/hermitdave/FrequencyWords/blob/master/content/2018/es/es_50k.txt,https://github.com/hermitdave/FrequencyWords,A unigram frequency list cannot estimate MWU frequency by summing component-word counts.,1.32
12B1-MWU-0214,"sí, soy yo",MWU_CHUNK,CORP-18,FrequencyWords / OpenSubtitles2018 Spanish 50k,FrequencyWords content/2018/es/es_50k.txt (OpenSubtitles2018-derived),MWU_NOT_MEASURABLE_FROM_UNIGRAM_LIST,NOT_APPLICABLE_UNIGRAM_SOURCE,,,NOT_APPLICABLE_UNIGRAM_SOURCE,NOT_APPLICABLE_UNIGRAM_SOURCE,2026-09-04,,,,,NONE_OR_NOT_ANNOTATED_IN_THIS_PASS,FULL_SOURCE_TYPE_REVIEWED_UNIGRAM_ONLY,,,SUBTITLE_AUDIOVISUAL,2018,OpenSubtitles2018 via FrequencyWords processing,CC BY-SA 4.0 content,ALLOWED_WITH_ATTRIBUTION_AND_SHAREALIKE_BOUNDARY,NONE,NO_UNIGRAM_INFERENCE_FOR_MWU,https://github.com/hermitdave/FrequencyWords/blob/master/content/2018/es/es_50k.txt,https://github.com/hermitdave/FrequencyWords,A unigram frequency list cannot estimate MWU frequency by summing component-word counts.,1.32
