record_id,surface_form,pos_provisional,a1_inclusion_status,source_layer,cognate_status,english_anchor,orthographic_similarity,orthographic_transparency,phonological_transparency_estimate,phonological_method,semantic_overlap,false_friend_risk,scaffold_recommended,changes_a1_membership,review_status,method_sources,notes,curriculum_version
COG-A1-001,a,PREP,A1_CORE_NORMATIVE,PCIC_BASE_A1,NO_OBVIOUS_PEDAGOGICAL_COGNATE_FIRST_PASS,,,NOT_ASSESSED,NOT_ASSESSED,EDITORIAL_QUALITATIVE_PROXY_NOT_IPA,NOT_ASSESSED,NONE_IDENTIFIED,NO,NO,FIRST_PASS_EDITORIAL_REVIEWED,CORP-08;SCI-23;SCI-24;SCI-25;SCI-26,No sufficiently transparent English form-meaning bridge identified in the first-pass editorial screen; this is not an etymological claim.,1.17
COG-A1-002,abierto,ADJ,A1_CORE_NORMATIVE,PCIC_BASE_A1,NO_OBVIOUS_PEDAGOGICAL_COGNATE_FIRST_PASS,,,NOT_ASSESSED,NOT_ASSESSED,EDITORIAL_QUALITATIVE_PROXY_NOT_IPA,NOT_ASSESSED,NONE_IDENTIFIED,NO,NO,FIRST_PASS_EDITORIAL_REVIEWED,CORP-08;SCI-23;SCI-24;SCI-25;SCI-26,No sufficiently transparent English form-meaning bridge identified in the first-pass editorial screen; this is not an etymological claim.,1.17
COG-A1-003,abogado,NOUN,A1_CORE_NORMATIVE,PCIC_BASE_A1,NO_OBVIOUS_PEDAGOGICAL_COGNATE_FIRST_PASS,,,NOT_ASSESSED,NOT_ASSESSED,EDITORIAL_QUALITATIVE_PROXY_NOT_IPA,NOT_ASSESSED,NONE_IDENTIFIED,NO,NO,FIRST_PASS_EDITORIAL_REVIEWED,CORP-08;SCI-23;SCI-24;SCI-25;SCI-26,No sufficiently transparent English form-meaning bridge identified in the first-pass editorial screen; this is not an etymological claim.,1.17
COG-A1-004,abrir,VERB,A1_CORE_NORMATIVE,PCIC_BASE_A1,NO_OBVIOUS_PEDAGOGICAL_COGNATE_FIRST_PASS,,,NOT_ASSESSED,NOT_ASSESSED,EDITORIAL_QUALITATIVE_PROXY_NOT_IPA,NOT_ASSESSED,NONE_IDENTIFIED,NO,NO,FIRST_PASS_EDITORIAL_REVIEWED,CORP-08;SCI-23;SCI-24;SCI-25;SCI-26,No sufficiently transparent English form-meaning bridge identified in the first-pass editorial screen; this is not an etymological claim.,1.17
COG-A1-005,abuelo,NOUN,A1_CORE_NORMATIVE,PCIC_BASE_A1,NO_OBVIOUS_PEDAGOGICAL_COGNATE_FIRST_PASS,,,NOT_ASSESSED,NOT_ASSESSED,EDITORIAL_QUALITATIVE_PROXY_NOT_IPA,NOT_ASSESSED,NONE_IDENTIFIED,NO,NO,FIRST_PASS_EDITORIAL_REVIEWED,CORP-08;SCI-23;SCI-24;SCI-25;SCI-26,No sufficiently transparent English form-meaning bridge identified in the first-pass editorial screen; this is not an etymological claim.,1.17
COG-A1-006,acondicionado,ADJ,A1_CORE_NORMATIVE,PCIC_BASE_A1,NO_OBVIOUS_PEDAGOGICAL_COGNATE_FIRST_PASS,,,NOT_ASSESSED,NOT_ASSESSED,EDITORIAL_QUALITATIVE_PROXY_NOT_IPA,NOT_ASSESSED,NONE_IDENTIFIED,NO,NO,FIRST_PASS_EDITORIAL_REVIEWED,CORP-08;SCI-23;SCI-24;SCI-25;SCI-26,No sufficiently transparent English form-meaning bridge identified in the first-pass editorial screen; this is not an etymological claim.,1.17
COG-A1-007,actividad,NOUN,A1_CORE_NORMATIVE,PCIC_BASE_A1,TRUE_COGNATE,activity,0.667,MEDIUM,LOW_PROVISIONAL,EDITORIAL_QUALITATIVE_PROXY_NOT_IPA,FULL,NONE,YES,NO,FIRST_PASS_EDITORIAL_REVIEWED,CORP-08;SCI-23;SCI-24;SCI-25;SCI-26,,1.17
COG-A1-008,actor,NOUN,A1_CORE_NORMATIVE,PCIC_BASE_A1,TRUE_COGNATE,actor,1.0,VERY_HIGH,HIGH_PROVISIONAL,EDITORIAL_QUALITATIVE_PROXY_NOT_IPA,FULL,NONE,YES,NO,FIRST_PASS_EDITORIAL_REVIEWED,CORP-08;SCI-23;SCI-24;SCI-25;SCI-26,,1.17
COG-A1-009,actriz,NOUN,A1_CORE_NORMATIVE,PCIC_BASE_A1,TRUE_COGNATE,actress,0.571,LOW,LOW_PROVISIONAL,EDITORIAL_QUALITATIVE_PROXY_NOT_IPA,FULL,NONE,YES,NO,FIRST_PASS_EDITORIAL_REVIEWED,CORP-08;SCI-23;SCI-24;SCI-25;SCI-26,,1.17
COG-A1-010,acá,ADV_QUANT,A1_CORE_NORMATIVE,PCIC_BASE_A1,NO_OBVIOUS_PEDAGOGICAL_COGNATE_FIRST_PASS,,,NOT_ASSESSED,NOT_ASSESSED,EDITORIAL_QUALITATIVE_PROXY_NOT_IPA,NOT_ASSESSED,NONE_IDENTIFIED,NO,NO,FIRST_PASS_EDITORIAL_REVIEWED,CORP-08;SCI-23;SCI-24;SCI-25;SCI-26,No sufficiently transparent English form-meaning bridge identified in the first-pass editorial screen; this is not an etymological claim.,1.17
COG-A1-011,adiós,FORMULA,A1_CORE_NORMATIVE,PCIC_BASE_A1,INTERNATIONALISM_OR_BORROWING,adios,1.0,VERY_HIGH,HIGH_PROVISIONAL,EDITORIAL_QUALITATIVE_PROXY_NOT_IPA,FULL,LOW,YES,NO,FIRST_PASS_EDITORIAL_REVIEWED,CORP-08;SCI-23;SCI-24;SCI-25;SCI-26,Form is recognizable in English through borrowing/international use rather than a simple pedagogical cognate relation.,1.17
COG-A1-012,aeropuerto,NOUN,A1_CORE_NORMATIVE,PCIC_BASE_A1,PEDAGOGICAL_COGNATE_PARTIAL,airport,0.5,LOW,LOW_PROVISIONAL,EDITORIAL_QUALITATIVE_PROXY_NOT_IPA,PARTIAL,LOW,YES,NO,FIRST_PASS_EDITORIAL_REVIEWED,CORP-08;SCI-23;SCI-24;SCI-25;SCI-26,"Useful cross-language similarity, but not fully transparent or not identical in everyday distribution.",1.17
COG-A1-013,agua,NOUN,A1_CORE_NORMATIVE,PCIC_BASE_A1,PEDAGOGICAL_COGNATE_PARTIAL,aqua,0.75,HIGH,MEDIUM_PROVISIONAL,EDITORIAL_QUALITATIVE_PROXY_NOT_IPA,PARTIAL,LOW,CONDITIONAL,NO,FIRST_PASS_EDITORIAL_REVIEWED,CORP-08;SCI-23;SCI-24;SCI-25;SCI-26,"Cross-language similarity may be usable, but pedagogical value depends on English familiarity and the relevant sense.",1.17
COG-A1-014,ahora,ADV_QUANT,A1_CORE_NORMATIVE,PCIC_BASE_A1,NO_OBVIOUS_PEDAGOGICAL_COGNATE_FIRST_PASS,,,NOT_ASSESSED,NOT_ASSESSED,EDITORIAL_QUALITATIVE_PROXY_NOT_IPA,NOT_ASSESSED,NONE_IDENTIFIED,NO,NO,FIRST_PASS_EDITORIAL_REVIEWED,CORP-08;SCI-23;SCI-24;SCI-25;SCI-26,No sufficiently transparent English form-meaning bridge identified in the first-pass editorial screen; this is not an etymological claim.,1.17
COG-A1-015,ahoy,ADV,A1_REGIONAL_RECEPTIVE,7C_REGIONAL_VARIATION,FALSE_FRIEND_OR_DECEPTIVE_OVERLAP,ahoy,1.0,VERY_HIGH,FORM_SIMILARITY_ONLY,EDITORIAL_QUALITATIVE_PROXY_NOT_IPA,DIVERGENT,HIGH,NO,NO,FIRST_PASS_EDITORIAL_REVIEWED,CORP-08;SCI-23;SCI-24;SCI-25;SCI-26,Exact form collision: regional Spanish temporal adverb vs English nautical interjection.,1.17
COG-A1-016,ahí,ADV_QUANT,A1_CORE_NORMATIVE,PCIC_BASE_A1,NO_OBVIOUS_PEDAGOGICAL_COGNATE_FIRST_PASS,,,NOT_ASSESSED,NOT_ASSESSED,EDITORIAL_QUALITATIVE_PROXY_NOT_IPA,NOT_ASSESSED,NONE_IDENTIFIED,NO,NO,FIRST_PASS_EDITORIAL_REVIEWED,CORP-08;SCI-23;SCI-24;SCI-25;SCI-26,No sufficiently transparent English form-meaning bridge identified in the first-pass editorial screen; this is not an etymological claim.,1.17
COG-A1-017,aire,NOUN,A1_CORE_NORMATIVE,PCIC_BASE_A1,TRUE_COGNATE,air,0.75,HIGH,MEDIUM_PROVISIONAL,EDITORIAL_QUALITATIVE_PROXY_NOT_IPA,FULL,NONE,YES,NO,FIRST_PASS_EDITORIAL_REVIEWED,CORP-08;SCI-23;SCI-24;SCI-25;SCI-26,,1.17
COG-A1-018,al,CONTRACTION,A1_CORE_NORMATIVE,PCIC_BASE_A1,NO_OBVIOUS_PEDAGOGICAL_COGNATE_FIRST_PASS,,,NOT_ASSESSED,NOT_ASSESSED,EDITORIAL_QUALITATIVE_PROXY_NOT_IPA,NOT_ASSESSED,NONE_IDENTIFIED,NO,NO,FIRST_PASS_EDITORIAL_REVIEWED,CORP-08;SCI-23;SCI-24;SCI-25;SCI-26,No sufficiently transparent English form-meaning bridge identified in the first-pass editorial screen; this is not an etymological claim.,1.17
COG-A1-019,alegre,ADJ,A1_CORE_NORMATIVE,PCIC_BASE_A1,NO_OBVIOUS_PEDAGOGICAL_COGNATE_FIRST_PASS,,,NOT_ASSESSED,NOT_ASSESSED,EDITORIAL_QUALITATIVE_PROXY_NOT_IPA,NOT_ASSESSED,NONE_IDENTIFIED,NO,NO,FIRST_PASS_EDITORIAL_REVIEWED,CORP-08;SCI-23;SCI-24;SCI-25;SCI-26,No sufficiently transparent English form-meaning bridge identified in the first-pass editorial screen; this is not an etymological claim.,1.17
COG-A1-020,alemán,ADJ_NOUN,A1_CORE_NORMATIVE,PCIC_BASE_A1,NO_OBVIOUS_PEDAGOGICAL_COGNATE_FIRST_PASS,,,NOT_ASSESSED,NOT_ASSESSED,EDITORIAL_QUALITATIVE_PROXY_NOT_IPA,NOT_ASSESSED,NONE_IDENTIFIED,NO,NO,FIRST_PASS_EDITORIAL_REVIEWED,CORP-08;SCI-23;SCI-24;SCI-25;SCI-26,No sufficiently transparent English form-meaning bridge identified in the first-pass editorial screen; this is not an etymological claim.,1.17
COG-A1-021,allá,ADV_QUANT,A1_CORE_NORMATIVE,PCIC_BASE_A1,NO_OBVIOUS_PEDAGOGICAL_COGNATE_FIRST_PASS,,,NOT_ASSESSED,NOT_ASSESSED,EDITORIAL_QUALITATIVE_PROXY_NOT_IPA,NOT_ASSESSED,NONE_IDENTIFIED,NO,NO,FIRST_PASS_EDITORIAL_REVIEWED,CORP-08;SCI-23;SCI-24;SCI-25;SCI-26,No sufficiently transparent English form-meaning bridge identified in the first-pass editorial screen; this is not an etymological claim.,1.17
COG-A1-022,allí,ADV_QUANT,A1_CORE_NORMATIVE,PCIC_BASE_A1,NO_OBVIOUS_PEDAGOGICAL_COGNATE_FIRST_PASS,,,NOT_ASSESSED,NOT_ASSESSED,EDITORIAL_QUALITATIVE_PROXY_NOT_IPA,NOT_ASSESSED,NONE_IDENTIFIED,NO,NO,FIRST_PASS_EDITORIAL_REVIEWED,CORP-08;SCI-23;SCI-24;SCI-25;SCI-26,No sufficiently transparent English form-meaning bridge identified in the first-pass editorial screen; this is not an etymological claim.,1.17
COG-A1-023,alquilar,VERB,A1_CORE_NORMATIVE,PCIC_BASE_A1,NO_OBVIOUS_PEDAGOGICAL_COGNATE_FIRST_PASS,,,NOT_ASSESSED,NOT_ASSESSED,EDITORIAL_QUALITATIVE_PROXY_NOT_IPA,NOT_ASSESSED,NONE_IDENTIFIED,NO,NO,FIRST_PASS_EDITORIAL_REVIEWED,CORP-08;SCI-23;SCI-24;SCI-25;SCI-26,No sufficiently transparent English form-meaning bridge identified in the first-pass editorial screen; this is not an etymological claim.,1.17
COG-A1-024,alto,ADJ,A1_CORE_NORMATIVE,PCIC_BASE_A1,FALSE_FRIEND_OR_DECEPTIVE_OVERLAP,alto,1.0,VERY_HIGH,FORM_SIMILARITY_ONLY,EDITORIAL_QUALITATIVE_PROXY_NOT_IPA,DIVERGENT,HIGH,NO,NO,FIRST_PASS_EDITORIAL_REVIEWED,CORP-08;SCI-23;SCI-24;SCI-25;SCI-26,Deceptive form overlap with an English item whose everyday meaning does not match the relevant A1 Spanish sense.,1.17
COG-A1-025,amarillo,ADJ,A1_CORE_NORMATIVE,PCIC_BASE_A1,NO_OBVIOUS_PEDAGOGICAL_COGNATE_FIRST_PASS,,,NOT_ASSESSED,NOT_ASSESSED,EDITORIAL_QUALITATIVE_PROXY_NOT_IPA,NOT_ASSESSED,NONE_IDENTIFIED,NO,NO,FIRST_PASS_EDITORIAL_REVIEWED,CORP-08;SCI-23;SCI-24;SCI-25;SCI-26,No sufficiently transparent English form-meaning bridge identified in the first-pass editorial screen; this is not an etymological claim.,1.17
COG-A1-026,amigo,NOUN,A1_CORE_NORMATIVE,PCIC_BASE_A1,INTERNATIONALISM_OR_BORROWING,amigo,1.0,VERY_HIGH,HIGH_PROVISIONAL,EDITORIAL_QUALITATIVE_PROXY_NOT_IPA,FULL,LOW,YES,NO,FIRST_PASS_EDITORIAL_REVIEWED,CORP-08;SCI-23;SCI-24;SCI-25;SCI-26,"Cross-language similarity may be usable, but pedagogical value depends on English familiarity and the relevant sense.",1.17
COG-A1-027,andar,VERB,A1_CORE_NORMATIVE,PCIC_BASE_A1,NO_OBVIOUS_PEDAGOGICAL_COGNATE_FIRST_PASS,,,NOT_ASSESSED,NOT_ASSESSED,EDITORIAL_QUALITATIVE_PROXY_NOT_IPA,NOT_ASSESSED,NONE_IDENTIFIED,NO,NO,FIRST_PASS_EDITORIAL_REVIEWED,CORP-08;SCI-23;SCI-24;SCI-25;SCI-26,No sufficiently transparent English form-meaning bridge identified in the first-pass editorial screen; this is not an etymological claim.,1.17
COG-A1-028,animal,NOUN,A1_CORE_NORMATIVE,PCIC_BASE_A1,TRUE_COGNATE,animal,1.0,VERY_HIGH,HIGH_PROVISIONAL,EDITORIAL_QUALITATIVE_PROXY_NOT_IPA,FULL,NONE,YES,NO,FIRST_PASS_EDITORIAL_REVIEWED,CORP-08;SCI-23;SCI-24;SCI-25;SCI-26,,1.17
COG-A1-029,anteojos,NOUN_PL,A1_REGIONAL_RECEPTIVE,7C_REGIONAL_VARIATION,NO_OBVIOUS_PEDAGOGICAL_COGNATE_FIRST_PASS,,,NOT_ASSESSED,NOT_ASSESSED,EDITORIAL_QUALITATIVE_PROXY_NOT_IPA,NOT_ASSESSED,NONE_IDENTIFIED,NO,NO,FIRST_PASS_EDITORIAL_REVIEWED,CORP-08;SCI-23;SCI-24;SCI-25;SCI-26,No sufficiently transparent English form-meaning bridge identified in the first-pass editorial screen; this is not an etymological claim.,1.17
COG-A1-030,antes,ADV_QUANT,A1_CORE_NORMATIVE,PCIC_BASE_A1,NO_OBVIOUS_PEDAGOGICAL_COGNATE_FIRST_PASS,,,NOT_ASSESSED,NOT_ASSESSED,EDITORIAL_QUALITATIVE_PROXY_NOT_IPA,NOT_ASSESSED,NONE_IDENTIFIED,NO,NO,FIRST_PASS_EDITORIAL_REVIEWED,CORP-08;SCI-23;SCI-24;SCI-25;SCI-26,No sufficiently transparent English form-meaning bridge identified in the first-pass editorial screen; this is not an etymological claim.,1.17
COG-A1-031,antipático,ADJ,A1_CORE_NORMATIVE,PCIC_BASE_A1,FALSE_FRIEND_OR_DECEPTIVE_OVERLAP,antipathetic,0.667,MEDIUM,FORM_SIMILARITY_ONLY,EDITORIAL_QUALITATIVE_PROXY_NOT_IPA,DIVERGENT,MEDIUM,NO,NO,FIRST_PASS_EDITORIAL_REVIEWED,CORP-08;SCI-23;SCI-24;SCI-25;SCI-26,Deceptive form overlap with an English item whose everyday meaning does not match the relevant A1 Spanish sense.,1.17
COG-A1-032,aparcamiento,NOUN,A1_CORE_NORMATIVE,PCIC_BASE_A1,NO_OBVIOUS_PEDAGOGICAL_COGNATE_FIRST_PASS,,,NOT_ASSESSED,NOT_ASSESSED,EDITORIAL_QUALITATIVE_PROXY_NOT_IPA,NOT_ASSESSED,NONE_IDENTIFIED,NO,NO,FIRST_PASS_EDITORIAL_REVIEWED,CORP-08;SCI-23;SCI-24;SCI-25;SCI-26,No sufficiently transparent English form-meaning bridge identified in the first-pass editorial screen; this is not an etymological claim.,1.17
COG-A1-033,apartamento,NOUN,A1_CORE_NORMATIVE,PCIC_BASE_A1,TRUE_COGNATE,apartment,0.818,HIGH,MEDIUM_PROVISIONAL,EDITORIAL_QUALITATIVE_PROXY_NOT_IPA,FULL,NONE,YES,NO,FIRST_PASS_EDITORIAL_REVIEWED,CORP-08;SCI-23;SCI-24;SCI-25;SCI-26,,1.17
COG-A1-034,apellido,NOUN,A1_CORE_NORMATIVE,PCIC_BASE_A1,NO_OBVIOUS_PEDAGOGICAL_COGNATE_FIRST_PASS,,,NOT_ASSESSED,NOT_ASSESSED,EDITORIAL_QUALITATIVE_PROXY_NOT_IPA,NOT_ASSESSED,NONE_IDENTIFIED,NO,NO,FIRST_PASS_EDITORIAL_REVIEWED,CORP-08;SCI-23;SCI-24;SCI-25;SCI-26,No sufficiently transparent English form-meaning bridge identified in the first-pass editorial screen; this is not an etymological claim.,1.17
COG-A1-035,aprender,VERB,A1_CORE_NORMATIVE,PCIC_BASE_A1,NO_OBVIOUS_PEDAGOGICAL_COGNATE_FIRST_PASS,,,NOT_ASSESSED,NOT_ASSESSED,EDITORIAL_QUALITATIVE_PROXY_NOT_IPA,NOT_ASSESSED,NONE_IDENTIFIED,NO,NO,FIRST_PASS_EDITORIAL_REVIEWED,CORP-08;SCI-23;SCI-24;SCI-25;SCI-26,No sufficiently transparent English form-meaning bridge identified in the first-pass editorial screen; this is not an etymological claim.,1.17
COG-A1-036,aquel,FUNCTION_WORD,A1_CORE_NORMATIVE,PCIC_BASE_A1,NO_OBVIOUS_PEDAGOGICAL_COGNATE_FIRST_PASS,,,NOT_ASSESSED,NOT_ASSESSED,EDITORIAL_QUALITATIVE_PROXY_NOT_IPA,NOT_ASSESSED,NONE_IDENTIFIED,NO,NO,FIRST_PASS_EDITORIAL_REVIEWED,CORP-08;SCI-23;SCI-24;SCI-25;SCI-26,No sufficiently transparent English form-meaning bridge identified in the first-pass editorial screen; this is not an etymological claim.,1.17
COG-A1-037,aquella,DEMONSTRATIVE,A1_CORE_NORMATIVE,PCIC_BASE_A1,NO_OBVIOUS_PEDAGOGICAL_COGNATE_FIRST_PASS,,,NOT_ASSESSED,NOT_ASSESSED,EDITORIAL_QUALITATIVE_PROXY_NOT_IPA,NOT_ASSESSED,NONE_IDENTIFIED,NO,NO,FIRST_PASS_EDITORIAL_REVIEWED,CORP-08;SCI-23;SCI-24;SCI-25;SCI-26,No sufficiently transparent English form-meaning bridge identified in the first-pass editorial screen; this is not an etymological claim.,1.17
COG-A1-038,aquellas,DEMONSTRATIVE,A1_CORE_NORMATIVE,PCIC_BASE_A1,NO_OBVIOUS_PEDAGOGICAL_COGNATE_FIRST_PASS,,,NOT_ASSESSED,NOT_ASSESSED,EDITORIAL_QUALITATIVE_PROXY_NOT_IPA,NOT_ASSESSED,NONE_IDENTIFIED,NO,NO,FIRST_PASS_EDITORIAL_REVIEWED,CORP-08;SCI-23;SCI-24;SCI-25;SCI-26,No sufficiently transparent English form-meaning bridge identified in the first-pass editorial screen; this is not an etymological claim.,1.17
COG-A1-039,aquello,DEMONSTRATIVE,A1_CORE_NORMATIVE,PCIC_BASE_A1,NO_OBVIOUS_PEDAGOGICAL_COGNATE_FIRST_PASS,,,NOT_ASSESSED,NOT_ASSESSED,EDITORIAL_QUALITATIVE_PROXY_NOT_IPA,NOT_ASSESSED,NONE_IDENTIFIED,NO,NO,FIRST_PASS_EDITORIAL_REVIEWED,CORP-08;SCI-23;SCI-24;SCI-25;SCI-26,No sufficiently transparent English form-meaning bridge identified in the first-pass editorial screen; this is not an etymological claim.,1.17
COG-A1-040,aquellos,DEMONSTRATIVE,A1_CORE_NORMATIVE,PCIC_BASE_A1,NO_OBVIOUS_PEDAGOGICAL_COGNATE_FIRST_PASS,,,NOT_ASSESSED,NOT_ASSESSED,EDITORIAL_QUALITATIVE_PROXY_NOT_IPA,NOT_ASSESSED,NONE_IDENTIFIED,NO,NO,FIRST_PASS_EDITORIAL_REVIEWED,CORP-08;SCI-23;SCI-24;SCI-25;SCI-26,No sufficiently transparent English form-meaning bridge identified in the first-pass editorial screen; this is not an etymological claim.,1.17
COG-A1-041,aquí,ADV_QUANT,A1_CORE_NORMATIVE,PCIC_BASE_A1,NO_OBVIOUS_PEDAGOGICAL_COGNATE_FIRST_PASS,,,NOT_ASSESSED,NOT_ASSESSED,EDITORIAL_QUALITATIVE_PROXY_NOT_IPA,NOT_ASSESSED,NONE_IDENTIFIED,NO,NO,FIRST_PASS_EDITORIAL_REVIEWED,CORP-08;SCI-23;SCI-24;SCI-25;SCI-26,No sufficiently transparent English form-meaning bridge identified in the first-pass editorial screen; this is not an etymological claim.,1.17
COG-A1-042,armario,NOUN,A1_CORE_NORMATIVE,PCIC_BASE_A1,FALSE_FRIEND_OR_DECEPTIVE_OVERLAP,armory,0.571,LOW,FORM_SIMILARITY_ONLY,EDITORIAL_QUALITATIVE_PROXY_NOT_IPA,DIVERGENT,MEDIUM,NO,NO,FIRST_PASS_EDITORIAL_REVIEWED,CORP-08;SCI-23;SCI-24;SCI-25;SCI-26,Deceptive form overlap with an English item whose everyday meaning does not match the relevant A1 Spanish sense.,1.17
COG-A1-043,arroba,NOUN,A1_CORE_NORMATIVE,PCIC_BASE_A1,NO_OBVIOUS_PEDAGOGICAL_COGNATE_FIRST_PASS,,,NOT_ASSESSED,NOT_ASSESSED,EDITORIAL_QUALITATIVE_PROXY_NOT_IPA,NOT_ASSESSED,NONE_IDENTIFIED,NO,NO,FIRST_PASS_EDITORIAL_REVIEWED,CORP-08;SCI-23;SCI-24;SCI-25;SCI-26,No sufficiently transparent English form-meaning bridge identified in the first-pass editorial screen; this is not an etymological claim.,1.17
COG-A1-044,ascensor,NOUN,A1_CORE_NORMATIVE,PCIC_BASE_A1,NO_OBVIOUS_PEDAGOGICAL_COGNATE_FIRST_PASS,,,NOT_ASSESSED,NOT_ASSESSED,EDITORIAL_QUALITATIVE_PROXY_NOT_IPA,NOT_ASSESSED,NONE_IDENTIFIED,NO,NO,FIRST_PASS_EDITORIAL_REVIEWED,CORP-08;SCI-23;SCI-24;SCI-25;SCI-26,No sufficiently transparent English form-meaning bridge identified in the first-pass editorial screen; this is not an etymological claim.,1.17
COG-A1-045,autobús,NOUN,A1_CORE_NORMATIVE,PCIC_BASE_A1,PEDAGOGICAL_COGNATE_PARTIAL,autobus,1.0,VERY_HIGH,HIGH_PROVISIONAL,EDITORIAL_QUALITATIVE_PROXY_NOT_IPA,PARTIAL,LOW,YES,NO,FIRST_PASS_EDITORIAL_REVIEWED,CORP-08;SCI-23;SCI-24;SCI-25;SCI-26,"Useful cross-language similarity, but not fully transparent or not identical in everyday distribution.",1.17
COG-A1-046,avenida,NOUN,A1_CORE_NORMATIVE,PCIC_BASE_A1,TRUE_COGNATE,avenue,0.571,LOW,LOW_PROVISIONAL,EDITORIAL_QUALITATIVE_PROXY_NOT_IPA,FULL,NONE,YES,NO,FIRST_PASS_EDITORIAL_REVIEWED,CORP-08;SCI-23;SCI-24;SCI-25;SCI-26,,1.17
COG-A1-047,avión,NOUN,A1_CORE_NORMATIVE,PCIC_BASE_A1,NO_OBVIOUS_PEDAGOGICAL_COGNATE_FIRST_PASS,,,NOT_ASSESSED,NOT_ASSESSED,EDITORIAL_QUALITATIVE_PROXY_NOT_IPA,NOT_ASSESSED,NONE_IDENTIFIED,NO,NO,FIRST_PASS_EDITORIAL_REVIEWED,CORP-08;SCI-23;SCI-24;SCI-25;SCI-26,No sufficiently transparent English form-meaning bridge identified in the first-pass editorial screen; this is not an etymological claim.,1.17
COG-A1-048,ayer,ADV_QUANT,A1_CORE_NORMATIVE,PCIC_BASE_A1,NO_OBVIOUS_PEDAGOGICAL_COGNATE_FIRST_PASS,,,NOT_ASSESSED,NOT_ASSESSED,EDITORIAL_QUALITATIVE_PROXY_NOT_IPA,NOT_ASSESSED,NONE_IDENTIFIED,NO,NO,FIRST_PASS_EDITORIAL_REVIEWED,CORP-08;SCI-23;SCI-24;SCI-25;SCI-26,No sufficiently transparent English form-meaning bridge identified in the first-pass editorial screen; this is not an etymological claim.,1.17
COG-A1-049,azul,ADJ,A1_CORE_NORMATIVE,PCIC_BASE_A1,NO_OBVIOUS_PEDAGOGICAL_COGNATE_FIRST_PASS,,,NOT_ASSESSED,NOT_ASSESSED,EDITORIAL_QUALITATIVE_PROXY_NOT_IPA,NOT_ASSESSED,NONE_IDENTIFIED,NO,NO,FIRST_PASS_EDITORIAL_REVIEWED,CORP-08;SCI-23;SCI-24;SCI-25;SCI-26,No sufficiently transparent English form-meaning bridge identified in the first-pass editorial screen; this is not an etymological claim.,1.17
COG-A1-050,año,NOUN,A1_CORE_NORMATIVE,PCIC_BASE_A1,NO_OBVIOUS_PEDAGOGICAL_COGNATE_FIRST_PASS,,,NOT_ASSESSED,NOT_ASSESSED,EDITORIAL_QUALITATIVE_PROXY_NOT_IPA,NOT_ASSESSED,NONE_IDENTIFIED,NO,NO,FIRST_PASS_EDITORIAL_REVIEWED,CORP-08;SCI-23;SCI-24;SCI-25;SCI-26,No sufficiently transparent English form-meaning bridge identified in the first-pass editorial screen; this is not an etymological claim.,1.17
COG-A1-051,años,NOUN,A1_CORE_NORMATIVE,7B_SURFACE_CORRECTION,NO_OBVIOUS_PEDAGOGICAL_COGNATE_FIRST_PASS,,,NOT_ASSESSED,NOT_ASSESSED,EDITORIAL_QUALITATIVE_PROXY_NOT_IPA,NOT_ASSESSED,NONE_IDENTIFIED,NO,NO,FIRST_PASS_EDITORIAL_REVIEWED,CORP-08;SCI-23;SCI-24;SCI-25;SCI-26,No sufficiently transparent English form-meaning bridge identified in the first-pass editorial screen; this is not an etymological claim.,1.17
COG-A1-052,bailar,VERB,A1_CORE_NORMATIVE,PCIC_BASE_A1,NO_OBVIOUS_PEDAGOGICAL_COGNATE_FIRST_PASS,,,NOT_ASSESSED,NOT_ASSESSED,EDITORIAL_QUALITATIVE_PROXY_NOT_IPA,NOT_ASSESSED,NONE_IDENTIFIED,NO,NO,FIRST_PASS_EDITORIAL_REVIEWED,CORP-08;SCI-23;SCI-24;SCI-25;SCI-26,No sufficiently transparent English form-meaning bridge identified in the first-pass editorial screen; this is not an etymological claim.,1.17
COG-A1-053,bajo,ADJ,A1_CORE_NORMATIVE,PCIC_BASE_A1,NO_OBVIOUS_PEDAGOGICAL_COGNATE_FIRST_PASS,,,NOT_ASSESSED,NOT_ASSESSED,EDITORIAL_QUALITATIVE_PROXY_NOT_IPA,NOT_ASSESSED,NONE_IDENTIFIED,NO,NO,FIRST_PASS_EDITORIAL_REVIEWED,CORP-08;SCI-23;SCI-24;SCI-25;SCI-26,No sufficiently transparent English form-meaning bridge identified in the first-pass editorial screen; this is not an etymological claim.,1.17
COG-A1-054,baloncesto,NOUN,A1_CORE_NORMATIVE,PCIC_BASE_A1,NO_OBVIOUS_PEDAGOGICAL_COGNATE_FIRST_PASS,,,NOT_ASSESSED,NOT_ASSESSED,EDITORIAL_QUALITATIVE_PROXY_NOT_IPA,NOT_ASSESSED,NONE_IDENTIFIED,NO,NO,FIRST_PASS_EDITORIAL_REVIEWED,CORP-08;SCI-23;SCI-24;SCI-25;SCI-26,No sufficiently transparent English form-meaning bridge identified in the first-pass editorial screen; this is not an etymological claim.,1.17
COG-A1-055,banco,NOUN,A1_CORE_NORMATIVE,PCIC_BASE_A1,TRUE_COGNATE,bank,0.6,MEDIUM,LOW_PROVISIONAL,EDITORIAL_QUALITATIVE_PROXY_NOT_IPA,FULL,NONE,YES,NO,FIRST_PASS_EDITORIAL_REVIEWED,CORP-08;SCI-23;SCI-24;SCI-25;SCI-26,,1.17
COG-A1-056,bar,NOUN,A1_CORE_NORMATIVE,PCIC_BASE_A1,TRUE_COGNATE,bar,1.0,VERY_HIGH,HIGH_PROVISIONAL,EDITORIAL_QUALITATIVE_PROXY_NOT_IPA,FULL,NONE,YES,NO,FIRST_PASS_EDITORIAL_REVIEWED,CORP-08;SCI-23;SCI-24;SCI-25;SCI-26,,1.17
COG-A1-057,barato,ADJ,A1_CORE_NORMATIVE,PCIC_BASE_A1,NO_OBVIOUS_PEDAGOGICAL_COGNATE_FIRST_PASS,,,NOT_ASSESSED,NOT_ASSESSED,EDITORIAL_QUALITATIVE_PROXY_NOT_IPA,NOT_ASSESSED,NONE_IDENTIFIED,NO,NO,FIRST_PASS_EDITORIAL_REVIEWED,CORP-08;SCI-23;SCI-24;SCI-25;SCI-26,No sufficiently transparent English form-meaning bridge identified in the first-pass editorial screen; this is not an etymological claim.,1.17
COG-A1-058,barba,NOUN,A1_CORE_NORMATIVE,PCIC_BASE_A1,NO_OBVIOUS_PEDAGOGICAL_COGNATE_FIRST_PASS,,,NOT_ASSESSED,NOT_ASSESSED,EDITORIAL_QUALITATIVE_PROXY_NOT_IPA,NOT_ASSESSED,NONE_IDENTIFIED,NO,NO,FIRST_PASS_EDITORIAL_REVIEWED,CORP-08;SCI-23;SCI-24;SCI-25;SCI-26,No sufficiently transparent English form-meaning bridge identified in the first-pass editorial screen; this is not an etymological claim.,1.17
COG-A1-059,barco,NOUN,A1_CORE_NORMATIVE,PCIC_BASE_A1,PEDAGOGICAL_COGNATE_PARTIAL,barque,0.5,LOW,LOW_PROVISIONAL,EDITORIAL_QUALITATIVE_PROXY_NOT_IPA,PARTIAL,LOW,YES,NO,FIRST_PASS_EDITORIAL_REVIEWED,CORP-08;SCI-23;SCI-24;SCI-25;SCI-26,"Useful cross-language similarity, but not fully transparent or not identical in everyday distribution.",1.17
COG-A1-060,bastante,ADV_QUANT,A1_CORE_NORMATIVE,PCIC_BASE_A1,NO_OBVIOUS_PEDAGOGICAL_COGNATE_FIRST_PASS,,,NOT_ASSESSED,NOT_ASSESSED,EDITORIAL_QUALITATIVE_PROXY_NOT_IPA,NOT_ASSESSED,NONE_IDENTIFIED,NO,NO,FIRST_PASS_EDITORIAL_REVIEWED,CORP-08;SCI-23;SCI-24;SCI-25;SCI-26,No sufficiently transparent English form-meaning bridge identified in the first-pass editorial screen; this is not an etymological claim.,1.17
COG-A1-061,bañarse,VERB,A1_CORE_NORMATIVE,PCIC_BASE_A1,NO_OBVIOUS_PEDAGOGICAL_COGNATE_FIRST_PASS,,,NOT_ASSESSED,NOT_ASSESSED,EDITORIAL_QUALITATIVE_PROXY_NOT_IPA,NOT_ASSESSED,NONE_IDENTIFIED,NO,NO,FIRST_PASS_EDITORIAL_REVIEWED,CORP-08;SCI-23;SCI-24;SCI-25;SCI-26,No sufficiently transparent English form-meaning bridge identified in the first-pass editorial screen; this is not an etymological claim.,1.17
COG-A1-062,baño,NOUN,A1_CORE_NORMATIVE,PCIC_BASE_A1,NO_OBVIOUS_PEDAGOGICAL_COGNATE_FIRST_PASS,,,NOT_ASSESSED,NOT_ASSESSED,EDITORIAL_QUALITATIVE_PROXY_NOT_IPA,NOT_ASSESSED,NONE_IDENTIFIED,NO,NO,FIRST_PASS_EDITORIAL_REVIEWED,CORP-08;SCI-23;SCI-24;SCI-25;SCI-26,No sufficiently transparent English form-meaning bridge identified in the first-pass editorial screen; this is not an etymological claim.,1.17
COG-A1-063,beber,VERB,A1_CORE_NORMATIVE,PCIC_BASE_A1,NO_OBVIOUS_PEDAGOGICAL_COGNATE_FIRST_PASS,,,NOT_ASSESSED,NOT_ASSESSED,EDITORIAL_QUALITATIVE_PROXY_NOT_IPA,NOT_ASSESSED,NONE_IDENTIFIED,NO,NO,FIRST_PASS_EDITORIAL_REVIEWED,CORP-08;SCI-23;SCI-24;SCI-25;SCI-26,No sufficiently transparent English form-meaning bridge identified in the first-pass editorial screen; this is not an etymological claim.,1.17
COG-A1-064,biblioteca,NOUN,A1_CORE_NORMATIVE,PCIC_BASE_A1,NO_OBVIOUS_PEDAGOGICAL_COGNATE_FIRST_PASS,,,NOT_ASSESSED,NOT_ASSESSED,EDITORIAL_QUALITATIVE_PROXY_NOT_IPA,NOT_ASSESSED,NONE_IDENTIFIED,NO,NO,FIRST_PASS_EDITORIAL_REVIEWED,CORP-08;SCI-23;SCI-24;SCI-25;SCI-26,No sufficiently transparent English form-meaning bridge identified in the first-pass editorial screen; this is not an etymological claim.,1.17
COG-A1-065,bien,ADV_QUANT,A1_CORE_NORMATIVE,PCIC_BASE_A1,NO_OBVIOUS_PEDAGOGICAL_COGNATE_FIRST_PASS,,,NOT_ASSESSED,NOT_ASSESSED,EDITORIAL_QUALITATIVE_PROXY_NOT_IPA,NOT_ASSESSED,NONE_IDENTIFIED,NO,NO,FIRST_PASS_EDITORIAL_REVIEWED,CORP-08;SCI-23;SCI-24;SCI-25;SCI-26,No sufficiently transparent English form-meaning bridge identified in the first-pass editorial screen; this is not an etymological claim.,1.17
COG-A1-066,bigote,NOUN,A1_CORE_NORMATIVE,PCIC_BASE_A1,FALSE_FRIEND_OR_DECEPTIVE_OVERLAP,bigot,0.833,HIGH,FORM_SIMILARITY_ONLY,EDITORIAL_QUALITATIVE_PROXY_NOT_IPA,DIVERGENT,HIGH,NO,NO,FIRST_PASS_EDITORIAL_REVIEWED,CORP-08;SCI-23;SCI-24;SCI-25;SCI-26,Deceptive form overlap with an English item whose everyday meaning does not match the relevant A1 Spanish sense.,1.17
COG-A1-067,billete,NOUN,A1_CORE_NORMATIVE,PCIC_BASE_A1,NO_OBVIOUS_PEDAGOGICAL_COGNATE_FIRST_PASS,,,NOT_ASSESSED,NOT_ASSESSED,EDITORIAL_QUALITATIVE_PROXY_NOT_IPA,NOT_ASSESSED,NONE_IDENTIFIED,NO,NO,FIRST_PASS_EDITORIAL_REVIEWED,CORP-08;SCI-23;SCI-24;SCI-25;SCI-26,No sufficiently transparent English form-meaning bridge identified in the first-pass editorial screen; this is not an etymological claim.,1.17
COG-A1-068,blanco,ADJ,A1_CORE_NORMATIVE,PCIC_BASE_A1,FALSE_FRIEND_OR_DECEPTIVE_OVERLAP,blank,0.667,MEDIUM,FORM_SIMILARITY_ONLY,EDITORIAL_QUALITATIVE_PROXY_NOT_IPA,DIVERGENT,MEDIUM,NO,NO,FIRST_PASS_EDITORIAL_REVIEWED,CORP-08;SCI-23;SCI-24;SCI-25;SCI-26,Deceptive form overlap with an English item whose everyday meaning does not match the relevant A1 Spanish sense.,1.17
COG-A1-069,bocadillo,NOUN,A1_CORE_NORMATIVE,PCIC_BASE_A1,NO_OBVIOUS_PEDAGOGICAL_COGNATE_FIRST_PASS,,,NOT_ASSESSED,NOT_ASSESSED,EDITORIAL_QUALITATIVE_PROXY_NOT_IPA,NOT_ASSESSED,NONE_IDENTIFIED,NO,NO,FIRST_PASS_EDITORIAL_REVIEWED,CORP-08;SCI-23;SCI-24;SCI-25;SCI-26,No sufficiently transparent English form-meaning bridge identified in the first-pass editorial screen; this is not an etymological claim.,1.17
COG-A1-070,boleto,NOUN,A1_REGIONAL_RECEPTIVE,7C_REGIONAL_VARIATION,NO_OBVIOUS_PEDAGOGICAL_COGNATE_FIRST_PASS,,,NOT_ASSESSED,NOT_ASSESSED,EDITORIAL_QUALITATIVE_PROXY_NOT_IPA,NOT_ASSESSED,NONE_IDENTIFIED,NO,NO,FIRST_PASS_EDITORIAL_REVIEWED,CORP-08;SCI-23;SCI-24;SCI-25;SCI-26,No sufficiently transparent English form-meaning bridge identified in the first-pass editorial screen; this is not an etymological claim.,1.17
COG-A1-071,bolso,NOUN,A1_CORE_NORMATIVE,PCIC_BASE_A1,NO_OBVIOUS_PEDAGOGICAL_COGNATE_FIRST_PASS,,,NOT_ASSESSED,NOT_ASSESSED,EDITORIAL_QUALITATIVE_PROXY_NOT_IPA,NOT_ASSESSED,NONE_IDENTIFIED,NO,NO,FIRST_PASS_EDITORIAL_REVIEWED,CORP-08;SCI-23;SCI-24;SCI-25;SCI-26,No sufficiently transparent English form-meaning bridge identified in the first-pass editorial screen; this is not an etymological claim.,1.17
COG-A1-072,bolígrafo,NOUN,A1_CORE_NORMATIVE,PCIC_BASE_A1,NO_OBVIOUS_PEDAGOGICAL_COGNATE_FIRST_PASS,,,NOT_ASSESSED,NOT_ASSESSED,EDITORIAL_QUALITATIVE_PROXY_NOT_IPA,NOT_ASSESSED,NONE_IDENTIFIED,NO,NO,FIRST_PASS_EDITORIAL_REVIEWED,CORP-08;SCI-23;SCI-24;SCI-25;SCI-26,No sufficiently transparent English form-meaning bridge identified in the first-pass editorial screen; this is not an etymological claim.,1.17
COG-A1-073,bombero,NOUN,A1_CORE_NORMATIVE,PCIC_BASE_A1,NO_OBVIOUS_PEDAGOGICAL_COGNATE_FIRST_PASS,,,NOT_ASSESSED,NOT_ASSESSED,EDITORIAL_QUALITATIVE_PROXY_NOT_IPA,NOT_ASSESSED,NONE_IDENTIFIED,NO,NO,FIRST_PASS_EDITORIAL_REVIEWED,CORP-08;SCI-23;SCI-24;SCI-25;SCI-26,No sufficiently transparent English form-meaning bridge identified in the first-pass editorial screen; this is not an etymological claim.,1.17
COG-A1-074,bonito,ADJ,A1_CORE_NORMATIVE,PCIC_BASE_A1,FALSE_FRIEND_OR_DECEPTIVE_OVERLAP,bonito,1.0,VERY_HIGH,FORM_SIMILARITY_ONLY,EDITORIAL_QUALITATIVE_PROXY_NOT_IPA,DIVERGENT,MEDIUM,NO,NO,FIRST_PASS_EDITORIAL_REVIEWED,CORP-08;SCI-23;SCI-24;SCI-25;SCI-26,Deceptive form overlap with an English item whose everyday meaning does not match the relevant A1 Spanish sense.,1.17
COG-A1-075,budista,ADJ_NOUN,A1_CORE_NORMATIVE,PCIC_BASE_A1,TRUE_COGNATE,Buddhist,0.625,MEDIUM,LOW_PROVISIONAL,EDITORIAL_QUALITATIVE_PROXY_NOT_IPA,FULL,NONE,YES,NO,FIRST_PASS_EDITORIAL_REVIEWED,CORP-08;SCI-23;SCI-24;SCI-25;SCI-26,,1.17
COG-A1-076,bueno,ADJ,A1_CORE_NORMATIVE,PCIC_BASE_A1,NO_OBVIOUS_PEDAGOGICAL_COGNATE_FIRST_PASS,,,NOT_ASSESSED,NOT_ASSESSED,EDITORIAL_QUALITATIVE_PROXY_NOT_IPA,NOT_ASSESSED,NONE_IDENTIFIED,NO,NO,FIRST_PASS_EDITORIAL_REVIEWED,CORP-08;SCI-23;SCI-24;SCI-25;SCI-26,No sufficiently transparent English form-meaning bridge identified in the first-pass editorial screen; this is not an etymological claim.,1.17
COG-A1-077,café,NOUN,A1_CORE_NORMATIVE,PCIC_BASE_A1,TRUE_COGNATE,cafe,1.0,VERY_HIGH,HIGH_PROVISIONAL,EDITORIAL_QUALITATIVE_PROXY_NOT_IPA,FULL,NONE,YES,NO,FIRST_PASS_EDITORIAL_REVIEWED,CORP-08;SCI-23;SCI-24;SCI-25;SCI-26,,1.17
COG-A1-078,calefacción,NOUN,A1_CORE_NORMATIVE,PCIC_BASE_A1,NO_OBVIOUS_PEDAGOGICAL_COGNATE_FIRST_PASS,,,NOT_ASSESSED,NOT_ASSESSED,EDITORIAL_QUALITATIVE_PROXY_NOT_IPA,NOT_ASSESSED,NONE_IDENTIFIED,NO,NO,FIRST_PASS_EDITORIAL_REVIEWED,CORP-08;SCI-23;SCI-24;SCI-25;SCI-26,No sufficiently transparent English form-meaning bridge identified in the first-pass editorial screen; this is not an etymological claim.,1.17
COG-A1-079,caliente,ADJ,A1_CORE_NORMATIVE,PCIC_BASE_A1,NO_OBVIOUS_PEDAGOGICAL_COGNATE_FIRST_PASS,,,NOT_ASSESSED,NOT_ASSESSED,EDITORIAL_QUALITATIVE_PROXY_NOT_IPA,NOT_ASSESSED,NONE_IDENTIFIED,NO,NO,FIRST_PASS_EDITORIAL_REVIEWED,CORP-08;SCI-23;SCI-24;SCI-25;SCI-26,No sufficiently transparent English form-meaning bridge identified in the first-pass editorial screen; this is not an etymological claim.,1.17
COG-A1-080,calle,NOUN,A1_CORE_NORMATIVE,PCIC_BASE_A1,NO_OBVIOUS_PEDAGOGICAL_COGNATE_FIRST_PASS,,,NOT_ASSESSED,NOT_ASSESSED,EDITORIAL_QUALITATIVE_PROXY_NOT_IPA,NOT_ASSESSED,NONE_IDENTIFIED,NO,NO,FIRST_PASS_EDITORIAL_REVIEWED,CORP-08;SCI-23;SCI-24;SCI-25;SCI-26,No sufficiently transparent English form-meaning bridge identified in the first-pass editorial screen; this is not an etymological claim.,1.17
COG-A1-081,calor,NOUN,A1_CORE_NORMATIVE,PCIC_BASE_A1,PEDAGOGICAL_COGNATE_PARTIAL,calor,1.0,VERY_HIGH,HIGH_PROVISIONAL,EDITORIAL_QUALITATIVE_PROXY_NOT_IPA,PARTIAL,LOW,CONDITIONAL,NO,FIRST_PASS_EDITORIAL_REVIEWED,CORP-08;SCI-23;SCI-24;SCI-25;SCI-26,"Cross-language similarity may be usable, but pedagogical value depends on English familiarity and the relevant sense.",1.17
COG-A1-082,cama,NOUN,A1_CORE_NORMATIVE,PCIC_BASE_A1,NO_OBVIOUS_PEDAGOGICAL_COGNATE_FIRST_PASS,,,NOT_ASSESSED,NOT_ASSESSED,EDITORIAL_QUALITATIVE_PROXY_NOT_IPA,NOT_ASSESSED,NONE_IDENTIFIED,NO,NO,FIRST_PASS_EDITORIAL_REVIEWED,CORP-08;SCI-23;SCI-24;SCI-25;SCI-26,No sufficiently transparent English form-meaning bridge identified in the first-pass editorial screen; this is not an etymological claim.,1.17
COG-A1-083,camarero,NOUN,A1_CORE_NORMATIVE,PCIC_BASE_A1,NO_OBVIOUS_PEDAGOGICAL_COGNATE_FIRST_PASS,,,NOT_ASSESSED,NOT_ASSESSED,EDITORIAL_QUALITATIVE_PROXY_NOT_IPA,NOT_ASSESSED,NONE_IDENTIFIED,NO,NO,FIRST_PASS_EDITORIAL_REVIEWED,CORP-08;SCI-23;SCI-24;SCI-25;SCI-26,No sufficiently transparent English form-meaning bridge identified in the first-pass editorial screen; this is not an etymological claim.,1.17
COG-A1-084,cambiar,VERB,A1_CORE_NORMATIVE,PCIC_BASE_A1,NO_OBVIOUS_PEDAGOGICAL_COGNATE_FIRST_PASS,,,NOT_ASSESSED,NOT_ASSESSED,EDITORIAL_QUALITATIVE_PROXY_NOT_IPA,NOT_ASSESSED,NONE_IDENTIFIED,NO,NO,FIRST_PASS_EDITORIAL_REVIEWED,CORP-08;SCI-23;SCI-24;SCI-25;SCI-26,No sufficiently transparent English form-meaning bridge identified in the first-pass editorial screen; this is not an etymological claim.,1.17
COG-A1-085,camisa,NOUN,A1_CORE_NORMATIVE,PCIC_BASE_A1,PEDAGOGICAL_COGNATE_PARTIAL,chemise,0.571,LOW,LOW_PROVISIONAL,EDITORIAL_QUALITATIVE_PROXY_NOT_IPA,PARTIAL,LOW,YES,NO,FIRST_PASS_EDITORIAL_REVIEWED,CORP-08;SCI-23;SCI-24;SCI-25;SCI-26,"Useful cross-language similarity, but not fully transparent or not identical in everyday distribution.",1.17
COG-A1-086,campin,NOUN,A1_CORE_NORMATIVE,PCIC_BASE_A1,INTERNATIONALISM_OR_BORROWING,camping,0.857,HIGH,MEDIUM_PROVISIONAL,EDITORIAL_QUALITATIVE_PROXY_NOT_IPA,FULL,LOW,YES,NO,FIRST_PASS_EDITORIAL_REVIEWED,CORP-08;SCI-23;SCI-24;SCI-25;SCI-26,Form is recognizable in English through borrowing/international use rather than a simple pedagogical cognate relation.,1.17
COG-A1-087,campo,NOUN,A1_CORE_NORMATIVE,PCIC_BASE_A1,FALSE_FRIEND_OR_DECEPTIVE_OVERLAP,camp,0.8,HIGH,FORM_SIMILARITY_ONLY,EDITORIAL_QUALITATIVE_PROXY_NOT_IPA,DIVERGENT,MEDIUM,NO,NO,FIRST_PASS_EDITORIAL_REVIEWED,CORP-08;SCI-23;SCI-24;SCI-25;SCI-26,Deceptive form overlap with an English item whose everyday meaning does not match the relevant A1 Spanish sense.,1.17
COG-A1-088,canción,NOUN,A1_CORE_NORMATIVE,PCIC_BASE_A1,NO_OBVIOUS_PEDAGOGICAL_COGNATE_FIRST_PASS,,,NOT_ASSESSED,NOT_ASSESSED,EDITORIAL_QUALITATIVE_PROXY_NOT_IPA,NOT_ASSESSED,NONE_IDENTIFIED,NO,NO,FIRST_PASS_EDITORIAL_REVIEWED,CORP-08;SCI-23;SCI-24;SCI-25;SCI-26,No sufficiently transparent English form-meaning bridge identified in the first-pass editorial screen; this is not an etymological claim.,1.17
COG-A1-089,cantante,NOUN,A1_CORE_NORMATIVE,PCIC_BASE_A1,NO_OBVIOUS_PEDAGOGICAL_COGNATE_FIRST_PASS,,,NOT_ASSESSED,NOT_ASSESSED,EDITORIAL_QUALITATIVE_PROXY_NOT_IPA,NOT_ASSESSED,NONE_IDENTIFIED,NO,NO,FIRST_PASS_EDITORIAL_REVIEWED,CORP-08;SCI-23;SCI-24;SCI-25;SCI-26,No sufficiently transparent English form-meaning bridge identified in the first-pass editorial screen; this is not an etymological claim.,1.17
COG-A1-090,cantar,VERB,A1_CORE_NORMATIVE,PCIC_BASE_A1,PEDAGOGICAL_COGNATE_PARTIAL,chant,0.5,LOW,LOW_PROVISIONAL,EDITORIAL_QUALITATIVE_PROXY_NOT_IPA,PARTIAL,MEDIUM,CONDITIONAL,NO,FIRST_PASS_EDITORIAL_REVIEWED,CORP-08;SCI-23;SCI-24;SCI-25;SCI-26,"Cross-language similarity may be usable, but pedagogical value depends on English familiarity and the relevant sense.",1.17
COG-A1-091,capital,NOUN,A1_CORE_NORMATIVE,PCIC_BASE_A1,TRUE_COGNATE,capital,1.0,VERY_HIGH,HIGH_PROVISIONAL,EDITORIAL_QUALITATIVE_PROXY_NOT_IPA,FULL,NONE,YES,NO,FIRST_PASS_EDITORIAL_REVIEWED,CORP-08;SCI-23;SCI-24;SCI-25;SCI-26,,1.17
COG-A1-092,cara,NOUN,A1_CORE_NORMATIVE,PCIC_BASE_A1,NO_OBVIOUS_PEDAGOGICAL_COGNATE_FIRST_PASS,,,NOT_ASSESSED,NOT_ASSESSED,EDITORIAL_QUALITATIVE_PROXY_NOT_IPA,NOT_ASSESSED,NONE_IDENTIFIED,NO,NO,FIRST_PASS_EDITORIAL_REVIEWED,CORP-08;SCI-23;SCI-24;SCI-25;SCI-26,No sufficiently transparent English form-meaning bridge identified in the first-pass editorial screen; this is not an etymological claim.,1.17
COG-A1-093,carne,NOUN,A1_CORE_NORMATIVE,PCIC_BASE_A1,NO_OBVIOUS_PEDAGOGICAL_COGNATE_FIRST_PASS,,,NOT_ASSESSED,NOT_ASSESSED,EDITORIAL_QUALITATIVE_PROXY_NOT_IPA,NOT_ASSESSED,NONE_IDENTIFIED,NO,NO,FIRST_PASS_EDITORIAL_REVIEWED,CORP-08;SCI-23;SCI-24;SCI-25;SCI-26,No sufficiently transparent English form-meaning bridge identified in the first-pass editorial screen; this is not an etymological claim.,1.17
COG-A1-094,carné,NOUN,A1_CORE_NORMATIVE,PCIC_BASE_A1,NO_OBVIOUS_PEDAGOGICAL_COGNATE_FIRST_PASS,,,NOT_ASSESSED,NOT_ASSESSED,EDITORIAL_QUALITATIVE_PROXY_NOT_IPA,NOT_ASSESSED,NONE_IDENTIFIED,NO,NO,FIRST_PASS_EDITORIAL_REVIEWED,CORP-08;SCI-23;SCI-24;SCI-25;SCI-26,No sufficiently transparent English form-meaning bridge identified in the first-pass editorial screen; this is not an etymological claim.,1.17
COG-A1-095,caro,ADJ,A1_CORE_NORMATIVE,PCIC_BASE_A1,NO_OBVIOUS_PEDAGOGICAL_COGNATE_FIRST_PASS,,,NOT_ASSESSED,NOT_ASSESSED,EDITORIAL_QUALITATIVE_PROXY_NOT_IPA,NOT_ASSESSED,NONE_IDENTIFIED,NO,NO,FIRST_PASS_EDITORIAL_REVIEWED,CORP-08;SCI-23;SCI-24;SCI-25;SCI-26,No sufficiently transparent English form-meaning bridge identified in the first-pass editorial screen; this is not an etymological claim.,1.17
COG-A1-096,carretera,NOUN,A1_CORE_NORMATIVE,PCIC_BASE_A1,NO_OBVIOUS_PEDAGOGICAL_COGNATE_FIRST_PASS,,,NOT_ASSESSED,NOT_ASSESSED,EDITORIAL_QUALITATIVE_PROXY_NOT_IPA,NOT_ASSESSED,NONE_IDENTIFIED,NO,NO,FIRST_PASS_EDITORIAL_REVIEWED,CORP-08;SCI-23;SCI-24;SCI-25;SCI-26,No sufficiently transparent English form-meaning bridge identified in the first-pass editorial screen; this is not an etymological claim.,1.17
COG-A1-097,carro,NOUN,A1_REGIONAL_RECEPTIVE,7C_REGIONAL_VARIATION,PEDAGOGICAL_COGNATE_PARTIAL,car,0.6,MEDIUM,LOW_PROVISIONAL,EDITORIAL_QUALITATIVE_PROXY_NOT_IPA,FULL,LOW,YES,NO,FIRST_PASS_EDITORIAL_REVIEWED,CORP-08;SCI-23;SCI-24;SCI-25;SCI-26,"Cross-language similarity may be usable, but pedagogical value depends on English familiarity and the relevant sense.",1.17
COG-A1-098,carta,NOUN,A1_CORE_NORMATIVE,PCIC_BASE_A1,SENSE_DEPENDENT_COGNATE,card,0.6,MEDIUM,LOW_PROVISIONAL,EDITORIAL_QUALITATIVE_PROXY_NOT_IPA,PARTIAL,MEDIUM,CONDITIONAL,NO,FIRST_PASS_EDITORIAL_REVIEWED,CORP-08;SCI-23;SCI-24;SCI-25;SCI-26,Cross-language similarity is useful only for a restricted sense/register; do not generalize to the whole lexeme.,1.17
COG-A1-099,cartera,NOUN,A1_CORE_NORMATIVE,PCIC_BASE_A1,NO_OBVIOUS_PEDAGOGICAL_COGNATE_FIRST_PASS,,,NOT_ASSESSED,NOT_ASSESSED,EDITORIAL_QUALITATIVE_PROXY_NOT_IPA,NOT_ASSESSED,NONE_IDENTIFIED,NO,NO,FIRST_PASS_EDITORIAL_REVIEWED,CORP-08;SCI-23;SCI-24;SCI-25;SCI-26,No sufficiently transparent English form-meaning bridge identified in the first-pass editorial screen; this is not an etymological claim.,1.17
COG-A1-100,casa,NOUN,A1_CORE_NORMATIVE,PCIC_BASE_A1,NO_OBVIOUS_PEDAGOGICAL_COGNATE_FIRST_PASS,,,NOT_ASSESSED,NOT_ASSESSED,EDITORIAL_QUALITATIVE_PROXY_NOT_IPA,NOT_ASSESSED,NONE_IDENTIFIED,NO,NO,FIRST_PASS_EDITORIAL_REVIEWED,CORP-08;SCI-23;SCI-24;SCI-25;SCI-26,No sufficiently transparent English form-meaning bridge identified in the first-pass editorial screen; this is not an etymological claim.,1.17
COG-A1-101,casado,ADJ,A1_CORE_NORMATIVE,PCIC_BASE_A1,NO_OBVIOUS_PEDAGOGICAL_COGNATE_FIRST_PASS,,,NOT_ASSESSED,NOT_ASSESSED,EDITORIAL_QUALITATIVE_PROXY_NOT_IPA,NOT_ASSESSED,NONE_IDENTIFIED,NO,NO,FIRST_PASS_EDITORIAL_REVIEWED,CORP-08;SCI-23;SCI-24;SCI-25;SCI-26,No sufficiently transparent English form-meaning bridge identified in the first-pass editorial screen; this is not an etymological claim.,1.17
COG-A1-102,catedral,NOUN,A1_CORE_NORMATIVE,PCIC_BASE_A1,TRUE_COGNATE,cathedral,0.889,HIGH,MEDIUM_PROVISIONAL,EDITORIAL_QUALITATIVE_PROXY_NOT_IPA,FULL,NONE,YES,NO,FIRST_PASS_EDITORIAL_REVIEWED,CORP-08;SCI-23;SCI-24;SCI-25;SCI-26,,1.17
COG-A1-103,celular,NOUN,A1_REGIONAL_RECEPTIVE,7C_REGIONAL_VARIATION,SENSE_DEPENDENT_COGNATE,cellular,0.875,HIGH,MEDIUM_PROVISIONAL,EDITORIAL_QUALITATIVE_PROXY_NOT_IPA,PARTIAL,HIGH,CONDITIONAL,NO,FIRST_PASS_EDITORIAL_REVIEWED,CORP-08;SCI-23;SCI-24;SCI-25;SCI-26,Similarity is real but sense/register/distribution differs enough to require explicit teaching.,1.17
COG-A1-104,cena,NOUN,A1_CORE_NORMATIVE,PCIC_BASE_A1,NO_OBVIOUS_PEDAGOGICAL_COGNATE_FIRST_PASS,,,NOT_ASSESSED,NOT_ASSESSED,EDITORIAL_QUALITATIVE_PROXY_NOT_IPA,NOT_ASSESSED,NONE_IDENTIFIED,NO,NO,FIRST_PASS_EDITORIAL_REVIEWED,CORP-08;SCI-23;SCI-24;SCI-25;SCI-26,No sufficiently transparent English form-meaning bridge identified in the first-pass editorial screen; this is not an etymological claim.,1.17
COG-A1-105,cenar,VERB,A1_CORE_NORMATIVE,PCIC_BASE_A1,NO_OBVIOUS_PEDAGOGICAL_COGNATE_FIRST_PASS,,,NOT_ASSESSED,NOT_ASSESSED,EDITORIAL_QUALITATIVE_PROXY_NOT_IPA,NOT_ASSESSED,NONE_IDENTIFIED,NO,NO,FIRST_PASS_EDITORIAL_REVIEWED,CORP-08;SCI-23;SCI-24;SCI-25;SCI-26,No sufficiently transparent English form-meaning bridge identified in the first-pass editorial screen; this is not an etymological claim.,1.17
COG-A1-106,centavo,NOUN,A1_REGIONAL_RECEPTIVE,7C_REGIONAL_VARIATION,PEDAGOGICAL_COGNATE_PARTIAL,cent,0.571,LOW,LOW_PROVISIONAL,EDITORIAL_QUALITATIVE_PROXY_NOT_IPA,PARTIAL,LOW,YES,NO,FIRST_PASS_EDITORIAL_REVIEWED,CORP-08;SCI-23;SCI-24;SCI-25;SCI-26,"Useful cross-language similarity, but not fully transparent or not identical in everyday distribution.",1.17
COG-A1-107,central,ADJ,A1_CORE_NORMATIVE,PCIC_BASE_A1,TRUE_COGNATE,central,1.0,VERY_HIGH,HIGH_PROVISIONAL,EDITORIAL_QUALITATIVE_PROXY_NOT_IPA,FULL,NONE,YES,NO,FIRST_PASS_EDITORIAL_REVIEWED,CORP-08;SCI-23;SCI-24;SCI-25;SCI-26,,1.17
COG-A1-108,centro,NOUN,A1_CORE_NORMATIVE,PCIC_BASE_A1,TRUE_COGNATE,center,0.667,MEDIUM,LOW_PROVISIONAL,EDITORIAL_QUALITATIVE_PROXY_NOT_IPA,FULL,NONE,YES,NO,FIRST_PASS_EDITORIAL_REVIEWED,CORP-08;SCI-23;SCI-24;SCI-25;SCI-26,,1.17
COG-A1-109,cerca,ADV_QUANT,A1_CORE_NORMATIVE,PCIC_BASE_A1,NO_OBVIOUS_PEDAGOGICAL_COGNATE_FIRST_PASS,,,NOT_ASSESSED,NOT_ASSESSED,EDITORIAL_QUALITATIVE_PROXY_NOT_IPA,NOT_ASSESSED,NONE_IDENTIFIED,NO,NO,FIRST_PASS_EDITORIAL_REVIEWED,CORP-08;SCI-23;SCI-24;SCI-25;SCI-26,No sufficiently transparent English form-meaning bridge identified in the first-pass editorial screen; this is not an etymological claim.,1.17
COG-A1-110,cerrado,ADJ,A1_CORE_NORMATIVE,PCIC_BASE_A1,NO_OBVIOUS_PEDAGOGICAL_COGNATE_FIRST_PASS,,,NOT_ASSESSED,NOT_ASSESSED,EDITORIAL_QUALITATIVE_PROXY_NOT_IPA,NOT_ASSESSED,NONE_IDENTIFIED,NO,NO,FIRST_PASS_EDITORIAL_REVIEWED,CORP-08;SCI-23;SCI-24;SCI-25;SCI-26,No sufficiently transparent English form-meaning bridge identified in the first-pass editorial screen; this is not an etymological claim.,1.17
COG-A1-111,cerrar,VERB,A1_CORE_NORMATIVE,PCIC_BASE_A1,NO_OBVIOUS_PEDAGOGICAL_COGNATE_FIRST_PASS,,,NOT_ASSESSED,NOT_ASSESSED,EDITORIAL_QUALITATIVE_PROXY_NOT_IPA,NOT_ASSESSED,NONE_IDENTIFIED,NO,NO,FIRST_PASS_EDITORIAL_REVIEWED,CORP-08;SCI-23;SCI-24;SCI-25;SCI-26,No sufficiently transparent English form-meaning bridge identified in the first-pass editorial screen; this is not an etymological claim.,1.17
COG-A1-112,cerveza,NOUN,A1_CORE_NORMATIVE,PCIC_BASE_A1,NO_OBVIOUS_PEDAGOGICAL_COGNATE_FIRST_PASS,,,NOT_ASSESSED,NOT_ASSESSED,EDITORIAL_QUALITATIVE_PROXY_NOT_IPA,NOT_ASSESSED,NONE_IDENTIFIED,NO,NO,FIRST_PASS_EDITORIAL_REVIEWED,CORP-08;SCI-23;SCI-24;SCI-25;SCI-26,No sufficiently transparent English form-meaning bridge identified in the first-pass editorial screen; this is not an etymological claim.,1.17
COG-A1-113,chao,FORMULA,A1_CORE_NORMATIVE,PCIC_BASE_A1,INTERNATIONALISM_OR_BORROWING,ciao,0.75,HIGH,MEDIUM_PROVISIONAL,EDITORIAL_QUALITATIVE_PROXY_NOT_IPA,FULL,LOW,YES,NO,FIRST_PASS_EDITORIAL_REVIEWED,CORP-08;SCI-23;SCI-24;SCI-25;SCI-26,Form is recognizable in English through borrowing/international use rather than a simple pedagogical cognate relation.,1.17
COG-A1-114,chica,NOUN,A1_CORE_NORMATIVE,7B_SURFACE_CORRECTION,NO_OBVIOUS_PEDAGOGICAL_COGNATE_FIRST_PASS,,,NOT_ASSESSED,NOT_ASSESSED,EDITORIAL_QUALITATIVE_PROXY_NOT_IPA,NOT_ASSESSED,NONE_IDENTIFIED,NO,NO,FIRST_PASS_EDITORIAL_REVIEWED,CORP-08;SCI-23;SCI-24;SCI-25;SCI-26,No sufficiently transparent English form-meaning bridge identified in the first-pass editorial screen; this is not an etymological claim.,1.17
COG-A1-115,chico,NOUN,A1_CORE_NORMATIVE,PCIC_BASE_A1,NO_OBVIOUS_PEDAGOGICAL_COGNATE_FIRST_PASS,,,NOT_ASSESSED,NOT_ASSESSED,EDITORIAL_QUALITATIVE_PROXY_NOT_IPA,NOT_ASSESSED,NONE_IDENTIFIED,NO,NO,FIRST_PASS_EDITORIAL_REVIEWED,CORP-08;SCI-23;SCI-24;SCI-25;SCI-26,No sufficiently transparent English form-meaning bridge identified in the first-pass editorial screen; this is not an etymological claim.,1.17
COG-A1-116,chofer,NOUN_COMMON_GENDER,A1_REGIONAL_RECEPTIVE,7C_REGIONAL_VARIATION,PEDAGOGICAL_COGNATE_PARTIAL,chauffeur,0.556,LOW,LOW_PROVISIONAL,EDITORIAL_QUALITATIVE_PROXY_NOT_IPA,PARTIAL,LOW,YES,NO,FIRST_PASS_EDITORIAL_REVIEWED,CORP-08;SCI-23;SCI-24;SCI-25;SCI-26,"Useful cross-language similarity, but not fully transparent or not identical in everyday distribution.",1.17
COG-A1-117,cine,NOUN,A1_CORE_NORMATIVE,PCIC_BASE_A1,TRUE_COGNATE,cinema,0.667,MEDIUM,LOW_PROVISIONAL,EDITORIAL_QUALITATIVE_PROXY_NOT_IPA,FULL,NONE,YES,NO,FIRST_PASS_EDITORIAL_REVIEWED,CORP-08;SCI-23;SCI-24;SCI-25;SCI-26,,1.17
COG-A1-118,circo,NOUN,A1_CORE_NORMATIVE,PCIC_BASE_A1,TRUE_COGNATE,circus,0.667,MEDIUM,LOW_PROVISIONAL,EDITORIAL_QUALITATIVE_PROXY_NOT_IPA,FULL,NONE,YES,NO,FIRST_PASS_EDITORIAL_REVIEWED,CORP-08;SCI-23;SCI-24;SCI-25;SCI-26,,1.17
COG-A1-119,ciudad,NOUN,A1_CORE_NORMATIVE,PCIC_BASE_A1,NO_OBVIOUS_PEDAGOGICAL_COGNATE_FIRST_PASS,,,NOT_ASSESSED,NOT_ASSESSED,EDITORIAL_QUALITATIVE_PROXY_NOT_IPA,NOT_ASSESSED,NONE_IDENTIFIED,NO,NO,FIRST_PASS_EDITORIAL_REVIEWED,CORP-08;SCI-23;SCI-24;SCI-25;SCI-26,No sufficiently transparent English form-meaning bridge identified in the first-pass editorial screen; this is not an etymological claim.,1.17
COG-A1-120,claro,ADJ,A1_CORE_NORMATIVE,PCIC_BASE_A1,TRUE_COGNATE,clear,0.6,MEDIUM,LOW_PROVISIONAL,EDITORIAL_QUALITATIVE_PROXY_NOT_IPA,FULL,NONE,YES,NO,FIRST_PASS_EDITORIAL_REVIEWED,CORP-08;SCI-23;SCI-24;SCI-25;SCI-26,,1.17
COG-A1-121,clase,NOUN,A1_CORE_NORMATIVE,PCIC_BASE_A1,TRUE_COGNATE,class,0.8,HIGH,MEDIUM_PROVISIONAL,EDITORIAL_QUALITATIVE_PROXY_NOT_IPA,FULL,NONE,YES,NO,FIRST_PASS_EDITORIAL_REVIEWED,CORP-08;SCI-23;SCI-24;SCI-25;SCI-26,,1.17
COG-A1-122,coche,NOUN,A1_CORE_NORMATIVE,PCIC_BASE_A1,SENSE_DEPENDENT_COGNATE,coach,0.6,MEDIUM,LOW_PROVISIONAL,EDITORIAL_QUALITATIVE_PROXY_NOT_IPA,PARTIAL,MEDIUM,CONDITIONAL,NO,FIRST_PASS_EDITORIAL_REVIEWED,CORP-08;SCI-23;SCI-24;SCI-25;SCI-26,Cross-language similarity is useful only for a restricted sense/register; do not generalize to the whole lexeme.,1.17
COG-A1-123,cocina,NOUN,A1_CORE_NORMATIVE,PCIC_BASE_A1,NO_OBVIOUS_PEDAGOGICAL_COGNATE_FIRST_PASS,,,NOT_ASSESSED,NOT_ASSESSED,EDITORIAL_QUALITATIVE_PROXY_NOT_IPA,NOT_ASSESSED,NONE_IDENTIFIED,NO,NO,FIRST_PASS_EDITORIAL_REVIEWED,CORP-08;SCI-23;SCI-24;SCI-25;SCI-26,No sufficiently transparent English form-meaning bridge identified in the first-pass editorial screen; this is not an etymological claim.,1.17
COG-A1-124,colectivo,NOUN,A1_REGIONAL_RECEPTIVE,7C_REGIONAL_VARIATION,FALSE_FRIEND_OR_DECEPTIVE_OVERLAP,collective,0.8,HIGH,FORM_SIMILARITY_ONLY,EDITORIAL_QUALITATIVE_PROXY_NOT_IPA,DIVERGENT,HIGH,NO,NO,FIRST_PASS_EDITORIAL_REVIEWED,CORP-08;SCI-23;SCI-24;SCI-25;SCI-26,Deceptive form overlap with an English item whose everyday meaning does not match the relevant A1 Spanish sense.,1.17
COG-A1-125,colegio,NOUN,A1_CORE_NORMATIVE,PCIC_BASE_A1,FALSE_FRIEND_OR_DECEPTIVE_OVERLAP,college,0.571,LOW,FORM_SIMILARITY_ONLY,EDITORIAL_QUALITATIVE_PROXY_NOT_IPA,DIVERGENT,HIGH,NO,NO,FIRST_PASS_EDITORIAL_REVIEWED,CORP-08;SCI-23;SCI-24;SCI-25;SCI-26,Deceptive form overlap with an English item whose everyday meaning does not match the relevant A1 Spanish sense.,1.17
COG-A1-126,comer,VERB,A1_CORE_NORMATIVE,PCIC_BASE_A1,NO_OBVIOUS_PEDAGOGICAL_COGNATE_FIRST_PASS,,,NOT_ASSESSED,NOT_ASSESSED,EDITORIAL_QUALITATIVE_PROXY_NOT_IPA,NOT_ASSESSED,NONE_IDENTIFIED,NO,NO,FIRST_PASS_EDITORIAL_REVIEWED,CORP-08;SCI-23;SCI-24;SCI-25;SCI-26,No sufficiently transparent English form-meaning bridge identified in the first-pass editorial screen; this is not an etymological claim.,1.17
COG-A1-127,comercial,ADJ,A1_CORE_NORMATIVE,PCIC_BASE_A1,TRUE_COGNATE,commercial,0.9,VERY_HIGH,HIGH_PROVISIONAL,EDITORIAL_QUALITATIVE_PROXY_NOT_IPA,FULL,NONE,YES,NO,FIRST_PASS_EDITORIAL_REVIEWED,CORP-08;SCI-23;SCI-24;SCI-25;SCI-26,,1.17
COG-A1-128,comida,NOUN,A1_CORE_NORMATIVE,PCIC_BASE_A1,NO_OBVIOUS_PEDAGOGICAL_COGNATE_FIRST_PASS,,,NOT_ASSESSED,NOT_ASSESSED,EDITORIAL_QUALITATIVE_PROXY_NOT_IPA,NOT_ASSESSED,NONE_IDENTIFIED,NO,NO,FIRST_PASS_EDITORIAL_REVIEWED,CORP-08;SCI-23;SCI-24;SCI-25;SCI-26,No sufficiently transparent English form-meaning bridge identified in the first-pass editorial screen; this is not an etymological claim.,1.17
COG-A1-129,compañero,NOUN,A1_CORE_NORMATIVE,PCIC_BASE_A1,PEDAGOGICAL_COGNATE_PARTIAL,companion,0.667,MEDIUM,LOW_PROVISIONAL,EDITORIAL_QUALITATIVE_PROXY_NOT_IPA,PARTIAL,LOW,YES,NO,FIRST_PASS_EDITORIAL_REVIEWED,CORP-08;SCI-23;SCI-24;SCI-25;SCI-26,"Useful cross-language similarity, but not fully transparent or not identical in everyday distribution.",1.17
COG-A1-130,comprador,NOUN,A1_CORE_NORMATIVE,PCIC_BASE_A1,NO_OBVIOUS_PEDAGOGICAL_COGNATE_FIRST_PASS,,,NOT_ASSESSED,NOT_ASSESSED,EDITORIAL_QUALITATIVE_PROXY_NOT_IPA,NOT_ASSESSED,NONE_IDENTIFIED,NO,NO,FIRST_PASS_EDITORIAL_REVIEWED,CORP-08;SCI-23;SCI-24;SCI-25;SCI-26,No sufficiently transparent English form-meaning bridge identified in the first-pass editorial screen; this is not an etymological claim.,1.17
COG-A1-131,comprar,VERB,A1_CORE_NORMATIVE,PCIC_BASE_A1,FALSE_FRIEND_OR_DECEPTIVE_OVERLAP,compare,0.714,MEDIUM,FORM_SIMILARITY_ONLY,EDITORIAL_QUALITATIVE_PROXY_NOT_IPA,DIVERGENT,HIGH,NO,NO,FIRST_PASS_EDITORIAL_REVIEWED,CORP-08;SCI-23;SCI-24;SCI-25;SCI-26,Deceptive form overlap with an English item whose everyday meaning does not match the relevant A1 Spanish sense.,1.17
COG-A1-132,comprender,VERB,A1_CORE_NORMATIVE,PCIC_BASE_A1,TRUE_COGNATE,comprehend,0.6,MEDIUM,LOW_PROVISIONAL,EDITORIAL_QUALITATIVE_PROXY_NOT_IPA,FULL,NONE,YES,NO,FIRST_PASS_EDITORIAL_REVIEWED,CORP-08;SCI-23;SCI-24;SCI-25;SCI-26,,1.17
COG-A1-133,computadora,NOUN,A1_REGIONAL_RECEPTIVE,7C_REGIONAL_VARIATION,TRUE_COGNATE,computer,0.636,MEDIUM,LOW_PROVISIONAL,EDITORIAL_QUALITATIVE_PROXY_NOT_IPA,FULL,NONE,YES,NO,FIRST_PASS_EDITORIAL_REVIEWED,CORP-08;SCI-23;SCI-24;SCI-25;SCI-26,,1.17
COG-A1-134,comunicado,ADJ,A1_CORE_NORMATIVE,PCIC_BASE_A1,PEDAGOGICAL_COGNATE_PARTIAL,communicated,0.667,MEDIUM,LOW_PROVISIONAL,EDITORIAL_QUALITATIVE_PROXY_NOT_IPA,PARTIAL,LOW,YES,NO,FIRST_PASS_EDITORIAL_REVIEWED,CORP-08;SCI-23;SCI-24;SCI-25;SCI-26,"Useful cross-language similarity, but not fully transparent or not identical in everyday distribution.",1.17
COG-A1-135,con,PREP,A1_CORE_NORMATIVE,PCIC_BASE_A1,NO_OBVIOUS_PEDAGOGICAL_COGNATE_FIRST_PASS,,,NOT_ASSESSED,NOT_ASSESSED,EDITORIAL_QUALITATIVE_PROXY_NOT_IPA,NOT_ASSESSED,NONE_IDENTIFIED,NO,NO,FIRST_PASS_EDITORIAL_REVIEWED,CORP-08;SCI-23;SCI-24;SCI-25;SCI-26,No sufficiently transparent English form-meaning bridge identified in the first-pass editorial screen; this is not an etymological claim.,1.17
COG-A1-136,concierto,NOUN,A1_CORE_NORMATIVE,PCIC_BASE_A1,TRUE_COGNATE,concert,0.778,HIGH,MEDIUM_PROVISIONAL,EDITORIAL_QUALITATIVE_PROXY_NOT_IPA,FULL,NONE,YES,NO,FIRST_PASS_EDITORIAL_REVIEWED,CORP-08;SCI-23;SCI-24;SCI-25;SCI-26,,1.17
COG-A1-137,conducir,VERB,A1_CORE_NORMATIVE,PCIC_BASE_A1,FALSE_FRIEND_OR_DECEPTIVE_OVERLAP,conduct,0.75,HIGH,FORM_SIMILARITY_ONLY,EDITORIAL_QUALITATIVE_PROXY_NOT_IPA,DIVERGENT,MEDIUM,NO,NO,FIRST_PASS_EDITORIAL_REVIEWED,CORP-08;SCI-23;SCI-24;SCI-25;SCI-26,Deceptive form overlap with an English item whose everyday meaning does not match the relevant A1 Spanish sense.,1.17
COG-A1-138,conductor,NOUN,A1_CORE_NORMATIVE,PCIC_BASE_A1,SENSE_DEPENDENT_COGNATE,conductor,1.0,VERY_HIGH,HIGH_PROVISIONAL,EDITORIAL_QUALITATIVE_PROXY_NOT_IPA,PARTIAL,HIGH,CONDITIONAL,NO,FIRST_PASS_EDITORIAL_REVIEWED,CORP-08;SCI-23;SCI-24;SCI-25;SCI-26,Similarity is real but sense/register/distribution differs enough to require explicit teaching.,1.17
COG-A1-139,conocer,VERB,A1_CORE_NORMATIVE,PCIC_BASE_A1,NO_OBVIOUS_PEDAGOGICAL_COGNATE_FIRST_PASS,,,NOT_ASSESSED,NOT_ASSESSED,EDITORIAL_QUALITATIVE_PROXY_NOT_IPA,NOT_ASSESSED,NONE_IDENTIFIED,NO,NO,FIRST_PASS_EDITORIAL_REVIEWED,CORP-08;SCI-23;SCI-24;SCI-25;SCI-26,No sufficiently transparent English form-meaning bridge identified in the first-pass editorial screen; this is not an etymological claim.,1.17
COG-A1-140,correo,NOUN,A1_CORE_NORMATIVE,PCIC_BASE_A1,PEDAGOGICAL_COGNATE_PARTIAL,courier,0.571,LOW,LOW_PROVISIONAL,EDITORIAL_QUALITATIVE_PROXY_NOT_IPA,PARTIAL,LOW,CONDITIONAL,NO,FIRST_PASS_EDITORIAL_REVIEWED,CORP-08;SCI-23;SCI-24;SCI-25;SCI-26,"Cross-language similarity may be usable, but pedagogical value depends on English familiarity and the relevant sense.",1.17
COG-A1-141,correr,VERB,A1_CORE_NORMATIVE,PCIC_BASE_A1,NO_OBVIOUS_PEDAGOGICAL_COGNATE_FIRST_PASS,,,NOT_ASSESSED,NOT_ASSESSED,EDITORIAL_QUALITATIVE_PROXY_NOT_IPA,NOT_ASSESSED,NONE_IDENTIFIED,NO,NO,FIRST_PASS_EDITORIAL_REVIEWED,CORP-08;SCI-23;SCI-24;SCI-25;SCI-26,No sufficiently transparent English form-meaning bridge identified in the first-pass editorial screen; this is not an etymological claim.,1.17
COG-A1-142,corto,ADJ,A1_CORE_NORMATIVE,PCIC_BASE_A1,NO_OBVIOUS_PEDAGOGICAL_COGNATE_FIRST_PASS,,,NOT_ASSESSED,NOT_ASSESSED,EDITORIAL_QUALITATIVE_PROXY_NOT_IPA,NOT_ASSESSED,NONE_IDENTIFIED,NO,NO,FIRST_PASS_EDITORIAL_REVIEWED,CORP-08;SCI-23;SCI-24;SCI-25;SCI-26,No sufficiently transparent English form-meaning bridge identified in the first-pass editorial screen; this is not an etymological claim.,1.17
COG-A1-143,costar,VERB,A1_CORE_NORMATIVE,PCIC_BASE_A1,TRUE_COGNATE,cost,0.667,MEDIUM,LOW_PROVISIONAL,EDITORIAL_QUALITATIVE_PROXY_NOT_IPA,FULL,NONE,YES,NO,FIRST_PASS_EDITORIAL_REVIEWED,CORP-08;SCI-23;SCI-24;SCI-25;SCI-26,,1.17
COG-A1-144,creer,VERB,A1_CORE_NORMATIVE,PCIC_BASE_A1,PEDAGOGICAL_COGNATE_PARTIAL,creed,0.8,HIGH,MEDIUM_PROVISIONAL,EDITORIAL_QUALITATIVE_PROXY_NOT_IPA,PARTIAL,MEDIUM,CONDITIONAL,NO,FIRST_PASS_EDITORIAL_REVIEWED,CORP-08;SCI-23;SCI-24;SCI-25;SCI-26,"Cross-language similarity may be usable, but pedagogical value depends on English familiarity and the relevant sense.",1.17
COG-A1-145,cristiano,ADJ_NOUN,A1_CORE_NORMATIVE,PCIC_BASE_A1,TRUE_COGNATE,Christian,0.778,HIGH,MEDIUM_PROVISIONAL,EDITORIAL_QUALITATIVE_PROXY_NOT_IPA,FULL,NONE,YES,NO,FIRST_PASS_EDITORIAL_REVIEWED,CORP-08;SCI-23;SCI-24;SCI-25;SCI-26,,1.17
COG-A1-146,crédito,NOUN,A1_CORE_NORMATIVE,PCIC_BASE_A1,TRUE_COGNATE,credit,0.857,HIGH,MEDIUM_PROVISIONAL,EDITORIAL_QUALITATIVE_PROXY_NOT_IPA,FULL,NONE,YES,NO,FIRST_PASS_EDITORIAL_REVIEWED,CORP-08;SCI-23;SCI-24;SCI-25;SCI-26,,1.17
COG-A1-147,cuarta,ORDINAL,A1_CORE_NORMATIVE,PCIC_BASE_A1,NO_OBVIOUS_PEDAGOGICAL_COGNATE_FIRST_PASS,,,NOT_ASSESSED,NOT_ASSESSED,EDITORIAL_QUALITATIVE_PROXY_NOT_IPA,NOT_ASSESSED,NONE_IDENTIFIED,NO,NO,FIRST_PASS_EDITORIAL_REVIEWED,CORP-08;SCI-23;SCI-24;SCI-25;SCI-26,No sufficiently transparent English form-meaning bridge identified in the first-pass editorial screen; this is not an etymological claim.,1.17
COG-A1-148,cuarto,NOUN|ORDINAL,A1_CORE_NORMATIVE,PCIC_BASE_A1,FALSE_FRIEND_OR_DECEPTIVE_OVERLAP,quart,0.667,MEDIUM,FORM_SIMILARITY_ONLY,EDITORIAL_QUALITATIVE_PROXY_NOT_IPA,DIVERGENT,MEDIUM,NO,NO,FIRST_PASS_EDITORIAL_REVIEWED,CORP-08;SCI-23;SCI-24;SCI-25;SCI-26,Deceptive form overlap with an English item whose everyday meaning does not match the relevant A1 Spanish sense.,1.17
COG-A1-149,cuenta,NOUN,A1_CORE_NORMATIVE,PCIC_BASE_A1,SENSE_DEPENDENT_COGNATE,count,0.5,LOW,LOW_PROVISIONAL,EDITORIAL_QUALITATIVE_PROXY_NOT_IPA,PARTIAL,MEDIUM,CONDITIONAL,NO,FIRST_PASS_EDITORIAL_REVIEWED,CORP-08;SCI-23;SCI-24;SCI-25;SCI-26,Cross-language similarity is useful only for a restricted sense/register; do not generalize to the whole lexeme.,1.17
COG-A1-150,cuál,INTERROGATIVE,A1_CORE_NORMATIVE,PCIC_BASE_A1,NO_OBVIOUS_PEDAGOGICAL_COGNATE_FIRST_PASS,,,NOT_ASSESSED,NOT_ASSESSED,EDITORIAL_QUALITATIVE_PROXY_NOT_IPA,NOT_ASSESSED,NONE_IDENTIFIED,NO,NO,FIRST_PASS_EDITORIAL_REVIEWED,CORP-08;SCI-23;SCI-24;SCI-25;SCI-26,No sufficiently transparent English form-meaning bridge identified in the first-pass editorial screen; this is not an etymological claim.,1.17
COG-A1-151,cuándo,ADV_QUANT,A1_CORE_NORMATIVE,PCIC_BASE_A1,NO_OBVIOUS_PEDAGOGICAL_COGNATE_FIRST_PASS,,,NOT_ASSESSED,NOT_ASSESSED,EDITORIAL_QUALITATIVE_PROXY_NOT_IPA,NOT_ASSESSED,NONE_IDENTIFIED,NO,NO,FIRST_PASS_EDITORIAL_REVIEWED,CORP-08;SCI-23;SCI-24;SCI-25;SCI-26,No sufficiently transparent English form-meaning bridge identified in the first-pass editorial screen; this is not an etymological claim.,1.17
COG-A1-152,cuánta,INTERROGATIVE,A1_CORE_NORMATIVE,PCIC_BASE_A1,NO_OBVIOUS_PEDAGOGICAL_COGNATE_FIRST_PASS,,,NOT_ASSESSED,NOT_ASSESSED,EDITORIAL_QUALITATIVE_PROXY_NOT_IPA,NOT_ASSESSED,NONE_IDENTIFIED,NO,NO,FIRST_PASS_EDITORIAL_REVIEWED,CORP-08;SCI-23;SCI-24;SCI-25;SCI-26,No sufficiently transparent English form-meaning bridge identified in the first-pass editorial screen; this is not an etymological claim.,1.17
COG-A1-153,cuántas,INTERROGATIVE,A1_CORE_NORMATIVE,PCIC_BASE_A1,NO_OBVIOUS_PEDAGOGICAL_COGNATE_FIRST_PASS,,,NOT_ASSESSED,NOT_ASSESSED,EDITORIAL_QUALITATIVE_PROXY_NOT_IPA,NOT_ASSESSED,NONE_IDENTIFIED,NO,NO,FIRST_PASS_EDITORIAL_REVIEWED,CORP-08;SCI-23;SCI-24;SCI-25;SCI-26,No sufficiently transparent English form-meaning bridge identified in the first-pass editorial screen; this is not an etymological claim.,1.17
COG-A1-154,cuánto,INTERROGATIVE,A1_CORE_NORMATIVE,PCIC_BASE_A1,NO_OBVIOUS_PEDAGOGICAL_COGNATE_FIRST_PASS,,,NOT_ASSESSED,NOT_ASSESSED,EDITORIAL_QUALITATIVE_PROXY_NOT_IPA,NOT_ASSESSED,NONE_IDENTIFIED,NO,NO,FIRST_PASS_EDITORIAL_REVIEWED,CORP-08;SCI-23;SCI-24;SCI-25;SCI-26,No sufficiently transparent English form-meaning bridge identified in the first-pass editorial screen; this is not an etymological claim.,1.17
COG-A1-155,cuántos,INTERROGATIVE,A1_CORE_NORMATIVE,PCIC_BASE_A1,NO_OBVIOUS_PEDAGOGICAL_COGNATE_FIRST_PASS,,,NOT_ASSESSED,NOT_ASSESSED,EDITORIAL_QUALITATIVE_PROXY_NOT_IPA,NOT_ASSESSED,NONE_IDENTIFIED,NO,NO,FIRST_PASS_EDITORIAL_REVIEWED,CORP-08;SCI-23;SCI-24;SCI-25;SCI-26,No sufficiently transparent English form-meaning bridge identified in the first-pass editorial screen; this is not an etymological claim.,1.17
COG-A1-156,céntimo,NOUN,A1_CORE_NORMATIVE,PCIC_BASE_A1,PEDAGOGICAL_COGNATE_PARTIAL,cent,0.571,LOW,LOW_PROVISIONAL,EDITORIAL_QUALITATIVE_PROXY_NOT_IPA,PARTIAL,LOW,CONDITIONAL,NO,FIRST_PASS_EDITORIAL_REVIEWED,CORP-08;SCI-23;SCI-24;SCI-25;SCI-26,"Transparent monetary root, but the monetary systems and exact unit names differ by region.",1.17
COG-A1-157,céntrico,ADJ,A1_CORE_NORMATIVE,PCIC_BASE_A1,PEDAGOGICAL_COGNATE_PARTIAL,centric,0.875,HIGH,MEDIUM_PROVISIONAL,EDITORIAL_QUALITATIVE_PROXY_NOT_IPA,PARTIAL,LOW,CONDITIONAL,NO,FIRST_PASS_EDITORIAL_REVIEWED,CORP-08;SCI-23;SCI-24;SCI-25;SCI-26,Similarity is real but sense/register/distribution differs enough to require explicit teaching.,1.17
COG-A1-158,código,NOUN,A1_CORE_NORMATIVE,PCIC_BASE_A1,TRUE_COGNATE,code,0.5,LOW,LOW_PROVISIONAL,EDITORIAL_QUALITATIVE_PROXY_NOT_IPA,FULL,NONE,YES,NO,FIRST_PASS_EDITORIAL_REVIEWED,CORP-08;SCI-23;SCI-24;SCI-25;SCI-26,,1.17
COG-A1-159,cómo,INTERROGATIVE,A1_CORE_NORMATIVE,PCIC_BASE_A1,NO_OBVIOUS_PEDAGOGICAL_COGNATE_FIRST_PASS,,,NOT_ASSESSED,NOT_ASSESSED,EDITORIAL_QUALITATIVE_PROXY_NOT_IPA,NOT_ASSESSED,NONE_IDENTIFIED,NO,NO,FIRST_PASS_EDITORIAL_REVIEWED,CORP-08;SCI-23;SCI-24;SCI-25;SCI-26,No sufficiently transparent English form-meaning bridge identified in the first-pass editorial screen; this is not an etymological claim.,1.17
COG-A1-160,de,PREP,A1_CORE_NORMATIVE,PCIC_BASE_A1,NO_OBVIOUS_PEDAGOGICAL_COGNATE_FIRST_PASS,,,NOT_ASSESSED,NOT_ASSESSED,EDITORIAL_QUALITATIVE_PROXY_NOT_IPA,NOT_ASSESSED,NONE_IDENTIFIED,NO,NO,FIRST_PASS_EDITORIAL_REVIEWED,CORP-08;SCI-23;SCI-24;SCI-25;SCI-26,No sufficiently transparent English form-meaning bridge identified in the first-pass editorial screen; this is not an etymological claim.,1.17
COG-A1-161,dedicarse,VERB,A1_CORE_NORMATIVE,PCIC_BASE_A1,TRUE_COGNATE,dedicate,0.778,HIGH,MEDIUM_PROVISIONAL,EDITORIAL_QUALITATIVE_PROXY_NOT_IPA,FULL,NONE,YES,NO,FIRST_PASS_EDITORIAL_REVIEWED,CORP-08;SCI-23;SCI-24;SCI-25;SCI-26,,1.17
COG-A1-162,del,CONTRACTION,A1_CORE_NORMATIVE,PCIC_BASE_A1,NO_OBVIOUS_PEDAGOGICAL_COGNATE_FIRST_PASS,,,NOT_ASSESSED,NOT_ASSESSED,EDITORIAL_QUALITATIVE_PROXY_NOT_IPA,NOT_ASSESSED,NONE_IDENTIFIED,NO,NO,FIRST_PASS_EDITORIAL_REVIEWED,CORP-08;SCI-23;SCI-24;SCI-25;SCI-26,No sufficiently transparent English form-meaning bridge identified in the first-pass editorial screen; this is not an etymological claim.,1.17
COG-A1-163,delgado,ADJ,A1_CORE_NORMATIVE,PCIC_BASE_A1,NO_OBVIOUS_PEDAGOGICAL_COGNATE_FIRST_PASS,,,NOT_ASSESSED,NOT_ASSESSED,EDITORIAL_QUALITATIVE_PROXY_NOT_IPA,NOT_ASSESSED,NONE_IDENTIFIED,NO,NO,FIRST_PASS_EDITORIAL_REVIEWED,CORP-08;SCI-23;SCI-24;SCI-25;SCI-26,No sufficiently transparent English form-meaning bridge identified in the first-pass editorial screen; this is not an etymological claim.,1.17
COG-A1-164,demasiado,REGIONAL_FORM,A1_REGIONAL_RECEPTIVE,7C_REGIONAL_VARIATION,NO_OBVIOUS_PEDAGOGICAL_COGNATE_FIRST_PASS,,,NOT_ASSESSED,NOT_ASSESSED,EDITORIAL_QUALITATIVE_PROXY_NOT_IPA,NOT_ASSESSED,NONE_IDENTIFIED,NO,NO,FIRST_PASS_EDITORIAL_REVIEWED,CORP-08;SCI-23;SCI-24;SCI-25;SCI-26,No sufficiently transparent English form-meaning bridge identified in the first-pass editorial screen; this is not an etymological claim.,1.17
COG-A1-165,deporte,NOUN,A1_CORE_NORMATIVE,PCIC_BASE_A1,FALSE_FRIEND_OR_DECEPTIVE_OVERLAP,deport,0.857,HIGH,FORM_SIMILARITY_ONLY,EDITORIAL_QUALITATIVE_PROXY_NOT_IPA,DIVERGENT,MEDIUM,NO,NO,FIRST_PASS_EDITORIAL_REVIEWED,CORP-08;SCI-23;SCI-24;SCI-25;SCI-26,Deceptive form overlap with an English item whose everyday meaning does not match the relevant A1 Spanish sense.,1.17
COG-A1-166,desayunar,VERB,A1_CORE_NORMATIVE,PCIC_BASE_A1,NO_OBVIOUS_PEDAGOGICAL_COGNATE_FIRST_PASS,,,NOT_ASSESSED,NOT_ASSESSED,EDITORIAL_QUALITATIVE_PROXY_NOT_IPA,NOT_ASSESSED,NONE_IDENTIFIED,NO,NO,FIRST_PASS_EDITORIAL_REVIEWED,CORP-08;SCI-23;SCI-24;SCI-25;SCI-26,No sufficiently transparent English form-meaning bridge identified in the first-pass editorial screen; this is not an etymological claim.,1.17
COG-A1-167,desayuno,NOUN,A1_CORE_NORMATIVE,PCIC_BASE_A1,NO_OBVIOUS_PEDAGOGICAL_COGNATE_FIRST_PASS,,,NOT_ASSESSED,NOT_ASSESSED,EDITORIAL_QUALITATIVE_PROXY_NOT_IPA,NOT_ASSESSED,NONE_IDENTIFIED,NO,NO,FIRST_PASS_EDITORIAL_REVIEWED,CORP-08;SCI-23;SCI-24;SCI-25;SCI-26,No sufficiently transparent English form-meaning bridge identified in the first-pass editorial screen; this is not an etymological claim.,1.17
COG-A1-168,despacio,ADV_QUANT,A1_CORE_NORMATIVE,PCIC_BASE_A1,NO_OBVIOUS_PEDAGOGICAL_COGNATE_FIRST_PASS,,,NOT_ASSESSED,NOT_ASSESSED,EDITORIAL_QUALITATIVE_PROXY_NOT_IPA,NOT_ASSESSED,NONE_IDENTIFIED,NO,NO,FIRST_PASS_EDITORIAL_REVIEWED,CORP-08;SCI-23;SCI-24;SCI-25;SCI-26,No sufficiently transparent English form-meaning bridge identified in the first-pass editorial screen; this is not an etymological claim.,1.17
COG-A1-169,después,ADV_QUANT,A1_CORE_NORMATIVE,PCIC_BASE_A1,NO_OBVIOUS_PEDAGOGICAL_COGNATE_FIRST_PASS,,,NOT_ASSESSED,NOT_ASSESSED,EDITORIAL_QUALITATIVE_PROXY_NOT_IPA,NOT_ASSESSED,NONE_IDENTIFIED,NO,NO,FIRST_PASS_EDITORIAL_REVIEWED,CORP-08;SCI-23;SCI-24;SCI-25;SCI-26,No sufficiently transparent English form-meaning bridge identified in the first-pass editorial screen; this is not an etymological claim.,1.17
COG-A1-170,diccionario,NOUN,A1_CORE_NORMATIVE,PCIC_BASE_A1,TRUE_COGNATE,dictionary,0.727,MEDIUM,MEDIUM_PROVISIONAL,EDITORIAL_QUALITATIVE_PROXY_NOT_IPA,FULL,NONE,YES,NO,FIRST_PASS_EDITORIAL_REVIEWED,CORP-08;SCI-23;SCI-24;SCI-25;SCI-26,,1.17
COG-A1-171,diente,NOUN,A1_CORE_NORMATIVE,PCIC_BASE_A1,NO_OBVIOUS_PEDAGOGICAL_COGNATE_FIRST_PASS,,,NOT_ASSESSED,NOT_ASSESSED,EDITORIAL_QUALITATIVE_PROXY_NOT_IPA,NOT_ASSESSED,NONE_IDENTIFIED,NO,NO,FIRST_PASS_EDITORIAL_REVIEWED,CORP-08;SCI-23;SCI-24;SCI-25;SCI-26,No sufficiently transparent English form-meaning bridge identified in the first-pass editorial screen; this is not an etymological claim.,1.17
COG-A1-172,difícil,ADJ,A1_CORE_NORMATIVE,PCIC_BASE_A1,PEDAGOGICAL_COGNATE_PARTIAL,difficult,0.667,MEDIUM,LOW_PROVISIONAL,EDITORIAL_QUALITATIVE_PROXY_NOT_IPA,PARTIAL,LOW,YES,NO,FIRST_PASS_EDITORIAL_REVIEWED,CORP-08;SCI-23;SCI-24;SCI-25;SCI-26,"Useful cross-language similarity, but not fully transparent or not identical in everyday distribution.",1.17
COG-A1-173,dinero,NOUN,A1_CORE_NORMATIVE,PCIC_BASE_A1,NO_OBVIOUS_PEDAGOGICAL_COGNATE_FIRST_PASS,,,NOT_ASSESSED,NOT_ASSESSED,EDITORIAL_QUALITATIVE_PROXY_NOT_IPA,NOT_ASSESSED,NONE_IDENTIFIED,NO,NO,FIRST_PASS_EDITORIAL_REVIEWED,CORP-08;SCI-23;SCI-24;SCI-25;SCI-26,No sufficiently transparent English form-meaning bridge identified in the first-pass editorial screen; this is not an etymological claim.,1.17
COG-A1-174,dirección,NOUN,A1_CORE_NORMATIVE,PCIC_BASE_A1,FALSE_FRIEND_OR_DECEPTIVE_OVERLAP,direction,0.889,HIGH,FORM_SIMILARITY_ONLY,EDITORIAL_QUALITATIVE_PROXY_NOT_IPA,DIVERGENT,HIGH,NO,NO,FIRST_PASS_EDITORIAL_REVIEWED,CORP-08;SCI-23;SCI-24;SCI-25;SCI-26,Deceptive form overlap with an English item whose everyday meaning does not match the relevant A1 Spanish sense.,1.17
COG-A1-175,director,NOUN,A1_CORE_NORMATIVE,PCIC_BASE_A1,TRUE_COGNATE,director,1.0,VERY_HIGH,HIGH_PROVISIONAL,EDITORIAL_QUALITATIVE_PROXY_NOT_IPA,FULL,NONE,YES,NO,FIRST_PASS_EDITORIAL_REVIEWED,CORP-08;SCI-23;SCI-24;SCI-25;SCI-26,,1.17
COG-A1-176,discoteca,NOUN,A1_CORE_NORMATIVE,PCIC_BASE_A1,TRUE_COGNATE,discotheque,0.636,MEDIUM,LOW_PROVISIONAL,EDITORIAL_QUALITATIVE_PROXY_NOT_IPA,FULL,NONE,YES,NO,FIRST_PASS_EDITORIAL_REVIEWED,CORP-08;SCI-23;SCI-24;SCI-25;SCI-26,,1.17
COG-A1-177,divorciado,ADJ,A1_CORE_NORMATIVE,PCIC_BASE_A1,TRUE_COGNATE,divorced,0.7,MEDIUM,MEDIUM_PROVISIONAL,EDITORIAL_QUALITATIVE_PROXY_NOT_IPA,FULL,NONE,YES,NO,FIRST_PASS_EDITORIAL_REVIEWED,CORP-08;SCI-23;SCI-24;SCI-25;SCI-26,,1.17
COG-A1-178,doble,ADJ,A1_CORE_NORMATIVE,PCIC_BASE_A1,TRUE_COGNATE,double,0.833,HIGH,MEDIUM_PROVISIONAL,EDITORIAL_QUALITATIVE_PROXY_NOT_IPA,FULL,NONE,YES,NO,FIRST_PASS_EDITORIAL_REVIEWED,CORP-08;SCI-23;SCI-24;SCI-25;SCI-26,,1.17
COG-A1-179,don,TREATMENT,A1_CORE_NORMATIVE,PCIC_BASE_A1,NO_OBVIOUS_PEDAGOGICAL_COGNATE_FIRST_PASS,,,NOT_ASSESSED,NOT_ASSESSED,EDITORIAL_QUALITATIVE_PROXY_NOT_IPA,NOT_ASSESSED,NONE_IDENTIFIED,NO,NO,FIRST_PASS_EDITORIAL_REVIEWED,CORP-08;SCI-23;SCI-24;SCI-25;SCI-26,No sufficiently transparent English form-meaning bridge identified in the first-pass editorial screen; this is not an etymological claim.,1.17
COG-A1-180,dormitorio,NOUN,A1_CORE_NORMATIVE,PCIC_BASE_A1,TRUE_COGNATE,dormitory,0.8,HIGH,MEDIUM_PROVISIONAL,EDITORIAL_QUALITATIVE_PROXY_NOT_IPA,FULL,NONE,YES,NO,FIRST_PASS_EDITORIAL_REVIEWED,CORP-08;SCI-23;SCI-24;SCI-25;SCI-26,,1.17
COG-A1-181,doña,TREATMENT,A1_CORE_NORMATIVE,PCIC_BASE_A1,NO_OBVIOUS_PEDAGOGICAL_COGNATE_FIRST_PASS,,,NOT_ASSESSED,NOT_ASSESSED,EDITORIAL_QUALITATIVE_PROXY_NOT_IPA,NOT_ASSESSED,NONE_IDENTIFIED,NO,NO,FIRST_PASS_EDITORIAL_REVIEWED,CORP-08;SCI-23;SCI-24;SCI-25;SCI-26,No sufficiently transparent English form-meaning bridge identified in the first-pass editorial screen; this is not an etymological claim.,1.17
COG-A1-182,ducha,NOUN,A1_CORE_NORMATIVE,PCIC_BASE_A1,FALSE_FRIEND_OR_DECEPTIVE_OVERLAP,douche,0.667,MEDIUM,FORM_SIMILARITY_ONLY,EDITORIAL_QUALITATIVE_PROXY_NOT_IPA,DIVERGENT,MEDIUM,NO,NO,FIRST_PASS_EDITORIAL_REVIEWED,CORP-08;SCI-23;SCI-24;SCI-25;SCI-26,Deceptive form overlap with an English item whose everyday meaning does not match the relevant A1 Spanish sense.,1.17
COG-A1-183,ducharse,VERB,A1_CORE_NORMATIVE,PCIC_BASE_A1,NO_OBVIOUS_PEDAGOGICAL_COGNATE_FIRST_PASS,,,NOT_ASSESSED,NOT_ASSESSED,EDITORIAL_QUALITATIVE_PROXY_NOT_IPA,NOT_ASSESSED,NONE_IDENTIFIED,NO,NO,FIRST_PASS_EDITORIAL_REVIEWED,CORP-08;SCI-23;SCI-24;SCI-25;SCI-26,No sufficiently transparent English form-meaning bridge identified in the first-pass editorial screen; this is not an etymological claim.,1.17
COG-A1-184,DVD,NOUN,A1_CORE_NORMATIVE,PCIC_BASE_A1,TRUE_COGNATE,DVD,1.0,VERY_HIGH,HIGH_PROVISIONAL,EDITORIAL_QUALITATIVE_PROXY_NOT_IPA,FULL,NONE,YES,NO,FIRST_PASS_EDITORIAL_REVIEWED,CORP-08;SCI-23;SCI-24;SCI-25;SCI-26,,1.17
COG-A1-185,décima,ORDINAL,A1_CORE_NORMATIVE,PCIC_BASE_A1,NO_OBVIOUS_PEDAGOGICAL_COGNATE_FIRST_PASS,,,NOT_ASSESSED,NOT_ASSESSED,EDITORIAL_QUALITATIVE_PROXY_NOT_IPA,NOT_ASSESSED,NONE_IDENTIFIED,NO,NO,FIRST_PASS_EDITORIAL_REVIEWED,CORP-08;SCI-23;SCI-24;SCI-25;SCI-26,No sufficiently transparent English form-meaning bridge identified in the first-pass editorial screen; this is not an etymological claim.,1.17
COG-A1-186,décimo,ORDINAL,A1_CORE_NORMATIVE,PCIC_BASE_A1,NO_OBVIOUS_PEDAGOGICAL_COGNATE_FIRST_PASS,,,NOT_ASSESSED,NOT_ASSESSED,EDITORIAL_QUALITATIVE_PROXY_NOT_IPA,NOT_ASSESSED,NONE_IDENTIFIED,NO,NO,FIRST_PASS_EDITORIAL_REVIEWED,CORP-08;SCI-23;SCI-24;SCI-25;SCI-26,No sufficiently transparent English form-meaning bridge identified in the first-pass editorial screen; this is not an etymological claim.,1.17
COG-A1-187,día,NOUN,A1_CORE_NORMATIVE,PCIC_BASE_A1,NO_OBVIOUS_PEDAGOGICAL_COGNATE_FIRST_PASS,,,NOT_ASSESSED,NOT_ASSESSED,EDITORIAL_QUALITATIVE_PROXY_NOT_IPA,NOT_ASSESSED,NONE_IDENTIFIED,NO,NO,FIRST_PASS_EDITORIAL_REVIEWED,CORP-08;SCI-23;SCI-24;SCI-25;SCI-26,No sufficiently transparent English form-meaning bridge identified in the first-pass editorial screen; this is not an etymological claim.,1.17
COG-A1-188,dónde,INTERROGATIVE,A1_CORE_NORMATIVE,PCIC_BASE_A1,NO_OBVIOUS_PEDAGOGICAL_COGNATE_FIRST_PASS,,,NOT_ASSESSED,NOT_ASSESSED,EDITORIAL_QUALITATIVE_PROXY_NOT_IPA,NOT_ASSESSED,NONE_IDENTIFIED,NO,NO,FIRST_PASS_EDITORIAL_REVIEWED,CORP-08;SCI-23;SCI-24;SCI-25;SCI-26,No sufficiently transparent English form-meaning bridge identified in the first-pass editorial screen; this is not an etymological claim.,1.17
COG-A1-189,edad,NOUN,A1_CORE_NORMATIVE,PCIC_BASE_A1,NO_OBVIOUS_PEDAGOGICAL_COGNATE_FIRST_PASS,,,NOT_ASSESSED,NOT_ASSESSED,EDITORIAL_QUALITATIVE_PROXY_NOT_IPA,NOT_ASSESSED,NONE_IDENTIFIED,NO,NO,FIRST_PASS_EDITORIAL_REVIEWED,CORP-08;SCI-23;SCI-24;SCI-25;SCI-26,No sufficiently transparent English form-meaning bridge identified in the first-pass editorial screen; this is not an etymological claim.,1.17
COG-A1-190,edificio,NOUN,A1_CORE_NORMATIVE,PCIC_BASE_A1,TRUE_COGNATE,edifice,0.75,HIGH,MEDIUM_PROVISIONAL,EDITORIAL_QUALITATIVE_PROXY_NOT_IPA,FULL,NONE,YES,NO,FIRST_PASS_EDITORIAL_REVIEWED,CORP-08;SCI-23;SCI-24;SCI-25;SCI-26,,1.17
COG-A1-191,eh,FORMULA,A1_CORE_NORMATIVE,PCIC_BASE_A1,NO_OBVIOUS_PEDAGOGICAL_COGNATE_FIRST_PASS,,,NOT_ASSESSED,NOT_ASSESSED,EDITORIAL_QUALITATIVE_PROXY_NOT_IPA,NOT_ASSESSED,NONE_IDENTIFIED,NO,NO,FIRST_PASS_EDITORIAL_REVIEWED,CORP-08;SCI-23;SCI-24;SCI-25;SCI-26,No sufficiently transparent English form-meaning bridge identified in the first-pass editorial screen; this is not an etymological claim.,1.17
COG-A1-192,ejercicio,NOUN,A1_CORE_NORMATIVE,PCIC_BASE_A1,TRUE_COGNATE,exercise,0.556,LOW,LOW_PROVISIONAL,EDITORIAL_QUALITATIVE_PROXY_NOT_IPA,FULL,NONE,YES,NO,FIRST_PASS_EDITORIAL_REVIEWED,CORP-08;SCI-23;SCI-24;SCI-25;SCI-26,,1.17
COG-A1-193,el,ARTICLE,A1_CORE_NORMATIVE,PCIC_BASE_A1,NO_OBVIOUS_PEDAGOGICAL_COGNATE_FIRST_PASS,,,NOT_ASSESSED,NOT_ASSESSED,EDITORIAL_QUALITATIVE_PROXY_NOT_IPA,NOT_ASSESSED,NONE_IDENTIFIED,NO,NO,FIRST_PASS_EDITORIAL_REVIEWED,CORP-08;SCI-23;SCI-24;SCI-25;SCI-26,No sufficiently transparent English form-meaning bridge identified in the first-pass editorial screen; this is not an etymological claim.,1.17
COG-A1-194,electrónico,ADJ,A1_CORE_NORMATIVE,PCIC_BASE_A1,TRUE_COGNATE,electronic,0.909,VERY_HIGH,HIGH_PROVISIONAL,EDITORIAL_QUALITATIVE_PROXY_NOT_IPA,FULL,NONE,YES,NO,FIRST_PASS_EDITORIAL_REVIEWED,CORP-08;SCI-23;SCI-24;SCI-25;SCI-26,,1.17
COG-A1-195,ella,PRONOUN,A1_CORE_NORMATIVE,PCIC_BASE_A1,NO_OBVIOUS_PEDAGOGICAL_COGNATE_FIRST_PASS,,,NOT_ASSESSED,NOT_ASSESSED,EDITORIAL_QUALITATIVE_PROXY_NOT_IPA,NOT_ASSESSED,NONE_IDENTIFIED,NO,NO,FIRST_PASS_EDITORIAL_REVIEWED,CORP-08;SCI-23;SCI-24;SCI-25;SCI-26,No sufficiently transparent English form-meaning bridge identified in the first-pass editorial screen; this is not an etymological claim.,1.17
COG-A1-196,ellas,PRONOUN,A1_CORE_NORMATIVE,PCIC_BASE_A1,NO_OBVIOUS_PEDAGOGICAL_COGNATE_FIRST_PASS,,,NOT_ASSESSED,NOT_ASSESSED,EDITORIAL_QUALITATIVE_PROXY_NOT_IPA,NOT_ASSESSED,NONE_IDENTIFIED,NO,NO,FIRST_PASS_EDITORIAL_REVIEWED,CORP-08;SCI-23;SCI-24;SCI-25;SCI-26,No sufficiently transparent English form-meaning bridge identified in the first-pass editorial screen; this is not an etymological claim.,1.17
COG-A1-197,ellos,PRONOUN,A1_CORE_NORMATIVE,PCIC_BASE_A1,NO_OBVIOUS_PEDAGOGICAL_COGNATE_FIRST_PASS,,,NOT_ASSESSED,NOT_ASSESSED,EDITORIAL_QUALITATIVE_PROXY_NOT_IPA,NOT_ASSESSED,NONE_IDENTIFIED,NO,NO,FIRST_PASS_EDITORIAL_REVIEWED,CORP-08;SCI-23;SCI-24;SCI-25;SCI-26,No sufficiently transparent English form-meaning bridge identified in the first-pass editorial screen; this is not an etymological claim.,1.17
COG-A1-198,empezar,VERB,A1_CORE_NORMATIVE,PCIC_BASE_A1,NO_OBVIOUS_PEDAGOGICAL_COGNATE_FIRST_PASS,,,NOT_ASSESSED,NOT_ASSESSED,EDITORIAL_QUALITATIVE_PROXY_NOT_IPA,NOT_ASSESSED,NONE_IDENTIFIED,NO,NO,FIRST_PASS_EDITORIAL_REVIEWED,CORP-08;SCI-23;SCI-24;SCI-25;SCI-26,No sufficiently transparent English form-meaning bridge identified in the first-pass editorial screen; this is not an etymological claim.,1.17
COG-A1-199,empresa,NOUN,A1_CORE_NORMATIVE,PCIC_BASE_A1,PEDAGOGICAL_COGNATE_PARTIAL,enterprise,0.4,LOW,LOW_PROVISIONAL,EDITORIAL_QUALITATIVE_PROXY_NOT_IPA,PARTIAL,LOW,CONDITIONAL,NO,FIRST_PASS_EDITORIAL_REVIEWED,CORP-08;SCI-23;SCI-24;SCI-25;SCI-26,Similarity is real but sense/register/distribution differs enough to require explicit teaching.,1.17
COG-A1-200,en,PREP,A1_CORE_NORMATIVE,PCIC_BASE_A1,NO_OBVIOUS_PEDAGOGICAL_COGNATE_FIRST_PASS,,,NOT_ASSESSED,NOT_ASSESSED,EDITORIAL_QUALITATIVE_PROXY_NOT_IPA,NOT_ASSESSED,NONE_IDENTIFIED,NO,NO,FIRST_PASS_EDITORIAL_REVIEWED,CORP-08;SCI-23;SCI-24;SCI-25;SCI-26,No sufficiently transparent English form-meaning bridge identified in the first-pass editorial screen; this is not an etymological claim.,1.17
COG-A1-201,encantado,FORMULA,A1_CORE_NORMATIVE,PCIC_BASE_A1,FALSE_FRIEND_OR_DECEPTIVE_OVERLAP,enchanted,0.667,MEDIUM,FORM_SIMILARITY_ONLY,EDITORIAL_QUALITATIVE_PROXY_NOT_IPA,DIVERGENT,HIGH,NO,NO,FIRST_PASS_EDITORIAL_REVIEWED,CORP-08;SCI-23;SCI-24;SCI-25;SCI-26,Deceptive form overlap with an English item whose everyday meaning does not match the relevant A1 Spanish sense.,1.17
COG-A1-202,enfermera,NOUN,A1_CORE_NORMATIVE,7B_SURFACE_CORRECTION,NO_OBVIOUS_PEDAGOGICAL_COGNATE_FIRST_PASS,,,NOT_ASSESSED,NOT_ASSESSED,EDITORIAL_QUALITATIVE_PROXY_NOT_IPA,NOT_ASSESSED,NONE_IDENTIFIED,NO,NO,FIRST_PASS_EDITORIAL_REVIEWED,CORP-08;SCI-23;SCI-24;SCI-25;SCI-26,No sufficiently transparent English form-meaning bridge identified in the first-pass editorial screen; this is not an etymological claim.,1.17
COG-A1-203,enfermero,NOUN,A1_CORE_NORMATIVE,PCIC_BASE_A1,NO_OBVIOUS_PEDAGOGICAL_COGNATE_FIRST_PASS,,,NOT_ASSESSED,NOT_ASSESSED,EDITORIAL_QUALITATIVE_PROXY_NOT_IPA,NOT_ASSESSED,NONE_IDENTIFIED,NO,NO,FIRST_PASS_EDITORIAL_REVIEWED,CORP-08;SCI-23;SCI-24;SCI-25;SCI-26,No sufficiently transparent English form-meaning bridge identified in the first-pass editorial screen; this is not an etymological claim.,1.17
COG-A1-204,enfermo,ADJ,A1_CORE_NORMATIVE,PCIC_BASE_A1,PEDAGOGICAL_COGNATE_PARTIAL,infirm,0.571,LOW,LOW_PROVISIONAL,EDITORIAL_QUALITATIVE_PROXY_NOT_IPA,PARTIAL,LOW,CONDITIONAL,NO,FIRST_PASS_EDITORIAL_REVIEWED,CORP-08;SCI-23;SCI-24;SCI-25;SCI-26,"Cross-language similarity may be usable, but pedagogical value depends on English familiarity and the relevant sense.",1.17
COG-A1-205,ensalada,NOUN,A1_CORE_NORMATIVE,PCIC_BASE_A1,TRUE_COGNATE,salad,0.625,MEDIUM,LOW_PROVISIONAL,EDITORIAL_QUALITATIVE_PROXY_NOT_IPA,FULL,NONE,YES,NO,FIRST_PASS_EDITORIAL_REVIEWED,CORP-08;SCI-23;SCI-24;SCI-25;SCI-26,,1.17
COG-A1-206,entender,VERB,A1_CORE_NORMATIVE,PCIC_BASE_A1,NO_OBVIOUS_PEDAGOGICAL_COGNATE_FIRST_PASS,,,NOT_ASSESSED,NOT_ASSESSED,EDITORIAL_QUALITATIVE_PROXY_NOT_IPA,NOT_ASSESSED,NONE_IDENTIFIED,NO,NO,FIRST_PASS_EDITORIAL_REVIEWED,CORP-08;SCI-23;SCI-24;SCI-25;SCI-26,No sufficiently transparent English form-meaning bridge identified in the first-pass editorial screen; this is not an etymological claim.,1.17
COG-A1-207,entonces,ADV_QUANT,A1_CORE_NORMATIVE,PCIC_BASE_A1,NO_OBVIOUS_PEDAGOGICAL_COGNATE_FIRST_PASS,,,NOT_ASSESSED,NOT_ASSESSED,EDITORIAL_QUALITATIVE_PROXY_NOT_IPA,NOT_ASSESSED,NONE_IDENTIFIED,NO,NO,FIRST_PASS_EDITORIAL_REVIEWED,CORP-08;SCI-23;SCI-24;SCI-25;SCI-26,No sufficiently transparent English form-meaning bridge identified in the first-pass editorial screen; this is not an etymological claim.,1.17
COG-A1-208,entrada,NOUN,A1_CORE_NORMATIVE,PCIC_BASE_A1,PEDAGOGICAL_COGNATE_PARTIAL,entrance,0.625,MEDIUM,LOW_PROVISIONAL,EDITORIAL_QUALITATIVE_PROXY_NOT_IPA,PARTIAL,MEDIUM,CONDITIONAL,NO,FIRST_PASS_EDITORIAL_REVIEWED,CORP-08;SCI-23;SCI-24;SCI-25;SCI-26,Similarity is real but sense/register/distribution differs enough to require explicit teaching.,1.17
COG-A1-209,entrar,VERB,A1_CORE_NORMATIVE,PCIC_BASE_A1,TRUE_COGNATE,enter,0.667,MEDIUM,LOW_PROVISIONAL,EDITORIAL_QUALITATIVE_PROXY_NOT_IPA,FULL,NONE,YES,NO,FIRST_PASS_EDITORIAL_REVIEWED,CORP-08;SCI-23;SCI-24;SCI-25;SCI-26,,1.17
COG-A1-210,entre,PREP,A1_CORE_NORMATIVE,PCIC_BASE_A1,NO_OBVIOUS_PEDAGOGICAL_COGNATE_FIRST_PASS,,,NOT_ASSESSED,NOT_ASSESSED,EDITORIAL_QUALITATIVE_PROXY_NOT_IPA,NOT_ASSESSED,NONE_IDENTIFIED,NO,NO,FIRST_PASS_EDITORIAL_REVIEWED,CORP-08;SCI-23;SCI-24;SCI-25;SCI-26,No sufficiently transparent English form-meaning bridge identified in the first-pass editorial screen; this is not an etymological claim.,1.17
COG-A1-211,esa,DEMONSTRATIVE,A1_CORE_NORMATIVE,PCIC_BASE_A1,NO_OBVIOUS_PEDAGOGICAL_COGNATE_FIRST_PASS,,,NOT_ASSESSED,NOT_ASSESSED,EDITORIAL_QUALITATIVE_PROXY_NOT_IPA,NOT_ASSESSED,NONE_IDENTIFIED,NO,NO,FIRST_PASS_EDITORIAL_REVIEWED,CORP-08;SCI-23;SCI-24;SCI-25;SCI-26,No sufficiently transparent English form-meaning bridge identified in the first-pass editorial screen; this is not an etymological claim.,1.17
COG-A1-212,esas,DEMONSTRATIVE,A1_CORE_NORMATIVE,PCIC_BASE_A1,NO_OBVIOUS_PEDAGOGICAL_COGNATE_FIRST_PASS,,,NOT_ASSESSED,NOT_ASSESSED,EDITORIAL_QUALITATIVE_PROXY_NOT_IPA,NOT_ASSESSED,NONE_IDENTIFIED,NO,NO,FIRST_PASS_EDITORIAL_REVIEWED,CORP-08;SCI-23;SCI-24;SCI-25;SCI-26,No sufficiently transparent English form-meaning bridge identified in the first-pass editorial screen; this is not an etymological claim.,1.17
COG-A1-213,escalera,NOUN,A1_CORE_NORMATIVE,PCIC_BASE_A1,FALSE_FRIEND_OR_DECEPTIVE_OVERLAP,escalator,0.556,LOW,FORM_SIMILARITY_ONLY,EDITORIAL_QUALITATIVE_PROXY_NOT_IPA,DIVERGENT,MEDIUM,NO,NO,FIRST_PASS_EDITORIAL_REVIEWED,CORP-08;SCI-23;SCI-24;SCI-25;SCI-26,Deceptive form overlap with an English item whose everyday meaning does not match the relevant A1 Spanish sense.,1.17
COG-A1-214,escribir,VERB,A1_CORE_NORMATIVE,PCIC_BASE_A1,NO_OBVIOUS_PEDAGOGICAL_COGNATE_FIRST_PASS,,,NOT_ASSESSED,NOT_ASSESSED,EDITORIAL_QUALITATIVE_PROXY_NOT_IPA,NOT_ASSESSED,NONE_IDENTIFIED,NO,NO,FIRST_PASS_EDITORIAL_REVIEWED,CORP-08;SCI-23;SCI-24;SCI-25;SCI-26,No sufficiently transparent English form-meaning bridge identified in the first-pass editorial screen; this is not an etymological claim.,1.17
COG-A1-215,escuchar,VERB,A1_CORE_NORMATIVE,PCIC_BASE_A1,NO_OBVIOUS_PEDAGOGICAL_COGNATE_FIRST_PASS,,,NOT_ASSESSED,NOT_ASSESSED,EDITORIAL_QUALITATIVE_PROXY_NOT_IPA,NOT_ASSESSED,NONE_IDENTIFIED,NO,NO,FIRST_PASS_EDITORIAL_REVIEWED,CORP-08;SCI-23;SCI-24;SCI-25;SCI-26,No sufficiently transparent English form-meaning bridge identified in the first-pass editorial screen; this is not an etymological claim.,1.17
COG-A1-216,escuela,NOUN,A1_CORE_NORMATIVE,PCIC_BASE_A1,NO_OBVIOUS_PEDAGOGICAL_COGNATE_FIRST_PASS,,,NOT_ASSESSED,NOT_ASSESSED,EDITORIAL_QUALITATIVE_PROXY_NOT_IPA,NOT_ASSESSED,NONE_IDENTIFIED,NO,NO,FIRST_PASS_EDITORIAL_REVIEWED,CORP-08;SCI-23;SCI-24;SCI-25;SCI-26,No sufficiently transparent English form-meaning bridge identified in the first-pass editorial screen; this is not an etymological claim.,1.17
COG-A1-217,ese,FUNCTION_WORD,A1_CORE_NORMATIVE,PCIC_BASE_A1,NO_OBVIOUS_PEDAGOGICAL_COGNATE_FIRST_PASS,,,NOT_ASSESSED,NOT_ASSESSED,EDITORIAL_QUALITATIVE_PROXY_NOT_IPA,NOT_ASSESSED,NONE_IDENTIFIED,NO,NO,FIRST_PASS_EDITORIAL_REVIEWED,CORP-08;SCI-23;SCI-24;SCI-25;SCI-26,No sufficiently transparent English form-meaning bridge identified in the first-pass editorial screen; this is not an etymological claim.,1.17
COG-A1-218,eso,DEMONSTRATIVE,A1_CORE_NORMATIVE,PCIC_BASE_A1,NO_OBVIOUS_PEDAGOGICAL_COGNATE_FIRST_PASS,,,NOT_ASSESSED,NOT_ASSESSED,EDITORIAL_QUALITATIVE_PROXY_NOT_IPA,NOT_ASSESSED,NONE_IDENTIFIED,NO,NO,FIRST_PASS_EDITORIAL_REVIEWED,CORP-08;SCI-23;SCI-24;SCI-25;SCI-26,No sufficiently transparent English form-meaning bridge identified in the first-pass editorial screen; this is not an etymological claim.,1.17
COG-A1-219,esos,DEMONSTRATIVE,A1_CORE_NORMATIVE,PCIC_BASE_A1,NO_OBVIOUS_PEDAGOGICAL_COGNATE_FIRST_PASS,,,NOT_ASSESSED,NOT_ASSESSED,EDITORIAL_QUALITATIVE_PROXY_NOT_IPA,NOT_ASSESSED,NONE_IDENTIFIED,NO,NO,FIRST_PASS_EDITORIAL_REVIEWED,CORP-08;SCI-23;SCI-24;SCI-25;SCI-26,No sufficiently transparent English form-meaning bridge identified in the first-pass editorial screen; this is not an etymological claim.,1.17
COG-A1-220,español,ADJ_NOUN,A1_CORE_NORMATIVE,PCIC_BASE_A1,NO_OBVIOUS_PEDAGOGICAL_COGNATE_FIRST_PASS,,,NOT_ASSESSED,NOT_ASSESSED,EDITORIAL_QUALITATIVE_PROXY_NOT_IPA,NOT_ASSESSED,NONE_IDENTIFIED,NO,NO,FIRST_PASS_EDITORIAL_REVIEWED,CORP-08;SCI-23;SCI-24;SCI-25;SCI-26,No sufficiently transparent English form-meaning bridge identified in the first-pass editorial screen; this is not an etymological claim.,1.17
COG-A1-221,esquiar,VERB,A1_CORE_NORMATIVE,PCIC_BASE_A1,PEDAGOGICAL_COGNATE_PARTIAL,ski,0.286,LOW,LOW_PROVISIONAL,EDITORIAL_QUALITATIVE_PROXY_NOT_IPA,FULL,LOW,CONDITIONAL,NO,FIRST_PASS_EDITORIAL_REVIEWED,CORP-08;SCI-23;SCI-24;SCI-25;SCI-26,Shared international/loan base; Spanish verbal morphology reduces surface similarity.,1.17
COG-A1-222,esta,DEMONSTRATIVE,A1_CORE_NORMATIVE,PCIC_BASE_A1,NO_OBVIOUS_PEDAGOGICAL_COGNATE_FIRST_PASS,,,NOT_ASSESSED,NOT_ASSESSED,EDITORIAL_QUALITATIVE_PROXY_NOT_IPA,NOT_ASSESSED,NONE_IDENTIFIED,NO,NO,FIRST_PASS_EDITORIAL_REVIEWED,CORP-08;SCI-23;SCI-24;SCI-25;SCI-26,No sufficiently transparent English form-meaning bridge identified in the first-pass editorial screen; this is not an etymological claim.,1.17
COG-A1-223,estación,NOUN,A1_CORE_NORMATIVE,PCIC_BASE_A1,TRUE_COGNATE,station,0.75,HIGH,MEDIUM_PROVISIONAL,EDITORIAL_QUALITATIVE_PROXY_NOT_IPA,FULL,NONE,YES,NO,FIRST_PASS_EDITORIAL_REVIEWED,CORP-08;SCI-23;SCI-24;SCI-25;SCI-26,,1.17
COG-A1-224,estampilla,NOUN,A1_REGIONAL_RECEPTIVE,7C_REGIONAL_VARIATION,NO_OBVIOUS_PEDAGOGICAL_COGNATE_FIRST_PASS,,,NOT_ASSESSED,NOT_ASSESSED,EDITORIAL_QUALITATIVE_PROXY_NOT_IPA,NOT_ASSESSED,NONE_IDENTIFIED,NO,NO,FIRST_PASS_EDITORIAL_REVIEWED,CORP-08;SCI-23;SCI-24;SCI-25;SCI-26,No sufficiently transparent English form-meaning bridge identified in the first-pass editorial screen; this is not an etymological claim.,1.17
COG-A1-225,estantería,NOUN,A1_CORE_NORMATIVE,PCIC_BASE_A1,FALSE_FRIEND_OR_DECEPTIVE_OVERLAP,stationery,0.3,LOW,FORM_SIMILARITY_ONLY,EDITORIAL_QUALITATIVE_PROXY_NOT_IPA,DIVERGENT,MEDIUM,NO,NO,FIRST_PASS_EDITORIAL_REVIEWED,CORP-08;SCI-23;SCI-24;SCI-25;SCI-26,Deceptive form overlap with an English item whose everyday meaning does not match the relevant A1 Spanish sense.,1.17
COG-A1-226,estar,VERB,A1_CORE_NORMATIVE,PCIC_BASE_A1,NO_OBVIOUS_PEDAGOGICAL_COGNATE_FIRST_PASS,,,NOT_ASSESSED,NOT_ASSESSED,EDITORIAL_QUALITATIVE_PROXY_NOT_IPA,NOT_ASSESSED,NONE_IDENTIFIED,NO,NO,FIRST_PASS_EDITORIAL_REVIEWED,CORP-08;SCI-23;SCI-24;SCI-25;SCI-26,No sufficiently transparent English form-meaning bridge identified in the first-pass editorial screen; this is not an etymological claim.,1.17
COG-A1-227,estas,DEMONSTRATIVE,A1_CORE_NORMATIVE,PCIC_BASE_A1,NO_OBVIOUS_PEDAGOGICAL_COGNATE_FIRST_PASS,,,NOT_ASSESSED,NOT_ASSESSED,EDITORIAL_QUALITATIVE_PROXY_NOT_IPA,NOT_ASSESSED,NONE_IDENTIFIED,NO,NO,FIRST_PASS_EDITORIAL_REVIEWED,CORP-08;SCI-23;SCI-24;SCI-25;SCI-26,No sufficiently transparent English form-meaning bridge identified in the first-pass editorial screen; this is not an etymological claim.,1.17
COG-A1-228,este,NOUN,A1_CORE_NORMATIVE,PCIC_BASE_A1,NO_OBVIOUS_PEDAGOGICAL_COGNATE_FIRST_PASS,,,NOT_ASSESSED,NOT_ASSESSED,EDITORIAL_QUALITATIVE_PROXY_NOT_IPA,NOT_ASSESSED,NONE_IDENTIFIED,NO,NO,FIRST_PASS_EDITORIAL_REVIEWED,CORP-08;SCI-23;SCI-24;SCI-25;SCI-26,No sufficiently transparent English form-meaning bridge identified in the first-pass editorial screen; this is not an etymological claim.,1.17
COG-A1-229,esto,FUNCTION_WORD,A1_CORE_NORMATIVE,PCIC_BASE_A1,NO_OBVIOUS_PEDAGOGICAL_COGNATE_FIRST_PASS,,,NOT_ASSESSED,NOT_ASSESSED,EDITORIAL_QUALITATIVE_PROXY_NOT_IPA,NOT_ASSESSED,NONE_IDENTIFIED,NO,NO,FIRST_PASS_EDITORIAL_REVIEWED,CORP-08;SCI-23;SCI-24;SCI-25;SCI-26,No sufficiently transparent English form-meaning bridge identified in the first-pass editorial screen; this is not an etymological claim.,1.17
COG-A1-230,estos,DEMONSTRATIVE,A1_CORE_NORMATIVE,PCIC_BASE_A1,NO_OBVIOUS_PEDAGOGICAL_COGNATE_FIRST_PASS,,,NOT_ASSESSED,NOT_ASSESSED,EDITORIAL_QUALITATIVE_PROXY_NOT_IPA,NOT_ASSESSED,NONE_IDENTIFIED,NO,NO,FIRST_PASS_EDITORIAL_REVIEWED,CORP-08;SCI-23;SCI-24;SCI-25;SCI-26,No sufficiently transparent English form-meaning bridge identified in the first-pass editorial screen; this is not an etymological claim.,1.17
COG-A1-231,estudiante,NOUN,A1_CORE_NORMATIVE,PCIC_BASE_A1,TRUE_COGNATE,student,0.6,MEDIUM,LOW_PROVISIONAL,EDITORIAL_QUALITATIVE_PROXY_NOT_IPA,FULL,NONE,YES,NO,FIRST_PASS_EDITORIAL_REVIEWED,CORP-08;SCI-23;SCI-24;SCI-25;SCI-26,,1.17
COG-A1-232,estudiar,VERB,A1_CORE_NORMATIVE,PCIC_BASE_A1,TRUE_COGNATE,study,0.5,LOW,LOW_PROVISIONAL,EDITORIAL_QUALITATIVE_PROXY_NOT_IPA,FULL,NONE,YES,NO,FIRST_PASS_EDITORIAL_REVIEWED,CORP-08;SCI-23;SCI-24;SCI-25;SCI-26,,1.17
COG-A1-233,estudio,NOUN,A1_CORE_NORMATIVE,PCIC_BASE_A1,SENSE_DEPENDENT_COGNATE,studio,0.857,HIGH,MEDIUM_PROVISIONAL,EDITORIAL_QUALITATIVE_PROXY_NOT_IPA,PARTIAL,MEDIUM,CONDITIONAL,NO,FIRST_PASS_EDITORIAL_REVIEWED,CORP-08;SCI-23;SCI-24;SCI-25;SCI-26,Cross-language similarity is useful only for a restricted sense/register; do not generalize to the whole lexeme.,1.17
COG-A1-234,euro,NOUN,A1_CORE_NORMATIVE,PCIC_BASE_A1,TRUE_COGNATE,euro,1.0,VERY_HIGH,HIGH_PROVISIONAL,EDITORIAL_QUALITATIVE_PROXY_NOT_IPA,FULL,NONE,YES,NO,FIRST_PASS_EDITORIAL_REVIEWED,CORP-08;SCI-23;SCI-24;SCI-25;SCI-26,,1.17
COG-A1-235,examen,NOUN,A1_CORE_NORMATIVE,PCIC_BASE_A1,TRUE_COGNATE,exam,0.667,MEDIUM,LOW_PROVISIONAL,EDITORIAL_QUALITATIVE_PROXY_NOT_IPA,FULL,NONE,YES,NO,FIRST_PASS_EDITORIAL_REVIEWED,CORP-08;SCI-23;SCI-24;SCI-25;SCI-26,,1.17
COG-A1-236,exposición,NOUN,A1_CORE_NORMATIVE,PCIC_BASE_A1,SENSE_DEPENDENT_COGNATE,exposition,0.9,VERY_HIGH,HIGH_PROVISIONAL,EDITORIAL_QUALITATIVE_PROXY_NOT_IPA,PARTIAL,MEDIUM,CONDITIONAL,NO,FIRST_PASS_EDITORIAL_REVIEWED,CORP-08;SCI-23;SCI-24;SCI-25;SCI-26,Cross-language similarity is useful only for a restricted sense/register; do not generalize to the whole lexeme.,1.17
COG-A1-237,exterior,ADJ,A1_CORE_NORMATIVE,PCIC_BASE_A1,TRUE_COGNATE,exterior,1.0,VERY_HIGH,HIGH_PROVISIONAL,EDITORIAL_QUALITATIVE_PROXY_NOT_IPA,FULL,NONE,YES,NO,FIRST_PASS_EDITORIAL_REVIEWED,CORP-08;SCI-23;SCI-24;SCI-25;SCI-26,,1.17
COG-A1-238,extranjero,ADJ_NOUN,A1_CORE_NORMATIVE,PCIC_BASE_A1,NO_OBVIOUS_PEDAGOGICAL_COGNATE_FIRST_PASS,,,NOT_ASSESSED,NOT_ASSESSED,EDITORIAL_QUALITATIVE_PROXY_NOT_IPA,NOT_ASSESSED,NONE_IDENTIFIED,NO,NO,FIRST_PASS_EDITORIAL_REVIEWED,CORP-08;SCI-23;SCI-24;SCI-25;SCI-26,No sufficiently transparent English form-meaning bridge identified in the first-pass editorial screen; this is not an etymological claim.,1.17
COG-A1-239,falda,NOUN,A1_CORE_NORMATIVE,PCIC_BASE_A1,NO_OBVIOUS_PEDAGOGICAL_COGNATE_FIRST_PASS,,,NOT_ASSESSED,NOT_ASSESSED,EDITORIAL_QUALITATIVE_PROXY_NOT_IPA,NOT_ASSESSED,NONE_IDENTIFIED,NO,NO,FIRST_PASS_EDITORIAL_REVIEWED,CORP-08;SCI-23;SCI-24;SCI-25;SCI-26,No sufficiently transparent English form-meaning bridge identified in the first-pass editorial screen; this is not an etymological claim.,1.17
COG-A1-240,familia,NOUN,A1_CORE_NORMATIVE,PCIC_BASE_A1,TRUE_COGNATE,family,0.714,MEDIUM,MEDIUM_PROVISIONAL,EDITORIAL_QUALITATIVE_PROXY_NOT_IPA,FULL,NONE,YES,NO,FIRST_PASS_EDITORIAL_REVIEWED,CORP-08;SCI-23;SCI-24;SCI-25;SCI-26,,1.17
COG-A1-241,farmacia,NOUN,A1_CORE_NORMATIVE,PCIC_BASE_A1,TRUE_COGNATE,pharmacy,0.5,LOW,LOW_PROVISIONAL,EDITORIAL_QUALITATIVE_PROXY_NOT_IPA,FULL,NONE,YES,NO,FIRST_PASS_EDITORIAL_REVIEWED,CORP-08;SCI-23;SCI-24;SCI-25;SCI-26,,1.17
COG-A1-242,fax,NOUN,A1_CORE_NORMATIVE,PCIC_BASE_A1,TRUE_COGNATE,fax,1.0,VERY_HIGH,HIGH_PROVISIONAL,EDITORIAL_QUALITATIVE_PROXY_NOT_IPA,FULL,NONE,YES,NO,FIRST_PASS_EDITORIAL_REVIEWED,CORP-08;SCI-23;SCI-24;SCI-25;SCI-26,,1.17
COG-A1-243,felicidades,FORMULA,A1_CORE_NORMATIVE,PCIC_BASE_A1,NO_OBVIOUS_PEDAGOGICAL_COGNATE_FIRST_PASS,,,NOT_ASSESSED,NOT_ASSESSED,EDITORIAL_QUALITATIVE_PROXY_NOT_IPA,NOT_ASSESSED,NONE_IDENTIFIED,NO,NO,FIRST_PASS_EDITORIAL_REVIEWED,CORP-08;SCI-23;SCI-24;SCI-25;SCI-26,No sufficiently transparent English form-meaning bridge identified in the first-pass editorial screen; this is not an etymological claim.,1.17
COG-A1-244,feo,ADJ,A1_CORE_NORMATIVE,PCIC_BASE_A1,NO_OBVIOUS_PEDAGOGICAL_COGNATE_FIRST_PASS,,,NOT_ASSESSED,NOT_ASSESSED,EDITORIAL_QUALITATIVE_PROXY_NOT_IPA,NOT_ASSESSED,NONE_IDENTIFIED,NO,NO,FIRST_PASS_EDITORIAL_REVIEWED,CORP-08;SCI-23;SCI-24;SCI-25;SCI-26,No sufficiently transparent English form-meaning bridge identified in the first-pass editorial screen; this is not an etymological claim.,1.17
COG-A1-245,fiesta,NOUN,A1_CORE_NORMATIVE,PCIC_BASE_A1,PEDAGOGICAL_COGNATE_PARTIAL,feast,0.5,LOW,LOW_PROVISIONAL,EDITORIAL_QUALITATIVE_PROXY_NOT_IPA,PARTIAL,MEDIUM,CONDITIONAL,NO,FIRST_PASS_EDITORIAL_REVIEWED,CORP-08;SCI-23;SCI-24;SCI-25;SCI-26,Similarity is real but sense/register/distribution differs enough to require explicit teaching.,1.17
COG-A1-246,fijo,ADJ,A1_CORE_NORMATIVE,PCIC_BASE_A1,TRUE_COGNATE,fixed,0.4,LOW,LOW_PROVISIONAL,EDITORIAL_QUALITATIVE_PROXY_NOT_IPA,FULL,NONE,YES,NO,FIRST_PASS_EDITORIAL_REVIEWED,CORP-08;SCI-23;SCI-24;SCI-25;SCI-26,,1.17
COG-A1-247,firmar,VERB,A1_CORE_NORMATIVE,PCIC_BASE_A1,FALSE_FRIEND_OR_DECEPTIVE_OVERLAP,firm,0.667,MEDIUM,FORM_SIMILARITY_ONLY,EDITORIAL_QUALITATIVE_PROXY_NOT_IPA,DIVERGENT,HIGH,NO,NO,FIRST_PASS_EDITORIAL_REVIEWED,CORP-08;SCI-23;SCI-24;SCI-25;SCI-26,Deceptive form overlap with an English item whose everyday meaning does not match the relevant A1 Spanish sense.,1.17
COG-A1-248,flor,NOUN,A1_CORE_NORMATIVE,PCIC_BASE_A1,TRUE_COGNATE,flower,0.667,MEDIUM,LOW_PROVISIONAL,EDITORIAL_QUALITATIVE_PROXY_NOT_IPA,FULL,NONE,YES,NO,FIRST_PASS_EDITORIAL_REVIEWED,CORP-08;SCI-23;SCI-24;SCI-25;SCI-26,,1.17
COG-A1-249,foto,NOUN,A1_CORE_NORMATIVE,PCIC_BASE_A1,TRUE_COGNATE,photo,0.6,MEDIUM,LOW_PROVISIONAL,EDITORIAL_QUALITATIVE_PROXY_NOT_IPA,FULL,NONE,YES,NO,FIRST_PASS_EDITORIAL_REVIEWED,CORP-08;SCI-23;SCI-24;SCI-25;SCI-26,,1.17
COG-A1-250,fotocopia,NOUN,A1_CORE_NORMATIVE,PCIC_BASE_A1,TRUE_COGNATE,photocopy,0.556,LOW,LOW_PROVISIONAL,EDITORIAL_QUALITATIVE_PROXY_NOT_IPA,FULL,NONE,YES,NO,FIRST_PASS_EDITORIAL_REVIEWED,CORP-08;SCI-23;SCI-24;SCI-25;SCI-26,,1.17
COG-A1-251,fruta,NOUN,A1_CORE_NORMATIVE,PCIC_BASE_A1,TRUE_COGNATE,fruit,0.6,MEDIUM,LOW_PROVISIONAL,EDITORIAL_QUALITATIVE_PROXY_NOT_IPA,FULL,NONE,YES,NO,FIRST_PASS_EDITORIAL_REVIEWED,CORP-08;SCI-23;SCI-24;SCI-25;SCI-26,,1.17
COG-A1-252,frío,ADJ_NOUN,A1_CORE_NORMATIVE,PCIC_BASE_A1,NO_OBVIOUS_PEDAGOGICAL_COGNATE_FIRST_PASS,,,NOT_ASSESSED,NOT_ASSESSED,EDITORIAL_QUALITATIVE_PROXY_NOT_IPA,NOT_ASSESSED,NONE_IDENTIFIED,NO,NO,FIRST_PASS_EDITORIAL_REVIEWED,CORP-08;SCI-23;SCI-24;SCI-25;SCI-26,No sufficiently transparent English form-meaning bridge identified in the first-pass editorial screen; this is not an etymological claim.,1.17
COG-A1-253,fácil,ADJ,A1_CORE_NORMATIVE,PCIC_BASE_A1,PEDAGOGICAL_COGNATE_PARTIAL,facile,0.833,HIGH,MEDIUM_PROVISIONAL,EDITORIAL_QUALITATIVE_PROXY_NOT_IPA,PARTIAL,MEDIUM,CONDITIONAL,NO,FIRST_PASS_EDITORIAL_REVIEWED,CORP-08;SCI-23;SCI-24;SCI-25;SCI-26,Similarity is real but sense/register/distribution differs enough to require explicit teaching.,1.17
COG-A1-254,fútbol,NOUN,A1_CORE_NORMATIVE,PCIC_BASE_A1,TRUE_COGNATE,football,0.5,LOW,LOW_PROVISIONAL,EDITORIAL_QUALITATIVE_PROXY_NOT_IPA,FULL,NONE,YES,NO,FIRST_PASS_EDITORIAL_REVIEWED,CORP-08;SCI-23;SCI-24;SCI-25;SCI-26,,1.17
COG-A1-255,gafa,NOUN,A1_CORE_NORMATIVE,PCIC_BASE_A1,NO_OBVIOUS_PEDAGOGICAL_COGNATE_FIRST_PASS,,,NOT_ASSESSED,NOT_ASSESSED,EDITORIAL_QUALITATIVE_PROXY_NOT_IPA,NOT_ASSESSED,NONE_IDENTIFIED,NO,NO,FIRST_PASS_EDITORIAL_REVIEWED,CORP-08;SCI-23;SCI-24;SCI-25;SCI-26,No sufficiently transparent English form-meaning bridge identified in the first-pass editorial screen; this is not an etymological claim.,1.17
COG-A1-256,gafas,NOUN,A1_CORE_NORMATIVE,7B_SURFACE_CORRECTION,NO_OBVIOUS_PEDAGOGICAL_COGNATE_FIRST_PASS,,,NOT_ASSESSED,NOT_ASSESSED,EDITORIAL_QUALITATIVE_PROXY_NOT_IPA,NOT_ASSESSED,NONE_IDENTIFIED,NO,NO,FIRST_PASS_EDITORIAL_REVIEWED,CORP-08;SCI-23;SCI-24;SCI-25;SCI-26,No sufficiently transparent English form-meaning bridge identified in the first-pass editorial screen; this is not an etymological claim.,1.17
COG-A1-257,garaje,NOUN,A1_CORE_NORMATIVE,PCIC_BASE_A1,TRUE_COGNATE,garage,0.833,HIGH,MEDIUM_PROVISIONAL,EDITORIAL_QUALITATIVE_PROXY_NOT_IPA,FULL,NONE,YES,NO,FIRST_PASS_EDITORIAL_REVIEWED,CORP-08;SCI-23;SCI-24;SCI-25;SCI-26,,1.17
COG-A1-258,gente,NOUN,A1_CORE_NORMATIVE,PCIC_BASE_A1,NO_OBVIOUS_PEDAGOGICAL_COGNATE_FIRST_PASS,,,NOT_ASSESSED,NOT_ASSESSED,EDITORIAL_QUALITATIVE_PROXY_NOT_IPA,NOT_ASSESSED,NONE_IDENTIFIED,NO,NO,FIRST_PASS_EDITORIAL_REVIEWED,CORP-08;SCI-23;SCI-24;SCI-25;SCI-26,No sufficiently transparent English form-meaning bridge identified in the first-pass editorial screen; this is not an etymological claim.,1.17
COG-A1-259,gimnasia,NOUN,A1_CORE_NORMATIVE,PCIC_BASE_A1,TRUE_COGNATE,gymnastics,0.6,MEDIUM,LOW_PROVISIONAL,EDITORIAL_QUALITATIVE_PROXY_NOT_IPA,FULL,NONE,YES,NO,FIRST_PASS_EDITORIAL_REVIEWED,CORP-08;SCI-23;SCI-24;SCI-25;SCI-26,,1.17
COG-A1-260,goma,NOUN,A1_CORE_NORMATIVE,PCIC_BASE_A1,FALSE_FRIEND_OR_DECEPTIVE_OVERLAP,gum,0.5,LOW,FORM_SIMILARITY_ONLY,EDITORIAL_QUALITATIVE_PROXY_NOT_IPA,DIVERGENT,MEDIUM,NO,NO,FIRST_PASS_EDITORIAL_REVIEWED,CORP-08;SCI-23;SCI-24;SCI-25;SCI-26,Deceptive form overlap with an English item whose everyday meaning does not match the relevant A1 Spanish sense.,1.17
COG-A1-261,gordo,ADJ,A1_CORE_NORMATIVE,PCIC_BASE_A1,NO_OBVIOUS_PEDAGOGICAL_COGNATE_FIRST_PASS,,,NOT_ASSESSED,NOT_ASSESSED,EDITORIAL_QUALITATIVE_PROXY_NOT_IPA,NOT_ASSESSED,NONE_IDENTIFIED,NO,NO,FIRST_PASS_EDITORIAL_REVIEWED,CORP-08;SCI-23;SCI-24;SCI-25;SCI-26,No sufficiently transparent English form-meaning bridge identified in the first-pass editorial screen; this is not an etymological claim.,1.17
COG-A1-262,gracias,FORMULA,A1_CORE_NORMATIVE,PCIC_BASE_A1,NO_OBVIOUS_PEDAGOGICAL_COGNATE_FIRST_PASS,,,NOT_ASSESSED,NOT_ASSESSED,EDITORIAL_QUALITATIVE_PROXY_NOT_IPA,NOT_ASSESSED,NONE_IDENTIFIED,NO,NO,FIRST_PASS_EDITORIAL_REVIEWED,CORP-08;SCI-23;SCI-24;SCI-25;SCI-26,No sufficiently transparent English form-meaning bridge identified in the first-pass editorial screen; this is not an etymological claim.,1.17
COG-A1-263,grande,ADJ,A1_CORE_NORMATIVE,PCIC_BASE_A1,SENSE_DEPENDENT_COGNATE,grand,0.833,HIGH,MEDIUM_PROVISIONAL,EDITORIAL_QUALITATIVE_PROXY_NOT_IPA,PARTIAL,MEDIUM,CONDITIONAL,NO,FIRST_PASS_EDITORIAL_REVIEWED,CORP-08;SCI-23;SCI-24;SCI-25;SCI-26,"Some semantic overlap exists (large/impressive), but English grand is not a general equivalent of Spanish grande.",1.17
COG-A1-264,gris,ADJ,A1_CORE_NORMATIVE,PCIC_BASE_A1,NO_OBVIOUS_PEDAGOGICAL_COGNATE_FIRST_PASS,,,NOT_ASSESSED,NOT_ASSESSED,EDITORIAL_QUALITATIVE_PROXY_NOT_IPA,NOT_ASSESSED,NONE_IDENTIFIED,NO,NO,FIRST_PASS_EDITORIAL_REVIEWED,CORP-08;SCI-23;SCI-24;SCI-25;SCI-26,No sufficiently transparent English form-meaning bridge identified in the first-pass editorial screen; this is not an etymological claim.,1.17
COG-A1-265,guagua,NOUN,A1_REGIONAL_RECEPTIVE,7C_REGIONAL_VARIATION,NO_OBVIOUS_PEDAGOGICAL_COGNATE_FIRST_PASS,,,NOT_ASSESSED,NOT_ASSESSED,EDITORIAL_QUALITATIVE_PROXY_NOT_IPA,NOT_ASSESSED,NONE_IDENTIFIED,NO,NO,FIRST_PASS_EDITORIAL_REVIEWED,CORP-08;SCI-23;SCI-24;SCI-25;SCI-26,No sufficiently transparent English form-meaning bridge identified in the first-pass editorial screen; this is not an etymological claim.,1.17
COG-A1-266,guapo,ADJ,A1_CORE_NORMATIVE,PCIC_BASE_A1,NO_OBVIOUS_PEDAGOGICAL_COGNATE_FIRST_PASS,,,NOT_ASSESSED,NOT_ASSESSED,EDITORIAL_QUALITATIVE_PROXY_NOT_IPA,NOT_ASSESSED,NONE_IDENTIFIED,NO,NO,FIRST_PASS_EDITORIAL_REVIEWED,CORP-08;SCI-23;SCI-24;SCI-25;SCI-26,No sufficiently transparent English form-meaning bridge identified in the first-pass editorial screen; this is not an etymological claim.,1.17
COG-A1-267,guión,NOUN,A1_CORE_NORMATIVE,PCIC_BASE_A1,NO_OBVIOUS_PEDAGOGICAL_COGNATE_FIRST_PASS,,,NOT_ASSESSED,NOT_ASSESSED,EDITORIAL_QUALITATIVE_PROXY_NOT_IPA,NOT_ASSESSED,NONE_IDENTIFIED,NO,NO,FIRST_PASS_EDITORIAL_REVIEWED,CORP-08;SCI-23;SCI-24;SCI-25;SCI-26,No sufficiently transparent English form-meaning bridge identified in the first-pass editorial screen; this is not an etymological claim.,1.17
COG-A1-268,gustar,VERB,A1_CORE_NORMATIVE,PCIC_BASE_A1,NO_OBVIOUS_PEDAGOGICAL_COGNATE_FIRST_PASS,,,NOT_ASSESSED,NOT_ASSESSED,EDITORIAL_QUALITATIVE_PROXY_NOT_IPA,NOT_ASSESSED,NONE_IDENTIFIED,NO,NO,FIRST_PASS_EDITORIAL_REVIEWED,CORP-08;SCI-23;SCI-24;SCI-25;SCI-26,No sufficiently transparent English form-meaning bridge identified in the first-pass editorial screen; this is not an etymological claim.,1.17
COG-A1-269,haber,VERB,A1_CORE_NORMATIVE,PCIC_BASE_A1,NO_OBVIOUS_PEDAGOGICAL_COGNATE_FIRST_PASS,,,NOT_ASSESSED,NOT_ASSESSED,EDITORIAL_QUALITATIVE_PROXY_NOT_IPA,NOT_ASSESSED,NONE_IDENTIFIED,NO,NO,FIRST_PASS_EDITORIAL_REVIEWED,CORP-08;SCI-23;SCI-24;SCI-25;SCI-26,No sufficiently transparent English form-meaning bridge identified in the first-pass editorial screen; this is not an etymological claim.,1.17
COG-A1-270,habitación,NOUN,A1_CORE_NORMATIVE,PCIC_BASE_A1,FALSE_FRIEND_OR_DECEPTIVE_OVERLAP,habitation,0.9,VERY_HIGH,FORM_SIMILARITY_ONLY,EDITORIAL_QUALITATIVE_PROXY_NOT_IPA,DIVERGENT,MEDIUM,NO,NO,FIRST_PASS_EDITORIAL_REVIEWED,CORP-08;SCI-23;SCI-24;SCI-25;SCI-26,Deceptive form overlap with an English item whose everyday meaning does not match the relevant A1 Spanish sense.,1.17
COG-A1-271,hablar,VERB,A1_CORE_NORMATIVE,PCIC_BASE_A1,NO_OBVIOUS_PEDAGOGICAL_COGNATE_FIRST_PASS,,,NOT_ASSESSED,NOT_ASSESSED,EDITORIAL_QUALITATIVE_PROXY_NOT_IPA,NOT_ASSESSED,NONE_IDENTIFIED,NO,NO,FIRST_PASS_EDITORIAL_REVIEWED,CORP-08;SCI-23;SCI-24;SCI-25;SCI-26,No sufficiently transparent English form-meaning bridge identified in the first-pass editorial screen; this is not an etymological claim.,1.17
COG-A1-272,hacer,VERB,A1_CORE_NORMATIVE,PCIC_BASE_A1,NO_OBVIOUS_PEDAGOGICAL_COGNATE_FIRST_PASS,,,NOT_ASSESSED,NOT_ASSESSED,EDITORIAL_QUALITATIVE_PROXY_NOT_IPA,NOT_ASSESSED,NONE_IDENTIFIED,NO,NO,FIRST_PASS_EDITORIAL_REVIEWED,CORP-08;SCI-23;SCI-24;SCI-25;SCI-26,No sufficiently transparent English form-meaning bridge identified in the first-pass editorial screen; this is not an etymological claim.,1.17
COG-A1-273,hamburguesa,NOUN,A1_CORE_NORMATIVE,PCIC_BASE_A1,TRUE_COGNATE,hamburger,0.727,MEDIUM,MEDIUM_PROVISIONAL,EDITORIAL_QUALITATIVE_PROXY_NOT_IPA,FULL,NONE,YES,NO,FIRST_PASS_EDITORIAL_REVIEWED,CORP-08;SCI-23;SCI-24;SCI-25;SCI-26,,1.17
COG-A1-274,hasta,PREP,A1_CORE_NORMATIVE,PCIC_BASE_A1,NO_OBVIOUS_PEDAGOGICAL_COGNATE_FIRST_PASS,,,NOT_ASSESSED,NOT_ASSESSED,EDITORIAL_QUALITATIVE_PROXY_NOT_IPA,NOT_ASSESSED,NONE_IDENTIFIED,NO,NO,FIRST_PASS_EDITORIAL_REVIEWED,CORP-08;SCI-23;SCI-24;SCI-25;SCI-26,No sufficiently transparent English form-meaning bridge identified in the first-pass editorial screen; this is not an etymological claim.,1.17
COG-A1-275,hermano,NOUN,A1_CORE_NORMATIVE,PCIC_BASE_A1,NO_OBVIOUS_PEDAGOGICAL_COGNATE_FIRST_PASS,,,NOT_ASSESSED,NOT_ASSESSED,EDITORIAL_QUALITATIVE_PROXY_NOT_IPA,NOT_ASSESSED,NONE_IDENTIFIED,NO,NO,FIRST_PASS_EDITORIAL_REVIEWED,CORP-08;SCI-23;SCI-24;SCI-25;SCI-26,No sufficiently transparent English form-meaning bridge identified in the first-pass editorial screen; this is not an etymological claim.,1.17
COG-A1-276,hermoso,ADJ,A1_CORE_NORMATIVE,PCIC_BASE_A1,NO_OBVIOUS_PEDAGOGICAL_COGNATE_FIRST_PASS,,,NOT_ASSESSED,NOT_ASSESSED,EDITORIAL_QUALITATIVE_PROXY_NOT_IPA,NOT_ASSESSED,NONE_IDENTIFIED,NO,NO,FIRST_PASS_EDITORIAL_REVIEWED,CORP-08;SCI-23;SCI-24;SCI-25;SCI-26,No sufficiently transparent English form-meaning bridge identified in the first-pass editorial screen; this is not an etymological claim.,1.17
COG-A1-277,hijo,NOUN,A1_CORE_NORMATIVE,PCIC_BASE_A1,NO_OBVIOUS_PEDAGOGICAL_COGNATE_FIRST_PASS,,,NOT_ASSESSED,NOT_ASSESSED,EDITORIAL_QUALITATIVE_PROXY_NOT_IPA,NOT_ASSESSED,NONE_IDENTIFIED,NO,NO,FIRST_PASS_EDITORIAL_REVIEWED,CORP-08;SCI-23;SCI-24;SCI-25;SCI-26,No sufficiently transparent English form-meaning bridge identified in the first-pass editorial screen; this is not an etymological claim.,1.17
COG-A1-278,hola,FORMULA,A1_CORE_NORMATIVE,PCIC_BASE_A1,NO_OBVIOUS_PEDAGOGICAL_COGNATE_FIRST_PASS,,,NOT_ASSESSED,NOT_ASSESSED,EDITORIAL_QUALITATIVE_PROXY_NOT_IPA,NOT_ASSESSED,NONE_IDENTIFIED,NO,NO,FIRST_PASS_EDITORIAL_REVIEWED,CORP-08;SCI-23;SCI-24;SCI-25;SCI-26,No sufficiently transparent English form-meaning bridge identified in the first-pass editorial screen; this is not an etymological claim.,1.17
COG-A1-279,hombre,NOUN,A1_CORE_NORMATIVE,PCIC_BASE_A1,INTERNATIONALISM_OR_BORROWING,hombre,1.0,VERY_HIGH,HIGH_PROVISIONAL,EDITORIAL_QUALITATIVE_PROXY_NOT_IPA,FULL,LOW,CONDITIONAL,NO,FIRST_PASS_EDITORIAL_REVIEWED,CORP-08;SCI-23;SCI-24;SCI-25;SCI-26,"Cross-language similarity may be usable, but pedagogical value depends on English familiarity and the relevant sense.",1.17
COG-A1-280,hora,NOUN,A1_CORE_NORMATIVE,PCIC_BASE_A1,TRUE_COGNATE,hour,0.5,LOW,LOW_PROVISIONAL,EDITORIAL_QUALITATIVE_PROXY_NOT_IPA,FULL,NONE,YES,NO,FIRST_PASS_EDITORIAL_REVIEWED,CORP-08;SCI-23;SCI-24;SCI-25;SCI-26,,1.17
COG-A1-281,horario,NOUN,A1_CORE_NORMATIVE,PCIC_BASE_A1,NO_OBVIOUS_PEDAGOGICAL_COGNATE_FIRST_PASS,,,NOT_ASSESSED,NOT_ASSESSED,EDITORIAL_QUALITATIVE_PROXY_NOT_IPA,NOT_ASSESSED,NONE_IDENTIFIED,NO,NO,FIRST_PASS_EDITORIAL_REVIEWED,CORP-08;SCI-23;SCI-24;SCI-25;SCI-26,No sufficiently transparent English form-meaning bridge identified in the first-pass editorial screen; this is not an etymological claim.,1.17
COG-A1-282,hospital,NOUN,A1_CORE_NORMATIVE,PCIC_BASE_A1,TRUE_COGNATE,hospital,1.0,VERY_HIGH,HIGH_PROVISIONAL,EDITORIAL_QUALITATIVE_PROXY_NOT_IPA,FULL,NONE,YES,NO,FIRST_PASS_EDITORIAL_REVIEWED,CORP-08;SCI-23;SCI-24;SCI-25;SCI-26,,1.17
COG-A1-283,hotel,NOUN,A1_CORE_NORMATIVE,PCIC_BASE_A1,TRUE_COGNATE,hotel,1.0,VERY_HIGH,HIGH_PROVISIONAL,EDITORIAL_QUALITATIVE_PROXY_NOT_IPA,FULL,NONE,YES,NO,FIRST_PASS_EDITORIAL_REVIEWED,CORP-08;SCI-23;SCI-24;SCI-25;SCI-26,,1.17
COG-A1-284,hoy,ADV_QUANT,A1_CORE_NORMATIVE,PCIC_BASE_A1,NO_OBVIOUS_PEDAGOGICAL_COGNATE_FIRST_PASS,,,NOT_ASSESSED,NOT_ASSESSED,EDITORIAL_QUALITATIVE_PROXY_NOT_IPA,NOT_ASSESSED,NONE_IDENTIFIED,NO,NO,FIRST_PASS_EDITORIAL_REVIEWED,CORP-08;SCI-23;SCI-24;SCI-25;SCI-26,No sufficiently transparent English form-meaning bridge identified in the first-pass editorial screen; this is not an etymological claim.,1.17
COG-A1-285,huevo,NOUN,A1_CORE_NORMATIVE,PCIC_BASE_A1,NO_OBVIOUS_PEDAGOGICAL_COGNATE_FIRST_PASS,,,NOT_ASSESSED,NOT_ASSESSED,EDITORIAL_QUALITATIVE_PROXY_NOT_IPA,NOT_ASSESSED,NONE_IDENTIFIED,NO,NO,FIRST_PASS_EDITORIAL_REVIEWED,CORP-08;SCI-23;SCI-24;SCI-25;SCI-26,No sufficiently transparent English form-meaning bridge identified in the first-pass editorial screen; this is not an etymological claim.,1.17
COG-A1-286,ida,NOUN,A1_CORE_NORMATIVE,PCIC_BASE_A1,NO_OBVIOUS_PEDAGOGICAL_COGNATE_FIRST_PASS,,,NOT_ASSESSED,NOT_ASSESSED,EDITORIAL_QUALITATIVE_PROXY_NOT_IPA,NOT_ASSESSED,NONE_IDENTIFIED,NO,NO,FIRST_PASS_EDITORIAL_REVIEWED,CORP-08;SCI-23;SCI-24;SCI-25;SCI-26,No sufficiently transparent English form-meaning bridge identified in the first-pass editorial screen; this is not an etymological claim.,1.17
COG-A1-287,identidad,NOUN,A1_CORE_NORMATIVE,PCIC_BASE_A1,TRUE_COGNATE,identity,0.667,MEDIUM,LOW_PROVISIONAL,EDITORIAL_QUALITATIVE_PROXY_NOT_IPA,FULL,NONE,YES,NO,FIRST_PASS_EDITORIAL_REVIEWED,CORP-08;SCI-23;SCI-24;SCI-25;SCI-26,,1.17
COG-A1-288,iglesia,NOUN,A1_CORE_NORMATIVE,PCIC_BASE_A1,NO_OBVIOUS_PEDAGOGICAL_COGNATE_FIRST_PASS,,,NOT_ASSESSED,NOT_ASSESSED,EDITORIAL_QUALITATIVE_PROXY_NOT_IPA,NOT_ASSESSED,NONE_IDENTIFIED,NO,NO,FIRST_PASS_EDITORIAL_REVIEWED,CORP-08;SCI-23;SCI-24;SCI-25;SCI-26,No sufficiently transparent English form-meaning bridge identified in the first-pass editorial screen; this is not an etymological claim.,1.17
COG-A1-289,individual,ADJ,A1_CORE_NORMATIVE,PCIC_BASE_A1,TRUE_COGNATE,individual,1.0,VERY_HIGH,HIGH_PROVISIONAL,EDITORIAL_QUALITATIVE_PROXY_NOT_IPA,FULL,NONE,YES,NO,FIRST_PASS_EDITORIAL_REVIEWED,CORP-08;SCI-23;SCI-24;SCI-25;SCI-26,,1.17
COG-A1-290,información,NOUN,A1_CORE_NORMATIVE,PCIC_BASE_A1,TRUE_COGNATE,information,0.909,VERY_HIGH,HIGH_PROVISIONAL,EDITORIAL_QUALITATIVE_PROXY_NOT_IPA,FULL,NONE,YES,NO,FIRST_PASS_EDITORIAL_REVIEWED,CORP-08;SCI-23;SCI-24;SCI-25;SCI-26,,1.17
COG-A1-291,ingeniero,NOUN,A1_CORE_NORMATIVE,PCIC_BASE_A1,TRUE_COGNATE,engineer,0.556,LOW,LOW_PROVISIONAL,EDITORIAL_QUALITATIVE_PROXY_NOT_IPA,FULL,NONE,YES,NO,FIRST_PASS_EDITORIAL_REVIEWED,CORP-08;SCI-23;SCI-24;SCI-25;SCI-26,,1.17
COG-A1-292,instituto,NOUN,A1_CORE_NORMATIVE,PCIC_BASE_A1,SENSE_DEPENDENT_COGNATE,institute,0.889,HIGH,MEDIUM_PROVISIONAL,EDITORIAL_QUALITATIVE_PROXY_NOT_IPA,PARTIAL,MEDIUM,CONDITIONAL,NO,FIRST_PASS_EDITORIAL_REVIEWED,CORP-08;SCI-23;SCI-24;SCI-25;SCI-26,Cross-language similarity is useful only for a restricted sense/register; do not generalize to the whole lexeme.,1.17
COG-A1-293,inteligente,ADJ,A1_CORE_NORMATIVE,PCIC_BASE_A1,TRUE_COGNATE,intelligent,0.818,HIGH,MEDIUM_PROVISIONAL,EDITORIAL_QUALITATIVE_PROXY_NOT_IPA,FULL,NONE,YES,NO,FIRST_PASS_EDITORIAL_REVIEWED,CORP-08;SCI-23;SCI-24;SCI-25;SCI-26,,1.17
COG-A1-294,interesante,ADJ,A1_CORE_NORMATIVE,PCIC_BASE_A1,TRUE_COGNATE,interesting,0.636,MEDIUM,LOW_PROVISIONAL,EDITORIAL_QUALITATIVE_PROXY_NOT_IPA,FULL,NONE,YES,NO,FIRST_PASS_EDITORIAL_REVIEWED,CORP-08;SCI-23;SCI-24;SCI-25;SCI-26,,1.17
COG-A1-295,interior,ADJ,A1_CORE_NORMATIVE,PCIC_BASE_A1,TRUE_COGNATE,interior,1.0,VERY_HIGH,HIGH_PROVISIONAL,EDITORIAL_QUALITATIVE_PROXY_NOT_IPA,FULL,NONE,YES,NO,FIRST_PASS_EDITORIAL_REVIEWED,CORP-08;SCI-23;SCI-24;SCI-25;SCI-26,,1.17
COG-A1-296,Internet,NOUN,A1_CORE_NORMATIVE,PCIC_BASE_A1,TRUE_COGNATE,Internet,1.0,VERY_HIGH,HIGH_PROVISIONAL,EDITORIAL_QUALITATIVE_PROXY_NOT_IPA,FULL,NONE,YES,NO,FIRST_PASS_EDITORIAL_REVIEWED,CORP-08;SCI-23;SCI-24;SCI-25;SCI-26,,1.17
COG-A1-297,invierno,NOUN,A1_CORE_NORMATIVE,PCIC_BASE_A1,NO_OBVIOUS_PEDAGOGICAL_COGNATE_FIRST_PASS,,,NOT_ASSESSED,NOT_ASSESSED,EDITORIAL_QUALITATIVE_PROXY_NOT_IPA,NOT_ASSESSED,NONE_IDENTIFIED,NO,NO,FIRST_PASS_EDITORIAL_REVIEWED,CORP-08;SCI-23;SCI-24;SCI-25;SCI-26,No sufficiently transparent English form-meaning bridge identified in the first-pass editorial screen; this is not an etymological claim.,1.17
COG-A1-298,ir,VERB,A1_CORE_NORMATIVE,PCIC_BASE_A1,NO_OBVIOUS_PEDAGOGICAL_COGNATE_FIRST_PASS,,,NOT_ASSESSED,NOT_ASSESSED,EDITORIAL_QUALITATIVE_PROXY_NOT_IPA,NOT_ASSESSED,NONE_IDENTIFIED,NO,NO,FIRST_PASS_EDITORIAL_REVIEWED,CORP-08;SCI-23;SCI-24;SCI-25;SCI-26,No sufficiently transparent English form-meaning bridge identified in the first-pass editorial screen; this is not an etymological claim.,1.17
COG-A1-299,jabón,NOUN,A1_CORE_NORMATIVE,PCIC_BASE_A1,NO_OBVIOUS_PEDAGOGICAL_COGNATE_FIRST_PASS,,,NOT_ASSESSED,NOT_ASSESSED,EDITORIAL_QUALITATIVE_PROXY_NOT_IPA,NOT_ASSESSED,NONE_IDENTIFIED,NO,NO,FIRST_PASS_EDITORIAL_REVIEWED,CORP-08;SCI-23;SCI-24;SCI-25;SCI-26,No sufficiently transparent English form-meaning bridge identified in the first-pass editorial screen; this is not an etymological claim.,1.17
COG-A1-300,japonés,ADJ_NOUN,A1_CORE_NORMATIVE,PCIC_BASE_A1,TRUE_COGNATE,Japanese,0.75,HIGH,MEDIUM_PROVISIONAL,EDITORIAL_QUALITATIVE_PROXY_NOT_IPA,FULL,NONE,YES,NO,FIRST_PASS_EDITORIAL_REVIEWED,CORP-08;SCI-23;SCI-24;SCI-25;SCI-26,,1.17
COG-A1-301,jardín,NOUN,A1_CORE_NORMATIVE,PCIC_BASE_A1,PEDAGOGICAL_COGNATE_PARTIAL,garden,0.667,MEDIUM,LOW_PROVISIONAL,EDITORIAL_QUALITATIVE_PROXY_NOT_IPA,PARTIAL,LOW,YES,NO,FIRST_PASS_EDITORIAL_REVIEWED,CORP-08;SCI-23;SCI-24;SCI-25;SCI-26,"Useful cross-language similarity, but not fully transparent or not identical in everyday distribution.",1.17
COG-A1-302,jefe,NOUN,A1_CORE_NORMATIVE,PCIC_BASE_A1,NO_OBVIOUS_PEDAGOGICAL_COGNATE_FIRST_PASS,,,NOT_ASSESSED,NOT_ASSESSED,EDITORIAL_QUALITATIVE_PROXY_NOT_IPA,NOT_ASSESSED,NONE_IDENTIFIED,NO,NO,FIRST_PASS_EDITORIAL_REVIEWED,CORP-08;SCI-23;SCI-24;SCI-25;SCI-26,No sufficiently transparent English form-meaning bridge identified in the first-pass editorial screen; this is not an etymological claim.,1.17
COG-A1-303,jersey,NOUN,A1_CORE_NORMATIVE,PCIC_BASE_A1,SENSE_DEPENDENT_COGNATE,jersey,1.0,VERY_HIGH,HIGH_PROVISIONAL,EDITORIAL_QUALITATIVE_PROXY_NOT_IPA,PARTIAL,MEDIUM,CONDITIONAL,NO,FIRST_PASS_EDITORIAL_REVIEWED,CORP-08;SCI-23;SCI-24;SCI-25;SCI-26,Cross-language similarity is useful only for a restricted sense/register; do not generalize to the whole lexeme.,1.17
COG-A1-304,joven,ADJ_NOUN,A1_CORE_NORMATIVE,PCIC_BASE_A1,NO_OBVIOUS_PEDAGOGICAL_COGNATE_FIRST_PASS,,,NOT_ASSESSED,NOT_ASSESSED,EDITORIAL_QUALITATIVE_PROXY_NOT_IPA,NOT_ASSESSED,NONE_IDENTIFIED,NO,NO,FIRST_PASS_EDITORIAL_REVIEWED,CORP-08;SCI-23;SCI-24;SCI-25;SCI-26,No sufficiently transparent English form-meaning bridge identified in the first-pass editorial screen; this is not an etymological claim.,1.17
COG-A1-305,judío,ADJ_NOUN,A1_CORE_NORMATIVE,PCIC_BASE_A1,NO_OBVIOUS_PEDAGOGICAL_COGNATE_FIRST_PASS,,,NOT_ASSESSED,NOT_ASSESSED,EDITORIAL_QUALITATIVE_PROXY_NOT_IPA,NOT_ASSESSED,NONE_IDENTIFIED,NO,NO,FIRST_PASS_EDITORIAL_REVIEWED,CORP-08;SCI-23;SCI-24;SCI-25;SCI-26,No sufficiently transparent English form-meaning bridge identified in the first-pass editorial screen; this is not an etymological claim.,1.17
COG-A1-306,juego,NOUN,A1_CORE_NORMATIVE,PCIC_BASE_A1,NO_OBVIOUS_PEDAGOGICAL_COGNATE_FIRST_PASS,,,NOT_ASSESSED,NOT_ASSESSED,EDITORIAL_QUALITATIVE_PROXY_NOT_IPA,NOT_ASSESSED,NONE_IDENTIFIED,NO,NO,FIRST_PASS_EDITORIAL_REVIEWED,CORP-08;SCI-23;SCI-24;SCI-25;SCI-26,No sufficiently transparent English form-meaning bridge identified in the first-pass editorial screen; this is not an etymological claim.,1.17
COG-A1-307,jugar,VERB,A1_CORE_NORMATIVE,PCIC_BASE_A1,NO_OBVIOUS_PEDAGOGICAL_COGNATE_FIRST_PASS,,,NOT_ASSESSED,NOT_ASSESSED,EDITORIAL_QUALITATIVE_PROXY_NOT_IPA,NOT_ASSESSED,NONE_IDENTIFIED,NO,NO,FIRST_PASS_EDITORIAL_REVIEWED,CORP-08;SCI-23;SCI-24;SCI-25;SCI-26,No sufficiently transparent English form-meaning bridge identified in the first-pass editorial screen; this is not an etymological claim.,1.17
COG-A1-308,kilómetro,NOUN,A1_CORE_NORMATIVE,PCIC_BASE_A1,TRUE_COGNATE,kilometer,0.778,HIGH,MEDIUM_PROVISIONAL,EDITORIAL_QUALITATIVE_PROXY_NOT_IPA,FULL,NONE,YES,NO,FIRST_PASS_EDITORIAL_REVIEWED,CORP-08;SCI-23;SCI-24;SCI-25;SCI-26,,1.17
COG-A1-309,la,ARTICLE,A1_CORE_NORMATIVE,PCIC_BASE_A1,NO_OBVIOUS_PEDAGOGICAL_COGNATE_FIRST_PASS,,,NOT_ASSESSED,NOT_ASSESSED,EDITORIAL_QUALITATIVE_PROXY_NOT_IPA,NOT_ASSESSED,NONE_IDENTIFIED,NO,NO,FIRST_PASS_EDITORIAL_REVIEWED,CORP-08;SCI-23;SCI-24;SCI-25;SCI-26,No sufficiently transparent English form-meaning bridge identified in the first-pass editorial screen; this is not an etymological claim.,1.17
COG-A1-310,largo,ADJ,A1_CORE_NORMATIVE,PCIC_BASE_A1,FALSE_FRIEND_OR_DECEPTIVE_OVERLAP,large,0.8,HIGH,FORM_SIMILARITY_ONLY,EDITORIAL_QUALITATIVE_PROXY_NOT_IPA,DIVERGENT,HIGH,NO,NO,FIRST_PASS_EDITORIAL_REVIEWED,CORP-08;SCI-23;SCI-24;SCI-25;SCI-26,Deceptive form overlap with an English item whose everyday meaning does not match the relevant A1 Spanish sense.,1.17
COG-A1-311,las,ARTICLE,A1_CORE_NORMATIVE,PCIC_BASE_A1,NO_OBVIOUS_PEDAGOGICAL_COGNATE_FIRST_PASS,,,NOT_ASSESSED,NOT_ASSESSED,EDITORIAL_QUALITATIVE_PROXY_NOT_IPA,NOT_ASSESSED,NONE_IDENTIFIED,NO,NO,FIRST_PASS_EDITORIAL_REVIEWED,CORP-08;SCI-23;SCI-24;SCI-25;SCI-26,No sufficiently transparent English form-meaning bridge identified in the first-pass editorial screen; this is not an etymological claim.,1.17
COG-A1-312,lavabo,NOUN,A1_CORE_NORMATIVE,PCIC_BASE_A1,FALSE_FRIEND_OR_DECEPTIVE_OVERLAP,lavatory,0.625,MEDIUM,FORM_SIMILARITY_ONLY,EDITORIAL_QUALITATIVE_PROXY_NOT_IPA,DIVERGENT,MEDIUM,NO,NO,FIRST_PASS_EDITORIAL_REVIEWED,CORP-08;SCI-23;SCI-24;SCI-25;SCI-26,Deceptive form overlap with an English item whose everyday meaning does not match the relevant A1 Spanish sense.,1.17
COG-A1-313,lavarse,VERB,A1_CORE_NORMATIVE,PCIC_BASE_A1,NO_OBVIOUS_PEDAGOGICAL_COGNATE_FIRST_PASS,,,NOT_ASSESSED,NOT_ASSESSED,EDITORIAL_QUALITATIVE_PROXY_NOT_IPA,NOT_ASSESSED,NONE_IDENTIFIED,NO,NO,FIRST_PASS_EDITORIAL_REVIEWED,CORP-08;SCI-23;SCI-24;SCI-25;SCI-26,No sufficiently transparent English form-meaning bridge identified in the first-pass editorial screen; this is not an etymological claim.,1.17
COG-A1-314,lección,NOUN,A1_CORE_NORMATIVE,PCIC_BASE_A1,TRUE_COGNATE,lesson,0.571,LOW,LOW_PROVISIONAL,EDITORIAL_QUALITATIVE_PROXY_NOT_IPA,FULL,NONE,YES,NO,FIRST_PASS_EDITORIAL_REVIEWED,CORP-08;SCI-23;SCI-24;SCI-25;SCI-26,,1.17
COG-A1-315,leche,NOUN,A1_CORE_NORMATIVE,PCIC_BASE_A1,NO_OBVIOUS_PEDAGOGICAL_COGNATE_FIRST_PASS,,,NOT_ASSESSED,NOT_ASSESSED,EDITORIAL_QUALITATIVE_PROXY_NOT_IPA,NOT_ASSESSED,NONE_IDENTIFIED,NO,NO,FIRST_PASS_EDITORIAL_REVIEWED,CORP-08;SCI-23;SCI-24;SCI-25;SCI-26,No sufficiently transparent English form-meaning bridge identified in the first-pass editorial screen; this is not an etymological claim.,1.17
COG-A1-316,leer,VERB,A1_CORE_NORMATIVE,PCIC_BASE_A1,NO_OBVIOUS_PEDAGOGICAL_COGNATE_FIRST_PASS,,,NOT_ASSESSED,NOT_ASSESSED,EDITORIAL_QUALITATIVE_PROXY_NOT_IPA,NOT_ASSESSED,NONE_IDENTIFIED,NO,NO,FIRST_PASS_EDITORIAL_REVIEWED,CORP-08;SCI-23;SCI-24;SCI-25;SCI-26,No sufficiently transparent English form-meaning bridge identified in the first-pass editorial screen; this is not an etymological claim.,1.17
COG-A1-317,lejos,ADV_QUANT,A1_CORE_NORMATIVE,PCIC_BASE_A1,NO_OBVIOUS_PEDAGOGICAL_COGNATE_FIRST_PASS,,,NOT_ASSESSED,NOT_ASSESSED,EDITORIAL_QUALITATIVE_PROXY_NOT_IPA,NOT_ASSESSED,NONE_IDENTIFIED,NO,NO,FIRST_PASS_EDITORIAL_REVIEWED,CORP-08;SCI-23;SCI-24;SCI-25;SCI-26,No sufficiently transparent English form-meaning bridge identified in the first-pass editorial screen; this is not an etymological claim.,1.17
COG-A1-318,lento,ADJ,A1_CORE_NORMATIVE,PCIC_BASE_A1,PEDAGOGICAL_COGNATE_PARTIAL,lento,1.0,VERY_HIGH,HIGH_PROVISIONAL,EDITORIAL_QUALITATIVE_PROXY_NOT_IPA,PARTIAL,LOW,YES,NO,FIRST_PASS_EDITORIAL_REVIEWED,CORP-08;SCI-23;SCI-24;SCI-25;SCI-26,"Useful cross-language similarity, but not fully transparent or not identical in everyday distribution.",1.17
COG-A1-319,levantarse,VERB,A1_CORE_NORMATIVE,PCIC_BASE_A1,NO_OBVIOUS_PEDAGOGICAL_COGNATE_FIRST_PASS,,,NOT_ASSESSED,NOT_ASSESSED,EDITORIAL_QUALITATIVE_PROXY_NOT_IPA,NOT_ASSESSED,NONE_IDENTIFIED,NO,NO,FIRST_PASS_EDITORIAL_REVIEWED,CORP-08;SCI-23;SCI-24;SCI-25;SCI-26,No sufficiently transparent English form-meaning bridge identified in the first-pass editorial screen; this is not an etymological claim.,1.17
COG-A1-320,libro,NOUN,A1_CORE_NORMATIVE,PCIC_BASE_A1,NO_OBVIOUS_PEDAGOGICAL_COGNATE_FIRST_PASS,,,NOT_ASSESSED,NOT_ASSESSED,EDITORIAL_QUALITATIVE_PROXY_NOT_IPA,NOT_ASSESSED,NONE_IDENTIFIED,NO,NO,FIRST_PASS_EDITORIAL_REVIEWED,CORP-08;SCI-23;SCI-24;SCI-25;SCI-26,No sufficiently transparent English form-meaning bridge identified in the first-pass editorial screen; this is not an etymological claim.,1.17
COG-A1-321,lindo,ADJ,A1_CORE_NORMATIVE,PCIC_BASE_A1,NO_OBVIOUS_PEDAGOGICAL_COGNATE_FIRST_PASS,,,NOT_ASSESSED,NOT_ASSESSED,EDITORIAL_QUALITATIVE_PROXY_NOT_IPA,NOT_ASSESSED,NONE_IDENTIFIED,NO,NO,FIRST_PASS_EDITORIAL_REVIEWED,CORP-08;SCI-23;SCI-24;SCI-25;SCI-26,No sufficiently transparent English form-meaning bridge identified in the first-pass editorial screen; this is not an etymological claim.,1.17
COG-A1-322,llamarse,VERB,A1_CORE_NORMATIVE,PCIC_BASE_A1,NO_OBVIOUS_PEDAGOGICAL_COGNATE_FIRST_PASS,,,NOT_ASSESSED,NOT_ASSESSED,EDITORIAL_QUALITATIVE_PROXY_NOT_IPA,NOT_ASSESSED,NONE_IDENTIFIED,NO,NO,FIRST_PASS_EDITORIAL_REVIEWED,CORP-08;SCI-23;SCI-24;SCI-25;SCI-26,No sufficiently transparent English form-meaning bridge identified in the first-pass editorial screen; this is not an etymological claim.,1.17
COG-A1-323,llave,NOUN,A1_CORE_NORMATIVE,PCIC_BASE_A1,NO_OBVIOUS_PEDAGOGICAL_COGNATE_FIRST_PASS,,,NOT_ASSESSED,NOT_ASSESSED,EDITORIAL_QUALITATIVE_PROXY_NOT_IPA,NOT_ASSESSED,NONE_IDENTIFIED,NO,NO,FIRST_PASS_EDITORIAL_REVIEWED,CORP-08;SCI-23;SCI-24;SCI-25;SCI-26,No sufficiently transparent English form-meaning bridge identified in the first-pass editorial screen; this is not an etymological claim.,1.17
COG-A1-324,llaves,NOUN,A1_CORE_NORMATIVE,7B_SURFACE_CORRECTION,NO_OBVIOUS_PEDAGOGICAL_COGNATE_FIRST_PASS,,,NOT_ASSESSED,NOT_ASSESSED,EDITORIAL_QUALITATIVE_PROXY_NOT_IPA,NOT_ASSESSED,NONE_IDENTIFIED,NO,NO,FIRST_PASS_EDITORIAL_REVIEWED,CORP-08;SCI-23;SCI-24;SCI-25;SCI-26,No sufficiently transparent English form-meaning bridge identified in the first-pass editorial screen; this is not an etymological claim.,1.17
COG-A1-325,llegar,VERB,A1_CORE_NORMATIVE,PCIC_BASE_A1,NO_OBVIOUS_PEDAGOGICAL_COGNATE_FIRST_PASS,,,NOT_ASSESSED,NOT_ASSESSED,EDITORIAL_QUALITATIVE_PROXY_NOT_IPA,NOT_ASSESSED,NONE_IDENTIFIED,NO,NO,FIRST_PASS_EDITORIAL_REVIEWED,CORP-08;SCI-23;SCI-24;SCI-25;SCI-26,No sufficiently transparent English form-meaning bridge identified in the first-pass editorial screen; this is not an etymological claim.,1.17
COG-A1-326,llevar,VERB,A1_CORE_NORMATIVE,PCIC_BASE_A1,NO_OBVIOUS_PEDAGOGICAL_COGNATE_FIRST_PASS,,,NOT_ASSESSED,NOT_ASSESSED,EDITORIAL_QUALITATIVE_PROXY_NOT_IPA,NOT_ASSESSED,NONE_IDENTIFIED,NO,NO,FIRST_PASS_EDITORIAL_REVIEWED,CORP-08;SCI-23;SCI-24;SCI-25;SCI-26,No sufficiently transparent English form-meaning bridge identified in the first-pass editorial screen; this is not an etymological claim.,1.17
COG-A1-327,llover,VERB,A1_CORE_NORMATIVE,PCIC_BASE_A1,NO_OBVIOUS_PEDAGOGICAL_COGNATE_FIRST_PASS,,,NOT_ASSESSED,NOT_ASSESSED,EDITORIAL_QUALITATIVE_PROXY_NOT_IPA,NOT_ASSESSED,NONE_IDENTIFIED,NO,NO,FIRST_PASS_EDITORIAL_REVIEWED,CORP-08;SCI-23;SCI-24;SCI-25;SCI-26,No sufficiently transparent English form-meaning bridge identified in the first-pass editorial screen; this is not an etymological claim.,1.17
COG-A1-328,los,ARTICLE,A1_CORE_NORMATIVE,PCIC_BASE_A1,NO_OBVIOUS_PEDAGOGICAL_COGNATE_FIRST_PASS,,,NOT_ASSESSED,NOT_ASSESSED,EDITORIAL_QUALITATIVE_PROXY_NOT_IPA,NOT_ASSESSED,NONE_IDENTIFIED,NO,NO,FIRST_PASS_EDITORIAL_REVIEWED,CORP-08;SCI-23;SCI-24;SCI-25;SCI-26,No sufficiently transparent English form-meaning bridge identified in the first-pass editorial screen; this is not an etymological claim.,1.17
COG-A1-329,lugar,NOUN,A1_CORE_NORMATIVE,PCIC_BASE_A1,NO_OBVIOUS_PEDAGOGICAL_COGNATE_FIRST_PASS,,,NOT_ASSESSED,NOT_ASSESSED,EDITORIAL_QUALITATIVE_PROXY_NOT_IPA,NOT_ASSESSED,NONE_IDENTIFIED,NO,NO,FIRST_PASS_EDITORIAL_REVIEWED,CORP-08;SCI-23;SCI-24;SCI-25;SCI-26,No sufficiently transparent English form-meaning bridge identified in the first-pass editorial screen; this is not an etymological claim.,1.17
COG-A1-330,lápiz,NOUN,A1_CORE_NORMATIVE,PCIC_BASE_A1,NO_OBVIOUS_PEDAGOGICAL_COGNATE_FIRST_PASS,,,NOT_ASSESSED,NOT_ASSESSED,EDITORIAL_QUALITATIVE_PROXY_NOT_IPA,NOT_ASSESSED,NONE_IDENTIFIED,NO,NO,FIRST_PASS_EDITORIAL_REVIEWED,CORP-08;SCI-23;SCI-24;SCI-25;SCI-26,No sufficiently transparent English form-meaning bridge identified in the first-pass editorial screen; this is not an etymological claim.,1.17
COG-A1-331,madre,NOUN,A1_CORE_NORMATIVE,PCIC_BASE_A1,NO_OBVIOUS_PEDAGOGICAL_COGNATE_FIRST_PASS,,,NOT_ASSESSED,NOT_ASSESSED,EDITORIAL_QUALITATIVE_PROXY_NOT_IPA,NOT_ASSESSED,NONE_IDENTIFIED,NO,NO,FIRST_PASS_EDITORIAL_REVIEWED,CORP-08;SCI-23;SCI-24;SCI-25;SCI-26,No sufficiently transparent English form-meaning bridge identified in the first-pass editorial screen; this is not an etymological claim.,1.17
COG-A1-332,mal,ADV_QUANT,A1_CORE_NORMATIVE,PCIC_BASE_A1,NO_OBVIOUS_PEDAGOGICAL_COGNATE_FIRST_PASS,,,NOT_ASSESSED,NOT_ASSESSED,EDITORIAL_QUALITATIVE_PROXY_NOT_IPA,NOT_ASSESSED,NONE_IDENTIFIED,NO,NO,FIRST_PASS_EDITORIAL_REVIEWED,CORP-08;SCI-23;SCI-24;SCI-25;SCI-26,No sufficiently transparent English form-meaning bridge identified in the first-pass editorial screen; this is not an etymological claim.,1.17
COG-A1-333,maleta,NOUN,A1_CORE_NORMATIVE,PCIC_BASE_A1,NO_OBVIOUS_PEDAGOGICAL_COGNATE_FIRST_PASS,,,NOT_ASSESSED,NOT_ASSESSED,EDITORIAL_QUALITATIVE_PROXY_NOT_IPA,NOT_ASSESSED,NONE_IDENTIFIED,NO,NO,FIRST_PASS_EDITORIAL_REVIEWED,CORP-08;SCI-23;SCI-24;SCI-25;SCI-26,No sufficiently transparent English form-meaning bridge identified in the first-pass editorial screen; this is not an etymological claim.,1.17
COG-A1-334,malo,ADJ,A1_CORE_NORMATIVE,PCIC_BASE_A1,NO_OBVIOUS_PEDAGOGICAL_COGNATE_FIRST_PASS,,,NOT_ASSESSED,NOT_ASSESSED,EDITORIAL_QUALITATIVE_PROXY_NOT_IPA,NOT_ASSESSED,NONE_IDENTIFIED,NO,NO,FIRST_PASS_EDITORIAL_REVIEWED,CORP-08;SCI-23;SCI-24;SCI-25;SCI-26,No sufficiently transparent English form-meaning bridge identified in the first-pass editorial screen; this is not an etymological claim.,1.17
COG-A1-335,mano,NOUN,A1_CORE_NORMATIVE,PCIC_BASE_A1,NO_OBVIOUS_PEDAGOGICAL_COGNATE_FIRST_PASS,,,NOT_ASSESSED,NOT_ASSESSED,EDITORIAL_QUALITATIVE_PROXY_NOT_IPA,NOT_ASSESSED,NONE_IDENTIFIED,NO,NO,FIRST_PASS_EDITORIAL_REVIEWED,CORP-08;SCI-23;SCI-24;SCI-25;SCI-26,No sufficiently transparent English form-meaning bridge identified in the first-pass editorial screen; this is not an etymological claim.,1.17
COG-A1-336,mapa,NOUN,A1_CORE_NORMATIVE,PCIC_BASE_A1,TRUE_COGNATE,map,0.75,HIGH,MEDIUM_PROVISIONAL,EDITORIAL_QUALITATIVE_PROXY_NOT_IPA,FULL,NONE,YES,NO,FIRST_PASS_EDITORIAL_REVIEWED,CORP-08;SCI-23;SCI-24;SCI-25;SCI-26,,1.17
COG-A1-337,mar,NOUN,A1_CORE_NORMATIVE,PCIC_BASE_A1,NO_OBVIOUS_PEDAGOGICAL_COGNATE_FIRST_PASS,,,NOT_ASSESSED,NOT_ASSESSED,EDITORIAL_QUALITATIVE_PROXY_NOT_IPA,NOT_ASSESSED,NONE_IDENTIFIED,NO,NO,FIRST_PASS_EDITORIAL_REVIEWED,CORP-08;SCI-23;SCI-24;SCI-25;SCI-26,No sufficiently transparent English form-meaning bridge identified in the first-pass editorial screen; this is not an etymological claim.,1.17
COG-A1-338,marido,NOUN,A1_CORE_NORMATIVE,PCIC_BASE_A1,FALSE_FRIEND_OR_DECEPTIVE_OVERLAP,married,0.571,LOW,FORM_SIMILARITY_ONLY,EDITORIAL_QUALITATIVE_PROXY_NOT_IPA,DIVERGENT,MEDIUM,NO,NO,FIRST_PASS_EDITORIAL_REVIEWED,CORP-08;SCI-23;SCI-24;SCI-25;SCI-26,Deceptive form overlap with an English item whose everyday meaning does not match the relevant A1 Spanish sense.,1.17
COG-A1-339,marroquí,ADJ_NOUN,A1_CORE_NORMATIVE,PCIC_BASE_A1,TRUE_COGNATE,Moroccan,0.25,LOW,LOW_PROVISIONAL,EDITORIAL_QUALITATIVE_PROXY_NOT_IPA,FULL,NONE,YES,NO,FIRST_PASS_EDITORIAL_REVIEWED,CORP-08;SCI-23;SCI-24;SCI-25;SCI-26,,1.17
COG-A1-340,marrón,ADJ,A1_CORE_NORMATIVE,PCIC_BASE_A1,FALSE_FRIEND_OR_DECEPTIVE_OVERLAP,maroon,0.833,HIGH,FORM_SIMILARITY_ONLY,EDITORIAL_QUALITATIVE_PROXY_NOT_IPA,DIVERGENT,MEDIUM,NO,NO,FIRST_PASS_EDITORIAL_REVIEWED,CORP-08;SCI-23;SCI-24;SCI-25;SCI-26,Deceptive form overlap with an English item whose everyday meaning does not match the relevant A1 Spanish sense.,1.17
COG-A1-341,mañana,ADV_QUANT|NOUN,A1_CORE_NORMATIVE,PCIC_BASE_A1,NO_OBVIOUS_PEDAGOGICAL_COGNATE_FIRST_PASS,,,NOT_ASSESSED,NOT_ASSESSED,EDITORIAL_QUALITATIVE_PROXY_NOT_IPA,NOT_ASSESSED,NONE_IDENTIFIED,NO,NO,FIRST_PASS_EDITORIAL_REVIEWED,CORP-08;SCI-23;SCI-24;SCI-25;SCI-26,No sufficiently transparent English form-meaning bridge identified in the first-pass editorial screen; this is not an etymological claim.,1.17
COG-A1-342,me,CLITIC,A1_CORE_NORMATIVE,PCIC_BASE_A1,NO_OBVIOUS_PEDAGOGICAL_COGNATE_FIRST_PASS,,,NOT_ASSESSED,NOT_ASSESSED,EDITORIAL_QUALITATIVE_PROXY_NOT_IPA,NOT_ASSESSED,NONE_IDENTIFIED,NO,NO,FIRST_PASS_EDITORIAL_REVIEWED,CORP-08;SCI-23;SCI-24;SCI-25;SCI-26,No sufficiently transparent English form-meaning bridge identified in the first-pass editorial screen; this is not an etymological claim.,1.17
COG-A1-343,menos,ADV_QUANT,A1_CORE_NORMATIVE,PCIC_BASE_A1,NO_OBVIOUS_PEDAGOGICAL_COGNATE_FIRST_PASS,,,NOT_ASSESSED,NOT_ASSESSED,EDITORIAL_QUALITATIVE_PROXY_NOT_IPA,NOT_ASSESSED,NONE_IDENTIFIED,NO,NO,FIRST_PASS_EDITORIAL_REVIEWED,CORP-08;SCI-23;SCI-24;SCI-25;SCI-26,No sufficiently transparent English form-meaning bridge identified in the first-pass editorial screen; this is not an etymological claim.,1.17
COG-A1-344,mensaje,NOUN,A1_CORE_NORMATIVE,PCIC_BASE_A1,TRUE_COGNATE,message,0.714,MEDIUM,MEDIUM_PROVISIONAL,EDITORIAL_QUALITATIVE_PROXY_NOT_IPA,FULL,NONE,YES,NO,FIRST_PASS_EDITORIAL_REVIEWED,CORP-08;SCI-23;SCI-24;SCI-25;SCI-26,,1.17
COG-A1-345,menú,NOUN,A1_CORE_NORMATIVE,PCIC_BASE_A1,TRUE_COGNATE,menu,1.0,VERY_HIGH,HIGH_PROVISIONAL,EDITORIAL_QUALITATIVE_PROXY_NOT_IPA,FULL,NONE,YES,NO,FIRST_PASS_EDITORIAL_REVIEWED,CORP-08;SCI-23;SCI-24;SCI-25;SCI-26,,1.17
COG-A1-346,mercado,NOUN,A1_CORE_NORMATIVE,PCIC_BASE_A1,PEDAGOGICAL_COGNATE_PARTIAL,market,0.286,LOW,LOW_PROVISIONAL,EDITORIAL_QUALITATIVE_PROXY_NOT_IPA,PARTIAL,LOW,YES,NO,FIRST_PASS_EDITORIAL_REVIEWED,CORP-08;SCI-23;SCI-24;SCI-25;SCI-26,"Useful cross-language similarity, but not fully transparent or not identical in everyday distribution.",1.17
COG-A1-347,merendar,VERB,A1_CORE_NORMATIVE,PCIC_BASE_A1,NO_OBVIOUS_PEDAGOGICAL_COGNATE_FIRST_PASS,,,NOT_ASSESSED,NOT_ASSESSED,EDITORIAL_QUALITATIVE_PROXY_NOT_IPA,NOT_ASSESSED,NONE_IDENTIFIED,NO,NO,FIRST_PASS_EDITORIAL_REVIEWED,CORP-08;SCI-23;SCI-24;SCI-25;SCI-26,No sufficiently transparent English form-meaning bridge identified in the first-pass editorial screen; this is not an etymological claim.,1.17
COG-A1-348,merienda,NOUN,A1_CORE_NORMATIVE,PCIC_BASE_A1,NO_OBVIOUS_PEDAGOGICAL_COGNATE_FIRST_PASS,,,NOT_ASSESSED,NOT_ASSESSED,EDITORIAL_QUALITATIVE_PROXY_NOT_IPA,NOT_ASSESSED,NONE_IDENTIFIED,NO,NO,FIRST_PASS_EDITORIAL_REVIEWED,CORP-08;SCI-23;SCI-24;SCI-25;SCI-26,No sufficiently transparent English form-meaning bridge identified in the first-pass editorial screen; this is not an etymological claim.,1.17
COG-A1-349,mes,NOUN,A1_CORE_NORMATIVE,PCIC_BASE_A1,NO_OBVIOUS_PEDAGOGICAL_COGNATE_FIRST_PASS,,,NOT_ASSESSED,NOT_ASSESSED,EDITORIAL_QUALITATIVE_PROXY_NOT_IPA,NOT_ASSESSED,NONE_IDENTIFIED,NO,NO,FIRST_PASS_EDITORIAL_REVIEWED,CORP-08;SCI-23;SCI-24;SCI-25;SCI-26,No sufficiently transparent English form-meaning bridge identified in the first-pass editorial screen; this is not an etymological claim.,1.17
COG-A1-350,mesa,NOUN,A1_CORE_NORMATIVE,PCIC_BASE_A1,FALSE_FRIEND_OR_DECEPTIVE_OVERLAP,mesa,1.0,VERY_HIGH,FORM_SIMILARITY_ONLY,EDITORIAL_QUALITATIVE_PROXY_NOT_IPA,DIVERGENT,MEDIUM,NO,NO,FIRST_PASS_EDITORIAL_REVIEWED,CORP-08;SCI-23;SCI-24;SCI-25;SCI-26,Deceptive form overlap with an English item whose everyday meaning does not match the relevant A1 Spanish sense.,1.17
COG-A1-351,mesero,NOUN,A1_REGIONAL_RECEPTIVE,7C_REGIONAL_VARIATION,NO_OBVIOUS_PEDAGOGICAL_COGNATE_FIRST_PASS,,,NOT_ASSESSED,NOT_ASSESSED,EDITORIAL_QUALITATIVE_PROXY_NOT_IPA,NOT_ASSESSED,NONE_IDENTIFIED,NO,NO,FIRST_PASS_EDITORIAL_REVIEWED,CORP-08;SCI-23;SCI-24;SCI-25;SCI-26,No sufficiently transparent English form-meaning bridge identified in the first-pass editorial screen; this is not an etymological claim.,1.17
COG-A1-352,metro,NOUN,A1_CORE_NORMATIVE,PCIC_BASE_A1,TRUE_COGNATE,metro,1.0,VERY_HIGH,HIGH_PROVISIONAL,EDITORIAL_QUALITATIVE_PROXY_NOT_IPA,FULL,NONE,YES,NO,FIRST_PASS_EDITORIAL_REVIEWED,CORP-08;SCI-23;SCI-24;SCI-25;SCI-26,,1.17
COG-A1-353,mexicano,ADJ_NOUN,A1_CORE_NORMATIVE,PCIC_BASE_A1,TRUE_COGNATE,Mexican,0.875,HIGH,MEDIUM_PROVISIONAL,EDITORIAL_QUALITATIVE_PROXY_NOT_IPA,FULL,NONE,YES,NO,FIRST_PASS_EDITORIAL_REVIEWED,CORP-08;SCI-23;SCI-24;SCI-25;SCI-26,,1.17
COG-A1-354,mezquita,NOUN,A1_CORE_NORMATIVE,PCIC_BASE_A1,NO_OBVIOUS_PEDAGOGICAL_COGNATE_FIRST_PASS,,,NOT_ASSESSED,NOT_ASSESSED,EDITORIAL_QUALITATIVE_PROXY_NOT_IPA,NOT_ASSESSED,NONE_IDENTIFIED,NO,NO,FIRST_PASS_EDITORIAL_REVIEWED,CORP-08;SCI-23;SCI-24;SCI-25;SCI-26,No sufficiently transparent English form-meaning bridge identified in the first-pass editorial screen; this is not an etymological claim.,1.17
COG-A1-355,mi,FUNCTION_WORD,A1_CORE_NORMATIVE,PCIC_BASE_A1,NO_OBVIOUS_PEDAGOGICAL_COGNATE_FIRST_PASS,,,NOT_ASSESSED,NOT_ASSESSED,EDITORIAL_QUALITATIVE_PROXY_NOT_IPA,NOT_ASSESSED,NONE_IDENTIFIED,NO,NO,FIRST_PASS_EDITORIAL_REVIEWED,CORP-08;SCI-23;SCI-24;SCI-25;SCI-26,No sufficiently transparent English form-meaning bridge identified in the first-pass editorial screen; this is not an etymological claim.,1.17
COG-A1-356,minuto,NOUN,A1_CORE_NORMATIVE,PCIC_BASE_A1,TRUE_COGNATE,minute,0.833,HIGH,MEDIUM_PROVISIONAL,EDITORIAL_QUALITATIVE_PROXY_NOT_IPA,FULL,NONE,YES,NO,FIRST_PASS_EDITORIAL_REVIEWED,CORP-08;SCI-23;SCI-24;SCI-25;SCI-26,,1.17
COG-A1-357,mis,POSSESSIVE_DET,A1_CORE_NORMATIVE,PCIC_BASE_A1,NO_OBVIOUS_PEDAGOGICAL_COGNATE_FIRST_PASS,,,NOT_ASSESSED,NOT_ASSESSED,EDITORIAL_QUALITATIVE_PROXY_NOT_IPA,NOT_ASSESSED,NONE_IDENTIFIED,NO,NO,FIRST_PASS_EDITORIAL_REVIEWED,CORP-08;SCI-23;SCI-24;SCI-25;SCI-26,No sufficiently transparent English form-meaning bridge identified in the first-pass editorial screen; this is not an etymological claim.,1.17
COG-A1-358,momento,NOUN,A1_CORE_NORMATIVE,PCIC_BASE_A1,TRUE_COGNATE,moment,0.857,HIGH,MEDIUM_PROVISIONAL,EDITORIAL_QUALITATIVE_PROXY_NOT_IPA,FULL,NONE,YES,NO,FIRST_PASS_EDITORIAL_REVIEWED,CORP-08;SCI-23;SCI-24;SCI-25;SCI-26,,1.17
COG-A1-359,montaña,NOUN,A1_CORE_NORMATIVE,PCIC_BASE_A1,PEDAGOGICAL_COGNATE_PARTIAL,mountain,0.625,MEDIUM,LOW_PROVISIONAL,EDITORIAL_QUALITATIVE_PROXY_NOT_IPA,PARTIAL,LOW,YES,NO,FIRST_PASS_EDITORIAL_REVIEWED,CORP-08;SCI-23;SCI-24;SCI-25;SCI-26,"Useful cross-language similarity, but not fully transparent or not identical in everyday distribution.",1.17
COG-A1-360,monumento,NOUN,A1_CORE_NORMATIVE,PCIC_BASE_A1,TRUE_COGNATE,monument,0.889,HIGH,MEDIUM_PROVISIONAL,EDITORIAL_QUALITATIVE_PROXY_NOT_IPA,FULL,NONE,YES,NO,FIRST_PASS_EDITORIAL_REVIEWED,CORP-08;SCI-23;SCI-24;SCI-25;SCI-26,,1.17
COG-A1-361,moreno,ADJ,A1_CORE_NORMATIVE,PCIC_BASE_A1,NO_OBVIOUS_PEDAGOGICAL_COGNATE_FIRST_PASS,,,NOT_ASSESSED,NOT_ASSESSED,EDITORIAL_QUALITATIVE_PROXY_NOT_IPA,NOT_ASSESSED,NONE_IDENTIFIED,NO,NO,FIRST_PASS_EDITORIAL_REVIEWED,CORP-08;SCI-23;SCI-24;SCI-25;SCI-26,No sufficiently transparent English form-meaning bridge identified in the first-pass editorial screen; this is not an etymological claim.,1.17
COG-A1-362,mucho,ADV_QUANT,A1_CORE_NORMATIVE,PCIC_BASE_A1,NO_OBVIOUS_PEDAGOGICAL_COGNATE_FIRST_PASS,,,NOT_ASSESSED,NOT_ASSESSED,EDITORIAL_QUALITATIVE_PROXY_NOT_IPA,NOT_ASSESSED,NONE_IDENTIFIED,NO,NO,FIRST_PASS_EDITORIAL_REVIEWED,CORP-08;SCI-23;SCI-24;SCI-25;SCI-26,No sufficiently transparent English form-meaning bridge identified in the first-pass editorial screen; this is not an etymological claim.,1.17
COG-A1-363,muchos,QUANT,A1_CORE_NORMATIVE,7B_SURFACE_CORRECTION,NO_OBVIOUS_PEDAGOGICAL_COGNATE_FIRST_PASS,,,NOT_ASSESSED,NOT_ASSESSED,EDITORIAL_QUALITATIVE_PROXY_NOT_IPA,NOT_ASSESSED,NONE_IDENTIFIED,NO,NO,FIRST_PASS_EDITORIAL_REVIEWED,CORP-08;SCI-23;SCI-24;SCI-25;SCI-26,No sufficiently transparent English form-meaning bridge identified in the first-pass editorial screen; this is not an etymological claim.,1.17
COG-A1-364,mujer,NOUN,A1_CORE_NORMATIVE,PCIC_BASE_A1,NO_OBVIOUS_PEDAGOGICAL_COGNATE_FIRST_PASS,,,NOT_ASSESSED,NOT_ASSESSED,EDITORIAL_QUALITATIVE_PROXY_NOT_IPA,NOT_ASSESSED,NONE_IDENTIFIED,NO,NO,FIRST_PASS_EDITORIAL_REVIEWED,CORP-08;SCI-23;SCI-24;SCI-25;SCI-26,No sufficiently transparent English form-meaning bridge identified in the first-pass editorial screen; this is not an etymological claim.,1.17
COG-A1-365,museo,NOUN,A1_CORE_NORMATIVE,PCIC_BASE_A1,TRUE_COGNATE,museum,0.667,MEDIUM,LOW_PROVISIONAL,EDITORIAL_QUALITATIVE_PROXY_NOT_IPA,FULL,NONE,YES,NO,FIRST_PASS_EDITORIAL_REVIEWED,CORP-08;SCI-23;SCI-24;SCI-25;SCI-26,,1.17
COG-A1-366,musulmán,ADJ_NOUN,A1_CORE_NORMATIVE,PCIC_BASE_A1,TRUE_COGNATE,Muslim,0.5,LOW,LOW_PROVISIONAL,EDITORIAL_QUALITATIVE_PROXY_NOT_IPA,FULL,NONE,YES,NO,FIRST_PASS_EDITORIAL_REVIEWED,CORP-08;SCI-23;SCI-24;SCI-25;SCI-26,,1.17
COG-A1-367,muy,ADV_QUANT,A1_CORE_NORMATIVE,PCIC_BASE_A1,NO_OBVIOUS_PEDAGOGICAL_COGNATE_FIRST_PASS,,,NOT_ASSESSED,NOT_ASSESSED,EDITORIAL_QUALITATIVE_PROXY_NOT_IPA,NOT_ASSESSED,NONE_IDENTIFIED,NO,NO,FIRST_PASS_EDITORIAL_REVIEWED,CORP-08;SCI-23;SCI-24;SCI-25;SCI-26,No sufficiently transparent English form-meaning bridge identified in the first-pass editorial screen; this is not an etymological claim.,1.17
COG-A1-368,más,ADV_QUANT,A1_CORE_NORMATIVE,PCIC_BASE_A1,NO_OBVIOUS_PEDAGOGICAL_COGNATE_FIRST_PASS,,,NOT_ASSESSED,NOT_ASSESSED,EDITORIAL_QUALITATIVE_PROXY_NOT_IPA,NOT_ASSESSED,NONE_IDENTIFIED,NO,NO,FIRST_PASS_EDITORIAL_REVIEWED,CORP-08;SCI-23;SCI-24;SCI-25;SCI-26,No sufficiently transparent English form-meaning bridge identified in the first-pass editorial screen; this is not an etymological claim.,1.17
COG-A1-369,médico,NOUN,A1_CORE_NORMATIVE,PCIC_BASE_A1,PEDAGOGICAL_COGNATE_PARTIAL,medic,0.833,HIGH,MEDIUM_PROVISIONAL,EDITORIAL_QUALITATIVE_PROXY_NOT_IPA,PARTIAL,MEDIUM,CONDITIONAL,NO,FIRST_PASS_EDITORIAL_REVIEWED,CORP-08;SCI-23;SCI-24;SCI-25;SCI-26,Similarity is real but sense/register/distribution differs enough to require explicit teaching.,1.17
COG-A1-370,móvil,ADJ_NOUN|NOUN,A1_CORE_NORMATIVE,PCIC_BASE_A1,SENSE_DEPENDENT_COGNATE,mobile,0.667,MEDIUM,LOW_PROVISIONAL,EDITORIAL_QUALITATIVE_PROXY_NOT_IPA,PARTIAL,MEDIUM,CONDITIONAL,NO,FIRST_PASS_EDITORIAL_REVIEWED,CORP-08;SCI-23;SCI-24;SCI-25;SCI-26,Similarity is real but sense/register/distribution differs enough to require explicit teaching.,1.17
COG-A1-371,música,NOUN,A1_CORE_NORMATIVE,PCIC_BASE_A1,TRUE_COGNATE,music,0.833,HIGH,MEDIUM_PROVISIONAL,EDITORIAL_QUALITATIVE_PROXY_NOT_IPA,FULL,NONE,YES,NO,FIRST_PASS_EDITORIAL_REVIEWED,CORP-08;SCI-23;SCI-24;SCI-25;SCI-26,,1.17
COG-A1-372,nacionalidad,NOUN,A1_CORE_NORMATIVE,PCIC_BASE_A1,TRUE_COGNATE,nationality,0.667,MEDIUM,LOW_PROVISIONAL,EDITORIAL_QUALITATIVE_PROXY_NOT_IPA,FULL,NONE,YES,NO,FIRST_PASS_EDITORIAL_REVIEWED,CORP-08;SCI-23;SCI-24;SCI-25;SCI-26,,1.17
COG-A1-373,nadar,VERB,A1_CORE_NORMATIVE,PCIC_BASE_A1,NO_OBVIOUS_PEDAGOGICAL_COGNATE_FIRST_PASS,,,NOT_ASSESSED,NOT_ASSESSED,EDITORIAL_QUALITATIVE_PROXY_NOT_IPA,NOT_ASSESSED,NONE_IDENTIFIED,NO,NO,FIRST_PASS_EDITORIAL_REVIEWED,CORP-08;SCI-23;SCI-24;SCI-25;SCI-26,No sufficiently transparent English form-meaning bridge identified in the first-pass editorial screen; this is not an etymological claim.,1.17
COG-A1-374,naranja,ADJ,A1_CORE_NORMATIVE,PCIC_BASE_A1,NO_OBVIOUS_PEDAGOGICAL_COGNATE_FIRST_PASS,,,NOT_ASSESSED,NOT_ASSESSED,EDITORIAL_QUALITATIVE_PROXY_NOT_IPA,NOT_ASSESSED,NONE_IDENTIFIED,NO,NO,FIRST_PASS_EDITORIAL_REVIEWED,CORP-08;SCI-23;SCI-24;SCI-25;SCI-26,No sufficiently transparent English form-meaning bridge identified in the first-pass editorial screen; this is not an etymological claim.,1.17
COG-A1-375,nariz,NOUN,A1_CORE_NORMATIVE,PCIC_BASE_A1,NO_OBVIOUS_PEDAGOGICAL_COGNATE_FIRST_PASS,,,NOT_ASSESSED,NOT_ASSESSED,EDITORIAL_QUALITATIVE_PROXY_NOT_IPA,NOT_ASSESSED,NONE_IDENTIFIED,NO,NO,FIRST_PASS_EDITORIAL_REVIEWED,CORP-08;SCI-23;SCI-24;SCI-25;SCI-26,No sufficiently transparent English form-meaning bridge identified in the first-pass editorial screen; this is not an etymological claim.,1.17
COG-A1-376,negro,ADJ,A1_CORE_NORMATIVE,PCIC_BASE_A1,FALSE_FRIEND_OR_DECEPTIVE_OVERLAP,Negro,1.0,VERY_HIGH,FORM_SIMILARITY_ONLY,EDITORIAL_QUALITATIVE_PROXY_NOT_IPA,DIVERGENT,HIGH,NO,NO,FIRST_PASS_EDITORIAL_REVIEWED,CORP-08;SCI-23;SCI-24;SCI-25;SCI-26,Exact/near form overlap is sociolinguistically hazardous: English historical usage does not equal Spanish negro = black. Never use as a cognate scaffold.,1.17
COG-A1-377,nevar,VERB,A1_CORE_NORMATIVE,PCIC_BASE_A1,NO_OBVIOUS_PEDAGOGICAL_COGNATE_FIRST_PASS,,,NOT_ASSESSED,NOT_ASSESSED,EDITORIAL_QUALITATIVE_PROXY_NOT_IPA,NOT_ASSESSED,NONE_IDENTIFIED,NO,NO,FIRST_PASS_EDITORIAL_REVIEWED,CORP-08;SCI-23;SCI-24;SCI-25;SCI-26,No sufficiently transparent English form-meaning bridge identified in the first-pass editorial screen; this is not an etymological claim.,1.17
COG-A1-378,ni,CONJ_CONNECTOR,A1_CORE_NORMATIVE,PCIC_BASE_A1,NO_OBVIOUS_PEDAGOGICAL_COGNATE_FIRST_PASS,,,NOT_ASSESSED,NOT_ASSESSED,EDITORIAL_QUALITATIVE_PROXY_NOT_IPA,NOT_ASSESSED,NONE_IDENTIFIED,NO,NO,FIRST_PASS_EDITORIAL_REVIEWED,CORP-08;SCI-23;SCI-24;SCI-25;SCI-26,No sufficiently transparent English form-meaning bridge identified in the first-pass editorial screen; this is not an etymological claim.,1.17
COG-A1-379,nieto,NOUN,A1_CORE_NORMATIVE,PCIC_BASE_A1,NO_OBVIOUS_PEDAGOGICAL_COGNATE_FIRST_PASS,,,NOT_ASSESSED,NOT_ASSESSED,EDITORIAL_QUALITATIVE_PROXY_NOT_IPA,NOT_ASSESSED,NONE_IDENTIFIED,NO,NO,FIRST_PASS_EDITORIAL_REVIEWED,CORP-08;SCI-23;SCI-24;SCI-25;SCI-26,No sufficiently transparent English form-meaning bridge identified in the first-pass editorial screen; this is not an etymological claim.,1.17
COG-A1-380,niña,NOUN,A1_CORE_NORMATIVE,7B_SURFACE_CORRECTION,NO_OBVIOUS_PEDAGOGICAL_COGNATE_FIRST_PASS,,,NOT_ASSESSED,NOT_ASSESSED,EDITORIAL_QUALITATIVE_PROXY_NOT_IPA,NOT_ASSESSED,NONE_IDENTIFIED,NO,NO,FIRST_PASS_EDITORIAL_REVIEWED,CORP-08;SCI-23;SCI-24;SCI-25;SCI-26,No sufficiently transparent English form-meaning bridge identified in the first-pass editorial screen; this is not an etymological claim.,1.17
COG-A1-381,niño,NOUN,A1_CORE_NORMATIVE,PCIC_BASE_A1,NO_OBVIOUS_PEDAGOGICAL_COGNATE_FIRST_PASS,,,NOT_ASSESSED,NOT_ASSESSED,EDITORIAL_QUALITATIVE_PROXY_NOT_IPA,NOT_ASSESSED,NONE_IDENTIFIED,NO,NO,FIRST_PASS_EDITORIAL_REVIEWED,CORP-08;SCI-23;SCI-24;SCI-25;SCI-26,No sufficiently transparent English form-meaning bridge identified in the first-pass editorial screen; this is not an etymological claim.,1.17
COG-A1-382,no,ADV_QUANT,A1_CORE_NORMATIVE,PCIC_BASE_A1,NO_OBVIOUS_PEDAGOGICAL_COGNATE_FIRST_PASS,,,NOT_ASSESSED,NOT_ASSESSED,EDITORIAL_QUALITATIVE_PROXY_NOT_IPA,NOT_ASSESSED,NONE_IDENTIFIED,NO,NO,FIRST_PASS_EDITORIAL_REVIEWED,CORP-08;SCI-23;SCI-24;SCI-25;SCI-26,No sufficiently transparent English form-meaning bridge identified in the first-pass editorial screen; this is not an etymological claim.,1.17
COG-A1-383,noche,NOUN,A1_CORE_NORMATIVE,PCIC_BASE_A1,NO_OBVIOUS_PEDAGOGICAL_COGNATE_FIRST_PASS,,,NOT_ASSESSED,NOT_ASSESSED,EDITORIAL_QUALITATIVE_PROXY_NOT_IPA,NOT_ASSESSED,NONE_IDENTIFIED,NO,NO,FIRST_PASS_EDITORIAL_REVIEWED,CORP-08;SCI-23;SCI-24;SCI-25;SCI-26,No sufficiently transparent English form-meaning bridge identified in the first-pass editorial screen; this is not an etymological claim.,1.17
COG-A1-384,nombre,NOUN,A1_CORE_NORMATIVE,PCIC_BASE_A1,FALSE_FRIEND_OR_DECEPTIVE_OVERLAP,number,0.5,LOW,FORM_SIMILARITY_ONLY,EDITORIAL_QUALITATIVE_PROXY_NOT_IPA,DIVERGENT,MEDIUM,NO,NO,FIRST_PASS_EDITORIAL_REVIEWED,CORP-08;SCI-23;SCI-24;SCI-25;SCI-26,"Moderate form resemblance; Spanish nombre means name, not English number.",1.17
COG-A1-385,normalmente,ADV_QUANT,A1_CORE_NORMATIVE,PCIC_BASE_A1,NO_OBVIOUS_PEDAGOGICAL_COGNATE_FIRST_PASS,,,NOT_ASSESSED,NOT_ASSESSED,EDITORIAL_QUALITATIVE_PROXY_NOT_IPA,NOT_ASSESSED,NONE_IDENTIFIED,NO,NO,FIRST_PASS_EDITORIAL_REVIEWED,CORP-08;SCI-23;SCI-24;SCI-25;SCI-26,No sufficiently transparent English form-meaning bridge identified in the first-pass editorial screen; this is not an etymological claim.,1.17
COG-A1-386,norte,NOUN,A1_CORE_NORMATIVE,PCIC_BASE_A1,TRUE_COGNATE,north,0.8,HIGH,MEDIUM_PROVISIONAL,EDITORIAL_QUALITATIVE_PROXY_NOT_IPA,FULL,NONE,YES,NO,FIRST_PASS_EDITORIAL_REVIEWED,CORP-08;SCI-23;SCI-24;SCI-25;SCI-26,,1.17
COG-A1-387,nosotras,PRONOUN,A1_CORE_NORMATIVE,PCIC_BASE_A1,NO_OBVIOUS_PEDAGOGICAL_COGNATE_FIRST_PASS,,,NOT_ASSESSED,NOT_ASSESSED,EDITORIAL_QUALITATIVE_PROXY_NOT_IPA,NOT_ASSESSED,NONE_IDENTIFIED,NO,NO,FIRST_PASS_EDITORIAL_REVIEWED,CORP-08;SCI-23;SCI-24;SCI-25;SCI-26,No sufficiently transparent English form-meaning bridge identified in the first-pass editorial screen; this is not an etymological claim.,1.17
COG-A1-388,nosotros,PRONOUN,A1_CORE_NORMATIVE,PCIC_BASE_A1,NO_OBVIOUS_PEDAGOGICAL_COGNATE_FIRST_PASS,,,NOT_ASSESSED,NOT_ASSESSED,EDITORIAL_QUALITATIVE_PROXY_NOT_IPA,NOT_ASSESSED,NONE_IDENTIFIED,NO,NO,FIRST_PASS_EDITORIAL_REVIEWED,CORP-08;SCI-23;SCI-24;SCI-25;SCI-26,No sufficiently transparent English form-meaning bridge identified in the first-pass editorial screen; this is not an etymological claim.,1.17
COG-A1-389,novena,ORDINAL,A1_CORE_NORMATIVE,PCIC_BASE_A1,NO_OBVIOUS_PEDAGOGICAL_COGNATE_FIRST_PASS,,,NOT_ASSESSED,NOT_ASSESSED,EDITORIAL_QUALITATIVE_PROXY_NOT_IPA,NOT_ASSESSED,NONE_IDENTIFIED,NO,NO,FIRST_PASS_EDITORIAL_REVIEWED,CORP-08;SCI-23;SCI-24;SCI-25;SCI-26,No sufficiently transparent English form-meaning bridge identified in the first-pass editorial screen; this is not an etymological claim.,1.17
COG-A1-390,noveno,ORDINAL,A1_CORE_NORMATIVE,PCIC_BASE_A1,NO_OBVIOUS_PEDAGOGICAL_COGNATE_FIRST_PASS,,,NOT_ASSESSED,NOT_ASSESSED,EDITORIAL_QUALITATIVE_PROXY_NOT_IPA,NOT_ASSESSED,NONE_IDENTIFIED,NO,NO,FIRST_PASS_EDITORIAL_REVIEWED,CORP-08;SCI-23;SCI-24;SCI-25;SCI-26,No sufficiently transparent English form-meaning bridge identified in the first-pass editorial screen; this is not an etymological claim.,1.17
COG-A1-391,novio,NOUN,A1_CORE_NORMATIVE,PCIC_BASE_A1,NO_OBVIOUS_PEDAGOGICAL_COGNATE_FIRST_PASS,,,NOT_ASSESSED,NOT_ASSESSED,EDITORIAL_QUALITATIVE_PROXY_NOT_IPA,NOT_ASSESSED,NONE_IDENTIFIED,NO,NO,FIRST_PASS_EDITORIAL_REVIEWED,CORP-08;SCI-23;SCI-24;SCI-25;SCI-26,No sufficiently transparent English form-meaning bridge identified in the first-pass editorial screen; this is not an etymological claim.,1.17
COG-A1-392,nuestra,POSSESSIVE_DET,A1_CORE_NORMATIVE,PCIC_BASE_A1,NO_OBVIOUS_PEDAGOGICAL_COGNATE_FIRST_PASS,,,NOT_ASSESSED,NOT_ASSESSED,EDITORIAL_QUALITATIVE_PROXY_NOT_IPA,NOT_ASSESSED,NONE_IDENTIFIED,NO,NO,FIRST_PASS_EDITORIAL_REVIEWED,CORP-08;SCI-23;SCI-24;SCI-25;SCI-26,No sufficiently transparent English form-meaning bridge identified in the first-pass editorial screen; this is not an etymological claim.,1.17
COG-A1-393,nuestras,POSSESSIVE_DET,A1_CORE_NORMATIVE,PCIC_BASE_A1,NO_OBVIOUS_PEDAGOGICAL_COGNATE_FIRST_PASS,,,NOT_ASSESSED,NOT_ASSESSED,EDITORIAL_QUALITATIVE_PROXY_NOT_IPA,NOT_ASSESSED,NONE_IDENTIFIED,NO,NO,FIRST_PASS_EDITORIAL_REVIEWED,CORP-08;SCI-23;SCI-24;SCI-25;SCI-26,No sufficiently transparent English form-meaning bridge identified in the first-pass editorial screen; this is not an etymological claim.,1.17
COG-A1-394,nuestro,POSSESSIVE_DET,A1_CORE_NORMATIVE,PCIC_BASE_A1,NO_OBVIOUS_PEDAGOGICAL_COGNATE_FIRST_PASS,,,NOT_ASSESSED,NOT_ASSESSED,EDITORIAL_QUALITATIVE_PROXY_NOT_IPA,NOT_ASSESSED,NONE_IDENTIFIED,NO,NO,FIRST_PASS_EDITORIAL_REVIEWED,CORP-08;SCI-23;SCI-24;SCI-25;SCI-26,No sufficiently transparent English form-meaning bridge identified in the first-pass editorial screen; this is not an etymological claim.,1.17
COG-A1-395,nuestros,POSSESSIVE_DET,A1_CORE_NORMATIVE,PCIC_BASE_A1,NO_OBVIOUS_PEDAGOGICAL_COGNATE_FIRST_PASS,,,NOT_ASSESSED,NOT_ASSESSED,EDITORIAL_QUALITATIVE_PROXY_NOT_IPA,NOT_ASSESSED,NONE_IDENTIFIED,NO,NO,FIRST_PASS_EDITORIAL_REVIEWED,CORP-08;SCI-23;SCI-24;SCI-25;SCI-26,No sufficiently transparent English form-meaning bridge identified in the first-pass editorial screen; this is not an etymological claim.,1.17
COG-A1-396,nuevo,ADJ,A1_CORE_NORMATIVE,PCIC_BASE_A1,NO_OBVIOUS_PEDAGOGICAL_COGNATE_FIRST_PASS,,,NOT_ASSESSED,NOT_ASSESSED,EDITORIAL_QUALITATIVE_PROXY_NOT_IPA,NOT_ASSESSED,NONE_IDENTIFIED,NO,NO,FIRST_PASS_EDITORIAL_REVIEWED,CORP-08;SCI-23;SCI-24;SCI-25;SCI-26,No sufficiently transparent English form-meaning bridge identified in the first-pass editorial screen; this is not an etymological claim.,1.17
COG-A1-397,nunca,ADV_QUANT,A1_CORE_NORMATIVE,PCIC_BASE_A1,NO_OBVIOUS_PEDAGOGICAL_COGNATE_FIRST_PASS,,,NOT_ASSESSED,NOT_ASSESSED,EDITORIAL_QUALITATIVE_PROXY_NOT_IPA,NOT_ASSESSED,NONE_IDENTIFIED,NO,NO,FIRST_PASS_EDITORIAL_REVIEWED,CORP-08;SCI-23;SCI-24;SCI-25;SCI-26,No sufficiently transparent English form-meaning bridge identified in the first-pass editorial screen; this is not an etymological claim.,1.17
COG-A1-398,número,NOUN,A1_CORE_NORMATIVE,PCIC_BASE_A1,TRUE_COGNATE,number,0.667,MEDIUM,LOW_PROVISIONAL,EDITORIAL_QUALITATIVE_PROXY_NOT_IPA,FULL,NONE,YES,NO,FIRST_PASS_EDITORIAL_REVIEWED,CORP-08;SCI-23;SCI-24;SCI-25;SCI-26,,1.17
COG-A1-399,o,CONJ_CONNECTOR,A1_CORE_NORMATIVE,PCIC_BASE_A1,NO_OBVIOUS_PEDAGOGICAL_COGNATE_FIRST_PASS,,,NOT_ASSESSED,NOT_ASSESSED,EDITORIAL_QUALITATIVE_PROXY_NOT_IPA,NOT_ASSESSED,NONE_IDENTIFIED,NO,NO,FIRST_PASS_EDITORIAL_REVIEWED,CORP-08;SCI-23;SCI-24;SCI-25;SCI-26,No sufficiently transparent English form-meaning bridge identified in the first-pass editorial screen; this is not an etymological claim.,1.17
COG-A1-400,octava,ORDINAL,A1_CORE_NORMATIVE,PCIC_BASE_A1,NO_OBVIOUS_PEDAGOGICAL_COGNATE_FIRST_PASS,,,NOT_ASSESSED,NOT_ASSESSED,EDITORIAL_QUALITATIVE_PROXY_NOT_IPA,NOT_ASSESSED,NONE_IDENTIFIED,NO,NO,FIRST_PASS_EDITORIAL_REVIEWED,CORP-08;SCI-23;SCI-24;SCI-25;SCI-26,No sufficiently transparent English form-meaning bridge identified in the first-pass editorial screen; this is not an etymological claim.,1.17
COG-A1-401,octavo,ORDINAL,A1_CORE_NORMATIVE,PCIC_BASE_A1,FALSE_FRIEND_OR_DECEPTIVE_OVERLAP,octave,0.833,HIGH,FORM_SIMILARITY_ONLY,EDITORIAL_QUALITATIVE_PROXY_NOT_IPA,DIVERGENT,MEDIUM,NO,NO,FIRST_PASS_EDITORIAL_REVIEWED,CORP-08;SCI-23;SCI-24;SCI-25;SCI-26,Deceptive form overlap with an English item whose everyday meaning does not match the relevant A1 Spanish sense.,1.17
COG-A1-402,oeste,NOUN,A1_CORE_NORMATIVE,PCIC_BASE_A1,NO_OBVIOUS_PEDAGOGICAL_COGNATE_FIRST_PASS,,,NOT_ASSESSED,NOT_ASSESSED,EDITORIAL_QUALITATIVE_PROXY_NOT_IPA,NOT_ASSESSED,NONE_IDENTIFIED,NO,NO,FIRST_PASS_EDITORIAL_REVIEWED,CORP-08;SCI-23;SCI-24;SCI-25;SCI-26,No sufficiently transparent English form-meaning bridge identified in the first-pass editorial screen; this is not an etymological claim.,1.17
COG-A1-403,oficina,NOUN,A1_CORE_NORMATIVE,PCIC_BASE_A1,TRUE_COGNATE,office,0.429,LOW,LOW_PROVISIONAL,EDITORIAL_QUALITATIVE_PROXY_NOT_IPA,FULL,NONE,YES,NO,FIRST_PASS_EDITORIAL_REVIEWED,CORP-08;SCI-23;SCI-24;SCI-25;SCI-26,,1.17
COG-A1-404,ojo,NOUN,A1_CORE_NORMATIVE,PCIC_BASE_A1,NO_OBVIOUS_PEDAGOGICAL_COGNATE_FIRST_PASS,,,NOT_ASSESSED,NOT_ASSESSED,EDITORIAL_QUALITATIVE_PROXY_NOT_IPA,NOT_ASSESSED,NONE_IDENTIFIED,NO,NO,FIRST_PASS_EDITORIAL_REVIEWED,CORP-08;SCI-23;SCI-24;SCI-25;SCI-26,No sufficiently transparent English form-meaning bridge identified in the first-pass editorial screen; this is not an etymological claim.,1.17
COG-A1-405,okay,DISCOURSE_MARKER,A1_REGIONAL_RECEPTIVE,7C_REGIONAL_VARIATION,TRUE_COGNATE,okay,1.0,VERY_HIGH,HIGH_PROVISIONAL,EDITORIAL_QUALITATIVE_PROXY_NOT_IPA,FULL,NONE,YES,NO,FIRST_PASS_EDITORIAL_REVIEWED,CORP-08;SCI-23;SCI-24;SCI-25;SCI-26,,1.17
COG-A1-406,ordenador,NOUN,A1_CORE_NORMATIVE,PCIC_BASE_A1,NO_OBVIOUS_PEDAGOGICAL_COGNATE_FIRST_PASS,,,NOT_ASSESSED,NOT_ASSESSED,EDITORIAL_QUALITATIVE_PROXY_NOT_IPA,NOT_ASSESSED,NONE_IDENTIFIED,NO,NO,FIRST_PASS_EDITORIAL_REVIEWED,CORP-08;SCI-23;SCI-24;SCI-25;SCI-26,No sufficiently transparent English form-meaning bridge identified in the first-pass editorial screen; this is not an etymological claim.,1.17
COG-A1-407,oscuro,ADJ,A1_CORE_NORMATIVE,PCIC_BASE_A1,NO_OBVIOUS_PEDAGOGICAL_COGNATE_FIRST_PASS,,,NOT_ASSESSED,NOT_ASSESSED,EDITORIAL_QUALITATIVE_PROXY_NOT_IPA,NOT_ASSESSED,NONE_IDENTIFIED,NO,NO,FIRST_PASS_EDITORIAL_REVIEWED,CORP-08;SCI-23;SCI-24;SCI-25;SCI-26,No sufficiently transparent English form-meaning bridge identified in the first-pass editorial screen; this is not an etymological claim.,1.17
COG-A1-408,otoño,NOUN,A1_CORE_NORMATIVE,PCIC_BASE_A1,NO_OBVIOUS_PEDAGOGICAL_COGNATE_FIRST_PASS,,,NOT_ASSESSED,NOT_ASSESSED,EDITORIAL_QUALITATIVE_PROXY_NOT_IPA,NOT_ASSESSED,NONE_IDENTIFIED,NO,NO,FIRST_PASS_EDITORIAL_REVIEWED,CORP-08;SCI-23;SCI-24;SCI-25;SCI-26,No sufficiently transparent English form-meaning bridge identified in the first-pass editorial screen; this is not an etymological claim.,1.17
COG-A1-409,padre,NOUN,A1_CORE_NORMATIVE,PCIC_BASE_A1,INTERNATIONALISM_OR_BORROWING,padre,1.0,VERY_HIGH,HIGH_PROVISIONAL,EDITORIAL_QUALITATIVE_PROXY_NOT_IPA,PARTIAL,LOW,CONDITIONAL,NO,FIRST_PASS_EDITORIAL_REVIEWED,CORP-08;SCI-23;SCI-24;SCI-25;SCI-26,"Cross-language similarity may be usable, but pedagogical value depends on English familiarity and the relevant sense.",1.17
COG-A1-410,padres,NOUN,A1_CORE_NORMATIVE,7B_SURFACE_CORRECTION,NO_OBVIOUS_PEDAGOGICAL_COGNATE_FIRST_PASS,,,NOT_ASSESSED,NOT_ASSESSED,EDITORIAL_QUALITATIVE_PROXY_NOT_IPA,NOT_ASSESSED,NONE_IDENTIFIED,NO,NO,FIRST_PASS_EDITORIAL_REVIEWED,CORP-08;SCI-23;SCI-24;SCI-25;SCI-26,No sufficiently transparent English form-meaning bridge identified in the first-pass editorial screen; this is not an etymological claim.,1.17
COG-A1-411,paella,NOUN,A1_CORE_NORMATIVE,PCIC_BASE_A1,PEDAGOGICAL_COGNATE_PARTIAL,paella,1.0,VERY_HIGH,HIGH_PROVISIONAL,EDITORIAL_QUALITATIVE_PROXY_NOT_IPA,PARTIAL,LOW,YES,NO,FIRST_PASS_EDITORIAL_REVIEWED,CORP-08;SCI-23;SCI-24;SCI-25;SCI-26,"Useful cross-language similarity, but not fully transparent or not identical in everyday distribution.",1.17
COG-A1-412,pagar,VERB,A1_CORE_NORMATIVE,PCIC_BASE_A1,NO_OBVIOUS_PEDAGOGICAL_COGNATE_FIRST_PASS,,,NOT_ASSESSED,NOT_ASSESSED,EDITORIAL_QUALITATIVE_PROXY_NOT_IPA,NOT_ASSESSED,NONE_IDENTIFIED,NO,NO,FIRST_PASS_EDITORIAL_REVIEWED,CORP-08;SCI-23;SCI-24;SCI-25;SCI-26,No sufficiently transparent English form-meaning bridge identified in the first-pass editorial screen; this is not an etymological claim.,1.17
COG-A1-413,pan,NOUN,A1_CORE_NORMATIVE,PCIC_BASE_A1,FALSE_FRIEND_OR_DECEPTIVE_OVERLAP,pan,1.0,VERY_HIGH,FORM_SIMILARITY_ONLY,EDITORIAL_QUALITATIVE_PROXY_NOT_IPA,DIVERGENT,HIGH,NO,NO,FIRST_PASS_EDITORIAL_REVIEWED,CORP-08;SCI-23;SCI-24;SCI-25;SCI-26,Deceptive form overlap with an English item whose everyday meaning does not match the relevant A1 Spanish sense.,1.17
COG-A1-414,pantalones,NOUN,A1_CORE_NORMATIVE,7B_SURFACE_CORRECTION,NO_OBVIOUS_PEDAGOGICAL_COGNATE_FIRST_PASS,,,NOT_ASSESSED,NOT_ASSESSED,EDITORIAL_QUALITATIVE_PROXY_NOT_IPA,NOT_ASSESSED,NONE_IDENTIFIED,NO,NO,FIRST_PASS_EDITORIAL_REVIEWED,CORP-08;SCI-23;SCI-24;SCI-25;SCI-26,No sufficiently transparent English form-meaning bridge identified in the first-pass editorial screen; this is not an etymological claim.,1.17
COG-A1-415,pantalón,NOUN,A1_CORE_NORMATIVE,PCIC_BASE_A1,NO_OBVIOUS_PEDAGOGICAL_COGNATE_FIRST_PASS,,,NOT_ASSESSED,NOT_ASSESSED,EDITORIAL_QUALITATIVE_PROXY_NOT_IPA,NOT_ASSESSED,NONE_IDENTIFIED,NO,NO,FIRST_PASS_EDITORIAL_REVIEWED,CORP-08;SCI-23;SCI-24;SCI-25;SCI-26,No sufficiently transparent English form-meaning bridge identified in the first-pass editorial screen; this is not an etymological claim.,1.17
COG-A1-416,papel,NOUN,A1_CORE_NORMATIVE,PCIC_BASE_A1,TRUE_COGNATE,paper,0.8,HIGH,MEDIUM_PROVISIONAL,EDITORIAL_QUALITATIVE_PROXY_NOT_IPA,FULL,NONE,YES,NO,FIRST_PASS_EDITORIAL_REVIEWED,CORP-08;SCI-23;SCI-24;SCI-25;SCI-26,,1.17
COG-A1-417,para,PREP,A1_CORE_NORMATIVE,PCIC_BASE_A1,NO_OBVIOUS_PEDAGOGICAL_COGNATE_FIRST_PASS,,,NOT_ASSESSED,NOT_ASSESSED,EDITORIAL_QUALITATIVE_PROXY_NOT_IPA,NOT_ASSESSED,NONE_IDENTIFIED,NO,NO,FIRST_PASS_EDITORIAL_REVIEWED,CORP-08;SCI-23;SCI-24;SCI-25;SCI-26,No sufficiently transparent English form-meaning bridge identified in the first-pass editorial screen; this is not an etymological claim.,1.17
COG-A1-418,parada,NOUN,A1_CORE_NORMATIVE,PCIC_BASE_A1,FALSE_FRIEND_OR_DECEPTIVE_OVERLAP,parade,0.833,HIGH,FORM_SIMILARITY_ONLY,EDITORIAL_QUALITATIVE_PROXY_NOT_IPA,DIVERGENT,MEDIUM,NO,NO,FIRST_PASS_EDITORIAL_REVIEWED,CORP-08;SCI-23;SCI-24;SCI-25;SCI-26,Deceptive form overlap with an English item whose everyday meaning does not match the relevant A1 Spanish sense.,1.17
COG-A1-419,pareja,NOUN,A1_CORE_NORMATIVE,PCIC_BASE_A1,PEDAGOGICAL_COGNATE_PARTIAL,pair,0.333,LOW,LOW_PROVISIONAL,EDITORIAL_QUALITATIVE_PROXY_NOT_IPA,PARTIAL,LOW,YES,NO,FIRST_PASS_EDITORIAL_REVIEWED,CORP-08;SCI-23;SCI-24;SCI-25;SCI-26,"Useful cross-language similarity, but not fully transparent or not identical in everyday distribution.",1.17
COG-A1-420,parque,NOUN,A1_CORE_NORMATIVE,PCIC_BASE_A1,TRUE_COGNATE,park,0.5,LOW,LOW_PROVISIONAL,EDITORIAL_QUALITATIVE_PROXY_NOT_IPA,FULL,NONE,YES,NO,FIRST_PASS_EDITORIAL_REVIEWED,CORP-08;SCI-23;SCI-24;SCI-25;SCI-26,,1.17
COG-A1-421,parqueadero,NOUN,A1_REGIONAL_RECEPTIVE,7C_REGIONAL_VARIATION,NO_OBVIOUS_PEDAGOGICAL_COGNATE_FIRST_PASS,,,NOT_ASSESSED,NOT_ASSESSED,EDITORIAL_QUALITATIVE_PROXY_NOT_IPA,NOT_ASSESSED,NONE_IDENTIFIED,NO,NO,FIRST_PASS_EDITORIAL_REVIEWED,CORP-08;SCI-23;SCI-24;SCI-25;SCI-26,No sufficiently transparent English form-meaning bridge identified in the first-pass editorial screen; this is not an etymological claim.,1.17
COG-A1-422,pasaporte,NOUN,A1_CORE_NORMATIVE,PCIC_BASE_A1,TRUE_COGNATE,passport,0.778,HIGH,MEDIUM_PROVISIONAL,EDITORIAL_QUALITATIVE_PROXY_NOT_IPA,FULL,NONE,YES,NO,FIRST_PASS_EDITORIAL_REVIEWED,CORP-08;SCI-23;SCI-24;SCI-25;SCI-26,,1.17
COG-A1-423,paseo,NOUN,A1_CORE_NORMATIVE,PCIC_BASE_A1,INTERNATIONALISM_OR_BORROWING,paseo,1.0,VERY_HIGH,HIGH_PROVISIONAL,EDITORIAL_QUALITATIVE_PROXY_NOT_IPA,PARTIAL,LOW,CONDITIONAL,NO,FIRST_PASS_EDITORIAL_REVIEWED,CORP-08;SCI-23;SCI-24;SCI-25;SCI-26,"Cross-language similarity may be usable, but pedagogical value depends on English familiarity and the relevant sense.",1.17
COG-A1-424,país,NOUN,A1_CORE_NORMATIVE,PCIC_BASE_A1,NO_OBVIOUS_PEDAGOGICAL_COGNATE_FIRST_PASS,,,NOT_ASSESSED,NOT_ASSESSED,EDITORIAL_QUALITATIVE_PROXY_NOT_IPA,NOT_ASSESSED,NONE_IDENTIFIED,NO,NO,FIRST_PASS_EDITORIAL_REVIEWED,CORP-08;SCI-23;SCI-24;SCI-25;SCI-26,No sufficiently transparent English form-meaning bridge identified in the first-pass editorial screen; this is not an etymological claim.,1.17
COG-A1-425,pelo,NOUN,A1_CORE_NORMATIVE,PCIC_BASE_A1,NO_OBVIOUS_PEDAGOGICAL_COGNATE_FIRST_PASS,,,NOT_ASSESSED,NOT_ASSESSED,EDITORIAL_QUALITATIVE_PROXY_NOT_IPA,NOT_ASSESSED,NONE_IDENTIFIED,NO,NO,FIRST_PASS_EDITORIAL_REVIEWED,CORP-08;SCI-23;SCI-24;SCI-25;SCI-26,No sufficiently transparent English form-meaning bridge identified in the first-pass editorial screen; this is not an etymological claim.,1.17
COG-A1-426,película,NOUN,A1_CORE_NORMATIVE,PCIC_BASE_A1,NO_OBVIOUS_PEDAGOGICAL_COGNATE_FIRST_PASS,,,NOT_ASSESSED,NOT_ASSESSED,EDITORIAL_QUALITATIVE_PROXY_NOT_IPA,NOT_ASSESSED,NONE_IDENTIFIED,NO,NO,FIRST_PASS_EDITORIAL_REVIEWED,CORP-08;SCI-23;SCI-24;SCI-25;SCI-26,No sufficiently transparent English form-meaning bridge identified in the first-pass editorial screen; this is not an etymological claim.,1.17
COG-A1-427,pequeño,ADJ,A1_CORE_NORMATIVE,PCIC_BASE_A1,NO_OBVIOUS_PEDAGOGICAL_COGNATE_FIRST_PASS,,,NOT_ASSESSED,NOT_ASSESSED,EDITORIAL_QUALITATIVE_PROXY_NOT_IPA,NOT_ASSESSED,NONE_IDENTIFIED,NO,NO,FIRST_PASS_EDITORIAL_REVIEWED,CORP-08;SCI-23;SCI-24;SCI-25;SCI-26,No sufficiently transparent English form-meaning bridge identified in the first-pass editorial screen; this is not an etymological claim.,1.17
COG-A1-428,perdón,FORMULA,A1_CORE_NORMATIVE,PCIC_BASE_A1,NO_OBVIOUS_PEDAGOGICAL_COGNATE_FIRST_PASS,,,NOT_ASSESSED,NOT_ASSESSED,EDITORIAL_QUALITATIVE_PROXY_NOT_IPA,NOT_ASSESSED,NONE_IDENTIFIED,NO,NO,FIRST_PASS_EDITORIAL_REVIEWED,CORP-08;SCI-23;SCI-24;SCI-25;SCI-26,No sufficiently transparent English form-meaning bridge identified in the first-pass editorial screen; this is not an etymological claim.,1.17
COG-A1-429,periódico,NOUN,A1_CORE_NORMATIVE,PCIC_BASE_A1,FALSE_FRIEND_OR_DECEPTIVE_OVERLAP,periodic,0.889,HIGH,FORM_SIMILARITY_ONLY,EDITORIAL_QUALITATIVE_PROXY_NOT_IPA,DIVERGENT,HIGH,NO,NO,FIRST_PASS_EDITORIAL_REVIEWED,CORP-08;SCI-23;SCI-24;SCI-25;SCI-26,Deceptive form overlap with an English item whose everyday meaning does not match the relevant A1 Spanish sense.,1.17
COG-A1-430,pero,CONJ_CONNECTOR,A1_CORE_NORMATIVE,PCIC_BASE_A1,NO_OBVIOUS_PEDAGOGICAL_COGNATE_FIRST_PASS,,,NOT_ASSESSED,NOT_ASSESSED,EDITORIAL_QUALITATIVE_PROXY_NOT_IPA,NOT_ASSESSED,NONE_IDENTIFIED,NO,NO,FIRST_PASS_EDITORIAL_REVIEWED,CORP-08;SCI-23;SCI-24;SCI-25;SCI-26,No sufficiently transparent English form-meaning bridge identified in the first-pass editorial screen; this is not an etymological claim.,1.17
COG-A1-431,pescado,NOUN,A1_CORE_NORMATIVE,PCIC_BASE_A1,NO_OBVIOUS_PEDAGOGICAL_COGNATE_FIRST_PASS,,,NOT_ASSESSED,NOT_ASSESSED,EDITORIAL_QUALITATIVE_PROXY_NOT_IPA,NOT_ASSESSED,NONE_IDENTIFIED,NO,NO,FIRST_PASS_EDITORIAL_REVIEWED,CORP-08;SCI-23;SCI-24;SCI-25;SCI-26,No sufficiently transparent English form-meaning bridge identified in the first-pass editorial screen; this is not an etymological claim.,1.17
COG-A1-432,piso,NOUN,A1_CORE_NORMATIVE,PCIC_BASE_A1,NO_OBVIOUS_PEDAGOGICAL_COGNATE_FIRST_PASS,,,NOT_ASSESSED,NOT_ASSESSED,EDITORIAL_QUALITATIVE_PROXY_NOT_IPA,NOT_ASSESSED,NONE_IDENTIFIED,NO,NO,FIRST_PASS_EDITORIAL_REVIEWED,CORP-08;SCI-23;SCI-24;SCI-25;SCI-26,No sufficiently transparent English form-meaning bridge identified in the first-pass editorial screen; this is not an etymological claim.,1.17
COG-A1-433,pizarra,NOUN,A1_CORE_NORMATIVE,PCIC_BASE_A1,NO_OBVIOUS_PEDAGOGICAL_COGNATE_FIRST_PASS,,,NOT_ASSESSED,NOT_ASSESSED,EDITORIAL_QUALITATIVE_PROXY_NOT_IPA,NOT_ASSESSED,NONE_IDENTIFIED,NO,NO,FIRST_PASS_EDITORIAL_REVIEWED,CORP-08;SCI-23;SCI-24;SCI-25;SCI-26,No sufficiently transparent English form-meaning bridge identified in the first-pass editorial screen; this is not an etymological claim.,1.17
COG-A1-434,pizarrón,NOUN,A1_REGIONAL_RECEPTIVE,7C_REGIONAL_VARIATION,NO_OBVIOUS_PEDAGOGICAL_COGNATE_FIRST_PASS,,,NOT_ASSESSED,NOT_ASSESSED,EDITORIAL_QUALITATIVE_PROXY_NOT_IPA,NOT_ASSESSED,NONE_IDENTIFIED,NO,NO,FIRST_PASS_EDITORIAL_REVIEWED,CORP-08;SCI-23;SCI-24;SCI-25;SCI-26,No sufficiently transparent English form-meaning bridge identified in the first-pass editorial screen; this is not an etymological claim.,1.17
COG-A1-435,plano,NOUN,A1_CORE_NORMATIVE,PCIC_BASE_A1,SENSE_DEPENDENT_COGNATE,plan,0.8,HIGH,MEDIUM_PROVISIONAL,EDITORIAL_QUALITATIVE_PROXY_NOT_IPA,PARTIAL,MEDIUM,CONDITIONAL,NO,FIRST_PASS_EDITORIAL_REVIEWED,CORP-08;SCI-23;SCI-24;SCI-25;SCI-26,Cross-language similarity is useful only for a restricted sense/register; do not generalize to the whole lexeme.,1.17
COG-A1-436,planta,NOUN,A1_CORE_NORMATIVE,PCIC_BASE_A1,SENSE_DEPENDENT_COGNATE,plant,0.833,HIGH,MEDIUM_PROVISIONAL,EDITORIAL_QUALITATIVE_PROXY_NOT_IPA,PARTIAL,MEDIUM,CONDITIONAL,NO,FIRST_PASS_EDITORIAL_REVIEWED,CORP-08;SCI-23;SCI-24;SCI-25;SCI-26,Cross-language similarity is useful only for a restricted sense/register; do not generalize to the whole lexeme.,1.17
COG-A1-437,playa,NOUN,A1_CORE_NORMATIVE,PCIC_BASE_A1,FALSE_FRIEND_OR_DECEPTIVE_OVERLAP,playa,1.0,VERY_HIGH,FORM_SIMILARITY_ONLY,EDITORIAL_QUALITATIVE_PROXY_NOT_IPA,DIVERGENT,MEDIUM,NO,NO,FIRST_PASS_EDITORIAL_REVIEWED,CORP-08;SCI-23;SCI-24;SCI-25;SCI-26,Deceptive form overlap with an English item whose everyday meaning does not match the relevant A1 Spanish sense.,1.17
COG-A1-438,plaza,NOUN,A1_CORE_NORMATIVE,PCIC_BASE_A1,TRUE_COGNATE,plaza,1.0,VERY_HIGH,HIGH_PROVISIONAL,EDITORIAL_QUALITATIVE_PROXY_NOT_IPA,FULL,NONE,YES,NO,FIRST_PASS_EDITORIAL_REVIEWED,CORP-08;SCI-23;SCI-24;SCI-25;SCI-26,,1.17
COG-A1-439,poco,ADV_QUANT,A1_CORE_NORMATIVE,PCIC_BASE_A1,NO_OBVIOUS_PEDAGOGICAL_COGNATE_FIRST_PASS,,,NOT_ASSESSED,NOT_ASSESSED,EDITORIAL_QUALITATIVE_PROXY_NOT_IPA,NOT_ASSESSED,NONE_IDENTIFIED,NO,NO,FIRST_PASS_EDITORIAL_REVIEWED,CORP-08;SCI-23;SCI-24;SCI-25;SCI-26,No sufficiently transparent English form-meaning bridge identified in the first-pass editorial screen; this is not an etymological claim.,1.17
COG-A1-440,pocos,QUANT,A1_CORE_NORMATIVE,7B_SURFACE_CORRECTION,NO_OBVIOUS_PEDAGOGICAL_COGNATE_FIRST_PASS,,,NOT_ASSESSED,NOT_ASSESSED,EDITORIAL_QUALITATIVE_PROXY_NOT_IPA,NOT_ASSESSED,NONE_IDENTIFIED,NO,NO,FIRST_PASS_EDITORIAL_REVIEWED,CORP-08;SCI-23;SCI-24;SCI-25;SCI-26,No sufficiently transparent English form-meaning bridge identified in the first-pass editorial screen; this is not an etymological claim.,1.17
COG-A1-441,poder,VERB,A1_CORE_NORMATIVE,PCIC_BASE_A1,NO_OBVIOUS_PEDAGOGICAL_COGNATE_FIRST_PASS,,,NOT_ASSESSED,NOT_ASSESSED,EDITORIAL_QUALITATIVE_PROXY_NOT_IPA,NOT_ASSESSED,NONE_IDENTIFIED,NO,NO,FIRST_PASS_EDITORIAL_REVIEWED,CORP-08;SCI-23;SCI-24;SCI-25;SCI-26,No sufficiently transparent English form-meaning bridge identified in the first-pass editorial screen; this is not an etymological claim.,1.17
COG-A1-442,policía,NOUN,A1_CORE_NORMATIVE,PCIC_BASE_A1,TRUE_COGNATE,police,0.714,MEDIUM,MEDIUM_PROVISIONAL,EDITORIAL_QUALITATIVE_PROXY_NOT_IPA,FULL,NONE,YES,NO,FIRST_PASS_EDITORIAL_REVIEWED,CORP-08;SCI-23;SCI-24;SCI-25;SCI-26,,1.17
COG-A1-443,porque,CONJ_CONNECTOR,A1_CORE_NORMATIVE,PCIC_BASE_A1,NO_OBVIOUS_PEDAGOGICAL_COGNATE_FIRST_PASS,,,NOT_ASSESSED,NOT_ASSESSED,EDITORIAL_QUALITATIVE_PROXY_NOT_IPA,NOT_ASSESSED,NONE_IDENTIFIED,NO,NO,FIRST_PASS_EDITORIAL_REVIEWED,CORP-08;SCI-23;SCI-24;SCI-25;SCI-26,No sufficiently transparent English form-meaning bridge identified in the first-pass editorial screen; this is not an etymological claim.,1.17
COG-A1-444,posible,ADJ,A1_CORE_NORMATIVE,PCIC_BASE_A1,TRUE_COGNATE,possible,0.875,HIGH,MEDIUM_PROVISIONAL,EDITORIAL_QUALITATIVE_PROXY_NOT_IPA,FULL,NONE,YES,NO,FIRST_PASS_EDITORIAL_REVIEWED,CORP-08;SCI-23;SCI-24;SCI-25;SCI-26,,1.17
COG-A1-445,postal,ADJ_NOUN|NOUN,A1_CORE_NORMATIVE,PCIC_BASE_A1,SENSE_DEPENDENT_COGNATE,postal,1.0,VERY_HIGH,HIGH_PROVISIONAL,EDITORIAL_QUALITATIVE_PROXY_NOT_IPA,PARTIAL,MEDIUM,CONDITIONAL,NO,FIRST_PASS_EDITORIAL_REVIEWED,CORP-08;SCI-23;SCI-24;SCI-25;SCI-26,Cross-language similarity is useful only for a restricted sense/register; do not generalize to the whole lexeme.,1.17
COG-A1-446,postre,NOUN,A1_CORE_NORMATIVE,PCIC_BASE_A1,NO_OBVIOUS_PEDAGOGICAL_COGNATE_FIRST_PASS,,,NOT_ASSESSED,NOT_ASSESSED,EDITORIAL_QUALITATIVE_PROXY_NOT_IPA,NOT_ASSESSED,NONE_IDENTIFIED,NO,NO,FIRST_PASS_EDITORIAL_REVIEWED,CORP-08;SCI-23;SCI-24;SCI-25;SCI-26,No sufficiently transparent English form-meaning bridge identified in the first-pass editorial screen; this is not an etymological claim.,1.17
COG-A1-447,practicar,VERB,A1_CORE_NORMATIVE,PCIC_BASE_A1,TRUE_COGNATE,practice,0.778,HIGH,MEDIUM_PROVISIONAL,EDITORIAL_QUALITATIVE_PROXY_NOT_IPA,FULL,NONE,YES,NO,FIRST_PASS_EDITORIAL_REVIEWED,CORP-08;SCI-23;SCI-24;SCI-25;SCI-26,,1.17
COG-A1-448,precio,NOUN,A1_CORE_NORMATIVE,PCIC_BASE_A1,TRUE_COGNATE,price,0.5,LOW,LOW_PROVISIONAL,EDITORIAL_QUALITATIVE_PROXY_NOT_IPA,FULL,NONE,YES,NO,FIRST_PASS_EDITORIAL_REVIEWED,CORP-08;SCI-23;SCI-24;SCI-25;SCI-26,,1.17
COG-A1-449,preferir,VERB,A1_CORE_NORMATIVE,PCIC_BASE_A1,TRUE_COGNATE,prefer,0.75,HIGH,MEDIUM_PROVISIONAL,EDITORIAL_QUALITATIVE_PROXY_NOT_IPA,FULL,NONE,YES,NO,FIRST_PASS_EDITORIAL_REVIEWED,CORP-08;SCI-23;SCI-24;SCI-25;SCI-26,,1.17
COG-A1-450,pregunta,NOUN,A1_CORE_NORMATIVE,PCIC_BASE_A1,NO_OBVIOUS_PEDAGOGICAL_COGNATE_FIRST_PASS,,,NOT_ASSESSED,NOT_ASSESSED,EDITORIAL_QUALITATIVE_PROXY_NOT_IPA,NOT_ASSESSED,NONE_IDENTIFIED,NO,NO,FIRST_PASS_EDITORIAL_REVIEWED,CORP-08;SCI-23;SCI-24;SCI-25;SCI-26,No sufficiently transparent English form-meaning bridge identified in the first-pass editorial screen; this is not an etymological claim.,1.17
COG-A1-451,presidente,NOUN,A1_CORE_NORMATIVE,PCIC_BASE_A1,TRUE_COGNATE,president,0.9,VERY_HIGH,HIGH_PROVISIONAL,EDITORIAL_QUALITATIVE_PROXY_NOT_IPA,FULL,NONE,YES,NO,FIRST_PASS_EDITORIAL_REVIEWED,CORP-08;SCI-23;SCI-24;SCI-25;SCI-26,,1.17
COG-A1-452,primavera,NOUN,A1_CORE_NORMATIVE,PCIC_BASE_A1,NO_OBVIOUS_PEDAGOGICAL_COGNATE_FIRST_PASS,,,NOT_ASSESSED,NOT_ASSESSED,EDITORIAL_QUALITATIVE_PROXY_NOT_IPA,NOT_ASSESSED,NONE_IDENTIFIED,NO,NO,FIRST_PASS_EDITORIAL_REVIEWED,CORP-08;SCI-23;SCI-24;SCI-25;SCI-26,No sufficiently transparent English form-meaning bridge identified in the first-pass editorial screen; this is not an etymological claim.,1.17
COG-A1-453,primer,ORDINAL,A1_CORE_NORMATIVE,7B_SURFACE_CORRECTION,NO_OBVIOUS_PEDAGOGICAL_COGNATE_FIRST_PASS,,,NOT_ASSESSED,NOT_ASSESSED,EDITORIAL_QUALITATIVE_PROXY_NOT_IPA,NOT_ASSESSED,NONE_IDENTIFIED,NO,NO,FIRST_PASS_EDITORIAL_REVIEWED,CORP-08;SCI-23;SCI-24;SCI-25;SCI-26,No sufficiently transparent English form-meaning bridge identified in the first-pass editorial screen; this is not an etymological claim.,1.17
COG-A1-454,primera,ORDINAL,A1_CORE_NORMATIVE,PCIC_BASE_A1,NO_OBVIOUS_PEDAGOGICAL_COGNATE_FIRST_PASS,,,NOT_ASSESSED,NOT_ASSESSED,EDITORIAL_QUALITATIVE_PROXY_NOT_IPA,NOT_ASSESSED,NONE_IDENTIFIED,NO,NO,FIRST_PASS_EDITORIAL_REVIEWED,CORP-08;SCI-23;SCI-24;SCI-25;SCI-26,No sufficiently transparent English form-meaning bridge identified in the first-pass editorial screen; this is not an etymological claim.,1.17
COG-A1-455,primero,ORDINAL,A1_CORE_NORMATIVE,PCIC_BASE_A1,NO_OBVIOUS_PEDAGOGICAL_COGNATE_FIRST_PASS,,,NOT_ASSESSED,NOT_ASSESSED,EDITORIAL_QUALITATIVE_PROXY_NOT_IPA,NOT_ASSESSED,NONE_IDENTIFIED,NO,NO,FIRST_PASS_EDITORIAL_REVIEWED,CORP-08;SCI-23;SCI-24;SCI-25;SCI-26,No sufficiently transparent English form-meaning bridge identified in the first-pass editorial screen; this is not an etymological claim.,1.17
COG-A1-456,primo,NOUN,A1_CORE_NORMATIVE,PCIC_BASE_A1,FALSE_FRIEND_OR_DECEPTIVE_OVERLAP,primo,1.0,VERY_HIGH,FORM_SIMILARITY_ONLY,EDITORIAL_QUALITATIVE_PROXY_NOT_IPA,DIVERGENT,HIGH,NO,NO,FIRST_PASS_EDITORIAL_REVIEWED,CORP-08;SCI-23;SCI-24;SCI-25;SCI-26,Deceptive form overlap with an English item whose everyday meaning does not match the relevant A1 Spanish sense.,1.17
COG-A1-457,profesión,NOUN,A1_CORE_NORMATIVE,PCIC_BASE_A1,TRUE_COGNATE,profession,0.9,VERY_HIGH,HIGH_PROVISIONAL,EDITORIAL_QUALITATIVE_PROXY_NOT_IPA,FULL,NONE,YES,NO,FIRST_PASS_EDITORIAL_REVIEWED,CORP-08;SCI-23;SCI-24;SCI-25;SCI-26,,1.17
COG-A1-458,profesor,NOUN,A1_CORE_NORMATIVE,PCIC_BASE_A1,TRUE_COGNATE,professor,0.889,HIGH,MEDIUM_PROVISIONAL,EDITORIAL_QUALITATIVE_PROXY_NOT_IPA,FULL,NONE,YES,NO,FIRST_PASS_EDITORIAL_REVIEWED,CORP-08;SCI-23;SCI-24;SCI-25;SCI-26,,1.17
COG-A1-459,pronto,ADV_QUANT,A1_CORE_NORMATIVE,PCIC_BASE_A1,NO_OBVIOUS_PEDAGOGICAL_COGNATE_FIRST_PASS,,,NOT_ASSESSED,NOT_ASSESSED,EDITORIAL_QUALITATIVE_PROXY_NOT_IPA,NOT_ASSESSED,NONE_IDENTIFIED,NO,NO,FIRST_PASS_EDITORIAL_REVIEWED,CORP-08;SCI-23;SCI-24;SCI-25;SCI-26,No sufficiently transparent English form-meaning bridge identified in the first-pass editorial screen; this is not an etymological claim.,1.17
COG-A1-460,publicidad,NOUN,A1_CORE_NORMATIVE,PCIC_BASE_A1,SENSE_DEPENDENT_COGNATE,publicity,0.7,MEDIUM,MEDIUM_PROVISIONAL,EDITORIAL_QUALITATIVE_PROXY_NOT_IPA,PARTIAL,HIGH,CONDITIONAL,NO,FIRST_PASS_EDITORIAL_REVIEWED,CORP-08;SCI-23;SCI-24;SCI-25;SCI-26,Similarity is real but sense/register/distribution differs enough to require explicit teaching.,1.17
COG-A1-461,pueblo,NOUN,A1_CORE_NORMATIVE,PCIC_BASE_A1,SENSE_DEPENDENT_COGNATE,pueblo,1.0,VERY_HIGH,HIGH_PROVISIONAL,EDITORIAL_QUALITATIVE_PROXY_NOT_IPA,PARTIAL,MEDIUM,CONDITIONAL,NO,FIRST_PASS_EDITORIAL_REVIEWED,CORP-08;SCI-23;SCI-24;SCI-25;SCI-26,"Cross-language similarity may be usable, but pedagogical value depends on English familiarity and the relevant sense.",1.17
COG-A1-462,puerta,NOUN,A1_CORE_NORMATIVE,PCIC_BASE_A1,NO_OBVIOUS_PEDAGOGICAL_COGNATE_FIRST_PASS,,,NOT_ASSESSED,NOT_ASSESSED,EDITORIAL_QUALITATIVE_PROXY_NOT_IPA,NOT_ASSESSED,NONE_IDENTIFIED,NO,NO,FIRST_PASS_EDITORIAL_REVIEWED,CORP-08;SCI-23;SCI-24;SCI-25;SCI-26,No sufficiently transparent English form-meaning bridge identified in the first-pass editorial screen; this is not an etymological claim.,1.17
COG-A1-463,puerto,NOUN,A1_CORE_NORMATIVE,PCIC_BASE_A1,TRUE_COGNATE,port,0.5,LOW,LOW_PROVISIONAL,EDITORIAL_QUALITATIVE_PROXY_NOT_IPA,FULL,NONE,YES,NO,FIRST_PASS_EDITORIAL_REVIEWED,CORP-08;SCI-23;SCI-24;SCI-25;SCI-26,,1.17
COG-A1-464,punto,NOUN,A1_CORE_NORMATIVE,PCIC_BASE_A1,TRUE_COGNATE,point,0.4,LOW,LOW_PROVISIONAL,EDITORIAL_QUALITATIVE_PROXY_NOT_IPA,FULL,NONE,YES,NO,FIRST_PASS_EDITORIAL_REVIEWED,CORP-08;SCI-23;SCI-24;SCI-25;SCI-26,,1.17
COG-A1-465,página,NOUN,A1_CORE_NORMATIVE,PCIC_BASE_A1,TRUE_COGNATE,page,0.5,LOW,LOW_PROVISIONAL,EDITORIAL_QUALITATIVE_PROXY_NOT_IPA,FULL,NONE,YES,NO,FIRST_PASS_EDITORIAL_REVIEWED,CORP-08;SCI-23;SCI-24;SCI-25;SCI-26,,1.17
COG-A1-466,que,CONJ_CONNECTOR,A1_CORE_NORMATIVE,PCIC_BASE_A1,NO_OBVIOUS_PEDAGOGICAL_COGNATE_FIRST_PASS,,,NOT_ASSESSED,NOT_ASSESSED,EDITORIAL_QUALITATIVE_PROXY_NOT_IPA,NOT_ASSESSED,NONE_IDENTIFIED,NO,NO,FIRST_PASS_EDITORIAL_REVIEWED,CORP-08;SCI-23;SCI-24;SCI-25;SCI-26,No sufficiently transparent English form-meaning bridge identified in the first-pass editorial screen; this is not an etymological claim.,1.17
COG-A1-467,querer,VERB,A1_CORE_NORMATIVE,PCIC_BASE_A1,NO_OBVIOUS_PEDAGOGICAL_COGNATE_FIRST_PASS,,,NOT_ASSESSED,NOT_ASSESSED,EDITORIAL_QUALITATIVE_PROXY_NOT_IPA,NOT_ASSESSED,NONE_IDENTIFIED,NO,NO,FIRST_PASS_EDITORIAL_REVIEWED,CORP-08;SCI-23;SCI-24;SCI-25;SCI-26,No sufficiently transparent English form-meaning bridge identified in the first-pass editorial screen; this is not an etymological claim.,1.17
COG-A1-468,quinta,ORDINAL,A1_CORE_NORMATIVE,PCIC_BASE_A1,NO_OBVIOUS_PEDAGOGICAL_COGNATE_FIRST_PASS,,,NOT_ASSESSED,NOT_ASSESSED,EDITORIAL_QUALITATIVE_PROXY_NOT_IPA,NOT_ASSESSED,NONE_IDENTIFIED,NO,NO,FIRST_PASS_EDITORIAL_REVIEWED,CORP-08;SCI-23;SCI-24;SCI-25;SCI-26,No sufficiently transparent English form-meaning bridge identified in the first-pass editorial screen; this is not an etymological claim.,1.17
COG-A1-469,quinto,ORDINAL,A1_CORE_NORMATIVE,PCIC_BASE_A1,NO_OBVIOUS_PEDAGOGICAL_COGNATE_FIRST_PASS,,,NOT_ASSESSED,NOT_ASSESSED,EDITORIAL_QUALITATIVE_PROXY_NOT_IPA,NOT_ASSESSED,NONE_IDENTIFIED,NO,NO,FIRST_PASS_EDITORIAL_REVIEWED,CORP-08;SCI-23;SCI-24;SCI-25;SCI-26,No sufficiently transparent English form-meaning bridge identified in the first-pass editorial screen; this is not an etymological claim.,1.17
COG-A1-470,quiosco,NOUN,A1_CORE_NORMATIVE,PCIC_BASE_A1,TRUE_COGNATE,kiosk,0.429,LOW,LOW_PROVISIONAL,EDITORIAL_QUALITATIVE_PROXY_NOT_IPA,FULL,NONE,YES,NO,FIRST_PASS_EDITORIAL_REVIEWED,CORP-08;SCI-23;SCI-24;SCI-25;SCI-26,,1.17
COG-A1-471,quizá,ADV_QUANT,A1_CORE_NORMATIVE,PCIC_BASE_A1,NO_OBVIOUS_PEDAGOGICAL_COGNATE_FIRST_PASS,,,NOT_ASSESSED,NOT_ASSESSED,EDITORIAL_QUALITATIVE_PROXY_NOT_IPA,NOT_ASSESSED,NONE_IDENTIFIED,NO,NO,FIRST_PASS_EDITORIAL_REVIEWED,CORP-08;SCI-23;SCI-24;SCI-25;SCI-26,No sufficiently transparent English form-meaning bridge identified in the first-pass editorial screen; this is not an etymological claim.,1.17
COG-A1-472,quizás,ADV_QUANT,A1_CORE_NORMATIVE,PCIC_BASE_A1,NO_OBVIOUS_PEDAGOGICAL_COGNATE_FIRST_PASS,,,NOT_ASSESSED,NOT_ASSESSED,EDITORIAL_QUALITATIVE_PROXY_NOT_IPA,NOT_ASSESSED,NONE_IDENTIFIED,NO,NO,FIRST_PASS_EDITORIAL_REVIEWED,CORP-08;SCI-23;SCI-24;SCI-25;SCI-26,No sufficiently transparent English form-meaning bridge identified in the first-pass editorial screen; this is not an etymological claim.,1.17
COG-A1-473,quién,INTERROGATIVE,A1_CORE_NORMATIVE,PCIC_BASE_A1,NO_OBVIOUS_PEDAGOGICAL_COGNATE_FIRST_PASS,,,NOT_ASSESSED,NOT_ASSESSED,EDITORIAL_QUALITATIVE_PROXY_NOT_IPA,NOT_ASSESSED,NONE_IDENTIFIED,NO,NO,FIRST_PASS_EDITORIAL_REVIEWED,CORP-08;SCI-23;SCI-24;SCI-25;SCI-26,No sufficiently transparent English form-meaning bridge identified in the first-pass editorial screen; this is not an etymological claim.,1.17
COG-A1-474,qué,INTERROGATIVE,A1_CORE_NORMATIVE,PCIC_BASE_A1,NO_OBVIOUS_PEDAGOGICAL_COGNATE_FIRST_PASS,,,NOT_ASSESSED,NOT_ASSESSED,EDITORIAL_QUALITATIVE_PROXY_NOT_IPA,NOT_ASSESSED,NONE_IDENTIFIED,NO,NO,FIRST_PASS_EDITORIAL_REVIEWED,CORP-08;SCI-23;SCI-24;SCI-25;SCI-26,No sufficiently transparent English form-meaning bridge identified in the first-pass editorial screen; this is not an etymological claim.,1.17
COG-A1-475,radio,NOUN,A1_CORE_NORMATIVE,PCIC_BASE_A1,TRUE_COGNATE,radio,1.0,VERY_HIGH,HIGH_PROVISIONAL,EDITORIAL_QUALITATIVE_PROXY_NOT_IPA,FULL,NONE,YES,NO,FIRST_PASS_EDITORIAL_REVIEWED,CORP-08;SCI-23;SCI-24;SCI-25;SCI-26,,1.17
COG-A1-476,regular,ADJ,A1_CORE_NORMATIVE,PCIC_BASE_A1,SENSE_DEPENDENT_COGNATE,regular,1.0,VERY_HIGH,HIGH_PROVISIONAL,EDITORIAL_QUALITATIVE_PROXY_NOT_IPA,PARTIAL,MEDIUM,CONDITIONAL,NO,FIRST_PASS_EDITORIAL_REVIEWED,CORP-08;SCI-23;SCI-24;SCI-25;SCI-26,Cross-language similarity is useful only for a restricted sense/register; do not generalize to the whole lexeme.,1.17
COG-A1-477,reina,NOUN,A1_CORE_NORMATIVE,PCIC_BASE_A1,NO_OBVIOUS_PEDAGOGICAL_COGNATE_FIRST_PASS,,,NOT_ASSESSED,NOT_ASSESSED,EDITORIAL_QUALITATIVE_PROXY_NOT_IPA,NOT_ASSESSED,NONE_IDENTIFIED,NO,NO,FIRST_PASS_EDITORIAL_REVIEWED,CORP-08;SCI-23;SCI-24;SCI-25;SCI-26,No sufficiently transparent English form-meaning bridge identified in the first-pass editorial screen; this is not an etymological claim.,1.17
COG-A1-478,religión,NOUN,A1_CORE_NORMATIVE,PCIC_BASE_A1,TRUE_COGNATE,religion,1.0,VERY_HIGH,HIGH_PROVISIONAL,EDITORIAL_QUALITATIVE_PROXY_NOT_IPA,FULL,NONE,YES,NO,FIRST_PASS_EDITORIAL_REVIEWED,CORP-08;SCI-23;SCI-24;SCI-25;SCI-26,,1.17
COG-A1-479,reloj,NOUN,A1_CORE_NORMATIVE,PCIC_BASE_A1,NO_OBVIOUS_PEDAGOGICAL_COGNATE_FIRST_PASS,,,NOT_ASSESSED,NOT_ASSESSED,EDITORIAL_QUALITATIVE_PROXY_NOT_IPA,NOT_ASSESSED,NONE_IDENTIFIED,NO,NO,FIRST_PASS_EDITORIAL_REVIEWED,CORP-08;SCI-23;SCI-24;SCI-25;SCI-26,No sufficiently transparent English form-meaning bridge identified in the first-pass editorial screen; this is not an etymological claim.,1.17
COG-A1-480,repetir,VERB,A1_CORE_NORMATIVE,PCIC_BASE_A1,TRUE_COGNATE,repeat,0.571,LOW,LOW_PROVISIONAL,EDITORIAL_QUALITATIVE_PROXY_NOT_IPA,FULL,NONE,YES,NO,FIRST_PASS_EDITORIAL_REVIEWED,CORP-08;SCI-23;SCI-24;SCI-25;SCI-26,,1.17
COG-A1-481,restaurante,NOUN,A1_CORE_NORMATIVE,PCIC_BASE_A1,TRUE_COGNATE,restaurant,0.909,VERY_HIGH,HIGH_PROVISIONAL,EDITORIAL_QUALITATIVE_PROXY_NOT_IPA,FULL,NONE,YES,NO,FIRST_PASS_EDITORIAL_REVIEWED,CORP-08;SCI-23;SCI-24;SCI-25;SCI-26,,1.17
COG-A1-482,revista,NOUN,A1_CORE_NORMATIVE,PCIC_BASE_A1,FALSE_FRIEND_OR_DECEPTIVE_OVERLAP,revise,0.714,MEDIUM,FORM_SIMILARITY_ONLY,EDITORIAL_QUALITATIVE_PROXY_NOT_IPA,DIVERGENT,MEDIUM,NO,NO,FIRST_PASS_EDITORIAL_REVIEWED,CORP-08;SCI-23;SCI-24;SCI-25;SCI-26,"Orthographic resemblance may mislead, but English revise does not mean Spanish revista = magazine.",1.17
COG-A1-483,rey,NOUN,A1_CORE_NORMATIVE,PCIC_BASE_A1,NO_OBVIOUS_PEDAGOGICAL_COGNATE_FIRST_PASS,,,NOT_ASSESSED,NOT_ASSESSED,EDITORIAL_QUALITATIVE_PROXY_NOT_IPA,NOT_ASSESSED,NONE_IDENTIFIED,NO,NO,FIRST_PASS_EDITORIAL_REVIEWED,CORP-08;SCI-23;SCI-24;SCI-25;SCI-26,No sufficiently transparent English form-meaning bridge identified in the first-pass editorial screen; this is not an etymological claim.,1.17
COG-A1-484,rojo,ADJ,A1_CORE_NORMATIVE,PCIC_BASE_A1,NO_OBVIOUS_PEDAGOGICAL_COGNATE_FIRST_PASS,,,NOT_ASSESSED,NOT_ASSESSED,EDITORIAL_QUALITATIVE_PROXY_NOT_IPA,NOT_ASSESSED,NONE_IDENTIFIED,NO,NO,FIRST_PASS_EDITORIAL_REVIEWED,CORP-08;SCI-23;SCI-24;SCI-25;SCI-26,No sufficiently transparent English form-meaning bridge identified in the first-pass editorial screen; this is not an etymological claim.,1.17
COG-A1-485,rubio,ADJ,A1_CORE_NORMATIVE,PCIC_BASE_A1,NO_OBVIOUS_PEDAGOGICAL_COGNATE_FIRST_PASS,,,NOT_ASSESSED,NOT_ASSESSED,EDITORIAL_QUALITATIVE_PROXY_NOT_IPA,NOT_ASSESSED,NONE_IDENTIFIED,NO,NO,FIRST_PASS_EDITORIAL_REVIEWED,CORP-08;SCI-23;SCI-24;SCI-25;SCI-26,No sufficiently transparent English form-meaning bridge identified in the first-pass editorial screen; this is not an etymological claim.,1.17
COG-A1-486,rápido,ADJ,A1_CORE_NORMATIVE,PCIC_BASE_A1,NO_OBVIOUS_PEDAGOGICAL_COGNATE_FIRST_PASS,,,NOT_ASSESSED,NOT_ASSESSED,EDITORIAL_QUALITATIVE_PROXY_NOT_IPA,NOT_ASSESSED,NONE_IDENTIFIED,NO,NO,FIRST_PASS_EDITORIAL_REVIEWED,CORP-08;SCI-23;SCI-24;SCI-25;SCI-26,No sufficiently transparent English form-meaning bridge identified in the first-pass editorial screen; this is not an etymological claim.,1.17
COG-A1-487,río,NOUN,A1_CORE_NORMATIVE,PCIC_BASE_A1,NO_OBVIOUS_PEDAGOGICAL_COGNATE_FIRST_PASS,,,NOT_ASSESSED,NOT_ASSESSED,EDITORIAL_QUALITATIVE_PROXY_NOT_IPA,NOT_ASSESSED,NONE_IDENTIFIED,NO,NO,FIRST_PASS_EDITORIAL_REVIEWED,CORP-08;SCI-23;SCI-24;SCI-25;SCI-26,No sufficiently transparent English form-meaning bridge identified in the first-pass editorial screen; this is not an etymological claim.,1.17
COG-A1-488,saber,VERB,A1_CORE_NORMATIVE,PCIC_BASE_A1,NO_OBVIOUS_PEDAGOGICAL_COGNATE_FIRST_PASS,,,NOT_ASSESSED,NOT_ASSESSED,EDITORIAL_QUALITATIVE_PROXY_NOT_IPA,NOT_ASSESSED,NONE_IDENTIFIED,NO,NO,FIRST_PASS_EDITORIAL_REVIEWED,CORP-08;SCI-23;SCI-24;SCI-25;SCI-26,No sufficiently transparent English form-meaning bridge identified in the first-pass editorial screen; this is not an etymological claim.,1.17
COG-A1-489,sala,NOUN,A1_CORE_NORMATIVE,PCIC_BASE_A1,NO_OBVIOUS_PEDAGOGICAL_COGNATE_FIRST_PASS,,,NOT_ASSESSED,NOT_ASSESSED,EDITORIAL_QUALITATIVE_PROXY_NOT_IPA,NOT_ASSESSED,NONE_IDENTIFIED,NO,NO,FIRST_PASS_EDITORIAL_REVIEWED,CORP-08;SCI-23;SCI-24;SCI-25;SCI-26,No sufficiently transparent English form-meaning bridge identified in the first-pass editorial screen; this is not an etymological claim.,1.17
COG-A1-490,salida,NOUN,A1_CORE_NORMATIVE,PCIC_BASE_A1,NO_OBVIOUS_PEDAGOGICAL_COGNATE_FIRST_PASS,,,NOT_ASSESSED,NOT_ASSESSED,EDITORIAL_QUALITATIVE_PROXY_NOT_IPA,NOT_ASSESSED,NONE_IDENTIFIED,NO,NO,FIRST_PASS_EDITORIAL_REVIEWED,CORP-08;SCI-23;SCI-24;SCI-25;SCI-26,No sufficiently transparent English form-meaning bridge identified in the first-pass editorial screen; this is not an etymological claim.,1.17
COG-A1-491,salir,VERB,A1_CORE_NORMATIVE,PCIC_BASE_A1,NO_OBVIOUS_PEDAGOGICAL_COGNATE_FIRST_PASS,,,NOT_ASSESSED,NOT_ASSESSED,EDITORIAL_QUALITATIVE_PROXY_NOT_IPA,NOT_ASSESSED,NONE_IDENTIFIED,NO,NO,FIRST_PASS_EDITORIAL_REVIEWED,CORP-08;SCI-23;SCI-24;SCI-25;SCI-26,No sufficiently transparent English form-meaning bridge identified in the first-pass editorial screen; this is not an etymological claim.,1.17
COG-A1-492,salud,FORMULA,A1_CORE_NORMATIVE,PCIC_BASE_A1,NO_OBVIOUS_PEDAGOGICAL_COGNATE_FIRST_PASS,,,NOT_ASSESSED,NOT_ASSESSED,EDITORIAL_QUALITATIVE_PROXY_NOT_IPA,NOT_ASSESSED,NONE_IDENTIFIED,NO,NO,FIRST_PASS_EDITORIAL_REVIEWED,CORP-08;SCI-23;SCI-24;SCI-25;SCI-26,No sufficiently transparent English form-meaning bridge identified in the first-pass editorial screen; this is not an etymological claim.,1.17
COG-A1-493,salón,NOUN,A1_CORE_NORMATIVE,PCIC_BASE_A1,SENSE_DEPENDENT_COGNATE,salon,1.0,VERY_HIGH,HIGH_PROVISIONAL,EDITORIAL_QUALITATIVE_PROXY_NOT_IPA,PARTIAL,MEDIUM,CONDITIONAL,NO,FIRST_PASS_EDITORIAL_REVIEWED,CORP-08;SCI-23;SCI-24;SCI-25;SCI-26,Cross-language similarity is useful only for a restricted sense/register; do not generalize to the whole lexeme.,1.17
COG-A1-494,se,CLITIC,A1_CORE_NORMATIVE,PCIC_BASE_A1,NO_OBVIOUS_PEDAGOGICAL_COGNATE_FIRST_PASS,,,NOT_ASSESSED,NOT_ASSESSED,EDITORIAL_QUALITATIVE_PROXY_NOT_IPA,NOT_ASSESSED,NONE_IDENTIFIED,NO,NO,FIRST_PASS_EDITORIAL_REVIEWED,CORP-08;SCI-23;SCI-24;SCI-25;SCI-26,No sufficiently transparent English form-meaning bridge identified in the first-pass editorial screen; this is not an etymological claim.,1.17
COG-A1-495,segunda,ORDINAL,A1_CORE_NORMATIVE,PCIC_BASE_A1,NO_OBVIOUS_PEDAGOGICAL_COGNATE_FIRST_PASS,,,NOT_ASSESSED,NOT_ASSESSED,EDITORIAL_QUALITATIVE_PROXY_NOT_IPA,NOT_ASSESSED,NONE_IDENTIFIED,NO,NO,FIRST_PASS_EDITORIAL_REVIEWED,CORP-08;SCI-23;SCI-24;SCI-25;SCI-26,No sufficiently transparent English form-meaning bridge identified in the first-pass editorial screen; this is not an etymological claim.,1.17
COG-A1-496,segundo,ORDINAL,A1_CORE_NORMATIVE,PCIC_BASE_A1,NO_OBVIOUS_PEDAGOGICAL_COGNATE_FIRST_PASS,,,NOT_ASSESSED,NOT_ASSESSED,EDITORIAL_QUALITATIVE_PROXY_NOT_IPA,NOT_ASSESSED,NONE_IDENTIFIED,NO,NO,FIRST_PASS_EDITORIAL_REVIEWED,CORP-08;SCI-23;SCI-24;SCI-25;SCI-26,No sufficiently transparent English form-meaning bridge identified in the first-pass editorial screen; this is not an etymological claim.,1.17
COG-A1-497,sello,NOUN,A1_CORE_NORMATIVE,PCIC_BASE_A1,PEDAGOGICAL_COGNATE_PARTIAL,seal,0.6,MEDIUM,LOW_PROVISIONAL,EDITORIAL_QUALITATIVE_PROXY_NOT_IPA,PARTIAL,LOW,YES,NO,FIRST_PASS_EDITORIAL_REVIEWED,CORP-08;SCI-23;SCI-24;SCI-25;SCI-26,"Useful cross-language similarity, but not fully transparent or not identical in everyday distribution.",1.17
COG-A1-498,semana,NOUN,A1_CORE_NORMATIVE,PCIC_BASE_A1,NO_OBVIOUS_PEDAGOGICAL_COGNATE_FIRST_PASS,,,NOT_ASSESSED,NOT_ASSESSED,EDITORIAL_QUALITATIVE_PROXY_NOT_IPA,NOT_ASSESSED,NONE_IDENTIFIED,NO,NO,FIRST_PASS_EDITORIAL_REVIEWED,CORP-08;SCI-23;SCI-24;SCI-25;SCI-26,No sufficiently transparent English form-meaning bridge identified in the first-pass editorial screen; this is not an etymological claim.,1.17
COG-A1-499,separado,ADJ,A1_CORE_NORMATIVE,PCIC_BASE_A1,TRUE_COGNATE,separated,0.667,MEDIUM,LOW_PROVISIONAL,EDITORIAL_QUALITATIVE_PROXY_NOT_IPA,FULL,NONE,YES,NO,FIRST_PASS_EDITORIAL_REVIEWED,CORP-08;SCI-23;SCI-24;SCI-25;SCI-26,,1.17
COG-A1-500,ser,VERB,A1_CORE_NORMATIVE,PCIC_BASE_A1,NO_OBVIOUS_PEDAGOGICAL_COGNATE_FIRST_PASS,,,NOT_ASSESSED,NOT_ASSESSED,EDITORIAL_QUALITATIVE_PROXY_NOT_IPA,NOT_ASSESSED,NONE_IDENTIFIED,NO,NO,FIRST_PASS_EDITORIAL_REVIEWED,CORP-08;SCI-23;SCI-24;SCI-25;SCI-26,No sufficiently transparent English form-meaning bridge identified in the first-pass editorial screen; this is not an etymological claim.,1.17
COG-A1-501,serio,ADJ,A1_CORE_NORMATIVE,PCIC_BASE_A1,TRUE_COGNATE,serious,0.714,MEDIUM,MEDIUM_PROVISIONAL,EDITORIAL_QUALITATIVE_PROXY_NOT_IPA,FULL,NONE,YES,NO,FIRST_PASS_EDITORIAL_REVIEWED,CORP-08;SCI-23;SCI-24;SCI-25;SCI-26,,1.17
COG-A1-502,sexta,ORDINAL,A1_CORE_NORMATIVE,PCIC_BASE_A1,NO_OBVIOUS_PEDAGOGICAL_COGNATE_FIRST_PASS,,,NOT_ASSESSED,NOT_ASSESSED,EDITORIAL_QUALITATIVE_PROXY_NOT_IPA,NOT_ASSESSED,NONE_IDENTIFIED,NO,NO,FIRST_PASS_EDITORIAL_REVIEWED,CORP-08;SCI-23;SCI-24;SCI-25;SCI-26,No sufficiently transparent English form-meaning bridge identified in the first-pass editorial screen; this is not an etymological claim.,1.17
COG-A1-503,sexto,ORDINAL,A1_CORE_NORMATIVE,PCIC_BASE_A1,NO_OBVIOUS_PEDAGOGICAL_COGNATE_FIRST_PASS,,,NOT_ASSESSED,NOT_ASSESSED,EDITORIAL_QUALITATIVE_PROXY_NOT_IPA,NOT_ASSESSED,NONE_IDENTIFIED,NO,NO,FIRST_PASS_EDITORIAL_REVIEWED,CORP-08;SCI-23;SCI-24;SCI-25;SCI-26,No sufficiently transparent English form-meaning bridge identified in the first-pass editorial screen; this is not an etymological claim.,1.17
COG-A1-504,señor,NOUN,A1_CORE_NORMATIVE,PCIC_BASE_A1,INTERNATIONALISM_OR_BORROWING,senor,1.0,VERY_HIGH,HIGH_PROVISIONAL,EDITORIAL_QUALITATIVE_PROXY_NOT_IPA,FULL,LOW,YES,NO,FIRST_PASS_EDITORIAL_REVIEWED,CORP-08;SCI-23;SCI-24;SCI-25;SCI-26,"Cross-language similarity may be usable, but pedagogical value depends on English familiarity and the relevant sense.",1.17
COG-A1-505,señora,NOUN,A1_CORE_NORMATIVE,PCIC_BASE_A1,NO_OBVIOUS_PEDAGOGICAL_COGNATE_FIRST_PASS,,,NOT_ASSESSED,NOT_ASSESSED,EDITORIAL_QUALITATIVE_PROXY_NOT_IPA,NOT_ASSESSED,NONE_IDENTIFIED,NO,NO,FIRST_PASS_EDITORIAL_REVIEWED,CORP-08;SCI-23;SCI-24;SCI-25;SCI-26,No sufficiently transparent English form-meaning bridge identified in the first-pass editorial screen; this is not an etymological claim.,1.17
COG-A1-506,señores,NOUN,A1_CORE_NORMATIVE,7B_SURFACE_CORRECTION,NO_OBVIOUS_PEDAGOGICAL_COGNATE_FIRST_PASS,,,NOT_ASSESSED,NOT_ASSESSED,EDITORIAL_QUALITATIVE_PROXY_NOT_IPA,NOT_ASSESSED,NONE_IDENTIFIED,NO,NO,FIRST_PASS_EDITORIAL_REVIEWED,CORP-08;SCI-23;SCI-24;SCI-25;SCI-26,No sufficiently transparent English form-meaning bridge identified in the first-pass editorial screen; this is not an etymological claim.,1.17
COG-A1-507,siempre,ADV_QUANT,A1_CORE_NORMATIVE,PCIC_BASE_A1,NO_OBVIOUS_PEDAGOGICAL_COGNATE_FIRST_PASS,,,NOT_ASSESSED,NOT_ASSESSED,EDITORIAL_QUALITATIVE_PROXY_NOT_IPA,NOT_ASSESSED,NONE_IDENTIFIED,NO,NO,FIRST_PASS_EDITORIAL_REVIEWED,CORP-08;SCI-23;SCI-24;SCI-25;SCI-26,No sufficiently transparent English form-meaning bridge identified in the first-pass editorial screen; this is not an etymological claim.,1.17
COG-A1-508,silencio,FORMULA,A1_CORE_NORMATIVE,PCIC_BASE_A1,TRUE_COGNATE,silence,0.75,HIGH,MEDIUM_PROVISIONAL,EDITORIAL_QUALITATIVE_PROXY_NOT_IPA,FULL,NONE,YES,NO,FIRST_PASS_EDITORIAL_REVIEWED,CORP-08;SCI-23;SCI-24;SCI-25;SCI-26,,1.17
COG-A1-509,silla,NOUN,A1_CORE_NORMATIVE,PCIC_BASE_A1,NO_OBVIOUS_PEDAGOGICAL_COGNATE_FIRST_PASS,,,NOT_ASSESSED,NOT_ASSESSED,EDITORIAL_QUALITATIVE_PROXY_NOT_IPA,NOT_ASSESSED,NONE_IDENTIFIED,NO,NO,FIRST_PASS_EDITORIAL_REVIEWED,CORP-08;SCI-23;SCI-24;SCI-25;SCI-26,No sufficiently transparent English form-meaning bridge identified in the first-pass editorial screen; this is not an etymological claim.,1.17
COG-A1-510,sillón,NOUN,A1_CORE_NORMATIVE,PCIC_BASE_A1,NO_OBVIOUS_PEDAGOGICAL_COGNATE_FIRST_PASS,,,NOT_ASSESSED,NOT_ASSESSED,EDITORIAL_QUALITATIVE_PROXY_NOT_IPA,NOT_ASSESSED,NONE_IDENTIFIED,NO,NO,FIRST_PASS_EDITORIAL_REVIEWED,CORP-08;SCI-23;SCI-24;SCI-25;SCI-26,No sufficiently transparent English form-meaning bridge identified in the first-pass editorial screen; this is not an etymological claim.,1.17
COG-A1-511,simpático,ADJ,A1_CORE_NORMATIVE,PCIC_BASE_A1,FALSE_FRIEND_OR_DECEPTIVE_OVERLAP,sympathetic,0.545,LOW,FORM_SIMILARITY_ONLY,EDITORIAL_QUALITATIVE_PROXY_NOT_IPA,DIVERGENT,HIGH,NO,NO,FIRST_PASS_EDITORIAL_REVIEWED,CORP-08;SCI-23;SCI-24;SCI-25;SCI-26,Deceptive form overlap with an English item whose everyday meaning does not match the relevant A1 Spanish sense.,1.17
COG-A1-512,sin,PREP,A1_CORE_NORMATIVE,PCIC_BASE_A1,NO_OBVIOUS_PEDAGOGICAL_COGNATE_FIRST_PASS,,,NOT_ASSESSED,NOT_ASSESSED,EDITORIAL_QUALITATIVE_PROXY_NOT_IPA,NOT_ASSESSED,NONE_IDENTIFIED,NO,NO,FIRST_PASS_EDITORIAL_REVIEWED,CORP-08;SCI-23;SCI-24;SCI-25;SCI-26,No sufficiently transparent English form-meaning bridge identified in the first-pass editorial screen; this is not an etymological claim.,1.17
COG-A1-513,sinagoga,NOUN,A1_CORE_NORMATIVE,PCIC_BASE_A1,TRUE_COGNATE,synagogue,0.667,MEDIUM,LOW_PROVISIONAL,EDITORIAL_QUALITATIVE_PROXY_NOT_IPA,FULL,NONE,YES,NO,FIRST_PASS_EDITORIAL_REVIEWED,CORP-08;SCI-23;SCI-24;SCI-25;SCI-26,,1.17
COG-A1-514,sobre,NOUN,A1_CORE_NORMATIVE,PCIC_BASE_A1,NO_OBVIOUS_PEDAGOGICAL_COGNATE_FIRST_PASS,,,NOT_ASSESSED,NOT_ASSESSED,EDITORIAL_QUALITATIVE_PROXY_NOT_IPA,NOT_ASSESSED,NONE_IDENTIFIED,NO,NO,FIRST_PASS_EDITORIAL_REVIEWED,CORP-08;SCI-23;SCI-24;SCI-25;SCI-26,No sufficiently transparent English form-meaning bridge identified in the first-pass editorial screen; this is not an etymological claim.,1.17
COG-A1-515,sobrino,NOUN,A1_CORE_NORMATIVE,PCIC_BASE_A1,NO_OBVIOUS_PEDAGOGICAL_COGNATE_FIRST_PASS,,,NOT_ASSESSED,NOT_ASSESSED,EDITORIAL_QUALITATIVE_PROXY_NOT_IPA,NOT_ASSESSED,NONE_IDENTIFIED,NO,NO,FIRST_PASS_EDITORIAL_REVIEWED,CORP-08;SCI-23;SCI-24;SCI-25;SCI-26,No sufficiently transparent English form-meaning bridge identified in the first-pass editorial screen; this is not an etymological claim.,1.17
COG-A1-516,sociable,ADJ,A1_CORE_NORMATIVE,PCIC_BASE_A1,TRUE_COGNATE,sociable,1.0,VERY_HIGH,HIGH_PROVISIONAL,EDITORIAL_QUALITATIVE_PROXY_NOT_IPA,FULL,NONE,YES,NO,FIRST_PASS_EDITORIAL_REVIEWED,CORP-08;SCI-23;SCI-24;SCI-25;SCI-26,,1.17
COG-A1-517,sofá,NOUN,A1_CORE_NORMATIVE,PCIC_BASE_A1,TRUE_COGNATE,sofa,1.0,VERY_HIGH,HIGH_PROVISIONAL,EDITORIAL_QUALITATIVE_PROXY_NOT_IPA,FULL,NONE,YES,NO,FIRST_PASS_EDITORIAL_REVIEWED,CORP-08;SCI-23;SCI-24;SCI-25;SCI-26,,1.17
COG-A1-518,sol,NOUN,A1_CORE_NORMATIVE,PCIC_BASE_A1,FALSE_FRIEND_OR_DECEPTIVE_OVERLAP,sol,1.0,VERY_HIGH,FORM_SIMILARITY_ONLY,EDITORIAL_QUALITATIVE_PROXY_NOT_IPA,DIVERGENT,MEDIUM,NO,NO,FIRST_PASS_EDITORIAL_REVIEWED,CORP-08;SCI-23;SCI-24;SCI-25;SCI-26,Deceptive form overlap with an English item whose everyday meaning does not match the relevant A1 Spanish sense.,1.17
COG-A1-519,soltero,ADJ,A1_CORE_NORMATIVE,PCIC_BASE_A1,NO_OBVIOUS_PEDAGOGICAL_COGNATE_FIRST_PASS,,,NOT_ASSESSED,NOT_ASSESSED,EDITORIAL_QUALITATIVE_PROXY_NOT_IPA,NOT_ASSESSED,NONE_IDENTIFIED,NO,NO,FIRST_PASS_EDITORIAL_REVIEWED,CORP-08;SCI-23;SCI-24;SCI-25;SCI-26,No sufficiently transparent English form-meaning bridge identified in the first-pass editorial screen; this is not an etymological claim.,1.17
COG-A1-520,sopa,NOUN,A1_CORE_NORMATIVE,PCIC_BASE_A1,FALSE_FRIEND_OR_DECEPTIVE_OVERLAP,soap,0.5,LOW,FORM_SIMILARITY_ONLY,EDITORIAL_QUALITATIVE_PROXY_NOT_IPA,DIVERGENT,HIGH,NO,NO,FIRST_PASS_EDITORIAL_REVIEWED,CORP-08;SCI-23;SCI-24;SCI-25;SCI-26,Deceptive form overlap with an English item whose everyday meaning does not match the relevant A1 Spanish sense.,1.17
COG-A1-521,su,POSSESSIVE_DET,A1_CORE_NORMATIVE,PCIC_BASE_A1,NO_OBVIOUS_PEDAGOGICAL_COGNATE_FIRST_PASS,,,NOT_ASSESSED,NOT_ASSESSED,EDITORIAL_QUALITATIVE_PROXY_NOT_IPA,NOT_ASSESSED,NONE_IDENTIFIED,NO,NO,FIRST_PASS_EDITORIAL_REVIEWED,CORP-08;SCI-23;SCI-24;SCI-25;SCI-26,No sufficiently transparent English form-meaning bridge identified in the first-pass editorial screen; this is not an etymological claim.,1.17
COG-A1-522,supermercado,NOUN,A1_CORE_NORMATIVE,PCIC_BASE_A1,TRUE_COGNATE,supermarket,0.583,LOW,LOW_PROVISIONAL,EDITORIAL_QUALITATIVE_PROXY_NOT_IPA,FULL,NONE,YES,NO,FIRST_PASS_EDITORIAL_REVIEWED,CORP-08;SCI-23;SCI-24;SCI-25;SCI-26,,1.17
COG-A1-523,sur,NOUN,A1_CORE_NORMATIVE,PCIC_BASE_A1,NO_OBVIOUS_PEDAGOGICAL_COGNATE_FIRST_PASS,,,NOT_ASSESSED,NOT_ASSESSED,EDITORIAL_QUALITATIVE_PROXY_NOT_IPA,NOT_ASSESSED,NONE_IDENTIFIED,NO,NO,FIRST_PASS_EDITORIAL_REVIEWED,CORP-08;SCI-23;SCI-24;SCI-25;SCI-26,No sufficiently transparent English form-meaning bridge identified in the first-pass editorial screen; this is not an etymological claim.,1.17
COG-A1-524,sus,POSSESSIVE_DET,A1_CORE_NORMATIVE,PCIC_BASE_A1,NO_OBVIOUS_PEDAGOGICAL_COGNATE_FIRST_PASS,,,NOT_ASSESSED,NOT_ASSESSED,EDITORIAL_QUALITATIVE_PROXY_NOT_IPA,NOT_ASSESSED,NONE_IDENTIFIED,NO,NO,FIRST_PASS_EDITORIAL_REVIEWED,CORP-08;SCI-23;SCI-24;SCI-25;SCI-26,No sufficiently transparent English form-meaning bridge identified in the first-pass editorial screen; this is not an etymological claim.,1.17
COG-A1-525,sándwich,NOUN,A1_CORE_NORMATIVE,PCIC_BASE_A1,TRUE_COGNATE,sandwich,1.0,VERY_HIGH,HIGH_PROVISIONAL,EDITORIAL_QUALITATIVE_PROXY_NOT_IPA,FULL,NONE,YES,NO,FIRST_PASS_EDITORIAL_REVIEWED,CORP-08;SCI-23;SCI-24;SCI-25;SCI-26,,1.17
COG-A1-526,séptima,ORDINAL,A1_CORE_NORMATIVE,PCIC_BASE_A1,NO_OBVIOUS_PEDAGOGICAL_COGNATE_FIRST_PASS,,,NOT_ASSESSED,NOT_ASSESSED,EDITORIAL_QUALITATIVE_PROXY_NOT_IPA,NOT_ASSESSED,NONE_IDENTIFIED,NO,NO,FIRST_PASS_EDITORIAL_REVIEWED,CORP-08;SCI-23;SCI-24;SCI-25;SCI-26,No sufficiently transparent English form-meaning bridge identified in the first-pass editorial screen; this is not an etymological claim.,1.17
COG-A1-527,séptimo,ORDINAL,A1_CORE_NORMATIVE,PCIC_BASE_A1,NO_OBVIOUS_PEDAGOGICAL_COGNATE_FIRST_PASS,,,NOT_ASSESSED,NOT_ASSESSED,EDITORIAL_QUALITATIVE_PROXY_NOT_IPA,NOT_ASSESSED,NONE_IDENTIFIED,NO,NO,FIRST_PASS_EDITORIAL_REVIEWED,CORP-08;SCI-23;SCI-24;SCI-25;SCI-26,No sufficiently transparent English form-meaning bridge identified in the first-pass editorial screen; this is not an etymological claim.,1.17
COG-A1-528,sí,ADV_QUANT,A1_CORE_NORMATIVE,PCIC_BASE_A1,NO_OBVIOUS_PEDAGOGICAL_COGNATE_FIRST_PASS,,,NOT_ASSESSED,NOT_ASSESSED,EDITORIAL_QUALITATIVE_PROXY_NOT_IPA,NOT_ASSESSED,NONE_IDENTIFIED,NO,NO,FIRST_PASS_EDITORIAL_REVIEWED,CORP-08;SCI-23;SCI-24;SCI-25;SCI-26,No sufficiently transparent English form-meaning bridge identified in the first-pass editorial screen; this is not an etymological claim.,1.17
COG-A1-529,también,ADV_QUANT,A1_CORE_NORMATIVE,PCIC_BASE_A1,NO_OBVIOUS_PEDAGOGICAL_COGNATE_FIRST_PASS,,,NOT_ASSESSED,NOT_ASSESSED,EDITORIAL_QUALITATIVE_PROXY_NOT_IPA,NOT_ASSESSED,NONE_IDENTIFIED,NO,NO,FIRST_PASS_EDITORIAL_REVIEWED,CORP-08;SCI-23;SCI-24;SCI-25;SCI-26,No sufficiently transparent English form-meaning bridge identified in the first-pass editorial screen; this is not an etymological claim.,1.17
COG-A1-530,tampoco,ADV_QUANT,A1_CORE_NORMATIVE,PCIC_BASE_A1,NO_OBVIOUS_PEDAGOGICAL_COGNATE_FIRST_PASS,,,NOT_ASSESSED,NOT_ASSESSED,EDITORIAL_QUALITATIVE_PROXY_NOT_IPA,NOT_ASSESSED,NONE_IDENTIFIED,NO,NO,FIRST_PASS_EDITORIAL_REVIEWED,CORP-08;SCI-23;SCI-24;SCI-25;SCI-26,No sufficiently transparent English form-meaning bridge identified in the first-pass editorial screen; this is not an etymological claim.,1.17
COG-A1-531,tarde,ADV_QUANT|NOUN,A1_CORE_NORMATIVE,PCIC_BASE_A1,NO_OBVIOUS_PEDAGOGICAL_COGNATE_FIRST_PASS,,,NOT_ASSESSED,NOT_ASSESSED,EDITORIAL_QUALITATIVE_PROXY_NOT_IPA,NOT_ASSESSED,NONE_IDENTIFIED,NO,NO,FIRST_PASS_EDITORIAL_REVIEWED,CORP-08;SCI-23;SCI-24;SCI-25;SCI-26,No sufficiently transparent English form-meaning bridge identified in the first-pass editorial screen; this is not an etymological claim.,1.17
COG-A1-532,tarjeta,NOUN,A1_CORE_NORMATIVE,PCIC_BASE_A1,NO_OBVIOUS_PEDAGOGICAL_COGNATE_FIRST_PASS,,,NOT_ASSESSED,NOT_ASSESSED,EDITORIAL_QUALITATIVE_PROXY_NOT_IPA,NOT_ASSESSED,NONE_IDENTIFIED,NO,NO,FIRST_PASS_EDITORIAL_REVIEWED,CORP-08;SCI-23;SCI-24;SCI-25;SCI-26,No sufficiently transparent English form-meaning bridge identified in the first-pass editorial screen; this is not an etymological claim.,1.17
COG-A1-533,taxi,NOUN,A1_CORE_NORMATIVE,PCIC_BASE_A1,TRUE_COGNATE,taxi,1.0,VERY_HIGH,HIGH_PROVISIONAL,EDITORIAL_QUALITATIVE_PROXY_NOT_IPA,FULL,NONE,YES,NO,FIRST_PASS_EDITORIAL_REVIEWED,CORP-08;SCI-23;SCI-24;SCI-25;SCI-26,,1.17
COG-A1-534,taxista,NOUN,A1_CORE_NORMATIVE,PCIC_BASE_A1,PEDAGOGICAL_COGNATE_PARTIAL,taxi,0.571,LOW,LOW_PROVISIONAL,EDITORIAL_QUALITATIVE_PROXY_NOT_IPA,PARTIAL,LOW,YES,NO,FIRST_PASS_EDITORIAL_REVIEWED,CORP-08;SCI-23;SCI-24;SCI-25;SCI-26,"Useful cross-language similarity, but not fully transparent or not identical in everyday distribution.",1.17
COG-A1-535,teatro,NOUN,A1_CORE_NORMATIVE,PCIC_BASE_A1,TRUE_COGNATE,theater,0.571,LOW,LOW_PROVISIONAL,EDITORIAL_QUALITATIVE_PROXY_NOT_IPA,FULL,NONE,YES,NO,FIRST_PASS_EDITORIAL_REVIEWED,CORP-08;SCI-23;SCI-24;SCI-25;SCI-26,,1.17
COG-A1-536,televisión,NOUN,A1_CORE_NORMATIVE,PCIC_BASE_A1,TRUE_COGNATE,television,1.0,VERY_HIGH,HIGH_PROVISIONAL,EDITORIAL_QUALITATIVE_PROXY_NOT_IPA,FULL,NONE,YES,NO,FIRST_PASS_EDITORIAL_REVIEWED,CORP-08;SCI-23;SCI-24;SCI-25;SCI-26,,1.17
COG-A1-537,teléfono,NOUN,A1_CORE_NORMATIVE,PCIC_BASE_A1,TRUE_COGNATE,telephone,0.667,MEDIUM,LOW_PROVISIONAL,EDITORIAL_QUALITATIVE_PROXY_NOT_IPA,FULL,NONE,YES,NO,FIRST_PASS_EDITORIAL_REVIEWED,CORP-08;SCI-23;SCI-24;SCI-25;SCI-26,,1.17
COG-A1-538,temprano,ADV_QUANT,A1_CORE_NORMATIVE,PCIC_BASE_A1,NO_OBVIOUS_PEDAGOGICAL_COGNATE_FIRST_PASS,,,NOT_ASSESSED,NOT_ASSESSED,EDITORIAL_QUALITATIVE_PROXY_NOT_IPA,NOT_ASSESSED,NONE_IDENTIFIED,NO,NO,FIRST_PASS_EDITORIAL_REVIEWED,CORP-08;SCI-23;SCI-24;SCI-25;SCI-26,No sufficiently transparent English form-meaning bridge identified in the first-pass editorial screen; this is not an etymological claim.,1.17
COG-A1-539,tener,VERB,A1_CORE_NORMATIVE,PCIC_BASE_A1,NO_OBVIOUS_PEDAGOGICAL_COGNATE_FIRST_PASS,,,NOT_ASSESSED,NOT_ASSESSED,EDITORIAL_QUALITATIVE_PROXY_NOT_IPA,NOT_ASSESSED,NONE_IDENTIFIED,NO,NO,FIRST_PASS_EDITORIAL_REVIEWED,CORP-08;SCI-23;SCI-24;SCI-25;SCI-26,No sufficiently transparent English form-meaning bridge identified in the first-pass editorial screen; this is not an etymological claim.,1.17
COG-A1-540,tenis,NOUN,A1_CORE_NORMATIVE,PCIC_BASE_A1,TRUE_COGNATE,tennis,0.833,HIGH,MEDIUM_PROVISIONAL,EDITORIAL_QUALITATIVE_PROXY_NOT_IPA,FULL,NONE,YES,NO,FIRST_PASS_EDITORIAL_REVIEWED,CORP-08;SCI-23;SCI-24;SCI-25;SCI-26,,1.17
COG-A1-541,tercera,ORDINAL,A1_CORE_NORMATIVE,PCIC_BASE_A1,NO_OBVIOUS_PEDAGOGICAL_COGNATE_FIRST_PASS,,,NOT_ASSESSED,NOT_ASSESSED,EDITORIAL_QUALITATIVE_PROXY_NOT_IPA,NOT_ASSESSED,NONE_IDENTIFIED,NO,NO,FIRST_PASS_EDITORIAL_REVIEWED,CORP-08;SCI-23;SCI-24;SCI-25;SCI-26,No sufficiently transparent English form-meaning bridge identified in the first-pass editorial screen; this is not an etymological claim.,1.17
COG-A1-542,tercero,ORDINAL,A1_CORE_NORMATIVE,PCIC_BASE_A1,NO_OBVIOUS_PEDAGOGICAL_COGNATE_FIRST_PASS,,,NOT_ASSESSED,NOT_ASSESSED,EDITORIAL_QUALITATIVE_PROXY_NOT_IPA,NOT_ASSESSED,NONE_IDENTIFIED,NO,NO,FIRST_PASS_EDITORIAL_REVIEWED,CORP-08;SCI-23;SCI-24;SCI-25;SCI-26,No sufficiently transparent English form-meaning bridge identified in the first-pass editorial screen; this is not an etymological claim.,1.17
COG-A1-543,terminar,VERB,A1_CORE_NORMATIVE,PCIC_BASE_A1,PEDAGOGICAL_COGNATE_PARTIAL,terminate,0.778,HIGH,MEDIUM_PROVISIONAL,EDITORIAL_QUALITATIVE_PROXY_NOT_IPA,PARTIAL,MEDIUM,CONDITIONAL,NO,FIRST_PASS_EDITORIAL_REVIEWED,CORP-08;SCI-23;SCI-24;SCI-25;SCI-26,Similarity is real but sense/register/distribution differs enough to require explicit teaching.,1.17
COG-A1-544,terraza,NOUN,A1_CORE_NORMATIVE,PCIC_BASE_A1,TRUE_COGNATE,terrace,0.714,MEDIUM,MEDIUM_PROVISIONAL,EDITORIAL_QUALITATIVE_PROXY_NOT_IPA,FULL,NONE,YES,NO,FIRST_PASS_EDITORIAL_REVIEWED,CORP-08;SCI-23;SCI-24;SCI-25;SCI-26,,1.17
COG-A1-545,tiempo,NOUN,A1_CORE_NORMATIVE,PCIC_BASE_A1,FALSE_FRIEND_OR_DECEPTIVE_OVERLAP,tempo,0.833,HIGH,FORM_SIMILARITY_ONLY,EDITORIAL_QUALITATIVE_PROXY_NOT_IPA,DIVERGENT,MEDIUM,NO,NO,FIRST_PASS_EDITORIAL_REVIEWED,CORP-08;SCI-23;SCI-24;SCI-25;SCI-26,Deceptive form overlap with an English item whose everyday meaning does not match the relevant A1 Spanish sense.,1.17
COG-A1-546,tienda,NOUN,A1_CORE_NORMATIVE,PCIC_BASE_A1,NO_OBVIOUS_PEDAGOGICAL_COGNATE_FIRST_PASS,,,NOT_ASSESSED,NOT_ASSESSED,EDITORIAL_QUALITATIVE_PROXY_NOT_IPA,NOT_ASSESSED,NONE_IDENTIFIED,NO,NO,FIRST_PASS_EDITORIAL_REVIEWED,CORP-08;SCI-23;SCI-24;SCI-25;SCI-26,No sufficiently transparent English form-meaning bridge identified in the first-pass editorial screen; this is not an etymological claim.,1.17
COG-A1-547,tortilla,NOUN,A1_CORE_NORMATIVE,PCIC_BASE_A1,SENSE_DEPENDENT_COGNATE,tortilla,1.0,VERY_HIGH,HIGH_PROVISIONAL,EDITORIAL_QUALITATIVE_PROXY_NOT_IPA,PARTIAL,MEDIUM,CONDITIONAL,NO,FIRST_PASS_EDITORIAL_REVIEWED,CORP-08;SCI-23;SCI-24;SCI-25;SCI-26,Cross-language similarity is useful only for a restricted sense/register; do not generalize to the whole lexeme.,1.17
COG-A1-548,trabajador,ADJ,A1_CORE_NORMATIVE,PCIC_BASE_A1,NO_OBVIOUS_PEDAGOGICAL_COGNATE_FIRST_PASS,,,NOT_ASSESSED,NOT_ASSESSED,EDITORIAL_QUALITATIVE_PROXY_NOT_IPA,NOT_ASSESSED,NONE_IDENTIFIED,NO,NO,FIRST_PASS_EDITORIAL_REVIEWED,CORP-08;SCI-23;SCI-24;SCI-25;SCI-26,No sufficiently transparent English form-meaning bridge identified in the first-pass editorial screen; this is not an etymological claim.,1.17
COG-A1-549,trabajar,VERB,A1_CORE_NORMATIVE,PCIC_BASE_A1,NO_OBVIOUS_PEDAGOGICAL_COGNATE_FIRST_PASS,,,NOT_ASSESSED,NOT_ASSESSED,EDITORIAL_QUALITATIVE_PROXY_NOT_IPA,NOT_ASSESSED,NONE_IDENTIFIED,NO,NO,FIRST_PASS_EDITORIAL_REVIEWED,CORP-08;SCI-23;SCI-24;SCI-25;SCI-26,No sufficiently transparent English form-meaning bridge identified in the first-pass editorial screen; this is not an etymological claim.,1.17
COG-A1-550,trabajo,NOUN,A1_CORE_NORMATIVE,PCIC_BASE_A1,NO_OBVIOUS_PEDAGOGICAL_COGNATE_FIRST_PASS,,,NOT_ASSESSED,NOT_ASSESSED,EDITORIAL_QUALITATIVE_PROXY_NOT_IPA,NOT_ASSESSED,NONE_IDENTIFIED,NO,NO,FIRST_PASS_EDITORIAL_REVIEWED,CORP-08;SCI-23;SCI-24;SCI-25;SCI-26,No sufficiently transparent English form-meaning bridge identified in the first-pass editorial screen; this is not an etymological claim.,1.17
COG-A1-551,tren,NOUN,A1_CORE_NORMATIVE,PCIC_BASE_A1,TRUE_COGNATE,train,0.6,MEDIUM,LOW_PROVISIONAL,EDITORIAL_QUALITATIVE_PROXY_NOT_IPA,FULL,NONE,YES,NO,FIRST_PASS_EDITORIAL_REVIEWED,CORP-08;SCI-23;SCI-24;SCI-25;SCI-26,,1.17
COG-A1-552,tu,POSSESSIVE_DET,A1_CORE_NORMATIVE,PCIC_BASE_A1,NO_OBVIOUS_PEDAGOGICAL_COGNATE_FIRST_PASS,,,NOT_ASSESSED,NOT_ASSESSED,EDITORIAL_QUALITATIVE_PROXY_NOT_IPA,NOT_ASSESSED,NONE_IDENTIFIED,NO,NO,FIRST_PASS_EDITORIAL_REVIEWED,CORP-08;SCI-23;SCI-24;SCI-25;SCI-26,No sufficiently transparent English form-meaning bridge identified in the first-pass editorial screen; this is not an etymological claim.,1.17
COG-A1-553,turismo,NOUN,A1_CORE_NORMATIVE,PCIC_BASE_A1,TRUE_COGNATE,tourism,0.714,MEDIUM,MEDIUM_PROVISIONAL,EDITORIAL_QUALITATIVE_PROXY_NOT_IPA,FULL,NONE,YES,NO,FIRST_PASS_EDITORIAL_REVIEWED,CORP-08;SCI-23;SCI-24;SCI-25;SCI-26,,1.17
COG-A1-554,turista,NOUN,A1_CORE_NORMATIVE,PCIC_BASE_A1,TRUE_COGNATE,tourist,0.714,MEDIUM,MEDIUM_PROVISIONAL,EDITORIAL_QUALITATIVE_PROXY_NOT_IPA,FULL,NONE,YES,NO,FIRST_PASS_EDITORIAL_REVIEWED,CORP-08;SCI-23;SCI-24;SCI-25;SCI-26,,1.17
COG-A1-555,tus,POSSESSIVE_DET,A1_CORE_NORMATIVE,PCIC_BASE_A1,NO_OBVIOUS_PEDAGOGICAL_COGNATE_FIRST_PASS,,,NOT_ASSESSED,NOT_ASSESSED,EDITORIAL_QUALITATIVE_PROXY_NOT_IPA,NOT_ASSESSED,NONE_IDENTIFIED,NO,NO,FIRST_PASS_EDITORIAL_REVIEWED,CORP-08;SCI-23;SCI-24;SCI-25;SCI-26,No sufficiently transparent English form-meaning bridge identified in the first-pass editorial screen; this is not an etymological claim.,1.17
COG-A1-556,té,NOUN,A1_CORE_NORMATIVE,PCIC_BASE_A1,TRUE_COGNATE,tea,0.667,MEDIUM,LOW_PROVISIONAL,EDITORIAL_QUALITATIVE_PROXY_NOT_IPA,FULL,NONE,YES,NO,FIRST_PASS_EDITORIAL_REVIEWED,CORP-08;SCI-23;SCI-24;SCI-25;SCI-26,Very short cross-language form-meaning bridge; pronunciation differs but remains highly learnable.,1.17
COG-A1-557,tímido,ADJ,A1_CORE_NORMATIVE,PCIC_BASE_A1,TRUE_COGNATE,timid,0.833,HIGH,MEDIUM_PROVISIONAL,EDITORIAL_QUALITATIVE_PROXY_NOT_IPA,FULL,NONE,YES,NO,FIRST_PASS_EDITORIAL_REVIEWED,CORP-08;SCI-23;SCI-24;SCI-25;SCI-26,,1.17
COG-A1-558,tío,NOUN,A1_CORE_NORMATIVE,PCIC_BASE_A1,NO_OBVIOUS_PEDAGOGICAL_COGNATE_FIRST_PASS,,,NOT_ASSESSED,NOT_ASSESSED,EDITORIAL_QUALITATIVE_PROXY_NOT_IPA,NOT_ASSESSED,NONE_IDENTIFIED,NO,NO,FIRST_PASS_EDITORIAL_REVIEWED,CORP-08;SCI-23;SCI-24;SCI-25;SCI-26,No sufficiently transparent English form-meaning bridge identified in the first-pass editorial screen; this is not an etymological claim.,1.17
COG-A1-559,tú,PRONOUN,A1_CORE_NORMATIVE,PCIC_BASE_A1,NO_OBVIOUS_PEDAGOGICAL_COGNATE_FIRST_PASS,,,NOT_ASSESSED,NOT_ASSESSED,EDITORIAL_QUALITATIVE_PROXY_NOT_IPA,NOT_ASSESSED,NONE_IDENTIFIED,NO,NO,FIRST_PASS_EDITORIAL_REVIEWED,CORP-08;SCI-23;SCI-24;SCI-25;SCI-26,No sufficiently transparent English form-meaning bridge identified in the first-pass editorial screen; this is not an etymological claim.,1.17
COG-A1-560,un,ARTICLE,A1_CORE_NORMATIVE,PCIC_BASE_A1,NO_OBVIOUS_PEDAGOGICAL_COGNATE_FIRST_PASS,,,NOT_ASSESSED,NOT_ASSESSED,EDITORIAL_QUALITATIVE_PROXY_NOT_IPA,NOT_ASSESSED,NONE_IDENTIFIED,NO,NO,FIRST_PASS_EDITORIAL_REVIEWED,CORP-08;SCI-23;SCI-24;SCI-25;SCI-26,No sufficiently transparent English form-meaning bridge identified in the first-pass editorial screen; this is not an etymological claim.,1.17
COG-A1-561,una,ARTICLE,A1_CORE_NORMATIVE,PCIC_BASE_A1,NO_OBVIOUS_PEDAGOGICAL_COGNATE_FIRST_PASS,,,NOT_ASSESSED,NOT_ASSESSED,EDITORIAL_QUALITATIVE_PROXY_NOT_IPA,NOT_ASSESSED,NONE_IDENTIFIED,NO,NO,FIRST_PASS_EDITORIAL_REVIEWED,CORP-08;SCI-23;SCI-24;SCI-25;SCI-26,No sufficiently transparent English form-meaning bridge identified in the first-pass editorial screen; this is not an etymological claim.,1.17
COG-A1-562,unas,ARTICLE,A1_CORE_NORMATIVE,PCIC_BASE_A1,NO_OBVIOUS_PEDAGOGICAL_COGNATE_FIRST_PASS,,,NOT_ASSESSED,NOT_ASSESSED,EDITORIAL_QUALITATIVE_PROXY_NOT_IPA,NOT_ASSESSED,NONE_IDENTIFIED,NO,NO,FIRST_PASS_EDITORIAL_REVIEWED,CORP-08;SCI-23;SCI-24;SCI-25;SCI-26,No sufficiently transparent English form-meaning bridge identified in the first-pass editorial screen; this is not an etymological claim.,1.17
COG-A1-563,unidad,NOUN,A1_CORE_NORMATIVE,PCIC_BASE_A1,TRUE_COGNATE,unit,0.5,LOW,LOW_PROVISIONAL,EDITORIAL_QUALITATIVE_PROXY_NOT_IPA,FULL,NONE,YES,NO,FIRST_PASS_EDITORIAL_REVIEWED,CORP-08;SCI-23;SCI-24;SCI-25;SCI-26,,1.17
COG-A1-564,universidad,NOUN,A1_CORE_NORMATIVE,PCIC_BASE_A1,TRUE_COGNATE,university,0.727,MEDIUM,MEDIUM_PROVISIONAL,EDITORIAL_QUALITATIVE_PROXY_NOT_IPA,FULL,NONE,YES,NO,FIRST_PASS_EDITORIAL_REVIEWED,CORP-08;SCI-23;SCI-24;SCI-25;SCI-26,,1.17
COG-A1-565,unos,ARTICLE,A1_CORE_NORMATIVE,PCIC_BASE_A1,NO_OBVIOUS_PEDAGOGICAL_COGNATE_FIRST_PASS,,,NOT_ASSESSED,NOT_ASSESSED,EDITORIAL_QUALITATIVE_PROXY_NOT_IPA,NOT_ASSESSED,NONE_IDENTIFIED,NO,NO,FIRST_PASS_EDITORIAL_REVIEWED,CORP-08;SCI-23;SCI-24;SCI-25;SCI-26,No sufficiently transparent English form-meaning bridge identified in the first-pass editorial screen; this is not an etymological claim.,1.17
COG-A1-566,usted,PRONOUN,A1_CORE_NORMATIVE,PCIC_BASE_A1,NO_OBVIOUS_PEDAGOGICAL_COGNATE_FIRST_PASS,,,NOT_ASSESSED,NOT_ASSESSED,EDITORIAL_QUALITATIVE_PROXY_NOT_IPA,NOT_ASSESSED,NONE_IDENTIFIED,NO,NO,FIRST_PASS_EDITORIAL_REVIEWED,CORP-08;SCI-23;SCI-24;SCI-25;SCI-26,No sufficiently transparent English form-meaning bridge identified in the first-pass editorial screen; this is not an etymological claim.,1.17
COG-A1-567,ustedes,PRONOUN,A1_CORE_NORMATIVE,PCIC_BASE_A1,NO_OBVIOUS_PEDAGOGICAL_COGNATE_FIRST_PASS,,,NOT_ASSESSED,NOT_ASSESSED,EDITORIAL_QUALITATIVE_PROXY_NOT_IPA,NOT_ASSESSED,NONE_IDENTIFIED,NO,NO,FIRST_PASS_EDITORIAL_REVIEWED,CORP-08;SCI-23;SCI-24;SCI-25;SCI-26,No sufficiently transparent English form-meaning bridge identified in the first-pass editorial screen; this is not an etymological claim.,1.17
COG-A1-568,vacaciones,NOUN,A1_CORE_NORMATIVE,PCIC_BASE_A1,TRUE_COGNATE,vacation,0.7,MEDIUM,MEDIUM_PROVISIONAL,EDITORIAL_QUALITATIVE_PROXY_NOT_IPA,FULL,NONE,YES,NO,FIRST_PASS_EDITORIAL_REVIEWED,CORP-08;SCI-23;SCI-24;SCI-25;SCI-26,,1.17
COG-A1-569,vaquero,NOUN,A1_CORE_NORMATIVE,PCIC_BASE_A1,FALSE_FRIEND_OR_DECEPTIVE_OVERLAP,vaquero,1.0,VERY_HIGH,FORM_SIMILARITY_ONLY,EDITORIAL_QUALITATIVE_PROXY_NOT_IPA,DIVERGENT,HIGH,NO,NO,FIRST_PASS_EDITORIAL_REVIEWED,CORP-08;SCI-23;SCI-24;SCI-25;SCI-26,Deceptive form overlap with an English item whose everyday meaning does not match the relevant A1 Spanish sense.,1.17
COG-A1-570,vaqueros,NOUN,A1_CORE_NORMATIVE,7B_SURFACE_CORRECTION,NO_OBVIOUS_PEDAGOGICAL_COGNATE_FIRST_PASS,,,NOT_ASSESSED,NOT_ASSESSED,EDITORIAL_QUALITATIVE_PROXY_NOT_IPA,NOT_ASSESSED,NONE_IDENTIFIED,NO,NO,FIRST_PASS_EDITORIAL_REVIEWED,CORP-08;SCI-23;SCI-24;SCI-25;SCI-26,No sufficiently transparent English form-meaning bridge identified in the first-pass editorial screen; this is not an etymological claim.,1.17
COG-A1-571,vendedor,NOUN,A1_CORE_NORMATIVE,PCIC_BASE_A1,PEDAGOGICAL_COGNATE_PARTIAL,vendor,0.75,HIGH,MEDIUM_PROVISIONAL,EDITORIAL_QUALITATIVE_PROXY_NOT_IPA,PARTIAL,LOW,CONDITIONAL,NO,FIRST_PASS_EDITORIAL_REVIEWED,CORP-08;SCI-23;SCI-24;SCI-25;SCI-26,Similarity is real but sense/register/distribution differs enough to require explicit teaching.,1.17
COG-A1-572,vender,VERB,A1_CORE_NORMATIVE,PCIC_BASE_A1,PEDAGOGICAL_COGNATE_PARTIAL,vend,0.667,MEDIUM,LOW_PROVISIONAL,EDITORIAL_QUALITATIVE_PROXY_NOT_IPA,FULL,LOW,CONDITIONAL,NO,FIRST_PASS_EDITORIAL_REVIEWED,CORP-08;SCI-23;SCI-24;SCI-25;SCI-26,Similarity is real but sense/register/distribution differs enough to require explicit teaching.,1.17
COG-A1-573,venir,VERB,A1_CORE_NORMATIVE,PCIC_BASE_A1,NO_OBVIOUS_PEDAGOGICAL_COGNATE_FIRST_PASS,,,NOT_ASSESSED,NOT_ASSESSED,EDITORIAL_QUALITATIVE_PROXY_NOT_IPA,NOT_ASSESSED,NONE_IDENTIFIED,NO,NO,FIRST_PASS_EDITORIAL_REVIEWED,CORP-08;SCI-23;SCI-24;SCI-25;SCI-26,No sufficiently transparent English form-meaning bridge identified in the first-pass editorial screen; this is not an etymological claim.,1.17
COG-A1-574,ventana,NOUN,A1_CORE_NORMATIVE,PCIC_BASE_A1,NO_OBVIOUS_PEDAGOGICAL_COGNATE_FIRST_PASS,,,NOT_ASSESSED,NOT_ASSESSED,EDITORIAL_QUALITATIVE_PROXY_NOT_IPA,NOT_ASSESSED,NONE_IDENTIFIED,NO,NO,FIRST_PASS_EDITORIAL_REVIEWED,CORP-08;SCI-23;SCI-24;SCI-25;SCI-26,No sufficiently transparent English form-meaning bridge identified in the first-pass editorial screen; this is not an etymological claim.,1.17
COG-A1-575,ver,VERB,A1_CORE_NORMATIVE,PCIC_BASE_A1,NO_OBVIOUS_PEDAGOGICAL_COGNATE_FIRST_PASS,,,NOT_ASSESSED,NOT_ASSESSED,EDITORIAL_QUALITATIVE_PROXY_NOT_IPA,NOT_ASSESSED,NONE_IDENTIFIED,NO,NO,FIRST_PASS_EDITORIAL_REVIEWED,CORP-08;SCI-23;SCI-24;SCI-25;SCI-26,No sufficiently transparent English form-meaning bridge identified in the first-pass editorial screen; this is not an etymological claim.,1.17
COG-A1-576,verano,NOUN,A1_CORE_NORMATIVE,PCIC_BASE_A1,NO_OBVIOUS_PEDAGOGICAL_COGNATE_FIRST_PASS,,,NOT_ASSESSED,NOT_ASSESSED,EDITORIAL_QUALITATIVE_PROXY_NOT_IPA,NOT_ASSESSED,NONE_IDENTIFIED,NO,NO,FIRST_PASS_EDITORIAL_REVIEWED,CORP-08;SCI-23;SCI-24;SCI-25;SCI-26,No sufficiently transparent English form-meaning bridge identified in the first-pass editorial screen; this is not an etymological claim.,1.17
COG-A1-577,verde,ADJ,A1_CORE_NORMATIVE,PCIC_BASE_A1,NO_OBVIOUS_PEDAGOGICAL_COGNATE_FIRST_PASS,,,NOT_ASSESSED,NOT_ASSESSED,EDITORIAL_QUALITATIVE_PROXY_NOT_IPA,NOT_ASSESSED,NONE_IDENTIFIED,NO,NO,FIRST_PASS_EDITORIAL_REVIEWED,CORP-08;SCI-23;SCI-24;SCI-25;SCI-26,No sufficiently transparent English form-meaning bridge identified in the first-pass editorial screen; this is not an etymological claim.,1.17
COG-A1-578,verdura,NOUN,A1_CORE_NORMATIVE,PCIC_BASE_A1,PEDAGOGICAL_COGNATE_PARTIAL,verdure,0.857,HIGH,MEDIUM_PROVISIONAL,EDITORIAL_QUALITATIVE_PROXY_NOT_IPA,PARTIAL,LOW,CONDITIONAL,NO,FIRST_PASS_EDITORIAL_REVIEWED,CORP-08;SCI-23;SCI-24;SCI-25;SCI-26,"Cross-language similarity may be usable, but pedagogical value depends on English familiarity and the relevant sense.",1.17
COG-A1-579,viajar,VERB,A1_CORE_NORMATIVE,PCIC_BASE_A1,NO_OBVIOUS_PEDAGOGICAL_COGNATE_FIRST_PASS,,,NOT_ASSESSED,NOT_ASSESSED,EDITORIAL_QUALITATIVE_PROXY_NOT_IPA,NOT_ASSESSED,NONE_IDENTIFIED,NO,NO,FIRST_PASS_EDITORIAL_REVIEWED,CORP-08;SCI-23;SCI-24;SCI-25;SCI-26,No sufficiently transparent English form-meaning bridge identified in the first-pass editorial screen; this is not an etymological claim.,1.17
COG-A1-580,video,NOUN,A1_REGIONAL_RECEPTIVE,7C_REGIONAL_VARIATION,TRUE_COGNATE,video,1.0,VERY_HIGH,HIGH_PROVISIONAL,EDITORIAL_QUALITATIVE_PROXY_NOT_IPA,FULL,NONE,YES,NO,FIRST_PASS_EDITORIAL_REVIEWED,CORP-08;SCI-23;SCI-24;SCI-25;SCI-26,,1.17
COG-A1-581,viejo,ADJ|ADJ_NOUN,A1_CORE_NORMATIVE,PCIC_BASE_A1,NO_OBVIOUS_PEDAGOGICAL_COGNATE_FIRST_PASS,,,NOT_ASSESSED,NOT_ASSESSED,EDITORIAL_QUALITATIVE_PROXY_NOT_IPA,NOT_ASSESSED,NONE_IDENTIFIED,NO,NO,FIRST_PASS_EDITORIAL_REVIEWED,CORP-08;SCI-23;SCI-24;SCI-25;SCI-26,No sufficiently transparent English form-meaning bridge identified in the first-pass editorial screen; this is not an etymological claim.,1.17
COG-A1-582,viento,NOUN,A1_CORE_NORMATIVE,PCIC_BASE_A1,NO_OBVIOUS_PEDAGOGICAL_COGNATE_FIRST_PASS,,,NOT_ASSESSED,NOT_ASSESSED,EDITORIAL_QUALITATIVE_PROXY_NOT_IPA,NOT_ASSESSED,NONE_IDENTIFIED,NO,NO,FIRST_PASS_EDITORIAL_REVIEWED,CORP-08;SCI-23;SCI-24;SCI-25;SCI-26,No sufficiently transparent English form-meaning bridge identified in the first-pass editorial screen; this is not an etymological claim.,1.17
COG-A1-583,vino,NOUN,A1_CORE_NORMATIVE,PCIC_BASE_A1,PEDAGOGICAL_COGNATE_PARTIAL,wine,0.5,LOW,LOW_PROVISIONAL,EDITORIAL_QUALITATIVE_PROXY_NOT_IPA,PARTIAL,LOW,YES,NO,FIRST_PASS_EDITORIAL_REVIEWED,CORP-08;SCI-23;SCI-24;SCI-25;SCI-26,"Useful cross-language similarity, but not fully transparent or not identical in everyday distribution.",1.17
COG-A1-584,viudo,ADJ,A1_CORE_NORMATIVE,PCIC_BASE_A1,PEDAGOGICAL_COGNATE_PARTIAL,widow,0.4,LOW,LOW_PROVISIONAL,EDITORIAL_QUALITATIVE_PROXY_NOT_IPA,PARTIAL,LOW,CONDITIONAL,NO,FIRST_PASS_EDITORIAL_REVIEWED,CORP-08;SCI-23;SCI-24;SCI-25;SCI-26,Similarity is real but sense/register/distribution differs enough to require explicit teaching.,1.17
COG-A1-585,vivir,VERB,A1_CORE_NORMATIVE,PCIC_BASE_A1,NO_OBVIOUS_PEDAGOGICAL_COGNATE_FIRST_PASS,,,NOT_ASSESSED,NOT_ASSESSED,EDITORIAL_QUALITATIVE_PROXY_NOT_IPA,NOT_ASSESSED,NONE_IDENTIFIED,NO,NO,FIRST_PASS_EDITORIAL_REVIEWED,CORP-08;SCI-23;SCI-24;SCI-25;SCI-26,No sufficiently transparent English form-meaning bridge identified in the first-pass editorial screen; this is not an etymological claim.,1.17
COG-A1-586,volver,VERB,A1_CORE_NORMATIVE,PCIC_BASE_A1,NO_OBVIOUS_PEDAGOGICAL_COGNATE_FIRST_PASS,,,NOT_ASSESSED,NOT_ASSESSED,EDITORIAL_QUALITATIVE_PROXY_NOT_IPA,NOT_ASSESSED,NONE_IDENTIFIED,NO,NO,FIRST_PASS_EDITORIAL_REVIEWED,CORP-08;SCI-23;SCI-24;SCI-25;SCI-26,No sufficiently transparent English form-meaning bridge identified in the first-pass editorial screen; this is not an etymological claim.,1.17
COG-A1-587,vos,PRONOUN,A1_CORE_NORMATIVE,PCIC_BASE_A1,NO_OBVIOUS_PEDAGOGICAL_COGNATE_FIRST_PASS,,,NOT_ASSESSED,NOT_ASSESSED,EDITORIAL_QUALITATIVE_PROXY_NOT_IPA,NOT_ASSESSED,NONE_IDENTIFIED,NO,NO,FIRST_PASS_EDITORIAL_REVIEWED,CORP-08;SCI-23;SCI-24;SCI-25;SCI-26,No sufficiently transparent English form-meaning bridge identified in the first-pass editorial screen; this is not an etymological claim.,1.17
COG-A1-588,vosotras,PRONOUN,A1_CORE_NORMATIVE,PCIC_BASE_A1,NO_OBVIOUS_PEDAGOGICAL_COGNATE_FIRST_PASS,,,NOT_ASSESSED,NOT_ASSESSED,EDITORIAL_QUALITATIVE_PROXY_NOT_IPA,NOT_ASSESSED,NONE_IDENTIFIED,NO,NO,FIRST_PASS_EDITORIAL_REVIEWED,CORP-08;SCI-23;SCI-24;SCI-25;SCI-26,No sufficiently transparent English form-meaning bridge identified in the first-pass editorial screen; this is not an etymological claim.,1.17
COG-A1-589,vosotros,PRONOUN,A1_CORE_NORMATIVE,PCIC_BASE_A1,NO_OBVIOUS_PEDAGOGICAL_COGNATE_FIRST_PASS,,,NOT_ASSESSED,NOT_ASSESSED,EDITORIAL_QUALITATIVE_PROXY_NOT_IPA,NOT_ASSESSED,NONE_IDENTIFIED,NO,NO,FIRST_PASS_EDITORIAL_REVIEWED,CORP-08;SCI-23;SCI-24;SCI-25;SCI-26,No sufficiently transparent English form-meaning bridge identified in the first-pass editorial screen; this is not an etymological claim.,1.17
COG-A1-590,vuelta,NOUN,A1_CORE_NORMATIVE,PCIC_BASE_A1,NO_OBVIOUS_PEDAGOGICAL_COGNATE_FIRST_PASS,,,NOT_ASSESSED,NOT_ASSESSED,EDITORIAL_QUALITATIVE_PROXY_NOT_IPA,NOT_ASSESSED,NONE_IDENTIFIED,NO,NO,FIRST_PASS_EDITORIAL_REVIEWED,CORP-08;SCI-23;SCI-24;SCI-25;SCI-26,No sufficiently transparent English form-meaning bridge identified in the first-pass editorial screen; this is not an etymological claim.,1.17
COG-A1-591,vuestra,POSSESSIVE_DET,A1_CORE_NORMATIVE,PCIC_BASE_A1,NO_OBVIOUS_PEDAGOGICAL_COGNATE_FIRST_PASS,,,NOT_ASSESSED,NOT_ASSESSED,EDITORIAL_QUALITATIVE_PROXY_NOT_IPA,NOT_ASSESSED,NONE_IDENTIFIED,NO,NO,FIRST_PASS_EDITORIAL_REVIEWED,CORP-08;SCI-23;SCI-24;SCI-25;SCI-26,No sufficiently transparent English form-meaning bridge identified in the first-pass editorial screen; this is not an etymological claim.,1.17
COG-A1-592,vuestras,POSSESSIVE_DET,A1_CORE_NORMATIVE,PCIC_BASE_A1,NO_OBVIOUS_PEDAGOGICAL_COGNATE_FIRST_PASS,,,NOT_ASSESSED,NOT_ASSESSED,EDITORIAL_QUALITATIVE_PROXY_NOT_IPA,NOT_ASSESSED,NONE_IDENTIFIED,NO,NO,FIRST_PASS_EDITORIAL_REVIEWED,CORP-08;SCI-23;SCI-24;SCI-25;SCI-26,No sufficiently transparent English form-meaning bridge identified in the first-pass editorial screen; this is not an etymological claim.,1.17
COG-A1-593,vuestro,POSSESSIVE_DET,A1_CORE_NORMATIVE,PCIC_BASE_A1,NO_OBVIOUS_PEDAGOGICAL_COGNATE_FIRST_PASS,,,NOT_ASSESSED,NOT_ASSESSED,EDITORIAL_QUALITATIVE_PROXY_NOT_IPA,NOT_ASSESSED,NONE_IDENTIFIED,NO,NO,FIRST_PASS_EDITORIAL_REVIEWED,CORP-08;SCI-23;SCI-24;SCI-25;SCI-26,No sufficiently transparent English form-meaning bridge identified in the first-pass editorial screen; this is not an etymological claim.,1.17
COG-A1-594,vuestros,POSSESSIVE_DET,A1_CORE_NORMATIVE,PCIC_BASE_A1,NO_OBVIOUS_PEDAGOGICAL_COGNATE_FIRST_PASS,,,NOT_ASSESSED,NOT_ASSESSED,EDITORIAL_QUALITATIVE_PROXY_NOT_IPA,NOT_ASSESSED,NONE_IDENTIFIED,NO,NO,FIRST_PASS_EDITORIAL_REVIEWED,CORP-08;SCI-23;SCI-24;SCI-25;SCI-26,No sufficiently transparent English form-meaning bridge identified in the first-pass editorial screen; this is not an etymological claim.,1.17
COG-A1-595,vídeo,NOUN,A1_CORE_NORMATIVE,PCIC_BASE_A1,TRUE_COGNATE,video,1.0,VERY_HIGH,HIGH_PROVISIONAL,EDITORIAL_QUALITATIVE_PROXY_NOT_IPA,FULL,NONE,YES,NO,FIRST_PASS_EDITORIAL_REVIEWED,CORP-08;SCI-23;SCI-24;SCI-25;SCI-26,,1.17
COG-A1-596,web,NOUN,A1_CORE_NORMATIVE,PCIC_BASE_A1,TRUE_COGNATE,web,1.0,VERY_HIGH,HIGH_PROVISIONAL,EDITORIAL_QUALITATIVE_PROXY_NOT_IPA,FULL,NONE,YES,NO,FIRST_PASS_EDITORIAL_REVIEWED,CORP-08;SCI-23;SCI-24;SCI-25;SCI-26,,1.17
COG-A1-597,y,CONJ_CONNECTOR,A1_CORE_NORMATIVE,PCIC_BASE_A1,NO_OBVIOUS_PEDAGOGICAL_COGNATE_FIRST_PASS,,,NOT_ASSESSED,NOT_ASSESSED,EDITORIAL_QUALITATIVE_PROXY_NOT_IPA,NOT_ASSESSED,NONE_IDENTIFIED,NO,NO,FIRST_PASS_EDITORIAL_REVIEWED,CORP-08;SCI-23;SCI-24;SCI-25;SCI-26,No sufficiently transparent English form-meaning bridge identified in the first-pass editorial screen; this is not an etymological claim.,1.17
COG-A1-598,yo,FUNCTION_WORD,A1_CORE_NORMATIVE,PCIC_BASE_A1,NO_OBVIOUS_PEDAGOGICAL_COGNATE_FIRST_PASS,,,NOT_ASSESSED,NOT_ASSESSED,EDITORIAL_QUALITATIVE_PROXY_NOT_IPA,NOT_ASSESSED,NONE_IDENTIFIED,NO,NO,FIRST_PASS_EDITORIAL_REVIEWED,CORP-08;SCI-23;SCI-24;SCI-25;SCI-26,No sufficiently transparent English form-meaning bridge identified in the first-pass editorial screen; this is not an etymological claim.,1.17
COG-A1-599,zapato,NOUN,A1_CORE_NORMATIVE,PCIC_BASE_A1,NO_OBVIOUS_PEDAGOGICAL_COGNATE_FIRST_PASS,,,NOT_ASSESSED,NOT_ASSESSED,EDITORIAL_QUALITATIVE_PROXY_NOT_IPA,NOT_ASSESSED,NONE_IDENTIFIED,NO,NO,FIRST_PASS_EDITORIAL_REVIEWED,CORP-08;SCI-23;SCI-24;SCI-25;SCI-26,No sufficiently transparent English form-meaning bridge identified in the first-pass editorial screen; this is not an etymological claim.,1.17
COG-A1-600,zapatos,NOUN,A1_CORE_NORMATIVE,7B_SURFACE_CORRECTION,NO_OBVIOUS_PEDAGOGICAL_COGNATE_FIRST_PASS,,,NOT_ASSESSED,NOT_ASSESSED,EDITORIAL_QUALITATIVE_PROXY_NOT_IPA,NOT_ASSESSED,NONE_IDENTIFIED,NO,NO,FIRST_PASS_EDITORIAL_REVIEWED,CORP-08;SCI-23;SCI-24;SCI-25;SCI-26,No sufficiently transparent English form-meaning bridge identified in the first-pass editorial screen; this is not an etymological claim.,1.17
COG-A1-601,árbol,NOUN,A1_CORE_NORMATIVE,PCIC_BASE_A1,PEDAGOGICAL_COGNATE_PARTIAL,arbor,0.8,HIGH,MEDIUM_PROVISIONAL,EDITORIAL_QUALITATIVE_PROXY_NOT_IPA,PARTIAL,LOW,CONDITIONAL,NO,FIRST_PASS_EDITORIAL_REVIEWED,CORP-08;SCI-23;SCI-24;SCI-25;SCI-26,"Cross-language similarity may be usable, but pedagogical value depends on English familiarity and the relevant sense.",1.17
COG-A1-602,él,PRONOUN,A1_CORE_NORMATIVE,PCIC_BASE_A1,NO_OBVIOUS_PEDAGOGICAL_COGNATE_FIRST_PASS,,,NOT_ASSESSED,NOT_ASSESSED,EDITORIAL_QUALITATIVE_PROXY_NOT_IPA,NOT_ASSESSED,NONE_IDENTIFIED,NO,NO,FIRST_PASS_EDITORIAL_REVIEWED,CORP-08;SCI-23;SCI-24;SCI-25;SCI-26,No sufficiently transparent English form-meaning bridge identified in the first-pass editorial screen; this is not an etymological claim.,1.17
